# Arm1_R__Aluminium: 4195 tris
v -0.11557354 0.00763510 -0.03293002
v -0.11423995 0.01062740 -0.03262935
v -0.11982633 0.00927432 -0.03277236
v -0.11660554 0.00452742 -0.03323519
v -0.12099995 0.00574416 -0.03312028
v -0.11732713 0.00133326 -0.03354452
v -0.12181994 0.00211490 -0.03347112
v -0.11773035 -0.00191641 -0.03385390
v -0.12227835 -0.00157639 -0.03382294
v -0.11781193 -0.00519057 -0.03416002
v -0.12237114 -0.00529532 -0.03417040
v -0.11757034 -0.00845698 -0.03446048
v -0.12209753 -0.00900641 -0.03451140
v -0.11700954 -0.01168472 -0.03475198
v -0.12145993 -0.01267326 -0.03484318
v -0.11613275 -0.01484220 -0.03503203
v -0.12046394 -0.01626060 -0.03516123
v -0.11494955 -0.01790012 -0.03529797
v -0.11912073 -0.01973375 -0.03546264
v -0.11347114 -0.02082766 -0.03554646
v -0.11744234 -0.02306026 -0.03574500
v -0.11171195 -0.02359727 -0.03577626
v -0.11544475 -0.02620692 -0.03600604
v -0.10968954 -0.02618307 -0.03598432
v -0.11314713 -0.02914368 -0.03624235
v -0.10742234 -0.02855820 -0.03616852
v -0.11057114 -0.03184301 -0.03645186
v -0.10493194 -0.03070165 -0.03632778
v -0.10774313 -0.03427814 -0.03663326
v -0.10224394 -0.03259232 -0.03646018
v -0.10468954 -0.03642631 -0.03678320
v -0.09938234 -0.03421102 -0.03656524
v -0.10143913 -0.03826581 -0.03690225
v -0.09637674 -0.03554357 -0.03664035
v -0.09802393 -0.03977877 -0.03698818
v -0.09325434 -0.03657576 -0.03668616
v -0.09447674 -0.04095226 -0.03703989
v -0.09004473 -0.03729843 -0.03670117
v -0.09083194 -0.04177414 -0.03705779
v -0.08678073 -0.03770463 -0.03668688
v -0.08712474 -0.04223560 -0.03704116
v -0.08349274 -0.03779091 -0.03664123
v -0.08338875 -0.04233411 -0.03698945
v -0.08021353 -0.03755504 -0.03656603
v -0.07966314 -0.04206745 -0.03690449
v -0.07697273 -0.03700032 -0.03646259
v -0.07598153 -0.04143734 -0.03678611
v -0.07380313 -0.03613228 -0.03632953
v -0.07238074 -0.04045093 -0.03663599
v -0.07073434 -0.03495849 -0.03617091
v -0.06889432 -0.03911824 -0.03645556
v -0.06779674 -0.03349025 -0.03598641
v -0.06555673 -0.03745128 -0.03624601
v -0.06501754 -0.03174321 -0.03577928
v -0.06239994 -0.03546656 -0.03601050
v -0.06242393 -0.02973261 -0.03555038
v -0.06004153 -0.02747803 -0.03530099
v -0.05945354 -0.03318272 -0.03575038
v -0.05863994 -0.03431055 -0.03445992
v -0.05674632 -0.03062246 -0.03546738
v -0.05584153 -0.03165580 -0.03414945
v -0.05430554 -0.02780945 -0.03516637
v -0.05789274 -0.02500229 -0.03503603
v -0.05333033 -0.02873362 -0.03382644
v -0.05215274 -0.02477200 -0.03484853
v -0.05108873 -0.02560456 -0.03348404
v -0.05031033 -0.02153789 -0.03451748
v -0.05599833 -0.02232736 -0.03475653
v -0.05437753 -0.01948066 -0.03446454
v -0.05304393 -0.01648853 -0.03416465
v -0.05201193 -0.01338060 -0.03385790
v -0.04879513 -0.01813878 -0.03417648
v -0.04761273 -0.01873813 -0.03277271
v -0.04762233 -0.01460863 -0.03382856
v -0.04641673 -0.01507816 -0.03241210
v -0.04680234 -0.01098021 -0.03347764
v -0.05129033 -0.01018661 -0.03354936
v -0.04555113 -0.01132571 -0.03204390
v -0.04634393 -0.00728807 -0.03312589
v -0.04625114 -0.00356914 -0.03277844
v -0.04507193 -0.00749687 -0.03168337
v -0.05088713 -0.00693694 -0.03323996
v -0.05080553 -0.00366354 -0.03293377
v -0.05104713 -0.00039721 -0.03263410
v -0.04652473 0.00014213 -0.03243665
v -0.05160874 0.00283146 -0.03234191
v -0.04716153 0.00380879 -0.03210566
v -0.05248553 0.00598885 -0.03206184
v -0.05366793 0.00904669 -0.03179670
v -0.04815753 0.00739614 -0.03178760
v -0.04950073 0.01086929 -0.03148621
v -0.04695113 0.00772936 -0.03032801
v -0.04834713 0.01132377 -0.03002834
v -0.04592473 0.00400871 -0.03064392
v -0.04655673 0.00790319 -0.03002225
v -0.04549033 0.00407823 -0.03028025
v -0.04797513 0.01159181 -0.02964924
v -0.04579433 0.00823345 -0.02944841
v -0.04487433 0.00529081 -0.02959166
v -0.04678794 0.01113328 -0.02909984
v -0.04508953 0.00856140 -0.02876979
v -0.04391833 0.00453799 -0.02904162
v -0.04649033 0.01247771 -0.02837063
v -0.04477353 0.00875643 -0.02810918
v -0.04497753 0.00863563 -0.02500716
v -0.04368233 0.00473331 -0.02844295
v -0.04622073 0.01263881 -0.02777575
v -0.04642233 0.01251518 -0.02466941
v -0.04803674 0.01632633 -0.02746132
v -0.05022073 0.01978224 -0.02721127
v -0.04815753 0.01615208 -0.02788282
v -0.04823913 0.01619705 -0.02435604
v -0.04889833 0.01575991 -0.02391330
v -0.05040953 0.01965435 -0.02406832
v -0.05290873 0.02286169 -0.02381096
v -0.05105113 0.01913193 -0.02363390
v -0.05353033 0.02226561 -0.02338281
v -0.05432874 0.01675091 -0.02390918
v -0.05236873 0.01372670 -0.02415922
v -0.05658713 0.01956682 -0.02368324
v -0.05909913 0.02216723 -0.02348147
v -0.06182552 0.02453918 -0.02330498
v -0.05629993 0.02514718 -0.02315865
v -0.05571034 0.02579689 -0.02358254
v -0.05931993 0.02775976 -0.02296453
v -0.05878633 0.02843851 -0.02338652
v -0.06257194 0.03006756 -0.02280170
v -0.06211272 0.03076165 -0.02322361
v -0.06603673 0.03203496 -0.02267460
v -0.06474794 0.02664380 -0.02315629
v -0.06785832 0.02843722 -0.02303985
v -0.07114554 0.02987980 -0.02295810
v -0.06969834 0.03362859 -0.02258632
v -0.07459754 0.03094302 -0.02291541
v -0.07353273 0.03482352 -0.02253676
v -0.07817753 0.03164328 -0.02290780
v -0.07750314 0.03562705 -0.02252586
v -0.08184475 0.03200566 -0.02293376
v -0.08156153 0.03605374 -0.02255186
v -0.08555194 0.03205801 -0.02298888
v -0.08566073 0.03612333 -0.02261191
v -0.08925034 0.03181913 -0.02307019
v -0.09289194 0.03127334 -0.02318016
v -0.08975033 0.03584714 -0.02270396
v -0.08982393 0.03670031 -0.02311855
v -0.09377915 0.03521721 -0.02282719
v -0.09769753 0.03421577 -0.02298383
v -0.09391915 0.03602721 -0.02324790
v -0.09376553 0.03629963 -0.02669803
v -0.09791035 0.03497530 -0.02341072
v -0.10175194 0.03354627 -0.02360559
v -0.09775595 0.03522363 -0.02689944
v -0.10161113 0.03379316 -0.02710864
v -0.09754955 0.03482292 -0.02756671
v -0.09721195 0.03402999 -0.02826452
v -0.10145034 0.03342936 -0.02771289
v -0.09354714 0.03596918 -0.02729759
v -0.09196073 0.03601435 -0.02720002
v -0.09427513 0.03492561 -0.02800881
v -0.08960394 0.03678557 -0.02694225
v -0.08968233 0.03699017 -0.02652301
v -0.08554393 0.03692112 -0.02702502
v -0.08953275 0.03652641 -0.02696123
v -0.08702475 0.03660208 -0.02703235
v -0.08945833 0.03617835 -0.02692062
v -0.09117035 0.03590947 -0.02707531
v -0.08772634 0.03631939 -0.02695731
v -0.08732554 0.03596514 -0.02716131
v -0.08761514 0.03553328 -0.02749097
v -0.08606874 0.03610346 -0.02740918
v -0.08687752 0.03541349 -0.02785039
v -0.08446153 0.03610097 -0.02767426
v -0.08138794 0.03592546 -0.02772496
v -0.08539034 0.03515945 -0.02834668
v -0.08919994 0.03464565 -0.02856278
v -0.08142074 0.03505802 -0.02833166
v -0.08530713 0.03470902 -0.02873236
v -0.08523353 0.03346965 -0.02995938
v -0.08143912 0.03461162 -0.02865343
v -0.08916074 0.03441477 -0.02885155
v -0.08895913 0.03320223 -0.03004427
v -0.09297274 0.03378539 -0.02899411
v -0.09304634 0.03423827 -0.02860787
v -0.09670233 0.03277349 -0.02917464
v -0.09264075 0.03257288 -0.03016272
v -0.09164473 0.02814613 -0.03063200
v -0.09624153 0.03158647 -0.03031284
v -0.09481434 0.02727816 -0.03076427
v -0.09972793 0.03025378 -0.03049327
v -0.10306553 0.02858682 -0.03070283
v -0.09788314 0.02610438 -0.03092288
v -0.10030633 0.03139046 -0.02938298
v -0.10374314 0.02965355 -0.02962570
v -0.10057033 0.03178520 -0.02900777
v -0.09687594 0.03319993 -0.02885889
v -0.10387033 0.02985725 -0.02934225
v -0.10205034 0.03145974 -0.02856581
v -0.10011033 0.03303656 -0.02831664
v -0.10159434 0.03242905 -0.02810523
v -0.10267993 0.03255835 -0.02776284
v -0.10269753 0.03182207 -0.02789709
v -0.10278315 0.03129465 -0.02823242
v -0.10321113 0.03202031 -0.02770796
v -0.10474073 0.03124206 -0.02772382
v -0.10494393 0.03155975 -0.02777102
v -0.10619673 0.03034810 -0.02793066
v -0.10695755 0.03016327 -0.02808173
v -0.10625514 0.02982795 -0.02816221
v -0.10572235 0.02964614 -0.02845107
v -0.10735275 0.02920281 -0.02853436
v -0.10864555 0.02825461 -0.02895283
v -0.10622794 0.02911604 -0.02887700
v -0.10402633 0.03011014 -0.02885067
v -0.10725194 0.02803412 -0.02950636
v -0.10701515 0.02762227 -0.02988387
v -0.11037914 0.02562122 -0.02986608
v -0.11324233 0.02290196 -0.03011459
v -0.11006714 0.02526811 -0.03017230
v -0.11099195 0.02631185 -0.02929065
v -0.11327035 0.02428762 -0.02942330
v -0.11159033 0.02697837 -0.02861069
v -0.10838634 0.02955110 -0.02822845
v -0.11191913 0.02732939 -0.02795049
v -0.11461674 0.02420000 -0.02886372
v -0.11733514 0.02130189 -0.02900342
v -0.11487195 0.02453918 -0.02826505
v -0.11542875 0.02289078 -0.02894601
v -0.11440553 0.02315188 -0.02925206
v -0.11572394 0.02217157 -0.02890187
v -0.11711594 0.02110884 -0.02901215
v -0.11844074 0.01903232 -0.02936949
v -0.11682874 0.02086677 -0.02895647
v -0.11782715 0.01947893 -0.02919730
v -0.11770314 0.01895351 -0.02942510
v -0.11716315 0.01896985 -0.02969448
v -0.11846713 0.01795917 -0.02982285
v -0.11928794 0.01659172 -0.03026914
v -0.11743035 0.01827968 -0.03013004
v -0.11796714 0.01687909 -0.03077723
v -0.11579193 0.02003050 -0.03004550
v -0.11447753 0.02204642 -0.02971504
v -0.11606714 0.02024763 -0.02954069
v -0.11555673 0.01984672 -0.03053035
v -0.11536874 0.01969500 -0.03080777
v -0.11431674 0.01894499 -0.03178246
v -0.11286153 0.02261460 -0.03047807
v -0.11760873 0.01656980 -0.03114334
v -0.11952075 0.01322820 -0.03149574
v -0.11646873 0.01590678 -0.03210023
v -0.11261913 0.01347393 -0.03233814
v -0.11831114 0.01267267 -0.03243128
v -0.11072394 0.01614818 -0.03205775
v -0.10857593 0.01862391 -0.03179280
v -0.11187514 0.02175799 -0.03148145
v -0.10619353 0.02087927 -0.03154429
v -0.10916874 0.02431818 -0.03119925
v -0.10359994 0.02288987 -0.03131540
v -0.10622233 0.02660219 -0.03093834
v -0.10082075 0.02463699 -0.03110747
v -0.12108235 0.00970920 -0.03185283
v -0.11992153 0.01345371 -0.03120322
v -0.12152473 0.00983990 -0.03150415
v -0.12070073 0.01388903 -0.03065601
v -0.12202553 0.01113266 -0.03083407
v -0.12144393 0.01431668 -0.03000110
v -0.12182075 0.01455320 -0.02935190
v -0.12316233 0.01054714 -0.03031613
v -0.11948954 0.01794552 -0.02955052
v -0.11984154 0.01813194 -0.02896784
v -0.11990315 0.01791854 -0.02535480
v -0.11752474 0.02147128 -0.02859028
v -0.11758634 0.02124754 -0.02500755
v -0.11495275 0.02431746 -0.02467849
v -0.11696314 0.02068190 -0.02455592
v -0.11436073 0.02369737 -0.02423265
v -0.11377033 0.01813944 -0.02474100
v -0.11926474 0.01742828 -0.02489707
v -0.12122714 0.01395053 -0.02525188
v -0.11586954 0.01521327 -0.02504833
v -0.11765753 0.01209288 -0.02536749
v -0.11909594 0.00878557 -0.02569923
v -0.12015435 0.00530443 -0.02604001
v -0.12281594 0.01026715 -0.02562139
v -0.12400395 0.00639944 -0.02600052
v -0.12348954 0.01058365 -0.02609622
v -0.12471914 0.00663152 -0.02648375
v -0.12345995 0.01078325 -0.02972638
v -0.12187833 0.01435553 -0.02571871
v -0.12471675 0.00684857 -0.03009958
v -0.12453193 0.00676829 -0.03050639
v -0.12556793 0.00277668 -0.03051045
v -0.12555994 0.00254190 -0.02687836
v -0.12602715 -0.00139083 -0.03091332
v -0.12524473 0.00277767 -0.03107658
v -0.12565834 -0.00140168 -0.03154098
v -0.12472953 0.00421262 -0.03087909
v -0.12461674 0.00162705 -0.03176578
v -0.12488314 -0.00144622 -0.03215962
v -0.12357115 0.00243739 -0.03223074
v -0.12439114 0.00321630 -0.03131283
v -0.12360634 0.00393254 -0.03158583
v -0.12407355 0.00443358 -0.03090452
v -0.12361595 0.00466925 -0.03115172
v -0.12435514 0.00486802 -0.03069410
v -0.12396313 0.00655294 -0.03044133
v -0.12429115 0.00667001 -0.03050857
v -0.12345194 0.00820469 -0.03036693
v -0.12299194 0.00840197 -0.03051541
v -0.12343995 0.00899710 -0.03041040
v -0.12264153 0.00963540 -0.03068359
v -0.12232713 0.00857415 -0.03113011
v -0.12271673 0.00794096 -0.03083089
v -0.12278315 0.00619523 -0.03147232
v -0.12310313 0.00628263 -0.03097939
v -0.12250153 0.00611918 -0.03194951
v -0.12227594 0.00605105 -0.03221926
v -0.12314233 0.00230017 -0.03258037
v -0.12362315 -0.00152670 -0.03294512
v -0.12405514 -0.00149842 -0.03267137
v -0.12371353 -0.00538710 -0.03329925
v -0.12341034 -0.00923261 -0.03364925
v -0.12415275 -0.00547294 -0.03296982
v -0.12440235 -0.00699122 -0.03260415
v -0.12505435 -0.00453827 -0.03234173
v -0.12363993 -0.00928763 -0.03338885
v -0.12320713 -0.01313568 -0.03365257
v -0.12392394 -0.00936233 -0.03292385
v -0.12424394 -0.00944287 -0.03244539
v -0.12380873 -0.01180712 -0.03303352
v -0.12423915 -0.01284174 -0.03278400
v -0.12409593 -0.01115133 -0.03261299
v -0.12441274 -0.01158983 -0.03238399
v -0.12481834 -0.01133202 -0.03219443
v -0.12508954 -0.00961305 -0.03195472
v -0.12490634 -0.01210771 -0.03238420
v -0.12541515 -0.00966398 -0.03203804
v -0.12482714 -0.01368637 -0.03258012
v -0.12509915 -0.01392729 -0.03203328
v -0.12365114 -0.01771749 -0.03299348
v -0.12384073 -0.01439551 -0.03321961
v -0.12564873 -0.00971392 -0.03204669
v -0.12581674 -0.00561561 -0.03186119
v -0.12581355 -0.00979260 -0.03165366
v -0.12611753 -0.00559866 -0.03129204
v -0.12576794 -0.01008732 -0.02805816
v -0.12497274 -0.01004088 -0.02754744
v -0.12506794 -0.01425228 -0.02843474
v -0.12608315 -0.00586651 -0.02766949
v -0.12601435 -0.00164115 -0.02727565
v -0.12526955 -0.00588654 -0.02716496
v -0.12521595 -0.00172699 -0.02677737
v -0.12123675 -0.00579225 -0.02709081
v -0.12097835 -0.00954975 -0.02743680
v -0.12119915 -0.00203123 -0.02674036
v -0.12084715 0.00168421 -0.02638853
v -0.12479915 0.00238545 -0.02638746
v -0.12040633 -0.01325223 -0.02777223
v -0.12431354 -0.01413766 -0.02791802
v -0.11949674 -0.01684873 -0.02809258
v -0.12327835 -0.01812422 -0.02827234
v -0.11822473 -0.02029527 -0.02839344
v -0.12185275 -0.02195365 -0.02860627
v -0.11657993 -0.02355605 -0.02867035
v -0.12003273 -0.02558435 -0.02891515
v -0.11459195 -0.02661516 -0.02892331
v -0.11784794 -0.02899526 -0.02919707
v -0.11230554 -0.02946816 -0.02915115
v -0.11533674 -0.03217025 -0.02945205
v -0.10976874 -0.03210677 -0.02935632
v -0.10702633 -0.03451521 -0.02953638
v -0.11254074 -0.03509402 -0.02967922
v -0.10950154 -0.03774715 -0.02987729
v -0.11309673 -0.03566773 -0.03023584
v -0.10999993 -0.03835237 -0.03043557
v -0.11592633 -0.03268960 -0.03000369
v -0.11310233 -0.03532748 -0.03372254
v -0.11592955 -0.03233094 -0.03352279
v -0.11285833 -0.03495021 -0.03425654
v -0.11000713 -0.03802253 -0.03388183
v -0.10665833 -0.04037156 -0.03403812
v -0.10991274 -0.03773045 -0.03425531
v -0.10977353 -0.03746847 -0.03422455
v -0.10656554 -0.03986876 -0.03456383
v -0.10530554 -0.03951919 -0.03510148
v -0.10770475 -0.03877498 -0.03443254
v -0.10293433 -0.04184202 -0.03473295
v -0.10308954 -0.04238174 -0.03415126
v -0.10259675 -0.04093166 -0.03527471
v -0.09918553 -0.04358621 -0.03473535
v -0.09984075 -0.04227214 -0.03522843
v -0.09935113 -0.04405172 -0.03420775
v -0.09543034 -0.04502132 -0.03459111
v -0.09768154 -0.04382659 -0.03466374
v -0.09691194 -0.04382764 -0.03453017
v -0.09835035 -0.04291732 -0.03495212
v -0.09536554 -0.04472683 -0.03455638
v -0.09527274 -0.04436150 -0.03444999
v -0.09293994 -0.04513030 -0.03467504
v -0.09149994 -0.04570009 -0.03475204
v -0.09196953 -0.04467881 -0.03496644
v -0.09360234 -0.04473855 -0.03453752
v -0.09318553 -0.04438446 -0.03467843
v -0.09343113 -0.04384270 -0.03491941
v -0.09269995 -0.04377746 -0.03526206
v -0.09504074 -0.04331860 -0.03489651
v -0.09496473 -0.04291555 -0.03535029
v -0.09668793 -0.04294146 -0.03491190
v -0.09712874 -0.04329580 -0.03466966
v -0.09732875 -0.04249629 -0.03525092
v -0.09861354 -0.04162068 -0.03570636
v -0.09851915 -0.04110510 -0.03600099
v -0.10223593 -0.04001601 -0.03570844
v -0.09490153 -0.04256723 -0.03578892
v -0.09484953 -0.04229796 -0.03602985
v -0.09121193 -0.04367270 -0.03572365
v -0.09038395 -0.04488259 -0.03525069
v -0.09108874 -0.04316940 -0.03602026
v -0.08728074 -0.04416274 -0.03574435
v -0.08331433 -0.04426683 -0.03559559
v -0.08725275 -0.04365635 -0.03597776
v -0.08733515 -0.04514906 -0.03530994
v -0.08738474 -0.04612382 -0.03476815
v -0.08427194 -0.04533659 -0.03515119
v -0.08264874 -0.04537027 -0.03481494
v -0.08324393 -0.04630317 -0.03461666
v -0.07923754 -0.04620643 -0.03432647
v -0.08172795 -0.04595616 -0.03449233
v -0.08330394 -0.04679698 -0.03409023
v -0.08740634 -0.04668507 -0.03418509
v -0.08338953 -0.04707427 -0.03081730
v -0.07921914 -0.04651462 -0.03395298
v -0.07518793 -0.04581235 -0.03381290
v -0.07931114 -0.04677615 -0.03072344
v -0.07528394 -0.04609110 -0.03059449
v -0.07940954 -0.04599497 -0.03015873
v -0.07544714 -0.04535140 -0.03003526
v -0.07990473 -0.04193852 -0.02978892
v -0.08342713 -0.04627430 -0.03024965
v -0.08353914 -0.04218062 -0.02986991
v -0.08745273 -0.04620143 -0.03030843
v -0.08718075 -0.04212574 -0.02992366
v -0.09144315 -0.04576314 -0.03033157
v -0.08747913 -0.04698607 -0.03087520
v -0.09153673 -0.04650898 -0.03089663
v -0.09552235 -0.04563973 -0.03087947
v -0.09147915 -0.04620747 -0.03422425
v -0.09547273 -0.04533780 -0.03422000
v -0.09939593 -0.04437916 -0.03082525
v -0.09535514 -0.04494165 -0.03031846
v -0.09431514 -0.04103769 -0.02993814
v -0.09914714 -0.04372242 -0.03026651
v -0.09772793 -0.03995085 -0.02989219
v -0.10278393 -0.04209781 -0.03017412
v -0.10099353 -0.03848151 -0.02980831
v -0.10624234 -0.04009553 -0.03004329
v -0.10312075 -0.04273117 -0.03073198
v -0.10666553 -0.04071524 -0.03060172
v -0.10409674 -0.03665473 -0.02968799
v -0.09078633 -0.04175345 -0.02994741
v -0.07632233 -0.04138155 -0.02967926
v -0.07283593 -0.04048456 -0.02953866
v -0.06948312 -0.03922282 -0.02936798
v -0.07158314 -0.04432963 -0.02987664
v -0.06785913 -0.04291541 -0.02968511
v -0.07134794 -0.04501734 -0.03043065
v -0.07124153 -0.04471835 -0.03363180
v -0.06754473 -0.04355832 -0.03023397
v -0.06391033 -0.04171966 -0.03000308
v -0.06741594 -0.04326699 -0.03339976
v -0.06747035 -0.04277681 -0.03392985
v -0.06376553 -0.04144542 -0.03313097
v -0.06383913 -0.04116093 -0.03350852
v -0.06032472 -0.03924235 -0.03286677
v -0.05710712 -0.03670140 -0.03256897
v -0.06047514 -0.03952020 -0.02974331
v -0.06054154 -0.03885724 -0.03341040
v -0.06017674 -0.03744981 -0.03387105
v -0.06190074 -0.03946315 -0.03343955
v -0.05733674 -0.03625028 -0.03316828
v -0.05428394 -0.03344990 -0.03276871
v -0.05783432 -0.03548378 -0.03374140
v -0.05553913 -0.03345921 -0.03339734
v -0.05836714 -0.03470986 -0.03420914
v -0.06148792 -0.03713446 -0.03443743
v -0.05548874 -0.03199224 -0.03382538
v -0.05314793 -0.02891858 -0.03357066
v -0.05424714 -0.03119447 -0.03321569
v -0.05437433 -0.03234890 -0.03296620
v -0.05290793 -0.02915796 -0.03311243
v -0.05363353 -0.03080862 -0.03280020
v -0.05263673 -0.02942954 -0.03263890
v -0.05355913 -0.03138362 -0.03256954
v -0.05306633 -0.03141305 -0.03238165
v -0.05340073 -0.03212756 -0.03257116
v -0.05195434 -0.03010847 -0.03214614
v -0.05094553 -0.02870001 -0.03208347
v -0.05171914 -0.03034571 -0.03223405
v -0.05036473 -0.02823896 -0.03214428
v -0.05156313 -0.03054514 -0.03225100
v -0.04936794 -0.02714115 -0.03207692
v -0.05145113 -0.03076783 -0.03186600
v -0.05164634 -0.03102503 -0.02880895
v -0.05413193 -0.03387261 -0.03223014
v -0.04910073 -0.02738900 -0.03151894
v -0.04709033 -0.02377729 -0.03115107
v -0.04928873 -0.02764962 -0.02845673
v -0.04727274 -0.02404511 -0.02808813
v -0.04995273 -0.02723788 -0.02793528
v -0.05229353 -0.03053689 -0.02828071
v -0.05333993 -0.02503007 -0.02778411
v -0.04795113 -0.02372017 -0.02757485
v -0.05151593 -0.02187318 -0.02746138
v -0.04632633 -0.02000434 -0.02720297
v -0.04510713 -0.01611302 -0.02682058
v -0.04562393 -0.02023986 -0.02770674
v -0.05004553 -0.01853648 -0.02712618
v -0.04895913 -0.01503342 -0.02678275
v -0.04824314 -0.01140178 -0.02643215
v -0.04428633 -0.01208598 -0.02643254
v -0.04787113 -0.00768303 -0.02607987
v -0.04781593 -0.00392514 -0.02572910
v -0.04384874 -0.00796864 -0.02604152
v -0.04302073 -0.00797357 -0.02652263
v -0.04377673 -0.00381383 -0.02565345
v -0.04405513 0.00032907 -0.02527223
v -0.04293353 -0.00375212 -0.02612760
v -0.04323114 0.00045565 -0.02574083
v -0.04269113 -0.00357035 -0.02918269
v -0.04294713 -0.00351244 -0.02975856
v -0.04298233 0.00061248 -0.02878860
v -0.04279593 -0.00777373 -0.02958196
v -0.04312313 -0.00771715 -0.03021880
v -0.04327113 -0.01194585 -0.02996586
v -0.04414153 -0.01602970 -0.03034418
v -0.04349594 -0.01216078 -0.02692031
v -0.04353912 -0.01190657 -0.03054309
v -0.04401273 -0.01335970 -0.03063343
v -0.04427513 -0.01592083 -0.03074105
v -0.04411833 -0.01071463 -0.03104400
v -0.04513033 -0.01148755 -0.03170200
v -0.04432153 -0.01233762 -0.03089616
v -0.04385673 -0.00763047 -0.03086029
v -0.04465433 -0.00754366 -0.03139646
v -0.04367353 -0.00455009 -0.03046716
v -0.04454713 -0.00357706 -0.03096133
v -0.04364234 -0.00294337 -0.03001677
v -0.04428073 -0.00210694 -0.03030988
v -0.04320313 -0.00201032 -0.02957265
v -0.04375673 -0.00168902 -0.02961539
v -0.04415513 -0.00138049 -0.02987394
v -0.04344713 -0.00130198 -0.02939700
v -0.04359673 0.00043433 -0.02915261
v -0.04330474 0.00050085 -0.02921075
v -0.04386713 0.00215807 -0.02908947
v -0.04380313 0.00294913 -0.02913119
v -0.04425913 0.00242584 -0.02924905
v -0.04445433 0.00370668 -0.02942521
v -0.04457193 0.00201072 -0.02957235
v -0.04487273 0.00270075 -0.02988211
v -0.04441993 0.00030259 -0.02971183
v -0.04475113 0.00026796 -0.03021570
v -0.04505113 0.00023833 -0.03070318
v -0.04528233 0.00020634 -0.03098137
v -0.04498073 -0.00363845 -0.03132421
v -0.04310953 0.00056221 -0.02920003
v -0.04461833 -0.01358799 -0.03072868
v -0.04508153 -0.01303118 -0.03133298
v -0.04589673 -0.01529167 -0.03167264
v -0.04506233 -0.01380392 -0.03103744
v -0.04557033 -0.01542438 -0.03118493
v -0.04596633 -0.01708375 -0.03135987
v -0.04636713 -0.01768262 -0.03179013
v -0.04570873 -0.01756781 -0.03111986
v -0.04608393 -0.01877230 -0.03152866
v -0.04527273 -0.01738007 -0.03091601
v -0.04475673 -0.01573142 -0.03066360
v -0.04531753 -0.01815730 -0.03110483
v -0.04565033 -0.01969897 -0.03130849
v -0.04446873 -0.01583291 -0.03073783
v -0.04542154 -0.01998180 -0.03075422
v -0.04672954 -0.02024081 -0.03198007
v -0.04739913 -0.02348045 -0.03176623
v -0.04807354 -0.02299602 -0.03236970
v -0.04879993 -0.02251228 -0.03286857
v -0.04948713 -0.02571943 -0.03254705
v -0.05028634 -0.02712461 -0.03239295
v -0.05074954 -0.02595167 -0.03316211
v -0.05128073 -0.02741087 -0.03280078
v -0.05154553 -0.02814359 -0.03250764
v -0.05103193 -0.02815448 -0.03221548
v -0.04917674 -0.02226074 -0.03313427
v -0.04718313 -0.01889996 -0.03243082
v -0.04619113 -0.01517041 -0.03214553
v -0.04436073 -0.01403367 -0.03058740
v -0.04436393 -0.01626412 -0.02731595
v -0.04391273 0.00460113 -0.02536550
v -0.04469513 0.00440647 -0.02490291
v -0.04570873 0.00836711 -0.02455082
v -0.04861193 0.00350639 -0.02505046
v -0.04805833 -0.00017832 -0.02538446
v -0.04950153 0.00708018 -0.02473183
v -0.05074954 0.01049920 -0.02443304
v -0.04710873 0.01216571 -0.02421941
v -0.05547273 -0.02799603 -0.02809547
v -0.05786794 -0.03076196 -0.02839156
v -0.06048072 -0.03331064 -0.02867090
v -0.05493273 -0.03360190 -0.02860866
v -0.05431593 -0.03414515 -0.02914261
v -0.05782953 -0.03640994 -0.02891660
v -0.06096233 -0.03892471 -0.02920175
v -0.05726872 -0.03698674 -0.02945522
v -0.06431194 -0.04110452 -0.02945865
v -0.06329513 -0.03560000 -0.02892966
v -0.06629833 -0.03758532 -0.02916350
v -0.06251353 -0.03828490 -0.03406049
v -0.06484793 -0.03894324 -0.03476297
v -0.06169113 -0.03666686 -0.03474493
v -0.06496232 -0.03869715 -0.03501042
v -0.06840073 -0.04043580 -0.03524574
v -0.07200473 -0.04181924 -0.03545806
v -0.06816953 -0.04089282 -0.03493689
v -0.06669033 -0.04063681 -0.03437326
v -0.06870874 -0.04226022 -0.03451001
v -0.07186874 -0.04230329 -0.03521886
v -0.07568234 -0.04334658 -0.03533512
v -0.07160474 -0.04324748 -0.03477340
v -0.07452074 -0.04415901 -0.03481848
v -0.07135833 -0.04418003 -0.03421978
v -0.07531994 -0.04534408 -0.03434641
v -0.07683674 -0.04536615 -0.03432569
v -0.07758793 -0.04525784 -0.03421597
v -0.07606553 -0.04457666 -0.03458996
v -0.07925514 -0.04591141 -0.03429502
v -0.07928554 -0.04554303 -0.03418972
v -0.08100234 -0.04567072 -0.03433206
v -0.08137754 -0.04526250 -0.03448647
v -0.08107434 -0.04476569 -0.03471891
v -0.08181754 -0.04459354 -0.03508597
v -0.07939993 -0.04448957 -0.03464375
v -0.07945353 -0.04408108 -0.03509968
v -0.07771274 -0.04436102 -0.03460440
v -0.07730793 -0.04477094 -0.03434772
v -0.07704233 -0.04401748 -0.03492276
v -0.07950314 -0.04372903 -0.03554030
v -0.07953833 -0.04345755 -0.03578306
v -0.08338793 -0.04375267 -0.03589571
v -0.07573033 -0.04282997 -0.03563467
v -0.06720234 -0.04167992 -0.03412048
v -0.06607753 -0.04109942 -0.03375189
v -0.06617592 -0.04187856 -0.03376041
v -0.06393352 -0.04089368 -0.03348151
v -0.06560553 -0.04133785 -0.03358079
v -0.06407913 -0.04056627 -0.03338336
v -0.06262074 -0.03965174 -0.03335627
v -0.06251994 -0.03909386 -0.03348551
v -0.06301914 -0.03886498 -0.03376017
v -0.06144634 -0.03843327 -0.03368859
v -0.06451834 -0.03962693 -0.03385324
v -0.06595834 -0.04052011 -0.03397977
v -0.06469353 -0.03926017 -0.03431624
v -0.10567993 -0.03806394 -0.03554121
v -0.10205354 -0.03954571 -0.03594144
v -0.10541195 -0.03763408 -0.03584089
v -0.10855755 -0.03539556 -0.03571129
v -0.11149353 -0.03289356 -0.03554547
v -0.10868553 -0.03563002 -0.03546824
v -0.10884873 -0.03593125 -0.03502549
v -0.11174234 -0.03333790 -0.03524593
v -0.11447913 -0.03047018 -0.03511283
v -0.11305033 -0.03347606 -0.03472471
v -0.11085755 -0.03464121 -0.03483836
v -0.11191115 -0.03464210 -0.03450298
v -0.11041354 -0.03529781 -0.03452312
v -0.10903913 -0.03627703 -0.03457023
v -0.11092073 -0.03545694 -0.03426591
v -0.11089033 -0.03603329 -0.03413724
v -0.10957195 -0.03715804 -0.03411987
v -0.11158794 -0.03574160 -0.03424293
v -0.10817994 -0.03814995 -0.03426944
v -0.10769114 -0.03797729 -0.03442347
v -0.10774473 -0.03737890 -0.03465326
v -0.10668475 -0.03872009 -0.03475807
v -0.10706555 -0.03759776 -0.03502363
v -0.11509275 -0.03117865 -0.03466615
v -0.11706075 -0.02883051 -0.03438998
v -0.11566474 -0.03189081 -0.03411216
v -0.11827833 -0.02865909 -0.03380499
v -0.11894314 -0.02720570 -0.03363186
v -0.12054235 -0.02537639 -0.03336625
v -0.11847433 -0.02908329 -0.03327350
v -0.11845833 -0.02944084 -0.02974245
v -0.12068395 -0.02559717 -0.03298708
v -0.12066235 -0.02594305 -0.02945237
v -0.12252394 -0.02187912 -0.03270467
v -0.12399115 -0.01797045 -0.03238997
v -0.12222795 -0.02165997 -0.03325254
v -0.12251114 -0.02222393 -0.02913550
v -0.12398154 -0.01831269 -0.02879531
v -0.12191593 -0.02025347 -0.03371390
v -0.12138075 -0.02289580 -0.03329235
v -0.12085513 -0.02343694 -0.03321303
v -0.12130553 -0.02176987 -0.03353737
v -0.12034153 -0.02519165 -0.03334382
v -0.12005674 -0.02498497 -0.03324720
v -0.11915354 -0.02644292 -0.03345042
v -0.11866714 -0.02648098 -0.03362028
v -0.11802713 -0.02755807 -0.03399364
v -0.11852395 -0.02591499 -0.03384521
v -0.11799914 -0.02638340 -0.03424195
v -0.11930553 -0.02440044 -0.03371118
v -0.12019834 -0.02296338 -0.03361280
v -0.11902713 -0.02416238 -0.03417491
v -0.11878394 -0.02395202 -0.03462622
v -0.12037594 -0.02219342 -0.03391209
v -0.12071754 -0.02066016 -0.03428810
v -0.12214555 -0.01695830 -0.03404748
v -0.12034475 -0.02035676 -0.03459760
v -0.12174155 -0.01675954 -0.03430143
v -0.11859035 -0.02378743 -0.03487592
v -0.11653995 -0.02705591 -0.03512553
v -0.11692154 -0.02734873 -0.03481468
v -0.11416475 -0.03010355 -0.03535311
v -0.12276794 -0.01303679 -0.03398090
v -0.12292475 -0.01733444 -0.03357389
v -0.12069434 -0.02290358 -0.03333820
v -0.12551593 -0.00713684 -0.03194066
v -0.12505833 -0.00617780 -0.03219062
v -0.12524394 -0.00786383 -0.03188610
v -0.12491993 -0.00746600 -0.03201613
v -0.12451433 -0.00775284 -0.03231052
v -0.11140713 0.02086057 -0.02445006
v -0.10881833 0.02336470 -0.02417429
v -0.10601834 0.02561105 -0.02392005
v -0.11149115 0.02645579 -0.02393018
v -0.11202954 0.02710857 -0.02437126
v -0.10837435 0.02892187 -0.02364978
v -0.10502473 0.03105865 -0.02339659
v -0.10883915 0.02959250 -0.02408863
v -0.10871514 0.02983169 -0.02763674
v -0.10540475 0.03174570 -0.02383227
v -0.10527674 0.03199780 -0.02734067
v -0.10511195 0.03179912 -0.02775729
v -0.10301434 0.02755657 -0.02369025
v -0.10145914 0.03283136 -0.02317434
v -0.09981274 0.02915994 -0.02348878
v -0.09642633 0.03039509 -0.02331944
v -0.11508555 0.02162031 -0.02940286
v -0.11519274 0.02216174 -0.02907214
v -0.10421273 0.03040711 -0.02833539
v -0.08840393 0.02870093 -0.03052776
v -0.08512393 0.02893680 -0.03045257
v -0.08183674 0.02885044 -0.03040771
v -0.07857193 0.02844432 -0.03039262
v -0.08149832 0.03337114 -0.02990768
v -0.07779034 0.03290967 -0.02989105
v -0.07759834 0.03412481 -0.02860853
v -0.07414554 0.03208788 -0.02990815
v -0.07383352 0.03325528 -0.02860476
v -0.07536315 0.02772157 -0.03040842
v -0.07059754 0.03091439 -0.02995986
v -0.07224074 0.02668946 -0.03045345
v -0.06718312 0.02940142 -0.03004579
v -0.07016233 0.03206060 -0.02862700
v -0.07005354 0.03251398 -0.02823678
v -0.06662873 0.03049929 -0.02869039
v -0.06643594 0.03091611 -0.02836725
v -0.06326953 0.02858882 -0.02878702
v -0.06012474 0.02635203 -0.02892323
v -0.06393274 0.02756107 -0.03016476
v -0.06298552 0.02896053 -0.02840066
v -0.06333993 0.03031219 -0.02771961
v -0.06157034 0.02842838 -0.02791139
v -0.05998314 0.02654740 -0.02863492
v -0.05693034 0.02424440 -0.02869372
v -0.05979353 0.02678567 -0.02813625
v -0.05957514 0.02706657 -0.02761291
v -0.05778473 0.02548088 -0.02809436
v -0.05672153 0.02542830 -0.02771440
v -0.05820554 0.02608995 -0.02768281
v -0.05768872 0.02620938 -0.02737480
v -0.05771514 0.02675358 -0.02714326
v -0.05902472 0.02786015 -0.02698111
v -0.05703433 0.02646981 -0.02727072
v -0.05883993 0.02816415 -0.02702050
v -0.05578954 0.02567648 -0.02737270
v -0.05871673 0.02840509 -0.02699969
v -0.05554473 0.02596096 -0.02676610
v -0.05300633 0.02264723 -0.02765760
v -0.05561033 0.02429828 -0.02809370
v -0.05358473 0.02202329 -0.02836114
v -0.05420393 0.02138814 -0.02896063
v -0.05161594 0.01967543 -0.02842668
v -0.05063033 0.01837586 -0.02822129
v -0.05040553 0.01943391 -0.02782189
v -0.05176073 0.01826581 -0.02912361
v -0.04989993 0.01488522 -0.02947209
v -0.05066233 0.01724464 -0.02868409
v -0.05214873 0.01801716 -0.02950144
v -0.05317753 0.01734246 -0.03094279
v -0.05452233 0.02106195 -0.02927840
v -0.05009833 0.01475211 -0.02975702
v -0.05117993 0.01419512 -0.03120296
v -0.05514633 0.01197422 -0.03154821
v -0.05690473 0.01474394 -0.03131842
v -0.05892793 0.01732888 -0.03111028
v -0.05547514 0.02027922 -0.03070648
v -0.06119514 0.01970485 -0.03092535
v -0.05805033 0.02297863 -0.03049617
v -0.06368555 0.02184753 -0.03076602
v -0.06087914 0.02541368 -0.03031557
v -0.06637352 0.02373831 -0.03063363
v -0.06923514 0.02535759 -0.03052943
v -0.05719033 0.02385084 -0.02908191
v -0.04963673 0.01504267 -0.02897736
v -0.05012073 0.01673766 -0.02835254
v -0.04933993 0.01522720 -0.02846123
v -0.04997113 0.01727220 -0.02801791
v -0.04948873 0.01721696 -0.02783226
v -0.04858874 0.01575682 -0.02785596
v -0.04971833 0.01798687 -0.02788310
v -0.04832873 0.01597019 -0.02790072
v -0.04729993 0.01370043 -0.02822095
v -0.04737193 0.01261433 -0.02867541
v -0.04780073 0.01422715 -0.02806805
v -0.04795674 0.01371191 -0.02829848
v -0.04845433 0.01379817 -0.02858454
v -0.04829514 0.01307008 -0.02901308
v -0.05273994 0.02299868 -0.02698457
v -0.05862234 0.02862050 -0.02657590
v -0.06196473 0.03094247 -0.02645711
v -0.06206473 0.03055210 -0.02706914
v -0.06553913 0.03292610 -0.02636783
v -0.06570633 0.03251163 -0.02704417
v -0.06566394 0.03274193 -0.02309621
v -0.06929673 0.03457063 -0.02629270
v -0.06946155 0.03423288 -0.02690198
v -0.07320794 0.03583577 -0.02624940
v -0.06941434 0.03435893 -0.02300706
v -0.07333194 0.03559360 -0.02295506
v -0.07737673 0.03644397 -0.02294164
v -0.08150474 0.03690954 -0.02296511
v -0.07724794 0.03669445 -0.02628103
v -0.08137673 0.03716509 -0.02634279
v -0.07720314 0.03632550 -0.02688797
v -0.08136634 0.03675085 -0.02701594
v -0.07831114 0.03565028 -0.02757429
v -0.07323834 0.03561874 -0.02667221
v -0.07572313 0.03578542 -0.02684575
v -0.07328073 0.03535535 -0.02669318
v -0.07669355 0.03541615 -0.02725648
v -0.07503594 0.03539712 -0.02674964
v -0.07335194 0.03500858 -0.02665591
v -0.07545034 0.03509211 -0.02696823
v -0.07520393 0.03461191 -0.02729064
v -0.07358314 0.03409342 -0.02728917
v -0.07595593 0.03459902 -0.02767447
v -0.07747193 0.03456514 -0.02821941
v -0.07368153 0.03376405 -0.02781407
v -0.07377034 0.03348301 -0.02831488
v -0.07131034 0.03331870 -0.02768569
v -0.07193273 0.03371218 -0.02729830
v -0.07027994 0.03366202 -0.02726994
v -0.07148474 0.03400827 -0.02697669
v -0.07094954 0.03449078 -0.02685553
v -0.06881114 0.03305125 -0.02759449
v -0.06605993 0.03172829 -0.02775821
v -0.07170554 0.03449189 -0.02675675
v -0.08553833 0.03727153 -0.02641862
v -0.08566953 0.03699445 -0.02302429
v -0.06090713 0.02948126 -0.02708372
v -0.06041833 0.02885560 -0.02701280
v -0.06193674 0.02948587 -0.02746128
v -0.06091114 0.02871668 -0.02721915
v -0.06086872 0.02816367 -0.02755353
v -0.09167754 0.03483744 -0.02801441
v -0.08924154 0.03493137 -0.02806405
v -0.09269835 0.03531053 -0.02763502
v -0.09099754 0.03512767 -0.02760619
v -0.08929273 0.03526194 -0.02754250
v -0.09142553 0.03547436 -0.02730093
v -0.05367193 0.02668612 -0.04403077
v -0.05305833 0.02628482 -0.04407164
v -0.05439273 0.02682262 -0.04401634
v -0.05368074 0.02703238 -0.04760170
v -0.05306713 0.02663192 -0.04764186
v -0.05440154 0.02716896 -0.04758648
v -0.05396313 0.02633831 -0.04766782
v -0.05359433 0.02609782 -0.04769270
v -0.05439593 0.02642036 -0.04765918
v -0.05396074 0.02625462 -0.04680392
v -0.05439354 0.02633685 -0.04679450
v -0.05359274 0.02601345 -0.04682793
v -0.05334473 0.02565127 -0.04686389
v -0.05325593 0.02522243 -0.04690601
v -0.05334713 0.02573555 -0.04772865
v -0.05325753 0.02530604 -0.04777071
v -0.05265513 0.02602771 -0.04770173
v -0.05250554 0.02531240 -0.04777135
v -0.05264633 0.02568069 -0.04413073
v -0.05249673 0.02496614 -0.04420042
v -0.05263433 0.02424845 -0.04426981
v -0.05264313 0.02459462 -0.04784071
v -0.05303753 0.02363788 -0.04432824
v -0.05364394 0.02322639 -0.04436648
v -0.05304553 0.02398414 -0.04789917
v -0.05358233 0.02450882 -0.04784656
v -0.05365273 0.02357341 -0.04793748
v -0.05437114 0.02342504 -0.04794991
v -0.05394634 0.02426213 -0.04786922
v -0.05437753 0.02417373 -0.04787721
v -0.05394393 0.02417854 -0.04700532
v -0.05357993 0.02442531 -0.04698188
v -0.05437513 0.02408936 -0.04701244
v -0.05480793 0.02417141 -0.04700380
v -0.05517593 0.02441190 -0.04697892
v -0.05481033 0.02425492 -0.04786849
v -0.05517833 0.02449551 -0.04784362
v -0.05509274 0.02356086 -0.04793461
v -0.05570553 0.02396208 -0.04789453
v -0.05508393 0.02321537 -0.04436456
v -0.05436313 0.02307802 -0.04437890
v -0.05569673 0.02361582 -0.04432360
v -0.05611034 0.02422004 -0.04426453
v -0.05625833 0.02493535 -0.04419491
v -0.05611833 0.02456628 -0.04783466
v -0.05626713 0.02528169 -0.04776505
v -0.05542633 0.02485837 -0.04780853
v -0.05542393 0.02477400 -0.04694376
v -0.05551513 0.02528711 -0.04776640
v -0.05551273 0.02520360 -0.04690171
v -0.05543273 0.02571825 -0.04772530
v -0.05519113 0.02608441 -0.04768975
v -0.05543034 0.02563388 -0.04686053
v -0.05613032 0.02599937 -0.04769567
v -0.05572713 0.02660902 -0.04763794
v -0.05612152 0.02565227 -0.04412546
v -0.05571833 0.02626361 -0.04406710
v -0.05511193 0.02667424 -0.04402877
v -0.05512074 0.02702050 -0.04759970
v -0.05482714 0.02633110 -0.04766709
v -0.05482473 0.02624759 -0.04680241
v -0.05518873 0.02600090 -0.04682506
v -0.05333833 0.02479140 -0.04694712
v -0.05333993 0.02487576 -0.04781189
v -0.09469835 0.02998241 -0.04429693
v -0.09408473 0.02958205 -0.04433710
v -0.09541913 0.03011909 -0.04428172
v -0.09470714 0.03032868 -0.04786786
v -0.09409353 0.02992745 -0.04790794
v -0.09542793 0.03046526 -0.04785264
v -0.09498953 0.02963461 -0.04793398
v -0.09462153 0.02939420 -0.04795807
v -0.09542154 0.02971666 -0.04792535
v -0.09498714 0.02955100 -0.04706928
v -0.09541994 0.02963229 -0.04706057
v -0.09461914 0.02931059 -0.04709337
v -0.09437114 0.02894765 -0.04712926
v -0.09428154 0.02851805 -0.04717130
v -0.09437355 0.02903192 -0.04799402
v -0.09428393 0.02860250 -0.04803528
v -0.09368073 0.02932401 -0.04796789
v -0.09353193 0.02860870 -0.04803751
v -0.09367193 0.02897784 -0.04439697
v -0.09352313 0.02826243 -0.04446659
v -0.09366075 0.02754483 -0.04453517
v -0.09366955 0.02789100 -0.04810608
v -0.09406313 0.02693425 -0.04459361
v -0.09467033 0.02652354 -0.04463273
v -0.09407193 0.02728051 -0.04816454
v -0.09460794 0.02780512 -0.04811273
v -0.09467913 0.02686903 -0.04820277
v -0.09539834 0.02672133 -0.04821607
v -0.09497274 0.02755843 -0.04813538
v -0.09540395 0.02747010 -0.04814258
v -0.09497033 0.02747492 -0.04727069
v -0.09460634 0.02772161 -0.04724804
v -0.09540154 0.02738573 -0.04727781
v -0.09583434 0.02746779 -0.04726917
v -0.09620234 0.02770820 -0.04724509
v -0.09583594 0.02755215 -0.04813394
v -0.09620475 0.02779180 -0.04810978
v -0.09611913 0.02685801 -0.04820086
v -0.09673275 0.02725837 -0.04816069
v -0.09611033 0.02651099 -0.04462985
v -0.09538955 0.02637517 -0.04464515
v -0.09672393 0.02691221 -0.04458979
v -0.09713594 0.02751641 -0.04452990
v -0.09728474 0.02823097 -0.04446021
v -0.09714474 0.02786258 -0.04810082
v -0.09729353 0.02857799 -0.04803121
v -0.09645273 0.02815475 -0.04807389
v -0.09645034 0.02807123 -0.04720921
v -0.09654154 0.02858434 -0.04803185
v -0.09653994 0.02849998 -0.04716708
v -0.09645914 0.02901462 -0.04799066
v -0.09621753 0.02938071 -0.04795591
v -0.09645754 0.02893101 -0.04712598
v -0.09715594 0.02929491 -0.04796176
v -0.09675354 0.02990625 -0.04790339
v -0.09714793 0.02894865 -0.04439083
v -0.09674474 0.02955999 -0.04433247
v -0.09613754 0.02997054 -0.04429493
v -0.09614633 0.03031688 -0.04786507
v -0.09585353 0.02962748 -0.04793246
v -0.09585115 0.02954396 -0.04706777
v -0.09621514 0.02929720 -0.04709122
v -0.09436394 0.02808777 -0.04721249
v -0.09436635 0.02817138 -0.04807718
v -0.05137993 -0.03392091 -0.05030311
v -0.05076633 -0.03432137 -0.05034327
v -0.05210074 -0.03378433 -0.05028789
v -0.05138874 -0.03357457 -0.05387325
v -0.05077513 -0.03397511 -0.05391420
v -0.05210953 -0.03343807 -0.05385882
v -0.05167113 -0.03426795 -0.05394024
v -0.05130313 -0.03450922 -0.05396424
v -0.05210393 -0.03418666 -0.05393153
v -0.05166873 -0.03435232 -0.05307547
v -0.05210154 -0.03427027 -0.05306683
v -0.05130074 -0.03459273 -0.05309955
v -0.05105353 -0.03495491 -0.05313551
v -0.05096393 -0.03538451 -0.05317756
v -0.05105513 -0.03487140 -0.05400019
v -0.05096553 -0.03530090 -0.05404226
v -0.05036313 -0.03457923 -0.05397328
v -0.05021353 -0.03529463 -0.05404369
v -0.05035433 -0.03492557 -0.05040314
v -0.05020474 -0.03564089 -0.05047276
v -0.05034233 -0.03635867 -0.05054214
v -0.05035113 -0.03601233 -0.05411226
v -0.05074553 -0.03696915 -0.05060058
v -0.05135194 -0.03737980 -0.05063810
v -0.05075433 -0.03662289 -0.05417151
v -0.05129033 -0.03609820 -0.05411891
v -0.05136073 -0.03703437 -0.05420975
v -0.05207914 -0.03718199 -0.05422225
v -0.05165433 -0.03634489 -0.05414156
v -0.05208553 -0.03643339 -0.05414955
v -0.05165193 -0.03642850 -0.05327686
v -0.05128793 -0.03618172 -0.05325422
v -0.05208393 -0.03651767 -0.05328478
v -0.05251593 -0.03643554 -0.05327535
v -0.05288393 -0.03619513 -0.05325127
v -0.05251833 -0.03635117 -0.05414013
v -0.05288633 -0.03611076 -0.05411604
v -0.05280073 -0.03704541 -0.05420703
v -0.05341353 -0.03664487 -0.05416608
v -0.05279194 -0.03739158 -0.05063611
v -0.05207114 -0.03752825 -0.05065132
v -0.05340553 -0.03699121 -0.05059594
v -0.05381833 -0.03638700 -0.05053607
v -0.05396714 -0.03567160 -0.05046646
v -0.05382633 -0.03604074 -0.05410700
v -0.05397594 -0.03532543 -0.05403738
v -0.05313433 -0.03574866 -0.05408087
v -0.05313193 -0.03583209 -0.05321539
v -0.05322393 -0.03531906 -0.05403883
v -0.05322153 -0.03540343 -0.05317405
v -0.05314153 -0.03488870 -0.05399685
v -0.05289913 -0.03452185 -0.05396216
v -0.05313913 -0.03497231 -0.05313215
v -0.05383833 -0.03460765 -0.05396801
v -0.05343593 -0.03399717 -0.05390956
v -0.05382953 -0.03495467 -0.05039701
v -0.05342713 -0.03434351 -0.05033944
v -0.05281993 -0.03393270 -0.05030032
v -0.05282874 -0.03358644 -0.05387125
v -0.05253514 -0.03427584 -0.05393864
v -0.05253273 -0.03435936 -0.05307396
v -0.05289753 -0.03460622 -0.05309739
v -0.05104633 -0.03581487 -0.05321954
v -0.05104873 -0.03573212 -0.05408415
v -0.09178394 -0.04028681 -0.05138715
v -0.09117035 -0.04068735 -0.05142810
v -0.09250473 -0.04014955 -0.05137281
v -0.09179274 -0.03993987 -0.05495895
v -0.09117914 -0.04034109 -0.05499903
v -0.09251353 -0.03980397 -0.05494286
v -0.09207515 -0.04063394 -0.05502508
v -0.09170715 -0.04087435 -0.05504916
v -0.09250795 -0.04055256 -0.05501557
v -0.09207355 -0.04071830 -0.05416031
v -0.09250554 -0.04063617 -0.05415087
v -0.09170553 -0.04095871 -0.05418438
v -0.09145674 -0.04132089 -0.05422035
v -0.09136795 -0.04175041 -0.05426160
v -0.09145993 -0.04123738 -0.05508504
v -0.09136955 -0.04166690 -0.05512629
v -0.09076713 -0.04094521 -0.05505811
v -0.09061753 -0.04165977 -0.05512782
v -0.09075834 -0.04129148 -0.05148720
v -0.09060954 -0.04200687 -0.05155761
v -0.09074634 -0.04272457 -0.05162618
v -0.09075514 -0.04237831 -0.05519711
v -0.09114953 -0.04333505 -0.05168462
v -0.09175674 -0.04374578 -0.05172294
v -0.09115833 -0.04298879 -0.05525555
v -0.09169434 -0.04246335 -0.05520304
v -0.09176475 -0.04339952 -0.05529387
v -0.09248394 -0.04354789 -0.05530629
v -0.09205834 -0.04271011 -0.05522647
v -0.09248954 -0.04279930 -0.05523358
v -0.09205593 -0.04279448 -0.05436170
v -0.09169194 -0.04254771 -0.05433826
v -0.09248794 -0.04288366 -0.05436881
v -0.09291993 -0.04280152 -0.05436019
v -0.09328874 -0.04256035 -0.05433619
v -0.09292234 -0.04271715 -0.05522496
v -0.09329034 -0.04247674 -0.05520089
v -0.09320473 -0.04341139 -0.05529188
v -0.09381753 -0.04301093 -0.05525172
v -0.09319593 -0.04375765 -0.05172095
v -0.09247514 -0.04389423 -0.05173617
v -0.09380955 -0.04335719 -0.05168079
v -0.09422234 -0.04275299 -0.05162092
v -0.09437114 -0.04203758 -0.05155130
v -0.09423114 -0.04240672 -0.05519183
v -0.09437994 -0.04169141 -0.05512222
v -0.09353834 -0.04211456 -0.05516492
v -0.09353594 -0.04219817 -0.05430023
v -0.09362794 -0.04168505 -0.05512286
v -0.09362553 -0.04176933 -0.05425809
v -0.09354554 -0.04125478 -0.05508168
v -0.09330393 -0.04088775 -0.05504620
v -0.09354314 -0.04133821 -0.05421620
v -0.09424235 -0.04097363 -0.05505285
v -0.09383994 -0.04036315 -0.05499441
v -0.09423353 -0.04131989 -0.05148192
v -0.09383115 -0.04070941 -0.05142348
v -0.09322394 -0.04029868 -0.05138516
v -0.09323274 -0.03995242 -0.05495608
v -0.09293913 -0.04064107 -0.05502356
v -0.09293753 -0.04072543 -0.05415879
v -0.09330155 -0.04097212 -0.05418143
v -0.09145035 -0.04218077 -0.05430358
v -0.09145273 -0.04209726 -0.05516827
v -0.05372233 0.01669890 0.05171753
v -0.05372393 0.01678241 0.05085286
v -0.05415513 0.01678019 0.05172625
v -0.05335353 0.01645773 0.05169353
v -0.05343993 0.01739220 0.05178374
v -0.05416073 0.01752878 0.05179896
v -0.05282633 0.01699174 0.05174357
v -0.05344873 0.01774627 0.04813886
v -0.05416953 0.01788209 0.04815415
v -0.05283513 0.01734505 0.04809879
v -0.05242233 0.01674085 0.04803889
v -0.05241353 0.01638762 0.05168450
v -0.05227353 0.01602561 0.04797007
v -0.05241113 0.01530783 0.04790071
v -0.05226473 0.01567230 0.05161487
v -0.05240234 0.01495452 0.05154552
v -0.05301673 0.01566670 0.05161544
v -0.05310633 0.01609545 0.05165758
v -0.05301914 0.01574946 0.05075084
v -0.05309913 0.01523567 0.05157434
v -0.05334073 0.01486941 0.05153878
v -0.05310154 0.01531918 0.05070964
v -0.05334314 0.01495302 0.05067410
v -0.05370713 0.01470633 0.05065145
v -0.05413833 0.01461706 0.05064353
v -0.05370553 0.01462196 0.05151621
v -0.05341193 0.01393332 0.05144874
v -0.05413674 0.01453363 0.05150901
v -0.05413034 0.01378494 0.05143631
v -0.05456953 0.01461568 0.05151765
v -0.05485113 0.01392154 0.05145074
v -0.05493754 0.01485609 0.05154173
v -0.05457114 0.01469919 0.05065296
v -0.05493993 0.01493961 0.05067705
v -0.05518714 0.01530264 0.05071293
v -0.05527674 0.01573138 0.05075505
v -0.05518473 0.01521827 0.05157769
v -0.05527433 0.01564787 0.05161975
v -0.05587753 0.01492611 0.05155077
v -0.05602632 0.01564151 0.05162039
v -0.05588632 0.01527942 0.04790596
v -0.05546473 0.01432190 0.05149089
v -0.05547354 0.01467605 0.04784682
v -0.05485993 0.01427475 0.04780594
v -0.05413913 0.01413825 0.04779151
v -0.05342073 0.01428662 0.04780394
v -0.05281354 0.01469735 0.04784226
v -0.05280473 0.01434404 0.05148706
v -0.05603512 0.01599473 0.04797559
v -0.05589834 0.01671251 0.04804497
v -0.05588954 0.01635920 0.05168975
v -0.05549513 0.01732299 0.04810340
v -0.05488793 0.01773372 0.04814172
v -0.05548633 0.01696968 0.05174821
v -0.05487914 0.01738041 0.05178653
v -0.05495033 0.01644424 0.05169568
v -0.05519193 0.01607815 0.05166092
v -0.05495194 0.01652860 0.05083092
v -0.05458554 0.01669101 0.05171914
v -0.05458793 0.01677537 0.05085435
v -0.05415673 0.01686370 0.05086155
v -0.05519434 0.01616242 0.05079617
v -0.05310794 0.01617982 0.05079279
v -0.05335593 0.01654200 0.05082876
v -0.09474875 0.01999451 0.05145225
v -0.09475035 0.02007871 0.05058669
v -0.09518074 0.02007656 0.05146087
v -0.09437994 0.01975402 0.05142737
v -0.09446634 0.02068858 0.05151836
v -0.09518713 0.02082601 0.05153349
v -0.09385275 0.02028812 0.05147821
v -0.09447514 0.02104265 0.04787348
v -0.09519593 0.02117923 0.04788870
v -0.09386155 0.02064143 0.04783341
v -0.09344875 0.02003722 0.04777353
v -0.09343993 0.01968391 0.05141834
v -0.09329993 0.01932267 0.04770383
v -0.09343754 0.01860498 0.04763446
v -0.09329113 0.01896860 0.05134871
v -0.09342874 0.01825082 0.05127936
v -0.09404315 0.01896232 0.05135016
v -0.09413275 0.01939175 0.05139142
v -0.09404475 0.01904669 0.05048537
v -0.09412555 0.01853196 0.05130818
v -0.09436714 0.01816502 0.05127351
v -0.09412793 0.01861548 0.05044348
v -0.09436954 0.01824939 0.05040872
v -0.09473354 0.01800270 0.05038607
v -0.09516474 0.01791344 0.05037817
v -0.09473113 0.01791834 0.05125085
v -0.09443833 0.01722961 0.05118258
v -0.09516314 0.01782993 0.05124285
v -0.09515673 0.01708124 0.05117015
v -0.09559513 0.01791198 0.05125149
v -0.09587754 0.01721791 0.05118536
v -0.09596394 0.01815247 0.05127637
v -0.09559754 0.01799557 0.05038760
v -0.09596554 0.01823598 0.05041167
v -0.09621354 0.01859818 0.05044685
v -0.09630314 0.01902768 0.05048889
v -0.09621195 0.01851457 0.05131153
v -0.09630073 0.01894417 0.05135359
v -0.09690393 0.01822248 0.05128541
v -0.09705273 0.01893789 0.05135501
v -0.09691273 0.01857579 0.04764061
v -0.09649114 0.01761828 0.05122554
v -0.09649993 0.01797159 0.04758073
v -0.09588634 0.01757112 0.04754056
v -0.09516553 0.01743455 0.04752535
v -0.09444715 0.01758292 0.04753777
v -0.09383994 0.01799373 0.04757690
v -0.09383115 0.01764042 0.05122168
v -0.09706153 0.01929120 0.04771020
v -0.09692394 0.02000889 0.04777959
v -0.09691514 0.01965558 0.05142440
v -0.09652153 0.02061937 0.04783805
v -0.09591433 0.02103001 0.04787556
v -0.09651274 0.02026598 0.05148205
v -0.09590553 0.02067670 0.05152037
v -0.09597675 0.01974137 0.05143025
v -0.09621834 0.01937445 0.05139476
v -0.09597913 0.01982498 0.05056554
v -0.09561194 0.01998730 0.05145298
v -0.09561433 0.02007167 0.05058819
v -0.09518315 0.02016093 0.05059611
v -0.09622075 0.01945804 0.05053087
v -0.09413513 0.01947535 0.05052671
v -0.09438235 0.01983829 0.05056260
v -0.05143033 -0.04390813 0.04544520
v -0.05143274 -0.04382462 0.04458050
v -0.05186313 -0.04382676 0.04545471
v -0.05106233 -0.04414854 0.04542110
v -0.05114793 -0.04321474 0.04551219
v -0.05186873 -0.04307816 0.04552741
v -0.05053433 -0.04361521 0.04547202
v -0.05115673 -0.04286067 0.04186731
v -0.05187753 -0.04272409 0.04188253
v -0.05054314 -0.04326189 0.04182724
v -0.05013114 -0.04386534 0.04176726
v -0.05012233 -0.04421941 0.04541215
v -0.04998153 -0.04458065 0.04169766
v -0.05011913 -0.04529843 0.04162828
v -0.04997273 -0.04493472 0.04534254
v -0.05011034 -0.04565174 0.04527309
v -0.05072473 -0.04494110 0.04534397
v -0.05081433 -0.04451158 0.04538522
v -0.05072714 -0.04485673 0.04447921
v -0.05080714 -0.04537145 0.04530199
v -0.05104953 -0.04573830 0.04526731
v -0.05080953 -0.04528784 0.04443731
v -0.05105114 -0.04565393 0.04440255
v -0.05141593 -0.04590080 0.04437910
v -0.05184713 -0.04598912 0.04437190
v -0.05141353 -0.04598431 0.04524380
v -0.05111993 -0.04667371 0.04517641
v -0.05184474 -0.04607349 0.04523669
v -0.05183833 -0.04682208 0.04516398
v -0.05227754 -0.04599135 0.04524530
v -0.05255913 -0.04668551 0.04517920
v -0.05264554 -0.04575093 0.04526940
v -0.05227913 -0.04590783 0.04438063
v -0.05264793 -0.04566742 0.04440470
v -0.05289514 -0.04530524 0.04444066
v -0.05298473 -0.04487564 0.04448272
v -0.05289273 -0.04538875 0.04530536
v -0.05298314 -0.04495925 0.04534740
v -0.05358554 -0.04568092 0.04527844
v -0.05373513 -0.04496553 0.04534885
v -0.05359433 -0.04532753 0.04163442
v -0.05317273 -0.04628504 0.04521935
v -0.05318154 -0.04593098 0.04157446
v -0.05256793 -0.04633220 0.04153440
v -0.05184713 -0.04646878 0.04151918
v -0.05112873 -0.04632040 0.04153160
v -0.05052154 -0.04590967 0.04156993
v -0.05051273 -0.04626299 0.04521471
v -0.05374393 -0.04461222 0.04170404
v -0.05360633 -0.04389452 0.04177262
v -0.05359753 -0.04424783 0.04541742
v -0.05320314 -0.04328327 0.04183099
v -0.05259673 -0.04287255 0.04186932
v -0.05319433 -0.04363734 0.04547588
v -0.05258793 -0.04322586 0.04551410
v -0.05265833 -0.04416195 0.04542406
v -0.05289993 -0.04452897 0.04538860
v -0.05266073 -0.04407852 0.04455857
v -0.05229433 -0.04391602 0.04544678
v -0.05229673 -0.04383165 0.04458202
v -0.05186473 -0.04374249 0.04458993
v -0.05290234 -0.04444460 0.04452382
v -0.05081673 -0.04442806 0.04452055
v -0.05106474 -0.04406503 0.04455643
v -0.09183434 -0.05027403 0.04436115
v -0.09183673 -0.05018976 0.04349637
v -0.09226714 -0.05019198 0.04436979
v -0.09146634 -0.05051444 0.04433707
v -0.09155194 -0.04958082 0.04442737
v -0.09227275 -0.04944338 0.04444250
v -0.09093834 -0.04998119 0.04438719
v -0.09156073 -0.04922657 0.04078327
v -0.09228155 -0.04909008 0.04079768
v -0.09094714 -0.04962712 0.04074232
v -0.09053513 -0.05023124 0.04068322
v -0.09052633 -0.05058539 0.04432731
v -0.09038554 -0.05094663 0.04061281
v -0.09052314 -0.05166433 0.04054424
v -0.09037675 -0.05130080 0.04425769
v -0.09051434 -0.05201765 0.04418903
v -0.09112874 -0.05130622 0.04425905
v -0.09121834 -0.05087672 0.04430112
v -0.09113113 -0.05122271 0.04339438
v -0.09121193 -0.05173735 0.04421797
v -0.09145354 -0.05210352 0.04418240
v -0.09121355 -0.05165307 0.04335240
v -0.09145514 -0.05202001 0.04331770
v -0.09181994 -0.05226584 0.04329499
v -0.09225115 -0.05235510 0.04328707
v -0.09181753 -0.05235021 0.04415975
v -0.09152395 -0.05303961 0.04409236
v -0.09224874 -0.05243947 0.04415185
v -0.09224235 -0.05318807 0.04407912
v -0.09268154 -0.05235734 0.04416128
v -0.09296395 -0.05305149 0.04409434
v -0.09304954 -0.05211693 0.04418536
v -0.09268395 -0.05227297 0.04329650
v -0.09305195 -0.05203332 0.04332067
v -0.09329914 -0.05167037 0.04335574
v -0.09338874 -0.05124086 0.04339781
v -0.09329754 -0.05175389 0.04422123
v -0.09338714 -0.05132523 0.04426257
v -0.09398953 -0.05204682 0.04419439
v -0.09413914 -0.05133151 0.04426401
v -0.09399914 -0.05169275 0.04054951
v -0.09357673 -0.05265027 0.04413444
v -0.09358553 -0.05229696 0.04048963
v -0.09297274 -0.05269818 0.04044955
v -0.09225193 -0.05283400 0.04043425
v -0.09153274 -0.05268638 0.04044676
v -0.09092633 -0.05227482 0.04048580
v -0.09091753 -0.05262889 0.04413068
v -0.09414793 -0.05097820 0.04061921
v -0.09401034 -0.05025966 0.04068850
v -0.09400154 -0.05061373 0.04433337
v -0.09360794 -0.04964918 0.04074694
v -0.09300073 -0.04923845 0.04078527
v -0.09359914 -0.05000324 0.04439182
v -0.09299194 -0.04959176 0.04443007
v -0.09306234 -0.05052793 0.04433922
v -0.09330474 -0.05089402 0.04430446
v -0.09306473 -0.05044356 0.04347446
v -0.09269835 -0.05028116 0.04436266
v -0.09270073 -0.05019765 0.04349798
v -0.09226874 -0.05010847 0.04350510
v -0.09330634 -0.05081050 0.04343977
v -0.09122073 -0.05079311 0.04343641
v -0.09146794 -0.05043093 0.04347238
v -0.05362954 0.02677601 -0.04387256
v -0.05297833 0.02635125 -0.04391510
v -0.05364073 0.02724997 -0.04875644
v -0.05439354 0.02692148 -0.04385663
v -0.05515513 0.02676422 -0.04386977
v -0.05440553 0.02739728 -0.04876321
v -0.05516713 0.02724220 -0.04880229
v -0.05581113 0.02680883 -0.04886568
v -0.05579913 0.02632834 -0.04391039
v -0.05623833 0.02616322 -0.04894552
v -0.05622633 0.02568051 -0.04397232
v -0.05638393 0.02540316 -0.04902832
v -0.05637193 0.02491972 -0.04404621
v -0.05622633 0.02464475 -0.04910245
v -0.05621353 0.02416138 -0.04411954
v -0.05602873 0.02435595 -0.04912730
v -0.05578873 0.02400322 -0.04915698
v -0.05577673 0.02352068 -0.04418299
v -0.05513753 0.02357721 -0.04918814
v -0.05512553 0.02309583 -0.04422551
v -0.05437353 0.02343035 -0.04918543
v -0.05436153 0.02295112 -0.04424152
v -0.05361113 0.02358587 -0.04914960
v -0.05359994 0.02310848 -0.04422839
v -0.05296794 0.02401924 -0.04908623
v -0.05295593 0.02354434 -0.04418698
v -0.05254073 0.02466501 -0.04900479
v -0.05252873 0.02419133 -0.04412577
v -0.05239514 0.02542471 -0.04891793
v -0.05238313 0.02495280 -0.04405275
v -0.05255273 0.02618199 -0.04883886
v -0.05254073 0.02571122 -0.04397862
v -0.05299034 0.02682366 -0.04878194
v -0.05356233 0.02719821 -0.04875928
v -0.09465593 0.03007315 -0.04413800
v -0.09400474 0.02964839 -0.04418055
v -0.09466795 0.03055363 -0.04909330
v -0.09541994 0.03021795 -0.04412201
v -0.09618155 0.03006051 -0.04413593
v -0.09543194 0.03069892 -0.04908780
v -0.09619433 0.03054334 -0.04911558
v -0.09683753 0.03010909 -0.04917245
v -0.09682554 0.02962464 -0.04417655
v -0.09726473 0.02946297 -0.04924982
v -0.09725274 0.02897689 -0.04423769
v -0.09741033 0.02870395 -0.04933755
v -0.09739834 0.02821610 -0.04431157
v -0.09725274 0.02794626 -0.04942061
v -0.09724075 0.02745768 -0.04438571
v -0.09681515 0.02730601 -0.04948731
v -0.09680234 0.02681782 -0.04444844
v -0.09651033 0.02710725 -0.04950512
v -0.09616474 0.02688079 -0.04952578
v -0.09615194 0.02639220 -0.04449088
v -0.09539994 0.02673467 -0.04953200
v -0.09538795 0.02624741 -0.04450770
v -0.09463753 0.02689100 -0.04950429
v -0.09462553 0.02640485 -0.04449376
v -0.09399434 0.02732525 -0.04944744
v -0.09398233 0.02684064 -0.04445314
v -0.09379674 0.02762482 -0.04941081
v -0.09356715 0.02797078 -0.04936839
v -0.09355513 0.02748847 -0.04439121
v -0.09342154 0.02873048 -0.04928153
v -0.09340953 0.02824927 -0.04431813
v -0.09357995 0.02948816 -0.04919848
v -0.09356793 0.02900684 -0.04424391
v -0.09401673 0.03012844 -0.04913258
v -0.05340633 0.01786557 0.04799742
v -0.05275594 0.01744072 0.04795489
v -0.05417113 0.01801028 0.04801343
v -0.05339514 0.01740772 0.05272209
v -0.05274473 0.01698167 0.05268289
v -0.05415914 0.01755325 0.05272996
v -0.05492153 0.01739549 0.05271287
v -0.05493273 0.01785292 0.04800030
v -0.05556473 0.01695979 0.05267303
v -0.05557674 0.01741790 0.04795960
v -0.05599194 0.01631166 0.05261676
v -0.05613752 0.01555014 0.05255180
v -0.05600394 0.01677007 0.04789767
v -0.05614873 0.01600843 0.04782385
v -0.05599113 0.01525009 0.04775052
v -0.05597993 0.01479047 0.05248905
v -0.05555353 0.01461015 0.04768700
v -0.05554233 0.01414850 0.05243778
v -0.05490313 0.01418463 0.04764454
v -0.05413913 0.01403982 0.04762854
v -0.05489193 0.01372354 0.05240089
v -0.05505113 0.01382744 0.05241137
v -0.05412713 0.01357822 0.05238736
v -0.05336554 0.01373634 0.05240042
v -0.05337673 0.01419718 0.04764167
v -0.05272153 0.01417233 0.05243457
v -0.05273354 0.01463390 0.04768301
v -0.05229433 0.01482134 0.05248434
v -0.05230634 0.01528089 0.04774422
v -0.05223274 0.01514706 0.05250949
v -0.05214873 0.01558286 0.05254930
v -0.05216074 0.01604160 0.04781731
v -0.05230714 0.01634104 0.05262104
v -0.05231833 0.01680002 0.04789145
v -0.05261193 0.01678774 0.05266540
v -0.09443275 0.02116195 0.04773204
v -0.09378234 0.02073709 0.04768951
v -0.09519755 0.02130666 0.04774805
v -0.09442154 0.02070900 0.05240156
v -0.09409033 0.02049172 0.05239203
v -0.09518634 0.02085630 0.05239560
v -0.09594795 0.02069981 0.05236630
v -0.09595913 0.02114922 0.04773414
v -0.09659194 0.02026551 0.05231666
v -0.09660314 0.02071344 0.04769352
v -0.09701833 0.01961715 0.05225802
v -0.09702953 0.02006645 0.04763229
v -0.09716393 0.01885527 0.05219709
v -0.09717595 0.01930566 0.04755841
v -0.09700633 0.01809486 0.05214326
v -0.09701754 0.01854648 0.04748435
v -0.09656874 0.01745241 0.05210331
v -0.09657995 0.01790644 0.04742084
v -0.09591833 0.01702514 0.05208354
v -0.09592954 0.01748168 0.04737830
v -0.09546393 0.01693776 0.05208669
v -0.09515354 0.01687829 0.05208625
v -0.09516474 0.01733697 0.04736229
v -0.09439114 0.01703470 0.05211474
v -0.09440314 0.01749432 0.04737624
v -0.09425115 0.01712911 0.05212617
v -0.09374794 0.01746968 0.05216267
v -0.09375914 0.01792936 0.04741612
v -0.09332074 0.01811719 0.05222143
v -0.09333273 0.01857719 0.04747805
v -0.09325913 0.01843910 0.05224858
v -0.09317514 0.01887864 0.05228561
v -0.09318634 0.01933798 0.04755195
v -0.09333273 0.01963928 0.05234181
v -0.09334475 0.02009640 0.04762607
v -0.09377114 0.02028172 0.05238258
v -0.11905593 -0.00318011 0.03365248
v -0.12284955 -0.00233423 0.03366796
v -0.11816155 0.00006798 0.03397006
v -0.11962635 -0.00649894 0.03333395
v -0.12348475 -0.00602745 0.03331311
v -0.11986715 -0.00985871 0.03301715
v -0.12375273 -0.00976619 0.03296122
v -0.11977674 -0.01322672 0.03270519
v -0.12365195 -0.01351419 0.03261347
v -0.11935434 -0.01656912 0.03240110
v -0.12318234 -0.01723309 0.03227487
v -0.11860553 -0.01985505 0.03210662
v -0.12234873 -0.02089055 0.03194777
v -0.11753754 -0.02305270 0.03182658
v -0.12115995 -0.02444836 0.03163558
v -0.11615915 -0.02613138 0.03156192
v -0.11962713 -0.02787419 0.03134150
v -0.11448554 -0.02906029 0.03131598
v -0.11776394 -0.03113390 0.03106769
v -0.11253113 -0.03181248 0.03109167
v -0.11558954 -0.03419665 0.03081752
v -0.11031674 -0.03436146 0.03088955
v -0.11312474 -0.03703324 0.03059365
v -0.10786075 -0.03668189 0.03071352
v -0.10518953 -0.03875287 0.03056386
v -0.11039194 -0.03961547 0.03039729
v -0.10741993 -0.04191885 0.03023079
v -0.11099595 -0.04020647 0.02942833
v -0.11159753 -0.04082493 0.02884324
v -0.10790474 -0.04260196 0.02916174
v -0.11383275 -0.03752136 0.02959265
v -0.11612393 -0.03452113 0.02994077
v -0.11506473 -0.03665913 0.02916427
v -0.11386394 -0.03881278 0.02891117
v -0.11499595 -0.03769533 0.02871042
v -0.11521193 -0.03862408 0.02832536
v -0.11602315 -0.03737360 0.02838301
v -0.11795193 -0.03570970 0.02839427
v -0.11547355 -0.03885762 0.02767345
v -0.11218235 -0.04140517 0.02815784
v -0.10898954 -0.04399582 0.02786905
v -0.11250154 -0.04167233 0.02745944
v -0.10903594 -0.03770914 0.02788446
v -0.10929994 -0.04421234 0.02727493
v -0.10621354 -0.03994705 0.02772183
v -0.10588955 -0.04642167 0.02712390
v -0.10228313 -0.04825646 0.02701161
v -0.10574314 -0.04625146 0.02749755
v -0.10324794 -0.04186816 0.02759090
v -0.10321194 -0.04174542 0.02480385
v -0.10012313 -0.04345792 0.02749338
v -0.10008794 -0.04333594 0.02470641
v -0.09683834 -0.04473494 0.02742714
v -0.09851993 -0.04971942 0.02693593
v -0.09346074 -0.04569593 0.02739268
v -0.09680313 -0.04461288 0.02464098
v -0.09342555 -0.04557328 0.02460564
v -0.09001833 -0.04618283 0.02460418
v -0.09005433 -0.04630557 0.02739123
v -0.08656393 -0.04642790 0.02463766
v -0.08659993 -0.04655072 0.02742391
v -0.08305594 -0.04632721 0.02470392
v -0.08309194 -0.04644918 0.02749009
v -0.07956794 -0.04589947 0.02480003
v -0.07960313 -0.04602143 0.02758619
v -0.07617115 -0.04513102 0.02492621
v -0.07620712 -0.04525375 0.02771246
v -0.07285114 -0.04399901 0.02508501
v -0.07288633 -0.04412175 0.02787206
v -0.06959513 -0.04251074 0.02527716
v -0.06963113 -0.04263270 0.02806331
v -0.06645914 -0.04071359 0.02549452
v -0.06649514 -0.04083633 0.02828157
v -0.06351753 -0.03862937 0.02573692
v -0.06355353 -0.03875133 0.02852308
v -0.06077913 -0.03624921 0.02600263
v -0.06081513 -0.03637203 0.02878889
v -0.05824953 -0.03359508 0.02629066
v -0.05597273 -0.03074015 0.02659309
v -0.05828553 -0.03371790 0.02907692
v -0.05429433 -0.03716963 0.02882080
v -0.05600873 -0.03086203 0.02938005
v -0.05405113 -0.02785336 0.02969195
v -0.05171593 -0.03393516 0.02916307
v -0.04947353 -0.03048768 0.02952092
v -0.05190314 -0.03375830 0.02945887
v -0.05453354 -0.03696778 0.02918887
v -0.05122153 -0.03241758 0.02954281
v -0.05311514 -0.03419597 0.02999171
v -0.04962233 -0.03044980 0.02961841
v -0.04981833 -0.03037688 0.02962395
v -0.04793673 -0.02686705 0.03017011
v -0.04878233 -0.02817080 0.02998195
v -0.04828793 -0.02574898 0.03086258
v -0.04760633 -0.02684531 0.02989053
v -0.04651353 -0.02302048 0.03062694
v -0.04611993 -0.02304283 0.03026818
v -0.04729753 -0.02289957 0.03125400
v -0.04533353 -0.01910381 0.03094969
v -0.04500073 -0.01913142 0.03065015
v -0.04638553 -0.02002020 0.03143899
v -0.04526313 -0.01764608 0.03103716
v -0.04449433 -0.01520649 0.03115137
v -0.04427993 -0.01514834 0.03103377
v -0.04435514 -0.01129906 0.03171787
v -0.04474233 -0.01523703 0.03114319
v -0.04507433 -0.01523879 0.03106939
v -0.04466474 -0.01283138 0.03151086
v -0.04517433 -0.01200750 0.03193219
v -0.04493433 -0.01355955 0.03132194
v -0.04529113 -0.01324065 0.03152707
v -0.04573433 -0.01359379 0.03176519
v -0.04600233 -0.01524528 0.03158945
v -0.04587833 -0.01290466 0.03219039
v -0.04616713 -0.01149654 0.03282477
v -0.04636234 -0.01525483 0.03207041
v -0.04667913 -0.01526216 0.03253347
v -0.04645193 -0.01759826 0.03172945
v -0.04613913 -0.01689894 0.03143966
v -0.04597353 -0.01848207 0.03129565
v -0.04708154 -0.01899186 0.03208741
v -0.04812153 -0.02274069 0.03177914
v -0.04796633 -0.01901125 0.03332595
v -0.04896153 -0.02262467 0.03297352
v -0.04733113 -0.01531727 0.03368073
v -0.05176073 -0.01816668 0.03334559
v -0.05118954 -0.01484699 0.03366402
v -0.05265513 -0.02141384 0.03302872
v -0.05386474 -0.02455681 0.03271665
v -0.05537914 -0.02756721 0.03241136
v -0.05030794 -0.02612330 0.03262645
v -0.05199273 -0.02947319 0.03228693
v -0.04951833 -0.02637682 0.03134376
v -0.05142633 -0.02966491 0.03108408
v -0.04981833 -0.02778481 0.03070215
v -0.05115513 -0.02977806 0.03060579
v -0.04887433 -0.02721617 0.03041666
v -0.04997113 -0.02847282 0.03027280
v -0.05085353 -0.02990341 0.03011105
v -0.04946393 -0.02831007 0.03002006
v -0.04929753 -0.02874161 0.02980614
v -0.05009273 -0.03024620 0.02956419
v -0.05099753 -0.03170464 0.02950011
v -0.05148153 -0.03183861 0.02965589
v -0.05213593 -0.03292030 0.02982892
v -0.05163034 -0.03138471 0.02997209
v -0.05216873 -0.03191533 0.03027627
v -0.05325993 -0.03296416 0.03066470
v -0.05567753 -0.03604374 0.03040737
v -0.05399913 -0.03264106 0.03195888
v -0.05630794 -0.03559753 0.03164656
v -0.05718153 -0.03041491 0.03211705
v -0.05925673 -0.03307238 0.03183579
v -0.06158312 -0.03551346 0.03157138
v -0.06413914 -0.03771638 0.03132484
v -0.05889674 -0.03831508 0.03135123
v -0.05837274 -0.03887903 0.03003623
v -0.06174074 -0.04076602 0.03107736
v -0.06481353 -0.04292672 0.03082656
v -0.06138314 -0.04118829 0.02985988
v -0.06436954 -0.04355724 0.02952067
v -0.06121193 -0.04140958 0.02936995
v -0.06102394 -0.04165592 0.02886245
v -0.05923193 -0.04007985 0.02940837
v -0.06299754 -0.04301812 0.02908457
v -0.06342154 -0.04400402 0.02863531
v -0.06232074 -0.04274063 0.02875759
v -0.06240314 -0.04324193 0.02843409
v -0.06195033 -0.04332468 0.02825829
v -0.06245354 -0.04392261 0.02830954
v -0.06056233 -0.04231145 0.02828429
v -0.05924393 -0.04120676 0.02849167
v -0.06040314 -0.04256160 0.02833114
v -0.05857514 -0.04088509 0.02864427
v -0.06031032 -0.04273859 0.02831436
v -0.05734633 -0.04001612 0.02879412
v -0.06027594 -0.04288284 0.02819137
v -0.06363913 -0.04494962 0.02825034
v -0.06363753 -0.04526555 0.02791545
v -0.06480792 -0.04481975 0.02883870
v -0.06725913 -0.04694063 0.02808863
v -0.06749674 -0.04623297 0.02877732
v -0.06720234 -0.04730857 0.02766732
v -0.07096873 -0.04869580 0.02780915
v -0.07091914 -0.04900776 0.02744894
v -0.07021593 -0.04756172 0.02851688
v -0.07238794 -0.04898542 0.02771122
v -0.07470072 -0.05009563 0.02744892
v -0.07475673 -0.05031586 0.02726523
v -0.07469352 -0.04984986 0.02747006
v -0.07854794 -0.05082375 0.02752372
v -0.07706233 -0.05029264 0.02753627
v -0.07868634 -0.05120467 0.02711818
v -0.07953674 -0.05016082 0.02816785
v -0.08259834 -0.05125860 0.02750953
v -0.08254152 -0.05043198 0.02821359
v -0.08665193 -0.05143643 0.02737946
v -0.08268393 -0.05169411 0.02700816
v -0.08670315 -0.05181024 0.02693220
v -0.09070233 -0.05152625 0.02689401
v -0.09059993 -0.05130374 0.02716431
v -0.09464795 -0.05082087 0.02689628
v -0.09442233 -0.05047845 0.02739172
v -0.09832155 -0.04931838 0.02753402
v -0.09511994 -0.04943599 0.02807570
v -0.09287113 -0.05053536 0.02734517
v -0.09209913 -0.05043667 0.02724761
v -0.09357833 -0.04982919 0.02775583
v -0.09051753 -0.05104984 0.02718623
v -0.08807353 -0.05112464 0.02733847
v -0.09043673 -0.05070858 0.02714951
v -0.08875033 -0.05084792 0.02724312
v -0.08834554 -0.05048996 0.02746122
v -0.08711594 -0.05062129 0.02774618
v -0.08861114 -0.05005253 0.02778148
v -0.08787915 -0.04992676 0.02816121
v -0.09024633 -0.04978256 0.02777927
v -0.09191195 -0.04964915 0.02778677
v -0.09018394 -0.04944350 0.02829756
v -0.09013194 -0.04915258 0.02879175
v -0.09257194 -0.04935275 0.02816865
v -0.09390954 -0.04874979 0.02871107
v -0.09372474 -0.04794779 0.02989118
v -0.09767355 -0.04771842 0.02883737
v -0.09799754 -0.04853616 0.02823693
v -0.10130953 -0.04632020 0.02886970
v -0.09735433 -0.04695069 0.02992444
v -0.10086874 -0.04560505 0.02999342
v -0.09614474 -0.04327423 0.03028903
v -0.09930233 -0.04206437 0.03035075
v -0.09288234 -0.04417050 0.03025849
v -0.08954793 -0.04474372 0.03025903
v -0.09001433 -0.04858531 0.02989174
v -0.08617433 -0.04498819 0.03029083
v -0.08625993 -0.04885836 0.02992723
v -0.08279275 -0.04490315 0.03035303
v -0.07943674 -0.04448852 0.03044645
v -0.08249754 -0.04876294 0.02999642
v -0.08251034 -0.04956910 0.02881593
v -0.07876314 -0.04830143 0.03010040
v -0.07863275 -0.04908778 0.02883670
v -0.07509273 -0.04747653 0.03023618
v -0.07497593 -0.04802680 0.02905730
v -0.07152153 -0.04629865 0.03040404
v -0.07613834 -0.04374776 0.03056898
v -0.07292872 -0.04268823 0.03071898
v -0.06983994 -0.04132121 0.03089677
v -0.06808394 -0.04477693 0.03060086
v -0.06690074 -0.03965743 0.03109941
v -0.06777752 -0.04548244 0.02936522
v -0.07134152 -0.04706642 0.02910872
v -0.07261354 -0.04786633 0.02851775
v -0.07324794 -0.04825760 0.02811325
v -0.07166713 -0.04818296 0.02814354
v -0.07492074 -0.04831111 0.02856407
v -0.07486073 -0.04863799 0.02804776
v -0.07717513 -0.04913130 0.02834739
v -0.07795514 -0.04993524 0.02790799
v -0.07645753 -0.04914842 0.02799293
v -0.07673675 -0.04962014 0.02766727
v -0.07636953 -0.04991304 0.02746515
v -0.07472793 -0.04952003 0.02743208
v -0.07310873 -0.04900189 0.02758745
v -0.07285114 -0.04853703 0.02781249
v -0.08640314 -0.04966508 0.02870015
v -0.08554314 -0.05061054 0.02806108
v -0.10232793 -0.04055245 0.03044242
v -0.10423514 -0.04392238 0.03009607
v -0.10456954 -0.04441799 0.02910064
v -0.10472235 -0.04466842 0.02860882
v -0.10689193 -0.04366962 0.02857035
v -0.10490154 -0.04495725 0.02809433
v -0.10276474 -0.04600044 0.02838731
v -0.10348553 -0.04583795 0.02803570
v -0.10230073 -0.04694943 0.02794479
v -0.10339195 -0.04635023 0.02770688
v -0.10335754 -0.04705662 0.02757446
v -0.10083994 -0.04754695 0.02819942
v -0.10213994 -0.04791030 0.02756055
v -0.10558955 -0.04603890 0.02751639
v -0.10388874 -0.04653130 0.02750558
v -0.10539915 -0.04574701 0.02747660
v -0.10683993 -0.04485125 0.02763743
v -0.10690874 -0.04435412 0.02786406
v -0.10758473 -0.04464628 0.02776477
v -0.10798954 -0.04372063 0.02819919
v -0.10926713 -0.04276624 0.02857524
v -0.10639195 -0.04419373 0.02816391
v -0.09233834 -0.05000051 0.02746750
v -0.05715514 -0.04017093 0.02849450
v -0.05710712 -0.03879919 0.02950318
v -0.05508153 -0.03652762 0.02984815
v -0.05821672 -0.03993481 0.02908344
v -0.05918313 -0.04072468 0.02871257
v -0.05966473 -0.04066741 0.02898581
v -0.05094873 -0.01148731 0.03398084
v -0.05103993 -0.00811997 0.03429287
v -0.04706313 -0.01157939 0.03403271
v -0.04716393 -0.00783214 0.03438053
v -0.04763354 -0.00411248 0.03471905
v -0.04627273 -0.00760633 0.03326756
v -0.04538153 -0.00742979 0.03277625
v -0.04675673 -0.00375182 0.03357164
v -0.04564553 -0.00443316 0.03296071
v -0.04668713 -0.00223118 0.03322182
v -0.04783194 -0.00016167 0.03398911
v -0.04878714 0.00350175 0.03425531
v -0.04846713 -0.00045588 0.03504624
v -0.04751993 -0.00004046 0.03353954
v -0.04716073 0.00010069 0.03307189
v -0.04795513 0.00230478 0.03364957
v -0.04753993 0.00172140 0.03323704
v -0.04759674 0.00339275 0.03340353
v -0.04722954 0.00221208 0.03300762
v -0.04675673 0.00282478 0.03300795
v -0.04822953 0.00483673 0.03383491
v -0.04702953 0.00434697 0.03320954
v -0.04955353 0.00753259 0.03418628
v -0.04875513 0.00802072 0.03361863
v -0.05037513 0.00705010 0.03464885
v -0.05095113 0.01019193 0.03432585
v -0.05174713 0.01155984 0.03415299
v -0.05230553 0.01042396 0.03489027
v -0.05070313 0.01158159 0.03387342
v -0.05283674 0.01490241 0.03398670
v -0.05030874 0.01181536 0.03344710
v -0.05174633 0.01264976 0.03390917
v -0.05234953 0.01309778 0.03383118
v -0.05305433 0.01471005 0.03396101
v -0.05473994 0.01645543 0.03424710
v -0.05333514 0.01447608 0.03386472
v -0.05443914 0.01575391 0.03406674
v -0.05497753 0.01572695 0.03423910
v -0.05510233 0.01516664 0.03446427
v -0.05577594 0.01667986 0.03460806
v -0.05572713 0.01555654 0.03485524
v -0.05691834 0.01777820 0.03500019
v -0.05697754 0.01636010 0.03541850
v -0.05917834 0.01977158 0.03527423
v -0.05555193 0.01774733 0.03442119
v -0.05527113 0.01813553 0.03395603
v -0.05855673 0.02049489 0.03472716
v -0.05820394 0.02090807 0.03416623
v -0.06172074 0.02305504 0.03487268
v -0.06137353 0.02340345 0.03434721
v -0.06149114 0.02170329 0.03533418
v -0.06312233 0.02365842 0.03485948
v -0.06493753 0.02531349 0.03487163
v -0.06509834 0.02506194 0.03484063
v -0.06476074 0.02556984 0.03449449
v -0.06854633 0.02691608 0.03517689
v -0.06989673 0.02644589 0.03570657
v -0.06835674 0.02736898 0.03460394
v -0.07237032 0.02830106 0.03534163
v -0.06733354 0.02604106 0.03504695
v -0.06680153 0.02550948 0.03488570
v -0.06841994 0.02586596 0.03536848
v -0.06731595 0.02528615 0.03503919
v -0.06798874 0.02485761 0.03563142
v -0.06604713 0.02350790 0.03563442
v -0.06724633 0.02473006 0.03526636
v -0.06947592 0.02513225 0.03614011
v -0.07311433 0.02652673 0.03630308
v -0.06994713 0.02425872 0.03700058
v -0.06622792 0.02321460 0.03606833
v -0.06658073 0.02257596 0.03689793
v -0.06289032 0.02142527 0.03584855
v -0.05980953 0.01903832 0.03571457
v -0.06339672 0.02057336 0.03676392
v -0.06387194 0.02253891 0.03544877
v -0.06434954 0.02309702 0.03513781
v -0.06274873 0.02266552 0.03511684
v -0.06381114 0.02330782 0.03488345
v -0.06386152 0.02384807 0.03475519
v -0.06529113 0.02474523 0.03473738
v -0.06583672 0.02384941 0.03518440
v -0.06042314 0.01826990 0.03659663
v -0.06562634 0.01740609 0.03643419
v -0.06848873 0.01920567 0.03655566
v -0.06295513 0.01533604 0.03628525
v -0.06049994 0.01301552 0.03610841
v -0.05828474 0.01046663 0.03590711
v -0.05769194 0.01568691 0.03640035
v -0.05522633 0.01285108 0.03617641
v -0.05305193 0.00978832 0.03592623
v -0.05469594 0.01333959 0.03522921
v -0.05443353 0.01355820 0.03478833
v -0.05280313 0.01184250 0.03452498
v -0.05412954 0.01381308 0.03433176
v -0.05304473 0.01255193 0.03423177
v -0.05248713 0.01256135 0.03395745
v -0.05633033 0.00771426 0.03568201
v -0.05118954 0.00652777 0.03565252
v -0.04965593 0.00310203 0.03535841
v -0.05465673 0.00478459 0.03543615
v -0.05327913 0.00170599 0.03517228
v -0.05221033 -0.00149088 0.03489136
v -0.05146154 -0.00477759 0.03459776
v -0.07151354 0.02071766 0.03664811
v -0.07467195 0.02192820 0.03670896
v -0.07346154 0.02560512 0.03706949
v -0.07793354 0.02282389 0.03674036
v -0.08126794 0.02339703 0.03673904
v -0.07709113 0.02660154 0.03710361
v -0.07687675 0.02755770 0.03629756
v -0.08080155 0.02723983 0.03710216
v -0.08455595 0.02751211 0.03706756
v -0.08066474 0.02794675 0.03637585
v -0.08439435 0.02847215 0.03630776
v -0.08058554 0.02827622 0.03594231
v -0.08288795 0.02877387 0.03585372
v -0.07818555 0.02820239 0.03584763
v -0.08049513 0.02865746 0.03549556
v -0.07882475 0.02852653 0.03551275
v -0.08213514 0.02892890 0.03551652
v -0.08238712 0.02939565 0.03528067
v -0.08363513 0.02951090 0.03556336
v -0.08197113 0.02977903 0.03514324
v -0.08265594 0.03005792 0.03527842
v -0.08027195 0.02964836 0.03505907
v -0.08019274 0.03000395 0.03516485
v -0.07860793 0.02937260 0.03513907
v -0.07783674 0.02947687 0.03527250
v -0.07837993 0.02891026 0.03527477
v -0.07715114 0.02872532 0.03555466
v -0.07562154 0.02832036 0.03582935
v -0.07274715 0.02742294 0.03587613
v -0.07627753 0.02944764 0.03534218
v -0.08010713 0.03028295 0.03519712
v -0.07601114 0.02988063 0.03471413
v -0.07212394 0.02880340 0.03467606
v -0.07998234 0.03056891 0.03471409
v -0.07716633 0.02474841 0.03421685
v -0.08060874 0.02534501 0.03421720
v -0.07377034 0.02380757 0.03418437
v -0.07713114 0.02487114 0.03143062
v -0.07373513 0.02392955 0.03139740
v -0.08057274 0.02546689 0.03143024
v -0.08407274 0.02570545 0.03139580
v -0.08410794 0.02558280 0.03418283
v -0.08762633 0.02559824 0.03132859
v -0.08766233 0.02547542 0.03411484
v -0.09116153 0.02516380 0.03123075
v -0.09460474 0.02438800 0.03110289
v -0.09119674 0.02504192 0.03401770
v -0.09211193 0.03022430 0.03448581
v -0.09464074 0.02426594 0.03388905
v -0.09800154 0.02312988 0.03372906
v -0.09608234 0.02933058 0.03433764
v -0.09612633 0.02905383 0.03491138
v -0.09995593 0.02802003 0.03415337
v -0.10370473 0.02631831 0.03393364
v -0.09988634 0.02763147 0.03491926
v -0.09843594 0.02790446 0.03490790
v -0.10062794 0.02642628 0.03538371
v -0.10362393 0.02587268 0.03477925
v -0.10336155 0.02509089 0.03532899
v -0.10725755 0.02388063 0.03447935
v -0.10729593 0.02427123 0.03368511
v -0.11060795 0.02168798 0.03404603
v -0.10841593 0.02283722 0.03431325
v -0.10605353 0.02368095 0.03505981
v -0.10742713 0.02287957 0.03467082
v -0.10647034 0.02235569 0.03548165
v -0.10783593 0.02185498 0.03491611
v -0.10945355 0.01997421 0.03529810
v -0.10600235 0.02158047 0.03616822
v -0.10306233 0.02428069 0.03577143
v -0.10273193 0.02343060 0.03639313
v -0.09948875 0.02586926 0.03589718
v -0.09929513 0.02495232 0.03658997
v -0.09584233 0.02681972 0.03610640
v -0.09819914 0.02670806 0.03549128
v -0.09588233 0.02714235 0.03566873
v -0.09755193 0.02712671 0.03517743
v -0.09915513 0.02706351 0.03516368
v -0.09795033 0.02743366 0.03492709
v -0.09769594 0.02791958 0.03480186
v -0.09606475 0.02844504 0.03478202
v -0.09441434 0.02883243 0.03492479
v -0.09611594 0.02878582 0.03488445
v -0.09373113 0.02921592 0.03508406
v -0.09225274 0.02976611 0.03520644
v -0.09283513 0.02882070 0.03540035
v -0.09126314 0.02903123 0.03573457
v -0.09362153 0.02797625 0.03566131
v -0.09404315 0.02851940 0.03507364
v -0.09432713 0.02802094 0.03529823
v -0.09592873 0.02750810 0.03521951
v -0.09217914 0.02789383 0.03616971
v -0.08829833 0.02837241 0.03632341
v -0.09205355 0.02695603 0.03689430
v -0.09572393 0.02613095 0.03675773
v -0.09137994 0.02314191 0.03655240
v -0.08831915 0.02741746 0.03699750
v -0.08802394 0.02355722 0.03664495
v -0.08464233 0.02364234 0.03670794
v -0.09467834 0.02240115 0.03642986
v -0.09788793 0.02134154 0.03627908
v -0.10097674 0.01997366 0.03610138
v -0.10391594 0.01831158 0.03589936
v -0.10667674 0.01636967 0.03567402
v -0.10907513 0.01941969 0.03591665
v -0.10923354 0.01416761 0.03542741
v -0.11191994 0.01696960 0.03564268
v -0.11155993 0.01172559 0.03516227
v -0.11363434 0.00906898 0.03488093
v -0.11450874 0.01425289 0.03534808
v -0.11517674 0.01483699 0.03472816
v -0.11681754 0.01129558 0.03503504
v -0.11758794 0.01176177 0.03433772
v -0.11882314 0.00812694 0.03470787
v -0.12050795 0.00477781 0.03436827
v -0.11940953 0.00845275 0.03407772
v -0.11543674 0.00622128 0.03458662
v -0.11695115 0.00321095 0.03428212
v -0.11967594 0.00860299 0.03362041
v -0.12132794 0.00518509 0.03366080
v -0.12259914 0.00464099 0.03303929
v -0.12102234 0.00663096 0.03330322
v -0.12272953 0.00155450 0.03336075
v -0.12359595 0.00179982 0.03285770
v -0.12185435 0.00127910 0.03402039
v -0.12376074 -0.00218575 0.03292137
v -0.12450153 -0.00106162 0.03246668
v -0.12438394 -0.00352650 0.03228586
v -0.12415034 -0.00592691 0.03263404
v -0.12446074 -0.00588517 0.03216914
v -0.12467434 -0.00965923 0.03218583
v -0.12495593 -0.00819911 0.03182602
v -0.12457513 -0.01354090 0.03187564
v -0.12568075 -0.01059685 0.03152830
v -0.12550234 -0.01358874 0.03134336
v -0.12569033 -0.00901286 0.03138438
v -0.12657995 -0.00959234 0.03102693
v -0.12645754 -0.00568371 0.03122104
v -0.12623433 -0.00811592 0.03111734
v -0.12701115 -0.00961985 0.03020959
v -0.12640795 -0.01362775 0.03070728
v -0.12690234 -0.01361285 0.02983984
v -0.12597515 -0.01764226 0.03025123
v -0.12641753 -0.01758089 0.02947803
v -0.12527115 -0.02147666 0.02969992
v -0.12540955 -0.01905947 0.03006242
v -0.12522873 -0.01656830 0.03095296
v -0.12500073 -0.01812066 0.03050757
v -0.12408394 -0.01739083 0.03144166
v -0.12299754 -0.02100843 0.03118212
v -0.12414395 -0.01884686 0.03080166
v -0.12417514 -0.01956063 0.03037168
v -0.12330074 -0.02106900 0.03070821
v -0.12365515 -0.02113883 0.03021271
v -0.12287034 -0.02337782 0.03037501
v -0.12204794 -0.02463939 0.03075910
v -0.12324313 -0.02436352 0.02992010
v -0.12327914 -0.02274901 0.03007222
v -0.12359833 -0.02317082 0.02974717
v -0.12410075 -0.02295005 0.02958347
v -0.12410154 -0.02369509 0.02962618
v -0.12462553 -0.02134559 0.02964413
v -0.12498633 -0.02142652 0.02970292
v -0.12501275 -0.01971375 0.02988857
v -0.12468395 -0.01931352 0.03011046
v -0.12385115 -0.02515547 0.02954381
v -0.12423593 -0.02527321 0.02879665
v -0.12210473 -0.02883437 0.02927516
v -0.12262155 -0.02582102 0.03008186
v -0.12129275 -0.02852506 0.02993714
v -0.12045993 -0.02818903 0.03049674
v -0.11987755 -0.03118594 0.02958949
v -0.11852073 -0.03156820 0.03012238
v -0.11905915 -0.03254279 0.02916866
v -0.12012073 -0.03240795 0.02887853
v -0.11904954 -0.03353949 0.02872450
v -0.12052314 -0.03246697 0.02818736
v -0.12254955 -0.02894633 0.02848157
v -0.11816234 -0.03578516 0.02791622
v -0.11607114 -0.02964094 0.02852164
v -0.11785113 -0.02654749 0.02878159
v -0.11401114 -0.03253585 0.02828595
v -0.11603514 -0.02951822 0.02573539
v -0.11781513 -0.02642560 0.02599464
v -0.11397595 -0.03241396 0.02549899
v -0.11162395 -0.03510150 0.02528668
v -0.10900075 -0.03758640 0.02509741
v -0.11165995 -0.03522339 0.02807363
v -0.10617835 -0.03982431 0.02493479
v -0.11929113 -0.02321234 0.02626989
v -0.12041435 -0.01993442 0.02655713
v -0.11932713 -0.02333423 0.02905684
v -0.12045035 -0.02005630 0.02934410
v -0.12553593 -0.02147852 0.02912924
v -0.12121114 -0.01669255 0.02964522
v -0.12163355 -0.01323159 0.02996071
v -0.12117514 -0.01656980 0.02685819
v -0.12159755 -0.01310895 0.02717367
v -0.12169275 -0.00962559 0.02749657
v -0.12144074 -0.00619121 0.02782035
v -0.12172875 -0.00974831 0.03028280
v -0.12147595 -0.00631310 0.03060731
v -0.12085594 -0.00291382 0.03093381
v -0.12671913 -0.00564240 0.03058493
v -0.12600073 -0.00170648 0.03096283
v -0.12488155 0.00216039 0.03134123
v -0.12560875 -0.00185517 0.03178743
v -0.12443513 0.00202799 0.03224782
v -0.12563834 -0.00333857 0.03158757
v -0.12617034 -0.00570166 0.03121883
v -0.12552714 -0.00407361 0.03140174
v -0.12489595 -0.00257811 0.03201768
v -0.12506794 -0.00379593 0.03161263
v -0.12469274 -0.00418690 0.03185856
v -0.12482154 -0.00583729 0.03168513
v -0.12509593 -0.00747418 0.03153447
v -0.12555835 -0.00777261 0.03122113
v -0.12594153 -0.00740798 0.03107353
v -0.12580475 -0.00573200 0.03114871
v -0.12300474 0.00584675 0.03256433
v -0.12211913 0.00711947 0.03264305
v -0.12132954 0.00943307 0.03274340
v -0.12339355 0.00592399 0.03171635
v -0.12152473 0.00953545 0.03208265
v -0.11857995 0.00374695 0.03159103
v -0.11987993 0.00046019 0.03126447
v -0.11854395 0.00386892 0.02880487
v -0.11695675 0.00688327 0.03190940
v -0.11499435 0.00987407 0.03221987
v -0.11692154 0.00700524 0.02912323
v -0.11495914 0.00999681 0.02943283
v -0.11267354 0.01284132 0.02973549
v -0.11270875 0.01271936 0.03252166
v -0.11013273 0.01548969 0.03002249
v -0.11016873 0.01536704 0.03280953
v -0.10737833 0.01786823 0.03028838
v -0.10741355 0.01774549 0.03307542
v -0.10441355 0.01995738 0.03053108
v -0.10125195 0.02175951 0.03075036
v -0.10444955 0.01983549 0.03331804
v -0.10128793 0.02163686 0.03353740
v -0.09796554 0.02325177 0.03094209
v -0.11067914 0.02188597 0.03340865
v -0.11381594 0.01917729 0.03310519
v -0.11357674 0.01894621 0.03393405
v -0.11668715 0.01618496 0.03278039
v -0.11640393 0.01589968 0.03367742
v -0.11927594 0.01296345 0.03243843
v -0.11903433 0.01270372 0.03327017
v -0.11777195 0.01305954 0.03390658
v -0.11967835 0.01134652 0.03307854
v -0.11987993 0.01063232 0.03289222
v -0.11873514 0.01180078 0.03347751
v -0.12109274 0.00933346 0.03273653
v -0.12078475 0.00918863 0.03265540
v -0.12157914 0.00768165 0.03258897
v -0.12138955 0.00722289 0.03272030
v -0.12086555 0.00734883 0.03301398
v -0.12199513 0.00611611 0.03289264
v -0.11997835 0.00877187 0.03314835
v -0.11920873 0.01025091 0.03331246
v -0.11937434 0.01073753 0.03308265
v -0.11867513 0.01075158 0.03372687
v -0.11580955 0.01538386 0.03425670
v -0.11377594 0.01765700 0.03439408
v -0.11247515 0.01767478 0.03496396
v -0.11264633 0.01880699 0.03422061
v -0.11230873 0.01979717 0.03397717
v -0.11166233 0.01961209 0.03402391
v -0.11160874 0.01891249 0.03459031
v -0.11116873 0.01952669 0.03429381
v -0.10961753 0.02023149 0.03485012
v -0.10980155 0.02051655 0.03439051
v -0.10850634 0.02160329 0.03452330
v -0.10843195 0.02213350 0.03430277
v -0.10890073 0.02223727 0.03413556
v -0.11029195 0.02122990 0.03393609
v -0.11048073 0.02149014 0.03402975
v -0.11161675 0.02011766 0.03390155
v -0.11984395 0.00058293 0.02847742
v -0.12082073 -0.00279176 0.02814765
v -0.11772155 -0.03557912 0.02840608
v -0.11843034 -0.03401255 0.02856944
v -0.11829833 -0.03353550 0.02879566
v -0.11742953 -0.03538700 0.02835782
v -0.11631834 -0.03668807 0.02833179
v -0.11578554 -0.03672228 0.02851212
v -0.11567513 -0.03622532 0.02884006
v -0.11665434 -0.03487161 0.02894925
v -0.11636955 -0.03468491 0.02945552
v -0.11774713 -0.03359519 0.02907343
v -0.11800474 -0.03292722 0.02949594
v -0.08825113 0.02929989 0.03589571
v -0.08523034 0.02948417 0.03584101
v -0.08817593 0.03020291 0.03536113
v -0.08408953 0.03038693 0.03535148
v -0.08807353 0.03072035 0.03459676
v -0.08401593 0.03084300 0.03467369
v -0.07044793 0.02267851 0.03133419
v -0.07048315 0.02255587 0.03412122
v -0.06733833 0.02112289 0.03123968
v -0.06737352 0.02100015 0.03402672
v -0.06440314 0.01924557 0.03111237
v -0.06443914 0.01912283 0.03389942
v -0.06162473 0.01705864 0.03095347
v -0.06166073 0.01693600 0.03374050
v -0.05905033 0.01462566 0.03076865
v -0.05675114 0.01198834 0.03056012
v -0.05908633 0.01450292 0.03355568
v -0.05678714 0.01186560 0.03334717
v -0.05262473 0.01510196 0.03371578
v -0.05477513 0.00901195 0.03311377
v -0.05473994 0.00913469 0.03032672
v -0.05303833 0.00594771 0.03285650
v -0.05159753 0.00274411 0.03258108
v -0.05300313 0.00607053 0.03007026
v -0.04832313 0.00831327 0.03315344
v -0.04667353 0.00464490 0.03283789
v -0.04540393 0.00083962 0.03250394
v -0.04454473 -0.00308316 0.03215286
v -0.04563593 0.00070409 0.03268319
v -0.05049994 -0.00054517 0.03229337
v -0.05046473 -0.00042328 0.02950641
v -0.04975593 -0.00394068 0.03198819
v -0.04934633 -0.00744541 0.03166906
v -0.04972074 -0.00381871 0.02920202
v -0.04931113 -0.00732267 0.02888201
v -0.04922553 -0.01086040 0.02855415
v -0.04926153 -0.01098237 0.03134031
v -0.04948713 -0.01435566 0.02822442
v -0.04952234 -0.01447848 0.03101066
v -0.05011193 -0.01781346 0.02789173
v -0.05109193 -0.02123685 0.02755800
v -0.05014793 -0.01793620 0.03067877
v -0.05112793 -0.02135958 0.03034423
v -0.05242873 -0.02468622 0.03001283
v -0.05239273 -0.02456425 0.02722668
v -0.05401593 -0.02773064 0.02690570
v -0.04397993 -0.01112304 0.03141313
v -0.04407674 -0.00708610 0.03178812
v -0.04452392 -0.00723146 0.03218143
v -0.04493993 -0.00319071 0.03249895
v -0.04546633 -0.00182388 0.03256983
v -0.04585353 -0.00286153 0.03281402
v -0.04583913 -0.00119136 0.03251188
v -0.04588793 0.00058481 0.03266463
v -0.04622073 0.00045881 0.03257920
v -0.04674153 0.00205307 0.03281777
v -0.04615193 -0.00165334 0.03264354
v -0.04664794 -0.00147113 0.03293639
v -0.05156153 0.00286693 0.02979484
v -0.04520074 -0.01043060 0.03238235
v -0.04578473 -0.01724333 0.03113256
v -0.04535113 -0.01691983 0.03099150
v -0.09973194 -0.04544130 0.02067835
v -0.10645353 -0.04194277 0.02091287
v -0.10061513 -0.04762660 0.02044692
v -0.09245514 -0.04756822 0.02058819
v -0.09289354 -0.04988432 0.02035141
v -0.08490394 -0.04824261 0.02064633
v -0.08487993 -0.05059922 0.02041362
v -0.07736875 -0.04743803 0.02085169
v -0.07688233 -0.04974523 0.02063091
v -0.07013753 -0.04518517 0.02119452
v -0.06920873 -0.04735448 0.02099446
v -0.06348954 -0.04157067 0.02166262
v -0.06215354 -0.04351917 0.02149181
v -0.05767992 -0.03673447 0.02223869
v -0.05598794 -0.03838584 0.02210315
v -0.05293194 -0.03086062 0.02289862
v -0.04942793 -0.02417659 0.02361943
v -0.05094953 -0.03215256 0.02280414
v -0.05015753 -0.03268500 0.02287373
v -0.04723113 -0.02505979 0.02356829
v -0.04497513 -0.01737732 0.02436724
v -0.04634953 -0.02542068 0.02365683
v -0.04404393 -0.01756852 0.02447330
v -0.04626073 -0.02537289 0.02676442
v -0.05041834 -0.03330456 0.02590930
v -0.04626393 -0.02543360 0.02959267
v -0.04663433 -0.02553863 0.02683576
v -0.04416713 -0.01824473 0.02750491
v -0.04337834 -0.00932711 0.02840165
v -0.04439833 -0.01792204 0.02762766
v -0.04429513 -0.01872867 0.03028967
v -0.04449353 -0.01839057 0.03041408
v -0.04661914 -0.02562931 0.02966139
v -0.04740313 -0.01754033 0.03045004
v -0.04952874 -0.02477822 0.02969725
v -0.04735673 -0.01726191 0.02764414
v -0.04673833 -0.01002545 0.03120554
v -0.04669194 -0.00974789 0.02839972
v -0.04372473 -0.00970371 0.03128738
v -0.04755914 -0.00252449 0.03193510
v -0.04454634 -0.00220275 0.03201694
v -0.04751273 -0.00224693 0.02912928
v -0.04983513 0.00467591 0.03261045
v -0.04978793 0.00495356 0.02980461
v -0.04717673 0.00612108 0.03279808
v -0.05347753 0.01129831 0.03320639
v -0.05081913 0.01274272 0.03339409
v -0.05343114 0.01157588 0.03040057
v -0.05834633 0.01708782 0.03369952
v -0.05829993 0.01736624 0.03089361
v -0.05644794 0.01943645 0.03396438
v -0.06425594 0.02182315 0.03407105
v -0.06235753 0.02417170 0.03433512
v -0.06420954 0.02210157 0.03126515
v -0.07097753 0.02532168 0.03430557
v -0.07093113 0.02559934 0.03149974
v -0.07012793 0.02821604 0.03460726
v -0.07825433 0.02744868 0.03439652
v -0.07740472 0.03034371 0.03469733
v -0.07820793 0.02772710 0.03159062
v -0.08580555 0.02812299 0.03433759
v -0.08575834 0.02840055 0.03153177
v -0.08613354 0.03112237 0.03462952
v -0.09334153 0.02731763 0.03413310
v -0.09366955 0.03031787 0.03442496
v -0.09329435 0.02759605 0.03132721
v -0.10057193 0.02506573 0.03379018
v -0.10052554 0.02534415 0.03098428
v -0.10202874 0.02771396 0.03402816
v -0.10721995 0.02145105 0.03332130
v -0.10867673 0.02409946 0.03356005
v -0.10717353 0.02172947 0.03051539
v -0.11302954 0.01661417 0.03274610
v -0.11298315 0.01689249 0.02994020
v -0.11539275 0.01850806 0.03289425
v -0.11777753 0.01074100 0.03208531
v -0.12014074 0.01263489 0.03223346
v -0.11773113 0.01101942 0.02927940
v -0.12128155 0.00405697 0.03136449
v -0.12123515 0.00433463 0.02855866
v -0.12419113 0.00490730 0.03140044
v -0.12340714 -0.00318178 0.03061180
v -0.12631673 -0.00233068 0.03064766
v -0.12336075 -0.00290336 0.02780589
v -0.12407195 -0.01069572 0.02985701
v -0.12402555 -0.01041806 0.02705117
v -0.12708554 -0.01101754 0.02977438
v -0.12325033 -0.01819752 0.02912673
v -0.12626395 -0.01851936 0.02904490
v -0.12320394 -0.01791910 0.02632081
v -0.12097513 -0.02539792 0.02845138
v -0.12092873 -0.02511950 0.02564547
v -0.12363354 -0.02684318 0.02826376
v -0.11733355 -0.03202033 0.02785543
v -0.11999115 -0.03346466 0.02766852
v -0.11246394 -0.03780983 0.02736231
v -0.11728715 -0.03174191 0.02504952
v -0.11984395 -0.03335671 0.02484679
v -0.11241755 -0.03753227 0.02455649
v -0.11446635 -0.03975192 0.02430278
v -0.11446153 -0.04014488 0.02416941
v -0.11436235 -0.04015848 0.02709825
v -0.10845355 -0.04489371 0.02672671
v -0.11432234 -0.04054644 0.02696599
v -0.10884873 -0.04493241 0.02662206
v -0.10864233 -0.04480804 0.02380350
v -0.10827354 -0.04471361 0.02071858
v -0.10066554 -0.04895994 0.02352448
v -0.10824794 -0.04473446 0.02391187
v -0.10082394 -0.04859813 0.02365215
v -0.10650794 -0.04226666 0.02418567
v -0.10655433 -0.04254508 0.02699158
v -0.09978634 -0.04576537 0.02395037
v -0.09983274 -0.04604379 0.02675627
v -0.09255594 -0.04817061 0.02666610
v -0.10068234 -0.04893796 0.02645538
v -0.09340633 -0.05106479 0.02636520
v -0.10049273 -0.04928106 0.02632986
v -0.09375354 -0.05125126 0.02624646
v -0.09349915 -0.05105449 0.02343590
v -0.09316794 -0.05083645 0.02355790
v -0.08453833 -0.05185393 0.02350579
v -0.09307433 -0.05082288 0.02036453
v -0.10096873 -0.04851511 0.02046225
v -0.08486794 -0.05155620 0.02042859
v -0.07669273 -0.05068240 0.02065032
v -0.06883513 -0.04823443 0.02102340
v -0.07711674 -0.05106187 0.02370680
v -0.07738634 -0.05134382 0.02650903
v -0.07689835 -0.05073431 0.02383789
v -0.06853593 -0.04838854 0.02411430
v -0.06198874 -0.04482941 0.02457510
v -0.06839753 -0.04854308 0.02693590
v -0.06891194 -0.04824638 0.02421660
v -0.07019194 -0.04550924 0.02446654
v -0.06878153 -0.04843513 0.02703440
v -0.06213432 -0.04482063 0.02750249
v -0.07023834 -0.04578766 0.02727244
v -0.07746953 -0.04803966 0.02692952
v -0.06359034 -0.04217315 0.02774054
v -0.06354392 -0.04189474 0.02493464
v -0.05778073 -0.03733610 0.02831652
v -0.05773433 -0.03705768 0.02551061
v -0.05541753 -0.03923007 0.02816758
v -0.05303273 -0.03146293 0.02897732
v -0.05066953 -0.03335607 0.02882909
v -0.05298633 -0.03118451 0.02617141
v -0.05050473 -0.03292074 0.02604037
v -0.04948233 -0.02450066 0.02689143
v -0.05061993 -0.03374242 0.02869666
v -0.05501753 -0.03918289 0.02808484
v -0.05509513 -0.03908906 0.02525809
v -0.05550073 -0.03910043 0.02534526
v -0.05530873 -0.03905665 0.02215690
v -0.06162234 -0.04431360 0.02153146
v -0.06191674 -0.04444280 0.02470910
v -0.07714153 -0.05103989 0.02663769
v -0.07742234 -0.04776208 0.02412290
v -0.08500475 -0.04884492 0.02672502
v -0.08495833 -0.04856734 0.02391840
v -0.08467673 -0.05184430 0.02643310
v -0.08436633 -0.05208893 0.02631939
v -0.08482794 -0.05158094 0.02362227
v -0.09250954 -0.04789305 0.02386027
v -0.06223994 -0.04519588 0.02736895
v -0.10774874 -0.04391421 0.02069693
v -0.11468474 -0.03957642 0.02112129
v -0.11997594 -0.03328420 0.02165635
v -0.11401993 -0.03888889 0.02108998
v -0.11236314 -0.03720820 0.02128448
v -0.11918794 -0.03274420 0.02161333
v -0.12305273 -0.02571614 0.02224570
v -0.11723193 -0.03141793 0.02177753
v -0.12087435 -0.02479553 0.02237347
v -0.12315034 -0.01759513 0.02304882
v -0.12546794 -0.01807487 0.02296277
v -0.12397115 -0.01009331 0.02377830
v -0.12633914 -0.01011433 0.02373699
v -0.12330634 -0.00257929 0.02453388
v -0.12563354 -0.00213974 0.02453955
v -0.12118074 0.00465870 0.02528666
v -0.12337753 0.00554180 0.02533781
v -0.11767675 0.01134331 0.02600660
v -0.11965913 0.01263619 0.02610180
v -0.11292874 0.01721648 0.02666741
v -0.11462075 0.01886879 0.02680365
v -0.10711915 0.02205353 0.02724338
v -0.10047113 0.02566728 0.02771156
v -0.10845515 0.02400118 0.02741427
v -0.10899035 0.02477475 0.02759141
v -0.10139994 0.02783726 0.02791075
v -0.10177754 0.02869575 0.02810026
v -0.09372634 0.03022810 0.02827509
v -0.09324073 0.02792088 0.02805512
v -0.08572873 0.03108209 0.02849238
v -0.09391993 0.03114364 0.02847253
v -0.09359754 0.03091483 0.03155648
v -0.08574394 0.03201734 0.02869427
v -0.08617593 0.03170689 0.03175748
v -0.07753833 0.03128412 0.02875832
v -0.07721513 0.03090755 0.03182735
v -0.07771515 0.03036633 0.02855468
v -0.06964394 0.02897635 0.02866060
v -0.07004872 0.02881214 0.03173886
v -0.06999353 0.02810947 0.02845908
v -0.06233912 0.02517417 0.02840514
v -0.06207274 0.02466100 0.03145978
v -0.05592793 0.02003689 0.02800246
v -0.06285993 0.02439630 0.02820995
v -0.06415513 0.02242546 0.02799235
v -0.05658873 0.01937167 0.02781523
v -0.05142073 0.01322697 0.02729269
v -0.05824552 0.01769031 0.02762160
v -0.05337673 0.01190071 0.02712849
v -0.04973434 0.00527847 0.02653333
v -0.04755593 0.00619891 0.02666032
v -0.04745833 -0.00192210 0.02585719
v -0.04663753 -0.00942390 0.02512691
v -0.04514073 -0.00144226 0.02594325
v -0.04421193 -0.00126391 0.02608612
v -0.04426953 -0.00940280 0.02516901
v -0.04332153 -0.00940228 0.02529439
v -0.04418713 -0.00193989 0.02912013
v -0.04668554 0.00656070 0.02682014
v -0.05063673 0.01374534 0.02746653
v -0.04688713 0.00660479 0.02992249
v -0.04704073 0.00622268 0.02997617
v -0.04705753 0.00651134 0.03274438
v -0.05047433 0.01312652 0.03050845
v -0.05043193 0.01264528 0.03329615
v -0.05625273 0.01999708 0.03109393
v -0.05087354 0.01319068 0.03060331
v -0.05625113 0.01958598 0.03114730
v -0.05648473 0.01984256 0.03390910
v -0.06195832 0.02422938 0.03425294
v -0.04452793 -0.00172948 0.02923004
v -0.04422953 -0.00243907 0.03190481
v -0.04346873 -0.00938798 0.03122831
v -0.04730234 -0.01693784 0.02437212
v -0.07087673 0.02592417 0.02822765
v -0.07815353 0.02805099 0.02831782
v -0.08570474 0.02872538 0.02825970
v -0.06246954 0.02456920 0.03153814
v -0.06989273 0.02843219 0.03179795
v -0.07031435 0.02857804 0.03454514
v -0.07705434 0.03054824 0.03462853
v -0.07754954 0.03067050 0.03189299
v -0.08588954 0.03141492 0.03182782
v -0.08644074 0.03138598 0.03455639
v -0.09342154 0.03064087 0.03436676
v -0.10217835 0.02824150 0.03114896
v -0.09381913 0.03056836 0.03161301
v -0.10180475 0.02808035 0.03123351
v -0.10240954 0.02784014 0.03393988
v -0.10872554 0.02468229 0.03068737
v -0.11561915 0.01894279 0.03000430
v -0.10879995 0.02427763 0.03074090
v -0.10856794 0.02449285 0.03350604
v -0.11521675 0.01893525 0.03010475
v -0.11530315 0.01951873 0.02696667
v -0.12029514 0.01315837 0.02935388
v -0.11578955 0.01847987 0.03279016
v -0.12018794 0.01303939 0.03217834
v -0.12021274 0.01275557 0.02940964
v -0.12445354 0.00522602 0.02849962
v -0.12045435 0.01314624 0.02624913
v -0.12426235 0.00588200 0.02546683
v -0.12656874 -0.00197102 0.02465043
v -0.12729115 -0.01013650 0.02382927
v -0.12654635 -0.00190307 0.02775842
v -0.12651195 -0.00197428 0.03058612
v -0.12631914 -0.00224399 0.02782243
v -0.12733595 -0.01081983 0.02686160
v -0.12705354 -0.01054343 0.02698820
v -0.12733833 -0.01131580 0.02964677
v -0.12652714 -0.01820799 0.02614241
v -0.12382714 -0.02675183 0.02534078
v -0.12657835 -0.01826378 0.02897098
v -0.12639994 -0.01827487 0.02303754
v -0.12618954 -0.01843655 0.02622006
v -0.12367675 -0.02638870 0.02547394
v -0.12392713 -0.02609955 0.02230272
v -0.12374954 -0.02721436 0.02813062
v -0.12023994 -0.03327440 0.02475409
v -0.12037594 -0.03334906 0.02757892
v -0.12454314 0.00472989 0.03128320
v -0.12408313 0.00537260 0.02861435
v -0.04366393 -0.00962259 0.02846190
v -0.07997113 0.02848370 -0.03121670
v -0.07541593 0.02623585 -0.03135902
v -0.08407994 0.02592767 -0.03152906
v -0.08040312 0.03627271 -0.03054985
v -0.07263833 0.03581719 -0.03046547
v -0.08779753 0.03549384 -0.03074736
v -0.08046874 0.04153689 -0.03044373
v -0.08047672 0.04315042 -0.03074098
v -0.07152794 0.04113150 -0.03032500
v -0.08895673 0.04084158 -0.03065768
v -0.08924233 0.04244434 -0.03096671
v -0.09683913 0.03908562 -0.03096121
v -0.09476153 0.03378849 -0.03102702
v -0.10403673 0.03630636 -0.03135083
v -0.09737753 0.04064051 -0.03128310
v -0.10480234 0.03776483 -0.03168797
v -0.09774474 0.04177025 -0.03189836
v -0.09799835 0.04260967 -0.03286556
v -0.10532714 0.03882913 -0.03231353
v -0.08944074 0.04361208 -0.03157211
v -0.08958634 0.04447899 -0.03253081
v -0.08050154 0.04432988 -0.03133470
v -0.07109114 0.04389544 -0.03119214
v -0.08054234 0.04520868 -0.03228575
v -0.08058873 0.04586138 -0.03364021
v -0.07103435 0.04476887 -0.03213380
v -0.06171673 0.04359134 -0.03204923
v -0.07103992 0.04542281 -0.03348357
v -0.07107752 0.04590214 -0.03526604
v -0.06169034 0.04424086 -0.03339533
v -0.06173592 0.04472640 -0.03518083
v -0.05323113 0.04272492 -0.03335152
v -0.05328873 0.04321394 -0.03514058
v -0.05327913 0.04208314 -0.03200861
v -0.04632553 0.04125762 -0.03332545
v -0.04638953 0.04062595 -0.03198678
v -0.04639593 0.04174535 -0.03512163
v -0.04161273 0.04018450 -0.03328353
v -0.03864153 0.03947273 -0.03316536
v -0.04168794 0.03955726 -0.03194852
v -0.04169113 0.04065637 -0.03509259
v -0.03872473 0.03990229 -0.03501197
v -0.04185353 0.04097319 -0.03711681
v -0.03890153 0.04008596 -0.03710403
v -0.04205273 0.04111916 -0.03908045
v -0.04653913 0.04209997 -0.03712072
v -0.04671193 0.04231610 -0.03905764
v -0.05340313 0.04356987 -0.03712855
v -0.05353993 0.04379219 -0.03905161
v -0.06181832 0.04507174 -0.03715968
v -0.07112874 0.04623464 -0.03723716
v -0.06191274 0.04527987 -0.03907330
v -0.06200314 0.04534148 -0.04066905
v -0.07118155 0.04642619 -0.03914026
v -0.08067514 0.04683050 -0.03927737
v -0.07122634 0.04647417 -0.04072661
v -0.07125753 0.04637292 -0.04176649
v -0.08067833 0.04686724 -0.04085536
v -0.08972873 0.04609221 -0.04108621
v -0.08066953 0.04676010 -0.04188903
v -0.08065194 0.04656505 -0.04248692
v -0.08968314 0.04598479 -0.04211503
v -0.08962954 0.04579421 -0.04270855
v -0.09811515 0.04407146 -0.04244133
v -0.09802634 0.04388906 -0.04303166
v -0.10585913 0.04103726 -0.04286323
v -0.09819433 0.04417127 -0.04141577
v -0.10596713 0.04112718 -0.04184070
v -0.09824873 0.04413899 -0.03984869
v -0.08975834 0.04606033 -0.03951515
v -0.09826955 0.04397385 -0.03796513
v -0.10604154 0.04108984 -0.04027632
v -0.11306874 0.03694426 -0.04079476
v -0.10606874 0.04092689 -0.03839379
v -0.11309835 0.03678218 -0.03891312
v -0.10603353 0.04063707 -0.03643660
v -0.10591594 0.04021147 -0.03465551
v -0.09824473 0.04367446 -0.03600779
v -0.11304795 0.03650364 -0.03695626
v -0.11289434 0.03610411 -0.03517135
v -0.11917674 0.03126600 -0.03756595
v -0.11924073 0.03153066 -0.03952463
v -0.12440395 0.02515054 -0.03824582
v -0.11898874 0.03089653 -0.03577763
v -0.11863434 0.03040155 -0.03439882
v -0.12418553 0.02481681 -0.03645466
v -0.12377915 0.02438525 -0.03506856
v -0.12840554 0.01803470 -0.03718331
v -0.13152234 0.01069910 -0.03794798
v -0.12864794 0.01832779 -0.03897922
v -0.12795514 0.01767309 -0.03578976
v -0.12725994 0.01722179 -0.03477555
v -0.13104073 0.01041293 -0.03654673
v -0.13029675 0.01007629 -0.03552073
v -0.13283915 0.00273601 -0.03732374
v -0.13343355 -0.00513715 -0.03810031
v -0.13334073 0.00294088 -0.03873289
v -0.13206794 0.00252106 -0.03628584
v -0.13265194 -0.00522847 -0.03704911
v -0.13095195 0.00228201 -0.03556874
v -0.12922234 0.00966491 -0.03482169
v -0.13152155 -0.00529062 -0.03631521
v -0.12933835 0.00200165 -0.03510237
v -0.12988154 -0.00532090 -0.03582493
v -0.12354955 0.00128312 -0.03465949
v -0.12767515 0.00913831 -0.03438121
v -0.12479755 0.01588260 -0.03367691
v -0.12226395 0.00755292 -0.03402811
v -0.11361515 0.00539985 -0.03401031
v -0.11958155 0.01340509 -0.03341505
v -0.10966875 0.00825674 -0.03366466
v -0.11597673 0.01887407 -0.03282379
v -0.10517675 0.01256531 -0.03317145
v -0.12090074 0.02212251 -0.03300634
v -0.11185195 0.02393212 -0.03226438
v -0.10261513 0.01781557 -0.03261931
v -0.10703594 0.02824523 -0.03176600
v -0.11611435 0.02772568 -0.03238354
v -0.11049594 0.03252641 -0.03182481
v -0.11728155 0.02889109 -0.03275554
v -0.11146955 0.03385049 -0.03217819
v -0.12223355 0.02310249 -0.03339991
v -0.11808314 0.02975109 -0.03340641
v -0.11213993 0.03482522 -0.03281566
v -0.12314874 0.02382911 -0.03406552
v -0.11259994 0.03555544 -0.03379841
v -0.10568635 0.03962275 -0.03328817
v -0.12625355 0.01664631 -0.03409377
v -0.10125274 0.03143925 -0.03136177
v -0.10137354 0.02197221 -0.03219766
v -0.09640235 0.02218368 -0.03209348
v -0.09445754 0.01478802 -0.03277574
v -0.08989993 0.02321593 -0.03188687
v -0.08545994 0.01415491 -0.03269120
v -0.07925194 0.01956139 -0.03206471
v -0.07729353 -0.00236193 -0.03416692
v -0.09547194 0.00721060 -0.03352977
v -0.09914633 -0.00388547 -0.03466989
v -0.07237273 0.01525553 -0.03237167
v -0.06336394 0.01301548 -0.03244402
v -0.09546315 -0.01498961 -0.03569099
v -0.08533994 -0.02188462 -0.03619924
v -0.05869993 -0.00418576 -0.03404232
v -0.06144794 -0.01535102 -0.03517466
v -0.07159992 -0.02196190 -0.03598403
v -0.05992313 0.00712469 -0.03296073
v -0.05482313 0.00309752 -0.03326997
v -0.05751513 0.01402222 -0.03225092
v -0.05104873 0.01274472 -0.03226565
v -0.04869593 0.00863372 -0.03262595
v -0.04028553 0.01925608 -0.03139081
v -0.05087113 0.01741777 -0.03180987
v -0.04139433 0.02371084 -0.03100232
v -0.04968553 0.02095318 -0.03144880
v -0.04248233 0.02707273 -0.03072835
v -0.05247433 0.02061211 -0.03153030
v -0.04391913 0.02904044 -0.03059726
v -0.05547273 0.02102609 -0.03153975
v -0.05709914 0.02338518 -0.03133865
v -0.04581993 0.03030588 -0.03053469
v -0.04837033 0.03149609 -0.03047581
v -0.04085193 0.03519629 -0.03026800
v -0.04379593 0.03618484 -0.03027971
v -0.03967193 0.03677572 -0.03047256
v -0.03888393 0.03406621 -0.03020829
v -0.03782954 0.03597915 -0.03034265
v -0.03710793 0.03219549 -0.02998088
v -0.03665913 0.03529905 -0.02996555
v -0.03555273 0.03213560 -0.02898510
v -0.03597353 0.02746299 -0.03014123
v -0.03459673 0.02798543 -0.02918307
v -0.03468473 0.02233130 -0.03051312
v -0.03332873 0.01655265 -0.03100975
v -0.03330873 0.02289120 -0.02955793
v -0.03251833 0.02304395 -0.02755837
v -0.03188873 0.01725493 -0.03004555
v -0.03108473 0.01763523 -0.02805359
v -0.03070792 0.01128042 -0.03060369
v -0.02996153 0.01169236 -0.02863260
v -0.02995913 0.00496489 -0.03121038
v -0.03209033 0.01041075 -0.03157680
v -0.03120873 0.00391795 -0.03219542
v -0.03759193 0.00791490 -0.03243391
v -0.03666473 0.00079986 -0.03311542
v -0.04588873 0.00565057 -0.03286806
v -0.03890473 0.01401112 -0.03186548
v -0.04765913 0.00107254 -0.03334625
v -0.04877274 -0.00524824 -0.03398136
v -0.03541353 -0.00764202 -0.03393535
v -0.04754153 -0.01157576 -0.03457960
v -0.05499113 -0.01208279 -0.03475216
v -0.04566713 -0.01614331 -0.03499453
v -0.03631433 -0.01435132 -0.03465202
v -0.03290953 -0.01670468 -0.03481991
v -0.03685673 -0.01956699 -0.03517949
v -0.03771273 -0.02417472 -0.03563379
v -0.03336233 -0.02080084 -0.03523961
v -0.02888552 -0.02216110 -0.03521465
v -0.03380232 -0.02439075 -0.03558313
v -0.03387833 -0.02738309 -0.03582029
v -0.02892873 -0.02314533 -0.03530307
v -0.02904553 -0.02384183 -0.03534564
v -0.02852153 -0.02303502 -0.03477385
v -0.02847833 -0.02211274 -0.03468484
v -0.02856633 -0.02297668 -0.03391297
v -0.02874632 -0.02405426 -0.03487484
v -0.02875113 -0.02409389 -0.03402180
v -0.03224713 -0.03076882 -0.03560384
v -0.03164793 -0.03148541 -0.03478969
v -0.03481433 -0.03471873 -0.03608083
v -0.03812793 -0.03939955 -0.03671111
v -0.03370473 -0.03557536 -0.03526870
v -0.03882233 -0.02949307 -0.03613487
v -0.04355513 -0.03469272 -0.03673471
v -0.05213114 -0.02225595 -0.03569397
v -0.05424953 -0.02752115 -0.03624220
v -0.04870873 -0.01844716 -0.03526872
v -0.05549513 -0.03188541 -0.03668962
v -0.06247674 -0.02345057 -0.03598074
v -0.06088074 -0.03174099 -0.03676523
v -0.06808234 -0.03247813 -0.03695568
v -0.05559033 -0.04210264 -0.03772669
v -0.06352473 -0.04435765 -0.03810710
v -0.05181913 -0.04800281 -0.03847966
v -0.04873193 -0.03899221 -0.03727387
v -0.04294793 -0.04478543 -0.03762752
v -0.03841833 -0.04441173 -0.03654908
v -0.04403673 -0.04852405 -0.03837018
v -0.05147513 -0.05031850 -0.03909678
v -0.03959193 -0.04763475 -0.03723421
v -0.04423034 -0.05063696 -0.03916125
v -0.05139193 -0.05206029 -0.03991550
v -0.04373673 -0.05183650 -0.04008915
v -0.03989753 -0.04980163 -0.03792982
v -0.03770073 -0.04950205 -0.03562904
v -0.03955033 -0.05108294 -0.03861472
v -0.03855513 -0.05163185 -0.03905242
v -0.03754473 -0.05082199 -0.03611468
v -0.03700393 -0.05149546 -0.03631152
v -0.03682393 -0.05097070 -0.03193807
v -0.03647993 -0.05170424 -0.03203641
v -0.03679673 -0.05147095 -0.02541133
v -0.03688233 -0.04963018 -0.03157671
v -0.03682232 -0.05011725 -0.02514295
v -0.03655032 -0.04753027 -0.03110675
v -0.03737352 -0.04738090 -0.03505266
v -0.03648793 -0.04801913 -0.02478618
v -0.03574952 -0.04457030 -0.03059940
v -0.03571673 -0.04507393 -0.02440197
v -0.03442873 -0.04070311 -0.03010525
v -0.03645913 -0.04434964 -0.03445118
v -0.03488793 -0.04036608 -0.03386339
v -0.03305673 -0.03602937 -0.03332957
v -0.03614393 -0.04010437 -0.03586761
v -0.03134793 -0.03193963 -0.03288513
v -0.03285273 -0.03645461 -0.02965664
v -0.03293033 -0.03696854 -0.02370662
v -0.03130473 -0.03227158 -0.02926819
v -0.03164313 -0.03236024 -0.02339067
v -0.02932873 -0.02373611 -0.02855738
v -0.02969673 -0.02376123 -0.02284784
v -0.02914553 -0.02258044 -0.02845885
v -0.02888873 -0.02404070 -0.03212400
v -0.02874153 -0.02287034 -0.03201570
v -0.02872873 -0.02181509 -0.03191592
v -0.02878393 -0.02042196 -0.03178257
v -0.02907433 -0.02159038 -0.02836780
v -0.02853513 -0.02198367 -0.03381739
v -0.02858793 -0.02066761 -0.03369076
v -0.02869033 -0.01876384 -0.03350823
v -0.02853192 -0.02089321 -0.03456700
v -0.02889593 -0.02094890 -0.03508965
v -0.02867192 -0.01914043 -0.03439903
v -0.02895513 -0.01982506 -0.03495496
v -0.02994713 -0.00815039 -0.03335359
v -0.03055113 -0.00245694 -0.03280821
v -0.03220233 -0.01274406 -0.03436410
v -0.02928313 -0.00709591 -0.03238217
v -0.02893993 -0.00665268 -0.03044398
v -0.02953593 -0.00130512 -0.03182004
v -0.02900713 -0.00087727 -0.02987466
v -0.02875433 -0.00128410 -0.02636278
v -0.02930793 0.00534272 -0.02925918
v -0.02904953 0.00493781 -0.02572819
v -0.02969033 0.01145874 -0.02505290
v -0.02903433 0.00374601 -0.02009035
v -0.02913753 0.00293409 -0.01184864
v -0.02977432 0.01039593 -0.01934842
v -0.02861753 -0.00263561 -0.02077000
v -0.02868712 -0.00361043 -0.01258990
v -0.02851673 -0.00823008 -0.02134624
v -0.02873513 -0.00697706 -0.02693475
v -0.02915593 -0.01865816 -0.02239267
v -0.02847193 -0.00964286 -0.01322746
v -0.02862313 -0.01050030 -0.00374297
v -0.02879433 -0.02017864 -0.01428880
v -0.02898393 -0.02172654 -0.01444279
v -0.02859912 -0.02172648 -0.00487402
v -0.02876553 -0.02319631 -0.00501897
v -0.02875272 -0.02257928 0.00460035
v -0.02877833 -0.01136325 0.00574287
v -0.02915353 -0.02275338 0.01282057
v -0.02891833 -0.02404183 0.00445629
v -0.02938313 -0.02421601 0.01267570
v -0.02909753 -0.02500143 0.00437262
v -0.02894633 -0.02416122 -0.00510772
v -0.02931513 -0.02572205 0.00433892
v -0.02957193 -0.02521669 0.01259055
v -0.02977753 -0.02598827 0.01256197
v -0.02995033 -0.02534183 0.01827395
v -0.03011833 -0.02618491 0.01824532
v -0.02979513 -0.02426576 0.01836440
v -0.03003912 -0.02569609 0.02178056
v -0.03015113 -0.02584448 0.02366484
v -0.02998713 -0.02448376 0.02188303
v -0.03014633 -0.02658654 0.02175266
v -0.03043673 -0.02761155 0.02181066
v -0.03023993 -0.02676144 0.02363640
v -0.03028952 -0.02687141 0.02450294
v -0.03045832 -0.02786272 0.02369562
v -0.03051913 -0.02790655 0.02457080
v -0.03272313 -0.03639182 0.02466379
v -0.03246633 -0.03632150 0.02268363
v -0.03329833 -0.03593383 0.02564450
v -0.03472553 -0.04086071 0.02527051
v -0.03586073 -0.04016716 0.02629188
v -0.03719513 -0.04550213 0.02592112
v -0.03401273 -0.04096656 0.02323409
v -0.03587353 -0.04540802 0.02385816
v -0.03369033 -0.04067240 0.01952046
v -0.03245752 -0.03582586 0.01905507
v -0.03364313 -0.03993607 0.01357462
v -0.03528632 -0.04508428 0.02007081
v -0.03662633 -0.04904588 0.02060564
v -0.03510232 -0.04455411 0.01398569
v -0.03498472 -0.04374217 0.00518437
v -0.03638152 -0.04846578 0.01440133
v -0.03625433 -0.04766910 0.00541662
v -0.03715993 -0.05147666 0.01474736
v -0.03702874 -0.05065823 0.00559484
v -0.03749433 -0.05363265 0.01501550
v -0.03743593 -0.05209361 0.02106472
v -0.03776873 -0.05426947 0.02143939
v -0.03839193 -0.05263037 0.02498043
v -0.03872073 -0.05484663 0.02544036
v -0.03746633 -0.04949820 0.02445738
v -0.04067993 -0.05325965 0.02707143
v -0.04515513 -0.05433134 0.02798398
v -0.03949513 -0.04992652 0.02653946
v -0.04098954 -0.05553737 0.02760750
v -0.04064473 -0.05693212 0.02818667
v -0.04535514 -0.05656544 0.02856309
v -0.04487273 -0.05791874 0.02936966
v -0.05252873 -0.05808310 0.02885392
v -0.05219754 -0.05932286 0.02975923
v -0.05260154 -0.05621753 0.02826440
v -0.06151994 -0.05965579 0.02882222
v -0.06170073 -0.05812558 0.02823184
v -0.07130474 -0.06080107 0.02867442
v -0.06134153 -0.06075353 0.02975588
v -0.06124073 -0.06149713 0.03110903
v -0.07124795 -0.06180272 0.02962012
v -0.08118154 -0.06210074 0.02947962
v -0.07124632 -0.06251744 0.03097358
v -0.07131113 -0.06297817 0.03276463
v -0.08124953 -0.06278639 0.03083337
v -0.09062394 -0.06191827 0.03078310
v -0.08132473 -0.06324765 0.03261160
v -0.08139833 -0.06353025 0.03456807
v -0.09072634 -0.06237349 0.03255752
v -0.09080073 -0.06266554 0.03450770
v -0.09938795 -0.06038407 0.03261567
v -0.09925114 -0.05994089 0.03084166
v -0.09947194 -0.06067722 0.03456355
v -0.10725195 -0.05729587 0.03279093
v -0.11429433 -0.05313303 0.03308251
v -0.10707754 -0.05687132 0.03101557
v -0.10735034 -0.05758418 0.03473832
v -0.11440794 -0.05341161 0.03503134
v -0.10738474 -0.05774604 0.03660787
v -0.10736474 -0.05778309 0.03815132
v -0.09951114 -0.06083415 0.03643342
v -0.11444153 -0.05357430 0.03690017
v -0.12059354 -0.04830254 0.03731346
v -0.11440553 -0.05362194 0.03844227
v -0.12054555 -0.04836145 0.03885588
v -0.11431035 -0.05355132 0.03943297
v -0.12042715 -0.04831030 0.03984453
v -0.11417994 -0.05340749 0.03998374
v -0.10729434 -0.05769620 0.03914360
v -0.10719675 -0.05753223 0.03969557
v -0.09947194 -0.06075773 0.03897049
v -0.09941274 -0.06057604 0.03952228
v -0.09087673 -0.06270496 0.03891534
v -0.09950954 -0.06086062 0.03797821
v -0.09087433 -0.06282387 0.03792385
v -0.08151914 -0.06364661 0.03799369
v -0.09084953 -0.06281275 0.03637900
v -0.08146073 -0.06365741 0.03644621
v -0.07147754 -0.06332929 0.03663917
v -0.07157193 -0.06328449 0.03819689
v -0.07139913 -0.06323853 0.03474218
v -0.06153594 -0.06219745 0.03692501
v -0.06164473 -0.06209741 0.03851256
v -0.06146873 -0.06217202 0.03497026
v -0.05234314 -0.06060378 0.03726173
v -0.05235513 -0.06039199 0.03893695
v -0.05235353 -0.06069019 0.03519361
v -0.04485193 -0.05892615 0.03752971
v -0.04018792 -0.05755343 0.03753245
v -0.04392154 -0.05823329 0.03956744
v -0.04498553 -0.05916495 0.03533780
v -0.04024233 -0.05790563 0.03531656
v -0.04457753 -0.05908349 0.03305261
v -0.04335353 -0.05854791 0.03064538
v -0.05209593 -0.06052609 0.03304322
v -0.03991513 -0.05797747 0.03297763
v -0.03917033 -0.05781181 0.03068155
v -0.03714552 -0.05701077 0.03257976
v -0.03683754 -0.05705512 0.03003464
v -0.03533433 -0.05597043 0.03166716
v -0.03734713 -0.05677413 0.03507822
v -0.03546233 -0.05556766 0.03457023
v -0.03741032 -0.05628778 0.03737390
v -0.03559193 -0.05486293 0.03710285
v -0.03733433 -0.05546592 0.03926278
v -0.03967673 -0.05680822 0.03938723
v -0.03714473 -0.05416474 0.04055353
v -0.03572873 -0.05377877 0.03913824
v -0.03431353 -0.05148324 0.03898633
v -0.03588713 -0.05221919 0.04055096
v -0.03463033 -0.04928539 0.04059862
v -0.03609833 -0.05018936 0.04149189
v -0.03636632 -0.04759135 0.04212566
v -0.03700153 -0.05221382 0.04141314
v -0.03506153 -0.04685660 0.04167633
v -0.03370073 -0.04157232 0.04202244
v -0.03559433 -0.04452729 0.04234114
v -0.03470473 -0.03925941 0.04279584
v -0.03600473 -0.04252310 0.04270656
v -0.03655353 -0.04388101 0.04265088
v -0.03570552 -0.03808805 0.04316215
v -0.03531673 -0.03085594 0.04390505
v -0.03651033 -0.03822307 0.04328263
v -0.03636073 -0.03068206 0.04407491
v -0.03712793 -0.03881207 0.04330244
v -0.03758793 -0.03930793 0.04328875
v -0.03708793 -0.03087923 0.04414538
v -0.03711273 -0.04506799 0.04260132
v -0.03757353 -0.04584328 0.04255863
v -0.03702633 -0.04934881 0.04203133
v -0.03760073 -0.05037680 0.04197868
v -0.03790553 -0.05342321 0.04138755
v -0.03810154 -0.05091239 0.04192154
v -0.03853113 -0.05110619 0.04182525
v -0.03874713 -0.05405849 0.04137905
v -0.03795434 -0.04627942 0.04249152
v -0.03794233 -0.03962728 0.04323161
v -0.03828233 -0.04644725 0.04237329
v -0.03823513 -0.03976247 0.04311012
v -0.03856793 -0.04645292 0.04222916
v -0.03848953 -0.03977546 0.04295704
v -0.03889273 -0.05110386 0.04170441
v -0.03881353 -0.04637829 0.04209140
v -0.03918713 -0.05100757 0.04158298
v -0.03901593 -0.04627589 0.04199830
v -0.03871353 -0.03972136 0.04280769
v -0.03890393 -0.03964499 0.04270354
v -0.03869353 -0.03143477 0.04368181
v -0.03888074 -0.03138527 0.04356589
v -0.03847753 -0.03146706 0.04384024
v -0.03867514 -0.02194560 0.04465780
v -0.03886313 -0.02192444 0.04453265
v -0.03865274 -0.01176878 0.04566756
v -0.03846233 -0.02195718 0.04482298
v -0.03844073 -0.01175411 0.04583734
v -0.03822233 -0.02193433 0.04498552
v -0.03820153 -0.01171957 0.04599792
v -0.03793753 -0.02186073 0.04510272
v -0.03823352 -0.03144953 0.04399847
v -0.03794793 -0.03134823 0.04411854
v -0.03758953 -0.03113886 0.04416184
v -0.03756953 -0.02173196 0.04513562
v -0.03703113 -0.02161736 0.04509997
v -0.03753753 -0.01160043 0.04612665
v -0.03697113 -0.01157827 0.04607537
v -0.03791513 -0.01166523 0.04610661
v -0.03750313 -0.00129456 0.04702134
v -0.03691593 -0.00137907 0.04694058
v -0.03746473 0.00858760 0.04766755
v -0.03789353 -0.00128946 0.04703209
v -0.03787993 0.00869896 0.04775125
v -0.03818553 -0.00134292 0.04694739
v -0.03818873 0.00859911 0.04774197
v -0.03842633 -0.00141206 0.04680400
v -0.03863593 -0.00146609 0.04664218
v -0.03843833 0.00842032 0.04765866
v -0.03851513 0.01710211 0.04834512
v -0.03864873 0.00828814 0.04752800
v -0.03882793 0.00819904 0.04740912
v -0.03872713 0.01684364 0.04827781
v -0.03889993 0.01669753 0.04818395
v -0.03897833 0.02360306 0.04886080
v -0.03877034 0.02395408 0.04884963
v -0.03914073 0.02341024 0.04879816
v -0.03961273 0.02801588 0.04924784
v -0.03942553 0.02835004 0.04916523
v -0.03975913 0.02781278 0.04921923
v -0.04105993 0.03074094 0.04949015
v -0.04118713 0.03054257 0.04949241
v -0.04381033 0.03245928 0.04963586
v -0.04089993 0.03101587 0.04935318
v -0.04069512 0.03139098 0.04891026
v -0.04367593 0.03270502 0.04946401
v -0.04822393 0.03404811 0.04953246
v -0.04350314 0.03298788 0.04897489
v -0.04328313 0.03328467 0.04800837
v -0.04807913 0.03430560 0.04902174
v -0.04789034 0.03455054 0.04804274
v -0.05487114 0.03579401 0.04906351
v -0.06323753 0.03726807 0.04908180
v -0.05498313 0.03553326 0.04958098
v -0.05471834 0.03603633 0.04808238
v -0.05452073 0.03622697 0.04651544
v -0.06312633 0.03752273 0.04810424
v -0.06297513 0.03772569 0.04654733
v -0.07244714 0.03867168 0.04807961
v -0.07251514 0.03840747 0.04905091
v -0.08199114 0.03908196 0.04797809
v -0.07234474 0.03888770 0.04653346
v -0.08193275 0.03930776 0.04644059
v -0.07222313 0.03902062 0.04464029
v -0.06280793 0.03784454 0.04464189
v -0.07209912 0.03902942 0.04264783
v -0.08184954 0.03945062 0.04455847
v -0.09102393 0.03869795 0.04435754
v -0.08175193 0.03946987 0.04257380
v -0.08164953 0.03931184 0.04073720
v -0.09093674 0.03872666 0.04237914
v -0.09081994 0.03857869 0.04054635
v -0.09947914 0.03682558 0.04207172
v -0.09956874 0.03678842 0.04404611
v -0.10728795 0.03379048 0.04165713
v -0.09933595 0.03669233 0.04024146
v -0.10711113 0.03367612 0.03983063
v -0.09912714 0.03631391 0.03878881
v -0.10683674 0.03333021 0.03838114
v -0.09884073 0.03565465 0.03768522
v -0.09067274 0.03818003 0.03909174
v -0.09049434 0.03749163 0.03798621
v -0.08155674 0.03890190 0.03928289
v -0.08148395 0.03820163 0.03817940
v -0.07194472 0.03845249 0.03935461
v -0.07197114 0.03775768 0.03825778
v -0.07199753 0.03886285 0.04080644
v -0.06251512 0.03726630 0.03934436
v -0.06253754 0.03767160 0.04079351
v -0.06262954 0.03658694 0.03825726
v -0.05398473 0.03575375 0.03928733
v -0.05417513 0.03509467 0.03820943
v -0.05398553 0.03615077 0.04073329
v -0.04704633 0.03430022 0.03920829
v -0.04703193 0.03468810 0.04065193
v -0.04729353 0.03365636 0.03813771
v -0.04236153 0.03325229 0.03911744
v -0.04264153 0.03260323 0.03805140
v -0.03946153 0.03258109 0.03896698
v -0.04233673 0.03363542 0.04056155
v -0.03942873 0.03296514 0.04041264
v -0.04248874 0.03378594 0.04243590
v -0.04717433 0.03485728 0.04251075
v -0.03958634 0.03306623 0.04232250
v -0.04273513 0.03374970 0.04448338
v -0.03984873 0.03288600 0.04441743
v -0.04739993 0.03486395 0.04453783
v -0.04301433 0.03356113 0.04643041
v -0.04765273 0.03474843 0.04646786
v -0.04014873 0.03243203 0.04639595
v -0.04044313 0.03187220 0.04797825
v -0.03855672 0.03110810 0.04635130
v -0.03823993 0.03214165 0.04431535
v -0.03769033 0.02972028 0.04623832
v -0.03887673 0.02980595 0.04794714
v -0.03800393 0.02595533 0.04792971
v -0.03917993 0.02890182 0.04880745
v -0.03848713 0.02459988 0.04862715
v -0.03824473 0.01750824 0.04829867
v -0.03788874 0.01779727 0.04812649
v -0.03741032 0.01745554 0.04788585
v -0.03675193 0.01692281 0.04763306
v -0.03729593 0.02452065 0.04741540
v -0.03659033 0.02373070 0.04705900
v -0.03704393 0.02877496 0.04596108
v -0.03633913 0.02811145 0.04559921
v -0.03673353 0.03106132 0.04391740
v -0.03736793 0.03152539 0.04415940
v -0.03643354 0.03215813 0.04161457
v -0.03604473 0.03065499 0.04352325
v -0.03576073 0.03196297 0.04110513
v -0.03509913 0.03019991 0.04290728
v -0.03376233 0.02960390 0.04202485
v -0.03484313 0.03167947 0.04013261
v -0.03537353 0.02750466 0.04516169
v -0.03400953 0.02679754 0.04459757
v -0.03561993 0.02307338 0.04671100
v -0.03424312 0.02234882 0.04630139
v -0.03579673 0.01639173 0.04737287
v -0.03442233 0.01577544 0.04706496
v -0.03591993 0.00799371 0.04734213
v -0.03601352 -0.00156175 0.04681100
v -0.03684953 0.00833105 0.04752290
v -0.03456233 0.00754270 0.04711086
v -0.03468392 -0.00185945 0.04663269
v -0.03267433 0.00694884 0.04677817
v -0.03043833 0.00637039 0.04620596
v -0.03252073 0.01497381 0.04663336
v -0.03282873 -0.00224758 0.04637097
v -0.03302312 -0.01217054 0.04557447
v -0.03062473 -0.00241290 0.04590195
v -0.03086793 -0.01207798 0.04514306
v -0.02826713 -0.00196084 0.04508786
v -0.02597913 -0.00093075 0.04377670
v -0.02858233 -0.01100701 0.04440747
v -0.02800793 0.00618802 0.04525543
v -0.02783512 0.01335393 0.04481985
v -0.02559193 0.00654345 0.04379175
v -0.02531673 0.01316031 0.04318141
v -0.02358233 0.00738433 0.04169474
v -0.02212233 0.00832307 0.03925907
v -0.02410313 0.00046314 0.04182995
v -0.02311913 0.01351495 0.04090975
v -0.02156793 0.01400385 0.03830220
v -0.02277273 0.01871931 0.03936398
v -0.02112313 0.01891805 0.03660546
v -0.02237673 0.02302291 0.03687232
v -0.02510953 0.01873836 0.04180228
v -0.02768633 0.01931718 0.04360947
v -0.02481913 0.02308013 0.03940247
v -0.02441993 0.02646951 0.03576612
v -0.02748952 0.02370400 0.04132976
v -0.02991033 0.02479440 0.04277113
v -0.02724313 0.02686901 0.03774891
v -0.02685993 0.02933383 0.03255317
v -0.02973353 0.02782439 0.03939842
v -0.02958553 0.02988649 0.03448439
v -0.03192473 0.02878544 0.04083353
v -0.03176713 0.03063841 0.03662150
v -0.03213352 0.02586541 0.04382692
v -0.03234473 0.02141487 0.04573676
v -0.03010233 0.02036153 0.04488824
v -0.03027673 0.01409972 0.04593567
v -0.03172713 0.03189980 0.03096461
v -0.03354953 0.03125388 0.03863405
v -0.03342873 0.03223544 0.03448067
v -0.03345993 0.03295997 0.02973724
v -0.03465432 0.03244787 0.03701774
v -0.03457753 0.03293909 0.03370562
v -0.03552713 0.03256282 0.03856199
v -0.03537833 0.03290236 0.03597990
v -0.03616713 0.03259099 0.03928198
v -0.03679033 0.03251898 0.03936560
v -0.03595593 0.03280879 0.03702489
v -0.03636632 0.03257789 0.03718317
v -0.03581433 0.03303657 0.03417101
v -0.03571753 0.03339830 0.02990625
v -0.03617592 0.03275264 0.03449785
v -0.03529913 0.03320033 0.03290509
v -0.03459592 0.03334207 0.03018689
v -0.03525913 0.03358428 0.02872494
v -0.03519832 0.03413149 0.02260915
v -0.03466954 0.03375181 0.02625581
v -0.03394473 0.03401062 0.02164682
v -0.03468873 0.03425131 0.02095368
v -0.03420153 0.03434551 0.01889072
v -0.03453113 0.03493477 0.01309794
v -0.03506233 0.03489635 0.01384393
v -0.03433913 0.03574939 0.00371585
v -0.03385593 0.03484749 0.01268540
v -0.03303752 0.03453140 0.01380423
v -0.03355912 0.03560026 0.00375979
v -0.03361433 0.03640879 -0.00517947
v -0.03238873 0.03531682 0.00381963
v -0.03275513 0.03628450 -0.00620820
v -0.03002793 0.03489062 0.00394689
v -0.02887593 0.03565621 -0.01008401
v -0.02604072 0.03472453 0.00420640
v -0.03215833 0.03396182 0.01709770
v -0.02921113 0.03325999 0.01806633
v -0.03185113 0.03625763 -0.00941197
v -0.03302873 0.03730297 -0.01766669
v -0.03126073 0.03648530 -0.01608259
v -0.03270553 0.03750610 -0.02213340
v -0.03091513 0.03665375 -0.02325378
v -0.03251913 0.03761398 -0.02688320
v -0.03076233 0.03639640 -0.02900729
v -0.02867593 0.03565597 -0.01969376
v -0.02574553 0.03518951 -0.01707076
v -0.02866472 0.03525383 -0.02673524
v -0.02606953 0.03424274 -0.02457128
v -0.02861193 0.03408927 -0.03192239
v -0.03076793 0.03530515 -0.03347254
v -0.02866313 0.03169545 -0.03578879
v -0.02625113 0.03278811 -0.03010878
v -0.02356073 0.03186520 -0.02782746
v -0.02631033 0.03033747 -0.03419621
v -0.02378873 0.02920484 -0.03201038
v -0.02640393 0.02641777 -0.03724512
v -0.02395993 0.02535683 -0.03516138
v -0.02876393 0.02770304 -0.03869612
v -0.02652073 0.02070081 -0.03955219
v -0.02665353 0.01360489 -0.04133956
v -0.02887913 0.02172166 -0.04090667
v -0.02411113 0.02005267 -0.03755255
v -0.02188473 0.01997194 -0.03480430
v -0.02431352 0.01358526 -0.03939102
v -0.02226553 0.01406425 -0.03671270
v -0.02461753 0.00615791 -0.04078809
v -0.02273193 0.00728407 -0.03813461
v -0.02496393 -0.00204239 -0.04178024
v -0.02684873 0.00544476 -0.04273212
v -0.02709673 -0.00360473 -0.04379651
v -0.02917192 0.00535105 -0.04403166
v -0.02939833 -0.00429985 -0.04515300
v -0.03135753 0.00569211 -0.04483058
v -0.02901032 0.01414627 -0.04264101
v -0.03122073 0.01483984 -0.04346008
v -0.03110233 0.02272322 -0.04178080
v -0.03309913 0.01549430 -0.04397209
v -0.03299273 0.02360124 -0.04234101
v -0.03445353 0.01598591 -0.04432864
v -0.03320393 0.00612529 -0.04532035
v -0.03453033 0.00645132 -0.04566026
v -0.03333753 -0.00392584 -0.04646417
v -0.03154633 -0.00425700 -0.04597500
v -0.03353513 -0.01397912 -0.04746064
v -0.03461513 -0.00369515 -0.04680092
v -0.03548633 -0.00360651 -0.04704622
v -0.03472953 -0.01375435 -0.04780002
v -0.03487193 -0.02295844 -0.04866796
v -0.03554473 -0.01376474 -0.04804742
v -0.03609432 -0.01387760 -0.04821859
v -0.03560232 -0.02316224 -0.04892004
v -0.03611433 -0.02342455 -0.04909710
v -0.03564313 -0.03120620 -0.04964408
v -0.03611273 -0.03170983 -0.04983145
v -0.03502234 -0.03060184 -0.04938240
v -0.03562873 -0.03752009 -0.05017053
v -0.03554553 -0.04178517 -0.05042369
v -0.03506713 -0.03631299 -0.04987214
v -0.03609753 -0.03830498 -0.05038029
v -0.03649593 -0.03874581 -0.05048633
v -0.03612713 -0.04281610 -0.05068108
v -0.03664233 -0.04335128 -0.05082188
v -0.03643913 -0.04580532 -0.05068780
v -0.03723673 -0.04780819 -0.05032007
v -0.03729193 -0.04642492 -0.05090854
v -0.03553113 -0.04460888 -0.05035055
v -0.03462873 -0.04258684 -0.04988000
v -0.03569593 -0.04654610 -0.04986641
v -0.03592233 -0.04792606 -0.04883685
v -0.03444233 -0.04462916 -0.04930489
v -0.03319353 -0.04172029 -0.04855360
v -0.03432553 -0.04629774 -0.04818682
v -0.03425353 -0.04763830 -0.04637328
v -0.03292393 -0.04406670 -0.04734008
v -0.03276793 -0.04595702 -0.04536514
v -0.03126873 -0.04106141 -0.04617396
v -0.02935993 -0.03770306 -0.04460674
v -0.03108633 -0.04376499 -0.04398624
v -0.03162153 -0.03752226 -0.04749611
v -0.02968873 -0.03284705 -0.04603469
v -0.03224392 -0.03394120 -0.04827250
v -0.03359673 -0.03924463 -0.04921729
v -0.03033593 -0.02580112 -0.04685621
v -0.03322872 -0.03160373 -0.04876712
v -0.03421993 -0.03044466 -0.04908301
v -0.03411513 -0.03692004 -0.04951204
v -0.03236953 -0.02401336 -0.04786805
v -0.03383033 -0.02312385 -0.04833777
v -0.03184473 -0.01447932 -0.04695769
v -0.02974073 -0.01451899 -0.04605641
v -0.02735752 -0.01306081 -0.04450806
v -0.02519913 -0.01062880 -0.04231789
v -0.02755433 -0.02186980 -0.04469209
v -0.02527993 -0.01870691 -0.04228592
v -0.02746153 -0.02894355 -0.04405111
v -0.02730552 -0.03436709 -0.04255083
v -0.02533753 -0.02547294 -0.04152712
v -0.02384392 -0.02167730 -0.03837649
v -0.02535832 -0.03096673 -0.03992571
v -0.02386873 -0.02722709 -0.03667618
v -0.02540952 -0.03512633 -0.03727245
v -0.02401193 -0.03144237 -0.03396185
v -0.02551513 -0.03827367 -0.03342804
v -0.02724233 -0.03832084 -0.04000188
v -0.02920553 -0.04118511 -0.04221293
v -0.02728553 -0.04123861 -0.03623362
v -0.02744393 -0.04346026 -0.03097870
v -0.02919593 -0.04373063 -0.03867665
v -0.03103993 -0.04578772 -0.04084823
v -0.02932873 -0.04567813 -0.03374197
v -0.03112473 -0.04735908 -0.03662754
v -0.02964232 -0.04731645 -0.02699471
v -0.03137353 -0.04868959 -0.03110521
v -0.03021353 -0.04893542 -0.01781561
v -0.02773912 -0.04526687 -0.02385835
v -0.02817992 -0.04686922 -0.01448151
v -0.02594713 -0.04253692 -0.02130334
v -0.02523033 -0.03859271 -0.01869910
v -0.02568872 -0.04068099 -0.02818101
v -0.02644632 -0.04381990 -0.01261308
v -0.02693832 -0.04466480 -0.00297146
v -0.02592553 -0.03962433 -0.01085904
v -0.02555753 -0.03526798 -0.00913805
v -0.02643032 -0.04033173 -0.00228210
v -0.02635993 -0.04098196 0.00631241
v -0.02586552 -0.03603611 -0.00162115
v -0.02585913 -0.03651658 0.00592633
v -0.02469193 -0.03586514 -0.00136014
v -0.02455513 -0.03495441 -0.00675426
v -0.02085433 -0.02952400 -0.00326620
v -0.02474553 -0.03592401 0.00410997
v -0.02471593 -0.03513066 0.00952417
v -0.02090392 -0.02956967 0.00167915
v -0.02088633 -0.02884727 0.00657144
v -0.02051673 -0.02936276 0.00159403
v -0.02046312 -0.02930965 -0.00333359
v -0.01483753 -0.02985572 0.00164921
v -0.02050233 -0.02864686 0.00646928
v -0.01482313 -0.02913889 0.00652517
v -0.02042153 -0.02717939 0.01117412
v -0.01474233 -0.02767227 0.01123009
v -0.02027513 -0.02499796 0.01559091
v -0.02080232 -0.02737184 0.01129155
v -0.02065432 -0.02518076 0.01572427
v -0.02460233 -0.03350341 0.01474683
v -0.02534633 -0.03582753 0.01903836
v -0.02440873 -0.03108407 0.01965108
v -0.02413913 -0.02793155 0.02411420
v -0.02507593 -0.03423298 0.02414370
v -0.02482393 -0.03167727 0.02837252
v -0.02529673 -0.03943896 0.02623317
v -0.02553113 -0.04086592 0.02084325
v -0.02651433 -0.04366744 0.02823244
v -0.02517753 -0.03694963 0.03055390
v -0.02654233 -0.04122590 0.03258128
v -0.02513193 -0.03325099 0.03398684
v -0.02456472 -0.02806500 0.03182621
v -0.02659033 -0.03757945 0.03594309
v -0.02523673 -0.02797600 0.03668004
v -0.02663913 -0.03243157 0.03852363
v -0.02429673 -0.02326494 0.03456232
v -0.02525193 -0.02151760 0.03878073
v -0.02501593 -0.01427119 0.04035358
v -0.02404553 -0.01746807 0.03669652
v -0.02671752 -0.02573390 0.04054078
v -0.02895433 -0.02934509 0.04175357
v -0.02669433 -0.01766502 0.04210494
v -0.02640793 -0.00911051 0.04320541
v -0.02880873 -0.02058147 0.04327043
v -0.03119673 -0.02228275 0.04403076
v -0.03332153 -0.02230757 0.04454382
v -0.03177993 -0.03344759 0.04255827
v -0.03108713 -0.04029465 0.04052719
v -0.03384393 -0.03174243 0.04352458
v -0.03069673 -0.04487705 0.03826126
v -0.03304313 -0.04505287 0.04067173
v -0.02881912 -0.03620541 0.03981470
v -0.02859832 -0.04131098 0.03735854
v -0.02843993 -0.04478551 0.03413946
v -0.02835273 -0.04702030 0.02990330
v -0.03045433 -0.04792934 0.03528277
v -0.03237513 -0.05072050 0.03611084
v -0.03032153 -0.04984617 0.03133867
v -0.03028872 -0.05091778 0.02610842
v -0.03221913 -0.05220045 0.03265028
v -0.03216233 -0.05303151 0.02818943
v -0.03393113 -0.05410398 0.03376623
v -0.03384233 -0.05469866 0.03019338
v -0.03408633 -0.05306878 0.03669820
v -0.03384153 -0.05496537 0.02598697
v -0.03523433 -0.05614493 0.02852325
v -0.03396153 -0.05501511 0.02126830
v -0.03222793 -0.05338281 0.02246144
v -0.03246713 -0.05342202 0.01535936
v -0.03038073 -0.05135834 0.01911663
v -0.02839513 -0.04884533 0.01694484
v -0.03065273 -0.05134621 0.00967770
v -0.03132873 -0.05113545 -0.00428135
v -0.02853033 -0.04878461 0.00735711
v -0.02855353 -0.04814523 -0.00361704
v -0.02688793 -0.04538408 0.00670418
v -0.02658953 -0.04570515 0.01551727
v -0.02651112 -0.04513322 0.02263174
v -0.02591672 -0.04132901 0.01423563
v -0.02562473 -0.03655707 0.01297933
v -0.02833432 -0.04830306 0.02431637
v -0.03253673 -0.05114689 -0.01783535
v -0.03295753 -0.05347402 0.00869837
v -0.03321352 -0.05269612 -0.00466641
v -0.03375433 -0.05385114 0.00534568
v -0.03343513 -0.05208265 -0.01481785
v -0.03429273 -0.05342323 -0.00486109
v -0.03456873 -0.05430505 0.00413379
v -0.03513353 -0.05390856 -0.00499321
v -0.03428393 -0.05272307 -0.01390202
v -0.03439993 -0.05231597 -0.02021116
v -0.03501753 -0.05310645 -0.01447696
v -0.03566793 -0.05330980 -0.01534820
v -0.03489593 -0.05243129 -0.02240663
v -0.03548873 -0.05253974 -0.02418953
v -0.03465432 -0.05187996 -0.02770513
v -0.03400473 -0.05185213 -0.02289259
v -0.03440313 -0.05138025 -0.03157369
v -0.03531273 -0.05197363 -0.03033374
v -0.03594393 -0.05197022 -0.03161972
v -0.03526474 -0.05156596 -0.03450100
v -0.03544153 -0.05125271 -0.03753633
v -0.03617833 -0.05166622 -0.03590681
v -0.03695833 -0.05157073 -0.03877233
v -0.03802393 -0.05153429 -0.04102567
v -0.04219432 -0.05224531 -0.04134818
v -0.03572073 -0.05091809 -0.04006246
v -0.03869674 -0.05130870 -0.04332536
v -0.03594713 -0.05044379 -0.04255116
v -0.03894953 -0.05085634 -0.04561648
v -0.04334633 -0.05236238 -0.04383293
v -0.05085353 -0.05375288 -0.04438063
v -0.04368393 -0.05206546 -0.04610280
v -0.04348393 -0.05148824 -0.04821591
v -0.05104473 -0.05355503 -0.04653200
v -0.06015433 -0.05501237 -0.04691217
v -0.05097193 -0.05313229 -0.04855802
v -0.06016153 -0.05470623 -0.04885009
v -0.05093753 -0.05265378 -0.05018845
v -0.05149753 -0.05236316 -0.05112863
v -0.06022473 -0.05433698 -0.05041647
v -0.04249833 -0.05052796 -0.05008531
v -0.04429593 -0.05054632 -0.05098801
v -0.03889993 -0.04855805 -0.05070863
v -0.03825833 -0.04920452 -0.04940464
v -0.03882473 -0.05017304 -0.04772980
v -0.03605673 -0.04897825 -0.04712947
v -0.03606713 -0.04980396 -0.04496163
v -0.03420473 -0.04872260 -0.04400979
v -0.03270632 -0.04744113 -0.04266721
v -0.03417113 -0.04959691 -0.04123727
v -0.03273273 -0.04862306 -0.03927522
v -0.03417273 -0.05030223 -0.03819870
v -0.03286713 -0.04960412 -0.03522078
v -0.03424312 -0.05087408 -0.03499265
v -0.03313753 -0.05046359 -0.03065273
v -0.03183753 -0.04995173 -0.02422369
v -0.03352793 -0.05121622 -0.02634146
v -0.04010233 -0.04877820 -0.05101937
v -0.04088873 -0.04872961 -0.05118346
v -0.03798953 -0.04663756 -0.05101583
v -0.03853193 -0.04662330 -0.05103414
v -0.03709353 -0.04354875 -0.05084303
v -0.03748073 -0.04355397 -0.05079105
v -0.03684793 -0.03892337 -0.05047734
v -0.03716074 -0.03894214 -0.05039987
v -0.03680473 -0.03218247 -0.04990214
v -0.03648474 -0.03203576 -0.04992252
v -0.03708873 -0.03221231 -0.04981473
v -0.03680794 -0.02375439 -0.04915561
v -0.03649273 -0.02363959 -0.04918162
v -0.03708473 -0.02379264 -0.04906412
v -0.03680074 -0.01410126 -0.04826768
v -0.03648474 -0.01401016 -0.04829774
v -0.03707753 -0.01414800 -0.04817292
v -0.03678633 -0.00376203 -0.04726617
v -0.03646553 -0.00368833 -0.04729288
v -0.03706393 -0.00382366 -0.04717556
v -0.03677993 0.00668857 -0.04617215
v -0.03645273 0.00675899 -0.04617520
v -0.03705993 0.00659142 -0.04610691
v -0.03680233 0.01665191 -0.04501388
v -0.03709113 0.01645493 -0.04503027
v -0.03689592 0.02553715 -0.04383088
v -0.03645833 0.01675726 -0.04493361
v -0.03650713 0.02579856 -0.04353393
v -0.03601833 0.01663475 -0.04479265
v -0.03538713 0.01635488 -0.04459327
v -0.03603833 0.00675303 -0.04608295
v -0.03600153 0.02542019 -0.04328283
v -0.03532393 0.02484778 -0.04303394
v -0.03594713 0.03229960 -0.04144958
v -0.03670393 0.03381025 -0.04177105
v -0.03577832 0.03623759 -0.03919527
v -0.03521833 0.03145261 -0.04114897
v -0.03504713 0.03551144 -0.03886822
v -0.03424073 0.03073586 -0.04079230
v -0.03407593 0.03482743 -0.03841756
v -0.03286792 0.02993993 -0.04032798
v -0.03436313 0.02427262 -0.04273331
v -0.03271833 0.03402078 -0.03780422
v -0.03098313 0.02890739 -0.03967346
v -0.03085913 0.03295302 -0.03695559
v -0.03257913 0.03633384 -0.03474901
v -0.03390073 0.03708738 -0.03569149
v -0.03249513 0.03736837 -0.03111988
v -0.03375593 0.03806169 -0.03269389
v -0.03466393 0.03852132 -0.03372824
v -0.03368153 0.03827703 -0.02950987
v -0.03371593 0.03818802 -0.02619556
v -0.03452473 0.03866976 -0.03113167
v -0.03517193 0.03883497 -0.03192738
v -0.03446073 0.03855673 -0.02855224
v -0.03447273 0.03831776 -0.02549782
v -0.03502393 0.03865529 -0.02968296
v -0.03544553 0.03846475 -0.02995567
v -0.03495673 0.03838273 -0.02685031
v -0.03531353 0.03816634 -0.02729248
v -0.03497752 0.03799822 -0.02260417
v -0.03455194 0.03797081 -0.02134149
v -0.03506153 0.03743430 -0.01618359
v -0.03530313 0.03776827 -0.02307634
v -0.03550473 0.03720355 -0.02313537
v -0.03537353 0.03719013 -0.01657312
v -0.03556552 0.03662695 -0.01666446
v -0.03549912 0.03636965 -0.00723306
v -0.03568953 0.03580736 -0.00733172
v -0.03518553 0.03662743 -0.00699604
v -0.03565113 0.03542261 0.00358387
v -0.03584233 0.03485979 0.00348847
v -0.03533114 0.03569426 0.00363938
v -0.03580553 0.03447504 0.01440407
v -0.03548553 0.03476388 0.01427775
v -0.03594313 0.03365910 0.02374931
v -0.03599673 0.03391247 0.01431026
v -0.03613753 0.03309742 0.02364898
v -0.03599033 0.03288289 0.01402619
v -0.03583593 0.03382065 0.00330105
v -0.03569913 0.03115630 0.01354282
v -0.03613513 0.03207583 0.02327567
v -0.03626873 0.03152430 0.02967651
v -0.03585033 0.03036119 0.02266325
v -0.03519513 0.02771841 0.02179196
v -0.03601033 0.02981624 0.02896937
v -0.03627513 0.02949024 0.03290972
v -0.03539113 0.02717095 0.02799299
v -0.03574313 0.02682430 0.03187191
v -0.03427833 0.02335700 0.02672484
v -0.03470793 0.02294491 0.03053635
v -0.03290233 0.01859991 0.02529659
v -0.03407513 0.02390708 0.02063771
v -0.03279113 0.01906219 0.01931236
v -0.03396233 0.02465580 0.01183954
v -0.03503833 0.02850168 0.01282549
v -0.03267032 0.01980243 0.01068549
v -0.03381513 0.02554357 0.00164123
v -0.03488873 0.02940725 0.00242761
v -0.03251353 0.02067910 0.00068851
v -0.03363353 0.02645284 -0.00855198
v -0.03235913 0.02155779 -0.00930546
v -0.03350313 0.02723173 -0.01733792
v -0.03473512 0.03031857 -0.00796844
v -0.03463433 0.03110026 -0.01692671
v -0.03539353 0.03300626 -0.00761061
v -0.03528153 0.03380600 -0.01672508
v -0.03554392 0.03208158 0.00296528
v -0.03568393 0.03475943 -0.00742258
v -0.03556393 0.03557112 -0.01666609
v -0.03551913 0.03613993 -0.02305419
v -0.03559833 0.03651761 -0.02704879
v -0.03526313 0.03436397 -0.02301320
v -0.03542793 0.03472617 -0.02691377
v -0.03464553 0.03164022 -0.02310608
v -0.03356953 0.02772288 -0.02340304
v -0.03489353 0.03196961 -0.02693261
v -0.03387594 0.02798105 -0.02716290
v -0.03214233 0.02295006 -0.02385201
v -0.03076473 0.01753826 -0.02441123
v -0.03212473 0.02242429 -0.01790723
v -0.03084072 0.01674856 -0.01859671
v -0.03104233 0.01585792 -0.01015412
v -0.03119033 0.01499709 -0.00034286
v -0.02990313 0.00956879 -0.01102639
v -0.03005193 0.00871647 -0.00136231
v -0.03020953 0.00785872 0.00830312
v -0.02928633 0.00208336 -0.00228121
v -0.02883673 -0.00446371 -0.00307930
v -0.02944392 0.00122711 0.00728759
v -0.02899353 -0.00532309 0.00643352
v -0.02960633 0.00047016 0.01554789
v -0.02915193 -0.00608416 0.01464520
v -0.02980633 -0.00011206 0.02128287
v -0.03037433 0.00710365 0.01664605
v -0.03151433 0.01337400 0.01793909
v -0.03057913 0.00653600 0.02243825
v -0.03165193 0.01290156 0.02382223
v -0.03093113 0.00623652 0.02612186
v -0.03200633 0.01257485 0.02753994
v -0.03017433 -0.00049850 0.02492617
v -0.03167993 0.00577075 0.02823182
v -0.03279753 0.01205338 0.02963941
v -0.03088313 -0.00094353 0.02702600
v -0.03307113 0.00486092 0.02941111
v -0.03216393 -0.00188076 0.02821207
v -0.03426313 0.01116512 0.03076910
v -0.03860233 0.00233122 0.03096868
v -0.03991033 0.00839290 0.03207365
v -0.04691913 -0.00004923 0.03190824
v -0.03767514 -0.00476625 0.02986973
v -0.04869273 -0.00463399 0.03146610
v -0.03642153 -0.01319159 0.02864693
v -0.04980794 -0.01095545 0.03081659
v -0.03733433 -0.01985909 0.02828225
v -0.03142473 -0.00832760 0.02717153
v -0.03327833 -0.01797569 0.02724551
v -0.03083353 -0.01370001 0.02630041
v -0.03051353 -0.02405981 0.02539746
v -0.03408313 -0.02168143 0.02721433
v -0.03054553 -0.02505765 0.02531765
v -0.03452153 -0.02579816 0.02702103
v -0.03060873 -0.02616845 0.02524114
v -0.03490633 -0.02951394 0.02682603
v -0.03788153 -0.02510638 0.02798469
v -0.04670793 -0.02182760 0.02962423
v -0.03874633 -0.02974053 0.02777103
v -0.03987113 -0.03507398 0.02758424
v -0.04975513 -0.02415469 0.02966997
v -0.05318393 -0.02798876 0.02957690
v -0.05603274 -0.01782721 0.03054722
v -0.04857913 -0.01727445 0.03015156
v -0.05973433 -0.00994678 0.03141231
v -0.06249352 -0.02112627 0.03050652
v -0.07831753 -0.00818101 0.03193355
v -0.06353353 -0.02923898 0.02988990
v -0.05531354 -0.03327745 0.02931567
v -0.07265273 -0.02777193 0.03010265
v -0.06195193 -0.03753185 0.02917641
v -0.06915034 -0.03828616 0.02915172
v -0.05656794 -0.03765512 0.02904568
v -0.05668553 -0.04788420 0.02820357
v -0.04982233 -0.04472788 0.02817740
v -0.05293753 -0.05382214 0.02796255
v -0.06461752 -0.05016782 0.02810583
v -0.06213354 -0.05614524 0.02793553
v -0.07289594 -0.05185343 0.02792630
v -0.07167514 -0.05765411 0.02778646
v -0.08104154 -0.05256576 0.02776714
v -0.07589275 -0.04111864 0.02884864
v -0.07994393 -0.03357908 0.02951403
v -0.08064953 -0.04389315 0.02853010
v -0.08490394 -0.04110356 0.02873457
v -0.08865594 -0.05183903 0.02772625
v -0.09085513 -0.03823149 0.02891948
v -0.09573914 -0.05012015 0.02778104
v -0.09742633 -0.03741529 0.02889615
v -0.08638874 -0.02770541 0.02998824
v -0.09548315 -0.02904635 0.02972661
v -0.09651195 -0.02081145 0.03050221
v -0.10366553 -0.03303760 0.02922162
v -0.11291594 -0.04025022 0.02846468
v -0.10241994 -0.03750342 0.02881173
v -0.10623113 -0.02757260 0.02971036
v -0.11704313 -0.03515946 0.02889375
v -0.11072713 -0.02345980 0.03003994
v -0.10425674 -0.01728373 0.03073059
v -0.11467513 -0.02089746 0.03023105
v -0.12064955 -0.02970156 0.02936714
v -0.12587995 -0.03244769 0.02943488
v -0.12333273 -0.02386216 0.02989223
v -0.12461993 -0.01756738 0.03048412
v -0.12875835 -0.02569600 0.03004598
v -0.13042313 -0.01855334 0.03071427
v -0.13032154 -0.02624067 0.03043439
v -0.13205194 -0.01885201 0.03112619
v -0.13141915 -0.02665235 0.03109809
v -0.12735113 -0.03323017 0.02980137
v -0.12838075 -0.03380665 0.03045027
v -0.12332954 -0.03969754 0.02923648
v -0.12426795 -0.04042475 0.02987239
v -0.12198154 -0.03869851 0.02888843
v -0.11837515 -0.04550065 0.02875196
v -0.11919994 -0.04636253 0.02937648
v -0.11719355 -0.04431598 0.02841902
v -0.11255595 -0.05047836 0.02836057
v -0.11156794 -0.04913405 0.02804054
v -0.10586554 -0.05441439 0.02808560
v -0.11324875 -0.05145449 0.02897647
v -0.10641195 -0.05548453 0.02869406
v -0.11374234 -0.05218538 0.02994401
v -0.10680393 -0.05628020 0.02965685
v -0.11408154 -0.05273194 0.03130549
v -0.11978394 -0.04701085 0.03035019
v -0.12018475 -0.04750465 0.03171682
v -0.12493114 -0.04097974 0.03085441
v -0.12538394 -0.04140952 0.03222586
v -0.12910954 -0.03425450 0.03144163
v -0.12960474 -0.03461526 0.03281981
v -0.13219594 -0.02698587 0.03209967
v -0.13272395 -0.02726965 0.03348378
v -0.13399674 -0.01930345 0.03281902
v -0.13459274 -0.01142907 0.03357618
v -0.13319115 -0.01909161 0.03180637
v -0.13454394 -0.01950770 0.03421043
v -0.13487434 -0.01971011 0.03600446
v -0.13514554 -0.01154966 0.03497606
v -0.13547995 -0.01170422 0.03677413
v -0.13454554 -0.00359376 0.03576041
v -0.13272714 0.00416361 0.03654540
v -0.13487594 -0.00370115 0.03756338
v -0.13399834 -0.00355514 0.03435268
v -0.13319353 -0.00359109 0.03331507
v -0.13219914 0.00412179 0.03512889
v -0.12911434 0.01138186 0.03588588
v -0.13142235 0.00396491 0.03408012
v -0.12838554 0.01111041 0.03482530
v -0.13032474 0.00367660 0.03334768
v -0.13205354 -0.00370546 0.03260053
v -0.12735595 0.01065885 0.03407549
v -0.12876155 0.00322990 0.03286271
v -0.12333514 0.00171681 0.03238363
v -0.12588474 0.00997487 0.03356614
v -0.13042473 -0.00390608 0.03214069
v -0.13096794 -0.01122856 0.03141892
v -0.12462155 -0.00455375 0.03175231
v -0.11303834 -0.00460460 0.03183863
v -0.12493834 -0.01105016 0.03111395
v -0.11187195 -0.01040692 0.03129052
v -0.11303674 -0.01641397 0.03068900
v -0.10019514 -0.00970799 0.03152420
v -0.10425834 -0.00278018 0.03214332
v -0.11072954 0.00243503 0.03256230
v -0.09651915 0.00138799 0.03266431
v -0.09550473 0.00896483 0.03342886
v -0.10623595 0.00674243 0.03305242
v -0.11704873 0.01303720 0.03358802
v -0.10367433 0.01199310 0.03360773
v -0.11292314 0.01809525 0.03414742
v -0.10243353 0.01614893 0.03403750
v -0.10810553 0.02240828 0.03464501
v -0.09745435 0.01635952 0.03413292
v -0.10231673 0.02560069 0.03504939
v -0.09093353 0.01738822 0.03433667
v -0.09580795 0.02794739 0.03538280
v -0.08508154 0.02009301 0.03469679
v -0.08648235 0.00832739 0.03350177
v -0.08022953 0.01372373 0.03413893
v -0.07634953 0.02038832 0.03486652
v -0.07331275 0.00941312 0.03381717
v -0.06508714 0.01233899 0.03423308
v -0.07000233 0.01845610 0.03477770
v -0.06576873 0.02888649 0.03595095
v -0.06346553 0.01883376 0.03491903
v -0.05866233 0.02782027 0.03595758
v -0.05876072 0.02007654 0.03511656
v -0.05289193 0.02676005 0.03593712
v -0.05792232 0.01752372 0.03486095
v -0.05634232 0.01518056 0.03460277
v -0.04908794 0.02561403 0.03585449
v -0.04444713 0.03024196 0.03671763
v -0.04659353 0.02444714 0.03569196
v -0.04156553 0.02928838 0.03653366
v -0.04476393 0.02321875 0.03541341
v -0.05338953 0.01478698 0.03450242
v -0.03968233 0.02822003 0.03614334
v -0.04339513 0.02129721 0.03492632
v -0.03798953 0.02647415 0.03521246
v -0.04235513 0.01798966 0.03413632
v -0.05063033 0.01515008 0.03444261
v -0.05184953 0.01163173 0.03394797
v -0.05205913 0.00698504 0.03323386
v -0.05847913 0.00820901 0.03371628
v -0.06429754 0.00718044 0.03367413
v -0.06093274 0.00133529 0.03281996
v -0.05585354 -0.00265565 0.03211874
v -0.04972313 0.00290517 0.03251183
v -0.04127594 0.01359049 0.03314889
v -0.03562873 0.01683742 0.03220748
v -0.03415833 0.01762736 0.03113994
v -0.03690153 0.02186996 0.03366513
v -0.03550313 0.02257121 0.03265073
v -0.03644393 0.02661728 0.03402823
v -0.03675433 0.02935327 0.03508312
v -0.03674393 0.03106458 0.03594187
v -0.03751673 0.02949164 0.03617956
v -0.03723673 0.03112256 0.03706331
v -0.03861512 0.03006412 0.03678776
v -0.04037353 0.03079832 0.03711680
v -0.03810313 0.03139427 0.03762293
v -0.03974553 0.03187922 0.03790386
v -0.03784633 0.03221238 0.03867440
v -0.03778873 0.03261000 0.04011869
v -0.03702473 0.03206165 0.03803105
v -0.03661273 0.03205970 0.03669172
v -0.03639513 0.03220794 0.03426232
v -0.03625672 0.03253965 0.03013085
v -0.03644794 0.03119910 0.03369637
v -0.03605433 0.03309648 0.03026383
v -0.03795833 0.03261093 0.04212867
v -0.03706554 0.03233888 0.04186897
v -0.04328153 0.03163100 0.03728236
v -0.04786953 0.03269846 0.03736723
v -0.05463353 0.03411100 0.03742949
v -0.04890553 0.03132467 0.03680259
v -0.05546313 0.03269109 0.03685420
v -0.06350792 0.03408852 0.03687777
v -0.07238713 0.03519194 0.03685692
v -0.06293674 0.03556911 0.03746546
v -0.07210713 0.03671220 0.03745510
v -0.08144075 0.03714485 0.03736820
v -0.08142394 0.03561039 0.03676421
v -0.09027435 0.03644824 0.03717288
v -0.09845113 0.03464854 0.03687375
v -0.08997673 0.03492497 0.03656858
v -0.09789833 0.03317403 0.03627500
v -0.08880953 0.02964691 0.03566064
v -0.08136233 0.03041656 0.03585424
v -0.08093992 0.02264264 0.03501704
v -0.07351993 0.02994922 0.03593258
v -0.10511593 0.03039677 0.03589000
v -0.10589513 0.03177534 0.03647831
v -0.11158153 0.02661791 0.03541832
v -0.11256954 0.02786210 0.03599038
v -0.11720154 0.02181719 0.03485959
v -0.12198793 0.01621477 0.03423672
v -0.11838314 0.02290278 0.03541383
v -0.11920795 0.02363887 0.03619371
v -0.12333595 0.01711417 0.03476944
v -0.12427434 0.01771689 0.03553460
v -0.12493834 0.01809401 0.03660707
v -0.12539033 0.01828225 0.03803943
v -0.11979355 0.02411041 0.03727679
v -0.12019355 0.02436181 0.03871486
v -0.11375674 0.02926405 0.03787563
v -0.11409673 0.02956838 0.03931964
v -0.11326315 0.02871292 0.03678367
v -0.10644313 0.03271643 0.03728182
v -0.11430954 0.02965769 0.04114385
v -0.12043995 0.02442089 0.04053487
v -0.11442393 0.02959989 0.04311310
v -0.10738713 0.03374268 0.04362859
v -0.12056953 0.02434700 0.04250332
v -0.11445674 0.02944134 0.04498312
v -0.10742234 0.03358565 0.04549848
v -0.12060155 0.02418914 0.04437248
v -0.11442074 0.02922568 0.04650994
v -0.10740153 0.03336212 0.04702610
v -0.12055353 0.02398416 0.04590065
v -0.11432394 0.02898882 0.04747287
v -0.11419193 0.02875519 0.04798841
v -0.10732874 0.03311043 0.04798648
v -0.12043435 0.02376676 0.04686562
v -0.12027594 0.02355668 0.04738363
v -0.12564554 0.01766992 0.04618711
v -0.12546474 0.01748753 0.04670876
v -0.12987754 0.01086767 0.04545727
v -0.12578394 0.01786462 0.04522040
v -0.12584314 0.01805657 0.04369033
v -0.13003115 0.01103706 0.04448668
v -0.13009915 0.01121604 0.04295549
v -0.13316955 0.00365190 0.04371732
v -0.13499915 -0.00415670 0.04292702
v -0.13300394 0.00350996 0.04468920
v -0.13324315 0.00381531 0.04218370
v -0.13320953 0.00397563 0.04031511
v -0.13507673 -0.00400862 0.04139252
v -0.13504314 -0.00384914 0.03952320
v -0.13568234 -0.01203438 0.04060155
v -0.13560395 -0.01216628 0.04213682
v -0.13564794 -0.01187329 0.03873206
v -0.13507513 -0.02006144 0.03982918
v -0.13504154 -0.01990027 0.03796049
v -0.13499755 -0.02017708 0.04136603
v -0.13323993 -0.02789233 0.03909659
v -0.13320555 -0.02772964 0.03722775
v -0.13316633 -0.02799180 0.04063505
v -0.13009433 -0.03530060 0.03842525
v -0.13002715 -0.03538618 0.03996552
v -0.13006074 -0.03513859 0.03655728
v -0.12583675 -0.04215474 0.03782767
v -0.12580313 -0.04199196 0.03595882
v -0.12577833 -0.04222584 0.03936809
v -0.12564074 -0.04219824 0.04035508
v -0.12546074 -0.04210633 0.04090144
v -0.12987434 -0.03538366 0.04095101
v -0.13300154 -0.02801680 0.04161847
v -0.12967433 -0.03532266 0.04149404
v -0.12946314 -0.03523180 0.04173334
v -0.13278794 -0.02798976 0.04215928
v -0.13460395 -0.02023915 0.04288465
v -0.13256153 -0.02793388 0.04239487
v -0.13436953 -0.02021970 0.04311829
v -0.13235914 -0.02787388 0.04247970
v -0.13415915 -0.02019298 0.04320002
v -0.12927434 -0.03514115 0.04181991
v -0.13214635 -0.02782742 0.04275886
v -0.12907514 -0.03506207 0.04210222
v -0.13393914 -0.02018209 0.04347631
v -0.13222875 -0.02786586 0.04289619
v -0.12915193 -0.03511270 0.04223838
v -0.13402395 -0.02020842 0.04361485
v -0.13461754 -0.01235742 0.04437115
v -0.13453113 -0.01234481 0.04423239
v -0.13402554 -0.00450856 0.04514614
v -0.13393995 -0.00450899 0.04500548
v -0.13223113 0.00314413 0.04592155
v -0.13214874 0.00313075 0.04577977
v -0.12915515 0.01038067 0.04667609
v -0.12907755 0.01035668 0.04653377
v -0.12499193 0.01707259 0.04739531
v -0.12492074 0.01703641 0.04725179
v -0.11986233 0.02306924 0.04806217
v -0.11979994 0.02302333 0.04791724
v -0.11384794 0.02820596 0.04865950
v -0.11379434 0.02815200 0.04851456
v -0.10696074 0.03226016 0.04916621
v -0.10691754 0.03219885 0.04901962
v -0.09931354 0.03524137 0.04958058
v -0.09928073 0.03517437 0.04943374
v -0.09096714 0.03711611 0.04989870
v -0.09094313 0.03704421 0.04975075
v -0.08202234 0.03786402 0.05011620
v -0.08200313 0.03778813 0.04996865
v -0.07265593 0.03746259 0.05022568
v -0.07264074 0.03738501 0.05007750
v -0.06351353 0.03634319 0.05025537
v -0.06349913 0.03626536 0.05010562
v -0.05527753 0.03489699 0.05022625
v -0.05526154 0.03482146 0.05007464
v -0.04860793 0.03342402 0.05015398
v -0.04859033 0.03335537 0.04999928
v -0.04414153 0.03207237 0.05004139
v -0.04412393 0.03201535 0.04988229
v -0.04144233 0.03033662 0.04985885
v -0.04142553 0.03029353 0.04969432
v -0.04004393 0.02758787 0.04956585
v -0.04002714 0.02756134 0.04939726
v -0.03945193 0.02317879 0.04911973
v -0.03943513 0.02316811 0.04894954
v -0.03923513 0.01648183 0.04847819
v -0.03921834 0.01648472 0.04830665
v -0.03918152 0.00801398 0.04768018
v -0.03916553 0.00802914 0.04751061
v -0.03918313 -0.00165681 0.04676829
v -0.03916953 -0.00163261 0.04660184
v -0.03919913 -0.01188179 0.04579149
v -0.03918954 -0.01184852 0.04562655
v -0.03920473 -0.02198409 0.04480316
v -0.03919993 -0.02194370 0.04463669
v -0.03919833 -0.03139882 0.04386314
v -0.03919993 -0.03135300 0.04369530
v -0.03919993 -0.03961219 0.04302989
v -0.03920713 -0.03956245 0.04286006
v -0.03929993 -0.04619912 0.04235399
v -0.03931273 -0.04614734 0.04218155
v -0.03970394 -0.05076624 0.04188033
v -0.03971913 -0.05071293 0.04170692
v -0.04089434 -0.05386013 0.04155208
v -0.04091033 -0.05380607 0.04137860
v -0.04341913 -0.05602724 0.04130997
v -0.04343433 -0.05596979 0.04113776
v -0.04779913 -0.05778305 0.04109568
v -0.05451593 -0.05952783 0.04086339
v -0.04781113 -0.05772029 0.04092857
v -0.04749033 -0.05795943 0.04067681
v -0.05452393 -0.05945959 0.04070215
v -0.05425193 -0.05970477 0.04043895
v -0.06289514 -0.06104959 0.04047442
v -0.06269513 -0.06129342 0.04019982
v -0.06289195 -0.06112744 0.04062778
v -0.07221514 -0.06222218 0.04027146
v -0.07221833 -0.06230641 0.04041661
v -0.07209354 -0.06245961 0.03998899
v -0.08175033 -0.06262389 0.04013012
v -0.08170313 -0.06284977 0.03984247
v -0.08176233 -0.06271360 0.04026940
v -0.09081115 -0.06185928 0.04008946
v -0.09082393 -0.06207252 0.03979973
v -0.09083194 -0.06195186 0.04022500
v -0.09922234 -0.05996574 0.04015402
v -0.10689513 -0.05696870 0.04032638
v -0.09928314 -0.06016381 0.03986357
v -0.09925355 -0.06005609 0.04028693
v -0.10693673 -0.05705498 0.04045968
v -0.11383673 -0.05298218 0.04074423
v -0.11378473 -0.05290233 0.04061077
v -0.11985594 -0.04782788 0.04114842
v -0.11979515 -0.04775616 0.04101418
v -0.12498714 -0.04181626 0.04165140
v -0.12491674 -0.04175427 0.04151570
v -0.12509753 -0.04186485 0.04123175
v -0.11995274 -0.04789435 0.04072736
v -0.12526874 -0.04198320 0.04114233
v -0.12010314 -0.04803853 0.04063652
v -0.12027034 -0.04819002 0.04039285
v -0.11404153 -0.05323085 0.04022971
v -0.11391594 -0.05306398 0.04032229
v -0.10709034 -0.05733449 0.03994264
v -0.09934553 -0.06036305 0.03976943
v -0.10699433 -0.05715059 0.04003673
v -0.09084474 -0.06228271 0.03970828
v -0.09086474 -0.06250910 0.03946410
v -0.08167194 -0.06306653 0.03975813
v -0.07199672 -0.06267906 0.03991697
v -0.08163034 -0.06330169 0.03952205
v -0.08157674 -0.06351124 0.03898109
v -0.07186793 -0.06291738 0.03969810
v -0.06226314 -0.06173742 0.03995822
v -0.07171353 -0.06313160 0.03917451
v -0.06192792 -0.06193662 0.03947250
v -0.05293353 -0.06025427 0.03985900
v -0.04572873 -0.05837796 0.04032812
v -0.05356793 -0.06010591 0.04027183
v -0.04664233 -0.05830881 0.04060901
v -0.05399513 -0.05990771 0.04041192
v -0.06252073 -0.06150943 0.04014675
v -0.04717913 -0.05814553 0.04068104
v -0.04279993 -0.05636133 0.04093751
v -0.04230873 -0.05649857 0.04094809
v -0.04032553 -0.05415404 0.04121980
v -0.04310233 -0.05619292 0.04090129
v -0.04058953 -0.05400514 0.04115739
v -0.03941433 -0.05088067 0.04150187
v -0.03994793 -0.05427036 0.04130224
v -0.03942713 -0.05428194 0.04135486
v -0.04153753 -0.05652286 0.04085806
v -0.04034553 -0.05626061 0.04069985
v -0.03868713 -0.05546498 0.04060059
v -0.03883993 -0.01177715 0.04553654
v -0.03882073 -0.00150980 0.04651150
v -0.04391753 0.03226010 0.04966151
v -0.04841914 0.03359808 0.04976582
v -0.04833273 0.03380455 0.04972499
v -0.05512954 0.03506650 0.04983294
v -0.05506553 0.03528185 0.04978314
v -0.06340793 0.03651323 0.04985958
v -0.07259275 0.03763669 0.04983030
v -0.06336873 0.03673613 0.04980584
v -0.06331514 0.03699613 0.04960040
v -0.07257913 0.03786266 0.04977462
v -0.07255593 0.03812817 0.04956783
v -0.08201033 0.03826648 0.04966409
v -0.08202075 0.03853122 0.04945817
v -0.09101754 0.03751366 0.04944547
v -0.08199753 0.03804212 0.04971961
v -0.09097594 0.03729421 0.04950210
v -0.09934954 0.03541616 0.04918351
v -0.09941994 0.03562579 0.04912544
v -0.10701913 0.03242674 0.04876756
v -0.11392554 0.02836120 0.04825957
v -0.10711834 0.03262342 0.04870840
v -0.10722875 0.03285741 0.04850076
v -0.11405193 0.02854075 0.04819890
v -0.12010793 0.02336663 0.04759649
v -0.11995754 0.02320983 0.04766051
v -0.12527274 0.01732763 0.04692504
v -0.12946555 0.01058855 0.04620011
v -0.12510075 0.01719513 0.04699143
v -0.12927594 0.01048535 0.04626998
v -0.13236074 0.00322689 0.04551283
v -0.13415994 -0.00444775 0.04473559
v -0.13256313 0.00329917 0.04544044
v -0.13278953 0.00339259 0.04521798
v -0.13437035 -0.00440866 0.04466012
v -0.13460473 -0.00435182 0.04443410
v -0.13496634 -0.01231357 0.04387950
v -0.13475434 -0.01231929 0.04395804
v -0.13520474 -0.01229484 0.04365007
v -0.13543035 -0.01224971 0.04311487
v -0.13482634 -0.02023121 0.04234758
v -0.13482794 -0.00427010 0.04390246
v -0.12967755 0.01071686 0.04598138
v -0.09949755 0.03587435 0.04891876
v -0.09106153 0.03777281 0.04924012
v -0.09956554 0.03614125 0.04840629
v -0.09109434 0.03804920 0.04872670
v -0.09960874 0.03640489 0.04744552
v -0.09961034 0.03663241 0.04591751
v -0.09110473 0.03831759 0.04776466
v -0.09108073 0.03854716 0.04623320
v -0.08201753 0.03881151 0.04894357
v -0.12055995 -0.04813891 0.03544534
v -0.12566075 -0.04174268 0.03400731
v -0.12043113 -0.04787424 0.03349549
v -0.12990634 -0.03490787 0.03460522
v -0.13304395 -0.02751915 0.03527370
v -0.13006474 0.01137543 0.04108618
v -0.13304715 0.00410245 0.03835258
v -0.12991113 0.01148192 0.03912169
v -0.12961034 0.01150007 0.03730999
v -0.12566714 0.01830552 0.03985499
v -0.12580954 0.01821613 0.04182181
v -0.03332073 0.01816013 0.02904898
v -0.12065355 0.00756907 0.03299667
v -0.11467835 -0.00042249 0.03222556
v -0.13262395 -0.01127894 0.03185414
v -0.13377754 -0.01134061 0.03255181
v -0.09904634 -0.05931495 0.02948507
v -0.09876393 -0.05846507 0.02852566
v -0.09048873 -0.06126168 0.02942825
v -0.09031833 -0.06036546 0.02847304
v -0.08112475 -0.06115837 0.02852781
v -0.09010314 -0.05916108 0.02787279
v -0.09837674 -0.05731963 0.02792250
v -0.08981034 -0.05750338 0.02757433
v -0.08108474 -0.05989478 0.02793206
v -0.08106953 -0.05818321 0.02763461
v -0.07141913 -0.05945202 0.02808214
v -0.09782633 -0.05572996 0.02761962
v -0.10508713 -0.05293075 0.02777568
v -0.10228874 -0.04778337 0.02790317
v -0.10809273 -0.04459780 0.02811930
v -0.04405434 -0.05049020 0.02758668
v -0.03920553 -0.04496245 0.02693061
v -0.04462873 -0.04036178 0.02798704
v -0.03492233 -0.03269019 0.02658244
v -0.03079753 -0.02781554 0.02518074
v -0.03068552 -0.02711089 0.02519194
v -0.03019833 -0.02600763 0.02452869
v -0.03015913 -0.02491798 0.02462742
v -0.03014232 -0.02339577 0.02481293
v -0.03009993 -0.02468205 0.02376671
v -0.03002953 -0.02304228 0.02394603
v -0.02990473 -0.02276822 0.02205715
v -0.03002153 -0.01286668 0.02524780
v -0.02949833 -0.01254203 0.02323002
v -0.03032953 -0.00736233 0.02603169
v -0.02969033 -0.00695180 0.02396428
v -0.02933432 -0.00667244 0.02034379
v -0.02912153 -0.01253752 0.01961946
v -0.02892952 -0.01212527 0.01392891
v -0.02957672 -0.02273234 0.01851742
v -0.03134793 0.01413262 0.00947118
v -0.03587273 0.03496885 -0.02901095
v -0.03585992 0.03677939 -0.02925161
v -0.03637673 0.03704071 -0.03030784
v -0.03571353 0.03787677 -0.02965296
v -0.03613912 0.03812401 -0.03096185
v -0.03553833 0.03759575 -0.02724960
v -0.03702874 0.03840526 -0.03157947
v -0.03584472 0.03879596 -0.03210758
v -0.03691834 0.03904383 -0.03288185
v -0.03603753 0.03905550 -0.03457390
v -0.03535513 0.03881491 -0.03428600
v -0.03624954 0.03865065 -0.03696942
v -0.03701113 0.03939344 -0.03483540
v -0.03720472 0.03930875 -0.03706854
v -0.03743513 0.03864011 -0.03927352
v -0.03911993 0.03997710 -0.03914658
v -0.03647833 0.03723154 -0.03936110
v -0.03769113 0.03762674 -0.04111663
v -0.03797913 0.03687457 -0.04218435
v -0.03935273 0.03969183 -0.04083291
v -0.03957913 0.03936849 -0.04188344
v -0.04225913 0.04111368 -0.04071048
v -0.04244713 0.04097703 -0.04175727
v -0.04688713 0.04238654 -0.04067036
v -0.04703993 0.04230515 -0.04171868
v -0.05367513 0.04386902 -0.04065614
v -0.05378953 0.04379084 -0.04170478
v -0.06207593 0.04525246 -0.04171500
v -0.05388313 0.04361446 -0.04230776
v -0.04716793 0.04213035 -0.04231540
v -0.06213354 0.04506623 -0.04231860
v -0.05395753 0.04339716 -0.04259870
v -0.04727274 0.04191773 -0.04259795
v -0.05401593 0.04319262 -0.04272849
v -0.06217752 0.04484057 -0.04261271
v -0.07129034 0.04594991 -0.04266229
v -0.06221193 0.04463012 -0.04274593
v -0.06225994 0.04443178 -0.04296077
v -0.07129994 0.04573710 -0.04279608
v -0.08061513 0.04612424 -0.04291137
v -0.07131754 0.04553630 -0.04301067
v -0.07133194 0.04568736 -0.04325099
v -0.08060154 0.04592420 -0.04312604
v -0.08948632 0.04516993 -0.04334290
v -0.08062073 0.04607146 -0.04336597
v -0.08951353 0.04531210 -0.04358393
v -0.09782874 0.04342999 -0.04390292
v -0.09778954 0.04329348 -0.04366085
v -0.10546154 0.04044481 -0.04431768
v -0.10540873 0.04031644 -0.04407482
v -0.11234473 0.03638883 -0.04482583
v -0.11227755 0.03626935 -0.04458225
v -0.11835994 0.03125028 -0.04542618
v -0.11827914 0.03114307 -0.04518063
v -0.12349035 0.02525160 -0.04609607
v -0.12339675 0.02515820 -0.04584949
v -0.12765514 0.01855868 -0.04681760
v -0.13073115 0.01131953 -0.04757428
v -0.12755193 0.01848154 -0.04656943
v -0.12774395 0.01856049 -0.04636752
v -0.13062074 0.01125933 -0.04732541
v -0.13082635 0.01130755 -0.04712603
v -0.13241035 0.00362282 -0.04810004
v -0.13252553 0.00366506 -0.04835112
v -0.13262314 0.00363766 -0.04790374
v -0.13300075 -0.00420977 -0.04887346
v -0.13321595 -0.00422736 -0.04868033
v -0.13240795 -0.01204375 -0.04962824
v -0.13311755 -0.00418617 -0.04912588
v -0.13252315 -0.01203876 -0.04988281
v -0.13072714 -0.01969851 -0.05059964
v -0.13061594 -0.01968571 -0.05034444
v -0.12764954 -0.02694681 -0.05125570
v -0.12754554 -0.02691622 -0.05099907
v -0.12348234 -0.03365096 -0.05184102
v -0.11835033 -0.03966427 -0.05234461
v -0.12338874 -0.03360488 -0.05158273
v -0.12356314 -0.03374746 -0.05140116
v -0.11826874 -0.03960362 -0.05208538
v -0.11842233 -0.03977127 -0.05190531
v -0.11226155 -0.04474588 -0.05248997
v -0.11232955 -0.04481941 -0.05274953
v -0.10537514 -0.04881073 -0.05277452
v -0.11239034 -0.04493614 -0.05231166
v -0.10547434 -0.04901886 -0.05259762
v -0.11251995 -0.04512041 -0.05221675
v -0.10557515 -0.04922083 -0.05250335
v -0.11267194 -0.04534396 -0.05196916
v -0.11857754 -0.03993284 -0.05180867
v -0.12373995 -0.03388302 -0.05130231
v -0.11875834 -0.04013132 -0.05155957
v -0.12394554 -0.03405077 -0.05105067
v -0.11894075 -0.04035144 -0.05100599
v -0.11909835 -0.04057807 -0.05001274
v -0.11282634 -0.04559008 -0.05141779
v -0.12415194 -0.03424175 -0.05049519
v -0.12838394 -0.02743055 -0.04990053
v -0.12433035 -0.03444483 -0.04950029
v -0.12444395 -0.03464291 -0.04795112
v -0.12857754 -0.02760679 -0.04890270
v -0.12870075 -0.02779030 -0.04735258
v -0.13171675 -0.02021486 -0.04823374
v -0.13184635 -0.02038219 -0.04668284
v -0.13151035 -0.02006699 -0.04923435
v -0.13354794 -0.01240183 -0.04750338
v -0.13333513 -0.01228471 -0.04850572
v -0.13415355 -0.00439349 -0.04673316
v -0.13368155 -0.01255291 -0.04595009
v -0.13428873 -0.00452661 -0.04517765
v -0.13371195 -0.01271510 -0.04406763
v -0.13431913 -0.00468888 -0.04329598
v -0.13361034 -0.01286356 -0.04209731
v -0.13187675 -0.02054437 -0.04480038
v -0.13177995 -0.02067261 -0.04282807
v -0.12873115 -0.02795256 -0.04547092
v -0.12864315 -0.02806208 -0.04349648
v -0.12447435 -0.03480517 -0.04606946
v -0.12439675 -0.03489682 -0.04409359
v -0.11923193 -0.04095213 -0.04658294
v -0.11307994 -0.04622398 -0.04699704
v -0.11920153 -0.04078994 -0.04846540
v -0.11916713 -0.04102761 -0.04460548
v -0.11303033 -0.04628564 -0.04501855
v -0.11897995 -0.04096916 -0.04277656
v -0.11287755 -0.04619808 -0.04318693
v -0.12417914 -0.03487497 -0.04226742
v -0.11862554 -0.04071961 -0.04132544
v -0.11258313 -0.04589339 -0.04173169
v -0.11807434 -0.04025039 -0.04022443
v -0.12377273 -0.03468775 -0.04082130
v -0.12795035 -0.02796412 -0.04023392
v -0.12314233 -0.03431261 -0.03972854
v -0.12725515 -0.02769434 -0.03914986
v -0.12222714 -0.03370922 -0.03893289
v -0.12624873 -0.02724195 -0.03836798
v -0.12089514 -0.03279002 -0.03835471
v -0.11727275 -0.03951242 -0.03941819
v -0.11610634 -0.03840757 -0.03882491
v -0.11145274 -0.04449090 -0.03980871
v -0.10476233 -0.04842685 -0.04008289
v -0.11212315 -0.04534303 -0.04062358
v -0.11048073 -0.04322632 -0.03920253
v -0.10702075 -0.03876161 -0.03829163
v -0.10399834 -0.04702378 -0.03946730
v -0.10121595 -0.04194650 -0.03850862
v -0.09673754 -0.04982292 -0.03962176
v -0.09466633 -0.04428472 -0.03862981
v -0.08871754 -0.05159831 -0.03966283
v -0.09727274 -0.05133261 -0.04024352
v -0.09763674 -0.05235482 -0.04107024
v -0.08899595 -0.05317571 -0.04028582
v -0.07997194 -0.05391482 -0.04020027
v -0.08918954 -0.05425671 -0.04111387
v -0.08932794 -0.05497368 -0.04223098
v -0.07999273 -0.05505530 -0.04102798
v -0.07016874 -0.05470886 -0.04079667
v -0.08001913 -0.05581812 -0.04214529
v -0.08004554 -0.05625943 -0.04360851
v -0.07008554 -0.05553152 -0.04190958
v -0.06017993 -0.05450718 -0.04152609
v -0.07004393 -0.05600172 -0.04337229
v -0.07005354 -0.05614824 -0.04522210
v -0.06004313 -0.05500742 -0.04298337
v -0.05067753 -0.05364415 -0.04240239
v -0.06007753 -0.05514012 -0.04486352
v -0.05104314 -0.05312768 -0.04096763
v -0.07007993 -0.05606458 -0.04722210
v -0.08006474 -0.05640822 -0.04544845
v -0.08946475 -0.05552948 -0.04552953
v -0.08007513 -0.05634871 -0.04743315
v -0.08947593 -0.05548085 -0.04750991
v -0.08007833 -0.05614805 -0.04931625
v -0.07009912 -0.05582657 -0.04911781
v -0.08008712 -0.05586579 -0.05085941
v -0.08946313 -0.05530097 -0.04939174
v -0.08943673 -0.05503963 -0.05093521
v -0.09812235 -0.05332124 -0.04934226
v -0.09806873 -0.05307541 -0.05088739
v -0.10599433 -0.05023184 -0.04917035
v -0.09814555 -0.05349079 -0.04746067
v -0.10602314 -0.05039724 -0.04728837
v -0.09812554 -0.05353858 -0.04548037
v -0.10598873 -0.05044916 -0.04530926
v -0.09804634 -0.05340806 -0.04364583
v -0.09788715 -0.05302495 -0.04218562
v -0.08941914 -0.05538670 -0.04369300
v -0.10587274 -0.05033729 -0.04347605
v -0.10564474 -0.04998966 -0.04201710
v -0.10528635 -0.04937374 -0.04090512
v -0.10592073 -0.04999811 -0.05071667
v -0.11305033 -0.04606095 -0.04887876
v -0.11295995 -0.04583772 -0.05042565
v -0.10581433 -0.04973268 -0.05170817
v -0.10569355 -0.04946632 -0.05225757
v -0.09799594 -0.05279363 -0.05187653
v -0.09791514 -0.05251018 -0.05242361
v -0.08940634 -0.05474221 -0.05192029
v -0.08011514 -0.05555248 -0.05183805
v -0.08937594 -0.05444377 -0.05246326
v -0.08015193 -0.05524274 -0.05237250
v -0.08934714 -0.05416951 -0.05270227
v -0.08932313 -0.05394208 -0.05279106
v -0.08018793 -0.05495964 -0.05260357
v -0.09783753 -0.05224842 -0.05266782
v -0.09777113 -0.05203181 -0.05276034
v -0.09770633 -0.05180903 -0.05293550
v -0.09774474 -0.05189559 -0.05319695
v -0.08930153 -0.05370770 -0.05296336
v -0.08932472 -0.05379458 -0.05322800
v -0.08024713 -0.05448221 -0.05285337
v -0.08025833 -0.05456398 -0.05312335
v -0.08021754 -0.05472664 -0.05268569
v -0.07071994 -0.05410463 -0.05260026
v -0.07062713 -0.05435452 -0.05243926
v -0.07072154 -0.05417364 -0.05287875
v -0.06141034 -0.05297426 -0.05226521
v -0.06140393 -0.05302889 -0.05255320
v -0.06125034 -0.05322589 -0.05211289
v -0.05305033 -0.05145317 -0.05190673
v -0.05282713 -0.05169956 -0.05176618
v -0.05303593 -0.05149114 -0.05220443
v -0.04634714 -0.04981506 -0.05157608
v -0.04632713 -0.04984095 -0.05188142
v -0.04197993 -0.04819700 -0.05130854
v -0.04608313 -0.05005138 -0.05144699
v -0.04170713 -0.04841758 -0.05119069
v -0.04576393 -0.05024099 -0.05143760
v -0.04521593 -0.05042352 -0.05133402
v -0.04139513 -0.04858422 -0.05120932
v -0.05256474 -0.05191075 -0.05173129
v -0.06107274 -0.05345270 -0.05205793
v -0.05213193 -0.05213928 -0.05157324
v -0.06081353 -0.05371872 -0.05186476
v -0.07040394 -0.05487081 -0.05215178
v -0.06048473 -0.05400863 -0.05137330
v -0.07026154 -0.05518367 -0.05163310
v -0.07014633 -0.05551083 -0.05066353
v -0.07053033 -0.05458788 -0.05236837
v -0.03892873 -0.04650951 -0.05099009
v -0.03920394 -0.04636614 -0.05094742
v -0.03779673 -0.04346787 -0.05070965
v -0.03803673 -0.04334780 -0.05065177
v -0.03743113 -0.03887950 -0.05030406
v -0.03733993 -0.03217539 -0.04971150
v -0.03764793 -0.03878669 -0.05023700
v -0.03788633 -0.03865130 -0.05032137
v -0.03754873 -0.03211093 -0.04963757
v -0.03779192 -0.03201416 -0.04970760
v -0.03753913 -0.02374624 -0.04887421
v -0.03733113 -0.02378084 -0.04895435
v -0.03753512 -0.01415797 -0.04797654
v -0.03779513 -0.02369413 -0.04893171
v -0.03780473 -0.01414922 -0.04802485
v -0.03779513 -0.02371310 -0.04921685
v -0.03777752 -0.03203495 -0.05000220
v -0.03781913 -0.01416357 -0.04830402
v -0.03782793 -0.00393623 -0.04731138
v -0.03780393 -0.00392899 -0.04703150
v -0.03782152 0.00637347 -0.04629083
v -0.03779433 0.00636923 -0.04600498
v -0.03783033 0.01609519 -0.04532135
v -0.03780633 0.01607512 -0.04502505
v -0.03790473 0.02459243 -0.04447884
v -0.03788553 0.02455308 -0.04417418
v -0.03815913 0.03131309 -0.04383327
v -0.03814393 0.03125152 -0.04352557
v -0.03880553 0.03575065 -0.04344710
v -0.04026234 0.03853102 -0.04325618
v -0.03879273 0.03566685 -0.04314601
v -0.03859993 0.03585026 -0.04296907
v -0.04024873 0.03842559 -0.04296818
v -0.04298874 0.04017197 -0.04292018
v -0.04008473 0.03861068 -0.04277453
v -0.03995113 0.03880732 -0.04268334
v -0.04285273 0.04035886 -0.04271625
v -0.04274473 0.04055336 -0.04260635
v -0.04735593 0.04171968 -0.04272036
v -0.04746313 0.04152884 -0.04293113
v -0.05409433 0.04299748 -0.04294205
v -0.04747834 0.04166865 -0.04318800
v -0.04300314 0.04029738 -0.04319249
v -0.05410873 0.04314554 -0.04318929
v -0.06227432 0.04458268 -0.04320267
v -0.04260953 0.04077307 -0.04233898
v -0.03978233 0.03906389 -0.04244218
v -0.03823593 0.03638138 -0.04270083
v -0.03844073 0.03605695 -0.04290380
v -0.03750793 0.03197948 -0.04320235
v -0.03774233 0.03162706 -0.04334140
v -0.03719993 0.02513614 -0.04402052
v -0.03719993 0.03258737 -0.04279389
v -0.03744553 0.02486246 -0.04406377
v -0.03733672 0.01629629 -0.04498456
v -0.03764073 0.02470030 -0.04405310
v -0.03754232 0.01618696 -0.04493659
v -0.03792393 0.03142448 -0.04337250
v -0.03751833 0.00644317 -0.04594165
v -0.03730712 0.00650757 -0.04601325
v -0.03752473 -0.00389522 -0.04698344
v -0.03731113 -0.00386651 -0.04706593
v -0.03732393 -0.01416077 -0.04806068
v -0.03786153 -0.03866983 -0.05062583
v -0.03825353 -0.04319558 -0.05105702
v -0.03943513 -0.04618470 -0.05136606
v -0.03828313 -0.04317734 -0.05074770
v -0.03946553 -0.04616775 -0.05105339
v -0.04195353 -0.04821702 -0.05161930
v -0.10542795 -0.04889315 -0.05303479
v -0.06038073 -0.05358580 -0.04043033
v -0.06057514 -0.05217974 -0.03960761
v -0.07030073 -0.05348270 -0.03997194
v -0.06101914 -0.05027835 -0.03899387
v -0.07056793 -0.05176435 -0.03935508
v -0.07997035 -0.05228225 -0.03958043
v -0.07180873 -0.04602856 -0.03842078
v -0.07995993 -0.04673441 -0.03862804
v -0.07482472 -0.03530131 -0.03734170
v -0.07888714 -0.02776087 -0.03666756
v -0.07958075 -0.03807427 -0.03769256
v -0.08383993 -0.03528215 -0.03748674
v -0.08757914 -0.04600421 -0.03868213
v -0.08979512 -0.03241006 -0.03730262
v -0.09636473 -0.03159350 -0.03733002
v -0.10135673 -0.03168090 -0.03742335
v -0.09442953 -0.02322477 -0.03647783
v -0.10260474 -0.02721514 -0.03700543
v -0.10517193 -0.02174971 -0.03651350
v -0.11184393 -0.03441421 -0.03794704
v -0.11597194 -0.02932335 -0.03751797
v -0.11957754 -0.02386469 -0.03704467
v -0.10966634 -0.01763802 -0.03618623
v -0.12226073 -0.01802605 -0.03651950
v -0.12479274 -0.02654013 -0.03780896
v -0.12767195 -0.01978834 -0.03719787
v -0.12933673 -0.01264569 -0.03652959
v -0.12921914 -0.02025244 -0.03773575
v -0.13029355 -0.02054021 -0.03850283
v -0.13094954 -0.01286387 -0.03704395
v -0.13206634 -0.01297871 -0.03779462
v -0.13283834 -0.01301229 -0.03885740
v -0.13333914 -0.01297230 -0.04028294
v -0.13103675 -0.02069482 -0.03957675
v -0.13151914 -0.02073493 -0.04100872
v -0.12839994 -0.02807994 -0.04167435
v -0.13394074 -0.00501502 -0.03951723
v -0.13421595 -0.00485920 -0.04132668
v -0.13361275 0.00314454 -0.04053830
v -0.13371434 0.00333528 -0.04250483
v -0.13178393 0.01094824 -0.03974911
v -0.13187994 0.01115920 -0.04171367
v -0.13185033 0.01132147 -0.04359532
v -0.12873675 0.01855832 -0.04094170
v -0.12448155 0.02539885 -0.04020688
v -0.12870635 0.01872041 -0.04282415
v -0.12445113 0.02556111 -0.04208853
v -0.12858395 0.01880501 -0.04438282
v -0.13171994 0.01142139 -0.04515313
v -0.12839035 0.01880036 -0.04539704
v -0.12433755 0.02563106 -0.04364895
v -0.12415995 0.02560041 -0.04466538
v -0.11910793 0.03174889 -0.04296852
v -0.11895115 0.03169487 -0.04398662
v -0.11297833 0.03698982 -0.04235755
v -0.11921114 0.03169292 -0.04140629
v -0.11284474 0.03691539 -0.04337842
v -0.11269034 0.03676739 -0.04396416
v -0.11253833 0.03658944 -0.04424698
v -0.11876873 0.03157106 -0.04456997
v -0.10573594 0.04087044 -0.04345109
v -0.10561513 0.04067141 -0.04373582
v -0.09793834 0.04367528 -0.04331811
v -0.10551194 0.04048881 -0.04386461
v -0.09786395 0.04347897 -0.04344794
v -0.11240715 0.03642470 -0.04437355
v -0.11843275 0.03127641 -0.04497453
v -0.11858794 0.03141911 -0.04484977
v -0.12357275 0.02526561 -0.04564481
v -0.12374875 0.02538317 -0.04552316
v -0.12793834 0.01864808 -0.04624849
v -0.12395434 0.02550667 -0.04524612
v -0.12816395 0.01873915 -0.04597461
v -0.13127355 0.01141887 -0.04673841
v -0.13308794 0.00367921 -0.04752279
v -0.13151514 0.01144596 -0.04616465
v -0.13103353 0.01136421 -0.04700951
v -0.13283834 0.00366275 -0.04779048
v -0.13343355 -0.00423641 -0.04857007
v -0.13283514 -0.01213771 -0.04933096
v -0.13368635 -0.00425891 -0.04830570
v -0.13393914 -0.00430720 -0.04773803
v -0.13308553 -0.01219832 -0.04906998
v -0.13126873 -0.01994325 -0.04979513
v -0.13102793 -0.01984453 -0.05005270
v -0.12815754 -0.02727192 -0.05045839
v -0.12793114 -0.02713662 -0.05071239
v -0.12773675 -0.02703027 -0.05081393
v -0.13082075 -0.01976892 -0.05015678
v -0.13262073 -0.01209462 -0.04943821
v -0.13333754 0.00366903 -0.04695171
v -0.13355035 0.00361448 -0.04594279
v -0.13368315 0.00349754 -0.04438650
v -0.08953034 0.04536499 -0.04313014
v -0.08957595 0.04557054 -0.04299803
v -0.08063275 0.04633545 -0.04277822
v -0.12354795 -0.01173129 -0.03592680
v -0.12386634 -0.00521322 -0.03529706
v -0.11197595 -0.01059150 -0.03553803
v -0.11361274 -0.01507494 -0.03600402
v -0.11081275 -0.00458489 -0.03493327
v -0.10320314 -0.01146225 -0.03547384
v -0.11197754 0.00121719 -0.03438754
v -0.10320553 0.00304046 -0.03406183
v -0.07127834 0.04617983 -0.04236781
v -0.03556233 0.03813569 -0.03674882
v -0.03484793 0.03765380 -0.03634420
v -0.03731273 0.03742346 -0.03077968
v -0.03872552 0.03884452 -0.03183990
v -0.03903753 0.03797179 -0.03097147
v -0.04199592 0.03873357 -0.03104803
v -0.04264233 0.03764448 -0.03051646
v -0.04666473 0.03980608 -0.03107301
v -0.05349754 0.04124889 -0.03108535
v -0.04724873 0.03873064 -0.03052593
v -0.05396553 0.04014643 -0.03052670
v -0.04827433 0.03728386 -0.03027277
v -0.05219353 0.03265345 -0.03043294
v -0.05478873 0.03865078 -0.03026382
v -0.06274954 0.04003994 -0.03027399
v -0.05793112 0.03371214 -0.03042677
v -0.06496874 0.03476891 -0.03044052
v -0.06263834 0.02469958 -0.03130110
v -0.05796712 0.02594761 -0.03110653
v -0.06420473 0.01819122 -0.03195434
v -0.06912073 0.02431209 -0.03144387
v -0.06218074 0.04159732 -0.03054629
v -0.07124313 0.04272870 -0.03060934
v -0.06186074 0.04273561 -0.03111658
v -0.03562153 0.03396011 0.02347222
v -0.03490313 0.03578428 0.00367858
v -0.03477593 0.03667796 -0.00648574
v -0.03466393 0.03744761 -0.01524341
v -0.03426873 0.03657743 -0.00566919
v -0.03420073 0.03727257 -0.01352127
v -0.03377833 0.03699791 -0.01140560
v -0.03403193 0.03769973 -0.01879925
v -0.03344152 0.03714387 -0.01412181
v -0.03384233 0.03797575 -0.02270000
v -0.03543673 0.00665472 -0.04590905
v -0.03606552 -0.00362092 -0.04721442
v -0.03604633 -0.05252035 -0.02514103
v -0.03624234 -0.05332595 -0.01586839
v -0.03650873 -0.05222724 -0.02547281
v -0.03670313 -0.05303896 -0.01605322
v -0.03698474 -0.05227561 -0.01601014
v -0.03690713 -0.05399274 -0.00514315
v -0.03705593 -0.05495118 0.00576820
v -0.03643593 -0.05426428 -0.00513274
v -0.03719353 -0.05322762 -0.00511391
v -0.03721433 -0.05185185 -0.00506565
v -0.03734233 -0.05418403 0.00578517
v -0.03746313 -0.05502719 0.01518862
v -0.03736473 -0.05279827 0.00571745
v -0.03770553 -0.05566744 0.02170612
v -0.03716553 -0.05579064 0.01519218
v -0.03734873 -0.05641675 0.02175409
v -0.03668633 -0.05602886 0.01488567
v -0.03658553 -0.05520788 0.00560585
v -0.03609593 -0.05589034 0.01403234
v -0.03679113 -0.05661488 0.02137440
v -0.03611513 -0.05640365 0.02020502
v -0.03716233 -0.05706027 0.02565560
v -0.03620073 -0.05672968 0.02440828
v -0.03801033 -0.05695270 0.02598971
v -0.03803353 -0.05746216 0.02848035
v -0.03964713 -0.05755771 0.02861779
v -0.03647513 -0.05694822 0.02747432
v -0.03519913 -0.05615167 0.02522418
v -0.03524713 -0.05605235 0.02171586
v -0.03421193 -0.05499835 0.01679539
v -0.03537432 -0.05586623 0.01775982
v -0.03457593 -0.05501463 0.01317728
v -0.03544713 -0.05548446 0.01240600
v -0.03531753 -0.05476889 0.00447871
v -0.03488313 -0.05499830 0.01037198
v -0.03599433 -0.05511056 0.00518280
v -0.03583673 -0.05420129 -0.00508198
v -0.03856073 -0.05624618 0.02582785
v -0.03700393 -0.05091088 -0.01584659
v -0.03687673 -0.04972720 -0.00502189
v -0.03666792 -0.04880094 -0.01563733
v -0.03610232 -0.04675704 -0.00500442
v -0.03589674 -0.04584719 -0.01542364
v -0.03483353 -0.04284280 -0.00502635
v -0.03355113 -0.03798535 -0.00503133
v -0.03463272 -0.04199984 -0.01523944
v -0.03323753 -0.03734595 -0.01505351
v -0.03445193 -0.04123250 -0.02403628
v -0.03215833 -0.03251964 -0.01488007
v -0.03250473 -0.03311710 -0.00504140
v -0.02974793 -0.02445831 -0.01463939
v -0.02955513 -0.02573244 -0.00515725
v -0.02939192 -0.02352380 -0.01459743
v -0.02916393 -0.02488610 -0.00515145
v -0.02944153 -0.02270455 -0.02277394
v -0.02918233 -0.02273961 -0.01453875
v -0.02935353 -0.02170938 -0.02268823
v -0.02929193 -0.02043412 -0.02256715
v -0.02904873 -0.02031335 -0.02824529
v -0.02910073 -0.01826325 -0.02804772
v -0.02885913 -0.01841750 -0.03159004
v -0.02970713 -0.02656559 0.00436099
v -0.03013753 -0.02690733 0.01260127
v -0.03267273 -0.03395103 0.00478083
v -0.03258152 -0.03501207 0.01322367
v -0.03371352 -0.03884020 0.00497473
v -0.03042152 -0.02720435 0.01829390
v -0.03263673 -0.04838351 0.03874796
v -0.03502234 -0.02182409 0.04484258
v -0.03621913 -0.02160318 0.04500931
v -0.03482394 -0.01186795 0.04581663
v -0.03610473 -0.01165527 0.04597296
v -0.02459432 -0.00680153 0.04138778
v -0.02322712 -0.00456359 0.03922276
v -0.02270552 0.00205242 0.03955481
v -0.02367592 -0.01115047 0.03825178
v -0.02194553 -0.00439832 0.03650701
v -0.02246232 -0.00976672 0.03558804
v -0.01871593 -0.00104828 0.03099155
v -0.02141273 0.00104736 0.03657075
v -0.01829353 0.00387533 0.03106114
v -0.02087833 0.00643424 0.03577769
v -0.02035593 0.01163180 0.03414898
v -0.01786872 0.00874796 0.03035835
v -0.01745353 0.01344975 0.02890087
v -0.01748313 0.00883193 0.03011433
v -0.01180473 0.00833905 0.03017030
v -0.01791193 0.00397501 0.03082841
v -0.01706233 0.01351736 0.02864563
v -0.01138393 0.01302448 0.02870160
v -0.01665913 0.01791599 0.02645961
v -0.01098073 0.01742311 0.02651558
v -0.01628393 0.02191905 0.02360982
v -0.01705753 0.01786536 0.02672359
v -0.01985673 0.01651035 0.03172175
v -0.01669033 0.02188585 0.02387929
v -0.01636232 0.02541294 0.02043733
v -0.01939433 0.02094988 0.02855793
v -0.01897992 0.02484224 0.02473434
v -0.02076713 0.02301689 0.03402102
v -0.02038153 0.02651503 0.03047504
v -0.02197832 0.02650727 0.03326178
v -0.02009353 0.02933765 0.02580777
v -0.02163673 0.02935362 0.02831072
v -0.01991833 0.03148589 0.01990255
v -0.01862313 0.02809084 0.02034588
v -0.01833353 0.03061492 0.01550038
v -0.01608073 0.02835928 0.01648126
v -0.01565353 0.02835639 0.01621220
v -0.01585273 0.03065170 0.01210609
v -0.01541273 0.03063290 0.01184747
v -0.01568153 0.03223144 0.00741660
v -0.01557193 0.03305953 0.00252769
v -0.01523112 0.03219947 0.00717861
v -0.01811832 0.03235410 0.01031648
v -0.01979913 0.03282661 0.01267464
v -0.01798233 0.03326406 0.00492324
v -0.01959513 0.03392904 0.00479531
v -0.01792792 0.03332294 -0.00054767
v -0.01552633 0.03311362 -0.00243782
v -0.01795832 0.03252958 -0.00596107
v -0.01954633 0.03426979 -0.00315061
v -0.01936072 0.03416593 -0.01049544
v -0.02101913 0.03479535 -0.00445691
v -0.02296713 0.03522593 -0.00574884
v -0.02115432 0.03424894 0.00461843
v -0.02082073 0.03460682 -0.01276531
v -0.02300153 0.03485813 -0.01497592
v -0.02087432 0.03342351 -0.01954657
v -0.01930952 0.03304907 -0.01668036
v -0.02101833 0.03149186 -0.02491793
v -0.02322393 0.03371468 -0.02225807
v -0.02130232 0.02869714 -0.02909299
v -0.01942873 0.03107354 -0.02176831
v -0.01826473 0.02848299 -0.01608798
v -0.01968793 0.02824889 -0.02588166
v -0.01997912 0.02460476 -0.02916410
v -0.01853433 0.02533039 -0.02055189
v -0.01598872 0.02584046 -0.02062085
v -0.01887273 0.02152166 -0.02446504
v -0.01927192 0.01715129 -0.02773319
v -0.01625352 0.02237625 -0.02417787
v -0.01577113 0.02243056 -0.02414955
v -0.01656713 0.01840267 -0.02714579
v -0.01608392 0.01849006 -0.02709265
v -0.01691993 0.01402057 -0.02945112
v -0.01643913 0.01413945 -0.02938026
v -0.01972152 0.01232668 -0.03027387
v -0.01730392 0.00933772 -0.03103720
v -0.01770953 0.00447116 -0.03186669
v -0.01682713 0.00948646 -0.03095727
v -0.02021113 0.00716564 -0.03202494
v -0.02138232 0.00852389 -0.03515887
v -0.02072872 0.00179724 -0.03294391
v -0.02126073 -0.00364852 -0.03300845
v -0.02189913 0.00195249 -0.03605503
v -0.02320313 0.00000257 -0.03906472
v -0.02236233 -0.00474304 -0.03632281
v -0.02361833 -0.00758879 -0.03945394
v -0.02276392 -0.01126844 -0.03596207
v -0.02382232 -0.01500890 -0.03925894
v -0.02309913 -0.01730922 -0.03492319
v -0.02179513 -0.00903540 -0.03221538
v -0.02231833 -0.01423212 -0.03058594
v -0.01854472 -0.00533148 -0.03119427
v -0.01812552 -0.00045950 -0.03191869
v -0.01809273 -0.00512141 -0.03112774
v -0.01895513 -0.01002683 -0.02971170
v -0.01934793 -0.01443105 -0.02750984
v -0.01851353 -0.00980683 -0.02965903
v -0.01891593 -0.01420547 -0.02747301
v -0.01283432 -0.01029971 -0.02960306
v -0.01257993 -0.01022866 -0.02936819
v -0.01241353 -0.00561429 -0.03107177
v -0.01323753 -0.01469843 -0.02741784
v -0.01361273 -0.01870141 -0.02456724
v -0.01297993 -0.01459135 -0.02720026
v -0.01335193 -0.01856285 -0.02437213
v -0.01368712 -0.02204352 -0.02095654
v -0.01395112 -0.02221064 -0.02112306
v -0.01397833 -0.02494908 -0.01703432
v -0.01424393 -0.02513883 -0.01717042
v -0.01421592 -0.02720657 -0.01270447
v -0.01439673 -0.02876165 -0.00807294
v -0.01448393 -0.02741458 -0.01280577
v -0.02016312 -0.02692238 -0.01286087
v -0.01466552 -0.02898276 -0.00813675
v -0.01478473 -0.02980261 -0.00327841
v -0.02034473 -0.02848988 -0.00819271
v -0.02074073 -0.02870896 -0.00814094
v -0.02056393 -0.02714585 -0.01282796
v -0.02033032 -0.02487347 -0.01720996
v -0.02433993 -0.03321600 -0.01193728
v -0.02505913 -0.03413297 -0.01608477
v -0.02404952 -0.03069107 -0.01678285
v -0.02456873 -0.03238977 -0.02191633
v -0.02369353 -0.02744322 -0.02117124
v -0.02412713 -0.02994765 -0.02665790
v -0.02004472 -0.02194627 -0.02118099
v -0.02327913 -0.02355087 -0.02499484
v -0.02374872 -0.02670107 -0.03036274
v -0.01971432 -0.01843728 -0.02464284
v -0.02281673 -0.01911143 -0.02815865
v -0.02342393 -0.02253399 -0.03310841
v -0.01929113 -0.01820853 -0.02462321
v -0.01962953 -0.02171776 -0.02117903
v -0.01992233 -0.02464671 -0.01722632
v -0.02423593 -0.03465711 -0.03015569
v -0.02459833 -0.03702764 -0.02511095
v -0.01451433 -0.02957492 -0.00325305
v -0.01456713 -0.02962796 0.00163516
v -0.01455273 -0.02891751 0.00647236
v -0.01447273 -0.02746278 0.01113828
v -0.01432792 -0.02529775 0.01552055
v -0.01412232 -0.02247759 0.01950812
v -0.01459673 -0.02549016 0.01564601
v -0.01438953 -0.02264741 0.01966669
v -0.02006793 -0.02215538 0.01961081
v -0.01412633 -0.01921291 0.02319131
v -0.01980473 -0.01872088 0.02313543
v -0.01386073 -0.01906996 0.02300569
v -0.01381272 -0.01527250 0.02613442
v -0.01355033 -0.01516169 0.02592469
v -0.01949193 -0.01477962 0.02607845
v -0.01345833 -0.01092189 0.02842203
v -0.01913753 -0.01042978 0.02836694
v -0.01319833 -0.01084505 0.02819480
v -0.01307032 -0.00626882 0.02999983
v -0.01281352 -0.00622942 0.02975949
v -0.01265832 -0.00142826 0.03082713
v -0.01874873 -0.00577594 0.02994386
v -0.01912632 -0.00590316 0.03015043
v -0.01833673 -0.00093538 0.03077115
v -0.01951353 -0.01056878 0.02855941
v -0.01986792 -0.01493125 0.02625772
v -0.02295193 -0.01492691 0.03383688
v -0.02340232 -0.01975245 0.03129549
v -0.02380072 -0.02412264 0.02802813
v -0.02018073 -0.01888370 0.02329973
v -0.02044553 -0.02232853 0.01976007
v -0.01240553 -0.00142729 0.03058020
v -0.01223272 0.00348213 0.03088438
v -0.01198312 0.00344276 0.03063667
v -0.01155833 0.00826160 0.02992803
v -0.01114073 0.01291044 0.02847104
v -0.01074072 0.01727313 0.02630311
v -0.01036873 0.02124463 0.02347498
v -0.01060553 0.02142695 0.02366490
v -0.01003273 0.02472522 0.02005860
v -0.01026713 0.02493533 0.02022080
v -0.00974313 0.02763086 0.01613717
v -0.00950393 0.02988920 0.01180724
v -0.00997433 0.02786427 0.01626809
v -0.00973352 0.03014002 0.01190343
v -0.00955273 0.03170745 0.00723449
v -0.00932392 0.03144343 0.00717580
v -0.00943352 0.03252730 0.00237615
v -0.00938072 0.03258040 -0.00255147
v -0.01511193 0.03302026 0.00232097
v -0.00920552 0.03225755 0.00235582
v -0.00915352 0.03230973 -0.00253231
v -0.00916712 0.03159929 -0.00736950
v -0.00924792 0.03014455 -0.01203542
v -0.00939512 0.03186442 -0.00742752
v -0.01507353 0.03235730 -0.00748347
v -0.00947592 0.03039789 -0.01213163
v -0.01515433 0.03089068 -0.01218759
v -0.00962153 0.02821560 -0.01654835
v -0.00939273 0.02797953 -0.01641769
v -0.00982872 0.02537294 -0.02056904
v -0.01529993 0.02870848 -0.01660432
v -0.01577913 0.02870866 -0.01656252
v -0.01550793 0.02586497 -0.02062492
v -0.01563033 0.03091111 -0.01210443
v -0.01554632 0.03239171 -0.00735669
v -0.01807193 0.03090311 -0.01118461
v -0.00959833 0.02516014 -0.02040614
v -0.01009193 0.02193844 -0.02409366
v -0.01040473 0.01799718 -0.02703668
v -0.00985912 0.02175174 -0.02390283
v -0.01016953 0.01784347 -0.02682183
v -0.01052152 0.01352682 -0.02909195
v -0.01090633 0.00891120 -0.03065663
v -0.01075993 0.01364743 -0.02932438
v -0.01114793 0.00899434 -0.03090137
v -0.01155993 0.00415294 -0.03172939
v -0.01198553 -0.00075659 -0.03178673
v -0.01131593 0.00410907 -0.03147733
v -0.01723832 0.00464582 -0.03178536
v -0.01766392 -0.00026363 -0.03184189
v -0.01173753 -0.00076106 -0.03153462
v -0.01216233 -0.00557983 -0.03082518
v -0.01505913 0.03307252 -0.00260735
v -0.01594553 0.02542743 0.02016571
v -0.02083513 0.01464342 -0.03370996
v -0.02034153 0.02006651 -0.03172713
v -0.02159993 0.02489978 -0.03232465
v -0.02317592 0.03456892 0.00442626
v -0.02134632 0.03314737 0.01364986
v -0.02332152 0.03342820 0.01457199
v -0.02142233 0.03163969 0.02182480
v -0.02349033 0.03165073 0.02363035
v -0.02634553 0.03154767 0.02531712
v -0.02393753 0.02924600 0.03060740
v -0.02929353 0.03159259 0.02759605
v -0.02604393 0.03350078 0.01557456
v -0.02573352 0.03542291 -0.00717249
v -0.03488473 -0.04001288 -0.05004542
v -0.03451913 -0.03492553 -0.04955489
v -0.03176553 0.03301401 0.02381093
v -0.03364393 0.03354264 0.02523882
v -0.05430713 0.03633420 0.04459832
v -0.05411353 0.03632321 0.04258451
v -0.06265033 0.03784187 0.04263932
v -0.06132954 -0.06195030 0.03293630
v -0.05186473 -0.06008095 0.03111222
v -0.09816154 0.04322937 -0.03422796
v -0.08974394 0.04558026 -0.03566867
v -0.08062874 0.04633214 -0.03542021
v -0.08976554 0.04588990 -0.03762705
v -0.08968793 0.04512146 -0.03388987
v -0.08065833 0.04665182 -0.03738361
v -0.08230554 0.02315598 0.05288489
v -0.07773274 0.02080305 0.05274507
v -0.08664233 0.02037760 0.05256028
v -0.08258394 0.02997172 0.05335686
v -0.07508873 0.02960085 0.05344239
v -0.08987113 0.02909679 0.05315536
v -0.08262073 0.03189917 0.05333442
v -0.07466954 0.03160854 0.05343437
v -0.09033433 0.03112099 0.05313523
v -0.08259515 0.03313973 0.05314943
v -0.07436954 0.03285678 0.05325426
v -0.09055914 0.03238206 0.05294738
v -0.08229433 0.03722217 0.05172928
v -0.09104074 0.03645011 0.05151178
v -0.07318634 0.03686765 0.05184209
v -0.08223914 0.03786720 0.05143530
v -0.07299114 0.03749997 0.05154939
v -0.09110874 0.03709176 0.05121572
v -0.08219753 0.03827459 0.05119252
v -0.08216554 0.03847196 0.05098856
v -0.09114713 0.03749823 0.05097227
v -0.07285913 0.03789854 0.05130752
v -0.06376313 0.03679543 0.05134763
v -0.07277673 0.03809032 0.05110331
v -0.06362794 0.03697900 0.05114185
v -0.07272953 0.03811285 0.05091934
v -0.08213752 0.03849939 0.05080571
v -0.07266954 0.03762319 0.05039126
v -0.06355754 0.03699653 0.05095675
v -0.05529993 0.03553923 0.05094401
v -0.06351834 0.03650386 0.05042255
v -0.06351434 0.03634319 0.05025537
v -0.05527514 0.03505323 0.05039709
v -0.04859913 0.03357201 0.05033047
v -0.05527753 0.03489699 0.05022625
v -0.04860793 0.03342410 0.05015479
v -0.04414153 0.03207244 0.05004217
v -0.04412712 0.03220590 0.05022657
v -0.04144233 0.03033662 0.04985885
v -0.04142233 0.03045180 0.05005311
v -0.04004393 0.02758872 0.04956576
v -0.03945193 0.02317879 0.04911973
v -0.04001753 0.02768156 0.04976950
v -0.03996074 0.02799451 0.05043515
v -0.03941913 0.02324752 0.04933152
v -0.03933273 0.02349074 0.05002347
v -0.03919592 0.01652521 0.04869335
v -0.03923513 0.01648183 0.04847819
v -0.03913593 0.00803185 0.04789709
v -0.03907753 0.01669191 0.04940022
v -0.03918713 0.01666091 0.04961157
v -0.03898873 0.00811861 0.04860878
v -0.03909113 0.00808959 0.04881593
v -0.03895993 -0.00165791 0.04769383
v -0.03895273 -0.01198687 0.04670578
v -0.03905593 -0.00168259 0.04789652
v -0.03913273 -0.00166402 0.04698450
v -0.03918393 -0.00165681 0.04676829
v -0.03914313 -0.01191332 0.04600613
v -0.03919993 -0.01188171 0.04579230
v -0.03914472 -0.02203677 0.04501429
v -0.03920473 -0.02198409 0.04480316
v -0.03913433 -0.03147039 0.04407132
v -0.03894713 -0.02218559 0.04570222
v -0.03903913 -0.02219967 0.04590544
v -0.03893753 -0.03168793 0.04474687
v -0.03894073 -0.03997662 0.04389949
v -0.03903113 -0.03169619 0.04495272
v -0.03903753 -0.03998109 0.04411058
v -0.03929033 -0.03164987 0.04517321
v -0.03929914 -0.03990663 0.04434030
v -0.03929673 -0.02218499 0.04611543
v -0.03976713 -0.03153740 0.04543687
v -0.04050233 -0.03135240 0.04577366
v -0.03977754 -0.03973704 0.04461914
v -0.03977193 -0.02213886 0.04636649
v -0.03977833 -0.01205198 0.04735395
v -0.04050633 -0.02205917 0.04668731
v -0.04051194 -0.01208457 0.04766195
v -0.04507273 -0.02150961 0.04842748
v -0.04628794 -0.02127438 0.04873672
v -0.04507113 -0.01226766 0.04932781
v -0.04507833 -0.03012465 0.04758879
v -0.04631754 -0.02965637 0.04792042
v -0.04508473 -0.03764526 0.04685638
v -0.04629993 -0.03699592 0.04720518
v -0.04051433 -0.03946038 0.04497245
v -0.04518153 -0.04367594 0.04626770
v -0.04062553 -0.04596233 0.04432661
v -0.04637193 -0.04287959 0.04663149
v -0.04555354 -0.04785094 0.04585513
v -0.04676953 -0.04692791 0.04623110
v -0.04102793 -0.05047034 0.04387274
v -0.04660553 -0.05067755 0.04556273
v -0.04879913 -0.05265909 0.04533414
v -0.04783033 -0.04967729 0.04594703
v -0.04218953 -0.05352495 0.04355098
v -0.04147833 -0.05396199 0.04316313
v -0.04464313 -0.05566650 0.04329907
v -0.04889593 -0.05740556 0.04305977
v -0.04397433 -0.05613138 0.04290600
v -0.04353753 -0.05641914 0.04259480
v -0.04829993 -0.05789421 0.04266184
v -0.05493673 -0.05965497 0.04238212
v -0.04791113 -0.05819908 0.04234835
v -0.05461913 -0.05997609 0.04206705
v -0.04769433 -0.05833781 0.04209616
v -0.05444233 -0.06012272 0.04181645
v -0.04329513 -0.05655058 0.04234268
v -0.04760873 -0.05834102 0.04188021
v -0.04774394 -0.05791549 0.04128186
v -0.05437114 -0.06012552 0.04160448
v -0.04319993 -0.05655487 0.04212361
v -0.04065753 -0.05436009 0.04238544
v -0.04335594 -0.05615261 0.04150268
v -0.04082713 -0.05397934 0.04174979
v -0.04341913 -0.05602716 0.04131077
v -0.04089434 -0.05386005 0.04155287
v -0.04779913 -0.05778221 0.04109640
v -0.05451593 -0.05952859 0.04086346
v -0.05447353 -0.05967258 0.04103955
v -0.06289195 -0.06112658 0.04062769
v -0.06286553 -0.06128135 0.04079199
v -0.07221833 -0.06230633 0.04041740
v -0.07221035 -0.06247110 0.04056985
v -0.08176233 -0.06271360 0.04026940
v -0.09083275 -0.06195100 0.04022491
v -0.08177513 -0.06288417 0.04041197
v -0.08182393 -0.06341014 0.04087488
v -0.09086713 -0.06212298 0.04036199
v -0.09098073 -0.06264834 0.04080716
v -0.09931113 -0.06022340 0.04042274
v -0.09949035 -0.06073430 0.04085921
v -0.10701675 -0.05721271 0.04059453
v -0.09925355 -0.06005609 0.04028693
v -0.10693673 -0.05705422 0.04045960
v -0.11383673 -0.05298210 0.04074502
v -0.11393754 -0.05312685 0.04088018
v -0.11985673 -0.04782788 0.04114842
v -0.11997513 -0.04795639 0.04128597
v -0.12498714 -0.04181626 0.04165140
v -0.12512235 -0.04192528 0.04179019
v -0.12915193 -0.03511270 0.04223838
v -0.12930073 -0.03519988 0.04237900
v -0.13222875 -0.02786586 0.04289619
v -0.13238713 -0.02793034 0.04303854
v -0.13402395 -0.02020842 0.04361485
v -0.13418874 -0.02024697 0.04375861
v -0.13461754 -0.01235742 0.04437115
v -0.13478395 -0.01237160 0.04451809
v -0.13402554 -0.00450856 0.04514614
v -0.13418955 -0.00449598 0.04529523
v -0.13223113 0.00314413 0.04592155
v -0.13239035 0.00318018 0.04607229
v -0.12915594 0.01038143 0.04667601
v -0.12930474 0.01044194 0.04682992
v -0.12499193 0.01707259 0.04739531
v -0.12512795 0.01715495 0.04755105
v -0.11986233 0.02306924 0.04806217
v -0.11998233 0.02317117 0.04821998
v -0.11384794 0.02820689 0.04866020
v -0.11394874 0.02832499 0.04881961
v -0.10696074 0.03226016 0.04916621
v -0.10704154 0.03239223 0.04932822
v -0.09931354 0.03524220 0.04958129
v -0.09937433 0.03538470 0.04974307
v -0.09096793 0.03711619 0.04989948
v -0.09100953 0.03726774 0.05006276
v -0.08202234 0.03786402 0.05011620
v -0.07265593 0.03746267 0.05022648
v -0.08204793 0.03802124 0.05028050
v -0.09114314 0.03772618 0.05058433
v -0.09956395 0.03581722 0.05026241
v -0.09115833 0.03769637 0.05076742
v -0.09956955 0.03578571 0.05044486
v -0.10729274 0.03276142 0.05002519
v -0.09952394 0.03559257 0.05065082
v -0.09941594 0.03519753 0.05089636
v -0.10721754 0.03257632 0.05023194
v -0.10705115 0.03220338 0.05048089
v -0.11415834 0.02848231 0.04972118
v -0.11393994 0.02813866 0.04997360
v -0.12022473 0.02329675 0.04911750
v -0.11425833 0.02865115 0.04951285
v -0.12034554 0.02344933 0.04890760
v -0.11425995 0.02868257 0.04932960
v -0.12035033 0.02347754 0.04872387
v -0.10729193 0.03279199 0.04984202
v -0.12554473 0.01740195 0.04804884
v -0.12976233 0.01062307 0.04731988
v -0.12553915 0.01737451 0.04823169
v -0.12539994 0.01724479 0.04844493
v -0.12975513 0.01059808 0.04750328
v -0.13286955 0.00326892 0.04673877
v -0.12960154 0.01049352 0.04771883
v -0.13270475 0.00319127 0.04695804
v -0.12926795 0.01028882 0.04798624
v -0.13234715 0.00304340 0.04723099
v -0.12509834 0.01698802 0.04870633
v -0.12872955 0.00996958 0.04832223
v -0.12461194 0.01658504 0.04903306
v -0.12525834 0.00797073 0.05000980
v -0.13177115 0.00281588 0.04757548
v -0.13354394 -0.00474893 0.04681052
v -0.12806074 0.00140528 0.04932450
v -0.12686314 0.00099754 0.04961152
v -0.12968075 -0.00554296 0.04862220
v -0.13021035 -0.01266981 0.04791856
v -0.12840235 -0.00575416 0.04892886
v -0.12625033 -0.00604353 0.04914527
v -0.12888395 -0.01269488 0.04824511
v -0.12658555 -0.01270627 0.04849228
v -0.12840075 -0.01963816 0.04757608
v -0.12624955 -0.01937135 0.04784756
v -0.12967994 -0.01979974 0.04723291
v -0.12686154 -0.02639542 0.04694302
v -0.12805833 -0.02675253 0.04658172
v -0.12491993 -0.02581075 0.04724046
v -0.12410635 -0.03276492 0.04636668
v -0.12525515 -0.03332656 0.04598654
v -0.12218074 -0.03180581 0.04670206
v -0.12037834 -0.03867497 0.04585110
v -0.11585435 -0.04402337 0.04540289
v -0.11849515 -0.03740886 0.04621594
v -0.12145674 -0.03941349 0.04545416
v -0.12460393 -0.04162716 0.04336506
v -0.11678554 -0.04488666 0.04499680
v -0.11129994 -0.04958480 0.04462715
v -0.11952795 -0.04757221 0.04286829
v -0.11995115 -0.04798592 0.04246362
v -0.11357273 -0.05267053 0.04246891
v -0.10674955 -0.05670048 0.04218729
v -0.11392395 -0.05314742 0.04205936
v -0.10701913 -0.05722683 0.04177386
v -0.11414234 -0.05344118 0.04174474
v -0.11424233 -0.05357126 0.04150615
v -0.10718555 -0.05755049 0.04145744
v -0.12021434 -0.04823988 0.04215306
v -0.12033593 -0.04835219 0.04191590
v -0.12539195 -0.04217320 0.04265934
v -0.12508954 -0.04196625 0.04296658
v -0.12553114 -0.04226281 0.04242391
v -0.12959434 -0.03540986 0.04324996
v -0.12926075 -0.03525566 0.04355206
v -0.12974953 -0.03547507 0.04301692
v -0.13269994 -0.02809914 0.04391099
v -0.13286554 -0.02813675 0.04368081
v -0.13234233 -0.02800168 0.04420834
v -0.13451194 -0.02037207 0.04463391
v -0.13413994 -0.02033559 0.04492534
v -0.13511114 -0.01245070 0.04539519
v -0.13468394 -0.02038132 0.04440651
v -0.13469274 -0.02036768 0.04422180
v -0.13528554 -0.01243055 0.04517125
v -0.13468635 -0.00448193 0.04595472
v -0.13529515 -0.01241370 0.04498704
v -0.13469514 -0.00446262 0.04577107
v -0.13287753 0.00329068 0.04655567
v -0.13451435 -0.00453121 0.04617677
v -0.13414235 -0.00461820 0.04645566
v -0.13473515 -0.01247579 0.04568154
v -0.13412873 -0.01250828 0.04604582
v -0.13354234 -0.02026824 0.04529887
v -0.13176634 -0.02783865 0.04459076
v -0.12872395 -0.03500176 0.04394302
v -0.13287355 -0.02812641 0.04349565
v -0.12975673 -0.03546651 0.04283033
v -0.12553675 -0.04225747 0.04223764
v -0.12034075 -0.04834853 0.04172820
v -0.11424555 -0.05357007 0.04131870
v -0.10726153 -0.05769564 0.04102981
v -0.10726074 -0.05769684 0.04121726
v -0.09949433 -0.06073389 0.04104732
v -0.09099113 -0.06264853 0.04099693
v -0.09944714 -0.06057866 0.04128821
v -0.09933993 -0.06023306 0.04160644
v -0.09097914 -0.06248669 0.04123876
v -0.09094154 -0.06212907 0.04155740
v -0.08187593 -0.06324641 0.04131189
v -0.08191835 -0.06288642 0.04163029
v -0.08184634 -0.06340917 0.04106855
v -0.07231673 -0.06281924 0.04150616
v -0.07245194 -0.06246721 0.04182454
v -0.07223834 -0.06297894 0.04126089
v -0.06298874 -0.06160883 0.04177365
v -0.06321834 -0.06127060 0.04209102
v -0.06285993 -0.06176241 0.04152537
v -0.06280554 -0.06176535 0.04132064
v -0.07220152 -0.06298132 0.04106173
v -0.06356793 -0.06072489 0.04249688
v -0.05542153 -0.05913701 0.04278354
v -0.07265433 -0.06189865 0.04223455
v -0.06572474 -0.05719156 0.04462059
v -0.06631273 -0.05600760 0.04503307
v -0.07388953 -0.05822238 0.04438812
v -0.05842794 -0.05579203 0.04487391
v -0.05259593 -0.05424789 0.04511834
v -0.05924714 -0.05469450 0.04527417
v -0.05360393 -0.05323435 0.04550692
v -0.06040712 -0.05285786 0.04564516
v -0.05501673 -0.05159295 0.04585412
v -0.06717113 -0.05397714 0.04542801
v -0.06435913 -0.04441691 0.04660750
v -0.07097353 -0.04401288 0.04654679
v -0.05972153 -0.04564914 0.04654640
v -0.06621834 -0.03682182 0.04735334
v -0.05898553 -0.04254703 0.04687626
v -0.07474474 -0.03354284 0.04754719
v -0.06596633 -0.02995735 0.04803751
v -0.06072553 -0.02939947 0.04816475
v -0.08090473 -0.01253546 0.04951954
v -0.05776952 -0.03912193 0.04723555
v -0.05535993 -0.03741661 0.04743480
v -0.05339033 -0.04385918 0.04673236
v -0.05327273 -0.04368051 0.04675058
v -0.05369913 -0.04432729 0.04668291
v -0.05384553 -0.04508788 0.04660336
v -0.05371193 -0.04383696 0.04162531
v -0.05385754 -0.04459767 0.04155222
v -0.05328474 -0.04318913 0.04168725
v -0.05264153 -0.04275410 0.04172795
v -0.05262873 -0.04324585 0.04679534
v -0.05187913 -0.04259684 0.04174109
v -0.05186634 -0.04308833 0.04681006
v -0.05111433 -0.04274147 0.04172589
v -0.05046393 -0.04316631 0.04168254
v -0.05110234 -0.04323365 0.04679651
v -0.05045193 -0.04365797 0.04675071
v -0.05001434 -0.04429779 0.04668076
v -0.04985673 -0.04505516 0.04660089
v -0.05002633 -0.04380702 0.04161991
v -0.04986873 -0.04456534 0.04154576
v -0.05001434 -0.04532615 0.04147268
v -0.05044153 -0.04597313 0.04141065
v -0.05000233 -0.04581651 0.04652141
v -0.05042953 -0.04646320 0.04645457
v -0.05077114 -0.04669405 0.04643032
v -0.05107274 -0.04689795 0.04640900
v -0.04964634 -0.04791147 0.04630101
v -0.04849673 -0.04532026 0.04657045
v -0.05162713 -0.04995619 0.04606832
v -0.04995113 -0.05165392 0.04571954
v -0.04799113 -0.04153821 0.04694613
v -0.05323354 -0.03654855 0.04753652
v -0.04800153 -0.03586971 0.04749885
v -0.05487194 -0.03152341 0.04801559
v -0.04810394 -0.02878615 0.04818755
v -0.05597273 -0.02437992 0.04870069
v -0.04798793 -0.02080099 0.04896652
v -0.05477993 -0.01742483 0.04939104
v -0.04786953 -0.01231814 0.04979358
v -0.04625993 -0.01229867 0.04961153
v -0.05303193 -0.01233011 0.04989852
v -0.04800873 -0.00373891 0.05062784
v -0.04816633 0.00445620 0.05142432
v -0.04630793 -0.00321431 0.05049552
v -0.05479914 -0.00720699 0.05038545
v -0.05604153 -0.00014817 0.05105974
v -0.06032153 -0.01234819 0.04983118
v -0.06408554 -0.01992634 0.04904506
v -0.06415113 -0.00477979 0.05051939
v -0.06092232 0.00484299 0.05149723
v -0.05568714 0.01305533 0.05234503
v -0.06624633 0.00517979 0.05145614
v -0.05502873 0.00715737 0.05178079
v -0.04814313 0.01176399 0.05213633
v -0.05347673 0.01229815 0.05229087
v -0.04825834 0.01755242 0.05269789
v -0.04893833 0.02124668 0.05304783
v -0.04664794 0.01899609 0.05265411
v -0.04546474 0.01988620 0.05245449
v -0.04644314 0.01298206 0.05207180
v -0.04723353 0.02295286 0.05303153
v -0.04849113 0.02545086 0.05325485
v -0.04603193 0.02396872 0.05284339
v -0.04728953 0.02653423 0.05307360
v -0.04155594 0.02702761 0.05140711
v -0.04294633 0.02980504 0.05164979
v -0.04093593 0.02261476 0.05099594
v -0.04083193 0.02750844 0.05111114
v -0.04035433 0.02781470 0.05086247
v -0.04020233 0.02304493 0.05069943
v -0.04224553 0.03031959 0.05135364
v -0.04492473 0.03211252 0.05148140
v -0.04178233 0.03064610 0.05110615
v -0.04151593 0.03080516 0.05088917
v -0.04449113 0.03245283 0.05123492
v -0.04423913 0.03261628 0.05102150
v -0.04894473 0.03385502 0.05129904
v -0.05557593 0.03535047 0.05133847
v -0.04871913 0.03402216 0.05109006
v -0.04933034 0.03350260 0.05154429
v -0.04991194 0.03294280 0.05183854
v -0.05588954 0.03498257 0.05158128
v -0.06398874 0.03641135 0.05158965
v -0.05636073 0.03439786 0.05187564
v -0.05927513 0.03069880 0.05328702
v -0.06432713 0.03580072 0.05188258
v -0.06640953 0.03192544 0.05329158
v -0.06697434 0.03069145 0.05346946
v -0.06779514 0.02864170 0.05346722
v -0.06006473 0.02954638 0.05346876
v -0.06117834 0.02768535 0.05347973
v -0.05448713 0.02833836 0.05344063
v -0.05351113 0.02941234 0.05325469
v -0.05076793 0.02709232 0.05337852
v -0.05585113 0.02665950 0.05346463
v -0.05239753 0.02533363 0.05339205
v -0.06038073 0.02069258 0.05299818
v -0.05956553 0.01775780 0.05274158
v -0.06493913 0.01931377 0.05280712
v -0.06664873 0.01185638 0.05208765
v -0.07142395 0.01875240 0.05265368
v -0.07502473 0.00837851 0.05162672
v -0.08192555 0.01333285 0.05198589
v -0.08866073 0.00709264 0.05128076
v -0.09281994 0.01735490 0.05217260
v -0.09806873 0.00804384 0.05120929
v -0.09944633 -0.00051940 0.05036537
v -0.09964153 0.01627850 0.05195114
v -0.10630313 0.01156214 0.05138393
v -0.11425995 0.01716232 0.05160019
v -0.10917274 0.00582724 0.05078563
v -0.10475275 0.01605418 0.05183056
v -0.10931515 0.02159390 0.05211000
v -0.10341674 0.02487182 0.05252508
v -0.11055755 0.02316528 0.05203328
v -0.10442873 0.02672942 0.05247990
v -0.11131114 0.02418608 0.05181411
v -0.11585914 0.01859333 0.05150300
v -0.11679115 0.01950500 0.05126988
v -0.12038235 0.01325773 0.05091040
v -0.11849915 0.01197174 0.05102678
v -0.12146155 0.01404569 0.05066237
v -0.12410874 0.00735992 0.05027620
v -0.12218394 0.00637744 0.05042079
v -0.11389515 0.00126119 0.05025878
v -0.12492234 0.00038953 0.04979322
v -0.11786393 -0.00172119 0.04988797
v -0.11638233 -0.00632674 0.04947928
v -0.10756394 -0.00475955 0.04980901
v -0.11525194 -0.01268132 0.04888454
v -0.10344955 -0.01263755 0.04911976
v -0.11638154 -0.01905051 0.04823983
v -0.11786234 -0.02367633 0.04774957
v -0.10756234 -0.02056061 0.04827021
v -0.11389195 -0.02664579 0.04753985
v -0.09943994 -0.02476673 0.04800389
v -0.09804954 -0.03338887 0.04717473
v -0.10916795 -0.03120797 0.04717827
v -0.10629434 -0.03696817 0.04665726
v -0.11425435 -0.04261421 0.04577585
v -0.10473913 -0.04148919 0.04622560
v -0.10930473 -0.04706231 0.04542209
v -0.09961435 -0.04170004 0.04630389
v -0.09274794 -0.04276647 0.04631700
v -0.10339035 -0.05035247 0.04519718
v -0.09677993 -0.05278722 0.04506721
v -0.10440313 -0.05219018 0.04479172
v -0.11054713 -0.04861132 0.04504148
v -0.10499994 -0.05329663 0.04436744
v -0.09757673 -0.05484158 0.04464332
v -0.09018794 -0.05659632 0.04459132
v -0.09800953 -0.05604424 0.04421263
v -0.09916474 -0.05967273 0.04202128
v -0.09041034 -0.05781009 0.04416256
v -0.08231033 -0.05855202 0.04422105
v -0.09087514 -0.06155019 0.04197279
v -0.08197833 -0.06230447 0.04204377
v -0.08234233 -0.05735896 0.04464304
v -0.08231434 -0.05545146 0.04503910
v -0.07420393 -0.05702168 0.04480695
v -0.07464634 -0.05503276 0.04520445
v -0.07740472 -0.04617910 0.04622581
v -0.08206073 -0.04858939 0.04589961
v -0.08172632 -0.03865389 0.04692478
v -0.08858873 -0.03238880 0.04743683
v -0.08648394 -0.04580097 0.04611623
v -0.08972634 -0.05459055 0.04500483
v -0.09083353 -0.05281125 0.04518862
v -0.09147753 -0.05324461 0.04512442
v -0.09040634 -0.05216601 0.04527251
v -0.09084553 -0.05233911 0.04032582
v -0.09148873 -0.05277498 0.04028521
v -0.09041833 -0.05169128 0.04038776
v -0.09027273 -0.05093057 0.04046085
v -0.09043034 -0.05017215 0.04053498
v -0.09026073 -0.05140660 0.04536504
v -0.09041833 -0.05064952 0.04544976
v -0.09085673 -0.05000864 0.04551398
v -0.09150714 -0.04958291 0.04555000
v -0.09086875 -0.04953221 0.04059850
v -0.09151834 -0.04910745 0.04064104
v -0.09228314 -0.04896188 0.04065696
v -0.09227113 -0.04943641 0.04555136
v -0.09304553 -0.04911932 0.04064304
v -0.09303354 -0.04959187 0.04551712
v -0.09368874 -0.04955503 0.04060321
v -0.09411594 -0.05020286 0.04054128
v -0.09367753 -0.05002608 0.04545302
v -0.09410395 -0.05067123 0.04536911
v -0.09425033 -0.05143057 0.04527819
v -0.09426154 -0.05096374 0.04046739
v -0.09409193 -0.05218774 0.04519269
v -0.09365434 -0.05282784 0.04512756
v -0.09410313 -0.05172208 0.04039406
v -0.09366633 -0.05236278 0.04033062
v -0.09301514 -0.05278754 0.04028808
v -0.09300393 -0.05325357 0.04509156
v -0.09225115 -0.05293242 0.04027128
v -0.09223913 -0.05339998 0.04509101
v -0.11953835 0.02251600 0.04969287
v -0.11996235 0.02299298 0.04937478
v -0.11358873 0.02759741 0.05028449
v -0.10678073 0.03161327 0.05078542
v -0.09923994 0.03457399 0.05119620
v -0.10502554 0.02788358 0.05227546
v -0.09807593 0.03061995 0.05265413
v -0.09764234 0.02936893 0.05284660
v -0.09684633 0.02729829 0.05286816
v -0.09409033 0.02049172 0.05239203
v -0.09442154 0.02070900 0.05240156
v -0.09377114 0.02028172 0.05238258
v -0.09333273 0.01963928 0.05234181
v -0.09317514 0.01887864 0.05228561
v -0.09325913 0.01843910 0.05224858
v -0.09332074 0.01811719 0.05222143
v -0.09374794 0.01746968 0.05216267
v -0.09425115 0.01712911 0.05212617
v -0.09439114 0.01703470 0.05211474
v -0.09515354 0.01687829 0.05208625
v -0.09546393 0.01693776 0.05208669
v -0.09591833 0.01702514 0.05208354
v -0.09656874 0.01745241 0.05210331
v -0.09700633 0.01809486 0.05214326
v -0.09716393 0.01885527 0.05219709
v -0.09701833 0.01961715 0.05225802
v -0.09659194 0.02026551 0.05231666
v -0.09594795 0.02069981 0.05236630
v -0.09518634 0.02085630 0.05239560
v -0.05821913 0.01455739 0.05245779
v -0.05026873 0.02360107 0.05325743
v -0.04964634 0.02816899 0.05319553
v -0.04558153 0.03157459 0.05177666
v -0.04860953 0.03403576 0.05089733
v -0.05539193 0.03552507 0.05113119
v -0.04411994 0.03263262 0.05082368
v -0.04139273 0.03082730 0.05068511
v -0.04008233 0.02796724 0.05064452
v -0.03944873 0.02345982 0.05023562
v -0.03972073 0.02332008 0.05045307
v -0.03945593 0.01654170 0.04982536
v -0.03993673 0.01631436 0.05006772
v -0.03935513 0.00799963 0.04902517
v -0.03983353 0.00783239 0.04926468
v -0.03931593 -0.00173905 0.04810239
v -0.03930313 -0.01202564 0.04711250
v -0.03979273 -0.00183732 0.04834063
v -0.04052714 -0.00198568 0.04864016
v -0.04056873 0.00757508 0.04956071
v -0.04509273 -0.00291207 0.05023923
v -0.04513993 0.00594660 0.05110167
v -0.04637913 0.00539998 0.05133431
v -0.04523113 0.01371948 0.05185698
v -0.04067273 0.01596062 0.05036376
v -0.03904553 -0.01200602 0.04690712
v -0.05261193 0.01678774 0.05266540
v -0.05230714 0.01634104 0.05262104
v -0.05274473 0.01698167 0.05268289
v -0.05339514 0.01740772 0.05272209
v -0.05415914 0.01755325 0.05272996
v -0.05492153 0.01739549 0.05271287
v -0.05556473 0.01695979 0.05267303
v -0.05599194 0.01631166 0.05261676
v -0.05613752 0.01555014 0.05255180
v -0.05597993 0.01479047 0.05248905
v -0.05554233 0.01414850 0.05243778
v -0.05505113 0.01382744 0.05241137
v -0.05489193 0.01372354 0.05240089
v -0.05412713 0.01357822 0.05238736
v -0.05336554 0.01373634 0.05240042
v -0.05272153 0.01417233 0.05243457
v -0.05229433 0.01482134 0.05248434
v -0.05223274 0.01514706 0.05250949
v -0.05214873 0.01558286 0.05254930
v -0.05183513 -0.04705493 0.04639102
v -0.05108473 -0.04640908 0.04136926
v -0.05184713 -0.04656635 0.04135611
v -0.05261193 -0.04642164 0.04137213
v -0.05326234 -0.04599680 0.04141545
v -0.05259913 -0.04691038 0.04640544
v -0.05324953 -0.04648530 0.04645116
v -0.05368713 -0.04584549 0.04652111
v -0.05369913 -0.04535608 0.04147811
v -0.03970473 -0.05076616 0.04188113
v -0.03929993 -0.04619912 0.04235399
v -0.03963513 -0.05087791 0.04208049
v -0.03923113 -0.04630184 0.04255649
v -0.03945673 -0.05123441 0.04272579
v -0.03955833 -0.05123249 0.04294509
v -0.03904633 -0.04662449 0.04321042
v -0.03914633 -0.04662525 0.04342598
v -0.03940954 -0.04652797 0.04366625
v -0.03982072 -0.05111999 0.04319188
v -0.03988953 -0.04631220 0.04395734
v -0.04029753 -0.05087115 0.04349251
v -0.04101433 -0.05423325 0.04285593
v -0.04075673 -0.05435649 0.04260538
v -0.03913273 -0.03970170 0.04323507
v -0.03919993 -0.03961211 0.04303068
v -0.03919833 -0.03139874 0.04386392
v -0.03918152 0.00801398 0.04768018
v -0.08076793 0.03191311 -0.04879896
v -0.08505593 0.02914444 -0.04914705
v -0.07624634 0.02958436 -0.04896131
v -0.08105913 0.03862060 -0.04800494
v -0.08825594 0.03773728 -0.04820883
v -0.07367753 0.03826980 -0.04791903
v -0.08109034 0.04170659 -0.04718784
v -0.08895835 0.04093926 -0.04738972
v -0.07298633 0.04144549 -0.04708119
v -0.08082873 0.04593326 -0.04474868
v -0.08956794 0.04514671 -0.04496631
v -0.07174634 0.04559153 -0.04463555
v -0.08078393 0.04655025 -0.04432988
v -0.07155674 0.04619667 -0.04421636
v -0.08965353 0.04576091 -0.04455046
v -0.08075353 0.04689332 -0.04404436
v -0.08969833 0.04610247 -0.04426477
v -0.08073274 0.04700516 -0.04385861
v -0.07143994 0.04653099 -0.04392834
v -0.07137993 0.04663742 -0.04374285
v -0.06237114 0.04543838 -0.04388767
v -0.05419833 0.04399756 -0.04389563
v -0.06257594 0.04511846 -0.04417553
v -0.06227113 0.04553837 -0.04370154
v -0.06223672 0.04546858 -0.04357955
v -0.05405993 0.04409042 -0.04370797
v -0.04738153 0.04258502 -0.04374242
v -0.05401914 0.04401943 -0.04358265
v -0.05405674 0.04359279 -0.04339505
v -0.04733513 0.04251519 -0.04361318
v -0.04739913 0.04210067 -0.04340991
v -0.04280393 0.04109795 -0.04366693
v -0.04285113 0.04116299 -0.04380371
v -0.04000393 0.03926832 -0.04379179
v -0.04289513 0.04070337 -0.04344073
v -0.04012553 0.03890407 -0.04353649
v -0.04300393 0.04029746 -0.04319169
v -0.04026234 0.03853178 -0.04325625
v -0.04747914 0.04166865 -0.04318800
v -0.05410953 0.04314554 -0.04318929
v -0.06227432 0.04458268 -0.04320267
v -0.06225034 0.04503715 -0.04339951
v -0.07133273 0.04568736 -0.04325099
v -0.08062073 0.04607222 -0.04336604
v -0.07133993 0.04614063 -0.04344448
v -0.07135433 0.04657154 -0.04362206
v -0.08066634 0.04651888 -0.04356048
v -0.08071355 0.04694258 -0.04373735
v -0.08960394 0.04574516 -0.04378022
v -0.08969113 0.04615556 -0.04395975
v -0.09796873 0.04384348 -0.04410126
v -0.08951353 0.04531305 -0.04358402
v -0.09782874 0.04343007 -0.04390212
v -0.10546154 0.04044481 -0.04431768
v -0.10565354 0.04083196 -0.04452061
v -0.11234473 0.03638883 -0.04482583
v -0.11258794 0.03674213 -0.04503179
v -0.11835994 0.03125028 -0.04542618
v -0.11865033 0.03156122 -0.04563593
v -0.12349035 0.02525168 -0.04609527
v -0.12382075 0.02551393 -0.04630977
v -0.12765514 0.01855868 -0.04681760
v -0.12801914 0.01876664 -0.04703629
v -0.13073115 0.01131953 -0.04757428
v -0.13112075 0.01146898 -0.04779914
v -0.13252553 0.00366514 -0.04835032
v -0.13292953 0.00375133 -0.04858090
v -0.13311755 -0.00418531 -0.04912597
v -0.13352715 -0.00416409 -0.04936208
v -0.13252315 -0.01203792 -0.04988210
v -0.13292794 -0.01208072 -0.05012383
v -0.13072714 -0.01969851 -0.05059964
v -0.13111674 -0.01980372 -0.05084635
v -0.12764954 -0.02694681 -0.05125570
v -0.12801434 -0.02711121 -0.05150771
v -0.12348315 -0.03365096 -0.05184102
v -0.12381434 -0.03387059 -0.05209794
v -0.11835033 -0.03966342 -0.05234470
v -0.11864075 -0.03993243 -0.05260469
v -0.11232955 -0.04481856 -0.05274962
v -0.11257273 -0.04512966 -0.05301262
v -0.10542795 -0.04889230 -0.05303487
v -0.10561835 -0.04923584 -0.05330024
v -0.09774474 -0.05189559 -0.05319695
v -0.09787833 -0.05226114 -0.05346575
v -0.08932472 -0.05379382 -0.05322808
v -0.08939835 -0.05417052 -0.05350380
v -0.08025914 -0.05456398 -0.05312335
v -0.08027033 -0.05493781 -0.05341060
v -0.07072154 -0.05417356 -0.05287795
v -0.07067193 -0.05452990 -0.05318385
v -0.06140393 -0.05302813 -0.05255327
v -0.06129673 -0.05335843 -0.05287947
v -0.05303673 -0.05149114 -0.05220443
v -0.05287833 -0.05179308 -0.05255277
v -0.04632713 -0.04984095 -0.05188142
v -0.04612793 -0.05011584 -0.05224857
v -0.04195353 -0.04821702 -0.05161930
v -0.04172873 -0.04847057 -0.05199824
v -0.03943513 -0.04618462 -0.05136527
v -0.03919433 -0.04642042 -0.05175162
v -0.03825353 -0.04319558 -0.05105702
v -0.03800473 -0.04341086 -0.05144705
v -0.03786153 -0.03866975 -0.05062504
v -0.03760953 -0.03885789 -0.05101699
v -0.03777752 -0.03203419 -0.05000228
v -0.03779593 -0.02371310 -0.04921685
v -0.03752313 -0.03218302 -0.05039496
v -0.03754073 -0.02381135 -0.04960980
v -0.03727673 -0.03232437 -0.05076186
v -0.03728393 -0.02390050 -0.04997711
v -0.03728313 -0.03232528 -0.05092258
v -0.03737352 -0.03904034 -0.05138459
v -0.03738473 -0.03904470 -0.05154817
v -0.03777913 -0.04362136 -0.05181343
v -0.03897993 -0.04665228 -0.05211506
v -0.03779433 -0.04362843 -0.05197916
v -0.03798473 -0.04351277 -0.05216446
v -0.03899673 -0.04666181 -0.05228134
v -0.03918393 -0.04653742 -0.05246751
v -0.04154713 -0.04873200 -0.05251952
v -0.04172392 -0.04860271 -0.05270457
v -0.04596953 -0.05040059 -0.05275383
v -0.04152953 -0.04872019 -0.05235427
v -0.04595353 -0.05038511 -0.05259217
v -0.05273913 -0.05208635 -0.05287868
v -0.05275273 -0.05210516 -0.05303438
v -0.06120313 -0.05367766 -0.05318428
v -0.07063113 -0.05487206 -0.05346787
v -0.06121512 -0.05370135 -0.05333225
v -0.07064153 -0.05489977 -0.05360819
v -0.06130713 -0.05355882 -0.05350578
v -0.06151672 -0.05319000 -0.05373179
v -0.05288153 -0.05196710 -0.05321227
v -0.07069675 -0.05475431 -0.05377639
v -0.08031434 -0.05517865 -0.05397494
v -0.07081593 -0.05437204 -0.05399731
v -0.08034714 -0.05478971 -0.05419253
v -0.07101754 -0.05370732 -0.05429569
v -0.08039755 -0.05411078 -0.05448589
v -0.07233993 -0.04923580 -0.05590048
v -0.06187273 -0.05254906 -0.05403501
v -0.05367354 -0.05100184 -0.05375230
v -0.06422954 -0.04823758 -0.05567196
v -0.05698393 -0.04689716 -0.05542316
v -0.06566235 -0.04493740 -0.05589188
v -0.05895034 -0.04387470 -0.05567787
v -0.06940554 -0.03506733 -0.05514957
v -0.07308312 -0.04595975 -0.05611154
v -0.08069752 -0.04636287 -0.05627445
v -0.07580393 -0.03719270 -0.05545697
v -0.08010954 -0.02970807 -0.05481743
v -0.08043753 -0.03957613 -0.05575532
v -0.08484315 -0.03680245 -0.05556614
v -0.08806313 -0.04550058 -0.05631126
v -0.09108235 -0.03377949 -0.05537629
v -0.09356314 -0.03994796 -0.05591976
v -0.08695112 -0.02346201 -0.05432596
v -0.09792074 -0.03271211 -0.05537984
v -0.09637433 -0.02444802 -0.05456939
v -0.10164875 -0.04128291 -0.05612168
v -0.10302154 -0.03249394 -0.05543312
v -0.10753194 -0.03800892 -0.05589836
v -0.10457674 -0.02799751 -0.05502954
v -0.10744235 -0.02226249 -0.05451969
v -0.11245514 -0.03358698 -0.05554840
v -0.11667275 -0.02841101 -0.05511261
v -0.11500155 -0.03594603 -0.05530085
v -0.11813995 -0.03930927 -0.05365227
v -0.11964955 -0.03050140 -0.05484704
v -0.10954315 -0.04061970 -0.05566732
v -0.10327355 -0.04431366 -0.05592563
v -0.11215674 -0.04443290 -0.05405552
v -0.11253995 -0.04500127 -0.05375880
v -0.10529994 -0.04848309 -0.05433913
v -0.09767834 -0.05146847 -0.05450703
v -0.10559675 -0.04910253 -0.05404611
v -0.09787513 -0.05212416 -0.05421519
v -0.10576395 -0.04945722 -0.05383117
v -0.11275593 -0.04532589 -0.05354125
v -0.09798554 -0.05249910 -0.05400144
v -0.10582234 -0.04959077 -0.05367221
v -0.09802314 -0.05263994 -0.05384255
v -0.11283273 -0.04544987 -0.05338245
v -0.10580074 -0.04956272 -0.05354478
v -0.11280395 -0.04542419 -0.05325478
v -0.09800633 -0.05260919 -0.05371298
v -0.08947033 -0.05452895 -0.05375803
v -0.08028554 -0.05529506 -0.05367701
v -0.08948394 -0.05456146 -0.05388983
v -0.08029593 -0.05532469 -0.05381152
v -0.08947114 -0.05441510 -0.05405007
v -0.08942713 -0.05402906 -0.05426496
v -0.08934473 -0.05335329 -0.05455639
v -0.08876075 -0.04880834 -0.05612676
v -0.08070713 -0.04955179 -0.05606812
v -0.09631914 -0.04704909 -0.05607845
v -0.09507514 -0.04370640 -0.05625117
v -0.09440473 -0.04203849 -0.05610363
v -0.09433755 -0.04235955 -0.05613006
v -0.09449593 -0.04160072 -0.05606803
v -0.09434954 -0.04083843 -0.05600313
v -0.09448475 -0.04205321 -0.05140260
v -0.09432634 -0.04281079 -0.05147601
v -0.09433833 -0.04129166 -0.05132878
v -0.09391195 -0.04064383 -0.05126685
v -0.09392313 -0.04019092 -0.05594439
v -0.09326793 -0.04020871 -0.05122616
v -0.09327914 -0.03975548 -0.05590051
v -0.09250554 -0.04005145 -0.05121302
v -0.09174153 -0.04019616 -0.05122903
v -0.09251674 -0.03959903 -0.05587925
v -0.09175273 -0.03974500 -0.05588388
v -0.09110233 -0.04017085 -0.05591345
v -0.09066473 -0.04081257 -0.05596231
v -0.09109114 -0.04062091 -0.05127156
v -0.09065353 -0.04126171 -0.05133501
v -0.09049515 -0.04202005 -0.05140834
v -0.09064153 -0.04278084 -0.05148223
v -0.09050633 -0.04157192 -0.05602187
v -0.09065193 -0.04233422 -0.05608596
v -0.09107913 -0.04298241 -0.05614384
v -0.09172314 -0.04341759 -0.05618614
v -0.09106795 -0.04342791 -0.05154423
v -0.09171194 -0.04386369 -0.05158486
v -0.09247354 -0.04402105 -0.05159799
v -0.09323834 -0.04387634 -0.05158198
v -0.09248473 -0.04357430 -0.05620898
v -0.09324955 -0.04342850 -0.05620595
v -0.09389993 -0.04300126 -0.05617973
v -0.09388875 -0.04345149 -0.05153945
v -0.11891753 -0.04018800 -0.05284353
v -0.12412955 -0.03407915 -0.05233346
v -0.11895115 -0.04020885 -0.05297089
v -0.11885914 -0.04009868 -0.05313071
v -0.12416794 -0.03409424 -0.05245979
v -0.12406315 -0.03400033 -0.05262119
v -0.12840394 -0.02727729 -0.05186410
v -0.13153355 -0.01990730 -0.05119695
v -0.12836155 -0.02726795 -0.05173881
v -0.12828874 -0.02720040 -0.05202700
v -0.12796153 -0.02700781 -0.05225460
v -0.13141033 -0.01985056 -0.05136105
v -0.13106074 -0.01971242 -0.05159443
v -0.13323113 -0.01208218 -0.05063425
v -0.13335995 -0.01211849 -0.05046818
v -0.13286874 -0.01200153 -0.05087230
v -0.13383433 -0.00411854 -0.04986918
v -0.13346633 -0.00409624 -0.05011182
v -0.13323354 0.00384396 -0.04908308
v -0.13396394 -0.00413292 -0.04970049
v -0.13391675 -0.00414468 -0.04957709
v -0.13336155 0.00384982 -0.04891322
v -0.13153755 0.01163395 -0.04812608
v -0.13331515 0.00383163 -0.04878997
v -0.13149194 0.01160856 -0.04800293
v -0.12836713 0.01896288 -0.04723611
v -0.12840955 0.01899403 -0.04735824
v -0.12413675 0.02576123 -0.04650509
v -0.11892635 0.03185570 -0.04582633
v -0.12417514 0.02579975 -0.04662634
v -0.12407035 0.02573615 -0.04680327
v -0.11895994 0.03189896 -0.04594807
v -0.11886875 0.03181902 -0.04612737
v -0.11284875 0.03712414 -0.04534114
v -0.11282074 0.03707623 -0.04521893
v -0.11277274 0.03703133 -0.04552076
v -0.10586075 0.04125007 -0.04482554
v -0.10580234 0.04114737 -0.04500820
v -0.09812235 0.04429053 -0.04440428
v -0.10583755 0.04119886 -0.04470382
v -0.09810313 0.04423449 -0.04428287
v -0.08970953 0.04621585 -0.04408079
v -0.09808554 0.04418141 -0.04458789
v -0.09797434 0.04385050 -0.04487062
v -0.09777595 0.04325527 -0.04528276
v -0.10563513 0.04083619 -0.04528728
v -0.10533835 0.04027744 -0.04569504
v -0.11255595 0.03674955 -0.04579716
v -0.11860954 0.03157465 -0.04639869
v -0.11217274 0.03624210 -0.04619803
v -0.11814953 0.03113469 -0.04679186
v -0.10955674 0.03276919 -0.04852078
v -0.10330714 0.03644882 -0.04806084
v -0.11500875 0.02811081 -0.04906327
v -0.10754475 0.03026054 -0.04924957
v -0.11246153 0.02585311 -0.04975939
v -0.10303835 0.02481620 -0.04985216
v -0.10168234 0.03352298 -0.04883695
v -0.09795674 0.02504704 -0.04975555
v -0.09516233 0.03594039 -0.04849619
v -0.09640633 0.03917630 -0.04768289
v -0.09117914 0.02612399 -0.04954379
v -0.09379674 0.02762482 -0.04941081
v -0.08704714 0.01590089 -0.05049425
v -0.07931594 -0.00369990 -0.05228796
v -0.09640073 0.01684741 -0.05054837
v -0.08037833 0.02213626 -0.04977337
v -0.07353912 0.01720370 -0.05014759
v -0.06525193 0.02068833 -0.04966805
v -0.07001434 0.02755393 -0.04906036
v -0.06650234 0.03733555 -0.04789347
v -0.06361032 0.02812830 -0.04889778
v -0.05911034 0.02950399 -0.04868147
v -0.05998872 0.03640045 -0.04787829
v -0.05472554 0.03538774 -0.04789148
v -0.05812713 0.03933528 -0.04704520
v -0.05242873 0.03806337 -0.04707575
v -0.05496473 0.04313929 -0.04460376
v -0.06515354 0.04053930 -0.04704158
v -0.06291593 0.04453579 -0.04459617
v -0.04850074 0.04168096 -0.04464292
v -0.05448553 0.04369290 -0.04418421
v -0.04790633 0.04220871 -0.04422319
v -0.04344073 0.04080238 -0.04428849
v -0.04755113 0.04249838 -0.04393311
v -0.04303913 0.04107926 -0.04399792
v -0.04024473 0.03924680 -0.04413375
v -0.04067354 0.03898280 -0.04442401
v -0.03872393 0.03638229 -0.04439501
v -0.04004713 0.03932781 -0.04393606
v -0.03852393 0.03645940 -0.04419612
v -0.03781113 0.03191594 -0.04464322
v -0.03848873 0.03640708 -0.04404534
v -0.03778472 0.03187214 -0.04448685
v -0.03864073 0.03608035 -0.04376003
v -0.03880632 0.03575065 -0.04344710
v -0.03796872 0.03159151 -0.04417483
v -0.03769433 0.02481320 -0.04484194
v -0.03815913 0.03131317 -0.04383248
v -0.03790553 0.02459243 -0.04447884
v -0.03783033 0.01609595 -0.04532142
v -0.03782152 0.00637347 -0.04629083
v -0.03760233 0.01625265 -0.04569818
v -0.03736553 0.01641638 -0.04604509
v -0.03758073 0.00646423 -0.04667624
v -0.03732633 0.00656345 -0.04703275
v -0.03757833 -0.00391273 -0.04770128
v -0.03731432 -0.00387914 -0.04806326
v -0.03782793 -0.00393615 -0.04731059
v -0.03756553 -0.01420377 -0.04869637
v -0.03730153 -0.01423405 -0.04906157
v -0.03781993 -0.01416357 -0.04830402
v -0.03729833 -0.01422543 -0.04921521
v -0.03731033 -0.00386477 -0.04821586
v -0.03728473 -0.02389763 -0.05013258
v -0.03747513 -0.01418544 -0.04938566
v -0.03791034 -0.01409764 -0.04961639
v -0.03746473 -0.02383229 -0.05030639
v -0.03748553 -0.00384976 -0.04838702
v -0.03791993 -0.00383159 -0.04862202
v -0.03750393 0.00657371 -0.04736263
v -0.03793912 0.00652179 -0.04760747
v -0.03755593 0.01641044 -0.04638461
v -0.03732553 0.00658427 -0.04718601
v -0.03737193 0.01644502 -0.04620074
v -0.03749753 0.02507437 -0.04533131
v -0.03768713 0.02502061 -0.04552290
v -0.03748153 0.02503861 -0.04517495
v -0.03813032 0.02484860 -0.04579426
v -0.03800713 0.03184780 -0.04484059
v -0.03845193 0.03163137 -0.04512196
v -0.03920793 0.03124044 -0.04552408
v -0.03916473 0.03613710 -0.04468314
v -0.03991113 0.03569282 -0.04509437
v -0.04484473 0.03261236 -0.04748150
v -0.04139513 0.03850272 -0.04484049
v -0.04616713 0.03518406 -0.04725352
v -0.04411353 0.04029716 -0.04470726
v -0.04856634 0.03682265 -0.04713357
v -0.05127593 0.03406508 -0.04796358
v -0.04911034 0.03233022 -0.04809717
v -0.05826474 0.02657893 -0.04896157
v -0.05687674 0.02337855 -0.04925259
v -0.05431433 0.02186873 -0.04935491
v -0.05602873 0.02435595 -0.04912730
v -0.06479834 0.01401412 -0.05031587
v -0.05946713 0.01366866 -0.05025703
v -0.05359673 0.01596516 -0.04991859
v -0.06263593 0.00402709 -0.05125307
v -0.05457273 0.00864978 -0.05064992
v -0.05880392 -0.00359367 -0.05192717
v -0.05332154 0.00156127 -0.05131640
v -0.06254874 -0.01120550 -0.05273564
v -0.05329593 -0.00872407 -0.05231769
v -0.05448073 -0.01573127 -0.05302291
v -0.04662473 -0.01216106 -0.05238714
v -0.05156713 -0.00359581 -0.05178062
v -0.04650953 -0.00361717 -0.05155255
v -0.04372153 -0.00366005 -0.05099507
v -0.04665113 0.00499518 -0.05071679
v -0.04682153 0.01319919 -0.04992040
v -0.04374793 0.00573459 -0.05008034
v -0.04380873 0.01460445 -0.04921821
v -0.03869513 0.00642509 -0.04796117
v -0.03867513 -0.00380694 -0.04896139
v -0.03875273 0.01608271 -0.04701338
v -0.03888873 0.02453630 -0.04618176
v -0.03799513 0.01629436 -0.04664309
v -0.04392872 0.02237165 -0.04846314
v -0.04421033 0.02853000 -0.04786880
v -0.04682713 0.02049963 -0.04921008
v -0.04698713 0.02627814 -0.04864993
v -0.04772313 0.02997217 -0.04830319
v -0.05209193 0.02110030 -0.04938463
v -0.03866633 -0.01395155 -0.04994626
v -0.04372233 -0.01297423 -0.05190259
v -0.03866073 -0.02342000 -0.05085999
v -0.04372793 -0.02167056 -0.05275002
v -0.03790232 -0.02367933 -0.05053644
v -0.03867113 -0.03167037 -0.05165413
v -0.03878073 -0.03824815 -0.05228673
v -0.04373513 -0.02925206 -0.05348837
v -0.03790952 -0.03202875 -0.05133189
v -0.03746793 -0.03223848 -0.05109935
v -0.03801833 -0.03868627 -0.05196531
v -0.03757433 -0.03894076 -0.05172987
v -0.03842793 -0.04322707 -0.05240222
v -0.03918473 -0.04273347 -0.05272279
v -0.03961593 -0.04622927 -0.05270592
v -0.04213033 -0.04827923 -0.05294211
v -0.04035353 -0.04569941 -0.05302531
v -0.04282313 -0.04772098 -0.05326033
v -0.04524474 -0.04212845 -0.05476713
v -0.04420074 -0.03941065 -0.05448550
v -0.04827194 -0.03924502 -0.05505292
v -0.04742393 -0.04397856 -0.05498321
v -0.05119353 -0.04544312 -0.05518737
v -0.05023833 -0.04117017 -0.05527269
v -0.05748154 -0.03376032 -0.05482504
v -0.05360233 -0.04269414 -0.05547572
v -0.05821913 -0.03679416 -0.05512315
v -0.06282633 -0.03552053 -0.05508311
v -0.06467033 -0.02799447 -0.05439949
v -0.07316073 -0.02465474 -0.05421815
v -0.06442073 -0.02120721 -0.05373970
v -0.05626872 -0.03042459 -0.05448329
v -0.05920072 -0.02073361 -0.05360318
v -0.05338794 -0.02292572 -0.05370207
v -0.05387353 -0.02879962 -0.05428239
v -0.04713113 -0.03675358 -0.05479194
v -0.05176473 -0.02797582 -0.05415855
v -0.04662873 -0.03302658 -0.05442038
v -0.04383113 -0.03529577 -0.05407895
v -0.04663833 -0.02735003 -0.05386767
v -0.04673993 -0.02021447 -0.05317374
v -0.05330393 -0.03369501 -0.05469492
v -0.05287513 -0.03340509 -0.05465893
v -0.05351833 -0.03383902 -0.05471261
v -0.05394554 -0.03448589 -0.05478026
v -0.05350713 -0.03427869 -0.05018274
v -0.05286393 -0.03384358 -0.05014123
v -0.05393433 -0.03492652 -0.05024466
v -0.05407993 -0.03568723 -0.05031775
v -0.05392233 -0.03644564 -0.05039188
v -0.05409113 -0.03524669 -0.05485415
v -0.05393273 -0.03600644 -0.05491769
v -0.05349513 -0.03664860 -0.05496330
v -0.05284553 -0.03707580 -0.05498147
v -0.05348473 -0.03708550 -0.05045462
v -0.05283433 -0.03751120 -0.05049786
v -0.05206953 -0.03765583 -0.05051307
v -0.05208073 -0.03722371 -0.05497304
v -0.05130794 -0.03749856 -0.05049993
v -0.05066393 -0.03706269 -0.05045932
v -0.05131833 -0.03706758 -0.05493969
v -0.05067514 -0.03663356 -0.05488521
v -0.05065993 -0.03661087 -0.05488348
v -0.05024793 -0.03598601 -0.05481843
v -0.05010234 -0.03522538 -0.05474613
v -0.05023673 -0.03641486 -0.05039739
v -0.05009113 -0.03565414 -0.05032429
v -0.05024874 -0.03489573 -0.05025016
v -0.05025993 -0.03446639 -0.05468251
v -0.05068713 -0.03425493 -0.05018673
v -0.05133754 -0.03383017 -0.05014419
v -0.05069754 -0.03382345 -0.05463779
v -0.05134793 -0.03339635 -0.05461960
v -0.05211273 -0.03324904 -0.05462637
v -0.05210154 -0.03368554 -0.05012897
v -0.04710394 -0.04934446 -0.05348551
v -0.04648793 -0.04992793 -0.05317119
v -0.04612713 -0.05026614 -0.05293619
v -0.05317434 -0.05161400 -0.05344314
v -0.05578873 0.02400322 -0.04915698
v -0.05622633 0.02464475 -0.04910245
v -0.05638393 0.02540316 -0.04902832
v -0.05623833 0.02616322 -0.04894552
v -0.05581113 0.02680883 -0.04886568
v -0.05516713 0.02724220 -0.04880229
v -0.05440553 0.02739728 -0.04876321
v -0.05364073 0.02724997 -0.04875644
v -0.05356233 0.02719821 -0.04875928
v -0.05299034 0.02682366 -0.04878194
v -0.05255273 0.02618199 -0.04883886
v -0.05239514 0.02542471 -0.04891793
v -0.05254073 0.02466501 -0.04900479
v -0.05296794 0.02401924 -0.04908623
v -0.05361113 0.02358587 -0.04914960
v -0.05437353 0.02343035 -0.04918543
v -0.05513753 0.02357721 -0.04918814
v -0.09777514 0.00830587 -0.05140813
v -0.10458714 0.02034608 -0.05032110
v -0.10744795 0.01463282 -0.05092721
v -0.11214954 0.01008401 -0.05144372
v -0.11667835 0.02069082 -0.05033083
v -0.11965515 0.02268072 -0.04966809
v -0.12034234 0.01512845 -0.05093200
v -0.12306475 0.00917382 -0.05155646
v -0.12343275 0.01663582 -0.05031806
v -0.12621993 0.01010382 -0.05099867
v -0.12738714 0.01852579 -0.04816908
v -0.13044314 0.01133557 -0.04891862
v -0.12796714 0.01879835 -0.04779366
v -0.12324795 0.02517453 -0.04745517
v -0.12377354 0.02553641 -0.04707023
v -0.12829353 0.01894829 -0.04753294
v -0.13106393 0.01151227 -0.04855286
v -0.13287033 0.00380682 -0.04933342
v -0.13141434 0.01160693 -0.04829864
v -0.13222553 0.00373172 -0.04968769
v -0.13281354 -0.00406665 -0.05045731
v -0.12783114 0.00319360 -0.05169836
v -0.12438554 0.00277649 -0.05220077
v -0.12835833 -0.00389743 -0.05239756
v -0.12471914 -0.00384813 -0.05285116
v -0.12783033 -0.01099001 -0.05307972
v -0.13222393 -0.01186711 -0.05120662
v -0.12621674 -0.01790546 -0.05372743
v -0.12438473 -0.01047502 -0.05349169
v -0.12306153 -0.01687769 -0.05409283
v -0.11462635 -0.01014885 -0.05345451
v -0.10585674 -0.01166287 -0.05347843
v -0.11609275 -0.01475340 -0.05391717
v -0.11350395 -0.00380569 -0.05282085
v -0.10176393 -0.00377241 -0.05264892
v -0.11462795 0.00252528 -0.05221974
v -0.10585834 0.00408382 -0.05194461
v -0.11609513 0.00711222 -0.05178827
v -0.11214635 -0.01771483 -0.05415100
v -0.12033834 -0.02283886 -0.05462980
v -0.12342793 -0.02444621 -0.05431871
v -0.12738153 -0.02667539 -0.05257103
v -0.12324154 -0.03333490 -0.05315280
v -0.13043994 -0.01947578 -0.05191972
v -0.12376713 -0.03375744 -0.05284420
v -0.11859993 -0.03981047 -0.05335104
v -0.09776713 -0.01586101 -0.05376163
v -0.09399434 0.02732525 -0.04944744
v -0.09356715 0.02797078 -0.04936839
v -0.09342154 0.02873048 -0.04928153
v -0.09357995 0.02948816 -0.04919848
v -0.09401673 0.03012844 -0.04913258
v -0.09466795 0.03055363 -0.04909330
v -0.09543194 0.03069892 -0.04908780
v -0.09619433 0.03054334 -0.04911558
v -0.09683753 0.03010909 -0.04917245
v -0.09726473 0.02946297 -0.04924982
v -0.09741033 0.02870395 -0.04933755
v -0.09725274 0.02794626 -0.04942061
v -0.09681515 0.02730601 -0.04948731
v -0.09651033 0.02710725 -0.04950512
v -0.09616474 0.02688079 -0.04952578
v -0.09539994 0.02673467 -0.04953200
v -0.09463753 0.02689100 -0.04950429
v -0.13331353 -0.01212211 -0.05034400
v -0.13148875 -0.01990439 -0.05107262
vt 0.58011299 0.02330700
vt 0.57790601 0.02764000
vt 0.57471597 0.02620400
vt 0.57647598 0.02169800
vt 0.57272798 0.02047700
vt 0.57647598 0.02169800
vt 0.57471597 0.02620400
vt 0.57141399 0.02508800
vt 0.56802797 0.02429900
vt 0.56890202 0.01955300
vt 0.57272798 0.02047700
vt 0.57141399 0.02508800
vt 0.56457901 0.02384700
vt 0.56497902 0.01902700
vt 0.56890202 0.01955300
vt 0.56802797 0.02429900
vt 0.56110197 0.02373400
vt 0.56102300 0.01891400
vt 0.56497902 0.01902700
vt 0.56457901 0.02384700
vt 0.55763203 0.02396100
vt 0.55710298 0.01920900
vt 0.56102300 0.01891400
vt 0.56110197 0.02373400
vt 0.55420202 0.02452500
vt 0.55321300 0.01980300
vt 0.55710298 0.01920900
vt 0.55763203 0.02396100
vt 0.55083102 0.02542600
vt 0.54936999 0.02080400
vt 0.55321300 0.01980300
vt 0.55420202 0.02452500
vt 0.54755801 0.02665400
vt 0.54564500 0.02219800
vt 0.54936999 0.02080400
vt 0.55083102 0.02542600
vt 0.54441899 0.02819800
vt 0.54210597 0.02396800
vt 0.54564500 0.02219800
vt 0.54755801 0.02665400
vt 0.54143298 0.03003900
vt 0.53870201 0.02601200
vt 0.54210597 0.02396800
vt 0.54441899 0.02819800
vt 0.53863198 0.03216800
vt 0.53549898 0.02841400
vt 0.53870201 0.02601200
vt 0.54143298 0.03003900
vt 0.53605402 0.03456500
vt 0.53256202 0.03114300
vt 0.53549898 0.02841400
vt 0.53863198 0.03216800
vt 0.53372103 0.03720500
vt 0.52994198 0.03415000
vt 0.53256202 0.03114300
vt 0.53605402 0.03456500
vt 0.53164703 0.04006300
vt 0.52756000 0.03736300
vt 0.52994198 0.03415000
vt 0.53372103 0.03720500
vt 0.52986002 0.04311700
vt 0.52550298 0.04083200
vt 0.52756000 0.03736300
vt 0.53164703 0.04006300
vt 0.52838600 0.04633500
vt 0.52382201 0.04450200
vt 0.52550298 0.04083200
vt 0.52986002 0.04311700
vt 0.52723801 0.04968400
vt 0.52254999 0.04831500
vt 0.52382201 0.04450200
vt 0.52838600 0.04633500
vt 0.52641898 0.05312700
vt 0.52158803 0.05221300
vt 0.52254999 0.04831500
vt 0.52723801 0.04968400
vt 0.52594799 0.05663600
vt 0.52104098 0.05621500
vt 0.52158803 0.05221300
vt 0.52641898 0.05312700
vt 0.52583200 0.06017400
vt 0.52092099 0.06025100
vt 0.52104098 0.05621500
vt 0.52594799 0.05663600
vt 0.52606899 0.06370300
vt 0.52121800 0.06425300
vt 0.52092099 0.06025100
vt 0.52583200 0.06017400
vt 0.52664298 0.06719300
vt 0.52183998 0.06821500
vt 0.52121800 0.06425300
vt 0.52606899 0.06370300
vt 0.52756602 0.07061000
vt 0.52288097 0.07211900
vt 0.52183998 0.06821500
vt 0.52664298 0.06719300
vt 0.52882898 0.07391600
vt 0.52433199 0.07589000
vt 0.52288097 0.07211900
vt 0.52756602 0.07061000
vt 0.53041399 0.07707800
vt 0.52615899 0.07946900
vt 0.52433199 0.07589000
vt 0.52882898 0.07391600
vt 0.53229803 0.08007100
vt 0.52827299 0.08287900
vt 0.52615899 0.07946900
vt 0.53041399 0.07707800
vt 0.53447098 0.08286500
vt 0.53074300 0.08606700
vt 0.52827299 0.08287900
vt 0.53229803 0.08007100
vt 0.53690702 0.08543000
vt 0.53353202 0.08897200
vt 0.53074300 0.08606700
vt 0.53447098 0.08286500
vt 0.52915698 0.08740300
vt 0.52657098 0.08402500
vt 0.52827299 0.08287900
vt 0.53074300 0.08606700
vt 0.53353202 0.08897200
vt 0.53210300 0.09047100
vt 0.52915698 0.08740300
vt 0.53074300 0.08606700
vt 0.53532702 0.09314300
vt 0.53210300 0.09047100
vt 0.53353202 0.08897200
vt 0.53658301 0.09155700
vt 0.53957403 0.08773900
vt 0.53658301 0.09155700
vt 0.53353202 0.08897200
vt 0.53690702 0.08543000
vt 0.54244202 0.08977000
vt 0.53982103 0.09387400
vt 0.53658301 0.09155700
vt 0.53957403 0.08773900
vt 0.53982103 0.09387400
vt 0.53868902 0.09561500
vt 0.53532702 0.09314300
vt 0.53658301 0.09155700
vt 0.54234803 0.09771300
vt 0.53868902 0.09561500
vt 0.53982103 0.09387400
vt 0.54329300 0.09585100
vt 0.54549098 0.09150800
vt 0.54329300 0.09585100
vt 0.53982103 0.09387400
vt 0.54244202 0.08977000
vt 0.54869097 0.09293700
vt 0.54694301 0.09745000
vt 0.54329300 0.09585100
vt 0.54549098 0.09150800
vt 0.55200499 0.09404400
vt 0.55070901 0.09865600
vt 0.54694301 0.09745000
vt 0.54869097 0.09293700
vt 0.54694301 0.09745000
vt 0.54620898 0.09939400
vt 0.54234803 0.09771300
vt 0.54329300 0.09585100
vt 0.54620898 0.09939400
vt 0.54694301 0.09745000
vt 0.55070901 0.09865600
vt 0.55017197 0.10061400
vt 0.55017197 0.10061400
vt 0.55070901 0.09865600
vt 0.55454803 0.09956500
vt 0.55418599 0.10160600
vt 0.55540103 0.09482100
vt 0.55454803 0.09956500
vt 0.55070901 0.09865600
vt 0.55200499 0.09404400
vt 0.55885500 0.09526100
vt 0.55847299 0.10007900
vt 0.55454803 0.09956500
vt 0.55540103 0.09482100
vt 0.55833697 0.10215100
vt 0.55418599 0.10160600
vt 0.55454803 0.09956500
vt 0.55847299 0.10007900
vt 0.56233197 0.09536200
vt 0.56242698 0.10018200
vt 0.55847299 0.10007900
vt 0.55885500 0.09526100
vt 0.56242698 0.10018200
vt 0.56252003 0.10224600
vt 0.55833697 0.10215100
vt 0.55847299 0.10007900
vt 0.56580001 0.09512200
vt 0.56634802 0.09988100
vt 0.56242698 0.10018200
vt 0.56233197 0.09536200
vt 0.56923401 0.09454600
vt 0.57024097 0.09926400
vt 0.56634802 0.09988100
vt 0.56580001 0.09512200
vt 0.57260299 0.09363700
vt 0.57407397 0.09825500
vt 0.57024097 0.09926400
vt 0.56923401 0.09454600
vt 0.57587099 0.09240100
vt 0.57779002 0.09685400
vt 0.57407397 0.09825500
vt 0.57260299 0.09363700
vt 0.57779002 0.09685400
vt 0.57867301 0.09871100
vt 0.57476300 0.10020500
vt 0.57407397 0.09825500
vt 0.57476300 0.10020500
vt 0.57071602 0.10126900
vt 0.57024097 0.09926400
vt 0.57407397 0.09825500
vt 0.57867301 0.09871100
vt 0.57904899 0.09923300
vt 0.57500499 0.10072400
vt 0.57476300 0.10020500
vt 0.57476300 0.10020500
vt 0.57500499 0.10072400
vt 0.57084501 0.10187000
vt 0.57071602 0.10126900
vt 0.57084501 0.10187000
vt 0.57500499 0.10072400
vt 0.57546097 0.10171900
vt 0.57226002 0.10274400
vt 0.57500499 0.10072400
vt 0.57904899 0.09923300
vt 0.57866699 0.10070000
vt 0.57546097 0.10171900
vt 0.57226002 0.10274400
vt 0.57546097 0.10171900
vt 0.57595199 0.10273400
vt 0.57153302 0.10403000
vt 0.57546097 0.10171900
vt 0.57866699 0.10070000
vt 0.58029902 0.10126000
vt 0.57595199 0.10273400
vt 0.57153302 0.10403000
vt 0.57595199 0.10273400
vt 0.57634902 0.10347300
vt 0.57189000 0.10467700
vt 0.57595199 0.10273400
vt 0.58029902 0.10126000
vt 0.58066797 0.10190300
vt 0.57634902 0.10347300
vt 0.57765800 0.10680000
vt 0.57634902 0.10347300
vt 0.58066797 0.10190300
vt 0.58226901 0.10509300
vt 0.57287198 0.10807000
vt 0.57189000 0.10467700
vt 0.57634902 0.10347300
vt 0.57765800 0.10680000
vt 0.58029902 0.10126000
vt 0.58437097 0.09962100
vt 0.58472598 0.09999500
vt 0.58066797 0.10190300
vt 0.58226901 0.10509300
vt 0.58066797 0.10190300
vt 0.58472598 0.09999500
vt 0.58665401 0.10298100
vt 0.58665401 0.10298100
vt 0.58472598 0.09999500
vt 0.58853000 0.09759500
vt 0.59079802 0.10044100
vt 0.58437097 0.09962100
vt 0.58789498 0.09709800
vt 0.58853000 0.09759500
vt 0.58472598 0.09999500
vt 0.58267599 0.10609800
vt 0.58226901 0.10509300
vt 0.58665401 0.10298100
vt 0.58715099 0.10396600
vt 0.58715099 0.10396600
vt 0.58665401 0.10298100
vt 0.59079802 0.10044100
vt 0.59140998 0.10141100
vt 0.58853000 0.09759500
vt 0.59215403 0.09481700
vt 0.59469801 0.09750300
vt 0.59079802 0.10044100
vt 0.59140998 0.10141100
vt 0.59079802 0.10044100
vt 0.59469801 0.09750300
vt 0.59543800 0.09843600
vt 0.59451699 0.10618600
vt 0.59140998 0.10141100
vt 0.59543800 0.09843600
vt 0.59907401 0.10293700
vt 0.58971697 0.10894500
vt 0.58715099 0.10396600
vt 0.59140998 0.10141100
vt 0.59451699 0.10618600
vt 0.59907401 0.10293700
vt 0.59543800 0.09843600
vt 0.59918100 0.09504900
vt 0.60330302 0.09918400
vt 0.60330302 0.09918400
vt 0.59918100 0.09504900
vt 0.60252398 0.09126600
vt 0.60709703 0.09495200
vt 0.59543800 0.09843600
vt 0.59469801 0.09750300
vt 0.59830701 0.09418900
vt 0.59918100 0.09504900
vt 0.59918100 0.09504900
vt 0.59830701 0.09418900
vt 0.60157001 0.09054200
vt 0.60252398 0.09126600
vt 0.60252398 0.09126600
vt 0.60157001 0.09054200
vt 0.60443002 0.08654400
vt 0.60544002 0.08713500
vt 0.60709703 0.09495200
vt 0.60252398 0.09126600
vt 0.60544002 0.08713500
vt 0.61042702 0.09032600
vt 0.60544002 0.08713500
vt 0.60443002 0.08654400
vt 0.60687399 0.08222100
vt 0.60790497 0.08268900
vt 0.61042702 0.09032600
vt 0.60544002 0.08713500
vt 0.60790497 0.08268900
vt 0.61333001 0.08533200
vt 0.61333001 0.08533200
vt 0.60790497 0.08268900
vt 0.60992801 0.07803500
vt 0.61540502 0.07997200
vt 0.61540502 0.07997200
vt 0.60992801 0.07803500
vt 0.61145997 0.07322800
vt 0.61699200 0.07457700
vt 0.61699200 0.07457700
vt 0.61145997 0.07322800
vt 0.61250401 0.06830400
vt 0.61808902 0.06911400
vt 0.61808902 0.06911400
vt 0.61250401 0.06830400
vt 0.61310399 0.06327600
vt 0.61866897 0.06357900
vt 0.61866897 0.06357900
vt 0.61310399 0.06327600
vt 0.61322600 0.05821400
vt 0.61866897 0.05807300
vt 0.61866897 0.05807300
vt 0.61322600 0.05821400
vt 0.61285299 0.05320000
vt 0.61836499 0.05260500
vt 0.61836499 0.05260500
vt 0.61285299 0.05320000
vt 0.61200500 0.04825400
vt 0.61749601 0.04715400
vt 0.61322600 0.05821400
vt 0.61205298 0.05824900
vt 0.61170900 0.05335300
vt 0.61285299 0.05320000
vt 0.61170900 0.05335300
vt 0.61090797 0.04850900
vt 0.61200500 0.04825400
vt 0.61285299 0.05320000
vt 0.61749601 0.04715400
vt 0.61200500 0.04825400
vt 0.61070299 0.04341200
vt 0.61611700 0.04180400
vt 0.61200500 0.04825400
vt 0.61090797 0.04850900
vt 0.60966700 0.04374500
vt 0.61070299 0.04341200
vt 0.61170900 0.05335300
vt 0.60786301 0.05391600
vt 0.60705000 0.04947000
vt 0.61090797 0.04850900
vt 0.61090797 0.04850900
vt 0.60705000 0.04947000
vt 0.60583597 0.04504900
vt 0.60966700 0.04374500
vt 0.61070299 0.04341200
vt 0.60966700 0.04374500
vt 0.60796797 0.03913200
vt 0.60897702 0.03871400
vt 0.60966700 0.04374500
vt 0.60583597 0.04504900
vt 0.60425597 0.04075800
vt 0.60796797 0.03913200
vt 0.60500002 0.04536600
vt 0.60350603 0.04103800
vt 0.60425597 0.04075800
vt 0.60583597 0.04504900
vt 0.60631597 0.04976900
vt 0.60500002 0.04536600
vt 0.60583597 0.04504900
vt 0.60705000 0.04947000
vt 0.60489398 0.04899300
vt 0.60385698 0.04578400
vt 0.60500002 0.04536600
vt 0.60631597 0.04976900
vt 0.60385698 0.04578400
vt 0.60281700 0.04258900
vt 0.60350603 0.04103800
vt 0.60500002 0.04536600
vt 0.60643297 0.05152300
vt 0.60631597 0.04976900
vt 0.60735798 0.05402100
vt 0.60708201 0.05409700
vt 0.60551000 0.05072400
vt 0.60489398 0.04899300
vt 0.60631597 0.04976900
vt 0.60643297 0.05152300
vt 0.60735798 0.05402100
vt 0.60631597 0.04976900
vt 0.60705000 0.04947000
vt 0.60786301 0.05391600
vt 0.60736799 0.05840900
vt 0.60735798 0.05402100
vt 0.60786301 0.05391600
vt 0.60813898 0.05842400
vt 0.60708201 0.05409700
vt 0.60735798 0.05402100
vt 0.60736799 0.05840900
vt 0.60707003 0.05676100
vt 0.60635799 0.05238400
vt 0.60643297 0.05152300
vt 0.60708201 0.05409700
vt 0.60670501 0.05417800
vt 0.60670501 0.05417800
vt 0.60708201 0.05409700
vt 0.60707003 0.05676100
vt 0.60679501 0.05599600
vt 0.60585397 0.05211200
vt 0.60635799 0.05238400
vt 0.60670501 0.05417800
vt 0.60679501 0.05599600
vt 0.60637999 0.05642100
vt 0.60580999 0.05612200
vt 0.60554200 0.05435800
vt 0.60537499 0.05256600
vt 0.60679501 0.05599600
vt 0.60707003 0.05676100
vt 0.60637599 0.05781000
vt 0.60637999 0.05642100
vt 0.60637999 0.05642100
vt 0.60637599 0.05781000
vt 0.60546201 0.05693700
vt 0.60580999 0.05612200
vt 0.60637599 0.05781000
vt 0.60619199 0.05959800
vt 0.60492301 0.05857700
vt 0.60546201 0.05693700
vt 0.60707003 0.05676100
vt 0.60736799 0.05840900
vt 0.60619199 0.05959800
vt 0.60637599 0.05781000
vt 0.60596001 0.06296200
vt 0.60619199 0.05959800
vt 0.60736799 0.05840900
vt 0.60715401 0.06301300
vt 0.60480702 0.06290500
vt 0.60492301 0.05857700
vt 0.60619199 0.05959800
vt 0.60596001 0.06296200
vt 0.60546201 0.05693700
vt 0.60492301 0.05857700
vt 0.60428602 0.05449400
vt 0.60489202 0.05443000
vt 0.60492301 0.05857700
vt 0.60428101 0.05866800
vt 0.60389298 0.05454400
vt 0.60428602 0.05449400
vt 0.60480702 0.06290500
vt 0.60420698 0.06287400
vt 0.60428101 0.05866800
vt 0.60492301 0.05857700
vt 0.60428101 0.05866800
vt 0.60240000 0.05874800
vt 0.60209000 0.05478400
vt 0.60389298 0.05454400
vt 0.60420698 0.06287400
vt 0.60229802 0.06275200
vt 0.60240000 0.05874800
vt 0.60428101 0.05866800
vt 0.60146201 0.05084900
vt 0.60327101 0.05044500
vt 0.60389298 0.05454400
vt 0.60209000 0.05478400
vt 0.60428602 0.05449400
vt 0.60389298 0.05454400
vt 0.60327101 0.05044500
vt 0.60391402 0.05035600
vt 0.60218400 0.04638600
vt 0.60275602 0.04618000
vt 0.60391402 0.05035600
vt 0.60327101 0.05044500
vt 0.60218400 0.04638600
vt 0.60327101 0.05044500
vt 0.60146201 0.05084900
vt 0.60042900 0.04697600
vt 0.60209000 0.05478400
vt 0.59727198 0.05534300
vt 0.59669298 0.05187600
vt 0.60146201 0.05084900
vt 0.60146201 0.05084900
vt 0.59669298 0.05187600
vt 0.59577203 0.04848100
vt 0.60042900 0.04697600
vt 0.60042900 0.04697600
vt 0.59577203 0.04848100
vt 0.59451401 0.04519200
vt 0.59899402 0.04322700
vt 0.60065699 0.04246800
vt 0.60218400 0.04638600
vt 0.60042900 0.04697600
vt 0.59899402 0.04322700
vt 0.60065699 0.04246800
vt 0.59899402 0.04322700
vt 0.59718299 0.03966900
vt 0.59872401 0.03879500
vt 0.59899402 0.04322700
vt 0.59451401 0.04519200
vt 0.59293699 0.04204300
vt 0.59718299 0.03966900
vt 0.60065699 0.04246800
vt 0.60122597 0.04213800
vt 0.60275602 0.04618000
vt 0.60218400 0.04638600
vt 0.60122597 0.04213800
vt 0.60065699 0.04246800
vt 0.59872401 0.03879500
vt 0.59907502 0.03860600
vt 0.60275602 0.04618000
vt 0.60122597 0.04213800
vt 0.60281700 0.04258900
vt 0.60385698 0.04578400
vt 0.60110301 0.04042000
vt 0.60122597 0.04213800
vt 0.59907502 0.03860600
vt 0.59961498 0.03832500
vt 0.60230798 0.04087100
vt 0.60281700 0.04258900
vt 0.60122597 0.04213800
vt 0.60110301 0.04042000
vt 0.60258800 0.03963600
vt 0.60350603 0.04103800
vt 0.60281700 0.04258900
vt 0.60230798 0.04087100
vt 0.60202998 0.03904000
vt 0.60258800 0.03963600
vt 0.60230798 0.04087100
vt 0.60178101 0.03959400
vt 0.60178101 0.03959400
vt 0.60230798 0.04087100
vt 0.60110301 0.04042000
vt 0.60112101 0.03953700
vt 0.60019898 0.03801500
vt 0.59936500 0.03643000
vt 0.59965599 0.03582900
vt 0.60025197 0.03588300
vt 0.60126197 0.03739800
vt 0.60202998 0.03904000
vt 0.60178101 0.03959400
vt 0.60112101 0.03953700
vt 0.60126197 0.03739800
vt 0.60160702 0.03717200
vt 0.60258800 0.03963600
vt 0.60202998 0.03904000
vt 0.60025197 0.03588300
vt 0.60000700 0.03505900
vt 0.60160702 0.03717200
vt 0.60126197 0.03739800
vt 0.59965599 0.03582900
vt 0.59881097 0.03467900
vt 0.60000700 0.03505900
vt 0.60025197 0.03588300
vt 0.59936500 0.03643000
vt 0.59858298 0.03596000
vt 0.59881097 0.03467900
vt 0.59965599 0.03582900
vt 0.59881097 0.03467900
vt 0.59757900 0.03331500
vt 0.59925401 0.03349400
vt 0.60000700 0.03505900
vt 0.59858298 0.03596000
vt 0.59714800 0.03493000
vt 0.59757900 0.03331500
vt 0.59881097 0.03467900
vt 0.60019898 0.03801500
vt 0.59961498 0.03832500
vt 0.59858298 0.03596000
vt 0.59936500 0.03643000
vt 0.59961498 0.03832500
vt 0.59907502 0.03860600
vt 0.59714800 0.03493000
vt 0.59858298 0.03596000
vt 0.59714800 0.03493000
vt 0.59446198 0.03152600
vt 0.59537703 0.03077100
vt 0.59757900 0.03331500
vt 0.59907502 0.03860600
vt 0.59872401 0.03879500
vt 0.59656501 0.03524200
vt 0.59714800 0.03493000
vt 0.59714800 0.03493000
vt 0.59656501 0.03524200
vt 0.59398699 0.03191400
vt 0.59446198 0.03152600
vt 0.59446198 0.03152600
vt 0.59148002 0.02840400
vt 0.59317499 0.02825400
vt 0.59537703 0.03077100
vt 0.59446198 0.03152600
vt 0.59398699 0.03191400
vt 0.59106100 0.02889900
vt 0.59148002 0.02840400
vt 0.59537703 0.03077100
vt 0.59317499 0.02825400
vt 0.59326798 0.02663000
vt 0.59633100 0.02998600
vt 0.59757900 0.03331500
vt 0.59537703 0.03077100
vt 0.59633100 0.02998600
vt 0.59925401 0.03349400
vt 0.59925401 0.03349400
vt 0.59633100 0.02998600
vt 0.59703898 0.02941300
vt 0.59986800 0.03296000
vt 0.59633100 0.02998600
vt 0.59326798 0.02663000
vt 0.59391397 0.02614100
vt 0.59703898 0.02941300
vt 0.59326798 0.02663000
vt 0.59021002 0.02360900
vt 0.59057498 0.02322800
vt 0.59391397 0.02614100
vt 0.59000701 0.02384200
vt 0.59021002 0.02360900
vt 0.59326798 0.02663000
vt 0.59184599 0.02568800
vt 0.59184599 0.02568800
vt 0.59326798 0.02663000
vt 0.59317499 0.02825400
vt 0.59203202 0.02688500
vt 0.59108698 0.02534900
vt 0.59184599 0.02568800
vt 0.59203202 0.02688500
vt 0.59104699 0.02592500
vt 0.58975101 0.02415900
vt 0.59000701 0.02384200
vt 0.59184599 0.02568800
vt 0.59108698 0.02534900
vt 0.58772802 0.02251800
vt 0.58647603 0.02141100
vt 0.59021002 0.02360900
vt 0.59000701 0.02384200
vt 0.58824700 0.02316300
vt 0.58772802 0.02251800
vt 0.59000701 0.02384200
vt 0.58975101 0.02415900
vt 0.58896399 0.02505800
vt 0.58760202 0.02393400
vt 0.58766103 0.02330900
vt 0.58824700 0.02316300
vt 0.58975101 0.02415900
vt 0.59108698 0.02534900
vt 0.59104699 0.02592500
vt 0.59039903 0.02609800
vt 0.58766103 0.02330900
vt 0.58645499 0.02257900
vt 0.58772802 0.02251800
vt 0.58824700 0.02316300
vt 0.58760202 0.02393400
vt 0.58670002 0.02378700
vt 0.58645499 0.02257900
vt 0.58766103 0.02330900
vt 0.58645499 0.02257900
vt 0.58481401 0.02179900
vt 0.58647603 0.02141100
vt 0.58772802 0.02251800
vt 0.58670002 0.02378700
vt 0.58498299 0.02336500
vt 0.58481401 0.02179900
vt 0.58645499 0.02257900
vt 0.58853298 0.02554000
vt 0.58813298 0.02598500
vt 0.58498299 0.02336500
vt 0.58670002 0.02378700
vt 0.58896399 0.02505800
vt 0.58853298 0.02554000
vt 0.58670002 0.02378700
vt 0.58760202 0.02393400
vt 0.59039903 0.02609800
vt 0.59071499 0.02689900
vt 0.58853298 0.02554000
vt 0.58896399 0.02505800
vt 0.59071499 0.02689900
vt 0.59148002 0.02840400
vt 0.58813298 0.02598500
vt 0.58853298 0.02554000
vt 0.58813298 0.02598500
vt 0.58787000 0.02627600
vt 0.58454698 0.02383900
vt 0.58498299 0.02336500
vt 0.59148002 0.02840400
vt 0.59106100 0.02889900
vt 0.58787000 0.02627600
vt 0.58813298 0.02598500
vt 0.59106100 0.02889900
vt 0.58983397 0.03018600
vt 0.58679599 0.02761100
vt 0.58787000 0.02627600
vt 0.58787000 0.02627600
vt 0.58679599 0.02761100
vt 0.58357197 0.02529100
vt 0.58454698 0.02383900
vt 0.58011299 0.02330700
vt 0.58093500 0.02176500
vt 0.58454698 0.02383900
vt 0.58357197 0.02529100
vt 0.58093500 0.02176500
vt 0.58124298 0.02126500
vt 0.58498299 0.02336500
vt 0.58454698 0.02383900
vt 0.58679599 0.02761100
vt 0.58380598 0.03142300
vt 0.58094698 0.02938500
vt 0.58357197 0.02529100
vt 0.58357197 0.02529100
vt 0.58094698 0.02938500
vt 0.57790601 0.02764000
vt 0.58011299 0.02330700
vt 0.57647598 0.02169800
vt 0.57712603 0.02009900
vt 0.58093500 0.02176500
vt 0.58011299 0.02330700
vt 0.58646899 0.03372300
vt 0.58380598 0.03142300
vt 0.58679599 0.02761100
vt 0.58983397 0.03018600
vt 0.59261501 0.03308300
vt 0.58890003 0.03627600
vt 0.58646899 0.03372300
vt 0.58983397 0.03018600
vt 0.59508002 0.03626100
vt 0.59106302 0.03905900
vt 0.58890003 0.03627600
vt 0.59261501 0.03308300
vt 0.59718299 0.03966900
vt 0.59293699 0.04204300
vt 0.59106302 0.03905900
vt 0.59508002 0.03626100
vt 0.59872401 0.03879500
vt 0.59718299 0.03966900
vt 0.59508002 0.03626100
vt 0.59656501 0.03524200
vt 0.59656501 0.03524200
vt 0.59508002 0.03626100
vt 0.59261501 0.03308300
vt 0.59398699 0.03191400
vt 0.59398699 0.03191400
vt 0.59261501 0.03308300
vt 0.58983397 0.03018600
vt 0.59106100 0.02889900
vt 0.57712603 0.02009900
vt 0.57733798 0.01951800
vt 0.58124298 0.02126500
vt 0.58093500 0.02176500
vt 0.58124298 0.02126500
vt 0.57733798 0.01951800
vt 0.57886201 0.01882500
vt 0.58183300 0.02030300
vt 0.58498299 0.02336500
vt 0.58124298 0.02126500
vt 0.58183300 0.02030300
vt 0.58481401 0.02179900
vt 0.58481401 0.02179900
vt 0.58183300 0.02030300
vt 0.58245802 0.01931400
vt 0.58647603 0.02141100
vt 0.58183300 0.02030300
vt 0.57886201 0.01882500
vt 0.57835603 0.01739200
vt 0.58245802 0.01931400
vt 0.58647603 0.02141100
vt 0.58245802 0.01931400
vt 0.58294100 0.01859600
vt 0.58690101 0.02076400
vt 0.58245802 0.01931400
vt 0.57835603 0.01739200
vt 0.57879800 0.01676800
vt 0.58294100 0.01859600
vt 0.59021002 0.02360900
vt 0.58647603 0.02141100
vt 0.58690101 0.02076400
vt 0.59057498 0.02322800
vt 0.59057498 0.02322800
vt 0.58690101 0.02076400
vt 0.58919001 0.01730900
vt 0.59316498 0.02006100
vt 0.58919001 0.01730900
vt 0.58690101 0.02076400
vt 0.58294100 0.01859600
vt 0.58493698 0.01494200
vt 0.59684002 0.02322000
vt 0.59391397 0.02614100
vt 0.59057498 0.02322800
vt 0.59316498 0.02006100
vt 0.59766501 0.02233500
vt 0.59684002 0.02322000
vt 0.59316498 0.02006100
vt 0.59385097 0.01911100
vt 0.59385097 0.01911100
vt 0.59316498 0.02006100
vt 0.58919001 0.01730900
vt 0.58974600 0.01632200
vt 0.60161197 0.01808000
vt 0.59766501 0.02233500
vt 0.59385097 0.01911100
vt 0.59728599 0.01450600
vt 0.59728599 0.01450600
vt 0.59385097 0.01911100
vt 0.58974600 0.01632200
vt 0.59263998 0.01144400
vt 0.58974600 0.01632200
vt 0.58919001 0.01730900
vt 0.58493698 0.01494200
vt 0.58538502 0.01394200
vt 0.59263998 0.01144400
vt 0.58974600 0.01632200
vt 0.58538502 0.01394200
vt 0.58774799 0.00886800
vt 0.58774799 0.00886800
vt 0.58538502 0.01394200
vt 0.58081901 0.01196400
vt 0.58266300 0.00674800
vt 0.57608998 0.01040000
vt 0.57741803 0.00506400
vt 0.58266300 0.00674800
vt 0.58081901 0.01196400
vt 0.58538502 0.01394200
vt 0.58493698 0.01494200
vt 0.58045799 0.01297400
vt 0.58081901 0.01196400
vt 0.57580900 0.01143000
vt 0.57608998 0.01040000
vt 0.58081901 0.01196400
vt 0.58045799 0.01297400
vt 0.58045799 0.01297400
vt 0.57879800 0.01676800
vt 0.57456398 0.01532800
vt 0.57580900 0.01143000
vt 0.58493698 0.01494200
vt 0.58294100 0.01859600
vt 0.57879800 0.01676800
vt 0.58045799 0.01297400
vt 0.57835603 0.01739200
vt 0.57436597 0.01577500
vt 0.57456398 0.01532800
vt 0.57879800 0.01676800
vt 0.57436597 0.01577500
vt 0.57005203 0.01512500
vt 0.57016802 0.01442500
vt 0.57456398 0.01532800
vt 0.57580900 0.01143000
vt 0.57456398 0.01532800
vt 0.57016802 0.01442500
vt 0.57099003 0.01036700
vt 0.57016802 0.01442500
vt 0.56559098 0.01388400
vt 0.56603098 0.00975300
vt 0.57099003 0.01036700
vt 0.57005203 0.01512500
vt 0.56547999 0.01467300
vt 0.56559098 0.01388400
vt 0.57016802 0.01442500
vt 0.57165003 0.01564100
vt 0.57005203 0.01512500
vt 0.57436597 0.01577500
vt 0.57426298 0.01602600
vt 0.56868899 0.01601000
vt 0.56534600 0.01573700
vt 0.56547999 0.01467300
vt 0.57005203 0.01512500
vt 0.57050502 0.01611000
vt 0.56868899 0.01601000
vt 0.57005203 0.01512500
vt 0.57165003 0.01564100
vt 0.56947201 0.01730900
vt 0.56522000 0.01677400
vt 0.56534600 0.01573700
vt 0.56868899 0.01601000
vt 0.57120597 0.01707500
vt 0.56947201 0.01730900
vt 0.56868899 0.01601000
vt 0.57050502 0.01611000
vt 0.57208598 0.01688700
vt 0.57120597 0.01707500
vt 0.57050502 0.01611000
vt 0.57189500 0.01633100
vt 0.57189500 0.01633100
vt 0.57050502 0.01611000
vt 0.57165003 0.01564100
vt 0.57237399 0.01602300
vt 0.57376701 0.01740500
vt 0.57208598 0.01688700
vt 0.57189500 0.01633100
vt 0.57237399 0.01602300
vt 0.57414299 0.01638300
vt 0.57583201 0.01697400
vt 0.57601398 0.01747400
vt 0.57548302 0.01783600
vt 0.57237399 0.01602300
vt 0.57165003 0.01564100
vt 0.57426298 0.01602600
vt 0.57414299 0.01638300
vt 0.57414299 0.01638300
vt 0.57426298 0.01602600
vt 0.57666999 0.01701800
vt 0.57583201 0.01697400
vt 0.57583201 0.01697400
vt 0.57666999 0.01701800
vt 0.57729101 0.01799200
vt 0.57601398 0.01747400
vt 0.57666999 0.01701800
vt 0.57835603 0.01739200
vt 0.57886201 0.01882500
vt 0.57729101 0.01799200
vt 0.57426298 0.01602600
vt 0.57436597 0.01577500
vt 0.57835603 0.01739200
vt 0.57666999 0.01701800
vt 0.57601398 0.01747400
vt 0.57729101 0.01799200
vt 0.57607502 0.01844000
vt 0.57548302 0.01783600
vt 0.57729101 0.01799200
vt 0.57886201 0.01882500
vt 0.57733798 0.01951800
vt 0.57607502 0.01844000
vt 0.57607502 0.01844000
vt 0.57733798 0.01951800
vt 0.57335699 0.01853200
vt 0.57355601 0.01798600
vt 0.57548302 0.01783600
vt 0.57607502 0.01844000
vt 0.57355601 0.01798600
vt 0.57376701 0.01740500
vt 0.57376701 0.01740500
vt 0.57355601 0.01798600
vt 0.57120597 0.01707500
vt 0.57208598 0.01688700
vt 0.57355601 0.01798600
vt 0.57335699 0.01853200
vt 0.56947201 0.01730900
vt 0.57120597 0.01707500
vt 0.57335699 0.01853200
vt 0.57322299 0.01888400
vt 0.56926000 0.01788100
vt 0.56947201 0.01730900
vt 0.57733798 0.01951800
vt 0.57712603 0.02009900
vt 0.57322299 0.01888400
vt 0.57335699 0.01853200
vt 0.57712603 0.02009900
vt 0.57647598 0.02169800
vt 0.57272798 0.02047700
vt 0.57322299 0.01888400
vt 0.57322299 0.01888400
vt 0.57272798 0.02047700
vt 0.56890202 0.01955300
vt 0.56926000 0.01788100
vt 0.56515199 0.01731900
vt 0.56522000 0.01677400
vt 0.56947201 0.01730900
vt 0.56926000 0.01788100
vt 0.56515199 0.01731900
vt 0.56926000 0.01788100
vt 0.56890202 0.01955300
vt 0.56497902 0.01902700
vt 0.56100601 0.01720700
vt 0.56094003 0.01661600
vt 0.56522000 0.01677400
vt 0.56515199 0.01731900
vt 0.56102300 0.01891400
vt 0.56100601 0.01720700
vt 0.56515199 0.01731900
vt 0.56497902 0.01902700
vt 0.55693299 0.01755800
vt 0.55688798 0.01719200
vt 0.56094003 0.01661600
vt 0.56100601 0.01720700
vt 0.55693299 0.01755800
vt 0.56100601 0.01720700
vt 0.56102300 0.01891400
vt 0.55710298 0.01920900
vt 0.56022501 0.01528900
vt 0.56201100 0.01548000
vt 0.56094003 0.01661600
vt 0.55932099 0.01611100
vt 0.55932099 0.01611100
vt 0.56094003 0.01661600
vt 0.55688798 0.01719200
vt 0.55682600 0.01662400
vt 0.56522000 0.01677400
vt 0.56094003 0.01661600
vt 0.56201100 0.01548000
vt 0.56534600 0.01573700
vt 0.55682600 0.01662400
vt 0.55688798 0.01719200
vt 0.55279303 0.01753200
vt 0.55426699 0.01667900
vt 0.55287999 0.01812100
vt 0.55279303 0.01753200
vt 0.55688798 0.01719200
vt 0.55693299 0.01755800
vt 0.55851698 0.01578700
vt 0.55932099 0.01611100
vt 0.55682600 0.01662400
vt 0.55676001 0.01602400
vt 0.55676001 0.01602400
vt 0.55682600 0.01662400
vt 0.55426699 0.01667900
vt 0.55498701 0.01618300
vt 0.55498701 0.01618300
vt 0.55426699 0.01667900
vt 0.55317301 0.01607700
vt 0.55454999 0.01576400
vt 0.55426699 0.01667900
vt 0.55279303 0.01753200
vt 0.55145198 0.01665800
vt 0.55317301 0.01607700
vt 0.55676001 0.01602400
vt 0.55498701 0.01618300
vt 0.55454999 0.01576400
vt 0.55483598 0.01532400
vt 0.55662203 0.01500400
vt 0.55843300 0.01492400
vt 0.55883300 0.01528500
vt 0.55851698 0.01578700
vt 0.55454999 0.01576400
vt 0.55317301 0.01607700
vt 0.55399400 0.01524900
vt 0.55483598 0.01532400
vt 0.55483598 0.01532400
vt 0.55399400 0.01524900
vt 0.55656302 0.01464900
vt 0.55662203 0.01500400
vt 0.55317301 0.01607700
vt 0.55145198 0.01665800
vt 0.55225599 0.01538200
vt 0.55399400 0.01524900
vt 0.55399400 0.01524900
vt 0.55225599 0.01538200
vt 0.55651200 0.01440400
vt 0.55656302 0.01464900
vt 0.55651200 0.01440400
vt 0.55225599 0.01538200
vt 0.55197102 0.01472700
vt 0.55643702 0.01394300
vt 0.55225599 0.01538200
vt 0.54782897 0.01663200
vt 0.54750103 0.01588900
vt 0.55197102 0.01472700
vt 0.55145198 0.01665800
vt 0.54824501 0.01764300
vt 0.54782897 0.01663200
vt 0.55225599 0.01538200
vt 0.55656302 0.01464900
vt 0.55651200 0.01440400
vt 0.56089199 0.01441700
vt 0.55921102 0.01466700
vt 0.56089199 0.01441700
vt 0.55651200 0.01440400
vt 0.55643702 0.01394300
vt 0.56097001 0.01371800
vt 0.56102699 0.00957900
vt 0.56097001 0.01371800
vt 0.55643702 0.01394300
vt 0.55603999 0.00987700
vt 0.55603999 0.00987700
vt 0.55643702 0.01394300
vt 0.55197102 0.01472700
vt 0.55108500 0.01066000
vt 0.55085200 0.00956000
vt 0.55591398 0.00873800
vt 0.55603999 0.00987700
vt 0.55108500 0.01066000
vt 0.55603999 0.00987700
vt 0.55591398 0.00873800
vt 0.56101698 0.00841900
vt 0.56102699 0.00957900
vt 0.56603098 0.00975300
vt 0.56559098 0.01388400
vt 0.56097001 0.01371800
vt 0.56102699 0.00957900
vt 0.56102699 0.00957900
vt 0.56101698 0.00841900
vt 0.56613398 0.00861200
vt 0.56603098 0.00975300
vt 0.55591398 0.00873800
vt 0.55537802 0.00330100
vt 0.56092900 0.00307500
vt 0.56101698 0.00841900
vt 0.56101698 0.00841900
vt 0.56092900 0.00307500
vt 0.56647402 0.00317000
vt 0.56613398 0.00861200
vt 0.56613398 0.00861200
vt 0.56647402 0.00317000
vt 0.57201201 0.00385100
vt 0.57119000 0.00927300
vt 0.57119000 0.00927300
vt 0.57201201 0.00385100
vt 0.57741803 0.00506400
vt 0.57608998 0.01040000
vt 0.56603098 0.00975300
vt 0.56613398 0.00861200
vt 0.57119000 0.00927300
vt 0.57099003 0.01036700
vt 0.57119000 0.00927300
vt 0.57608998 0.01040000
vt 0.57580900 0.01143000
vt 0.57099003 0.01036700
vt 0.55085200 0.00956000
vt 0.54980099 0.00413800
vt 0.55537802 0.00330100
vt 0.55591398 0.00873800
vt 0.54589701 0.01088500
vt 0.54432899 0.00556300
vt 0.54980099 0.00413800
vt 0.55085200 0.00956000
vt 0.54112202 0.01264900
vt 0.53904802 0.00749200
vt 0.54432899 0.00556300
vt 0.54589701 0.01088500
vt 0.53657299 0.01482300
vt 0.53398502 0.00986200
vt 0.53904802 0.00749200
vt 0.54112202 0.01264900
vt 0.53225797 0.01743000
vt 0.52915400 0.01269300
vt 0.53398502 0.00986200
vt 0.53657299 0.01482300
vt 0.52819097 0.02045900
vt 0.52460003 0.01600100
vt 0.52915400 0.01269300
vt 0.53225797 0.01743000
vt 0.52444100 0.02388300
vt 0.52040201 0.01978000
vt 0.52460003 0.01600100
vt 0.52819097 0.02045900
vt 0.52108800 0.02766100
vt 0.51664901 0.02398900
vt 0.52040201 0.01978000
vt 0.52444100 0.02388300
vt 0.52200699 0.02841100
vt 0.52108800 0.02766100
vt 0.52444100 0.02388300
vt 0.52527499 0.02474800
vt 0.52527499 0.02474800
vt 0.52444100 0.02388300
vt 0.52819097 0.02045900
vt 0.52890998 0.02140200
vt 0.52527499 0.02474800
vt 0.52820402 0.02754400
vt 0.52516001 0.03083100
vt 0.52200699 0.02841100
vt 0.52890998 0.02140200
vt 0.53160298 0.02447900
vt 0.52820402 0.02754400
vt 0.52527499 0.02474800
vt 0.53225797 0.02504700
vt 0.52879101 0.02804500
vt 0.52820402 0.02754400
vt 0.53160298 0.02447900
vt 0.52879101 0.02804500
vt 0.52562600 0.03108300
vt 0.52516001 0.03083100
vt 0.52820402 0.02754400
vt 0.52200699 0.02841100
vt 0.52516001 0.03083100
vt 0.52254599 0.03449200
vt 0.51913399 0.03238700
vt 0.52562600 0.03108300
vt 0.52331603 0.03476200
vt 0.52254599 0.03449200
vt 0.52516001 0.03083100
vt 0.52590299 0.03123800
vt 0.52562600 0.03108300
vt 0.52879101 0.02804500
vt 0.52783900 0.02940300
vt 0.52452099 0.03347200
vt 0.52331603 0.03476200
vt 0.52562600 0.03108300
vt 0.52590299 0.03123800
vt 0.52379400 0.03627400
vt 0.52220500 0.03925300
vt 0.52107298 0.03877500
vt 0.52331603 0.03476200
vt 0.52462101 0.03465800
vt 0.52379400 0.03627400
vt 0.52331603 0.03476200
vt 0.52452099 0.03347200
vt 0.52331603 0.03476200
vt 0.52107298 0.03877500
vt 0.52022898 0.03844500
vt 0.52254599 0.03449200
vt 0.52107298 0.03877500
vt 0.51901299 0.04289200
vt 0.51826400 0.04258900
vt 0.52022898 0.03844500
vt 0.52220500 0.03925300
vt 0.52063400 0.04225400
vt 0.51901299 0.04289200
vt 0.52107298 0.03877500
vt 0.51866001 0.04455900
vt 0.51901299 0.04289200
vt 0.52063400 0.04225400
vt 0.51975501 0.04387000
vt 0.51901299 0.04289200
vt 0.51725399 0.04693000
vt 0.51672202 0.04682300
vt 0.51826400 0.04258900
vt 0.51757199 0.04700700
vt 0.51725399 0.04693000
vt 0.51901299 0.04289200
vt 0.51866001 0.04455900
vt 0.51798302 0.04712000
vt 0.51757199 0.04700700
vt 0.51866001 0.04455900
vt 0.51862699 0.04540400
vt 0.51862699 0.04540400
vt 0.51866001 0.04455900
vt 0.51975501 0.04387000
vt 0.51920599 0.04518600
vt 0.51759702 0.04889800
vt 0.51716697 0.04963100
vt 0.51757199 0.04700700
vt 0.51798302 0.04712000
vt 0.51716697 0.04963100
vt 0.51655102 0.05126100
vt 0.51725399 0.04693000
vt 0.51757199 0.04700700
vt 0.51773202 0.05073500
vt 0.51760203 0.05255000
vt 0.51655102 0.05126100
vt 0.51716697 0.04963100
vt 0.51797599 0.04935400
vt 0.51773202 0.05073500
vt 0.51716697 0.04963100
vt 0.51759702 0.04889800
vt 0.51917702 0.04741100
vt 0.51861399 0.04911800
vt 0.51797599 0.04935400
vt 0.51759702 0.04889800
vt 0.51798302 0.04712000
vt 0.51862699 0.04540400
vt 0.51920599 0.04518600
vt 0.51962900 0.04567700
vt 0.51861399 0.04911800
vt 0.51882303 0.04997000
vt 0.51773202 0.05073500
vt 0.51797599 0.04935400
vt 0.51917702 0.04741100
vt 0.51981199 0.04756100
vt 0.51882303 0.04997000
vt 0.51861399 0.04911800
vt 0.51962900 0.04567700
vt 0.52028000 0.04502800
vt 0.51981199 0.04756100
vt 0.51917702 0.04741100
vt 0.51920599 0.04518600
vt 0.51975501 0.04387000
vt 0.52028000 0.04502800
vt 0.51962900 0.04567700
vt 0.52028000 0.04502800
vt 0.52143699 0.04367200
vt 0.52039701 0.04770000
vt 0.51981199 0.04756100
vt 0.51975501 0.04387000
vt 0.52063400 0.04225400
vt 0.52143699 0.04367200
vt 0.52028000 0.04502800
vt 0.52143699 0.04367200
vt 0.52208000 0.04381500
vt 0.52078003 0.04778800
vt 0.52039701 0.04770000
vt 0.52208000 0.04381500
vt 0.52143699 0.04367200
vt 0.52328598 0.03972500
vt 0.52384597 0.03996600
vt 0.52328598 0.03972500
vt 0.52143699 0.04367200
vt 0.52063400 0.04225400
vt 0.52220500 0.03925300
vt 0.52039701 0.04770000
vt 0.52078003 0.04778800
vt 0.51971000 0.05183400
vt 0.51907700 0.05167100
vt 0.51981199 0.04756100
vt 0.52039701 0.04770000
vt 0.51907700 0.05167100
vt 0.51882303 0.04997000
vt 0.51882303 0.04997000
vt 0.51907700 0.05167100
vt 0.51760203 0.05255000
vt 0.51773202 0.05073500
vt 0.51907700 0.05167100
vt 0.51849002 0.05600200
vt 0.51730400 0.05592900
vt 0.51760203 0.05255000
vt 0.51910299 0.05604000
vt 0.51849002 0.05600200
vt 0.51907700 0.05167100
vt 0.51971000 0.05183400
vt 0.51849002 0.05600200
vt 0.51831800 0.06037500
vt 0.51702499 0.05932000
vt 0.51730400 0.05592900
vt 0.51896900 0.06028400
vt 0.51831800 0.06037500
vt 0.51849002 0.05600200
vt 0.51910299 0.05604000
vt 0.51760203 0.05255000
vt 0.51730400 0.05592900
vt 0.51606899 0.05586000
vt 0.51655102 0.05126100
vt 0.51730400 0.05592900
vt 0.51702499 0.05932000
vt 0.51577997 0.06047200
vt 0.51606899 0.05586000
vt 0.51683801 0.06116100
vt 0.51702499 0.05932000
vt 0.51831800 0.06037500
vt 0.51777202 0.06206500
vt 0.51609600 0.06218700
vt 0.51577997 0.06047200
vt 0.51702499 0.05932000
vt 0.51683801 0.06116100
vt 0.51604003 0.06485900
vt 0.51572102 0.06487400
vt 0.51577997 0.06047200
vt 0.51609600 0.06218700
vt 0.51577997 0.06047200
vt 0.51572102 0.06487400
vt 0.51518703 0.06492600
vt 0.51497197 0.06041100
vt 0.51606899 0.05586000
vt 0.51577997 0.06047200
vt 0.51497197 0.06041100
vt 0.51515800 0.05581700
vt 0.51130903 0.05548400
vt 0.51515800 0.05581700
vt 0.51497197 0.06041100
vt 0.51115900 0.06039800
vt 0.51115900 0.06039800
vt 0.51497197 0.06041100
vt 0.51518703 0.06492600
vt 0.51146400 0.06528300
vt 0.51572102 0.06487400
vt 0.51673502 0.06915100
vt 0.51595998 0.06937900
vt 0.51518703 0.06492600
vt 0.51146400 0.06528300
vt 0.51518703 0.06492600
vt 0.51595998 0.06937900
vt 0.51225799 0.07013100
vt 0.51111698 0.07040200
vt 0.51027697 0.06543000
vt 0.51146400 0.06528300
vt 0.51225799 0.07013100
vt 0.51146400 0.06528300
vt 0.51027697 0.06543000
vt 0.50993103 0.06041000
vt 0.51115900 0.06039800
vt 0.51111698 0.07040200
vt 0.50539100 0.07159000
vt 0.50457102 0.06603000
vt 0.51027697 0.06543000
vt 0.51027697 0.06543000
vt 0.50457102 0.06603000
vt 0.50432998 0.06050100
vt 0.50993103 0.06041000
vt 0.50993103 0.06041000
vt 0.50432998 0.06050100
vt 0.50439000 0.05496500
vt 0.51011598 0.05536400
vt 0.51115900 0.06039800
vt 0.50993103 0.06041000
vt 0.51011598 0.05536400
vt 0.51130903 0.05548400
vt 0.51011598 0.05536400
vt 0.50439000 0.05496500
vt 0.50501198 0.04939100
vt 0.51077002 0.05035700
vt 0.51130903 0.05548400
vt 0.51011598 0.05536400
vt 0.51077002 0.05035700
vt 0.51191401 0.05059400
vt 0.51572901 0.05124100
vt 0.51515800 0.05581700
vt 0.51130903 0.05548400
vt 0.51191401 0.05059400
vt 0.51077002 0.05035700
vt 0.51192099 0.04545800
vt 0.51300001 0.04579600
vt 0.51191401 0.05059400
vt 0.51300001 0.04579600
vt 0.51672202 0.04682300
vt 0.51572901 0.05124100
vt 0.51191401 0.05059400
vt 0.51655102 0.05126100
vt 0.51606899 0.05586000
vt 0.51515800 0.05581700
vt 0.51572901 0.05124100
vt 0.51725399 0.04693000
vt 0.51655102 0.05126100
vt 0.51572901 0.05124100
vt 0.51672202 0.04682300
vt 0.51458102 0.04113000
vt 0.51826400 0.04258900
vt 0.51672202 0.04682300
vt 0.51300001 0.04579600
vt 0.51300001 0.04579600
vt 0.51192099 0.04545800
vt 0.51354802 0.04070000
vt 0.51458102 0.04113000
vt 0.51077002 0.05035700
vt 0.50501198 0.04939100
vt 0.50616598 0.04380800
vt 0.51192099 0.04545800
vt 0.51192099 0.04545800
vt 0.50616598 0.04380800
vt 0.50816399 0.03848000
vt 0.51354802 0.04070000
vt 0.51354802 0.04070000
vt 0.50816399 0.03848000
vt 0.51055300 0.03340300
vt 0.51564300 0.03612100
vt 0.51458102 0.04113000
vt 0.51354802 0.04070000
vt 0.51564300 0.03612100
vt 0.51664603 0.03664400
vt 0.51564300 0.03612100
vt 0.51055300 0.03340300
vt 0.51336998 0.02855500
vt 0.51815999 0.03175800
vt 0.51664603 0.03664400
vt 0.51564300 0.03612100
vt 0.51815999 0.03175800
vt 0.51913399 0.03238700
vt 0.51913399 0.03238700
vt 0.52254599 0.03449200
vt 0.52022898 0.03844500
vt 0.51664603 0.03664400
vt 0.51664603 0.03664400
vt 0.52022898 0.03844500
vt 0.51826400 0.04258900
vt 0.51458102 0.04113000
vt 0.51815999 0.03175800
vt 0.52108800 0.02766100
vt 0.52200699 0.02841100
vt 0.51913399 0.03238700
vt 0.51815999 0.03175800
vt 0.51336998 0.02855500
vt 0.51664901 0.02398900
vt 0.52108800 0.02766100
vt 0.51247603 0.07529100
vt 0.50676602 0.07715300
vt 0.50539100 0.07159000
vt 0.51111698 0.07040200
vt 0.51428199 0.08001600
vt 0.50896001 0.08241900
vt 0.50676602 0.07715300
vt 0.51247603 0.07529100
vt 0.51529902 0.07956800
vt 0.51428199 0.08001600
vt 0.51247603 0.07529100
vt 0.51355702 0.07492200
vt 0.51355702 0.07492200
vt 0.51247603 0.07529100
vt 0.51111698 0.07040200
vt 0.51225799 0.07013100
vt 0.51355702 0.07492200
vt 0.51716202 0.07383700
vt 0.51876098 0.07817200
vt 0.51529902 0.07956800
vt 0.51225799 0.07013100
vt 0.51595998 0.06937900
vt 0.51716202 0.07383700
vt 0.51355702 0.07492200
vt 0.51750600 0.08397000
vt 0.51651299 0.08451800
vt 0.51428199 0.08001600
vt 0.51529902 0.07956800
vt 0.51529902 0.07956800
vt 0.51876098 0.07817200
vt 0.52073097 0.08226500
vt 0.51750600 0.08397000
vt 0.51955199 0.07797800
vt 0.52122003 0.08205700
vt 0.52073097 0.08226500
vt 0.51876098 0.07817200
vt 0.51803899 0.07358900
vt 0.51955199 0.07797800
vt 0.51876098 0.07817200
vt 0.51716202 0.07383700
vt 0.52122003 0.08205700
vt 0.52384400 0.08561100
vt 0.52320099 0.08606300
vt 0.52073097 0.08226500
vt 0.51750600 0.08397000
vt 0.52073097 0.08226500
vt 0.52320099 0.08606300
vt 0.52016002 0.08812200
vt 0.52384400 0.08561100
vt 0.52679598 0.08918000
vt 0.52607602 0.08969200
vt 0.52320099 0.08606300
vt 0.52320099 0.08606300
vt 0.52607602 0.08969200
vt 0.52324498 0.09201500
vt 0.52016002 0.08812200
vt 0.52432698 0.08454400
vt 0.52554500 0.08588700
vt 0.52384400 0.08561100
vt 0.52311599 0.08410500
vt 0.52554500 0.08588700
vt 0.52775902 0.08846500
vt 0.52679598 0.08918000
vt 0.52384400 0.08561100
vt 0.52311599 0.08410500
vt 0.52384400 0.08561100
vt 0.52122003 0.08205700
vt 0.52150899 0.08195500
vt 0.52679598 0.08918000
vt 0.52991700 0.09262700
vt 0.52926099 0.09305800
vt 0.52607602 0.08969200
vt 0.52775902 0.08846500
vt 0.52999300 0.09104800
vt 0.52991700 0.09262700
vt 0.52679598 0.08918000
vt 0.52867901 0.08776500
vt 0.53168899 0.09095900
vt 0.52999300 0.09104800
vt 0.52775902 0.08846500
vt 0.52598602 0.08431900
vt 0.52867901 0.08776500
vt 0.52775902 0.08846500
vt 0.52554500 0.08588700
vt 0.53210300 0.09047100
vt 0.53168899 0.09095900
vt 0.52867901 0.08776500
vt 0.52915698 0.08740300
vt 0.52915698 0.08740300
vt 0.52867901 0.08776500
vt 0.52598602 0.08431900
vt 0.52657098 0.08402500
vt 0.53532702 0.09314300
vt 0.53507602 0.09344400
vt 0.53168899 0.09095900
vt 0.53210300 0.09047100
vt 0.53249198 0.09251900
vt 0.53168899 0.09095900
vt 0.53507602 0.09344400
vt 0.53470302 0.09392300
vt 0.53117102 0.09249000
vt 0.52999300 0.09104800
vt 0.53168899 0.09095900
vt 0.53249198 0.09251900
vt 0.53219402 0.09351200
vt 0.53117102 0.09249000
vt 0.53249198 0.09251900
vt 0.53283697 0.09335500
vt 0.53283697 0.09335500
vt 0.53249198 0.09251900
vt 0.53470302 0.09392300
vt 0.53429902 0.09443200
vt 0.53429902 0.09443200
vt 0.53568399 0.09557000
vt 0.53564399 0.09619200
vt 0.53506202 0.09630700
vt 0.53353697 0.09529100
vt 0.53216702 0.09406600
vt 0.53219402 0.09351200
vt 0.53283697 0.09335500
vt 0.53216702 0.09406600
vt 0.53138101 0.09367100
vt 0.53117102 0.09249000
vt 0.53219402 0.09351200
vt 0.53353697 0.09529100
vt 0.53326797 0.09555300
vt 0.53138101 0.09367100
vt 0.53216702 0.09406600
vt 0.53506202 0.09630700
vt 0.53557700 0.09692300
vt 0.53326797 0.09555300
vt 0.53353697 0.09529100
vt 0.53326797 0.09555300
vt 0.53305399 0.09572100
vt 0.52991700 0.09262700
vt 0.53138101 0.09367100
vt 0.53557700 0.09692300
vt 0.53684503 0.09799100
vt 0.53305399 0.09572100
vt 0.53326797 0.09555300
vt 0.53305399 0.09572100
vt 0.53684503 0.09799100
vt 0.53644103 0.09861200
vt 0.53268498 0.09606700
vt 0.52991700 0.09262700
vt 0.53305399 0.09572100
vt 0.53268498 0.09606700
vt 0.52926099 0.09305800
vt 0.52668899 0.09560600
vt 0.52926099 0.09305800
vt 0.53268498 0.09606700
vt 0.53044701 0.09881600
vt 0.53044701 0.09881600
vt 0.53268498 0.09606700
vt 0.53644103 0.09861200
vt 0.53451300 0.10161700
vt 0.53684503 0.09799100
vt 0.54093999 0.10013400
vt 0.54049897 0.10084500
vt 0.53644103 0.09861200
vt 0.53451300 0.10161700
vt 0.53644103 0.09861200
vt 0.54049897 0.10084500
vt 0.53886300 0.10401900
vt 0.53886300 0.10401900
vt 0.53841102 0.10504500
vt 0.53395098 0.10262800
vt 0.53451300 0.10161700
vt 0.53395098 0.10262800
vt 0.52975398 0.09978800
vt 0.53044701 0.09881600
vt 0.53451300 0.10161700
vt 0.53395098 0.10262800
vt 0.53104901 0.10751000
vt 0.52633798 0.10440300
vt 0.52975398 0.09978800
vt 0.53841102 0.10504500
vt 0.53601998 0.11013200
vt 0.53104901 0.10751000
vt 0.53395098 0.10262800
vt 0.54343498 0.10600500
vt 0.54307199 0.10704100
vt 0.53841102 0.10504500
vt 0.53886300 0.10401900
vt 0.54307199 0.10704100
vt 0.54119700 0.11228500
vt 0.53601998 0.11013200
vt 0.53841102 0.10504500
vt 0.54788899 0.10861000
vt 0.54654700 0.11397400
vt 0.54119700 0.11228500
vt 0.54307199 0.10704100
vt 0.54816800 0.10754300
vt 0.54788899 0.10861000
vt 0.54307199 0.10704100
vt 0.54343498 0.10600500
vt 0.55285501 0.10967800
vt 0.55203402 0.11514200
vt 0.54654700 0.11397400
vt 0.54788899 0.10861000
vt 0.55794197 0.11029900
vt 0.55761898 0.11576000
vt 0.55203402 0.11514200
vt 0.55285501 0.10967800
vt 0.56306797 0.11042400
vt 0.56317902 0.11577400
vt 0.55761898 0.11576000
vt 0.55794197 0.11029900
vt 0.55802798 0.10912600
vt 0.55794197 0.11029900
vt 0.55285501 0.10967800
vt 0.55304098 0.10857200
vt 0.56303602 0.10925100
vt 0.56306797 0.11042400
vt 0.55794197 0.11029900
vt 0.55802798 0.10912600
vt 0.56798500 0.10889800
vt 0.56813598 0.11004000
vt 0.56306797 0.11042400
vt 0.56303602 0.10925100
vt 0.56813598 0.11004000
vt 0.56869698 0.11546300
vt 0.56317902 0.11577400
vt 0.56306797 0.11042400
vt 0.55802798 0.10912600
vt 0.55817300 0.10560600
vt 0.56283897 0.10574200
vt 0.56303602 0.10925100
vt 0.56303602 0.10925100
vt 0.56283897 0.10574200
vt 0.56739599 0.10548100
vt 0.56798500 0.10889800
vt 0.55820101 0.10481200
vt 0.56283998 0.10504800
vt 0.56283897 0.10574200
vt 0.55817300 0.10560600
vt 0.56283998 0.10504800
vt 0.56726599 0.10502800
vt 0.56739599 0.10548100
vt 0.56283897 0.10574200
vt 0.55353802 0.10508100
vt 0.55817300 0.10560600
vt 0.55802798 0.10912600
vt 0.55304098 0.10857200
vt 0.55358499 0.10437800
vt 0.55820101 0.10481200
vt 0.55817300 0.10560600
vt 0.55353802 0.10508100
vt 0.54922700 0.10371600
vt 0.55358499 0.10437800
vt 0.55353802 0.10508100
vt 0.54907000 0.10416100
vt 0.54816800 0.10754300
vt 0.54907000 0.10416100
vt 0.55353802 0.10508100
vt 0.55304098 0.10857200
vt 0.55307603 0.10344100
vt 0.55488402 0.10349400
vt 0.55358499 0.10437800
vt 0.55195498 0.10390600
vt 0.55195498 0.10390600
vt 0.55358499 0.10437800
vt 0.54922700 0.10371600
vt 0.54931903 0.10351200
vt 0.55488402 0.10349400
vt 0.55825299 0.10374400
vt 0.55820101 0.10481200
vt 0.55358499 0.10437800
vt 0.55401599 0.10219300
vt 0.55830801 0.10270000
vt 0.55825299 0.10374400
vt 0.55488402 0.10349400
vt 0.55231798 0.10247300
vt 0.55401599 0.10219300
vt 0.55488402 0.10349400
vt 0.55307603 0.10344100
vt 0.55825299 0.10374400
vt 0.56162798 0.10399600
vt 0.56283998 0.10504800
vt 0.55820101 0.10481200
vt 0.55830801 0.10270000
vt 0.56262898 0.10284900
vt 0.56162798 0.10399600
vt 0.55825299 0.10374400
vt 0.56344903 0.10421300
vt 0.56162798 0.10399600
vt 0.56262898 0.10284900
vt 0.56431103 0.10338000
vt 0.56452000 0.10482800
vt 0.56283998 0.10504800
vt 0.56162798 0.10399600
vt 0.56344903 0.10421300
vt 0.56487399 0.10423600
vt 0.56344903 0.10421300
vt 0.56431103 0.10338000
vt 0.56515700 0.10371900
vt 0.56530398 0.10459100
vt 0.56452000 0.10482800
vt 0.56344903 0.10421300
vt 0.56487399 0.10423600
vt 0.56693000 0.10346900
vt 0.56872398 0.10329500
vt 0.56919700 0.10372500
vt 0.56893098 0.10416700
vt 0.56713700 0.10450200
vt 0.56530398 0.10459100
vt 0.56487399 0.10423600
vt 0.56515700 0.10371900
vt 0.56713700 0.10450200
vt 0.56720102 0.10482200
vt 0.56452000 0.10482800
vt 0.56530398 0.10459100
vt 0.56893098 0.10416700
vt 0.56977803 0.10421200
vt 0.56720102 0.10482200
vt 0.56713700 0.10450200
vt 0.56919700 0.10372500
vt 0.57056201 0.10337200
vt 0.56977803 0.10421200
vt 0.56893098 0.10416700
vt 0.56872398 0.10329500
vt 0.56941497 0.10277000
vt 0.57056201 0.10337200
vt 0.56919700 0.10372500
vt 0.56693000 0.10346900
vt 0.56681597 0.10284500
vt 0.56941497 0.10277000
vt 0.56872398 0.10329500
vt 0.56515700 0.10371900
vt 0.56431103 0.10338000
vt 0.56681597 0.10284500
vt 0.56693000 0.10346900
vt 0.56681597 0.10284500
vt 0.56670803 0.10225200
vt 0.57084501 0.10187000
vt 0.56941497 0.10277000
vt 0.56431103 0.10338000
vt 0.56262898 0.10284900
vt 0.56670803 0.10225200
vt 0.56681597 0.10284500
vt 0.57071602 0.10126900
vt 0.57084501 0.10187000
vt 0.56670803 0.10225200
vt 0.56663299 0.10187400
vt 0.56663299 0.10187400
vt 0.56670803 0.10225200
vt 0.56262898 0.10284900
vt 0.56252003 0.10224600
vt 0.56663299 0.10187400
vt 0.56252003 0.10224600
vt 0.56242698 0.10018200
vt 0.56634802 0.09988100
vt 0.57024097 0.09926400
vt 0.57071602 0.10126900
vt 0.56663299 0.10187400
vt 0.56634802 0.09988100
vt 0.56252003 0.10224600
vt 0.56262898 0.10284900
vt 0.55830801 0.10270000
vt 0.55833697 0.10215100
vt 0.56941497 0.10277000
vt 0.57084501 0.10187000
vt 0.57226002 0.10274400
vt 0.57056201 0.10337200
vt 0.57056201 0.10337200
vt 0.57226002 0.10274400
vt 0.57153302 0.10403000
vt 0.56977803 0.10421200
vt 0.56977803 0.10421200
vt 0.57153302 0.10403000
vt 0.56726599 0.10502800
vt 0.56720102 0.10482200
vt 0.56720102 0.10482200
vt 0.56726599 0.10502800
vt 0.56283998 0.10504800
vt 0.56452000 0.10482800
vt 0.56726599 0.10502800
vt 0.57153302 0.10403000
vt 0.57189000 0.10467700
vt 0.56739599 0.10548100
vt 0.55833697 0.10215100
vt 0.55830801 0.10270000
vt 0.55401599 0.10219300
vt 0.55418599 0.10160600
vt 0.55146199 0.10269100
vt 0.55231798 0.10247300
vt 0.55307603 0.10344100
vt 0.55168802 0.10325500
vt 0.55168802 0.10325500
vt 0.55307603 0.10344100
vt 0.55195498 0.10390600
vt 0.55122602 0.10355200
vt 0.54991299 0.10156500
vt 0.55006599 0.10098400
vt 0.55401599 0.10219300
vt 0.55231798 0.10247300
vt 0.54974902 0.10217700
vt 0.54991299 0.10156500
vt 0.55231798 0.10247300
vt 0.55146199 0.10269100
vt 0.54974902 0.10217700
vt 0.55146199 0.10269100
vt 0.55168802 0.10325500
vt 0.55122602 0.10355200
vt 0.54943699 0.10319600
vt 0.54770601 0.10259900
vt 0.54749399 0.10210900
vt 0.54800099 0.10174000
vt 0.54800099 0.10174000
vt 0.54736203 0.10110900
vt 0.54991299 0.10156500
vt 0.54974902 0.10217700
vt 0.54749399 0.10210900
vt 0.54616898 0.10155600
vt 0.54736203 0.10110900
vt 0.54800099 0.10174000
vt 0.54770601 0.10259900
vt 0.54685199 0.10252400
vt 0.54616898 0.10155600
vt 0.54749399 0.10210900
vt 0.54943699 0.10319600
vt 0.54931903 0.10351200
vt 0.54685199 0.10252400
vt 0.54770601 0.10259900
vt 0.54685199 0.10252400
vt 0.54513800 0.10209600
vt 0.54454899 0.10067300
vt 0.54616898 0.10155600
vt 0.54931903 0.10351200
vt 0.54922700 0.10371600
vt 0.54513800 0.10209600
vt 0.54685199 0.10252400
vt 0.55122602 0.10355200
vt 0.55195498 0.10390600
vt 0.54931903 0.10351200
vt 0.54943699 0.10319600
vt 0.54093999 0.10013400
vt 0.54513800 0.10209600
vt 0.54474598 0.10271500
vt 0.54049897 0.10084500
vt 0.54513800 0.10209600
vt 0.54922700 0.10371600
vt 0.54907000 0.10416100
vt 0.54474598 0.10271500
vt 0.54151499 0.09916000
vt 0.54454899 0.10067300
vt 0.54513800 0.10209600
vt 0.54093999 0.10013400
vt 0.53849298 0.09765000
vt 0.54151499 0.09916000
vt 0.54093999 0.10013400
vt 0.53684503 0.09799100
vt 0.54206300 0.09820900
vt 0.54602998 0.09998700
vt 0.54454899 0.10067300
vt 0.54151499 0.09916000
vt 0.53827298 0.09609500
vt 0.54206300 0.09820900
vt 0.54151499 0.09916000
vt 0.53849298 0.09765000
vt 0.53684902 0.09690100
vt 0.53849298 0.09765000
vt 0.53684503 0.09799100
vt 0.53557700 0.09692300
vt 0.53657198 0.09569900
vt 0.53827298 0.09609500
vt 0.53849298 0.09765000
vt 0.53684902 0.09690100
vt 0.53470302 0.09392300
vt 0.53507602 0.09344400
vt 0.53827298 0.09609500
vt 0.53657198 0.09569900
vt 0.53868902 0.09561500
vt 0.53827298 0.09609500
vt 0.53507602 0.09344400
vt 0.53532702 0.09314300
vt 0.54234803 0.09771300
vt 0.54206300 0.09820900
vt 0.53827298 0.09609500
vt 0.53868902 0.09561500
vt 0.53568399 0.09557000
vt 0.53657198 0.09569900
vt 0.53684902 0.09690100
vt 0.53564399 0.09619200
vt 0.53429902 0.09443200
vt 0.53470302 0.09392300
vt 0.53657198 0.09569900
vt 0.53568399 0.09557000
vt 0.53564399 0.09619200
vt 0.53684902 0.09690100
vt 0.53557700 0.09692300
vt 0.53506202 0.09630700
vt 0.54620898 0.09939400
vt 0.54602998 0.09998700
vt 0.54206300 0.09820900
vt 0.54234803 0.09771300
vt 0.54602998 0.09998700
vt 0.54620898 0.09939400
vt 0.55017197 0.10061400
vt 0.55006599 0.10098400
vt 0.54616898 0.10155600
vt 0.54454899 0.10067300
vt 0.54602998 0.09998700
vt 0.54736203 0.10110900
vt 0.54736203 0.10110900
vt 0.54602998 0.09998700
vt 0.55006599 0.10098400
vt 0.54991299 0.10156500
vt 0.55006599 0.10098400
vt 0.55017197 0.10061400
vt 0.55418599 0.10160600
vt 0.55401599 0.10219300
vt 0.54343498 0.10600500
vt 0.54474598 0.10271500
vt 0.54907000 0.10416100
vt 0.54816800 0.10754300
vt 0.53886300 0.10401900
vt 0.54049897 0.10084500
vt 0.54474598 0.10271500
vt 0.54343498 0.10600500
vt 0.55285501 0.10967800
vt 0.54788899 0.10861000
vt 0.54816800 0.10754300
vt 0.55304098 0.10857200
vt 0.56798500 0.10889800
vt 0.56739599 0.10548100
vt 0.57189000 0.10467700
vt 0.57287198 0.10807000
vt 0.57287198 0.10807000
vt 0.57312697 0.10916600
vt 0.56813598 0.11004000
vt 0.56798500 0.10889800
vt 0.57765800 0.10680000
vt 0.57798898 0.10783300
vt 0.57312697 0.10916600
vt 0.57287198 0.10807000
vt 0.57312697 0.10916600
vt 0.57798898 0.10783300
vt 0.57954103 0.11312900
vt 0.57418501 0.11456000
vt 0.57312697 0.10916600
vt 0.57418501 0.11456000
vt 0.56869698 0.11546300
vt 0.56813598 0.11004000
vt 0.57798898 0.10783300
vt 0.58267599 0.10609800
vt 0.58471900 0.11124600
vt 0.57954103 0.11312900
vt 0.58471900 0.11124600
vt 0.58267599 0.10609800
vt 0.58715099 0.10396600
vt 0.58971697 0.10894500
vt 0.58226901 0.10509300
vt 0.58267599 0.10609800
vt 0.57798898 0.10783300
vt 0.57765800 0.10680000
vt 0.52975398 0.09978800
vt 0.52633798 0.10440300
vt 0.52195501 0.10078800
vt 0.52586800 0.09650600
vt 0.52586800 0.09650600
vt 0.52195501 0.10078800
vt 0.51798600 0.09668000
vt 0.52232099 0.09281400
vt 0.52668899 0.09560600
vt 0.52586800 0.09650600
vt 0.52232099 0.09281400
vt 0.52324498 0.09201500
vt 0.53044701 0.09881600
vt 0.52975398 0.09978800
vt 0.52586800 0.09650600
vt 0.52668899 0.09560600
vt 0.52324498 0.09201500
vt 0.52232099 0.09281400
vt 0.51919502 0.08878700
vt 0.52016002 0.08812200
vt 0.52232099 0.09281400
vt 0.51798600 0.09668000
vt 0.51450503 0.09218200
vt 0.51919502 0.08878700
vt 0.52324498 0.09201500
vt 0.52607602 0.08969200
vt 0.52926099 0.09305800
vt 0.52668899 0.09560600
vt 0.51919502 0.08878700
vt 0.51651299 0.08451800
vt 0.51750600 0.08397000
vt 0.52016002 0.08812200
vt 0.51919502 0.08878700
vt 0.51450503 0.09218200
vt 0.51151502 0.08741400
vt 0.51651299 0.08451800
vt 0.51651299 0.08451800
vt 0.51151502 0.08741400
vt 0.50896001 0.08241900
vt 0.51428199 0.08001600
vt 0.53138101 0.09367100
vt 0.52991700 0.09262700
vt 0.52999300 0.09104800
vt 0.53117102 0.09249000
vt 0.52456599 0.08329600
vt 0.52598602 0.08431900
vt 0.52554500 0.08588700
vt 0.52432698 0.08454400
vt 0.52354002 0.08092000
vt 0.52406698 0.08061500
vt 0.52598602 0.08431900
vt 0.52456599 0.08329600
vt 0.52406698 0.08061500
vt 0.52441603 0.08042600
vt 0.52657098 0.08402500
vt 0.52598602 0.08431900
vt 0.52441603 0.08042600
vt 0.52615899 0.07946900
vt 0.52827299 0.08287900
vt 0.52657098 0.08402500
vt 0.52247500 0.07670200
vt 0.52433199 0.07589000
vt 0.52615899 0.07946900
vt 0.52441603 0.08042600
vt 0.52189797 0.07701600
vt 0.52247500 0.07670200
vt 0.52441603 0.08042600
vt 0.52406698 0.08061500
vt 0.52433199 0.07589000
vt 0.52247500 0.07670200
vt 0.52095401 0.07272400
vt 0.52288097 0.07211900
vt 0.52247500 0.07670200
vt 0.52189797 0.07701600
vt 0.52036601 0.07290200
vt 0.52095401 0.07272400
vt 0.52080899 0.07827500
vt 0.52027500 0.07649100
vt 0.52189797 0.07701600
vt 0.52203703 0.07877900
vt 0.52203703 0.07877900
vt 0.52189797 0.07701600
vt 0.52406698 0.08061500
vt 0.52354002 0.08092000
vt 0.52036601 0.07290200
vt 0.52189797 0.07701600
vt 0.52027500 0.07649100
vt 0.51922703 0.07324200
vt 0.52095401 0.07272400
vt 0.52036601 0.07290200
vt 0.51923603 0.06867800
vt 0.51989001 0.06860500
vt 0.51923603 0.06867800
vt 0.52036601 0.07290200
vt 0.51922703 0.07324200
vt 0.51820600 0.07000500
vt 0.51820600 0.07000500
vt 0.51922703 0.07324200
vt 0.51803899 0.07358900
vt 0.51673502 0.06915100
vt 0.51922703 0.07324200
vt 0.52027500 0.07649100
vt 0.51955199 0.07797800
vt 0.51803899 0.07358900
vt 0.51673502 0.06915100
vt 0.51803899 0.07358900
vt 0.51716202 0.07383700
vt 0.51595998 0.06937900
vt 0.51667500 0.06745100
vt 0.51673502 0.06915100
vt 0.51572102 0.06487400
vt 0.51604003 0.06485900
vt 0.51762301 0.06829000
vt 0.51820600 0.07000500
vt 0.51673502 0.06915100
vt 0.51667500 0.06745100
vt 0.51731199 0.06692700
vt 0.51762301 0.06829000
vt 0.51667500 0.06745100
vt 0.51678699 0.06662800
vt 0.51678699 0.06662800
vt 0.51667500 0.06745100
vt 0.51604003 0.06485900
vt 0.51645702 0.06483200
vt 0.51645702 0.06483200
vt 0.51604003 0.06485900
vt 0.51609600 0.06218700
vt 0.51638597 0.06299900
vt 0.51767403 0.06469400
vt 0.51781303 0.06648500
vt 0.51731199 0.06692700
vt 0.51678699 0.06662800
vt 0.51645702 0.06483200
vt 0.51638597 0.06299900
vt 0.51683497 0.06259600
vt 0.51741898 0.06291100
vt 0.51638597 0.06299900
vt 0.51609600 0.06218700
vt 0.51683801 0.06116100
vt 0.51683497 0.06259600
vt 0.51683497 0.06259600
vt 0.51683801 0.06116100
vt 0.51777202 0.06206500
vt 0.51741898 0.06291100
vt 0.51741898 0.06291100
vt 0.51777202 0.06206500
vt 0.51832199 0.06460100
vt 0.51767403 0.06469400
vt 0.51767403 0.06469400
vt 0.51832199 0.06460100
vt 0.51833898 0.06719800
vt 0.51781303 0.06648500
vt 0.51781303 0.06648500
vt 0.51833898 0.06719800
vt 0.51762301 0.06829000
vt 0.51731199 0.06692700
vt 0.51832199 0.06460100
vt 0.51891899 0.06451200
vt 0.51923603 0.06867800
vt 0.51833898 0.06719800
vt 0.51833898 0.06719800
vt 0.51923603 0.06867800
vt 0.51820600 0.07000500
vt 0.51762301 0.06829000
vt 0.51777202 0.06206500
vt 0.51831800 0.06037500
vt 0.51891899 0.06451200
vt 0.51832199 0.06460100
vt 0.51931101 0.06445600
vt 0.51891899 0.06451200
vt 0.51831800 0.06037500
vt 0.51896900 0.06028400
vt 0.51989001 0.06860500
vt 0.51923603 0.06867800
vt 0.51891899 0.06451200
vt 0.51931101 0.06445600
vt 0.52183998 0.06821500
vt 0.51989001 0.06860500
vt 0.51931101 0.06445600
vt 0.52121800 0.06425300
vt 0.51931101 0.06445600
vt 0.51896900 0.06028400
vt 0.52092099 0.06025100
vt 0.52121800 0.06425300
vt 0.52095401 0.07272400
vt 0.51989001 0.06860500
vt 0.52183998 0.06821500
vt 0.52288097 0.07211900
vt 0.52092099 0.06025100
vt 0.51896900 0.06028400
vt 0.51910299 0.05604000
vt 0.52104098 0.05621500
vt 0.52051502 0.07947800
vt 0.51955199 0.07797800
vt 0.52027500 0.07649100
vt 0.52080899 0.07827500
vt 0.52136302 0.07960900
vt 0.52080899 0.07827500
vt 0.52203703 0.07877900
vt 0.52203298 0.07969200
vt 0.52109998 0.08013200
vt 0.52051502 0.07947800
vt 0.52080899 0.07827500
vt 0.52136302 0.07960900
vt 0.52150899 0.08195500
vt 0.52122003 0.08205700
vt 0.51955199 0.07797800
vt 0.52051502 0.07947800
vt 0.52188301 0.08179400
vt 0.52150899 0.08195500
vt 0.52051502 0.07947800
vt 0.52109998 0.08013200
vt 0.52296603 0.08124600
vt 0.52379602 0.08283700
vt 0.52350098 0.08341700
vt 0.52289599 0.08332100
vt 0.52188301 0.08179400
vt 0.52109998 0.08013200
vt 0.52136302 0.07960900
vt 0.52203298 0.07969200
vt 0.52289599 0.08332100
vt 0.52311599 0.08410500
vt 0.52150899 0.08195500
vt 0.52188301 0.08179400
vt 0.52350098 0.08341700
vt 0.52432698 0.08454400
vt 0.52311599 0.08410500
vt 0.52289599 0.08332100
vt 0.52379602 0.08283700
vt 0.52456599 0.08329600
vt 0.52432698 0.08454400
vt 0.52350098 0.08341700
vt 0.52296603 0.08124600
vt 0.52354002 0.08092000
vt 0.52456599 0.08329600
vt 0.52379602 0.08283700
vt 0.52203298 0.07969200
vt 0.52203703 0.07877900
vt 0.52354002 0.08092000
vt 0.52296603 0.08124600
vt 0.51910299 0.05604000
vt 0.51971000 0.05183400
vt 0.52158803 0.05221300
vt 0.52104098 0.05621500
vt 0.52078003 0.04778800
vt 0.52254999 0.04831500
vt 0.52158803 0.05221300
vt 0.51971000 0.05183400
vt 0.52208000 0.04381500
vt 0.52382201 0.04450200
vt 0.52254999 0.04831500
vt 0.52078003 0.04778800
vt 0.52550298 0.03597900
vt 0.52328598 0.03972500
vt 0.52220500 0.03925300
vt 0.52379400 0.03627400
vt 0.52384597 0.03996600
vt 0.52328598 0.03972500
vt 0.52550298 0.03597900
vt 0.52603000 0.03634300
vt 0.52382201 0.04450200
vt 0.52208000 0.04381500
vt 0.52384597 0.03996600
vt 0.52550298 0.04083200
vt 0.52384597 0.03996600
vt 0.52603000 0.03634300
vt 0.52756000 0.03736300
vt 0.52550298 0.04083200
vt 0.52603000 0.03634300
vt 0.52550298 0.03597900
vt 0.52823699 0.03283200
vt 0.52855998 0.03304600
vt 0.52756000 0.03736300
vt 0.52603000 0.03634300
vt 0.52855998 0.03304600
vt 0.52994198 0.03415000
vt 0.52855998 0.03304600
vt 0.53126198 0.02989800
vt 0.53256202 0.03114300
vt 0.52994198 0.03415000
vt 0.52855998 0.03304600
vt 0.52823699 0.03283200
vt 0.53072399 0.02954800
vt 0.53126198 0.02989800
vt 0.52775401 0.03249300
vt 0.52823699 0.03283200
vt 0.52550298 0.03597900
vt 0.52592200 0.03433600
vt 0.52914798 0.03036300
vt 0.53072399 0.02954800
vt 0.52823699 0.03283200
vt 0.52775401 0.03249300
vt 0.53126198 0.02989800
vt 0.53072399 0.02954800
vt 0.53392100 0.02663400
vt 0.53434199 0.02704200
vt 0.53392100 0.02663400
vt 0.53072399 0.02954800
vt 0.53052801 0.02800400
vt 0.53311199 0.02584700
vt 0.52910900 0.02914400
vt 0.53052801 0.02800400
vt 0.53072399 0.02954800
vt 0.52914798 0.03036300
vt 0.52810699 0.03013500
vt 0.52910900 0.02914400
vt 0.52914798 0.03036300
vt 0.52830601 0.03071900
vt 0.52830601 0.03071900
vt 0.52914798 0.03036300
vt 0.52775401 0.03249300
vt 0.52723002 0.03212800
vt 0.52723002 0.03212800
vt 0.52605802 0.03348300
vt 0.52538300 0.03348100
vt 0.52520698 0.03294700
vt 0.52624798 0.03147000
vt 0.52749401 0.03014500
vt 0.52810699 0.03013500
vt 0.52830601 0.03071900
vt 0.52749401 0.03014500
vt 0.52783900 0.02940300
vt 0.52910900 0.02914400
vt 0.52810699 0.03013500
vt 0.52624798 0.03147000
vt 0.52590299 0.03123800
vt 0.52783900 0.02940300
vt 0.52749401 0.03014500
vt 0.52783900 0.02940300
vt 0.52879101 0.02804500
vt 0.53052801 0.02800400
vt 0.52910900 0.02914400
vt 0.52520698 0.03294700
vt 0.52452099 0.03347200
vt 0.52590299 0.03123800
vt 0.52624798 0.03147000
vt 0.52538300 0.03348100
vt 0.52462101 0.03465800
vt 0.52452099 0.03347200
vt 0.52520698 0.03294700
vt 0.52605802 0.03348300
vt 0.52592200 0.03433600
vt 0.52462101 0.03465800
vt 0.52538300 0.03348100
vt 0.52592200 0.03433600
vt 0.52550298 0.03597900
vt 0.52379400 0.03627400
vt 0.52462101 0.03465800
vt 0.52723002 0.03212800
vt 0.52775401 0.03249300
vt 0.52592200 0.03433600
vt 0.52605802 0.03348300
vt 0.53311199 0.02584700
vt 0.53052801 0.02800400
vt 0.52879101 0.02804500
vt 0.53225797 0.02504700
vt 0.53570902 0.02371000
vt 0.53311199 0.02584700
vt 0.53225797 0.02504700
vt 0.53585899 0.02220400
vt 0.53737599 0.02403000
vt 0.53392100 0.02663400
vt 0.53311199 0.02584700
vt 0.53570902 0.02371000
vt 0.53585899 0.02220400
vt 0.53225797 0.02504700
vt 0.53160298 0.02447900
vt 0.53525501 0.02171300
vt 0.53708601 0.02252600
vt 0.53570902 0.02371000
vt 0.53585899 0.02220400
vt 0.53746301 0.02143700
vt 0.53746301 0.02143700
vt 0.53585899 0.02220400
vt 0.53939903 0.01969900
vt 0.53959101 0.01991500
vt 0.53585899 0.02220400
vt 0.53525501 0.02171300
vt 0.53907400 0.01931800
vt 0.53939903 0.01969900
vt 0.53525501 0.02171300
vt 0.53160298 0.02447900
vt 0.52890998 0.02140200
vt 0.53285199 0.01840900
vt 0.53705400 0.01581600
vt 0.53907400 0.01931800
vt 0.53525501 0.02171300
vt 0.53285199 0.01840900
vt 0.54151303 0.01366200
vt 0.54315501 0.01743400
vt 0.53907400 0.01931800
vt 0.53705400 0.01581600
vt 0.53939903 0.01969900
vt 0.53907400 0.01931800
vt 0.54315501 0.01743400
vt 0.54347003 0.01808600
vt 0.54782897 0.01663200
vt 0.54347003 0.01808600
vt 0.54315501 0.01743400
vt 0.54750103 0.01588900
vt 0.54621500 0.01193700
vt 0.54750103 0.01588900
vt 0.54315501 0.01743400
vt 0.54151303 0.01366200
vt 0.53705400 0.01581600
vt 0.53657299 0.01482300
vt 0.54112202 0.01264900
vt 0.54151303 0.01366200
vt 0.54151303 0.01366200
vt 0.54112202 0.01264900
vt 0.54589701 0.01088500
vt 0.54621500 0.01193700
vt 0.55108500 0.01066000
vt 0.55197102 0.01472700
vt 0.54750103 0.01588900
vt 0.54621500 0.01193700
vt 0.54621500 0.01193700
vt 0.54589701 0.01088500
vt 0.55085200 0.00956000
vt 0.55108500 0.01066000
vt 0.53959101 0.01991500
vt 0.53939903 0.01969900
vt 0.54347003 0.01808600
vt 0.54206300 0.01894600
vt 0.54824501 0.01764300
vt 0.54504502 0.01864900
vt 0.54347003 0.01808600
vt 0.54782897 0.01663200
vt 0.54206300 0.01894600
vt 0.54347003 0.01808600
vt 0.54504502 0.01864900
vt 0.54330999 0.01915000
vt 0.54146397 0.01948200
vt 0.54206300 0.01894600
vt 0.54330999 0.01915000
vt 0.54201698 0.01967600
vt 0.53981698 0.02023300
vt 0.53959101 0.01991500
vt 0.54206300 0.01894600
vt 0.54146397 0.01948200
vt 0.53829402 0.02119700
vt 0.53746301 0.02143700
vt 0.53959101 0.01991500
vt 0.53981698 0.02023300
vt 0.54043901 0.02114700
vt 0.53884900 0.02195600
vt 0.53824103 0.02172500
vt 0.53829402 0.02119700
vt 0.53981698 0.02023300
vt 0.54146397 0.01948200
vt 0.54201698 0.01967600
vt 0.54196298 0.02026400
vt 0.53824103 0.02172500
vt 0.53708601 0.02252600
vt 0.53746301 0.02143700
vt 0.53829402 0.02119700
vt 0.53884900 0.02195600
vt 0.53839302 0.02268500
vt 0.53708601 0.02252600
vt 0.53824103 0.02172500
vt 0.54043901 0.02114700
vt 0.54076701 0.02167100
vt 0.53839302 0.02268500
vt 0.53884900 0.02195600
vt 0.54196298 0.02026400
vt 0.54285997 0.02025300
vt 0.54076701 0.02167100
vt 0.54043901 0.02114700
vt 0.54076701 0.02167100
vt 0.54107398 0.02216400
vt 0.53737599 0.02403000
vt 0.53839302 0.02268500
vt 0.54285997 0.02025300
vt 0.54460102 0.02009600
vt 0.54107398 0.02216400
vt 0.54076701 0.02167100
vt 0.54330999 0.01915000
vt 0.54504502 0.01864900
vt 0.54460102 0.02009600
vt 0.54285997 0.02025300
vt 0.54201698 0.01967600
vt 0.54330999 0.01915000
vt 0.54285997 0.02025300
vt 0.54196298 0.02026400
vt 0.54494399 0.02060700
vt 0.54460102 0.02009600
vt 0.54863697 0.01862900
vt 0.54884499 0.01914500
vt 0.54863697 0.01862900
vt 0.54460102 0.02009600
vt 0.54504502 0.01864900
vt 0.54824501 0.01764300
vt 0.54460102 0.02009600
vt 0.54494399 0.02060700
vt 0.54128200 0.02247800
vt 0.54107398 0.02216400
vt 0.54564500 0.02219800
vt 0.54494399 0.02060700
vt 0.54884499 0.01914500
vt 0.54936999 0.02080400
vt 0.54494399 0.02060700
vt 0.54564500 0.02219800
vt 0.54210597 0.02396800
vt 0.54128200 0.02247800
vt 0.54128200 0.02247800
vt 0.54210597 0.02396800
vt 0.53870201 0.02601200
vt 0.53771698 0.02454600
vt 0.54107398 0.02216400
vt 0.54128200 0.02247800
vt 0.53771698 0.02454600
vt 0.53737599 0.02403000
vt 0.53434199 0.02704200
vt 0.53771698 0.02454600
vt 0.53870201 0.02601200
vt 0.53549898 0.02841400
vt 0.53434199 0.02704200
vt 0.53392100 0.02663400
vt 0.53737599 0.02403000
vt 0.53771698 0.02454600
vt 0.53256202 0.03114300
vt 0.53126198 0.02989800
vt 0.53434199 0.02704200
vt 0.53549898 0.02841400
vt 0.53839302 0.02268500
vt 0.53737599 0.02403000
vt 0.53570902 0.02371000
vt 0.53708601 0.02252600
vt 0.54884499 0.01914500
vt 0.54863697 0.01862900
vt 0.55279303 0.01753200
vt 0.55287999 0.01812100
vt 0.54884499 0.01914500
vt 0.55287999 0.01812100
vt 0.55321300 0.01980300
vt 0.54936999 0.02080400
vt 0.55321300 0.01980300
vt 0.55287999 0.01812100
vt 0.55693299 0.01755800
vt 0.55710298 0.01920900
vt 0.55279303 0.01753200
vt 0.54863697 0.01862900
vt 0.54824501 0.01764300
vt 0.55145198 0.01665800
vt 0.53225797 0.01743000
vt 0.53657299 0.01482300
vt 0.53705400 0.01581600
vt 0.53285199 0.01840900
vt 0.52890998 0.02140200
vt 0.52819097 0.02045900
vt 0.53225797 0.01743000
vt 0.53285199 0.01840900
vt 0.56547999 0.01467300
vt 0.56089199 0.01441700
vt 0.56097001 0.01371800
vt 0.56559098 0.01388400
vt 0.56534600 0.01573700
vt 0.56201100 0.01548000
vt 0.56089199 0.01441700
vt 0.56547999 0.01467300
vt 0.55921102 0.01466700
vt 0.56089199 0.01441700
vt 0.56201100 0.01548000
vt 0.56022501 0.01528900
vt 0.55843300 0.01492400
vt 0.55921102 0.01466700
vt 0.56022501 0.01528900
vt 0.55883300 0.01528500
vt 0.55662203 0.01500400
vt 0.55656302 0.01464900
vt 0.55921102 0.01466700
vt 0.55843300 0.01492400
vt 0.55883300 0.01528500
vt 0.56022501 0.01528900
vt 0.55932099 0.01611100
vt 0.55851698 0.01578700
vt 0.60552198 0.02214600
vt 0.60112602 0.02597800
vt 0.59766501 0.02233500
vt 0.60161197 0.01808000
vt 0.60898298 0.02659800
vt 0.60419101 0.02995700
vt 0.60112602 0.02597800
vt 0.60552198 0.02214600
vt 0.60112602 0.02597800
vt 0.60021901 0.02674100
vt 0.59684002 0.02322000
vt 0.59766501 0.02233500
vt 0.60419101 0.02995700
vt 0.60323000 0.03059000
vt 0.60021901 0.02674100
vt 0.60112602 0.02597800
vt 0.61203003 0.03139300
vt 0.60679603 0.03422400
vt 0.60419101 0.02995700
vt 0.60898298 0.02659800
vt 0.60679603 0.03422400
vt 0.60581201 0.03473700
vt 0.60323000 0.03059000
vt 0.60419101 0.02995700
vt 0.60323000 0.03059000
vt 0.59986800 0.03296000
vt 0.59703898 0.02941300
vt 0.60021901 0.02674100
vt 0.60232401 0.03670800
vt 0.59986800 0.03296000
vt 0.60323000 0.03059000
vt 0.60581201 0.03473700
vt 0.60796797 0.03913200
vt 0.60425597 0.04075800
vt 0.60232401 0.03670800
vt 0.60581201 0.03473700
vt 0.60897702 0.03871400
vt 0.60796797 0.03913200
vt 0.60581201 0.03473700
vt 0.60679603 0.03422400
vt 0.60350603 0.04103800
vt 0.60186499 0.03699200
vt 0.60232401 0.03670800
vt 0.60425597 0.04075800
vt 0.60186499 0.03699200
vt 0.59925401 0.03349400
vt 0.59986800 0.03296000
vt 0.60232401 0.03670800
vt 0.60160702 0.03717200
vt 0.60186499 0.03699200
vt 0.60350603 0.04103800
vt 0.60258800 0.03963600
vt 0.60000700 0.03505900
vt 0.59925401 0.03349400
vt 0.60186499 0.03699200
vt 0.60160702 0.03717200
vt 0.61429602 0.03656500
vt 0.60897702 0.03871400
vt 0.60679603 0.03422400
vt 0.61203003 0.03139300
vt 0.61611700 0.04180400
vt 0.61070299 0.04341200
vt 0.60897702 0.03871400
vt 0.61429602 0.03656500
vt 0.60021901 0.02674100
vt 0.59703898 0.02941300
vt 0.59391397 0.02614100
vt 0.59684002 0.02322000
vt 0.59104699 0.02592500
vt 0.59203202 0.02688500
vt 0.59071499 0.02689900
vt 0.59039903 0.02609800
vt 0.59203202 0.02688500
vt 0.59317499 0.02825400
vt 0.59148002 0.02840400
vt 0.59071499 0.02689900
vt 0.60112101 0.03953700
vt 0.60110301 0.04042000
vt 0.59961498 0.03832500
vt 0.60019898 0.03801500
vt 0.60391402 0.05035600
vt 0.60275602 0.04618000
vt 0.60385698 0.04578400
vt 0.60489398 0.04899300
vt 0.59751803 0.05884900
vt 0.59727198 0.05534300
vt 0.60209000 0.05478400
vt 0.60240000 0.05874800
vt 0.60229802 0.06275200
vt 0.59741801 0.06236400
vt 0.59751803 0.05884900
vt 0.60240000 0.05874800
vt 0.60177702 0.06673200
vt 0.59696400 0.06585700
vt 0.59741801 0.06236400
vt 0.60229802 0.06275200
vt 0.60367602 0.06705700
vt 0.60177702 0.06673200
vt 0.60229802 0.06275200
vt 0.60420698 0.06287400
vt 0.60269099 0.07111600
vt 0.60085201 0.07063000
vt 0.60177702 0.06673200
vt 0.60367602 0.06705700
vt 0.59616399 0.06929300
vt 0.59696400 0.06585700
vt 0.60177702 0.06673200
vt 0.60085201 0.07063000
vt 0.60145700 0.07511300
vt 0.59960401 0.07443800
vt 0.60085201 0.07063000
vt 0.60269099 0.07111600
vt 0.59960401 0.07443800
vt 0.59503299 0.07263900
vt 0.59616399 0.06929300
vt 0.60085201 0.07063000
vt 0.59794700 0.07812400
vt 0.59357202 0.07586300
vt 0.59503299 0.07263900
vt 0.59960401 0.07443800
vt 0.59960401 0.07443800
vt 0.60145700 0.07511300
vt 0.59974700 0.07900500
vt 0.59794700 0.07812400
vt 0.60210401 0.07527800
vt 0.60145700 0.07511300
vt 0.60269099 0.07111600
vt 0.60307997 0.07122300
vt 0.60145700 0.07511300
vt 0.60210401 0.07527800
vt 0.60031003 0.07926300
vt 0.59974700 0.07900500
vt 0.59974700 0.07900500
vt 0.60031003 0.07926300
vt 0.59814602 0.08307800
vt 0.59760702 0.08268600
vt 0.59974700 0.07900500
vt 0.59760702 0.08268600
vt 0.59590399 0.08161500
vt 0.59794700 0.07812400
vt 0.59590399 0.08161500
vt 0.59760702 0.08268600
vt 0.59509498 0.08605400
vt 0.59352201 0.08485800
vt 0.59542602 0.08629000
vt 0.59509498 0.08605400
vt 0.59760702 0.08268600
vt 0.59814602 0.08307800
vt 0.59814602 0.08307800
vt 0.60031003 0.07926300
vt 0.60139501 0.07976300
vt 0.59985501 0.08280400
vt 0.59776002 0.08478800
vt 0.59814602 0.08307800
vt 0.59985501 0.08280400
vt 0.59906900 0.08447800
vt 0.59592700 0.08666700
vt 0.59542602 0.08629000
vt 0.59814602 0.08307800
vt 0.59776002 0.08478800
vt 0.59294099 0.08962900
vt 0.59238702 0.08925400
vt 0.59509498 0.08605400
vt 0.59542602 0.08629000
vt 0.59453797 0.08884400
vt 0.59294099 0.08962900
vt 0.59542602 0.08629000
vt 0.59592700 0.08666700
vt 0.59647101 0.08707100
vt 0.59592700 0.08666700
vt 0.59776002 0.08478800
vt 0.59764200 0.08568500
vt 0.59539503 0.08850900
vt 0.59453797 0.08884400
vt 0.59592700 0.08666700
vt 0.59647101 0.08707100
vt 0.59561402 0.08912300
vt 0.59459901 0.09010000
vt 0.59453797 0.08884400
vt 0.59539503 0.08850900
vt 0.59459901 0.09010000
vt 0.59316701 0.09122200
vt 0.59294099 0.08962900
vt 0.59453797 0.08884400
vt 0.59647101 0.08707100
vt 0.59764200 0.08568500
vt 0.59833300 0.08570500
vt 0.59851599 0.08625900
vt 0.59748501 0.08777300
vt 0.59623700 0.08911800
vt 0.59561402 0.08912300
vt 0.59539503 0.08850900
vt 0.59623700 0.08911800
vt 0.59588403 0.08985000
vt 0.59459901 0.09010000
vt 0.59561402 0.08912300
vt 0.59748501 0.08777300
vt 0.59781599 0.08798300
vt 0.59588403 0.08985000
vt 0.59623700 0.08911800
vt 0.59781599 0.08798300
vt 0.59807497 0.08811900
vt 0.59492701 0.09120400
vt 0.59588403 0.08985000
vt 0.59588403 0.08985000
vt 0.59492701 0.09120400
vt 0.59316701 0.09122200
vt 0.59459901 0.09010000
vt 0.59492701 0.09120400
vt 0.59807497 0.08811900
vt 0.59854299 0.08838600
vt 0.59552801 0.09172600
vt 0.59147203 0.09422800
vt 0.59492701 0.09120400
vt 0.59552801 0.09172600
vt 0.59215403 0.09481700
vt 0.59058201 0.09339400
vt 0.59316701 0.09122200
vt 0.59492701 0.09120400
vt 0.59147203 0.09422800
vt 0.58973998 0.09257700
vt 0.59294099 0.08962900
vt 0.59316701 0.09122200
vt 0.59058201 0.09339400
vt 0.58629102 0.09522800
vt 0.58973998 0.09257700
vt 0.59058201 0.09339400
vt 0.58799899 0.09556700
vt 0.58799899 0.09556700
vt 0.59058201 0.09339400
vt 0.59147203 0.09422800
vt 0.58789498 0.09709800
vt 0.58530998 0.09662100
vt 0.58629102 0.09522800
vt 0.58799899 0.09556700
vt 0.58664799 0.09679000
vt 0.58664799 0.09679000
vt 0.58799899 0.09556700
vt 0.58789498 0.09709800
vt 0.58630002 0.09790000
vt 0.58291501 0.09765400
vt 0.58257997 0.09713700
vt 0.58629102 0.09522800
vt 0.58530998 0.09662100
vt 0.58257997 0.09713700
vt 0.58235300 0.09681000
vt 0.58592701 0.09469200
vt 0.58629102 0.09522800
vt 0.58629102 0.09522800
vt 0.58592701 0.09469200
vt 0.58930302 0.09215300
vt 0.58973998 0.09257700
vt 0.58592701 0.09469200
vt 0.58473700 0.09302700
vt 0.58794200 0.09061800
vt 0.58930302 0.09215300
vt 0.58235300 0.09681000
vt 0.58133298 0.09508500
vt 0.58473700 0.09302700
vt 0.58592701 0.09469200
vt 0.57904899 0.09923300
vt 0.57867301 0.09871100
vt 0.58235300 0.09681000
vt 0.58257997 0.09713700
vt 0.57867301 0.09871100
vt 0.57779002 0.09685400
vt 0.58133298 0.09508500
vt 0.58235300 0.09681000
vt 0.58133298 0.09508500
vt 0.57900900 0.09085000
vt 0.58199602 0.08900000
vt 0.58473700 0.09302700
vt 0.57587099 0.09240100
vt 0.57900900 0.09085000
vt 0.58133298 0.09508500
vt 0.57779002 0.09685400
vt 0.58473700 0.09302700
vt 0.58199602 0.08900000
vt 0.58479702 0.08686100
vt 0.58794200 0.09061800
vt 0.58794200 0.09061800
vt 0.58479702 0.08686100
vt 0.58737999 0.08445300
vt 0.59088600 0.08788000
vt 0.59088600 0.08788000
vt 0.58737999 0.08445300
vt 0.58971697 0.08179800
vt 0.59352201 0.08485800
vt 0.59352201 0.08485800
vt 0.58971697 0.08179800
vt 0.59179097 0.07892700
vt 0.59590399 0.08161500
vt 0.59590399 0.08161500
vt 0.59179097 0.07892700
vt 0.59357202 0.07586300
vt 0.59794700 0.07812400
vt 0.59238702 0.08925400
vt 0.59088600 0.08788000
vt 0.59352201 0.08485800
vt 0.59509498 0.08605400
vt 0.58930302 0.09215300
vt 0.58794200 0.09061800
vt 0.59088600 0.08788000
vt 0.59238702 0.08925400
vt 0.58973998 0.09257700
vt 0.58930302 0.09215300
vt 0.59238702 0.08925400
vt 0.59294099 0.08962900
vt 0.58487600 0.09737800
vt 0.58530998 0.09662100
vt 0.58664799 0.09679000
vt 0.58551198 0.09762800
vt 0.58327800 0.09820500
vt 0.58291501 0.09765400
vt 0.58530998 0.09662100
vt 0.58487600 0.09737800
vt 0.58327800 0.09820500
vt 0.58487600 0.09737800
vt 0.58551198 0.09762800
vt 0.58547503 0.09816800
vt 0.58395499 0.09914700
vt 0.58230197 0.09990600
vt 0.58172601 0.09971200
vt 0.58174998 0.09910400
vt 0.58551198 0.09762800
vt 0.58664799 0.09679000
vt 0.58630002 0.09790000
vt 0.58547503 0.09816800
vt 0.58547503 0.09816800
vt 0.58630002 0.09790000
vt 0.58417898 0.09943600
vt 0.58395499 0.09914700
vt 0.58630002 0.09790000
vt 0.58789498 0.09709800
vt 0.58437097 0.09962100
vt 0.58417898 0.09943600
vt 0.58395499 0.09914700
vt 0.58417898 0.09943600
vt 0.58169901 0.10042400
vt 0.58230197 0.09990600
vt 0.58417898 0.09943600
vt 0.58437097 0.09962100
vt 0.58029902 0.10126000
vt 0.58169901 0.10042400
vt 0.58169901 0.10042400
vt 0.58029902 0.10126000
vt 0.57866699 0.10070000
vt 0.58041698 0.10021900
vt 0.58230197 0.09990600
vt 0.58169901 0.10042400
vt 0.58041698 0.10021900
vt 0.58172601 0.09971200
vt 0.58172601 0.09971200
vt 0.58041698 0.10021900
vt 0.58082801 0.09910000
vt 0.58174998 0.09910400
vt 0.58174998 0.09910400
vt 0.58082801 0.09910000
vt 0.58291501 0.09765400
vt 0.58327800 0.09820500
vt 0.58041698 0.10021900
vt 0.57866699 0.10070000
vt 0.57904899 0.09923300
vt 0.58082801 0.09910000
vt 0.58082801 0.09910000
vt 0.57904899 0.09923300
vt 0.58257997 0.09713700
vt 0.58291501 0.09765400
vt 0.58789498 0.09709800
vt 0.59147203 0.09422800
vt 0.59215403 0.09481700
vt 0.58853000 0.09759500
vt 0.59469801 0.09750300
vt 0.59215403 0.09481700
vt 0.59552801 0.09172600
vt 0.59830701 0.09418900
vt 0.59830701 0.09418900
vt 0.59552801 0.09172600
vt 0.59854299 0.08838600
vt 0.60157001 0.09054200
vt 0.59807497 0.08811900
vt 0.60035503 0.08436700
vt 0.60112399 0.08466400
vt 0.59854299 0.08838600
vt 0.60157001 0.09054200
vt 0.59854299 0.08838600
vt 0.60112399 0.08466400
vt 0.60443002 0.08654400
vt 0.60035503 0.08436700
vt 0.60253000 0.08027400
vt 0.60337299 0.08063400
vt 0.60112399 0.08466400
vt 0.60443002 0.08654400
vt 0.60112399 0.08466400
vt 0.60337299 0.08063400
vt 0.60687399 0.08222100
vt 0.60253000 0.08027400
vt 0.60450703 0.07608900
vt 0.60524201 0.07640500
vt 0.60337299 0.08063400
vt 0.60687399 0.08222100
vt 0.60337299 0.08063400
vt 0.60524201 0.07640500
vt 0.60888201 0.07766600
vt 0.60450703 0.07608900
vt 0.60615498 0.07199300
vt 0.60667098 0.07209800
vt 0.60524201 0.07640500
vt 0.60888201 0.07766600
vt 0.60524201 0.07640500
vt 0.60667098 0.07209800
vt 0.61038601 0.07295200
vt 0.60790497 0.08268900
vt 0.60687399 0.08222100
vt 0.60888201 0.07766600
vt 0.60992801 0.07803500
vt 0.60992801 0.07803500
vt 0.60888201 0.07766600
vt 0.61038601 0.07295200
vt 0.61145997 0.07322800
vt 0.61145997 0.07322800
vt 0.61038601 0.07295200
vt 0.61139703 0.06812200
vt 0.61250401 0.06830400
vt 0.61038601 0.07295200
vt 0.60667098 0.07209800
vt 0.60755002 0.06763400
vt 0.61139703 0.06812200
vt 0.61250401 0.06830400
vt 0.61139703 0.06812200
vt 0.61193001 0.06319400
vt 0.61310399 0.06327600
vt 0.61139703 0.06812200
vt 0.60755002 0.06763400
vt 0.60803199 0.06303800
vt 0.61193001 0.06319400
vt 0.60675800 0.06762500
vt 0.60715401 0.06301300
vt 0.60803199 0.06303800
vt 0.60755002 0.06763400
vt 0.60615498 0.07199300
vt 0.60675800 0.06762500
vt 0.60755002 0.06763400
vt 0.60667098 0.07209800
vt 0.60572797 0.06634800
vt 0.60596001 0.06296200
vt 0.60715401 0.06301300
vt 0.60675800 0.06762500
vt 0.60566002 0.06819400
vt 0.60572797 0.06634800
vt 0.60675800 0.06762500
vt 0.60622299 0.06929900
vt 0.60622299 0.06929900
vt 0.60675800 0.06762500
vt 0.60615498 0.07199300
vt 0.60587102 0.07194900
vt 0.60583699 0.07006700
vt 0.60622299 0.06929900
vt 0.60587102 0.07194900
vt 0.60549200 0.07187100
vt 0.60546702 0.06961400
vt 0.60566002 0.06819400
vt 0.60622299 0.06929900
vt 0.60583699 0.07006700
vt 0.60431898 0.07157800
vt 0.60484302 0.06984800
vt 0.60546702 0.06961400
vt 0.60583699 0.07006700
vt 0.60549200 0.07187100
vt 0.60488498 0.07360500
vt 0.60432601 0.07383300
vt 0.60389602 0.07332800
vt 0.60484302 0.06984800
vt 0.60461003 0.06896600
vt 0.60566002 0.06819400
vt 0.60546702 0.06961400
vt 0.60431898 0.07157800
vt 0.60367501 0.07139600
vt 0.60461003 0.06896600
vt 0.60484302 0.06984800
vt 0.60461003 0.06896600
vt 0.60430700 0.06723000
vt 0.60572797 0.06634800
vt 0.60566002 0.06819400
vt 0.60367501 0.07139600
vt 0.60307997 0.07122300
vt 0.60430700 0.06723000
vt 0.60461003 0.06896600
vt 0.60325003 0.07395600
vt 0.60210401 0.07527800
vt 0.60307997 0.07122300
vt 0.60367501 0.07139600
vt 0.60389602 0.07332800
vt 0.60325003 0.07395600
vt 0.60367501 0.07139600
vt 0.60431898 0.07157800
vt 0.60378700 0.07513200
vt 0.60292101 0.07672900
vt 0.60210401 0.07527800
vt 0.60325003 0.07395600
vt 0.60432601 0.07383300
vt 0.60378700 0.07513200
vt 0.60325003 0.07395600
vt 0.60389602 0.07332800
vt 0.60488498 0.07360500
vt 0.60485202 0.07443000
vt 0.60378700 0.07513200
vt 0.60432601 0.07383300
vt 0.60485202 0.07443000
vt 0.60450703 0.07608900
vt 0.60292101 0.07672900
vt 0.60378700 0.07513200
vt 0.60139501 0.07976300
vt 0.60292101 0.07672900
vt 0.60450703 0.07608900
vt 0.60253000 0.08027400
vt 0.60031003 0.07926300
vt 0.60210401 0.07527800
vt 0.60292101 0.07672900
vt 0.60139501 0.07976300
vt 0.59985501 0.08280400
vt 0.60139501 0.07976300
vt 0.60253000 0.08027400
vt 0.60035503 0.08436700
vt 0.60549200 0.07187100
vt 0.60587102 0.07194900
vt 0.60485202 0.07443000
vt 0.60488498 0.07360500
vt 0.60587102 0.07194900
vt 0.60615498 0.07199300
vt 0.60450703 0.07608900
vt 0.60485202 0.07443000
vt 0.60307997 0.07122300
vt 0.60269099 0.07111600
vt 0.60367602 0.06705700
vt 0.60430700 0.06723000
vt 0.60430700 0.06723000
vt 0.60367602 0.06705700
vt 0.60420698 0.06287400
vt 0.60480702 0.06290500
vt 0.60430700 0.06723000
vt 0.60480702 0.06290500
vt 0.60596001 0.06296200
vt 0.60572797 0.06634800
vt 0.60715401 0.06301300
vt 0.60736799 0.05840900
vt 0.60813898 0.05842400
vt 0.60803199 0.06303800
vt 0.61193001 0.06319400
vt 0.60803199 0.06303800
vt 0.60813898 0.05842400
vt 0.61205298 0.05824900
vt 0.60813898 0.05842400
vt 0.60786301 0.05391600
vt 0.61170900 0.05335300
vt 0.61205298 0.05824900
vt 0.61310399 0.06327600
vt 0.61193001 0.06319400
vt 0.61205298 0.05824900
vt 0.61322600 0.05821400
vt 0.59906900 0.08447800
vt 0.59985501 0.08280400
vt 0.60035503 0.08436700
vt 0.59918398 0.08570300
vt 0.59918398 0.08570300
vt 0.60035503 0.08436700
vt 0.59807497 0.08811900
vt 0.59781599 0.08798300
vt 0.59851599 0.08625900
vt 0.59918398 0.08570300
vt 0.59781599 0.08798300
vt 0.59748501 0.08777300
vt 0.59833300 0.08570500
vt 0.59906900 0.08447800
vt 0.59918398 0.08570300
vt 0.59851599 0.08625900
vt 0.59764200 0.08568500
vt 0.59776002 0.08478800
vt 0.59906900 0.08447800
vt 0.59833300 0.08570500
vt 0.60489202 0.05443000
vt 0.60428602 0.05449400
vt 0.60391402 0.05035600
vt 0.60483599 0.05184000
vt 0.60483599 0.05184000
vt 0.60391402 0.05035600
vt 0.60489398 0.04899300
vt 0.60551000 0.05072400
vt 0.60554200 0.05435800
vt 0.60489202 0.05443000
vt 0.60483599 0.05184000
vt 0.60537499 0.05256600
vt 0.60537499 0.05256600
vt 0.60483599 0.05184000
vt 0.60551000 0.05072400
vt 0.60585397 0.05211200
vt 0.60585397 0.05211200
vt 0.60551000 0.05072400
vt 0.60643297 0.05152300
vt 0.60635799 0.05238400
vt 0.60580999 0.05612200
vt 0.60546201 0.05693700
vt 0.60489202 0.05443000
vt 0.60554200 0.05435800
vt 0.43415400 0.49201700
vt 0.43415400 0.49565399
vt 0.43351999 0.49557301
vt 0.43351999 0.49193600
vt 0.28762701 0.48793101
vt 0.28762701 0.48868901
vt 0.28734201 0.48939201
vt 0.28681499 0.48993200
vt 0.28612700 0.49022701
vt 0.28538200 0.49023199
vt 0.28469399 0.48994699
vt 0.28416800 0.48941499
vt 0.28388399 0.48871699
vt 0.28388399 0.48795801
vt 0.28416899 0.48725599
vt 0.28469601 0.48671600
vt 0.28538400 0.48642099
vt 0.28612801 0.48641601
vt 0.28681600 0.48670101
vt 0.28734201 0.48723301
vt 0.43351999 0.49193600
vt 0.43351999 0.49557301
vt 0.43277401 0.49554500
vt 0.43277401 0.49190801
vt 0.48591501 0.08046000
vt 0.48559901 0.08013600
vt 0.48496500 0.08056300
vt 0.48549101 0.08110300
vt 0.48559901 0.08013600
vt 0.48542801 0.07971400
vt 0.48468000 0.07986100
vt 0.48496500 0.08056300
vt 0.00272000 0.03941500
vt 0.00267000 0.03979500
vt 0.00355100 0.03979700
vt 0.00360000 0.03941700
vt 0.00273700 0.03896700
vt 0.00272000 0.03941500
vt 0.00360000 0.03941700
vt 0.00361800 0.03896900
vt 0.19855000 0.52548599
vt 0.19872101 0.52590799
vt 0.19903700 0.52623200
vt 0.19945000 0.52640897
vt 0.19989599 0.52641201
vt 0.20030899 0.52624100
vt 0.20062500 0.52592099
vt 0.20079599 0.52550203
vt 0.20079599 0.52504700
vt 0.20062500 0.52462500
vt 0.20030899 0.52430099
vt 0.19989599 0.52412403
vt 0.19944900 0.52412099
vt 0.19903700 0.52429199
vt 0.19872101 0.52461201
vt 0.19855000 0.52503097
vt 0.34008601 0.06331400
vt 0.34008700 0.06293800
vt 0.33918899 0.06293800
vt 0.33918801 0.06331400
vt 0.34008700 0.06293800
vt 0.34008700 0.06249200
vt 0.33918899 0.06249200
vt 0.33918899 0.06293800
vt 0.48677501 0.08064100
vt 0.48632801 0.08063800
vt 0.48617899 0.08139800
vt 0.48692301 0.08140400
vt 0.48632801 0.08063800
vt 0.48591501 0.08046000
vt 0.48549101 0.08110300
vt 0.48617899 0.08139800
vt 0.49608901 0.04151600
vt 0.49608800 0.04522400
vt 0.49534500 0.04522400
vt 0.49534601 0.04151500
vt 0.49534601 0.04151500
vt 0.49534500 0.04522400
vt 0.49471799 0.04522300
vt 0.49471799 0.04151400
vt 0.49683401 0.04151500
vt 0.49683401 0.04522400
vt 0.49608800 0.04522400
vt 0.49608901 0.04151600
vt 0.49746799 0.04151400
vt 0.49746799 0.04522300
vt 0.49683401 0.04522400
vt 0.49683401 0.04151500
vt 0.27614599 0.49199200
vt 0.27614599 0.49562901
vt 0.27677301 0.49554500
vt 0.27677301 0.49190801
vt 0.48750401 0.08015000
vt 0.48718801 0.08047000
vt 0.48761201 0.08111900
vt 0.48813799 0.08058700
vt 0.48767501 0.07973100
vt 0.48750401 0.08015000
vt 0.48813799 0.08058700
vt 0.48842299 0.07988800
vt 0.48767501 0.07927700
vt 0.48767501 0.07973100
vt 0.48842299 0.07988800
vt 0.48842299 0.07913000
vt 0.27540299 0.49202201
vt 0.27540299 0.49565899
vt 0.27614599 0.49562901
vt 0.27614599 0.49199200
vt 0.02620300 0.04303700
vt 0.02618600 0.04259100
vt 0.02706700 0.04259300
vt 0.02708400 0.04303900
vt 0.02625200 0.04341300
vt 0.02620300 0.04303700
vt 0.02708400 0.04303900
vt 0.02713300 0.04341500
vt 0.02618600 0.04259100
vt 0.02620400 0.04214300
vt 0.02708400 0.04214600
vt 0.02706700 0.04259300
vt 0.02620400 0.04214300
vt 0.02625400 0.04176300
vt 0.02713500 0.04176500
vt 0.02708400 0.04214600
vt 0.48718801 0.07853100
vt 0.48750401 0.07885500
vt 0.48813900 0.07842800
vt 0.48761201 0.07788800
vt 0.48750401 0.07885500
vt 0.48767501 0.07927700
vt 0.48842299 0.07913000
vt 0.48813900 0.07842800
vt 0.27402401 0.49191299
vt 0.27402300 0.49555001
vt 0.27465799 0.49563101
vt 0.27465799 0.49199399
vt 0.27465799 0.49199399
vt 0.27465799 0.49563101
vt 0.27540299 0.49565899
vt 0.27540299 0.49202201
vt 0.49503201 0.45034301
vt 0.49503201 0.45405200
vt 0.49565899 0.45405301
vt 0.49565899 0.45034400
vt 0.49428901 0.45034301
vt 0.49428901 0.45405099
vt 0.49503201 0.45405200
vt 0.49503201 0.45034301
vt 0.48632801 0.07835000
vt 0.48677501 0.07835300
vt 0.48692399 0.07759200
vt 0.48618001 0.07758700
vt 0.48677501 0.07835300
vt 0.48718801 0.07853100
vt 0.48761201 0.07788800
vt 0.48692399 0.07759200
vt 0.39073899 0.08699000
vt 0.39073801 0.08736600
vt 0.38984001 0.08736600
vt 0.38984001 0.08699000
vt 0.39073801 0.08736600
vt 0.39073801 0.08781200
vt 0.38984001 0.08781200
vt 0.38984001 0.08736600
vt 0.39073801 0.08781200
vt 0.39073801 0.08825900
vt 0.38984001 0.08825900
vt 0.38984001 0.08781200
vt 0.48591599 0.07852100
vt 0.48632801 0.07835000
vt 0.48618001 0.07758700
vt 0.48549101 0.07787200
vt 0.48559999 0.07884000
vt 0.48591599 0.07852100
vt 0.48549101 0.07787200
vt 0.48496500 0.07840400
vt 0.39073801 0.08825900
vt 0.39073899 0.08864000
vt 0.38984001 0.08864000
vt 0.38984001 0.08825900
vt 0.49354401 0.45034301
vt 0.49354300 0.45405099
vt 0.49428901 0.45405099
vt 0.49428901 0.45034301
vt 0.49290901 0.45034400
vt 0.49290901 0.45405301
vt 0.49354300 0.45405099
vt 0.49354401 0.45034301
vt 0.43203101 0.49193901
vt 0.43203101 0.49557599
vt 0.43140399 0.49565899
vt 0.43140399 0.49202201
vt 0.43277401 0.49190801
vt 0.43277401 0.49554500
vt 0.43203101 0.49557599
vt 0.43203101 0.49193901
vt 0.48542801 0.07926000
vt 0.48559999 0.07884000
vt 0.48496500 0.07840400
vt 0.48468000 0.07910200
vt 0.48542801 0.07971400
vt 0.48542801 0.07926000
vt 0.48468000 0.07910200
vt 0.48468000 0.07986100
vt 0.00272000 0.03852200
vt 0.00273700 0.03896700
vt 0.00361800 0.03896900
vt 0.00360100 0.03852400
vt 0.00267100 0.03814500
vt 0.00272000 0.03852200
vt 0.00360100 0.03852400
vt 0.00355200 0.03814700
vt 0.34008700 0.06204500
vt 0.34008601 0.06166400
vt 0.33918801 0.06166400
vt 0.33918801 0.06204500
vt 0.34008700 0.06249200
vt 0.34008700 0.06204500
vt 0.33918801 0.06204500
vt 0.33918899 0.06249200
vt 0.48718801 0.08047000
vt 0.48677501 0.08064100
vt 0.48692301 0.08140400
vt 0.48761201 0.08111900
vt 0.49565899 0.49382699
vt 0.49565899 0.49746400
vt 0.49502501 0.49738199
vt 0.49502501 0.49374500
vt 0.43612200 0.48396400
vt 0.43583801 0.48326099
vt 0.43583801 0.48250401
vt 0.43612301 0.48180500
vt 0.43664899 0.48127300
vt 0.43733701 0.48098800
vt 0.43808201 0.48099399
vt 0.43877000 0.48128799
vt 0.43929601 0.48182899
vt 0.43958101 0.48253101
vt 0.43958101 0.48328999
vt 0.43929601 0.48398799
vt 0.43876901 0.48451999
vt 0.43808100 0.48480499
vt 0.43733701 0.48480001
vt 0.43664899 0.48450401
vt 0.49502501 0.49374500
vt 0.49502501 0.49738199
vt 0.49427900 0.49735501
vt 0.49427900 0.49371800
vt 0.23605600 0.48405099
vt 0.23622701 0.48447001
vt 0.23697600 0.48431301
vt 0.23669100 0.48361501
vt 0.23622701 0.48447001
vt 0.23622701 0.48492500
vt 0.23697600 0.48507100
vt 0.23697600 0.48431301
vt 0.28672901 0.31618801
vt 0.28667900 0.31656799
vt 0.28755900 0.31657100
vt 0.28760999 0.31619000
vt 0.28674600 0.31574100
vt 0.28672901 0.31618801
vt 0.28760999 0.31619000
vt 0.28762701 0.31574300
vt 0.24421100 0.52367598
vt 0.24421200 0.52322102
vt 0.24404100 0.52280200
vt 0.24372400 0.52248299
vt 0.24331100 0.52231199
vt 0.24286400 0.52231503
vt 0.24245200 0.52249199
vt 0.24213600 0.52281702
vt 0.24196500 0.52323800
vt 0.24196500 0.52369303
vt 0.24213600 0.52411300
vt 0.24245200 0.52443200
vt 0.24286500 0.52460301
vt 0.24331200 0.52459902
vt 0.24372500 0.52442199
vt 0.24404100 0.52409798
vt 0.08863900 0.30390701
vt 0.08864000 0.30353099
vt 0.08774200 0.30353099
vt 0.08774100 0.30390799
vt 0.08864000 0.30353099
vt 0.08864000 0.30308500
vt 0.08774200 0.30308500
vt 0.08774200 0.30353099
vt 0.23532800 0.48356000
vt 0.23574001 0.48373201
vt 0.23616500 0.48308200
vt 0.23547700 0.48279700
vt 0.23574001 0.48373201
vt 0.23605600 0.48405099
vt 0.23669100 0.48361501
vt 0.23616500 0.48308200
vt 0.49608901 0.07588600
vt 0.49608901 0.07959500
vt 0.49534601 0.07959500
vt 0.49534601 0.07588600
vt 0.49534601 0.07588600
vt 0.49534601 0.07959500
vt 0.49471799 0.07959300
vt 0.49471799 0.07588500
vt 0.49683401 0.07588600
vt 0.49683300 0.07959400
vt 0.49608901 0.07959500
vt 0.49608901 0.07588600
vt 0.49746799 0.07588500
vt 0.49746799 0.07959300
vt 0.49683300 0.07959400
vt 0.49683401 0.07588600
vt 0.22006799 0.49380100
vt 0.22006799 0.49743801
vt 0.22069500 0.49735400
vt 0.22069500 0.49371701
vt 0.23446800 0.48374099
vt 0.23488100 0.48356301
vt 0.23473300 0.48280299
vt 0.23404400 0.48309800
vt 0.23415200 0.48406500
vt 0.23446800 0.48374099
vt 0.23404400 0.48309800
vt 0.23351701 0.48363799
vt 0.23398100 0.48448601
vt 0.23415200 0.48406500
vt 0.23351701 0.48363799
vt 0.23323201 0.48434001
vt 0.21932399 0.49383101
vt 0.21932399 0.49746799
vt 0.22006799 0.49743801
vt 0.22006799 0.49380100
vt 0.26860601 0.20222600
vt 0.26858899 0.20178001
vt 0.26947001 0.20178300
vt 0.26948699 0.20222899
vt 0.26865500 0.20260300
vt 0.26860601 0.20222600
vt 0.26948699 0.20222899
vt 0.26953599 0.20260499
vt 0.26858899 0.20178001
vt 0.26860699 0.20133300
vt 0.26948699 0.20133600
vt 0.26947001 0.20178300
vt 0.26860699 0.20133300
vt 0.26865599 0.20095199
vt 0.26953700 0.20095500
vt 0.26948699 0.20133600
vt 0.23415101 0.48536101
vt 0.23398100 0.48494101
vt 0.23323201 0.48509800
vt 0.23351701 0.48579699
vt 0.23398100 0.48494101
vt 0.23398100 0.48448601
vt 0.23323201 0.48434001
vt 0.23323201 0.48509800
vt 0.21794499 0.49372199
vt 0.21794499 0.49735901
vt 0.21857899 0.49744001
vt 0.21857899 0.49380299
vt 0.21857899 0.49380299
vt 0.21857899 0.49744001
vt 0.21932399 0.49746799
vt 0.21932399 0.49383101
vt 0.33584201 0.07045800
vt 0.33584201 0.07416700
vt 0.33646899 0.07416800
vt 0.33646899 0.07045900
vt 0.33509901 0.07045800
vt 0.33509901 0.07416700
vt 0.33584201 0.07416700
vt 0.33584201 0.07045800
vt 0.23488000 0.48585099
vt 0.23446800 0.48568001
vt 0.23404300 0.48632899
vt 0.23473100 0.48661399
vt 0.23446800 0.48568001
vt 0.23415101 0.48536101
vt 0.23351701 0.48579699
vt 0.23404300 0.48632899
vt 0.35998601 0.27512300
vt 0.35998499 0.27550000
vt 0.35908699 0.27549899
vt 0.35908800 0.27512300
vt 0.35998499 0.27550000
vt 0.35998499 0.27594501
vt 0.35908699 0.27594501
vt 0.35908699 0.27549899
vt 0.35998499 0.27594501
vt 0.35998499 0.27639300
vt 0.35908699 0.27639300
vt 0.35908699 0.27594501
vt 0.23532701 0.48584801
vt 0.23488000 0.48585099
vt 0.23473100 0.48661399
vt 0.23547500 0.48660901
vt 0.23574001 0.48567101
vt 0.23532701 0.48584801
vt 0.23547500 0.48660901
vt 0.23616400 0.48631400
vt 0.35998499 0.27639300
vt 0.35998601 0.27677301
vt 0.35908800 0.27677301
vt 0.35908699 0.27639300
vt 0.33435401 0.07045800
vt 0.33435401 0.07416700
vt 0.33509901 0.07416700
vt 0.33509901 0.07045800
vt 0.33371899 0.07045900
vt 0.33371899 0.07416800
vt 0.33435401 0.07416700
vt 0.33435401 0.07045800
vt 0.49353701 0.49374801
vt 0.49353701 0.49738500
vt 0.49290901 0.49746799
vt 0.49290901 0.49383101
vt 0.49427900 0.49371800
vt 0.49427900 0.49735501
vt 0.49353701 0.49738500
vt 0.49353701 0.49374801
vt 0.23605600 0.48534700
vt 0.23574001 0.48567101
vt 0.23616400 0.48631400
vt 0.23669100 0.48577401
vt 0.23622701 0.48492500
vt 0.23605600 0.48534700
vt 0.23669100 0.48577401
vt 0.23697600 0.48507100
vt 0.28672999 0.31529501
vt 0.28674600 0.31574100
vt 0.28762701 0.31574300
vt 0.28760999 0.31529701
vt 0.28668001 0.31491801
vt 0.28672999 0.31529501
vt 0.28760999 0.31529701
vt 0.28756100 0.31492001
vt 0.08864000 0.30263799
vt 0.08863900 0.30225700
vt 0.08774100 0.30225700
vt 0.08774100 0.30263799
vt 0.08864000 0.30308500
vt 0.08864000 0.30263799
vt 0.08774100 0.30263799
vt 0.08774200 0.30308500
vt 0.23488100 0.48356301
vt 0.23532800 0.48356000
vt 0.23547700 0.48279700
vt 0.23473300 0.48280299
vt 0.49384999 0.24418800
vt 0.49384999 0.24782500
vt 0.49321601 0.24774300
vt 0.49321601 0.24410599
vt 0.48661399 0.22563000
vt 0.48661399 0.22638801
vt 0.48632899 0.22709000
vt 0.48580199 0.22763000
vt 0.48511401 0.22792500
vt 0.48436999 0.22793099
vt 0.48368099 0.22764599
vt 0.48315501 0.22711299
vt 0.48287100 0.22641499
vt 0.48287100 0.22565700
vt 0.48315600 0.22495399
vt 0.48368299 0.22441401
vt 0.48437101 0.22411899
vt 0.48511600 0.22411400
vt 0.48580301 0.22439900
vt 0.48633000 0.22493100
vt 0.49321601 0.24410599
vt 0.49321601 0.24774300
vt 0.49247000 0.24771599
vt 0.49247000 0.24407899
vt 0.48388600 0.00286300
vt 0.48405701 0.00328200
vt 0.48480499 0.00312500
vt 0.48451999 0.00242700
vt 0.48405701 0.00328200
vt 0.48405701 0.00373700
vt 0.48480499 0.00388300
vt 0.48480499 0.00312500
vt 0.29758200 0.04303300
vt 0.29753199 0.04341300
vt 0.29841301 0.04341500
vt 0.29846299 0.04303500
vt 0.29760000 0.04258600
vt 0.29758200 0.04303300
vt 0.29846299 0.04303500
vt 0.29848099 0.04258800
vt 0.52460301 0.00450100
vt 0.52460301 0.00404600
vt 0.52443200 0.00362700
vt 0.52411598 0.00330800
vt 0.52370399 0.00313600
vt 0.52325702 0.00314000
vt 0.52284402 0.00331700
vt 0.52252698 0.00364100
vt 0.52235597 0.00406200
vt 0.52235597 0.00451700
vt 0.52252698 0.00493600
vt 0.52284199 0.00525600
vt 0.52325499 0.00542700
vt 0.52370203 0.00542400
vt 0.52411503 0.00524700
vt 0.52443099 0.00492300
vt 0.36541200 0.34551400
vt 0.36541301 0.34513801
vt 0.36451399 0.34513801
vt 0.36451399 0.34551400
vt 0.36541301 0.34513801
vt 0.36541301 0.34469199
vt 0.36451501 0.34469199
vt 0.36451399 0.34513801
vt 0.48315701 0.00237300
vt 0.48357001 0.00254400
vt 0.48399401 0.00189500
vt 0.48330599 0.00161000
vt 0.48357001 0.00254400
vt 0.48388600 0.00286300
vt 0.48451999 0.00242700
vt 0.48399401 0.00189500
vt 0.49428001 0.41959199
vt 0.49428001 0.42330000
vt 0.49353600 0.42330000
vt 0.49353701 0.41959101
vt 0.49353701 0.41959101
vt 0.49353600 0.42330000
vt 0.49290901 0.42329901
vt 0.49290901 0.41959000
vt 0.49502501 0.41959101
vt 0.49502501 0.42330000
vt 0.49428001 0.42330000
vt 0.49428001 0.41959199
vt 0.49565899 0.41959000
vt 0.49565899 0.42329901
vt 0.49502501 0.42330000
vt 0.49502501 0.41959101
vt 0.49503201 0.19893800
vt 0.49503201 0.20257500
vt 0.49565899 0.20249200
vt 0.49565899 0.19885500
vt 0.48229700 0.00255300
vt 0.48271000 0.00237600
vt 0.48256099 0.00161500
vt 0.48187301 0.00191100
vt 0.48198101 0.00287700
vt 0.48229700 0.00255300
vt 0.48187301 0.00191100
vt 0.48134699 0.00245100
vt 0.48181000 0.00329900
vt 0.48198101 0.00287700
vt 0.48134699 0.00245100
vt 0.48106200 0.00315300
vt 0.49428901 0.19896799
vt 0.49428901 0.20260499
vt 0.49503201 0.20257500
vt 0.49503201 0.19893800
vt 0.31744799 0.00323900
vt 0.31743100 0.00279300
vt 0.31831199 0.00279500
vt 0.31832901 0.00324100
vt 0.31749800 0.00361600
vt 0.31744799 0.00323900
vt 0.31832901 0.00324100
vt 0.31837800 0.00361800
vt 0.31743100 0.00279300
vt 0.31744900 0.00234600
vt 0.31832999 0.00234800
vt 0.31831199 0.00279500
vt 0.31744900 0.00234600
vt 0.31749901 0.00196600
vt 0.31838000 0.00196800
vt 0.31832999 0.00234800
vt 0.48198101 0.00417300
vt 0.48181000 0.00375400
vt 0.48106200 0.00391200
vt 0.48134699 0.00460900
vt 0.48181000 0.00375400
vt 0.48181000 0.00329900
vt 0.48106200 0.00315300
vt 0.48106200 0.00391200
vt 0.49290901 0.19885901
vt 0.49290901 0.20249601
vt 0.49354300 0.20257799
vt 0.49354300 0.19893999
vt 0.49354300 0.19893999
vt 0.49354300 0.20257799
vt 0.49428901 0.20260499
vt 0.49428901 0.19896799
vt 0.49684101 0.46119699
vt 0.49684101 0.46490499
vt 0.49746799 0.46490699
vt 0.49746799 0.46119800
vt 0.49609801 0.46119699
vt 0.49609801 0.46490499
vt 0.49684101 0.46490499
vt 0.49684101 0.46119699
vt 0.48271000 0.00466400
vt 0.48229700 0.00449300
vt 0.48187301 0.00514200
vt 0.48256099 0.00542700
vt 0.48229700 0.00449300
vt 0.48198101 0.00417300
vt 0.48134699 0.00460900
vt 0.48187301 0.00514200
vt 0.33285099 0.24437000
vt 0.33285099 0.24474700
vt 0.33195201 0.24474700
vt 0.33195299 0.24437000
vt 0.33285099 0.24474700
vt 0.33285001 0.24519300
vt 0.33195201 0.24519201
vt 0.33195201 0.24474700
vt 0.33285001 0.24519300
vt 0.33285099 0.24563999
vt 0.33195201 0.24563999
vt 0.33195201 0.24519201
vt 0.48315701 0.00466000
vt 0.48271000 0.00466400
vt 0.48256099 0.00542700
vt 0.48330599 0.00542100
vt 0.48357001 0.00448300
vt 0.48315701 0.00466000
vt 0.48330599 0.00542100
vt 0.48399401 0.00512600
vt 0.33285099 0.24563999
vt 0.33285099 0.24602100
vt 0.33195299 0.24602000
vt 0.33195201 0.24563999
vt 0.49535301 0.46119699
vt 0.49535200 0.46490601
vt 0.49609801 0.46490499
vt 0.49609801 0.46119699
vt 0.49471799 0.46119800
vt 0.49471799 0.46490699
vt 0.49535200 0.46490601
vt 0.49535301 0.46119699
vt 0.49172699 0.24410900
vt 0.49172699 0.24774601
vt 0.49110001 0.24783000
vt 0.49110001 0.24419300
vt 0.49247000 0.24407899
vt 0.49247000 0.24771599
vt 0.49172699 0.24774601
vt 0.49172699 0.24410900
vt 0.48388600 0.00415900
vt 0.48357001 0.00448300
vt 0.48399401 0.00512600
vt 0.48451999 0.00458600
vt 0.48405701 0.00373700
vt 0.48388600 0.00415900
vt 0.48451999 0.00458600
vt 0.48480499 0.00388300
vt 0.29758301 0.04214000
vt 0.29760000 0.04258600
vt 0.29848099 0.04258800
vt 0.29846400 0.04214200
vt 0.29753399 0.04176300
vt 0.29758301 0.04214000
vt 0.29846400 0.04214200
vt 0.29841399 0.04176500
vt 0.36541301 0.34424400
vt 0.36541200 0.34386399
vt 0.36451399 0.34386399
vt 0.36451501 0.34424499
vt 0.36541301 0.34469199
vt 0.36541301 0.34424400
vt 0.36451501 0.34424499
vt 0.36451501 0.34469199
vt 0.48271000 0.00237600
vt 0.48315701 0.00237300
vt 0.48330599 0.00161000
vt 0.48256099 0.00161500
vt 0.23516700 0.49382600
vt 0.23516700 0.49746400
vt 0.23453200 0.49738199
vt 0.23453200 0.49374500
vt 0.48134699 0.25422499
vt 0.48106200 0.25352299
vt 0.48106200 0.25276399
vt 0.48134699 0.25206599
vt 0.48187399 0.25153399
vt 0.48256099 0.25124800
vt 0.48330599 0.25125399
vt 0.48399401 0.25154901
vt 0.48451999 0.25208899
vt 0.48480499 0.25279099
vt 0.48480499 0.25354901
vt 0.48451999 0.25424799
vt 0.48399401 0.25477999
vt 0.48330599 0.25506499
vt 0.48256201 0.25505999
vt 0.48187399 0.25476500
vt 0.23453200 0.49374500
vt 0.23453200 0.49738199
vt 0.23378700 0.49735400
vt 0.23378700 0.49371701
vt 0.48591599 0.01533700
vt 0.48559999 0.01501400
vt 0.48496500 0.01544100
vt 0.48549199 0.01598100
vt 0.48559999 0.01501400
vt 0.48542899 0.01459200
vt 0.48468000 0.01473900
vt 0.48496500 0.01544100
vt 0.03709000 0.30352500
vt 0.03704000 0.30390501
vt 0.03792100 0.30390799
vt 0.03797100 0.30352700
vt 0.03710800 0.30307800
vt 0.03709000 0.30352500
vt 0.03797100 0.30352700
vt 0.03798800 0.30307999
vt 0.52279401 0.48568800
vt 0.52279401 0.48523301
vt 0.52262300 0.48481399
vt 0.52230698 0.48449400
vt 0.52189398 0.48432299
vt 0.52144700 0.48432699
vt 0.52103400 0.48450401
vt 0.52071798 0.48482800
vt 0.52054697 0.48525000
vt 0.52054697 0.48570400
vt 0.52071798 0.48612300
vt 0.52103400 0.48644301
vt 0.52144599 0.48661399
vt 0.52189302 0.48661101
vt 0.52230603 0.48643401
vt 0.52262199 0.48611000
vt 0.26953599 0.38169399
vt 0.26953700 0.38131699
vt 0.26863900 0.38131699
vt 0.26863801 0.38169399
vt 0.26953700 0.38131699
vt 0.26953700 0.38087100
vt 0.26863900 0.38087100
vt 0.26863900 0.38131699
vt 0.48677599 0.01551800
vt 0.48632899 0.01551400
vt 0.48618001 0.01627600
vt 0.48692501 0.01628100
vt 0.48632899 0.01551400
vt 0.48591599 0.01533700
vt 0.48549199 0.01598100
vt 0.48618001 0.01627600
vt 0.49427900 0.43948999
vt 0.49427900 0.44319901
vt 0.49353600 0.44319800
vt 0.49353600 0.43948999
vt 0.49353600 0.43948999
vt 0.49353600 0.44319800
vt 0.49290901 0.44319800
vt 0.49290901 0.43948901
vt 0.49502501 0.43948999
vt 0.49502501 0.44319800
vt 0.49427900 0.44319901
vt 0.49427900 0.43948999
vt 0.49565899 0.43948901
vt 0.49565899 0.44319701
vt 0.49502501 0.44319800
vt 0.49502501 0.43948999
vt 0.49503201 0.08678200
vt 0.49503201 0.09041900
vt 0.49565899 0.09033500
vt 0.49565899 0.08669800
vt 0.48750401 0.01502700
vt 0.48718801 0.01534600
vt 0.48761299 0.01599500
vt 0.48813900 0.01546300
vt 0.48767501 0.01460700
vt 0.48750401 0.01502700
vt 0.48813900 0.01546300
vt 0.48842299 0.01476400
vt 0.48767501 0.01415200
vt 0.48767501 0.01460700
vt 0.48842299 0.01476400
vt 0.48842299 0.01400600
vt 0.49428901 0.08681200
vt 0.49428901 0.09044900
vt 0.49503201 0.09041900
vt 0.49503201 0.08678200
vt 0.16187599 0.07198000
vt 0.16185901 0.07153400
vt 0.16274001 0.07153600
vt 0.16275699 0.07198300
vt 0.16192600 0.07235700
vt 0.16187599 0.07198000
vt 0.16275699 0.07198300
vt 0.16280700 0.07235900
vt 0.16185901 0.07153400
vt 0.16187701 0.07108700
vt 0.16275799 0.07108900
vt 0.16274001 0.07153600
vt 0.16187701 0.07108700
vt 0.16192700 0.07070700
vt 0.16280800 0.07070900
vt 0.16275799 0.07108900
vt 0.48718700 0.01340700
vt 0.48750401 0.01373100
vt 0.48813799 0.01330400
vt 0.48761100 0.01276400
vt 0.48750401 0.01373100
vt 0.48767501 0.01415200
vt 0.48842299 0.01400600
vt 0.48813799 0.01330400
vt 0.49290901 0.08670300
vt 0.49290901 0.09034000
vt 0.49354401 0.09042100
vt 0.49354401 0.08678400
vt 0.49354401 0.08678400
vt 0.49354401 0.09042100
vt 0.49428901 0.09044900
vt 0.49428901 0.08681200
vt 0.49322301 0.42863500
vt 0.49322301 0.43234399
vt 0.49384999 0.43234500
vt 0.49384999 0.42863601
vt 0.49247900 0.42863399
vt 0.49248001 0.43234301
vt 0.49322301 0.43234399
vt 0.49322301 0.42863500
vt 0.48632801 0.01322700
vt 0.48677400 0.01323000
vt 0.48692301 0.01246900
vt 0.48617801 0.01246400
vt 0.48677400 0.01323000
vt 0.48718700 0.01340700
vt 0.48761100 0.01276400
vt 0.48692301 0.01246900
vt 0.01266300 0.38004401
vt 0.01266200 0.38042000
vt 0.01176400 0.38042000
vt 0.01176500 0.38004300
vt 0.01266200 0.38042000
vt 0.01266200 0.38086599
vt 0.01176400 0.38086599
vt 0.01176400 0.38042000
vt 0.01266200 0.38086599
vt 0.01266200 0.38131300
vt 0.01176400 0.38131300
vt 0.01176400 0.38086599
vt 0.48591501 0.01339800
vt 0.48632801 0.01322700
vt 0.48617801 0.01246400
vt 0.48548999 0.01274900
vt 0.48559901 0.01371800
vt 0.48591501 0.01339800
vt 0.48548999 0.01274900
vt 0.48496500 0.01328200
vt 0.01266200 0.38131300
vt 0.01266300 0.38169399
vt 0.01176500 0.38169399
vt 0.01176400 0.38131300
vt 0.49173501 0.42863500
vt 0.49173400 0.43234399
vt 0.49248001 0.43234301
vt 0.49247900 0.42863399
vt 0.49110001 0.42863601
vt 0.49110001 0.43234500
vt 0.49173400 0.43234399
vt 0.49173501 0.42863500
vt 0.23304400 0.49374801
vt 0.23304400 0.49738401
vt 0.23241700 0.49746799
vt 0.23241700 0.49383101
vt 0.23378700 0.49371701
vt 0.23378700 0.49735400
vt 0.23304400 0.49738401
vt 0.23304400 0.49374801
vt 0.48542801 0.01413700
vt 0.48559901 0.01371800
vt 0.48496500 0.01328200
vt 0.48468000 0.01398000
vt 0.48542899 0.01459200
vt 0.48542801 0.01413700
vt 0.48468000 0.01398000
vt 0.48468000 0.01473900
vt 0.03709100 0.30263200
vt 0.03710800 0.30307800
vt 0.03798800 0.30307999
vt 0.03797100 0.30263400
vt 0.03704100 0.30225500
vt 0.03709100 0.30263200
vt 0.03797100 0.30263400
vt 0.03792200 0.30225700
vt 0.26953700 0.38042399
vt 0.26953599 0.38004401
vt 0.26863801 0.38004401
vt 0.26863900 0.38042399
vt 0.26953700 0.38087100
vt 0.26953700 0.38042399
vt 0.26863900 0.38042399
vt 0.26863900 0.38087100
vt 0.48718801 0.01534600
vt 0.48677599 0.01551800
vt 0.48692501 0.01628100
vt 0.48761299 0.01599500
vt 0.00355000 0.00361800
vt 0.00360100 0.00323700
vt 0.00272000 0.00323500
vt 0.00267000 0.00361600
vt 0.00360100 0.00323700
vt 0.00361800 0.00279000
vt 0.00273700 0.00278800
vt 0.00272000 0.00323500
vt 0.48904601 0.02544600
vt 0.48921701 0.02586800
vt 0.48858300 0.02629500
vt 0.48829800 0.02559200
vt 0.48921701 0.02586800
vt 0.48953399 0.02619200
vt 0.48910999 0.02683500
vt 0.48858300 0.02629500
vt 0.19654401 0.48824301
vt 0.19654401 0.49195600
vt 0.19579899 0.49192801
vt 0.19579899 0.48821500
vt 0.19717801 0.48832399
vt 0.19717801 0.49203700
vt 0.19654401 0.49195600
vt 0.19654401 0.48824301
vt 0.26941201 0.48688099
vt 0.26969701 0.48758301
vt 0.27022400 0.48812300
vt 0.27091199 0.48841801
vt 0.27165601 0.48842299
vt 0.27234399 0.48813799
vt 0.27287099 0.48760501
vt 0.27315500 0.48690701
vt 0.27315500 0.48614901
vt 0.27287000 0.48544601
vt 0.27234301 0.48490700
vt 0.27165601 0.48461199
vt 0.27091101 0.48460600
vt 0.27022299 0.48489100
vt 0.26969701 0.48542401
vt 0.26941201 0.48612201
vt 0.49172801 0.00164100
vt 0.49172699 0.00542700
vt 0.49110001 0.00542600
vt 0.49110001 0.00164000
vt 0.49247000 0.00164100
vt 0.49247000 0.00542700
vt 0.49172699 0.00542700
vt 0.49172801 0.00164100
vt 0.49321601 0.00164100
vt 0.49321601 0.00542600
vt 0.49247000 0.00542700
vt 0.49247000 0.00164100
vt 0.49039301 0.02637200
vt 0.49080601 0.02620000
vt 0.49123001 0.02685000
vt 0.49054199 0.02713500
vt 0.48994699 0.02636900
vt 0.49039301 0.02637200
vt 0.49054199 0.02713500
vt 0.48979801 0.02712900
vt 0.32833499 0.06791900
vt 0.32833499 0.06836400
vt 0.32923299 0.06836500
vt 0.32923299 0.06791800
vt 0.32833499 0.06747200
vt 0.32833499 0.06791900
vt 0.32923299 0.06791800
vt 0.32923299 0.06747100
vt 0.49080601 0.02620000
vt 0.49112201 0.02588100
vt 0.49175701 0.02631700
vt 0.49123001 0.02685000
vt 0.32833400 0.06709100
vt 0.32833499 0.06747200
vt 0.32923299 0.06747100
vt 0.32923201 0.06709000
vt 0.52252799 0.33053800
vt 0.52235699 0.33011699
vt 0.52235597 0.32966200
vt 0.52252698 0.32924300
vt 0.52284300 0.32892299
vt 0.52325600 0.32875201
vt 0.52370298 0.32875499
vt 0.52411503 0.32893199
vt 0.52443200 0.32925600
vt 0.52460301 0.32967800
vt 0.52460301 0.33013201
vt 0.52443200 0.33055201
vt 0.52411598 0.33087099
vt 0.52370399 0.33104199
vt 0.52325600 0.33103999
vt 0.52284300 0.33086199
vt 0.00356700 0.28544101
vt 0.00361600 0.28581801
vt 0.00273600 0.28581601
vt 0.00268700 0.28543901
vt 0.00355000 0.28499600
vt 0.00356700 0.28544101
vt 0.00268700 0.28543901
vt 0.00267000 0.28499401
vt 0.49112201 0.02588100
vt 0.49129301 0.02546100
vt 0.49204099 0.02561800
vt 0.49175701 0.02631700
vt 0.49129301 0.02546100
vt 0.49129301 0.02500700
vt 0.49204099 0.02486000
vt 0.49204099 0.02561800
vt 0.49129301 0.02500700
vt 0.49112099 0.02458500
vt 0.49175599 0.02415800
vt 0.49204099 0.02486000
vt 0.00356800 0.28454801
vt 0.00355000 0.28499600
vt 0.00267000 0.28499401
vt 0.00268700 0.28454599
vt 0.49112099 0.02458500
vt 0.49080500 0.02426100
vt 0.49122900 0.02361800
vt 0.49175599 0.02415800
vt 0.00361800 0.28416800
vt 0.00356800 0.28454801
vt 0.00268700 0.28454599
vt 0.00273700 0.28416601
vt 0.38260400 0.08555700
vt 0.38260499 0.08518100
vt 0.38350299 0.08518100
vt 0.38350201 0.08555700
vt 0.38260400 0.08600300
vt 0.38260400 0.08555700
vt 0.38350201 0.08555700
vt 0.38350201 0.08600300
vt 0.49080500 0.02426100
vt 0.49039301 0.02408400
vt 0.49054101 0.02332300
vt 0.49122900 0.02361800
vt 0.49039301 0.02408400
vt 0.48994601 0.02408100
vt 0.48979700 0.02331800
vt 0.49054101 0.02332300
vt 0.44001901 0.49006301
vt 0.44001999 0.49384901
vt 0.44076300 0.49384901
vt 0.44076201 0.49006301
vt 0.44076201 0.49006301
vt 0.44076300 0.49384901
vt 0.44139001 0.49384999
vt 0.44139001 0.49006400
vt 0.48567301 0.20059299
vt 0.48567301 0.20430499
vt 0.48630801 0.20438600
vt 0.48630801 0.20067400
vt 0.48630801 0.20067400
vt 0.48630801 0.20438600
vt 0.48705301 0.20441400
vt 0.48705301 0.20070100
vt 0.48705301 0.20070100
vt 0.48705301 0.20441400
vt 0.48779601 0.20438400
vt 0.48779601 0.20067100
vt 0.48779601 0.20067100
vt 0.48779601 0.20438400
vt 0.48842299 0.20430000
vt 0.48842299 0.20058800
vt 0.49384999 0.00164000
vt 0.49384999 0.00542600
vt 0.49321601 0.00542600
vt 0.49321601 0.00164100
vt 0.43927401 0.49006301
vt 0.43927401 0.49384901
vt 0.44001999 0.49384901
vt 0.44001901 0.49006301
vt 0.43864000 0.49006501
vt 0.43864000 0.49384999
vt 0.43927401 0.49384901
vt 0.43927401 0.49006301
vt 0.19505601 0.48824501
vt 0.19505601 0.49195799
vt 0.19442800 0.49204099
vt 0.19442800 0.48832899
vt 0.48921701 0.02457200
vt 0.48904601 0.02499100
vt 0.48829800 0.02483400
vt 0.48858300 0.02413600
vt 0.48953301 0.02425200
vt 0.48921701 0.02457200
vt 0.48858300 0.02413600
vt 0.48910901 0.02360300
vt 0.38260499 0.08683100
vt 0.38260400 0.08645000
vt 0.38350201 0.08645100
vt 0.38350299 0.08683100
vt 0.00360100 0.00234400
vt 0.00355200 0.00196800
vt 0.00267100 0.00196600
vt 0.00272000 0.00234200
vt 0.00361800 0.00279000
vt 0.00360100 0.00234400
vt 0.00272000 0.00234200
vt 0.00273700 0.00278800
vt 0.48904601 0.02499100
vt 0.48904601 0.02544600
vt 0.48829800 0.02559200
vt 0.48829800 0.02483400
vt 0.38260400 0.08645000
vt 0.38260400 0.08600300
vt 0.38350201 0.08600300
vt 0.38350201 0.08645100
vt 0.48994601 0.02408100
vt 0.48953301 0.02425200
vt 0.48910901 0.02360300
vt 0.48979700 0.02331800
vt 0.19579899 0.48821500
vt 0.19579899 0.49192801
vt 0.19505601 0.49195799
vt 0.19505601 0.48824501
vt 0.32833499 0.06836400
vt 0.32833400 0.06874100
vt 0.32923201 0.06874100
vt 0.32923299 0.06836500
vt 0.48953399 0.02619200
vt 0.48994699 0.02636900
vt 0.48979801 0.02712900
vt 0.48910999 0.02683500
vt 0.28936899 0.28943601
vt 0.28941801 0.28905499
vt 0.28853801 0.28905299
vt 0.28848800 0.28943399
vt 0.28941801 0.28905499
vt 0.28943601 0.28860801
vt 0.28855601 0.28860599
vt 0.28853801 0.28905299
vt 0.48361900 0.34563500
vt 0.48379099 0.34605601
vt 0.48315600 0.34648401
vt 0.48287100 0.34578201
vt 0.48379099 0.34605601
vt 0.48410699 0.34638000
vt 0.48368299 0.34702301
vt 0.48315600 0.34648401
vt 0.48959801 0.03419000
vt 0.48959801 0.03790300
vt 0.48885199 0.03787500
vt 0.48885199 0.03416200
vt 0.49023199 0.03427200
vt 0.49023199 0.03798400
vt 0.48959801 0.03790300
vt 0.48959801 0.03419000
vt 0.48287100 0.33673599
vt 0.48315600 0.33743799
vt 0.48368299 0.33797801
vt 0.48437199 0.33827299
vt 0.48511600 0.33827800
vt 0.48580399 0.33799300
vt 0.48633000 0.33746001
vt 0.48661399 0.33676201
vt 0.48661399 0.33600301
vt 0.48632899 0.33530101
vt 0.48580199 0.33476099
vt 0.48511401 0.33446699
vt 0.48436901 0.33446199
vt 0.48368201 0.33474699
vt 0.48315600 0.33527899
vt 0.48287100 0.33597800
vt 0.20591000 0.49006400
vt 0.20591000 0.49384999
vt 0.20528200 0.49384901
vt 0.20528200 0.49006301
vt 0.20665300 0.49006400
vt 0.20665200 0.49384999
vt 0.20591000 0.49384999
vt 0.20591000 0.49006400
vt 0.20739800 0.49006400
vt 0.20739800 0.49384999
vt 0.20665200 0.49384999
vt 0.20665300 0.49006400
vt 0.48496699 0.34656000
vt 0.48537901 0.34638900
vt 0.48580399 0.34703699
vt 0.48511600 0.34732300
vt 0.48451999 0.34655699
vt 0.48496699 0.34656000
vt 0.48511600 0.34732300
vt 0.48437101 0.34731799
vt 0.35908800 0.39534301
vt 0.35908800 0.39578900
vt 0.35998601 0.39578900
vt 0.35998601 0.39534301
vt 0.35908800 0.39489600
vt 0.35908800 0.39534301
vt 0.35998601 0.39534301
vt 0.35998601 0.39489600
vt 0.48537901 0.34638900
vt 0.48569500 0.34606901
vt 0.48633000 0.34650499
vt 0.48580399 0.34703699
vt 0.35908699 0.39451501
vt 0.35908800 0.39489600
vt 0.35998601 0.39489600
vt 0.35998601 0.39451501
vt 0.49883899 0.33375099
vt 0.49883899 0.33329600
vt 0.49901101 0.33287400
vt 0.49932599 0.33254999
vt 0.49974000 0.33237299
vt 0.50018698 0.33236900
vt 0.50059903 0.33254001
vt 0.50091499 0.33285999
vt 0.50108600 0.33327901
vt 0.50108600 0.33373401
vt 0.50091499 0.33415601
vt 0.50059903 0.33447999
vt 0.50018603 0.33465701
vt 0.49973899 0.33465999
vt 0.49932599 0.33448899
vt 0.49901000 0.33417001
vt 0.03974700 0.03580300
vt 0.03979600 0.03618000
vt 0.03891500 0.03617700
vt 0.03886600 0.03580100
vt 0.03973000 0.03535700
vt 0.03974700 0.03580300
vt 0.03886600 0.03580100
vt 0.03884900 0.03535500
vt 0.48569500 0.34606901
vt 0.48586601 0.34564999
vt 0.48661399 0.34580600
vt 0.48633000 0.34650499
vt 0.48586601 0.34564999
vt 0.48586500 0.34519500
vt 0.48661301 0.34504801
vt 0.48661399 0.34580600
vt 0.48586500 0.34519500
vt 0.48569399 0.34477299
vt 0.48632801 0.34434599
vt 0.48661301 0.34504801
vt 0.03974700 0.03491000
vt 0.03973000 0.03535700
vt 0.03884900 0.03535500
vt 0.03886700 0.03490800
vt 0.48569399 0.34477299
vt 0.48537800 0.34445000
vt 0.48580101 0.34380600
vt 0.48632801 0.34434599
vt 0.03979700 0.03452900
vt 0.03974700 0.03491000
vt 0.03886700 0.03490800
vt 0.03891700 0.03452700
vt 0.31748101 0.23208401
vt 0.31748101 0.23170701
vt 0.31838000 0.23170701
vt 0.31837901 0.23208401
vt 0.31748000 0.23253000
vt 0.31748101 0.23208401
vt 0.31837901 0.23208401
vt 0.31837901 0.23252900
vt 0.48537800 0.34445000
vt 0.48496500 0.34427199
vt 0.48511299 0.34351099
vt 0.48580101 0.34380600
vt 0.48496500 0.34427199
vt 0.48451799 0.34426999
vt 0.48436901 0.34350601
vt 0.48511299 0.34351099
vt 0.05470800 0.48825401
vt 0.05470800 0.49204001
vt 0.05545100 0.49204001
vt 0.05545100 0.48825401
vt 0.05545100 0.48825401
vt 0.05545100 0.49204001
vt 0.05607800 0.49204099
vt 0.05607800 0.48825601
vt 0.22518100 0.48640999
vt 0.22518100 0.49012300
vt 0.22581500 0.49020401
vt 0.22581500 0.48649201
vt 0.22581500 0.48649201
vt 0.22581500 0.49020401
vt 0.22656000 0.49023199
vt 0.22656000 0.48651999
vt 0.22656000 0.48651999
vt 0.22656000 0.49023199
vt 0.22730300 0.49020201
vt 0.22730300 0.48648900
vt 0.22730300 0.48648900
vt 0.22730300 0.49020201
vt 0.22793099 0.49011800
vt 0.22793099 0.48640600
vt 0.20803200 0.49006301
vt 0.20803200 0.49384901
vt 0.20739800 0.49384999
vt 0.20739800 0.49006400
vt 0.05396300 0.48825401
vt 0.05396200 0.49204001
vt 0.05470800 0.49204001
vt 0.05470800 0.48825401
vt 0.05332800 0.48825499
vt 0.05332800 0.49204099
vt 0.05396200 0.49204001
vt 0.05396300 0.48825401
vt 0.48811001 0.03419300
vt 0.48811001 0.03790500
vt 0.48748201 0.03798800
vt 0.48748201 0.03427600
vt 0.48378900 0.34476101
vt 0.48361900 0.34518000
vt 0.48287100 0.34502301
vt 0.48315501 0.34432501
vt 0.48410499 0.34444100
vt 0.48378900 0.34476101
vt 0.48315501 0.34432501
vt 0.48368099 0.34379199
vt 0.31748101 0.23335700
vt 0.31748101 0.23297700
vt 0.31837901 0.23297700
vt 0.31838000 0.23335800
vt 0.28941900 0.28816199
vt 0.28937000 0.28778601
vt 0.28848901 0.28778401
vt 0.28853801 0.28816000
vt 0.28943601 0.28860801
vt 0.28941900 0.28816199
vt 0.28853801 0.28816000
vt 0.28855601 0.28860599
vt 0.48361900 0.34518000
vt 0.48361900 0.34563500
vt 0.48287100 0.34578201
vt 0.48287100 0.34502301
vt 0.31748101 0.23297700
vt 0.31748000 0.23253000
vt 0.31837901 0.23252900
vt 0.31837901 0.23297700
vt 0.48451799 0.34426999
vt 0.48410499 0.34444100
vt 0.48368099 0.34379199
vt 0.48436901 0.34350601
vt 0.48885199 0.03416200
vt 0.48885199 0.03787500
vt 0.48811001 0.03790500
vt 0.48811001 0.03419300
vt 0.35908800 0.39578900
vt 0.35908699 0.39616501
vt 0.35998601 0.39616501
vt 0.35998601 0.39578900
vt 0.48410699 0.34638000
vt 0.48451999 0.34655699
vt 0.48437101 0.34731799
vt 0.48368299 0.34702301
vt 0.27308801 0.26230100
vt 0.27313700 0.26192099
vt 0.27225599 0.26191899
vt 0.27220699 0.26229900
vt 0.27313700 0.26192099
vt 0.27315500 0.26147401
vt 0.27227399 0.26147100
vt 0.27225599 0.26191899
vt 0.48586601 0.21719600
vt 0.48586601 0.21674199
vt 0.48661399 0.21658400
vt 0.48661399 0.21734200
vt 0.48586601 0.21674199
vt 0.48569500 0.21632300
vt 0.48632899 0.21588600
vt 0.48661399 0.21658400
vt 0.48778901 0.09026800
vt 0.48778901 0.09398100
vt 0.48704299 0.09395300
vt 0.48704299 0.09024000
vt 0.48842299 0.09035000
vt 0.48842299 0.09406200
vt 0.48778901 0.09398100
vt 0.48778901 0.09026800
vt 0.47925299 0.32226300
vt 0.47953799 0.32296601
vt 0.48006400 0.32350600
vt 0.48075199 0.32380101
vt 0.48149699 0.32380599
vt 0.48218501 0.32352099
vt 0.48271200 0.32298899
vt 0.48299599 0.32229099
vt 0.48299599 0.32153299
vt 0.48271200 0.32082999
vt 0.48218501 0.32029000
vt 0.48149699 0.31999499
vt 0.48075300 0.31998900
vt 0.48006499 0.32027400
vt 0.47953799 0.32080701
vt 0.47925299 0.32150501
vt 0.48991799 0.06676400
vt 0.48991799 0.07055000
vt 0.48929101 0.07054900
vt 0.48929101 0.06676300
vt 0.49066100 0.06676400
vt 0.49066100 0.07055000
vt 0.48991799 0.07055000
vt 0.48991799 0.06676400
vt 0.49140599 0.06676400
vt 0.49140701 0.07055000
vt 0.49066100 0.07055000
vt 0.49066100 0.06676400
vt 0.48496601 0.21583200
vt 0.48451900 0.21583501
vt 0.48436999 0.21507400
vt 0.48511499 0.21506900
vt 0.48537901 0.21600300
vt 0.48496601 0.21583200
vt 0.48511499 0.21506900
vt 0.48580301 0.21535400
vt 0.24331300 0.33745599
vt 0.24331300 0.33790201
vt 0.24421100 0.33790100
vt 0.24421200 0.33745599
vt 0.24331300 0.33700800
vt 0.24331300 0.33745599
vt 0.24421200 0.33745599
vt 0.24421200 0.33700800
vt 0.48451900 0.21583501
vt 0.48410600 0.21601200
vt 0.48368201 0.21537000
vt 0.48436999 0.21507400
vt 0.24331300 0.33662701
vt 0.24331300 0.33700800
vt 0.24421200 0.33700800
vt 0.24421100 0.33662799
vt 0.52071798 0.46440199
vt 0.52054799 0.46397999
vt 0.52054697 0.46352500
vt 0.52071798 0.46310601
vt 0.52103400 0.46278700
vt 0.52144700 0.46261501
vt 0.52189398 0.46261901
vt 0.52230698 0.46279600
vt 0.52262300 0.46312001
vt 0.52279401 0.46354201
vt 0.52279401 0.46399701
vt 0.52262300 0.46441600
vt 0.52230698 0.46473500
vt 0.52189398 0.46490601
vt 0.52144700 0.46490300
vt 0.52103400 0.46472600
vt 0.33460999 0.25107101
vt 0.33465901 0.25144699
vt 0.33377799 0.25144500
vt 0.33372900 0.25106901
vt 0.33459300 0.25062501
vt 0.33460999 0.25107101
vt 0.33372900 0.25106901
vt 0.33371201 0.25062299
vt 0.48410600 0.21601200
vt 0.48379001 0.21633700
vt 0.48315600 0.21591000
vt 0.48368201 0.21537000
vt 0.48379001 0.21633700
vt 0.48361900 0.21675800
vt 0.48287100 0.21661200
vt 0.48315600 0.21591000
vt 0.48361900 0.21675800
vt 0.48361900 0.21721300
vt 0.48287100 0.21737000
vt 0.48287100 0.21661200
vt 0.33461100 0.25017801
vt 0.33459300 0.25062501
vt 0.33371201 0.25062299
vt 0.33373001 0.25017601
vt 0.48361900 0.21721300
vt 0.48379001 0.21763200
vt 0.48315600 0.21806900
vt 0.48287100 0.21737000
vt 0.33465999 0.24979700
vt 0.33461100 0.25017801
vt 0.33373001 0.25017601
vt 0.33377901 0.24979500
vt 0.34099701 0.02224300
vt 0.34099799 0.02186600
vt 0.34189600 0.02186600
vt 0.34189600 0.02224300
vt 0.34099701 0.02268900
vt 0.34099701 0.02224300
vt 0.34189600 0.02224300
vt 0.34189501 0.02268900
vt 0.48379001 0.21763200
vt 0.48410600 0.21795200
vt 0.48368201 0.21860100
vt 0.48315600 0.21806900
vt 0.48410600 0.21795200
vt 0.48451900 0.21812300
vt 0.48436999 0.21888600
vt 0.48368201 0.21860100
vt 0.49067101 0.05590900
vt 0.49067101 0.05969500
vt 0.49141401 0.05969500
vt 0.49141401 0.05591000
vt 0.49141401 0.05591000
vt 0.49141401 0.05969500
vt 0.49204099 0.05969600
vt 0.49204099 0.05591100
vt 0.48748201 0.04502100
vt 0.48748201 0.04873300
vt 0.48811701 0.04881500
vt 0.48811701 0.04510200
vt 0.48811701 0.04510200
vt 0.48811701 0.04881500
vt 0.48886201 0.04884200
vt 0.48886201 0.04513000
vt 0.48886201 0.04513000
vt 0.48886201 0.04884200
vt 0.48960501 0.04881200
vt 0.48960501 0.04510000
vt 0.48960501 0.04510000
vt 0.48960501 0.04881200
vt 0.49023199 0.04872900
vt 0.49023199 0.04501600
vt 0.49204099 0.06676300
vt 0.49204099 0.07054900
vt 0.49140701 0.07055000
vt 0.49140599 0.06676400
vt 0.48992500 0.05591000
vt 0.48992500 0.05969500
vt 0.49067101 0.05969500
vt 0.49067101 0.05590900
vt 0.48929101 0.05591100
vt 0.48929101 0.05969600
vt 0.48992500 0.05969500
vt 0.48992500 0.05591000
vt 0.48629999 0.09027100
vt 0.48629999 0.09398300
vt 0.48567301 0.09406700
vt 0.48567301 0.09035400
vt 0.48537901 0.21794200
vt 0.48569500 0.21761800
vt 0.48632899 0.21804500
vt 0.48580301 0.21858500
vt 0.48496601 0.21811900
vt 0.48537901 0.21794200
vt 0.48580301 0.21858500
vt 0.48511499 0.21888000
vt 0.34099799 0.02351600
vt 0.34099701 0.02313600
vt 0.34189501 0.02313600
vt 0.34189600 0.02351700
vt 0.27313799 0.26102799
vt 0.27308899 0.26065099
vt 0.27220801 0.26064900
vt 0.27225700 0.26102501
vt 0.27315500 0.26147401
vt 0.27313799 0.26102799
vt 0.27225700 0.26102501
vt 0.27227399 0.26147100
vt 0.48569500 0.21761800
vt 0.48586601 0.21719600
vt 0.48661399 0.21734200
vt 0.48632899 0.21804500
vt 0.34099701 0.02313600
vt 0.34099701 0.02268900
vt 0.34189501 0.02268900
vt 0.34189501 0.02313600
vt 0.48451900 0.21812300
vt 0.48496601 0.21811900
vt 0.48511499 0.21888000
vt 0.48436999 0.21888600
vt 0.48704299 0.09024000
vt 0.48704299 0.09395300
vt 0.48629999 0.09398300
vt 0.48629999 0.09027100
vt 0.24331300 0.33790201
vt 0.24331300 0.33827800
vt 0.24421100 0.33827800
vt 0.24421100 0.33790100
vt 0.48569500 0.21632300
vt 0.48537901 0.21600300
vt 0.48580301 0.21535400
vt 0.48632899 0.21588600
vt 0.22786300 0.01628100
vt 0.22791301 0.01590000
vt 0.22703201 0.01589800
vt 0.22698200 0.01627800
vt 0.22791301 0.01590000
vt 0.22793099 0.01545300
vt 0.22705001 0.01545100
vt 0.22703201 0.01589800
vt 0.21813700 0.48629501
vt 0.21796601 0.48587400
vt 0.21860000 0.48544601
vt 0.21888600 0.48614901
vt 0.21796601 0.48587400
vt 0.21765000 0.48554900
vt 0.21807399 0.48490599
vt 0.21860000 0.48544601
vt 0.39010400 0.35437900
vt 0.39010400 0.35809100
vt 0.38935900 0.35806301
vt 0.38935900 0.35435101
vt 0.39073899 0.35446000
vt 0.39073899 0.35817200
vt 0.39010400 0.35809100
vt 0.39010400 0.35437900
vt 0.47925299 0.23724100
vt 0.47953799 0.23794299
vt 0.48006400 0.23848400
vt 0.48075199 0.23877899
vt 0.48149601 0.23878500
vt 0.48218399 0.23850000
vt 0.48271099 0.23796800
vt 0.48299599 0.23726900
vt 0.48299599 0.23651101
vt 0.48271200 0.23580900
vt 0.48218599 0.23526800
vt 0.48149800 0.23497300
vt 0.48075300 0.23496699
vt 0.48006499 0.23525199
vt 0.47953799 0.23578399
vt 0.47925299 0.23648199
vt 0.48811001 0.32544699
vt 0.48811001 0.32923299
vt 0.48748201 0.32923201
vt 0.48748201 0.32544601
vt 0.48885301 0.32544801
vt 0.48885301 0.32923299
vt 0.48811001 0.32923299
vt 0.48811001 0.32544699
vt 0.48959801 0.32544699
vt 0.48959801 0.32923299
vt 0.48885301 0.32923299
vt 0.48885301 0.32544801
vt 0.21679001 0.48536900
vt 0.21637700 0.48554000
vt 0.21595401 0.48489100
vt 0.21664099 0.48460600
vt 0.21723799 0.48537201
vt 0.21679001 0.48536900
vt 0.21664099 0.48460600
vt 0.21738601 0.48461100
vt 0.33737999 0.01364900
vt 0.33737999 0.01409500
vt 0.33827800 0.01409500
vt 0.33827800 0.01364900
vt 0.33737999 0.01320200
vt 0.33737999 0.01364900
vt 0.33827800 0.01364900
vt 0.33827800 0.01320200
vt 0.21637700 0.48554000
vt 0.21606199 0.48585999
vt 0.21542700 0.48542401
vt 0.21595401 0.48489100
vt 0.33737901 0.01282100
vt 0.33737999 0.01320200
vt 0.33827800 0.01320200
vt 0.33827701 0.01282100
vt 0.25118101 0.52409798
vt 0.25101000 0.52367699
vt 0.25101000 0.52322203
vt 0.25118101 0.52280301
vt 0.25149700 0.52248299
vt 0.25190899 0.52231199
vt 0.25235599 0.52231503
vt 0.25277001 0.52249199
vt 0.25308499 0.52281600
vt 0.25325599 0.52323800
vt 0.25325599 0.52369303
vt 0.25308600 0.52411199
vt 0.25277001 0.52443200
vt 0.25235701 0.52460301
vt 0.25191000 0.52460003
vt 0.25149801 0.52442300
vt 0.32375601 0.02856700
vt 0.32380500 0.02894400
vt 0.32292500 0.02894100
vt 0.32287499 0.02856500
vt 0.32373899 0.02812100
vt 0.32375601 0.02856700
vt 0.32287499 0.02856500
vt 0.32285801 0.02811900
vt 0.21606199 0.48585999
vt 0.21589100 0.48627901
vt 0.21514200 0.48612201
vt 0.21542700 0.48542401
vt 0.21589100 0.48627901
vt 0.21589100 0.48673400
vt 0.21514200 0.48688000
vt 0.21514200 0.48612201
vt 0.21589100 0.48673400
vt 0.21606199 0.48715600
vt 0.21542700 0.48758301
vt 0.21514200 0.48688000
vt 0.32375699 0.02767400
vt 0.32373899 0.02812100
vt 0.32285801 0.02811900
vt 0.32287601 0.02767200
vt 0.21606199 0.48715600
vt 0.21637800 0.48747900
vt 0.21595401 0.48812199
vt 0.21542700 0.48758301
vt 0.32380700 0.02729300
vt 0.32375699 0.02767400
vt 0.32287601 0.02767200
vt 0.32292601 0.02729100
vt 0.34823301 0.30806100
vt 0.34823400 0.30768400
vt 0.34913200 0.30768400
vt 0.34913200 0.30806100
vt 0.34823301 0.30850700
vt 0.34823301 0.30806100
vt 0.34913200 0.30806100
vt 0.34913099 0.30850700
vt 0.21637800 0.48747900
vt 0.21679100 0.48765701
vt 0.21664201 0.48841801
vt 0.21595401 0.48812199
vt 0.21679100 0.48765701
vt 0.21723799 0.48765999
vt 0.21738701 0.48842299
vt 0.21664201 0.48841801
vt 0.49067000 0.23318900
vt 0.49067101 0.23697500
vt 0.49141401 0.23697500
vt 0.49141300 0.23318900
vt 0.49141300 0.23318900
vt 0.49141401 0.23697500
vt 0.49204099 0.23697600
vt 0.49204099 0.23319000
vt 0.48386401 0.24219900
vt 0.48386401 0.24591100
vt 0.48449901 0.24599300
vt 0.48449901 0.24228001
vt 0.48449901 0.24228001
vt 0.48449901 0.24599300
vt 0.48524401 0.24602100
vt 0.48524401 0.24230801
vt 0.48524401 0.24230801
vt 0.48524401 0.24602100
vt 0.48598701 0.24598999
vt 0.48598701 0.24227799
vt 0.48598701 0.24227799
vt 0.48598701 0.24598999
vt 0.48661399 0.24590699
vt 0.48661399 0.24219400
vt 0.49023199 0.32544601
vt 0.49023199 0.32923201
vt 0.48959801 0.32923299
vt 0.48959801 0.32544699
vt 0.48992500 0.23318900
vt 0.48992500 0.23697500
vt 0.49067101 0.23697500
vt 0.49067000 0.23318900
vt 0.48929101 0.23319000
vt 0.48929101 0.23697600
vt 0.48992500 0.23697500
vt 0.48992500 0.23318900
vt 0.38861600 0.35438100
vt 0.38861600 0.35809401
vt 0.38798800 0.35817701
vt 0.38798800 0.35446501
vt 0.21796700 0.48716900
vt 0.21813799 0.48675001
vt 0.21888600 0.48690701
vt 0.21860100 0.48760599
vt 0.21765099 0.48748901
vt 0.21796700 0.48716900
vt 0.21860100 0.48760599
vt 0.21807501 0.48813799
vt 0.34823400 0.30933499
vt 0.34823301 0.30895400
vt 0.34913099 0.30895400
vt 0.34913200 0.30933499
vt 0.22791401 0.01500700
vt 0.22786400 0.01463000
vt 0.22698399 0.01462800
vt 0.22703300 0.01500400
vt 0.22793099 0.01545300
vt 0.22791401 0.01500700
vt 0.22703300 0.01500400
vt 0.22705001 0.01545100
vt 0.21813799 0.48675001
vt 0.21813700 0.48629501
vt 0.21888600 0.48614901
vt 0.21888600 0.48690701
vt 0.34823301 0.30895400
vt 0.34823301 0.30850700
vt 0.34913099 0.30850700
vt 0.34913099 0.30895400
vt 0.21723799 0.48765999
vt 0.21765099 0.48748901
vt 0.21807501 0.48813799
vt 0.21738701 0.48842299
vt 0.38935900 0.35435101
vt 0.38935900 0.35806301
vt 0.38861600 0.35809401
vt 0.38861600 0.35438100
vt 0.33737999 0.01409500
vt 0.33737901 0.01447200
vt 0.33827701 0.01447100
vt 0.33827800 0.01409500
vt 0.21765000 0.48554900
vt 0.21723799 0.48537201
vt 0.21738601 0.48461100
vt 0.21807399 0.48490599
vt 0.21190900 0.14291300
vt 0.21190600 0.14291000
vt 0.21190400 0.14290699
vt 0.21190400 0.14290300
vt 0.21190600 0.14289799
vt 0.21190900 0.14289500
vt 0.21191400 0.14289400
vt 0.21191899 0.14289400
vt 0.21192300 0.14289699
vt 0.21192500 0.14290000
vt 0.21192600 0.14290500
vt 0.21192500 0.14290901
vt 0.21192300 0.14291200
vt 0.21191999 0.14291400
vt 0.21191600 0.14291500
vt 0.21191201 0.14291400
vt 0.21191600 0.14291500
vt 0.21191999 0.14291400
vt 0.20690300 0.14571500
vt 0.20684201 0.14559001
vt 0.20613600 0.14378700
vt 0.21191999 0.14291400
vt 0.21192300 0.14291200
vt 0.20848501 0.14740500
vt 0.20690300 0.14571500
vt 0.21192300 0.14291200
vt 0.21192500 0.14290901
vt 0.21055400 0.14831500
vt 0.20848501 0.14740500
vt 0.21192500 0.14290901
vt 0.21192600 0.14290500
vt 0.21276300 0.14833599
vt 0.21055400 0.14831500
vt 0.21192600 0.14290500
vt 0.21192500 0.14290000
vt 0.21475400 0.14750500
vt 0.21276300 0.14833599
vt 0.21192500 0.14290000
vt 0.21192300 0.14289699
vt 0.21621700 0.14599600
vt 0.21475400 0.14750500
vt 0.21192300 0.14289699
vt 0.21191899 0.14289400
vt 0.21695100 0.14408700
vt 0.21621700 0.14599600
vt 0.21695100 0.14408700
vt 0.21191899 0.14289400
vt 0.21191400 0.14289400
vt 0.21706501 0.14263700
vt 0.21707700 0.14346901
vt 0.21706501 0.14263700
vt 0.21191400 0.14289400
vt 0.21190900 0.14289500
vt 0.21667300 0.14062700
vt 0.21667300 0.14062700
vt 0.21190900 0.14289500
vt 0.21190600 0.14289799
vt 0.21549000 0.13888399
vt 0.21549000 0.13888399
vt 0.21190600 0.14289799
vt 0.21190400 0.14290300
vt 0.21366800 0.13771300
vt 0.21190400 0.14290300
vt 0.21190400 0.14290699
vt 0.21147300 0.13734099
vt 0.21366800 0.13771300
vt 0.21190400 0.14290699
vt 0.21190600 0.14291000
vt 0.20925000 0.13787401
vt 0.21147300 0.13734099
vt 0.21190600 0.14291000
vt 0.21190900 0.14291300
vt 0.20736100 0.13927300
vt 0.20925000 0.13787401
vt 0.21190900 0.14291300
vt 0.21191201 0.14291400
vt 0.20613600 0.14136000
vt 0.20736100 0.13927300
vt 0.21191201 0.14291400
vt 0.21191600 0.14291500
vt 0.20613600 0.14378700
vt 0.20613600 0.14136000
vt 0.19357400 0.03934300
vt 0.19358100 0.03934800
vt 0.19358601 0.03935500
vt 0.19358701 0.03936300
vt 0.19358499 0.03937000
vt 0.19358200 0.03937700
vt 0.19357599 0.03938300
vt 0.19356801 0.03938500
vt 0.19355901 0.03938400
vt 0.19355200 0.03938100
vt 0.19354600 0.03937500
vt 0.19354200 0.03936600
vt 0.19354300 0.03935700
vt 0.19354799 0.03934900
vt 0.19355600 0.03934300
vt 0.19356500 0.03934200
vt 0.19358499 0.03937000
vt 0.19358701 0.03936300
vt 0.19413200 0.04522400
vt 0.19167700 0.04508200
vt 0.19358701 0.03936300
vt 0.19358601 0.03935500
vt 0.19638300 0.04440300
vt 0.19413200 0.04522400
vt 0.19358601 0.03935500
vt 0.19358100 0.03934800
vt 0.19808400 0.04279800
vt 0.19638300 0.04440300
vt 0.19358100 0.03934800
vt 0.19357400 0.03934300
vt 0.19898701 0.04069900
vt 0.19808400 0.04279800
vt 0.19357400 0.03934300
vt 0.19356500 0.03934200
vt 0.19898701 0.03847000
vt 0.19898701 0.04069900
vt 0.19356500 0.03934200
vt 0.19355600 0.03934300
vt 0.19812600 0.03646300
vt 0.19898701 0.03847000
vt 0.19355600 0.03934300
vt 0.19354799 0.03934900
vt 0.19657400 0.03499300
vt 0.19812600 0.03646300
vt 0.19657400 0.03499300
vt 0.19354799 0.03934900
vt 0.19354300 0.03935700
vt 0.19461299 0.03427400
vt 0.19461299 0.03427400
vt 0.19354300 0.03935700
vt 0.19354200 0.03936600
vt 0.19314200 0.03417400
vt 0.19395100 0.03414900
vt 0.19314200 0.03417400
vt 0.19354200 0.03936600
vt 0.19354600 0.03937500
vt 0.19108801 0.03463300
vt 0.19108801 0.03463300
vt 0.19354600 0.03937500
vt 0.19355200 0.03938100
vt 0.18933000 0.03590900
vt 0.19355200 0.03938100
vt 0.19355901 0.03938400
vt 0.18818900 0.03783800
vt 0.18933000 0.03590900
vt 0.19355901 0.03938400
vt 0.19356801 0.03938500
vt 0.18799700 0.03944200
vt 0.18801500 0.03854700
vt 0.18818900 0.03783800
vt 0.19356801 0.03938500
vt 0.19357599 0.03938300
vt 0.18837000 0.04171400
vt 0.18799700 0.03944200
vt 0.19357599 0.03938300
vt 0.19358200 0.03937700
vt 0.18965000 0.04371300
vt 0.18837000 0.04171400
vt 0.19358200 0.03937700
vt 0.19358499 0.03937000
vt 0.19167700 0.04508200
vt 0.18965000 0.04371300
vt 0.00738500 0.09194400
vt 0.00738100 0.09193800
vt 0.01198700 0.09497700
vt 0.01044900 0.09669400
vt 0.00737500 0.09193400
vt 0.00738100 0.09193800
vt 0.00738500 0.09194400
vt 0.00738700 0.09195000
vt 0.00738500 0.09195700
vt 0.00738300 0.09196300
vt 0.00737800 0.09196900
vt 0.00737000 0.09197100
vt 0.00736300 0.09197100
vt 0.00735500 0.09196800
vt 0.00735100 0.09196100
vt 0.00734700 0.09195300
vt 0.00734900 0.09194500
vt 0.00735400 0.09193900
vt 0.00736000 0.09193500
vt 0.00736800 0.09193300
vt 0.00738700 0.09195000
vt 0.00738500 0.09194400
vt 0.01044900 0.09669400
vt 0.00829200 0.09766100
vt 0.00738500 0.09195700
vt 0.00738700 0.09195000
vt 0.00829200 0.09766100
vt 0.00586700 0.09768500
vt 0.00378800 0.09644700
vt 0.00738300 0.09196300
vt 0.00738500 0.09195700
vt 0.00586700 0.09768500
vt 0.00242600 0.09454900
vt 0.00737800 0.09196900
vt 0.00738300 0.09196300
vt 0.00378800 0.09644700
vt 0.00194900 0.09234600
vt 0.00737000 0.09197100
vt 0.00737800 0.09196900
vt 0.00242600 0.09454900
vt 0.00237300 0.09020100
vt 0.00736300 0.09197100
vt 0.00737000 0.09197100
vt 0.00194900 0.09234600
vt 0.00735500 0.09196800
vt 0.00736300 0.09197100
vt 0.00237300 0.09020100
vt 0.00357700 0.08845500
vt 0.00485000 0.08738100
vt 0.00735100 0.09196100
vt 0.00735500 0.09196800
vt 0.00357700 0.08845500
vt 0.00458500 0.08751900
vt 0.00734700 0.09195300
vt 0.00735100 0.09196100
vt 0.00485000 0.08738100
vt 0.00686900 0.08691200
vt 0.00734900 0.09194500
vt 0.00734700 0.09195300
vt 0.00686900 0.08691200
vt 0.00893500 0.08700400
vt 0.01084200 0.08794300
vt 0.00735400 0.09193900
vt 0.00734900 0.09194500
vt 0.00893500 0.08700400
vt 0.01225000 0.08961800
vt 0.00736000 0.09193500
vt 0.00735400 0.09193900
vt 0.01084200 0.08794300
vt 0.01266300 0.09116400
vt 0.00736800 0.09193300
vt 0.00736000 0.09193500
vt 0.01225000 0.08961800
vt 0.01249300 0.09021500
vt 0.01266300 0.09338800
vt 0.00737500 0.09193400
vt 0.00736800 0.09193300
vt 0.01266300 0.09116400
vt 0.00738100 0.09193800
vt 0.00737500 0.09193400
vt 0.01266300 0.09338800
vt 0.01222200 0.09463200
vt 0.01198700 0.09497700
vt 0.00887900 0.04862300
vt 0.00946500 0.04838600
vt 0.00806500 0.05493800
vt 0.00682600 0.05615200
vt 0.00528100 0.05729800
vt 0.00887900 0.04862300
vt 0.00835700 0.04855900
vt 0.00800600 0.04821100
vt 0.00782700 0.04765600
vt 0.00788500 0.04718400
vt 0.00811700 0.04661800
vt 0.00850500 0.04598800
vt 0.00900100 0.04527400
vt 0.00991300 0.04449200
vt 0.01085400 0.04364600
vt 0.01071700 0.04481600
vt 0.01060200 0.04593000
vt 0.01039600 0.04672100
vt 0.01010400 0.04742200
vt 0.00975900 0.04799500
vt 0.00946500 0.04838600
vt 0.00835700 0.04855900
vt 0.00887900 0.04862300
vt 0.00528100 0.05729800
vt 0.00269500 0.05788700
vt 0.00800600 0.04821100
vt 0.00835700 0.04855900
vt 0.00269500 0.05788700
vt 0.00208500 0.05509000
vt 0.00202300 0.05257000
vt 0.00782700 0.04765600
vt 0.00800600 0.04821100
vt 0.00208500 0.05509000
vt 0.00240800 0.05039100
vt 0.00788500 0.04718400
vt 0.00782700 0.04765600
vt 0.00202300 0.05257000
vt 0.00313900 0.04858900
vt 0.00811700 0.04661800
vt 0.00788500 0.04718400
vt 0.00240800 0.05039100
vt 0.00411700 0.04719100
vt 0.00850500 0.04598800
vt 0.00811700 0.04661800
vt 0.00313900 0.04858900
vt 0.00900100 0.04527400
vt 0.00850500 0.04598800
vt 0.00411700 0.04719100
vt 0.00524100 0.04621800
vt 0.00991300 0.04449200
vt 0.00900100 0.04527400
vt 0.00524100 0.04621800
vt 0.00640500 0.04568200
vt 0.00879100 0.04618200
vt 0.01085400 0.04364600
vt 0.00991300 0.04449200
vt 0.00640500 0.04568200
vt 0.00759800 0.04573100
vt 0.01071700 0.04481600
vt 0.01085400 0.04364600
vt 0.00879100 0.04618200
vt 0.00957500 0.04673400
vt 0.01083900 0.04864100
vt 0.01060200 0.04593000
vt 0.01071700 0.04481600
vt 0.00957500 0.04673400
vt 0.01043400 0.04762100
vt 0.01039600 0.04672100
vt 0.01060200 0.04593000
vt 0.01083900 0.04864100
vt 0.01083700 0.04984400
vt 0.01052000 0.05239000
vt 0.01010400 0.04742200
vt 0.01039600 0.04672100
vt 0.01083700 0.04984400
vt 0.01085400 0.05107900
vt 0.00951100 0.05371500
vt 0.00975900 0.04799500
vt 0.01010400 0.04742200
vt 0.01052000 0.05239000
vt 0.00946500 0.04838600
vt 0.00975900 0.04799500
vt 0.00951100 0.05371500
vt 0.00806500 0.05493800
vt 0.58507901 0.72649097
vt 0.58803898 0.72844398
vt 0.58595598 0.73195797
vt 0.58271402 0.72975498
vt 0.58803898 0.72844398
vt 0.59117699 0.73009700
vt 0.58945799 0.73381799
vt 0.58595598 0.73195797
vt 0.58230698 0.72427899
vt 0.58507901 0.72649097
vt 0.58271402 0.72975498
vt 0.57962000 0.72734600
vt 0.57976198 0.72179902
vt 0.58230698 0.72427899
vt 0.57962000 0.72734600
vt 0.57675499 0.72459000
vt 0.57748502 0.71907198
vt 0.57976198 0.72179902
vt 0.57675499 0.72459000
vt 0.57421702 0.72153401
vt 0.57548797 0.71613401
vt 0.57748502 0.71907198
vt 0.57421702 0.72153401
vt 0.57205099 0.71825099
vt 0.57376301 0.71302700
vt 0.57548797 0.71613401
vt 0.57205099 0.71825099
vt 0.57008898 0.71484298
vt 0.57235098 0.70976001
vt 0.57376301 0.71302700
vt 0.57008898 0.71484298
vt 0.56849599 0.71119201
vt 0.57128400 0.70636499
vt 0.57235098 0.70976001
vt 0.56849599 0.71119201
vt 0.56731099 0.70738298
vt 0.57056999 0.70287901
vt 0.57128400 0.70636499
vt 0.56731099 0.70738298
vt 0.56656402 0.70349997
vt 0.57018900 0.69933099
vt 0.57056999 0.70287901
vt 0.56656402 0.70349997
vt 0.56607598 0.69958103
vt 0.57015699 0.69575202
vt 0.57018900 0.69933099
vt 0.56607598 0.69958103
vt 0.56602401 0.69557703
vt 0.57047701 0.69219100
vt 0.57015699 0.69575202
vt 0.56602401 0.69557703
vt 0.56640899 0.69159698
vt 0.56498998 0.69133598
vt 0.56640899 0.69159698
vt 0.56602401 0.69557703
vt 0.56463403 0.69554800
vt 0.56463403 0.69554800
vt 0.56602401 0.69557703
vt 0.56607598 0.69958103
vt 0.56467801 0.69976801
vt 0.56463403 0.69554800
vt 0.56467801 0.69976801
vt 0.56340802 0.69882202
vt 0.56350797 0.69553000
vt 0.56498998 0.69133598
vt 0.56463403 0.69554800
vt 0.56350797 0.69553000
vt 0.56364202 0.69222897
vt 0.56467801 0.69976801
vt 0.56607598 0.69958103
vt 0.56656402 0.70349997
vt 0.56545800 0.70369899
vt 0.56422198 0.70138001
vt 0.56467801 0.69976801
vt 0.56545800 0.70369899
vt 0.56487399 0.70378500
vt 0.56329900 0.70056897
vt 0.56340802 0.69882202
vt 0.56467801 0.69976801
vt 0.56422198 0.70138001
vt 0.56266898 0.70161599
vt 0.56230700 0.70002598
vt 0.56340802 0.69882202
vt 0.56329900 0.70056897
vt 0.56350797 0.69553000
vt 0.56340802 0.69882202
vt 0.56230700 0.70002598
vt 0.56233603 0.69551897
vt 0.56277198 0.70419401
vt 0.56250900 0.70427799
vt 0.56230700 0.70002598
vt 0.56266898 0.70161599
vt 0.56230700 0.70002598
vt 0.56250900 0.70427799
vt 0.56195498 0.70441198
vt 0.56149203 0.70004803
vt 0.56233603 0.69551897
vt 0.56230700 0.70002598
vt 0.56149203 0.70004803
vt 0.56142902 0.69552100
vt 0.56364202 0.69222897
vt 0.56350797 0.69553000
vt 0.56233603 0.69551897
vt 0.56261599 0.69102103
vt 0.56261599 0.69102103
vt 0.56233603 0.69551897
vt 0.56142902 0.69552100
vt 0.56184202 0.69102901
vt 0.55478400 0.70042402
vt 0.55481899 0.69525701
vt 0.56142902 0.69552100
vt 0.56149203 0.70004803
vt 0.55481899 0.69525701
vt 0.55519199 0.69011402
vt 0.56184202 0.69102901
vt 0.56142902 0.69552100
vt 0.56309199 0.68682402
vt 0.56261599 0.69102103
vt 0.56184202 0.69102901
vt 0.56263000 0.68674600
vt 0.55519199 0.69011402
vt 0.55604202 0.68515301
vt 0.56263000 0.68674600
vt 0.56184202 0.69102901
vt 0.56452399 0.68287402
vt 0.56309199 0.68682402
vt 0.56263000 0.68674600
vt 0.56384599 0.68261200
vt 0.55604202 0.68515301
vt 0.55753601 0.68039298
vt 0.56384599 0.68261200
vt 0.56263000 0.68674600
vt 0.55604202 0.68515301
vt 0.55519199 0.69011402
vt 0.55110300 0.68949401
vt 0.55207098 0.68410897
vt 0.55753601 0.68039298
vt 0.55604202 0.68515301
vt 0.55207098 0.68410897
vt 0.55367500 0.67894399
vt 0.55950397 0.67575502
vt 0.55753601 0.68039298
vt 0.55367500 0.67894399
vt 0.55574799 0.67398399
vt 0.55753601 0.68039298
vt 0.55950397 0.67575502
vt 0.56547600 0.67851698
vt 0.56384599 0.68261200
vt 0.55950397 0.67575502
vt 0.56175399 0.67126799
vt 0.56751603 0.67463398
vt 0.56547600 0.67851698
vt 0.56175399 0.67126799
vt 0.55950397 0.67575502
vt 0.55574799 0.67398399
vt 0.55818099 0.66919398
vt 0.56437498 0.66710699
vt 0.56175399 0.67126799
vt 0.55818099 0.66919398
vt 0.56107700 0.66469598
vt 0.56751299 0.66334498
vt 0.56437498 0.66710699
vt 0.56107700 0.66469598
vt 0.56448400 0.66062200
vt 0.57105398 0.65983599
vt 0.56751299 0.66334498
vt 0.56448400 0.66062200
vt 0.56822699 0.65683001
vt 0.57482100 0.65653598
vt 0.57105398 0.65983599
vt 0.56822699 0.65683001
vt 0.57225901 0.65331900
vt 0.57884198 0.65364897
vt 0.57482100 0.65653598
vt 0.57225901 0.65331900
vt 0.57663202 0.65020102
vt 0.58324599 0.65131497
vt 0.57884198 0.65364897
vt 0.57663202 0.65020102
vt 0.58140200 0.64762598
vt 0.58797401 0.64937198
vt 0.58324599 0.65131497
vt 0.58140200 0.64762598
vt 0.58644801 0.64552897
vt 0.59285903 0.64772302
vt 0.58797401 0.64937198
vt 0.58644801 0.64552897
vt 0.59166199 0.64379799
vt 0.59784299 0.64656502
vt 0.59285903 0.64772302
vt 0.59166199 0.64379799
vt 0.59706199 0.64256001
vt 0.60296398 0.64608502
vt 0.59784299 0.64656502
vt 0.59706199 0.64256001
vt 0.60261703 0.64199501
vt 0.60818601 0.64610797
vt 0.60296398 0.64608502
vt 0.60261703 0.64199501
vt 0.60819298 0.64199001
vt 0.61337298 0.64646602
vt 0.60818601 0.64610797
vt 0.60819298 0.64199001
vt 0.61371702 0.64238602
vt 0.60296398 0.64608502
vt 0.60818601 0.64610797
vt 0.60794598 0.65268803
vt 0.60335898 0.65276301
vt 0.60818601 0.64610797
vt 0.61337298 0.64646602
vt 0.61249298 0.65310001
vt 0.60794598 0.65268803
vt 0.61839700 0.64730102
vt 0.61337298 0.64646602
vt 0.61371702 0.64238602
vt 0.61916000 0.64328998
vt 0.61337298 0.64646602
vt 0.61839700 0.64730102
vt 0.61683297 0.65386599
vt 0.61249298 0.65310001
vt 0.61250103 0.65352601
vt 0.60795498 0.65322798
vt 0.60794598 0.65268803
vt 0.61249298 0.65310001
vt 0.61675501 0.65404701
vt 0.61250103 0.65352601
vt 0.61249298 0.65310001
vt 0.61683297 0.65386599
vt 0.61125898 0.65442598
vt 0.60794300 0.65428603
vt 0.60795498 0.65322798
vt 0.61250103 0.65352601
vt 0.61302602 0.65442401
vt 0.61125898 0.65442598
vt 0.61250103 0.65352601
vt 0.61410201 0.65393800
vt 0.61410201 0.65393800
vt 0.61250103 0.65352601
vt 0.61675501 0.65404701
vt 0.61667103 0.65424699
vt 0.61667103 0.65424699
vt 0.61675501 0.65404701
vt 0.62076801 0.65549099
vt 0.61909300 0.65512699
vt 0.62076801 0.65549099
vt 0.61675501 0.65404701
vt 0.61683297 0.65386599
vt 0.62105000 0.65510702
vt 0.61909300 0.65512699
vt 0.62076801 0.65549099
vt 0.62138301 0.65685201
vt 0.61978400 0.65604597
vt 0.62438399 0.65821999
vt 0.62138301 0.65685201
vt 0.62076801 0.65549099
vt 0.62491602 0.65725303
vt 0.62491602 0.65725303
vt 0.62076801 0.65549099
vt 0.62105000 0.65510702
vt 0.62523103 0.65675199
vt 0.62893802 0.65923399
vt 0.62491602 0.65725303
vt 0.62523103 0.65675199
vt 0.62920201 0.65881997
vt 0.62735802 0.65960401
vt 0.62438399 0.65821999
vt 0.62491602 0.65725303
vt 0.62893802 0.65923399
vt 0.63262701 0.66131598
vt 0.62893802 0.65923399
vt 0.62920201 0.65881997
vt 0.63284099 0.66115201
vt 0.62896401 0.66028303
vt 0.62735802 0.65960401
vt 0.62893802 0.65923399
vt 0.63018602 0.66022903
vt 0.63018602 0.66022903
vt 0.62893802 0.65923399
vt 0.63262701 0.66131598
vt 0.63242799 0.66148299
vt 0.63572901 0.66416699
vt 0.63262701 0.66131598
vt 0.63284099 0.66115201
vt 0.63621402 0.66387600
vt 0.63242799 0.66148299
vt 0.63262701 0.66131598
vt 0.63572901 0.66416699
vt 0.63429302 0.66321403
vt 0.63069499 0.66080701
vt 0.63018602 0.66022903
vt 0.63242799 0.66148299
vt 0.63217902 0.66174001
vt 0.63217902 0.66174001
vt 0.63242799 0.66148299
vt 0.63429302 0.66321403
vt 0.63352698 0.66286302
vt 0.63429302 0.66321403
vt 0.63572901 0.66416699
vt 0.63571101 0.66568297
vt 0.63453197 0.66433799
vt 0.63352698 0.66286302
vt 0.63429302 0.66321403
vt 0.63453197 0.66433799
vt 0.63351899 0.66339397
vt 0.63147801 0.66258001
vt 0.63011903 0.66153002
vt 0.63014001 0.66093200
vt 0.63069499 0.66080701
vt 0.63217902 0.66174001
vt 0.63352698 0.66286302
vt 0.63351899 0.66339397
vt 0.63291001 0.66356498
vt 0.63351899 0.66339397
vt 0.63453197 0.66433799
vt 0.63326597 0.66435301
vt 0.63291001 0.66356498
vt 0.63291001 0.66356498
vt 0.63326597 0.66435301
vt 0.63110697 0.66307902
vt 0.63147801 0.66258001
vt 0.63453197 0.66433799
vt 0.63571101 0.66568297
vt 0.63408601 0.66582203
vt 0.63326597 0.66435301
vt 0.63326597 0.66435301
vt 0.63408601 0.66582203
vt 0.63076401 0.66354799
vt 0.63110697 0.66307902
vt 0.63110697 0.66307902
vt 0.63076401 0.66354799
vt 0.62761497 0.66109997
vt 0.62926400 0.66143203
vt 0.63147801 0.66258001
vt 0.63110697 0.66307902
vt 0.62926400 0.66143203
vt 0.63011903 0.66153002
vt 0.63011903 0.66153002
vt 0.62926400 0.66143203
vt 0.62896401 0.66028303
vt 0.63014001 0.66093200
vt 0.62926400 0.66143203
vt 0.62761497 0.66109997
vt 0.62735802 0.65960401
vt 0.62896401 0.66028303
vt 0.62761497 0.66109997
vt 0.62387902 0.65916097
vt 0.62438399 0.65821999
vt 0.62735802 0.65960401
vt 0.62387902 0.65916097
vt 0.62761497 0.66109997
vt 0.62668997 0.66243303
vt 0.62317699 0.66057801
vt 0.62668997 0.66243303
vt 0.62761497 0.66109997
vt 0.63076401 0.66354799
vt 0.62993401 0.66463703
vt 0.62461102 0.66595602
vt 0.62146503 0.66430497
vt 0.62317699 0.66057801
vt 0.62668997 0.66243303
vt 0.62757599 0.66790700
vt 0.62461102 0.66595602
vt 0.62668997 0.66243303
vt 0.62993401 0.66463703
vt 0.62146503 0.66430497
vt 0.61816800 0.66298002
vt 0.61948597 0.65910900
vt 0.62317699 0.66057801
vt 0.61816800 0.66298002
vt 0.61475903 0.66199303
vt 0.61569101 0.65807498
vt 0.61948597 0.65910900
vt 0.61996597 0.65756297
vt 0.61948597 0.65910900
vt 0.61569101 0.65807498
vt 0.61602497 0.65671599
vt 0.61996597 0.65756297
vt 0.62387902 0.65916097
vt 0.62317699 0.66057801
vt 0.61948597 0.65910900
vt 0.61863899 0.65651500
vt 0.61996597 0.65756297
vt 0.61602497 0.65671599
vt 0.61615503 0.65614903
vt 0.61978400 0.65604597
vt 0.62138301 0.65685201
vt 0.61996597 0.65756297
vt 0.61863899 0.65651500
vt 0.62387902 0.65916097
vt 0.61996597 0.65756297
vt 0.62138301 0.65685201
vt 0.62438399 0.65821999
vt 0.61800200 0.65592200
vt 0.61863899 0.65651500
vt 0.61615503 0.65614903
vt 0.61629498 0.65555102
vt 0.61848301 0.65554899
vt 0.61978400 0.65604597
vt 0.61863899 0.65651500
vt 0.61800200 0.65592200
vt 0.61629498 0.65555102
vt 0.61461800 0.65510499
vt 0.61438203 0.65456402
vt 0.61482197 0.65426099
vt 0.61656702 0.65455699
vt 0.61826199 0.65508002
vt 0.61848301 0.65554899
vt 0.61800200 0.65592200
vt 0.61826199 0.65508002
vt 0.61909300 0.65512699
vt 0.61978400 0.65604597
vt 0.61848301 0.65554899
vt 0.61656702 0.65455699
vt 0.61667103 0.65424699
vt 0.61909300 0.65512699
vt 0.61826199 0.65508002
vt 0.61482197 0.65426099
vt 0.61410201 0.65393800
vt 0.61667103 0.65424699
vt 0.61656702 0.65455699
vt 0.61438203 0.65456402
vt 0.61302602 0.65442401
vt 0.61410201 0.65393800
vt 0.61482197 0.65426099
vt 0.61461800 0.65510499
vt 0.61379302 0.65534300
vt 0.61302602 0.65442401
vt 0.61438203 0.65456402
vt 0.61629498 0.65555102
vt 0.61615503 0.65614903
vt 0.61379302 0.65534300
vt 0.61461800 0.65510499
vt 0.61379302 0.65534300
vt 0.61214900 0.65566999
vt 0.61125898 0.65442598
vt 0.61302602 0.65442401
vt 0.61615503 0.65614903
vt 0.61602497 0.65671599
vt 0.61214900 0.65566999
vt 0.61379302 0.65534300
vt 0.60792601 0.65531403
vt 0.61214900 0.65566999
vt 0.61185002 0.65726101
vt 0.60789198 0.65689403
vt 0.61214900 0.65566999
vt 0.60792601 0.65531403
vt 0.60794300 0.65428603
vt 0.61125898 0.65442598
vt 0.61602497 0.65671599
vt 0.61569101 0.65807498
vt 0.61185002 0.65726101
vt 0.61214900 0.65566999
vt 0.61127502 0.66132200
vt 0.60773802 0.66100299
vt 0.60789198 0.65689403
vt 0.61185002 0.65726101
vt 0.61475903 0.66199303
vt 0.61127502 0.66132200
vt 0.61185002 0.65726101
vt 0.61569101 0.65807498
vt 0.60773802 0.66100299
vt 0.60417902 0.66104698
vt 0.60390902 0.65695500
vt 0.60789198 0.65689403
vt 0.60417902 0.66104698
vt 0.60064298 0.66144502
vt 0.60000199 0.65745401
vt 0.60390902 0.65695500
vt 0.60367203 0.65534002
vt 0.60792601 0.65531403
vt 0.60789198 0.65689403
vt 0.60390902 0.65695500
vt 0.59970999 0.65609401
vt 0.60367203 0.65534002
vt 0.60390902 0.65695500
vt 0.60000199 0.65745401
vt 0.60064298 0.66144502
vt 0.59716803 0.66217101
vt 0.59613699 0.65821397
vt 0.60000199 0.65745401
vt 0.59613699 0.65821397
vt 0.59569401 0.65665400
vt 0.59970999 0.65609401
vt 0.60000199 0.65745401
vt 0.59957898 0.65552199
vt 0.59970999 0.65609401
vt 0.59569401 0.65665400
vt 0.59704798 0.65571201
vt 0.60200298 0.65489203
vt 0.60367203 0.65534002
vt 0.59970999 0.65609401
vt 0.59957898 0.65552199
vt 0.60116100 0.65459698
vt 0.60200298 0.65489203
vt 0.59957898 0.65552199
vt 0.59943998 0.65491903
vt 0.59943998 0.65491903
vt 0.59957898 0.65552199
vt 0.59704798 0.65571201
vt 0.59769797 0.65516901
vt 0.59704798 0.65571201
vt 0.59569401 0.65665400
vt 0.59426802 0.65586799
vt 0.59590000 0.65517497
vt 0.59769797 0.65516901
vt 0.59704798 0.65571201
vt 0.59590000 0.65517497
vt 0.59721798 0.65477002
vt 0.59943998 0.65491903
vt 0.59769797 0.65516901
vt 0.59721798 0.65477002
vt 0.59745800 0.65432698
vt 0.59919202 0.65392298
vt 0.60097802 0.65375102
vt 0.60141498 0.65407801
vt 0.60116100 0.65459698
vt 0.59721798 0.65477002
vt 0.59590000 0.65517497
vt 0.59662902 0.65432101
vt 0.59745800 0.65432698
vt 0.59745800 0.65432698
vt 0.59662902 0.65432101
vt 0.59911501 0.65361398
vt 0.59919202 0.65392298
vt 0.59919202 0.65392298
vt 0.59911501 0.65361398
vt 0.60173398 0.65348297
vt 0.60097802 0.65375102
vt 0.59911501 0.65361398
vt 0.59904301 0.65341699
vt 0.60337502 0.65319002
vt 0.60173398 0.65348297
vt 0.59662902 0.65432101
vt 0.59491903 0.65457702
vt 0.59904301 0.65341699
vt 0.59911501 0.65361398
vt 0.60337502 0.65319002
vt 0.59904301 0.65341699
vt 0.59893698 0.65323800
vt 0.60335898 0.65276301
vt 0.59904301 0.65341699
vt 0.59491903 0.65457702
vt 0.59460002 0.65418297
vt 0.59893698 0.65323800
vt 0.59590000 0.65517497
vt 0.59426802 0.65586799
vt 0.59491903 0.65457702
vt 0.59662902 0.65432101
vt 0.59491903 0.65457702
vt 0.59064299 0.65604699
vt 0.59028703 0.65553403
vt 0.59460002 0.65418297
vt 0.59426802 0.65586799
vt 0.59117699 0.65702099
vt 0.59064299 0.65604699
vt 0.59491903 0.65457702
vt 0.59117699 0.65702099
vt 0.58810002 0.65818799
vt 0.58648503 0.65773702
vt 0.59064299 0.65604699
vt 0.59064299 0.65604699
vt 0.58648503 0.65773702
vt 0.58617699 0.65731502
vt 0.59028703 0.65553403
vt 0.58648503 0.65773702
vt 0.58266598 0.65955198
vt 0.58240801 0.65937698
vt 0.58617699 0.65731502
vt 0.58518100 0.65862501
vt 0.58648503 0.65773702
vt 0.58810002 0.65818799
vt 0.58643001 0.65875000
vt 0.58285898 0.65971798
vt 0.58266598 0.65955198
vt 0.58648503 0.65773702
vt 0.58518100 0.65862501
vt 0.58266598 0.65955198
vt 0.57941997 0.66214198
vt 0.57888299 0.66182297
vt 0.58240801 0.65937698
vt 0.58090699 0.66129202
vt 0.57941997 0.66214198
vt 0.58266598 0.65955198
vt 0.58285898 0.65971798
vt 0.58063102 0.66237199
vt 0.57939702 0.66361302
vt 0.57941997 0.66214198
vt 0.58090699 0.66129202
vt 0.57941997 0.66214198
vt 0.57612002 0.66506702
vt 0.57552302 0.66463399
vt 0.57888299 0.66182297
vt 0.57939702 0.66361302
vt 0.57702100 0.66582501
vt 0.57612002 0.66506702
vt 0.57941997 0.66214198
vt 0.57702100 0.66582501
vt 0.57466000 0.66803998
vt 0.57299000 0.66815001
vt 0.57612002 0.66506702
vt 0.57612002 0.66506702
vt 0.57299000 0.66815001
vt 0.57248300 0.66777003
vt 0.57552302 0.66463399
vt 0.57105398 0.65983599
vt 0.57482100 0.65653598
vt 0.57888299 0.66182297
vt 0.57552302 0.66463399
vt 0.56751299 0.66334498
vt 0.57105398 0.65983599
vt 0.57552302 0.66463399
vt 0.57248300 0.66777003
vt 0.57299000 0.66815001
vt 0.57018101 0.67122197
vt 0.56982601 0.67106199
vt 0.57248300 0.66777003
vt 0.56437498 0.66710699
vt 0.56751299 0.66334498
vt 0.57248300 0.66777003
vt 0.56982601 0.67106199
vt 0.57018101 0.67122197
vt 0.56818300 0.67484599
vt 0.56751603 0.67463398
vt 0.56982601 0.67106199
vt 0.56175399 0.67126799
vt 0.56437498 0.66710699
vt 0.56982601 0.67106199
vt 0.56751603 0.67463398
vt 0.56818300 0.67484599
vt 0.56624800 0.67880899
vt 0.56547600 0.67851698
vt 0.56751603 0.67463398
vt 0.56923598 0.67353898
vt 0.56818300 0.67484599
vt 0.57018101 0.67122197
vt 0.57043099 0.67133802
vt 0.56871301 0.67630500
vt 0.56735301 0.67925698
vt 0.56624800 0.67880899
vt 0.56818300 0.67484599
vt 0.56939298 0.67469001
vt 0.56871301 0.67630500
vt 0.56818300 0.67484599
vt 0.56923598 0.67353898
vt 0.56984299 0.67298698
vt 0.56923598 0.67353898
vt 0.57043099 0.67133802
vt 0.57075101 0.67151999
vt 0.57003802 0.67350101
vt 0.56939298 0.67469001
vt 0.56923598 0.67353898
vt 0.56984299 0.67298698
vt 0.57075101 0.67151999
vt 0.57043099 0.67133802
vt 0.57215399 0.66948003
vt 0.57185799 0.67018998
vt 0.57043099 0.67133802
vt 0.57018101 0.67122197
vt 0.57299000 0.66815001
vt 0.57215399 0.66948003
vt 0.57173598 0.67213303
vt 0.57069099 0.67349201
vt 0.57003802 0.67350101
vt 0.56984299 0.67298698
vt 0.57075101 0.67151999
vt 0.57185799 0.67018998
vt 0.57244599 0.67015499
vt 0.57268298 0.67072397
vt 0.57185799 0.67018998
vt 0.57215399 0.66948003
vt 0.57335800 0.66917902
vt 0.57244599 0.67015499
vt 0.57244599 0.67015499
vt 0.57335800 0.66917902
vt 0.57347798 0.67036700
vt 0.57268298 0.67072397
vt 0.57268298 0.67072397
vt 0.57347798 0.67036700
vt 0.57226700 0.67249000
vt 0.57173598 0.67213303
vt 0.57173598 0.67213303
vt 0.57226700 0.67249000
vt 0.57061702 0.67434299
vt 0.57069099 0.67349201
vt 0.57226700 0.67249000
vt 0.57275701 0.67282301
vt 0.57032400 0.67597800
vt 0.57061702 0.67434299
vt 0.57347798 0.67036700
vt 0.57495499 0.66954398
vt 0.57275701 0.67282301
vt 0.57226700 0.67249000
vt 0.57061702 0.67434299
vt 0.57032400 0.67597800
vt 0.56871301 0.67630500
vt 0.56939298 0.67469001
vt 0.57069099 0.67349201
vt 0.57061702 0.67434299
vt 0.56939298 0.67469001
vt 0.57003802 0.67350101
vt 0.57382798 0.67352903
vt 0.57162702 0.67676699
vt 0.57032400 0.67597800
vt 0.57275701 0.67282301
vt 0.56840903 0.67969400
vt 0.57032400 0.67597800
vt 0.57162702 0.67676699
vt 0.56975400 0.68026298
vt 0.57032400 0.67597800
vt 0.56840903 0.67969400
vt 0.56735301 0.67925698
vt 0.56871301 0.67630500
vt 0.56840903 0.67969400
vt 0.56683898 0.68356502
vt 0.56601000 0.68221003
vt 0.56735301 0.67925698
vt 0.56683898 0.68356502
vt 0.56840903 0.67969400
vt 0.56975400 0.68026298
vt 0.56827903 0.68394899
vt 0.57347500 0.68199402
vt 0.57214397 0.68529099
vt 0.56827903 0.68394899
vt 0.56975400 0.68026298
vt 0.57512099 0.67885202
vt 0.57347500 0.68199402
vt 0.56975400 0.68026298
vt 0.57162702 0.67676699
vt 0.57705998 0.67590302
vt 0.57512099 0.67885202
vt 0.57162702 0.67676699
vt 0.57382798 0.67352903
vt 0.57927799 0.67314899
vt 0.57705998 0.67590302
vt 0.57382798 0.67352903
vt 0.57622802 0.67044801
vt 0.58175802 0.67061698
vt 0.57927799 0.67314899
vt 0.57622802 0.67044801
vt 0.57898098 0.66760898
vt 0.58447498 0.66834497
vt 0.58175802 0.67061698
vt 0.57898098 0.66760898
vt 0.58203298 0.66509002
vt 0.57787198 0.66656703
vt 0.57898098 0.66760898
vt 0.57622802 0.67044801
vt 0.57495499 0.66954398
vt 0.58105099 0.66385001
vt 0.58203298 0.66509002
vt 0.57898098 0.66760898
vt 0.57787198 0.66656703
vt 0.58740002 0.66635400
vt 0.58447498 0.66834497
vt 0.58203298 0.66509002
vt 0.58529699 0.66293198
vt 0.58451098 0.66183299
vt 0.58529699 0.66293198
vt 0.58203298 0.66509002
vt 0.58105099 0.66385001
vt 0.58780599 0.65963000
vt 0.58869302 0.66097701
vt 0.58529699 0.66293198
vt 0.58451098 0.66183299
vt 0.59050798 0.66464102
vt 0.58740002 0.66635400
vt 0.58529699 0.66293198
vt 0.58869302 0.66097701
vt 0.59377497 0.66323900
vt 0.59050798 0.66464102
vt 0.58869302 0.66097701
vt 0.59233397 0.65938699
vt 0.59716803 0.66217101
vt 0.59377497 0.66323900
vt 0.59233397 0.65938699
vt 0.59613699 0.65821397
vt 0.59167600 0.65797198
vt 0.59569401 0.65665400
vt 0.59613699 0.65821397
vt 0.59233397 0.65938699
vt 0.58780599 0.65963000
vt 0.59167600 0.65797198
vt 0.59233397 0.65938699
vt 0.58869302 0.66097701
vt 0.59167600 0.65797198
vt 0.58780599 0.65963000
vt 0.58810002 0.65818799
vt 0.59117699 0.65702099
vt 0.59569401 0.65665400
vt 0.59167600 0.65797198
vt 0.59117699 0.65702099
vt 0.59426802 0.65586799
vt 0.58643001 0.65875000
vt 0.58810002 0.65818799
vt 0.58780599 0.65963000
vt 0.58609498 0.65985298
vt 0.58609498 0.65985298
vt 0.58780599 0.65963000
vt 0.58451098 0.66183299
vt 0.58416301 0.66135502
vt 0.58519602 0.65931302
vt 0.58643001 0.65875000
vt 0.58609498 0.65985298
vt 0.58520597 0.65990001
vt 0.58520597 0.65990001
vt 0.58609498 0.65985298
vt 0.58416301 0.66135502
vt 0.58378702 0.66084599
vt 0.58378702 0.66084599
vt 0.58416301 0.66135502
vt 0.58192098 0.66246700
vt 0.58229798 0.66171902
vt 0.58416301 0.66135502
vt 0.58451098 0.66183299
vt 0.58105099 0.66385001
vt 0.58192098 0.66246700
vt 0.58192098 0.66246700
vt 0.58105099 0.66385001
vt 0.57939702 0.66361302
vt 0.58063102 0.66237199
vt 0.58229798 0.66171902
vt 0.58192098 0.66246700
vt 0.58063102 0.66237199
vt 0.58167702 0.66151202
vt 0.58378702 0.66084599
vt 0.58229798 0.66171902
vt 0.58167702 0.66151202
vt 0.58168399 0.66099399
vt 0.58308899 0.65998101
vt 0.58463103 0.65915799
vt 0.58519602 0.65931302
vt 0.58520597 0.65990001
vt 0.58167702 0.66151202
vt 0.58063102 0.66237199
vt 0.58090699 0.66129202
vt 0.58168399 0.66099399
vt 0.58168399 0.66099399
vt 0.58090699 0.66129202
vt 0.58285898 0.65971798
vt 0.58308899 0.65998101
vt 0.58308899 0.65998101
vt 0.58285898 0.65971798
vt 0.58518100 0.65862501
vt 0.58463103 0.65915799
vt 0.58463103 0.65915799
vt 0.58518100 0.65862501
vt 0.58643001 0.65875000
vt 0.58519602 0.65931302
vt 0.58105099 0.66385001
vt 0.57787198 0.66656703
vt 0.57702100 0.66582501
vt 0.57939702 0.66361302
vt 0.57787198 0.66656703
vt 0.57495499 0.66954398
vt 0.57466000 0.66803998
vt 0.57702100 0.66582501
vt 0.57495499 0.66954398
vt 0.57622802 0.67044801
vt 0.57382798 0.67352903
vt 0.57275701 0.67282301
vt 0.57335800 0.66917902
vt 0.57466000 0.66803998
vt 0.57495499 0.66954398
vt 0.57347798 0.67036700
vt 0.57215399 0.66948003
vt 0.57299000 0.66815001
vt 0.57466000 0.66803998
vt 0.57335800 0.66917902
vt 0.57214397 0.68529099
vt 0.57114202 0.68870097
vt 0.56722200 0.68773299
vt 0.56827903 0.68394899
vt 0.57114202 0.68870097
vt 0.57047701 0.69219100
vt 0.56640899 0.69159698
vt 0.56722200 0.68773299
vt 0.56683898 0.68356502
vt 0.56827903 0.68394899
vt 0.56722200 0.68773299
vt 0.56604499 0.68746698
vt 0.56604499 0.68746698
vt 0.56722200 0.68773299
vt 0.56640899 0.69159698
vt 0.56498998 0.69133598
vt 0.56546998 0.68731999
vt 0.56604499 0.68746698
vt 0.56498998 0.69133598
vt 0.56464797 0.68967402
vt 0.56579202 0.68486398
vt 0.56683898 0.68356502
vt 0.56604499 0.68746698
vt 0.56546998 0.68731999
vt 0.56485099 0.68716598
vt 0.56546998 0.68731999
vt 0.56464797 0.68967402
vt 0.56439900 0.68883502
vt 0.56519699 0.68548298
vt 0.56579202 0.68486398
vt 0.56546998 0.68731999
vt 0.56485099 0.68716598
vt 0.56477100 0.68501598
vt 0.56524098 0.68376100
vt 0.56579202 0.68486398
vt 0.56519699 0.68548298
vt 0.56524098 0.68376100
vt 0.56601000 0.68221003
vt 0.56683898 0.68356502
vt 0.56579202 0.68486398
vt 0.56424600 0.68525201
vt 0.56425101 0.68446398
vt 0.56524098 0.68376100
vt 0.56477100 0.68501598
vt 0.56425101 0.68446398
vt 0.56452399 0.68287402
vt 0.56601000 0.68221003
vt 0.56524098 0.68376100
vt 0.56735301 0.67925698
vt 0.56601000 0.68221003
vt 0.56452399 0.68287402
vt 0.56624800 0.67880899
vt 0.56624800 0.67880899
vt 0.56452399 0.68287402
vt 0.56384599 0.68261200
vt 0.56547600 0.67851698
vt 0.56336302 0.68685800
vt 0.56309199 0.68682402
vt 0.56452399 0.68287402
vt 0.56425101 0.68446398
vt 0.56372601 0.68692100
vt 0.56336302 0.68685800
vt 0.56425101 0.68446398
vt 0.56424600 0.68525201
vt 0.56485099 0.68716598
vt 0.56439900 0.68883502
vt 0.56380802 0.68907601
vt 0.56344098 0.68865198
vt 0.56372601 0.68692100
vt 0.56424600 0.68525201
vt 0.56477100 0.68501598
vt 0.56519699 0.68548298
vt 0.56344098 0.68865198
vt 0.56309003 0.68939698
vt 0.56336302 0.68685800
vt 0.56372601 0.68692100
vt 0.56380802 0.68907601
vt 0.56365901 0.69044501
vt 0.56309003 0.68939698
vt 0.56344098 0.68865198
vt 0.56309003 0.68939698
vt 0.56261599 0.69102103
vt 0.56309199 0.68682402
vt 0.56336302 0.68685800
vt 0.56365901 0.69044501
vt 0.56364202 0.69222897
vt 0.56261599 0.69102103
vt 0.56309003 0.68939698
vt 0.56464797 0.68967402
vt 0.56498998 0.69133598
vt 0.56364202 0.69222897
vt 0.56365901 0.69044501
vt 0.56439900 0.68883502
vt 0.56464797 0.68967402
vt 0.56365901 0.69044501
vt 0.56380802 0.68907601
vt 0.57482100 0.65653598
vt 0.57884198 0.65364897
vt 0.58240801 0.65937698
vt 0.57888299 0.66182297
vt 0.57884198 0.65364897
vt 0.58324599 0.65131497
vt 0.58617699 0.65731502
vt 0.58240801 0.65937698
vt 0.58324599 0.65131497
vt 0.58797401 0.64937198
vt 0.59028703 0.65553403
vt 0.58617699 0.65731502
vt 0.58797401 0.64937198
vt 0.59285903 0.64772302
vt 0.59460002 0.65418297
vt 0.59028703 0.65553403
vt 0.59285903 0.64772302
vt 0.59784299 0.64656502
vt 0.59893698 0.65323800
vt 0.59460002 0.65418297
vt 0.59784299 0.64656502
vt 0.60296398 0.64608502
vt 0.60335898 0.65276301
vt 0.59893698 0.65323800
vt 0.60795498 0.65322798
vt 0.60337502 0.65319002
vt 0.60335898 0.65276301
vt 0.60794598 0.65268803
vt 0.60794300 0.65428603
vt 0.60460800 0.65417498
vt 0.60337502 0.65319002
vt 0.60795498 0.65322798
vt 0.60173398 0.65348297
vt 0.60337502 0.65319002
vt 0.60460800 0.65417498
vt 0.60281199 0.65403801
vt 0.60792601 0.65531403
vt 0.60367203 0.65534002
vt 0.60460800 0.65417498
vt 0.60794300 0.65428603
vt 0.60281199 0.65403801
vt 0.60460800 0.65417498
vt 0.60367203 0.65534002
vt 0.60200298 0.65489203
vt 0.60141498 0.65407801
vt 0.60281199 0.65403801
vt 0.60200298 0.65489203
vt 0.60116100 0.65459698
vt 0.60097802 0.65375102
vt 0.60173398 0.65348297
vt 0.60281199 0.65403801
vt 0.60141498 0.65407801
vt 0.63035500 0.67012101
vt 0.62757599 0.66790700
vt 0.62993401 0.66463703
vt 0.63304299 0.66704601
vt 0.63290399 0.67260098
vt 0.63035500 0.67012101
vt 0.63304299 0.66704601
vt 0.63591403 0.66980398
vt 0.63408601 0.66582203
vt 0.63708800 0.66879499
vt 0.63591403 0.66980398
vt 0.63304299 0.66704601
vt 0.63076401 0.66354799
vt 0.63408601 0.66582203
vt 0.63304299 0.66704601
vt 0.62993401 0.66463703
vt 0.63518202 0.67532903
vt 0.63290399 0.67260098
vt 0.63591403 0.66980398
vt 0.63845098 0.67286599
vt 0.63708800 0.66879499
vt 0.63978797 0.67201602
vt 0.63845098 0.67286599
vt 0.63591403 0.66980398
vt 0.63708800 0.66879499
vt 0.63408601 0.66582203
vt 0.63571101 0.66568297
vt 0.63795298 0.66809100
vt 0.63978797 0.67201602
vt 0.63708800 0.66879499
vt 0.63795298 0.66809100
vt 0.64016002 0.67050302
vt 0.64117599 0.67294598
vt 0.63978797 0.67201602
vt 0.64016002 0.67050302
vt 0.64136499 0.67174900
vt 0.64223099 0.67517000
vt 0.64174002 0.67547798
vt 0.63978797 0.67201602
vt 0.64117599 0.67294598
vt 0.64174002 0.67547798
vt 0.64060801 0.67614299
vt 0.63845098 0.67286599
vt 0.63978797 0.67201602
vt 0.64373398 0.67715102
vt 0.64393300 0.67882699
vt 0.64174002 0.67547798
vt 0.64223099 0.67517000
vt 0.64393300 0.67882699
vt 0.64256698 0.67955703
vt 0.64060801 0.67614299
vt 0.64174002 0.67547798
vt 0.64276302 0.67484099
vt 0.64223099 0.67517000
vt 0.64117599 0.67294598
vt 0.64192301 0.67335701
vt 0.64370501 0.67628300
vt 0.64373398 0.67715102
vt 0.64223099 0.67517000
vt 0.64276302 0.67484099
vt 0.64434499 0.67633700
vt 0.64492297 0.67758399
vt 0.64373398 0.67715102
vt 0.64370501 0.67628300
vt 0.64492297 0.67758399
vt 0.64550602 0.67926401
vt 0.64393300 0.67882699
vt 0.64373398 0.67715102
vt 0.64457500 0.67583001
vt 0.64515603 0.67642897
vt 0.64492297 0.67758399
vt 0.64434499 0.67633700
vt 0.64515603 0.67642897
vt 0.64613098 0.67781699
vt 0.64550602 0.67926401
vt 0.64492297 0.67758399
vt 0.64665300 0.68233401
vt 0.64550602 0.67926401
vt 0.64613098 0.67781699
vt 0.64778203 0.68195099
vt 0.64557397 0.68270701
vt 0.64393300 0.67882699
vt 0.64550602 0.67926401
vt 0.64665300 0.68233401
vt 0.64775801 0.68540102
vt 0.64665300 0.68233401
vt 0.64778203 0.68195099
vt 0.64919698 0.68615901
vt 0.64682502 0.68671399
vt 0.64557397 0.68270701
vt 0.64665300 0.68233401
vt 0.64775801 0.68540102
vt 0.64774400 0.68809098
vt 0.64682502 0.68671399
vt 0.64775801 0.68540102
vt 0.64838302 0.68701798
vt 0.64838302 0.68701798
vt 0.64775801 0.68540102
vt 0.64919698 0.68615901
vt 0.64932197 0.68778002
vt 0.64932197 0.68778002
vt 0.64919698 0.68615901
vt 0.65033001 0.69019502
vt 0.65002799 0.69022298
vt 0.65033001 0.69019502
vt 0.64919698 0.68615901
vt 0.64983898 0.68593800
vt 0.65075302 0.69013703
vt 0.64919698 0.68615901
vt 0.64778203 0.68195099
vt 0.64852798 0.68171000
vt 0.64983898 0.68593800
vt 0.64873397 0.68830597
vt 0.64838302 0.68701798
vt 0.64932197 0.68778002
vt 0.64924699 0.68857002
vt 0.64924699 0.68857002
vt 0.64932197 0.68778002
vt 0.65002799 0.69022298
vt 0.64963299 0.69026703
vt 0.65002799 0.69022298
vt 0.65033001 0.69019502
vt 0.65048301 0.69440001
vt 0.65009999 0.69277197
vt 0.64963299 0.69026703
vt 0.65002799 0.69022298
vt 0.65009999 0.69277197
vt 0.64978498 0.69200999
vt 0.64848298 0.69045001
vt 0.64827502 0.68874902
vt 0.64873397 0.68830597
vt 0.64924699 0.68857002
vt 0.64963299 0.69026703
vt 0.64978498 0.69200999
vt 0.64937502 0.69241399
vt 0.64880401 0.69214100
vt 0.64978498 0.69200999
vt 0.65009999 0.69277197
vt 0.64943701 0.69378799
vt 0.64937502 0.69241399
vt 0.64937502 0.69241399
vt 0.64943701 0.69378799
vt 0.64850301 0.69296402
vt 0.64880401 0.69214100
vt 0.64943701 0.69378799
vt 0.64933997 0.69556397
vt 0.64805299 0.69460601
vt 0.64850301 0.69296402
vt 0.65009999 0.69277197
vt 0.65048301 0.69440001
vt 0.64933997 0.69556397
vt 0.64943701 0.69378799
vt 0.64807397 0.69882399
vt 0.64805299 0.69460601
vt 0.64933997 0.69556397
vt 0.64921999 0.69884598
vt 0.64921999 0.69884598
vt 0.64933997 0.69556397
vt 0.65048301 0.69440001
vt 0.65042001 0.69886500
vt 0.65048301 0.69440001
vt 0.65033001 0.69019502
vt 0.65075302 0.69013703
vt 0.65121800 0.69442397
vt 0.65042001 0.69886500
vt 0.65048301 0.69440001
vt 0.65121800 0.69442397
vt 0.65129697 0.69887000
vt 0.65010399 0.70330203
vt 0.65042001 0.69886500
vt 0.65129697 0.69887000
vt 0.65089399 0.70329201
vt 0.64905500 0.70211101
vt 0.64921999 0.69884598
vt 0.65042001 0.69886500
vt 0.65010399 0.70330203
vt 0.64960700 0.70744199
vt 0.65010399 0.70330203
vt 0.65089399 0.70329201
vt 0.65012598 0.70752102
vt 0.64899999 0.70384997
vt 0.64905500 0.70211101
vt 0.65010399 0.70330203
vt 0.64958203 0.70487797
vt 0.64958203 0.70487797
vt 0.65010399 0.70330203
vt 0.64960700 0.70744199
vt 0.64930201 0.70738399
vt 0.64930201 0.70738399
vt 0.64960700 0.70744199
vt 0.64814001 0.71136701
vt 0.64839202 0.70976001
vt 0.64814001 0.71136701
vt 0.64960700 0.70744199
vt 0.65012598 0.70752102
vt 0.64892000 0.71163201
vt 0.64526200 0.71502298
vt 0.64662302 0.71205997
vt 0.64814001 0.71136701
vt 0.64638001 0.71543002
vt 0.64839202 0.70976001
vt 0.64814001 0.71136701
vt 0.64662302 0.71205997
vt 0.64738202 0.71047199
vt 0.64638001 0.71543002
vt 0.64814001 0.71136701
vt 0.64892000 0.71163201
vt 0.64729202 0.71574301
vt 0.64890802 0.70729500
vt 0.64930201 0.70738399
vt 0.64839202 0.70976001
vt 0.64838099 0.70895499
vt 0.64838099 0.70895499
vt 0.64839202 0.70976001
vt 0.64738202 0.71047199
vt 0.64784098 0.70919102
vt 0.64738202 0.71047199
vt 0.64662302 0.71205997
vt 0.64578599 0.71074200
vt 0.64682502 0.70939302
vt 0.64784098 0.70919102
vt 0.64738202 0.71047199
vt 0.64682502 0.70939302
vt 0.64741403 0.70874399
vt 0.64741403 0.70874399
vt 0.64682502 0.70939302
vt 0.64715201 0.70695800
vt 0.64776301 0.70707297
vt 0.64682502 0.70939302
vt 0.64578599 0.71074200
vt 0.64658999 0.70685297
vt 0.64715201 0.70695800
vt 0.64419800 0.71461999
vt 0.64578599 0.71074200
vt 0.64662302 0.71205997
vt 0.64526200 0.71502298
vt 0.64578599 0.71074200
vt 0.64419800 0.71461999
vt 0.64296103 0.71411198
vt 0.64442903 0.71040499
vt 0.64578599 0.71074200
vt 0.64442903 0.71040499
vt 0.64546800 0.70661098
vt 0.64658999 0.70685297
vt 0.64658999 0.70685297
vt 0.64546800 0.70661098
vt 0.64626998 0.70275301
vt 0.64767802 0.70301098
vt 0.64715201 0.70695800
vt 0.64658999 0.70685297
vt 0.64767802 0.70301098
vt 0.64799100 0.70462298
vt 0.64767802 0.70301098
vt 0.64807397 0.69882399
vt 0.64921999 0.69884598
vt 0.64905500 0.70211101
vt 0.64807397 0.69882399
vt 0.64767802 0.70301098
vt 0.64626998 0.70275301
vt 0.64664799 0.69877601
vt 0.64799100 0.70462298
vt 0.64767802 0.70301098
vt 0.64905500 0.70211101
vt 0.64899999 0.70384997
vt 0.64776301 0.70707297
vt 0.64715201 0.70695800
vt 0.64799100 0.70462298
vt 0.64822698 0.70542598
vt 0.64822698 0.70542598
vt 0.64799100 0.70462298
vt 0.64899999 0.70384997
vt 0.64882302 0.70517403
vt 0.64882302 0.70517403
vt 0.64899999 0.70384997
vt 0.64958203 0.70487797
vt 0.64920300 0.70559299
vt 0.64776301 0.70707297
vt 0.64822698 0.70542598
vt 0.64882302 0.70517403
vt 0.64920300 0.70559299
vt 0.64890802 0.70729500
vt 0.64838099 0.70895499
vt 0.64784098 0.70919102
vt 0.64741403 0.70874399
vt 0.64920300 0.70559299
vt 0.64958203 0.70487797
vt 0.64930201 0.70738399
vt 0.64890802 0.70729500
vt 0.64220899 0.70216203
vt 0.64253002 0.69860798
vt 0.64664799 0.69877601
vt 0.64626998 0.70275301
vt 0.64153999 0.70565802
vt 0.64220899 0.70216203
vt 0.64626998 0.70275301
vt 0.64546800 0.70661098
vt 0.64253002 0.69860798
vt 0.64248902 0.69504398
vt 0.64658999 0.69478297
vt 0.64664799 0.69877601
vt 0.64248902 0.69504398
vt 0.64209300 0.69150800
vt 0.64607900 0.69087797
vt 0.64658999 0.69478297
vt 0.64730299 0.69067699
vt 0.64805299 0.69460601
vt 0.64658999 0.69478297
vt 0.64607900 0.69087797
vt 0.64805299 0.69460601
vt 0.64807397 0.69882399
vt 0.64664799 0.69877601
vt 0.64658999 0.69478297
vt 0.64209300 0.69150800
vt 0.64137399 0.68802798
vt 0.64534199 0.68701297
vt 0.64607900 0.69087797
vt 0.64534199 0.68701297
vt 0.64682502 0.68671399
vt 0.64730299 0.69067699
vt 0.64607900 0.69087797
vt 0.64850301 0.69296402
vt 0.64805299 0.69460601
vt 0.64730299 0.69067699
vt 0.64786899 0.69056600
vt 0.64786899 0.69056600
vt 0.64730299 0.69067699
vt 0.64682502 0.68671399
vt 0.64774400 0.68809098
vt 0.64880401 0.69214100
vt 0.64850301 0.69296402
vt 0.64786899 0.69056600
vt 0.64848298 0.69045001
vt 0.64848298 0.69045001
vt 0.64786899 0.69056600
vt 0.64774400 0.68809098
vt 0.64827502 0.68874902
vt 0.64827502 0.68874902
vt 0.64774400 0.68809098
vt 0.64838302 0.68701798
vt 0.64873397 0.68830597
vt 0.64137399 0.68802798
vt 0.64030802 0.68463397
vt 0.64415699 0.68321002
vt 0.64534199 0.68701297
vt 0.64557397 0.68270701
vt 0.64682502 0.68671399
vt 0.64534199 0.68701297
vt 0.64415699 0.68321002
vt 0.64030802 0.68463397
vt 0.63889998 0.68136799
vt 0.64256698 0.67955703
vt 0.64415699 0.68321002
vt 0.64393300 0.67882699
vt 0.64557397 0.68270701
vt 0.64415699 0.68321002
vt 0.64256698 0.67955703
vt 0.63889998 0.68136799
vt 0.63717800 0.67826498
vt 0.64060801 0.67614299
vt 0.64256698 0.67955703
vt 0.63717800 0.67826498
vt 0.63518202 0.67532903
vt 0.63845098 0.67286599
vt 0.64060801 0.67614299
vt 0.64054698 0.70907199
vt 0.64153999 0.70565802
vt 0.64546800 0.70661098
vt 0.64442903 0.71040499
vt 0.63921797 0.71237898
vt 0.64054698 0.70907199
vt 0.64442903 0.71040499
vt 0.64296103 0.71411198
vt 0.63756198 0.71553898
vt 0.63921797 0.71237898
vt 0.64296103 0.71411198
vt 0.64108098 0.71763301
vt 0.63560998 0.71851099
vt 0.63756198 0.71553898
vt 0.64108098 0.71763301
vt 0.63887203 0.72089100
vt 0.64108098 0.71763301
vt 0.64223897 0.71832699
vt 0.63976198 0.72147101
vt 0.63887203 0.72089100
vt 0.64419800 0.71461999
vt 0.64223897 0.71832699
vt 0.64108098 0.71763301
vt 0.64296103 0.71411198
vt 0.63338602 0.72128397
vt 0.63560998 0.71851099
vt 0.63887203 0.72089100
vt 0.63646299 0.72399801
vt 0.63976198 0.72147101
vt 0.63753903 0.72474903
vt 0.63646299 0.72399801
vt 0.63887203 0.72089100
vt 0.64024299 0.72177303
vt 0.63976198 0.72147101
vt 0.64223897 0.71832699
vt 0.64191198 0.71991998
vt 0.63901198 0.72388601
vt 0.63753903 0.72474903
vt 0.63976198 0.72147101
vt 0.64024299 0.72177303
vt 0.63980198 0.72350198
vt 0.63901198 0.72388601
vt 0.64024299 0.72177303
vt 0.64076197 0.72209698
vt 0.64076197 0.72209698
vt 0.64024299 0.72177303
vt 0.64191198 0.71991998
vt 0.64182198 0.72074401
vt 0.64076197 0.72209698
vt 0.64182198 0.72074401
vt 0.64246899 0.72071499
vt 0.64266199 0.72121799
vt 0.64173400 0.72267699
vt 0.64060998 0.72401100
vt 0.64002299 0.72405201
vt 0.63980198 0.72350198
vt 0.64002299 0.72405201
vt 0.63911301 0.72505599
vt 0.63901198 0.72388601
vt 0.63980198 0.72350198
vt 0.64060998 0.72401100
vt 0.64031798 0.72474003
vt 0.63911301 0.72505599
vt 0.64002299 0.72405201
vt 0.64173400 0.72267699
vt 0.64207298 0.72288197
vt 0.64031798 0.72474003
vt 0.64060998 0.72401100
vt 0.64266199 0.72121799
vt 0.64329398 0.72068399
vt 0.64207298 0.72288197
vt 0.64173400 0.72267699
vt 0.64246899 0.72071499
vt 0.64314598 0.71955198
vt 0.64329398 0.72068399
vt 0.64266199 0.72121799
vt 0.64182198 0.72074401
vt 0.64191198 0.71991998
vt 0.64314598 0.71955198
vt 0.64246899 0.72071499
vt 0.64191198 0.71991998
vt 0.64223897 0.71832699
vt 0.64386499 0.71796203
vt 0.64314598 0.71955198
vt 0.64314598 0.71955198
vt 0.64386499 0.71796203
vt 0.64439499 0.71939200
vt 0.64329398 0.72068399
vt 0.64223897 0.71832699
vt 0.64419800 0.71461999
vt 0.64526200 0.71502298
vt 0.64386499 0.71796203
vt 0.64386499 0.71796203
vt 0.64526200 0.71502298
vt 0.64638001 0.71543002
vt 0.64439499 0.71939200
vt 0.64234602 0.72301602
vt 0.64439499 0.71939200
vt 0.64523703 0.71966702
vt 0.64289403 0.72329801
vt 0.64329398 0.72068399
vt 0.64439499 0.71939200
vt 0.64234602 0.72301602
vt 0.64207298 0.72288197
vt 0.64439499 0.71939200
vt 0.64638001 0.71543002
vt 0.64729202 0.71574301
vt 0.64523703 0.71966702
vt 0.65331501 0.71849501
vt 0.65106398 0.72303802
vt 0.64523703 0.71966702
vt 0.64729202 0.71574301
vt 0.65106398 0.72303802
vt 0.64840299 0.72728199
vt 0.64289403 0.72329801
vt 0.64523703 0.71966702
vt 0.64840299 0.72728199
vt 0.65106398 0.72303802
vt 0.65471202 0.72508103
vt 0.65180898 0.72974300
vt 0.65106398 0.72303802
vt 0.65331501 0.71849501
vt 0.65714502 0.72020501
vt 0.65471202 0.72508103
vt 0.64518499 0.73113602
vt 0.64840299 0.72728199
vt 0.65180898 0.72974300
vt 0.64826000 0.73395097
vt 0.64154202 0.73470098
vt 0.64518499 0.73113602
vt 0.64826000 0.73395097
vt 0.64435202 0.73778802
vt 0.63767803 0.73802400
vt 0.64154202 0.73470098
vt 0.64435202 0.73778802
vt 0.64017099 0.74133301
vt 0.63358003 0.74091297
vt 0.63767803 0.73802400
vt 0.64017099 0.74133301
vt 0.63566101 0.74444598
vt 0.64154202 0.73470098
vt 0.63767803 0.73802400
vt 0.63363397 0.73268700
vt 0.63706899 0.72983801
vt 0.63767803 0.73802400
vt 0.63358003 0.74091297
vt 0.63004798 0.73515600
vt 0.63363397 0.73268700
vt 0.62912798 0.74323702
vt 0.63358003 0.74091297
vt 0.63566101 0.74444598
vt 0.63081199 0.74698699
vt 0.63358003 0.74091297
vt 0.62912798 0.74323702
vt 0.62622899 0.73722702
vt 0.63004798 0.73515600
vt 0.62961102 0.73463500
vt 0.63004798 0.73515600
vt 0.62622899 0.73722702
vt 0.62578499 0.73640102
vt 0.63290697 0.73208201
vt 0.63363397 0.73268700
vt 0.63004798 0.73515600
vt 0.62961102 0.73463500
vt 0.62912798 0.74323702
vt 0.62437302 0.74517101
vt 0.62208301 0.73900902
vt 0.62622899 0.73722702
vt 0.62163001 0.73804998
vt 0.62578499 0.73640102
vt 0.62622899 0.73722702
vt 0.62208301 0.73900902
vt 0.62941700 0.73443699
vt 0.62961102 0.73463500
vt 0.62578499 0.73640102
vt 0.62709498 0.73549598
vt 0.62709498 0.73549598
vt 0.62578499 0.73640102
vt 0.62423199 0.73593998
vt 0.62588400 0.73536497
vt 0.62117201 0.73708200
vt 0.62423199 0.73593998
vt 0.62578499 0.73640102
vt 0.62163001 0.73804998
vt 0.61736000 0.73947102
vt 0.62163001 0.73804998
vt 0.62208301 0.73900902
vt 0.61773998 0.74036098
vt 0.61808801 0.73818702
vt 0.62117201 0.73708200
vt 0.62163001 0.73804998
vt 0.61736000 0.73947102
vt 0.61325401 0.74058801
vt 0.61736000 0.73947102
vt 0.61773998 0.74036098
vt 0.61338902 0.74129301
vt 0.61566901 0.73966801
vt 0.61736000 0.73947102
vt 0.61325401 0.74058801
vt 0.61319500 0.74035299
vt 0.61643600 0.73882800
vt 0.61808801 0.73818702
vt 0.61736000 0.73947102
vt 0.61566901 0.73966801
vt 0.61534500 0.73828602
vt 0.61674398 0.73739600
vt 0.61808801 0.73818702
vt 0.61643600 0.73882800
vt 0.61674398 0.73739600
vt 0.62074202 0.73613799
vt 0.62117201 0.73708200
vt 0.61808801 0.73818702
vt 0.61285400 0.73844397
vt 0.61276901 0.73789299
vt 0.61674398 0.73739600
vt 0.61534500 0.73828602
vt 0.61647999 0.73622102
vt 0.61674398 0.73739600
vt 0.61276901 0.73789299
vt 0.61262202 0.73695499
vt 0.62074202 0.73613799
vt 0.61674398 0.73739600
vt 0.61647999 0.73622102
vt 0.62028301 0.73505503
vt 0.62458903 0.73451698
vt 0.62074202 0.73613799
vt 0.62028301 0.73505503
vt 0.62392902 0.73347503
vt 0.62074202 0.73613799
vt 0.62458903 0.73451698
vt 0.62423199 0.73593998
vt 0.62117201 0.73708200
vt 0.62588400 0.73536497
vt 0.62423199 0.73593998
vt 0.62458903 0.73451698
vt 0.62625998 0.73427802
vt 0.62458903 0.73451698
vt 0.62392902 0.73347503
vt 0.62733001 0.73152900
vt 0.62788600 0.73234600
vt 0.62625998 0.73427802
vt 0.62458903 0.73451698
vt 0.62788600 0.73234600
vt 0.62820399 0.73280698
vt 0.62712300 0.73422199
vt 0.62625998 0.73427802
vt 0.62820399 0.73280698
vt 0.62854600 0.73329598
vt 0.62710202 0.73479098
vt 0.62588400 0.73536497
vt 0.62625998 0.73427802
vt 0.62712300 0.73422199
vt 0.62764400 0.73494899
vt 0.62709498 0.73549598
vt 0.62588400 0.73536497
vt 0.62710202 0.73479098
vt 0.62854600 0.73329598
vt 0.63003898 0.73244703
vt 0.63063300 0.73264301
vt 0.63060498 0.73315400
vt 0.62918597 0.73414397
vt 0.62764400 0.73494899
vt 0.62710202 0.73479098
vt 0.62712300 0.73422199
vt 0.62918597 0.73414397
vt 0.62941700 0.73443699
vt 0.62709498 0.73549598
vt 0.62764400 0.73494899
vt 0.63060498 0.73315400
vt 0.63139403 0.73288703
vt 0.62941700 0.73443699
vt 0.62918597 0.73414397
vt 0.63139403 0.73288703
vt 0.63290697 0.73208201
vt 0.62961102 0.73463500
vt 0.62941700 0.73443699
vt 0.63170999 0.73182303
vt 0.63298702 0.73062199
vt 0.63290697 0.73208201
vt 0.63139403 0.73288703
vt 0.63063300 0.73264301
vt 0.63170999 0.73182303
vt 0.63139403 0.73288703
vt 0.63060498 0.73315400
vt 0.63044500 0.73172599
vt 0.63136500 0.73038799
vt 0.63298702 0.73062199
vt 0.63170999 0.73182303
vt 0.63003898 0.73244703
vt 0.63044500 0.73172599
vt 0.63170999 0.73182303
vt 0.63063300 0.73264301
vt 0.62854600 0.73329598
vt 0.62820399 0.73280698
vt 0.63044500 0.73172599
vt 0.63003898 0.73244703
vt 0.62820399 0.73280698
vt 0.62788600 0.73234600
vt 0.63136500 0.73038799
vt 0.63044500 0.73172599
vt 0.63458800 0.72771698
vt 0.63136500 0.73038799
vt 0.63060701 0.72937900
vt 0.63368499 0.72685403
vt 0.63136500 0.73038799
vt 0.63458800 0.72771698
vt 0.63540900 0.72844201
vt 0.63298702 0.73062199
vt 0.62788600 0.73234600
vt 0.62733001 0.73152900
vt 0.63060701 0.72937900
vt 0.63136500 0.73038799
vt 0.62523001 0.72810203
vt 0.62816298 0.72610497
vt 0.63060701 0.72937900
vt 0.62733001 0.73152900
vt 0.62816298 0.72610497
vt 0.63089401 0.72382498
vt 0.63368499 0.72685403
vt 0.63060701 0.72937900
vt 0.63753903 0.72474903
vt 0.63458800 0.72771698
vt 0.63368499 0.72685403
vt 0.63646299 0.72399801
vt 0.63089401 0.72382498
vt 0.63338602 0.72128397
vt 0.63646299 0.72399801
vt 0.63368499 0.72685403
vt 0.62212402 0.72980398
vt 0.62523001 0.72810203
vt 0.62733001 0.73152900
vt 0.62392902 0.73347503
vt 0.61885798 0.73119402
vt 0.62212402 0.72980398
vt 0.62392902 0.73347503
vt 0.62028301 0.73505503
vt 0.61546499 0.73225802
vt 0.61885798 0.73119402
vt 0.62028301 0.73505503
vt 0.61647999 0.73622102
vt 0.61198801 0.73298198
vt 0.61546499 0.73225802
vt 0.61647999 0.73622102
vt 0.61262202 0.73695499
vt 0.60846001 0.73336101
vt 0.61198801 0.73298198
vt 0.61262202 0.73695499
vt 0.60872000 0.73745000
vt 0.60489899 0.73339403
vt 0.60846001 0.73336101
vt 0.60872000 0.73745000
vt 0.60473502 0.73751700
vt 0.60135400 0.73307598
vt 0.60489899 0.73339403
vt 0.60473502 0.73751700
vt 0.60077202 0.73713398
vt 0.60884100 0.73863900
vt 0.60464102 0.73866898
vt 0.60473502 0.73751700
vt 0.60872000 0.73745000
vt 0.60464102 0.73866898
vt 0.60045999 0.73830098
vt 0.60077202 0.73713398
vt 0.60473502 0.73751700
vt 0.59663898 0.73723501
vt 0.59692800 0.73632699
vt 0.60077202 0.73713398
vt 0.60045999 0.73830098
vt 0.59786898 0.73241198
vt 0.60135400 0.73307598
vt 0.60077202 0.73713398
vt 0.59692800 0.73632699
vt 0.59446901 0.73142201
vt 0.59786898 0.73241198
vt 0.59692800 0.73632699
vt 0.59315002 0.73527700
vt 0.59273797 0.73642802
vt 0.59315002 0.73527700
vt 0.59692800 0.73632699
vt 0.59663898 0.73723501
vt 0.59117699 0.73009700
vt 0.59446901 0.73142201
vt 0.59315002 0.73527700
vt 0.58945799 0.73381799
vt 0.59400201 0.73742503
vt 0.59273797 0.73642802
vt 0.59663898 0.73723501
vt 0.59646398 0.73777300
vt 0.59646398 0.73777300
vt 0.59663898 0.73723501
vt 0.60045999 0.73830098
vt 0.59877902 0.73858398
vt 0.58888400 0.73487300
vt 0.59273797 0.73642802
vt 0.59128398 0.73715502
vt 0.58834201 0.73582798
vt 0.59284002 0.73790503
vt 0.59128398 0.73715502
vt 0.59273797 0.73642802
vt 0.59400201 0.73742503
vt 0.59273797 0.73642802
vt 0.58888400 0.73487300
vt 0.58945799 0.73381799
vt 0.59315002 0.73527700
vt 0.58519697 0.73295701
vt 0.58888400 0.73487300
vt 0.58834201 0.73582798
vt 0.58540601 0.73446298
vt 0.58945799 0.73381799
vt 0.58888400 0.73487300
vt 0.58519697 0.73295701
vt 0.58595598 0.73195797
vt 0.58353299 0.73259902
vt 0.58519697 0.73295701
vt 0.58540601 0.73446298
vt 0.58380198 0.73375499
vt 0.58172202 0.73096699
vt 0.58209199 0.73052597
vt 0.58519697 0.73295701
vt 0.58353299 0.73259902
vt 0.58209199 0.73052597
vt 0.58271402 0.72975498
vt 0.58595598 0.73195797
vt 0.58519697 0.73295701
vt 0.57879502 0.72832203
vt 0.57962000 0.72734600
vt 0.58271402 0.72975498
vt 0.58209199 0.73052597
vt 0.57958102 0.72973800
vt 0.57879502 0.72832203
vt 0.58209199 0.73052597
vt 0.58172202 0.73096699
vt 0.57581598 0.72542602
vt 0.57675499 0.72459000
vt 0.57962000 0.72734600
vt 0.57879502 0.72832203
vt 0.57831901 0.72979802
vt 0.57717198 0.72852498
vt 0.57879502 0.72832203
vt 0.57958102 0.72973800
vt 0.57581598 0.72542602
vt 0.57879502 0.72832203
vt 0.57717198 0.72852498
vt 0.57496101 0.72618401
vt 0.57496101 0.72618401
vt 0.57717198 0.72852498
vt 0.57714099 0.73008698
vt 0.57406503 0.72697502
vt 0.57854003 0.73093802
vt 0.57714099 0.73008698
vt 0.57717198 0.72852498
vt 0.57831901 0.72979802
vt 0.58036298 0.73263597
vt 0.58017701 0.73286498
vt 0.57714099 0.73008698
vt 0.57854003 0.73093802
vt 0.57714099 0.73008698
vt 0.58017701 0.73286498
vt 0.57970202 0.73342299
vt 0.57638299 0.73074800
vt 0.57406503 0.72697502
vt 0.57714099 0.73008698
vt 0.57638299 0.73074800
vt 0.57323301 0.72770602
vt 0.57115698 0.72368699
vt 0.57406503 0.72697502
vt 0.57323301 0.72770602
vt 0.57043302 0.72433698
vt 0.57276398 0.72380698
vt 0.57496101 0.72618401
vt 0.57406503 0.72697502
vt 0.57115698 0.72368699
vt 0.56856799 0.72044599
vt 0.57115698 0.72368699
vt 0.57043302 0.72433698
vt 0.56800902 0.72081900
vt 0.57038999 0.72221798
vt 0.57115698 0.72368699
vt 0.56856799 0.72044599
vt 0.56880498 0.72026497
vt 0.57154399 0.72254199
vt 0.57276398 0.72380698
vt 0.57115698 0.72368699
vt 0.57038999 0.72221798
vt 0.57171899 0.72131097
vt 0.57312500 0.72224700
vt 0.57276398 0.72380698
vt 0.57154399 0.72254199
vt 0.57312500 0.72224700
vt 0.57581598 0.72542602
vt 0.57496101 0.72618401
vt 0.57276398 0.72380698
vt 0.57312500 0.72224700
vt 0.57421702 0.72153401
vt 0.57675499 0.72459000
vt 0.57581598 0.72542602
vt 0.57115501 0.71879900
vt 0.57205099 0.71825099
vt 0.57421702 0.72153401
vt 0.57312500 0.72224700
vt 0.57064903 0.71908998
vt 0.57115501 0.71879900
vt 0.57312500 0.72224700
vt 0.57171899 0.72131097
vt 0.57095599 0.72089100
vt 0.57171899 0.72131097
vt 0.57154399 0.72254199
vt 0.57069999 0.72147298
vt 0.57010400 0.71940899
vt 0.57064903 0.71908998
vt 0.57171899 0.72131097
vt 0.57095599 0.72089100
vt 0.56915700 0.71799898
vt 0.56913400 0.71715498
vt 0.57064903 0.71908998
vt 0.57010400 0.71940899
vt 0.56913400 0.71715498
vt 0.56893700 0.71551502
vt 0.57115501 0.71879900
vt 0.57064903 0.71908998
vt 0.56796002 0.71678001
vt 0.56738698 0.71515602
vt 0.56893700 0.71551502
vt 0.56913400 0.71715498
vt 0.56852502 0.71797597
vt 0.56796002 0.71678001
vt 0.56913400 0.71715498
vt 0.56915700 0.71799898
vt 0.57010400 0.71940899
vt 0.57095599 0.72089100
vt 0.57069999 0.72147298
vt 0.57013100 0.72144198
vt 0.56912100 0.72003800
vt 0.56831300 0.71851498
vt 0.56852502 0.71797597
vt 0.56915700 0.71799898
vt 0.56831300 0.71851498
vt 0.56775302 0.71797401
vt 0.56796002 0.71678001
vt 0.56852502 0.71797597
vt 0.56912100 0.72003800
vt 0.56880498 0.72026497
vt 0.56775302 0.71797401
vt 0.56831300 0.71851498
vt 0.57013100 0.72144198
vt 0.57038999 0.72221798
vt 0.56880498 0.72026497
vt 0.56912100 0.72003800
vt 0.57069999 0.72147298
vt 0.57154399 0.72254199
vt 0.57038999 0.72221798
vt 0.57013100 0.72144198
vt 0.56880498 0.72026497
vt 0.56856799 0.72044599
vt 0.56680399 0.71667999
vt 0.56775302 0.71797401
vt 0.56775302 0.71797401
vt 0.56680399 0.71667999
vt 0.56738698 0.71515602
vt 0.56796002 0.71678001
vt 0.56513202 0.71257901
vt 0.56680399 0.71667999
vt 0.56595898 0.71705902
vt 0.56419802 0.71297997
vt 0.56680399 0.71667999
vt 0.56856799 0.72044599
vt 0.56800902 0.72081900
vt 0.56595898 0.71705902
vt 0.56622398 0.71212000
vt 0.56738698 0.71515602
vt 0.56680399 0.71667999
vt 0.56513202 0.71257901
vt 0.56727302 0.71168602
vt 0.56893700 0.71551502
vt 0.56738698 0.71515602
vt 0.56622398 0.71212000
vt 0.56598002 0.70768702
vt 0.56727302 0.71168602
vt 0.56622398 0.71212000
vt 0.56508601 0.70904899
vt 0.56508601 0.70904899
vt 0.56622398 0.71212000
vt 0.56513202 0.71257901
vt 0.56367701 0.70835400
vt 0.56502903 0.70628798
vt 0.56598002 0.70768702
vt 0.56508601 0.70904899
vt 0.56442100 0.70739597
vt 0.56442100 0.70739597
vt 0.56508601 0.70904899
vt 0.56367701 0.70835400
vt 0.56349701 0.70665699
vt 0.56250900 0.70427799
vt 0.56367701 0.70835400
vt 0.56286901 0.70870298
vt 0.56195498 0.70441198
vt 0.56349701 0.70665699
vt 0.56367701 0.70835400
vt 0.56250900 0.70427799
vt 0.56277198 0.70419401
vt 0.56367701 0.70835400
vt 0.56513202 0.71257901
vt 0.56419802 0.71297997
vt 0.56286901 0.70870298
vt 0.55800498 0.71528602
vt 0.55637699 0.71042901
vt 0.56286901 0.70870298
vt 0.56419802 0.71297997
vt 0.55637699 0.71042901
vt 0.55524600 0.70548600
vt 0.56195498 0.70441198
vt 0.56286901 0.70870298
vt 0.55637699 0.71042901
vt 0.55800498 0.71528602
vt 0.55405200 0.71658301
vt 0.55234700 0.71137297
vt 0.55524600 0.70548600
vt 0.55637699 0.71042901
vt 0.55234700 0.71137297
vt 0.55117100 0.70598799
vt 0.55478400 0.70042402
vt 0.55524600 0.70548600
vt 0.55117100 0.70598799
vt 0.55066401 0.70050001
vt 0.55481899 0.69525701
vt 0.55478400 0.70042402
vt 0.55066401 0.70050001
vt 0.55067998 0.69498801
vt 0.55524600 0.70548600
vt 0.55478400 0.70042402
vt 0.56149203 0.70004803
vt 0.56195498 0.70441198
vt 0.55519199 0.69011402
vt 0.55481899 0.69525701
vt 0.55067998 0.69498801
vt 0.55110300 0.68949401
vt 0.55800498 0.71528602
vt 0.55992401 0.71998900
vt 0.55611402 0.72160298
vt 0.55405200 0.71658301
vt 0.55992401 0.71998900
vt 0.56223100 0.72437799
vt 0.55862302 0.72637397
vt 0.55611402 0.72160298
vt 0.56223100 0.72437799
vt 0.55992401 0.71998900
vt 0.56595898 0.71705902
vt 0.56800902 0.72081900
vt 0.55992401 0.71998900
vt 0.55800498 0.71528602
vt 0.56419802 0.71297997
vt 0.56595898 0.71705902
vt 0.56223100 0.72437799
vt 0.56509799 0.72840601
vt 0.56169999 0.73080403
vt 0.55862302 0.72637397
vt 0.56509799 0.72840601
vt 0.56223100 0.72437799
vt 0.56800902 0.72081900
vt 0.57043302 0.72433698
vt 0.56839901 0.73219597
vt 0.56509799 0.72840601
vt 0.57043302 0.72433698
vt 0.57323301 0.72770602
vt 0.56509799 0.72840601
vt 0.56839901 0.73219597
vt 0.56521499 0.73490000
vt 0.56169999 0.73080403
vt 0.56839901 0.73219597
vt 0.57193202 0.73576403
vt 0.56901401 0.73870999
vt 0.56521499 0.73490000
vt 0.57193202 0.73576403
vt 0.57573003 0.73891503
vt 0.57315701 0.74213898
vt 0.56901401 0.73870999
vt 0.57573003 0.73891503
vt 0.57193202 0.73576403
vt 0.57638299 0.73074800
vt 0.57970202 0.73342299
vt 0.57193202 0.73576403
vt 0.56839901 0.73219597
vt 0.57323301 0.72770602
vt 0.57638299 0.73074800
vt 0.57573003 0.73891503
vt 0.57992798 0.74153101
vt 0.57771701 0.74504501
vt 0.57315701 0.74213898
vt 0.57992798 0.74153101
vt 0.57573003 0.73891503
vt 0.57970202 0.73342299
vt 0.58328599 0.73573798
vt 0.58017701 0.73286498
vt 0.58381099 0.73488200
vt 0.58328599 0.73573798
vt 0.57970202 0.73342299
vt 0.58445400 0.74377197
vt 0.57992798 0.74153101
vt 0.58328599 0.73573798
vt 0.58719599 0.73778301
vt 0.58381099 0.73488200
vt 0.58776402 0.73681498
vt 0.58719599 0.73778301
vt 0.58328599 0.73573798
vt 0.58540601 0.73446298
vt 0.58834201 0.73582798
vt 0.58776402 0.73681498
vt 0.58381099 0.73488200
vt 0.58380198 0.73375499
vt 0.58540601 0.73446298
vt 0.58381099 0.73488200
vt 0.58257902 0.73384601
vt 0.58257902 0.73384601
vt 0.58381099 0.73488200
vt 0.58017701 0.73286498
vt 0.58036298 0.73263597
vt 0.58206397 0.73324001
vt 0.58257902 0.73384601
vt 0.58036298 0.73263597
vt 0.58059698 0.73232597
vt 0.58262300 0.73308498
vt 0.58380198 0.73375499
vt 0.58257902 0.73384601
vt 0.58206397 0.73324001
vt 0.58266199 0.73248202
vt 0.58353299 0.73259902
vt 0.58380198 0.73375499
vt 0.58262300 0.73308498
vt 0.58132303 0.73144299
vt 0.58266199 0.73248202
vt 0.58262300 0.73308498
vt 0.58206397 0.73324001
vt 0.58059698 0.73232597
vt 0.57927901 0.73123598
vt 0.57929599 0.73068398
vt 0.57991201 0.73049498
vt 0.58132303 0.73144299
vt 0.58172202 0.73096699
vt 0.58353299 0.73259902
vt 0.58266199 0.73248202
vt 0.57991201 0.73049498
vt 0.57958102 0.72973800
vt 0.58172202 0.73096699
vt 0.58132303 0.73144299
vt 0.57929599 0.73068398
vt 0.57831901 0.72979802
vt 0.57958102 0.72973800
vt 0.57991201 0.73049498
vt 0.57927901 0.73123598
vt 0.57854003 0.73093802
vt 0.57831901 0.72979802
vt 0.57929599 0.73068398
vt 0.58059698 0.73232597
vt 0.58036298 0.73263597
vt 0.57854003 0.73093802
vt 0.57927901 0.73123598
vt 0.58776402 0.73681498
vt 0.59182698 0.73852700
vt 0.59132499 0.73941398
vt 0.58719599 0.73778301
vt 0.58834201 0.73582798
vt 0.59128398 0.73715502
vt 0.59182698 0.73852700
vt 0.58776402 0.73681498
vt 0.59347898 0.73882598
vt 0.59182698 0.73852700
vt 0.59128398 0.73715502
vt 0.59284002 0.73790503
vt 0.59584498 0.73969603
vt 0.59575301 0.73994303
vt 0.59182698 0.73852700
vt 0.59347898 0.73882598
vt 0.59182698 0.73852700
vt 0.59575301 0.73994303
vt 0.59551001 0.74064600
vt 0.59132499 0.73941398
vt 0.59393001 0.74721998
vt 0.58912897 0.74573201
vt 0.59132499 0.73941398
vt 0.59551001 0.74064600
vt 0.58912897 0.74573201
vt 0.58445400 0.74377197
vt 0.58719599 0.73778301
vt 0.59132499 0.73941398
vt 0.58445400 0.74377197
vt 0.58912897 0.74573201
vt 0.58758098 0.74955302
vt 0.58256501 0.74747998
vt 0.58912897 0.74573201
vt 0.59393001 0.74721998
vt 0.59281200 0.75115901
vt 0.58758098 0.74955302
vt 0.59393001 0.74721998
vt 0.59894001 0.74805999
vt 0.59827203 0.75212300
vt 0.59281200 0.75115901
vt 0.59894001 0.74805999
vt 0.59393001 0.74721998
vt 0.59551001 0.74064600
vt 0.59983099 0.74143201
vt 0.59894001 0.74805999
vt 0.60413003 0.74841899
vt 0.60383600 0.75253302
vt 0.59827203 0.75212300
vt 0.60413003 0.74841899
vt 0.60934800 0.74843901
vt 0.60941797 0.75253302
vt 0.60383600 0.75253302
vt 0.60934800 0.74843901
vt 0.61446601 0.74796301
vt 0.61498499 0.75200802
vt 0.60941797 0.75253302
vt 0.61446601 0.74796301
vt 0.61946398 0.74681300
vt 0.62044698 0.75080502
vt 0.61498499 0.75200802
vt 0.61946398 0.74681300
vt 0.62437302 0.74517101
vt 0.62572497 0.74907398
vt 0.62044698 0.75080502
vt 0.62437302 0.74517101
vt 0.61946398 0.74681300
vt 0.61773998 0.74036098
vt 0.62208301 0.73900902
vt 0.61946398 0.74681300
vt 0.61446601 0.74796301
vt 0.61338902 0.74129301
vt 0.61773998 0.74036098
vt 0.62437302 0.74517101
vt 0.62912798 0.74323702
vt 0.63081199 0.74698699
vt 0.62572497 0.74907398
vt 0.61446601 0.74796301
vt 0.60934800 0.74843901
vt 0.60895902 0.74176502
vt 0.61338902 0.74129301
vt 0.60899001 0.74078798
vt 0.61325401 0.74058801
vt 0.61338902 0.74129301
vt 0.60895902 0.74176502
vt 0.60934800 0.74843901
vt 0.60413003 0.74841899
vt 0.60437500 0.74183798
vt 0.60895902 0.74176502
vt 0.60446602 0.74075103
vt 0.60899001 0.74078798
vt 0.60895902 0.74176502
vt 0.60437500 0.74183798
vt 0.59996301 0.74045300
vt 0.60446602 0.74075103
vt 0.60437500 0.74183798
vt 0.59983099 0.74143201
vt 0.60413003 0.74841899
vt 0.59894001 0.74805999
vt 0.59983099 0.74143201
vt 0.60437500 0.74183798
vt 0.59575301 0.73994303
vt 0.59996301 0.74045300
vt 0.59983099 0.74143201
vt 0.59551001 0.74064600
vt 0.59949201 0.73950303
vt 0.60126799 0.73954201
vt 0.59996301 0.74045300
vt 0.59838998 0.73999298
vt 0.60126799 0.73954201
vt 0.60455799 0.73969400
vt 0.60446602 0.74075103
vt 0.59996301 0.74045300
vt 0.59838998 0.73999298
vt 0.59996301 0.74045300
vt 0.59575301 0.73994303
vt 0.59584498 0.73969603
vt 0.59813100 0.73932898
vt 0.59949201 0.73950303
vt 0.59838998 0.73999298
vt 0.59767503 0.73964298
vt 0.59767503 0.73964298
vt 0.59838998 0.73999298
vt 0.59584498 0.73969603
vt 0.59595001 0.73934698
vt 0.59595001 0.73934698
vt 0.59584498 0.73969603
vt 0.59347898 0.73882598
vt 0.59429097 0.73883802
vt 0.59627903 0.73834503
vt 0.59792799 0.73879403
vt 0.59813100 0.73932898
vt 0.59767503 0.73964298
vt 0.59595001 0.73934698
vt 0.59429097 0.73883802
vt 0.59409702 0.73835999
vt 0.59459901 0.73799002
vt 0.59429097 0.73883802
vt 0.59347898 0.73882598
vt 0.59284002 0.73790503
vt 0.59409702 0.73835999
vt 0.59409702 0.73835999
vt 0.59284002 0.73790503
vt 0.59400201 0.73742503
vt 0.59459901 0.73799002
vt 0.59459901 0.73799002
vt 0.59400201 0.73742503
vt 0.59646398 0.73777300
vt 0.59627903 0.73834503
vt 0.59627903 0.73834503
vt 0.59646398 0.73777300
vt 0.59877902 0.73858398
vt 0.59792799 0.73879403
vt 0.59792799 0.73879403
vt 0.59877902 0.73858398
vt 0.59949201 0.73950303
vt 0.59813100 0.73932898
vt 0.59877902 0.73858398
vt 0.60045999 0.73830098
vt 0.60126799 0.73954201
vt 0.59949201 0.73950303
vt 0.60045999 0.73830098
vt 0.60464102 0.73866898
vt 0.60455799 0.73969400
vt 0.60126799 0.73954201
vt 0.60464102 0.73866898
vt 0.60884100 0.73863900
vt 0.60784400 0.73979801
vt 0.60455799 0.73969400
vt 0.60455799 0.73969400
vt 0.60784400 0.73979801
vt 0.60899001 0.74078798
vt 0.60446602 0.74075103
vt 0.60960001 0.73990297
vt 0.60784400 0.73979801
vt 0.60884100 0.73863900
vt 0.61044401 0.73905802
vt 0.61061901 0.74046099
vt 0.60899001 0.74078798
vt 0.60784400 0.73979801
vt 0.60960001 0.73990297
vt 0.61136502 0.74017400
vt 0.61061901 0.74046099
vt 0.60960001 0.73990297
vt 0.61095899 0.73984098
vt 0.61095899 0.73984098
vt 0.60960001 0.73990297
vt 0.61044401 0.73905802
vt 0.61124301 0.73933703
vt 0.61124301 0.73933703
vt 0.61044401 0.73905802
vt 0.61285400 0.73844397
vt 0.61294401 0.73902601
vt 0.61044401 0.73905802
vt 0.60884100 0.73863900
vt 0.61276901 0.73789299
vt 0.61285400 0.73844397
vt 0.61294401 0.73902601
vt 0.61285400 0.73844397
vt 0.61534500 0.73828602
vt 0.61466402 0.73879898
vt 0.61294401 0.73902601
vt 0.61466402 0.73879898
vt 0.61510599 0.73918802
vt 0.61484498 0.73962802
vt 0.61312300 0.74001002
vt 0.61136502 0.74017400
vt 0.61095899 0.73984098
vt 0.61124301 0.73933703
vt 0.61466402 0.73879898
vt 0.61534500 0.73828602
vt 0.61643600 0.73882800
vt 0.61510599 0.73918802
vt 0.61510599 0.73918802
vt 0.61643600 0.73882800
vt 0.61566901 0.73966801
vt 0.61484498 0.73962802
vt 0.61484498 0.73962802
vt 0.61566901 0.73966801
vt 0.61319500 0.74035299
vt 0.61312300 0.74001002
vt 0.61312300 0.74001002
vt 0.61319500 0.74035299
vt 0.61061901 0.74046099
vt 0.61136502 0.74017400
vt 0.61319500 0.74035299
vt 0.61325401 0.74058801
vt 0.60899001 0.74078798
vt 0.61061901 0.74046099
vt 0.61276901 0.73789299
vt 0.60884100 0.73863900
vt 0.60872000 0.73745000
vt 0.61262202 0.73695499
vt 0.57992798 0.74153101
vt 0.58445400 0.74377197
vt 0.58256501 0.74747998
vt 0.57771701 0.74504501
vt 0.56353700 0.70582098
vt 0.56349701 0.70665699
vt 0.56277198 0.70419401
vt 0.56313199 0.70410103
vt 0.56403399 0.70606500
vt 0.56442100 0.70739597
vt 0.56349701 0.70665699
vt 0.56353700 0.70582098
vt 0.56403399 0.70606500
vt 0.56353700 0.70582098
vt 0.56313199 0.70410103
vt 0.56296802 0.70234501
vt 0.56335199 0.70191699
vt 0.56391698 0.70218301
vt 0.56424803 0.70388103
vt 0.56448001 0.70560700
vt 0.56313199 0.70410103
vt 0.56277198 0.70419401
vt 0.56266898 0.70161599
vt 0.56296802 0.70234501
vt 0.56296802 0.70234501
vt 0.56266898 0.70161599
vt 0.56329900 0.70056897
vt 0.56335199 0.70191699
vt 0.56335199 0.70191699
vt 0.56329900 0.70056897
vt 0.56422198 0.70138001
vt 0.56391698 0.70218301
vt 0.56391698 0.70218301
vt 0.56422198 0.70138001
vt 0.56487399 0.70378500
vt 0.56424803 0.70388103
vt 0.56424803 0.70388103
vt 0.56487399 0.70378500
vt 0.56502903 0.70628798
vt 0.56448001 0.70560700
vt 0.56448001 0.70560700
vt 0.56502903 0.70628798
vt 0.56442100 0.70739597
vt 0.56403399 0.70606500
vt 0.56487399 0.70378500
vt 0.56545800 0.70369899
vt 0.56598002 0.70768702
vt 0.56502903 0.70628798
vt 0.56656402 0.70349997
vt 0.56731099 0.70738298
vt 0.56598002 0.70768702
vt 0.56545800 0.70369899
vt 0.56727302 0.71168602
vt 0.56598002 0.70768702
vt 0.56731099 0.70738298
vt 0.56849599 0.71119201
vt 0.56727302 0.71168602
vt 0.56849599 0.71119201
vt 0.57008898 0.71484298
vt 0.56893700 0.71551502
vt 0.56893700 0.71551502
vt 0.57008898 0.71484298
vt 0.57205099 0.71825099
vt 0.57115501 0.71879900
vt 0.63458800 0.72771698
vt 0.63753903 0.72474903
vt 0.63780397 0.72622699
vt 0.63540900 0.72844201
vt 0.63540900 0.72844201
vt 0.63780397 0.72622699
vt 0.63947701 0.72609699
vt 0.63627702 0.72918099
vt 0.63298702 0.73062199
vt 0.63540900 0.72844201
vt 0.63627702 0.72918099
vt 0.63290697 0.73208201
vt 0.63290697 0.73208201
vt 0.63627702 0.72918099
vt 0.63706899 0.72983801
vt 0.63363397 0.73268700
vt 0.63627702 0.72918099
vt 0.63947701 0.72609699
vt 0.64018297 0.72664797
vt 0.63706899 0.72983801
vt 0.64518499 0.73113602
vt 0.64154202 0.73470098
vt 0.63706899 0.72983801
vt 0.64018297 0.72664797
vt 0.64840299 0.72728199
vt 0.64518499 0.73113602
vt 0.64018297 0.72664797
vt 0.64289403 0.72329801
vt 0.63947701 0.72609699
vt 0.64234602 0.72301602
vt 0.64289403 0.72329801
vt 0.64018297 0.72664797
vt 0.64031798 0.72474003
vt 0.63947701 0.72609699
vt 0.63780397 0.72622699
vt 0.63911301 0.72505599
vt 0.64207298 0.72288197
vt 0.64234602 0.72301602
vt 0.63947701 0.72609699
vt 0.64031798 0.72474003
vt 0.63911301 0.72505599
vt 0.63780397 0.72622699
vt 0.63753903 0.72474903
vt 0.63901198 0.72388601
vt 0.65331501 0.71849501
vt 0.65526599 0.71383202
vt 0.65921497 0.71517098
vt 0.65714502 0.72020501
vt 0.65526599 0.71383202
vt 0.65673101 0.70908701
vt 0.66077399 0.70995998
vt 0.65921497 0.71517098
vt 0.65673101 0.70908701
vt 0.65755302 0.70418102
vt 0.66168600 0.70460302
vt 0.66077399 0.70995998
vt 0.65755302 0.70418102
vt 0.65790498 0.69911599
vt 0.66208500 0.69916302
vt 0.66168600 0.70460302
vt 0.65790498 0.69911599
vt 0.65792400 0.69402802
vt 0.66207099 0.69368398
vt 0.66208500 0.69916302
vt 0.65792400 0.69402802
vt 0.65745300 0.68905097
vt 0.66150200 0.68824202
vt 0.66207099 0.69368398
vt 0.65745300 0.68905097
vt 0.65792400 0.69402802
vt 0.65121800 0.69442397
vt 0.65075302 0.69013703
vt 0.65792400 0.69402802
vt 0.65790498 0.69911599
vt 0.65129697 0.69887000
vt 0.65121800 0.69442397
vt 0.65745300 0.68905097
vt 0.65632498 0.68419498
vt 0.66027802 0.68294299
vt 0.66150200 0.68824202
vt 0.65632498 0.68419498
vt 0.65745300 0.68905097
vt 0.65075302 0.69013703
vt 0.64983898 0.68593800
vt 0.65632498 0.68419498
vt 0.65471101 0.67940003
vt 0.65856302 0.67779201
vt 0.66027802 0.68294299
vt 0.65471101 0.67940003
vt 0.65632498 0.68419498
vt 0.64983898 0.68593800
vt 0.64852798 0.68171000
vt 0.65471101 0.67940003
vt 0.65279299 0.67472303
vt 0.65646899 0.67277598
vt 0.65856302 0.67779201
vt 0.65279299 0.67472303
vt 0.65471101 0.67940003
vt 0.64852798 0.68171000
vt 0.64676201 0.67765403
vt 0.64778203 0.68195099
vt 0.64613098 0.67781699
vt 0.64676201 0.67765403
vt 0.64852798 0.68171000
vt 0.64613098 0.67781699
vt 0.64438599 0.67401600
vt 0.64470702 0.67388499
vt 0.64676201 0.67765403
vt 0.65047199 0.67033201
vt 0.65279299 0.67472303
vt 0.64676201 0.67765403
vt 0.64470702 0.67388499
vt 0.64438599 0.67401600
vt 0.64179301 0.67071700
vt 0.64226502 0.67036903
vt 0.64470702 0.67388499
vt 0.64758098 0.66628897
vt 0.65047199 0.67033201
vt 0.64470702 0.67388499
vt 0.64226502 0.67036903
vt 0.65279299 0.67472303
vt 0.65047199 0.67033201
vt 0.65387899 0.66800398
vt 0.65646899 0.67277598
vt 0.65047199 0.67033201
vt 0.64758098 0.66628897
vt 0.65072697 0.66359699
vt 0.65387899 0.66800398
vt 0.64424700 0.66247100
vt 0.64758098 0.66628897
vt 0.64226502 0.67036903
vt 0.63941401 0.66697001
vt 0.64758098 0.66628897
vt 0.64424700 0.66247100
vt 0.64716399 0.65949702
vt 0.65072697 0.66359699
vt 0.64424700 0.66247100
vt 0.64066100 0.65886098
vt 0.64328599 0.65565097
vt 0.64716399 0.65949702
vt 0.64066100 0.65886098
vt 0.63679701 0.65566599
vt 0.63902998 0.65221399
vt 0.64328599 0.65565097
vt 0.63679701 0.65566599
vt 0.63253701 0.65302098
vt 0.63439399 0.64934099
vt 0.63902998 0.65221399
vt 0.63253701 0.65302098
vt 0.62796098 0.65076298
vt 0.62950897 0.64692003
vt 0.63439399 0.64934099
vt 0.62796098 0.65076298
vt 0.63253701 0.65302098
vt 0.62920201 0.65881997
vt 0.62523103 0.65675199
vt 0.63253701 0.65302098
vt 0.63679701 0.65566599
vt 0.63284099 0.66115201
vt 0.62920201 0.65881997
vt 0.62796098 0.65076298
vt 0.62323701 0.64879203
vt 0.62444001 0.64485002
vt 0.62950897 0.64692003
vt 0.62323701 0.64879203
vt 0.62796098 0.65076298
vt 0.62523103 0.65675199
vt 0.62105000 0.65510702
vt 0.61839700 0.64730102
vt 0.62323701 0.64879203
vt 0.62105000 0.65510702
vt 0.61683297 0.65386599
vt 0.62323701 0.64879203
vt 0.61839700 0.64730102
vt 0.61916000 0.64328998
vt 0.62444001 0.64485002
vt 0.63679701 0.65566599
vt 0.64066100 0.65886098
vt 0.63621402 0.66387600
vt 0.63284099 0.66115201
vt 0.64066100 0.65886098
vt 0.64424700 0.66247100
vt 0.63941401 0.66697001
vt 0.63621402 0.66387600
vt 0.63885999 0.66736799
vt 0.63572901 0.66416699
vt 0.63621402 0.66387600
vt 0.63941401 0.66697001
vt 0.64179301 0.67071700
vt 0.63885999 0.66736799
vt 0.63941401 0.66697001
vt 0.64226502 0.67036903
vt 0.64016002 0.67050302
vt 0.63795298 0.66809100
vt 0.63885999 0.66736799
vt 0.64179301 0.67071700
vt 0.63795298 0.66809100
vt 0.63571101 0.66568297
vt 0.63572901 0.66416699
vt 0.63885999 0.66736799
vt 0.64253098 0.67213100
vt 0.64179301 0.67071700
vt 0.64438599 0.67401600
vt 0.64411700 0.67412198
vt 0.64136499 0.67174900
vt 0.64016002 0.67050302
vt 0.64179301 0.67071700
vt 0.64253098 0.67213100
vt 0.64218599 0.67279702
vt 0.64136499 0.67174900
vt 0.64253098 0.67213100
vt 0.64276302 0.67286903
vt 0.64276302 0.67286903
vt 0.64253098 0.67213100
vt 0.64411700 0.67412198
vt 0.64376903 0.67428601
vt 0.64376903 0.67428601
vt 0.64411700 0.67412198
vt 0.64515603 0.67642897
vt 0.64457500 0.67583001
vt 0.64411700 0.67412198
vt 0.64438599 0.67401600
vt 0.64613098 0.67781699
vt 0.64515603 0.67642897
vt 0.64276302 0.67484099
vt 0.64192301 0.67335701
vt 0.64218599 0.67279702
vt 0.64276302 0.67286903
vt 0.64376903 0.67428601
vt 0.64457500 0.67583001
vt 0.64434499 0.67633700
vt 0.64370501 0.67628300
vt 0.64192301 0.67335701
vt 0.64117599 0.67294598
vt 0.64136499 0.67174900
vt 0.64218599 0.67279702
vt 0.65790498 0.69911599
vt 0.65755302 0.70418102
vt 0.65089399 0.70329201
vt 0.65129697 0.69887000
vt 0.65755302 0.70418102
vt 0.65673101 0.70908701
vt 0.65012598 0.70752102
vt 0.65089399 0.70329201
vt 0.65673101 0.70908701
vt 0.65526599 0.71383202
vt 0.64892000 0.71163201
vt 0.65012598 0.70752102
vt 0.65526599 0.71383202
vt 0.65331501 0.71849501
vt 0.64729202 0.71574301
vt 0.64892000 0.71163201
vt 0.63014001 0.66093200
vt 0.62896401 0.66028303
vt 0.63018602 0.66022903
vt 0.63069499 0.66080701
vt 0.72043997 0.35464901
vt 0.73373097 0.33178401
vt 0.74001497 0.33612999
vt 0.72760201 0.35794300
vt 0.73373097 0.33178401
vt 0.74986100 0.31244501
vt 0.75513601 0.31766200
vt 0.74001497 0.33612999
vt 0.74986100 0.31244501
vt 0.76848501 0.29776001
vt 0.77244502 0.30361500
vt 0.75513601 0.31766200
vt 0.76848501 0.29776001
vt 0.78925598 0.28616399
vt 0.79217798 0.29275599
vt 0.77244502 0.30361500
vt 0.78925598 0.28616399
vt 0.81376702 0.27721101
vt 0.81540298 0.28502700
vt 0.79217798 0.29275599
vt 0.81376702 0.27721101
vt 0.84057099 0.27513999
vt 0.84048301 0.28257900
vt 0.81540298 0.28502700
vt 0.84057099 0.27513999
vt 0.86533397 0.27816901
vt 0.86378199 0.28546801
vt 0.84048301 0.28257900
vt 0.86533397 0.27816901
vt 0.88959098 0.28513601
vt 0.88654798 0.29235500
vt 0.86378199 0.28546801
vt 0.88959098 0.28513601
vt 0.91426802 0.29766601
vt 0.90907502 0.30477801
vt 0.88654798 0.29235500
vt 0.88541198 0.29496500
vt 0.86321002 0.28820801
vt 0.86378199 0.28546801
vt 0.88654798 0.29235500
vt 0.90718502 0.30735901
vt 0.88541198 0.29496500
vt 0.88654798 0.29235500
vt 0.90907502 0.30477801
vt 0.91426802 0.29766601
vt 0.93716198 0.31821999
vt 0.93030697 0.32397500
vt 0.90907502 0.30477801
vt 0.92767602 0.32616499
vt 0.90718502 0.30735901
vt 0.90907502 0.30477801
vt 0.93030697 0.32397500
vt 0.90718502 0.30735901
vt 0.90225399 0.31516901
vt 0.88080299 0.30241099
vt 0.88541198 0.29496500
vt 0.92767602 0.32616499
vt 0.91953301 0.33144799
vt 0.90225399 0.31516901
vt 0.90718502 0.30735901
vt 0.90094900 0.31524301
vt 0.88126802 0.30353901
vt 0.88080299 0.30241099
vt 0.90225399 0.31516901
vt 0.89981800 0.32323399
vt 0.90094900 0.31524301
vt 0.90225399 0.31516901
vt 0.90073103 0.32317799
vt 0.91953301 0.33144799
vt 0.91056901 0.33326599
vt 0.90073103 0.32317799
vt 0.90225399 0.31516901
vt 0.94226301 0.34949100
vt 0.93388200 0.35507801
vt 0.91953301 0.33144799
vt 0.92767602 0.32616499
vt 0.93265498 0.35461700
vt 0.91947299 0.33291700
vt 0.91953301 0.33144799
vt 0.93388200 0.35507801
vt 0.91056901 0.33326599
vt 0.91953301 0.33144799
vt 0.91947299 0.33291700
vt 0.91050601 0.33424801
vt 0.91050601 0.33424801
vt 0.89981800 0.32323399
vt 0.90073103 0.32317799
vt 0.91056901 0.33326599
vt 0.90698898 0.34318200
vt 0.89193302 0.32609901
vt 0.89981800 0.32323399
vt 0.91050601 0.33424801
vt 0.91560501 0.34179801
vt 0.90698898 0.34318200
vt 0.91050601 0.33424801
vt 0.91947299 0.33291700
vt 0.92408800 0.35434601
vt 0.92006898 0.36124301
vt 0.90698898 0.34318200
vt 0.91560501 0.34179801
vt 0.92006898 0.36124301
vt 0.92408800 0.35434601
vt 0.93265498 0.35461700
vt 0.92891902 0.36143899
vt 0.92935699 0.38172099
vt 0.92006898 0.36124301
vt 0.92891902 0.36143899
vt 0.93444502 0.37559301
vt 0.93706697 0.38363501
vt 0.92935699 0.38172099
vt 0.93444502 0.37559301
vt 0.94301498 0.37724701
vt 0.94040400 0.39704099
vt 0.93504399 0.40182900
vt 0.92935699 0.38172099
vt 0.93706697 0.38363501
vt 0.93504399 0.40182900
vt 0.94040400 0.39704099
vt 0.94807500 0.40033799
vt 0.94252598 0.40496200
vt 0.93740499 0.42255899
vt 0.93504399 0.40182900
vt 0.94252598 0.40496200
vt 0.94342101 0.41855800
vt 0.94301498 0.42609900
vt 0.93740499 0.42255899
vt 0.94342101 0.41855800
vt 0.94915003 0.42200601
vt 0.94234300 0.43941900
vt 0.93577701 0.44216999
vt 0.93740499 0.42255899
vt 0.94301498 0.42609900
vt 0.93577701 0.44216999
vt 0.94234300 0.43941900
vt 0.94883299 0.44394001
vt 0.94189000 0.44701901
vt 0.93081498 0.46270701
vt 0.93577701 0.44216999
vt 0.94189000 0.44701901
vt 0.93879998 0.46090099
vt 0.93536198 0.46831501
vt 0.93081498 0.46270701
vt 0.93879998 0.46090099
vt 0.94423097 0.46698800
vt 0.93131697 0.48198500
vt 0.92300999 0.48260200
vt 0.93081498 0.46270701
vt 0.93536198 0.46831501
vt 0.92300999 0.48260200
vt 0.93131697 0.48198500
vt 0.93496102 0.48849499
vt 0.92692500 0.48895299
vt 0.91166002 0.50047600
vt 0.92300999 0.48260200
vt 0.92692500 0.48895299
vt 0.92006999 0.50135398
vt 0.91392601 0.50699103
vt 0.91166002 0.50047600
vt 0.92006999 0.50135398
vt 0.92245001 0.50783700
vt 0.90408999 0.51685101
vt 0.89670098 0.51424801
vt 0.91166002 0.50047600
vt 0.91392601 0.50699103
vt 0.89670098 0.51424801
vt 0.90408999 0.51685101
vt 0.90615600 0.52554899
vt 0.89802200 0.52259701
vt 0.87796497 0.52689701
vt 0.89670098 0.51424801
vt 0.89802200 0.52259701
vt 0.88615000 0.53184003
vt 0.87770301 0.53467298
vt 0.87796497 0.52689701
vt 0.88615000 0.53184003
vt 0.88572299 0.53958797
vt 0.86574602 0.53998899
vt 0.86127800 0.53608900
vt 0.87796497 0.52689701
vt 0.87770301 0.53467298
vt 0.86127800 0.53608900
vt 0.86574602 0.53998899
vt 0.86388999 0.54718202
vt 0.85911298 0.54190201
vt 0.84271902 0.53698802
vt 0.86127800 0.53608900
vt 0.85911298 0.54190201
vt 0.84617501 0.54358798
vt 0.83888000 0.54215902
vt 0.84271902 0.53698802
vt 0.84617501 0.54358798
vt 0.84206098 0.54953200
vt 0.82549602 0.54150599
vt 0.82349700 0.53398103
vt 0.84271902 0.53698802
vt 0.83888000 0.54215902
vt 0.82349700 0.53398103
vt 0.82549602 0.54150599
vt 0.81996500 0.54670697
vt 0.81776202 0.53993100
vt 0.80449498 0.52777201
vt 0.82349700 0.53398103
vt 0.81776202 0.53993100
vt 0.80521798 0.53454697
vt 0.79879498 0.53092402
vt 0.80449498 0.52777201
vt 0.80521798 0.53454697
vt 0.79912102 0.53861600
vt 0.78706801 0.52284598
vt 0.78847897 0.51441097
vt 0.80449498 0.52777201
vt 0.79879498 0.53092402
vt 0.78847897 0.51441097
vt 0.78706801 0.52284598
vt 0.77862698 0.52651602
vt 0.77959299 0.51799798
vt 0.77162898 0.49795100
vt 0.78847897 0.51441097
vt 0.77959299 0.51799798
vt 0.76880199 0.50638598
vt 0.76347202 0.49935499
vt 0.77162898 0.49795100
vt 0.76880199 0.50638598
vt 0.75978601 0.50808698
vt 0.75486398 0.48721901
vt 0.75851798 0.48067299
vt 0.77162898 0.49795100
vt 0.76347202 0.49935499
vt 0.75851798 0.48067299
vt 0.75486398 0.48721901
vt 0.74547201 0.48657700
vt 0.74921900 0.48001701
vt 0.74985099 0.45828301
vt 0.75851798 0.48067299
vt 0.74921900 0.48001701
vt 0.74393201 0.46495599
vt 0.74136502 0.45600900
vt 0.74985099 0.45828301
vt 0.74393201 0.46495599
vt 0.73472798 0.46290901
vt 0.73784000 0.44088799
vt 0.74431300 0.43577999
vt 0.74985099 0.45828301
vt 0.74136502 0.45600900
vt 0.74431300 0.43577999
vt 0.73784000 0.44088799
vt 0.72931302 0.43724701
vt 0.73608100 0.43204501
vt 0.74344999 0.41204900
vt 0.74431300 0.43577999
vt 0.73608100 0.43204501
vt 0.73551100 0.41614801
vt 0.73663700 0.40728399
vt 0.74344999 0.41204900
vt 0.73551100 0.41614801
vt 0.72845799 0.41132000
vt 0.73844701 0.39244199
vt 0.74591500 0.38993001
vt 0.74344999 0.41204900
vt 0.73663700 0.40728399
vt 0.73844701 0.39244199
vt 0.73663700 0.40728399
vt 0.72845799 0.41132000
vt 0.73201603 0.38643000
vt 0.74591500 0.38993001
vt 0.73844701 0.39244199
vt 0.73201603 0.38643000
vt 0.73971498 0.38395399
vt 0.73201603 0.38643000
vt 0.72845799 0.41132000
vt 0.72751498 0.41231501
vt 0.73136401 0.38522801
vt 0.73971498 0.38395399
vt 0.73201603 0.38643000
vt 0.73136401 0.38522801
vt 0.73924398 0.38315701
vt 0.75229299 0.36858800
vt 0.74591500 0.38993001
vt 0.73971498 0.38395399
vt 0.74420202 0.36974999
vt 0.74420202 0.36974999
vt 0.73971498 0.38395399
vt 0.73924398 0.38315701
vt 0.74337697 0.37011200
vt 0.73838502 0.36389399
vt 0.74337697 0.37011200
vt 0.73924398 0.38315701
vt 0.73136401 0.38522801
vt 0.74337697 0.37011200
vt 0.73838502 0.36389399
vt 0.73953903 0.36331400
vt 0.74420202 0.36974999
vt 0.73038697 0.35919201
vt 0.73838502 0.36389399
vt 0.73136401 0.38522801
vt 0.72204697 0.38399100
vt 0.74241698 0.33774301
vt 0.75004101 0.34155300
vt 0.73838502 0.36389399
vt 0.73038697 0.35919201
vt 0.75024003 0.34272900
vt 0.73953903 0.36331400
vt 0.73838502 0.36389399
vt 0.75004101 0.34155300
vt 0.75386101 0.35034999
vt 0.74774301 0.36262301
vt 0.73953903 0.36331400
vt 0.75024003 0.34272900
vt 0.74774301 0.36262301
vt 0.75229299 0.36858800
vt 0.74420202 0.36974999
vt 0.73953903 0.36331400
vt 0.75386101 0.35034999
vt 0.76086700 0.35032499
vt 0.75229299 0.36858800
vt 0.74774301 0.36262301
vt 0.76086700 0.35032499
vt 0.75386101 0.35034999
vt 0.75024003 0.34272900
vt 0.75727600 0.34294200
vt 0.77234602 0.33384699
vt 0.76086700 0.35032499
vt 0.75727600 0.34294200
vt 0.76523000 0.33238700
vt 0.76523000 0.33238700
vt 0.75727600 0.34294200
vt 0.75711501 0.34214300
vt 0.76443601 0.33242899
vt 0.75004101 0.34155300
vt 0.75711501 0.34214300
vt 0.75727600 0.34294200
vt 0.75024003 0.34272900
vt 0.76222003 0.32581699
vt 0.76443601 0.33242899
vt 0.75711501 0.34214300
vt 0.75004101 0.34155300
vt 0.76443601 0.33242899
vt 0.76222003 0.32581699
vt 0.76333803 0.32572001
vt 0.76523000 0.33238700
vt 0.77886999 0.31311601
vt 0.76333803 0.32572001
vt 0.76222003 0.32581699
vt 0.77911299 0.31208301
vt 0.77395701 0.30586600
vt 0.77911299 0.31208301
vt 0.76222003 0.32581699
vt 0.75701803 0.31953099
vt 0.75701803 0.31953099
vt 0.76222003 0.32581699
vt 0.75004101 0.34155300
vt 0.74241698 0.33774301
vt 0.75701803 0.31953099
vt 0.74241698 0.33774301
vt 0.74001497 0.33612999
vt 0.75513601 0.31766200
vt 0.77395701 0.30586600
vt 0.75701803 0.31953099
vt 0.75513601 0.31766200
vt 0.77244502 0.30361500
vt 0.79322499 0.29524800
vt 0.77395701 0.30586600
vt 0.77244502 0.30361500
vt 0.79217798 0.29275599
vt 0.79322499 0.29524800
vt 0.79526401 0.30320099
vt 0.77911299 0.31208301
vt 0.77395701 0.30586600
vt 0.81601602 0.28788200
vt 0.81872803 0.29598400
vt 0.79526401 0.30320099
vt 0.79322499 0.29524800
vt 0.81601602 0.28788200
vt 0.79322499 0.29524800
vt 0.79217798 0.29275599
vt 0.81540298 0.28502700
vt 0.79526401 0.30320099
vt 0.79450703 0.30987200
vt 0.78455198 0.31493899
vt 0.77911299 0.31208301
vt 0.79450703 0.30987200
vt 0.79526401 0.30320099
vt 0.79633403 0.30357099
vt 0.79520798 0.31014901
vt 0.81793898 0.29700199
vt 0.79633403 0.30357099
vt 0.79526401 0.30320099
vt 0.81872803 0.29598400
vt 0.84048802 0.28550899
vt 0.83986902 0.29399201
vt 0.81872803 0.29598400
vt 0.81601602 0.28788200
vt 0.83986902 0.29399201
vt 0.83638102 0.30070201
vt 0.82366002 0.30219400
vt 0.81872803 0.29598400
vt 0.82316500 0.30287701
vt 0.81793898 0.29700199
vt 0.81872803 0.29598400
vt 0.82366002 0.30219400
vt 0.81484401 0.30554900
vt 0.80239803 0.30837101
vt 0.79633403 0.30357099
vt 0.81793898 0.29700199
vt 0.82010800 0.31176800
vt 0.81484401 0.30554900
vt 0.81793898 0.29700199
vt 0.82316500 0.30287701
vt 0.83702898 0.30129400
vt 0.82316500 0.30287701
vt 0.82366002 0.30219400
vt 0.83638102 0.30070201
vt 0.84116501 0.30784100
vt 0.82010800 0.31176800
vt 0.82316500 0.30287701
vt 0.83702898 0.30129400
vt 0.81484401 0.30554900
vt 0.82010800 0.31176800
vt 0.80086601 0.31457201
vt 0.80239803 0.30837101
vt 0.84452701 0.30167201
vt 0.84116501 0.30784100
vt 0.83702898 0.30129400
vt 0.84079200 0.29480001
vt 0.85688299 0.30238199
vt 0.85917199 0.30755100
vt 0.84116501 0.30784100
vt 0.84452701 0.30167201
vt 0.85917199 0.30755100
vt 0.85688299 0.30238199
vt 0.86151701 0.29740101
vt 0.86354899 0.30330601
vt 0.87602597 0.31463200
vt 0.85917199 0.30755100
vt 0.86354899 0.30330601
vt 0.87538898 0.30745199
vt 0.88173997 0.31118700
vt 0.87602597 0.31463200
vt 0.87538898 0.30745199
vt 0.88126802 0.30353901
vt 0.89283198 0.31857201
vt 0.89193302 0.32609901
vt 0.87602597 0.31463200
vt 0.88173997 0.31118700
vt 0.89283198 0.31857201
vt 0.88173997 0.31118700
vt 0.88126802 0.30353901
vt 0.90094900 0.31524301
vt 0.89193302 0.32609901
vt 0.89283198 0.31857201
vt 0.90094900 0.31524301
vt 0.89981800 0.32323399
vt 0.87510198 0.30675200
vt 0.88080299 0.30241099
vt 0.88126802 0.30353901
vt 0.87538898 0.30745199
vt 0.87538898 0.30745199
vt 0.86354899 0.30330601
vt 0.86419803 0.30291900
vt 0.87510198 0.30675200
vt 0.88080299 0.30241099
vt 0.87510198 0.30675200
vt 0.86419803 0.30291900
vt 0.86242998 0.29687801
vt 0.86354899 0.30330601
vt 0.86151701 0.29740101
vt 0.86242998 0.29687801
vt 0.86419803 0.30291900
vt 0.88541198 0.29496500
vt 0.88080299 0.30241099
vt 0.86242998 0.29687801
vt 0.86321002 0.28820801
vt 0.86151701 0.29740101
vt 0.84079200 0.29480001
vt 0.83986902 0.29399201
vt 0.86242998 0.29687801
vt 0.86321002 0.28820801
vt 0.86242998 0.29687801
vt 0.83986902 0.29399201
vt 0.84048802 0.28550899
vt 0.86321002 0.28820801
vt 0.84048802 0.28550899
vt 0.84048301 0.28257900
vt 0.86378199 0.28546801
vt 0.84048802 0.28550899
vt 0.81601602 0.28788200
vt 0.81540298 0.28502700
vt 0.84048301 0.28257900
vt 0.85688299 0.30238199
vt 0.84452701 0.30167201
vt 0.84079200 0.29480001
vt 0.86151701 0.29740101
vt 0.83638102 0.30070201
vt 0.83986902 0.29399201
vt 0.84079200 0.29480001
vt 0.83702898 0.30129400
vt 0.80239803 0.30837101
vt 0.80086601 0.31457201
vt 0.79520798 0.31014901
vt 0.79633403 0.30357099
vt 0.80086601 0.31457201
vt 0.78438902 0.32151699
vt 0.78435600 0.31562600
vt 0.79520798 0.31014901
vt 0.77939200 0.31945401
vt 0.78438902 0.32151699
vt 0.77234602 0.33384699
vt 0.77061301 0.32748401
vt 0.78438902 0.32151699
vt 0.77939200 0.31945401
vt 0.77886999 0.31311601
vt 0.78435600 0.31562600
vt 0.79520798 0.31014901
vt 0.78435600 0.31562600
vt 0.78455198 0.31493899
vt 0.79450703 0.30987200
vt 0.78435600 0.31562600
vt 0.77886999 0.31311601
vt 0.77911299 0.31208301
vt 0.78455198 0.31493899
vt 0.77939200 0.31945401
vt 0.77061301 0.32748401
vt 0.76333803 0.32572001
vt 0.77886999 0.31311601
vt 0.77061301 0.32748401
vt 0.77234602 0.33384699
vt 0.76523000 0.33238700
vt 0.76333803 0.32572001
vt 0.74241698 0.33774301
vt 0.73038697 0.35919201
vt 0.72760201 0.35794300
vt 0.74001497 0.33612999
vt 0.73038697 0.35919201
vt 0.72204697 0.38399100
vt 0.71886998 0.38320500
vt 0.72760201 0.35794300
vt 0.72204697 0.38399100
vt 0.73136401 0.38522801
vt 0.72751498 0.41231501
vt 0.71777099 0.41054600
vt 0.72204697 0.38399100
vt 0.71777099 0.41054600
vt 0.71447402 0.41031599
vt 0.71886998 0.38320500
vt 0.71066600 0.38109401
vt 0.72043997 0.35464901
vt 0.72760201 0.35794300
vt 0.71886998 0.38320500
vt 0.70570201 0.40968099
vt 0.71066600 0.38109401
vt 0.71886998 0.38320500
vt 0.71447402 0.41031599
vt 0.71777099 0.41054600
vt 0.71822298 0.43853801
vt 0.71491998 0.43891600
vt 0.71447402 0.41031599
vt 0.70570201 0.43991801
vt 0.70570201 0.40968099
vt 0.71447402 0.41031599
vt 0.71491998 0.43891600
vt 0.71204299 0.47012800
vt 0.70570201 0.43991801
vt 0.71491998 0.43891600
vt 0.72075701 0.46731001
vt 0.72484303 0.49851999
vt 0.71204299 0.47012800
vt 0.72075701 0.46731001
vt 0.73281503 0.49405000
vt 0.74255699 0.52345300
vt 0.72484303 0.49851999
vt 0.73281503 0.49405000
vt 0.74913001 0.51763201
vt 0.76512998 0.54399598
vt 0.74255699 0.52345300
vt 0.74913001 0.51763201
vt 0.77025700 0.53706002
vt 0.78979498 0.55782998
vt 0.76512998 0.54399598
vt 0.77025700 0.53706002
vt 0.79317600 0.55038500
vt 0.81524998 0.56664699
vt 0.78979498 0.55782998
vt 0.79317600 0.55038500
vt 0.81709403 0.55874801
vt 0.84154701 0.56966001
vt 0.81524998 0.56664699
vt 0.81709403 0.55874801
vt 0.84168798 0.56196100
vt 0.86839300 0.56770802
vt 0.84154701 0.56966001
vt 0.84168798 0.56196100
vt 0.86673099 0.55972397
vt 0.81777698 0.55586702
vt 0.84175402 0.55901301
vt 0.84168798 0.56196100
vt 0.81709403 0.55874801
vt 0.84175402 0.55901301
vt 0.86609298 0.55675697
vt 0.86673099 0.55972397
vt 0.84168798 0.56196100
vt 0.86609298 0.55675697
vt 0.89021701 0.54857099
vt 0.89162600 0.55143899
vt 0.86673099 0.55972397
vt 0.89543903 0.55917001
vt 0.86839300 0.56770802
vt 0.86673099 0.55972397
vt 0.89162600 0.55143899
vt 0.92081398 0.54279900
vt 0.89543903 0.55917001
vt 0.89162600 0.55143899
vt 0.91503501 0.53602701
vt 0.89021701 0.54857099
vt 0.91289198 0.53350902
vt 0.91503501 0.53602701
vt 0.89162600 0.55143899
vt 0.86609298 0.55675697
vt 0.86319000 0.54820299
vt 0.88696003 0.53992403
vt 0.89021701 0.54857099
vt 0.89021701 0.54857099
vt 0.88696003 0.53992403
vt 0.90595001 0.52695000
vt 0.91289198 0.53350902
vt 0.91289198 0.53350902
vt 0.90595001 0.52695000
vt 0.92361200 0.50763500
vt 0.93044901 0.51417297
vt 0.91289198 0.53350902
vt 0.93044901 0.51417297
vt 0.93291998 0.51605499
vt 0.91503501 0.53602701
vt 0.93044901 0.51417297
vt 0.92361200 0.50763500
vt 0.93523300 0.48975700
vt 0.94386899 0.49287400
vt 0.93044901 0.51417297
vt 0.94386899 0.49287400
vt 0.94651002 0.49421501
vt 0.93291998 0.51605499
vt 0.94386899 0.49287400
vt 0.93523300 0.48975700
vt 0.94537801 0.46628499
vt 0.95333499 0.46966800
vt 0.94386899 0.49287400
vt 0.95333499 0.46966800
vt 0.95620602 0.47054201
vt 0.94651002 0.49421501
vt 0.95333499 0.46966800
vt 0.94537801 0.46628499
vt 0.94953400 0.44496700
vt 0.95818299 0.44529900
vt 0.95333499 0.46966800
vt 0.95818299 0.44529900
vt 0.96103603 0.44564101
vt 0.95620602 0.47054201
vt 0.96402502 0.47283700
vt 0.95368803 0.49784601
vt 0.94651002 0.49421501
vt 0.95620602 0.47054201
vt 0.96860403 0.44651499
vt 0.96402502 0.47283700
vt 0.95620602 0.47054201
vt 0.96103603 0.44564101
vt 0.95818299 0.44529900
vt 0.95883697 0.42209899
vt 0.96164501 0.42206001
vt 0.96103603 0.44564101
vt 0.96900898 0.42197001
vt 0.96860403 0.44651499
vt 0.96103603 0.44564101
vt 0.96164501 0.42206001
vt 0.96769398 0.39752400
vt 0.96900898 0.42197001
vt 0.96164501 0.42206001
vt 0.96026200 0.39838901
vt 0.96353602 0.37095001
vt 0.96769398 0.39752400
vt 0.96026200 0.39838901
vt 0.95546103 0.37333599
vt 0.95282203 0.34411800
vt 0.96353602 0.37095001
vt 0.95546103 0.37333599
vt 0.94518799 0.34797901
vt 0.95738202 0.39878500
vt 0.95248199 0.37422600
vt 0.95546103 0.37333599
vt 0.96026200 0.39838901
vt 0.95248199 0.37422600
vt 0.94226301 0.34949100
vt 0.94518799 0.34797901
vt 0.95546103 0.37333599
vt 0.93716198 0.31821999
vt 0.95282203 0.34411800
vt 0.94518799 0.34797901
vt 0.93030697 0.32397500
vt 0.94226301 0.34949100
vt 0.92767602 0.32616499
vt 0.93030697 0.32397500
vt 0.94518799 0.34797901
vt 0.95248199 0.37422600
vt 0.94351798 0.37596399
vt 0.93388200 0.35507801
vt 0.94226301 0.34949100
vt 0.95738202 0.39878500
vt 0.94902200 0.40113300
vt 0.94351798 0.37596399
vt 0.95248199 0.37422600
vt 0.95883697 0.42209899
vt 0.94983399 0.42115101
vt 0.94902200 0.40113300
vt 0.95738202 0.39878500
vt 0.95883697 0.42209899
vt 0.95738202 0.39878500
vt 0.96026200 0.39838901
vt 0.96164501 0.42206001
vt 0.94252598 0.40496200
vt 0.94807500 0.40033799
vt 0.94902200 0.40113300
vt 0.94316298 0.40545499
vt 0.94807500 0.40033799
vt 0.94301498 0.37724701
vt 0.94351798 0.37596399
vt 0.94902200 0.40113300
vt 0.94983399 0.42115101
vt 0.94401002 0.41797400
vt 0.94316298 0.40545499
vt 0.94902200 0.40113300
vt 0.95818299 0.44529900
vt 0.94953400 0.44496700
vt 0.94983399 0.42115101
vt 0.95883697 0.42209899
vt 0.94401002 0.41797400
vt 0.94983399 0.42115101
vt 0.94915003 0.42200601
vt 0.94342101 0.41855800
vt 0.94883299 0.44394001
vt 0.94915003 0.42200601
vt 0.94983399 0.42115101
vt 0.94953400 0.44496700
vt 0.94234300 0.43941900
vt 0.94301498 0.42609900
vt 0.94915003 0.42200601
vt 0.94883299 0.44394001
vt 0.94189000 0.44701901
vt 0.94883299 0.44394001
vt 0.94953400 0.44496700
vt 0.94239700 0.44771200
vt 0.94537801 0.46628499
vt 0.93958402 0.46045801
vt 0.94239700 0.44771200
vt 0.94953400 0.44496700
vt 0.93879998 0.46090099
vt 0.94189000 0.44701901
vt 0.94239700 0.44771200
vt 0.93958402 0.46045801
vt 0.93958402 0.46045801
vt 0.94537801 0.46628499
vt 0.94423097 0.46698800
vt 0.93879998 0.46090099
vt 0.94342101 0.41855800
vt 0.94252598 0.40496200
vt 0.94316298 0.40545499
vt 0.94401002 0.41797400
vt 0.94040400 0.39704099
vt 0.93706697 0.38363501
vt 0.94301498 0.37724701
vt 0.94807500 0.40033799
vt 0.93486899 0.37470400
vt 0.94351798 0.37596399
vt 0.94301498 0.37724701
vt 0.93444502 0.37559301
vt 0.94351798 0.37596399
vt 0.93486899 0.37470400
vt 0.92975599 0.36171800
vt 0.93388200 0.35507801
vt 0.93444502 0.37559301
vt 0.92891902 0.36143899
vt 0.92975599 0.36171800
vt 0.93486899 0.37470400
vt 0.92891902 0.36143899
vt 0.93265498 0.35461700
vt 0.93388200 0.35507801
vt 0.92975599 0.36171800
vt 0.95368803 0.49784601
vt 0.93942398 0.52086800
vt 0.93291998 0.51605499
vt 0.94651002 0.49421501
vt 0.93942398 0.52086800
vt 0.92081398 0.54279900
vt 0.91503501 0.53602701
vt 0.93291998 0.51605499
vt 0.93496102 0.48849499
vt 0.94423097 0.46698800
vt 0.94537801 0.46628499
vt 0.93523300 0.48975700
vt 0.93131697 0.48198500
vt 0.93536198 0.46831501
vt 0.94423097 0.46698800
vt 0.93496102 0.48849499
vt 0.92692500 0.48895299
vt 0.93496102 0.48849499
vt 0.93523300 0.48975700
vt 0.92719603 0.48979199
vt 0.92361200 0.50763500
vt 0.92089403 0.50120801
vt 0.92719603 0.48979199
vt 0.93523300 0.48975700
vt 0.92006999 0.50135398
vt 0.92692500 0.48895299
vt 0.92719603 0.48979199
vt 0.92089403 0.50120801
vt 0.92089403 0.50120801
vt 0.92361200 0.50763500
vt 0.92245001 0.50783700
vt 0.92006999 0.50135398
vt 0.90615600 0.52554899
vt 0.92245001 0.50783700
vt 0.92361200 0.50763500
vt 0.90595001 0.52695000
vt 0.90408999 0.51685101
vt 0.91392601 0.50699103
vt 0.92245001 0.50783700
vt 0.90615600 0.52554899
vt 0.89802200 0.52259701
vt 0.90615600 0.52554899
vt 0.90595001 0.52695000
vt 0.89793199 0.52353901
vt 0.88696003 0.53992403
vt 0.88703603 0.53204203
vt 0.89793199 0.52353901
vt 0.90595001 0.52695000
vt 0.88615000 0.53184003
vt 0.89802200 0.52259701
vt 0.89793199 0.52353901
vt 0.88703603 0.53204203
vt 0.88703603 0.53204203
vt 0.88696003 0.53992403
vt 0.88572299 0.53958797
vt 0.88615000 0.53184003
vt 0.86388999 0.54718202
vt 0.88572299 0.53958797
vt 0.88696003 0.53992403
vt 0.86319000 0.54820299
vt 0.86574602 0.53998899
vt 0.87770301 0.53467298
vt 0.88572299 0.53958797
vt 0.86388999 0.54718202
vt 0.85911298 0.54190201
vt 0.86388999 0.54718202
vt 0.86319000 0.54820299
vt 0.85864598 0.54257703
vt 0.84175402 0.55901301
vt 0.84293401 0.55036801
vt 0.86319000 0.54820299
vt 0.86609298 0.55675697
vt 0.84293401 0.55036801
vt 0.84674001 0.54411501
vt 0.85864598 0.54257703
vt 0.86319000 0.54820299
vt 0.81777698 0.55586702
vt 0.81892598 0.54727000
vt 0.84293401 0.55036801
vt 0.84175402 0.55901301
vt 0.81996500 0.54670697
vt 0.84206098 0.54953200
vt 0.84293401 0.55036801
vt 0.81892598 0.54727000
vt 0.84674001 0.54411501
vt 0.84293401 0.55036801
vt 0.84206098 0.54953200
vt 0.84617501 0.54358798
vt 0.84617501 0.54358798
vt 0.85911298 0.54190201
vt 0.85864598 0.54257703
vt 0.84674001 0.54411501
vt 0.82549602 0.54150599
vt 0.83888000 0.54215902
vt 0.84206098 0.54953200
vt 0.81996500 0.54670697
vt 0.81776202 0.53993100
vt 0.81996500 0.54670697
vt 0.81892598 0.54727000
vt 0.81702799 0.54031199
vt 0.79445302 0.54767901
vt 0.79960102 0.53974998
vt 0.81892598 0.54727000
vt 0.81777698 0.55586702
vt 0.79960102 0.53974998
vt 0.80549198 0.53532898
vt 0.81702799 0.54031199
vt 0.81892598 0.54727000
vt 0.80521798 0.53454697
vt 0.81776202 0.53993100
vt 0.81702799 0.54031199
vt 0.80549198 0.53532898
vt 0.80549198 0.53532898
vt 0.79960102 0.53974998
vt 0.79912102 0.53861600
vt 0.80521798 0.53454697
vt 0.77862698 0.52651602
vt 0.79912102 0.53861600
vt 0.79960102 0.53974998
vt 0.77723598 0.52661002
vt 0.77220798 0.53446299
vt 0.77723598 0.52661002
vt 0.79960102 0.53974998
vt 0.79445302 0.54767901
vt 0.79445302 0.54767901
vt 0.81777698 0.55586702
vt 0.81709403 0.55874801
vt 0.79317600 0.55038500
vt 0.77220798 0.53446299
vt 0.79445302 0.54767901
vt 0.79317600 0.55038500
vt 0.77025700 0.53706002
vt 0.75167102 0.51540703
vt 0.77220798 0.53446299
vt 0.77025700 0.53706002
vt 0.74913001 0.51763201
vt 0.75167102 0.51540703
vt 0.75976402 0.50959200
vt 0.77723598 0.52661002
vt 0.77220798 0.53446299
vt 0.73587102 0.49232501
vt 0.75167102 0.51540703
vt 0.74913001 0.51763201
vt 0.73281503 0.49405000
vt 0.73587102 0.49232501
vt 0.74425799 0.48615599
vt 0.75976402 0.50959200
vt 0.75167102 0.51540703
vt 0.75976402 0.50959200
vt 0.76873797 0.50738102
vt 0.77862102 0.51805300
vt 0.77723598 0.52661002
vt 0.76873797 0.50738102
vt 0.75976402 0.50959200
vt 0.75978601 0.50808698
vt 0.76880199 0.50638598
vt 0.74547201 0.48657700
vt 0.75978601 0.50808698
vt 0.75976402 0.50959200
vt 0.74425799 0.48615599
vt 0.72402602 0.46625999
vt 0.73415798 0.46429700
vt 0.74425799 0.48615599
vt 0.73587102 0.49232501
vt 0.74921900 0.48001701
vt 0.74547201 0.48657700
vt 0.74425799 0.48615599
vt 0.74834198 0.47970700
vt 0.73415798 0.46429700
vt 0.74347299 0.46585801
vt 0.74834198 0.47970700
vt 0.74425799 0.48615599
vt 0.72931302 0.43724701
vt 0.73472798 0.46290901
vt 0.73415798 0.46429700
vt 0.72823602 0.43628800
vt 0.71822298 0.43853801
vt 0.72823602 0.43628800
vt 0.73415798 0.46429700
vt 0.72402602 0.46625999
vt 0.74347299 0.46585801
vt 0.73415798 0.46429700
vt 0.73472798 0.46290901
vt 0.74393201 0.46495599
vt 0.73784000 0.44088799
vt 0.74136502 0.45600900
vt 0.73472798 0.46290901
vt 0.72931302 0.43724701
vt 0.73608100 0.43204501
vt 0.72931302 0.43724701
vt 0.72823602 0.43628800
vt 0.73532301 0.43141699
vt 0.72402602 0.46625999
vt 0.73587102 0.49232501
vt 0.73281503 0.49405000
vt 0.72075701 0.46731001
vt 0.71822298 0.43853801
vt 0.72402602 0.46625999
vt 0.72075701 0.46731001
vt 0.71491998 0.43891600
vt 0.71777099 0.41054600
vt 0.72751498 0.41231501
vt 0.72823602 0.43628800
vt 0.71822298 0.43853801
vt 0.74393201 0.46495599
vt 0.74921900 0.48001701
vt 0.74834198 0.47970700
vt 0.74347299 0.46585801
vt 0.72751498 0.41231501
vt 0.73481202 0.41680801
vt 0.73532301 0.43141699
vt 0.72823602 0.43628800
vt 0.73481202 0.41680801
vt 0.72751498 0.41231501
vt 0.72845799 0.41132000
vt 0.73551100 0.41614801
vt 0.73551100 0.41614801
vt 0.73608100 0.43204501
vt 0.73532301 0.43141699
vt 0.73481202 0.41680801
vt 0.75486398 0.48721901
vt 0.76347202 0.49935499
vt 0.75978601 0.50808698
vt 0.74547201 0.48657700
vt 0.76880199 0.50638598
vt 0.77959299 0.51799798
vt 0.77862102 0.51805300
vt 0.76873797 0.50738102
vt 0.77959299 0.51799798
vt 0.77862698 0.52651602
vt 0.77723598 0.52661002
vt 0.77862102 0.51805300
vt 0.78706801 0.52284598
vt 0.79879498 0.53092402
vt 0.79912102 0.53861600
vt 0.77862698 0.52651602
vt 0.92408800 0.35434601
vt 0.91560501 0.34179801
vt 0.91947299 0.33291700
vt 0.93265498 0.35461700
vt 0.84369898 0.90041697
vt 0.83992898 0.91416299
vt 0.82979703 0.90856600
vt 0.83661097 0.89947999
vt 0.83661097 0.89947999
vt 0.83397800 0.89306098
vt 0.84464699 0.88986701
vt 0.84369898 0.90041697
vt 0.82979703 0.90856600
vt 0.82129002 0.90126801
vt 0.83397800 0.89306098
vt 0.83661097 0.89947999
vt 0.83992898 0.91416299
vt 0.83741999 0.92198199
vt 0.82529098 0.91524100
vt 0.82979703 0.90856600
vt 0.82529098 0.91524100
vt 0.81506300 0.90686601
vt 0.82129002 0.90126801
vt 0.82979703 0.90856600
vt 0.82386702 0.91737801
vt 0.81319398 0.90865803
vt 0.81506300 0.90686601
vt 0.82529098 0.91524100
vt 0.83656901 0.92440999
vt 0.82386702 0.91737801
vt 0.82529098 0.91524100
vt 0.83741999 0.92198199
vt 0.81319398 0.90865803
vt 0.80471200 0.89875799
vt 0.80691302 0.89734501
vt 0.81506300 0.90686601
vt 0.82129002 0.90126801
vt 0.81506300 0.90686601
vt 0.80691302 0.89734501
vt 0.81440300 0.89287102
vt 0.80691302 0.89734501
vt 0.80085403 0.88700801
vt 0.80889702 0.88390601
vt 0.81440300 0.89287102
vt 0.80471200 0.89875799
vt 0.79843301 0.88801497
vt 0.80085403 0.88700801
vt 0.80691302 0.89734501
vt 0.80294698 0.89991301
vt 0.79649001 0.88884598
vt 0.79843301 0.88801497
vt 0.80471200 0.89875799
vt 0.81167603 0.91011202
vt 0.80294698 0.89991301
vt 0.80471200 0.89875799
vt 0.81319398 0.90865803
vt 0.81016302 0.91154897
vt 0.80120498 0.90106201
vt 0.80294698 0.89991301
vt 0.81167603 0.91011202
vt 0.80120498 0.90106201
vt 0.79457599 0.88967800
vt 0.79649001 0.88884598
vt 0.80294698 0.89991301
vt 0.82144099 0.92077702
vt 0.81016302 0.91154897
vt 0.81167603 0.91011202
vt 0.82267201 0.91909701
vt 0.82267201 0.91909701
vt 0.81167603 0.91011202
vt 0.81319398 0.90865803
vt 0.82386702 0.91737801
vt 0.83578098 0.92633998
vt 0.82267201 0.91909701
vt 0.82386702 0.91737801
vt 0.83656901 0.92440999
vt 0.83488899 0.92821199
vt 0.82144099 0.92077702
vt 0.82267201 0.91909701
vt 0.83578098 0.92633998
vt 0.83376098 0.93040800
vt 0.81996900 0.92275000
vt 0.82144099 0.92077702
vt 0.83488899 0.92821199
vt 0.81996900 0.92275000
vt 0.80838299 0.91324502
vt 0.81016302 0.91154897
vt 0.82144099 0.92077702
vt 0.84921700 0.93321300
vt 0.83488899 0.92821199
vt 0.83578098 0.92633998
vt 0.84972501 0.93122798
vt 0.84847301 0.93554401
vt 0.83376098 0.93040800
vt 0.83488899 0.92821199
vt 0.84921700 0.93321300
vt 0.84847301 0.93554401
vt 0.84747899 0.93849701
vt 0.83232498 0.93317598
vt 0.83376098 0.93040800
vt 0.83376098 0.93040800
vt 0.83232498 0.93317598
vt 0.81812501 0.92523199
vt 0.81996900 0.92275000
vt 0.86235899 0.93794399
vt 0.86181200 0.94098300
vt 0.84747899 0.93849701
vt 0.84847301 0.93554401
vt 0.86235899 0.93794399
vt 0.84847301 0.93554401
vt 0.84921700 0.93321300
vt 0.86271900 0.93556899
vt 0.87374401 0.93821198
vt 0.87356699 0.94124800
vt 0.86181200 0.94098300
vt 0.86235899 0.93794399
vt 0.87374401 0.93821198
vt 0.86235899 0.93794399
vt 0.86271900 0.93556899
vt 0.87378800 0.93585998
vt 0.88143402 0.93755102
vt 0.87374401 0.93821198
vt 0.87378800 0.93585998
vt 0.88130802 0.93521702
vt 0.88143402 0.93755102
vt 0.88143098 0.94056702
vt 0.87356699 0.94124800
vt 0.87374401 0.93821198
vt 0.88629901 0.93678802
vt 0.88628697 0.93984801
vt 0.88143098 0.94056702
vt 0.88143402 0.93755102
vt 0.88629901 0.93678802
vt 0.88143402 0.93755102
vt 0.88130802 0.93521702
vt 0.88614303 0.93440402
vt 0.88628697 0.93984801
vt 0.88633901 0.94322300
vt 0.88141900 0.94395298
vt 0.88143098 0.94056702
vt 0.88143098 0.94056702
vt 0.88141900 0.94395298
vt 0.87334502 0.94468200
vt 0.87356699 0.94124800
vt 0.88633901 0.94322300
vt 0.88660097 0.94652802
vt 0.88147497 0.94729400
vt 0.88141900 0.94395298
vt 0.88141900 0.94395298
vt 0.88147497 0.94729400
vt 0.87313902 0.94810897
vt 0.87334502 0.94468200
vt 0.87334502 0.94468200
vt 0.87313902 0.94810897
vt 0.86053300 0.94783098
vt 0.86117297 0.94441199
vt 0.87356699 0.94124800
vt 0.87334502 0.94468200
vt 0.86117297 0.94441199
vt 0.86181200 0.94098300
vt 0.86117297 0.94441199
vt 0.86053300 0.94783098
vt 0.84522998 0.94510698
vt 0.84635103 0.94181198
vt 0.86181200 0.94098300
vt 0.86117297 0.94441199
vt 0.84635103 0.94181198
vt 0.84747899 0.93849701
vt 0.84747899 0.93849701
vt 0.84635103 0.94181198
vt 0.83071899 0.93627101
vt 0.83232498 0.93317598
vt 0.84635103 0.94181198
vt 0.84522998 0.94510698
vt 0.82913202 0.93934202
vt 0.83071899 0.93627101
vt 0.86053300 0.94783098
vt 0.85997802 0.95077300
vt 0.84427100 0.94793600
vt 0.84522998 0.94510698
vt 0.84522998 0.94510698
vt 0.84427100 0.94793600
vt 0.82778102 0.94198000
vt 0.82913202 0.93934202
vt 0.83071899 0.93627101
vt 0.82913202 0.93934202
vt 0.81405300 0.93076098
vt 0.81607598 0.92800599
vt 0.82913202 0.93934202
vt 0.82778102 0.94198000
vt 0.81232500 0.93313199
vt 0.81405300 0.93076098
vt 0.82778102 0.94198000
vt 0.84427100 0.94793600
vt 0.84363002 0.94984901
vt 0.82687998 0.94376999
vt 0.81232500 0.93313199
vt 0.82778102 0.94198000
vt 0.82687998 0.94376999
vt 0.81116903 0.93474901
vt 0.79917502 0.92220902
vt 0.81232500 0.93313199
vt 0.81116903 0.93474901
vt 0.79776800 0.92361403
vt 0.81405300 0.93076098
vt 0.81232500 0.93313199
vt 0.79917502 0.92220902
vt 0.80126202 0.92015398
vt 0.81116903 0.93474901
vt 0.82687998 0.94376999
vt 0.82634199 0.94487900
vt 0.81047100 0.93575698
vt 0.79776800 0.92361403
vt 0.81116903 0.93474901
vt 0.81047100 0.93575698
vt 0.79690999 0.92449403
vt 0.78858298 0.90969300
vt 0.79917502 0.92220902
vt 0.79776800 0.92361403
vt 0.78695899 0.91083598
vt 0.78695899 0.91083598
vt 0.79776800 0.92361403
vt 0.79690999 0.92449403
vt 0.78595799 0.91155601
vt 0.77882099 0.89683300
vt 0.78695899 0.91083598
vt 0.78595799 0.91155601
vt 0.77770001 0.89736497
vt 0.78064400 0.89598399
vt 0.78858298 0.90969300
vt 0.78695899 0.91083598
vt 0.77882099 0.89683300
vt 0.79099298 0.90802002
vt 0.78858298 0.90969300
vt 0.78064400 0.89598399
vt 0.78331602 0.89475602
vt 0.80126202 0.92015398
vt 0.79917502 0.92220902
vt 0.78858298 0.90969300
vt 0.79099298 0.90802002
vt 0.80369997 0.91777301
vt 0.80126202 0.92015398
vt 0.79099298 0.90802002
vt 0.79379803 0.90608799
vt 0.79379803 0.90608799
vt 0.79099298 0.90802002
vt 0.78331602 0.89475602
vt 0.78641701 0.89333999
vt 0.78331602 0.89475602
vt 0.78064400 0.89598399
vt 0.77535999 0.88136101
vt 0.77821797 0.88063103
vt 0.78641701 0.89333999
vt 0.78331602 0.89475602
vt 0.77821797 0.88063103
vt 0.78152901 0.87979198
vt 0.78953898 0.89192599
vt 0.78641701 0.89333999
vt 0.78152901 0.87979198
vt 0.78485799 0.87895602
vt 0.79662699 0.90415102
vt 0.79379803 0.90608799
vt 0.78641701 0.89333999
vt 0.78953898 0.89192599
vt 0.79233599 0.89066899
vt 0.78953898 0.89192599
vt 0.78485799 0.87895602
vt 0.78783500 0.87821603
vt 0.79916698 0.90242600
vt 0.79662699 0.90415102
vt 0.78953898 0.89192599
vt 0.79233599 0.89066899
vt 0.78783500 0.87821603
vt 0.78485799 0.87895602
vt 0.78260499 0.86541700
vt 0.78569102 0.86521602
vt 0.78485799 0.87895602
vt 0.78152901 0.87979198
vt 0.77915400 0.86564702
vt 0.78260499 0.86541700
vt 0.78260499 0.86541700
vt 0.77915400 0.86564702
vt 0.77932000 0.85124397
vt 0.78277600 0.85162699
vt 0.78569102 0.86521602
vt 0.78260499 0.86541700
vt 0.78277600 0.85162699
vt 0.78586799 0.85197401
vt 0.78783500 0.87821603
vt 0.78569102 0.86521602
vt 0.78815699 0.86505598
vt 0.79021603 0.87763101
vt 0.78569102 0.86521602
vt 0.78586799 0.85197401
vt 0.78833801 0.85225099
vt 0.78815699 0.86505598
vt 0.78586799 0.85197401
vt 0.78834200 0.83892202
vt 0.79073203 0.83963001
vt 0.78833801 0.85225099
vt 0.78586799 0.85197401
vt 0.78277600 0.85162699
vt 0.78535199 0.83803898
vt 0.78834200 0.83892202
vt 0.78834200 0.83892202
vt 0.78535199 0.83803898
vt 0.79025698 0.82510799
vt 0.79304498 0.82650602
vt 0.78834200 0.83892202
vt 0.79304498 0.82650602
vt 0.79527599 0.82762301
vt 0.79073203 0.83963001
vt 0.79073203 0.83963001
vt 0.79527599 0.82762301
vt 0.79717898 0.82857400
vt 0.79276800 0.84023303
vt 0.78833801 0.85225099
vt 0.79073203 0.83963001
vt 0.79276800 0.84023303
vt 0.79044098 0.85248703
vt 0.79527599 0.82762301
vt 0.80193698 0.81659901
vt 0.80365503 0.81787598
vt 0.79717898 0.82857400
vt 0.79304498 0.82650602
vt 0.79992503 0.81509799
vt 0.80193698 0.81659901
vt 0.79527599 0.82762301
vt 0.80193698 0.81659901
vt 0.81046897 0.80684400
vt 0.81194198 0.80840898
vt 0.80365503 0.81787598
vt 0.79992503 0.81509799
vt 0.80874503 0.80500603
vt 0.81046897 0.80684400
vt 0.80193698 0.81659901
vt 0.80365503 0.81787598
vt 0.81194198 0.80840898
vt 0.81343800 0.80999303
vt 0.80540103 0.81916600
vt 0.79717898 0.82857400
vt 0.80365503 0.81787598
vt 0.80540103 0.81916600
vt 0.79910898 0.82953602
vt 0.79910898 0.82953602
vt 0.80540103 0.81916600
vt 0.80757600 0.82079202
vt 0.80150700 0.83074802
vt 0.80540103 0.81916600
vt 0.81343800 0.80999303
vt 0.81531298 0.81198901
vt 0.80757600 0.82079202
vt 0.81478500 0.82652402
vt 0.80757600 0.82079202
vt 0.81531298 0.81198901
vt 0.82170999 0.81903398
vt 0.80931300 0.83494198
vt 0.80150700 0.83074802
vt 0.80757600 0.82079202
vt 0.81478500 0.82652402
vt 0.79483199 0.84084600
vt 0.79910898 0.82953602
vt 0.80150700 0.83074802
vt 0.79740602 0.84162802
vt 0.80600399 0.84444398
vt 0.79740602 0.84162802
vt 0.80150700 0.83074802
vt 0.80931300 0.83494198
vt 0.82111400 0.84184498
vt 0.80931300 0.83494198
vt 0.81478500 0.82652402
vt 0.82733101 0.83904499
vt 0.82237703 0.84910899
vt 0.80600399 0.84444398
vt 0.80931300 0.83494198
vt 0.82111400 0.84184498
vt 0.82284498 0.85841697
vt 0.80433398 0.85449201
vt 0.80600399 0.84444398
vt 0.82237703 0.84910899
vt 0.79524201 0.85305500
vt 0.79740602 0.84162802
vt 0.80600399 0.84444398
vt 0.80433398 0.85449201
vt 0.82049501 0.86680901
vt 0.80389798 0.86458302
vt 0.80433398 0.85449201
vt 0.82284498 0.85841697
vt 0.80389798 0.86458302
vt 0.79504299 0.86464900
vt 0.79524201 0.85305500
vt 0.80433398 0.85449201
vt 0.80520803 0.87447202
vt 0.80389798 0.86458302
vt 0.82049501 0.86680901
vt 0.81785399 0.87274402
vt 0.79686803 0.87606502
vt 0.79504299 0.86464900
vt 0.80389798 0.86458302
vt 0.80520803 0.87447202
vt 0.79430699 0.87664700
vt 0.79238802 0.86478698
vt 0.79504299 0.86464900
vt 0.79686803 0.87606502
vt 0.79238802 0.86478698
vt 0.79257500 0.85272801
vt 0.79524201 0.85305500
vt 0.79504299 0.86464900
vt 0.79224700 0.87713897
vt 0.79025799 0.86492097
vt 0.79238802 0.86478698
vt 0.79430699 0.87664700
vt 0.79025799 0.86492097
vt 0.79044098 0.85248703
vt 0.79257500 0.85272801
vt 0.79238802 0.86478698
vt 0.79021603 0.87763101
vt 0.78815699 0.86505598
vt 0.79025799 0.86492097
vt 0.79224700 0.87713897
vt 0.78815699 0.86505598
vt 0.78833801 0.85225099
vt 0.79044098 0.85248703
vt 0.79025799 0.86492097
vt 0.79044098 0.85248703
vt 0.79276800 0.84023303
vt 0.79483199 0.84084600
vt 0.79257500 0.85272801
vt 0.79649001 0.88884598
vt 0.79224700 0.87713897
vt 0.79430699 0.87664700
vt 0.79843301 0.88801497
vt 0.79457599 0.88967800
vt 0.79021603 0.87763101
vt 0.79224700 0.87713897
vt 0.79649001 0.88884598
vt 0.79233599 0.89066899
vt 0.78783500 0.87821603
vt 0.79021603 0.87763101
vt 0.79457599 0.88967800
vt 0.79916698 0.90242600
vt 0.79233599 0.89066899
vt 0.79457599 0.88967800
vt 0.80120498 0.90106201
vt 0.79257500 0.85272801
vt 0.79483199 0.84084600
vt 0.79740602 0.84162802
vt 0.79524201 0.85305500
vt 0.79276800 0.84023303
vt 0.79717898 0.82857400
vt 0.79910898 0.82953602
vt 0.79483199 0.84084600
vt 0.79843301 0.88801497
vt 0.79430699 0.87664700
vt 0.79686803 0.87606502
vt 0.80085403 0.88700801
vt 0.80889702 0.88390601
vt 0.80085403 0.88700801
vt 0.79686803 0.87606502
vt 0.80520803 0.87447202
vt 0.82327098 0.87773800
vt 0.80889702 0.88390601
vt 0.80520803 0.87447202
vt 0.81785399 0.87274402
vt 0.81785399 0.87274402
vt 0.82049501 0.86680901
vt 0.83236200 0.87130398
vt 0.82327098 0.87773800
vt 0.82327098 0.87773800
vt 0.83236200 0.87130398
vt 0.84248602 0.87882698
vt 0.82964700 0.88490099
vt 0.82964700 0.88490099
vt 0.81440300 0.89287102
vt 0.80889702 0.88390601
vt 0.82327098 0.87773800
vt 0.83397800 0.89306098
vt 0.82129002 0.90126801
vt 0.81440300 0.89287102
vt 0.82964700 0.88490099
vt 0.83397800 0.89306098
vt 0.82964700 0.88490099
vt 0.84248602 0.87882698
vt 0.84464699 0.88986701
vt 0.84464699 0.88986701
vt 0.84248602 0.87882698
vt 0.86462802 0.86968201
vt 0.85517198 0.89065599
vt 0.83236200 0.87130398
vt 0.83847803 0.86221999
vt 0.86462802 0.86968201
vt 0.84248602 0.87882698
vt 0.83464003 0.85016400
vt 0.84587198 0.84719503
vt 0.86462802 0.86968201
vt 0.83847803 0.86221999
vt 0.84994203 0.83541697
vt 0.86107999 0.84032798
vt 0.86462802 0.86968201
vt 0.84587198 0.84719503
vt 0.86151499 0.89929903
vt 0.85517198 0.89065599
vt 0.86462802 0.86968201
vt 0.86545497 0.89457703
vt 0.87066400 0.89893001
vt 0.86545497 0.89457703
vt 0.86462802 0.86968201
vt 0.87248099 0.89119399
vt 0.87108701 0.83400798
vt 0.87734699 0.84507900
vt 0.86462802 0.86968201
vt 0.86107999 0.84032798
vt 0.88879001 0.84754401
vt 0.88781500 0.85938501
vt 0.86462802 0.86968201
vt 0.87734699 0.84507900
vt 0.87918800 0.89104199
vt 0.87248099 0.89119399
vt 0.86462802 0.86968201
vt 0.88104397 0.88293397
vt 0.88942200 0.88043898
vt 0.88104397 0.88293397
vt 0.86462802 0.86968201
vt 0.88812798 0.87317598
vt 0.89504600 0.86745799
vt 0.88812798 0.87317598
vt 0.86462802 0.86968201
vt 0.88781500 0.85938501
vt 0.88110000 0.89863801
vt 0.87714797 0.90099198
vt 0.87248099 0.89119399
vt 0.87918800 0.89104199
vt 0.87539899 0.90533102
vt 0.87066400 0.89893001
vt 0.87248099 0.89119399
vt 0.87714797 0.90099198
vt 0.88110000 0.89863801
vt 0.88664901 0.90641898
vt 0.88440502 0.91041899
vt 0.87714797 0.90099198
vt 0.87714797 0.90099198
vt 0.88440502 0.91041899
vt 0.88269198 0.91439700
vt 0.87539899 0.90533102
vt 0.87540698 0.90924799
vt 0.87252402 0.90794498
vt 0.87066400 0.89893001
vt 0.87539899 0.90533102
vt 0.87539899 0.90533102
vt 0.88269198 0.91439700
vt 0.88114297 0.91776502
vt 0.87540698 0.90924799
vt 0.87540698 0.90924799
vt 0.88114297 0.91776502
vt 0.87922901 0.91984999
vt 0.87252402 0.90794498
vt 0.87252402 0.90794498
vt 0.87922901 0.91984999
vt 0.87675899 0.92101699
vt 0.86911100 0.90710998
vt 0.87252402 0.90794498
vt 0.86911100 0.90710998
vt 0.86545497 0.89457703
vt 0.87066400 0.89893001
vt 0.86627197 0.90888298
vt 0.86151499 0.89929903
vt 0.86545497 0.89457703
vt 0.86911100 0.90710998
vt 0.86911100 0.90710998
vt 0.87675899 0.92101699
vt 0.87339199 0.92183101
vt 0.86627197 0.90888298
vt 0.88294500 0.92798001
vt 0.87862402 0.92902601
vt 0.87339199 0.92183101
vt 0.87675899 0.92101699
vt 0.87922901 0.91984999
vt 0.88566399 0.92639703
vt 0.88294500 0.92798001
vt 0.87675899 0.92101699
vt 0.88467097 0.93037498
vt 0.88007599 0.93137902
vt 0.87862402 0.92902601
vt 0.88294500 0.92798001
vt 0.88749701 0.92903900
vt 0.88467097 0.93037498
vt 0.88294500 0.92798001
vt 0.88566399 0.92639703
vt 0.88114297 0.91776502
vt 0.88761199 0.92376000
vt 0.88566399 0.92639703
vt 0.87922901 0.91984999
vt 0.88913202 0.92769402
vt 0.88749701 0.92903900
vt 0.88566399 0.92639703
vt 0.88761199 0.92376000
vt 0.89056498 0.92664599
vt 0.88913202 0.92769402
vt 0.88761199 0.92376000
vt 0.88970101 0.92318797
vt 0.88952601 0.91873902
vt 0.88970101 0.92318797
vt 0.88761199 0.92376000
vt 0.88788497 0.91839701
vt 0.88269198 0.91439700
vt 0.88788497 0.91839701
vt 0.88761199 0.92376000
vt 0.88114297 0.91776502
vt 0.88877201 0.91369402
vt 0.88788497 0.91839701
vt 0.88269198 0.91439700
vt 0.88440502 0.91041899
vt 0.89007503 0.91423398
vt 0.88952601 0.91873902
vt 0.88788497 0.91839701
vt 0.88877201 0.91369402
vt 0.88664901 0.90641898
vt 0.89019197 0.90938401
vt 0.88877201 0.91369402
vt 0.88440502 0.91041899
vt 0.89125198 0.91013402
vt 0.89007503 0.91423398
vt 0.88877201 0.91369402
vt 0.89019197 0.90938401
vt 0.89166898 0.91459501
vt 0.89143699 0.91868502
vt 0.88952601 0.91873902
vt 0.89007503 0.91423398
vt 0.89252502 0.91081500
vt 0.89166898 0.91459501
vt 0.89007503 0.91423398
vt 0.89125198 0.91013402
vt 0.89381802 0.90731603
vt 0.89252502 0.91081500
vt 0.89125198 0.91013402
vt 0.89281100 0.90651500
vt 0.89281100 0.90651500
vt 0.89125198 0.91013402
vt 0.89019197 0.90938401
vt 0.89205599 0.90559298
vt 0.89281100 0.90651500
vt 0.89470202 0.90321797
vt 0.89551699 0.90408599
vt 0.89381802 0.90731603
vt 0.89205599 0.90559298
vt 0.89425999 0.90217900
vt 0.89470202 0.90321797
vt 0.89281100 0.90651500
vt 0.89205599 0.90559298
vt 0.88937700 0.90250701
vt 0.89245999 0.89857298
vt 0.89425999 0.90217900
vt 0.89205599 0.90559298
vt 0.89019197 0.90938401
vt 0.88664901 0.90641898
vt 0.88937700 0.90250701
vt 0.88554102 0.89360201
vt 0.89245999 0.89857298
vt 0.88937700 0.90250701
vt 0.88458502 0.89769500
vt 0.88937700 0.90250701
vt 0.88664901 0.90641898
vt 0.88110000 0.89863801
vt 0.88458502 0.89769500
vt 0.88458502 0.89769500
vt 0.88110000 0.89863801
vt 0.87918800 0.89104199
vt 0.88554102 0.89360201
vt 0.88834298 0.88878000
vt 0.89679402 0.89491498
vt 0.89245999 0.89857298
vt 0.88554102 0.89360201
vt 0.88554102 0.89360201
vt 0.87918800 0.89104199
vt 0.88104397 0.88293397
vt 0.88834298 0.88878000
vt 0.89314300 0.88601899
vt 0.88834298 0.88878000
vt 0.88104397 0.88293397
vt 0.88942200 0.88043898
vt 0.89314300 0.88601899
vt 0.89985102 0.89174098
vt 0.89679402 0.89491498
vt 0.88834298 0.88878000
vt 0.89715803 0.88517600
vt 0.89314300 0.88601899
vt 0.88942200 0.88043898
vt 0.89750201 0.88194501
vt 0.89715803 0.88517600
vt 0.90259600 0.88965601
vt 0.89985102 0.89174098
vt 0.89314300 0.88601899
vt 0.90225202 0.89271098
vt 0.90056401 0.89444000
vt 0.89679402 0.89491498
vt 0.89985102 0.89174098
vt 0.90424299 0.89126098
vt 0.90225202 0.89271098
vt 0.89985102 0.89174098
vt 0.90259600 0.88965601
vt 0.89750201 0.88194501
vt 0.90531403 0.88780200
vt 0.90259600 0.88965601
vt 0.89715803 0.88517600
vt 0.90424299 0.89126098
vt 0.90259600 0.88965601
vt 0.90531403 0.88780200
vt 0.90622097 0.89026898
vt 0.90525901 0.89334297
vt 0.90225202 0.89271098
vt 0.90424299 0.89126098
vt 0.90581000 0.89307898
vt 0.90581000 0.89307898
vt 0.90424299 0.89126098
vt 0.90622097 0.89026898
vt 0.90624601 0.89285898
vt 0.90622097 0.89026898
vt 0.90531403 0.88780200
vt 0.90910703 0.88597798
vt 0.90812403 0.88980299
vt 0.90624601 0.89285898
vt 0.90622097 0.89026898
vt 0.90812403 0.88980299
vt 0.90655702 0.89269298
vt 0.90631002 0.89318800
vt 0.90624601 0.89285898
vt 0.90655702 0.89269298
vt 0.90676802 0.89291900
vt 0.90581000 0.89307898
vt 0.90624601 0.89285898
vt 0.90631002 0.89318800
vt 0.90590900 0.89339602
vt 0.90644997 0.89359498
vt 0.90600401 0.89382100
vt 0.90590900 0.89339602
vt 0.90631002 0.89318800
vt 0.90697199 0.89332402
vt 0.90644997 0.89359498
vt 0.90631002 0.89318800
vt 0.90676802 0.89291900
vt 0.91102600 0.89121997
vt 0.90697199 0.89332402
vt 0.90676802 0.89291900
vt 0.91049898 0.89064699
vt 0.90655702 0.89269298
vt 0.90812403 0.88980299
vt 0.91049898 0.89064699
vt 0.90676802 0.89291900
vt 0.91394103 0.88997298
vt 0.91102600 0.89121997
vt 0.91049898 0.89064699
vt 0.91336799 0.88888299
vt 0.91049898 0.89064699
vt 0.90812403 0.88980299
vt 0.90910703 0.88597798
vt 0.91336799 0.88888299
vt 0.91336799 0.88888299
vt 0.90910703 0.88597798
vt 0.91317499 0.88129503
vt 0.91766399 0.88656700
vt 0.91794300 0.88860899
vt 0.91394103 0.88997298
vt 0.91336799 0.88888299
vt 0.91766399 0.88656700
vt 0.90301800 0.87340403
vt 0.91317499 0.88129503
vt 0.90910703 0.88597798
vt 0.89908099 0.87741500
vt 0.89908099 0.87741500
vt 0.90910703 0.88597798
vt 0.90531403 0.88780200
vt 0.89750201 0.88194501
vt 0.90301800 0.87340403
vt 0.89908099 0.87741500
vt 0.88812798 0.87317598
vt 0.89504600 0.86745799
vt 0.89750201 0.88194501
vt 0.88942200 0.88043898
vt 0.88812798 0.87317598
vt 0.89908099 0.87741500
vt 0.91670501 0.87550700
vt 0.91317499 0.88129503
vt 0.90301800 0.87340403
vt 0.90690798 0.87046897
vt 0.90690798 0.87046897
vt 0.90301800 0.87340403
vt 0.89504600 0.86745799
vt 0.90444797 0.86475003
vt 0.90444797 0.86475003
vt 0.89504600 0.86745799
vt 0.88781500 0.85938501
vt 0.90135300 0.85640401
vt 0.90135300 0.85640401
vt 0.91813600 0.85548002
vt 0.91854697 0.86653203
vt 0.90444797 0.86475003
vt 0.90444797 0.86475003
vt 0.91854697 0.86653203
vt 0.91670501 0.87550700
vt 0.90690798 0.87046897
vt 0.92745000 0.85607398
vt 0.92745298 0.86979300
vt 0.91854697 0.86653203
vt 0.91813600 0.85548002
vt 0.91854697 0.86653203
vt 0.92745298 0.86979300
vt 0.92416400 0.88203502
vt 0.91670501 0.87550700
vt 0.91766399 0.88656700
vt 0.91317499 0.88129503
vt 0.91670501 0.87550700
vt 0.92416400 0.88203502
vt 0.92279500 0.88741398
vt 0.91794300 0.88860899
vt 0.91766399 0.88656700
vt 0.92416400 0.88203502
vt 0.92279500 0.88741398
vt 0.92416400 0.88203502
vt 0.92920500 0.88070297
vt 0.92717099 0.88699198
vt 0.93091398 0.86970299
vt 0.92920500 0.88070297
vt 0.92416400 0.88203502
vt 0.92745298 0.86979300
vt 0.93374598 0.86935198
vt 0.93247199 0.88033199
vt 0.92920500 0.88070297
vt 0.93091398 0.86970299
vt 0.92717099 0.88699198
vt 0.92920500 0.88070297
vt 0.93247199 0.88033199
vt 0.93047500 0.88708502
vt 0.93608499 0.86953503
vt 0.93479401 0.88093001
vt 0.93247199 0.88033199
vt 0.93374598 0.86935198
vt 0.93047500 0.88708502
vt 0.93247199 0.88033199
vt 0.93479401 0.88093001
vt 0.93266797 0.88768297
vt 0.92817700 0.89115298
vt 0.93047500 0.88708502
vt 0.93266797 0.88768297
vt 0.92997497 0.89177799
vt 0.92542201 0.89059401
vt 0.92717099 0.88699198
vt 0.93047500 0.88708502
vt 0.92817700 0.89115298
vt 0.93266797 0.88768297
vt 0.93479401 0.88093001
vt 0.93694198 0.88314301
vt 0.93384802 0.88906598
vt 0.92997497 0.89177799
vt 0.93266797 0.88768297
vt 0.93384802 0.88906598
vt 0.93084699 0.89256197
vt 0.92672098 0.89562398
vt 0.92997497 0.89177799
vt 0.93084699 0.89256197
vt 0.92729700 0.89610398
vt 0.92554700 0.89507103
vt 0.92817700 0.89115298
vt 0.92997497 0.89177799
vt 0.92672098 0.89562398
vt 0.92339498 0.89959198
vt 0.92672098 0.89562398
vt 0.92729700 0.89610398
vt 0.92377001 0.89990401
vt 0.92267102 0.89917397
vt 0.92554700 0.89507103
vt 0.92672098 0.89562398
vt 0.92339498 0.89959198
vt 0.92150003 0.89859498
vt 0.92366999 0.89440203
vt 0.92554700 0.89507103
vt 0.92267102 0.89917397
vt 0.92366999 0.89440203
vt 0.92542201 0.89059401
vt 0.92817700 0.89115298
vt 0.92554700 0.89507103
vt 0.92106497 0.89381200
vt 0.92187101 0.89034402
vt 0.92542201 0.89059401
vt 0.92366999 0.89440203
vt 0.91979098 0.89793199
vt 0.92106497 0.89381200
vt 0.92366999 0.89440203
vt 0.92150003 0.89859498
vt 0.91979098 0.89793199
vt 0.91748101 0.89741302
vt 0.91788501 0.89358097
vt 0.92106497 0.89381200
vt 0.92106497 0.89381200
vt 0.91788501 0.89358097
vt 0.91790003 0.89065498
vt 0.92187101 0.89034402
vt 0.92187101 0.89034402
vt 0.91790003 0.89065498
vt 0.91794300 0.88860899
vt 0.92279500 0.88741398
vt 0.92187101 0.89034402
vt 0.92279500 0.88741398
vt 0.92717099 0.88699198
vt 0.92542201 0.89059401
vt 0.91788501 0.89358097
vt 0.91480398 0.89382398
vt 0.91434503 0.89142501
vt 0.91790003 0.89065498
vt 0.91790003 0.89065498
vt 0.91434503 0.89142501
vt 0.91394103 0.88997298
vt 0.91794300 0.88860899
vt 0.91434503 0.89142501
vt 0.91157401 0.89230102
vt 0.91102600 0.89121997
vt 0.91394103 0.88997298
vt 0.91480398 0.89382398
vt 0.91218501 0.89434302
vt 0.91157401 0.89230102
vt 0.91434503 0.89142501
vt 0.91500503 0.89724398
vt 0.91260499 0.89737099
vt 0.91218501 0.89434302
vt 0.91480398 0.89382398
vt 0.91748101 0.89741302
vt 0.91500503 0.89724398
vt 0.91480398 0.89382398
vt 0.91788501 0.89358097
vt 0.91260499 0.89737099
vt 0.90854400 0.89848101
vt 0.90775502 0.89599103
vt 0.91218501 0.89434302
vt 0.91218501 0.89434302
vt 0.90775502 0.89599103
vt 0.90730000 0.89425498
vt 0.91157401 0.89230102
vt 0.90854400 0.89848101
vt 0.90811700 0.89864099
vt 0.90723801 0.89621103
vt 0.90775502 0.89599103
vt 0.90775502 0.89599103
vt 0.90723801 0.89621103
vt 0.90675497 0.89450902
vt 0.90730000 0.89425498
vt 0.91157401 0.89230102
vt 0.90730000 0.89425498
vt 0.90697199 0.89332402
vt 0.91102600 0.89121997
vt 0.90730000 0.89425498
vt 0.90675497 0.89450902
vt 0.90644997 0.89359498
vt 0.90697199 0.89332402
vt 0.90675497 0.89450902
vt 0.90627903 0.89474499
vt 0.90600401 0.89382100
vt 0.90644997 0.89359498
vt 0.90723801 0.89621103
vt 0.90681100 0.89641100
vt 0.90627903 0.89474499
vt 0.90675497 0.89450902
vt 0.90565902 0.89506602
vt 0.90627903 0.89474499
vt 0.90681100 0.89641100
vt 0.90627098 0.89668298
vt 0.90540999 0.89411700
vt 0.90600401 0.89382100
vt 0.90627903 0.89474499
vt 0.90565902 0.89506602
vt 0.90535903 0.89365798
vt 0.90590900 0.89339602
vt 0.90600401 0.89382100
vt 0.90540999 0.89411700
vt 0.90453398 0.89457703
vt 0.90540999 0.89411700
vt 0.90565902 0.89506602
vt 0.90477902 0.89555401
vt 0.90453100 0.89406198
vt 0.90535903 0.89365798
vt 0.90540999 0.89411700
vt 0.90453398 0.89457703
vt 0.90453100 0.89406198
vt 0.90473700 0.89361697
vt 0.90525901 0.89334297
vt 0.90535903 0.89365798
vt 0.90535903 0.89365798
vt 0.90525901 0.89334297
vt 0.90581000 0.89307898
vt 0.90590900 0.89339602
vt 0.89929402 0.89718902
vt 0.90453100 0.89406198
vt 0.90453398 0.89457703
vt 0.89919400 0.89804399
vt 0.89929402 0.89718902
vt 0.90056401 0.89444000
vt 0.90473700 0.89361697
vt 0.90453100 0.89406198
vt 0.89674598 0.89929301
vt 0.89929402 0.89718902
vt 0.89919400 0.89804399
vt 0.89687699 0.90033799
vt 0.89674598 0.89929301
vt 0.89679402 0.89491498
vt 0.90056401 0.89444000
vt 0.89929402 0.89718902
vt 0.89919400 0.89804399
vt 0.90453398 0.89457703
vt 0.90477902 0.89555401
vt 0.89961398 0.89904100
vt 0.89687699 0.90033799
vt 0.89919400 0.89804399
vt 0.89961398 0.89904100
vt 0.89749497 0.90129799
vt 0.89470202 0.90321797
vt 0.89687699 0.90033799
vt 0.89749497 0.90129799
vt 0.89551699 0.90408599
vt 0.89425999 0.90217900
vt 0.89674598 0.89929301
vt 0.89687699 0.90033799
vt 0.89470202 0.90321797
vt 0.89749497 0.90129799
vt 0.89961398 0.89904100
vt 0.90084201 0.90038699
vt 0.89893299 0.90243298
vt 0.89551699 0.90408599
vt 0.89749497 0.90129799
vt 0.89893299 0.90243298
vt 0.89713401 0.90502298
vt 0.89381802 0.90731603
vt 0.89551699 0.90408599
vt 0.89713401 0.90502298
vt 0.89564103 0.90814298
vt 0.89564103 0.90814298
vt 0.89713401 0.90502298
vt 0.89962697 0.90611202
vt 0.89838898 0.90890002
vt 0.89713401 0.90502298
vt 0.89893299 0.90243298
vt 0.90121299 0.90380102
vt 0.89962697 0.90611202
vt 0.89962697 0.90611202
vt 0.90121299 0.90380102
vt 0.90367401 0.90568203
vt 0.90244401 0.90764803
vt 0.89838898 0.90890002
vt 0.89962697 0.90611202
vt 0.90244401 0.90764803
vt 0.90159398 0.90991598
vt 0.90121299 0.90380102
vt 0.90283197 0.90204197
vt 0.90511400 0.90416199
vt 0.90367401 0.90568203
vt 0.89893299 0.90243298
vt 0.90084201 0.90038699
vt 0.90283197 0.90204197
vt 0.90121299 0.90380102
vt 0.90084201 0.90038699
vt 0.90542197 0.89714801
vt 0.90659499 0.89936900
vt 0.90283197 0.90204197
vt 0.90283197 0.90204197
vt 0.90659499 0.89936900
vt 0.90823001 0.90201199
vt 0.90511400 0.90416199
vt 0.90367401 0.90568203
vt 0.90511400 0.90416199
vt 0.90697598 0.90622097
vt 0.90591401 0.90743703
vt 0.90511400 0.90416199
vt 0.90823001 0.90201199
vt 0.90955400 0.90456599
vt 0.90697598 0.90622097
vt 0.90659499 0.89936900
vt 0.90725100 0.89902800
vt 0.90871102 0.90179402
vt 0.90823001 0.90201199
vt 0.90823001 0.90201199
vt 0.90871102 0.90179402
vt 0.90991098 0.90442300
vt 0.90955400 0.90456599
vt 0.90955400 0.90456599
vt 0.90991098 0.90442300
vt 0.91062301 0.90648699
vt 0.91034698 0.90658998
vt 0.90697598 0.90622097
vt 0.90955400 0.90456599
vt 0.91034698 0.90658998
vt 0.90844500 0.90783900
vt 0.90844500 0.90783900
vt 0.91034698 0.90658998
vt 0.91077399 0.90798497
vt 0.90941000 0.90889698
vt 0.91034698 0.90658998
vt 0.91062301 0.90648699
vt 0.91099602 0.90790302
vt 0.91077399 0.90798497
vt 0.91062301 0.90648699
vt 0.91080898 0.90642798
vt 0.91115201 0.90785599
vt 0.91099602 0.90790302
vt 0.90991098 0.90442300
vt 0.91015202 0.90433699
vt 0.91080898 0.90642798
vt 0.91062301 0.90648699
vt 0.91095501 0.90639198
vt 0.91080898 0.90642798
vt 0.91015202 0.90433699
vt 0.91034001 0.90428001
vt 0.91127598 0.90782797
vt 0.91115201 0.90785599
vt 0.91080898 0.90642798
vt 0.91095501 0.90639198
vt 0.91145599 0.90863299
vt 0.91134399 0.90865803
vt 0.91115201 0.90785599
vt 0.91127598 0.90782797
vt 0.91099602 0.90790302
vt 0.91115201 0.90785599
vt 0.91134399 0.90865803
vt 0.91120499 0.90870303
vt 0.91157800 0.90905303
vt 0.91147500 0.90907502
vt 0.91134399 0.90865803
vt 0.91145599 0.90863299
vt 0.91120499 0.90870303
vt 0.91134399 0.90865803
vt 0.91147500 0.90907502
vt 0.91134000 0.90912002
vt 0.91162997 0.90925598
vt 0.91153401 0.90927601
vt 0.91147500 0.90907502
vt 0.91157800 0.90905303
vt 0.91134000 0.90912002
vt 0.91147500 0.90907502
vt 0.91153401 0.90927601
vt 0.91141599 0.90931600
vt 0.91170299 0.90904200
vt 0.91157800 0.90905303
vt 0.91145599 0.90863299
vt 0.91159701 0.90861702
vt 0.91175097 0.90925002
vt 0.91162997 0.90925598
vt 0.91157800 0.90905303
vt 0.91170299 0.90904200
vt 0.91165400 0.90934300
vt 0.91156900 0.90935999
vt 0.91153401 0.90927601
vt 0.91162997 0.90925598
vt 0.91176200 0.90934199
vt 0.91165400 0.90934300
vt 0.91162997 0.90925598
vt 0.91175097 0.90925002
vt 0.91259402 0.90950602
vt 0.91176200 0.90934199
vt 0.91175097 0.90925002
vt 0.91264600 0.90939301
vt 0.91264600 0.90939301
vt 0.91175097 0.90925002
vt 0.91170299 0.90904200
vt 0.91267598 0.90918303
vt 0.91309702 0.90963000
vt 0.91264600 0.90939301
vt 0.91267598 0.90918303
vt 0.91317803 0.90941203
vt 0.91300303 0.90977001
vt 0.91259402 0.90950602
vt 0.91264600 0.90939301
vt 0.91309702 0.90963000
vt 0.91338998 0.91018802
vt 0.91300303 0.90977001
vt 0.91309702 0.90963000
vt 0.91351700 0.90999502
vt 0.91351700 0.90999502
vt 0.91309702 0.90963000
vt 0.91317803 0.90941203
vt 0.91362101 0.90974700
vt 0.91362101 0.90974700
vt 0.91317803 0.90941203
vt 0.91330302 0.90898699
vt 0.91381598 0.90932101
vt 0.91317803 0.90941203
vt 0.91267598 0.90918303
vt 0.91270500 0.90875298
vt 0.91330302 0.90898699
vt 0.91330302 0.90898699
vt 0.91270500 0.90875298
vt 0.91274101 0.90793002
vt 0.91348898 0.90817100
vt 0.91381598 0.90932101
vt 0.91330302 0.90898699
vt 0.91348898 0.90817100
vt 0.91415799 0.90852797
vt 0.91398001 0.91013002
vt 0.91362101 0.90974700
vt 0.91381598 0.90932101
vt 0.91423100 0.90969503
vt 0.91423100 0.90969503
vt 0.91381598 0.90932101
vt 0.91415799 0.90852797
vt 0.91467398 0.90891898
vt 0.91415799 0.90852797
vt 0.91348898 0.90817100
vt 0.91376299 0.90666300
vt 0.91471398 0.90706497
vt 0.91467398 0.90891898
vt 0.91415799 0.90852797
vt 0.91471398 0.90706497
vt 0.91542399 0.90750802
vt 0.91467398 0.90891898
vt 0.91542399 0.90750802
vt 0.91591102 0.90789300
vt 0.91502899 0.90925699
vt 0.91423100 0.90969503
vt 0.91467398 0.90891898
vt 0.91502899 0.90925699
vt 0.91451800 0.91002101
vt 0.91502899 0.90925699
vt 0.91591102 0.90789300
vt 0.91622800 0.90818602
vt 0.91525900 0.90951300
vt 0.91451800 0.91002101
vt 0.91502899 0.90925699
vt 0.91525900 0.90951300
vt 0.91470498 0.91026700
vt 0.91422403 0.91046101
vt 0.91451800 0.91002101
vt 0.91470498 0.91026700
vt 0.91437602 0.91070998
vt 0.91398001 0.91013002
vt 0.91423100 0.90969503
vt 0.91451800 0.91002101
vt 0.91422403 0.91046101
vt 0.91402900 0.91077203
vt 0.91422403 0.91046101
vt 0.91437602 0.91070998
vt 0.91412801 0.91099900
vt 0.91383898 0.91043198
vt 0.91398001 0.91013002
vt 0.91422403 0.91046101
vt 0.91402900 0.91077203
vt 0.91363299 0.91081101
vt 0.91383898 0.91043198
vt 0.91402900 0.91077203
vt 0.91375101 0.91109502
vt 0.91375101 0.91109502
vt 0.91402900 0.91077203
vt 0.91412801 0.91099900
vt 0.91381198 0.91125000
vt 0.91381198 0.91125000
vt 0.91412801 0.91099900
vt 0.91420299 0.91113299
vt 0.91387600 0.91134298
vt 0.91412801 0.91099900
vt 0.91437602 0.91070998
vt 0.91447097 0.91086900
vt 0.91420299 0.91113299
vt 0.91381198 0.91125000
vt 0.91347402 0.91149300
vt 0.91343099 0.91141701
vt 0.91375101 0.91109502
vt 0.91387600 0.91134298
vt 0.91351497 0.91154802
vt 0.91347402 0.91149300
vt 0.91381198 0.91125000
vt 0.91351497 0.91154802
vt 0.91322798 0.91172498
vt 0.91320199 0.91169101
vt 0.91347402 0.91149300
vt 0.91347402 0.91149300
vt 0.91320199 0.91169101
vt 0.91317302 0.91165298
vt 0.91343099 0.91141701
vt 0.91320199 0.91169101
vt 0.91300601 0.91183901
vt 0.91298598 0.91181600
vt 0.91317302 0.91165298
vt 0.91322798 0.91172498
vt 0.91302299 0.91186202
vt 0.91300601 0.91183901
vt 0.91320199 0.91169101
vt 0.91355300 0.91160399
vt 0.91325200 0.91176301
vt 0.91322798 0.91172498
vt 0.91351497 0.91154802
vt 0.91325200 0.91176301
vt 0.91303903 0.91188800
vt 0.91302299 0.91186202
vt 0.91322798 0.91172498
vt 0.91303903 0.91188800
vt 0.91289198 0.91197997
vt 0.91288000 0.91196197
vt 0.91302299 0.91186202
vt 0.91302299 0.91186202
vt 0.91288000 0.91196197
vt 0.91286802 0.91194600
vt 0.91300601 0.91183901
vt 0.91290599 0.91200298
vt 0.91289198 0.91197997
vt 0.91303903 0.91188800
vt 0.91305703 0.91192102
vt 0.91305703 0.91192102
vt 0.91303903 0.91188800
vt 0.91325200 0.91176301
vt 0.91327298 0.91181302
vt 0.91289198 0.91197997
vt 0.91279203 0.91204602
vt 0.91278201 0.91203201
vt 0.91288000 0.91196197
vt 0.91280198 0.91206300
vt 0.91279203 0.91204602
vt 0.91289198 0.91197997
vt 0.91290599 0.91200298
vt 0.91291898 0.91202801
vt 0.91290599 0.91200298
vt 0.91305703 0.91192102
vt 0.91307300 0.91195703
vt 0.91281301 0.91208202
vt 0.91280198 0.91206300
vt 0.91290599 0.91200298
vt 0.91291898 0.91202801
vt 0.91273600 0.91212302
vt 0.91272801 0.91210800
vt 0.91280198 0.91206300
vt 0.91281301 0.91208202
vt 0.91272801 0.91210800
vt 0.91271901 0.91209501
vt 0.91279203 0.91204602
vt 0.91280198 0.91206300
vt 0.91267198 0.91214502
vt 0.91266400 0.91213399
vt 0.91271901 0.91209501
vt 0.91272801 0.91210800
vt 0.91267902 0.91215700
vt 0.91267198 0.91214502
vt 0.91272801 0.91210800
vt 0.91273600 0.91212302
vt 0.91263300 0.91218603
vt 0.91262603 0.91217601
vt 0.91267198 0.91214502
vt 0.91267902 0.91215700
vt 0.91262603 0.91217601
vt 0.91261899 0.91216600
vt 0.91266400 0.91213399
vt 0.91267198 0.91214502
vt 0.91263902 0.91219598
vt 0.91263300 0.91218603
vt 0.91267902 0.91215700
vt 0.91268599 0.91216803
vt 0.91268599 0.91216803
vt 0.91267902 0.91215700
vt 0.91273600 0.91212302
vt 0.91274399 0.91213697
vt 0.91269100 0.91217798
vt 0.91268599 0.91216803
vt 0.91274399 0.91213697
vt 0.91275001 0.91214901
vt 0.91264403 0.91220403
vt 0.91263902 0.91219598
vt 0.91268599 0.91216803
vt 0.91269100 0.91217798
vt 0.91260397 0.91222799
vt 0.91259903 0.91222101
vt 0.91263902 0.91219598
vt 0.91264403 0.91220403
vt 0.91259903 0.91222101
vt 0.91259402 0.91221201
vt 0.91263300 0.91218603
vt 0.91263902 0.91219598
vt 0.91260397 0.91222799
vt 0.91264403 0.91220403
vt 0.91264701 0.91220897
vt 0.91260701 0.91223300
vt 0.91264403 0.91220403
vt 0.91269100 0.91217798
vt 0.91269398 0.91218400
vt 0.91264701 0.91220897
vt 0.91260701 0.91223300
vt 0.91264701 0.91220897
vt 0.91264802 0.91221201
vt 0.91260803 0.91223598
vt 0.91264701 0.91220897
vt 0.91269398 0.91218400
vt 0.91269600 0.91218799
vt 0.91264802 0.91221201
vt 0.91269398 0.91218400
vt 0.91275299 0.91215700
vt 0.91275501 0.91216099
vt 0.91269600 0.91218799
vt 0.91269100 0.91217798
vt 0.91275001 0.91214901
vt 0.91275299 0.91215700
vt 0.91269398 0.91218400
vt 0.91275299 0.91215700
vt 0.91283101 0.91212499
vt 0.91283298 0.91213101
vt 0.91275501 0.91216099
vt 0.91275001 0.91214901
vt 0.91282803 0.91211498
vt 0.91283101 0.91212499
vt 0.91275299 0.91215700
vt 0.91275001 0.91214901
vt 0.91274399 0.91213697
vt 0.91282099 0.91210002
vt 0.91282803 0.91211498
vt 0.91282803 0.91211498
vt 0.91293699 0.91207302
vt 0.91294098 0.91208702
vt 0.91283101 0.91212499
vt 0.91282803 0.91211498
vt 0.91282099 0.91210002
vt 0.91292900 0.91205299
vt 0.91293699 0.91207302
vt 0.91282099 0.91210002
vt 0.91281301 0.91208202
vt 0.91291898 0.91202801
vt 0.91292900 0.91205299
vt 0.91274399 0.91213697
vt 0.91273600 0.91212302
vt 0.91281301 0.91208202
vt 0.91282099 0.91210002
vt 0.91293699 0.91207302
vt 0.91292900 0.91205299
vt 0.91308600 0.91199201
vt 0.91309500 0.91202098
vt 0.91292900 0.91205299
vt 0.91291898 0.91202801
vt 0.91307300 0.91195703
vt 0.91308600 0.91199201
vt 0.91309500 0.91202098
vt 0.91308600 0.91199201
vt 0.91330898 0.91191798
vt 0.91331899 0.91196001
vt 0.91308600 0.91199201
vt 0.91307300 0.91195703
vt 0.91329199 0.91186702
vt 0.91330898 0.91191798
vt 0.91331899 0.91196001
vt 0.91330898 0.91191798
vt 0.91360801 0.91185302
vt 0.91361898 0.91191602
vt 0.91330898 0.91191798
vt 0.91329199 0.91186702
vt 0.91358799 0.91177398
vt 0.91360801 0.91185302
vt 0.91361898 0.91191602
vt 0.91360801 0.91185302
vt 0.91394198 0.91182899
vt 0.91399097 0.91193098
vt 0.91360801 0.91185302
vt 0.91358799 0.91177398
vt 0.91392797 0.91171497
vt 0.91394198 0.91182899
vt 0.91419399 0.91184503
vt 0.91421199 0.91195202
vt 0.91399097 0.91193098
vt 0.91394198 0.91182899
vt 0.91420603 0.91171700
vt 0.91419399 0.91184503
vt 0.91394198 0.91182899
vt 0.91392797 0.91171497
vt 0.91358799 0.91177398
vt 0.91357303 0.91168702
vt 0.91393602 0.91158402
vt 0.91392797 0.91171497
vt 0.91424298 0.91156799
vt 0.91420603 0.91171700
vt 0.91392797 0.91171497
vt 0.91393602 0.91158402
vt 0.91431999 0.91139901
vt 0.91424298 0.91156799
vt 0.91393602 0.91158402
vt 0.91399300 0.91140902
vt 0.91357303 0.91168702
vt 0.91355300 0.91160399
vt 0.91399300 0.91140902
vt 0.91393602 0.91158402
vt 0.91453499 0.91139400
vt 0.91445398 0.91158301
vt 0.91424298 0.91156799
vt 0.91431999 0.91139901
vt 0.91445398 0.91158301
vt 0.91439700 0.91174603
vt 0.91420603 0.91171700
vt 0.91424298 0.91156799
vt 0.91474199 0.91133201
vt 0.91462702 0.91157800
vt 0.91445398 0.91158301
vt 0.91453499 0.91139400
vt 0.91462702 0.91157800
vt 0.91454399 0.91177303
vt 0.91439700 0.91174603
vt 0.91445398 0.91158301
vt 0.91439700 0.91174603
vt 0.91435897 0.91188300
vt 0.91419399 0.91184503
vt 0.91420603 0.91171700
vt 0.91454399 0.91177303
vt 0.91448498 0.91192698
vt 0.91435897 0.91188300
vt 0.91439700 0.91174603
vt 0.91448498 0.91192698
vt 0.91445100 0.91205299
vt 0.91434401 0.91199201
vt 0.91435897 0.91188300
vt 0.91435897 0.91188300
vt 0.91434401 0.91199201
vt 0.91421199 0.91195202
vt 0.91419399 0.91184503
vt 0.91426200 0.91204101
vt 0.91421199 0.91195202
vt 0.91434401 0.91199201
vt 0.91435099 0.91208601
vt 0.91435099 0.91208601
vt 0.91434401 0.91199201
vt 0.91445100 0.91205299
vt 0.91443902 0.91216499
vt 0.91461301 0.91198999
vt 0.91456503 0.91215003
vt 0.91445100 0.91205299
vt 0.91448498 0.91192698
vt 0.91443902 0.91216499
vt 0.91445100 0.91205299
vt 0.91456503 0.91215003
vt 0.91453898 0.91230297
vt 0.91443700 0.91228300
vt 0.91443902 0.91216499
vt 0.91453898 0.91230297
vt 0.91451699 0.91245002
vt 0.91437203 0.91219097
vt 0.91435099 0.91208601
vt 0.91443902 0.91216499
vt 0.91443700 0.91228300
vt 0.91439301 0.91233897
vt 0.91437203 0.91219097
vt 0.91443700 0.91228300
vt 0.91443801 0.91242403
vt 0.91443801 0.91242403
vt 0.91443700 0.91228300
vt 0.91451699 0.91245002
vt 0.91449302 0.91258001
vt 0.91449302 0.91258001
vt 0.91451699 0.91245002
vt 0.91460598 0.91272998
vt 0.91454202 0.91285300
vt 0.91453898 0.91230297
vt 0.91465598 0.91252601
vt 0.91460598 0.91272998
vt 0.91451699 0.91245002
vt 0.91444302 0.91261703
vt 0.91443801 0.91242403
vt 0.91449302 0.91258001
vt 0.91447198 0.91268498
vt 0.91447198 0.91268498
vt 0.91449302 0.91258001
vt 0.91454202 0.91285300
vt 0.91448599 0.91290998
vt 0.91444701 0.91290098
vt 0.91444302 0.91261703
vt 0.91447198 0.91268498
vt 0.91448599 0.91290998
vt 0.91448599 0.91290998
vt 0.91454202 0.91285300
vt 0.91453803 0.91323602
vt 0.91445601 0.91325998
vt 0.91440803 0.91325498
vt 0.91444701 0.91290098
vt 0.91448599 0.91290998
vt 0.91445601 0.91325998
vt 0.91437799 0.91323900
vt 0.91441900 0.91287100
vt 0.91444701 0.91290098
vt 0.91440803 0.91325498
vt 0.91441900 0.91287100
vt 0.91441202 0.91255897
vt 0.91444302 0.91261703
vt 0.91444701 0.91290098
vt 0.91439801 0.91284698
vt 0.91438597 0.91252202
vt 0.91441202 0.91255897
vt 0.91441900 0.91287100
vt 0.91435999 0.91322303
vt 0.91439801 0.91284698
vt 0.91441900 0.91287100
vt 0.91437799 0.91323900
vt 0.91438597 0.91252202
vt 0.91435599 0.91229200
vt 0.91439301 0.91233897
vt 0.91441202 0.91255897
vt 0.91441202 0.91255897
vt 0.91439301 0.91233897
vt 0.91443801 0.91242403
vt 0.91444302 0.91261703
vt 0.91435599 0.91229200
vt 0.91431499 0.91214103
vt 0.91437203 0.91219097
vt 0.91439301 0.91233897
vt 0.91432703 0.91226900
vt 0.91426897 0.91211897
vt 0.91431499 0.91214103
vt 0.91435599 0.91229200
vt 0.91436499 0.91250199
vt 0.91432703 0.91226900
vt 0.91435599 0.91229200
vt 0.91438597 0.91252202
vt 0.91426897 0.91211897
vt 0.91432703 0.91226900
vt 0.91430402 0.91226298
vt 0.91423398 0.91211402
vt 0.91432703 0.91226900
vt 0.91436499 0.91250199
vt 0.91434699 0.91249502
vt 0.91430402 0.91226298
vt 0.91438198 0.91283202
vt 0.91436499 0.91250199
vt 0.91438597 0.91252202
vt 0.91439801 0.91284698
vt 0.91436499 0.91250199
vt 0.91438198 0.91283202
vt 0.91436702 0.91282499
vt 0.91434699 0.91249502
vt 0.91434699 0.91249502
vt 0.91436702 0.91282499
vt 0.91435301 0.91282302
vt 0.91433102 0.91249502
vt 0.91430402 0.91226298
vt 0.91434699 0.91249502
vt 0.91433102 0.91249502
vt 0.91428500 0.91226500
vt 0.91433102 0.91249502
vt 0.91435301 0.91282302
vt 0.91434002 0.91282499
vt 0.91431803 0.91249901
vt 0.91428500 0.91226500
vt 0.91433102 0.91249502
vt 0.91431803 0.91249901
vt 0.91426998 0.91227198
vt 0.91426998 0.91227198
vt 0.91431803 0.91249901
vt 0.91430700 0.91250497
vt 0.91425902 0.91227901
vt 0.91431803 0.91249901
vt 0.91434002 0.91282499
vt 0.91433001 0.91282803
vt 0.91430700 0.91250497
vt 0.91435301 0.91282302
vt 0.91432297 0.91320002
vt 0.91431201 0.91319799
vt 0.91434002 0.91282499
vt 0.91434002 0.91282499
vt 0.91431201 0.91319799
vt 0.91430199 0.91319799
vt 0.91433001 0.91282803
vt 0.91431201 0.91319799
vt 0.91418201 0.91355503
vt 0.91417402 0.91355097
vt 0.91430199 0.91319799
vt 0.91432297 0.91320002
vt 0.91419101 0.91355997
vt 0.91418201 0.91355503
vt 0.91431201 0.91319799
vt 0.91418201 0.91355503
vt 0.91392601 0.91381699
vt 0.91392201 0.91381001
vt 0.91417402 0.91355097
vt 0.91419101 0.91355997
vt 0.91393101 0.91382599
vt 0.91392601 0.91381699
vt 0.91418201 0.91355503
vt 0.91420001 0.91356701
vt 0.91393602 0.91383600
vt 0.91393101 0.91382599
vt 0.91419101 0.91355997
vt 0.91433501 0.91320401
vt 0.91420001 0.91356701
vt 0.91419101 0.91355997
vt 0.91432297 0.91320002
vt 0.91420799 0.91357601
vt 0.91394103 0.91384798
vt 0.91393602 0.91383600
vt 0.91420001 0.91356701
vt 0.91434699 0.91321099
vt 0.91420799 0.91357601
vt 0.91420001 0.91356701
vt 0.91433501 0.91320401
vt 0.91438198 0.91283202
vt 0.91434699 0.91321099
vt 0.91433501 0.91320401
vt 0.91436702 0.91282499
vt 0.91436702 0.91282499
vt 0.91433501 0.91320401
vt 0.91432297 0.91320002
vt 0.91435301 0.91282302
vt 0.91434699 0.91321099
vt 0.91438198 0.91283202
vt 0.91439801 0.91284698
vt 0.91435999 0.91322303
vt 0.91420799 0.91357601
vt 0.91434699 0.91321099
vt 0.91435999 0.91322303
vt 0.91421700 0.91358799
vt 0.91421700 0.91358799
vt 0.91435999 0.91322303
vt 0.91437799 0.91323900
vt 0.91423303 0.91360301
vt 0.91394103 0.91384798
vt 0.91420799 0.91357601
vt 0.91421700 0.91358799
vt 0.91394800 0.91386098
vt 0.91394800 0.91386098
vt 0.91421700 0.91358799
vt 0.91423303 0.91360301
vt 0.91395998 0.91387999
vt 0.91395998 0.91387999
vt 0.91358298 0.91406697
vt 0.91357100 0.91404402
vt 0.91394800 0.91386098
vt 0.91394800 0.91386098
vt 0.91357100 0.91404402
vt 0.91356498 0.91402799
vt 0.91394103 0.91384798
vt 0.91358298 0.91406697
vt 0.91314602 0.91416502
vt 0.91312999 0.91413599
vt 0.91357100 0.91404402
vt 0.91357100 0.91404402
vt 0.91312999 0.91413599
vt 0.91312301 0.91411698
vt 0.91356498 0.91402799
vt 0.91356498 0.91402799
vt 0.91312301 0.91411698
vt 0.91312599 0.91410100
vt 0.91356403 0.91401500
vt 0.91394103 0.91384798
vt 0.91356498 0.91402799
vt 0.91356403 0.91401500
vt 0.91393602 0.91383600
vt 0.91356403 0.91401500
vt 0.91312599 0.91410100
vt 0.91313398 0.91408801
vt 0.91356301 0.91400200
vt 0.91393602 0.91383600
vt 0.91356403 0.91401500
vt 0.91356301 0.91400200
vt 0.91393101 0.91382599
vt 0.91393101 0.91382599
vt 0.91356301 0.91400200
vt 0.91356301 0.91399097
vt 0.91392601 0.91381699
vt 0.91356301 0.91400200
vt 0.91313398 0.91408801
vt 0.91314000 0.91407597
vt 0.91356301 0.91399097
vt 0.91313398 0.91408801
vt 0.91269898 0.91408300
vt 0.91271400 0.91407198
vt 0.91314000 0.91407597
vt 0.91312599 0.91410100
vt 0.91267699 0.91409600
vt 0.91269898 0.91408300
vt 0.91313398 0.91408801
vt 0.91314000 0.91407597
vt 0.91271400 0.91407198
vt 0.91272199 0.91406298
vt 0.91314298 0.91406602
vt 0.91356301 0.91399097
vt 0.91314000 0.91407597
vt 0.91314298 0.91406602
vt 0.91356200 0.91398102
vt 0.91271400 0.91407198
vt 0.91234899 0.91399598
vt 0.91236103 0.91398901
vt 0.91272199 0.91406298
vt 0.91269898 0.91408300
vt 0.91232800 0.91400403
vt 0.91234899 0.91399598
vt 0.91271400 0.91407198
vt 0.91232800 0.91400403
vt 0.91211402 0.91392601
vt 0.91213202 0.91391897
vt 0.91234899 0.91399598
vt 0.91234899 0.91399598
vt 0.91213202 0.91391897
vt 0.91214299 0.91391402
vt 0.91236103 0.91398901
vt 0.91211402 0.91392601
vt 0.91201502 0.91383100
vt 0.91202903 0.91382599
vt 0.91213202 0.91391897
vt 0.91213202 0.91391897
vt 0.91202903 0.91382599
vt 0.91203803 0.91382301
vt 0.91214299 0.91391402
vt 0.91202903 0.91382599
vt 0.91199201 0.91370201
vt 0.91200000 0.91369998
vt 0.91203803 0.91382301
vt 0.91201502 0.91383100
vt 0.91197997 0.91370499
vt 0.91199201 0.91370201
vt 0.91202903 0.91382599
vt 0.91208202 0.91393799
vt 0.91198999 0.91384000
vt 0.91201502 0.91383100
vt 0.91211402 0.91392601
vt 0.91198999 0.91384000
vt 0.91195703 0.91371101
vt 0.91197997 0.91370499
vt 0.91201502 0.91383100
vt 0.91197997 0.91370499
vt 0.91198099 0.91353500
vt 0.91199201 0.91353399
vt 0.91199201 0.91370201
vt 0.91195703 0.91371101
vt 0.91196102 0.91353601
vt 0.91198099 0.91353500
vt 0.91197997 0.91370499
vt 0.91194499 0.91385502
vt 0.91191602 0.91372001
vt 0.91195703 0.91371101
vt 0.91198999 0.91384000
vt 0.91191602 0.91372001
vt 0.91192400 0.91353703
vt 0.91196102 0.91353601
vt 0.91195703 0.91371101
vt 0.91192400 0.91353703
vt 0.91197002 0.91331702
vt 0.91199899 0.91332102
vt 0.91196102 0.91353601
vt 0.91196102 0.91353601
vt 0.91199899 0.91332102
vt 0.91201502 0.91332299
vt 0.91198099 0.91353500
vt 0.91199899 0.91332102
vt 0.91206002 0.91311699
vt 0.91207302 0.91311997
vt 0.91201502 0.91332299
vt 0.91197002 0.91331702
vt 0.91203898 0.91311097
vt 0.91206002 0.91311699
vt 0.91199899 0.91332102
vt 0.91197002 0.91331702
vt 0.91192400 0.91330802
vt 0.91200501 0.91310000
vt 0.91203898 0.91311097
vt 0.91192400 0.91353703
vt 0.91186500 0.91353601
vt 0.91192400 0.91330802
vt 0.91197002 0.91331702
vt 0.91203898 0.91311097
vt 0.91200501 0.91310000
vt 0.91208601 0.91293001
vt 0.91211098 0.91294003
vt 0.91203898 0.91311097
vt 0.91211098 0.91294003
vt 0.91212702 0.91294700
vt 0.91206002 0.91311699
vt 0.91211098 0.91294003
vt 0.91217297 0.91280901
vt 0.91218501 0.91281497
vt 0.91212702 0.91294700
vt 0.91211098 0.91294003
vt 0.91208601 0.91293001
vt 0.91215402 0.91280001
vt 0.91217297 0.91280901
vt 0.91208601 0.91293001
vt 0.91205698 0.91291499
vt 0.91213202 0.91278797
vt 0.91215402 0.91280001
vt 0.91200501 0.91310000
vt 0.91196400 0.91308397
vt 0.91205698 0.91291499
vt 0.91208601 0.91293001
vt 0.91196400 0.91308397
vt 0.91192102 0.91306400
vt 0.91202599 0.91289800
vt 0.91205698 0.91291499
vt 0.91205698 0.91291499
vt 0.91202599 0.91289800
vt 0.91210997 0.91277498
vt 0.91213202 0.91278797
vt 0.91213202 0.91278797
vt 0.91210997 0.91277498
vt 0.91217202 0.91268402
vt 0.91218901 0.91269499
vt 0.91215402 0.91280001
vt 0.91213202 0.91278797
vt 0.91218901 0.91269499
vt 0.91220599 0.91270500
vt 0.91202599 0.91289800
vt 0.91199797 0.91288102
vt 0.91208899 0.91276097
vt 0.91210997 0.91277498
vt 0.91210997 0.91277498
vt 0.91208899 0.91276097
vt 0.91215599 0.91267300
vt 0.91217202 0.91268402
vt 0.91217202 0.91268402
vt 0.91215599 0.91267300
vt 0.91220599 0.91260600
vt 0.91221899 0.91261601
vt 0.91218901 0.91269499
vt 0.91217202 0.91268402
vt 0.91221899 0.91261601
vt 0.91223300 0.91262501
vt 0.91223300 0.91262501
vt 0.91221899 0.91261601
vt 0.91225702 0.91256100
vt 0.91226900 0.91256899
vt 0.91221899 0.91261601
vt 0.91220599 0.91260600
vt 0.91224599 0.91255403
vt 0.91225702 0.91256100
vt 0.91224599 0.91255403
vt 0.91220599 0.91260600
vt 0.91219598 0.91259801
vt 0.91223800 0.91254699
vt 0.91220599 0.91260600
vt 0.91215599 0.91267300
vt 0.91214299 0.91266298
vt 0.91219598 0.91259801
vt 0.91223800 0.91254699
vt 0.91219598 0.91259801
vt 0.91218698 0.91259098
vt 0.91223001 0.91254097
vt 0.91219598 0.91259801
vt 0.91214299 0.91266298
vt 0.91213202 0.91265500
vt 0.91218698 0.91259098
vt 0.91214299 0.91266298
vt 0.91207302 0.91274899
vt 0.91205901 0.91273701
vt 0.91213202 0.91265500
vt 0.91215599 0.91267300
vt 0.91208899 0.91276097
vt 0.91207302 0.91274899
vt 0.91214299 0.91266298
vt 0.91207302 0.91274899
vt 0.91197598 0.91286600
vt 0.91195798 0.91285098
vt 0.91205901 0.91273701
vt 0.91208899 0.91276097
vt 0.91199797 0.91288102
vt 0.91197598 0.91286600
vt 0.91207302 0.91274899
vt 0.91197598 0.91286600
vt 0.91185200 0.91302401
vt 0.91182703 0.91300398
vt 0.91195798 0.91285098
vt 0.91199797 0.91288102
vt 0.91188198 0.91304302
vt 0.91185200 0.91302401
vt 0.91197598 0.91286600
vt 0.91188198 0.91304302
vt 0.91175002 0.91325098
vt 0.91170597 0.91322798
vt 0.91185200 0.91302401
vt 0.91185200 0.91302401
vt 0.91170597 0.91322798
vt 0.91167200 0.91320199
vt 0.91182703 0.91300398
vt 0.91170597 0.91322798
vt 0.91155797 0.91347301
vt 0.91150802 0.91343898
vt 0.91167200 0.91320199
vt 0.91175002 0.91325098
vt 0.91162199 0.91349798
vt 0.91155797 0.91347301
vt 0.91170597 0.91322798
vt 0.91162199 0.91349798
vt 0.91153401 0.91373903
vt 0.91144300 0.91371697
vt 0.91155797 0.91347301
vt 0.91155797 0.91347301
vt 0.91144300 0.91371697
vt 0.91136998 0.91367602
vt 0.91150802 0.91343898
vt 0.91144300 0.91371697
vt 0.91136700 0.91392702
vt 0.91126198 0.91388500
vt 0.91136998 0.91367602
vt 0.91153401 0.91373903
vt 0.91148800 0.91394103
vt 0.91136700 0.91392702
vt 0.91144300 0.91371697
vt 0.91162699 0.91393000
vt 0.91148800 0.91394103
vt 0.91153401 0.91373903
vt 0.91164398 0.91374803
vt 0.91164398 0.91374803
vt 0.91153401 0.91373903
vt 0.91162199 0.91349798
vt 0.91170299 0.91351801
vt 0.91175401 0.91374397
vt 0.91164398 0.91374803
vt 0.91170299 0.91351801
vt 0.91178799 0.91353101
vt 0.91175801 0.91390502
vt 0.91162699 0.91393000
vt 0.91164398 0.91374803
vt 0.91175401 0.91374397
vt 0.91186702 0.91387898
vt 0.91175801 0.91390502
vt 0.91175401 0.91374397
vt 0.91184801 0.91373199
vt 0.91184801 0.91373199
vt 0.91175401 0.91374397
vt 0.91178799 0.91353101
vt 0.91186500 0.91353601
vt 0.91191602 0.91372001
vt 0.91184801 0.91373199
vt 0.91186500 0.91353601
vt 0.91192400 0.91353703
vt 0.91194499 0.91385502
vt 0.91186702 0.91387898
vt 0.91184801 0.91373199
vt 0.91191602 0.91372001
vt 0.91201901 0.91395903
vt 0.91190898 0.91398102
vt 0.91186702 0.91387898
vt 0.91194499 0.91385502
vt 0.91190898 0.91398102
vt 0.91177398 0.91401201
vt 0.91175801 0.91390502
vt 0.91186702 0.91387898
vt 0.91196299 0.91405803
vt 0.91178900 0.91408002
vt 0.91177398 0.91401201
vt 0.91190898 0.91398102
vt 0.91220498 0.91405100
vt 0.91196299 0.91405803
vt 0.91190898 0.91398102
vt 0.91201901 0.91395903
vt 0.91220498 0.91405100
vt 0.91201901 0.91395903
vt 0.91208202 0.91393799
vt 0.91228998 0.91401798
vt 0.91201901 0.91395903
vt 0.91194499 0.91385502
vt 0.91198999 0.91384000
vt 0.91208202 0.91393799
vt 0.91228998 0.91401798
vt 0.91208202 0.91393799
vt 0.91211402 0.91392601
vt 0.91232800 0.91400403
vt 0.91266000 0.91411602
vt 0.91220498 0.91405100
vt 0.91228998 0.91401798
vt 0.91267699 0.91409600
vt 0.91267699 0.91409600
vt 0.91228998 0.91401798
vt 0.91232800 0.91400403
vt 0.91269898 0.91408300
vt 0.91312301 0.91411698
vt 0.91266000 0.91411602
vt 0.91267699 0.91409600
vt 0.91312599 0.91410100
vt 0.91312999 0.91413599
vt 0.91267699 0.91414601
vt 0.91266000 0.91411602
vt 0.91312301 0.91411698
vt 0.91267699 0.91414601
vt 0.91227502 0.91411602
vt 0.91220498 0.91405100
vt 0.91266000 0.91411602
vt 0.91314602 0.91416502
vt 0.91270399 0.91418499
vt 0.91267699 0.91414601
vt 0.91312999 0.91413599
vt 0.91270399 0.91418499
vt 0.91231298 0.91417003
vt 0.91227502 0.91411602
vt 0.91267699 0.91414601
vt 0.91200000 0.91411698
vt 0.91227502 0.91411602
vt 0.91231298 0.91417003
vt 0.91202301 0.91417599
vt 0.91196299 0.91405803
vt 0.91220498 0.91405100
vt 0.91227502 0.91411602
vt 0.91200000 0.91411698
vt 0.91179699 0.91413599
vt 0.91200000 0.91411698
vt 0.91202301 0.91417599
vt 0.91179699 0.91419798
vt 0.91178900 0.91408002
vt 0.91196299 0.91405803
vt 0.91200000 0.91411698
vt 0.91179699 0.91413599
vt 0.91161603 0.91412401
vt 0.91178900 0.91408002
vt 0.91179699 0.91413599
vt 0.91160899 0.91417903
vt 0.91160899 0.91417903
vt 0.91179699 0.91413599
vt 0.91179699 0.91419798
vt 0.91158700 0.91424698
vt 0.91158700 0.91424698
vt 0.91179699 0.91419798
vt 0.91179299 0.91428602
vt 0.91154099 0.91435701
vt 0.91179699 0.91419798
vt 0.91202301 0.91417599
vt 0.91204298 0.91425198
vt 0.91179299 0.91428602
vt 0.91179299 0.91428602
vt 0.91204298 0.91425198
vt 0.91206801 0.91435897
vt 0.91178900 0.91441703
vt 0.91154099 0.91435701
vt 0.91179299 0.91428602
vt 0.91178900 0.91441703
vt 0.91147900 0.91453600
vt 0.91202301 0.91417599
vt 0.91231298 0.91417003
vt 0.91234499 0.91423798
vt 0.91204298 0.91425198
vt 0.91204298 0.91425198
vt 0.91234499 0.91423798
vt 0.91238099 0.91433102
vt 0.91206801 0.91435897
vt 0.91273302 0.91423899
vt 0.91234499 0.91423798
vt 0.91231298 0.91417003
vt 0.91270399 0.91418499
vt 0.91276902 0.91431803
vt 0.91238099 0.91433102
vt 0.91234499 0.91423798
vt 0.91273302 0.91423899
vt 0.91320300 0.91427302
vt 0.91276902 0.91431803
vt 0.91273302 0.91423899
vt 0.91316903 0.91420799
vt 0.91316903 0.91420799
vt 0.91273302 0.91423899
vt 0.91270399 0.91418499
vt 0.91314602 0.91416502
vt 0.91363800 0.91415399
vt 0.91320300 0.91427302
vt 0.91316903 0.91420799
vt 0.91360402 0.91410202
vt 0.91360402 0.91410202
vt 0.91316903 0.91420799
vt 0.91314602 0.91416502
vt 0.91358298 0.91406697
vt 0.91368902 0.91422999
vt 0.91325200 0.91436398
vt 0.91320300 0.91427302
vt 0.91363800 0.91415399
vt 0.91325200 0.91436398
vt 0.91282099 0.91442698
vt 0.91276902 0.91431803
vt 0.91320300 0.91427302
vt 0.91330999 0.91447800
vt 0.91288400 0.91456097
vt 0.91282099 0.91442698
vt 0.91325200 0.91436398
vt 0.91374302 0.91433001
vt 0.91330999 0.91447800
vt 0.91325200 0.91436398
vt 0.91368902 0.91422999
vt 0.91408598 0.91399997
vt 0.91368902 0.91422999
vt 0.91363800 0.91415399
vt 0.91402501 0.91394502
vt 0.91414899 0.91408199
vt 0.91374302 0.91433001
vt 0.91368902 0.91422999
vt 0.91408598 0.91399997
vt 0.91418600 0.91420901
vt 0.91377801 0.91446000
vt 0.91374302 0.91433001
vt 0.91414899 0.91408199
vt 0.91377801 0.91446000
vt 0.91335702 0.91461700
vt 0.91330999 0.91447800
vt 0.91374302 0.91433001
vt 0.91418999 0.91437697
vt 0.91379100 0.91461802
vt 0.91377801 0.91446000
vt 0.91418600 0.91420901
vt 0.91379100 0.91461802
vt 0.91338301 0.91478503
vt 0.91335702 0.91461700
vt 0.91377801 0.91446000
vt 0.91335702 0.91461700
vt 0.91294801 0.91471797
vt 0.91288400 0.91456097
vt 0.91330999 0.91447800
vt 0.91338301 0.91478503
vt 0.91298801 0.91490698
vt 0.91294801 0.91471797
vt 0.91335702 0.91461700
vt 0.91338301 0.91497701
vt 0.91299701 0.91512102
vt 0.91298801 0.91490698
vt 0.91338301 0.91478503
vt 0.91378498 0.91479999
vt 0.91338301 0.91497701
vt 0.91338301 0.91478503
vt 0.91379100 0.91461802
vt 0.91337502 0.91517901
vt 0.91299498 0.91534299
vt 0.91299701 0.91512102
vt 0.91338301 0.91497701
vt 0.91376501 0.91499901
vt 0.91337502 0.91517901
vt 0.91338301 0.91497701
vt 0.91378498 0.91479999
vt 0.91299498 0.91534299
vt 0.91263300 0.91551399
vt 0.91263503 0.91526300
vt 0.91299701 0.91512102
vt 0.91299701 0.91512102
vt 0.91263503 0.91526300
vt 0.91261899 0.91501600
vt 0.91298801 0.91490698
vt 0.91228998 0.91545397
vt 0.91263503 0.91526300
vt 0.91263300 0.91551399
vt 0.91228902 0.91573799
vt 0.91228002 0.91516697
vt 0.91261899 0.91501600
vt 0.91263503 0.91526300
vt 0.91228998 0.91545397
vt 0.91298801 0.91490698
vt 0.91261899 0.91501600
vt 0.91256899 0.91479999
vt 0.91294801 0.91471797
vt 0.91223103 0.91491199
vt 0.91256899 0.91479999
vt 0.91261899 0.91501600
vt 0.91228002 0.91516697
vt 0.91193199 0.91541302
vt 0.91228002 0.91516697
vt 0.91228998 0.91545397
vt 0.91194397 0.91573799
vt 0.91188502 0.91510397
vt 0.91223103 0.91491199
vt 0.91228002 0.91516697
vt 0.91193199 0.91541302
vt 0.91216600 0.91469502
vt 0.91249698 0.91461802
vt 0.91256899 0.91479999
vt 0.91223103 0.91491199
vt 0.91183102 0.91483700
vt 0.91216600 0.91469502
vt 0.91223103 0.91491199
vt 0.91188502 0.91510397
vt 0.91145003 0.91546398
vt 0.91188502 0.91510397
vt 0.91193199 0.91541302
vt 0.91152197 0.91582698
vt 0.91140199 0.91511703
vt 0.91183102 0.91483700
vt 0.91188502 0.91510397
vt 0.91145003 0.91546398
vt 0.91141999 0.91479897
vt 0.91179901 0.91460502
vt 0.91183102 0.91483700
vt 0.91140199 0.91511703
vt 0.91179901 0.91460502
vt 0.91210902 0.91450900
vt 0.91216600 0.91469502
vt 0.91183102 0.91483700
vt 0.91178900 0.91441703
vt 0.91206801 0.91435897
vt 0.91210902 0.91450900
vt 0.91179901 0.91460502
vt 0.91147900 0.91453600
vt 0.91178900 0.91441703
vt 0.91179901 0.91460502
vt 0.91141999 0.91479897
vt 0.91206801 0.91435897
vt 0.91238099 0.91433102
vt 0.91243201 0.91446102
vt 0.91210902 0.91450900
vt 0.91210902 0.91450900
vt 0.91243201 0.91446102
vt 0.91249698 0.91461802
vt 0.91216600 0.91469502
vt 0.91282099 0.91442698
vt 0.91243201 0.91446102
vt 0.91238099 0.91433102
vt 0.91276902 0.91431803
vt 0.91288400 0.91456097
vt 0.91249698 0.91461802
vt 0.91243201 0.91446102
vt 0.91282099 0.91442698
vt 0.91294801 0.91471797
vt 0.91256899 0.91479999
vt 0.91249698 0.91461802
vt 0.91288400 0.91456097
vt 0.91088903 0.91516203
vt 0.91141999 0.91479897
vt 0.91140199 0.91511703
vt 0.91078198 0.91565502
vt 0.91108501 0.91475600
vt 0.91147900 0.91453600
vt 0.91141999 0.91479897
vt 0.91088903 0.91516203
vt 0.91124701 0.91449100
vt 0.91154099 0.91435701
vt 0.91147900 0.91453600
vt 0.91108501 0.91475600
vt 0.91108501 0.91475600
vt 0.91088903 0.91516203
vt 0.91015399 0.91575402
vt 0.91061199 0.91507500
vt 0.91124701 0.91449100
vt 0.91108501 0.91475600
vt 0.91061199 0.91507500
vt 0.91092002 0.91468400
vt 0.91135401 0.91433501
vt 0.91124701 0.91449100
vt 0.91092002 0.91468400
vt 0.91109699 0.91446900
vt 0.91135401 0.91433501
vt 0.91158700 0.91424698
vt 0.91154099 0.91435701
vt 0.91124701 0.91449100
vt 0.91140199 0.91425002
vt 0.91135401 0.91433501
vt 0.91109699 0.91446900
vt 0.91117400 0.91435701
vt 0.91140199 0.91425002
vt 0.91160899 0.91417903
vt 0.91158700 0.91424698
vt 0.91135401 0.91433501
vt 0.91139603 0.91418600
vt 0.91161603 0.91412401
vt 0.91160899 0.91417903
vt 0.91140199 0.91425002
vt 0.91139603 0.91418600
vt 0.91140199 0.91425002
vt 0.91117400 0.91435701
vt 0.91117102 0.91429901
vt 0.91117400 0.91435701
vt 0.91109699 0.91446900
vt 0.91078901 0.91466302
vt 0.91088599 0.91452998
vt 0.91117102 0.91429901
vt 0.91117400 0.91435701
vt 0.91088599 0.91452998
vt 0.91089398 0.91446400
vt 0.91089398 0.91446400
vt 0.91088599 0.91452998
vt 0.91045201 0.91482699
vt 0.91046101 0.91475397
vt 0.91088599 0.91452998
vt 0.91078901 0.91466302
vt 0.91036099 0.91496301
vt 0.91045201 0.91482699
vt 0.91109699 0.91446900
vt 0.91092002 0.91468400
vt 0.91056401 0.91492301
vt 0.91078901 0.91466302
vt 0.91078901 0.91466302
vt 0.91056401 0.91492301
vt 0.91014302 0.91522098
vt 0.91036099 0.91496301
vt 0.91045201 0.91482699
vt 0.91036099 0.91496301
vt 0.90967298 0.91547197
vt 0.90974098 0.91534400
vt 0.91036099 0.91496301
vt 0.91014302 0.91522098
vt 0.90951598 0.91568601
vt 0.90967298 0.91547197
vt 0.91056401 0.91492301
vt 0.91012299 0.91541898
vt 0.90967602 0.91571200
vt 0.91014302 0.91522098
vt 0.91014302 0.91522098
vt 0.90967602 0.91571200
vt 0.90929502 0.91595501
vt 0.90951598 0.91568601
vt 0.90951598 0.91568601
vt 0.90929502 0.91595501
vt 0.90844899 0.91668200
vt 0.90842998 0.91653001
vt 0.90967298 0.91547197
vt 0.90951598 0.91568601
vt 0.90842998 0.91653001
vt 0.90848202 0.91636503
vt 0.90848202 0.91636503
vt 0.90842998 0.91653001
vt 0.90679997 0.91783202
vt 0.90670198 0.91772801
vt 0.90842998 0.91653001
vt 0.90844899 0.91668200
vt 0.90694100 0.91797400
vt 0.90679997 0.91783202
vt 0.90844899 0.91668200
vt 0.90872598 0.91666800
vt 0.90715700 0.91818398
vt 0.90694100 0.91797400
vt 0.90929502 0.91595501
vt 0.90967602 0.91571200
vt 0.90872598 0.91666800
vt 0.90844899 0.91668200
vt 0.90679997 0.91783202
vt 0.90694100 0.91797400
vt 0.90490103 0.91978502
vt 0.90461600 0.91973001
vt 0.90490103 0.91978502
vt 0.90694100 0.91797400
vt 0.90715700 0.91818398
vt 0.90485901 0.92025501
vt 0.90485901 0.92025501
vt 0.90715700 0.91818398
vt 0.90760398 0.91857100
vt 0.90430099 0.92135698
vt 0.90872598 0.91666800
vt 0.90930802 0.91638601
vt 0.90760398 0.91857100
vt 0.90715700 0.91818398
vt 0.90257102 0.92392498
vt 0.90430099 0.92135698
vt 0.90760398 0.91857100
vt 0.90505099 0.92226303
vt 0.90664399 0.92196602
vt 0.90505099 0.92226303
vt 0.90760398 0.91857100
vt 0.90843898 0.91911602
vt 0.90990698 0.91726500
vt 0.90843898 0.91911602
vt 0.90760398 0.91857100
vt 0.90978903 0.91662699
vt 0.91015399 0.91575402
vt 0.90978903 0.91662699
vt 0.90760398 0.91857100
vt 0.90930802 0.91638601
vt 0.90229201 0.92243898
vt 0.90485901 0.92025501
vt 0.90430099 0.92135698
vt 0.90118998 0.92398602
vt 0.89954603 0.92645597
vt 0.90118998 0.92398602
vt 0.90430099 0.92135698
vt 0.90257102 0.92392498
vt 0.89759898 0.92998201
vt 0.89954603 0.92645597
vt 0.90257102 0.92392498
vt 0.90035599 0.92786503
vt 0.90035599 0.92786503
vt 0.90257102 0.92392498
vt 0.90505099 0.92226303
vt 0.90285301 0.92641598
vt 0.90035599 0.92786503
vt 0.89884198 0.93258399
vt 0.89628297 0.93437999
vt 0.89759898 0.92998201
vt 0.90285301 0.92641598
vt 0.90137100 0.93108600
vt 0.89884198 0.93258399
vt 0.90035599 0.92786503
vt 0.90488702 0.92571098
vt 0.90285301 0.92641598
vt 0.90505099 0.92226303
vt 0.90664399 0.92196602
vt 0.90488702 0.92571098
vt 0.90370399 0.92990500
vt 0.90137100 0.93108600
vt 0.90285301 0.92641598
vt 0.90370399 0.92990500
vt 0.90380001 0.93409598
vt 0.90148002 0.93571597
vt 0.90137100 0.93108600
vt 0.90137100 0.93108600
vt 0.90148002 0.93571597
vt 0.89899498 0.93734401
vt 0.89884198 0.93258399
vt 0.90148002 0.93571597
vt 0.90335900 0.93960202
vt 0.90110302 0.94140702
vt 0.89899498 0.93734401
vt 0.90380001 0.93409598
vt 0.90543997 0.93765497
vt 0.90335900 0.93960202
vt 0.90148002 0.93571597
vt 0.90578598 0.93229598
vt 0.90716702 0.93545097
vt 0.90543997 0.93765497
vt 0.90380001 0.93409598
vt 0.90565902 0.92873400
vt 0.90578598 0.93229598
vt 0.90380001 0.93409598
vt 0.90370399 0.92990500
vt 0.90716702 0.93545097
vt 0.90991801 0.93787098
vt 0.90872002 0.94030899
vt 0.90543997 0.93765497
vt 0.90543997 0.93765497
vt 0.90872002 0.94030899
vt 0.90707201 0.94253701
vt 0.90335900 0.93960202
vt 0.91369301 0.94182903
vt 0.90872002 0.94030899
vt 0.90991801 0.93787098
vt 0.91405398 0.93928498
vt 0.91281098 0.94426900
vt 0.90707201 0.94253701
vt 0.90872002 0.94030899
vt 0.91369301 0.94182903
vt 0.91984302 0.94177002
vt 0.91369301 0.94182903
vt 0.91405398 0.93928498
vt 0.91917002 0.93939102
vt 0.91999602 0.94425499
vt 0.91281098 0.94426900
vt 0.91369301 0.94182903
vt 0.91984302 0.94177002
vt 0.91405398 0.93928498
vt 0.90991801 0.93787098
vt 0.91052502 0.93534303
vt 0.91388798 0.93676198
vt 0.91917002 0.93939102
vt 0.91405398 0.93928498
vt 0.91388798 0.93676198
vt 0.91811699 0.93712097
vt 0.92485303 0.93794698
vt 0.91917002 0.93939102
vt 0.91811699 0.93712097
vt 0.92290503 0.93617398
vt 0.92659700 0.93981999
vt 0.91984302 0.94177002
vt 0.91917002 0.93939102
vt 0.92485303 0.93794698
vt 0.93055201 0.93469900
vt 0.92485303 0.93794698
vt 0.92290503 0.93617398
vt 0.92767602 0.93381703
vt 0.93325698 0.93561900
vt 0.92659700 0.93981999
vt 0.92485303 0.93794698
vt 0.93055201 0.93469900
vt 0.92786199 0.94189900
vt 0.91999602 0.94425499
vt 0.91984302 0.94177002
vt 0.92659700 0.93981999
vt 0.93546897 0.93693602
vt 0.92786199 0.94189900
vt 0.92659700 0.93981999
vt 0.93325698 0.93561900
vt 0.93707502 0.93861997
vt 0.92865598 0.94407701
vt 0.92786199 0.94189900
vt 0.93546897 0.93693602
vt 0.92865598 0.94407701
vt 0.91983497 0.94663697
vt 0.91999602 0.94425499
vt 0.92786199 0.94189900
vt 0.91983497 0.94663697
vt 0.91175199 0.94657499
vt 0.91281098 0.94426900
vt 0.91999602 0.94425499
vt 0.92917198 0.94606400
vt 0.91955602 0.94875598
vt 0.91983497 0.94663697
vt 0.92865598 0.94407701
vt 0.91955602 0.94875598
vt 0.91069102 0.94860101
vt 0.91175199 0.94657499
vt 0.91983497 0.94663697
vt 0.91930401 0.95036501
vt 0.90982503 0.95015103
vt 0.91069102 0.94860101
vt 0.91955602 0.94875598
vt 0.92952800 0.94756699
vt 0.91930401 0.95036501
vt 0.91955602 0.94875598
vt 0.92917198 0.94606400
vt 0.93819100 0.94027299
vt 0.92917198 0.94606400
vt 0.92865598 0.94407701
vt 0.93707502 0.93861997
vt 0.93901199 0.94150603
vt 0.92952800 0.94756699
vt 0.92917198 0.94606400
vt 0.93819100 0.94027299
vt 0.93819100 0.94027299
vt 0.93707502 0.93861997
vt 0.94390601 0.93066299
vt 0.94529301 0.93204302
vt 0.93819100 0.94027299
vt 0.94529301 0.93204302
vt 0.94637102 0.93295300
vt 0.93901199 0.94150603
vt 0.93964398 0.94232601
vt 0.92979699 0.94862598
vt 0.92952800 0.94756699
vt 0.93901199 0.94150603
vt 0.93901199 0.94150603
vt 0.94637102 0.93295300
vt 0.94723099 0.93344200
vt 0.93964398 0.94232601
vt 0.94529301 0.93204302
vt 0.94965202 0.92289603
vt 0.95081902 0.92340100
vt 0.94637102 0.93295300
vt 0.94637102 0.93295300
vt 0.95081902 0.92340100
vt 0.95176202 0.92340899
vt 0.94723099 0.93344200
vt 0.93964398 0.94232601
vt 0.94723099 0.93344200
vt 0.94788402 0.93367201
vt 0.94013703 0.94283003
vt 0.94723099 0.93344200
vt 0.95176202 0.92340899
vt 0.95246798 0.92327797
vt 0.94788402 0.93367201
vt 0.95176202 0.92340899
vt 0.95336801 0.91388798
vt 0.95401299 0.91329700
vt 0.95246798 0.92327797
vt 0.95081902 0.92340100
vt 0.95251697 0.91457498
vt 0.95336801 0.91388798
vt 0.95176202 0.92340899
vt 0.95336801 0.91388798
vt 0.95310903 0.90606898
vt 0.95362997 0.90496600
vt 0.95401299 0.91329700
vt 0.95251697 0.91457498
vt 0.95247799 0.90766197
vt 0.95310903 0.90606898
vt 0.95336801 0.91388798
vt 0.95247799 0.90766197
vt 0.95158100 0.90313101
vt 0.95197803 0.90069503
vt 0.95310903 0.90606898
vt 0.95310903 0.90606898
vt 0.95197803 0.90069503
vt 0.95237702 0.89914203
vt 0.95362997 0.90496600
vt 0.95401299 0.91329700
vt 0.95362997 0.90496600
vt 0.95408201 0.90430498
vt 0.95450598 0.91291302
vt 0.95362997 0.90496600
vt 0.95237702 0.89914203
vt 0.95281100 0.89819300
vt 0.95408201 0.90430498
vt 0.95237702 0.89914203
vt 0.95105702 0.89535099
vt 0.95162499 0.89402199
vt 0.95281100 0.89819300
vt 0.95197803 0.90069503
vt 0.95062399 0.89729202
vt 0.95105702 0.89535099
vt 0.95237702 0.89914203
vt 0.95105702 0.89535099
vt 0.95005798 0.89259899
vt 0.95106500 0.89023000
vt 0.95162499 0.89402199
vt 0.95062399 0.89729202
vt 0.94932699 0.89513397
vt 0.95005798 0.89259899
vt 0.95105702 0.89535099
vt 0.95158100 0.90313101
vt 0.95036101 0.90014201
vt 0.95062399 0.89729202
vt 0.95197803 0.90069503
vt 0.95036101 0.90014201
vt 0.94887602 0.89799899
vt 0.94932699 0.89513397
vt 0.95062399 0.89729202
vt 0.94932699 0.89513397
vt 0.94771701 0.89367002
vt 0.94878799 0.89028102
vt 0.95005798 0.89259899
vt 0.94887602 0.89799899
vt 0.94700700 0.89647102
vt 0.94771701 0.89367002
vt 0.94932699 0.89513397
vt 0.94842601 0.90186501
vt 0.94633198 0.89963102
vt 0.94700700 0.89647102
vt 0.94887602 0.89799899
vt 0.94999999 0.90446597
vt 0.94842601 0.90186501
vt 0.94887602 0.89799899
vt 0.95036101 0.90014201
vt 0.94452602 0.89544302
vt 0.94700700 0.89647102
vt 0.94633198 0.89963102
vt 0.94362801 0.89812702
vt 0.94537801 0.89268702
vt 0.94771701 0.89367002
vt 0.94700700 0.89647102
vt 0.94452602 0.89544302
vt 0.94362801 0.89812702
vt 0.94633198 0.89963102
vt 0.94531798 0.90352601
vt 0.94245797 0.90125299
vt 0.94633198 0.89963102
vt 0.94842601 0.90186501
vt 0.94746202 0.90700299
vt 0.94531798 0.90352601
vt 0.94531798 0.90352601
vt 0.94746202 0.90700299
vt 0.94557899 0.91215098
vt 0.94373697 0.90749198
vt 0.94245797 0.90125299
vt 0.94531798 0.90352601
vt 0.94373697 0.90749198
vt 0.94095802 0.90455198
vt 0.94746202 0.90700299
vt 0.94905102 0.91077900
vt 0.94638598 0.91933697
vt 0.94557899 0.91215098
vt 0.94842601 0.90186501
vt 0.94999999 0.90446597
vt 0.94905102 0.91077900
vt 0.94746202 0.90700299
vt 0.95116001 0.90706700
vt 0.95034200 0.91333199
vt 0.94905102 0.91077900
vt 0.94999999 0.90446597
vt 0.95034200 0.91333199
vt 0.94826698 0.92156303
vt 0.94638598 0.91933697
vt 0.94905102 0.91077900
vt 0.95149201 0.91470301
vt 0.94965202 0.92289603
vt 0.94826698 0.92156303
vt 0.95034200 0.91333199
vt 0.95180398 0.90940702
vt 0.95149201 0.91470301
vt 0.95034200 0.91333199
vt 0.95116001 0.90706700
vt 0.94529301 0.93204302
vt 0.94390601 0.93066299
vt 0.94826698 0.92156303
vt 0.94965202 0.92289603
vt 0.94390601 0.93066299
vt 0.94189501 0.92954600
vt 0.94638598 0.91933697
vt 0.94826698 0.92156303
vt 0.93707502 0.93861997
vt 0.93546897 0.93693602
vt 0.94189501 0.92954600
vt 0.94390601 0.93066299
vt 0.93883401 0.92940998
vt 0.94207901 0.92222399
vt 0.94638598 0.91933697
vt 0.94189501 0.92954600
vt 0.93325698 0.93561900
vt 0.93883401 0.92940998
vt 0.94189501 0.92954600
vt 0.93546897 0.93693602
vt 0.93055201 0.93469900
vt 0.93542600 0.92973202
vt 0.93883401 0.92940998
vt 0.93325698 0.93561900
vt 0.93542600 0.92973202
vt 0.93849999 0.92389500
vt 0.94207901 0.92222399
vt 0.93883401 0.92940998
vt 0.93957299 0.91847998
vt 0.94278002 0.91587001
vt 0.94207901 0.92222399
vt 0.93849999 0.92389500
vt 0.94278002 0.91587001
vt 0.94557899 0.91215098
vt 0.94638598 0.91933697
vt 0.94207901 0.92222399
vt 0.94155997 0.91098100
vt 0.94373697 0.90749198
vt 0.94557899 0.91215098
vt 0.94278002 0.91587001
vt 0.93895400 0.91394502
vt 0.94155997 0.91098100
vt 0.94278002 0.91587001
vt 0.93957299 0.91847998
vt 0.93488002 0.92543399
vt 0.93623400 0.92066902
vt 0.93957299 0.91847998
vt 0.93849999 0.92389500
vt 0.93623400 0.92066902
vt 0.93604302 0.91651797
vt 0.93895400 0.91394502
vt 0.93957299 0.91847998
vt 0.93697500 0.91070598
vt 0.93895400 0.91394502
vt 0.93604302 0.91651797
vt 0.93456000 0.91343600
vt 0.93912202 0.90774202
vt 0.94155997 0.91098100
vt 0.93895400 0.91394502
vt 0.93697500 0.91070598
vt 0.93402702 0.90870798
vt 0.93697500 0.91070598
vt 0.93456000 0.91343600
vt 0.93211502 0.91139299
vt 0.93574500 0.90589398
vt 0.93912202 0.90774202
vt 0.93697500 0.91070598
vt 0.93402702 0.90870798
vt 0.94095802 0.90455198
vt 0.94373697 0.90749198
vt 0.94155997 0.91098100
vt 0.93912202 0.90774202
vt 0.93733698 0.90295303
vt 0.94095802 0.90455198
vt 0.93912202 0.90774202
vt 0.93574500 0.90589398
vt 0.93160701 0.90531898
vt 0.93574500 0.90589398
vt 0.93402702 0.90870798
vt 0.93042499 0.90784299
vt 0.93289202 0.90262902
vt 0.93733698 0.90295303
vt 0.93574500 0.90589398
vt 0.93160701 0.90531898
vt 0.93889099 0.90001798
vt 0.94245797 0.90125299
vt 0.94095802 0.90455198
vt 0.93733698 0.90295303
vt 0.93456602 0.89982897
vt 0.93889099 0.90001798
vt 0.93733698 0.90295303
vt 0.93289202 0.90262902
vt 0.92982697 0.90088499
vt 0.93456602 0.89982897
vt 0.93289202 0.90262902
vt 0.92805201 0.90363002
vt 0.92805201 0.90363002
vt 0.93289202 0.90262902
vt 0.93160701 0.90531898
vt 0.92715400 0.90591800
vt 0.92982697 0.90088499
vt 0.92805201 0.90363002
vt 0.92347002 0.90551198
vt 0.92551202 0.90283501
vt 0.92715400 0.90591800
vt 0.92298400 0.90730703
vt 0.92347002 0.90551198
vt 0.92805201 0.90363002
vt 0.92658198 0.90797901
vt 0.92298299 0.90883398
vt 0.92298400 0.90730703
vt 0.92715400 0.90591800
vt 0.92715400 0.90591800
vt 0.93160701 0.90531898
vt 0.93042499 0.90784299
vt 0.92658198 0.90797901
vt 0.92658198 0.90797901
vt 0.93042499 0.90784299
vt 0.92915499 0.91032600
vt 0.92596602 0.91012698
vt 0.92658198 0.90797901
vt 0.92596602 0.91012698
vt 0.92291802 0.91048002
vt 0.92298299 0.90883398
vt 0.92298299 0.90883398
vt 0.92291802 0.91048002
vt 0.92044598 0.91104198
vt 0.92018902 0.90991902
vt 0.92298299 0.90883398
vt 0.92018902 0.90991902
vt 0.91983598 0.90893900
vt 0.92298400 0.90730703
vt 0.92596602 0.91012698
vt 0.92516601 0.91218603
vt 0.92265099 0.91204000
vt 0.92291802 0.91048002
vt 0.92291802 0.91048002
vt 0.92265099 0.91204000
vt 0.92054701 0.91213000
vt 0.92044598 0.91104198
vt 0.92018902 0.90991902
vt 0.92044598 0.91104198
vt 0.91861200 0.91158599
vt 0.91821098 0.91083902
vt 0.92044598 0.91104198
vt 0.92054701 0.91213000
vt 0.91891402 0.91241002
vt 0.91861200 0.91158599
vt 0.92054701 0.91213000
vt 0.92051703 0.91242498
vt 0.91931999 0.91259700
vt 0.91891402 0.91241002
vt 0.92265099 0.91204000
vt 0.92195499 0.91241199
vt 0.92051703 0.91242498
vt 0.92054701 0.91213000
vt 0.92195499 0.91241199
vt 0.92238098 0.91458398
vt 0.92106903 0.91423303
vt 0.92051703 0.91242498
vt 0.92051703 0.91242498
vt 0.92106903 0.91423303
vt 0.91987503 0.91414702
vt 0.91931999 0.91259700
vt 0.91891402 0.91241002
vt 0.91931999 0.91259700
vt 0.91829503 0.91285199
vt 0.91767102 0.91266102
vt 0.91931999 0.91259700
vt 0.91987503 0.91414702
vt 0.91883999 0.91419500
vt 0.91829503 0.91285199
vt 0.91883999 0.91419500
vt 0.91987503 0.91414702
vt 0.91988802 0.91424501
vt 0.91885698 0.91427898
vt 0.92107302 0.91434699
vt 0.91988802 0.91424501
vt 0.91987503 0.91414702
vt 0.92106903 0.91423303
vt 0.91988802 0.91424501
vt 0.92107302 0.91434699
vt 0.92073798 0.91563600
vt 0.91978699 0.91539901
vt 0.91885698 0.91427898
vt 0.91988802 0.91424501
vt 0.91978699 0.91539901
vt 0.91887599 0.91531998
vt 0.91795897 0.91440499
vt 0.91885698 0.91427898
vt 0.91887599 0.91531998
vt 0.91802400 0.91537398
vt 0.91885698 0.91427898
vt 0.91795897 0.91440499
vt 0.91794199 0.91433299
vt 0.91883999 0.91419500
vt 0.91719401 0.91455102
vt 0.91795897 0.91440499
vt 0.91802400 0.91537398
vt 0.91730100 0.91531199
vt 0.91717899 0.91448897
vt 0.91794199 0.91433299
vt 0.91795897 0.91440499
vt 0.91719401 0.91455102
vt 0.91745502 0.91318202
vt 0.91794199 0.91433299
vt 0.91717899 0.91448897
vt 0.91676497 0.91351098
vt 0.91829503 0.91285199
vt 0.91883999 0.91419500
vt 0.91794199 0.91433299
vt 0.91745502 0.91318202
vt 0.91829503 0.91285199
vt 0.91745502 0.91318202
vt 0.91682601 0.91290200
vt 0.91767102 0.91266102
vt 0.91745502 0.91318202
vt 0.91676497 0.91351098
vt 0.91625398 0.91314501
vt 0.91682601 0.91290200
vt 0.91676497 0.91351098
vt 0.91717899 0.91448897
vt 0.91653401 0.91465300
vt 0.91620398 0.91381103
vt 0.91676497 0.91351098
vt 0.91620398 0.91381103
vt 0.91583198 0.91339898
vt 0.91625398 0.91314501
vt 0.91625398 0.91314501
vt 0.91583198 0.91339898
vt 0.91562498 0.91295099
vt 0.91597003 0.91265798
vt 0.91682601 0.91290200
vt 0.91625398 0.91314501
vt 0.91597003 0.91265798
vt 0.91649097 0.91235602
vt 0.91649097 0.91235602
vt 0.91597003 0.91265798
vt 0.91566902 0.91232902
vt 0.91612703 0.91197097
vt 0.91597003 0.91265798
vt 0.91562498 0.91295099
vt 0.91538900 0.91263902
vt 0.91566902 0.91232902
vt 0.91562498 0.91295099
vt 0.91536701 0.91325599
vt 0.91519803 0.91294700
vt 0.91538900 0.91263902
vt 0.91583198 0.91339898
vt 0.91548800 0.91367000
vt 0.91536701 0.91325599
vt 0.91562498 0.91295099
vt 0.91512799 0.91360402
vt 0.91536701 0.91325599
vt 0.91548800 0.91367000
vt 0.91518098 0.91396898
vt 0.91503400 0.91329098
vt 0.91519803 0.91294700
vt 0.91536701 0.91325599
vt 0.91512799 0.91360402
vt 0.91483301 0.91367000
vt 0.91503400 0.91329098
vt 0.91512799 0.91360402
vt 0.91485697 0.91396099
vt 0.91485697 0.91396099
vt 0.91512799 0.91360402
vt 0.91518098 0.91396898
vt 0.91485900 0.91427100
vt 0.91455197 0.91405100
vt 0.91483301 0.91367000
vt 0.91485697 0.91396099
vt 0.91453701 0.91429400
vt 0.91453701 0.91429400
vt 0.91485697 0.91396099
vt 0.91485900 0.91427100
vt 0.91451597 0.91454703
vt 0.91503400 0.91329098
vt 0.91483301 0.91367000
vt 0.91476399 0.91342700
vt 0.91491199 0.91304100
vt 0.91455197 0.91405100
vt 0.91453898 0.91385001
vt 0.91476399 0.91342700
vt 0.91483301 0.91367000
vt 0.91418999 0.91437697
vt 0.91418600 0.91420901
vt 0.91453898 0.91385001
vt 0.91455197 0.91405100
vt 0.91418999 0.91437697
vt 0.91455197 0.91405100
vt 0.91453701 0.91429400
vt 0.91417301 0.91457599
vt 0.91453898 0.91385001
vt 0.91447902 0.91371399
vt 0.91467500 0.91317397
vt 0.91476399 0.91342700
vt 0.91418600 0.91420901
vt 0.91414899 0.91408199
vt 0.91447902 0.91371399
vt 0.91453898 0.91385001
vt 0.91408598 0.91399997
vt 0.91438800 0.91365999
vt 0.91447902 0.91371399
vt 0.91414899 0.91408199
vt 0.91438800 0.91365999
vt 0.91453803 0.91323602
vt 0.91467500 0.91317397
vt 0.91447902 0.91371399
vt 0.91491199 0.91304100
vt 0.91476399 0.91342700
vt 0.91467500 0.91317397
vt 0.91478002 0.91279298
vt 0.91465598 0.91252601
vt 0.91478002 0.91279298
vt 0.91467500 0.91317397
vt 0.91460598 0.91272998
vt 0.91454202 0.91285300
vt 0.91460598 0.91272998
vt 0.91467500 0.91317397
vt 0.91453803 0.91323602
vt 0.91430998 0.91363901
vt 0.91445601 0.91325998
vt 0.91453803 0.91323602
vt 0.91438800 0.91365999
vt 0.91502398 0.91270500
vt 0.91491199 0.91304100
vt 0.91478002 0.91279298
vt 0.91485697 0.91249400
vt 0.91470301 0.91230297
vt 0.91485697 0.91249400
vt 0.91478002 0.91279298
vt 0.91465598 0.91252601
vt 0.91519803 0.91294700
vt 0.91503400 0.91329098
vt 0.91491199 0.91304100
vt 0.91502398 0.91270500
vt 0.91538900 0.91263902
vt 0.91519803 0.91294700
vt 0.91502398 0.91270500
vt 0.91516501 0.91241002
vt 0.91516501 0.91241002
vt 0.91502398 0.91270500
vt 0.91485697 0.91249400
vt 0.91495901 0.91223001
vt 0.91566902 0.91232902
vt 0.91538900 0.91263902
vt 0.91516501 0.91241002
vt 0.91538799 0.91210502
vt 0.91538799 0.91210502
vt 0.91516501 0.91241002
vt 0.91495901 0.91223001
vt 0.91512698 0.91194898
vt 0.91495901 0.91223001
vt 0.91485697 0.91249400
vt 0.91470301 0.91230297
vt 0.91477400 0.91208899
vt 0.91512698 0.91194898
vt 0.91495901 0.91223001
vt 0.91477400 0.91208899
vt 0.91489100 0.91185403
vt 0.91577703 0.91172600
vt 0.91538799 0.91210502
vt 0.91512698 0.91194898
vt 0.91543102 0.91157901
vt 0.91543102 0.91157901
vt 0.91512698 0.91194898
vt 0.91489100 0.91185403
vt 0.91509902 0.91153401
vt 0.91509902 0.91153401
vt 0.91489100 0.91185403
vt 0.91469598 0.91180098
vt 0.91482502 0.91155201
vt 0.91489100 0.91185403
vt 0.91477400 0.91208899
vt 0.91461301 0.91198999
vt 0.91469598 0.91180098
vt 0.91482502 0.91155201
vt 0.91469598 0.91180098
vt 0.91454399 0.91177303
vt 0.91462702 0.91157800
vt 0.91469598 0.91180098
vt 0.91461301 0.91198999
vt 0.91448498 0.91192698
vt 0.91454399 0.91177303
vt 0.91477400 0.91208899
vt 0.91470301 0.91230297
vt 0.91456503 0.91215003
vt 0.91461301 0.91198999
vt 0.91547102 0.91105902
vt 0.91509902 0.91153401
vt 0.91482502 0.91155201
vt 0.91502899 0.91120797
vt 0.91502899 0.91120797
vt 0.91482502 0.91155201
vt 0.91462702 0.91157800
vt 0.91474199 0.91133201
vt 0.91490799 0.91103202
vt 0.91534400 0.91075897
vt 0.91502899 0.91120797
vt 0.91474199 0.91133201
vt 0.91502899 0.91120797
vt 0.91534400 0.91075897
vt 0.91610497 0.91035300
vt 0.91547102 0.91105902
vt 0.91547102 0.91105902
vt 0.91610497 0.91035300
vt 0.91707200 0.91006202
vt 0.91599798 0.91101301
vt 0.91599798 0.91101301
vt 0.91543102 0.91157901
vt 0.91509902 0.91153401
vt 0.91547102 0.91105902
vt 0.91647601 0.91117299
vt 0.91577703 0.91172600
vt 0.91543102 0.91157901
vt 0.91599798 0.91101301
vt 0.91647601 0.91117299
vt 0.91599798 0.91101301
vt 0.91707200 0.91006202
vt 0.91775203 0.91029102
vt 0.91775203 0.91029102
vt 0.91707200 0.91006202
vt 0.91933298 0.90791702
vt 0.91983598 0.90893900
vt 0.91610497 0.91035300
vt 0.91681701 0.90951300
vt 0.91933298 0.90791702
vt 0.91707200 0.91006202
vt 0.91821098 0.91083902
vt 0.91775203 0.91029102
vt 0.91983598 0.90893900
vt 0.92018902 0.90991902
vt 0.91689599 0.91150200
vt 0.91647601 0.91117299
vt 0.91775203 0.91029102
vt 0.91821098 0.91083902
vt 0.91821098 0.91083902
vt 0.91861200 0.91158599
vt 0.91731000 0.91201198
vt 0.91689599 0.91150200
vt 0.91689599 0.91150200
vt 0.91612703 0.91197097
vt 0.91577703 0.91172600
vt 0.91647601 0.91117299
vt 0.91731000 0.91201198
vt 0.91649097 0.91235602
vt 0.91612703 0.91197097
vt 0.91689599 0.91150200
vt 0.91767102 0.91266102
vt 0.91682601 0.91290200
vt 0.91649097 0.91235602
vt 0.91731000 0.91201198
vt 0.91861200 0.91158599
vt 0.91891402 0.91241002
vt 0.91767102 0.91266102
vt 0.91731000 0.91201198
vt 0.91612703 0.91197097
vt 0.91566902 0.91232902
vt 0.91538799 0.91210502
vt 0.91577703 0.91172600
vt 0.92298400 0.90730703
vt 0.91983598 0.90893900
vt 0.91933298 0.90791702
vt 0.92347002 0.90551198
vt 0.92136800 0.90494001
vt 0.92261398 0.90445697
vt 0.91933298 0.90791702
vt 0.91894501 0.90735900
vt 0.92551202 0.90283501
vt 0.92347002 0.90551198
vt 0.91933298 0.90791702
vt 0.92261398 0.90445697
vt 0.91715598 0.90891200
vt 0.91894501 0.90735900
vt 0.91933298 0.90791702
vt 0.91681701 0.90951300
vt 0.91718000 0.90859503
vt 0.91872001 0.90707803
vt 0.91894501 0.90735900
vt 0.91715598 0.90891200
vt 0.92083102 0.90491802
vt 0.92136800 0.90494001
vt 0.91894501 0.90735900
vt 0.91872001 0.90707803
vt 0.91854602 0.90687400
vt 0.91872001 0.90707803
vt 0.91718000 0.90859503
vt 0.91699600 0.90853202
vt 0.92073798 0.90454298
vt 0.92083102 0.90491802
vt 0.91872001 0.90707803
vt 0.91854602 0.90687400
vt 0.92272902 0.90290302
vt 0.92389601 0.90210998
vt 0.92136800 0.90494001
vt 0.92083102 0.90491802
vt 0.92328900 0.90190202
vt 0.92272902 0.90290302
vt 0.92083102 0.90491802
vt 0.92073798 0.90454298
vt 0.92075801 0.90411001
vt 0.92073798 0.90454298
vt 0.91854602 0.90687400
vt 0.91840303 0.90672100
vt 0.92372000 0.90092802
vt 0.92328900 0.90190202
vt 0.92073798 0.90454298
vt 0.92075801 0.90411001
vt 0.92687798 0.89797503
vt 0.92576402 0.89975101
vt 0.92328900 0.90190202
vt 0.92372000 0.90092802
vt 0.92576402 0.89975101
vt 0.92389601 0.90210998
vt 0.92272902 0.90290302
vt 0.92328900 0.90190202
vt 0.92831802 0.89797300
vt 0.92568600 0.90101498
vt 0.92389601 0.90210998
vt 0.92576402 0.89975101
vt 0.93009102 0.89557201
vt 0.92831802 0.89797300
vt 0.92576402 0.89975101
vt 0.92687798 0.89797503
vt 0.92735600 0.89678597
vt 0.92687798 0.89797503
vt 0.92372000 0.90092802
vt 0.92386502 0.90027899
vt 0.93089402 0.89378899
vt 0.93009102 0.89557201
vt 0.92687798 0.89797503
vt 0.92735600 0.89678597
vt 0.93402499 0.89138299
vt 0.93318599 0.89380503
vt 0.93009102 0.89557201
vt 0.93089402 0.89378899
vt 0.93318599 0.89380503
vt 0.93123502 0.89638197
vt 0.92831802 0.89797300
vt 0.93009102 0.89557201
vt 0.93084699 0.89256197
vt 0.93089402 0.89378899
vt 0.92735600 0.89678597
vt 0.92729700 0.89610398
vt 0.93384802 0.88906598
vt 0.93402499 0.89138299
vt 0.93089402 0.89378899
vt 0.93084699 0.89256197
vt 0.93686002 0.88937098
vt 0.93616402 0.89271599
vt 0.93318599 0.89380503
vt 0.93402499 0.89138299
vt 0.93694198 0.88314301
vt 0.93686002 0.88937098
vt 0.93402499 0.89138299
vt 0.93384802 0.88906598
vt 0.93694198 0.88314301
vt 0.94075501 0.88134301
vt 0.94006902 0.88830203
vt 0.93686002 0.88937098
vt 0.93686002 0.88937098
vt 0.94006902 0.88830203
vt 0.93932199 0.89218003
vt 0.93616402 0.89271599
vt 0.94006902 0.88830203
vt 0.94335401 0.88812900
vt 0.94248199 0.89217800
vt 0.93932199 0.89218003
vt 0.94075501 0.88134301
vt 0.94429702 0.88100803
vt 0.94335401 0.88812900
vt 0.94006902 0.88830203
vt 0.93850303 0.86984301
vt 0.94162798 0.86937600
vt 0.94075501 0.88134301
vt 0.93694198 0.88314301
vt 0.94162798 0.86937600
vt 0.94515002 0.86897099
vt 0.94429702 0.88100803
vt 0.94075501 0.88134301
vt 0.94429702 0.88100803
vt 0.94764799 0.88168001
vt 0.94639599 0.88878101
vt 0.94335401 0.88812900
vt 0.94515002 0.86897099
vt 0.94864398 0.86910701
vt 0.94764799 0.88168001
vt 0.94429702 0.88100803
vt 0.94079298 0.85408199
vt 0.94422901 0.85334897
vt 0.94515002 0.86897099
vt 0.94162798 0.86937600
vt 0.94422901 0.85334897
vt 0.94769001 0.85279500
vt 0.94864398 0.86910701
vt 0.94515002 0.86897099
vt 0.94864398 0.86910701
vt 0.95159298 0.86927003
vt 0.95066398 0.88385201
vt 0.94764799 0.88168001
vt 0.94769001 0.85279500
vt 0.95061398 0.85227603
vt 0.95159298 0.86927003
vt 0.94864398 0.86910701
vt 0.95066398 0.88385201
vt 0.95159298 0.86927003
vt 0.95338303 0.86838502
vt 0.95253903 0.88122100
vt 0.95159298 0.86927003
vt 0.95061398 0.85227603
vt 0.95244497 0.85157198
vt 0.95338303 0.86838502
vt 0.95106500 0.89023000
vt 0.95066398 0.88385201
vt 0.95253903 0.88122100
vt 0.95197701 0.88864100
vt 0.95005798 0.89259899
vt 0.94878799 0.89028102
vt 0.95066398 0.88385201
vt 0.95106500 0.89023000
vt 0.94764799 0.88168001
vt 0.95066398 0.88385201
vt 0.94878799 0.89028102
vt 0.94639599 0.88878101
vt 0.94639599 0.88878101
vt 0.94878799 0.89028102
vt 0.94771701 0.89367002
vt 0.94537801 0.89268702
vt 0.94335401 0.88812900
vt 0.94639599 0.88878101
vt 0.94537801 0.89268702
vt 0.94248199 0.89217800
vt 0.94248199 0.89217800
vt 0.94537801 0.89268702
vt 0.94452602 0.89544302
vt 0.94151801 0.89486402
vt 0.93932199 0.89218003
vt 0.94248199 0.89217800
vt 0.94151801 0.89486402
vt 0.93812901 0.89476597
vt 0.94151801 0.89486402
vt 0.94452602 0.89544302
vt 0.94362801 0.89812702
vt 0.94033903 0.89728099
vt 0.93812901 0.89476597
vt 0.94151801 0.89486402
vt 0.94033903 0.89728099
vt 0.93648201 0.89713401
vt 0.93459803 0.89524502
vt 0.93812901 0.89476597
vt 0.93648201 0.89713401
vt 0.93231601 0.89789599
vt 0.93616402 0.89271599
vt 0.93932199 0.89218003
vt 0.93812901 0.89476597
vt 0.93459803 0.89524502
vt 0.93616402 0.89271599
vt 0.93459803 0.89524502
vt 0.93123502 0.89638197
vt 0.93318599 0.89380503
vt 0.93459803 0.89524502
vt 0.93231601 0.89789599
vt 0.92849201 0.89946800
vt 0.93123502 0.89638197
vt 0.93123502 0.89638197
vt 0.92849201 0.89946800
vt 0.92568600 0.90101498
vt 0.92831802 0.89797300
vt 0.93231601 0.89789599
vt 0.92982697 0.90088499
vt 0.92551202 0.90283501
vt 0.92849201 0.89946800
vt 0.92849201 0.89946800
vt 0.92551202 0.90283501
vt 0.92261398 0.90445697
vt 0.92568600 0.90101498
vt 0.92389601 0.90210998
vt 0.92568600 0.90101498
vt 0.92261398 0.90445697
vt 0.92136800 0.90494001
vt 0.93231601 0.89789599
vt 0.93648201 0.89713401
vt 0.93456602 0.89982897
vt 0.92982697 0.90088499
vt 0.93648201 0.89713401
vt 0.94033903 0.89728099
vt 0.93889099 0.90001798
vt 0.93456602 0.89982897
vt 0.94033903 0.89728099
vt 0.94362801 0.89812702
vt 0.94245797 0.90125299
vt 0.93889099 0.90001798
vt 0.95162499 0.89402199
vt 0.95106500 0.89023000
vt 0.95197701 0.88864100
vt 0.95222801 0.89316100
vt 0.95222801 0.89316100
vt 0.95197701 0.88864100
vt 0.95274198 0.88763201
vt 0.95285201 0.89264202
vt 0.95197701 0.88864100
vt 0.95253903 0.88122100
vt 0.95351303 0.87985897
vt 0.95274198 0.88763201
vt 0.95281100 0.89819300
vt 0.95162499 0.89402199
vt 0.95222801 0.89316100
vt 0.95329797 0.89768702
vt 0.95329797 0.89768702
vt 0.95222801 0.89316100
vt 0.95285201 0.89264202
vt 0.95381600 0.89746797
vt 0.95408201 0.90430498
vt 0.95281100 0.89819300
vt 0.95329797 0.89768702
vt 0.95451701 0.90399998
vt 0.95451701 0.90399998
vt 0.95329797 0.89768702
vt 0.95381600 0.89746797
vt 0.95494699 0.90391701
vt 0.95450598 0.91291302
vt 0.95408201 0.90430498
vt 0.95451701 0.90399998
vt 0.95492297 0.91275001
vt 0.95492297 0.91275001
vt 0.95451701 0.90399998
vt 0.95494699 0.90391701
vt 0.95530599 0.91273999
vt 0.95298898 0.92315501
vt 0.95450598 0.91291302
vt 0.95492297 0.91275001
vt 0.95340002 0.92313099
vt 0.95340002 0.92313099
vt 0.95492297 0.91275001
vt 0.95530599 0.91273999
vt 0.95376003 0.92319500
vt 0.94837099 0.93378103
vt 0.95298898 0.92315501
vt 0.95340002 0.92313099
vt 0.94875199 0.93389499
vt 0.94875199 0.93389499
vt 0.95340002 0.92313099
vt 0.95376003 0.92319500
vt 0.94908100 0.93404299
vt 0.94051999 0.94313103
vt 0.94837099 0.93378103
vt 0.94875199 0.93389499
vt 0.94083703 0.94336402
vt 0.94083703 0.94336402
vt 0.94875199 0.93389499
vt 0.94908100 0.93404299
vt 0.94111699 0.94358802
vt 0.93022501 0.94978303
vt 0.94051999 0.94313103
vt 0.94083703 0.94336402
vt 0.93045902 0.95010400
vt 0.93045902 0.95010400
vt 0.94083703 0.94336402
vt 0.94111699 0.94358802
vt 0.93069702 0.95037699
vt 0.91885698 0.95291603
vt 0.93022501 0.94978303
vt 0.93045902 0.95010400
vt 0.91904497 0.95331299
vt 0.91904497 0.95331299
vt 0.93045902 0.95010400
vt 0.93069702 0.95037699
vt 0.91932100 0.95362198
vt 0.90815401 0.95343399
vt 0.91904497 0.95331299
vt 0.91932100 0.95362198
vt 0.90864003 0.95388299
vt 0.90783900 0.95282602
vt 0.91885698 0.95291603
vt 0.91904497 0.95331299
vt 0.90815401 0.95343399
vt 0.91885698 0.95291603
vt 0.90783900 0.95282602
vt 0.90833598 0.95213801
vt 0.91890597 0.95234901
vt 0.93022501 0.94978303
vt 0.91885698 0.95291603
vt 0.91890597 0.95234901
vt 0.93001598 0.94932801
vt 0.91890597 0.95234901
vt 0.90833598 0.95213801
vt 0.90907401 0.95129400
vt 0.91908902 0.95152903
vt 0.93001598 0.94932801
vt 0.91890597 0.95234901
vt 0.91908902 0.95152903
vt 0.92979699 0.94862598
vt 0.90833598 0.95213801
vt 0.89954501 0.94967502
vt 0.90088600 0.94889700
vt 0.90907401 0.95129400
vt 0.90783900 0.95282602
vt 0.89721400 0.95042199
vt 0.89954501 0.94967502
vt 0.90833598 0.95213801
vt 0.89435899 0.94592100
vt 0.89954501 0.94967502
vt 0.89721400 0.95042199
vt 0.89257598 0.94629300
vt 0.89575499 0.94524401
vt 0.90088600 0.94889700
vt 0.89954501 0.94967502
vt 0.89435899 0.94592100
vt 0.89719498 0.94428599
vt 0.90211600 0.94784498
vt 0.90088600 0.94889700
vt 0.89575499 0.94524401
vt 0.90907401 0.95129400
vt 0.90088600 0.94889700
vt 0.90211600 0.94784498
vt 0.90982503 0.95015103
vt 0.89894003 0.94300699
vt 0.90353203 0.94642800
vt 0.90211600 0.94784498
vt 0.89719498 0.94428599
vt 0.90982503 0.95015103
vt 0.90211600 0.94784498
vt 0.90353203 0.94642800
vt 0.91069102 0.94860101
vt 0.91908902 0.95152903
vt 0.90907401 0.95129400
vt 0.90982503 0.95015103
vt 0.91930401 0.95036501
vt 0.90110302 0.94140702
vt 0.90526998 0.94460899
vt 0.90353203 0.94642800
vt 0.89894003 0.94300699
vt 0.91069102 0.94860101
vt 0.90353203 0.94642800
vt 0.90526998 0.94460899
vt 0.91175199 0.94657499
vt 0.91175199 0.94657499
vt 0.90526998 0.94460899
vt 0.90707201 0.94253701
vt 0.91281098 0.94426900
vt 0.90335900 0.93960202
vt 0.90707201 0.94253701
vt 0.90526998 0.94460899
vt 0.90110302 0.94140702
vt 0.89899498 0.93734401
vt 0.90110302 0.94140702
vt 0.89894003 0.94300699
vt 0.89662403 0.93892598
vt 0.89662403 0.93892598
vt 0.89894003 0.94300699
vt 0.89719498 0.94428599
vt 0.89474797 0.94025999
vt 0.89628297 0.93437999
vt 0.89662403 0.93892598
vt 0.89474797 0.94025999
vt 0.89419502 0.93608600
vt 0.89884198 0.93258399
vt 0.89899498 0.93734401
vt 0.89662403 0.93892598
vt 0.89628297 0.93437999
vt 0.89759898 0.92998201
vt 0.89628297 0.93437999
vt 0.89419502 0.93608600
vt 0.89514101 0.93206501
vt 0.89419502 0.93608600
vt 0.89474797 0.94025999
vt 0.89331198 0.94127703
vt 0.89269298 0.93741000
vt 0.89514101 0.93206501
vt 0.89419502 0.93608600
vt 0.89269298 0.93741000
vt 0.89330500 0.93373901
vt 0.89680898 0.92881101
vt 0.89954603 0.92645597
vt 0.89759898 0.92998201
vt 0.89514101 0.93206501
vt 0.89472401 0.93060398
vt 0.89680898 0.92881101
vt 0.89514101 0.93206501
vt 0.89330500 0.93373901
vt 0.89330500 0.93373901
vt 0.89269298 0.93741000
vt 0.89160901 0.93821198
vt 0.89209002 0.93466997
vt 0.89337498 0.93157798
vt 0.89472401 0.93060398
vt 0.89330500 0.93373901
vt 0.89209002 0.93466997
vt 0.89658099 0.92783397
vt 0.89854598 0.92626500
vt 0.89680898 0.92881101
vt 0.89472401 0.93060398
vt 0.89533103 0.92864400
vt 0.89658099 0.92783397
vt 0.89472401 0.93060398
vt 0.89337498 0.93157798
vt 0.89259201 0.93161201
vt 0.89337498 0.93157798
vt 0.89209002 0.93466997
vt 0.89097601 0.93478602
vt 0.89465803 0.92872298
vt 0.89533103 0.92864400
vt 0.89337498 0.93157798
vt 0.89259201 0.93161201
vt 0.89740902 0.92563802
vt 0.89789897 0.92560703
vt 0.89533103 0.92864400
vt 0.89465803 0.92872298
vt 0.89789897 0.92560703
vt 0.89880800 0.92512000
vt 0.89658099 0.92783397
vt 0.89533103 0.92864400
vt 0.90090901 0.92258602
vt 0.90142697 0.92240000
vt 0.89880800 0.92512000
vt 0.89789897 0.92560703
vt 0.90061003 0.92255503
vt 0.90090901 0.92258602
vt 0.89789897 0.92560703
vt 0.89740902 0.92563802
vt 0.90061003 0.92255503
vt 0.89740902 0.92563802
vt 0.89707297 0.92530698
vt 0.90037900 0.92232901
vt 0.89740902 0.92563802
vt 0.89465803 0.92872298
vt 0.89421898 0.92820603
vt 0.89707297 0.92530698
vt 0.90388000 0.91972101
vt 0.90061003 0.92255503
vt 0.90037900 0.92232901
vt 0.90372801 0.91956198
vt 0.90388000 0.91972101
vt 0.90403700 0.91978902
vt 0.90090901 0.92258602
vt 0.90061003 0.92255503
vt 0.90655702 0.91756803
vt 0.90388000 0.91972101
vt 0.90372801 0.91956198
vt 0.90645701 0.91745400
vt 0.90655702 0.91756803
vt 0.90662801 0.91764700
vt 0.90403700 0.91978902
vt 0.90388000 0.91972101
vt 0.90847898 0.91617000
vt 0.90655702 0.91756803
vt 0.90645701 0.91745400
vt 0.90840799 0.91608399
vt 0.90847898 0.91617000
vt 0.90850198 0.91624999
vt 0.90662801 0.91764700
vt 0.90655702 0.91756803
vt 0.90974098 0.91526699
vt 0.90974098 0.91534400
vt 0.90850198 0.91624999
vt 0.90847898 0.91617000
vt 0.90974098 0.91526699
vt 0.90847898 0.91617000
vt 0.90840799 0.91608399
vt 0.90968400 0.91520000
vt 0.90968400 0.91520000
vt 0.90840799 0.91608399
vt 0.90826797 0.91594303
vt 0.90956199 0.91509497
vt 0.90840799 0.91608399
vt 0.90645701 0.91745400
vt 0.90628201 0.91725302
vt 0.90826797 0.91594303
vt 0.90826797 0.91594303
vt 0.90628201 0.91725302
vt 0.90599298 0.91689801
vt 0.90803701 0.91569197
vt 0.90956199 0.91509497
vt 0.90826797 0.91594303
vt 0.90803701 0.91569197
vt 0.90936202 0.91491002
vt 0.91040897 0.91469699
vt 0.90968400 0.91520000
vt 0.90956199 0.91509497
vt 0.91029501 0.91461200
vt 0.91029501 0.91461200
vt 0.90956199 0.91509497
vt 0.90936202 0.91491002
vt 0.91010898 0.91446000
vt 0.90936202 0.91491002
vt 0.90803701 0.91569197
vt 0.90770298 0.91527200
vt 0.90907502 0.91459697
vt 0.91010898 0.91446000
vt 0.90936202 0.91491002
vt 0.90907502 0.91459697
vt 0.90984201 0.91420400
vt 0.91071600 0.91433901
vt 0.91029501 0.91461200
vt 0.91010898 0.91446000
vt 0.91052997 0.91420299
vt 0.91052997 0.91420299
vt 0.91010898 0.91446000
vt 0.90984201 0.91420400
vt 0.91026402 0.91397399
vt 0.90992802 0.91361302
vt 0.91026402 0.91397399
vt 0.90984201 0.91420400
vt 0.90950203 0.91379499
vt 0.90950203 0.91379499
vt 0.90984201 0.91420400
vt 0.90907502 0.91459697
vt 0.90871400 0.91409701
vt 0.90960503 0.91312402
vt 0.90992802 0.91361302
vt 0.90950203 0.91379499
vt 0.90917200 0.91323602
vt 0.90917200 0.91323602
vt 0.90950203 0.91379499
vt 0.90871400 0.91409701
vt 0.90836197 0.91340202
vt 0.90871400 0.91409701
vt 0.90907502 0.91459697
vt 0.90770298 0.91527200
vt 0.90728301 0.91460001
vt 0.90836197 0.91340202
vt 0.90871400 0.91409701
vt 0.90728301 0.91460001
vt 0.90688801 0.91367298
vt 0.90728301 0.91460001
vt 0.90770298 0.91527200
vt 0.90557301 0.91630298
vt 0.90505397 0.91535503
vt 0.90688801 0.91367298
vt 0.90728301 0.91460001
vt 0.90505397 0.91535503
vt 0.90459198 0.91405398
vt 0.90505397 0.91535503
vt 0.90557301 0.91630298
vt 0.90257299 0.91781199
vt 0.90191901 0.91640502
vt 0.90459198 0.91405398
vt 0.90505397 0.91535503
vt 0.90191901 0.91640502
vt 0.90140301 0.91451299
vt 0.90140301 0.91451299
vt 0.90191901 0.91640502
vt 0.89807099 0.91755998
vt 0.89760900 0.91490197
vt 0.90191901 0.91640502
vt 0.90257299 0.91781199
vt 0.89885098 0.91965401
vt 0.89807099 0.91755998
vt 0.90312397 0.91870600
vt 0.89954102 0.92102998
vt 0.89885098 0.91965401
vt 0.90257299 0.91781199
vt 0.90599298 0.91689801
vt 0.90312397 0.91870600
vt 0.90257299 0.91781199
vt 0.90557301 0.91630298
vt 0.90349799 0.91925198
vt 0.90005797 0.92185801
vt 0.89954102 0.92102998
vt 0.90312397 0.91870600
vt 0.90628201 0.91725302
vt 0.90349799 0.91925198
vt 0.90312397 0.91870600
vt 0.90599298 0.91689801
vt 0.90645701 0.91745400
vt 0.90372801 0.91956198
vt 0.90349799 0.91925198
vt 0.90628201 0.91725302
vt 0.90372801 0.91956198
vt 0.90037900 0.92232901
vt 0.90005797 0.92185801
vt 0.90349799 0.91925198
vt 0.90037900 0.92232901
vt 0.89707297 0.92530698
vt 0.89663202 0.92459100
vt 0.90005797 0.92185801
vt 0.90005797 0.92185801
vt 0.89663202 0.92459100
vt 0.89594799 0.92334998
vt 0.89954102 0.92102998
vt 0.89707297 0.92530698
vt 0.89421898 0.92820603
vt 0.89365703 0.92711502
vt 0.89663202 0.92459100
vt 0.89663202 0.92459100
vt 0.89365703 0.92711502
vt 0.89281398 0.92530602
vt 0.89594799 0.92334998
vt 0.89594799 0.92334998
vt 0.89281398 0.92530602
vt 0.89190799 0.92250597
vt 0.89507800 0.92134303
vt 0.89954102 0.92102998
vt 0.89594799 0.92334998
vt 0.89507800 0.92134303
vt 0.89885098 0.91965401
vt 0.89439398 0.91833800
vt 0.89507800 0.92134303
vt 0.89190799 0.92250597
vt 0.89143699 0.91868502
vt 0.89807099 0.91755998
vt 0.89885098 0.91965401
vt 0.89507800 0.92134303
vt 0.89439398 0.91833800
vt 0.89281398 0.92530602
vt 0.89056498 0.92664599
vt 0.88970101 0.92318797
vt 0.89190799 0.92250597
vt 0.89143699 0.91868502
vt 0.89190799 0.92250597
vt 0.88970101 0.92318797
vt 0.88952601 0.91873902
vt 0.89420199 0.91492403
vt 0.89439398 0.91833800
vt 0.89143699 0.91868502
vt 0.89166898 0.91459501
vt 0.89760900 0.91490197
vt 0.89807099 0.91755998
vt 0.89439398 0.91833800
vt 0.89420199 0.91492403
vt 0.89767700 0.91192901
vt 0.89760900 0.91490197
vt 0.89420199 0.91492403
vt 0.89465898 0.91148502
vt 0.89465898 0.91148502
vt 0.89420199 0.91492403
vt 0.89166898 0.91459501
vt 0.89252502 0.91081500
vt 0.90125000 0.91227901
vt 0.90140301 0.91451299
vt 0.89760900 0.91490197
vt 0.89767700 0.91192901
vt 0.90159398 0.90991598
vt 0.90125000 0.91227901
vt 0.89767700 0.91192901
vt 0.89838898 0.90890002
vt 0.89838898 0.90890002
vt 0.89767700 0.91192901
vt 0.89465898 0.91148502
vt 0.89564103 0.90814298
vt 0.90448999 0.91070598
vt 0.90436000 0.91245902
vt 0.90125000 0.91227901
vt 0.90159398 0.90991598
vt 0.90436000 0.91245902
vt 0.90459198 0.91405398
vt 0.90140301 0.91451299
vt 0.90125000 0.91227901
vt 0.90159398 0.90991598
vt 0.90244401 0.90764803
vt 0.90503299 0.90897000
vt 0.90448999 0.91070598
vt 0.90666902 0.91122800
vt 0.90664703 0.91252100
vt 0.90436000 0.91245902
vt 0.90448999 0.91070598
vt 0.90448999 0.91070598
vt 0.90503299 0.90897000
vt 0.90701801 0.90992397
vt 0.90666902 0.91122800
vt 0.90244401 0.90764803
vt 0.90367401 0.90568203
vt 0.90591401 0.90743703
vt 0.90503299 0.90897000
vt 0.90503299 0.90897000
vt 0.90591401 0.90743703
vt 0.90764898 0.90875900
vt 0.90701801 0.90992397
vt 0.90701801 0.90992397
vt 0.90764898 0.90875900
vt 0.90879798 0.90961701
vt 0.90833002 0.91052502
vt 0.90666902 0.91122800
vt 0.90701801 0.90992397
vt 0.90833002 0.91052502
vt 0.90809500 0.91153598
vt 0.90833002 0.91052502
vt 0.90879798 0.90961701
vt 0.90944397 0.91008401
vt 0.90906501 0.91084498
vt 0.90809500 0.91153598
vt 0.90833002 0.91052502
vt 0.90906501 0.91084498
vt 0.90888703 0.91168898
vt 0.90809500 0.91153598
vt 0.90812498 0.91252702
vt 0.90664703 0.91252100
vt 0.90666902 0.91122800
vt 0.90888703 0.91168898
vt 0.90893799 0.91251898
vt 0.90812498 0.91252702
vt 0.90809500 0.91153598
vt 0.90888703 0.91168898
vt 0.90906501 0.91084498
vt 0.90947002 0.91101700
vt 0.90931898 0.91177601
vt 0.90931898 0.91177601
vt 0.90937901 0.91250598
vt 0.90893799 0.91251898
vt 0.90888703 0.91168898
vt 0.90956402 0.91179800
vt 0.90962201 0.91246998
vt 0.90937901 0.91250598
vt 0.90931898 0.91177601
vt 0.90931898 0.91177601
vt 0.90947002 0.91101700
vt 0.90970200 0.91109198
vt 0.90956402 0.91179800
vt 0.90976697 0.91176599
vt 0.90981299 0.91239899
vt 0.90962201 0.91246998
vt 0.90956402 0.91179800
vt 0.90956402 0.91179800
vt 0.90970200 0.91109198
vt 0.90990400 0.91109800
vt 0.90976697 0.91176599
vt 0.90990400 0.91109800
vt 0.91047001 0.91113800
vt 0.91031098 0.91170698
vt 0.90976697 0.91176599
vt 0.91031802 0.91220301
vt 0.90981299 0.91239899
vt 0.90976697 0.91176599
vt 0.91031098 0.91170698
vt 0.91097200 0.91194999
vt 0.91031802 0.91220301
vt 0.91031098 0.91170698
vt 0.91087699 0.91173500
vt 0.91087699 0.91173500
vt 0.91031098 0.91170698
vt 0.91047001 0.91113800
vt 0.91107702 0.91153002
vt 0.91107702 0.91153002
vt 0.91047001 0.91113800
vt 0.91083902 0.91052300
vt 0.91132498 0.91126901
vt 0.91018701 0.91050500
vt 0.91083902 0.91052300
vt 0.91047001 0.91113800
vt 0.90990400 0.91109800
vt 0.91132498 0.91126901
vt 0.91083902 0.91052300
vt 0.91133499 0.91026902
vt 0.91155899 0.91098797
vt 0.91134697 0.90994501
vt 0.91133499 0.91026902
vt 0.91083902 0.91052300
vt 0.91101301 0.91004199
vt 0.91052097 0.91006398
vt 0.91101301 0.91004199
vt 0.91083902 0.91052300
vt 0.91018701 0.91050500
vt 0.91140997 0.90950000
vt 0.91101301 0.91004199
vt 0.91052097 0.91006398
vt 0.91132402 0.90946001
vt 0.91149902 0.90946603
vt 0.91134697 0.90994501
vt 0.91101301 0.91004199
vt 0.91140997 0.90950000
vt 0.91169500 0.90983701
vt 0.91134697 0.90994501
vt 0.91149902 0.90946603
vt 0.91160297 0.90943599
vt 0.91169500 0.90983701
vt 0.91173798 0.91013098
vt 0.91133499 0.91026902
vt 0.91134697 0.90994501
vt 0.91169202 0.90941501
vt 0.91201299 0.90977103
vt 0.91169500 0.90983701
vt 0.91160297 0.90943599
vt 0.91169500 0.90983701
vt 0.91201299 0.90977103
vt 0.91210699 0.91008401
vt 0.91173798 0.91013098
vt 0.91155899 0.91098797
vt 0.91133499 0.91026902
vt 0.91173798 0.91013098
vt 0.91174299 0.91076499
vt 0.91173798 0.91013098
vt 0.91210699 0.91008401
vt 0.91193300 0.91086698
vt 0.91174299 0.91076499
vt 0.91201299 0.90977103
vt 0.91229701 0.90970600
vt 0.91252798 0.91011298
vt 0.91210699 0.91008401
vt 0.91193300 0.91086698
vt 0.91210699 0.91008401
vt 0.91252798 0.91011298
vt 0.91217297 0.91096300
vt 0.91174299 0.91076499
vt 0.91193300 0.91086698
vt 0.91178203 0.91127801
vt 0.91155899 0.91098797
vt 0.91193300 0.91086698
vt 0.91217297 0.91096300
vt 0.91201800 0.91141897
vt 0.91178203 0.91127801
vt 0.91155899 0.91098797
vt 0.91178203 0.91127801
vt 0.91162997 0.91160798
vt 0.91132498 0.91126901
vt 0.91178203 0.91127801
vt 0.91201800 0.91141897
vt 0.91198200 0.91196299
vt 0.91162997 0.91160798
vt 0.91243601 0.91104198
vt 0.91229802 0.91136801
vt 0.91201800 0.91141897
vt 0.91217297 0.91096300
vt 0.91229802 0.91136801
vt 0.91230601 0.91162097
vt 0.91198200 0.91196299
vt 0.91201800 0.91141897
vt 0.91262501 0.91111898
vt 0.91258597 0.91131598
vt 0.91229802 0.91136801
vt 0.91243601 0.91104198
vt 0.91258597 0.91131598
vt 0.91257501 0.91152501
vt 0.91230601 0.91162097
vt 0.91229802 0.91136801
vt 0.91258597 0.91131598
vt 0.91303599 0.91127002
vt 0.91294003 0.91153598
vt 0.91257501 0.91152501
vt 0.91262501 0.91111898
vt 0.91306502 0.91090602
vt 0.91303599 0.91127002
vt 0.91258597 0.91131598
vt 0.91306502 0.91090602
vt 0.91363299 0.91081101
vt 0.91335702 0.91133302
vt 0.91303599 0.91127002
vt 0.91303599 0.91127002
vt 0.91335702 0.91133302
vt 0.91312802 0.91161001
vt 0.91294003 0.91153598
vt 0.91257501 0.91152501
vt 0.91294003 0.91153598
vt 0.91284502 0.91172302
vt 0.91260701 0.91169298
vt 0.91312802 0.91161001
vt 0.91295803 0.91178900
vt 0.91284502 0.91172302
vt 0.91294003 0.91153598
vt 0.91284502 0.91172302
vt 0.91295803 0.91178900
vt 0.91283703 0.91191101
vt 0.91276503 0.91185802
vt 0.91260701 0.91169298
vt 0.91284502 0.91172302
vt 0.91276503 0.91185802
vt 0.91263300 0.91179198
vt 0.91260701 0.91169298
vt 0.91244698 0.91175401
vt 0.91230601 0.91162097
vt 0.91257501 0.91152501
vt 0.91263300 0.91179198
vt 0.91257000 0.91184700
vt 0.91244698 0.91175401
vt 0.91260701 0.91169298
vt 0.91276503 0.91185802
vt 0.91270000 0.91194302
vt 0.91257000 0.91184700
vt 0.91263300 0.91179198
vt 0.91257000 0.91184700
vt 0.91270000 0.91194302
vt 0.91264498 0.91200900
vt 0.91251802 0.91192400
vt 0.91257000 0.91184700
vt 0.91251802 0.91192400
vt 0.91235900 0.91187602
vt 0.91244698 0.91175401
vt 0.91251802 0.91192400
vt 0.91264498 0.91200900
vt 0.91260302 0.91206300
vt 0.91250598 0.91200399
vt 0.91250598 0.91200399
vt 0.91240698 0.91199398
vt 0.91235900 0.91187602
vt 0.91251802 0.91192400
vt 0.91240698 0.91199398
vt 0.91231602 0.91204000
vt 0.91198200 0.91196299
vt 0.91235900 0.91187602
vt 0.91244698 0.91175401
vt 0.91235900 0.91187602
vt 0.91198200 0.91196299
vt 0.91230601 0.91162097
vt 0.91246599 0.91206998
vt 0.91242200 0.91210502
vt 0.91231602 0.91204000
vt 0.91240698 0.91199398
vt 0.91250700 0.91205502
vt 0.91246599 0.91206998
vt 0.91240698 0.91199398
vt 0.91250598 0.91200399
vt 0.91246599 0.91206998
vt 0.91253299 0.91214001
vt 0.91250098 0.91217101
vt 0.91242200 0.91210502
vt 0.91256702 0.91210598
vt 0.91253299 0.91214001
vt 0.91246599 0.91206998
vt 0.91250700 0.91205502
vt 0.91242200 0.91210502
vt 0.91250098 0.91217101
vt 0.91247201 0.91220200
vt 0.91240501 0.91215402
vt 0.91240501 0.91215402
vt 0.91232800 0.91213298
vt 0.91231602 0.91204000
vt 0.91242200 0.91210502
vt 0.91240197 0.91219002
vt 0.91236699 0.91219801
vt 0.91232800 0.91213298
vt 0.91240501 0.91215402
vt 0.91240501 0.91215402
vt 0.91247201 0.91220200
vt 0.91244698 0.91223001
vt 0.91240197 0.91219002
vt 0.91252601 0.91219801
vt 0.91249698 0.91222602
vt 0.91247201 0.91220200
vt 0.91250098 0.91217101
vt 0.91247201 0.91220200
vt 0.91249698 0.91222602
vt 0.91246903 0.91225201
vt 0.91244698 0.91223001
vt 0.91246903 0.91225201
vt 0.91244203 0.91227800
vt 0.91241997 0.91225600
vt 0.91244698 0.91223001
vt 0.91244698 0.91223001
vt 0.91241997 0.91225600
vt 0.91236699 0.91219801
vt 0.91240197 0.91219002
vt 0.91247499 0.91225898
vt 0.91244799 0.91228402
vt 0.91244203 0.91227800
vt 0.91246903 0.91225201
vt 0.91250300 0.91223198
vt 0.91247499 0.91225898
vt 0.91246903 0.91225201
vt 0.91249698 0.91222602
vt 0.91247898 0.91226399
vt 0.91245300 0.91228902
vt 0.91244799 0.91228402
vt 0.91247499 0.91225898
vt 0.91250700 0.91223800
vt 0.91247898 0.91226399
vt 0.91247499 0.91225898
vt 0.91250300 0.91223198
vt 0.91253299 0.91220498
vt 0.91250300 0.91223198
vt 0.91249698 0.91222602
vt 0.91252601 0.91219801
vt 0.91253799 0.91221100
vt 0.91250700 0.91223800
vt 0.91250300 0.91223198
vt 0.91253299 0.91220498
vt 0.91257101 0.91218299
vt 0.91253799 0.91221100
vt 0.91253299 0.91220498
vt 0.91256601 0.91217601
vt 0.91256601 0.91217601
vt 0.91253299 0.91220498
vt 0.91252601 0.91219801
vt 0.91255897 0.91216898
vt 0.91260898 0.91215199
vt 0.91257101 0.91218299
vt 0.91256601 0.91217601
vt 0.91260302 0.91214502
vt 0.91260302 0.91214502
vt 0.91256601 0.91217601
vt 0.91255897 0.91216898
vt 0.91259599 0.91213602
vt 0.91264498 0.91210902
vt 0.91260302 0.91214502
vt 0.91259599 0.91213602
vt 0.91263700 0.91209900
vt 0.91265202 0.91211700
vt 0.91260898 0.91215199
vt 0.91260302 0.91214502
vt 0.91264498 0.91210902
vt 0.91265798 0.91212499
vt 0.91261399 0.91215903
vt 0.91260898 0.91215199
vt 0.91265202 0.91211700
vt 0.91261399 0.91215903
vt 0.91257602 0.91218799
vt 0.91257101 0.91218299
vt 0.91260898 0.91215199
vt 0.91266400 0.91213399
vt 0.91261899 0.91216600
vt 0.91261399 0.91215903
vt 0.91265798 0.91212499
vt 0.91261899 0.91216600
vt 0.91258103 0.91219503
vt 0.91257602 0.91218799
vt 0.91261399 0.91215903
vt 0.91257602 0.91218799
vt 0.91254199 0.91221601
vt 0.91253799 0.91221100
vt 0.91257101 0.91218299
vt 0.91258103 0.91219503
vt 0.91254699 0.91222203
vt 0.91254199 0.91221601
vt 0.91257602 0.91218799
vt 0.91254699 0.91222203
vt 0.91251600 0.91224802
vt 0.91251200 0.91224200
vt 0.91254199 0.91221601
vt 0.91254199 0.91221601
vt 0.91251200 0.91224200
vt 0.91250700 0.91223800
vt 0.91253799 0.91221100
vt 0.91251600 0.91224802
vt 0.91248798 0.91227299
vt 0.91248298 0.91226798
vt 0.91251200 0.91224200
vt 0.91251200 0.91224200
vt 0.91248298 0.91226798
vt 0.91247898 0.91226399
vt 0.91250700 0.91223800
vt 0.91248798 0.91227299
vt 0.91246200 0.91229802
vt 0.91245699 0.91229302
vt 0.91248298 0.91226798
vt 0.91248298 0.91226798
vt 0.91245699 0.91229302
vt 0.91245300 0.91228902
vt 0.91247898 0.91226399
vt 0.91245699 0.91229302
vt 0.91243100 0.91231900
vt 0.91242701 0.91231400
vt 0.91245300 0.91228902
vt 0.91246200 0.91229802
vt 0.91243601 0.91232300
vt 0.91243100 0.91231900
vt 0.91245699 0.91229302
vt 0.91246700 0.91230398
vt 0.91246200 0.91229802
vt 0.91248798 0.91227299
vt 0.91249400 0.91228002
vt 0.91244203 0.91232902
vt 0.91243601 0.91232300
vt 0.91246200 0.91229802
vt 0.91246700 0.91230398
vt 0.91241699 0.91235501
vt 0.91241097 0.91235000
vt 0.91243601 0.91232300
vt 0.91244203 0.91232902
vt 0.91243601 0.91232300
vt 0.91241097 0.91235000
vt 0.91240603 0.91234499
vt 0.91243100 0.91231900
vt 0.91239297 0.91238302
vt 0.91238701 0.91237700
vt 0.91241097 0.91235000
vt 0.91241699 0.91235501
vt 0.91241097 0.91235000
vt 0.91238701 0.91237700
vt 0.91238099 0.91237199
vt 0.91240603 0.91234499
vt 0.91243100 0.91231900
vt 0.91240603 0.91234499
vt 0.91240197 0.91234100
vt 0.91242701 0.91231400
vt 0.91240603 0.91234499
vt 0.91238099 0.91237199
vt 0.91237700 0.91236800
vt 0.91240197 0.91234100
vt 0.91238701 0.91237700
vt 0.91236198 0.91240603
vt 0.91235602 0.91240102
vt 0.91238099 0.91237199
vt 0.91238099 0.91237199
vt 0.91235602 0.91240102
vt 0.91235101 0.91239703
vt 0.91237700 0.91236800
vt 0.91237700 0.91236800
vt 0.91235101 0.91239703
vt 0.91234601 0.91239202
vt 0.91237199 0.91236401
vt 0.91240197 0.91234100
vt 0.91237700 0.91236800
vt 0.91237199 0.91236401
vt 0.91239703 0.91233599
vt 0.91239703 0.91233599
vt 0.91237199 0.91236401
vt 0.91236597 0.91235799
vt 0.91239101 0.91233099
vt 0.91237199 0.91236401
vt 0.91234601 0.91239202
vt 0.91233897 0.91238600
vt 0.91236597 0.91235799
vt 0.91236800 0.91231000
vt 0.91239101 0.91233099
vt 0.91236597 0.91235799
vt 0.91234303 0.91233701
vt 0.91236597 0.91235799
vt 0.91233897 0.91238600
vt 0.91231501 0.91236401
vt 0.91234303 0.91233701
vt 0.91242200 0.91231000
vt 0.91239703 0.91233599
vt 0.91239101 0.91233099
vt 0.91241598 0.91230398
vt 0.91241598 0.91230398
vt 0.91239101 0.91233099
vt 0.91236800 0.91231000
vt 0.91239297 0.91228199
vt 0.91230398 0.91226500
vt 0.91236800 0.91231000
vt 0.91234303 0.91233701
vt 0.91229898 0.91229802
vt 0.91232502 0.91222298
vt 0.91239297 0.91228199
vt 0.91236800 0.91231000
vt 0.91230398 0.91226500
vt 0.91241997 0.91225600
vt 0.91244203 0.91227800
vt 0.91241598 0.91230398
vt 0.91239297 0.91228199
vt 0.91236699 0.91219801
vt 0.91241997 0.91225600
vt 0.91239297 0.91228199
vt 0.91232502 0.91222298
vt 0.91236699 0.91219801
vt 0.91232502 0.91222298
vt 0.91224003 0.91215402
vt 0.91232800 0.91213298
vt 0.91230398 0.91226500
vt 0.91223198 0.91223800
vt 0.91224003 0.91215402
vt 0.91232502 0.91222298
vt 0.91223198 0.91223800
vt 0.91213697 0.91224200
vt 0.91198200 0.91196299
vt 0.91224003 0.91215402
vt 0.91232800 0.91213298
vt 0.91224003 0.91215402
vt 0.91198200 0.91196299
vt 0.91231602 0.91204000
vt 0.91229898 0.91229802
vt 0.91226202 0.91230500
vt 0.91223198 0.91223800
vt 0.91230398 0.91226500
vt 0.91226202 0.91230500
vt 0.91221303 0.91232598
vt 0.91213697 0.91224200
vt 0.91223198 0.91223800
vt 0.91218299 0.91237003
vt 0.91210300 0.91232699
vt 0.91213697 0.91224200
vt 0.91221303 0.91232598
vt 0.91210300 0.91232699
vt 0.91198701 0.91229999
vt 0.91198200 0.91196299
vt 0.91213697 0.91224200
vt 0.91221303 0.91232598
vt 0.91228402 0.91239202
vt 0.91225302 0.91242498
vt 0.91218299 0.91237003
vt 0.91226202 0.91230500
vt 0.91231501 0.91236401
vt 0.91228402 0.91239202
vt 0.91221303 0.91232598
vt 0.91218299 0.91237003
vt 0.91225302 0.91242498
vt 0.91222000 0.91245902
vt 0.91216999 0.91240799
vt 0.91216999 0.91240799
vt 0.91211998 0.91241097
vt 0.91210300 0.91232699
vt 0.91218299 0.91237003
vt 0.91216999 0.91240799
vt 0.91222000 0.91245902
vt 0.91217798 0.91249400
vt 0.91211998 0.91241097
vt 0.91211998 0.91241097
vt 0.91217798 0.91249400
vt 0.91212600 0.91253501
vt 0.91204602 0.91242802
vt 0.91211998 0.91241097
vt 0.91204602 0.91242802
vt 0.91198701 0.91229999
vt 0.91210300 0.91232699
vt 0.91204602 0.91242802
vt 0.91212600 0.91253501
vt 0.91206300 0.91258597
vt 0.91197503 0.91248000
vt 0.91197503 0.91248000
vt 0.91188300 0.91238898
vt 0.91198701 0.91229999
vt 0.91204602 0.91242802
vt 0.91188300 0.91238898
vt 0.91174603 0.91230601
vt 0.91198200 0.91196299
vt 0.91198701 0.91229999
vt 0.91183603 0.91252398
vt 0.91169697 0.91252398
vt 0.91174603 0.91230601
vt 0.91188300 0.91238898
vt 0.91192400 0.91253603
vt 0.91183603 0.91252398
vt 0.91188300 0.91238898
vt 0.91197503 0.91248000
vt 0.91154099 0.91238499
vt 0.91150898 0.91222101
vt 0.91198200 0.91196299
vt 0.91174603 0.91230601
vt 0.91153997 0.91258699
vt 0.91154099 0.91238499
vt 0.91174603 0.91230601
vt 0.91169697 0.91252398
vt 0.91183603 0.91252398
vt 0.91186899 0.91271800
vt 0.91172498 0.91280901
vt 0.91169697 0.91252398
vt 0.91169697 0.91252398
vt 0.91172498 0.91280901
vt 0.91155601 0.91292101
vt 0.91153997 0.91258699
vt 0.91141999 0.91268599
vt 0.91134900 0.91260999
vt 0.91154099 0.91238499
vt 0.91153997 0.91258699
vt 0.91153997 0.91258699
vt 0.91155601 0.91292101
vt 0.91137099 0.91303700
vt 0.91141999 0.91268599
vt 0.91141999 0.91268599
vt 0.91137099 0.91303700
vt 0.91119301 0.91311300
vt 0.91134900 0.91260999
vt 0.91134900 0.91260999
vt 0.91125900 0.91254002
vt 0.91150898 0.91222101
vt 0.91154099 0.91238499
vt 0.91134900 0.91260999
vt 0.91119301 0.91311300
vt 0.91104299 0.91315597
vt 0.91125900 0.91254002
vt 0.91119301 0.91311300
vt 0.91125298 0.91349900
vt 0.91108698 0.91364503
vt 0.91104299 0.91315597
vt 0.91137099 0.91303700
vt 0.91142702 0.91331398
vt 0.91125298 0.91349900
vt 0.91119301 0.91311300
vt 0.91125900 0.91254002
vt 0.91104299 0.91315597
vt 0.91090500 0.91316599
vt 0.91113597 0.91255498
vt 0.91108698 0.91364503
vt 0.91091400 0.91373003
vt 0.91090500 0.91316599
vt 0.91104299 0.91315597
vt 0.91113597 0.91255498
vt 0.91090500 0.91316599
vt 0.91075802 0.91310197
vt 0.91101998 0.91261399
vt 0.91090500 0.91316599
vt 0.91091400 0.91373003
vt 0.91066498 0.91372901
vt 0.91075802 0.91310197
vt 0.91066498 0.91372901
vt 0.91029698 0.91337901
vt 0.91059202 0.91290700
vt 0.91075802 0.91310197
vt 0.91075802 0.91310197
vt 0.91059202 0.91290700
vt 0.91103703 0.91242200
vt 0.91101998 0.91261399
vt 0.91101998 0.91261399
vt 0.91103703 0.91242200
vt 0.91131598 0.91225499
vt 0.91113597 0.91255498
vt 0.91103703 0.91242200
vt 0.91059202 0.91290700
vt 0.91043502 0.91260201
vt 0.91104102 0.91218001
vt 0.91103703 0.91242200
vt 0.91104102 0.91218001
vt 0.91144800 0.91201401
vt 0.91131598 0.91225499
vt 0.91113597 0.91255498
vt 0.91131598 0.91225499
vt 0.91150898 0.91222101
vt 0.91125900 0.91254002
vt 0.91131598 0.91225499
vt 0.91144800 0.91201401
vt 0.91198200 0.91196299
vt 0.91150898 0.91222101
vt 0.91097200 0.91194999
vt 0.91133302 0.91178501
vt 0.91144800 0.91201401
vt 0.91104102 0.91218001
vt 0.91133302 0.91178501
vt 0.91162997 0.91160798
vt 0.91198200 0.91196299
vt 0.91144800 0.91201401
vt 0.91107702 0.91153002
vt 0.91132498 0.91126901
vt 0.91162997 0.91160798
vt 0.91133302 0.91178501
vt 0.91087699 0.91173500
vt 0.91107702 0.91153002
vt 0.91133302 0.91178501
vt 0.91097200 0.91194999
vt 0.91104102 0.91218001
vt 0.91043502 0.91260201
vt 0.91031802 0.91220301
vt 0.91097200 0.91194999
vt 0.91000801 0.91294098
vt 0.90981299 0.91239899
vt 0.91031802 0.91220301
vt 0.91043502 0.91260201
vt 0.91059202 0.91290700
vt 0.91029698 0.91337901
vt 0.91000801 0.91294098
vt 0.91043502 0.91260201
vt 0.90981299 0.91239899
vt 0.91000801 0.91294098
vt 0.90983802 0.91303998
vt 0.90962201 0.91246998
vt 0.91000801 0.91294098
vt 0.91029698 0.91337901
vt 0.91015399 0.91350102
vt 0.90983802 0.91303998
vt 0.91029698 0.91337901
vt 0.91066498 0.91372901
vt 0.91049200 0.91384500
vt 0.91015399 0.91350102
vt 0.91015399 0.91350102
vt 0.91049200 0.91384500
vt 0.91026402 0.91397399
vt 0.90992802 0.91361302
vt 0.90983802 0.91303998
vt 0.91015399 0.91350102
vt 0.90992802 0.91361302
vt 0.90960503 0.91312402
vt 0.91075802 0.91406298
vt 0.91052997 0.91420299
vt 0.91026402 0.91397399
vt 0.91049200 0.91384500
vt 0.91089499 0.91399097
vt 0.91075802 0.91406298
vt 0.91049200 0.91384500
vt 0.91066498 0.91372901
vt 0.91095102 0.91419297
vt 0.91071600 0.91433901
vt 0.91052997 0.91420299
vt 0.91075802 0.91406298
vt 0.91108000 0.91411602
vt 0.91095102 0.91419297
vt 0.91075802 0.91406298
vt 0.91089499 0.91399097
vt 0.91117197 0.91403103
vt 0.91108000 0.91411602
vt 0.91089499 0.91399097
vt 0.91102999 0.91392201
vt 0.91102999 0.91392201
vt 0.91089499 0.91399097
vt 0.91066498 0.91372901
vt 0.91091400 0.91373003
vt 0.91116703 0.91379499
vt 0.91102999 0.91392201
vt 0.91091400 0.91373003
vt 0.91108698 0.91364503
vt 0.91126198 0.91388500
vt 0.91117197 0.91403103
vt 0.91102999 0.91392201
vt 0.91116703 0.91379499
vt 0.91136700 0.91392702
vt 0.91131097 0.91408002
vt 0.91117197 0.91403103
vt 0.91126198 0.91388500
vt 0.91131097 0.91408002
vt 0.91123599 0.91417402
vt 0.91108000 0.91411602
vt 0.91117197 0.91403103
vt 0.91148800 0.91394103
vt 0.91145903 0.91408199
vt 0.91131097 0.91408002
vt 0.91136700 0.91392702
vt 0.91145903 0.91408199
vt 0.91139603 0.91418600
vt 0.91123599 0.91417402
vt 0.91131097 0.91408002
vt 0.91123599 0.91417402
vt 0.91109002 0.91426098
vt 0.91095102 0.91419297
vt 0.91108000 0.91411602
vt 0.91139603 0.91418600
vt 0.91117102 0.91429901
vt 0.91109002 0.91426098
vt 0.91123599 0.91417402
vt 0.91117102 0.91429901
vt 0.91089398 0.91446400
vt 0.91083598 0.91441399
vt 0.91109002 0.91426098
vt 0.91109002 0.91426098
vt 0.91083598 0.91441399
vt 0.91071600 0.91433901
vt 0.91095102 0.91419297
vt 0.91089398 0.91446400
vt 0.91046101 0.91475397
vt 0.91040897 0.91469699
vt 0.91083598 0.91441399
vt 0.91083598 0.91441399
vt 0.91040897 0.91469699
vt 0.91029501 0.91461200
vt 0.91071600 0.91433901
vt 0.91046101 0.91475397
vt 0.90974098 0.91526699
vt 0.90968400 0.91520000
vt 0.91040897 0.91469699
vt 0.91046101 0.91475397
vt 0.91045201 0.91482699
vt 0.90974098 0.91534400
vt 0.90974098 0.91526699
vt 0.91161603 0.91412401
vt 0.91139603 0.91418600
vt 0.91145903 0.91408199
vt 0.91162300 0.91405100
vt 0.91162300 0.91405100
vt 0.91145903 0.91408199
vt 0.91148800 0.91394103
vt 0.91162699 0.91393000
vt 0.91178900 0.91408002
vt 0.91161603 0.91412401
vt 0.91162300 0.91405100
vt 0.91177398 0.91401201
vt 0.91177398 0.91401201
vt 0.91162300 0.91405100
vt 0.91162699 0.91393000
vt 0.91175801 0.91390502
vt 0.91136998 0.91367602
vt 0.91126198 0.91388500
vt 0.91116703 0.91379499
vt 0.91130799 0.91360903
vt 0.91130799 0.91360903
vt 0.91116703 0.91379499
vt 0.91108698 0.91364503
vt 0.91125298 0.91349900
vt 0.91146600 0.91339099
vt 0.91130799 0.91360903
vt 0.91125298 0.91349900
vt 0.91142702 0.91331398
vt 0.91150802 0.91343898
vt 0.91136998 0.91367602
vt 0.91130799 0.91360903
vt 0.91146600 0.91339099
vt 0.91164201 0.91316700
vt 0.91146600 0.91339099
vt 0.91142702 0.91331398
vt 0.91161299 0.91311598
vt 0.91167200 0.91320199
vt 0.91150802 0.91343898
vt 0.91146600 0.91339099
vt 0.91164201 0.91316700
vt 0.91155601 0.91292101
vt 0.91161299 0.91311598
vt 0.91142702 0.91331398
vt 0.91137099 0.91303700
vt 0.91178203 0.91294497
vt 0.91161299 0.91311598
vt 0.91155601 0.91292101
vt 0.91172498 0.91280901
vt 0.91180497 0.91298002
vt 0.91164201 0.91316700
vt 0.91161299 0.91311598
vt 0.91178203 0.91294497
vt 0.91186899 0.91271800
vt 0.91192102 0.91281003
vt 0.91178203 0.91294497
vt 0.91172498 0.91280901
vt 0.91194099 0.91283399
vt 0.91180497 0.91298002
vt 0.91178203 0.91294497
vt 0.91192102 0.91281003
vt 0.91182703 0.91300398
vt 0.91167200 0.91320199
vt 0.91164201 0.91316700
vt 0.91180497 0.91298002
vt 0.91195798 0.91285098
vt 0.91182703 0.91300398
vt 0.91180497 0.91298002
vt 0.91194099 0.91283399
vt 0.91205901 0.91273701
vt 0.91195798 0.91285098
vt 0.91194099 0.91283399
vt 0.91204500 0.91272497
vt 0.91204500 0.91272497
vt 0.91194099 0.91283399
vt 0.91192102 0.91281003
vt 0.91202903 0.91270798
vt 0.91213202 0.91265500
vt 0.91205901 0.91273701
vt 0.91204500 0.91272497
vt 0.91212100 0.91264498
vt 0.91212100 0.91264498
vt 0.91204500 0.91272497
vt 0.91202903 0.91270798
vt 0.91210699 0.91263300
vt 0.91218698 0.91259098
vt 0.91213202 0.91265500
vt 0.91212100 0.91264498
vt 0.91217798 0.91258401
vt 0.91217798 0.91258401
vt 0.91212100 0.91264498
vt 0.91210699 0.91263300
vt 0.91216600 0.91257298
vt 0.91206300 0.91258597
vt 0.91210699 0.91263300
vt 0.91202903 0.91270798
vt 0.91198403 0.91264600
vt 0.91216600 0.91257298
vt 0.91210699 0.91263300
vt 0.91206300 0.91258597
vt 0.91212600 0.91253501
vt 0.91197503 0.91248000
vt 0.91206300 0.91258597
vt 0.91198403 0.91264600
vt 0.91192400 0.91253603
vt 0.91192400 0.91253603
vt 0.91198403 0.91264600
vt 0.91186899 0.91271800
vt 0.91183603 0.91252398
vt 0.91198403 0.91264600
vt 0.91202903 0.91270798
vt 0.91192102 0.91281003
vt 0.91186899 0.91271800
vt 0.91222203 0.91253400
vt 0.91217798 0.91258401
vt 0.91216600 0.91257298
vt 0.91221201 0.91252601
vt 0.91217798 0.91249400
vt 0.91221201 0.91252601
vt 0.91216600 0.91257298
vt 0.91212600 0.91253501
vt 0.91225898 0.91249299
vt 0.91222203 0.91253400
vt 0.91221201 0.91252601
vt 0.91224998 0.91248500
vt 0.91222000 0.91245902
vt 0.91224998 0.91248500
vt 0.91221201 0.91252601
vt 0.91217798 0.91249400
vt 0.91228998 0.91245598
vt 0.91225898 0.91249299
vt 0.91224998 0.91248500
vt 0.91228199 0.91244900
vt 0.91225302 0.91242498
vt 0.91228199 0.91244900
vt 0.91224998 0.91248500
vt 0.91222000 0.91245902
vt 0.91231197 0.91241598
vt 0.91228199 0.91244900
vt 0.91225302 0.91242498
vt 0.91228402 0.91239202
vt 0.91231900 0.91242200
vt 0.91228998 0.91245598
vt 0.91228199 0.91244900
vt 0.91231197 0.91241598
vt 0.91229600 0.91246098
vt 0.91226500 0.91249800
vt 0.91225898 0.91249299
vt 0.91228998 0.91245598
vt 0.91232401 0.91242701
vt 0.91229600 0.91246098
vt 0.91228998 0.91245598
vt 0.91231900 0.91242200
vt 0.91234601 0.91239202
vt 0.91231900 0.91242200
vt 0.91231197 0.91241598
vt 0.91233897 0.91238600
vt 0.91235101 0.91239703
vt 0.91232401 0.91242701
vt 0.91231900 0.91242200
vt 0.91234601 0.91239202
vt 0.91232997 0.91243201
vt 0.91230202 0.91246599
vt 0.91229600 0.91246098
vt 0.91232401 0.91242701
vt 0.91235602 0.91240102
vt 0.91232997 0.91243201
vt 0.91232401 0.91242701
vt 0.91235101 0.91239703
vt 0.91236198 0.91240603
vt 0.91233599 0.91243702
vt 0.91232997 0.91243201
vt 0.91235602 0.91240102
vt 0.91233599 0.91243702
vt 0.91230899 0.91247100
vt 0.91230202 0.91246599
vt 0.91232997 0.91243201
vt 0.91230899 0.91247100
vt 0.91228002 0.91250998
vt 0.91227198 0.91250402
vt 0.91230202 0.91246599
vt 0.91230202 0.91246599
vt 0.91227198 0.91250402
vt 0.91226500 0.91249800
vt 0.91229600 0.91246098
vt 0.91228002 0.91250998
vt 0.91224599 0.91255403
vt 0.91223800 0.91254699
vt 0.91227198 0.91250402
vt 0.91227198 0.91250402
vt 0.91223800 0.91254699
vt 0.91223001 0.91254097
vt 0.91226500 0.91249800
vt 0.91226500 0.91249800
vt 0.91223001 0.91254097
vt 0.91222203 0.91253400
vt 0.91225898 0.91249299
vt 0.91223001 0.91254097
vt 0.91218698 0.91259098
vt 0.91217798 0.91258401
vt 0.91222203 0.91253400
vt 0.91225702 0.91256100
vt 0.91224599 0.91255403
vt 0.91228002 0.91250998
vt 0.91228902 0.91251701
vt 0.91228902 0.91251701
vt 0.91228002 0.91250998
vt 0.91230899 0.91247100
vt 0.91231698 0.91247803
vt 0.91229898 0.91252398
vt 0.91228902 0.91251701
vt 0.91231698 0.91247803
vt 0.91232598 0.91248399
vt 0.91226900 0.91256899
vt 0.91225702 0.91256100
vt 0.91228902 0.91251701
vt 0.91229898 0.91252398
vt 0.91228002 0.91257697
vt 0.91226900 0.91256899
vt 0.91229898 0.91252398
vt 0.91230899 0.91253000
vt 0.91230899 0.91253000
vt 0.91229898 0.91252398
vt 0.91232598 0.91248399
vt 0.91233498 0.91249001
vt 0.91228998 0.91258198
vt 0.91228002 0.91257697
vt 0.91230899 0.91253000
vt 0.91231698 0.91253501
vt 0.91231698 0.91253501
vt 0.91230899 0.91253000
vt 0.91233498 0.91249001
vt 0.91234201 0.91249502
vt 0.91228998 0.91258198
vt 0.91231698 0.91253501
vt 0.91232198 0.91253799
vt 0.91229600 0.91258597
vt 0.91231698 0.91253501
vt 0.91234201 0.91249502
vt 0.91234601 0.91249800
vt 0.91232198 0.91253799
vt 0.91232198 0.91253799
vt 0.91234601 0.91249800
vt 0.91234899 0.91250002
vt 0.91232502 0.91254002
vt 0.91229600 0.91258597
vt 0.91232198 0.91253799
vt 0.91232502 0.91254002
vt 0.91229999 0.91258800
vt 0.91234201 0.91249502
vt 0.91236502 0.91246003
vt 0.91237003 0.91246301
vt 0.91234601 0.91249800
vt 0.91234601 0.91249800
vt 0.91237003 0.91246301
vt 0.91237199 0.91246402
vt 0.91234899 0.91250002
vt 0.91237003 0.91246301
vt 0.91239202 0.91243100
vt 0.91239500 0.91243201
vt 0.91237199 0.91246402
vt 0.91236502 0.91246003
vt 0.91238898 0.91242802
vt 0.91239202 0.91243100
vt 0.91237003 0.91246301
vt 0.91234201 0.91249502
vt 0.91233498 0.91249001
vt 0.91235900 0.91245502
vt 0.91236502 0.91246003
vt 0.91236502 0.91246003
vt 0.91235900 0.91245502
vt 0.91238302 0.91242301
vt 0.91238898 0.91242802
vt 0.91238898 0.91242802
vt 0.91238302 0.91242301
vt 0.91240603 0.91239399
vt 0.91241199 0.91239899
vt 0.91238898 0.91242802
vt 0.91241199 0.91239899
vt 0.91241503 0.91240102
vt 0.91239202 0.91243100
vt 0.91241199 0.91239899
vt 0.91243500 0.91237199
vt 0.91243798 0.91237402
vt 0.91241503 0.91240102
vt 0.91241199 0.91239899
vt 0.91240603 0.91239399
vt 0.91242999 0.91236699
vt 0.91243500 0.91237199
vt 0.91238302 0.91242301
vt 0.91237599 0.91241801
vt 0.91240001 0.91238898
vt 0.91240603 0.91239399
vt 0.91240603 0.91239399
vt 0.91240001 0.91238898
vt 0.91242403 0.91236103
vt 0.91242999 0.91236699
vt 0.91243500 0.91237199
vt 0.91242999 0.91236699
vt 0.91245401 0.91234100
vt 0.91245800 0.91234601
vt 0.91242999 0.91236699
vt 0.91242403 0.91236103
vt 0.91244799 0.91233498
vt 0.91245401 0.91234100
vt 0.91245800 0.91234601
vt 0.91245401 0.91234100
vt 0.91247898 0.91231698
vt 0.91248298 0.91232198
vt 0.91245401 0.91234100
vt 0.91244799 0.91233498
vt 0.91247302 0.91231000
vt 0.91247898 0.91231698
vt 0.91247898 0.91231698
vt 0.91247302 0.91231000
vt 0.91250002 0.91228598
vt 0.91250497 0.91229302
vt 0.91248298 0.91232198
vt 0.91247898 0.91231698
vt 0.91250497 0.91229302
vt 0.91250902 0.91229802
vt 0.91250497 0.91229302
vt 0.91250002 0.91228598
vt 0.91252798 0.91226202
vt 0.91253299 0.91226900
vt 0.91250902 0.91229802
vt 0.91250497 0.91229302
vt 0.91253299 0.91226900
vt 0.91253799 0.91227502
vt 0.91253799 0.91227502
vt 0.91253299 0.91226900
vt 0.91256499 0.91224498
vt 0.91256899 0.91225201
vt 0.91253299 0.91226900
vt 0.91252798 0.91226202
vt 0.91255897 0.91223800
vt 0.91256499 0.91224498
vt 0.91256499 0.91224498
vt 0.91255897 0.91223800
vt 0.91259402 0.91221201
vt 0.91259903 0.91222101
vt 0.91256899 0.91225201
vt 0.91256499 0.91224498
vt 0.91259903 0.91222101
vt 0.91260397 0.91222799
vt 0.91253799 0.91227502
vt 0.91256899 0.91225201
vt 0.91257203 0.91225600
vt 0.91254097 0.91227901
vt 0.91256899 0.91225201
vt 0.91260397 0.91222799
vt 0.91260701 0.91223300
vt 0.91257203 0.91225600
vt 0.91257203 0.91225600
vt 0.91260701 0.91223300
vt 0.91260803 0.91223598
vt 0.91257298 0.91225803
vt 0.91254097 0.91227901
vt 0.91257203 0.91225600
vt 0.91257298 0.91225803
vt 0.91254199 0.91228098
vt 0.91250902 0.91229802
vt 0.91253799 0.91227502
vt 0.91254097 0.91227901
vt 0.91251200 0.91230100
vt 0.91251200 0.91230100
vt 0.91254097 0.91227901
vt 0.91254199 0.91228098
vt 0.91251397 0.91230297
vt 0.91251397 0.91230297
vt 0.91254199 0.91228098
vt 0.91254300 0.91228199
vt 0.91251498 0.91230500
vt 0.91254199 0.91228098
vt 0.91257298 0.91225803
vt 0.91257399 0.91226000
vt 0.91254300 0.91228199
vt 0.91248602 0.91232502
vt 0.91251200 0.91230100
vt 0.91251397 0.91230297
vt 0.91248798 0.91232699
vt 0.91248798 0.91232699
vt 0.91251397 0.91230297
vt 0.91251498 0.91230500
vt 0.91248900 0.91232800
vt 0.91251498 0.91230500
vt 0.91254300 0.91228199
vt 0.91254401 0.91228300
vt 0.91251600 0.91230500
vt 0.91248900 0.91232800
vt 0.91251498 0.91230500
vt 0.91251600 0.91230500
vt 0.91249001 0.91232800
vt 0.91251600 0.91230500
vt 0.91251701 0.91230601
vt 0.91249102 0.91232902
vt 0.91249001 0.91232800
vt 0.91254401 0.91228300
vt 0.91254503 0.91228402
vt 0.91251701 0.91230601
vt 0.91251600 0.91230500
vt 0.91251701 0.91230601
vt 0.91254503 0.91228402
vt 0.91254503 0.91228497
vt 0.91251701 0.91230702
vt 0.91249102 0.91232902
vt 0.91251701 0.91230601
vt 0.91251701 0.91230702
vt 0.91249102 0.91232997
vt 0.91246599 0.91235399
vt 0.91249102 0.91232902
vt 0.91249102 0.91232997
vt 0.91246700 0.91235399
vt 0.91244298 0.91237903
vt 0.91246599 0.91235399
vt 0.91246700 0.91235399
vt 0.91244298 0.91237903
vt 0.91241997 0.91240603
vt 0.91244298 0.91237903
vt 0.91244298 0.91237903
vt 0.91242099 0.91240603
vt 0.91239798 0.91243500
vt 0.91241997 0.91240603
vt 0.91242099 0.91240603
vt 0.91239899 0.91243500
vt 0.91237599 0.91246700
vt 0.91239798 0.91243500
vt 0.91239899 0.91243500
vt 0.91237700 0.91246700
vt 0.91235298 0.91250300
vt 0.91237599 0.91246700
vt 0.91237700 0.91246700
vt 0.91235399 0.91250300
vt 0.91232997 0.91254300
vt 0.91235298 0.91250300
vt 0.91235399 0.91250300
vt 0.91233099 0.91254300
vt 0.91230500 0.91259098
vt 0.91232997 0.91254300
vt 0.91233099 0.91254300
vt 0.91230601 0.91259098
vt 0.91227698 0.91264898
vt 0.91230500 0.91259098
vt 0.91230601 0.91259098
vt 0.91227901 0.91264999
vt 0.91224402 0.91272402
vt 0.91227698 0.91264898
vt 0.91227901 0.91264999
vt 0.91224599 0.91272497
vt 0.91220301 0.91282302
vt 0.91224402 0.91272402
vt 0.91224599 0.91272497
vt 0.91220498 0.91282302
vt 0.91215098 0.91295499
vt 0.91220301 0.91282302
vt 0.91220498 0.91282302
vt 0.91215301 0.91295600
vt 0.91209197 0.91312498
vt 0.91215098 0.91295499
vt 0.91215301 0.91295600
vt 0.91209602 0.91312498
vt 0.91204000 0.91332501
vt 0.91209197 0.91312498
vt 0.91209602 0.91312498
vt 0.91204500 0.91332501
vt 0.91201103 0.91352999
vt 0.91204000 0.91332501
vt 0.91204500 0.91332501
vt 0.91201699 0.91352898
vt 0.91201299 0.91369498
vt 0.91201103 0.91352999
vt 0.91201699 0.91352898
vt 0.91201901 0.91369200
vt 0.91205198 0.91381401
vt 0.91201299 0.91369498
vt 0.91201901 0.91369200
vt 0.91205698 0.91380799
vt 0.91215700 0.91390198
vt 0.91205198 0.91381401
vt 0.91205698 0.91380799
vt 0.91215903 0.91389400
vt 0.91237599 0.91397297
vt 0.91215700 0.91390198
vt 0.91215903 0.91389400
vt 0.91237700 0.91396397
vt 0.91273397 0.91404599
vt 0.91237599 0.91397297
vt 0.91237700 0.91396397
vt 0.91273397 0.91403800
vt 0.91314900 0.91404802
vt 0.91273397 0.91404599
vt 0.91273397 0.91403800
vt 0.91314799 0.91404098
vt 0.91356200 0.91396600
vt 0.91314900 0.91404802
vt 0.91314799 0.91404098
vt 0.91355997 0.91395903
vt 0.91391599 0.91379702
vt 0.91356200 0.91396600
vt 0.91355997 0.91395903
vt 0.91391301 0.91379201
vt 0.91416299 0.91354400
vt 0.91391599 0.91379702
vt 0.91391301 0.91379201
vt 0.91415799 0.91354001
vt 0.91428798 0.91319698
vt 0.91416299 0.91354400
vt 0.91415799 0.91354001
vt 0.91428101 0.91319400
vt 0.91431397 0.91283202
vt 0.91428798 0.91319698
vt 0.91428101 0.91319400
vt 0.91430598 0.91283101
vt 0.91429102 0.91251397
vt 0.91431397 0.91283202
vt 0.91430598 0.91283101
vt 0.91428298 0.91251302
vt 0.91424298 0.91229099
vt 0.91429102 0.91251397
vt 0.91428298 0.91251302
vt 0.91423500 0.91229302
vt 0.91416401 0.91215003
vt 0.91424298 0.91229099
vt 0.91423500 0.91229302
vt 0.91415697 0.91215497
vt 0.91403103 0.91206700
vt 0.91416401 0.91215003
vt 0.91415697 0.91215497
vt 0.91402698 0.91207498
vt 0.91382498 0.91202199
vt 0.91403103 0.91206700
vt 0.91402698 0.91207498
vt 0.91382301 0.91202998
vt 0.91355699 0.91200697
vt 0.91382498 0.91202199
vt 0.91382301 0.91202998
vt 0.91355699 0.91201299
vt 0.91404498 0.91205102
vt 0.91403103 0.91206700
vt 0.91382498 0.91202199
vt 0.91383600 0.91200602
vt 0.91383600 0.91200602
vt 0.91382498 0.91202199
vt 0.91355699 0.91200697
vt 0.91356403 0.91199303
vt 0.91356403 0.91199303
vt 0.91355699 0.91200697
vt 0.91330397 0.91202903
vt 0.91330701 0.91201800
vt 0.91330397 0.91202903
vt 0.91355699 0.91200697
vt 0.91355699 0.91201299
vt 0.91330498 0.91203302
vt 0.91330701 0.91201800
vt 0.91330397 0.91202903
vt 0.91309798 0.91206902
vt 0.91309798 0.91206199
vt 0.91309798 0.91206902
vt 0.91330397 0.91202903
vt 0.91330498 0.91203302
vt 0.91309899 0.91207200
vt 0.91294402 0.91210800
vt 0.91309798 0.91206902
vt 0.91309899 0.91207200
vt 0.91294497 0.91210997
vt 0.91309798 0.91206199
vt 0.91309798 0.91206902
vt 0.91294402 0.91210800
vt 0.91294402 0.91210300
vt 0.91294402 0.91210300
vt 0.91294402 0.91210800
vt 0.91283602 0.91214001
vt 0.91283500 0.91213697
vt 0.91283602 0.91214001
vt 0.91294402 0.91210800
vt 0.91294497 0.91210997
vt 0.91283703 0.91214198
vt 0.91283500 0.91213697
vt 0.91283602 0.91214001
vt 0.91275799 0.91216898
vt 0.91275698 0.91216600
vt 0.91275799 0.91216898
vt 0.91283602 0.91214001
vt 0.91283703 0.91214198
vt 0.91275799 0.91216999
vt 0.91275698 0.91216600
vt 0.91275799 0.91216898
vt 0.91269898 0.91219401
vt 0.91269797 0.91219097
vt 0.91269898 0.91219401
vt 0.91275799 0.91216898
vt 0.91275799 0.91216999
vt 0.91269898 0.91219503
vt 0.91265100 0.91221702
vt 0.91269898 0.91219401
vt 0.91269898 0.91219503
vt 0.91265202 0.91221797
vt 0.91261101 0.91224003
vt 0.91265100 0.91221702
vt 0.91265202 0.91221797
vt 0.91261101 0.91224098
vt 0.91257602 0.91226202
vt 0.91261101 0.91224003
vt 0.91261101 0.91224098
vt 0.91257602 0.91226298
vt 0.91254503 0.91228402
vt 0.91257602 0.91226202
vt 0.91257602 0.91226298
vt 0.91254503 0.91228497
vt 0.91257501 0.91226101
vt 0.91257602 0.91226202
vt 0.91254503 0.91228402
vt 0.91254401 0.91228300
vt 0.91260999 0.91223800
vt 0.91261101 0.91224003
vt 0.91257602 0.91226202
vt 0.91257501 0.91226101
vt 0.91257399 0.91226000
vt 0.91260898 0.91223699
vt 0.91260999 0.91223800
vt 0.91257501 0.91226101
vt 0.91254300 0.91228199
vt 0.91257399 0.91226000
vt 0.91257501 0.91226101
vt 0.91254401 0.91228300
vt 0.91257298 0.91225803
vt 0.91260803 0.91223598
vt 0.91260898 0.91223699
vt 0.91257399 0.91226000
vt 0.91260898 0.91223699
vt 0.91264898 0.91221398
vt 0.91264999 0.91221499
vt 0.91260999 0.91223800
vt 0.91260803 0.91223598
vt 0.91264802 0.91221201
vt 0.91264898 0.91221398
vt 0.91260898 0.91223699
vt 0.91264802 0.91221201
vt 0.91269600 0.91218799
vt 0.91269702 0.91219002
vt 0.91264898 0.91221398
vt 0.91264898 0.91221398
vt 0.91269702 0.91219002
vt 0.91269797 0.91219097
vt 0.91264999 0.91221499
vt 0.91269600 0.91218799
vt 0.91275501 0.91216099
vt 0.91275603 0.91216397
vt 0.91269702 0.91219002
vt 0.91269702 0.91219002
vt 0.91275603 0.91216397
vt 0.91275698 0.91216600
vt 0.91269797 0.91219097
vt 0.91269797 0.91219097
vt 0.91269898 0.91219401
vt 0.91265100 0.91221702
vt 0.91264999 0.91221499
vt 0.91275501 0.91216099
vt 0.91283298 0.91213101
vt 0.91283500 0.91213399
vt 0.91275603 0.91216397
vt 0.91275603 0.91216397
vt 0.91283500 0.91213399
vt 0.91283500 0.91213697
vt 0.91275698 0.91216600
vt 0.91283298 0.91213101
vt 0.91294199 0.91209501
vt 0.91294301 0.91209900
vt 0.91283500 0.91213399
vt 0.91283500 0.91213399
vt 0.91294301 0.91209900
vt 0.91294402 0.91210300
vt 0.91283500 0.91213697
vt 0.91294301 0.91209900
vt 0.91309899 0.91205698
vt 0.91309798 0.91206199
vt 0.91294402 0.91210300
vt 0.91294199 0.91209501
vt 0.91309899 0.91205102
vt 0.91309899 0.91205698
vt 0.91294301 0.91209900
vt 0.91283101 0.91212499
vt 0.91294098 0.91208702
vt 0.91294199 0.91209501
vt 0.91283298 0.91213101
vt 0.91294098 0.91208702
vt 0.91309899 0.91203898
vt 0.91309899 0.91205102
vt 0.91294199 0.91209501
vt 0.91309899 0.91205102
vt 0.91331297 0.91200203
vt 0.91330898 0.91201198
vt 0.91309899 0.91205698
vt 0.91309899 0.91203898
vt 0.91331798 0.91198701
vt 0.91331297 0.91200203
vt 0.91309899 0.91205102
vt 0.91293699 0.91207302
vt 0.91309500 0.91202098
vt 0.91309899 0.91203898
vt 0.91294098 0.91208702
vt 0.91309500 0.91202098
vt 0.91331899 0.91196001
vt 0.91331798 0.91198701
vt 0.91309899 0.91203898
vt 0.91331798 0.91198701
vt 0.91360301 0.91195297
vt 0.91358298 0.91197300
vt 0.91331297 0.91200203
vt 0.91331899 0.91196001
vt 0.91361898 0.91191602
vt 0.91360301 0.91195297
vt 0.91331798 0.91198701
vt 0.91360301 0.91195297
vt 0.91390699 0.91196698
vt 0.91386801 0.91198403
vt 0.91358298 0.91197300
vt 0.91361898 0.91191602
vt 0.91399097 0.91193098
vt 0.91390699 0.91196698
vt 0.91360301 0.91195297
vt 0.91358298 0.91197300
vt 0.91386801 0.91198403
vt 0.91384703 0.91199601
vt 0.91357100 0.91198403
vt 0.91331297 0.91200203
vt 0.91358298 0.91197300
vt 0.91357100 0.91198403
vt 0.91330898 0.91201198
vt 0.91357100 0.91198403
vt 0.91384703 0.91199601
vt 0.91383600 0.91200602
vt 0.91356403 0.91199303
vt 0.91330898 0.91201198
vt 0.91357100 0.91198403
vt 0.91356403 0.91199303
vt 0.91330701 0.91201800
vt 0.91384703 0.91199601
vt 0.91405702 0.91204101
vt 0.91404498 0.91205102
vt 0.91383600 0.91200602
vt 0.91386801 0.91198403
vt 0.91407901 0.91203099
vt 0.91405702 0.91204101
vt 0.91384703 0.91199601
vt 0.91407901 0.91203099
vt 0.91420901 0.91211802
vt 0.91419101 0.91212600
vt 0.91405702 0.91204101
vt 0.91405702 0.91204101
vt 0.91419101 0.91212600
vt 0.91417998 0.91213500
vt 0.91404498 0.91205102
vt 0.91417998 0.91213500
vt 0.91416401 0.91215003
vt 0.91403103 0.91206700
vt 0.91404498 0.91205102
vt 0.91425902 0.91227901
vt 0.91424298 0.91229099
vt 0.91416401 0.91215003
vt 0.91417998 0.91213500
vt 0.91419101 0.91212600
vt 0.91426998 0.91227198
vt 0.91425902 0.91227901
vt 0.91417998 0.91213500
vt 0.91430700 0.91250497
vt 0.91429102 0.91251397
vt 0.91424298 0.91229099
vt 0.91425902 0.91227901
vt 0.91420901 0.91211802
vt 0.91428500 0.91226500
vt 0.91426998 0.91227198
vt 0.91419101 0.91212600
vt 0.91423398 0.91211402
vt 0.91430402 0.91226298
vt 0.91428500 0.91226500
vt 0.91420901 0.91211802
vt 0.91411501 0.91202199
vt 0.91423398 0.91211402
vt 0.91420901 0.91211802
vt 0.91407901 0.91203099
vt 0.91417497 0.91202098
vt 0.91426897 0.91211897
vt 0.91423398 0.91211402
vt 0.91411501 0.91202199
vt 0.91399097 0.91193098
vt 0.91417497 0.91202098
vt 0.91411501 0.91202199
vt 0.91390699 0.91196698
vt 0.91390699 0.91196698
vt 0.91411501 0.91202199
vt 0.91407901 0.91203099
vt 0.91386801 0.91198403
vt 0.91426897 0.91211897
vt 0.91417497 0.91202098
vt 0.91426200 0.91204101
vt 0.91431499 0.91214103
vt 0.91417497 0.91202098
vt 0.91399097 0.91193098
vt 0.91421199 0.91195202
vt 0.91426200 0.91204101
vt 0.91431499 0.91214103
vt 0.91426200 0.91204101
vt 0.91435099 0.91208601
vt 0.91437203 0.91219097
vt 0.91309899 0.91205698
vt 0.91330898 0.91201198
vt 0.91330701 0.91201800
vt 0.91309798 0.91206199
vt 0.91264999 0.91221499
vt 0.91265100 0.91221702
vt 0.91261101 0.91224003
vt 0.91260999 0.91223800
vt 0.91433001 0.91282803
vt 0.91431397 0.91283202
vt 0.91429102 0.91251397
vt 0.91430700 0.91250497
vt 0.91430199 0.91319799
vt 0.91428798 0.91319698
vt 0.91431397 0.91283202
vt 0.91433001 0.91282803
vt 0.91417402 0.91355097
vt 0.91416299 0.91354400
vt 0.91428798 0.91319698
vt 0.91430199 0.91319799
vt 0.91392201 0.91381001
vt 0.91391599 0.91379702
vt 0.91416299 0.91354400
vt 0.91417402 0.91355097
vt 0.91356200 0.91398102
vt 0.91356200 0.91396600
vt 0.91391599 0.91379702
vt 0.91392201 0.91381001
vt 0.91392601 0.91381699
vt 0.91356301 0.91399097
vt 0.91356200 0.91398102
vt 0.91392201 0.91381001
vt 0.91314298 0.91406602
vt 0.91314900 0.91404802
vt 0.91356200 0.91396600
vt 0.91356200 0.91398102
vt 0.91272199 0.91406298
vt 0.91273397 0.91404599
vt 0.91314900 0.91404802
vt 0.91314298 0.91406602
vt 0.91236103 0.91398901
vt 0.91237599 0.91397297
vt 0.91273397 0.91404599
vt 0.91272199 0.91406298
vt 0.91214299 0.91391402
vt 0.91215700 0.91390198
vt 0.91237599 0.91397297
vt 0.91236103 0.91398901
vt 0.91203803 0.91382301
vt 0.91205198 0.91381401
vt 0.91215700 0.91390198
vt 0.91214299 0.91391402
vt 0.91200000 0.91369998
vt 0.91201299 0.91369498
vt 0.91205198 0.91381401
vt 0.91203803 0.91382301
vt 0.91201103 0.91352999
vt 0.91201299 0.91369498
vt 0.91200000 0.91369998
vt 0.91199899 0.91353297
vt 0.91199201 0.91370201
vt 0.91199201 0.91353399
vt 0.91199899 0.91353297
vt 0.91200000 0.91369998
vt 0.91199201 0.91353399
vt 0.91202402 0.91332400
vt 0.91202998 0.91332501
vt 0.91199899 0.91353297
vt 0.91202998 0.91332501
vt 0.91204000 0.91332501
vt 0.91201103 0.91352999
vt 0.91199899 0.91353297
vt 0.91208500 0.91312402
vt 0.91209197 0.91312498
vt 0.91204000 0.91332501
vt 0.91202998 0.91332501
vt 0.91202402 0.91332400
vt 0.91207999 0.91312200
vt 0.91208500 0.91312402
vt 0.91202998 0.91332501
vt 0.91207999 0.91312200
vt 0.91214103 0.91295201
vt 0.91214502 0.91295397
vt 0.91208500 0.91312402
vt 0.91214502 0.91295397
vt 0.91215098 0.91295499
vt 0.91209197 0.91312498
vt 0.91208500 0.91312402
vt 0.91207302 0.91311997
vt 0.91213602 0.91294998
vt 0.91214103 0.91295201
vt 0.91207999 0.91312200
vt 0.91201502 0.91332299
vt 0.91207302 0.91311997
vt 0.91207999 0.91312200
vt 0.91202402 0.91332400
vt 0.91213602 0.91294998
vt 0.91219199 0.91281801
vt 0.91219598 0.91281998
vt 0.91214103 0.91295201
vt 0.91214103 0.91295201
vt 0.91219598 0.91281998
vt 0.91219801 0.91282099
vt 0.91214502 0.91295397
vt 0.91219199 0.91281801
vt 0.91223502 0.91272002
vt 0.91223902 0.91272199
vt 0.91219598 0.91281998
vt 0.91219598 0.91281998
vt 0.91223902 0.91272199
vt 0.91224098 0.91272300
vt 0.91219801 0.91282099
vt 0.91220301 0.91282302
vt 0.91215098 0.91295499
vt 0.91214502 0.91295397
vt 0.91219801 0.91282099
vt 0.91224098 0.91272300
vt 0.91224402 0.91272402
vt 0.91220301 0.91282302
vt 0.91219801 0.91282099
vt 0.91223902 0.91272199
vt 0.91227299 0.91264701
vt 0.91227502 0.91264802
vt 0.91224098 0.91272300
vt 0.91227502 0.91264802
vt 0.91227698 0.91264898
vt 0.91224402 0.91272402
vt 0.91224098 0.91272300
vt 0.91230297 0.91259003
vt 0.91230500 0.91259098
vt 0.91227698 0.91264898
vt 0.91227502 0.91264802
vt 0.91227299 0.91264701
vt 0.91230202 0.91258901
vt 0.91230297 0.91259003
vt 0.91227502 0.91264802
vt 0.91232800 0.91254199
vt 0.91232997 0.91254300
vt 0.91230500 0.91259098
vt 0.91230297 0.91259003
vt 0.91230202 0.91258901
vt 0.91232699 0.91254097
vt 0.91232800 0.91254199
vt 0.91230297 0.91259003
vt 0.91227001 0.91264600
vt 0.91229999 0.91258800
vt 0.91230202 0.91258901
vt 0.91227299 0.91264701
vt 0.91229999 0.91258800
vt 0.91232502 0.91254002
vt 0.91232699 0.91254097
vt 0.91230202 0.91258901
vt 0.91232502 0.91254002
vt 0.91234899 0.91250002
vt 0.91235101 0.91250098
vt 0.91232699 0.91254097
vt 0.91232699 0.91254097
vt 0.91235101 0.91250098
vt 0.91235203 0.91250199
vt 0.91232800 0.91254199
vt 0.91235101 0.91250098
vt 0.91237301 0.91246498
vt 0.91237402 0.91246599
vt 0.91235203 0.91250199
vt 0.91234899 0.91250002
vt 0.91237199 0.91246402
vt 0.91237301 0.91246498
vt 0.91235101 0.91250098
vt 0.91237199 0.91246402
vt 0.91239500 0.91243201
vt 0.91239601 0.91243303
vt 0.91237301 0.91246498
vt 0.91237301 0.91246498
vt 0.91239601 0.91243303
vt 0.91239703 0.91243398
vt 0.91237402 0.91246599
vt 0.91237402 0.91246599
vt 0.91237599 0.91246700
vt 0.91235298 0.91250300
vt 0.91235203 0.91250199
vt 0.91239703 0.91243398
vt 0.91239798 0.91243500
vt 0.91237599 0.91246700
vt 0.91237402 0.91246599
vt 0.91241902 0.91240501
vt 0.91241997 0.91240603
vt 0.91239798 0.91243500
vt 0.91239703 0.91243398
vt 0.91239601 0.91243303
vt 0.91241801 0.91240400
vt 0.91241902 0.91240501
vt 0.91239703 0.91243398
vt 0.91241801 0.91240400
vt 0.91244102 0.91237700
vt 0.91244203 0.91237801
vt 0.91241902 0.91240501
vt 0.91244203 0.91237801
vt 0.91244298 0.91237903
vt 0.91241997 0.91240603
vt 0.91241902 0.91240501
vt 0.91241699 0.91240299
vt 0.91244000 0.91237599
vt 0.91244102 0.91237700
vt 0.91241801 0.91240400
vt 0.91239500 0.91243201
vt 0.91241699 0.91240299
vt 0.91241801 0.91240400
vt 0.91239601 0.91243303
vt 0.91244102 0.91237700
vt 0.91246402 0.91235203
vt 0.91246498 0.91235203
vt 0.91244203 0.91237801
vt 0.91244000 0.91237599
vt 0.91246301 0.91235101
vt 0.91246402 0.91235203
vt 0.91244102 0.91237700
vt 0.91246301 0.91235101
vt 0.91248798 0.91232699
vt 0.91248900 0.91232800
vt 0.91246402 0.91235203
vt 0.91246402 0.91235203
vt 0.91248900 0.91232800
vt 0.91249001 0.91232800
vt 0.91246498 0.91235203
vt 0.91243798 0.91237402
vt 0.91246200 0.91234899
vt 0.91246301 0.91235101
vt 0.91244000 0.91237599
vt 0.91246200 0.91234899
vt 0.91248602 0.91232502
vt 0.91248798 0.91232699
vt 0.91246301 0.91235101
vt 0.91245800 0.91234601
vt 0.91248298 0.91232198
vt 0.91248602 0.91232502
vt 0.91246200 0.91234899
vt 0.91243500 0.91237199
vt 0.91245800 0.91234601
vt 0.91246200 0.91234899
vt 0.91243798 0.91237402
vt 0.91241503 0.91240102
vt 0.91243798 0.91237402
vt 0.91244000 0.91237599
vt 0.91241699 0.91240299
vt 0.91248298 0.91232198
vt 0.91250902 0.91229802
vt 0.91251200 0.91230100
vt 0.91248602 0.91232502
vt 0.91249001 0.91232800
vt 0.91249102 0.91232902
vt 0.91246599 0.91235399
vt 0.91246498 0.91235203
vt 0.91246498 0.91235203
vt 0.91246599 0.91235399
vt 0.91244298 0.91237903
vt 0.91244203 0.91237801
vt 0.91239202 0.91243100
vt 0.91241503 0.91240102
vt 0.91241699 0.91240299
vt 0.91239500 0.91243201
vt 0.91235203 0.91250199
vt 0.91235298 0.91250300
vt 0.91232997 0.91254300
vt 0.91232800 0.91254199
vt 0.91226602 0.91264302
vt 0.91229600 0.91258597
vt 0.91229999 0.91258800
vt 0.91227001 0.91264600
vt 0.91223502 0.91272002
vt 0.91227001 0.91264600
vt 0.91227299 0.91264701
vt 0.91223902 0.91272199
vt 0.91223001 0.91271698
vt 0.91226602 0.91264302
vt 0.91227001 0.91264600
vt 0.91223502 0.91272002
vt 0.91222101 0.91271299
vt 0.91225898 0.91263902
vt 0.91226602 0.91264302
vt 0.91223001 0.91271698
vt 0.91225898 0.91263902
vt 0.91228998 0.91258198
vt 0.91229600 0.91258597
vt 0.91226602 0.91264302
vt 0.91225898 0.91263902
vt 0.91224700 0.91263300
vt 0.91228002 0.91257697
vt 0.91228998 0.91258198
vt 0.91222101 0.91271299
vt 0.91220599 0.91270500
vt 0.91224700 0.91263300
vt 0.91225898 0.91263902
vt 0.91217297 0.91280901
vt 0.91215402 0.91280001
vt 0.91220599 0.91270500
vt 0.91222101 0.91271299
vt 0.91217297 0.91280901
vt 0.91222101 0.91271299
vt 0.91223001 0.91271698
vt 0.91218501 0.91281497
vt 0.91220599 0.91270500
vt 0.91218901 0.91269499
vt 0.91223300 0.91262501
vt 0.91224700 0.91263300
vt 0.91224700 0.91263300
vt 0.91223300 0.91262501
vt 0.91226900 0.91256899
vt 0.91228002 0.91257697
vt 0.91218501 0.91281497
vt 0.91223001 0.91271698
vt 0.91223502 0.91272002
vt 0.91219199 0.91281801
vt 0.91212702 0.91294700
vt 0.91218501 0.91281497
vt 0.91219199 0.91281801
vt 0.91213602 0.91294998
vt 0.91206002 0.91311699
vt 0.91212702 0.91294700
vt 0.91213602 0.91294998
vt 0.91207302 0.91311997
vt 0.91198099 0.91353500
vt 0.91201502 0.91332299
vt 0.91202402 0.91332400
vt 0.91199201 0.91353399
vt 0.91255897 0.91223800
vt 0.91255301 0.91223001
vt 0.91258699 0.91220403
vt 0.91259402 0.91221201
vt 0.91252798 0.91226202
vt 0.91252202 0.91225499
vt 0.91255301 0.91223001
vt 0.91255897 0.91223800
vt 0.91255301 0.91223001
vt 0.91254699 0.91222203
vt 0.91258103 0.91219503
vt 0.91258699 0.91220403
vt 0.91252202 0.91225499
vt 0.91251600 0.91224802
vt 0.91254699 0.91222203
vt 0.91255301 0.91223001
vt 0.91249400 0.91228002
vt 0.91248798 0.91227299
vt 0.91251600 0.91224802
vt 0.91252202 0.91225499
vt 0.91250002 0.91228598
vt 0.91249400 0.91228002
vt 0.91252202 0.91225499
vt 0.91252798 0.91226202
vt 0.91247302 0.91231000
vt 0.91246700 0.91230398
vt 0.91249400 0.91228002
vt 0.91250002 0.91228598
vt 0.91259402 0.91221201
vt 0.91258699 0.91220403
vt 0.91262603 0.91217601
vt 0.91263300 0.91218603
vt 0.91258699 0.91220403
vt 0.91258103 0.91219503
vt 0.91261899 0.91216600
vt 0.91262603 0.91217601
vt 0.91244799 0.91233498
vt 0.91244203 0.91232902
vt 0.91246700 0.91230398
vt 0.91247302 0.91231000
vt 0.91242403 0.91236103
vt 0.91241699 0.91235501
vt 0.91244203 0.91232902
vt 0.91244799 0.91233498
vt 0.91240001 0.91238898
vt 0.91239297 0.91238302
vt 0.91241699 0.91235501
vt 0.91242403 0.91236103
vt 0.91237599 0.91241801
vt 0.91236901 0.91241199
vt 0.91239297 0.91238302
vt 0.91240001 0.91238898
vt 0.91236901 0.91241199
vt 0.91236198 0.91240603
vt 0.91238701 0.91237700
vt 0.91239297 0.91238302
vt 0.91234303 0.91244298
vt 0.91233599 0.91243702
vt 0.91236198 0.91240603
vt 0.91236901 0.91241199
vt 0.91235101 0.91244900
vt 0.91234303 0.91244298
vt 0.91236901 0.91241199
vt 0.91237599 0.91241801
vt 0.91232598 0.91248399
vt 0.91231698 0.91247803
vt 0.91234303 0.91244298
vt 0.91235101 0.91244900
vt 0.91231698 0.91247803
vt 0.91230899 0.91247100
vt 0.91233599 0.91243702
vt 0.91234303 0.91244298
vt 0.91235900 0.91245502
vt 0.91235101 0.91244900
vt 0.91237599 0.91241801
vt 0.91238302 0.91242301
vt 0.91233498 0.91249001
vt 0.91232598 0.91248399
vt 0.91235101 0.91244900
vt 0.91235900 0.91245502
vt 0.91231501 0.91236401
vt 0.91233897 0.91238600
vt 0.91231197 0.91241598
vt 0.91228402 0.91239202
vt 0.90962201 0.91246998
vt 0.90983802 0.91303998
vt 0.90960503 0.91312402
vt 0.90937901 0.91250598
vt 0.90937901 0.91250598
vt 0.90960503 0.91312402
vt 0.90917200 0.91323602
vt 0.90893799 0.91251898
vt 0.91234303 0.91233701
vt 0.91231501 0.91236401
vt 0.91226202 0.91230500
vt 0.91229898 0.91229802
vt 0.91244799 0.91228402
vt 0.91242200 0.91231000
vt 0.91241598 0.91230398
vt 0.91244203 0.91227800
vt 0.91245300 0.91228902
vt 0.91242701 0.91231400
vt 0.91242200 0.91231000
vt 0.91244799 0.91228402
vt 0.91242701 0.91231400
vt 0.91240197 0.91234100
vt 0.91239703 0.91233599
vt 0.91242200 0.91231000
vt 0.91271901 0.91209501
vt 0.91266400 0.91213399
vt 0.91265798 0.91212499
vt 0.91271198 0.91208398
vt 0.91271198 0.91208398
vt 0.91265798 0.91212499
vt 0.91265202 0.91211700
vt 0.91270500 0.91207403
vt 0.91278201 0.91203201
vt 0.91271198 0.91208398
vt 0.91270500 0.91207403
vt 0.91277403 0.91202003
vt 0.91279203 0.91204602
vt 0.91271901 0.91209501
vt 0.91271198 0.91208398
vt 0.91278201 0.91203201
vt 0.91288000 0.91196197
vt 0.91278201 0.91203201
vt 0.91277403 0.91202003
vt 0.91286802 0.91194600
vt 0.91286802 0.91194600
vt 0.91277403 0.91202003
vt 0.91276401 0.91200799
vt 0.91285503 0.91193002
vt 0.91277403 0.91202003
vt 0.91270500 0.91207403
vt 0.91269702 0.91206503
vt 0.91276401 0.91200799
vt 0.91276401 0.91200799
vt 0.91269702 0.91206503
vt 0.91268700 0.91205198
vt 0.91275102 0.91199303
vt 0.91285503 0.91193002
vt 0.91276401 0.91200799
vt 0.91275102 0.91199303
vt 0.91283703 0.91191101
vt 0.91300601 0.91183901
vt 0.91286802 0.91194600
vt 0.91285503 0.91193002
vt 0.91298598 0.91181600
vt 0.91298598 0.91181600
vt 0.91285503 0.91193002
vt 0.91283703 0.91191101
vt 0.91295803 0.91178900
vt 0.91317302 0.91165298
vt 0.91298598 0.91181600
vt 0.91295803 0.91178900
vt 0.91312802 0.91161001
vt 0.91283703 0.91191101
vt 0.91275102 0.91199303
vt 0.91270000 0.91194302
vt 0.91276503 0.91185802
vt 0.91270000 0.91194302
vt 0.91275102 0.91199303
vt 0.91268700 0.91205198
vt 0.91264498 0.91200900
vt 0.91268700 0.91205198
vt 0.91263700 0.91209900
vt 0.91260302 0.91206300
vt 0.91264498 0.91200900
vt 0.91269702 0.91206503
vt 0.91264498 0.91210902
vt 0.91263700 0.91209900
vt 0.91268700 0.91205198
vt 0.91260302 0.91206300
vt 0.91263700 0.91209900
vt 0.91259599 0.91213602
vt 0.91256702 0.91210598
vt 0.91250598 0.91200399
vt 0.91260302 0.91206300
vt 0.91256702 0.91210598
vt 0.91250700 0.91205502
vt 0.91259599 0.91213602
vt 0.91255897 0.91216898
vt 0.91253299 0.91214001
vt 0.91256702 0.91210598
vt 0.91270500 0.91207403
vt 0.91265202 0.91211700
vt 0.91264498 0.91210902
vt 0.91269702 0.91206503
vt 0.91253299 0.91214001
vt 0.91255897 0.91216898
vt 0.91252601 0.91219801
vt 0.91250098 0.91217101
vt 0.91343099 0.91141701
vt 0.91317302 0.91165298
vt 0.91312802 0.91161001
vt 0.91335702 0.91133302
vt 0.91375101 0.91109502
vt 0.91343099 0.91141701
vt 0.91335702 0.91133302
vt 0.91363299 0.91081101
vt 0.91363299 0.91081101
vt 0.91338998 0.91018802
vt 0.91351700 0.90999502
vt 0.91383898 0.91043198
vt 0.91306502 0.91090602
vt 0.91289699 0.91048902
vt 0.91338998 0.91018802
vt 0.91363299 0.91081101
vt 0.91338998 0.91018802
vt 0.91289699 0.91048902
vt 0.91252798 0.91011298
vt 0.91300303 0.90977001
vt 0.91217297 0.91096300
vt 0.91252798 0.91011298
vt 0.91289699 0.91048902
vt 0.91243601 0.91104198
vt 0.91243601 0.91104198
vt 0.91289699 0.91048902
vt 0.91306502 0.91090602
vt 0.91262501 0.91111898
vt 0.91300303 0.90977001
vt 0.91252798 0.91011298
vt 0.91229701 0.90970600
vt 0.91259402 0.90950602
vt 0.91175902 0.90940899
vt 0.91229701 0.90970600
vt 0.91201299 0.90977103
vt 0.91169202 0.90941501
vt 0.91259402 0.90950602
vt 0.91229701 0.90970600
vt 0.91175902 0.90940899
vt 0.91176200 0.90934199
vt 0.91176200 0.90934199
vt 0.91175902 0.90940899
vt 0.91169202 0.90941501
vt 0.91165400 0.90934300
vt 0.91165400 0.90934300
vt 0.91169202 0.90941501
vt 0.91160297 0.90943599
vt 0.91156900 0.90935999
vt 0.91156900 0.90935999
vt 0.91160297 0.90943599
vt 0.91149902 0.90946603
vt 0.91146398 0.90939498
vt 0.91141599 0.90931600
vt 0.91153401 0.90927601
vt 0.91156900 0.90935999
vt 0.91146398 0.90939498
vt 0.91146398 0.90939498
vt 0.91149902 0.90946603
vt 0.91140997 0.90950000
vt 0.91132402 0.90946001
vt 0.91125602 0.90938997
vt 0.91141599 0.90931600
vt 0.91146398 0.90939498
vt 0.91132402 0.90946001
vt 0.91115302 0.90920001
vt 0.91134000 0.90912002
vt 0.91141599 0.90931600
vt 0.91125602 0.90938997
vt 0.91019899 0.90984303
vt 0.91115302 0.90920001
vt 0.91125602 0.90938997
vt 0.91036701 0.91000301
vt 0.91036701 0.91000301
vt 0.91125602 0.90938997
vt 0.91132402 0.90946001
vt 0.91052097 0.91006398
vt 0.90979201 0.91034800
vt 0.91019899 0.90984303
vt 0.91036701 0.91000301
vt 0.91000003 0.91047001
vt 0.91000003 0.91047001
vt 0.91036701 0.91000301
vt 0.91052097 0.91006398
vt 0.91018701 0.91050500
vt 0.90970200 0.91109198
vt 0.91000003 0.91047001
vt 0.91018701 0.91050500
vt 0.90990400 0.91109800
vt 0.90947002 0.91101700
vt 0.90979201 0.91034800
vt 0.91000003 0.91047001
vt 0.90970200 0.91109198
vt 0.90906501 0.91084498
vt 0.90944397 0.91008401
vt 0.90979201 0.91034800
vt 0.90947002 0.91101700
vt 0.90944397 0.91008401
vt 0.90993398 0.90949702
vt 0.91019899 0.90984303
vt 0.90979201 0.91034800
vt 0.90879798 0.90961701
vt 0.90941000 0.90889698
vt 0.90993398 0.90949702
vt 0.90944397 0.91008401
vt 0.90941000 0.90889698
vt 0.91077399 0.90798497
vt 0.91100901 0.90877801
vt 0.90993398 0.90949702
vt 0.90993398 0.90949702
vt 0.91100901 0.90877801
vt 0.91115302 0.90920001
vt 0.91019899 0.90984303
vt 0.91077399 0.90798497
vt 0.91099602 0.90790302
vt 0.91120499 0.90870303
vt 0.91100901 0.90877801
vt 0.91100901 0.90877801
vt 0.91120499 0.90870303
vt 0.91134000 0.90912002
vt 0.91115302 0.90920001
vt 0.90764898 0.90875900
vt 0.90844500 0.90783900
vt 0.90941000 0.90889698
vt 0.90879798 0.90961701
vt 0.90893799 0.91251898
vt 0.90917200 0.91323602
vt 0.90836197 0.91340202
vt 0.90812498 0.91252702
vt 0.90812498 0.91252702
vt 0.90836197 0.91340202
vt 0.90688801 0.91367298
vt 0.90664703 0.91252100
vt 0.90664703 0.91252100
vt 0.90688801 0.91367298
vt 0.90459198 0.91405398
vt 0.90436000 0.91245902
vt 0.90591401 0.90743703
vt 0.90697598 0.90622097
vt 0.90844500 0.90783900
vt 0.90764898 0.90875900
vt 0.89564103 0.90814298
vt 0.89465898 0.91148502
vt 0.89252502 0.91081500
vt 0.89381802 0.90731603
vt 0.89365703 0.92711502
vt 0.89150202 0.92904902
vt 0.89056498 0.92664599
vt 0.89281398 0.92530602
vt 0.89150202 0.92904902
vt 0.89013302 0.93036598
vt 0.88913202 0.92769402
vt 0.89056498 0.92664599
vt 0.89213502 0.93068498
vt 0.89073700 0.93252301
vt 0.89013302 0.93036598
vt 0.89150202 0.92904902
vt 0.89421898 0.92820603
vt 0.89213502 0.93068498
vt 0.89150202 0.92904902
vt 0.89365703 0.92711502
vt 0.89259201 0.93161201
vt 0.89097601 0.93478602
vt 0.89073700 0.93252301
vt 0.89213502 0.93068498
vt 0.89465803 0.92872298
vt 0.89259201 0.93161201
vt 0.89213502 0.93068498
vt 0.89421898 0.92820603
vt 0.89073700 0.93252301
vt 0.88906401 0.93360102
vt 0.88854599 0.93142498
vt 0.89013302 0.93036598
vt 0.89097601 0.93478602
vt 0.88916701 0.93606699
vt 0.88906401 0.93360102
vt 0.89073700 0.93252301
vt 0.89209002 0.93466997
vt 0.89160901 0.93821198
vt 0.89055997 0.93870699
vt 0.89097601 0.93478602
vt 0.89097601 0.93478602
vt 0.89055997 0.93870699
vt 0.88903499 0.93925399
vt 0.88916701 0.93606699
vt 0.89160901 0.93821198
vt 0.89213997 0.94196099
vt 0.89091098 0.94240600
vt 0.89055997 0.93870699
vt 0.89055997 0.93870699
vt 0.89091098 0.94240600
vt 0.88918698 0.94275397
vt 0.88903499 0.93925399
vt 0.88916701 0.93606699
vt 0.88903499 0.93925399
vt 0.88628697 0.93984801
vt 0.88629901 0.93678802
vt 0.88903499 0.93925399
vt 0.88918698 0.94275397
vt 0.88633901 0.94322300
vt 0.88628697 0.93984801
vt 0.89091098 0.94240600
vt 0.89257598 0.94629300
vt 0.88998002 0.94626999
vt 0.88918698 0.94275397
vt 0.88918698 0.94275397
vt 0.88998002 0.94626999
vt 0.88660097 0.94652802
vt 0.88633901 0.94322300
vt 0.88998002 0.94626999
vt 0.89123398 0.94934601
vt 0.88698202 0.94933999
vt 0.88660097 0.94652802
vt 0.89257598 0.94629300
vt 0.89721400 0.95042199
vt 0.89123398 0.94934601
vt 0.88998002 0.94626999
vt 0.88698202 0.94933999
vt 0.89123398 0.94934601
vt 0.89216202 0.95123202
vt 0.88731301 0.95119601
vt 0.89123398 0.94934601
vt 0.89721400 0.95042199
vt 0.89877999 0.95212501
vt 0.89216202 0.95123202
vt 0.88660097 0.94652802
vt 0.88698202 0.94933999
vt 0.88158500 0.95014602
vt 0.88147497 0.94729400
vt 0.88158500 0.95014602
vt 0.88698202 0.94933999
vt 0.88731301 0.95119601
vt 0.88168001 0.95205802
vt 0.87296999 0.95106101
vt 0.88158500 0.95014602
vt 0.88168001 0.95205802
vt 0.87284398 0.95305300
vt 0.88147497 0.94729400
vt 0.88158500 0.95014602
vt 0.87296999 0.95106101
vt 0.87313902 0.94810897
vt 0.85997802 0.95077300
vt 0.87296999 0.95106101
vt 0.87284398 0.95305300
vt 0.85959703 0.95275801
vt 0.87313902 0.94810897
vt 0.87296999 0.95106101
vt 0.85997802 0.95077300
vt 0.86053300 0.94783098
vt 0.84427100 0.94793600
vt 0.85997802 0.95077300
vt 0.85959703 0.95275801
vt 0.84363002 0.94984901
vt 0.84363002 0.94984901
vt 0.85959703 0.95275801
vt 0.85936499 0.95397198
vt 0.84324801 0.95102698
vt 0.85959703 0.95275801
vt 0.87284398 0.95305300
vt 0.87275499 0.95427102
vt 0.85936499 0.95397198
vt 0.85936499 0.95397198
vt 0.87275499 0.95427102
vt 0.87269801 0.95498902
vt 0.85923201 0.95469099
vt 0.84324801 0.95102698
vt 0.85936499 0.95397198
vt 0.85923201 0.95469099
vt 0.84303302 0.95173299
vt 0.85923201 0.95469099
vt 0.87269801 0.95498902
vt 0.87266201 0.95547301
vt 0.85914600 0.95517802
vt 0.84303302 0.95173299
vt 0.85923201 0.95469099
vt 0.85914600 0.95517802
vt 0.84289598 0.95221102
vt 0.82634199 0.94487900
vt 0.84324801 0.95102698
vt 0.84303302 0.95173299
vt 0.82603800 0.94555002
vt 0.82603800 0.94555002
vt 0.84303302 0.95173299
vt 0.84289598 0.95221102
vt 0.82584101 0.94600701
vt 0.84289598 0.95221102
vt 0.84270602 0.95276803
vt 0.82559198 0.94652897
vt 0.82584101 0.94600701
vt 0.85914600 0.95517802
vt 0.85900903 0.95575500
vt 0.84270602 0.95276803
vt 0.84289598 0.95221102
vt 0.81006700 0.93636900
vt 0.82603800 0.94555002
vt 0.82584101 0.94600701
vt 0.80980200 0.93678898
vt 0.82584101 0.94600701
vt 0.82559198 0.94652897
vt 0.80947900 0.93727100
vt 0.80980200 0.93678898
vt 0.84248602 0.95329398
vt 0.82530302 0.94701302
vt 0.82559198 0.94652897
vt 0.84270602 0.95276803
vt 0.82559198 0.94652897
vt 0.82530302 0.94701302
vt 0.80912697 0.93770802
vt 0.80947900 0.93727100
vt 0.80980200 0.93678898
vt 0.80947900 0.93727100
vt 0.79567403 0.92581701
vt 0.79607099 0.92539501
vt 0.80947900 0.93727100
vt 0.80912697 0.93770802
vt 0.79526001 0.92619997
vt 0.79567403 0.92581701
vt 0.79567403 0.92581701
vt 0.79526001 0.92619997
vt 0.78403097 0.91295803
vt 0.78450203 0.91264403
vt 0.78403097 0.91295803
vt 0.77553898 0.89840198
vt 0.77605897 0.89816999
vt 0.78450203 0.91264403
vt 0.77605897 0.89816999
vt 0.77553898 0.89840198
vt 0.76985502 0.88280201
vt 0.77041203 0.88265902
vt 0.76985502 0.88280201
vt 0.76706898 0.86648798
vt 0.76764500 0.86644399
vt 0.77041203 0.88265902
vt 0.76764500 0.86644399
vt 0.76706898 0.86648798
vt 0.76723599 0.84992999
vt 0.76780999 0.84998900
vt 0.76723599 0.84992999
vt 0.77032000 0.83364999
vt 0.77087498 0.83380997
vt 0.76780999 0.84998900
vt 0.77087498 0.83380997
vt 0.77032000 0.83364999
vt 0.77619499 0.81810701
vt 0.77671802 0.81836098
vt 0.77143800 0.83396900
vt 0.77087498 0.83380997
vt 0.77671802 0.81836098
vt 0.77726197 0.81862801
vt 0.76840001 0.85004997
vt 0.76780999 0.84998900
vt 0.77087498 0.83380997
vt 0.77143800 0.83396900
vt 0.77671802 0.81836098
vt 0.78523600 0.80412400
vt 0.78571701 0.80447799
vt 0.77726197 0.81862801
vt 0.77619499 0.81810701
vt 0.78476399 0.80378097
vt 0.78523600 0.80412400
vt 0.77671802 0.81836098
vt 0.78523600 0.80412400
vt 0.78476399 0.80378097
vt 0.79577202 0.79117000
vt 0.79617500 0.79159200
vt 0.78571701 0.80447799
vt 0.78523600 0.80412400
vt 0.79617500 0.79159200
vt 0.79658800 0.79202700
vt 0.79658800 0.79202700
vt 0.79617500 0.79159200
vt 0.80915600 0.78118902
vt 0.80948400 0.78168100
vt 0.79577202 0.79117000
vt 0.80883503 0.78070199
vt 0.80915600 0.78118902
vt 0.79617500 0.79159200
vt 0.80915600 0.78118902
vt 0.80883503 0.78070199
vt 0.82356602 0.77266401
vt 0.82380003 0.77320898
vt 0.82356602 0.77266401
vt 0.83953798 0.76741803
vt 0.83967000 0.76798701
vt 0.82380003 0.77320898
vt 0.83967000 0.76798701
vt 0.83953798 0.76741803
vt 0.85614598 0.76513499
vt 0.85617399 0.76570898
vt 0.85614598 0.76513499
vt 0.87287199 0.76583397
vt 0.87279397 0.76641798
vt 0.85617399 0.76570898
vt 0.83980101 0.76857197
vt 0.83967000 0.76798701
vt 0.85617399 0.76570898
vt 0.85619998 0.76630801
vt 0.85619998 0.76630801
vt 0.85617399 0.76570898
vt 0.87279397 0.76641798
vt 0.87271500 0.76700997
vt 0.87271500 0.76700997
vt 0.87279397 0.76641798
vt 0.88898200 0.77010298
vt 0.88879502 0.77066803
vt 0.87279397 0.76641798
vt 0.87287199 0.76583397
vt 0.88915801 0.76955301
vt 0.88898200 0.77010298
vt 0.88915801 0.76955301
vt 0.90459198 0.77611601
vt 0.90433002 0.77662498
vt 0.88898200 0.77010298
vt 0.88898200 0.77010298
vt 0.90433002 0.77662498
vt 0.90404397 0.77714300
vt 0.88879502 0.77066803
vt 0.90379900 0.77758098
vt 0.88863498 0.77114600
vt 0.88879502 0.77066803
vt 0.90404397 0.77714300
vt 0.88863498 0.77114600
vt 0.87264597 0.76751202
vt 0.87271500 0.76700997
vt 0.88879502 0.77066803
vt 0.90343499 0.77823699
vt 0.88839602 0.77185899
vt 0.88863498 0.77114600
vt 0.90379900 0.77758098
vt 0.88839602 0.77185899
vt 0.87254202 0.76826000
vt 0.87264597 0.76751202
vt 0.88863498 0.77114600
vt 0.87264597 0.76751202
vt 0.85622197 0.76681501
vt 0.85619998 0.76630801
vt 0.87271500 0.76700997
vt 0.87254202 0.76826000
vt 0.85625100 0.76757199
vt 0.85622197 0.76681501
vt 0.87264597 0.76751202
vt 0.87236500 0.76951301
vt 0.85630000 0.76884001
vt 0.85625100 0.76757199
vt 0.87254202 0.76826000
vt 0.88799697 0.77305102
vt 0.87236500 0.76951301
vt 0.87254202 0.76826000
vt 0.88839602 0.77185899
vt 0.88735902 0.77497900
vt 0.87208200 0.77153701
vt 0.87236500 0.76951301
vt 0.88799697 0.77305102
vt 0.87208200 0.77153701
vt 0.85637897 0.77089202
vt 0.85630000 0.76884001
vt 0.87236500 0.76951301
vt 0.85630000 0.76884001
vt 0.84034503 0.77105600
vt 0.84007299 0.76981199
vt 0.85625100 0.76757199
vt 0.85637897 0.77089202
vt 0.84078503 0.77306700
vt 0.84034503 0.77105600
vt 0.85630000 0.76884001
vt 0.85649902 0.77390599
vt 0.85637897 0.77089202
vt 0.87208200 0.77153701
vt 0.87166703 0.77450901
vt 0.84143400 0.77601898
vt 0.84078503 0.77306700
vt 0.85637897 0.77089202
vt 0.85649902 0.77390599
vt 0.82699400 0.78079599
vt 0.82582700 0.77801400
vt 0.84078503 0.77306700
vt 0.84143400 0.77601898
vt 0.84078503 0.77306700
vt 0.82582700 0.77801400
vt 0.82503003 0.77611798
vt 0.84034503 0.77105600
vt 0.81364799 0.78806001
vt 0.81199998 0.78552800
vt 0.82582700 0.77801400
vt 0.82699400 0.78079599
vt 0.82582700 0.77801400
vt 0.81199998 0.78552800
vt 0.81087703 0.78380299
vt 0.82503003 0.77611798
vt 0.81199998 0.78552800
vt 0.79973000 0.79537600
vt 0.79832500 0.79387599
vt 0.81087703 0.78380299
vt 0.80179298 0.79758197
vt 0.79973000 0.79537600
vt 0.81199998 0.78552800
vt 0.81364799 0.78806001
vt 0.81555802 0.79099602
vt 0.81364799 0.78806001
vt 0.82699400 0.78079599
vt 0.82834899 0.78401703
vt 0.80418497 0.80013698
vt 0.80179298 0.79758197
vt 0.81364799 0.78806001
vt 0.81555802 0.79099602
vt 0.80659199 0.80270702
vt 0.80418497 0.80013698
vt 0.81555802 0.79099602
vt 0.81747901 0.79394698
vt 0.81747901 0.79394698
vt 0.81555802 0.79099602
vt 0.82834899 0.78401703
vt 0.82971102 0.78725398
vt 0.82834899 0.78401703
vt 0.82699400 0.78079599
vt 0.84143400 0.77601898
vt 0.84219003 0.77943897
vt 0.82971102 0.78725398
vt 0.82834899 0.78401703
vt 0.84219003 0.77943897
vt 0.84295398 0.78287703
vt 0.84295398 0.78287703
vt 0.84219003 0.77943897
vt 0.85664099 0.77740097
vt 0.85678703 0.78091502
vt 0.84219003 0.77943897
vt 0.84143400 0.77601898
vt 0.85649902 0.77390599
vt 0.85664099 0.77740097
vt 0.85678703 0.78091502
vt 0.85664099 0.77740097
vt 0.87119102 0.77795702
vt 0.87071902 0.78142399
vt 0.85664099 0.77740097
vt 0.85649902 0.77390599
vt 0.87166703 0.77450901
vt 0.87119102 0.77795702
vt 0.87071902 0.78142399
vt 0.87119102 0.77795702
vt 0.88535398 0.78109300
vt 0.88428003 0.78439498
vt 0.87119102 0.77795702
vt 0.87166703 0.77450901
vt 0.88642800 0.77780998
vt 0.88535398 0.78109300
vt 0.87029898 0.78452802
vt 0.87071902 0.78142399
vt 0.88428003 0.78439498
vt 0.88332403 0.78735602
vt 0.85692197 0.78406203
vt 0.85678703 0.78091502
vt 0.87071902 0.78142399
vt 0.87029898 0.78452802
vt 0.87029898 0.78452802
vt 0.88332403 0.78735602
vt 0.88257498 0.78972298
vt 0.86997002 0.78701597
vt 0.85692197 0.78406203
vt 0.87029898 0.78452802
vt 0.86997002 0.78701597
vt 0.85703498 0.78658003
vt 0.86997002 0.78701597
vt 0.88257498 0.78972298
vt 0.88194299 0.79175597
vt 0.86969602 0.78913999
vt 0.85703498 0.78658003
vt 0.86997002 0.78701597
vt 0.86969602 0.78913999
vt 0.85713798 0.78872800
vt 0.84364003 0.78595197
vt 0.85692197 0.78406203
vt 0.85703498 0.78658003
vt 0.84419501 0.78841299
vt 0.84419501 0.78841299
vt 0.85703498 0.78658003
vt 0.85713798 0.78872800
vt 0.84467500 0.79051000
vt 0.84467500 0.79051000
vt 0.85713798 0.78872800
vt 0.85725403 0.79090798
vt 0.84517503 0.79263502
vt 0.85713798 0.78872800
vt 0.86969602 0.78913999
vt 0.86942899 0.79129797
vt 0.85725403 0.79090798
vt 0.84517503 0.79263502
vt 0.85725403 0.79090798
vt 0.85741502 0.79364502
vt 0.84580600 0.79529399
vt 0.85725403 0.79090798
vt 0.86942899 0.79129797
vt 0.86911798 0.79400003
vt 0.85741502 0.79364502
vt 0.86942899 0.79129797
vt 0.88131601 0.79382801
vt 0.88055301 0.79641497
vt 0.86911798 0.79400003
vt 0.86969602 0.78913999
vt 0.88194299 0.79175597
vt 0.88131601 0.79382801
vt 0.86942899 0.79129797
vt 0.88194299 0.79175597
vt 0.89359200 0.79668701
vt 0.89261299 0.79862601
vt 0.88131601 0.79382801
vt 0.88131601 0.79382801
vt 0.89261299 0.79862601
vt 0.89141202 0.80105102
vt 0.88055301 0.79641497
vt 0.86824203 0.80321002
vt 0.86911798 0.79400003
vt 0.88055301 0.79641497
vt 0.87816000 0.80501300
vt 0.87816000 0.80501300
vt 0.88055301 0.79641497
vt 0.89141202 0.80105102
vt 0.88744700 0.80928200
vt 0.88744700 0.80928200
vt 0.89141202 0.80105102
vt 0.90156603 0.80785900
vt 0.89615899 0.81543899
vt 0.89261299 0.79862601
vt 0.90319699 0.80567902
vt 0.90156603 0.80785900
vt 0.89141202 0.80105102
vt 0.90156603 0.80785900
vt 0.91078502 0.81691003
vt 0.90424001 0.82306099
vt 0.89615899 0.81543899
vt 0.90319699 0.80567902
vt 0.91282398 0.81509697
vt 0.91078502 0.81691003
vt 0.90156603 0.80785900
vt 0.89359200 0.79668701
vt 0.90451801 0.80393797
vt 0.90319699 0.80567902
vt 0.89261299 0.79862601
vt 0.90451801 0.80393797
vt 0.91447902 0.81362700
vt 0.91282398 0.81509697
vt 0.90319699 0.80567902
vt 0.91282398 0.81509697
vt 0.92106098 0.82692301
vt 0.91863400 0.82825601
vt 0.91078502 0.81691003
vt 0.91447902 0.81362700
vt 0.92302501 0.82579601
vt 0.92106098 0.82692301
vt 0.91282398 0.81509697
vt 0.90582901 0.80222797
vt 0.91610301 0.81217301
vt 0.91447902 0.81362700
vt 0.90451801 0.80393797
vt 0.91610301 0.81217301
vt 0.92492503 0.82466698
vt 0.92302501 0.82579601
vt 0.91447902 0.81362700
vt 0.92302501 0.82579601
vt 0.92943400 0.84023201
vt 0.92719400 0.84096998
vt 0.92106098 0.82692301
vt 0.92492503 0.82466698
vt 0.93156397 0.83949399
vt 0.92943400 0.84023201
vt 0.92302501 0.82579601
vt 0.92710602 0.82334697
vt 0.93395603 0.83861798
vt 0.93156397 0.83949399
vt 0.92492503 0.82466698
vt 0.91799200 0.81048203
vt 0.92710602 0.82334697
vt 0.92492503 0.82466698
vt 0.91610301 0.81217301
vt 0.93156397 0.83949399
vt 0.93526399 0.85510099
vt 0.93300200 0.85538900
vt 0.92943400 0.84023201
vt 0.93395603 0.83861798
vt 0.93774199 0.85474598
vt 0.93526399 0.85510099
vt 0.93156397 0.83949399
vt 0.92710602 0.82334697
vt 0.92980802 0.82170397
vt 0.93690699 0.83748102
vt 0.93395603 0.83861798
vt 0.93395603 0.83861798
vt 0.93690699 0.83748102
vt 0.94079298 0.85408199
vt 0.93774199 0.85474598
vt 0.93774199 0.85474598
vt 0.93850303 0.86984301
vt 0.93608499 0.86953503
vt 0.93526399 0.85510099
vt 0.93774199 0.85474598
vt 0.94079298 0.85408199
vt 0.94162798 0.86937600
vt 0.93850303 0.86984301
vt 0.93690699 0.83748102
vt 0.94020301 0.83621800
vt 0.94422901 0.85334897
vt 0.94079298 0.85408199
vt 0.93850303 0.86984301
vt 0.93694198 0.88314301
vt 0.93479401 0.88093001
vt 0.93608499 0.86953503
vt 0.93526399 0.85510099
vt 0.93608499 0.86953503
vt 0.93374598 0.86935198
vt 0.93300200 0.85538900
vt 0.92980802 0.82170397
vt 0.93281901 0.81987798
vt 0.94020301 0.83621800
vt 0.93690699 0.83748102
vt 0.91799200 0.81048203
vt 0.92034602 0.80838400
vt 0.92980802 0.82170397
vt 0.92710602 0.82334697
vt 0.92034602 0.80838400
vt 0.92296898 0.80605203
vt 0.93281901 0.81987798
vt 0.92980802 0.82170397
vt 0.92296898 0.80605203
vt 0.92556798 0.80374002
vt 0.93580401 0.81807202
vt 0.93281901 0.81987798
vt 0.93281901 0.81987798
vt 0.93580401 0.81807202
vt 0.94348401 0.83500397
vt 0.94020301 0.83621800
vt 0.93580401 0.81807202
vt 0.93835700 0.81650698
vt 0.94627601 0.83393300
vt 0.94348401 0.83500397
vt 0.92556798 0.80374002
vt 0.92780000 0.80174798
vt 0.93835700 0.81650698
vt 0.93580401 0.81807202
vt 0.91359800 0.79231602
vt 0.91543603 0.78998798
vt 0.92780000 0.80174798
vt 0.92556798 0.80374002
vt 0.91146398 0.79501998
vt 0.91359800 0.79231602
vt 0.92556798 0.80374002
vt 0.92296898 0.80605203
vt 0.90045100 0.78373498
vt 0.90186602 0.78111500
vt 0.91543603 0.78998798
vt 0.91359800 0.79231602
vt 0.89881301 0.78677899
vt 0.90045100 0.78373498
vt 0.91359800 0.79231602
vt 0.91146398 0.79501998
vt 0.90930402 0.79777002
vt 0.91146398 0.79501998
vt 0.92296898 0.80605203
vt 0.92034602 0.80838400
vt 0.89718401 0.78982502
vt 0.89881301 0.78677899
vt 0.91146398 0.79501998
vt 0.90930402 0.79777002
vt 0.90737200 0.80023903
vt 0.90930402 0.79777002
vt 0.92034602 0.80838400
vt 0.91799200 0.81048203
vt 0.89572901 0.79256302
vt 0.89718401 0.78982502
vt 0.90930402 0.79777002
vt 0.90737200 0.80023903
vt 0.89572901 0.79256302
vt 0.90737200 0.80023903
vt 0.90582901 0.80222797
vt 0.89456898 0.79478300
vt 0.90737200 0.80023903
vt 0.91799200 0.81048203
vt 0.91610301 0.81217301
vt 0.90582901 0.80222797
vt 0.88332403 0.78735602
vt 0.88428003 0.78439498
vt 0.89718401 0.78982502
vt 0.89572901 0.79256302
vt 0.88332403 0.78735602
vt 0.89572901 0.79256302
vt 0.89456898 0.79478300
vt 0.88257498 0.78972298
vt 0.88257498 0.78972298
vt 0.89456898 0.79478300
vt 0.89359200 0.79668701
vt 0.88194299 0.79175597
vt 0.89456898 0.79478300
vt 0.90582901 0.80222797
vt 0.90451801 0.80393797
vt 0.89359200 0.79668701
vt 0.88428003 0.78439498
vt 0.88535398 0.78109300
vt 0.89881301 0.78677899
vt 0.89718401 0.78982502
vt 0.88535398 0.78109300
vt 0.88642800 0.77780998
vt 0.90045100 0.78373498
vt 0.89881301 0.78677899
vt 0.88642800 0.77780998
vt 0.88735902 0.77497900
vt 0.90186602 0.78111500
vt 0.90045100 0.78373498
vt 0.87166703 0.77450901
vt 0.87208200 0.77153701
vt 0.88735902 0.77497900
vt 0.88642800 0.77780998
vt 0.90186602 0.78111500
vt 0.88735902 0.77497900
vt 0.88799697 0.77305102
vt 0.90283298 0.77933401
vt 0.91543603 0.78998798
vt 0.90186602 0.78111500
vt 0.90283298 0.77933401
vt 0.91668802 0.78840399
vt 0.90283298 0.77933401
vt 0.88799697 0.77305102
vt 0.88839602 0.77185899
vt 0.90343499 0.77823699
vt 0.91668802 0.78840399
vt 0.90283298 0.77933401
vt 0.90343499 0.77823699
vt 0.91746199 0.78742599
vt 0.92930502 0.80038798
vt 0.91668802 0.78840399
vt 0.91746199 0.78742599
vt 0.93022400 0.79954201
vt 0.92780000 0.80174798
vt 0.91543603 0.78998798
vt 0.91668802 0.78840399
vt 0.92930502 0.80038798
vt 0.93835700 0.81650698
vt 0.92780000 0.80174798
vt 0.92930502 0.80038798
vt 0.94005698 0.81541002
vt 0.94005698 0.81541002
vt 0.92930502 0.80038798
vt 0.93022400 0.79954201
vt 0.94107503 0.81469899
vt 0.93022400 0.79954201
vt 0.91746199 0.78742599
vt 0.91792500 0.78684402
vt 0.93076599 0.79903001
vt 0.94107503 0.81469899
vt 0.93022400 0.79954201
vt 0.93076599 0.79903001
vt 0.94166797 0.81424701
vt 0.93076599 0.79903001
vt 0.91792500 0.78684402
vt 0.91823500 0.78645402
vt 0.93112701 0.79868197
vt 0.94166797 0.81424701
vt 0.93076599 0.79903001
vt 0.93112701 0.79868197
vt 0.94206601 0.81392902
vt 0.91746199 0.78742599
vt 0.90343499 0.77823699
vt 0.90379900 0.77758098
vt 0.91792500 0.78684402
vt 0.91792500 0.78684402
vt 0.90379900 0.77758098
vt 0.90404397 0.77714300
vt 0.91823500 0.78645402
vt 0.90404397 0.77714300
vt 0.90433002 0.77662498
vt 0.91859603 0.78599501
vt 0.91823500 0.78645402
vt 0.91823500 0.78645402
vt 0.91859603 0.78599501
vt 0.93155599 0.79826701
vt 0.93112701 0.79868197
vt 0.91893798 0.78553700
vt 0.93197399 0.79787201
vt 0.93155599 0.79826701
vt 0.91859603 0.78599501
vt 0.90433002 0.77662498
vt 0.90459198 0.77611601
vt 0.91893798 0.78553700
vt 0.91859603 0.78599501
vt 0.93155599 0.79826701
vt 0.93197399 0.79787201
vt 0.94303203 0.81324100
vt 0.94254702 0.81355703
vt 0.93112701 0.79868197
vt 0.93155599 0.79826701
vt 0.94254702 0.81355703
vt 0.94206601 0.81392902
vt 0.94303203 0.81324100
vt 0.95124602 0.83113098
vt 0.95070899 0.83134902
vt 0.94254702 0.81355703
vt 0.94254702 0.81355703
vt 0.95070899 0.83134902
vt 0.95018703 0.83169699
vt 0.94206601 0.81392902
vt 0.95018703 0.83169699
vt 0.95070899 0.83134902
vt 0.95510203 0.84965402
vt 0.95454103 0.84998900
vt 0.95070899 0.83134902
vt 0.95124602 0.83113098
vt 0.95566499 0.84954500
vt 0.95510203 0.84965402
vt 0.95566499 0.84954500
vt 0.95663601 0.86593002
vt 0.95607901 0.86594301
vt 0.95510203 0.84965402
vt 0.95454103 0.84998900
vt 0.95510203 0.84965402
vt 0.95607901 0.86594301
vt 0.95549500 0.86626297
vt 0.95549500 0.86626297
vt 0.95607901 0.86594301
vt 0.95527202 0.87840199
vt 0.95468599 0.87868899
vt 0.95607901 0.86594301
vt 0.95663601 0.86593002
vt 0.95581502 0.87843901
vt 0.95527202 0.87840199
vt 0.95581502 0.87843901
vt 0.95502001 0.88654798
vt 0.95447803 0.88653398
vt 0.95527202 0.87840199
vt 0.95527202 0.87840199
vt 0.95447803 0.88653398
vt 0.95389998 0.88674098
vt 0.95468599 0.87868899
vt 0.95417398 0.87908798
vt 0.95501202 0.86665601
vt 0.95549500 0.86626297
vt 0.95468599 0.87868899
vt 0.95338202 0.88704199
vt 0.95417398 0.87908798
vt 0.95468599 0.87868899
vt 0.95389998 0.88674098
vt 0.95351303 0.87985897
vt 0.95438200 0.86734599
vt 0.95501202 0.86665601
vt 0.95417398 0.87908798
vt 0.95274198 0.88763201
vt 0.95351303 0.87985897
vt 0.95417398 0.87908798
vt 0.95338202 0.88704199
vt 0.95501202 0.86665601
vt 0.95409101 0.85033602
vt 0.95454103 0.84998900
vt 0.95549500 0.86626297
vt 0.95438200 0.86734599
vt 0.95347601 0.85085702
vt 0.95409101 0.85033602
vt 0.95501202 0.86665601
vt 0.95338303 0.86838502
vt 0.95244497 0.85157198
vt 0.95347601 0.85085702
vt 0.95438200 0.86734599
vt 0.95253903 0.88122100
vt 0.95338303 0.86838502
vt 0.95438200 0.86734599
vt 0.95351303 0.87985897
vt 0.95347601 0.85085702
vt 0.94914901 0.83245301
vt 0.94976300 0.83201301
vt 0.95409101 0.85033602
vt 0.95244497 0.85157198
vt 0.94809097 0.83308500
vt 0.94914901 0.83245301
vt 0.95347601 0.85085702
vt 0.95061398 0.85227603
vt 0.94627601 0.83393300
vt 0.94809097 0.83308500
vt 0.95244497 0.85157198
vt 0.94809097 0.83308500
vt 0.94005698 0.81541002
vt 0.94107503 0.81469899
vt 0.94914901 0.83245301
vt 0.94627601 0.83393300
vt 0.93835700 0.81650698
vt 0.94005698 0.81541002
vt 0.94809097 0.83308500
vt 0.94348401 0.83500397
vt 0.94627601 0.83393300
vt 0.95061398 0.85227603
vt 0.94769001 0.85279500
vt 0.94914901 0.83245301
vt 0.94107503 0.81469899
vt 0.94166797 0.81424701
vt 0.94976300 0.83201301
vt 0.94976300 0.83201301
vt 0.94166797 0.81424701
vt 0.94206601 0.81392902
vt 0.95018703 0.83169699
vt 0.95409101 0.85033602
vt 0.94976300 0.83201301
vt 0.95018703 0.83169699
vt 0.95454103 0.84998900
vt 0.95285201 0.89264202
vt 0.95274198 0.88763201
vt 0.95338202 0.88704199
vt 0.95343602 0.89237100
vt 0.95343602 0.89237100
vt 0.95338202 0.88704199
vt 0.95389998 0.88674098
vt 0.95392698 0.89226198
vt 0.95430797 0.89741498
vt 0.95343602 0.89237100
vt 0.95392698 0.89226198
vt 0.95471299 0.89745700
vt 0.95381600 0.89746797
vt 0.95285201 0.89264202
vt 0.95343602 0.89237100
vt 0.95430797 0.89741498
vt 0.95494699 0.90391701
vt 0.95381600 0.89746797
vt 0.95430797 0.89741498
vt 0.95534402 0.90395498
vt 0.95534402 0.90395498
vt 0.95430797 0.89741498
vt 0.95471299 0.89745700
vt 0.95566702 0.90404600
vt 0.95530599 0.91273999
vt 0.95494699 0.90391701
vt 0.95534402 0.90395498
vt 0.95564997 0.91281497
vt 0.95564997 0.91281497
vt 0.95534402 0.90395498
vt 0.95566702 0.90404600
vt 0.95592803 0.91292000
vt 0.95471299 0.89745700
vt 0.95516402 0.89754999
vt 0.95603299 0.90417200
vt 0.95566702 0.90404600
vt 0.95566702 0.90404600
vt 0.95603299 0.90417200
vt 0.95625103 0.91305202
vt 0.95592803 0.91292000
vt 0.95592803 0.91292000
vt 0.95625103 0.91305202
vt 0.95463198 0.92358398
vt 0.95432901 0.92343801
vt 0.95407498 0.92331201
vt 0.95564997 0.91281497
vt 0.95592803 0.91292000
vt 0.95432901 0.92343801
vt 0.94936597 0.93421400
vt 0.95407498 0.92331201
vt 0.95432901 0.92343801
vt 0.94959700 0.93437099
vt 0.95432901 0.92343801
vt 0.95463198 0.92358398
vt 0.94988501 0.93455398
vt 0.94959700 0.93437099
vt 0.95499402 0.92362797
vt 0.95020801 0.93469203
vt 0.94988501 0.93455398
vt 0.95463198 0.92358398
vt 0.95625103 0.91305202
vt 0.95663601 0.91301399
vt 0.95499402 0.92362797
vt 0.95463198 0.92358398
vt 0.94988501 0.93455398
vt 0.95020801 0.93469203
vt 0.94209701 0.94445902
vt 0.94183499 0.94423002
vt 0.94209701 0.94445902
vt 0.93148798 0.95143700
vt 0.93131399 0.95112902
vt 0.94183499 0.94423002
vt 0.93131399 0.95112902
vt 0.93148798 0.95143700
vt 0.91996700 0.95481402
vt 0.91989797 0.95445001
vt 0.91996700 0.95481402
vt 0.90930700 0.95520997
vt 0.90933001 0.95481700
vt 0.91989797 0.95445001
vt 0.90933001 0.95481700
vt 0.90930700 0.95520997
vt 0.90036500 0.95447999
vt 0.90044397 0.95405197
vt 0.90044397 0.95405197
vt 0.90036500 0.95447999
vt 0.89351898 0.95410001
vt 0.89361399 0.95361501
vt 0.89361399 0.95361501
vt 0.89351898 0.95410001
vt 0.88797998 0.95449001
vt 0.88805199 0.95393801
vt 0.90024400 0.95366001
vt 0.90044397 0.95405197
vt 0.89361399 0.95361501
vt 0.89341199 0.95315701
vt 0.89341199 0.95315701
vt 0.89361399 0.95361501
vt 0.88805199 0.95393801
vt 0.88793099 0.95338303
vt 0.88793099 0.95338303
vt 0.88805199 0.95393801
vt 0.88181698 0.95497298
vt 0.88182199 0.95439702
vt 0.88797998 0.95449001
vt 0.88177502 0.95555598
vt 0.88181698 0.95497298
vt 0.88805199 0.95393801
vt 0.88178802 0.95392400
vt 0.88778198 0.95296299
vt 0.88793099 0.95338303
vt 0.88182199 0.95439702
vt 0.88778198 0.95296299
vt 0.89317000 0.95280701
vt 0.89341199 0.95315701
vt 0.88793099 0.95338303
vt 0.87269801 0.95498902
vt 0.88178802 0.95392400
vt 0.88182199 0.95439702
vt 0.87266201 0.95547301
vt 0.88182199 0.95439702
vt 0.88181698 0.95497298
vt 0.87257898 0.95605701
vt 0.87266201 0.95547301
vt 0.87257898 0.95605701
vt 0.85900903 0.95575500
vt 0.85914600 0.95517802
vt 0.87266201 0.95547301
vt 0.88181698 0.95497298
vt 0.88177502 0.95555598
vt 0.87250602 0.95663601
vt 0.87257898 0.95605701
vt 0.87250602 0.95663601
vt 0.85886502 0.95631403
vt 0.85900903 0.95575500
vt 0.87257898 0.95605701
vt 0.85900903 0.95575500
vt 0.85886502 0.95631403
vt 0.84248602 0.95329398
vt 0.84270602 0.95276803
vt 0.87275499 0.95427102
vt 0.88174301 0.95322698
vt 0.88178802 0.95392400
vt 0.87269801 0.95498902
vt 0.88174301 0.95322698
vt 0.88757598 0.95231700
vt 0.88778198 0.95296299
vt 0.88178802 0.95392400
vt 0.88168001 0.95205802
vt 0.88731301 0.95119601
vt 0.88757598 0.95231700
vt 0.88174301 0.95322698
vt 0.87284398 0.95305300
vt 0.88168001 0.95205802
vt 0.88174301 0.95322698
vt 0.87275499 0.95427102
vt 0.88757598 0.95231700
vt 0.89277297 0.95224899
vt 0.89317000 0.95280701
vt 0.88778198 0.95296299
vt 0.88731301 0.95119601
vt 0.89216202 0.95123202
vt 0.89277297 0.95224899
vt 0.88757598 0.95231700
vt 0.89216202 0.95123202
vt 0.89877999 0.95212501
vt 0.89956897 0.95291901
vt 0.89277297 0.95224899
vt 0.89277297 0.95224899
vt 0.89956897 0.95291901
vt 0.90000802 0.95336199
vt 0.89317000 0.95280701
vt 0.89956897 0.95291901
vt 0.90864003 0.95388299
vt 0.90896201 0.95421100
vt 0.90000802 0.95336199
vt 0.89877999 0.95212501
vt 0.90815401 0.95343399
vt 0.90864003 0.95388299
vt 0.89956897 0.95291901
vt 0.89721400 0.95042199
vt 0.90783900 0.95282602
vt 0.90815401 0.95343399
vt 0.89877999 0.95212501
vt 0.90864003 0.95388299
vt 0.91932100 0.95362198
vt 0.91954303 0.95389998
vt 0.90896201 0.95421100
vt 0.90896201 0.95421100
vt 0.91954303 0.95389998
vt 0.91970402 0.95413899
vt 0.90914798 0.95447099
vt 0.90000802 0.95336199
vt 0.90896201 0.95421100
vt 0.90914798 0.95447099
vt 0.90024400 0.95366001
vt 0.91970402 0.95413899
vt 0.91989797 0.95445001
vt 0.90933001 0.95481700
vt 0.90914798 0.95447099
vt 0.90914798 0.95447099
vt 0.90933001 0.95481700
vt 0.90044397 0.95405197
vt 0.90024400 0.95366001
vt 0.89317000 0.95280701
vt 0.90000802 0.95336199
vt 0.90024400 0.95366001
vt 0.89341199 0.95315701
vt 0.91954303 0.95389998
vt 0.93090898 0.95063400
vt 0.93108398 0.95085502
vt 0.91970402 0.95413899
vt 0.93108398 0.95085502
vt 0.93131399 0.95112902
vt 0.91989797 0.95445001
vt 0.91970402 0.95413899
vt 0.93090898 0.95063400
vt 0.94136500 0.94380897
vt 0.94156998 0.94400197
vt 0.93108398 0.95085502
vt 0.94183499 0.94423002
vt 0.93131399 0.95112902
vt 0.93108398 0.95085502
vt 0.94156998 0.94400197
vt 0.94136500 0.94380897
vt 0.94936597 0.93421400
vt 0.94959700 0.93437099
vt 0.94156998 0.94400197
vt 0.94959700 0.93437099
vt 0.94988501 0.93455398
vt 0.94183499 0.94423002
vt 0.94156998 0.94400197
vt 0.93069702 0.95037699
vt 0.94111699 0.94358802
vt 0.94136500 0.94380897
vt 0.93090898 0.95063400
vt 0.94111699 0.94358802
vt 0.94908100 0.93404299
vt 0.94936597 0.93421400
vt 0.94136500 0.94380897
vt 0.94908100 0.93404299
vt 0.95376003 0.92319500
vt 0.95407498 0.92331201
vt 0.94936597 0.93421400
vt 0.91932100 0.95362198
vt 0.93069702 0.95037699
vt 0.93090898 0.95063400
vt 0.91954303 0.95389998
vt 0.95603299 0.90417200
vt 0.95643997 0.90407699
vt 0.95663601 0.91301399
vt 0.95625103 0.91305202
vt 0.95516402 0.89754999
vt 0.95561498 0.89743400
vt 0.95643997 0.90407699
vt 0.95603299 0.90417200
vt 0.95501298 0.89214802
vt 0.95561498 0.89743400
vt 0.95516402 0.89754999
vt 0.95449501 0.89221698
vt 0.95392698 0.89226198
vt 0.95449501 0.89221698
vt 0.95516402 0.89754999
vt 0.95471299 0.89745700
vt 0.95389998 0.88674098
vt 0.95447803 0.88653398
vt 0.95449501 0.89221698
vt 0.95392698 0.89226198
vt 0.95447803 0.88653398
vt 0.95502001 0.88654798
vt 0.95501298 0.89214802
vt 0.95449501 0.89221698
vt 0.95376003 0.92319500
vt 0.95530599 0.91273999
vt 0.95564997 0.91281497
vt 0.95407498 0.92331201
vt 0.94020301 0.83621800
vt 0.94348401 0.83500397
vt 0.94769001 0.85279500
vt 0.94422901 0.85334897
vt 0.93300200 0.85538900
vt 0.93374598 0.86935198
vt 0.93091398 0.86970299
vt 0.93050802 0.85582298
vt 0.92943400 0.84023201
vt 0.93300200 0.85538900
vt 0.93050802 0.85582298
vt 0.92719400 0.84096998
vt 0.92719400 0.84096998
vt 0.93050802 0.85582298
vt 0.92745000 0.85607398
vt 0.92441797 0.84173298
vt 0.93050802 0.85582298
vt 0.93091398 0.86970299
vt 0.92745298 0.86979300
vt 0.92745000 0.85607398
vt 0.91569197 0.84366298
vt 0.92441797 0.84173298
vt 0.92745000 0.85607398
vt 0.91813600 0.85548002
vt 0.91102803 0.83247900
vt 0.91863400 0.82825601
vt 0.92441797 0.84173298
vt 0.91569197 0.84366298
vt 0.92106098 0.82692301
vt 0.92719400 0.84096998
vt 0.92441797 0.84173298
vt 0.91863400 0.82825601
vt 0.90030801 0.83925998
vt 0.91102803 0.83247900
vt 0.91569197 0.84366298
vt 0.90031099 0.84692502
vt 0.90031099 0.84692502
vt 0.91569197 0.84366298
vt 0.91813600 0.85548002
vt 0.90135300 0.85640401
vt 0.90030801 0.83925998
vt 0.90031099 0.84692502
vt 0.88879001 0.84754401
vt 0.89377600 0.83616400
vt 0.90031099 0.84692502
vt 0.90135300 0.85640401
vt 0.88781500 0.85938501
vt 0.88879001 0.84754401
vt 0.89377600 0.83616400
vt 0.90424001 0.82306099
vt 0.91102803 0.83247900
vt 0.90030801 0.83925998
vt 0.88564903 0.83137399
vt 0.89615899 0.81543899
vt 0.90424001 0.82306099
vt 0.89377600 0.83616400
vt 0.89377600 0.83616400
vt 0.88879001 0.84754401
vt 0.87734699 0.84507900
vt 0.88564903 0.83137399
vt 0.87907898 0.82438099
vt 0.88564903 0.83137399
vt 0.87734699 0.84507900
vt 0.87108701 0.83400798
vt 0.87907898 0.82438099
vt 0.88744700 0.80928200
vt 0.89615899 0.81543899
vt 0.88564903 0.83137399
vt 0.87472397 0.81840301
vt 0.87907898 0.82438099
vt 0.87108701 0.83400798
vt 0.86828297 0.82102799
vt 0.87472397 0.81840301
vt 0.87816000 0.80501300
vt 0.88744700 0.80928200
vt 0.87907898 0.82438099
vt 0.86828297 0.82102799
vt 0.87108701 0.83400798
vt 0.86107999 0.84032798
vt 0.85954601 0.82321602
vt 0.86828297 0.82102799
vt 0.86824203 0.80321002
vt 0.87816000 0.80501300
vt 0.87472397 0.81840301
vt 0.85954601 0.82321602
vt 0.85803998 0.80316800
vt 0.86824203 0.80321002
vt 0.86828297 0.82102799
vt 0.85741502 0.79364502
vt 0.86911798 0.79400003
vt 0.86824203 0.80321002
vt 0.85803998 0.80316800
vt 0.85049897 0.82213700
vt 0.84788901 0.80436701
vt 0.85803998 0.80316800
vt 0.85954601 0.82321602
vt 0.84788901 0.80436701
vt 0.84580600 0.79529399
vt 0.85741502 0.79364502
vt 0.85803998 0.80316800
vt 0.84363502 0.82024902
vt 0.83821303 0.80723900
vt 0.84788901 0.80436701
vt 0.85049897 0.82213700
vt 0.83821303 0.80723900
vt 0.83468199 0.79893899
vt 0.84580600 0.79529399
vt 0.84788901 0.80436701
vt 0.83360702 0.79644299
vt 0.84517503 0.79263502
vt 0.84580600 0.79529399
vt 0.83468199 0.79893899
vt 0.82951701 0.81239200
vt 0.82443899 0.80461001
vt 0.83468199 0.79893899
vt 0.83821303 0.80723900
vt 0.82294202 0.80232602
vt 0.83360702 0.79644299
vt 0.83468199 0.79893899
vt 0.82443899 0.80461001
vt 0.83274698 0.79444301
vt 0.84467500 0.79051000
vt 0.84517503 0.79263502
vt 0.83360702 0.79644299
vt 0.82174700 0.80050200
vt 0.83274698 0.79444301
vt 0.83360702 0.79644299
vt 0.82294202 0.80232602
vt 0.81194198 0.80840898
vt 0.82174700 0.80050200
vt 0.82294202 0.80232602
vt 0.81343800 0.80999303
vt 0.81343800 0.80999303
vt 0.82294202 0.80232602
vt 0.82443899 0.80461001
vt 0.81531298 0.81198901
vt 0.81046897 0.80684400
vt 0.82057202 0.79870099
vt 0.82174700 0.80050200
vt 0.81194198 0.80840898
vt 0.82057202 0.79870099
vt 0.83190697 0.79246700
vt 0.83274698 0.79444301
vt 0.82174700 0.80050200
vt 0.81919700 0.79658800
vt 0.83092999 0.79015100
vt 0.83190697 0.79246700
vt 0.82057202 0.79870099
vt 0.80874503 0.80500603
vt 0.81919700 0.79658800
vt 0.82057202 0.79870099
vt 0.81046897 0.80684400
vt 0.83092999 0.79015100
vt 0.84364003 0.78595197
vt 0.84419501 0.78841299
vt 0.83190697 0.79246700
vt 0.83190697 0.79246700
vt 0.84419501 0.78841299
vt 0.84467500 0.79051000
vt 0.83274698 0.79444301
vt 0.83092999 0.79015100
vt 0.82971102 0.78725398
vt 0.84295398 0.78287703
vt 0.84364003 0.78595197
vt 0.81919700 0.79658800
vt 0.81747901 0.79394698
vt 0.82971102 0.78725398
vt 0.83092999 0.79015100
vt 0.84364003 0.78595197
vt 0.84295398 0.78287703
vt 0.85678703 0.78091502
vt 0.85692197 0.78406203
vt 0.80874503 0.80500603
vt 0.80659199 0.80270702
vt 0.81747901 0.79394698
vt 0.81919700 0.79658800
vt 0.79992503 0.81509799
vt 0.79741102 0.81321800
vt 0.80659199 0.80270702
vt 0.80874503 0.80500603
vt 0.79741102 0.81321800
vt 0.79460102 0.81111801
vt 0.80418497 0.80013698
vt 0.80659199 0.80270702
vt 0.79025698 0.82510799
vt 0.78713799 0.82354897
vt 0.79460102 0.81111801
vt 0.79741102 0.81321800
vt 0.79304498 0.82650602
vt 0.79025698 0.82510799
vt 0.79741102 0.81321800
vt 0.79992503 0.81509799
vt 0.78535199 0.83803898
vt 0.78200799 0.83705503
vt 0.78713799 0.82354897
vt 0.79025698 0.82510799
vt 0.78713799 0.82354897
vt 0.78403401 0.82199901
vt 0.79180402 0.80902803
vt 0.79460102 0.81111801
vt 0.78200799 0.83705503
vt 0.77868003 0.83607799
vt 0.78403401 0.82199901
vt 0.78713799 0.82354897
vt 0.78277600 0.85162699
vt 0.77932000 0.85124397
vt 0.78200799 0.83705503
vt 0.78535199 0.83803898
vt 0.77932000 0.85124397
vt 0.77588099 0.85086399
vt 0.77868003 0.83607799
vt 0.78200799 0.83705503
vt 0.77588099 0.85086399
vt 0.77291501 0.85053903
vt 0.77580899 0.83523703
vt 0.77868003 0.83607799
vt 0.77868003 0.83607799
vt 0.77580899 0.83523703
vt 0.78135502 0.82066298
vt 0.78403401 0.82199901
vt 0.78135502 0.82066298
vt 0.77580899 0.83523703
vt 0.77385402 0.83466500
vt 0.77952802 0.81975102
vt 0.77580899 0.83523703
vt 0.77291501 0.85053903
vt 0.77089602 0.85031801
vt 0.77385402 0.83466500
vt 0.77291501 0.85053903
vt 0.77275300 0.86608303
vt 0.77073300 0.86622298
vt 0.77089602 0.85031801
vt 0.77571797 0.86588001
vt 0.77275300 0.86608303
vt 0.77291501 0.85053903
vt 0.77588099 0.85086399
vt 0.77275300 0.86608303
vt 0.77535999 0.88136101
vt 0.77341098 0.88186300
vt 0.77073300 0.86622298
vt 0.77821797 0.88063103
vt 0.77535999 0.88136101
vt 0.77275300 0.86608303
vt 0.77571797 0.86588001
vt 0.77915400 0.86564702
vt 0.77571797 0.86588001
vt 0.77588099 0.85086399
vt 0.77932000 0.85124397
vt 0.78152901 0.87979198
vt 0.77821797 0.88063103
vt 0.77571797 0.86588001
vt 0.77915400 0.86564702
vt 0.77535999 0.88136101
vt 0.78064400 0.89598399
vt 0.77882099 0.89683300
vt 0.77341098 0.88186300
vt 0.77073300 0.86622298
vt 0.77341098 0.88186300
vt 0.77219999 0.88217902
vt 0.76948202 0.86631101
vt 0.77341098 0.88186300
vt 0.77882099 0.89683300
vt 0.77770001 0.89736497
vt 0.77219999 0.88217902
vt 0.77219999 0.88217902
vt 0.77770001 0.89736497
vt 0.77703202 0.89769000
vt 0.77147698 0.88237101
vt 0.76948202 0.86631101
vt 0.77219999 0.88217902
vt 0.77147698 0.88237101
vt 0.76873499 0.86636502
vt 0.77770001 0.89736497
vt 0.78595799 0.91155601
vt 0.78536499 0.91199601
vt 0.77703202 0.89769000
vt 0.77703202 0.89769000
vt 0.78536499 0.91199601
vt 0.78496897 0.91229498
vt 0.77658600 0.89791101
vt 0.77147698 0.88237101
vt 0.77703202 0.89769000
vt 0.77658600 0.89791101
vt 0.77099001 0.88250297
vt 0.78496897 0.91229498
vt 0.78450203 0.91264403
vt 0.77605897 0.89816999
vt 0.77658600 0.89791101
vt 0.77658600 0.89791101
vt 0.77605897 0.89816999
vt 0.77041203 0.88265902
vt 0.77099001 0.88250297
vt 0.77041203 0.88265902
vt 0.76764500 0.86644399
vt 0.76823401 0.86640102
vt 0.77099001 0.88250297
vt 0.76873499 0.86636502
vt 0.77147698 0.88237101
vt 0.77099001 0.88250297
vt 0.76823401 0.86640102
vt 0.76823401 0.86640102
vt 0.76764500 0.86644399
vt 0.76780999 0.84998900
vt 0.76840001 0.85004997
vt 0.76889998 0.85010302
vt 0.76873499 0.86636502
vt 0.76823401 0.86640102
vt 0.76840001 0.85004997
vt 0.77192003 0.83410603
vt 0.76889998 0.85010302
vt 0.76840001 0.85004997
vt 0.77143800 0.83396900
vt 0.77264303 0.83431399
vt 0.76964599 0.85018200
vt 0.76889998 0.85010302
vt 0.77192003 0.83410603
vt 0.76964599 0.85018200
vt 0.76948202 0.86631101
vt 0.76873499 0.86636502
vt 0.76889998 0.85010302
vt 0.77089602 0.85031801
vt 0.77073300 0.86622298
vt 0.76948202 0.86631101
vt 0.76964599 0.85018200
vt 0.77385402 0.83466500
vt 0.77089602 0.85031801
vt 0.76964599 0.85018200
vt 0.77264303 0.83431399
vt 0.77839601 0.81918800
vt 0.77264303 0.83431399
vt 0.77192003 0.83410603
vt 0.77771997 0.81885201
vt 0.77952802 0.81975102
vt 0.77385402 0.83466500
vt 0.77264303 0.83431399
vt 0.77839601 0.81918800
vt 0.78774798 0.80599701
vt 0.77952802 0.81975102
vt 0.77839601 0.81918800
vt 0.78673100 0.80523598
vt 0.78673100 0.80523598
vt 0.77839601 0.81918800
vt 0.77771997 0.81885201
vt 0.78612298 0.80478197
vt 0.77771997 0.81885201
vt 0.77192003 0.83410603
vt 0.77143800 0.83396900
vt 0.77726197 0.81862801
vt 0.78612298 0.80478197
vt 0.77771997 0.81885201
vt 0.77726197 0.81862801
vt 0.78571701 0.80447799
vt 0.79745603 0.79294801
vt 0.78673100 0.80523598
vt 0.78612298 0.80478197
vt 0.79693699 0.79239500
vt 0.79693699 0.79239500
vt 0.78612298 0.80478197
vt 0.78571701 0.80447799
vt 0.79658800 0.79202700
vt 0.80976403 0.78210199
vt 0.79693699 0.79239500
vt 0.79658800 0.79202700
vt 0.80948400 0.78168100
vt 0.81018102 0.78273797
vt 0.79745603 0.79294801
vt 0.79693699 0.79239500
vt 0.80976403 0.78210199
vt 0.79832500 0.79387599
vt 0.78774798 0.80599701
vt 0.78673100 0.80523598
vt 0.79745603 0.79294801
vt 0.81087703 0.78380299
vt 0.79832500 0.79387599
vt 0.79745603 0.79294801
vt 0.81018102 0.78273797
vt 0.82503003 0.77611798
vt 0.81087703 0.78380299
vt 0.81018102 0.78273797
vt 0.82453799 0.77494401
vt 0.82453799 0.77494401
vt 0.81018102 0.78273797
vt 0.80976403 0.78210199
vt 0.82424200 0.77424300
vt 0.84034503 0.77105600
vt 0.82503003 0.77611798
vt 0.82453799 0.77494401
vt 0.84007299 0.76981199
vt 0.84007299 0.76981199
vt 0.82453799 0.77494401
vt 0.82424200 0.77424300
vt 0.83990997 0.76907003
vt 0.85625100 0.76757199
vt 0.84007299 0.76981199
vt 0.83990997 0.76907003
vt 0.85622197 0.76681501
vt 0.85622197 0.76681501
vt 0.83990997 0.76907003
vt 0.83980101 0.76857197
vt 0.85619998 0.76630801
vt 0.83990997 0.76907003
vt 0.82424200 0.77424300
vt 0.82404101 0.77377099
vt 0.83980101 0.76857197
vt 0.82380003 0.77320898
vt 0.83967000 0.76798701
vt 0.83980101 0.76857197
vt 0.82404101 0.77377099
vt 0.80948400 0.78168100
vt 0.80915600 0.78118902
vt 0.82380003 0.77320898
vt 0.82404101 0.77377099
vt 0.82424200 0.77424300
vt 0.80976403 0.78210199
vt 0.80948400 0.78168100
vt 0.82404101 0.77377099
vt 0.79973000 0.79537600
vt 0.78939199 0.80722600
vt 0.78774798 0.80599701
vt 0.79832500 0.79387599
vt 0.78939199 0.80722600
vt 0.78135502 0.82066298
vt 0.77952802 0.81975102
vt 0.78774798 0.80599701
vt 0.79180402 0.80902803
vt 0.78939199 0.80722600
vt 0.79973000 0.79537600
vt 0.80179298 0.79758197
vt 0.78403401 0.82199901
vt 0.78135502 0.82066298
vt 0.78939199 0.80722600
vt 0.79180402 0.80902803
vt 0.79460102 0.81111801
vt 0.79180402 0.80902803
vt 0.80179298 0.79758197
vt 0.80418497 0.80013698
vt 0.79607099 0.92539501
vt 0.79567403 0.92581701
vt 0.78450203 0.91264403
vt 0.78496897 0.91229498
vt 0.78536499 0.91199601
vt 0.79640597 0.92502898
vt 0.79607099 0.92539501
vt 0.78496897 0.91229498
vt 0.79640597 0.92502898
vt 0.81006700 0.93636900
vt 0.80980200 0.93678898
vt 0.79607099 0.92539501
vt 0.78595799 0.91155601
vt 0.79690999 0.92449403
vt 0.79640597 0.92502898
vt 0.78536499 0.91199601
vt 0.79690999 0.92449403
vt 0.81047100 0.93575698
vt 0.81006700 0.93636900
vt 0.79640597 0.92502898
vt 0.81047100 0.93575698
vt 0.82634199 0.94487900
vt 0.82603800 0.94555002
vt 0.81006700 0.93636900
vt 0.81531298 0.81198901
vt 0.82443899 0.80461001
vt 0.82951701 0.81239200
vt 0.82170999 0.81903398
vt 0.83479798 0.83414900
vt 0.82170999 0.81903398
vt 0.82951701 0.81239200
vt 0.84022301 0.82666600
vt 0.84022301 0.82666600
vt 0.82951701 0.81239200
vt 0.83821303 0.80723900
vt 0.84363502 0.82024902
vt 0.84363502 0.82024902
vt 0.85049897 0.82213700
vt 0.84994203 0.83541697
vt 0.84022301 0.82666600
vt 0.84022301 0.82666600
vt 0.84994203 0.83541697
vt 0.84587198 0.84719503
vt 0.83479798 0.83414900
vt 0.85049897 0.82213700
vt 0.85954601 0.82321602
vt 0.86107999 0.84032798
vt 0.84994203 0.83541697
vt 0.82733101 0.83904499
vt 0.81478500 0.82652402
vt 0.82170999 0.81903398
vt 0.83479798 0.83414900
vt 0.82733101 0.83904499
vt 0.83479798 0.83414900
vt 0.84587198 0.84719503
vt 0.83464003 0.85016400
vt 0.82111400 0.84184498
vt 0.82733101 0.83904499
vt 0.83464003 0.85016400
vt 0.82237703 0.84910899
vt 0.82237703 0.84910899
vt 0.83464003 0.85016400
vt 0.83847803 0.86221999
vt 0.82284498 0.85841697
vt 0.90424001 0.82306099
vt 0.91078502 0.81691003
vt 0.91863400 0.82825601
vt 0.91102803 0.83247900
vt 0.82687998 0.94376999
vt 0.84363002 0.94984901
vt 0.84324801 0.95102698
vt 0.82634199 0.94487900
vt 0.89213997 0.94196099
vt 0.89435899 0.94592100
vt 0.89257598 0.94629300
vt 0.89091098 0.94240600
vt 0.89331198 0.94127703
vt 0.89575499 0.94524401
vt 0.89435899 0.94592100
vt 0.89213997 0.94196099
vt 0.89269298 0.93741000
vt 0.89331198 0.94127703
vt 0.89213997 0.94196099
vt 0.89160901 0.93821198
vt 0.89474797 0.94025999
vt 0.89719498 0.94428599
vt 0.89575499 0.94524401
vt 0.89331198 0.94127703
vt 0.88916701 0.93606699
vt 0.88629901 0.93678802
vt 0.88614303 0.93440402
vt 0.88906401 0.93360102
vt 0.88906401 0.93360102
vt 0.88614303 0.93440402
vt 0.88566297 0.93241698
vt 0.88854599 0.93142498
vt 0.88614303 0.93440402
vt 0.88130802 0.93521702
vt 0.88090599 0.93330002
vt 0.88566297 0.93241698
vt 0.88854599 0.93142498
vt 0.88566297 0.93241698
vt 0.88467097 0.93037498
vt 0.88749701 0.92903900
vt 0.88566297 0.93241698
vt 0.88090599 0.93330002
vt 0.88007599 0.93137902
vt 0.88467097 0.93037498
vt 0.88090599 0.93330002
vt 0.87358600 0.93391502
vt 0.87302297 0.93195403
vt 0.88007599 0.93137902
vt 0.88130802 0.93521702
vt 0.87378800 0.93585998
vt 0.87358600 0.93391502
vt 0.88090599 0.93330002
vt 0.87378800 0.93585998
vt 0.86271900 0.93556899
vt 0.86283702 0.93357903
vt 0.87358600 0.93391502
vt 0.87358600 0.93391502
vt 0.86283702 0.93357903
vt 0.86267298 0.93154198
vt 0.87302297 0.93195403
vt 0.87302297 0.93195403
vt 0.86267298 0.93154198
vt 0.86218601 0.92897600
vt 0.87196797 0.92951399
vt 0.88007599 0.93137902
vt 0.87302297 0.93195403
vt 0.87196797 0.92951399
vt 0.87862402 0.92902601
vt 0.87339199 0.92183101
vt 0.87862402 0.92902601
vt 0.87196797 0.92951399
vt 0.86824900 0.92191201
vt 0.86824900 0.92191201
vt 0.87196797 0.92951399
vt 0.86218601 0.92897600
vt 0.86029899 0.92074800
vt 0.86267298 0.93154198
vt 0.85003603 0.92918700
vt 0.85021901 0.92659998
vt 0.86218601 0.92897600
vt 0.86029899 0.92074800
vt 0.86218601 0.92897600
vt 0.85021901 0.92659998
vt 0.85053098 0.91812599
vt 0.85937601 0.90740800
vt 0.86029899 0.92074800
vt 0.85053098 0.91812599
vt 0.85223901 0.90280199
vt 0.86411101 0.91135502
vt 0.86824900 0.92191201
vt 0.86029899 0.92074800
vt 0.85937601 0.90740800
vt 0.86411101 0.91135502
vt 0.85937601 0.90740800
vt 0.86151499 0.89929903
vt 0.86627197 0.90888298
vt 0.85937601 0.90740800
vt 0.85223901 0.90280199
vt 0.85517198 0.89065599
vt 0.86151499 0.89929903
vt 0.84369898 0.90041697
vt 0.84464699 0.88986701
vt 0.85517198 0.89065599
vt 0.85223901 0.90280199
vt 0.85223901 0.90280199
vt 0.85053098 0.91812599
vt 0.83992898 0.91416299
vt 0.84369898 0.90041697
vt 0.86627197 0.90888298
vt 0.87339199 0.92183101
vt 0.86824900 0.92191201
vt 0.86411101 0.91135502
vt 0.85021901 0.92659998
vt 0.83741999 0.92198199
vt 0.83992898 0.91416299
vt 0.85053098 0.91812599
vt 0.85003603 0.92918700
vt 0.83656901 0.92440999
vt 0.83741999 0.92198199
vt 0.85021901 0.92659998
vt 0.84972501 0.93122798
vt 0.83578098 0.92633998
vt 0.83656901 0.92440999
vt 0.85003603 0.92918700
vt 0.86283702 0.93357903
vt 0.84972501 0.93122798
vt 0.85003603 0.92918700
vt 0.86267298 0.93154198
vt 0.86271900 0.93556899
vt 0.84921700 0.93321300
vt 0.84972501 0.93122798
vt 0.86283702 0.93357903
vt 0.89013302 0.93036598
vt 0.88854599 0.93142498
vt 0.88749701 0.92903900
vt 0.88913202 0.92769402
vt 0.90803701 0.91569197
vt 0.90599298 0.91689801
vt 0.90557301 0.91630298
vt 0.90770298 0.91527200
vt 0.90974098 0.91534400
vt 0.90967298 0.91547197
vt 0.90848202 0.91636503
vt 0.90850198 0.91624999
vt 0.90850198 0.91624999
vt 0.90848202 0.91636503
vt 0.90670198 0.91772801
vt 0.90662801 0.91764700
vt 0.90662801 0.91764700
vt 0.90670198 0.91772801
vt 0.90427500 0.91978598
vt 0.90403700 0.91978902
vt 0.90670198 0.91772801
vt 0.90679997 0.91783202
vt 0.90461600 0.91973001
vt 0.90427500 0.91978598
vt 0.90403700 0.91978902
vt 0.90427500 0.91978598
vt 0.90142697 0.92240000
vt 0.90090901 0.92258602
vt 0.90427500 0.91978598
vt 0.90461600 0.91973001
vt 0.90222400 0.92196602
vt 0.90142697 0.92240000
vt 0.90461600 0.91973001
vt 0.90490103 0.91978502
vt 0.90306503 0.92144299
vt 0.90222400 0.92196602
vt 0.90142697 0.92240000
vt 0.90222400 0.92196602
vt 0.90025800 0.92409098
vt 0.89880800 0.92512000
vt 0.90222400 0.92196602
vt 0.90306503 0.92144299
vt 0.90229201 0.92243898
vt 0.90025800 0.92409098
vt 0.90025800 0.92409098
vt 0.90229201 0.92243898
vt 0.90118998 0.92398602
vt 0.89854598 0.92626500
vt 0.89880800 0.92512000
vt 0.90025800 0.92409098
vt 0.89854598 0.92626500
vt 0.89658099 0.92783397
vt 0.89854598 0.92626500
vt 0.90118998 0.92398602
vt 0.89954603 0.92645597
vt 0.89680898 0.92881101
vt 0.90306503 0.92144299
vt 0.90490103 0.91978502
vt 0.90485901 0.92025501
vt 0.90229201 0.92243898
vt 0.94013703 0.94283003
vt 0.93001598 0.94932801
vt 0.92979699 0.94862598
vt 0.93964398 0.94232601
vt 0.94051999 0.94313103
vt 0.93022501 0.94978303
vt 0.93001598 0.94932801
vt 0.94013703 0.94283003
vt 0.94013703 0.94283003
vt 0.94788402 0.93367201
vt 0.94837099 0.93378103
vt 0.94051999 0.94313103
vt 0.92979699 0.94862598
vt 0.91908902 0.95152903
vt 0.91930401 0.95036501
vt 0.92952800 0.94756699
vt 0.94788402 0.93367201
vt 0.95246798 0.92327797
vt 0.95298898 0.92315501
vt 0.94837099 0.93378103
vt 0.95246798 0.92327797
vt 0.95401299 0.91329700
vt 0.95450598 0.91291302
vt 0.95298898 0.92315501
vt 0.92729700 0.89610398
vt 0.92735600 0.89678597
vt 0.92386502 0.90027899
vt 0.92377001 0.89990401
vt 0.92377001 0.89990401
vt 0.92386502 0.90027899
vt 0.92071903 0.90380502
vt 0.92060900 0.90360397
vt 0.92386502 0.90027899
vt 0.92372000 0.90092802
vt 0.92075801 0.90411001
vt 0.92071903 0.90380502
vt 0.92036098 0.90339202
vt 0.92339498 0.89959198
vt 0.92377001 0.89990401
vt 0.92060900 0.90360397
vt 0.92060900 0.90360397
vt 0.92071903 0.90380502
vt 0.91828698 0.90660399
vt 0.91817999 0.90650302
vt 0.91801399 0.90635598
vt 0.92036098 0.90339202
vt 0.92060900 0.90360397
vt 0.91817999 0.90650302
vt 0.91817999 0.90650302
vt 0.91828698 0.90660399
vt 0.91664100 0.90853500
vt 0.91654098 0.90848798
vt 0.91642100 0.90837997
vt 0.91801399 0.90635598
vt 0.91817999 0.90650302
vt 0.91654098 0.90848798
vt 0.91772699 0.90611303
vt 0.91990399 0.90308100
vt 0.92036098 0.90339202
vt 0.91801399 0.90635598
vt 0.91622800 0.90818602
vt 0.91772699 0.90611303
vt 0.91801399 0.90635598
vt 0.91642100 0.90837997
vt 0.91540003 0.90968198
vt 0.91642100 0.90837997
vt 0.91654098 0.90848798
vt 0.91549098 0.90977103
vt 0.91525900 0.90951300
vt 0.91622800 0.90818602
vt 0.91642100 0.90837997
vt 0.91540003 0.90968198
vt 0.91591102 0.90789300
vt 0.91725898 0.90575099
vt 0.91772699 0.90611303
vt 0.91622800 0.90818602
vt 0.91470498 0.91026700
vt 0.91525900 0.90951300
vt 0.91540003 0.90968198
vt 0.91481799 0.91042799
vt 0.91481799 0.91042799
vt 0.91540003 0.90968198
vt 0.91549098 0.90977103
vt 0.91489798 0.91050798
vt 0.91549098 0.90977103
vt 0.91558498 0.90978998
vt 0.91499197 0.91051501
vt 0.91489798 0.91050798
vt 0.91654098 0.90848798
vt 0.91664100 0.90853500
vt 0.91558498 0.90978998
vt 0.91549098 0.90977103
vt 0.91664100 0.90853500
vt 0.91678602 0.90854597
vt 0.91574299 0.90974599
vt 0.91558498 0.90978998
vt 0.91558498 0.90978998
vt 0.91574299 0.90974599
vt 0.91516101 0.91044402
vt 0.91499197 0.91051501
vt 0.91489798 0.91050798
vt 0.91499197 0.91051501
vt 0.91466099 0.91095501
vt 0.91455001 0.91094702
vt 0.91499197 0.91051501
vt 0.91516101 0.91044402
vt 0.91483903 0.91088200
vt 0.91466099 0.91095501
vt 0.91466099 0.91095501
vt 0.91483903 0.91088200
vt 0.91465098 0.91117698
vt 0.91446102 0.91122103
vt 0.91455001 0.91094702
vt 0.91466099 0.91095501
vt 0.91446102 0.91122103
vt 0.91430199 0.91120201
vt 0.91430199 0.91120201
vt 0.91446102 0.91122103
vt 0.91431999 0.91139901
vt 0.91399300 0.91140902
vt 0.91446102 0.91122103
vt 0.91465098 0.91117698
vt 0.91453499 0.91139400
vt 0.91431999 0.91139901
vt 0.91465098 0.91117698
vt 0.91490799 0.91103202
vt 0.91474199 0.91133201
vt 0.91453499 0.91139400
vt 0.91483903 0.91088200
vt 0.91514403 0.91068000
vt 0.91490799 0.91103202
vt 0.91465098 0.91117698
vt 0.91514403 0.91068000
vt 0.91571403 0.91027701
vt 0.91534400 0.91075897
vt 0.91490799 0.91103202
vt 0.91547000 0.91025299
vt 0.91604501 0.90982199
vt 0.91571403 0.91027701
vt 0.91514403 0.91068000
vt 0.91516101 0.91044402
vt 0.91547000 0.91025299
vt 0.91514403 0.91068000
vt 0.91483903 0.91088200
vt 0.91600299 0.90961999
vt 0.91632599 0.90942901
vt 0.91604501 0.90982199
vt 0.91547000 0.91025299
vt 0.91574299 0.90974599
vt 0.91600299 0.90961999
vt 0.91547000 0.91025299
vt 0.91516101 0.91044402
vt 0.91678602 0.90854597
vt 0.91699600 0.90853202
vt 0.91600299 0.90961999
vt 0.91574299 0.90974599
vt 0.91699600 0.90853202
vt 0.91718000 0.90859503
vt 0.91632599 0.90942901
vt 0.91600299 0.90961999
vt 0.91632599 0.90942901
vt 0.91718000 0.90859503
vt 0.91715598 0.90891200
vt 0.91604501 0.90982199
vt 0.91840303 0.90672100
vt 0.91854602 0.90687400
vt 0.91699600 0.90853202
vt 0.91678602 0.90854597
vt 0.91828698 0.90660399
vt 0.91840303 0.90672100
vt 0.91678602 0.90854597
vt 0.91664100 0.90853500
vt 0.92071903 0.90380502
vt 0.92075801 0.90411001
vt 0.91840303 0.90672100
vt 0.91828698 0.90660399
vt 0.91604501 0.90982199
vt 0.91715598 0.90891200
vt 0.91681701 0.90951300
vt 0.91571403 0.91027701
vt 0.91534400 0.91075897
vt 0.91571403 0.91027701
vt 0.91681701 0.90951300
vt 0.91610497 0.91035300
vt 0.91387600 0.91134298
vt 0.91420299 0.91113299
vt 0.91430199 0.91120201
vt 0.91399300 0.91140902
vt 0.91420299 0.91113299
vt 0.91447097 0.91086900
vt 0.91455001 0.91094702
vt 0.91430199 0.91120201
vt 0.91447097 0.91086900
vt 0.91481799 0.91042799
vt 0.91489798 0.91050798
vt 0.91455001 0.91094702
vt 0.91437602 0.91070998
vt 0.91470498 0.91026700
vt 0.91481799 0.91042799
vt 0.91447097 0.91086900
vt 0.91725898 0.90575099
vt 0.91916400 0.90263200
vt 0.91990399 0.90308100
vt 0.91772699 0.90611303
vt 0.91654700 0.90528101
vt 0.91805798 0.90207499
vt 0.91916400 0.90263200
vt 0.91725898 0.90575099
vt 0.91542399 0.90750802
vt 0.91654700 0.90528101
vt 0.91725898 0.90575099
vt 0.91591102 0.90789300
vt 0.91654700 0.90528101
vt 0.91552001 0.90475601
vt 0.91654199 0.90147603
vt 0.91805798 0.90207499
vt 0.91542399 0.90750802
vt 0.91471398 0.90706497
vt 0.91552001 0.90475601
vt 0.91654700 0.90528101
vt 0.91471398 0.90706497
vt 0.91376299 0.90666300
vt 0.91417700 0.90432101
vt 0.91552001 0.90475601
vt 0.91552001 0.90475601
vt 0.91417700 0.90432101
vt 0.91466397 0.90106398
vt 0.91654199 0.90147603
vt 0.91654199 0.90147603
vt 0.91466397 0.90106398
vt 0.91500503 0.89724398
vt 0.91748101 0.89741302
vt 0.91805798 0.90207499
vt 0.91654199 0.90147603
vt 0.91748101 0.89741302
vt 0.91979098 0.89793199
vt 0.91417700 0.90432101
vt 0.91280800 0.90411401
vt 0.91276598 0.90100098
vt 0.91466397 0.90106398
vt 0.91466397 0.90106398
vt 0.91276598 0.90100098
vt 0.91260499 0.89737099
vt 0.91500503 0.89724398
vt 0.91280800 0.90411401
vt 0.91057801 0.90422702
vt 0.90961802 0.90147001
vt 0.91276598 0.90100098
vt 0.91276598 0.90100098
vt 0.90961802 0.90147001
vt 0.90854400 0.89848101
vt 0.91260499 0.89737099
vt 0.90961802 0.90147001
vt 0.90929300 0.90156901
vt 0.90811700 0.89864099
vt 0.90854400 0.89848101
vt 0.91057801 0.90422702
vt 0.91034001 0.90428001
vt 0.90929300 0.90156901
vt 0.90961802 0.90147001
vt 0.91034001 0.90428001
vt 0.91015202 0.90433699
vt 0.90903401 0.90166199
vt 0.90929300 0.90156901
vt 0.90929300 0.90156901
vt 0.90903401 0.90166199
vt 0.90773302 0.89880401
vt 0.90811700 0.89864099
vt 0.90725100 0.89902800
vt 0.90773302 0.89880401
vt 0.90903401 0.90166199
vt 0.90871102 0.90179402
vt 0.90871102 0.90179402
vt 0.90903401 0.90166199
vt 0.91015202 0.90433699
vt 0.90991098 0.90442300
vt 0.90627098 0.89668298
vt 0.90681100 0.89641100
vt 0.90773302 0.89880401
vt 0.90725100 0.89902800
vt 0.90811700 0.89864099
vt 0.90773302 0.89880401
vt 0.90681100 0.89641100
vt 0.90723801 0.89621103
vt 0.90542197 0.89714801
vt 0.90627098 0.89668298
vt 0.90725100 0.89902800
vt 0.90659499 0.89936900
vt 0.90477902 0.89555401
vt 0.90565902 0.89506602
vt 0.90627098 0.89668298
vt 0.90542197 0.89714801
vt 0.89961398 0.89904100
vt 0.90477902 0.89555401
vt 0.90542197 0.89714801
vt 0.90084201 0.90038699
vt 0.91113800 0.90636498
vt 0.91095501 0.90639198
vt 0.91034001 0.90428001
vt 0.91057801 0.90422702
vt 0.91277301 0.90642399
vt 0.91113800 0.90636498
vt 0.91057801 0.90422702
vt 0.91280800 0.90411401
vt 0.91143203 0.90780997
vt 0.91127598 0.90782797
vt 0.91095501 0.90639198
vt 0.91113800 0.90636498
vt 0.91274101 0.90793002
vt 0.91143203 0.90780997
vt 0.91113800 0.90636498
vt 0.91277301 0.90642399
vt 0.91348898 0.90817100
vt 0.91274101 0.90793002
vt 0.91277301 0.90642399
vt 0.91376299 0.90666300
vt 0.91376299 0.90666300
vt 0.91277301 0.90642399
vt 0.91280800 0.90411401
vt 0.91417700 0.90432101
vt 0.91270500 0.90875298
vt 0.91159701 0.90861702
vt 0.91143203 0.90780997
vt 0.91274101 0.90793002
vt 0.91159701 0.90861702
vt 0.91145599 0.90863299
vt 0.91127598 0.90782797
vt 0.91143203 0.90780997
vt 0.91267598 0.90918303
vt 0.91170299 0.90904200
vt 0.91159701 0.90861702
vt 0.91270500 0.90875298
vt 0.91805798 0.90207499
vt 0.91979098 0.89793199
vt 0.92150003 0.89859498
vt 0.91916400 0.90263200
vt 0.91916400 0.90263200
vt 0.92150003 0.89859498
vt 0.92267102 0.89917397
vt 0.91990399 0.90308100
vt 0.91990399 0.90308100
vt 0.92267102 0.89917397
vt 0.92339498 0.89959198
vt 0.92036098 0.90339202
vt 0.91456503 0.91215003
vt 0.91470301 0.91230297
vt 0.91465598 0.91252601
vt 0.91453898 0.91230297
vt 0.91402501 0.91394502
vt 0.91430998 0.91363901
vt 0.91438800 0.91365999
vt 0.91408598 0.91399997
vt 0.91426098 0.91362101
vt 0.91440803 0.91325498
vt 0.91445601 0.91325998
vt 0.91430998 0.91363901
vt 0.91398400 0.91390699
vt 0.91426098 0.91362101
vt 0.91430998 0.91363901
vt 0.91402501 0.91394502
vt 0.91402501 0.91394502
vt 0.91363800 0.91415399
vt 0.91360402 0.91410202
vt 0.91398400 0.91390699
vt 0.91395998 0.91387999
vt 0.91423303 0.91360301
vt 0.91426098 0.91362101
vt 0.91398400 0.91390699
vt 0.91398400 0.91390699
vt 0.91360402 0.91410202
vt 0.91358298 0.91406697
vt 0.91395998 0.91387999
vt 0.91423303 0.91360301
vt 0.91437799 0.91323900
vt 0.91440803 0.91325498
vt 0.91426098 0.91362101
vt 0.91417301 0.91457599
vt 0.91378498 0.91479999
vt 0.91379100 0.91461802
vt 0.91418999 0.91437697
vt 0.91417301 0.91457599
vt 0.91453701 0.91429400
vt 0.91451597 0.91454703
vt 0.91415000 0.91478902
vt 0.91415000 0.91478902
vt 0.91376501 0.91499901
vt 0.91378498 0.91479999
vt 0.91417301 0.91457599
vt 0.91425598 0.91496402
vt 0.91392702 0.91517198
vt 0.91376501 0.91499901
vt 0.91415000 0.91478902
vt 0.91415000 0.91478902
vt 0.91451597 0.91454703
vt 0.91458797 0.91475999
vt 0.91425598 0.91496402
vt 0.91458797 0.91475999
vt 0.91466802 0.91534102
vt 0.91429800 0.91551900
vt 0.91425598 0.91496402
vt 0.91425598 0.91496402
vt 0.91429800 0.91551900
vt 0.91394299 0.91571802
vt 0.91392702 0.91517198
vt 0.91392702 0.91517198
vt 0.91394299 0.91571802
vt 0.91358298 0.91593701
vt 0.91359001 0.91539401
vt 0.91392702 0.91517198
vt 0.91359001 0.91539401
vt 0.91337502 0.91517901
vt 0.91376501 0.91499901
vt 0.91359001 0.91539401
vt 0.91323900 0.91564101
vt 0.91299498 0.91534299
vt 0.91337502 0.91517901
vt 0.91359001 0.91539401
vt 0.91358298 0.91593701
vt 0.91321701 0.91618901
vt 0.91323900 0.91564101
vt 0.91359103 0.91597700
vt 0.91322601 0.91623098
vt 0.91321701 0.91618901
vt 0.91358298 0.91593701
vt 0.91358298 0.91593701
vt 0.91394299 0.91571802
vt 0.91395003 0.91575599
vt 0.91359103 0.91597700
vt 0.91322601 0.91623098
vt 0.91359103 0.91597700
vt 0.91385603 0.91636699
vt 0.91354400 0.91662002
vt 0.91359103 0.91597700
vt 0.91395003 0.91575599
vt 0.91419899 0.91616899
vt 0.91385603 0.91636699
vt 0.91285503 0.91653597
vt 0.91322601 0.91623098
vt 0.91354400 0.91662002
vt 0.91323203 0.91691500
vt 0.91284198 0.91649002
vt 0.91321701 0.91618901
vt 0.91322601 0.91623098
vt 0.91285503 0.91653597
vt 0.91248602 0.91691399
vt 0.91285503 0.91653597
vt 0.91323203 0.91691500
vt 0.91294599 0.91728199
vt 0.91285503 0.91653597
vt 0.91248602 0.91691399
vt 0.91246700 0.91686201
vt 0.91284198 0.91649002
vt 0.91323900 0.91564101
vt 0.91321701 0.91618901
vt 0.91284198 0.91649002
vt 0.91286898 0.91592801
vt 0.91286898 0.91592801
vt 0.91284198 0.91649002
vt 0.91246700 0.91686201
vt 0.91247803 0.91627198
vt 0.91207302 0.91732699
vt 0.91246700 0.91686201
vt 0.91248602 0.91691399
vt 0.91210002 0.91738498
vt 0.91247803 0.91627198
vt 0.91246700 0.91686201
vt 0.91207302 0.91732699
vt 0.91206503 0.91670102
vt 0.91193599 0.91605300
vt 0.91228902 0.91573799
vt 0.91247803 0.91627198
vt 0.91206503 0.91670102
vt 0.91228902 0.91573799
vt 0.91263300 0.91551399
vt 0.91286898 0.91592801
vt 0.91247803 0.91627198
vt 0.91194397 0.91573799
vt 0.91228998 0.91545397
vt 0.91228902 0.91573799
vt 0.91193599 0.91605300
vt 0.91155797 0.91617900
vt 0.91194397 0.91573799
vt 0.91193599 0.91605300
vt 0.91156298 0.91651303
vt 0.91156298 0.91651303
vt 0.91193599 0.91605300
vt 0.91206503 0.91670102
vt 0.91162598 0.91724098
vt 0.91107202 0.91686797
vt 0.91155797 0.91617900
vt 0.91156298 0.91651303
vt 0.91113102 0.91720003
vt 0.91113102 0.91720003
vt 0.91156298 0.91651303
vt 0.91162598 0.91724098
vt 0.91116601 0.91792399
vt 0.91162598 0.91724098
vt 0.91169000 0.91790497
vt 0.91130900 0.91862798
vt 0.91116601 0.91792399
vt 0.91206503 0.91670102
vt 0.91207302 0.91732699
vt 0.91169000 0.91790497
vt 0.91162598 0.91724098
vt 0.91210002 0.91738498
vt 0.91172802 0.91797000
vt 0.91169000 0.91790497
vt 0.91207302 0.91732699
vt 0.91130900 0.91862798
vt 0.91169000 0.91790497
vt 0.91172802 0.91797000
vt 0.91136301 0.91869998
vt 0.91116601 0.91792399
vt 0.91130900 0.91862798
vt 0.91094899 0.91950703
vt 0.91071099 0.91879398
vt 0.91136301 0.91869998
vt 0.91101998 0.91958398
vt 0.91094899 0.91950703
vt 0.91130900 0.91862798
vt 0.91059899 0.92055398
vt 0.91094899 0.91950703
vt 0.91101998 0.91958398
vt 0.91069198 0.92062998
vt 0.91071099 0.91879398
vt 0.91094899 0.91950703
vt 0.91059899 0.92055398
vt 0.91024202 0.91984999
vt 0.91113102 0.91720003
vt 0.91116601 0.91792399
vt 0.91071099 0.91879398
vt 0.91057903 0.91826099
vt 0.91057903 0.91826099
vt 0.91071099 0.91879398
vt 0.91024202 0.91984999
vt 0.90985602 0.91973400
vt 0.90985602 0.91973400
vt 0.91024202 0.91984999
vt 0.90979099 0.92114198
vt 0.90904403 0.92166698
vt 0.91024202 0.91984999
vt 0.91059899 0.92055398
vt 0.91032100 0.92178702
vt 0.90979099 0.92114198
vt 0.90979099 0.92114198
vt 0.91032100 0.92178702
vt 0.91022098 0.92319500
vt 0.90947998 0.92273998
vt 0.90904403 0.92166698
vt 0.90979099 0.92114198
vt 0.90947998 0.92273998
vt 0.90834397 0.92397100
vt 0.90845299 0.92186099
vt 0.90904403 0.92166698
vt 0.90834397 0.92397100
vt 0.90755302 0.92461002
vt 0.90950298 0.91961801
vt 0.90985602 0.91973400
vt 0.90904403 0.92166698
vt 0.90845299 0.92186099
vt 0.90770400 0.92197698
vt 0.90845299 0.92186099
vt 0.90755302 0.92461002
vt 0.90642202 0.92521101
vt 0.90905398 0.91943502
vt 0.90950298 0.91961801
vt 0.90845299 0.92186099
vt 0.90770400 0.92197698
vt 0.90834397 0.92397100
vt 0.90797698 0.92638302
vt 0.90704602 0.92750901
vt 0.90755302 0.92461002
vt 0.90755302 0.92461002
vt 0.90704602 0.92750901
vt 0.90565902 0.92873400
vt 0.90642202 0.92521101
vt 0.90797698 0.92638302
vt 0.90812701 0.92883098
vt 0.90720898 0.93041003
vt 0.90704602 0.92750901
vt 0.90704602 0.92750901
vt 0.90720898 0.93041003
vt 0.90578598 0.93229598
vt 0.90565902 0.92873400
vt 0.90642202 0.92521101
vt 0.90565902 0.92873400
vt 0.90370399 0.92990500
vt 0.90488702 0.92571098
vt 0.90720898 0.93041003
vt 0.90829498 0.93311799
vt 0.90716702 0.93545097
vt 0.90578598 0.93229598
vt 0.90812701 0.92883098
vt 0.90904498 0.93118399
vt 0.90829498 0.93311799
vt 0.90720898 0.93041003
vt 0.90948498 0.92460001
vt 0.90990001 0.92667800
vt 0.90812701 0.92883098
vt 0.90797698 0.92638302
vt 0.90990001 0.92667800
vt 0.91091901 0.92877799
vt 0.90904498 0.93118399
vt 0.90812701 0.92883098
vt 0.90904498 0.93118399
vt 0.91087699 0.93318599
vt 0.91052502 0.93534303
vt 0.90829498 0.93311799
vt 0.91091901 0.92877799
vt 0.91259003 0.93068397
vt 0.91087699 0.93318599
vt 0.90904498 0.93118399
vt 0.90990001 0.92667800
vt 0.91086000 0.92640197
vt 0.91172099 0.92805201
vt 0.91091901 0.92877799
vt 0.91091901 0.92877799
vt 0.91172099 0.92805201
vt 0.91301298 0.92953497
vt 0.91259003 0.93068397
vt 0.91360098 0.93458903
vt 0.91087699 0.93318599
vt 0.91259003 0.93068397
vt 0.91492897 0.93206197
vt 0.91259003 0.93068397
vt 0.91301298 0.92953497
vt 0.91474301 0.93065000
vt 0.91492897 0.93206197
vt 0.91301298 0.92953497
vt 0.91172099 0.92805201
vt 0.91186601 0.92793602
vt 0.91311300 0.92936599
vt 0.91311300 0.92936599
vt 0.91477400 0.93044198
vt 0.91474301 0.93065000
vt 0.91301298 0.92953497
vt 0.91685897 0.93120998
vt 0.91474301 0.93065000
vt 0.91477400 0.93044198
vt 0.91680598 0.93098998
vt 0.91492897 0.93206197
vt 0.91474301 0.93065000
vt 0.91685897 0.93120998
vt 0.91777998 0.93262100
vt 0.91680598 0.93098998
vt 0.91906297 0.93086702
vt 0.91920102 0.93107402
vt 0.91685897 0.93120998
vt 0.91777998 0.93262100
vt 0.91685897 0.93120998
vt 0.91920102 0.93107402
vt 0.92087197 0.93225402
vt 0.92087197 0.93225402
vt 0.91920102 0.93107402
vt 0.92160100 0.93027598
vt 0.92390198 0.93098497
vt 0.92160100 0.93027598
vt 0.91920102 0.93107402
vt 0.91906297 0.93086702
vt 0.92139697 0.93010598
vt 0.92514199 0.93280500
vt 0.92111701 0.93454599
vt 0.92087197 0.93225402
vt 0.92390198 0.93098497
vt 0.92111701 0.93454599
vt 0.91712701 0.93511802
vt 0.91777998 0.93262100
vt 0.92087197 0.93225402
vt 0.92390198 0.93098497
vt 0.92160100 0.93027598
vt 0.92383897 0.92888302
vt 0.92652702 0.92888701
vt 0.92390198 0.93098497
vt 0.92652702 0.92888701
vt 0.92869103 0.92999798
vt 0.92514199 0.93280500
vt 0.92767602 0.93381703
vt 0.92290503 0.93617398
vt 0.92111701 0.93454599
vt 0.92514199 0.93280500
vt 0.92514199 0.93280500
vt 0.92869103 0.92999798
vt 0.93189299 0.93009198
vt 0.92767602 0.93381703
vt 0.92869103 0.92999798
vt 0.93135297 0.92645800
vt 0.93488002 0.92543399
vt 0.93189299 0.93009198
vt 0.92652702 0.92888701
vt 0.92844701 0.92616302
vt 0.93135297 0.92645800
vt 0.92869103 0.92999798
vt 0.93135297 0.92645800
vt 0.93281502 0.92263198
vt 0.93623400 0.92066902
vt 0.93488002 0.92543399
vt 0.92844701 0.92616302
vt 0.92946601 0.92311698
vt 0.93281502 0.92263198
vt 0.93135297 0.92645800
vt 0.92652702 0.92888701
vt 0.92383897 0.92888302
vt 0.92562598 0.92690599
vt 0.92844701 0.92616302
vt 0.92844701 0.92616302
vt 0.92562598 0.92690599
vt 0.92684001 0.92462999
vt 0.92946601 0.92311698
vt 0.92562598 0.92690599
vt 0.92383897 0.92888302
vt 0.92359298 0.92877197
vt 0.92536402 0.92686403
vt 0.92536402 0.92686403
vt 0.92659098 0.92465401
vt 0.92684001 0.92462999
vt 0.92562598 0.92690599
vt 0.92946601 0.92311698
vt 0.92684001 0.92462999
vt 0.92734998 0.92222899
vt 0.92953199 0.92008400
vt 0.92734998 0.92222899
vt 0.92684001 0.92462999
vt 0.92659098 0.92465401
vt 0.92713302 0.92230898
vt 0.92713302 0.92230898
vt 0.92659098 0.92465401
vt 0.92420399 0.92367703
vt 0.92467499 0.92204303
vt 0.92659098 0.92465401
vt 0.92536402 0.92686403
vt 0.92314798 0.92521298
vt 0.92420399 0.92367703
vt 0.92303997 0.92512500
vt 0.92408800 0.92361999
vt 0.92420399 0.92367703
vt 0.92314798 0.92521298
vt 0.92467499 0.92204303
vt 0.92420399 0.92367703
vt 0.92408800 0.92361999
vt 0.92455697 0.92201900
vt 0.92700601 0.92007399
vt 0.92713302 0.92230898
vt 0.92467499 0.92204303
vt 0.92485899 0.92048502
vt 0.92455697 0.92201900
vt 0.92474800 0.92049903
vt 0.92485899 0.92048502
vt 0.92467499 0.92204303
vt 0.91231900 0.91901201
vt 0.91247803 0.91832602
vt 0.91270697 0.91775799
vt 0.91297603 0.91730201
vt 0.91325599 0.91693699
vt 0.91356403 0.91664302
vt 0.91387302 0.91639102
vt 0.91421402 0.91619301
vt 0.91452903 0.91598201
vt 0.91486299 0.91582799
vt 0.91523999 0.91571301
vt 0.91568702 0.91565001
vt 0.91616702 0.91548002
vt 0.91669101 0.91538203
vt 0.91729897 0.91535997
vt 0.91802299 0.91543102
vt 0.91887403 0.91538399
vt 0.91977501 0.91546601
vt 0.92071402 0.91570598
vt 0.92168099 0.91612399
vt 0.92260301 0.91689801
vt 0.92346799 0.91789597
vt 0.92421001 0.91913998
vt 0.92474800 0.92049903
vt 0.92455697 0.92201900
vt 0.92408800 0.92361999
vt 0.92303997 0.92512500
vt 0.92172003 0.92649001
vt 0.92014301 0.92749500
vt 0.91847903 0.92821401
vt 0.91690302 0.92859900
vt 0.91555601 0.92867500
vt 0.91448998 0.92782402
vt 0.91353500 0.92673898
vt 0.91278100 0.92553800
vt 0.91225499 0.92430699
vt 0.91198301 0.92309898
vt 0.91191000 0.92194498
vt 0.91201103 0.92087001
vt 0.91226000 0.91985101
vt 0.92430699 0.91909200
vt 0.92485899 0.92048502
vt 0.92474800 0.92049903
vt 0.92421001 0.91913998
vt 0.92421001 0.91913998
vt 0.92346799 0.91789597
vt 0.92355001 0.91783702
vt 0.92430699 0.91909200
vt 0.92266899 0.91683102
vt 0.92355001 0.91783702
vt 0.92346799 0.91789597
vt 0.92260301 0.91689801
vt 0.92260301 0.91689801
vt 0.92168099 0.91612399
vt 0.92172498 0.91605401
vt 0.92266899 0.91683102
vt 0.92371500 0.91543502
vt 0.92507303 0.91655302
vt 0.92355001 0.91783702
vt 0.92266899 0.91683102
vt 0.92236501 0.91471499
vt 0.92371500 0.91543502
vt 0.92266899 0.91683102
vt 0.92172498 0.91605401
vt 0.92073798 0.91563600
vt 0.92172498 0.91605401
vt 0.92168099 0.91612399
vt 0.92071402 0.91570598
vt 0.92107302 0.91434699
vt 0.92236501 0.91471499
vt 0.92172498 0.91605401
vt 0.92073798 0.91563600
vt 0.92371500 0.91543502
vt 0.92236501 0.91471499
vt 0.92238098 0.91458398
vt 0.92375898 0.91528898
vt 0.92106903 0.91423303
vt 0.92238098 0.91458398
vt 0.92236501 0.91471499
vt 0.92107302 0.91434699
vt 0.92367297 0.91274399
vt 0.92375898 0.91528898
vt 0.92238098 0.91458398
vt 0.92195499 0.91241199
vt 0.92375898 0.91528898
vt 0.92515302 0.91639799
vt 0.92507303 0.91655302
vt 0.92371500 0.91543502
vt 0.92551601 0.91363502
vt 0.92515302 0.91639799
vt 0.92375898 0.91528898
vt 0.92367297 0.91274399
vt 0.92516601 0.91218603
vt 0.92773998 0.91281700
vt 0.92551601 0.91363502
vt 0.92367297 0.91274399
vt 0.92516601 0.91218603
vt 0.92367297 0.91274399
vt 0.92195499 0.91241199
vt 0.92265099 0.91204000
vt 0.92728102 0.91517198
vt 0.92632598 0.91796798
vt 0.92515302 0.91639799
vt 0.92551601 0.91363502
vt 0.92773998 0.91281700
vt 0.93012601 0.91411799
vt 0.92728102 0.91517198
vt 0.92551601 0.91363502
vt 0.93012601 0.91411799
vt 0.93197501 0.91620600
vt 0.92870301 0.91735202
vt 0.92728102 0.91517198
vt 0.92870301 0.91735202
vt 0.92717701 0.91994798
vt 0.92632598 0.91796798
vt 0.92728102 0.91517198
vt 0.93197501 0.91620600
vt 0.93295801 0.91905898
vt 0.92953199 0.92008400
vt 0.92870301 0.91735202
vt 0.92953199 0.92008400
vt 0.92734998 0.92222899
vt 0.92717701 0.91994798
vt 0.92870301 0.91735202
vt 0.92946601 0.92311698
vt 0.92953199 0.92008400
vt 0.93295801 0.91905898
vt 0.93281502 0.92263198
vt 0.93456000 0.91343600
vt 0.93604302 0.91651797
vt 0.93295801 0.91905898
vt 0.93197501 0.91620600
vt 0.93281502 0.92263198
vt 0.93295801 0.91905898
vt 0.93604302 0.91651797
vt 0.93623400 0.92066902
vt 0.92713302 0.92230898
vt 0.92700601 0.92007399
vt 0.92717701 0.91994798
vt 0.92734998 0.92222899
vt 0.92632598 0.91796798
vt 0.92717701 0.91994798
vt 0.92700601 0.92007399
vt 0.92620301 0.91811800
vt 0.92620301 0.91811800
vt 0.92700601 0.92007399
vt 0.92485899 0.92048502
vt 0.92430699 0.91909200
vt 0.92507303 0.91655302
vt 0.92620301 0.91811800
vt 0.92430699 0.91909200
vt 0.92355001 0.91783702
vt 0.92620301 0.91811800
vt 0.92507303 0.91655302
vt 0.92515302 0.91639799
vt 0.92632598 0.91796798
vt 0.93211502 0.91139299
vt 0.93456000 0.91343600
vt 0.93197501 0.91620600
vt 0.93012601 0.91411799
vt 0.92915499 0.91032600
vt 0.93211502 0.91139299
vt 0.93012601 0.91411799
vt 0.92773998 0.91281700
vt 0.93042499 0.90784299
vt 0.93402702 0.90870798
vt 0.93211502 0.91139299
vt 0.92915499 0.91032600
vt 0.92596602 0.91012698
vt 0.92915499 0.91032600
vt 0.92773998 0.91281700
vt 0.92516601 0.91218603
vt 0.92071402 0.91570598
vt 0.91977501 0.91546601
vt 0.91978699 0.91539901
vt 0.92073798 0.91563600
vt 0.91887599 0.91531998
vt 0.91978699 0.91539901
vt 0.91977501 0.91546601
vt 0.91887403 0.91538399
vt 0.91887403 0.91538399
vt 0.91802299 0.91543102
vt 0.91802400 0.91537398
vt 0.91887599 0.91531998
vt 0.91730100 0.91531199
vt 0.91802400 0.91537398
vt 0.91802299 0.91543102
vt 0.91729897 0.91535997
vt 0.91729897 0.91535997
vt 0.91669101 0.91538203
vt 0.91668600 0.91534102
vt 0.91730100 0.91531199
vt 0.91654700 0.91470599
vt 0.91719401 0.91455102
vt 0.91730100 0.91531199
vt 0.91668600 0.91534102
vt 0.91599298 0.91487801
vt 0.91654700 0.91470599
vt 0.91668600 0.91534102
vt 0.91615701 0.91544402
vt 0.91615701 0.91544402
vt 0.91668600 0.91534102
vt 0.91669101 0.91538203
vt 0.91616702 0.91548002
vt 0.91550702 0.91505498
vt 0.91599298 0.91487801
vt 0.91615701 0.91544402
vt 0.91567802 0.91561598
vt 0.91616702 0.91548002
vt 0.91568702 0.91565001
vt 0.91567802 0.91561598
vt 0.91615701 0.91544402
vt 0.91523302 0.91568297
vt 0.91567802 0.91561598
vt 0.91568702 0.91565001
vt 0.91523999 0.91571301
vt 0.91507202 0.91521502
vt 0.91550702 0.91505498
vt 0.91567802 0.91561598
vt 0.91523302 0.91568297
vt 0.91467500 0.91537797
vt 0.91507202 0.91521502
vt 0.91523302 0.91568297
vt 0.91485298 0.91580200
vt 0.91523999 0.91571301
vt 0.91486299 0.91582799
vt 0.91485298 0.91580200
vt 0.91523302 0.91568297
vt 0.91451502 0.91595900
vt 0.91485298 0.91580200
vt 0.91486299 0.91582799
vt 0.91452903 0.91598201
vt 0.91430497 0.91555500
vt 0.91467500 0.91537797
vt 0.91485298 0.91580200
vt 0.91451502 0.91595900
vt 0.91429800 0.91551900
vt 0.91466802 0.91534102
vt 0.91467500 0.91537797
vt 0.91430497 0.91555500
vt 0.91507202 0.91521502
vt 0.91467500 0.91537797
vt 0.91466802 0.91534102
vt 0.91506499 0.91517597
vt 0.91430497 0.91555500
vt 0.91395003 0.91575599
vt 0.91394299 0.91571802
vt 0.91429800 0.91551900
vt 0.91395003 0.91575599
vt 0.91430497 0.91555500
vt 0.91451502 0.91595900
vt 0.91419899 0.91616899
vt 0.91493398 0.91455102
vt 0.91506499 0.91517597
vt 0.91466802 0.91534102
vt 0.91458797 0.91475999
vt 0.91506499 0.91517597
vt 0.91549700 0.91501302
vt 0.91550702 0.91505498
vt 0.91507202 0.91521502
vt 0.91531003 0.91432899
vt 0.91549700 0.91501302
vt 0.91506499 0.91517597
vt 0.91493398 0.91455102
vt 0.91485900 0.91427100
vt 0.91518098 0.91396898
vt 0.91531003 0.91432899
vt 0.91493398 0.91455102
vt 0.91451597 0.91454703
vt 0.91485900 0.91427100
vt 0.91493398 0.91455102
vt 0.91458797 0.91475999
vt 0.91518098 0.91396898
vt 0.91548800 0.91367000
vt 0.91573203 0.91408402
vt 0.91531003 0.91432899
vt 0.91573203 0.91408402
vt 0.91598201 0.91483200
vt 0.91549700 0.91501302
vt 0.91531003 0.91432899
vt 0.91620398 0.91381103
vt 0.91653401 0.91465300
vt 0.91598201 0.91483200
vt 0.91573203 0.91408402
vt 0.91620398 0.91381103
vt 0.91573203 0.91408402
vt 0.91548800 0.91367000
vt 0.91583198 0.91339898
vt 0.91598201 0.91483200
vt 0.91653401 0.91465300
vt 0.91654700 0.91470599
vt 0.91599298 0.91487801
vt 0.91599298 0.91487801
vt 0.91550702 0.91505498
vt 0.91549700 0.91501302
vt 0.91598201 0.91483200
vt 0.91719401 0.91455102
vt 0.91654700 0.91470599
vt 0.91653401 0.91465300
vt 0.91717899 0.91448897
vt 0.91452903 0.91598201
vt 0.91421402 0.91619301
vt 0.91419899 0.91616899
vt 0.91451502 0.91595900
vt 0.91385603 0.91636699
vt 0.91419899 0.91616899
vt 0.91421402 0.91619301
vt 0.91387302 0.91639102
vt 0.91387302 0.91639102
vt 0.91356403 0.91664302
vt 0.91354400 0.91662002
vt 0.91385603 0.91636699
vt 0.91323203 0.91691500
vt 0.91354400 0.91662002
vt 0.91356403 0.91664302
vt 0.91325599 0.91693699
vt 0.91325599 0.91693699
vt 0.91297603 0.91730201
vt 0.91294599 0.91728199
vt 0.91323203 0.91691500
vt 0.91267002 0.91773999
vt 0.91294599 0.91728199
vt 0.91297603 0.91730201
vt 0.91270697 0.91775799
vt 0.91270697 0.91775799
vt 0.91247803 0.91832602
vt 0.91243201 0.91831201
vt 0.91267002 0.91773999
vt 0.91226399 0.91900402
vt 0.91243201 0.91831201
vt 0.91247803 0.91832602
vt 0.91231900 0.91901201
vt 0.91172802 0.91797000
vt 0.91210002 0.91738498
vt 0.91267002 0.91773999
vt 0.91243201 0.91831201
vt 0.91136301 0.91869998
vt 0.91172802 0.91797000
vt 0.91243201 0.91831201
vt 0.91226399 0.91900402
vt 0.91231900 0.91901201
vt 0.91226000 0.91985101
vt 0.91219199 0.91983998
vt 0.91226399 0.91900402
vt 0.91101998 0.91958398
vt 0.91136301 0.91869998
vt 0.91226399 0.91900402
vt 0.91219199 0.91983998
vt 0.91069198 0.92062998
vt 0.91101998 0.91958398
vt 0.91219199 0.91983998
vt 0.91193497 0.92085701
vt 0.91193497 0.92085701
vt 0.91219199 0.91983998
vt 0.91226000 0.91985101
vt 0.91201103 0.92087001
vt 0.91043800 0.92184901
vt 0.91069198 0.92062998
vt 0.91193497 0.92085701
vt 0.91182899 0.92194301
vt 0.91201103 0.92087001
vt 0.91191000 0.92194498
vt 0.91182899 0.92194301
vt 0.91193497 0.92085701
vt 0.91189599 0.92311102
vt 0.91182899 0.92194301
vt 0.91191000 0.92194498
vt 0.91198301 0.92309898
vt 0.91198301 0.92309898
vt 0.91225499 0.92430699
vt 0.91216499 0.92433602
vt 0.91189599 0.92311102
vt 0.91036302 0.92322803
vt 0.91043800 0.92184901
vt 0.91182899 0.92194301
vt 0.91189599 0.92311102
vt 0.91054100 0.92473698
vt 0.91036302 0.92322803
vt 0.91189599 0.92311102
vt 0.91216499 0.92433602
vt 0.91102201 0.92634302
vt 0.91054100 0.92473698
vt 0.91216499 0.92433602
vt 0.91269100 0.92558497
vt 0.91269100 0.92558497
vt 0.91216499 0.92433602
vt 0.91225499 0.92430699
vt 0.91278100 0.92553800
vt 0.91278100 0.92553800
vt 0.91353500 0.92673898
vt 0.91345102 0.92680198
vt 0.91269100 0.92558497
vt 0.91186601 0.92793602
vt 0.91102201 0.92634302
vt 0.91269100 0.92558497
vt 0.91345102 0.92680198
vt 0.91102201 0.92634302
vt 0.91186601 0.92793602
vt 0.91172099 0.92805201
vt 0.91086000 0.92640197
vt 0.91086000 0.92640197
vt 0.91038299 0.92474502
vt 0.91054100 0.92473698
vt 0.91102201 0.92634302
vt 0.91311300 0.92936599
vt 0.91186601 0.92793602
vt 0.91345102 0.92680198
vt 0.91441703 0.92789900
vt 0.90948498 0.92460001
vt 0.91038299 0.92474502
vt 0.91086000 0.92640197
vt 0.90990001 0.92667800
vt 0.90947998 0.92273998
vt 0.91022098 0.92319500
vt 0.91038299 0.92474502
vt 0.90948498 0.92460001
vt 0.91036302 0.92322803
vt 0.91054100 0.92473698
vt 0.91038299 0.92474502
vt 0.91022098 0.92319500
vt 0.90947998 0.92273998
vt 0.90948498 0.92460001
vt 0.90797698 0.92638302
vt 0.90834397 0.92397100
vt 0.91022098 0.92319500
vt 0.91032100 0.92178702
vt 0.91043800 0.92184901
vt 0.91036302 0.92322803
vt 0.91441703 0.92789900
vt 0.91345102 0.92680198
vt 0.91353500 0.92673898
vt 0.91448998 0.92782402
vt 0.91477400 0.93044198
vt 0.91311300 0.92936599
vt 0.91441703 0.92789900
vt 0.91552198 0.92877400
vt 0.91448998 0.92782402
vt 0.91555601 0.92867500
vt 0.91552198 0.92877400
vt 0.91441703 0.92789900
vt 0.91691798 0.92870700
vt 0.91552198 0.92877400
vt 0.91555601 0.92867500
vt 0.91690302 0.92859900
vt 0.91690302 0.92859900
vt 0.91847903 0.92821401
vt 0.91851801 0.92833400
vt 0.91691798 0.92870700
vt 0.91680598 0.93098998
vt 0.91477400 0.93044198
vt 0.91552198 0.92877400
vt 0.91691798 0.92870700
vt 0.91906297 0.93086702
vt 0.91680598 0.93098998
vt 0.91691798 0.92870700
vt 0.91851801 0.92833400
vt 0.92020702 0.92761600
vt 0.91851801 0.92833400
vt 0.91847903 0.92821401
vt 0.92014301 0.92749500
vt 0.92139697 0.93010598
vt 0.91906297 0.93086702
vt 0.91851801 0.92833400
vt 0.92020702 0.92761600
vt 0.92359298 0.92877197
vt 0.92139697 0.93010598
vt 0.92020702 0.92761600
vt 0.92180800 0.92659700
vt 0.92014301 0.92749500
vt 0.92172003 0.92649001
vt 0.92180800 0.92659700
vt 0.92020702 0.92761600
vt 0.92139697 0.93010598
vt 0.92359298 0.92877197
vt 0.92383897 0.92888302
vt 0.92160100 0.93027598
vt 0.92536402 0.92686403
vt 0.92359298 0.92877197
vt 0.92180800 0.92659700
vt 0.92314798 0.92521298
vt 0.92314798 0.92521298
vt 0.92180800 0.92659700
vt 0.92172003 0.92649001
vt 0.92303997 0.92512500
vt 0.91069198 0.92062998
vt 0.91043800 0.92184901
vt 0.91032100 0.92178702
vt 0.91059899 0.92055398
vt 0.91210002 0.91738498
vt 0.91248602 0.91691399
vt 0.91294599 0.91728199
vt 0.91267002 0.91773999
vt 0.93189299 0.93009198
vt 0.93488002 0.92543399
vt 0.93849999 0.92389500
vt 0.93542600 0.92973202
vt 0.92767602 0.93381703
vt 0.93189299 0.93009198
vt 0.93542600 0.92973202
vt 0.93055201 0.93469900
vt 0.92290503 0.93617398
vt 0.91811699 0.93712097
vt 0.91712701 0.93511802
vt 0.92111701 0.93454599
vt 0.91811699 0.93712097
vt 0.91388798 0.93676198
vt 0.91360098 0.93458903
vt 0.91712701 0.93511802
vt 0.91712701 0.93511802
vt 0.91360098 0.93458903
vt 0.91492897 0.93206197
vt 0.91777998 0.93262100
vt 0.91388798 0.93676198
vt 0.91052502 0.93534303
vt 0.91087699 0.93318599
vt 0.91360098 0.93458903
vt 0.90829498 0.93311799
vt 0.91052502 0.93534303
vt 0.90991801 0.93787098
vt 0.90716702 0.93545097
vt 0.90642202 0.92521101
vt 0.90488702 0.92571098
vt 0.90664399 0.92196602
vt 0.90770400 0.92197698
vt 0.91018301 0.91766697
vt 0.91040301 0.91797900
vt 0.90950298 0.91961801
vt 0.90905398 0.91943502
vt 0.91040301 0.91797900
vt 0.91057903 0.91826099
vt 0.90985602 0.91973400
vt 0.90950298 0.91961801
vt 0.91097999 0.91651702
vt 0.91107202 0.91686797
vt 0.91040301 0.91797900
vt 0.91018301 0.91766697
vt 0.91107202 0.91686797
vt 0.91113102 0.91720003
vt 0.91057903 0.91826099
vt 0.91040301 0.91797900
vt 0.91097999 0.91651702
vt 0.91152197 0.91582698
vt 0.91155797 0.91617900
vt 0.91107202 0.91686797
vt 0.91097999 0.91651702
vt 0.91018301 0.91766697
vt 0.90990698 0.91726500
vt 0.91084099 0.91611600
vt 0.91084099 0.91611600
vt 0.91145003 0.91546398
vt 0.91152197 0.91582698
vt 0.91097999 0.91651702
vt 0.91152197 0.91582698
vt 0.91193199 0.91541302
vt 0.91194397 0.91573799
vt 0.91155797 0.91617900
vt 0.91084099 0.91611600
vt 0.90990698 0.91726500
vt 0.90978903 0.91662699
vt 0.91078198 0.91565502
vt 0.91078198 0.91565502
vt 0.91140199 0.91511703
vt 0.91145003 0.91546398
vt 0.91084099 0.91611600
vt 0.91018301 0.91766697
vt 0.90905398 0.91943502
vt 0.90843898 0.91911602
vt 0.90990698 0.91726500
vt 0.91088903 0.91516203
vt 0.91078198 0.91565502
vt 0.90978903 0.91662699
vt 0.91015399 0.91575402
vt 0.90770400 0.92197698
vt 0.90664399 0.92196602
vt 0.90843898 0.91911602
vt 0.90905398 0.91943502
vt 0.91323900 0.91564101
vt 0.91286898 0.91592801
vt 0.91263300 0.91551399
vt 0.91299498 0.91534299
vt 0.94965202 0.92289603
vt 0.95149201 0.91470301
vt 0.95251697 0.91457498
vt 0.95081902 0.92340100
vt 0.95116001 0.90706700
vt 0.94999999 0.90446597
vt 0.95036101 0.90014201
vt 0.95158100 0.90313101
vt 0.95180398 0.90940702
vt 0.95116001 0.90706700
vt 0.95158100 0.90313101
vt 0.95247799 0.90766197
vt 0.95149201 0.91470301
vt 0.95180398 0.90940702
vt 0.95247799 0.90766197
vt 0.95251697 0.91457498
vt 0.91061199 0.91507500
vt 0.91015399 0.91575402
vt 0.90930802 0.91638601
vt 0.91012299 0.91541898
vt 0.90967602 0.91571200
vt 0.91012299 0.91541898
vt 0.90930802 0.91638601
vt 0.90872598 0.91666800
vt 0.91092002 0.91468400
vt 0.91061199 0.91507500
vt 0.91012299 0.91541898
vt 0.91056401 0.91492301
vt 0.91186500 0.91353601
vt 0.91178799 0.91353101
vt 0.91186702 0.91329402
vt 0.91192400 0.91330802
vt 0.91178799 0.91353101
vt 0.91170299 0.91351801
vt 0.91180599 0.91327399
vt 0.91186702 0.91329402
vt 0.91192400 0.91330802
vt 0.91186702 0.91329402
vt 0.91196400 0.91308397
vt 0.91200501 0.91310000
vt 0.91186702 0.91329402
vt 0.91180599 0.91327399
vt 0.91192102 0.91306400
vt 0.91196400 0.91308397
vt 0.91170299 0.91351801
vt 0.91162199 0.91349798
vt 0.91175002 0.91325098
vt 0.91180599 0.91327399
vt 0.91180599 0.91327399
vt 0.91175002 0.91325098
vt 0.91188198 0.91304302
vt 0.91192102 0.91306400
vt 0.91192102 0.91306400
vt 0.91188198 0.91304302
vt 0.91199797 0.91288102
vt 0.91202599 0.91289800
vt 0.91329199 0.91186702
vt 0.91327298 0.91181302
vt 0.91357303 0.91168702
vt 0.91358799 0.91177398
vt 0.91327298 0.91181302
vt 0.91325200 0.91176301
vt 0.91355300 0.91160399
vt 0.91357303 0.91168702
vt 0.91399300 0.91140902
vt 0.91355300 0.91160399
vt 0.91351497 0.91154802
vt 0.91387600 0.91134298
vt 0.91307300 0.91195703
vt 0.91305703 0.91192102
vt 0.91327298 0.91181302
vt 0.91329199 0.91186702
vt 0.91383898 0.91043198
vt 0.91351700 0.90999502
vt 0.91362101 0.90974700
vt 0.91398001 0.91013002
vt 0.90473700 0.89361697
vt 0.90056401 0.89444000
vt 0.90225202 0.89271098
vt 0.90525901 0.89334297
vt 0.89425999 0.90217900
vt 0.89245999 0.89857298
vt 0.89679402 0.89491498
vt 0.89674598 0.89929301
vt 0.82049501 0.86680901
vt 0.82284498 0.85841697
vt 0.83847803 0.86221999
vt 0.83236200 0.87130398
vt 0.80838299 0.91324502
vt 0.80616498 0.91538101
vt 0.79662699 0.90415102
vt 0.79916698 0.90242600
vt 0.80616498 0.91538101
vt 0.80369997 0.91777301
vt 0.79379803 0.90608799
vt 0.79662699 0.90415102
vt 0.81996900 0.92275000
vt 0.81812501 0.92523199
vt 0.80616498 0.91538101
vt 0.80838299 0.91324502
vt 0.81812501 0.92523199
vt 0.81607598 0.92800599
vt 0.80369997 0.91777301
vt 0.80616498 0.91538101
vt 0.80838299 0.91324502
vt 0.79916698 0.90242600
vt 0.80120498 0.90106201
vt 0.81016302 0.91154897
vt 0.81607598 0.92800599
vt 0.81405300 0.93076098
vt 0.80126202 0.92015398
vt 0.80369997 0.91777301
vt 0.83232498 0.93317598
vt 0.83071899 0.93627101
vt 0.81607598 0.92800599
vt 0.81812501 0.92523199
vt 0.16394299 0.93482602
vt 0.15684700 0.93662399
vt 0.15682700 0.93062198
vt 0.16225500 0.93112499
vt 0.16225500 0.93112499
vt 0.16465400 0.92782301
vt 0.17000400 0.93182099
vt 0.16394299 0.93482602
vt 0.16225500 0.93112499
vt 0.15682700 0.93062198
vt 0.15787800 0.92484897
vt 0.16465400 0.92782301
vt 0.15682700 0.93062198
vt 0.15684700 0.93662399
vt 0.15522200 0.93689501
vt 0.15527301 0.93050802
vt 0.15787800 0.92484897
vt 0.15682700 0.93062198
vt 0.15527301 0.93050802
vt 0.15628500 0.92436999
vt 0.15527301 0.93050802
vt 0.15522200 0.93689501
vt 0.15419500 0.93709600
vt 0.15425199 0.93046898
vt 0.15628500 0.92436999
vt 0.15527301 0.93050802
vt 0.15425199 0.93046898
vt 0.15527600 0.92411202
vt 0.15071800 0.93049401
vt 0.15425199 0.93046898
vt 0.15419500 0.93709600
vt 0.15072700 0.93793899
vt 0.15184300 0.92340398
vt 0.15527600 0.92411202
vt 0.15425199 0.93046898
vt 0.15071800 0.93049401
vt 0.15184300 0.92340398
vt 0.15071800 0.93049401
vt 0.15010899 0.93049997
vt 0.15127601 0.92328799
vt 0.15071800 0.93049401
vt 0.15072700 0.93793899
vt 0.15015499 0.93808299
vt 0.15010899 0.93049997
vt 0.15010899 0.93049997
vt 0.15015499 0.93808299
vt 0.14977200 0.93818301
vt 0.14969100 0.93050599
vt 0.15127601 0.92328799
vt 0.15010899 0.93049997
vt 0.14969100 0.93050599
vt 0.15089600 0.92321098
vt 0.15089600 0.92321098
vt 0.14969100 0.93050599
vt 0.14942800 0.93051302
vt 0.15066600 0.92316699
vt 0.14969100 0.93050599
vt 0.14977200 0.93818301
vt 0.14954101 0.93824899
vt 0.14942800 0.93051302
vt 0.15015499 0.93808299
vt 0.15087400 0.94537199
vt 0.15050800 0.94555497
vt 0.14977200 0.93818301
vt 0.14977200 0.93818301
vt 0.15050800 0.94555497
vt 0.15029000 0.94567001
vt 0.14954101 0.93824899
vt 0.14942800 0.93051302
vt 0.14954101 0.93824899
vt 0.14939100 0.93829298
vt 0.14924701 0.93052000
vt 0.14954101 0.93824899
vt 0.15029000 0.94567001
vt 0.15014701 0.94574302
vt 0.14939100 0.93829298
vt 0.14939100 0.93829298
vt 0.14880700 0.93840599
vt 0.14865699 0.93053299
vt 0.14924701 0.93052000
vt 0.15014701 0.94574302
vt 0.14958100 0.94590998
vt 0.14880700 0.93840599
vt 0.14939100 0.93829298
vt 0.15029000 0.94567001
vt 0.15139300 0.95228899
vt 0.15125500 0.95238799
vt 0.15014701 0.94574302
vt 0.15125500 0.95238799
vt 0.15070400 0.95259899
vt 0.14958100 0.94590998
vt 0.15014701 0.94574302
vt 0.14880700 0.93840599
vt 0.14958100 0.94590998
vt 0.14939800 0.94595802
vt 0.14861900 0.93843800
vt 0.14958100 0.94590998
vt 0.15070400 0.95259899
vt 0.15052500 0.95265901
vt 0.14939800 0.94595802
vt 0.15250900 0.95773602
vt 0.15198401 0.95801401
vt 0.15070400 0.95259899
vt 0.15125500 0.95238799
vt 0.15070400 0.95259899
vt 0.15198401 0.95801401
vt 0.15181300 0.95809603
vt 0.15052500 0.95265901
vt 0.15198401 0.95801401
vt 0.15340100 0.96163398
vt 0.15326400 0.96176201
vt 0.15181300 0.95809603
vt 0.15340100 0.96163398
vt 0.15509400 0.96375000
vt 0.15503500 0.96392500
vt 0.15326400 0.96176201
vt 0.15509400 0.96375000
vt 0.15738200 0.96505803
vt 0.15739800 0.96524501
vt 0.15503500 0.96392500
vt 0.15738200 0.96505803
vt 0.16101600 0.96585000
vt 0.16106001 0.96602798
vt 0.15739800 0.96524501
vt 0.15732300 0.96447802
vt 0.15738200 0.96505803
vt 0.15509400 0.96375000
vt 0.15526700 0.96322399
vt 0.16101600 0.96585000
vt 0.15738200 0.96505803
vt 0.15732300 0.96447802
vt 0.16086000 0.96527600
vt 0.16101600 0.96585000
vt 0.16640601 0.96630597
vt 0.16644500 0.96648002
vt 0.16106001 0.96602798
vt 0.16626000 0.96574003
vt 0.16640601 0.96630597
vt 0.16101600 0.96585000
vt 0.16086000 0.96527600
vt 0.16640601 0.96630597
vt 0.17314801 0.96660900
vt 0.17317100 0.96678299
vt 0.16644500 0.96648002
vt 0.17304800 0.96604002
vt 0.17314801 0.96660900
vt 0.16640601 0.96630597
vt 0.16626000 0.96574003
vt 0.16089500 0.96508199
vt 0.16628000 0.96555001
vt 0.16626000 0.96574003
vt 0.16086000 0.96527600
vt 0.16628000 0.96555001
vt 0.17306200 0.96585703
vt 0.17304800 0.96604002
vt 0.16626000 0.96574003
vt 0.17306200 0.96585703
vt 0.18077500 0.96607202
vt 0.18076700 0.96624899
vt 0.17304800 0.96604002
vt 0.18076700 0.96624899
vt 0.18081300 0.96682000
vt 0.17314801 0.96660900
vt 0.17304800 0.96604002
vt 0.18888199 0.96636897
vt 0.18887299 0.96693701
vt 0.18081300 0.96682000
vt 0.18076700 0.96624899
vt 0.18077500 0.96607202
vt 0.18888301 0.96619600
vt 0.18888199 0.96636897
vt 0.18076700 0.96624899
vt 0.17314801 0.96660900
vt 0.18081300 0.96682000
vt 0.18081900 0.96699500
vt 0.17317100 0.96678299
vt 0.18081300 0.96682000
vt 0.18887299 0.96693701
vt 0.18886399 0.96710998
vt 0.18081900 0.96699500
vt 0.18887299 0.96693701
vt 0.19674800 0.96693897
vt 0.19672500 0.96710998
vt 0.18886399 0.96710998
vt 0.19680600 0.96638101
vt 0.19674800 0.96693897
vt 0.18887299 0.96693701
vt 0.18888199 0.96636897
vt 0.19674800 0.96693897
vt 0.20394500 0.96682698
vt 0.20391101 0.96699500
vt 0.19672500 0.96710998
vt 0.20404500 0.96628499
vt 0.20394500 0.96682698
vt 0.19674800 0.96693897
vt 0.19680600 0.96638101
vt 0.18888301 0.96619600
vt 0.19679999 0.96621102
vt 0.19680600 0.96638101
vt 0.18888199 0.96636897
vt 0.19679999 0.96621102
vt 0.20403200 0.96611601
vt 0.20404500 0.96628499
vt 0.19680600 0.96638101
vt 0.21016800 0.96611601
vt 0.21003801 0.96664101
vt 0.20394500 0.96682698
vt 0.20404500 0.96628499
vt 0.20403200 0.96611601
vt 0.21015100 0.96594697
vt 0.21016800 0.96611601
vt 0.20404500 0.96628499
vt 0.20397601 0.96586603
vt 0.21007299 0.96569997
vt 0.21015100 0.96594697
vt 0.20403200 0.96611601
vt 0.19677100 0.96595800
vt 0.20397601 0.96586603
vt 0.20403200 0.96611601
vt 0.19679999 0.96621102
vt 0.20386600 0.96546602
vt 0.20992100 0.96530801
vt 0.21007299 0.96569997
vt 0.20397601 0.96586603
vt 0.19671500 0.96554899
vt 0.20386600 0.96546602
vt 0.20397601 0.96586603
vt 0.19677100 0.96595800
vt 0.19662800 0.96494001
vt 0.20369400 0.96487200
vt 0.20386600 0.96546602
vt 0.19671500 0.96554899
vt 0.20369400 0.96487200
vt 0.20968300 0.96473002
vt 0.20992100 0.96530801
vt 0.20386600 0.96546602
vt 0.18889800 0.96490800
vt 0.19662800 0.96494001
vt 0.19671500 0.96554899
vt 0.18889000 0.96552497
vt 0.18889000 0.96552497
vt 0.19671500 0.96554899
vt 0.19677100 0.96595800
vt 0.18888500 0.96594000
vt 0.19662800 0.96494001
vt 0.19608800 0.96122903
vt 0.20262000 0.96124500
vt 0.20369400 0.96487200
vt 0.18889800 0.96490800
vt 0.18896200 0.96114898
vt 0.19608800 0.96122903
vt 0.19662800 0.96494001
vt 0.19589201 0.96027797
vt 0.20225100 0.96030098
vt 0.20262000 0.96124500
vt 0.19608800 0.96122903
vt 0.18897800 0.96020699
vt 0.19589201 0.96027797
vt 0.19608800 0.96122903
vt 0.18896200 0.96114898
vt 0.20225100 0.96030098
vt 0.20770299 0.96031499
vt 0.20819201 0.96121597
vt 0.20262000 0.96124500
vt 0.20369400 0.96487200
vt 0.20262000 0.96124500
vt 0.20819201 0.96121597
vt 0.20968300 0.96473002
vt 0.20770299 0.96031499
vt 0.21196400 0.96023500
vt 0.21254300 0.96111602
vt 0.20819201 0.96121597
vt 0.20968300 0.96473002
vt 0.20819201 0.96121597
vt 0.21254300 0.96111602
vt 0.21433100 0.96453798
vt 0.21433100 0.96453798
vt 0.21254300 0.96111602
vt 0.21548800 0.96086699
vt 0.21745799 0.96420598
vt 0.21196400 0.96023500
vt 0.21483099 0.95997298
vt 0.21548800 0.96086699
vt 0.21254300 0.96111602
vt 0.21483099 0.95997298
vt 0.21677101 0.95930701
vt 0.21746700 0.96020103
vt 0.21548800 0.96086699
vt 0.21745799 0.96420598
vt 0.21548800 0.96086699
vt 0.21746700 0.96020103
vt 0.21952900 0.96344900
vt 0.21677101 0.95930701
vt 0.21823201 0.95792699
vt 0.21892300 0.95877600
vt 0.21746700 0.96020103
vt 0.21952900 0.96344900
vt 0.21746700 0.96020103
vt 0.21892300 0.95877600
vt 0.22108100 0.96190602
vt 0.21745799 0.96420598
vt 0.21952900 0.96344900
vt 0.21984500 0.96395600
vt 0.21777999 0.96473998
vt 0.21952900 0.96344900
vt 0.22108100 0.96190602
vt 0.22141001 0.96241897
vt 0.21984500 0.96395600
vt 0.22108100 0.96190602
vt 0.21892300 0.95877600
vt 0.22024900 0.95621997
vt 0.22258300 0.95911503
vt 0.22108100 0.96190602
vt 0.22258300 0.95911503
vt 0.22296301 0.95959800
vt 0.22141001 0.96241897
vt 0.21984500 0.96395600
vt 0.22141001 0.96241897
vt 0.22162600 0.96276402
vt 0.22005101 0.96429199
vt 0.22141001 0.96241897
vt 0.22296301 0.95959800
vt 0.22322100 0.95992500
vt 0.22162600 0.96276402
vt 0.22258300 0.95911503
vt 0.22432500 0.95462799
vt 0.22475301 0.95503801
vt 0.22296301 0.95959800
vt 0.22296301 0.95959800
vt 0.22475301 0.95503801
vt 0.22504500 0.95531303
vt 0.22322100 0.95992500
vt 0.22322100 0.95992500
vt 0.22504500 0.95531303
vt 0.22522999 0.95547801
vt 0.22338501 0.96012402
vt 0.22162600 0.96276402
vt 0.22322100 0.95992500
vt 0.22338501 0.96012402
vt 0.22175600 0.96297598
vt 0.22338501 0.96012402
vt 0.22522999 0.95547801
vt 0.22536500 0.95557302
vt 0.22350700 0.96024102
vt 0.22175600 0.96297598
vt 0.22338501 0.96012402
vt 0.22350700 0.96024102
vt 0.22184400 0.96310800
vt 0.22350700 0.96024102
vt 0.22399300 0.96046400
vt 0.22222900 0.96345299
vt 0.22184400 0.96310800
vt 0.22536500 0.95557302
vt 0.22587501 0.95573801
vt 0.22399300 0.96046400
vt 0.22350700 0.96024102
vt 0.22016700 0.96449703
vt 0.22175600 0.96297598
vt 0.22184400 0.96310800
vt 0.22022800 0.96462899
vt 0.22184400 0.96310800
vt 0.22222900 0.96345299
vt 0.22041000 0.96509701
vt 0.22022800 0.96462899
vt 0.22041000 0.96509701
vt 0.22222900 0.96345299
vt 0.22236200 0.96356201
vt 0.22047600 0.96525502
vt 0.22222900 0.96345299
vt 0.22399300 0.96046400
vt 0.22415300 0.96052903
vt 0.22236200 0.96356201
vt 0.22399300 0.96046400
vt 0.22587501 0.95573801
vt 0.22604001 0.95578402
vt 0.22415300 0.96052903
vt 0.22587501 0.95573801
vt 0.22776499 0.94964701
vt 0.22793099 0.94968599
vt 0.22604001 0.95578402
vt 0.22776499 0.94964701
vt 0.22934300 0.94260800
vt 0.22951400 0.94264001
vt 0.22793099 0.94968599
vt 0.22934300 0.94260800
vt 0.23025800 0.93517202
vt 0.23043101 0.93518400
vt 0.22951400 0.94264001
vt 0.23025800 0.93517202
vt 0.22985201 0.92812699
vt 0.23002000 0.92811501
vt 0.23043101 0.93518400
vt 0.22932900 0.92815900
vt 0.22985201 0.92812699
vt 0.23025800 0.93517202
vt 0.22972400 0.93512899
vt 0.23025800 0.93517202
vt 0.22934300 0.94260800
vt 0.22881100 0.94249803
vt 0.22972400 0.93512899
vt 0.22829100 0.92184103
vt 0.22879800 0.92174500
vt 0.22985201 0.92812699
vt 0.22932900 0.92815900
vt 0.22985201 0.92812699
vt 0.22879800 0.92174500
vt 0.22896300 0.92171401
vt 0.23002000 0.92811501
vt 0.22654600 0.91587198
vt 0.22704101 0.91570199
vt 0.22879800 0.92174500
vt 0.22829100 0.92184103
vt 0.22879800 0.92174500
vt 0.22704101 0.91570199
vt 0.22720200 0.91564602
vt 0.22896300 0.92171401
vt 0.22704101 0.91570199
vt 0.22440299 0.91002703
vt 0.22455400 0.90994197
vt 0.22720200 0.91564602
vt 0.22440299 0.91002703
vt 0.22081000 0.90486801
vt 0.22094600 0.90475702
vt 0.22455400 0.90994197
vt 0.22081000 0.90486801
vt 0.21640299 0.90033001
vt 0.21652099 0.90019798
vt 0.22094600 0.90475702
vt 0.21640299 0.90033001
vt 0.21132299 0.89651698
vt 0.21141900 0.89636701
vt 0.21652099 0.90019798
vt 0.21132299 0.89651698
vt 0.20569099 0.89354998
vt 0.20576100 0.89338702
vt 0.21141900 0.89636701
vt 0.20569099 0.89354998
vt 0.19962600 0.89157701
vt 0.19966701 0.89140397
vt 0.20576100 0.89338702
vt 0.19962600 0.89157701
vt 0.19331300 0.89057797
vt 0.19332799 0.89040101
vt 0.19966701 0.89140397
vt 0.19331300 0.89057797
vt 0.18691500 0.89055198
vt 0.18690300 0.89037400
vt 0.19332799 0.89040101
vt 0.18691500 0.89055198
vt 0.18058801 0.89152098
vt 0.18054600 0.89134800
vt 0.18690300 0.89037400
vt 0.18058801 0.89152098
vt 0.17449901 0.89353400
vt 0.17443000 0.89336902
vt 0.18054600 0.89134800
vt 0.17449901 0.89353400
vt 0.16878200 0.89647400
vt 0.16868800 0.89632201
vt 0.17443000 0.89336902
vt 0.16878200 0.89647400
vt 0.16355599 0.90024900
vt 0.16344000 0.90011102
vt 0.16868800 0.89632201
vt 0.16355599 0.90024900
vt 0.15895000 0.90481502
vt 0.15881200 0.90469903
vt 0.16344000 0.90011102
vt 0.15895000 0.90481502
vt 0.15512501 0.91016698
vt 0.15496600 0.91007698
vt 0.15881200 0.90469903
vt 0.15512501 0.91016698
vt 0.15210500 0.91624898
vt 0.15193100 0.91618699
vt 0.15496600 0.91007698
vt 0.15210500 0.91624898
vt 0.14994100 0.92304200
vt 0.14975500 0.92300802
vt 0.15193100 0.91618699
vt 0.14994100 0.92304200
vt 0.14865699 0.93053299
vt 0.14846601 0.93053502
vt 0.14975500 0.92300802
vt 0.14865699 0.93053299
vt 0.14880700 0.93840599
vt 0.14861900 0.93843800
vt 0.14846601 0.93053502
vt 0.14865699 0.93053299
vt 0.14994100 0.92304200
vt 0.15051500 0.92314202
vt 0.14924701 0.93052000
vt 0.15051500 0.92314202
vt 0.14994100 0.92304200
vt 0.15210500 0.91624898
vt 0.15264100 0.91643900
vt 0.15278199 0.91649002
vt 0.15066600 0.92316699
vt 0.15051500 0.92314202
vt 0.15264100 0.91643900
vt 0.15066600 0.92316699
vt 0.14942800 0.93051302
vt 0.14924701 0.93052000
vt 0.15051500 0.92314202
vt 0.15299700 0.91657299
vt 0.15089600 0.92321098
vt 0.15066600 0.92316699
vt 0.15278199 0.91649002
vt 0.15574300 0.91051501
vt 0.15278199 0.91649002
vt 0.15264100 0.91643900
vt 0.15561400 0.91044098
vt 0.15594000 0.91063201
vt 0.15299700 0.91657299
vt 0.15278199 0.91649002
vt 0.15574300 0.91051501
vt 0.15626700 0.91082799
vt 0.15335400 0.91671503
vt 0.15299700 0.91657299
vt 0.15594000 0.91063201
vt 0.15335400 0.91671503
vt 0.15127601 0.92328799
vt 0.15089600 0.92321098
vt 0.15299700 0.91657299
vt 0.15995701 0.90564901
vt 0.15626700 0.91082799
vt 0.15594000 0.91063201
vt 0.15966700 0.90540600
vt 0.15966700 0.90540600
vt 0.15594000 0.91063201
vt 0.15574300 0.91051501
vt 0.15949200 0.90526098
vt 0.16441099 0.90123200
vt 0.15995701 0.90564901
vt 0.15966700 0.90540600
vt 0.16416200 0.90095001
vt 0.16416200 0.90095001
vt 0.15966700 0.90540600
vt 0.15949200 0.90526098
vt 0.16401300 0.90078002
vt 0.16401300 0.90078002
vt 0.15949200 0.90526098
vt 0.15937901 0.90516901
vt 0.16391601 0.90066898
vt 0.15949200 0.90526098
vt 0.15574300 0.91051501
vt 0.15561400 0.91044098
vt 0.15937901 0.90516901
vt 0.15561400 0.91044098
vt 0.15512501 0.91016698
vt 0.15895000 0.90481502
vt 0.15937901 0.90516901
vt 0.15895000 0.90481502
vt 0.16355599 0.90024900
vt 0.16391601 0.90066898
vt 0.15937901 0.90516901
vt 0.15264100 0.91643900
vt 0.15210500 0.91624898
vt 0.15512501 0.91016698
vt 0.15561400 0.91044098
vt 0.16915099 0.89706701
vt 0.16401300 0.90078002
vt 0.16391601 0.90066898
vt 0.16907300 0.89694297
vt 0.16391601 0.90066898
vt 0.16355599 0.90024900
vt 0.16878200 0.89647400
vt 0.16907300 0.89694297
vt 0.16907300 0.89694297
vt 0.16878200 0.89647400
vt 0.17449901 0.89353400
vt 0.17471600 0.89404100
vt 0.17477299 0.89417499
vt 0.16915099 0.89706701
vt 0.16907300 0.89694297
vt 0.17471600 0.89404100
vt 0.16927201 0.89725697
vt 0.16416200 0.90095001
vt 0.16401300 0.90078002
vt 0.16915099 0.89706701
vt 0.17486100 0.89438099
vt 0.16927201 0.89725697
vt 0.16915099 0.89706701
vt 0.17477299 0.89417499
vt 0.18075000 0.89219600
vt 0.17477299 0.89417499
vt 0.17471600 0.89404100
vt 0.18071599 0.89205498
vt 0.18080300 0.89241201
vt 0.17486100 0.89438099
vt 0.17477299 0.89417499
vt 0.18075000 0.89219600
vt 0.18089101 0.89277202
vt 0.17500700 0.89472401
vt 0.17486100 0.89438099
vt 0.18080300 0.89241201
vt 0.17500700 0.89472401
vt 0.16947199 0.89757401
vt 0.16927201 0.89725697
vt 0.17486100 0.89438099
vt 0.18102300 0.89330900
vt 0.17522500 0.89523602
vt 0.17500700 0.89472401
vt 0.18089101 0.89277202
vt 0.17522500 0.89523602
vt 0.16977000 0.89804602
vt 0.16947199 0.89757401
vt 0.17500700 0.89472401
vt 0.17522500 0.89523602
vt 0.17655200 0.89835697
vt 0.17158499 0.90093499
vt 0.16977000 0.89804602
vt 0.18182699 0.89658898
vt 0.17655200 0.89835697
vt 0.17522500 0.89523602
vt 0.18102300 0.89330900
vt 0.18705299 0.89238900
vt 0.18102300 0.89330900
vt 0.18089101 0.89277202
vt 0.18700901 0.89183801
vt 0.18705299 0.89238900
vt 0.18731500 0.89575398
vt 0.18182699 0.89658898
vt 0.18102300 0.89330900
vt 0.18205300 0.89756602
vt 0.17694300 0.89931101
vt 0.17655200 0.89835697
vt 0.18182699 0.89658898
vt 0.18738000 0.89678299
vt 0.18205300 0.89756602
vt 0.18182699 0.89658898
vt 0.18731500 0.89575398
vt 0.19315600 0.89241201
vt 0.19287200 0.89577699
vt 0.18731500 0.89575398
vt 0.18705299 0.89238900
vt 0.19278300 0.89682901
vt 0.18738000 0.89678299
vt 0.18731500 0.89575398
vt 0.19287200 0.89577699
vt 0.19263300 0.89860803
vt 0.18745799 0.89846802
vt 0.18738000 0.89678299
vt 0.19278300 0.89682901
vt 0.18745799 0.89846802
vt 0.18239300 0.89911002
vt 0.18205300 0.89756602
vt 0.18738000 0.89678299
vt 0.19776100 0.89927202
vt 0.19263300 0.89860803
vt 0.19278300 0.89682901
vt 0.19812000 0.89762801
vt 0.19812000 0.89762801
vt 0.19278300 0.89682901
vt 0.19287200 0.89577699
vt 0.19835600 0.89662701
vt 0.20263900 0.90069199
vt 0.19776100 0.89927202
vt 0.19812000 0.89762801
vt 0.20323101 0.89923400
vt 0.20323101 0.89923400
vt 0.19812000 0.89762801
vt 0.19835600 0.89662701
vt 0.20361701 0.89831299
vt 0.20795000 0.90174699
vt 0.20323101 0.89923400
vt 0.20361701 0.89831299
vt 0.20849399 0.90087998
vt 0.20706899 0.90316302
vt 0.20263900 0.90069199
vt 0.20323101 0.89923400
vt 0.20795000 0.90174699
vt 0.21223301 0.90497297
vt 0.20795000 0.90174699
vt 0.20849399 0.90087998
vt 0.21291199 0.90417999
vt 0.21111999 0.90632802
vt 0.20706899 0.90316302
vt 0.20795000 0.90174699
vt 0.21223301 0.90497297
vt 0.21481000 0.90988302
vt 0.21111999 0.90632802
vt 0.21223301 0.90497297
vt 0.21600799 0.90876299
vt 0.21600799 0.90876299
vt 0.21223301 0.90497297
vt 0.21291199 0.90417999
vt 0.21676899 0.90810001
vt 0.21938001 0.90600300
vt 0.21676899 0.90810001
vt 0.21291199 0.90417999
vt 0.21516800 0.90168500
vt 0.21516800 0.90168500
vt 0.21291199 0.90417999
vt 0.20849399 0.90087998
vt 0.21032000 0.89805502
vt 0.21911900 0.91307199
vt 0.21600799 0.90876299
vt 0.21676899 0.90810001
vt 0.21994500 0.91255802
vt 0.21994500 0.91255802
vt 0.21676899 0.90810001
vt 0.21938001 0.90600300
vt 0.22282600 0.91090500
vt 0.21938001 0.90600300
vt 0.21516800 0.90168500
vt 0.21554001 0.90127802
vt 0.21981201 0.90566200
vt 0.22282600 0.91090500
vt 0.21938001 0.90600300
vt 0.21981201 0.90566200
vt 0.22330201 0.91063797
vt 0.22536799 0.91631502
vt 0.22230700 0.91751200
vt 0.21994500 0.91255802
vt 0.22282600 0.91090500
vt 0.22536799 0.91631502
vt 0.22282600 0.91090500
vt 0.22330201 0.91063797
vt 0.22587200 0.91612297
vt 0.22330201 0.91063797
vt 0.21981201 0.90566200
vt 0.22010200 0.90543401
vt 0.22362100 0.91045898
vt 0.22587200 0.91612297
vt 0.22330201 0.91063797
vt 0.22362100 0.91045898
vt 0.22621000 0.91599500
vt 0.22362100 0.91045898
vt 0.22010200 0.90543401
vt 0.22027700 0.90529698
vt 0.22381300 0.91035199
vt 0.22621000 0.91599500
vt 0.22362100 0.91045898
vt 0.22381300 0.91035199
vt 0.22641300 0.91591901
vt 0.21981201 0.90566200
vt 0.21554001 0.90127802
vt 0.21579000 0.90100503
vt 0.22010200 0.90543401
vt 0.22010200 0.90543401
vt 0.21579000 0.90100503
vt 0.21594100 0.90083998
vt 0.22027700 0.90529698
vt 0.21554001 0.90127802
vt 0.21062000 0.89759201
vt 0.21082200 0.89728200
vt 0.21579000 0.90100503
vt 0.21579000 0.90100503
vt 0.21082200 0.89728200
vt 0.21094500 0.89709598
vt 0.21594100 0.90083998
vt 0.21062000 0.89759201
vt 0.20517799 0.89472502
vt 0.20532700 0.89438701
vt 0.21082200 0.89728200
vt 0.21082200 0.89728200
vt 0.20532700 0.89438701
vt 0.20541701 0.89418399
vt 0.21094500 0.89709598
vt 0.20532700 0.89438701
vt 0.19940500 0.89246702
vt 0.19946100 0.89225000
vt 0.20541701 0.89418399
vt 0.20517799 0.89472502
vt 0.19931400 0.89282501
vt 0.19940500 0.89246702
vt 0.20532700 0.89438701
vt 0.19931400 0.89282501
vt 0.19320300 0.89186198
vt 0.19323500 0.89149302
vt 0.19940500 0.89246702
vt 0.19940500 0.89246702
vt 0.19323500 0.89149302
vt 0.19325399 0.89126998
vt 0.19946100 0.89225000
vt 0.20541701 0.89418399
vt 0.19946100 0.89225000
vt 0.19949700 0.89210898
vt 0.20547500 0.89405102
vt 0.19946100 0.89225000
vt 0.19325399 0.89126998
vt 0.19326700 0.89112502
vt 0.19949700 0.89210898
vt 0.19325399 0.89126998
vt 0.18696301 0.89124501
vt 0.18695199 0.89109999
vt 0.19326700 0.89112502
vt 0.19323500 0.89149302
vt 0.18697999 0.89146799
vt 0.18696301 0.89124501
vt 0.19325399 0.89126998
vt 0.19326700 0.89112502
vt 0.19331300 0.89057797
vt 0.19962600 0.89157701
vt 0.19949700 0.89210898
vt 0.18695199 0.89109999
vt 0.18691500 0.89055198
vt 0.19331300 0.89057797
vt 0.19326700 0.89112502
vt 0.18696301 0.89124501
vt 0.18075000 0.89219600
vt 0.18071599 0.89205498
vt 0.18695199 0.89109999
vt 0.18071599 0.89205498
vt 0.18058801 0.89152098
vt 0.18691500 0.89055198
vt 0.18695199 0.89109999
vt 0.17471600 0.89404100
vt 0.17449901 0.89353400
vt 0.18058801 0.89152098
vt 0.18071599 0.89205498
vt 0.18697999 0.89146799
vt 0.18080300 0.89241201
vt 0.18075000 0.89219600
vt 0.18696301 0.89124501
vt 0.18700901 0.89183801
vt 0.18089101 0.89277202
vt 0.18080300 0.89241201
vt 0.18697999 0.89146799
vt 0.19320300 0.89186198
vt 0.18700901 0.89183801
vt 0.18697999 0.89146799
vt 0.19323500 0.89149302
vt 0.19315600 0.89241201
vt 0.18705299 0.89238900
vt 0.18700901 0.89183801
vt 0.19320300 0.89186198
vt 0.19917700 0.89336097
vt 0.19315600 0.89241201
vt 0.19320300 0.89186198
vt 0.19931400 0.89282501
vt 0.19917700 0.89336097
vt 0.19835600 0.89662701
vt 0.19287200 0.89577699
vt 0.19315600 0.89241201
vt 0.20495699 0.89523000
vt 0.19917700 0.89336097
vt 0.19931400 0.89282501
vt 0.20517799 0.89472502
vt 0.20361701 0.89831299
vt 0.19835600 0.89662701
vt 0.19917700 0.89336097
vt 0.20495699 0.89523000
vt 0.21032000 0.89805502
vt 0.20495699 0.89523000
vt 0.20517799 0.89472502
vt 0.21062000 0.89759201
vt 0.21032000 0.89805502
vt 0.20849399 0.90087998
vt 0.20361701 0.89831299
vt 0.20495699 0.89523000
vt 0.21516800 0.90168500
vt 0.21032000 0.89805502
vt 0.21062000 0.89759201
vt 0.21554001 0.90127802
vt 0.19949700 0.89210898
vt 0.19962600 0.89157701
vt 0.20569099 0.89354998
vt 0.20547500 0.89405102
vt 0.20569099 0.89354998
vt 0.21132299 0.89651698
vt 0.21102500 0.89697403
vt 0.20547500 0.89405102
vt 0.21094500 0.89709598
vt 0.20541701 0.89418399
vt 0.20547500 0.89405102
vt 0.21102500 0.89697403
vt 0.21102500 0.89697403
vt 0.21132299 0.89651698
vt 0.21640299 0.90033001
vt 0.21604000 0.90073401
vt 0.21594100 0.90083998
vt 0.21094500 0.89709598
vt 0.21102500 0.89697403
vt 0.21604000 0.90073401
vt 0.21604000 0.90073401
vt 0.21640299 0.90033001
vt 0.22081000 0.90486801
vt 0.22039101 0.90520799
vt 0.22027700 0.90529698
vt 0.21594100 0.90083998
vt 0.21604000 0.90073401
vt 0.22039101 0.90520799
vt 0.22381300 0.91035199
vt 0.22027700 0.90529698
vt 0.22039101 0.90520799
vt 0.22393800 0.91028500
vt 0.22039101 0.90520799
vt 0.22081000 0.90486801
vt 0.22440299 0.91002703
vt 0.22393800 0.91028500
vt 0.22641300 0.91591901
vt 0.22381300 0.91035199
vt 0.22393800 0.91028500
vt 0.22654600 0.91587198
vt 0.22393800 0.91028500
vt 0.22440299 0.91002703
vt 0.22704101 0.91570199
vt 0.22654600 0.91587198
vt 0.22815500 0.92186803
vt 0.22641300 0.91591901
vt 0.22654600 0.91587198
vt 0.22829100 0.92184103
vt 0.22794500 0.92191303
vt 0.22621000 0.91599500
vt 0.22641300 0.91591901
vt 0.22815500 0.92186803
vt 0.22918600 0.92816502
vt 0.22815500 0.92186803
vt 0.22829100 0.92184103
vt 0.22932900 0.92815900
vt 0.22896899 0.92817903
vt 0.22794500 0.92191303
vt 0.22815500 0.92186803
vt 0.22918600 0.92816502
vt 0.22759800 0.92199099
vt 0.22587200 0.91612297
vt 0.22621000 0.91599500
vt 0.22794500 0.92191303
vt 0.22861101 0.92820400
vt 0.22759800 0.92199099
vt 0.22794500 0.92191303
vt 0.22896899 0.92817903
vt 0.22893800 0.93502897
vt 0.22861101 0.92820400
vt 0.22896899 0.92817903
vt 0.22932900 0.93507701
vt 0.22932900 0.93507701
vt 0.22896899 0.92817903
vt 0.22918600 0.92816502
vt 0.22958000 0.93510902
vt 0.22809599 0.94223303
vt 0.22893800 0.93502897
vt 0.22932900 0.93507701
vt 0.22844701 0.94236702
vt 0.22844701 0.94236702
vt 0.22932900 0.93507701
vt 0.22958000 0.93510902
vt 0.22866400 0.94244897
vt 0.22657700 0.94909602
vt 0.22809599 0.94223303
vt 0.22844701 0.94236702
vt 0.22690000 0.94930601
vt 0.22690000 0.94930601
vt 0.22844701 0.94236702
vt 0.22866400 0.94244897
vt 0.22710200 0.94943303
vt 0.22475301 0.95503801
vt 0.22657700 0.94909602
vt 0.22690000 0.94930601
vt 0.22504500 0.95531303
vt 0.22504500 0.95531303
vt 0.22690000 0.94930601
vt 0.22710200 0.94943303
vt 0.22522999 0.95547801
vt 0.22522999 0.95547801
vt 0.22710200 0.94943303
vt 0.22724301 0.94950700
vt 0.22536500 0.95557302
vt 0.22710200 0.94943303
vt 0.22866400 0.94244897
vt 0.22881100 0.94249803
vt 0.22724301 0.94950700
vt 0.22881100 0.94249803
vt 0.22934300 0.94260800
vt 0.22776499 0.94964701
vt 0.22724301 0.94950700
vt 0.22724301 0.94950700
vt 0.22776499 0.94964701
vt 0.22587501 0.95573801
vt 0.22536500 0.95557302
vt 0.22866400 0.94244897
vt 0.22958000 0.93510902
vt 0.22972400 0.93512899
vt 0.22881100 0.94249803
vt 0.22432500 0.95462799
vt 0.22610000 0.94878298
vt 0.22657700 0.94909602
vt 0.22475301 0.95503801
vt 0.22610000 0.94878298
vt 0.22757600 0.94203597
vt 0.22809599 0.94223303
vt 0.22657700 0.94909602
vt 0.22432500 0.95462799
vt 0.22172301 0.95215601
vt 0.22320201 0.94690198
vt 0.22610000 0.94878298
vt 0.22610000 0.94878298
vt 0.22320201 0.94690198
vt 0.22443600 0.94087100
vt 0.22757600 0.94203597
vt 0.22231100 0.94639599
vt 0.22349900 0.94057000
vt 0.22443600 0.94087100
vt 0.22320201 0.94690198
vt 0.22093000 0.95149797
vt 0.22231100 0.94639599
vt 0.22320201 0.94690198
vt 0.22172301 0.95215601
vt 0.21954200 0.95545000
vt 0.22093000 0.95149797
vt 0.22172301 0.95215601
vt 0.22024900 0.95621997
vt 0.22024900 0.95621997
vt 0.22172301 0.95215601
vt 0.22432500 0.95462799
vt 0.22258300 0.95911503
vt 0.21843000 0.95436502
vt 0.21963900 0.95055902
vt 0.22093000 0.95149797
vt 0.21954200 0.95545000
vt 0.21963900 0.95055902
vt 0.22082999 0.94565099
vt 0.22231100 0.94639599
vt 0.22093000 0.95149797
vt 0.21361899 0.94729799
vt 0.21963900 0.95055902
vt 0.21843000 0.95436502
vt 0.21434900 0.95074898
vt 0.21358900 0.94238102
vt 0.22082999 0.94565099
vt 0.21963900 0.95055902
vt 0.21361899 0.94729799
vt 0.21361899 0.94729799
vt 0.20802300 0.94566000
vt 0.20587800 0.93915403
vt 0.21358900 0.94238102
vt 0.21434900 0.95074898
vt 0.21207599 0.95121199
vt 0.20802300 0.94566000
vt 0.21361899 0.94729799
vt 0.21207599 0.95121199
vt 0.20948499 0.95202899
vt 0.20284800 0.94563001
vt 0.20802300 0.94566000
vt 0.20802300 0.94566000
vt 0.20284800 0.94563001
vt 0.19009100 0.93364799
vt 0.20587800 0.93915403
vt 0.20813300 0.95376700
vt 0.20226800 0.94953799
vt 0.20284800 0.94563001
vt 0.20948499 0.95202899
vt 0.20226800 0.94953799
vt 0.19517200 0.94674301
vt 0.19009100 0.93364799
vt 0.20284800 0.94563001
vt 0.21554700 0.95797402
vt 0.21372800 0.95869702
vt 0.20813300 0.95376700
vt 0.20948499 0.95202899
vt 0.21299800 0.95547497
vt 0.21284100 0.95559102
vt 0.21257301 0.95596898
vt 0.21246500 0.95642000
vt 0.21252801 0.95687199
vt 0.21273901 0.95726401
vt 0.21312501 0.95753700
vt 0.21359000 0.95766902
vt 0.21406899 0.95760697
vt 0.21446100 0.95736003
vt 0.21465001 0.95711899
vt 0.20948499 0.95202899
vt 0.21207599 0.95121199
vt 0.21707900 0.95669103
vt 0.21554700 0.95797402
vt 0.21465001 0.95711899
vt 0.21481401 0.95689100
vt 0.21491601 0.95643401
vt 0.21483700 0.95596498
vt 0.21460100 0.95556003
vt 0.21422499 0.95531702
vt 0.21377701 0.95521998
vt 0.21331500 0.95529401
vt 0.21299800 0.95547497
vt 0.21331500 0.95529401
vt 0.21363200 0.95624602
vt 0.21356900 0.95628399
vt 0.21284100 0.95559102
vt 0.21299800 0.95547497
vt 0.21377701 0.95521998
vt 0.21370800 0.95623797
vt 0.21363200 0.95624602
vt 0.21331500 0.95529401
vt 0.21352300 0.95649499
vt 0.21351101 0.95642102
vt 0.21352699 0.95634800
vt 0.21356900 0.95628399
vt 0.21363200 0.95624602
vt 0.21370800 0.95623797
vt 0.21378100 0.95625699
vt 0.21384200 0.95630002
vt 0.21388200 0.95636499
vt 0.21389601 0.95644099
vt 0.21388300 0.95651698
vt 0.21383800 0.95657599
vt 0.21377000 0.95661199
vt 0.21369401 0.95662099
vt 0.21362101 0.95660198
vt 0.21356000 0.95655799
vt 0.21284100 0.95559102
vt 0.21356900 0.95628399
vt 0.21352699 0.95634800
vt 0.21257301 0.95596898
vt 0.21352699 0.95634800
vt 0.21351101 0.95642102
vt 0.21246500 0.95642000
vt 0.21257301 0.95596898
vt 0.21246500 0.95642000
vt 0.21351101 0.95642102
vt 0.21352300 0.95649499
vt 0.21252801 0.95687199
vt 0.21352300 0.95649499
vt 0.21356000 0.95655799
vt 0.21273901 0.95726401
vt 0.21252801 0.95687199
vt 0.21356000 0.95655799
vt 0.21362101 0.95660198
vt 0.21312501 0.95753700
vt 0.21273901 0.95726401
vt 0.21362101 0.95660198
vt 0.21369401 0.95662099
vt 0.21359000 0.95766902
vt 0.21312501 0.95753700
vt 0.21359000 0.95766902
vt 0.21369401 0.95662099
vt 0.21377000 0.95661199
vt 0.21406899 0.95760697
vt 0.21406899 0.95760697
vt 0.21377000 0.95661199
vt 0.21383800 0.95657599
vt 0.21446100 0.95736003
vt 0.21446100 0.95736003
vt 0.21383800 0.95657599
vt 0.21388300 0.95651698
vt 0.21481401 0.95689100
vt 0.21465001 0.95711899
vt 0.21372800 0.95869702
vt 0.21554700 0.95797402
vt 0.21677101 0.95930701
vt 0.21483099 0.95997298
vt 0.21554700 0.95797402
vt 0.21707900 0.95669103
vt 0.21823201 0.95792699
vt 0.21677101 0.95930701
vt 0.21843000 0.95436502
vt 0.21707900 0.95669103
vt 0.21207599 0.95121199
vt 0.21434900 0.95074898
vt 0.21707900 0.95669103
vt 0.21843000 0.95436502
vt 0.21954200 0.95545000
vt 0.21823201 0.95792699
vt 0.21823201 0.95792699
vt 0.21954200 0.95545000
vt 0.22024900 0.95621997
vt 0.21892300 0.95877600
vt 0.20813300 0.95376700
vt 0.21372800 0.95869702
vt 0.21099500 0.95907098
vt 0.20742700 0.95527399
vt 0.21099500 0.95907098
vt 0.21372800 0.95869702
vt 0.21483099 0.95997298
vt 0.21196400 0.96023500
vt 0.20742700 0.95527399
vt 0.21099500 0.95907098
vt 0.20687400 0.95907301
vt 0.20371900 0.95395797
vt 0.20687400 0.95907301
vt 0.21099500 0.95907098
vt 0.21196400 0.96023500
vt 0.20770299 0.96031499
vt 0.20371900 0.95395797
vt 0.20687400 0.95907301
vt 0.20159100 0.95896000
vt 0.19835800 0.95298898
vt 0.20159100 0.95896000
vt 0.20687400 0.95907301
vt 0.20770299 0.96031499
vt 0.20225100 0.96030098
vt 0.19835800 0.95298898
vt 0.20159100 0.95896000
vt 0.19552900 0.95897400
vt 0.19303100 0.95375103
vt 0.19552900 0.95897400
vt 0.20159100 0.95896000
vt 0.20225100 0.96030098
vt 0.19589201 0.96027797
vt 0.19303100 0.95375103
vt 0.19552900 0.95897400
vt 0.18900201 0.95895898
vt 0.18908100 0.95498699
vt 0.18900201 0.95895898
vt 0.19552900 0.95897400
vt 0.19589201 0.96027797
vt 0.18897800 0.96020699
vt 0.18232900 0.95869899
vt 0.18900201 0.95895898
vt 0.18897800 0.96020699
vt 0.18190201 0.96001899
vt 0.18900201 0.95895898
vt 0.18232900 0.95869899
vt 0.18515500 0.95351499
vt 0.18908100 0.95498699
vt 0.17592600 0.95839602
vt 0.18232900 0.95869899
vt 0.18190201 0.96001899
vt 0.17515799 0.95977700
vt 0.18515500 0.95351499
vt 0.18232900 0.95869899
vt 0.17592600 0.95839602
vt 0.17970100 0.95238400
vt 0.18515500 0.95351499
vt 0.17970100 0.95238400
vt 0.18352200 0.94623601
vt 0.18926400 0.94939798
vt 0.18908100 0.95498699
vt 0.18515500 0.95351499
vt 0.18926400 0.94939798
vt 0.19303100 0.95375103
vt 0.19303100 0.95375103
vt 0.18926400 0.94939798
vt 0.19517200 0.94674301
vt 0.19835800 0.95298898
vt 0.18926400 0.94939798
vt 0.18352200 0.94623601
vt 0.19009100 0.93364799
vt 0.19517200 0.94674301
vt 0.17397401 0.95298600
vt 0.17594101 0.94846302
vt 0.18352200 0.94623601
vt 0.17970100 0.95238400
vt 0.17594101 0.94846302
vt 0.17583600 0.94431198
vt 0.19009100 0.93364799
vt 0.18352200 0.94623601
vt 0.16991299 0.95406199
vt 0.16937700 0.95231998
vt 0.17594101 0.94846302
vt 0.17397401 0.95298600
vt 0.16937700 0.95231998
vt 0.16826700 0.95030600
vt 0.17583600 0.94431198
vt 0.17594101 0.94846302
vt 0.17970100 0.95238400
vt 0.17592600 0.95839602
vt 0.17020200 0.95823097
vt 0.17397401 0.95298600
vt 0.17397401 0.95298600
vt 0.17020200 0.95823097
vt 0.16567899 0.95798302
vt 0.16991299 0.95406199
vt 0.16875701 0.95279598
vt 0.16937700 0.95231998
vt 0.16991299 0.95406199
vt 0.16567899 0.95798302
vt 0.16282301 0.95735902
vt 0.16638499 0.95462298
vt 0.16672599 0.95487100
vt 0.16731501 0.95501202
vt 0.16765800 0.95495802
vt 0.16791400 0.95491701
vt 0.16843100 0.95460099
vt 0.16878700 0.95411098
vt 0.16892999 0.95352203
vt 0.16883500 0.95292199
vt 0.16567899 0.95798302
vt 0.17020200 0.95823097
vt 0.16921400 0.95953298
vt 0.16452000 0.95919800
vt 0.16282301 0.95735902
vt 0.16567899 0.95798302
vt 0.16452000 0.95919800
vt 0.16147000 0.95863301
vt 0.16147000 0.95863301
vt 0.16452000 0.95919800
vt 0.16380800 0.96011198
vt 0.16066800 0.95954400
vt 0.16452000 0.95919800
vt 0.16921400 0.95953298
vt 0.16862100 0.96048599
vt 0.16380800 0.96011198
vt 0.15957600 0.95761198
vt 0.16147000 0.95863301
vt 0.16066800 0.95954400
vt 0.15873200 0.95852298
vt 0.16102800 0.95627999
vt 0.16282301 0.95735902
vt 0.16147000 0.95863301
vt 0.15957600 0.95761198
vt 0.15612900 0.96193397
vt 0.15873200 0.95852298
vt 0.16066800 0.95954400
vt 0.15820301 0.96308398
vt 0.15820301 0.96308398
vt 0.16066800 0.95954400
vt 0.16380800 0.96011198
vt 0.16160600 0.96376801
vt 0.15612900 0.96193397
vt 0.15820301 0.96308398
vt 0.15779600 0.96365899
vt 0.15572700 0.96248001
vt 0.15820301 0.96308398
vt 0.16160600 0.96376801
vt 0.16124800 0.96438301
vt 0.15779600 0.96365899
vt 0.15572700 0.96248001
vt 0.15779600 0.96365899
vt 0.15752800 0.96404999
vt 0.15546900 0.96284503
vt 0.15779600 0.96365899
vt 0.16124800 0.96438301
vt 0.16101600 0.96480602
vt 0.15752800 0.96404999
vt 0.15477100 0.95993203
vt 0.15612900 0.96193397
vt 0.15572700 0.96248001
vt 0.15434401 0.96047598
vt 0.15434401 0.96047598
vt 0.15572700 0.96248001
vt 0.15546900 0.96284503
vt 0.15406600 0.96084601
vt 0.15546900 0.96284503
vt 0.15752800 0.96404999
vt 0.15738000 0.96430099
vt 0.15533000 0.96307200
vt 0.15406600 0.96084601
vt 0.15546900 0.96284503
vt 0.15533000 0.96307200
vt 0.15390700 0.96108001
vt 0.15283200 0.95740002
vt 0.15406600 0.96084601
vt 0.15390700 0.96108001
vt 0.15263800 0.95760798
vt 0.15315500 0.95706898
vt 0.15434401 0.96047598
vt 0.15406600 0.96084601
vt 0.15283200 0.95740002
vt 0.15194800 0.95186698
vt 0.15315500 0.95706898
vt 0.15283200 0.95740002
vt 0.15160100 0.95212698
vt 0.15160100 0.95212698
vt 0.15283200 0.95740002
vt 0.15263800 0.95760798
vt 0.15139300 0.95228899
vt 0.15363701 0.95658398
vt 0.15477100 0.95993203
vt 0.15434401 0.96047598
vt 0.15315500 0.95706898
vt 0.15246500 0.95148301
vt 0.15363701 0.95658398
vt 0.15315500 0.95706898
vt 0.15194800 0.95186698
vt 0.15087400 0.94537199
vt 0.15194800 0.95186698
vt 0.15160100 0.95212698
vt 0.15050800 0.94555497
vt 0.15141900 0.94510198
vt 0.15246500 0.95148301
vt 0.15194800 0.95186698
vt 0.15087400 0.94537199
vt 0.15246500 0.95148301
vt 0.15559800 0.94916302
vt 0.15655801 0.95370197
vt 0.15363701 0.95658398
vt 0.15141900 0.94510198
vt 0.15474400 0.94348198
vt 0.15559800 0.94916302
vt 0.15246500 0.95148301
vt 0.15072700 0.93793899
vt 0.15141900 0.94510198
vt 0.15087400 0.94537199
vt 0.15015499 0.93808299
vt 0.15072700 0.93793899
vt 0.15419500 0.93709600
vt 0.15474400 0.94348198
vt 0.15141900 0.94510198
vt 0.15575300 0.94305497
vt 0.15652999 0.94855201
vt 0.15559800 0.94916302
vt 0.15474400 0.94348198
vt 0.15522200 0.93689501
vt 0.15575300 0.94305497
vt 0.15474400 0.94348198
vt 0.15419500 0.93709600
vt 0.15684700 0.93662399
vt 0.15740401 0.94244802
vt 0.15575300 0.94305497
vt 0.15522200 0.93689501
vt 0.15740401 0.94244802
vt 0.15801799 0.94770199
vt 0.15652999 0.94855201
vt 0.15575300 0.94305497
vt 0.15801799 0.94770199
vt 0.15873800 0.95190001
vt 0.15741199 0.95294499
vt 0.15652999 0.94855201
vt 0.15652999 0.94855201
vt 0.15741199 0.95294499
vt 0.15655801 0.95370197
vt 0.15559800 0.94916302
vt 0.15741199 0.95294499
vt 0.15834400 0.95584100
vt 0.15750299 0.95670199
vt 0.15655801 0.95370197
vt 0.15873800 0.95190001
vt 0.15972100 0.95460302
vt 0.15834400 0.95584100
vt 0.15741199 0.95294499
vt 0.16579400 0.94917798
vt 0.15972100 0.95460302
vt 0.15873800 0.95190001
vt 0.16351099 0.94847202
vt 0.16351099 0.94847202
vt 0.15873800 0.95190001
vt 0.15801799 0.94770199
vt 0.16471601 0.94493401
vt 0.16351099 0.94847202
vt 0.16471601 0.94493401
vt 0.17062600 0.94380498
vt 0.16579400 0.94917798
vt 0.16471601 0.94493401
vt 0.16535300 0.93985599
vt 0.17363399 0.93738502
vt 0.17062600 0.94380498
vt 0.16471601 0.94493401
vt 0.15801799 0.94770199
vt 0.15740401 0.94244802
vt 0.16535300 0.93985599
vt 0.16535300 0.93985599
vt 0.15740401 0.94244802
vt 0.15684700 0.93662399
vt 0.16394299 0.93482602
vt 0.16394299 0.93482602
vt 0.17000400 0.93182099
vt 0.17363399 0.93738502
vt 0.16535300 0.93985599
vt 0.17000400 0.93182099
vt 0.17519900 0.92684299
vt 0.19009100 0.93364799
vt 0.17363399 0.93738502
vt 0.17062600 0.94380498
vt 0.17363399 0.93738502
vt 0.19009100 0.93364799
vt 0.17583600 0.94431198
vt 0.16465400 0.92782301
vt 0.16733900 0.92311698
vt 0.17519900 0.92684299
vt 0.17000400 0.93182099
vt 0.16780400 0.92106301
vt 0.16853900 0.91782999
vt 0.17490301 0.91948003
vt 0.17519900 0.92684299
vt 0.16733900 0.92311698
vt 0.16759500 0.92200899
vt 0.16767800 0.92190599
vt 0.16783699 0.92131197
vt 0.17490301 0.91948003
vt 0.18164100 0.91884899
vt 0.19009100 0.93364799
vt 0.17519900 0.92684299
vt 0.17259499 0.91289002
vt 0.17722900 0.91098201
vt 0.18164100 0.91884899
vt 0.17490301 0.91948003
vt 0.16899700 0.91384798
vt 0.17259499 0.91289002
vt 0.17490301 0.91948003
vt 0.16853900 0.91782999
vt 0.16493100 0.90996498
vt 0.16869700 0.90637702
vt 0.17259499 0.91289002
vt 0.16899700 0.91384798
vt 0.17259499 0.91289002
vt 0.16869700 0.90637702
vt 0.17300101 0.90339100
vt 0.17722900 0.91098201
vt 0.16853900 0.91782999
vt 0.16199900 0.91438401
vt 0.16493100 0.90996498
vt 0.16899700 0.91384798
vt 0.16493100 0.90996498
vt 0.16199900 0.91438401
vt 0.16060400 0.91347301
vt 0.16378500 0.90889400
vt 0.16869700 0.90637702
vt 0.16493100 0.90996498
vt 0.16378500 0.90889400
vt 0.16768700 0.90504003
vt 0.16378500 0.90889400
vt 0.16060400 0.91347301
vt 0.15972900 0.91291600
vt 0.16303200 0.90822399
vt 0.16768700 0.90504003
vt 0.16378500 0.90889400
vt 0.16303200 0.90822399
vt 0.16703600 0.90423602
vt 0.17212400 0.90184599
vt 0.16768700 0.90504003
vt 0.16703600 0.90423602
vt 0.17158499 0.90093499
vt 0.17300101 0.90339100
vt 0.16869700 0.90637702
vt 0.16768700 0.90504003
vt 0.17212400 0.90184599
vt 0.17757700 0.90086800
vt 0.17300101 0.90339100
vt 0.17212400 0.90184599
vt 0.17694300 0.89931101
vt 0.17694300 0.89931101
vt 0.17212400 0.90184599
vt 0.17158499 0.90093499
vt 0.17655200 0.89835697
vt 0.18239300 0.89911002
vt 0.17757700 0.90086800
vt 0.17694300 0.89931101
vt 0.18205300 0.89756602
vt 0.17722900 0.91098201
vt 0.17300101 0.90339100
vt 0.17757700 0.90086800
vt 0.18105000 0.90758097
vt 0.18105000 0.90758097
vt 0.17757700 0.90086800
vt 0.18239300 0.89911002
vt 0.18359500 0.90468401
vt 0.18239300 0.89911002
vt 0.18745799 0.89846802
vt 0.18707401 0.90608901
vt 0.18359500 0.90468401
vt 0.18359500 0.90468401
vt 0.18707401 0.90608901
vt 0.18536200 0.91279799
vt 0.18105000 0.90758097
vt 0.18707401 0.90608901
vt 0.19191800 0.90732199
vt 0.19122000 0.91637897
vt 0.18536200 0.91279799
vt 0.18707401 0.90608901
vt 0.18745799 0.89846802
vt 0.19263300 0.89860803
vt 0.19191800 0.90732199
vt 0.19689700 0.90682399
vt 0.19754800 0.91365200
vt 0.19122000 0.91637897
vt 0.19191800 0.90732199
vt 0.19191800 0.90732199
vt 0.19263300 0.89860803
vt 0.19776100 0.89927202
vt 0.19689700 0.90682399
vt 0.19689700 0.90682399
vt 0.19776100 0.89927202
vt 0.20263900 0.90069199
vt 0.20054600 0.90596199
vt 0.20054600 0.90596199
vt 0.20258500 0.90916598
vt 0.19754800 0.91365200
vt 0.19689700 0.90682399
vt 0.19754800 0.91365200
vt 0.20032801 0.92006099
vt 0.19009100 0.93364799
vt 0.19122000 0.91637897
vt 0.20258500 0.90916598
vt 0.20579100 0.91302800
vt 0.20032801 0.92006099
vt 0.19754800 0.91365200
vt 0.20683400 0.92157203
vt 0.20560500 0.92865700
vt 0.19009100 0.93364799
vt 0.20032801 0.92006099
vt 0.21001101 0.91554600
vt 0.20683400 0.92157203
vt 0.20032801 0.92006099
vt 0.20579100 0.91302800
vt 0.20579100 0.91302800
vt 0.21111999 0.90632802
vt 0.21481000 0.90988302
vt 0.21001101 0.91554600
vt 0.20258500 0.90916598
vt 0.20706899 0.90316302
vt 0.21111999 0.90632802
vt 0.20579100 0.91302800
vt 0.21334900 0.91699100
vt 0.21321900 0.92084700
vt 0.20683400 0.92157203
vt 0.21001101 0.91554600
vt 0.21001101 0.91554600
vt 0.21481000 0.90988302
vt 0.21785100 0.91390598
vt 0.21334900 0.91699100
vt 0.21785100 0.91390598
vt 0.21994700 0.91855001
vt 0.21321900 0.92084700
vt 0.21334900 0.91699100
vt 0.21321900 0.92084700
vt 0.21366200 0.92602599
vt 0.20560500 0.92865700
vt 0.20683400 0.92157203
vt 0.21321900 0.92084700
vt 0.21994700 0.91855001
vt 0.22136600 0.92365599
vt 0.21366200 0.92602599
vt 0.22136600 0.92365599
vt 0.21994700 0.91855001
vt 0.22140200 0.91790098
vt 0.22295500 0.92314100
vt 0.21994700 0.91855001
vt 0.21785100 0.91390598
vt 0.21911900 0.91307199
vt 0.22140200 0.91790098
vt 0.22140200 0.91790098
vt 0.21911900 0.91307199
vt 0.21994500 0.91255802
vt 0.22230700 0.91751200
vt 0.22295500 0.92314100
vt 0.22140200 0.91790098
vt 0.22230700 0.91751200
vt 0.22392100 0.92285401
vt 0.22229800 0.92878997
vt 0.22136600 0.92365599
vt 0.22295500 0.92314100
vt 0.22386000 0.92856503
vt 0.22386000 0.92856503
vt 0.22295500 0.92314100
vt 0.22392100 0.92285401
vt 0.22484300 0.92846900
vt 0.22708100 0.92210901
vt 0.22392100 0.92285401
vt 0.22230700 0.91751200
vt 0.22536799 0.91631502
vt 0.22807901 0.92824203
vt 0.22484300 0.92846900
vt 0.22392100 0.92285401
vt 0.22708100 0.92210901
vt 0.22414400 0.93447000
vt 0.22386000 0.92856503
vt 0.22484300 0.92846900
vt 0.22509700 0.93455201
vt 0.22509700 0.93455201
vt 0.22484300 0.92846900
vt 0.22807901 0.92824203
vt 0.22837099 0.93495899
vt 0.22807901 0.92824203
vt 0.22708100 0.92210901
vt 0.22759800 0.92199099
vt 0.22861101 0.92820400
vt 0.22837099 0.93495899
vt 0.22807901 0.92824203
vt 0.22861101 0.92820400
vt 0.22893800 0.93502897
vt 0.22757600 0.94203597
vt 0.22837099 0.93495899
vt 0.22893800 0.93502897
vt 0.22809599 0.94223303
vt 0.22757600 0.94203597
vt 0.22443600 0.94087100
vt 0.22509700 0.93455201
vt 0.22837099 0.93495899
vt 0.22349900 0.94057000
vt 0.22414400 0.93447000
vt 0.22509700 0.93455201
vt 0.22443600 0.94087100
vt 0.22268000 0.93440300
vt 0.22229800 0.92878997
vt 0.22386000 0.92856503
vt 0.22414400 0.93447000
vt 0.22200300 0.94013900
vt 0.22268000 0.93440300
vt 0.22414400 0.93447000
vt 0.22349900 0.94057000
vt 0.22082999 0.94565099
vt 0.22200300 0.94013900
vt 0.22349900 0.94057000
vt 0.22231100 0.94639599
vt 0.22268000 0.93440300
vt 0.22200300 0.94013900
vt 0.21549299 0.93767601
vt 0.21751800 0.93430102
vt 0.21549299 0.93767601
vt 0.22200300 0.94013900
vt 0.22082999 0.94565099
vt 0.21358900 0.94238102
vt 0.21549299 0.93767601
vt 0.21358900 0.94238102
vt 0.20587800 0.93915403
vt 0.21002799 0.93411797
vt 0.21751800 0.93430102
vt 0.21549299 0.93767601
vt 0.21002799 0.93411797
vt 0.21565101 0.93088198
vt 0.21565101 0.93088198
vt 0.21002799 0.93411797
vt 0.20560500 0.92865700
vt 0.21366200 0.92602599
vt 0.21002799 0.93411797
vt 0.20587800 0.93915403
vt 0.19009100 0.93364799
vt 0.20560500 0.92865700
vt 0.22092600 0.92781103
vt 0.22229800 0.92878997
vt 0.21565101 0.93088198
vt 0.21366200 0.92602599
vt 0.22136600 0.92365599
vt 0.22068100 0.92573899
vt 0.22018699 0.92560601
vt 0.21968700 0.92566502
vt 0.21924500 0.92588502
vt 0.21895701 0.92628098
vt 0.21882300 0.92676198
vt 0.21886800 0.92725599
vt 0.21912900 0.92768401
vt 0.21952499 0.92799199
vt 0.21999501 0.92813897
vt 0.22048500 0.92806101
vt 0.21565101 0.93088198
vt 0.22229800 0.92878997
vt 0.22268000 0.93440300
vt 0.21751800 0.93430102
vt 0.22068100 0.92573899
vt 0.22136600 0.92365599
vt 0.22229800 0.92878997
vt 0.22092600 0.92781103
vt 0.22123800 0.92740297
vt 0.22136800 0.92692798
vt 0.22133100 0.92645001
vt 0.22107700 0.92604202
vt 0.22092600 0.92781103
vt 0.22024199 0.92698598
vt 0.22029001 0.92692500
vt 0.22123800 0.92740297
vt 0.22048500 0.92806101
vt 0.22017500 0.92702502
vt 0.22024199 0.92698598
vt 0.22092600 0.92781103
vt 0.22002301 0.92701501
vt 0.21996200 0.92696702
vt 0.21992400 0.92690003
vt 0.21991500 0.92682302
vt 0.21993500 0.92674899
vt 0.21998300 0.92668903
vt 0.22005001 0.92665100
vt 0.22012800 0.92664200
vt 0.22020300 0.92666203
vt 0.22026400 0.92670900
vt 0.22030200 0.92677599
vt 0.22031100 0.92685199
vt 0.22029001 0.92692500
vt 0.22024199 0.92698598
vt 0.22017500 0.92702502
vt 0.22009800 0.92703497
vt 0.21999501 0.92813897
vt 0.22009800 0.92703497
vt 0.22017500 0.92702502
vt 0.22048500 0.92806101
vt 0.21952499 0.92799199
vt 0.22002301 0.92701501
vt 0.22009800 0.92703497
vt 0.21999501 0.92813897
vt 0.21996200 0.92696702
vt 0.22002301 0.92701501
vt 0.21952499 0.92799199
vt 0.21912900 0.92768401
vt 0.21992400 0.92690003
vt 0.21996200 0.92696702
vt 0.21912900 0.92768401
vt 0.21886800 0.92725599
vt 0.21991500 0.92682302
vt 0.21992400 0.92690003
vt 0.21886800 0.92725599
vt 0.21882300 0.92676198
vt 0.21993500 0.92674899
vt 0.21991500 0.92682302
vt 0.21882300 0.92676198
vt 0.21895701 0.92628098
vt 0.21924500 0.92588502
vt 0.21998300 0.92668903
vt 0.21993500 0.92674899
vt 0.21895701 0.92628098
vt 0.21968700 0.92566502
vt 0.22005001 0.92665100
vt 0.21998300 0.92668903
vt 0.21924500 0.92588502
vt 0.22018699 0.92560601
vt 0.22012800 0.92664200
vt 0.22005001 0.92665100
vt 0.21968700 0.92566502
vt 0.22068100 0.92573899
vt 0.22020300 0.92666203
vt 0.22012800 0.92664200
vt 0.22018699 0.92560601
vt 0.22026400 0.92670900
vt 0.22020300 0.92666203
vt 0.22068100 0.92573899
vt 0.22107700 0.92604202
vt 0.22030200 0.92677599
vt 0.22026400 0.92670900
vt 0.22107700 0.92604202
vt 0.22133100 0.92645001
vt 0.22031100 0.92685199
vt 0.22030200 0.92677599
vt 0.22133100 0.92645001
vt 0.22136800 0.92692798
vt 0.22029001 0.92692500
vt 0.22031100 0.92685199
vt 0.22136800 0.92692798
vt 0.22123800 0.92740297
vt 0.22708100 0.92210901
vt 0.22536799 0.91631502
vt 0.22587200 0.91612297
vt 0.22759800 0.92199099
vt 0.21785100 0.91390598
vt 0.21481000 0.90988302
vt 0.21600799 0.90876299
vt 0.21911900 0.91307199
vt 0.20263900 0.90069199
vt 0.20706899 0.90316302
vt 0.20258500 0.90916598
vt 0.20054600 0.90596199
vt 0.18536200 0.91279799
vt 0.19122000 0.91637897
vt 0.19009100 0.93364799
vt 0.18164100 0.91884899
vt 0.18105000 0.90758097
vt 0.18536200 0.91279799
vt 0.18164100 0.91884899
vt 0.17722900 0.91098201
vt 0.16977000 0.89804602
vt 0.17158499 0.90093499
vt 0.16703600 0.90423602
vt 0.16478200 0.90165502
vt 0.16478200 0.90165502
vt 0.16703600 0.90423602
vt 0.16303200 0.90822399
vt 0.16039200 0.90601099
vt 0.16977000 0.89804602
vt 0.16478200 0.90165502
vt 0.16441099 0.90123200
vt 0.16947199 0.89757401
vt 0.16478200 0.90165502
vt 0.16039200 0.90601099
vt 0.15995701 0.90564901
vt 0.16441099 0.90123200
vt 0.16039200 0.90601099
vt 0.15675600 0.91112202
vt 0.15626700 0.91082799
vt 0.15995701 0.90564901
vt 0.16303200 0.90822399
vt 0.15972900 0.91291600
vt 0.15675600 0.91112202
vt 0.16039200 0.90601099
vt 0.15675600 0.91112202
vt 0.15972900 0.91291600
vt 0.15712699 0.91823000
vt 0.15388601 0.91692799
vt 0.15675600 0.91112202
vt 0.15388601 0.91692799
vt 0.15335400 0.91671503
vt 0.15626700 0.91082799
vt 0.16060400 0.91347301
vt 0.15809999 0.91866100
vt 0.15712699 0.91823000
vt 0.15972900 0.91291600
vt 0.15388601 0.91692799
vt 0.15712699 0.91823000
vt 0.15527600 0.92411202
vt 0.15184300 0.92340398
vt 0.15809999 0.91866100
vt 0.15628500 0.92436999
vt 0.15527600 0.92411202
vt 0.15712699 0.91823000
vt 0.15969101 0.91941398
vt 0.15787800 0.92484897
vt 0.15628500 0.92436999
vt 0.15809999 0.91866100
vt 0.16199900 0.91438401
vt 0.15969101 0.91941398
vt 0.15809999 0.91866100
vt 0.16060400 0.91347301
vt 0.16650800 0.92271399
vt 0.16733900 0.92311698
vt 0.16465400 0.92782301
vt 0.15787800 0.92484897
vt 0.15969101 0.91941398
vt 0.16493601 0.92194998
vt 0.16508301 0.92220497
vt 0.16556600 0.92258799
vt 0.16615701 0.92275602
vt 0.16493601 0.92194998
vt 0.15969101 0.91941398
vt 0.16199900 0.91438401
vt 0.16853900 0.91782999
vt 0.16780400 0.92106301
vt 0.16775700 0.92070198
vt 0.16745301 0.92017102
vt 0.16697000 0.91979402
vt 0.16637801 0.91962999
vt 0.16576800 0.91970402
vt 0.16523500 0.92000800
vt 0.16486099 0.92048699
vt 0.16470000 0.92107499
vt 0.16477799 0.92168099
vt 0.16733900 0.92311698
vt 0.16650800 0.92271399
vt 0.16676600 0.92268401
vt 0.16729900 0.92238402
vt 0.16759500 0.92200899
vt 0.15388601 0.91692799
vt 0.15184300 0.92340398
vt 0.15127601 0.92328799
vt 0.15335400 0.91671503
vt 0.16947199 0.89757401
vt 0.16441099 0.90123200
vt 0.16416200 0.90095001
vt 0.16927201 0.89725697
vt 0.16579400 0.94917798
vt 0.17062600 0.94380498
vt 0.17583600 0.94431198
vt 0.16826700 0.95030600
vt 0.16826700 0.95030600
vt 0.16102800 0.95627999
vt 0.15972100 0.95460302
vt 0.16579400 0.94917798
vt 0.16638499 0.95462298
vt 0.16282301 0.95735902
vt 0.16102800 0.95627999
vt 0.16826700 0.95030600
vt 0.16937700 0.95231998
vt 0.16875701 0.95279598
vt 0.16851901 0.95240498
vt 0.16802800 0.95204699
vt 0.16743900 0.95190603
vt 0.16684200 0.95200002
vt 0.16632600 0.95231700
vt 0.16596900 0.95280898
vt 0.16582599 0.95339900
vt 0.16592000 0.95399702
vt 0.16623600 0.95451403
vt 0.15972100 0.95460302
vt 0.16102800 0.95627999
vt 0.15957600 0.95761198
vt 0.15834400 0.95584100
vt 0.15834400 0.95584100
vt 0.15957600 0.95761198
vt 0.15873200 0.95852298
vt 0.15750299 0.95670199
vt 0.15477100 0.95993203
vt 0.15750299 0.95670199
vt 0.15873200 0.95852298
vt 0.15612900 0.96193397
vt 0.15655801 0.95370197
vt 0.15750299 0.95670199
vt 0.15477100 0.95993203
vt 0.15363701 0.95658398
vt 0.15263800 0.95760798
vt 0.15390700 0.96108001
vt 0.15381300 0.96123099
vt 0.15250900 0.95773602
vt 0.15139300 0.95228899
vt 0.15263800 0.95760798
vt 0.15250900 0.95773602
vt 0.15125500 0.95238799
vt 0.15050800 0.94555497
vt 0.15160100 0.95212698
vt 0.15139300 0.95228899
vt 0.15029000 0.94567001
vt 0.15381300 0.96123099
vt 0.15340100 0.96163398
vt 0.15198401 0.95801401
vt 0.15250900 0.95773602
vt 0.15390700 0.96108001
vt 0.15533000 0.96307200
vt 0.15526700 0.96322399
vt 0.15381300 0.96123099
vt 0.15526700 0.96322399
vt 0.15509400 0.96375000
vt 0.15340100 0.96163398
vt 0.15381300 0.96123099
vt 0.15533000 0.96307200
vt 0.15738000 0.96430099
vt 0.15732300 0.96447802
vt 0.15526700 0.96322399
vt 0.15738000 0.96430099
vt 0.16089500 0.96508199
vt 0.16086000 0.96527600
vt 0.15732300 0.96447802
vt 0.15752800 0.96404999
vt 0.16101600 0.96480602
vt 0.16089500 0.96508199
vt 0.15738000 0.96430099
vt 0.16101600 0.96480602
vt 0.16637100 0.96527600
vt 0.16628000 0.96555001
vt 0.16089500 0.96508199
vt 0.16124800 0.96438301
vt 0.16655000 0.96485001
vt 0.16637100 0.96527600
vt 0.16101600 0.96480602
vt 0.16655000 0.96485001
vt 0.17325100 0.96516699
vt 0.17312500 0.96558899
vt 0.16637100 0.96527600
vt 0.16637100 0.96527600
vt 0.17312500 0.96558899
vt 0.17306200 0.96585703
vt 0.16628000 0.96555001
vt 0.17325100 0.96516699
vt 0.18087600 0.96539098
vt 0.18080901 0.96581101
vt 0.17312500 0.96558899
vt 0.17312500 0.96558899
vt 0.18080901 0.96581101
vt 0.18077500 0.96607202
vt 0.17306200 0.96585703
vt 0.18080901 0.96581101
vt 0.18888500 0.96594000
vt 0.18888301 0.96619600
vt 0.18077500 0.96607202
vt 0.18087600 0.96539098
vt 0.18889000 0.96552497
vt 0.18888500 0.96594000
vt 0.18080901 0.96581101
vt 0.18098199 0.96476901
vt 0.18889800 0.96490800
vt 0.18889000 0.96552497
vt 0.18087600 0.96539098
vt 0.17344999 0.96454197
vt 0.18098199 0.96476901
vt 0.18087600 0.96539098
vt 0.17325100 0.96516699
vt 0.17344999 0.96454197
vt 0.17472000 0.96076000
vt 0.18166500 0.96098500
vt 0.18098199 0.96476901
vt 0.18098199 0.96476901
vt 0.18166500 0.96098500
vt 0.18896200 0.96114898
vt 0.18889800 0.96490800
vt 0.17515799 0.95977700
vt 0.18190201 0.96001899
vt 0.18166500 0.96098500
vt 0.17472000 0.96076000
vt 0.18190201 0.96001899
vt 0.18897800 0.96020699
vt 0.18896200 0.96114898
vt 0.18166500 0.96098500
vt 0.16683200 0.96422702
vt 0.16862100 0.96048599
vt 0.17472000 0.96076000
vt 0.17344999 0.96454197
vt 0.16921400 0.95953298
vt 0.17515799 0.95977700
vt 0.17472000 0.96076000
vt 0.16862100 0.96048599
vt 0.16380800 0.96011198
vt 0.16862100 0.96048599
vt 0.16683200 0.96422702
vt 0.16160600 0.96376801
vt 0.16683200 0.96422702
vt 0.17344999 0.96454197
vt 0.17325100 0.96516699
vt 0.16655000 0.96485001
vt 0.16160600 0.96376801
vt 0.16683200 0.96422702
vt 0.16655000 0.96485001
vt 0.16124800 0.96438301
vt 0.17020200 0.95823097
vt 0.17592600 0.95839602
vt 0.17515799 0.95977700
vt 0.16921400 0.95953298
vt 0.18888500 0.96594000
vt 0.19677100 0.96595800
vt 0.19679999 0.96621102
vt 0.18888301 0.96619600
vt 0.20371900 0.95395797
vt 0.19835800 0.95298898
vt 0.19517200 0.94674301
vt 0.20226800 0.94953799
vt 0.20742700 0.95527399
vt 0.20371900 0.95395797
vt 0.20226800 0.94953799
vt 0.20813300 0.95376700
vt 0.21481401 0.95689100
vt 0.21388300 0.95651698
vt 0.21389601 0.95644099
vt 0.21491601 0.95643401
vt 0.21389601 0.95644099
vt 0.21388200 0.95636499
vt 0.21483700 0.95596498
vt 0.21491601 0.95643401
vt 0.21388200 0.95636499
vt 0.21384200 0.95630002
vt 0.21460100 0.95556003
vt 0.21483700 0.95596498
vt 0.21384200 0.95630002
vt 0.21378100 0.95625699
vt 0.21422499 0.95531702
vt 0.21460100 0.95556003
vt 0.21422499 0.95531702
vt 0.21378100 0.95625699
vt 0.21370800 0.95623797
vt 0.21377701 0.95521998
vt 0.22958000 0.93510902
vt 0.22918600 0.92816502
vt 0.22932900 0.92815900
vt 0.22972400 0.93512899
vt 0.21813300 0.96600699
vt 0.22041000 0.96509701
vt 0.22047600 0.96525502
vt 0.21812400 0.96618098
vt 0.21480601 0.96642798
vt 0.21813300 0.96600699
vt 0.21812400 0.96618098
vt 0.21476400 0.96659398
vt 0.21816300 0.96548200
vt 0.21813300 0.96600699
vt 0.21480601 0.96642798
vt 0.21493700 0.96590501
vt 0.22022800 0.96462899
vt 0.22041000 0.96509701
vt 0.21813300 0.96600699
vt 0.21816300 0.96548200
vt 0.21490701 0.96573502
vt 0.21811301 0.96532601
vt 0.21816300 0.96548200
vt 0.21493700 0.96590501
vt 0.21811301 0.96532601
vt 0.22016700 0.96449703
vt 0.22022800 0.96462899
vt 0.21816300 0.96548200
vt 0.21493700 0.96590501
vt 0.21480601 0.96642798
vt 0.21003801 0.96664101
vt 0.21016800 0.96611601
vt 0.21015100 0.96594697
vt 0.21490701 0.96573502
vt 0.21493700 0.96590501
vt 0.21016800 0.96611601
vt 0.21480900 0.96548802
vt 0.21799301 0.96509898
vt 0.21811301 0.96532601
vt 0.21490701 0.96573502
vt 0.21007299 0.96569997
vt 0.21480900 0.96548802
vt 0.21490701 0.96573502
vt 0.21015100 0.96594697
vt 0.21461999 0.96510297
vt 0.21777999 0.96473998
vt 0.21799301 0.96509898
vt 0.21480900 0.96548802
vt 0.20992100 0.96530801
vt 0.21461999 0.96510297
vt 0.21480900 0.96548802
vt 0.21007299 0.96569997
vt 0.20968300 0.96473002
vt 0.21433100 0.96453798
vt 0.21461999 0.96510297
vt 0.20992100 0.96530801
vt 0.21433100 0.96453798
vt 0.21745799 0.96420598
vt 0.21777999 0.96473998
vt 0.21461999 0.96510297
vt 0.21777999 0.96473998
vt 0.21984500 0.96395600
vt 0.22005101 0.96429199
vt 0.21799301 0.96509898
vt 0.21799301 0.96509898
vt 0.22005101 0.96429199
vt 0.22016700 0.96449703
vt 0.21811301 0.96532601
vt 0.22005101 0.96429199
vt 0.22162600 0.96276402
vt 0.22175600 0.96297598
vt 0.22016700 0.96449703
vt 0.21003801 0.96664101
vt 0.21480601 0.96642798
vt 0.21476400 0.96659398
vt 0.20999500 0.96680599
vt 0.20394500 0.96682698
vt 0.21003801 0.96664101
vt 0.20999500 0.96680599
vt 0.20391101 0.96699500
vt 0.12976600 0.68166798
vt 0.12307700 0.68456799
vt 0.12205400 0.67889100
vt 0.12739600 0.67840600
vt 0.12739600 0.67840600
vt 0.12907401 0.67476702
vt 0.13508999 0.67773402
vt 0.12976600 0.68166798
vt 0.12739600 0.67840600
vt 0.12205400 0.67889100
vt 0.12207800 0.67301202
vt 0.12907401 0.67476702
vt 0.12307700 0.68456799
vt 0.12048100 0.68528199
vt 0.11949900 0.67903501
vt 0.12205400 0.67889100
vt 0.12205400 0.67889100
vt 0.11949900 0.67903501
vt 0.11944000 0.67254698
vt 0.12207800 0.67301202
vt 0.11553800 0.67900199
vt 0.11949900 0.67903501
vt 0.12048100 0.68528199
vt 0.11662700 0.68605101
vt 0.11555200 0.67162198
vt 0.11944000 0.67254698
vt 0.11949900 0.67903501
vt 0.11553800 0.67900199
vt 0.11553800 0.67900199
vt 0.11662700 0.68605101
vt 0.11603300 0.68616802
vt 0.11490300 0.67899501
vt 0.11555200 0.67162198
vt 0.11553800 0.67900199
vt 0.11490300 0.67899501
vt 0.11495400 0.67147303
vt 0.11495400 0.67147303
vt 0.11490300 0.67899501
vt 0.11451100 0.67898703
vt 0.11459500 0.67137998
vt 0.11490300 0.67899501
vt 0.11603300 0.68616802
vt 0.11567700 0.68623698
vt 0.11451100 0.67898703
vt 0.11451100 0.67898703
vt 0.11567700 0.68623698
vt 0.11550300 0.68626702
vt 0.11430700 0.67897999
vt 0.11459500 0.67137998
vt 0.11451100 0.67898703
vt 0.11430700 0.67897999
vt 0.11442200 0.67132801
vt 0.11532500 0.66406399
vt 0.11459500 0.67137998
vt 0.11442200 0.67132801
vt 0.11516000 0.66397399
vt 0.11566700 0.66423601
vt 0.11495400 0.67147303
vt 0.11459500 0.67137998
vt 0.11532500 0.66406399
vt 0.11673700 0.65776998
vt 0.11566700 0.66423601
vt 0.11532500 0.66406399
vt 0.11641200 0.65752703
vt 0.11641200 0.65752703
vt 0.11532500 0.66406399
vt 0.11516000 0.66397399
vt 0.11625400 0.65740103
vt 0.11516000 0.66397399
vt 0.11442200 0.67132801
vt 0.11431200 0.67129600
vt 0.11505500 0.66392499
vt 0.11625400 0.65740103
vt 0.11516000 0.66397399
vt 0.11505500 0.66392499
vt 0.11615200 0.65733600
vt 0.11763500 0.65225101
vt 0.11641200 0.65752703
vt 0.11625400 0.65740103
vt 0.11748700 0.65208799
vt 0.11748700 0.65208799
vt 0.11625400 0.65740103
vt 0.11615200 0.65733600
vt 0.11739000 0.65200400
vt 0.11505500 0.66392499
vt 0.11468900 0.66383499
vt 0.11579100 0.65722698
vt 0.11615200 0.65733600
vt 0.11615200 0.65733600
vt 0.11579100 0.65722698
vt 0.11704200 0.65185899
vt 0.11739000 0.65200400
vt 0.11739000 0.65200400
vt 0.11704200 0.65185899
vt 0.11842000 0.64823699
vt 0.11869600 0.64846301
vt 0.11876200 0.64856601
vt 0.11748700 0.65208799
vt 0.11739000 0.65200400
vt 0.11869600 0.64846301
vt 0.12021200 0.64651501
vt 0.11876200 0.64856601
vt 0.11869600 0.64846301
vt 0.12018100 0.64641500
vt 0.11869600 0.64846301
vt 0.11842000 0.64823699
vt 0.12006600 0.64610797
vt 0.12018100 0.64641500
vt 0.11842000 0.64823699
vt 0.11810600 0.64799201
vt 0.11992600 0.64575100
vt 0.12006600 0.64610797
vt 0.11704200 0.65185899
vt 0.11666400 0.65171301
vt 0.11810600 0.64799201
vt 0.11842000 0.64823699
vt 0.11579100 0.65722698
vt 0.11540500 0.65711999
vt 0.11666400 0.65171301
vt 0.11704200 0.65185899
vt 0.11429700 0.66374701
vt 0.11540500 0.65711999
vt 0.11579100 0.65722698
vt 0.11468900 0.66383499
vt 0.11393700 0.67123401
vt 0.11353600 0.67117399
vt 0.11429700 0.66374701
vt 0.11468900 0.66383499
vt 0.11382100 0.67896700
vt 0.11341600 0.67896497
vt 0.11353600 0.67117399
vt 0.11393700 0.67123401
vt 0.11431200 0.67129600
vt 0.11393700 0.67123401
vt 0.11468900 0.66383499
vt 0.11505500 0.66392499
vt 0.11419700 0.67897201
vt 0.11382100 0.67896700
vt 0.11393700 0.67123401
vt 0.11431200 0.67129600
vt 0.11502600 0.68634403
vt 0.11463200 0.68641198
vt 0.11341600 0.67896497
vt 0.11382100 0.67896700
vt 0.11539300 0.68628198
vt 0.11502600 0.68634403
vt 0.11382100 0.67896700
vt 0.11419700 0.67897201
vt 0.11746700 0.69296300
vt 0.11712300 0.69308102
vt 0.11502600 0.68634403
vt 0.11539300 0.68628198
vt 0.11675300 0.69321001
vt 0.11463200 0.68641198
vt 0.11502600 0.68634403
vt 0.11712300 0.69308102
vt 0.12008500 0.69914299
vt 0.11974500 0.69932997
vt 0.11675300 0.69321001
vt 0.11712300 0.69308102
vt 0.12356100 0.70473897
vt 0.11974500 0.69932997
vt 0.12008500 0.69914299
vt 0.12385900 0.70449698
vt 0.12842400 0.70907098
vt 0.12817401 0.70936000
vt 0.12356100 0.70473897
vt 0.12385900 0.70449698
vt 0.13341400 0.71318299
vt 0.12817401 0.70936000
vt 0.12842400 0.70907098
vt 0.13361700 0.71285999
vt 0.13930300 0.71581900
vt 0.13915101 0.71616697
vt 0.13341400 0.71318299
vt 0.13361700 0.71285999
vt 0.14535999 0.71785498
vt 0.14526901 0.71822202
vt 0.13915101 0.71616697
vt 0.13930300 0.71581900
vt 0.15166099 0.71884602
vt 0.15163200 0.71922302
vt 0.14526901 0.71822202
vt 0.14535999 0.71785498
vt 0.15806299 0.71922302
vt 0.15163200 0.71922302
vt 0.15166099 0.71884602
vt 0.15803599 0.71884698
vt 0.16432700 0.71788102
vt 0.16441099 0.71824801
vt 0.15806299 0.71922302
vt 0.15803599 0.71884698
vt 0.17037299 0.71594697
vt 0.17051700 0.71629399
vt 0.16441099 0.71824801
vt 0.16432700 0.71788102
vt 0.17599300 0.71302599
vt 0.17619300 0.71334302
vt 0.17051700 0.71629399
vt 0.17037299 0.71594697
vt 0.18131600 0.70954502
vt 0.17619300 0.71334302
vt 0.17599300 0.71302599
vt 0.18107100 0.70926303
vt 0.18548900 0.70478201
vt 0.18577300 0.70502102
vt 0.18131600 0.70954502
vt 0.18107100 0.70926303
vt 0.18943000 0.69986302
vt 0.18577300 0.70502102
vt 0.18548900 0.70478201
vt 0.18911199 0.69968098
vt 0.19179501 0.69404697
vt 0.19213600 0.69416797
vt 0.18943000 0.69986302
vt 0.18911199 0.69968098
vt 0.19394900 0.68808901
vt 0.19213600 0.69416797
vt 0.19179501 0.69404697
vt 0.19360000 0.68801999
vt 0.19473900 0.68161303
vt 0.19509700 0.68164200
vt 0.19394900 0.68808901
vt 0.19360000 0.68801999
vt 0.19515300 0.67454201
vt 0.19551700 0.67452401
vt 0.19509700 0.68164200
vt 0.19473900 0.68161303
vt 0.19426601 0.66711700
vt 0.19462700 0.66706598
vt 0.19551700 0.67452401
vt 0.19515300 0.67454201
vt 0.19312200 0.66002101
vt 0.19462700 0.66706598
vt 0.19426601 0.66711700
vt 0.19276600 0.66007602
vt 0.19100200 0.65394300
vt 0.19136000 0.65388697
vt 0.19312200 0.66002101
vt 0.19276600 0.66007602
vt 0.18962599 0.64903200
vt 0.19136000 0.65388697
vt 0.19100200 0.65394300
vt 0.18926300 0.64912099
vt 0.18761300 0.64604700
vt 0.18792500 0.64584500
vt 0.18962599 0.64903200
vt 0.18926300 0.64912099
vt 0.18604900 0.64405400
vt 0.18792500 0.64584500
vt 0.18761300 0.64604700
vt 0.18589801 0.64438403
vt 0.18370201 0.64345402
vt 0.18365900 0.64307898
vt 0.18604900 0.64405400
vt 0.18589801 0.64438403
vt 0.18032999 0.64302802
vt 0.18019900 0.64267898
vt 0.18365900 0.64307898
vt 0.18370201 0.64345402
vt 0.17543600 0.64287502
vt 0.17530900 0.64253700
vt 0.18019900 0.64267898
vt 0.18032999 0.64302802
vt 0.16912200 0.64243001
vt 0.17530900 0.64253700
vt 0.17543600 0.64287502
vt 0.16921900 0.64277500
vt 0.16930901 0.64310497
vt 0.16921900 0.64277500
vt 0.17543600 0.64287502
vt 0.17555600 0.64319497
vt 0.17555600 0.64319497
vt 0.17543600 0.64287502
vt 0.18032999 0.64302802
vt 0.18045200 0.64335299
vt 0.16931701 0.64322102
vt 0.16930901 0.64310497
vt 0.17555600 0.64319497
vt 0.17556500 0.64331299
vt 0.17556500 0.64331299
vt 0.17555600 0.64319497
vt 0.18045200 0.64335299
vt 0.18045300 0.64347601
vt 0.18045300 0.64347601
vt 0.18045200 0.64335299
vt 0.18374100 0.64378399
vt 0.18371899 0.64389402
vt 0.18045200 0.64335299
vt 0.18032999 0.64302802
vt 0.18370201 0.64345402
vt 0.18374100 0.64378399
vt 0.18374100 0.64378399
vt 0.18370201 0.64345402
vt 0.18589801 0.64438403
vt 0.18577600 0.64466500
vt 0.18371899 0.64389402
vt 0.18374100 0.64378399
vt 0.18577600 0.64466500
vt 0.18573900 0.64475298
vt 0.18037900 0.64367098
vt 0.18045300 0.64347601
vt 0.18371899 0.64389402
vt 0.18362400 0.64407098
vt 0.18362400 0.64407098
vt 0.18371899 0.64389402
vt 0.18573900 0.64475298
vt 0.18565300 0.64490902
vt 0.18565300 0.64490902
vt 0.18573900 0.64475298
vt 0.18727700 0.64631999
vt 0.18717600 0.64648902
vt 0.18573900 0.64475298
vt 0.18577600 0.64466500
vt 0.18734500 0.64623201
vt 0.18727700 0.64631999
vt 0.18717600 0.64648902
vt 0.18727700 0.64631999
vt 0.18883300 0.64928502
vt 0.18870100 0.64944100
vt 0.18727700 0.64631999
vt 0.18734500 0.64623201
vt 0.18893200 0.64921600
vt 0.18883300 0.64928502
vt 0.18577600 0.64466500
vt 0.18589801 0.64438403
vt 0.18761300 0.64604700
vt 0.18734500 0.64623201
vt 0.18734500 0.64623201
vt 0.18761300 0.64604700
vt 0.18926300 0.64912099
vt 0.18893200 0.64921600
vt 0.18926300 0.64912099
vt 0.19100200 0.65394300
vt 0.19066800 0.65400499
vt 0.18893200 0.64921600
vt 0.19056401 0.65405703
vt 0.18883300 0.64928502
vt 0.18893200 0.64921600
vt 0.19066800 0.65400499
vt 0.19232801 0.66017503
vt 0.19056401 0.65405703
vt 0.19066800 0.65400499
vt 0.19243300 0.66013402
vt 0.19066800 0.65400499
vt 0.19100200 0.65394300
vt 0.19276600 0.66007602
vt 0.19243300 0.66013402
vt 0.19243300 0.66013402
vt 0.19276600 0.66007602
vt 0.19426601 0.66711700
vt 0.19392800 0.66716897
vt 0.19382200 0.66719800
vt 0.19232801 0.66017503
vt 0.19243300 0.66013402
vt 0.19392800 0.66716897
vt 0.19365899 0.66726100
vt 0.19217300 0.66027099
vt 0.19232801 0.66017503
vt 0.19382200 0.66719800
vt 0.19217300 0.66027099
vt 0.19041800 0.65418202
vt 0.19056401 0.65405703
vt 0.19232801 0.66017503
vt 0.19187200 0.66046602
vt 0.19014201 0.65443897
vt 0.19041800 0.65418202
vt 0.19217300 0.66027099
vt 0.19333300 0.66738498
vt 0.19187200 0.66046602
vt 0.19217300 0.66027099
vt 0.19365899 0.66726100
vt 0.19451800 0.67459899
vt 0.19365899 0.66726100
vt 0.19382200 0.66719800
vt 0.19471200 0.67457402
vt 0.19415300 0.67464298
vt 0.19333300 0.66738498
vt 0.19365899 0.66726100
vt 0.19451800 0.67459899
vt 0.19356599 0.67471498
vt 0.19279499 0.66758800
vt 0.19333300 0.66738498
vt 0.19415300 0.67464298
vt 0.19279499 0.66758800
vt 0.19137700 0.66078901
vt 0.19187200 0.66046602
vt 0.19333300 0.66738498
vt 0.18992101 0.67515701
vt 0.18929900 0.66887301
vt 0.19279499 0.66758800
vt 0.19356599 0.67471498
vt 0.19279499 0.66758800
vt 0.18929900 0.66887301
vt 0.18813400 0.66286999
vt 0.19137700 0.66078901
vt 0.19137700 0.66078901
vt 0.18969101 0.65486503
vt 0.19014201 0.65443897
vt 0.19187200 0.66046602
vt 0.19137700 0.66078901
vt 0.18813400 0.66286999
vt 0.18674700 0.65762001
vt 0.18969101 0.65486503
vt 0.18464699 0.65921098
vt 0.18674700 0.65762001
vt 0.18813400 0.66286999
vt 0.18576100 0.66410398
vt 0.18813400 0.66286999
vt 0.18929900 0.66887301
vt 0.18687600 0.66959000
vt 0.18576100 0.66410398
vt 0.17866699 0.66238600
vt 0.18464699 0.65921098
vt 0.18576100 0.66410398
vt 0.17857701 0.66729599
vt 0.17857701 0.66729599
vt 0.18576100 0.66410398
vt 0.18687600 0.66959000
vt 0.18043099 0.67199999
vt 0.18687600 0.66959000
vt 0.18929900 0.66887301
vt 0.18992101 0.67515701
vt 0.18752000 0.67528999
vt 0.18043099 0.67199999
vt 0.18687600 0.66959000
vt 0.18752000 0.67528999
vt 0.18242100 0.67537498
vt 0.18043099 0.67199999
vt 0.17497300 0.67552799
vt 0.17088300 0.67048901
vt 0.17857701 0.66729599
vt 0.18242100 0.67537498
vt 0.18053500 0.67879099
vt 0.17497300 0.67552799
vt 0.18043099 0.67199999
vt 0.18752000 0.67528999
vt 0.18716000 0.68086302
vt 0.18053500 0.67879099
vt 0.18242100 0.67537498
vt 0.18053500 0.67879099
vt 0.17853700 0.68360502
vt 0.17053901 0.68095303
vt 0.17497300 0.67552799
vt 0.18335000 0.68508703
vt 0.17853700 0.68360502
vt 0.18053500 0.67879099
vt 0.18716000 0.68086302
vt 0.18606000 0.68601400
vt 0.18476801 0.68553197
vt 0.18503100 0.68543500
vt 0.18543001 0.68512702
vt 0.18566500 0.68468201
vt 0.18573400 0.68419099
vt 0.18558200 0.68371999
vt 0.18526700 0.68331802
vt 0.18482199 0.68305397
vt 0.18432300 0.68296498
vt 0.18383600 0.68310702
vt 0.18342599 0.68340802
vt 0.18318500 0.68385398
vt 0.18311501 0.68435699
vt 0.18322501 0.68484098
vt 0.18606000 0.68601400
vt 0.18468100 0.69110799
vt 0.17806700 0.68876702
vt 0.17853700 0.68360502
vt 0.18335000 0.68508703
vt 0.18353701 0.68533599
vt 0.18396500 0.68556499
vt 0.18444800 0.68562698
vt 0.18476801 0.68553197
vt 0.17806700 0.68876702
vt 0.17172100 0.68801898
vt 0.17053901 0.68095303
vt 0.17853700 0.68360502
vt 0.17815800 0.69261199
vt 0.17483400 0.69403201
vt 0.17172100 0.68801898
vt 0.17806700 0.68876702
vt 0.17806700 0.68876702
vt 0.18468100 0.69110799
vt 0.18255800 0.69569099
vt 0.17815800 0.69261199
vt 0.18255800 0.69569099
vt 0.17951100 0.69966102
vt 0.17483400 0.69403201
vt 0.17815800 0.69261199
vt 0.17483400 0.69403201
vt 0.17951100 0.69966102
vt 0.17582799 0.70316398
vt 0.17062300 0.69651598
vt 0.17483400 0.69403201
vt 0.17062300 0.69651598
vt 0.16523799 0.68949699
vt 0.17172100 0.68801898
vt 0.17951100 0.69966102
vt 0.18144000 0.70145202
vt 0.17758600 0.70531398
vt 0.17582799 0.70316398
vt 0.18462799 0.69705302
vt 0.18144000 0.70145202
vt 0.17951100 0.69966102
vt 0.18255800 0.69569099
vt 0.18431100 0.70381898
vt 0.18144000 0.70145202
vt 0.18462799 0.69705302
vt 0.18780699 0.69893003
vt 0.18005700 0.70811999
vt 0.17758600 0.70531398
vt 0.18144000 0.70145202
vt 0.18431100 0.70381898
vt 0.18468100 0.69110799
vt 0.18701500 0.69215000
vt 0.18462799 0.69705302
vt 0.18255800 0.69569099
vt 0.18462799 0.69705302
vt 0.18701500 0.69215000
vt 0.19040500 0.69351703
vt 0.18780699 0.69893003
vt 0.18431100 0.70381898
vt 0.18780699 0.69893003
vt 0.18829601 0.69921398
vt 0.18475300 0.70417899
vt 0.18780699 0.69893003
vt 0.19040500 0.69351703
vt 0.19092500 0.69372201
vt 0.18829601 0.69921398
vt 0.19040500 0.69351703
vt 0.19216400 0.68769598
vt 0.19270000 0.68782401
vt 0.19092500 0.69372201
vt 0.19040500 0.69351703
vt 0.18701500 0.69215000
vt 0.18863501 0.68682402
vt 0.19216400 0.68769598
vt 0.18829601 0.69921398
vt 0.19092500 0.69372201
vt 0.19123600 0.69384402
vt 0.18858901 0.69938302
vt 0.19092500 0.69372201
vt 0.19270000 0.68782401
vt 0.19302200 0.68790001
vt 0.19123600 0.69384402
vt 0.18858901 0.69938302
vt 0.19123600 0.69384402
vt 0.19138700 0.69390202
vt 0.18873100 0.69946402
vt 0.19123600 0.69384402
vt 0.19302200 0.68790001
vt 0.19317800 0.68793499
vt 0.19138700 0.69390202
vt 0.19138700 0.69390202
vt 0.19317800 0.68793499
vt 0.19327500 0.68795502
vt 0.19148000 0.69393498
vt 0.18873100 0.69946402
vt 0.19138700 0.69390202
vt 0.19148000 0.69393498
vt 0.18881799 0.69951302
vt 0.19148000 0.69393498
vt 0.19179501 0.69404697
vt 0.18911199 0.69968098
vt 0.18881799 0.69951302
vt 0.19327500 0.68795502
vt 0.19360000 0.68801999
vt 0.19179501 0.69404697
vt 0.19148000 0.69393498
vt 0.19440500 0.68158799
vt 0.19473900 0.68161303
vt 0.19360000 0.68801999
vt 0.19327500 0.68795502
vt 0.19317800 0.68793499
vt 0.19430301 0.68158299
vt 0.19440500 0.68158799
vt 0.19327500 0.68795502
vt 0.19481499 0.67456198
vt 0.19515300 0.67454201
vt 0.19473900 0.68161303
vt 0.19440500 0.68158799
vt 0.19430301 0.68158299
vt 0.19471200 0.67457402
vt 0.19481499 0.67456198
vt 0.19440500 0.68158799
vt 0.19414000 0.68157297
vt 0.19451800 0.67459899
vt 0.19471200 0.67457402
vt 0.19430301 0.68158299
vt 0.19302200 0.68790001
vt 0.19414000 0.68157297
vt 0.19430301 0.68158299
vt 0.19317800 0.68793499
vt 0.19380800 0.68154699
vt 0.19415300 0.67464298
vt 0.19451800 0.67459899
vt 0.19414000 0.68157297
vt 0.19270000 0.68782401
vt 0.19380800 0.68154699
vt 0.19414000 0.68157297
vt 0.19302200 0.68790001
vt 0.19325601 0.68150198
vt 0.19356599 0.67471498
vt 0.19415300 0.67464298
vt 0.19380800 0.68154699
vt 0.19216400 0.68769598
vt 0.19325601 0.68150198
vt 0.19380800 0.68154699
vt 0.19270000 0.68782401
vt 0.19325601 0.68150198
vt 0.18965299 0.68121898
vt 0.18992101 0.67515701
vt 0.19356599 0.67471498
vt 0.19216400 0.68769598
vt 0.18863501 0.68682402
vt 0.18965299 0.68121898
vt 0.19325601 0.68150198
vt 0.18992101 0.67515701
vt 0.18965299 0.68121898
vt 0.18716000 0.68086302
vt 0.18752000 0.67528999
vt 0.18716000 0.68086302
vt 0.18965299 0.68121898
vt 0.18863501 0.68682402
vt 0.18606000 0.68601400
vt 0.18863501 0.68682402
vt 0.18701500 0.69215000
vt 0.18468100 0.69110799
vt 0.18606000 0.68601400
vt 0.18441901 0.68456900
vt 0.18450500 0.68454403
vt 0.18503100 0.68543500
vt 0.18476801 0.68553197
vt 0.18444800 0.68562698
vt 0.18432701 0.68455398
vt 0.18441901 0.68456900
vt 0.18444800 0.68562698
vt 0.18396500 0.68556499
vt 0.18455200 0.68415898
vt 0.18460500 0.68422902
vt 0.18462799 0.68431401
vt 0.18461800 0.68440300
vt 0.18457501 0.68448299
vt 0.18450500 0.68454403
vt 0.18441901 0.68456900
vt 0.18432701 0.68455398
vt 0.18424299 0.68451101
vt 0.18418901 0.68443799
vt 0.18417300 0.68434799
vt 0.18418799 0.68425900
vt 0.18423501 0.68418097
vt 0.18430600 0.68412697
vt 0.18439101 0.68410403
vt 0.18447700 0.68411601
vt 0.18424299 0.68451101
vt 0.18432701 0.68455398
vt 0.18396500 0.68556499
vt 0.18353701 0.68533599
vt 0.18418901 0.68443799
vt 0.18424299 0.68451101
vt 0.18353701 0.68533599
vt 0.18335000 0.68508703
vt 0.18322501 0.68484098
vt 0.18417300 0.68434799
vt 0.18418901 0.68443799
vt 0.18322501 0.68484098
vt 0.18311501 0.68435699
vt 0.18418799 0.68425900
vt 0.18417300 0.68434799
vt 0.18311501 0.68435699
vt 0.18318500 0.68385398
vt 0.18423501 0.68418097
vt 0.18418799 0.68425900
vt 0.18318500 0.68385398
vt 0.18342599 0.68340802
vt 0.18430600 0.68412697
vt 0.18423501 0.68418097
vt 0.18342599 0.68340802
vt 0.18383600 0.68310702
vt 0.18439101 0.68410403
vt 0.18430600 0.68412697
vt 0.18383600 0.68310702
vt 0.18432300 0.68296498
vt 0.18447700 0.68411601
vt 0.18439101 0.68410403
vt 0.18432300 0.68296498
vt 0.18482199 0.68305397
vt 0.18455200 0.68415898
vt 0.18447700 0.68411601
vt 0.18482199 0.68305397
vt 0.18526700 0.68331802
vt 0.18460500 0.68422902
vt 0.18455200 0.68415898
vt 0.18526700 0.68331802
vt 0.18558200 0.68371999
vt 0.18573400 0.68419099
vt 0.18462799 0.68431401
vt 0.18460500 0.68422902
vt 0.18558200 0.68371999
vt 0.18566500 0.68468201
vt 0.18461800 0.68440300
vt 0.18462799 0.68431401
vt 0.18573400 0.68419099
vt 0.18543001 0.68512702
vt 0.18457501 0.68448299
vt 0.18461800 0.68440300
vt 0.18566500 0.68468201
vt 0.18503100 0.68543500
vt 0.18450500 0.68454403
vt 0.18457501 0.68448299
vt 0.18543001 0.68512702
vt 0.19471200 0.67457402
vt 0.19382200 0.66719800
vt 0.19392800 0.66716897
vt 0.19481499 0.67456198
vt 0.19392800 0.66716897
vt 0.19426601 0.66711700
vt 0.19515300 0.67454201
vt 0.19481499 0.67456198
vt 0.18911199 0.69968098
vt 0.18548900 0.70478201
vt 0.18522599 0.70456201
vt 0.18881799 0.69951302
vt 0.18514700 0.70449799
vt 0.18873100 0.69946402
vt 0.18881799 0.69951302
vt 0.18522599 0.70456201
vt 0.18077500 0.70892602
vt 0.18514700 0.70449799
vt 0.18522599 0.70456201
vt 0.18084300 0.70900297
vt 0.18522599 0.70456201
vt 0.18548900 0.70478201
vt 0.18107100 0.70926303
vt 0.18084300 0.70900297
vt 0.18501800 0.70439398
vt 0.18858901 0.69938302
vt 0.18873100 0.69946402
vt 0.18514700 0.70449799
vt 0.18066500 0.70880300
vt 0.18501800 0.70439398
vt 0.18514700 0.70449799
vt 0.18077500 0.70892602
vt 0.17566399 0.71250600
vt 0.18066500 0.70880300
vt 0.18077500 0.70892602
vt 0.17575300 0.71264601
vt 0.17575300 0.71264601
vt 0.18077500 0.70892602
vt 0.18084300 0.70900297
vt 0.17580800 0.71273297
vt 0.17020100 0.71553200
vt 0.17575300 0.71264601
vt 0.17580800 0.71273297
vt 0.17024000 0.71562701
vt 0.17013700 0.71538001
vt 0.17566399 0.71250600
vt 0.17575300 0.71264601
vt 0.17020100 0.71553200
vt 0.17548101 0.71221501
vt 0.18043700 0.70854700
vt 0.18066500 0.70880300
vt 0.17566399 0.71250600
vt 0.17000300 0.71506399
vt 0.17548101 0.71221501
vt 0.17566399 0.71250600
vt 0.17013700 0.71538001
vt 0.16410699 0.71694398
vt 0.17000300 0.71506399
vt 0.17013700 0.71538001
vt 0.16418800 0.71727800
vt 0.16418800 0.71727800
vt 0.17013700 0.71538001
vt 0.17020100 0.71553200
vt 0.16422600 0.71744001
vt 0.15799201 0.71822900
vt 0.16418800 0.71727800
vt 0.16422600 0.71744001
vt 0.15800300 0.71839499
vt 0.15796700 0.71788502
vt 0.16410699 0.71694398
vt 0.16418800 0.71727800
vt 0.15799201 0.71822900
vt 0.15174600 0.71788299
vt 0.15796700 0.71788502
vt 0.15799201 0.71822900
vt 0.15171300 0.71822798
vt 0.15171300 0.71822798
vt 0.15799201 0.71822900
vt 0.15800300 0.71839499
vt 0.15169799 0.71839398
vt 0.15800300 0.71839499
vt 0.16422600 0.71744001
vt 0.16425000 0.71754098
vt 0.15801001 0.71849799
vt 0.15169799 0.71839398
vt 0.15800300 0.71839499
vt 0.15801001 0.71849799
vt 0.15168899 0.71849698
vt 0.14551400 0.71725500
vt 0.15171300 0.71822798
vt 0.15169799 0.71839398
vt 0.14547101 0.71741599
vt 0.14547101 0.71741599
vt 0.15169799 0.71839398
vt 0.15168899 0.71849698
vt 0.14544500 0.71751601
vt 0.15168899 0.71849698
vt 0.15166099 0.71884602
vt 0.14535999 0.71785498
vt 0.14544500 0.71751601
vt 0.15801001 0.71849799
vt 0.15803599 0.71884698
vt 0.15166099 0.71884602
vt 0.15168899 0.71849698
vt 0.13948700 0.71540201
vt 0.14547101 0.71741599
vt 0.14544500 0.71751601
vt 0.13944399 0.71549702
vt 0.14544500 0.71751601
vt 0.14535999 0.71785498
vt 0.13930300 0.71581900
vt 0.13944399 0.71549702
vt 0.13386200 0.71247500
vt 0.13948700 0.71540201
vt 0.13944399 0.71549702
vt 0.13380501 0.71256298
vt 0.13944399 0.71549702
vt 0.13930300 0.71581900
vt 0.13361700 0.71285999
vt 0.13380501 0.71256298
vt 0.12872601 0.70872599
vt 0.13386200 0.71247500
vt 0.13380501 0.71256298
vt 0.12865600 0.70880502
vt 0.13380501 0.71256298
vt 0.13361700 0.71285999
vt 0.12842400 0.70907098
vt 0.12865600 0.70880502
vt 0.12884200 0.70859998
vt 0.13395500 0.71233302
vt 0.13386200 0.71247500
vt 0.12872601 0.70872599
vt 0.13395500 0.71233302
vt 0.13955601 0.71524799
vt 0.13948700 0.71540201
vt 0.13386200 0.71247500
vt 0.12421700 0.70420802
vt 0.12872601 0.70872599
vt 0.12865600 0.70880502
vt 0.12413400 0.70427400
vt 0.12435000 0.70410103
vt 0.12884200 0.70859998
vt 0.12872601 0.70872599
vt 0.12421700 0.70420802
vt 0.12049300 0.69892001
vt 0.12421700 0.70420802
vt 0.12413400 0.70427400
vt 0.12040000 0.69897097
vt 0.12064400 0.69883400
vt 0.12435000 0.70410103
vt 0.12421700 0.70420802
vt 0.12049300 0.69892001
vt 0.11773200 0.69286799
vt 0.12064400 0.69883400
vt 0.12049300 0.69892001
vt 0.11756900 0.69292903
vt 0.11756900 0.69292903
vt 0.12049300 0.69892001
vt 0.12040000 0.69897097
vt 0.11746700 0.69296300
vt 0.12385900 0.70449698
vt 0.12008500 0.69914299
vt 0.12040000 0.69897097
vt 0.12413400 0.70427400
vt 0.12040000 0.69897097
vt 0.12008500 0.69914299
vt 0.11712300 0.69308102
vt 0.11746700 0.69296300
vt 0.11550300 0.68626702
vt 0.11756900 0.69292903
vt 0.11746700 0.69296300
vt 0.11539300 0.68628198
vt 0.11567700 0.68623698
vt 0.11773200 0.69286799
vt 0.11756900 0.69292903
vt 0.11550300 0.68626702
vt 0.11603300 0.68616802
vt 0.11806800 0.69273901
vt 0.11773200 0.69286799
vt 0.11567700 0.68623698
vt 0.11806800 0.69273901
vt 0.12095300 0.69865298
vt 0.12064400 0.69883400
vt 0.11773200 0.69286799
vt 0.11862800 0.69252098
vt 0.12146900 0.69835001
vt 0.12095300 0.69865298
vt 0.11806800 0.69273901
vt 0.11662700 0.68605101
vt 0.11862800 0.69252098
vt 0.11806800 0.69273901
vt 0.11603300 0.68616802
vt 0.12146900 0.69835001
vt 0.12508599 0.70350099
vt 0.12462600 0.70387602
vt 0.12095300 0.69865298
vt 0.12095300 0.69865298
vt 0.12462600 0.70387602
vt 0.12435000 0.70410103
vt 0.12064400 0.69883400
vt 0.12508599 0.70350099
vt 0.12947300 0.70789897
vt 0.12907800 0.70833701
vt 0.12462600 0.70387602
vt 0.12462600 0.70387602
vt 0.12907800 0.70833701
vt 0.12884200 0.70859998
vt 0.12435000 0.70410103
vt 0.12146900 0.69835001
vt 0.12483100 0.69636703
vt 0.12808201 0.70104498
vt 0.12508599 0.70350099
vt 0.12808201 0.70104498
vt 0.13203900 0.70502800
vt 0.12947300 0.70789897
vt 0.12508599 0.70350099
vt 0.12808201 0.70104498
vt 0.12483100 0.69636703
vt 0.12711300 0.69492102
vt 0.12999800 0.69932002
vt 0.13371700 0.70290297
vt 0.13203900 0.70502800
vt 0.12808201 0.70104498
vt 0.12999800 0.69932002
vt 0.13759901 0.69649398
vt 0.13371700 0.70290297
vt 0.12999800 0.69932002
vt 0.13402800 0.69551897
vt 0.12999800 0.69932002
vt 0.12711300 0.69492102
vt 0.13358800 0.69156700
vt 0.13402800 0.69551897
vt 0.12711300 0.69492102
vt 0.12483100 0.69636703
vt 0.12228000 0.69109100
vt 0.12484600 0.68993098
vt 0.13189900 0.69054198
vt 0.13358800 0.69156700
vt 0.12711300 0.69492102
vt 0.12484600 0.68993098
vt 0.13242701 0.68633002
vt 0.13136201 0.68844599
vt 0.13107701 0.68828398
vt 0.13046999 0.68820697
vt 0.12987900 0.68836802
vt 0.12939300 0.68874002
vt 0.12908800 0.68926799
vt 0.12901001 0.68987298
vt 0.12917100 0.69046003
vt 0.12954700 0.69094402
vt 0.13007800 0.69124800
vt 0.13068400 0.69132501
vt 0.13127400 0.69116402
vt 0.13175599 0.69078898
vt 0.12228000 0.69109100
vt 0.12048100 0.68528199
vt 0.12307700 0.68456799
vt 0.12484600 0.68993098
vt 0.13242701 0.68633002
vt 0.12484600 0.68993098
vt 0.12307700 0.68456799
vt 0.12976600 0.68166798
vt 0.13136201 0.68844599
vt 0.13242701 0.68633002
vt 0.13358800 0.69156700
vt 0.13189900 0.69054198
vt 0.13206100 0.69025999
vt 0.13213900 0.68965501
vt 0.13198200 0.68906701
vt 0.13160899 0.68858600
vt 0.12976600 0.68166798
vt 0.13508999 0.67773402
vt 0.14024800 0.68266499
vt 0.13242701 0.68633002
vt 0.13358800 0.69156700
vt 0.13242701 0.68633002
vt 0.14024800 0.68266499
vt 0.13992600 0.68996799
vt 0.13508999 0.67773402
vt 0.13871101 0.67224300
vt 0.15511900 0.67594099
vt 0.14024800 0.68266499
vt 0.13992600 0.68996799
vt 0.14024800 0.68266499
vt 0.15511900 0.67594099
vt 0.14663000 0.69062501
vt 0.12907401 0.67476702
vt 0.13047700 0.66981900
vt 0.13871101 0.67224300
vt 0.13508999 0.67773402
vt 0.12984399 0.66482198
vt 0.13572100 0.66590500
vt 0.13871101 0.67224300
vt 0.13047700 0.66981900
vt 0.13572100 0.66590500
vt 0.14091600 0.66536802
vt 0.15511900 0.67594099
vt 0.13871101 0.67224300
vt 0.13047700 0.66981900
vt 0.12262700 0.66730899
vt 0.12323000 0.66215801
vt 0.12984399 0.66482198
vt 0.12907401 0.67476702
vt 0.12207800 0.67301202
vt 0.12262700 0.66730899
vt 0.13047700 0.66981900
vt 0.12864999 0.66134000
vt 0.13091899 0.66061699
vt 0.13572100 0.66590500
vt 0.12984399 0.66482198
vt 0.12984399 0.66482198
vt 0.12323000 0.66215801
vt 0.12394100 0.65802699
vt 0.12864999 0.66134000
vt 0.12323000 0.66215801
vt 0.12081100 0.66072500
vt 0.12175500 0.65625203
vt 0.12394100 0.65802699
vt 0.11997500 0.66629702
vt 0.12081100 0.66072500
vt 0.12323000 0.66215801
vt 0.12262700 0.66730899
vt 0.12175500 0.65625203
vt 0.12081100 0.66072500
vt 0.11727900 0.65816700
vt 0.11844800 0.65306401
vt 0.11727900 0.65816700
vt 0.12081100 0.66072500
vt 0.11997500 0.66629702
vt 0.11623900 0.66451401
vt 0.12207800 0.67301202
vt 0.11944000 0.67254698
vt 0.11997500 0.66629702
vt 0.12262700 0.66730899
vt 0.11623900 0.66451401
vt 0.11997500 0.66629702
vt 0.11944000 0.67254698
vt 0.11555200 0.67162198
vt 0.11623900 0.66451401
vt 0.11555200 0.67162198
vt 0.11495400 0.67147303
vt 0.11566700 0.66423601
vt 0.11727900 0.65816700
vt 0.11623900 0.66451401
vt 0.11566700 0.66423601
vt 0.11673700 0.65776998
vt 0.11844800 0.65306401
vt 0.11727900 0.65816700
vt 0.11673700 0.65776998
vt 0.11794000 0.65256101
vt 0.11794000 0.65256101
vt 0.11673700 0.65776998
vt 0.11641200 0.65752703
vt 0.11763500 0.65225101
vt 0.11914300 0.64910001
vt 0.11794000 0.65256101
vt 0.11763500 0.65225101
vt 0.11888000 0.64875102
vt 0.11959500 0.64966702
vt 0.11844800 0.65306401
vt 0.11794000 0.65256101
vt 0.11914300 0.64910001
vt 0.11888000 0.64875102
vt 0.11763500 0.65225101
vt 0.11748700 0.65208799
vt 0.11876200 0.64856601
vt 0.12055600 0.64703202
vt 0.11914300 0.64910001
vt 0.11888000 0.64875102
vt 0.12031300 0.64669001
vt 0.12031300 0.64669001
vt 0.11888000 0.64875102
vt 0.11876200 0.64856601
vt 0.12021200 0.64651501
vt 0.12265400 0.64579201
vt 0.12055600 0.64703202
vt 0.12031300 0.64669001
vt 0.12239900 0.64542902
vt 0.12239900 0.64542902
vt 0.12031300 0.64669001
vt 0.12021200 0.64651501
vt 0.12228600 0.64523798
vt 0.12228600 0.64523798
vt 0.12021200 0.64651501
vt 0.12018100 0.64641500
vt 0.12226400 0.64512002
vt 0.12591299 0.64462298
vt 0.12239900 0.64542902
vt 0.12228600 0.64523798
vt 0.12582099 0.64441103
vt 0.12582099 0.64441103
vt 0.12228600 0.64523798
vt 0.12226400 0.64512002
vt 0.12582000 0.64427799
vt 0.12018100 0.64641500
vt 0.12006600 0.64610797
vt 0.12231300 0.64477301
vt 0.12226400 0.64512002
vt 0.12226400 0.64512002
vt 0.12231300 0.64477301
vt 0.12594900 0.64393502
vt 0.12582000 0.64427799
vt 0.11992600 0.64575100
vt 0.12236500 0.64437997
vt 0.12231300 0.64477301
vt 0.12006600 0.64610797
vt 0.12231300 0.64477301
vt 0.12236500 0.64437997
vt 0.12607899 0.64356601
vt 0.12594900 0.64393502
vt 0.12582000 0.64427799
vt 0.12594900 0.64393502
vt 0.13135500 0.64345199
vt 0.13123199 0.64379001
vt 0.12594900 0.64393502
vt 0.12607899 0.64356601
vt 0.13147300 0.64309400
vt 0.13135500 0.64345199
vt 0.13135500 0.64345199
vt 0.13147300 0.64309400
vt 0.13819700 0.64276898
vt 0.13811900 0.64312899
vt 0.13819700 0.64276898
vt 0.14585499 0.64253998
vt 0.14582400 0.64290100
vt 0.13811900 0.64312899
vt 0.13123199 0.64379001
vt 0.13135500 0.64345199
vt 0.13811900 0.64312899
vt 0.13803200 0.64347202
vt 0.13803200 0.64347202
vt 0.13811900 0.64312899
vt 0.14582400 0.64290100
vt 0.14578199 0.64324999
vt 0.14578199 0.64324999
vt 0.14582400 0.64290100
vt 0.15394700 0.64276600
vt 0.15395200 0.64311397
vt 0.14582400 0.64290100
vt 0.14585499 0.64253998
vt 0.15393101 0.64240700
vt 0.15394700 0.64276600
vt 0.15394700 0.64276600
vt 0.16191299 0.64272702
vt 0.16196300 0.64306903
vt 0.15395200 0.64311397
vt 0.15393101 0.64240700
vt 0.16185400 0.64237398
vt 0.16191299 0.64272702
vt 0.15394700 0.64276600
vt 0.16196300 0.64306903
vt 0.16191299 0.64272702
vt 0.16921900 0.64277500
vt 0.16930901 0.64310497
vt 0.16191299 0.64272702
vt 0.16185400 0.64237398
vt 0.16912200 0.64243001
vt 0.16921900 0.64277500
vt 0.15395300 0.64323300
vt 0.15395200 0.64311397
vt 0.16196300 0.64306903
vt 0.16196799 0.64318597
vt 0.16196799 0.64318597
vt 0.16196300 0.64306903
vt 0.16930901 0.64310497
vt 0.16931701 0.64322102
vt 0.15395699 0.64342302
vt 0.15395300 0.64323300
vt 0.16196799 0.64318597
vt 0.16194899 0.64337498
vt 0.16194899 0.64337498
vt 0.16196799 0.64318597
vt 0.16931701 0.64322102
vt 0.16927899 0.64341098
vt 0.16190000 0.64375299
vt 0.16194899 0.64337498
vt 0.16927899 0.64341098
vt 0.16917799 0.64378399
vt 0.15396500 0.64380503
vt 0.15395699 0.64342302
vt 0.16194899 0.64337498
vt 0.16190000 0.64375299
vt 0.15396500 0.64380503
vt 0.14587300 0.64395100
vt 0.14580600 0.64356500
vt 0.15395699 0.64342302
vt 0.15395699 0.64342302
vt 0.14580600 0.64356500
vt 0.14578000 0.64337099
vt 0.15395300 0.64323300
vt 0.14587300 0.64395100
vt 0.13819601 0.64418697
vt 0.13807400 0.64379603
vt 0.14580600 0.64356500
vt 0.14580600 0.64356500
vt 0.13807400 0.64379603
vt 0.13802700 0.64359599
vt 0.14578000 0.64337099
vt 0.15395300 0.64323300
vt 0.14578000 0.64337099
vt 0.14578199 0.64324999
vt 0.15395200 0.64311397
vt 0.14578000 0.64337099
vt 0.13802700 0.64359599
vt 0.13803200 0.64347202
vt 0.14578199 0.64324999
vt 0.13807400 0.64379603
vt 0.13129200 0.64412498
vt 0.13122500 0.64391798
vt 0.13802700 0.64359599
vt 0.13802700 0.64359599
vt 0.13122500 0.64391798
vt 0.13123199 0.64379001
vt 0.13803200 0.64347202
vt 0.13129200 0.64412498
vt 0.12591299 0.64462298
vt 0.12582099 0.64441103
vt 0.13122500 0.64391798
vt 0.13122500 0.64391798
vt 0.12582099 0.64441103
vt 0.12582000 0.64427799
vt 0.13123199 0.64379001
vt 0.13819601 0.64418697
vt 0.13146400 0.64451998
vt 0.13129200 0.64412498
vt 0.13807400 0.64379603
vt 0.13146400 0.64451998
vt 0.12613501 0.64501601
vt 0.12591299 0.64462298
vt 0.13129200 0.64412498
vt 0.12613501 0.64501601
vt 0.12265400 0.64579201
vt 0.12239900 0.64542902
vt 0.12591299 0.64462298
vt 0.13176399 0.64516699
vt 0.12651500 0.64565301
vt 0.12613501 0.64501601
vt 0.13146400 0.64451998
vt 0.12651500 0.64565301
vt 0.12308400 0.64638901
vt 0.12265400 0.64579201
vt 0.12613501 0.64501601
vt 0.12308400 0.64638901
vt 0.12098100 0.64760101
vt 0.12055600 0.64703202
vt 0.12265400 0.64579201
vt 0.12651500 0.64565301
vt 0.12899700 0.64973599
vt 0.12586300 0.65034002
vt 0.12308400 0.64638901
vt 0.12308400 0.64638901
vt 0.12586300 0.65034002
vt 0.12392100 0.65140402
vt 0.12098100 0.64760101
vt 0.12098100 0.64760101
vt 0.12392100 0.65140402
vt 0.12269000 0.65325701
vt 0.11959500 0.64966702
vt 0.12098100 0.64760101
vt 0.11959500 0.64966702
vt 0.11914300 0.64910001
vt 0.12055600 0.64703202
vt 0.11959500 0.64966702
vt 0.12269000 0.65325701
vt 0.12175500 0.65625203
vt 0.11844800 0.65306401
vt 0.12492100 0.65533298
vt 0.12269000 0.65325701
vt 0.12392100 0.65140402
vt 0.12622800 0.65363401
vt 0.12175500 0.65625203
vt 0.12269000 0.65325701
vt 0.12492100 0.65533298
vt 0.12394100 0.65802699
vt 0.13260201 0.65882301
vt 0.13338800 0.65945899
vt 0.13091899 0.66061699
vt 0.12492100 0.65533298
vt 0.12622800 0.65363401
vt 0.13032000 0.65697402
vt 0.13028100 0.65703702
vt 0.13018700 0.65763402
vt 0.13032800 0.65822202
vt 0.13068099 0.65871203
vt 0.13119499 0.65903002
vt 0.13179199 0.65912497
vt 0.13238101 0.65898401
vt 0.12394100 0.65802699
vt 0.12492100 0.65533298
vt 0.13091899 0.66061699
vt 0.12864999 0.66134000
vt 0.13091899 0.66061699
vt 0.13338800 0.65945899
vt 0.14091600 0.66536802
vt 0.13572100 0.66590500
vt 0.13450100 0.65742898
vt 0.14103299 0.66122198
vt 0.14091600 0.66536802
vt 0.13338800 0.65945899
vt 0.13032000 0.65697402
vt 0.12622800 0.65363401
vt 0.12802300 0.65251797
vt 0.13450100 0.65742898
vt 0.13338800 0.65945899
vt 0.13260201 0.65882301
vt 0.13287100 0.65862799
vt 0.13318700 0.65811199
vt 0.13328300 0.65751499
vt 0.13314199 0.65692699
vt 0.13278800 0.65643799
vt 0.13227300 0.65612203
vt 0.13167600 0.65602702
vt 0.13108800 0.65616697
vt 0.13059799 0.65652102
vt 0.14103299 0.66122198
vt 0.14860700 0.66340899
vt 0.15511900 0.67594099
vt 0.14091600 0.66536802
vt 0.13504399 0.65568602
vt 0.13908701 0.65672702
vt 0.14103299 0.66122198
vt 0.13450100 0.65742898
vt 0.13908701 0.65672702
vt 0.14480400 0.65730500
vt 0.14860700 0.66340899
vt 0.14103299 0.66122198
vt 0.15026900 0.65617299
vt 0.15438300 0.66025400
vt 0.14860700 0.66340899
vt 0.14480400 0.65730500
vt 0.15438300 0.66025400
vt 0.16031399 0.66289902
vt 0.15511900 0.67594099
vt 0.14860700 0.66340899
vt 0.15421100 0.65471202
vt 0.15818501 0.65592998
vt 0.15438300 0.66025400
vt 0.15026900 0.65617299
vt 0.15818501 0.65592998
vt 0.16355500 0.65668100
vt 0.16031399 0.66289902
vt 0.15438300 0.66025400
vt 0.15818501 0.65592998
vt 0.16069201 0.65079498
vt 0.16680600 0.65078700
vt 0.16355500 0.65668100
vt 0.15412900 0.65082699
vt 0.16069201 0.65079498
vt 0.15818501 0.65592998
vt 0.15421100 0.65471202
vt 0.15026900 0.65617299
vt 0.14745100 0.65109199
vt 0.15412900 0.65082699
vt 0.15421100 0.65471202
vt 0.15407901 0.64864200
vt 0.16124301 0.64854002
vt 0.16069201 0.65079498
vt 0.15412900 0.65082699
vt 0.14745100 0.65109199
vt 0.14677800 0.64881599
vt 0.15407901 0.64864200
vt 0.15412900 0.65082699
vt 0.13985300 0.64905000
vt 0.14677800 0.64881599
vt 0.14745100 0.65109199
vt 0.14106400 0.65140098
vt 0.14480400 0.65730500
vt 0.14106400 0.65140098
vt 0.14745100 0.65109199
vt 0.15026900 0.65617299
vt 0.14598900 0.64459598
vt 0.14677800 0.64881599
vt 0.13985300 0.64905000
vt 0.13840900 0.64483398
vt 0.15407901 0.64864200
vt 0.14677800 0.64881599
vt 0.14598900 0.64459598
vt 0.15397801 0.64444500
vt 0.15397801 0.64444500
vt 0.14598900 0.64459598
vt 0.14587300 0.64395100
vt 0.15396500 0.64380503
vt 0.14598900 0.64459598
vt 0.13840900 0.64483398
vt 0.13819601 0.64418697
vt 0.14587300 0.64395100
vt 0.13840900 0.64483398
vt 0.13985300 0.64905000
vt 0.13378400 0.64933801
vt 0.13176399 0.64516699
vt 0.13840900 0.64483398
vt 0.13176399 0.64516699
vt 0.13146400 0.64451998
vt 0.13819601 0.64418697
vt 0.13176399 0.64516699
vt 0.13378400 0.64933801
vt 0.12899700 0.64973599
vt 0.12651500 0.64565301
vt 0.12899700 0.64973599
vt 0.13378400 0.64933801
vt 0.13536599 0.65158200
vt 0.13087000 0.65185702
vt 0.13536599 0.65158200
vt 0.13378400 0.64933801
vt 0.13985300 0.64905000
vt 0.14106400 0.65140098
vt 0.13908701 0.65672702
vt 0.13536599 0.65158200
vt 0.14106400 0.65140098
vt 0.14480400 0.65730500
vt 0.13087000 0.65185702
vt 0.13536599 0.65158200
vt 0.13908701 0.65672702
vt 0.13504399 0.65568602
vt 0.12802300 0.65251797
vt 0.12586300 0.65034002
vt 0.12899700 0.64973599
vt 0.13087000 0.65185702
vt 0.13450100 0.65742898
vt 0.12802300 0.65251797
vt 0.13087000 0.65185702
vt 0.13504399 0.65568602
vt 0.12392100 0.65140402
vt 0.12586300 0.65034002
vt 0.12802300 0.65251797
vt 0.12622800 0.65363401
vt 0.15397801 0.64444500
vt 0.15396500 0.64380503
vt 0.16190000 0.64375299
vt 0.16181301 0.64438599
vt 0.16181301 0.64438599
vt 0.16124301 0.64854002
vt 0.15407901 0.64864200
vt 0.15397801 0.64444500
vt 0.16900299 0.64440602
vt 0.16783600 0.64848697
vt 0.16124301 0.64854002
vt 0.16181301 0.64438599
vt 0.16181301 0.64438599
vt 0.16190000 0.64375299
vt 0.16917799 0.64378399
vt 0.16900299 0.64440602
vt 0.17512199 0.64448702
vt 0.17347001 0.64847201
vt 0.16783600 0.64848697
vt 0.16900299 0.64440602
vt 0.16900299 0.64440602
vt 0.16917799 0.64378399
vt 0.17536899 0.64387602
vt 0.17512199 0.64448702
vt 0.17989001 0.64464200
vt 0.17786500 0.64854401
vt 0.17347001 0.64847201
vt 0.17512199 0.64448702
vt 0.17512199 0.64448702
vt 0.17536899 0.64387602
vt 0.18019800 0.64403999
vt 0.17989001 0.64464200
vt 0.16917799 0.64378399
vt 0.16927899 0.64341098
vt 0.17551100 0.64350498
vt 0.17536899 0.64387602
vt 0.17536899 0.64387602
vt 0.17551100 0.64350498
vt 0.18037900 0.64367098
vt 0.18019800 0.64403999
vt 0.18019800 0.64403999
vt 0.18037900 0.64367098
vt 0.18362400 0.64407098
vt 0.18341400 0.64441299
vt 0.17989001 0.64464200
vt 0.18019800 0.64403999
vt 0.18341400 0.64441299
vt 0.18306600 0.64498001
vt 0.18306600 0.64498001
vt 0.18341400 0.64441299
vt 0.18545701 0.64522803
vt 0.18511800 0.64576697
vt 0.18341400 0.64441299
vt 0.18362400 0.64407098
vt 0.18565300 0.64490902
vt 0.18545701 0.64522803
vt 0.18545701 0.64522803
vt 0.18565300 0.64490902
vt 0.18717600 0.64648902
vt 0.18697000 0.64682198
vt 0.18511800 0.64576697
vt 0.18545701 0.64522803
vt 0.18697000 0.64682198
vt 0.18661600 0.64737099
vt 0.18661600 0.64737099
vt 0.18413700 0.65093201
vt 0.18275400 0.64947200
vt 0.18511800 0.64576697
vt 0.18511800 0.64576697
vt 0.18275400 0.64947200
vt 0.18081300 0.64878798
vt 0.18306600 0.64498001
vt 0.17896800 0.65095502
vt 0.18081300 0.64878798
vt 0.18275400 0.64947200
vt 0.18078500 0.65173697
vt 0.18275400 0.64947200
vt 0.18413700 0.65093201
vt 0.18225400 0.65307301
vt 0.18078500 0.65173697
vt 0.18225400 0.65307301
vt 0.18413700 0.65093201
vt 0.18537000 0.65353101
vt 0.18352400 0.65540200
vt 0.18804400 0.65026200
vt 0.18537000 0.65353101
vt 0.18413700 0.65093201
vt 0.18661600 0.64737099
vt 0.18078500 0.65173697
vt 0.18225400 0.65307301
vt 0.17720900 0.65845799
vt 0.17468800 0.65763801
vt 0.17709801 0.65528703
vt 0.17724000 0.65546697
vt 0.17766200 0.65571398
vt 0.17815199 0.65578502
vt 0.17862500 0.65567303
vt 0.17901900 0.65541101
vt 0.17924801 0.65499300
vt 0.17932400 0.65451401
vt 0.17922200 0.65403903
vt 0.17893900 0.65364802
vt 0.17885400 0.65356600
vt 0.17720900 0.65845799
vt 0.18225400 0.65307301
vt 0.18352400 0.65540200
vt 0.17944600 0.65894300
vt 0.18537000 0.65353101
vt 0.18674700 0.65762001
vt 0.18464699 0.65921098
vt 0.18352400 0.65540200
vt 0.18352400 0.65540200
vt 0.18464699 0.65921098
vt 0.17866699 0.66238600
vt 0.17944600 0.65894300
vt 0.17944600 0.65894300
vt 0.17866699 0.66238600
vt 0.17310099 0.66399902
vt 0.17720900 0.65845799
vt 0.17866699 0.66238600
vt 0.17857701 0.66729599
vt 0.17088300 0.67048901
vt 0.17310099 0.66399902
vt 0.17720900 0.65845799
vt 0.17310099 0.66399902
vt 0.16797200 0.66401899
vt 0.17468800 0.65763801
vt 0.17310099 0.66399902
vt 0.17088300 0.67048901
vt 0.15511900 0.67594099
vt 0.16797200 0.66401899
vt 0.17340100 0.65590298
vt 0.17468800 0.65763801
vt 0.16797200 0.66401899
vt 0.16746099 0.66011500
vt 0.16746099 0.66011500
vt 0.16797200 0.66401899
vt 0.15511900 0.67594099
vt 0.16031399 0.66289902
vt 0.16896600 0.65570801
vt 0.16746099 0.66011500
vt 0.16031399 0.66289902
vt 0.16355500 0.65668100
vt 0.17270800 0.65438998
vt 0.17340100 0.65590298
vt 0.16746099 0.66011500
vt 0.16896600 0.65570801
vt 0.17340100 0.65590298
vt 0.17896800 0.65095502
vt 0.18078500 0.65173697
vt 0.17885400 0.65356600
vt 0.17844400 0.65333402
vt 0.17795500 0.65326703
vt 0.17748100 0.65338099
vt 0.17708100 0.65364301
vt 0.17685400 0.65405297
vt 0.17678300 0.65452498
vt 0.17689200 0.65499598
vt 0.17709801 0.65528703
vt 0.17468800 0.65763801
vt 0.17627700 0.65060598
vt 0.17896800 0.65095502
vt 0.17340100 0.65590298
vt 0.17270800 0.65438998
vt 0.16896600 0.65570801
vt 0.17213599 0.65064502
vt 0.17627700 0.65060598
vt 0.17270800 0.65438998
vt 0.17213599 0.65064502
vt 0.17347001 0.64847201
vt 0.17786500 0.64854401
vt 0.17627700 0.65060598
vt 0.17786500 0.64854401
vt 0.18081300 0.64878798
vt 0.17896800 0.65095502
vt 0.17627700 0.65060598
vt 0.16355500 0.65668100
vt 0.16680600 0.65078700
vt 0.17213599 0.65064502
vt 0.16896600 0.65570801
vt 0.16783600 0.64848697
vt 0.17347001 0.64847201
vt 0.17213599 0.65064502
vt 0.16680600 0.65078700
vt 0.16069201 0.65079498
vt 0.16124301 0.64854002
vt 0.16783600 0.64848697
vt 0.16680600 0.65078700
vt 0.18306600 0.64498001
vt 0.18081300 0.64878798
vt 0.17786500 0.64854401
vt 0.17989001 0.64464200
vt 0.17783500 0.65460700
vt 0.17788500 0.65468001
vt 0.17724000 0.65546697
vt 0.17709801 0.65528703
vt 0.17689200 0.65499598
vt 0.17788500 0.65468001
vt 0.17796600 0.65472198
vt 0.17766200 0.65571398
vt 0.17724000 0.65546697
vt 0.17827600 0.65449899
vt 0.17826200 0.65458602
vt 0.17821600 0.65466100
vt 0.17814399 0.65471298
vt 0.17805700 0.65473402
vt 0.17796600 0.65472198
vt 0.17788500 0.65468001
vt 0.17783500 0.65460700
vt 0.17781800 0.65451902
vt 0.17783400 0.65442997
vt 0.17788000 0.65435499
vt 0.17795201 0.65430301
vt 0.17803800 0.65428197
vt 0.17812800 0.65429300
vt 0.17820799 0.65433598
vt 0.17825700 0.65441197
vt 0.17796600 0.65472198
vt 0.17805700 0.65473402
vt 0.17815199 0.65578502
vt 0.17766200 0.65571398
vt 0.17805700 0.65473402
vt 0.17814399 0.65471298
vt 0.17862500 0.65567303
vt 0.17815199 0.65578502
vt 0.17862500 0.65567303
vt 0.17814399 0.65471298
vt 0.17821600 0.65466100
vt 0.17901900 0.65541101
vt 0.17901900 0.65541101
vt 0.17821600 0.65466100
vt 0.17826200 0.65458602
vt 0.17924801 0.65499300
vt 0.17924801 0.65499300
vt 0.17826200 0.65458602
vt 0.17827600 0.65449899
vt 0.17932400 0.65451401
vt 0.17932400 0.65451401
vt 0.17827600 0.65449899
vt 0.17825700 0.65441197
vt 0.17922200 0.65403903
vt 0.17825700 0.65441197
vt 0.17820799 0.65433598
vt 0.17893900 0.65364802
vt 0.17922200 0.65403903
vt 0.17820799 0.65433598
vt 0.17812800 0.65429300
vt 0.17844400 0.65333402
vt 0.17885400 0.65356600
vt 0.17893900 0.65364802
vt 0.17812800 0.65429300
vt 0.17803800 0.65428197
vt 0.17795500 0.65326703
vt 0.17844400 0.65333402
vt 0.17803800 0.65428197
vt 0.17795201 0.65430301
vt 0.17748100 0.65338099
vt 0.17795500 0.65326703
vt 0.17795201 0.65430301
vt 0.17788000 0.65435499
vt 0.17708100 0.65364301
vt 0.17748100 0.65338099
vt 0.17788000 0.65435499
vt 0.17783400 0.65442997
vt 0.17685400 0.65405297
vt 0.17708100 0.65364301
vt 0.17783400 0.65442997
vt 0.17781800 0.65451902
vt 0.17678300 0.65452498
vt 0.17685400 0.65405297
vt 0.17781800 0.65451902
vt 0.17783500 0.65460700
vt 0.17689200 0.65499598
vt 0.17678300 0.65452498
vt 0.17497300 0.67552799
vt 0.17053901 0.68095303
vt 0.15511900 0.67594099
vt 0.17088300 0.67048901
vt 0.18969101 0.65486503
vt 0.18674700 0.65762001
vt 0.18537000 0.65353101
vt 0.18804400 0.65026200
vt 0.18661600 0.64737099
vt 0.18697000 0.64682198
vt 0.18845201 0.64975101
vt 0.18804400 0.65026200
vt 0.18969101 0.65486503
vt 0.18804400 0.65026200
vt 0.18845201 0.64975101
vt 0.19014201 0.65443897
vt 0.18697000 0.64682198
vt 0.18717600 0.64648902
vt 0.18870100 0.64944100
vt 0.18845201 0.64975101
vt 0.19014201 0.65443897
vt 0.18845201 0.64975101
vt 0.18870100 0.64944100
vt 0.19041800 0.65418202
vt 0.19041800 0.65418202
vt 0.18870100 0.64944100
vt 0.18883300 0.64928502
vt 0.19056401 0.65405703
vt 0.17551100 0.64350498
vt 0.17556500 0.64331299
vt 0.18045300 0.64347601
vt 0.18037900 0.64367098
vt 0.16927899 0.64341098
vt 0.16931701 0.64322102
vt 0.17556500 0.64331299
vt 0.17551100 0.64350498
vt 0.13759901 0.69649398
vt 0.13992600 0.68996799
vt 0.14663000 0.69062501
vt 0.14219899 0.69841498
vt 0.13402800 0.69551897
vt 0.13358800 0.69156700
vt 0.13992600 0.68996799
vt 0.13759901 0.69649398
vt 0.14219899 0.69841498
vt 0.13797601 0.70588899
vt 0.13371700 0.70290297
vt 0.13759901 0.69649398
vt 0.14598300 0.70181298
vt 0.14219899 0.69841498
vt 0.14663000 0.69062501
vt 0.15030099 0.69665599
vt 0.14598300 0.70181298
vt 0.14250800 0.70841599
vt 0.13797601 0.70588899
vt 0.14219899 0.69841498
vt 0.13654201 0.70832998
vt 0.13203900 0.70502800
vt 0.13371700 0.70290297
vt 0.13797601 0.70588899
vt 0.14250800 0.70841599
vt 0.14146300 0.71091402
vt 0.13654201 0.70832998
vt 0.13797601 0.70588899
vt 0.14728101 0.71018398
vt 0.14250800 0.70841599
vt 0.14598300 0.70181298
vt 0.14849900 0.70469803
vt 0.14669500 0.71269602
vt 0.14146300 0.71091402
vt 0.14250800 0.70841599
vt 0.14728101 0.71018398
vt 0.13993099 0.71439600
vt 0.14146300 0.71091402
vt 0.14669500 0.71269602
vt 0.14574701 0.71635902
vt 0.13446499 0.71154797
vt 0.13654201 0.70832998
vt 0.14146300 0.71091402
vt 0.13993099 0.71439600
vt 0.13993099 0.71439600
vt 0.14574701 0.71635902
vt 0.14560100 0.71691900
vt 0.13969700 0.71492898
vt 0.13446499 0.71154797
vt 0.13993099 0.71439600
vt 0.13969700 0.71492898
vt 0.13414600 0.71203899
vt 0.12947300 0.70789897
vt 0.13446499 0.71154797
vt 0.13414600 0.71203899
vt 0.12907800 0.70833701
vt 0.12947300 0.70789897
vt 0.13203900 0.70502800
vt 0.13654201 0.70832998
vt 0.13446499 0.71154797
vt 0.13414600 0.71203899
vt 0.13969700 0.71492898
vt 0.13955601 0.71524799
vt 0.13395500 0.71233302
vt 0.12907800 0.70833701
vt 0.13414600 0.71203899
vt 0.13395500 0.71233302
vt 0.12884200 0.70859998
vt 0.13969700 0.71492898
vt 0.14560100 0.71691900
vt 0.14551400 0.71725500
vt 0.13955601 0.71524799
vt 0.14574701 0.71635902
vt 0.15179899 0.71730798
vt 0.15174600 0.71788299
vt 0.14560100 0.71691900
vt 0.14560100 0.71691900
vt 0.15174600 0.71788299
vt 0.15171300 0.71822798
vt 0.14551400 0.71725500
vt 0.13955601 0.71524799
vt 0.14551400 0.71725500
vt 0.14547101 0.71741599
vt 0.13948700 0.71540201
vt 0.15179899 0.71730798
vt 0.15792599 0.71731001
vt 0.15796700 0.71788502
vt 0.15174600 0.71788299
vt 0.15179899 0.71730798
vt 0.15214100 0.71354699
vt 0.15765800 0.71354902
vt 0.15792599 0.71731001
vt 0.14669500 0.71269602
vt 0.15214100 0.71354699
vt 0.15179899 0.71730798
vt 0.14574701 0.71635902
vt 0.15765800 0.71354902
vt 0.15214100 0.71354699
vt 0.15230700 0.71084398
vt 0.15744400 0.71072799
vt 0.15230700 0.71084398
vt 0.15214100 0.71354699
vt 0.14669500 0.71269602
vt 0.14728101 0.71018398
vt 0.16253600 0.71009302
vt 0.16310400 0.71272999
vt 0.15765800 0.71354902
vt 0.15744400 0.71072799
vt 0.15792599 0.71731001
vt 0.15765800 0.71354902
vt 0.16310400 0.71272999
vt 0.16397300 0.71638501
vt 0.16397300 0.71638501
vt 0.16310400 0.71272999
vt 0.16833100 0.71108299
vt 0.16978100 0.71453601
vt 0.16833100 0.71108299
vt 0.16310400 0.71272999
vt 0.16253600 0.71009302
vt 0.16738100 0.70870697
vt 0.16738100 0.70870697
vt 0.16253600 0.71009302
vt 0.16173901 0.70263898
vt 0.16535801 0.70350701
vt 0.16173901 0.70263898
vt 0.16253600 0.71009302
vt 0.15744400 0.71072799
vt 0.15679200 0.70212197
vt 0.16173901 0.70263898
vt 0.15679200 0.70212197
vt 0.15615401 0.69312298
vt 0.16243300 0.69586098
vt 0.16535801 0.70350701
vt 0.16173901 0.70263898
vt 0.16243300 0.69586098
vt 0.16740800 0.70033801
vt 0.15196700 0.70332402
vt 0.15030099 0.69665599
vt 0.15615401 0.69312298
vt 0.15679200 0.70212197
vt 0.15679200 0.70212197
vt 0.15744400 0.71072799
vt 0.15230700 0.71084398
vt 0.15196700 0.70332402
vt 0.15196700 0.70332402
vt 0.15230700 0.71084398
vt 0.14728101 0.71018398
vt 0.14849900 0.70469803
vt 0.14849900 0.70469803
vt 0.14598300 0.70181298
vt 0.15030099 0.69665599
vt 0.15196700 0.70332402
vt 0.15030099 0.69665599
vt 0.14663000 0.69062501
vt 0.15511900 0.67594099
vt 0.15615401 0.69312298
vt 0.16243300 0.69586098
vt 0.15615401 0.69312298
vt 0.15511900 0.67594099
vt 0.16523799 0.68949699
vt 0.16740800 0.70033801
vt 0.17178901 0.70627999
vt 0.16738100 0.70870697
vt 0.16535801 0.70350701
vt 0.16740800 0.70033801
vt 0.16243300 0.69586098
vt 0.16523799 0.68949699
vt 0.17062300 0.69651598
vt 0.17062300 0.69651598
vt 0.17582799 0.70316398
vt 0.17178901 0.70627999
vt 0.16740800 0.70033801
vt 0.17178901 0.70627999
vt 0.17318501 0.70856202
vt 0.16833100 0.71108299
vt 0.16738100 0.70870697
vt 0.17758600 0.70531398
vt 0.17318501 0.70856202
vt 0.17178901 0.70627999
vt 0.17582799 0.70316398
vt 0.17517500 0.71173102
vt 0.17318501 0.70856202
vt 0.17758600 0.70531398
vt 0.18005700 0.70811999
vt 0.16978100 0.71453601
vt 0.16833100 0.71108299
vt 0.17318501 0.70856202
vt 0.17517500 0.71173102
vt 0.17517500 0.71173102
vt 0.18005700 0.70811999
vt 0.18043700 0.70854700
vt 0.17548101 0.71221501
vt 0.16978100 0.71453601
vt 0.17517500 0.71173102
vt 0.17548101 0.71221501
vt 0.17000300 0.71506399
vt 0.16397300 0.71638501
vt 0.16978100 0.71453601
vt 0.17000300 0.71506399
vt 0.16410699 0.71694398
vt 0.18005700 0.70811999
vt 0.18431100 0.70381898
vt 0.18475300 0.70417899
vt 0.18043700 0.70854700
vt 0.18043700 0.70854700
vt 0.18475300 0.70417899
vt 0.18501800 0.70439398
vt 0.18066500 0.70880300
vt 0.18475300 0.70417899
vt 0.18829601 0.69921398
vt 0.18858901 0.69938302
vt 0.18501800 0.70439398
vt 0.17172100 0.68801898
vt 0.16523799 0.68949699
vt 0.15511900 0.67594099
vt 0.17053901 0.68095303
vt 0.15792599 0.71731001
vt 0.16397300 0.71638501
vt 0.16410699 0.71694398
vt 0.15796700 0.71788502
vt 0.11862800 0.69252098
vt 0.12228000 0.69109100
vt 0.12483100 0.69636703
vt 0.12146900 0.69835001
vt 0.11662700 0.68605101
vt 0.12048100 0.68528199
vt 0.12228000 0.69109100
vt 0.11862800 0.69252098
vt 0.11430700 0.67897999
vt 0.11550300 0.68626702
vt 0.11539300 0.68628198
vt 0.11419700 0.67897201
vt 0.12865600 0.70880502
vt 0.12842400 0.70907098
vt 0.12385900 0.70449698
vt 0.12413400 0.70427400
vt 0.16425000 0.71754098
vt 0.16432700 0.71788102
vt 0.15803599 0.71884698
vt 0.15801001 0.71849799
vt 0.16422600 0.71744001
vt 0.17020100 0.71553200
vt 0.17024000 0.71562701
vt 0.16425000 0.71754098
vt 0.17024000 0.71562701
vt 0.17037299 0.71594697
vt 0.16432700 0.71788102
vt 0.16425000 0.71754098
vt 0.17580800 0.71273297
vt 0.17599300 0.71302599
vt 0.17037299 0.71594697
vt 0.17024000 0.71562701
vt 0.18084300 0.70900297
vt 0.18107100 0.70926303
vt 0.17599300 0.71302599
vt 0.17580800 0.71273297
vt 0.11442200 0.67132801
vt 0.11430700 0.67897999
vt 0.11419700 0.67897201
vt 0.11431200 0.67129600
f 251/1 2/2 1/3
f 251/1 1/3 3/4
f 5/5 3/6 1/7
f 5/5 1/7 4/8
f 6/9 7/10 5/11
f 6/9 5/11 4/12
f 8/13 9/14 7/15
f 8/13 7/15 6/16
f 10/17 11/18 9/19
f 10/17 9/19 8/20
f 12/21 13/22 11/23
f 12/21 11/23 10/24
f 14/25 15/26 13/27
f 14/25 13/27 12/28
f 16/29 17/30 15/31
f 16/29 15/31 14/32
f 18/33 19/34 17/35
f 18/33 17/35 16/36
f 20/37 21/38 19/39
f 20/37 19/39 18/40
f 22/41 23/42 21/43
f 22/41 21/43 20/44
f 24/45 25/46 23/47
f 24/45 23/47 22/48
f 26/49 27/50 25/51
f 26/49 25/51 24/52
f 28/53 29/54 27/55
f 28/53 27/55 26/56
f 30/57 31/58 29/59
f 30/57 29/59 28/60
f 32/61 33/62 31/63
f 32/61 31/63 30/64
f 34/65 35/66 33/67
f 34/65 33/67 32/68
f 36/69 37/70 35/71
f 36/69 35/71 34/72
f 38/73 39/74 37/75
f 38/73 37/75 36/76
f 40/77 41/78 39/79
f 40/77 39/79 38/80
f 42/81 43/82 41/83
f 42/81 41/83 40/84
f 44/85 45/86 43/87
f 44/85 43/87 42/88
f 46/89 47/90 45/91
f 46/89 45/91 44/92
f 48/93 49/94 47/95
f 48/93 47/95 46/96
f 50/97 51/98 49/99
f 50/97 49/99 48/100
f 52/101 53/102 51/103
f 52/101 51/103 50/104
f 54/105 55/106 53/107
f 54/105 53/107 52/108
f 56/109 58/110 55/111
f 56/109 55/111 54/112
f 57/113 60/114 58/115
f 57/113 58/115 56/116
f 59/117 617/118 55/119
f 59/117 55/119 58/120
f 60/121 61/122 59/123
f 60/121 59/123 58/124
f 64/125 61/126 60/127
f 64/125 60/127 62/128
f 63/129 62/130 60/131
f 63/129 60/131 57/132
f 68/133 65/134 62/135
f 68/133 62/135 63/136
f 65/137 66/138 64/139
f 65/137 64/139 62/140
f 591/141 66/142 65/143
f 591/141 65/143 67/144
f 69/145 67/146 65/147
f 69/145 65/147 68/148
f 70/149 72/150 67/151
f 70/149 67/151 69/152
f 71/153 74/154 72/155
f 71/153 72/155 70/156
f 72/157 73/158 591/159
f 72/157 591/159 67/160
f 73/161 72/162 74/163
f 73/161 74/163 75/164
f 75/165 74/166 76/167
f 75/165 76/167 78/168
f 77/169 76/170 74/171
f 77/169 74/171 71/172
f 82/173 79/174 76/175
f 82/173 76/175 77/176
f 81/177 78/178 76/179
f 81/177 76/179 79/180
f 83/181 80/182 79/183
f 83/181 79/183 82/184
f 80/185 564/186 81/187
f 80/185 81/187 79/188
f 84/189 85/190 80/191
f 84/189 80/191 83/192
f 86/193 87/194 85/195
f 86/193 85/195 84/196
f 88/197 90/198 87/199
f 88/197 87/199 86/200
f 89/201 91/202 90/203
f 89/201 90/203 88/204
f 91/205 93/206 92/207
f 91/205 92/207 90/208
f 92/209 94/210 87/211
f 92/209 87/211 90/212
f 93/213 97/214 95/215
f 93/213 95/215 92/216
f 92/217 95/218 96/219
f 92/217 96/219 94/220
f 96/221 95/222 98/223
f 96/221 98/223 99/224
f 95/225 97/226 100/227
f 95/225 100/227 98/228
f 99/229 98/230 101/231
f 99/229 101/231 102/232
f 98/233 100/234 103/235
f 98/233 103/235 101/236
f 102/237 101/238 104/239
f 102/237 104/239 106/240
f 101/241 103/242 107/243
f 101/241 107/243 104/244
f 105/245 104/246 107/247
f 105/245 107/247 108/248
f 596/249 106/250 104/251
f 596/249 104/251 105/252
f 103/253 111/254 109/255
f 103/253 109/255 107/256
f 108/257 107/258 109/259
f 108/257 109/259 112/260
f 112/261 109/262 110/263
f 112/261 110/263 114/264
f 111/265 794/266 110/267
f 111/265 110/267 109/268
f 603/269 108/270 112/271
f 603/269 112/271 113/272
f 113/273 112/274 114/275
f 113/273 114/275 116/276
f 110/277 828/278 115/279
f 110/277 115/279 114/280
f 116/281 114/282 115/283
f 116/281 115/283 117/284
f 118/285 116/286 117/287
f 118/285 117/287 120/288
f 119/289 113/290 116/291
f 119/289 116/291 118/292
f 120/293 117/294 123/295
f 120/293 123/295 121/296
f 121/297 123/298 125/299
f 121/297 125/299 122/300
f 117/301 115/302 124/303
f 117/301 124/303 123/304
f 123/305 124/306 126/307
f 123/305 126/307 125/308
f 125/309 126/310 128/311
f 125/309 128/311 127/312
f 122/313 125/314 127/315
f 122/313 127/315 130/316
f 127/317 128/318 834/319
f 127/317 834/319 129/320
f 130/321 127/322 129/323
f 130/321 129/323 131/324
f 131/325 129/326 133/327
f 131/325 133/327 132/328
f 132/329 133/330 135/331
f 132/329 135/331 134/332
f 134/333 135/334 137/335
f 134/333 137/335 136/336
f 136/337 137/338 139/339
f 136/337 139/339 138/340
f 138/341 139/342 141/343
f 138/341 141/343 140/344
f 140/345 141/346 144/347
f 140/345 144/347 142/348
f 142/349 144/350 146/351
f 142/349 146/351 143/352
f 141/353 869/354 145/355
f 141/353 145/355 144/356
f 145/357 148/358 146/359
f 145/357 146/359 144/360
f 143/361 146/362 147/363
f 143/361 147/363 746/364
f 146/365 148/366 150/367
f 146/365 150/367 147/368
f 145/369 161/370 149/371
f 145/369 149/371 148/372
f 148/373 149/374 152/375
f 148/373 152/375 150/376
f 147/377 150/378 151/379
f 147/377 151/379 744/380
f 150/381 152/382 153/383
f 150/381 153/383 151/384
f 154/385 156/386 153/387
f 154/385 153/387 152/388
f 157/389 154/390 152/391
f 157/389 152/391 149/392
f 159/393 155/394 154/395
f 159/393 154/395 157/396
f 155/397 198/398 156/399
f 155/397 156/399 154/400
f 158/401 157/402 160/403
f 158/401 160/403 163/404
f 877/405 159/406 157/407
f 877/405 157/407 158/408
f 160/409 157/410 149/411
f 160/409 149/411 161/412
f 162/413 160/414 161/415
f 162/413 161/415 868/416
f 163/417 160/418 162/419
f 163/417 162/419 164/420
f 166/421 158/422 163/423
f 166/421 163/423 165/424
f 165/425 163/426 164/427
f 165/425 164/427 167/428
f 880/429 166/430 165/431
f 880/429 165/431 167/432
f 880/429 167/432 168/433
f 880/429 168/433 169/434
f 880/429 169/434 879/435
f 880/429 879/435 878/436
f 167/437 164/438 170/439
f 167/437 170/439 168/440
f 168/441 170/442 171/443
f 168/441 171/443 169/444
f 170/445 172/446 174/447
f 170/445 174/447 171/448
f 164/449 162/450 172/451
f 164/449 172/451 170/452
f 173/453 172/454 162/455
f 173/453 162/455 845/456
f 176/457 174/458 172/459
f 176/457 172/459 173/460
f 171/461 174/462 175/463
f 171/461 175/463 876/464
f 174/465 177/466 180/467
f 174/465 180/467 175/468
f 176/469 179/470 177/471
f 176/469 177/471 174/472
f 177/473 178/474 181/475
f 177/473 181/475 180/476
f 179/477 754/478 178/479
f 179/477 178/479 177/480
f 185/481 182/482 180/483
f 185/481 180/483 181/484
f 175/485 180/486 182/487
f 175/485 182/487 183/488
f 184/489 195/490 183/491
f 184/489 183/491 182/492
f 184/493 182/494 185/495
f 184/493 185/495 187/496
f 181/497 750/498 186/499
f 181/497 186/499 185/500
f 185/501 186/502 188/503
f 185/501 188/503 187/504
f 187/505 188/506 191/507
f 187/505 191/507 189/508
f 192/509 184/510 187/511
f 192/509 187/511 189/512
f 192/513 189/514 190/515
f 192/513 190/515 193/516
f 189/517 191/518 259/519
f 189/517 259/519 190/520
f 192/521 194/522 195/523
f 192/521 195/523 184/524
f 194/525 192/526 193/527
f 194/525 193/527 196/528
f 195/529 194/530 198/531
f 195/529 198/531 155/532
f 197/533 194/534 196/535
f 197/533 196/535 213/536
f 199/537 198/538 194/539
f 199/537 194/539 197/540
f 200/541 156/542 198/543
f 200/541 198/543 199/544
f 203/545 200/546 199/547
f 203/545 199/547 201/548
f 201/549 199/550 197/551
f 201/549 197/551 202/552
f 749/553 209/554 208/555
f 749/553 208/555 206/556
f 749/553 206/556 204/557
f 749/553 204/557 203/558
f 749/553 203/558 201/559
f 749/553 201/559 202/560
f 204/561 205/562 200/563
f 204/561 200/563 203/564
f 206/565 207/566 205/567
f 206/565 205/567 204/568
f 208/569 210/570 207/571
f 208/569 207/571 206/572
f 209/573 212/574 210/575
f 209/573 210/575 208/576
f 210/577 211/578 222/579
f 210/577 222/579 207/580
f 212/581 214/582 211/583
f 212/581 211/583 210/584
f 749/585 213/586 212/587
f 749/585 212/587 209/588
f 213/589 196/590 214/591
f 213/589 214/591 212/592
f 214/593 216/594 219/595
f 214/593 219/595 211/596
f 196/597 193/598 215/599
f 196/597 215/599 214/600
f 214/601 215/602 218/603
f 214/601 218/603 216/604
f 216/605 217/606 220/607
f 216/605 220/607 219/608
f 216/609 218/610 246/611
f 216/609 246/611 217/612
f 219/613 220/614 224/615
f 219/613 224/615 221/616
f 211/617 219/618 221/619
f 211/617 221/619 222/620
f 222/621 221/622 223/623
f 222/621 223/623 739/624
f 221/625 224/626 226/627
f 221/625 226/627 223/628
f 224/629 225/630 271/631
f 224/629 271/631 226/632
f 230/633 225/634 224/635
f 230/633 224/635 227/636
f 227/637 224/638 220/639
f 227/637 220/639 228/640
f 229/641 227/642 228/643
f 229/641 228/643 748/644
f 232/645 230/646 227/647
f 232/645 227/647 229/648
f 231/649 268/650 225/651
f 231/649 225/651 230/652
f 233/653 231/654 230/655
f 233/653 230/655 232/656
f 242/657 235/658 234/659
f 242/657 234/659 233/660
f 242/657 233/660 232/661
f 242/657 232/661 229/662
f 242/657 229/662 748/663
f 242/657 748/663 747/664
f 234/665 236/666 231/667
f 234/665 231/667 233/668
f 235/669 238/670 236/671
f 235/669 236/671 234/672
f 236/673 237/674 268/675
f 236/673 268/675 231/676
f 238/677 239/678 237/679
f 238/677 237/679 236/680
f 240/681 243/682 239/683
f 240/681 239/683 238/684
f 242/685 240/686 238/687
f 242/685 238/687 235/688
f 747/689 241/690 240/691
f 747/689 240/691 242/692
f 241/693 217/694 243/695
f 241/693 243/695 240/696
f 243/697 244/698 247/699
f 243/697 247/699 239/700
f 217/701 246/702 244/703
f 217/701 244/703 243/704
f 246/705 254/706 245/707
f 246/705 245/707 244/708
f 244/709 245/710 249/711
f 244/709 249/711 247/712
f 251/713 248/714 247/715
f 251/713 247/715 249/716
f 248/717 261/718 239/719
f 248/717 239/719 247/720
f 245/721 252/722 250/723
f 245/721 250/723 249/724
f 249/725 250/726 2/727
f 249/725 2/727 251/728
f 3/729 260/730 248/731
f 3/729 248/731 251/732
f 253/733 252/734 245/735
f 253/733 245/735 254/736
f 256/737 255/738 253/739
f 256/737 253/739 254/740
f 258/741 257/742 255/743
f 258/741 255/743 256/744
f 190/745 259/746 257/747
f 190/745 257/747 258/748
f 193/749 190/750 258/751
f 193/749 258/751 215/752
f 215/753 258/754 256/755
f 215/753 256/755 218/756
f 218/757 256/758 254/759
f 218/757 254/759 246/760
f 260/761 262/762 261/763
f 260/761 261/763 248/764
f 261/765 262/766 264/767
f 261/765 264/767 263/768
f 239/769 261/770 263/771
f 239/769 263/771 237/772
f 237/773 263/774 265/775
f 237/773 265/775 268/776
f 263/777 264/778 267/779
f 263/777 267/779 265/780
f 268/781 265/782 266/783
f 268/781 266/783 269/784
f 265/785 267/786 287/787
f 265/785 287/787 266/788
f 225/789 268/790 269/791
f 225/789 269/791 271/792
f 271/793 269/794 270/795
f 271/793 270/795 272/796
f 270/797 269/798 266/799
f 270/797 266/799 288/800
f 273/801 226/802 271/803
f 273/801 271/803 272/804
f 275/805 273/806 272/807
f 275/805 272/807 274/808
f 274/809 272/810 270/811
f 274/809 270/811 277/812
f 731/813 275/814 274/815
f 731/813 274/815 276/816
f 276/817 274/818 277/819
f 276/817 277/819 279/820
f 277/821 270/822 288/823
f 277/821 288/823 278/824
f 279/825 277/826 278/827
f 279/825 278/827 280/828
f 280/829 278/830 283/831
f 280/829 283/831 281/832
f 284/833 282/834 281/835
f 284/833 281/835 283/836
f 278/837 288/838 285/839
f 278/837 285/839 283/840
f 286/841 284/842 283/843
f 286/841 283/843 285/844
f 285/845 287/846 289/847
f 285/845 289/847 286/848
f 288/849 266/850 287/851
f 288/849 287/851 285/852
f 267/853 290/854 289/855
f 267/853 289/855 287/856
f 290/857 294/858 291/859
f 290/857 291/859 289/860
f 286/861 289/862 291/863
f 286/861 291/863 292/864
f 291/865 293/866 349/867
f 291/865 349/867 292/868
f 294/869 295/870 293/871
f 294/869 293/871 291/872
f 296/873 294/874 290/875
f 296/873 290/875 306/876
f 297/877 298/878 295/879
f 297/877 295/879 294/880
f 300/881 297/882 294/883
f 300/881 294/883 296/884
f 299/885 319/886 298/887
f 299/885 298/887 297/888
f 301/889 299/890 297/891
f 301/889 297/891 300/892
f 303/893 301/894 300/895
f 303/893 300/895 302/896
f 302/897 300/898 296/899
f 302/897 296/899 304/900
f 314/901 303/902 302/903
f 314/901 302/903 304/904
f 314/901 304/904 305/905
f 314/901 305/905 307/906
f 314/901 307/906 308/907
f 314/901 308/907 312/908
f 304/909 296/910 306/911
f 304/909 306/911 305/912
f 305/913 306/914 309/915
f 305/913 309/915 307/916
f 307/917 309/918 310/919
f 307/917 310/919 308/920
f 309/921 267/922 264/923
f 309/921 264/923 310/924
f 306/925 290/926 267/927
f 306/925 267/927 309/928
f 308/929 310/930 311/931
f 308/929 311/931 312/932
f 310/933 264/934 262/935
f 310/933 262/935 311/936
f 311/937 262/938 315/939
f 311/937 315/939 313/940
f 312/941 311/942 313/943
f 312/941 313/943 314/944
f 314/945 313/946 301/947
f 314/945 301/947 303/948
f 313/949 315/950 299/951
f 313/949 299/951 301/952
f 315/953 316/954 317/955
f 315/953 317/955 299/956
f 262/957 260/958 316/959
f 262/957 316/959 315/960
f 260/961 3/962 5/963
f 260/961 5/963 316/964
f 316/965 5/966 7/967
f 316/965 7/967 317/968
f 318/969 319/970 299/971
f 318/969 299/971 317/972
f 318/973 317/974 7/975
f 318/973 7/975 9/976
f 320/977 322/978 319/979
f 320/977 319/979 318/980
f 11/981 320/982 318/983
f 11/981 318/983 9/984
f 321/985 325/986 322/987
f 321/985 322/987 320/988
f 321/989 320/990 11/991
f 321/989 11/991 13/992
f 727/993 324/994 322/995
f 727/993 322/995 323/996
f 323/997 322/998 325/999
f 323/997 325/999 327/1000
f 319/1001 322/1002 324/1003
f 319/1001 324/1003 298/1004
f 327/1005 325/1006 326/1007
f 327/1005 326/1007 329/1008
f 723/1009 326/1010 325/1011
f 723/1009 325/1011 321/1012
f 730/1013 323/1014 327/1015
f 730/1013 327/1015 328/1016
f 328/1017 327/1018 329/1019
f 328/1017 329/1019 331/1020
f 331/1021 329/1022 330/1023
f 331/1021 330/1023 332/1024
f 329/1025 326/1026 340/1027
f 329/1025 340/1027 330/1028
f 328/1029 331/1030 332/1031
f 328/1029 332/1031 333/1032
f 328/1029 333/1032 334/1033
f 328/1029 334/1033 728/1034
f 328/1029 728/1034 729/1035
f 328/1029 729/1035 730/1036
f 332/1037 330/1038 335/1039
f 332/1037 335/1039 333/1040
f 333/1041 335/1042 336/1043
f 333/1041 336/1043 334/1044
f 330/1045 340/1046 337/1047
f 330/1045 337/1047 335/1048
f 335/1049 337/1050 341/1051
f 335/1049 341/1051 336/1052
f 341/1053 337/1054 338/1055
f 341/1053 338/1055 343/1056
f 337/1057 339/1058 695/1059
f 337/1057 695/1059 338/1060
f 340/1061 724/1062 339/1063
f 340/1061 339/1063 337/1064
f 336/1065 341/1066 342/1067
f 336/1065 342/1067 726/1068
f 342/1069 341/1070 343/1071
f 342/1069 343/1071 344/1072
f 348/1073 344/1074 343/1075
f 348/1073 343/1075 345/1076
f 345/1077 343/1078 338/1079
f 345/1077 338/1079 347/1080
f 358/1081 346/1082 345/1083
f 358/1081 345/1083 347/1084
f 345/1085 346/1086 350/1087
f 345/1085 350/1087 348/1088
f 349/1089 293/1090 344/1091
f 349/1089 344/1091 348/1092
f 348/1093 350/1094 351/1095
f 348/1093 351/1095 349/1096
f 346/1097 353/1098 352/1099
f 346/1097 352/1099 350/1100
f 350/1101 352/1102 354/1103
f 350/1101 354/1103 351/1104
f 351/1105 354/1106 355/1107
f 351/1105 355/1107 356/1108
f 356/1109 355/1110 282/1111
f 356/1109 282/1111 284/1112
f 349/1113 351/1114 356/1115
f 349/1113 356/1115 292/1116
f 356/1117 284/1118 286/1119
f 356/1117 286/1119 292/1120
f 358/1121 357/1122 353/1123
f 358/1121 353/1123 346/1124
f 360/1125 359/1126 357/1127
f 360/1125 357/1127 358/1128
f 362/1129 361/1130 359/1131
f 362/1129 359/1131 360/1132
f 364/1133 363/1134 361/1135
f 364/1133 361/1135 362/1136
f 366/1137 365/1138 363/1139
f 366/1137 363/1139 364/1140
f 368/1141 367/1142 365/1143
f 368/1141 365/1143 366/1144
f 371/1145 369/1146 367/1147
f 371/1145 367/1147 368/1148
f 372/1149 370/1150 369/1151
f 372/1149 369/1151 371/1152
f 374/1153 372/1154 371/1155
f 374/1153 371/1155 373/1156
f 373/1157 371/1158 368/1159
f 373/1157 368/1159 375/1160
f 373/1161 376/1162 379/1163
f 373/1161 379/1163 374/1164
f 375/1165 377/1166 376/1167
f 375/1165 376/1167 373/1168
f 686/1169 378/1170 376/1171
f 686/1169 376/1171 377/1172
f 378/1173 381/1174 379/1175
f 378/1173 379/1175 376/1176
f 374/1177 379/1178 380/1179
f 374/1177 380/1179 457/1180
f 381/1181 383/1182 380/1183
f 381/1181 380/1183 379/1184
f 382/1185 381/1186 378/1187
f 382/1185 378/1187 678/1188
f 385/1189 383/1190 381/1191
f 385/1189 381/1191 382/1192
f 384/1193 388/1194 386/1195
f 384/1193 386/1195 383/1196
f 682/1197 384/1198 383/1199
f 682/1197 383/1199 385/1200
f 383/1201 386/1202 387/1203
f 383/1201 387/1203 380/1204
f 386/1205 389/1206 391/1207
f 386/1205 391/1207 387/1208
f 388/1209 390/1210 389/1211
f 388/1209 389/1211 386/1212
f 393/1213 389/1214 390/1215
f 393/1213 390/1215 395/1216
f 389/1217 392/1218 447/1219
f 389/1217 447/1219 391/1220
f 396/1221 392/1222 389/1223
f 396/1221 389/1223 393/1224
f 397/1225 396/1226 393/1227
f 397/1225 393/1227 394/1228
f 394/1229 393/1230 395/1231
f 394/1229 395/1231 408/1232
f 401/1233 398/1234 396/1235
f 401/1233 396/1235 397/1236
f 398/1237 399/1238 392/1239
f 398/1237 392/1239 396/1240
f 400/1241 416/1242 399/1243
f 400/1241 399/1243 398/1244
f 402/1245 400/1246 398/1247
f 402/1245 398/1247 401/1248
f 405/1249 403/1250 402/1251
f 405/1249 402/1251 401/1252
f 405/1249 401/1252 397/1253
f 405/1249 397/1253 394/1254
f 405/1249 394/1254 408/1255
f 405/1249 408/1255 407/1256
f 403/1257 404/1258 400/1259
f 403/1257 400/1259 402/1260
f 405/1261 406/1262 404/1263
f 405/1261 404/1263 403/1264
f 407/1265 409/1266 406/1267
f 407/1265 406/1267 405/1268
f 408/1269 395/1270 409/1271
f 408/1269 409/1271 407/1272
f 409/1273 410/1274 413/1275
f 409/1273 413/1275 406/1276
f 395/1277 390/1278 410/1279
f 395/1277 410/1279 409/1280
f 410/1281 411/1282 414/1283
f 410/1281 414/1283 413/1284
f 411/1285 410/1286 412/1287
f 411/1285 412/1287 662/1288
f 412/1289 410/1290 390/1291
f 412/1289 390/1291 388/1292
f 413/1293 414/1294 417/1295
f 413/1293 417/1295 415/1296
f 406/1297 413/1298 415/1299
f 406/1297 415/1299 404/1300
f 404/1301 415/1302 416/1303
f 404/1301 416/1303 400/1304
f 415/1305 418/1306 421/1307
f 415/1305 421/1307 416/1308
f 420/1309 418/1310 415/1311
f 420/1309 415/1311 417/1312
f 418/1313 419/1314 423/1315
f 418/1313 423/1315 421/1316
f 646/1317 419/1318 418/1319
f 646/1317 418/1319 420/1320
f 416/1321 421/1322 422/1323
f 416/1321 422/1323 399/1324
f 421/1325 423/1326 425/1327
f 421/1325 425/1327 422/1328
f 424/1329 423/1330 419/1331
f 424/1329 419/1331 638/1332
f 427/1333 425/1334 423/1335
f 427/1333 423/1335 424/1336
f 633/1337 426/1338 425/1339
f 633/1337 425/1339 427/1340
f 425/1341 426/1342 431/1343
f 425/1341 431/1343 428/1344
f 422/1345 425/1346 428/1347
f 422/1345 428/1347 429/1348
f 443/1349 429/1350 428/1351
f 443/1349 428/1351 430/1352
f 430/1353 428/1354 431/1355
f 430/1353 431/1355 433/1356
f 426/1357 629/1358 432/1359
f 426/1357 432/1359 431/1360
f 433/1361 431/1362 432/1363
f 433/1361 432/1363 434/1364
f 436/1365 435/1366 433/1367
f 436/1365 433/1367 434/1368
f 433/1369 435/1370 438/1371
f 433/1369 438/1371 430/1372
f 436/1373 460/1374 437/1375
f 436/1373 437/1375 435/1376
f 435/1377 437/1378 439/1379
f 435/1377 439/1379 438/1380
f 438/1381 439/1382 441/1383
f 438/1381 441/1383 440/1384
f 430/1385 438/1386 440/1387
f 430/1385 440/1387 443/1388
f 440/1389 441/1390 459/1391
f 440/1389 459/1391 442/1392
f 443/1393 440/1394 442/1395
f 443/1393 442/1395 444/1396
f 446/1397 429/1398 443/1399
f 446/1397 443/1399 444/1400
f 442/1401 449/1402 445/1403
f 442/1401 445/1403 444/1404
f 445/1405 447/1406 446/1407
f 445/1405 446/1407 444/1408
f 399/1409 422/1410 429/1411
f 399/1409 429/1411 446/1412
f 392/1413 399/1414 446/1415
f 392/1413 446/1415 447/1416
f 448/1417 391/1418 447/1419
f 448/1417 447/1419 445/1420
f 445/1421 449/1422 451/1423
f 445/1421 451/1423 448/1424
f 442/1425 459/1426 450/1427
f 442/1425 450/1427 449/1428
f 449/1429 450/1430 452/1431
f 449/1429 452/1431 451/1432
f 451/1433 452/1434 454/1435
f 451/1433 454/1435 453/1436
f 448/1437 451/1438 453/1439
f 448/1437 453/1439 456/1440
f 453/1441 454/1442 458/1443
f 453/1441 458/1443 455/1444
f 456/1445 453/1446 455/1447
f 456/1445 455/1447 457/1448
f 457/1449 380/1450 387/1451
f 457/1449 387/1451 456/1452
f 456/1453 387/1454 391/1455
f 456/1453 391/1455 448/1456
f 455/1457 372/1458 374/1459
f 455/1457 374/1459 457/1460
f 455/1461 458/1462 370/1463
f 455/1461 370/1463 372/1464
f 463/1465 461/1466 460/1467
f 463/1465 460/1467 436/1468
f 464/1469 462/1470 461/1471
f 464/1469 461/1471 463/1472
f 467/1473 464/1474 463/1475
f 467/1473 463/1475 465/1476
f 465/1477 463/1478 436/1479
f 465/1477 436/1479 434/1480
f 465/1481 466/1482 469/1483
f 465/1481 469/1483 467/1484
f 434/1485 432/1486 466/1487
f 434/1485 466/1487 465/1488
f 468/1489 612/1490 464/1491
f 468/1489 464/1491 467/1492
f 467/1493 469/1494 471/1495
f 467/1493 471/1495 468/1496
f 470/1497 472/1498 471/1499
f 470/1497 471/1499 469/1500
f 628/1501 470/1502 469/1503
f 628/1501 469/1503 466/1504
f 472/1505 476/1506 473/1507
f 472/1505 473/1507 471/1508
f 468/1509 471/1510 473/1511
f 468/1509 473/1511 475/1512
f 476/1513 479/1514 474/1515
f 476/1513 474/1515 473/1516
f 473/1517 474/1518 611/1519
f 473/1517 611/1519 475/1520
f 657/1521 477/1522 476/1523
f 657/1521 476/1523 478/1524
f 477/1525 481/1526 479/1527
f 477/1525 479/1527 476/1528
f 478/1529 476/1530 472/1531
f 478/1529 472/1531 651/1532
f 479/1533 480/1534 503/1535
f 479/1533 503/1535 474/1536
f 481/1537 482/1538 480/1539
f 481/1537 480/1539 479/1540
f 483/1541 485/1542 482/1543
f 483/1541 482/1543 481/1544
f 484/1545 483/1546 481/1547
f 484/1545 481/1547 477/1548
f 61/1549 485/1550 483/1551
f 61/1549 483/1551 59/1552
f 59/1553 483/1554 484/1555
f 59/1553 484/1555 617/1556
f 64/1557 486/1558 485/1559
f 64/1557 485/1559 61/1560
f 487/1561 485/1562 486/1563
f 487/1561 486/1563 489/1564
f 488/1565 482/1566 485/1567
f 488/1565 485/1567 487/1568
f 492/1569 488/1570 487/1571
f 492/1569 487/1571 490/1572
f 490/1573 487/1574 489/1575
f 490/1573 489/1575 491/1576
f 491/1577 589/1578 590/1579
f 491/1577 590/1579 496/1580
f 491/1577 496/1580 495/1581
f 491/1577 495/1581 493/1582
f 491/1577 493/1582 492/1583
f 491/1577 492/1583 490/1584
f 493/1585 494/1586 488/1587
f 493/1585 488/1587 492/1588
f 495/1589 497/1590 494/1591
f 495/1589 494/1591 493/1592
f 496/1593 498/1594 497/1595
f 496/1593 497/1595 495/1596
f 497/1597 499/1598 480/1599
f 497/1597 480/1599 494/1600
f 498/1601 500/1602 499/1603
f 498/1601 499/1603 497/1604
f 499/1605 500/1606 504/1607
f 499/1605 504/1607 501/1608
f 480/1609 499/1610 501/1611
f 480/1609 501/1611 503/1612
f 608/1613 503/1614 501/1615
f 608/1613 501/1615 502/1616
f 502/1617 501/1618 504/1619
f 502/1617 504/1619 506/1620
f 500/1621 582/1622 505/1623
f 500/1621 505/1623 504/1624
f 506/1625 504/1626 505/1627
f 506/1625 505/1627 507/1628
f 507/1629 511/1630 508/1631
f 507/1629 508/1631 506/1632
f 508/1633 509/1634 502/1635
f 508/1633 502/1635 506/1636
f 508/1637 510/1638 604/1639
f 508/1637 604/1639 509/1640
f 511/1641 512/1642 510/1643
f 511/1641 510/1643 508/1644
f 515/1645 513/1646 511/1647
f 515/1645 511/1647 507/1648
f 513/1649 516/1650 512/1651
f 513/1649 512/1651 511/1652
f 514/1653 517/1654 516/1655
f 514/1653 516/1655 513/1656
f 595/1657 514/1658 513/1659
f 595/1657 513/1659 515/1660
f 519/1661 518/1662 517/1663
f 519/1661 517/1663 514/1664
f 522/1665 520/1666 518/1667
f 522/1665 518/1667 519/1668
f 524/1669 521/1670 520/1671
f 524/1669 520/1671 522/1672
f 523/1673 522/1674 519/1675
f 523/1673 519/1675 535/1676
f 526/1677 524/1678 522/1679
f 526/1677 522/1679 523/1680
f 527/1681 525/1682 524/1683
f 527/1681 524/1683 526/1684
f 525/1685 600/1686 521/1687
f 525/1685 521/1687 524/1688
f 523/1689 531/1690 528/1691
f 523/1689 528/1691 526/1692
f 526/1693 528/1694 530/1695
f 526/1693 530/1695 527/1696
f 532/1697 529/1698 528/1699
f 532/1697 528/1699 531/1700
f 529/1701 565/1702 530/1703
f 529/1701 530/1703 528/1704
f 533/1705 531/1706 523/1707
f 533/1705 523/1707 535/1708
f 536/1709 532/1710 531/1711
f 536/1709 531/1711 533/1712
f 538/1713 536/1714 533/1715
f 538/1713 533/1715 534/1716
f 595/1717 534/1718 533/1719
f 595/1717 533/1719 535/1720
f 541/1721 539/1722 536/1723
f 541/1721 536/1723 537/1724
f 537/1725 536/1726 538/1727
f 537/1725 538/1727 579/1728
f 539/1729 542/1730 532/1731
f 539/1729 532/1731 536/1732
f 540/1733 543/1734 542/1735
f 540/1733 542/1735 539/1736
f 567/1737 540/1738 539/1739
f 567/1737 539/1739 541/1740
f 542/1741 544/1742 529/1743
f 542/1741 529/1743 532/1744
f 543/1745 545/1746 544/1747
f 543/1745 544/1747 542/1748
f 546/1749 544/1750 545/1751
f 546/1749 545/1751 547/1752
f 548/1753 529/1754 544/1755
f 548/1753 544/1755 546/1756
f 549/1757 546/1758 547/1759
f 549/1757 547/1759 550/1760
f 551/1761 548/1762 546/1763
f 551/1761 546/1763 549/1764
f 560/1765 558/1766 556/1767
f 560/1765 556/1767 554/1768
f 560/1765 554/1768 552/1769
f 560/1765 552/1769 551/1770
f 560/1765 551/1770 549/1771
f 560/1765 549/1771 550/1772
f 552/1773 553/1774 548/1775
f 552/1773 548/1775 551/1776
f 554/1777 555/1778 553/1779
f 554/1777 553/1779 552/1780
f 556/1781 557/1782 555/1783
f 556/1781 555/1783 554/1784
f 558/1785 559/1786 557/1787
f 558/1785 557/1787 556/1788
f 560/1789 561/1790 559/1791
f 560/1789 559/1791 558/1792
f 550/1793 547/1794 561/1795
f 550/1793 561/1795 560/1796
f 561/1797 562/1798 96/1799
f 561/1797 96/1799 559/1800
f 547/1801 545/1802 562/1803
f 547/1801 562/1803 561/1804
f 94/1805 96/1806 562/1807
f 94/1805 562/1807 563/1808
f 563/1809 562/1810 545/1811
f 563/1809 545/1811 564/1812
f 563/1813 564/1814 80/1815
f 563/1813 80/1815 85/1816
f 87/1817 94/1818 563/1819
f 87/1817 563/1819 85/1820
f 564/1821 545/1822 543/1823
f 564/1821 543/1823 81/1824
f 559/1825 96/1826 99/1827
f 559/1825 99/1827 557/1828
f 557/1829 99/1830 102/1831
f 557/1829 102/1831 555/1832
f 555/1833 102/1834 565/1835
f 555/1833 565/1835 553/1836
f 553/1837 565/1838 529/1839
f 553/1837 529/1839 548/1840
f 565/1841 102/1842 106/1843
f 565/1841 106/1843 530/1844
f 81/1845 543/1846 540/1847
f 81/1845 540/1847 78/1848
f 569/1849 567/1850 541/1851
f 569/1849 541/1851 566/1852
f 566/1853 541/1854 537/1855
f 566/1853 537/1855 594/1856
f 568/1857 593/1858 540/1859
f 568/1857 540/1859 567/1860
f 570/1861 568/1862 567/1863
f 570/1861 567/1863 569/1864
f 570/1865 569/1866 566/1867
f 570/1865 566/1867 594/1868
f 570/1865 594/1868 576/1869
f 570/1865 576/1869 575/1870
f 570/1865 575/1870 573/1871
f 570/1865 573/1871 571/1872
f 571/1873 572/1874 568/1875
f 571/1873 568/1875 570/1876
f 573/1877 574/1878 572/1879
f 573/1877 572/1879 571/1880
f 575/1881 577/1882 574/1883
f 575/1881 574/1883 573/1884
f 576/1885 579/1886 577/1887
f 576/1885 577/1887 575/1888
f 577/1889 578/1890 581/1891
f 577/1889 581/1891 574/1892
f 579/1893 538/1894 578/1895
f 579/1893 578/1895 577/1896
f 594/1897 537/1898 579/1899
f 594/1897 579/1899 576/1900
f 582/1901 578/1902 580/1903
f 582/1901 580/1903 505/1904
f 578/1905 538/1906 534/1907
f 578/1905 534/1907 580/1908
f 583/1909 581/1910 578/1911
f 583/1909 578/1911 582/1912
f 585/1913 583/1914 582/1915
f 585/1913 582/1915 500/1916
f 584/1917 592/1918 581/1919
f 584/1917 581/1919 583/1920
f 587/1921 584/1922 583/1923
f 587/1921 583/1923 585/1924
f 586/1925 585/1926 500/1927
f 586/1925 500/1927 498/1928
f 588/1929 587/1930 585/1931
f 588/1929 585/1931 586/1932
f 489/1933 486/1934 587/1935
f 489/1933 587/1935 588/1936
f 66/1937 587/1938 486/1939
f 66/1937 486/1939 64/1940
f 591/1941 584/1942 587/1943
f 591/1941 587/1943 66/1944
f 589/1945 588/1946 586/1947
f 589/1945 586/1947 590/1948
f 491/1949 489/1950 588/1951
f 491/1949 588/1951 589/1952
f 590/1953 586/1954 498/1955
f 590/1953 498/1955 496/1956
f 73/1957 592/1958 584/1959
f 73/1957 584/1959 591/1960
f 592/1961 73/1962 75/1963
f 592/1961 75/1963 593/1964
f 574/1965 581/1966 592/1967
f 574/1965 592/1967 572/1968
f 572/1969 592/1970 593/1971
f 572/1969 593/1971 568/1972
f 593/1973 75/1974 78/1975
f 593/1973 78/1975 540/1976
f 515/1977 580/1978 534/1979
f 515/1977 534/1979 595/1980
f 507/1981 505/1982 580/1983
f 507/1981 580/1983 515/1984
f 519/1985 514/1986 595/1987
f 519/1985 595/1987 535/1988
f 527/1989 530/1990 106/1991
f 527/1989 106/1991 596/1992
f 596/1993 597/1994 525/1995
f 596/1993 525/1995 527/1996
f 105/1997 598/1998 597/1999
f 105/1997 597/1999 596/2000
f 597/2001 598/2002 601/2003
f 597/2001 601/2003 599/2004
f 597/2005 599/2006 600/2007
f 597/2005 600/2007 525/2008
f 598/2009 603/2010 602/2011
f 598/2009 602/2011 601/2012
f 602/2013 603/2014 113/2015
f 602/2013 113/2015 119/2016
f 108/2017 603/2018 598/2019
f 108/2017 598/2019 105/2020
f 509/2021 604/2022 605/2023
f 509/2021 605/2023 607/2024
f 607/2025 605/2026 606/2027
f 607/2025 606/2027 609/2028
f 608/2029 607/2030 609/2031
f 608/2029 609/2031 611/2032
f 502/2033 509/2034 607/2035
f 502/2033 607/2035 608/2036
f 611/2037 609/2038 610/2039
f 611/2037 610/2039 475/2040
f 609/2041 606/2042 613/2043
f 609/2041 613/2043 610/2044
f 611/2045 474/2046 503/2047
f 611/2045 503/2047 608/2048
f 610/2049 612/2050 468/2051
f 610/2049 468/2051 475/2052
f 610/2053 613/2054 614/2055
f 610/2053 614/2055 612/2056
f 612/2057 614/2058 462/2059
f 612/2057 462/2059 464/2060
f 494/2061 480/2062 482/2063
f 494/2061 482/2063 488/2064
f 615/2065 484/2066 477/2067
f 615/2065 477/2067 657/2068
f 660/2069 616/2070 484/2071
f 660/2069 484/2071 615/2072
f 616/2073 618/2074 617/2075
f 616/2073 617/2075 484/2076
f 618/2077 53/2078 55/2079
f 618/2077 55/2079 617/2080
f 619/2081 51/2082 53/2083
f 619/2081 53/2083 618/2084
f 621/2085 619/2086 618/2087
f 621/2085 618/2087 616/2088
f 51/2089 619/2090 620/2091
f 51/2089 620/2091 49/2092
f 619/2093 621/2094 624/2095
f 619/2093 624/2095 620/2096
f 648/2097 623/2098 621/2099
f 648/2097 621/2099 622/2100
f 622/2101 621/2102 616/2103
f 622/2101 616/2103 660/2104
f 624/2105 621/2106 623/2107
f 624/2105 623/2107 626/2108
f 620/2109 624/2110 625/2111
f 620/2109 625/2111 647/2112
f 625/2113 624/2114 626/2115
f 625/2113 626/2115 627/2116
f 627/2117 626/2118 628/2119
f 627/2117 628/2119 629/2120
f 626/2121 623/2122 470/2123
f 626/2121 470/2123 628/2124
f 629/2125 628/2126 466/2127
f 629/2125 466/2127 432/2128
f 630/2129 629/2130 426/2131
f 630/2129 426/2131 633/2132
f 632/2133 627/2134 629/2135
f 632/2133 629/2135 630/2136
f 642/2137 632/2138 630/2139
f 642/2137 630/2139 631/2140
f 631/2141 630/2142 633/2143
f 631/2141 633/2143 634/2144
f 634/2145 633/2146 427/2147
f 634/2145 427/2147 635/2148
f 639/2149 641/2150 642/2151
f 639/2149 642/2151 631/2152
f 639/2149 631/2152 634/2153
f 639/2149 634/2153 635/2154
f 639/2149 635/2154 636/2155
f 639/2149 636/2155 637/2156
f 635/2157 427/2158 424/2159
f 635/2157 424/2159 636/2160
f 636/2161 424/2162 638/2163
f 636/2161 638/2163 637/2164
f 637/2165 638/2166 640/2167
f 637/2165 640/2167 639/2168
f 639/2169 640/2170 643/2171
f 639/2169 643/2171 641/2172
f 641/2173 643/2174 632/2175
f 641/2173 632/2175 642/2176
f 640/2177 644/2178 625/2179
f 640/2177 625/2179 643/2180
f 643/2181 625/2182 627/2183
f 643/2181 627/2183 632/2184
f 638/2185 419/2186 644/2187
f 638/2185 644/2187 640/2188
f 645/2189 644/2190 419/2191
f 645/2189 419/2191 646/2192
f 647/2193 625/2194 644/2195
f 647/2193 644/2195 645/2196
f 47/2197 647/2198 645/2199
f 47/2197 645/2199 45/2200
f 645/2201 646/2202 43/2203
f 645/2201 43/2203 45/2204
f 620/2205 647/2206 47/2207
f 620/2205 47/2207 49/2208
f 43/2209 646/2210 420/2211
f 43/2209 420/2211 41/2212
f 650/2213 470/2214 623/2215
f 650/2213 623/2215 648/2216
f 649/2217 648/2218 622/2219
f 649/2217 622/2219 659/2220
f 652/2221 650/2222 648/2223
f 652/2221 648/2223 649/2224
f 651/2225 472/2226 470/2227
f 651/2225 470/2227 650/2228
f 653/2229 651/2230 650/2231
f 653/2229 650/2231 652/2232
f 658/2233 656/2234 655/2235
f 658/2233 655/2235 654/2236
f 658/2233 654/2236 653/2237
f 658/2233 653/2237 652/2238
f 658/2233 652/2238 649/2239
f 658/2233 649/2239 659/2240
f 654/2241 478/2242 651/2243
f 654/2241 651/2243 653/2244
f 655/2245 657/2246 478/2247
f 655/2245 478/2247 654/2248
f 656/2249 615/2250 657/2251
f 656/2249 657/2251 655/2252
f 658/2253 660/2254 615/2255
f 658/2253 615/2255 656/2256
f 659/2257 622/2258 660/2259
f 659/2257 660/2259 658/2260
f 420/2261 417/2262 39/2263
f 420/2261 39/2263 41/2264
f 414/2265 37/2266 39/2267
f 414/2265 39/2267 417/2268
f 411/2269 35/2270 37/2271
f 411/2269 37/2271 414/2272
f 661/2273 412/2274 388/2275
f 661/2273 388/2275 384/2276
f 662/2277 412/2278 661/2279
f 662/2277 661/2279 663/2280
f 35/2281 411/2282 662/2283
f 35/2281 662/2283 33/2284
f 662/2285 663/2286 31/2287
f 662/2285 31/2287 33/2288
f 663/2289 661/2290 666/2291
f 663/2289 666/2291 664/2292
f 31/2293 663/2294 664/2295
f 31/2293 664/2295 29/2296
f 664/2297 665/2298 27/2299
f 664/2297 27/2299 29/2300
f 664/2301 666/2302 668/2303
f 664/2301 668/2303 665/2304
f 667/2305 666/2306 661/2307
f 667/2305 661/2307 683/2308
f 671/2309 668/2310 666/2311
f 671/2309 666/2311 667/2312
f 665/2313 668/2314 669/2315
f 665/2313 669/2315 722/2316
f 669/2317 668/2318 670/2319
f 669/2317 670/2319 684/2320
f 672/2321 670/2322 668/2323
f 672/2321 668/2323 671/2324
f 675/2325 672/2326 671/2327
f 675/2325 671/2327 673/2328
f 673/2329 671/2330 667/2331
f 673/2329 667/2331 674/2332
f 674/2333 681/2334 680/2335
f 674/2333 680/2335 679/2336
f 674/2333 679/2336 677/2337
f 674/2333 677/2337 676/2338
f 674/2333 676/2338 675/2339
f 674/2333 675/2339 673/2340
f 676/2341 678/2342 672/2343
f 676/2341 672/2343 675/2344
f 677/2345 382/2346 678/2347
f 677/2345 678/2347 676/2348
f 678/2349 378/2350 670/2351
f 678/2349 670/2351 672/2352
f 679/2353 385/2354 382/2355
f 679/2353 382/2355 677/2356
f 680/2357 682/2358 385/2359
f 680/2357 385/2359 679/2360
f 681/2361 683/2362 682/2363
f 681/2361 682/2363 680/2364
f 683/2365 661/2366 384/2367
f 683/2365 384/2367 682/2368
f 674/2369 667/2370 683/2371
f 674/2369 683/2371 681/2372
f 684/2373 670/2374 378/2375
f 684/2373 378/2375 686/2376
f 685/2377 684/2378 686/2379
f 685/2377 686/2379 687/2380
f 721/2381 669/2382 684/2383
f 721/2381 684/2383 685/2384
f 687/2385 686/2386 377/2387
f 687/2385 377/2387 690/2388
f 707/2389 685/2390 687/2391
f 707/2389 687/2391 688/2392
f 688/2393 687/2394 689/2395
f 688/2393 689/2395 703/2396
f 687/2397 690/2398 692/2399
f 687/2397 692/2399 689/2400
f 690/2401 377/2402 375/2403
f 690/2401 375/2403 691/2404
f 693/2405 692/2406 690/2407
f 693/2405 690/2407 691/2408
f 697/2409 694/2410 692/2411
f 697/2409 692/2411 693/2412
f 689/2413 692/2414 694/2415
f 689/2413 694/2415 696/2416
f 339/2417 696/2418 694/2419
f 339/2417 694/2419 695/2420
f 698/2421 695/2422 694/2423
f 698/2421 694/2423 697/2424
f 693/2425 364/2426 362/2427
f 693/2425 362/2427 697/2428
f 697/2429 362/2430 360/2431
f 697/2429 360/2431 698/2432
f 347/2433 338/2434 695/2435
f 347/2433 695/2435 698/2436
f 698/2437 360/2438 358/2439
f 698/2437 358/2439 347/2440
f 703/2441 689/2442 696/2443
f 703/2441 696/2443 700/2444
f 724/2445 699/2446 696/2447
f 724/2445 696/2447 339/2448
f 700/2449 696/2450 699/2451
f 700/2449 699/2451 702/2452
f 701/2453 700/2454 702/2455
f 701/2453 702/2455 725/2456
f 704/2457 703/2458 700/2459
f 704/2457 700/2459 701/2460
f 705/2461 688/2462 703/2463
f 705/2461 703/2463 704/2464
f 710/2465 708/2466 706/2467
f 710/2465 706/2467 705/2468
f 710/2465 705/2468 704/2469
f 710/2465 704/2469 701/2470
f 710/2465 701/2470 725/2471
f 710/2465 725/2471 711/2472
f 706/2473 707/2474 688/2475
f 706/2473 688/2475 705/2476
f 708/2477 709/2478 707/2479
f 708/2477 707/2479 706/2480
f 710/2481 712/2482 709/2483
f 710/2481 709/2483 708/2484
f 711/2485 714/2486 712/2487
f 711/2485 712/2487 710/2488
f 712/2489 713/2490 721/2491
f 712/2489 721/2491 709/2492
f 714/2493 715/2494 713/2495
f 714/2493 713/2495 712/2496
f 702/2497 699/2498 715/2499
f 702/2497 715/2499 714/2500
f 725/2501 702/2502 714/2503
f 725/2501 714/2503 711/2504
f 717/2505 715/2506 716/2507
f 717/2505 716/2507 718/2508
f 716/2509 715/2510 699/2511
f 716/2509 699/2511 724/2512
f 715/2513 717/2514 719/2515
f 715/2513 719/2515 713/2516
f 19/2517 717/2518 718/2519
f 19/2517 718/2519 17/2520
f 717/2521 19/2522 21/2523
f 717/2521 21/2523 719/2524
f 719/2525 21/2526 23/2527
f 719/2525 23/2527 720/2528
f 713/2529 719/2530 720/2531
f 713/2529 720/2531 721/2532
f 722/2533 720/2534 23/2535
f 722/2533 23/2535 25/2536
f 722/2537 669/2538 721/2539
f 722/2537 721/2539 720/2540
f 27/2541 665/2542 722/2543
f 27/2541 722/2543 25/2544
f 709/2545 721/2546 685/2547
f 709/2545 685/2547 707/2548
f 718/2549 716/2550 326/2551
f 718/2549 326/2551 723/2552
f 718/2553 723/2554 15/2555
f 718/2553 15/2555 17/2556
f 15/2557 723/2558 321/2559
f 15/2557 321/2559 13/2560
f 326/2561 716/2562 724/2563
f 326/2561 724/2563 340/2564
f 366/2565 364/2566 693/2567
f 366/2565 693/2567 691/2568
f 375/2569 368/2570 366/2571
f 375/2569 366/2571 691/2572
f 295/2573 342/2574 344/2575
f 295/2573 344/2575 293/2576
f 298/2577 324/2578 342/2579
f 298/2577 342/2579 295/2580
f 726/2581 342/2582 324/2583
f 726/2581 324/2583 727/2584
f 728/2585 726/2586 727/2587
f 728/2585 727/2587 729/2588
f 334/2589 336/2590 726/2591
f 334/2589 726/2591 728/2592
f 729/2593 727/2594 323/2595
f 729/2593 323/2595 730/2596
f 732/2597 734/2598 275/2599
f 732/2597 275/2599 731/2600
f 733/2601 736/2602 734/2603
f 733/2601 734/2603 732/2604
f 734/2605 735/2606 273/2607
f 734/2605 273/2607 275/2608
f 736/2609 738/2610 735/2611
f 736/2609 735/2611 734/2612
f 743/2613 737/2614 736/2615
f 743/2613 736/2615 733/2616
f 737/2617 740/2618 738/2619
f 737/2617 738/2619 736/2620
f 738/2621 739/2622 223/2623
f 738/2621 223/2623 735/2624
f 741/2625 739/2626 738/2627
f 741/2625 738/2627 740/2628
f 151/2629 153/2630 741/2631
f 151/2629 741/2631 740/2632
f 744/2633 151/2634 740/2635
f 744/2633 740/2635 737/2636
f 156/2637 742/2638 741/2639
f 156/2637 741/2639 153/2640
f 742/2641 222/2642 739/2643
f 742/2641 739/2643 741/2644
f 205/2645 742/2646 156/2647
f 205/2645 156/2647 200/2648
f 207/2649 222/2650 742/2651
f 207/2649 742/2651 205/2652
f 745/2653 744/2654 737/2655
f 745/2653 737/2655 743/2656
f 746/2657 147/2658 744/2659
f 746/2657 744/2659 745/2660
f 735/2661 223/2662 226/2663
f 735/2661 226/2663 273/2664
f 748/2665 228/2666 241/2667
f 748/2665 241/2667 747/2668
f 228/2669 220/2670 217/2671
f 228/2669 217/2671 241/2672
f 202/2673 197/2674 213/2675
f 202/2673 213/2675 749/2676
f 183/2677 195/2678 155/2679
f 183/2677 155/2679 159/2680
f 751/2681 750/2682 181/2683
f 751/2681 181/2683 178/2684
f 754/2685 752/2686 751/2687
f 754/2685 751/2687 178/2688
f 755/2689 753/2690 752/2691
f 755/2689 752/2691 754/2692
f 756/2693 755/2694 754/2695
f 756/2693 754/2695 179/2696
f 758/2697 757/2698 755/2699
f 758/2697 755/2699 756/2700
f 759/2701 753/2702 755/2703
f 759/2701 755/2703 757/2704
f 763/2705 760/2706 757/2707
f 763/2705 757/2707 758/2708
f 760/2709 761/2710 759/2711
f 760/2709 759/2711 757/2712
f 762/2713 812/2714 761/2715
f 762/2713 761/2715 760/2716
f 760/2717 763/2718 765/2719
f 760/2717 765/2719 762/2720
f 764/2721 763/2722 758/2723
f 764/2721 758/2723 859/2724
f 763/2725 764/2726 766/2727
f 763/2725 766/2727 765/2728
f 765/2729 766/2730 770/2731
f 765/2729 770/2731 767/2732
f 765/2733 767/2734 769/2735
f 765/2733 769/2735 762/2736
f 769/2737 767/2738 768/2739
f 769/2737 768/2739 810/2740
f 773/2741 768/2742 767/2743
f 773/2741 767/2743 770/2744
f 770/2745 766/2746 866/2747
f 770/2745 866/2747 771/2748
f 772/2749 770/2750 771/2751
f 772/2749 771/2751 872/2752
f 775/2753 773/2754 770/2755
f 775/2753 770/2755 772/2756
f 774/2757 813/2758 768/2759
f 774/2757 768/2759 773/2760
f 777/2761 774/2762 773/2763
f 777/2761 773/2763 775/2764
f 776/2765 775/2766 772/2767
f 776/2765 772/2767 874/2768
f 779/2769 777/2770 775/2771
f 779/2769 775/2771 776/2772
f 780/2773 778/2774 777/2775
f 780/2773 777/2775 779/2776
f 778/2777 789/2778 774/2779
f 778/2777 774/2779 777/2780
f 776/2781 874/2782 873/2783
f 776/2781 873/2783 871/2784
f 776/2781 871/2784 782/2785
f 776/2781 782/2785 781/2786
f 776/2781 781/2786 780/2787
f 776/2781 780/2787 779/2788
f 781/2789 783/2790 778/2791
f 781/2789 778/2791 780/2792
f 782/2793 784/2794 783/2795
f 782/2793 783/2795 781/2796
f 784/2797 786/2798 785/2799
f 784/2797 785/2799 783/2800
f 783/2801 785/2802 789/2803
f 783/2801 789/2803 778/2804
f 785/2805 786/2806 829/2807
f 785/2805 829/2807 787/2808
f 788/2809 785/2810 787/2811
f 788/2809 787/2811 828/2812
f 790/2813 789/2814 785/2815
f 790/2813 785/2815 788/2816
f 791/2817 774/2818 789/2819
f 791/2817 789/2819 790/2820
f 795/2821 791/2822 790/2823
f 795/2821 790/2823 792/2824
f 792/2825 790/2826 788/2827
f 792/2825 788/2827 794/2828
f 797/2829 795/2830 792/2831
f 797/2829 792/2831 793/2832
f 793/2833 792/2834 794/2835
f 793/2833 794/2835 820/2836
f 814/2837 796/2838 795/2839
f 814/2837 795/2839 797/2840
f 796/2841 801/2842 798/2843
f 796/2841 798/2843 795/2844
f 795/2845 798/2846 800/2847
f 795/2845 800/2847 791/2848
f 798/2849 799/2850 806/2851
f 798/2849 806/2851 800/2852
f 801/2853 802/2854 799/2855
f 801/2853 799/2855 798/2856
f 97/2857 93/2858 801/2859
f 97/2857 801/2859 796/2860
f 93/2861 91/2862 802/2863
f 93/2861 802/2863 801/2864
f 802/2865 803/2866 804/2867
f 802/2865 804/2867 799/2868
f 89/2869 803/2870 802/2871
f 89/2869 802/2871 91/2872
f 799/2873 804/2874 805/2875
f 799/2873 805/2875 806/2876
f 806/2877 805/2878 807/2879
f 806/2877 807/2879 808/2880
f 808/2881 807/2882 809/2883
f 808/2881 809/2883 810/2884
f 810/2885 809/2886 811/2887
f 810/2885 811/2887 769/2888
f 769/2889 811/2890 812/2891
f 769/2889 812/2891 762/2892
f 813/2893 808/2894 810/2895
f 813/2893 810/2895 768/2896
f 800/2897 806/2898 808/2899
f 800/2897 808/2899 813/2900
f 791/2901 800/2902 813/2903
f 791/2901 813/2903 774/2904
f 815/2905 797/2906 793/2907
f 815/2905 793/2907 817/2908
f 816/2909 814/2910 797/2911
f 816/2909 797/2911 815/2912
f 816/2913 815/2914 817/2915
f 816/2913 817/2915 818/2916
f 816/2913 818/2916 819/2917
f 816/2913 819/2917 824/2918
f 816/2913 824/2918 825/2919
f 816/2913 825/2919 826/2920
f 817/2921 793/2922 820/2923
f 817/2921 820/2923 818/2924
f 818/2925 820/2926 821/2927
f 818/2925 821/2927 819/2928
f 820/2929 794/2930 111/2931
f 820/2929 111/2931 821/2932
f 819/2933 821/2934 822/2935
f 819/2933 822/2935 824/2936
f 821/2937 111/2938 103/2939
f 821/2937 103/2939 822/2940
f 822/2941 103/2942 100/2943
f 822/2941 100/2943 823/2944
f 824/2945 822/2946 823/2947
f 824/2945 823/2947 825/2948
f 825/2949 823/2950 827/2951
f 825/2949 827/2951 826/2952
f 826/2953 827/2954 814/2955
f 826/2953 814/2955 816/2956
f 823/2957 100/2958 97/2959
f 823/2957 97/2959 827/2960
f 827/2961 97/2962 796/2963
f 827/2961 796/2963 814/2964
f 794/2965 788/2966 828/2967
f 794/2965 828/2967 110/2968
f 115/2969 828/2970 787/2971
f 115/2969 787/2971 124/2972
f 124/2973 787/2974 829/2975
f 124/2973 829/2975 126/2976
f 786/2977 831/2978 830/2979
f 786/2977 830/2979 829/2980
f 126/2981 829/2982 830/2983
f 126/2981 830/2983 128/2984
f 831/2985 833/2986 832/2987
f 831/2985 832/2987 830/2988
f 128/2989 830/2990 832/2991
f 128/2989 832/2991 834/2992
f 833/2993 836/2994 835/2995
f 833/2993 835/2995 832/2996
f 834/2997 832/2998 835/2999
f 834/2997 835/2999 838/3000
f 836/3001 847/3002 837/3003
f 836/3001 837/3003 835/3004
f 838/3005 835/3006 837/3007
f 838/3005 837/3007 839/3008
f 129/3009 834/3010 838/3011
f 129/3009 838/3011 133/3012
f 133/3013 838/3014 839/3015
f 133/3013 839/3015 135/3016
f 135/3017 839/3018 840/3019
f 135/3017 840/3019 137/3020
f 839/3021 837/3022 842/3023
f 839/3021 842/3023 840/3024
f 137/3025 840/3026 841/3027
f 137/3025 841/3027 139/3028
f 840/3029 842/3030 843/3031
f 840/3029 843/3031 841/3032
f 844/3033 845/3034 843/3035
f 844/3033 843/3035 842/3036
f 847/3037 844/3038 842/3039
f 847/3037 842/3039 837/3040
f 846/3041 173/3042 845/3043
f 846/3041 845/3043 844/3044
f 850/3045 846/3046 844/3047
f 850/3045 844/3047 848/3048
f 848/3049 844/3050 847/3051
f 848/3049 847/3051 849/3052
f 851/3053 848/3054 849/3055
f 851/3053 849/3055 852/3056
f 853/3057 850/3058 848/3059
f 853/3057 848/3059 851/3060
f 855/3061 854/3062 853/3063
f 855/3061 853/3063 851/3064
f 855/3061 851/3064 852/3065
f 855/3061 852/3065 867/3066
f 855/3061 867/3066 863/3067
f 855/3061 863/3067 861/3068
f 854/3069 856/3070 850/3071
f 854/3069 850/3071 853/3072
f 855/3073 858/3074 856/3075
f 855/3073 856/3075 854/3076
f 856/3077 857/3078 846/3079
f 856/3077 846/3079 850/3080
f 858/3081 859/3082 857/3083
f 858/3081 857/3083 856/3084
f 860/3085 764/3086 859/3087
f 860/3085 859/3087 858/3088
f 861/3089 860/3090 858/3091
f 861/3089 858/3091 855/3092
f 862/3093 865/3094 764/3095
f 862/3093 764/3095 860/3096
f 863/3097 862/3098 860/3099
f 863/3097 860/3099 861/3100
f 867/3101 864/3102 862/3103
f 867/3101 862/3103 863/3104
f 864/3105 836/3106 865/3107
f 864/3105 865/3107 862/3108
f 866/3109 865/3110 836/3111
f 866/3109 836/3111 833/3112
f 766/3113 764/3114 865/3115
f 766/3113 865/3115 866/3116
f 771/3117 866/3118 833/3119
f 771/3117 833/3119 831/3120
f 852/3121 849/3122 864/3123
f 852/3121 864/3123 867/3124
f 849/3125 847/3126 836/3127
f 849/3125 836/3127 864/3128
f 859/3129 758/3130 756/3131
f 859/3129 756/3131 857/3132
f 857/3133 756/3134 179/3135
f 857/3133 179/3135 176/3136
f 857/3137 176/3138 173/3139
f 857/3137 173/3139 846/3140
f 845/3141 162/3142 868/3143
f 845/3141 868/3143 843/3144
f 841/3145 843/3146 868/3147
f 841/3145 868/3147 869/3148
f 868/3149 161/3150 145/3151
f 868/3149 145/3151 869/3152
f 139/3153 841/3154 869/3155
f 139/3153 869/3155 141/3156
f 872/3157 771/3158 831/3159
f 872/3157 831/3159 870/3160
f 870/3161 831/3162 786/3163
f 870/3161 786/3163 784/3164
f 871/3165 870/3166 784/3167
f 871/3165 784/3167 782/3168
f 873/3169 872/3170 870/3171
f 873/3169 870/3171 871/3172
f 874/3173 772/3174 872/3175
f 874/3173 872/3175 873/3176
f 876/3177 175/3178 183/3179
f 876/3177 183/3179 875/3180
f 875/3181 183/3182 159/3183
f 875/3181 159/3183 877/3184
f 879/3185 876/3186 875/3187
f 879/3185 875/3187 878/3188
f 878/3189 875/3190 877/3191
f 878/3189 877/3191 880/3192
f 880/3193 877/3194 158/3195
f 880/3193 158/3195 166/3196
f 169/3197 171/3198 876/3199
f 169/3197 876/3199 879/3200
f 882/3201 885/3202 884/3203
f 882/3201 884/3203 881/3204
f 881/3205 883/3206 938/3207
f 881/3205 938/3207 937/3208
f 881/3205 937/3208 936/3209
f 881/3205 936/3209 924/3210
f 881/3205 924/3210 923/3211
f 881/3205 923/3211 922/3212
f 881/3205 922/3212 920/3213
f 881/3205 920/3213 921/3214
f 881/3205 921/3214 904/3215
f 881/3205 904/3215 903/3216
f 881/3205 903/3216 901/3217
f 881/3205 901/3217 900/3218
f 881/3205 900/3218 899/3219
f 881/3205 899/3219 882/3220
f 881/3221 884/3222 886/3223
f 881/3221 886/3223 883/3224
f 888/3225 887/3226 884/3227
f 888/3225 884/3227 885/3228
f 887/3229 889/3230 886/3231
f 887/3229 886/3231 884/3232
f 887/3233 888/3234 892/3235
f 887/3233 892/3235 890/3236
f 889/3237 887/3238 890/3239
f 889/3237 890/3239 891/3240
f 891/3241 890/3242 892/3243
f 891/3241 892/3243 893/3244
f 891/3241 893/3244 894/3245
f 891/3241 894/3245 943/3246
f 891/3241 943/3246 912/3247
f 891/3241 912/3247 911/3248
f 891/3241 911/3248 913/3249
f 891/3241 913/3249 914/3250
f 891/3241 914/3250 915/3251
f 891/3241 915/3251 928/3252
f 891/3241 928/3252 930/3253
f 891/3241 930/3253 933/3254
f 891/3241 933/3254 942/3255
f 891/3241 942/3255 941/3256
f 888/3257 895/3258 893/3259
f 888/3257 893/3259 892/3260
f 895/3261 896/3262 894/3263
f 895/3261 894/3263 893/3264
f 896/3265 895/3266 897/3267
f 896/3265 897/3267 898/3268
f 895/3269 888/3270 885/3271
f 895/3269 885/3271 897/3272
f 900/3273 898/3274 897/3275
f 900/3273 897/3275 899/3276
f 899/3277 897/3278 885/3279
f 899/3277 885/3279 882/3280
f 901/3281 902/3282 898/3283
f 901/3281 898/3283 900/3284
f 903/3285 905/3286 902/3287
f 903/3285 902/3287 901/3288
f 904/3289 907/3290 905/3291
f 904/3289 905/3291 903/3292
f 906/3293 944/3294 902/3295
f 906/3293 902/3295 905/3296
f 909/3297 906/3298 905/3299
f 909/3297 905/3299 907/3300
f 910/3301 909/3302 907/3303
f 910/3301 907/3303 908/3304
f 921/3305 908/3306 907/3307
f 921/3305 907/3307 904/3308
f 909/3309 910/3310 913/3311
f 909/3309 913/3311 911/3312
f 906/3313 909/3314 911/3315
f 906/3313 911/3315 912/3316
f 910/3317 916/3318 914/3319
f 910/3317 914/3319 913/3320
f 916/3321 917/3322 915/3323
f 916/3321 915/3323 914/3324
f 917/3325 916/3326 918/3327
f 917/3325 918/3327 919/3328
f 916/3329 910/3330 908/3331
f 916/3329 908/3331 918/3332
f 922/3333 919/3334 918/3335
f 922/3333 918/3335 920/3336
f 920/3337 918/3338 908/3339
f 920/3337 908/3339 921/3340
f 923/3341 925/3342 919/3343
f 923/3341 919/3343 922/3344
f 924/3345 926/3346 925/3347
f 924/3345 925/3347 923/3348
f 929/3349 927/3350 925/3351
f 929/3349 925/3351 926/3352
f 927/3353 917/3354 919/3355
f 927/3353 919/3355 925/3356
f 917/3357 927/3358 928/3359
f 917/3357 928/3359 915/3360
f 927/3361 929/3362 930/3363
f 927/3361 930/3363 928/3364
f 929/3365 931/3366 933/3367
f 929/3365 933/3367 930/3368
f 931/3369 929/3370 926/3371
f 931/3369 926/3371 934/3372
f 932/3373 931/3374 934/3375
f 932/3373 934/3375 935/3376
f 931/3377 932/3378 942/3379
f 931/3377 942/3379 933/3380
f 936/3381 934/3382 926/3383
f 936/3381 926/3383 924/3384
f 937/3385 935/3386 934/3387
f 937/3385 934/3387 936/3388
f 938/3389 939/3390 935/3391
f 938/3389 935/3391 937/3392
f 883/3393 886/3394 939/3395
f 883/3393 939/3395 938/3396
f 940/3397 932/3398 935/3399
f 940/3397 935/3399 939/3400
f 889/3401 940/3402 939/3403
f 889/3401 939/3403 886/3404
f 940/3405 889/3406 891/3407
f 940/3405 891/3407 941/3408
f 932/3409 940/3410 941/3411
f 932/3409 941/3411 942/3412
f 944/3413 906/3414 912/3415
f 944/3413 912/3415 943/3416
f 896/3417 944/3418 943/3419
f 896/3417 943/3419 894/3420
f 944/3421 896/3422 898/3423
f 944/3421 898/3423 902/3424
f 946/3425 949/3426 948/3427
f 946/3425 948/3427 945/3428
f 945/3429 947/3430 1002/3431
f 945/3429 1002/3431 1001/3432
f 945/3429 1001/3432 1000/3433
f 945/3429 1000/3433 988/3434
f 945/3429 988/3434 987/3435
f 945/3429 987/3435 986/3436
f 945/3429 986/3436 984/3437
f 945/3429 984/3437 985/3438
f 945/3429 985/3438 968/3439
f 945/3429 968/3439 967/3440
f 945/3429 967/3440 965/3441
f 945/3429 965/3441 964/3442
f 945/3429 964/3442 963/3443
f 945/3429 963/3443 946/3444
f 945/3445 948/3446 950/3447
f 945/3445 950/3447 947/3448
f 952/3449 951/3450 948/3451
f 952/3449 948/3451 949/3452
f 951/3453 953/3454 950/3455
f 951/3453 950/3455 948/3456
f 951/3457 952/3458 956/3459
f 951/3457 956/3459 954/3460
f 953/3461 951/3462 954/3463
f 953/3461 954/3463 955/3464
f 955/3465 954/3466 956/3467
f 955/3465 956/3467 957/3468
f 955/3465 957/3468 958/3469
f 955/3465 958/3469 1007/3470
f 955/3465 1007/3470 976/3471
f 955/3465 976/3471 975/3472
f 955/3465 975/3472 977/3473
f 955/3465 977/3473 978/3474
f 955/3465 978/3474 979/3475
f 955/3465 979/3475 992/3476
f 955/3465 992/3476 994/3477
f 955/3465 994/3477 997/3478
f 955/3465 997/3478 1006/3479
f 955/3465 1006/3479 1005/3480
f 952/3481 959/3482 957/3483
f 952/3481 957/3483 956/3484
f 959/3485 960/3486 958/3487
f 959/3485 958/3487 957/3488
f 960/3489 959/3490 961/3491
f 960/3489 961/3491 962/3492
f 959/3493 952/3494 949/3495
f 959/3493 949/3495 961/3496
f 964/3497 962/3498 961/3499
f 964/3497 961/3499 963/3500
f 963/3501 961/3502 949/3503
f 963/3501 949/3503 946/3504
f 965/3505 966/3506 962/3507
f 965/3505 962/3507 964/3508
f 967/3509 969/3510 966/3511
f 967/3509 966/3511 965/3512
f 968/3513 971/3514 969/3515
f 968/3513 969/3515 967/3516
f 970/3517 1008/3518 966/3519
f 970/3517 966/3519 969/3520
f 973/3521 970/3522 969/3523
f 973/3521 969/3523 971/3524
f 974/3525 973/3526 971/3527
f 974/3525 971/3527 972/3528
f 985/3529 972/3530 971/3531
f 985/3529 971/3531 968/3532
f 973/3533 974/3534 977/3535
f 973/3533 977/3535 975/3536
f 970/3537 973/3538 975/3539
f 970/3537 975/3539 976/3540
f 974/3541 980/3542 978/3543
f 974/3541 978/3543 977/3544
f 980/3545 981/3546 979/3547
f 980/3545 979/3547 978/3548
f 981/3549 980/3550 982/3551
f 981/3549 982/3551 983/3552
f 980/3553 974/3554 972/3555
f 980/3553 972/3555 982/3556
f 986/3557 983/3558 982/3559
f 986/3557 982/3559 984/3560
f 984/3561 982/3562 972/3563
f 984/3561 972/3563 985/3564
f 987/3565 989/3566 983/3567
f 987/3565 983/3567 986/3568
f 988/3569 990/3570 989/3571
f 988/3569 989/3571 987/3572
f 993/3573 991/3574 989/3575
f 993/3573 989/3575 990/3576
f 991/3577 981/3578 983/3579
f 991/3577 983/3579 989/3580
f 981/3581 991/3582 992/3583
f 981/3581 992/3583 979/3584
f 991/3585 993/3586 994/3587
f 991/3585 994/3587 992/3588
f 993/3589 995/3590 997/3591
f 993/3589 997/3591 994/3592
f 995/3593 993/3594 990/3595
f 995/3593 990/3595 998/3596
f 996/3597 995/3598 998/3599
f 996/3597 998/3599 999/3600
f 995/3601 996/3602 1006/3603
f 995/3601 1006/3603 997/3604
f 1000/3605 998/3606 990/3607
f 1000/3605 990/3607 988/3608
f 1001/3609 999/3610 998/3611
f 1001/3609 998/3611 1000/3612
f 1002/3613 1003/3614 999/3615
f 1002/3613 999/3615 1001/3616
f 947/3617 950/3618 1003/3619
f 947/3617 1003/3619 1002/3620
f 1004/3621 996/3622 999/3623
f 1004/3621 999/3623 1003/3624
f 953/3625 1004/3626 1003/3627
f 953/3625 1003/3627 950/3628
f 1004/3629 953/3630 955/3631
f 1004/3629 955/3631 1005/3632
f 996/3633 1004/3634 1005/3635
f 996/3633 1005/3635 1006/3636
f 1008/3637 970/3638 976/3639
f 1008/3637 976/3639 1007/3640
f 960/3641 1008/3642 1007/3643
f 960/3641 1007/3643 958/3644
f 1008/3645 960/3646 962/3647
f 1008/3645 962/3647 966/3648
f 1010/3649 1013/3650 1012/3651
f 1010/3649 1012/3651 1009/3652
f 1009/3653 1011/3654 1066/3655
f 1009/3653 1066/3655 1065/3656
f 1009/3653 1065/3656 1064/3657
f 1009/3653 1064/3657 1052/3658
f 1009/3653 1052/3658 1051/3659
f 1009/3653 1051/3659 1050/3660
f 1009/3653 1050/3660 1048/3661
f 1009/3653 1048/3661 1049/3662
f 1009/3653 1049/3662 1032/3663
f 1009/3653 1032/3663 1031/3664
f 1009/3653 1031/3664 1029/3665
f 1009/3653 1029/3665 1028/3666
f 1009/3653 1028/3666 1027/3667
f 1009/3653 1027/3667 1010/3668
f 1009/3669 1012/3670 1014/3671
f 1009/3669 1014/3671 1011/3672
f 1016/3673 1015/3674 1012/3675
f 1016/3673 1012/3675 1013/3676
f 1015/3677 1017/3678 1014/3679
f 1015/3677 1014/3679 1012/3680
f 1015/3681 1016/3682 1020/3683
f 1015/3681 1020/3683 1018/3684
f 1017/3685 1015/3686 1018/3687
f 1017/3685 1018/3687 1019/3688
f 1019/3689 1018/3690 1020/3691
f 1019/3689 1020/3691 1021/3692
f 1019/3689 1021/3692 1022/3693
f 1019/3689 1022/3693 1071/3694
f 1019/3689 1071/3694 1040/3695
f 1019/3689 1040/3695 1039/3696
f 1019/3689 1039/3696 1041/3697
f 1019/3689 1041/3697 1042/3698
f 1019/3689 1042/3698 1043/3699
f 1019/3689 1043/3699 1056/3700
f 1019/3689 1056/3700 1058/3701
f 1019/3689 1058/3701 1061/3702
f 1019/3689 1061/3702 1070/3703
f 1019/3689 1070/3703 1069/3704
f 1016/3705 1023/3706 1021/3707
f 1016/3705 1021/3707 1020/3708
f 1023/3709 1024/3710 1022/3711
f 1023/3709 1022/3711 1021/3712
f 1024/3713 1023/3714 1025/3715
f 1024/3713 1025/3715 1026/3716
f 1023/3717 1016/3718 1013/3719
f 1023/3717 1013/3719 1025/3720
f 1028/3721 1026/3722 1025/3723
f 1028/3721 1025/3723 1027/3724
f 1027/3725 1025/3726 1013/3727
f 1027/3725 1013/3727 1010/3728
f 1029/3729 1030/3730 1026/3731
f 1029/3729 1026/3731 1028/3732
f 1031/3733 1033/3734 1030/3735
f 1031/3733 1030/3735 1029/3736
f 1032/3737 1035/3738 1033/3739
f 1032/3737 1033/3739 1031/3740
f 1034/3741 1072/3742 1030/3743
f 1034/3741 1030/3743 1033/3744
f 1037/3745 1034/3746 1033/3747
f 1037/3745 1033/3747 1035/3748
f 1038/3749 1037/3750 1035/3751
f 1038/3749 1035/3751 1036/3752
f 1049/3753 1036/3754 1035/3755
f 1049/3753 1035/3755 1032/3756
f 1037/3757 1038/3758 1041/3759
f 1037/3757 1041/3759 1039/3760
f 1034/3761 1037/3762 1039/3763
f 1034/3761 1039/3763 1040/3764
f 1038/3765 1044/3766 1042/3767
f 1038/3765 1042/3767 1041/3768
f 1044/3769 1045/3770 1043/3771
f 1044/3769 1043/3771 1042/3772
f 1045/3773 1044/3774 1046/3775
f 1045/3773 1046/3775 1047/3776
f 1044/3777 1038/3778 1036/3779
f 1044/3777 1036/3779 1046/3780
f 1050/3781 1047/3782 1046/3783
f 1050/3781 1046/3783 1048/3784
f 1048/3785 1046/3786 1036/3787
f 1048/3785 1036/3787 1049/3788
f 1051/3789 1053/3790 1047/3791
f 1051/3789 1047/3791 1050/3792
f 1052/3793 1054/3794 1053/3795
f 1052/3793 1053/3795 1051/3796
f 1057/3797 1055/3798 1053/3799
f 1057/3797 1053/3799 1054/3800
f 1055/3801 1045/3802 1047/3803
f 1055/3801 1047/3803 1053/3804
f 1045/3805 1055/3806 1056/3807
f 1045/3805 1056/3807 1043/3808
f 1055/3809 1057/3810 1058/3811
f 1055/3809 1058/3811 1056/3812
f 1057/3813 1059/3814 1061/3815
f 1057/3813 1061/3815 1058/3816
f 1059/3817 1057/3818 1054/3819
f 1059/3817 1054/3819 1062/3820
f 1060/3821 1059/3822 1062/3823
f 1060/3821 1062/3823 1063/3824
f 1059/3825 1060/3826 1070/3827
f 1059/3825 1070/3827 1061/3828
f 1064/3829 1062/3830 1054/3831
f 1064/3829 1054/3831 1052/3832
f 1065/3833 1063/3834 1062/3835
f 1065/3833 1062/3835 1064/3836
f 1066/3837 1067/3838 1063/3839
f 1066/3837 1063/3839 1065/3840
f 1011/3841 1014/3842 1067/3843
f 1011/3841 1067/3843 1066/3844
f 1068/3845 1060/3846 1063/3847
f 1068/3845 1063/3847 1067/3848
f 1017/3849 1068/3850 1067/3851
f 1017/3849 1067/3851 1014/3852
f 1068/3853 1017/3854 1019/3855
f 1068/3853 1019/3855 1069/3856
f 1060/3857 1068/3858 1069/3859
f 1060/3857 1069/3859 1070/3860
f 1072/3861 1034/3862 1040/3863
f 1072/3861 1040/3863 1071/3864
f 1024/3865 1072/3866 1071/3867
f 1024/3865 1071/3867 1022/3868
f 1072/3869 1024/3870 1026/3871
f 1072/3869 1026/3871 1030/3872
f 1074/3873 1077/3874 1076/3875
f 1074/3873 1076/3875 1073/3876
f 1073/3877 1075/3878 1130/3879
f 1073/3877 1130/3879 1129/3880
f 1073/3877 1129/3880 1128/3881
f 1073/3877 1128/3881 1116/3882
f 1073/3877 1116/3882 1115/3883
f 1073/3877 1115/3883 1114/3884
f 1073/3877 1114/3884 1112/3885
f 1073/3877 1112/3885 1113/3886
f 1073/3877 1113/3886 1096/3887
f 1073/3877 1096/3887 1095/3888
f 1073/3877 1095/3888 1093/3889
f 1073/3877 1093/3889 1092/3890
f 1073/3877 1092/3890 1091/3891
f 1073/3877 1091/3891 1074/3892
f 1073/3893 1076/3894 1078/3895
f 1073/3893 1078/3895 1075/3896
f 1080/3897 1079/3898 1076/3899
f 1080/3897 1076/3899 1077/3900
f 1079/3901 1081/3902 1078/3903
f 1079/3901 1078/3903 1076/3904
f 1079/3905 1080/3906 1084/3907
f 1079/3905 1084/3907 1082/3908
f 1081/3909 1079/3910 1082/3911
f 1081/3909 1082/3911 1083/3912
f 1083/3913 1082/3914 1084/3915
f 1083/3913 1084/3915 1085/3916
f 1083/3913 1085/3916 1086/3917
f 1083/3913 1086/3917 1135/3918
f 1083/3913 1135/3918 1104/3919
f 1083/3913 1104/3919 1103/3920
f 1083/3913 1103/3920 1105/3921
f 1083/3913 1105/3921 1106/3922
f 1083/3913 1106/3922 1107/3923
f 1083/3913 1107/3923 1120/3924
f 1083/3913 1120/3924 1122/3925
f 1083/3913 1122/3925 1125/3926
f 1083/3913 1125/3926 1134/3927
f 1083/3913 1134/3927 1133/3928
f 1080/3929 1087/3930 1085/3931
f 1080/3929 1085/3931 1084/3932
f 1087/3933 1088/3934 1086/3935
f 1087/3933 1086/3935 1085/3936
f 1088/3937 1087/3938 1089/3939
f 1088/3937 1089/3939 1090/3940
f 1087/3941 1080/3942 1077/3943
f 1087/3941 1077/3943 1089/3944
f 1092/3945 1090/3946 1089/3947
f 1092/3945 1089/3947 1091/3948
f 1091/3949 1089/3950 1077/3951
f 1091/3949 1077/3951 1074/3952
f 1093/3953 1094/3954 1090/3955
f 1093/3953 1090/3955 1092/3956
f 1095/3957 1097/3958 1094/3959
f 1095/3957 1094/3959 1093/3960
f 1096/3961 1099/3962 1097/3963
f 1096/3961 1097/3963 1095/3964
f 1098/3965 1136/3966 1094/3967
f 1098/3965 1094/3967 1097/3968
f 1101/3969 1098/3970 1097/3971
f 1101/3969 1097/3971 1099/3972
f 1102/3973 1101/3974 1099/3975
f 1102/3973 1099/3975 1100/3976
f 1113/3977 1100/3978 1099/3979
f 1113/3977 1099/3979 1096/3980
f 1101/3981 1102/3982 1105/3983
f 1101/3981 1105/3983 1103/3984
f 1098/3985 1101/3986 1103/3987
f 1098/3985 1103/3987 1104/3988
f 1102/3989 1108/3990 1106/3991
f 1102/3989 1106/3991 1105/3992
f 1108/3993 1109/3994 1107/3995
f 1108/3993 1107/3995 1106/3996
f 1109/3997 1108/3998 1110/3999
f 1109/3997 1110/3999 1111/4000
f 1108/4001 1102/4002 1100/4003
f 1108/4001 1100/4003 1110/4004
f 1114/4005 1111/4006 1110/4007
f 1114/4005 1110/4007 1112/4008
f 1112/4009 1110/4010 1100/4011
f 1112/4009 1100/4011 1113/4012
f 1115/4013 1117/4014 1111/4015
f 1115/4013 1111/4015 1114/4016
f 1116/4017 1118/4018 1117/4019
f 1116/4017 1117/4019 1115/4020
f 1121/4021 1119/4022 1117/4023
f 1121/4021 1117/4023 1118/4024
f 1119/4025 1109/4026 1111/4027
f 1119/4025 1111/4027 1117/4028
f 1109/4029 1119/4030 1120/4031
f 1109/4029 1120/4031 1107/4032
f 1119/4033 1121/4034 1122/4035
f 1119/4033 1122/4035 1120/4036
f 1121/4037 1123/4038 1125/4039
f 1121/4037 1125/4039 1122/4040
f 1123/4041 1121/4042 1118/4043
f 1123/4041 1118/4043 1126/4044
f 1124/4045 1123/4046 1126/4047
f 1124/4045 1126/4047 1127/4048
f 1123/4049 1124/4050 1134/4051
f 1123/4049 1134/4051 1125/4052
f 1128/4053 1126/4054 1118/4055
f 1128/4053 1118/4055 1116/4056
f 1129/4057 1127/4058 1126/4059
f 1129/4057 1126/4059 1128/4060
f 1130/4061 1131/4062 1127/4063
f 1130/4061 1127/4063 1129/4064
f 1075/4065 1078/4066 1131/4067
f 1075/4065 1131/4067 1130/4068
f 1132/4069 1124/4070 1127/4071
f 1132/4069 1127/4071 1131/4072
f 1081/4073 1132/4074 1131/4075
f 1081/4073 1131/4075 1078/4076
f 1132/4077 1081/4078 1083/4079
f 1132/4077 1083/4079 1133/4080
f 1124/4081 1132/4082 1133/4083
f 1124/4081 1133/4083 1134/4084
f 1136/4085 1098/4086 1104/4087
f 1136/4085 1104/4087 1135/4088
f 1088/4089 1136/4090 1135/4091
f 1088/4089 1135/4091 1086/4092
f 1136/4093 1088/4094 1090/4095
f 1136/4093 1090/4095 1094/4096
f 1140/4097 1137/4098 1138/4099
f 1140/4097 1138/4099 1200/4100
f 1137/4101 1139/4102 1197/4103
f 1137/4101 1197/4103 1138/4104
f 1139/4105 1137/4106 1141/4107
f 1139/4105 1141/4107 1142/4108
f 1137/4109 1140/4110 1143/4111
f 1137/4109 1143/4111 1141/4112
f 1141/4113 1144/4114 1145/4115
f 1141/4113 1145/4115 1142/4116
f 1143/4117 1146/4118 1144/4119
f 1143/4117 1144/4119 1141/4120
f 1145/4121 1144/4122 1146/4123
f 1145/4121 1146/4123 1147/4124
f 1145/4121 1147/4124 1149/4125
f 1145/4121 1149/4125 1150/4126
f 1145/4121 1150/4126 1183/4127
f 1145/4121 1183/4127 1182/4128
f 1145/4121 1182/4128 1181/4129
f 1145/4121 1181/4129 1180/4130
f 1145/4121 1180/4130 1179/4131
f 1145/4121 1179/4131 1177/4132
f 1145/4121 1177/4132 1185/4133
f 1145/4121 1185/4133 1186/4134
f 1145/4121 1186/4134 1188/4135
f 1145/4121 1188/4135 1189/4136
f 1148/4137 1147/4138 1146/4139
f 1148/4137 1146/4139 1143/4140
f 1151/4141 1149/4142 1147/4143
f 1151/4141 1147/4143 1148/4144
f 1152/4145 1150/4146 1149/4147
f 1152/4145 1149/4147 1151/4148
f 1153/4149 1156/4150 1152/4151
f 1153/4149 1152/4151 1151/4152
f 1154/4153 1153/4154 1151/4155
f 1154/4153 1151/4155 1148/4156
f 1153/4157 1154/4158 1199/4159
f 1153/4157 1199/4159 1155/4160
f 1156/4161 1153/4162 1155/4163
f 1156/4161 1155/4163 1158/4164
f 1156/4165 1157/4166 1184/4167
f 1156/4165 1184/4167 1152/4168
f 1157/4169 1156/4170 1158/4171
f 1157/4169 1158/4171 1159/4172
f 1138/4173 1197/4174 1196/4175
f 1138/4173 1196/4175 1194/4176
f 1138/4173 1194/4176 1198/4177
f 1138/4173 1198/4177 1172/4178
f 1138/4173 1172/4178 1171/4179
f 1138/4173 1171/4179 1170/4180
f 1138/4173 1170/4180 1169/4181
f 1138/4173 1169/4181 1161/4182
f 1138/4173 1161/4182 1160/4183
f 1138/4173 1160/4183 1159/4184
f 1138/4173 1159/4184 1158/4185
f 1138/4173 1158/4185 1155/4186
f 1138/4173 1155/4186 1199/4187
f 1138/4173 1199/4187 1200/4188
f 1162/4189 1157/4190 1159/4191
f 1162/4189 1159/4191 1160/4192
f 1164/4193 1162/4194 1160/4195
f 1164/4193 1160/4195 1161/4196
f 1157/4197 1162/4198 1163/4199
f 1157/4197 1163/4199 1184/4200
f 1162/4201 1164/4202 1165/4203
f 1162/4201 1165/4203 1163/4204
f 1164/4205 1166/4206 1167/4207
f 1164/4205 1167/4207 1165/4208
f 1166/4209 1164/4210 1161/4211
f 1166/4209 1161/4211 1169/4212
f 1166/4213 1168/4214 1178/4215
f 1166/4213 1178/4215 1167/4216
f 1168/4217 1166/4218 1169/4219
f 1168/4217 1169/4219 1170/4220
f 1173/4221 1168/4222 1170/4223
f 1173/4221 1170/4223 1171/4224
f 1174/4225 1173/4226 1171/4227
f 1174/4225 1171/4227 1172/4228
f 1168/4229 1173/4230 1175/4231
f 1168/4229 1175/4231 1178/4232
f 1173/4233 1174/4234 1176/4235
f 1173/4233 1176/4235 1175/4236
f 1176/4237 1185/4238 1177/4239
f 1176/4237 1177/4239 1175/4240
f 1175/4241 1177/4242 1179/4243
f 1175/4241 1179/4243 1178/4244
f 1178/4245 1179/4246 1180/4247
f 1178/4245 1180/4247 1167/4248
f 1167/4249 1180/4250 1181/4251
f 1167/4249 1181/4251 1165/4252
f 1165/4253 1181/4254 1182/4255
f 1165/4253 1182/4255 1163/4256
f 1163/4257 1182/4258 1183/4259
f 1163/4257 1183/4259 1184/4260
f 1184/4261 1183/4262 1150/4263
f 1184/4261 1150/4263 1152/4264
f 1187/4265 1186/4266 1185/4267
f 1187/4265 1185/4267 1176/4268
f 1190/4269 1188/4270 1186/4271
f 1190/4269 1186/4271 1187/4272
f 1191/4273 1189/4274 1188/4275
f 1191/4273 1188/4275 1190/4276
f 1192/4277 1195/4278 1191/4279
f 1192/4277 1191/4279 1190/4280
f 1193/4281 1192/4282 1190/4283
f 1193/4281 1190/4283 1187/4284
f 1192/4285 1193/4286 1198/4287
f 1192/4285 1198/4287 1194/4288
f 1195/4289 1192/4290 1194/4291
f 1195/4289 1194/4291 1196/4292
f 1139/4293 1195/4294 1196/4295
f 1139/4293 1196/4295 1197/4296
f 1195/4297 1139/4298 1142/4299
f 1195/4297 1142/4299 1191/4300
f 1193/4301 1174/4302 1172/4303
f 1193/4301 1172/4303 1198/4304
f 1174/4305 1193/4306 1187/4307
f 1174/4305 1187/4307 1176/4308
f 1142/4309 1145/4310 1189/4311
f 1142/4309 1189/4311 1191/4312
f 1154/4313 1140/4314 1200/4315
f 1154/4313 1200/4315 1199/4316
f 1140/4317 1154/4318 1148/4319
f 1140/4317 1148/4319 1143/4320
f 1204/4321 1201/4322 1202/4323
f 1204/4321 1202/4323 1264/4324
f 1201/4325 1203/4326 1261/4327
f 1201/4325 1261/4327 1202/4328
f 1203/4329 1201/4330 1205/4331
f 1203/4329 1205/4331 1206/4332
f 1201/4333 1204/4334 1207/4335
f 1201/4333 1207/4335 1205/4336
f 1205/4337 1208/4338 1209/4339
f 1205/4337 1209/4339 1206/4340
f 1207/4341 1210/4342 1208/4343
f 1207/4341 1208/4343 1205/4344
f 1209/4345 1208/4346 1210/4347
f 1209/4345 1210/4347 1211/4348
f 1209/4345 1211/4348 1213/4349
f 1209/4345 1213/4349 1214/4350
f 1209/4345 1214/4350 1247/4351
f 1209/4345 1247/4351 1246/4352
f 1209/4345 1246/4352 1245/4353
f 1209/4345 1245/4353 1244/4354
f 1209/4345 1244/4354 1243/4355
f 1209/4345 1243/4355 1241/4356
f 1209/4345 1241/4356 1249/4357
f 1209/4345 1249/4357 1250/4358
f 1209/4345 1250/4358 1252/4359
f 1209/4345 1252/4359 1253/4360
f 1212/4361 1211/4362 1210/4363
f 1212/4361 1210/4363 1207/4364
f 1215/4365 1213/4366 1211/4367
f 1215/4365 1211/4367 1212/4368
f 1216/4369 1214/4370 1213/4371
f 1216/4369 1213/4371 1215/4372
f 1217/4373 1220/4374 1216/4375
f 1217/4373 1216/4375 1215/4376
f 1218/4377 1217/4378 1215/4379
f 1218/4377 1215/4379 1212/4380
f 1217/4381 1218/4382 1263/4383
f 1217/4381 1263/4383 1219/4384
f 1220/4385 1217/4386 1219/4387
f 1220/4385 1219/4387 1222/4388
f 1220/4389 1221/4390 1248/4391
f 1220/4389 1248/4391 1216/4392
f 1221/4393 1220/4394 1222/4395
f 1221/4393 1222/4395 1223/4396
f 1202/4397 1261/4398 1260/4399
f 1202/4397 1260/4399 1258/4400
f 1202/4397 1258/4400 1262/4401
f 1202/4397 1262/4401 1236/4402
f 1202/4397 1236/4402 1235/4403
f 1202/4397 1235/4403 1234/4404
f 1202/4397 1234/4404 1233/4405
f 1202/4397 1233/4405 1225/4406
f 1202/4397 1225/4406 1224/4407
f 1202/4397 1224/4407 1223/4408
f 1202/4397 1223/4408 1222/4409
f 1202/4397 1222/4409 1219/4410
f 1202/4397 1219/4410 1263/4411
f 1202/4397 1263/4411 1264/4412
f 1226/4413 1221/4414 1223/4415
f 1226/4413 1223/4415 1224/4416
f 1228/4417 1226/4418 1224/4419
f 1228/4417 1224/4419 1225/4420
f 1221/4421 1226/4422 1227/4423
f 1221/4421 1227/4423 1248/4424
f 1226/4425 1228/4426 1229/4427
f 1226/4425 1229/4427 1227/4428
f 1228/4429 1230/4430 1231/4431
f 1228/4429 1231/4431 1229/4432
f 1230/4433 1228/4434 1225/4435
f 1230/4433 1225/4435 1233/4436
f 1230/4437 1232/4438 1242/4439
f 1230/4437 1242/4439 1231/4440
f 1232/4441 1230/4442 1233/4443
f 1232/4441 1233/4443 1234/4444
f 1237/4445 1232/4446 1234/4447
f 1237/4445 1234/4447 1235/4448
f 1238/4449 1237/4450 1235/4451
f 1238/4449 1235/4451 1236/4452
f 1232/4453 1237/4454 1239/4455
f 1232/4453 1239/4455 1242/4456
f 1237/4457 1238/4458 1240/4459
f 1237/4457 1240/4459 1239/4460
f 1240/4461 1249/4462 1241/4463
f 1240/4461 1241/4463 1239/4464
f 1239/4465 1241/4466 1243/4467
f 1239/4465 1243/4467 1242/4468
f 1242/4469 1243/4470 1244/4471
f 1242/4469 1244/4471 1231/4472
f 1231/4473 1244/4474 1245/4475
f 1231/4473 1245/4475 1229/4476
f 1229/4477 1245/4478 1246/4479
f 1229/4477 1246/4479 1227/4480
f 1227/4481 1246/4482 1247/4483
f 1227/4481 1247/4483 1248/4484
f 1248/4485 1247/4486 1214/4487
f 1248/4485 1214/4487 1216/4488
f 1251/4489 1250/4490 1249/4491
f 1251/4489 1249/4491 1240/4492
f 1254/4493 1252/4494 1250/4495
f 1254/4493 1250/4495 1251/4496
f 1255/4497 1253/4498 1252/4499
f 1255/4497 1252/4499 1254/4500
f 1256/4501 1259/4502 1255/4503
f 1256/4501 1255/4503 1254/4504
f 1257/4505 1256/4506 1254/4507
f 1257/4505 1254/4507 1251/4508
f 1256/4509 1257/4510 1262/4511
f 1256/4509 1262/4511 1258/4512
f 1259/4513 1256/4514 1258/4515
f 1259/4513 1258/4515 1260/4516
f 1203/4517 1259/4518 1260/4519
f 1203/4517 1260/4519 1261/4520
f 1259/4521 1203/4522 1206/4523
f 1259/4521 1206/4523 1255/4524
f 1257/4525 1238/4526 1236/4527
f 1257/4525 1236/4527 1262/4528
f 1238/4529 1257/4530 1251/4531
f 1238/4529 1251/4531 1240/4532
f 1206/4533 1209/4534 1253/4535
f 1206/4533 1253/4535 1255/4536
f 1218/4537 1204/4538 1264/4539
f 1218/4537 1264/4539 1263/4540
f 1204/4541 1218/4542 1212/4543
f 1204/4541 1212/4543 1207/4544
f 1268/4545 1265/4546 1266/4547
f 1268/4545 1266/4547 1328/4548
f 1265/4549 1267/4550 1325/4551
f 1265/4549 1325/4551 1266/4552
f 1267/4553 1265/4554 1269/4555
f 1267/4553 1269/4555 1270/4556
f 1265/4557 1268/4558 1271/4559
f 1265/4557 1271/4559 1269/4560
f 1269/4561 1272/4562 1273/4563
f 1269/4561 1273/4563 1270/4564
f 1271/4565 1274/4566 1272/4567
f 1271/4565 1272/4567 1269/4568
f 1273/4569 1272/4570 1274/4571
f 1273/4569 1274/4571 1275/4572
f 1273/4569 1275/4572 1277/4573
f 1273/4569 1277/4573 1278/4574
f 1273/4569 1278/4574 1311/4575
f 1273/4569 1311/4575 1310/4576
f 1273/4569 1310/4576 1309/4577
f 1273/4569 1309/4577 1308/4578
f 1273/4569 1308/4578 1307/4579
f 1273/4569 1307/4579 1305/4580
f 1273/4569 1305/4580 1313/4581
f 1273/4569 1313/4581 1314/4582
f 1273/4569 1314/4582 1316/4583
f 1273/4569 1316/4583 1317/4584
f 1276/4585 1275/4586 1274/4587
f 1276/4585 1274/4587 1271/4588
f 1279/4589 1277/4590 1275/4591
f 1279/4589 1275/4591 1276/4592
f 1280/4593 1278/4594 1277/4595
f 1280/4593 1277/4595 1279/4596
f 1281/4597 1284/4598 1280/4599
f 1281/4597 1280/4599 1279/4600
f 1282/4601 1281/4602 1279/4603
f 1282/4601 1279/4603 1276/4604
f 1281/4605 1282/4606 1327/4607
f 1281/4605 1327/4607 1283/4608
f 1284/4609 1281/4610 1283/4611
f 1284/4609 1283/4611 1286/4612
f 1284/4613 1285/4614 1312/4615
f 1284/4613 1312/4615 1280/4616
f 1285/4617 1284/4618 1286/4619
f 1285/4617 1286/4619 1287/4620
f 1266/4621 1325/4622 1324/4623
f 1266/4621 1324/4623 1322/4624
f 1266/4621 1322/4624 1326/4625
f 1266/4621 1326/4625 1300/4626
f 1266/4621 1300/4626 1299/4627
f 1266/4621 1299/4627 1298/4628
f 1266/4621 1298/4628 1297/4629
f 1266/4621 1297/4629 1289/4630
f 1266/4621 1289/4630 1288/4631
f 1266/4621 1288/4631 1287/4632
f 1266/4621 1287/4632 1286/4633
f 1266/4621 1286/4633 1283/4634
f 1266/4621 1283/4634 1327/4635
f 1266/4621 1327/4635 1328/4636
f 1290/4637 1285/4638 1287/4639
f 1290/4637 1287/4639 1288/4640
f 1292/4641 1290/4642 1288/4643
f 1292/4641 1288/4643 1289/4644
f 1285/4645 1290/4646 1291/4647
f 1285/4645 1291/4647 1312/4648
f 1290/4649 1292/4650 1293/4651
f 1290/4649 1293/4651 1291/4652
f 1292/4653 1294/4654 1295/4655
f 1292/4653 1295/4655 1293/4656
f 1294/4657 1292/4658 1289/4659
f 1294/4657 1289/4659 1297/4660
f 1294/4661 1296/4662 1306/4663
f 1294/4661 1306/4663 1295/4664
f 1296/4665 1294/4666 1297/4667
f 1296/4665 1297/4667 1298/4668
f 1301/4669 1296/4670 1298/4671
f 1301/4669 1298/4671 1299/4672
f 1302/4673 1301/4674 1299/4675
f 1302/4673 1299/4675 1300/4676
f 1296/4677 1301/4678 1303/4679
f 1296/4677 1303/4679 1306/4680
f 1301/4681 1302/4682 1304/4683
f 1301/4681 1304/4683 1303/4684
f 1304/4685 1313/4686 1305/4687
f 1304/4685 1305/4687 1303/4688
f 1303/4689 1305/4690 1307/4691
f 1303/4689 1307/4691 1306/4692
f 1306/4693 1307/4694 1308/4695
f 1306/4693 1308/4695 1295/4696
f 1295/4697 1308/4698 1309/4699
f 1295/4697 1309/4699 1293/4700
f 1293/4701 1309/4702 1310/4703
f 1293/4701 1310/4703 1291/4704
f 1291/4705 1310/4706 1311/4707
f 1291/4705 1311/4707 1312/4708
f 1312/4709 1311/4710 1278/4711
f 1312/4709 1278/4711 1280/4712
f 1315/4713 1314/4714 1313/4715
f 1315/4713 1313/4715 1304/4716
f 1318/4717 1316/4718 1314/4719
f 1318/4717 1314/4719 1315/4720
f 1319/4721 1317/4722 1316/4723
f 1319/4721 1316/4723 1318/4724
f 1320/4725 1323/4726 1319/4727
f 1320/4725 1319/4727 1318/4728
f 1321/4729 1320/4730 1318/4731
f 1321/4729 1318/4731 1315/4732
f 1320/4733 1321/4734 1326/4735
f 1320/4733 1326/4735 1322/4736
f 1323/4737 1320/4738 1322/4739
f 1323/4737 1322/4739 1324/4740
f 1267/4741 1323/4742 1324/4743
f 1267/4741 1324/4743 1325/4744
f 1323/4745 1267/4746 1270/4747
f 1323/4745 1270/4747 1319/4748
f 1321/4749 1302/4750 1300/4751
f 1321/4749 1300/4751 1326/4752
f 1302/4753 1321/4754 1315/4755
f 1302/4753 1315/4755 1304/4756
f 1270/4757 1273/4758 1317/4759
f 1270/4757 1317/4759 1319/4760
f 1282/4761 1268/4762 1328/4763
f 1282/4761 1328/4763 1327/4764
f 1268/4765 1282/4766 1276/4767
f 1268/4765 1276/4767 1271/4768
f 1332/4769 1329/4770 1330/4771
f 1332/4769 1330/4771 1392/4772
f 1329/4773 1331/4774 1389/4775
f 1329/4773 1389/4775 1330/4776
f 1331/4777 1329/4778 1333/4779
f 1331/4777 1333/4779 1334/4780
f 1329/4781 1332/4782 1335/4783
f 1329/4781 1335/4783 1333/4784
f 1333/4785 1336/4786 1337/4787
f 1333/4785 1337/4787 1334/4788
f 1335/4789 1338/4790 1336/4791
f 1335/4789 1336/4791 1333/4792
f 1337/4793 1336/4794 1338/4795
f 1337/4793 1338/4795 1339/4796
f 1337/4793 1339/4796 1341/4797
f 1337/4793 1341/4797 1342/4798
f 1337/4793 1342/4798 1375/4799
f 1337/4793 1375/4799 1374/4800
f 1337/4793 1374/4800 1373/4801
f 1337/4793 1373/4801 1372/4802
f 1337/4793 1372/4802 1371/4803
f 1337/4793 1371/4803 1369/4804
f 1337/4793 1369/4804 1377/4805
f 1337/4793 1377/4805 1378/4806
f 1337/4793 1378/4806 1380/4807
f 1337/4793 1380/4807 1381/4808
f 1340/4809 1339/4810 1338/4811
f 1340/4809 1338/4811 1335/4812
f 1343/4813 1341/4814 1339/4815
f 1343/4813 1339/4815 1340/4816
f 1344/4817 1342/4818 1341/4819
f 1344/4817 1341/4819 1343/4820
f 1345/4821 1348/4822 1344/4823
f 1345/4821 1344/4823 1343/4824
f 1346/4825 1345/4826 1343/4827
f 1346/4825 1343/4827 1340/4828
f 1345/4829 1346/4830 1391/4831
f 1345/4829 1391/4831 1347/4832
f 1348/4833 1345/4834 1347/4835
f 1348/4833 1347/4835 1350/4836
f 1348/4837 1349/4838 1376/4839
f 1348/4837 1376/4839 1344/4840
f 1349/4841 1348/4842 1350/4843
f 1349/4841 1350/4843 1351/4844
f 1330/4845 1389/4846 1388/4847
f 1330/4845 1388/4847 1386/4848
f 1330/4845 1386/4848 1390/4849
f 1330/4845 1390/4849 1364/4850
f 1330/4845 1364/4850 1363/4851
f 1330/4845 1363/4851 1362/4852
f 1330/4845 1362/4852 1361/4853
f 1330/4845 1361/4853 1353/4854
f 1330/4845 1353/4854 1352/4855
f 1330/4845 1352/4855 1351/4856
f 1330/4845 1351/4856 1350/4857
f 1330/4845 1350/4857 1347/4858
f 1330/4845 1347/4858 1391/4859
f 1330/4845 1391/4859 1392/4860
f 1354/4861 1349/4862 1351/4863
f 1354/4861 1351/4863 1352/4864
f 1356/4865 1354/4866 1352/4867
f 1356/4865 1352/4867 1353/4868
f 1349/4869 1354/4870 1355/4871
f 1349/4869 1355/4871 1376/4872
f 1354/4873 1356/4874 1357/4875
f 1354/4873 1357/4875 1355/4876
f 1356/4877 1358/4878 1359/4879
f 1356/4877 1359/4879 1357/4880
f 1358/4881 1356/4882 1353/4883
f 1358/4881 1353/4883 1361/4884
f 1358/4885 1360/4886 1370/4887
f 1358/4885 1370/4887 1359/4888
f 1360/4889 1358/4890 1361/4891
f 1360/4889 1361/4891 1362/4892
f 1365/4893 1360/4894 1362/4895
f 1365/4893 1362/4895 1363/4896
f 1366/4897 1365/4898 1363/4899
f 1366/4897 1363/4899 1364/4900
f 1360/4901 1365/4902 1367/4903
f 1360/4901 1367/4903 1370/4904
f 1365/4905 1366/4906 1368/4907
f 1365/4905 1368/4907 1367/4908
f 1368/4909 1377/4910 1369/4911
f 1368/4909 1369/4911 1367/4912
f 1367/4913 1369/4914 1371/4915
f 1367/4913 1371/4915 1370/4916
f 1370/4917 1371/4918 1372/4919
f 1370/4917 1372/4919 1359/4920
f 1359/4921 1372/4922 1373/4923
f 1359/4921 1373/4923 1357/4924
f 1357/4925 1373/4926 1374/4927
f 1357/4925 1374/4927 1355/4928
f 1355/4929 1374/4930 1375/4931
f 1355/4929 1375/4931 1376/4932
f 1376/4933 1375/4934 1342/4935
f 1376/4933 1342/4935 1344/4936
f 1379/4937 1378/4938 1377/4939
f 1379/4937 1377/4939 1368/4940
f 1382/4941 1380/4942 1378/4943
f 1382/4941 1378/4943 1379/4944
f 1383/4945 1381/4946 1380/4947
f 1383/4945 1380/4947 1382/4948
f 1384/4949 1387/4950 1383/4951
f 1384/4949 1383/4951 1382/4952
f 1385/4953 1384/4954 1382/4955
f 1385/4953 1382/4955 1379/4956
f 1384/4957 1385/4958 1390/4959
f 1384/4957 1390/4959 1386/4960
f 1387/4961 1384/4962 1386/4963
f 1387/4961 1386/4963 1388/4964
f 1331/4965 1387/4966 1388/4967
f 1331/4965 1388/4967 1389/4968
f 1387/4969 1331/4970 1334/4971
f 1387/4969 1334/4971 1383/4972
f 1385/4973 1366/4974 1364/4975
f 1385/4973 1364/4975 1390/4976
f 1366/4977 1385/4978 1379/4979
f 1366/4977 1379/4979 1368/4980
f 1334/4981 1337/4982 1381/4983
f 1334/4981 1381/4983 1383/4984
f 1346/4985 1332/4986 1392/4987
f 1346/4985 1392/4987 1391/4988
f 1332/4989 1346/4990 1340/4991
f 1332/4989 1340/4991 1335/4992
f 1422/4993 1420/4994 1418/4995
f 1422/4993 1418/4995 1416/4996
f 1422/4993 1416/4996 1414/4997
f 1422/4993 1414/4997 1412/4998
f 1422/4993 1412/4998 1410/4999
f 1422/4993 1410/4999 1407/5000
f 1422/4993 1407/5000 1405/5001
f 1422/4993 1405/5001 1403/5002
f 1422/4993 1403/5002 1401/5003
f 1422/4993 1401/5003 1397/5004
f 1422/4993 1397/5004 1396/5005
f 1422/4993 1396/5005 1393/5006
f 1422/4993 1393/5006 1394/5007
f 1422/4993 1394/5007 1424/5008
f 1394/5009 1393/5010 1395/5011
f 1394/5009 1395/5011 1426/5012
f 1394/5009 1426/5012 1425/5013
f 1393/5014 1396/5015 1398/5016
f 1393/5014 1398/5016 1395/5017
f 1396/5018 1397/5019 1399/5020
f 1396/5018 1399/5020 1398/5021
f 1397/5022 1401/5023 1400/5024
f 1397/5022 1400/5024 1399/5025
f 1401/5026 1403/5027 1402/5028
f 1401/5026 1402/5028 1400/5029
f 1403/5030 1405/5031 1404/5032
f 1403/5030 1404/5032 1402/5033
f 1405/5034 1407/5035 1406/5036
f 1405/5034 1406/5036 1404/5037
f 1406/5038 1407/5039 1410/5040
f 1406/5038 1410/5040 1409/5041
f 1406/5038 1409/5041 1408/5042
f 1409/5043 1410/5044 1412/5045
f 1409/5043 1412/5045 1411/5046
f 1411/5047 1412/5048 1414/5049
f 1411/5047 1414/5049 1413/5050
f 1413/5051 1414/5052 1416/5053
f 1413/5051 1416/5053 1415/5054
f 1416/5055 1418/5056 1417/5057
f 1416/5055 1417/5057 1415/5058
f 1418/5059 1420/5060 1419/5061
f 1418/5059 1419/5061 1417/5062
f 1420/5063 1422/5064 1421/5065
f 1420/5063 1421/5065 1419/5066
f 1422/5067 1424/5068 1423/5069
f 1422/5067 1423/5069 1421/5070
f 1424/5071 1394/5072 1425/5073
f 1424/5071 1425/5073 1423/5074
f 1435/5075 1431/5076 1430/5077
f 1435/5075 1430/5077 1427/5078
f 1435/5075 1427/5078 1428/5079
f 1435/5075 1428/5079 1459/5080
f 1435/5075 1459/5080 1457/5081
f 1435/5075 1457/5081 1455/5082
f 1435/5075 1455/5082 1452/5083
f 1435/5075 1452/5083 1450/5084
f 1435/5075 1450/5084 1448/5085
f 1435/5075 1448/5085 1446/5086
f 1435/5075 1446/5086 1443/5087
f 1435/5075 1443/5087 1441/5088
f 1435/5075 1441/5088 1439/5089
f 1435/5075 1439/5089 1437/5090
f 1428/5091 1427/5092 1429/5093
f 1428/5091 1429/5093 1460/5094
f 1427/5095 1430/5096 1432/5097
f 1427/5095 1432/5097 1429/5098
f 1430/5099 1431/5100 1433/5101
f 1430/5099 1433/5101 1432/5102
f 1431/5103 1435/5104 1434/5105
f 1431/5103 1434/5105 1433/5106
f 1435/5107 1437/5108 1436/5109
f 1435/5107 1436/5109 1434/5110
f 1437/5111 1439/5112 1438/5113
f 1437/5111 1438/5113 1436/5114
f 1439/5115 1441/5116 1440/5117
f 1439/5115 1440/5117 1438/5118
f 1440/5119 1441/5120 1443/5121
f 1440/5119 1443/5121 1442/5122
f 1442/5123 1443/5124 1446/5125
f 1442/5123 1446/5125 1445/5126
f 1442/5123 1445/5126 1444/5127
f 1445/5128 1446/5129 1448/5130
f 1445/5128 1448/5130 1447/5131
f 1447/5132 1448/5133 1450/5134
f 1447/5132 1450/5134 1449/5135
f 1450/5136 1452/5137 1451/5138
f 1450/5136 1451/5138 1449/5139
f 1452/5140 1455/5141 1454/5142
f 1452/5140 1454/5142 1453/5143
f 1452/5140 1453/5143 1451/5144
f 1455/5145 1457/5146 1456/5147
f 1455/5145 1456/5147 1454/5148
f 1457/5149 1459/5150 1458/5151
f 1457/5149 1458/5151 1456/5152
f 1459/5153 1428/5154 1460/5155
f 1459/5153 1460/5155 1458/5156
f 1461/5157 1462/5158 1465/5159
f 1461/5157 1465/5159 1464/5160
f 1494/5161 1462/5162 1461/5163
f 1494/5161 1461/5163 1463/5164
f 1494/5161 1463/5164 1468/5165
f 1494/5161 1468/5165 1470/5166
f 1494/5161 1470/5166 1473/5167
f 1494/5161 1473/5167 1474/5168
f 1494/5161 1474/5168 1475/5169
f 1494/5161 1475/5169 1477/5170
f 1494/5161 1477/5170 1479/5171
f 1494/5161 1479/5171 1480/5172
f 1494/5161 1480/5172 1485/5173
f 1494/5161 1485/5173 1487/5174
f 1494/5161 1487/5174 1489/5175
f 1494/5161 1489/5175 1492/5176
f 1463/5177 1461/5178 1464/5179
f 1463/5177 1464/5179 1466/5180
f 1468/5181 1463/5182 1466/5183
f 1468/5181 1466/5183 1467/5184
f 1469/5185 1470/5186 1468/5187
f 1469/5185 1468/5187 1467/5188
f 1471/5189 1473/5190 1470/5191
f 1471/5189 1470/5191 1469/5192
f 1472/5193 1474/5194 1473/5195
f 1472/5193 1473/5195 1471/5196
f 1476/5197 1475/5198 1474/5199
f 1476/5197 1474/5199 1472/5200
f 1477/5201 1475/5202 1476/5203
f 1477/5201 1476/5203 1478/5204
f 1481/5205 1479/5206 1477/5207
f 1481/5205 1477/5207 1478/5208
f 1481/5205 1478/5208 1482/5209
f 1480/5210 1479/5211 1481/5212
f 1480/5210 1481/5212 1483/5213
f 1485/5214 1480/5215 1483/5216
f 1485/5214 1483/5216 1484/5217
f 1486/5218 1487/5219 1485/5220
f 1486/5218 1485/5220 1484/5221
f 1488/5222 1489/5223 1487/5224
f 1488/5222 1487/5224 1486/5225
f 1491/5226 1492/5227 1489/5228
f 1491/5226 1489/5228 1488/5229
f 1491/5226 1488/5229 1490/5230
f 1493/5231 1494/5232 1492/5233
f 1493/5231 1492/5233 1491/5234
f 1462/5235 1494/5236 1493/5237
f 1462/5235 1493/5237 1495/5238
f 1462/5235 1495/5238 1465/5239
f 1496/5240 1497/5241 1531/5242
f 1496/5240 1531/5242 1500/5243
f 1496/5240 1500/5243 1499/5244
f 1496/5245 1498/5246 1503/5247
f 1496/5245 1503/5247 1505/5248
f 1496/5245 1505/5248 1507/5249
f 1496/5245 1507/5249 1509/5250
f 1496/5245 1509/5250 1511/5251
f 1496/5245 1511/5251 1513/5252
f 1496/5245 1513/5252 1515/5253
f 1496/5245 1515/5253 1518/5254
f 1496/5245 1518/5254 1520/5255
f 1496/5245 1520/5255 1523/5256
f 1496/5245 1523/5256 1525/5257
f 1496/5245 1525/5257 1528/5258
f 1496/5245 1528/5258 1530/5259
f 1496/5245 1530/5259 1497/5260
f 1498/5261 1496/5262 1499/5263
f 1498/5261 1499/5263 1501/5264
f 1503/5265 1498/5266 1501/5267
f 1503/5265 1501/5267 1502/5268
f 1504/5269 1505/5270 1503/5271
f 1504/5269 1503/5271 1502/5272
f 1506/5273 1507/5274 1505/5275
f 1506/5273 1505/5275 1504/5276
f 1508/5277 1509/5278 1507/5279
f 1508/5277 1507/5279 1506/5280
f 1510/5281 1511/5282 1509/5283
f 1510/5281 1509/5283 1508/5284
f 1513/5285 1511/5286 1510/5287
f 1513/5285 1510/5287 1512/5288
f 1515/5289 1513/5290 1512/5291
f 1515/5289 1512/5291 1514/5292
f 1517/5293 1518/5294 1515/5295
f 1517/5293 1515/5295 1514/5296
f 1517/5293 1514/5296 1516/5297
f 1520/5298 1518/5299 1517/5300
f 1520/5298 1517/5300 1519/5301
f 1522/5302 1523/5303 1520/5304
f 1522/5302 1520/5304 1519/5305
f 1522/5302 1519/5305 1521/5306
f 1525/5307 1523/5308 1522/5309
f 1525/5307 1522/5309 1524/5310
f 1527/5311 1528/5312 1525/5313
f 1527/5311 1525/5313 1524/5314
f 1527/5311 1524/5314 1526/5315
f 1529/5316 1530/5317 1528/5318
f 1529/5316 1528/5318 1527/5319
f 1497/5320 1530/5321 1529/5322
f 1497/5320 1529/5322 1531/5323
f 1535/5324 1532/5325 1533/5326
f 1535/5324 1533/5326 1536/5327
f 1532/5328 1534/5329 2054/5330
f 1532/5328 2054/5330 1533/5331
f 1537/5332 1535/5333 1536/5334
f 1537/5332 1536/5334 1538/5335
f 1539/5336 1537/5337 1538/5338
f 1539/5336 1538/5338 1540/5339
f 1541/5340 1539/5341 1540/5342
f 1541/5340 1540/5342 1542/5343
f 1543/5344 1541/5345 1542/5346
f 1543/5344 1542/5346 1544/5347
f 1545/5348 1543/5349 1544/5350
f 1545/5348 1544/5350 1546/5351
f 1547/5352 1545/5353 1546/5354
f 1547/5352 1546/5354 1548/5355
f 1549/5356 1547/5357 1548/5358
f 1549/5356 1548/5358 1550/5359
f 1551/5360 1549/5361 1550/5362
f 1551/5360 1550/5362 1552/5363
f 1553/5364 1551/5365 1552/5366
f 1553/5364 1552/5366 1554/5367
f 1555/5368 1553/5369 1554/5370
f 1555/5368 1554/5370 1557/5371
f 1556/5372 1555/5373 1557/5374
f 1556/5372 1557/5374 1558/5375
f 1561/5376 1558/5377 1557/5378
f 1561/5376 1557/5378 1559/5379
f 1559/5380 1557/5381 1554/5382
f 1559/5380 1554/5382 1562/5383
f 1559/5384 1562/5385 1565/5386
f 1559/5384 1565/5386 1560/5387
f 1561/5388 1559/5389 1560/5390
f 1561/5388 1560/5390 1818/5391
f 1562/5392 1554/5393 1552/5394
f 1562/5392 1552/5394 1563/5395
f 1564/5396 1562/5397 1563/5398
f 1564/5396 1563/5398 2219/5399
f 1566/5400 1565/5401 1562/5402
f 1566/5400 1562/5402 1564/5403
f 1568/5404 1567/5405 1565/5406
f 1568/5404 1565/5406 1566/5407
f 1560/5408 1565/5409 1567/5410
f 1560/5408 1567/5410 1571/5411
f 2211/5412 1569/5413 1567/5414
f 2211/5412 1567/5414 1568/5415
f 1567/5416 1569/5417 2108/5418
f 1567/5416 2108/5418 1570/5419
f 1571/5420 1567/5421 1570/5422
f 1571/5420 1570/5422 1573/5423
f 1818/5424 1560/5425 1571/5426
f 1818/5424 1571/5426 1572/5427
f 1572/5428 1571/5429 1573/5430
f 1572/5428 1573/5430 1575/5431
f 2117/5432 1574/5433 1573/5434
f 2117/5432 1573/5434 1570/5435
f 1574/5436 1576/5437 1575/5438
f 1574/5436 1575/5438 1573/5439
f 1579/5440 1572/5441 1575/5442
f 1579/5440 1575/5442 1577/5443
f 1576/5444 1580/5445 1577/5446
f 1576/5444 1577/5446 1575/5447
f 1810/5448 1579/5449 1577/5450
f 1810/5448 1577/5450 1578/5451
f 1580/5452 1582/5453 1578/5454
f 1580/5452 1578/5454 1577/5455
f 1580/5456 1576/5457 2118/5458
f 1580/5456 2118/5458 1581/5459
f 1582/5460 1580/5461 1581/5462
f 1582/5460 1581/5462 1583/5463
f 1584/5464 1582/5465 1583/5466
f 1584/5464 1583/5466 1587/5467
f 1582/5468 1584/5469 1585/5470
f 1582/5468 1585/5470 1578/5471
f 1584/5472 1586/5473 1733/5474
f 1584/5472 1733/5474 1585/5475
f 1586/5476 1584/5477 1587/5478
f 1586/5476 1587/5478 1588/5479
f 1590/5480 1586/5481 1588/5482
f 1590/5480 1588/5482 1589/5483
f 1592/5484 1590/5485 1589/5486
f 1592/5484 1589/5486 1591/5487
f 1594/5488 1592/5489 1591/5490
f 1594/5488 1591/5490 1593/5491
f 1596/5492 1594/5493 1593/5494
f 1596/5492 1593/5494 1595/5495
f 1598/5496 1596/5497 1595/5498
f 1598/5496 1595/5498 1597/5499
f 1600/5500 1598/5501 1597/5502
f 1600/5500 1597/5502 1599/5503
f 1602/5504 1600/5505 1599/5506
f 1602/5504 1599/5506 1601/5507
f 1604/5508 1602/5509 1601/5510
f 1604/5508 1601/5510 1603/5511
f 1606/5512 1604/5513 1603/5514
f 1606/5512 1603/5514 1605/5515
f 1608/5516 1606/5517 1605/5518
f 1608/5516 1605/5518 1607/5519
f 1611/5520 1608/5521 1607/5522
f 1611/5520 1607/5522 1609/5523
f 1613/5524 1611/5525 1609/5526
f 1613/5524 1609/5526 1610/5527
f 1608/5528 1611/5529 1612/5530
f 1608/5528 1612/5530 1821/5531
f 1611/5532 1613/5533 1615/5534
f 1611/5532 1615/5534 1612/5535
f 1614/5536 1613/5537 1610/5538
f 1614/5536 1610/5538 2267/5539
f 1613/5540 1614/5541 1616/5542
f 1613/5540 1616/5542 1615/5543
f 1617/5544 1618/5545 1612/5546
f 1617/5544 1612/5546 1615/5547
f 1621/5548 1617/5549 1615/5550
f 1621/5548 1615/5550 1616/5551
f 1620/5552 1823/5553 1618/5554
f 1620/5552 1618/5554 1617/5555
f 1676/5556 1620/5557 1617/5558
f 1676/5556 1617/5558 1619/5559
f 1619/5560 1617/5561 1621/5562
f 1619/5560 1621/5562 1622/5563
f 1622/5564 1621/5565 1623/5566
f 1622/5564 1623/5566 1624/5567
f 1623/5568 1621/5569 1616/5570
f 1623/5568 1616/5570 1626/5571
f 1624/5572 1623/5573 1625/5574
f 1624/5572 1625/5574 1668/5575
f 1629/5576 1625/5577 1623/5578
f 1629/5576 1623/5578 1627/5579
f 1627/5580 1623/5581 1626/5582
f 1627/5580 1626/5582 1628/5583
f 1630/5584 1627/5585 1628/5586
f 1630/5584 1628/5586 1631/5587
f 1632/5588 1629/5589 1627/5590
f 1632/5588 1627/5590 1630/5591
f 1634/5592 1630/5593 1631/5594
f 1634/5592 1631/5594 1635/5595
f 1651/5596 1632/5597 1630/5598
f 1651/5596 1630/5598 1633/5599
f 1633/5600 1630/5601 1634/5602
f 1633/5600 1634/5602 1637/5603
f 1636/5604 1634/5605 1635/5606
f 1636/5604 1635/5606 2268/5607
f 1637/5608 1634/5609 1636/5610
f 1637/5608 1636/5610 1639/5611
f 2283/5612 1633/5613 1637/5614
f 2283/5612 1637/5614 1638/5615
f 1638/5616 1637/5617 1639/5618
f 1638/5616 1639/5618 1641/5619
f 1639/5620 1636/5621 2281/5622
f 1639/5620 2281/5622 1640/5623
f 1641/5624 1639/5625 1640/5626
f 1641/5624 1640/5626 1642/5627
f 1644/5628 1650/5629 2282/5630
f 1644/5628 2282/5630 2283/5631
f 1644/5628 2283/5631 1638/5632
f 1644/5628 1638/5632 1641/5633
f 1644/5628 1641/5633 1642/5634
f 1644/5628 1642/5634 1643/5635
f 1642/5636 1640/5637 1645/5638
f 1642/5636 1645/5638 1643/5639
f 1643/5640 1645/5641 1647/5642
f 1643/5640 1647/5642 1644/5643
f 1640/5644 2281/5645 1646/5646
f 1640/5644 1646/5646 1645/5647
f 1645/5648 1646/5649 1648/5650
f 1645/5648 1648/5650 1647/5651
f 1647/5652 1648/5653 1652/5654
f 1647/5652 1652/5654 1649/5655
f 1644/5656 1647/5657 1649/5658
f 1644/5656 1649/5658 1650/5659
f 1650/5660 1649/5661 1651/5662
f 1650/5660 1651/5662 2282/5663
f 1649/5664 1652/5665 1632/5666
f 1649/5664 1632/5666 1651/5667
f 1652/5668 1653/5669 1629/5670
f 1652/5668 1629/5670 1632/5671
f 1653/5672 1652/5673 1654/5674
f 1653/5672 1654/5674 1655/5675
f 1654/5676 1652/5677 1648/5678
f 1654/5676 1648/5678 1656/5679
f 1657/5680 1659/5681 1655/5682
f 1657/5680 1655/5682 1654/5683
f 1658/5684 1657/5685 1654/5686
f 1658/5684 1654/5686 1656/5687
f 1659/5688 1660/5689 1662/5690
f 1659/5688 1662/5690 1655/5691
f 1660/5692 1661/5693 1663/5694
f 1660/5692 1663/5694 1662/5695
f 1664/5696 1662/5697 1663/5698
f 1664/5696 1663/5698 1665/5699
f 1664/5700 1653/5701 1655/5702
f 1664/5700 1655/5702 1662/5703
f 1666/5704 1664/5705 1665/5706
f 1666/5704 1665/5706 1667/5707
f 1668/5708 1625/5709 1664/5710
f 1668/5708 1664/5710 1666/5711
f 1653/5712 1664/5713 1625/5714
f 1653/5712 1625/5714 1629/5715
f 1669/5716 1666/5717 1667/5718
f 1669/5716 1667/5718 1670/5719
f 1671/5720 1668/5721 1666/5722
f 1671/5720 1666/5722 1669/5723
f 1670/5724 1677/5725 1675/5726
f 1670/5724 1675/5726 1674/5727
f 1670/5724 1674/5727 1673/5728
f 1670/5724 1673/5728 1672/5729
f 1670/5724 1672/5729 1671/5730
f 1670/5724 1671/5730 1669/5731
f 1672/5732 1624/5733 1668/5734
f 1672/5732 1668/5734 1671/5735
f 1673/5736 1622/5737 1624/5738
f 1673/5736 1624/5738 1672/5739
f 1674/5740 1619/5741 1622/5742
f 1674/5740 1622/5742 1673/5743
f 1675/5744 1676/5745 1619/5746
f 1675/5744 1619/5746 1674/5747
f 1677/5748 1678/5749 1676/5750
f 1677/5748 1676/5750 1675/5751
f 1670/5752 1667/5753 1678/5754
f 1670/5752 1678/5754 1677/5755
f 1678/5756 1679/5757 1620/5758
f 1678/5756 1620/5758 1676/5759
f 1667/5760 1665/5761 1679/5762
f 1667/5760 1679/5762 1678/5763
f 1680/5764 1679/5765 1681/5766
f 1680/5764 1681/5766 1682/5767
f 1679/5768 1680/5769 1823/5770
f 1679/5768 1823/5770 1620/5771
f 1665/5772 1663/5773 1681/5774
f 1665/5772 1681/5774 1679/5775
f 1683/5776 1684/5777 1682/5778
f 1683/5776 1682/5778 1681/5779
f 1661/5780 1683/5781 1681/5782
f 1661/5780 1681/5782 1663/5783
f 1684/5784 1685/5785 1687/5786
f 1684/5784 1687/5786 1682/5787
f 1685/5788 1686/5789 1689/5790
f 1685/5788 1689/5790 1687/5791
f 1688/5792 1680/5793 1682/5794
f 1688/5792 1682/5794 1687/5795
f 1691/5796 1688/5797 1687/5798
f 1691/5796 1687/5798 1689/5799
f 1686/5800 1780/5801 1690/5802
f 1686/5800 1690/5802 1689/5803
f 1690/5804 1692/5805 1691/5806
f 1690/5804 1691/5806 1689/5807
f 1693/5808 1691/5809 1692/5810
f 1693/5808 1692/5810 1696/5811
f 1695/5812 1688/5813 1691/5814
f 1695/5812 1691/5814 1693/5815
f 1826/5816 1695/5817 1693/5818
f 1826/5816 1693/5818 1694/5819
f 1694/5820 1693/5821 1696/5822
f 1694/5820 1696/5822 1698/5823
f 1696/5824 1692/5825 1711/5826
f 1696/5824 1711/5826 1697/5827
f 1698/5828 1696/5829 1697/5830
f 1698/5828 1697/5830 1699/5831
f 1694/5832 1698/5833 1699/5834
f 1694/5832 1699/5834 1700/5835
f 1694/5832 1700/5835 1702/5836
f 1694/5832 1702/5836 1703/5837
f 1694/5832 1703/5837 1825/5838
f 1694/5832 1825/5838 1826/5839
f 1699/5840 1697/5841 1701/5842
f 1699/5840 1701/5842 1700/5843
f 1700/5844 1701/5845 1704/5846
f 1700/5844 1704/5846 1702/5847
f 1702/5848 1704/5849 1705/5850
f 1702/5848 1705/5850 1703/5851
f 1704/5852 1706/5853 1707/5854
f 1704/5852 1707/5854 1705/5855
f 1701/5856 1709/5857 1706/5858
f 1701/5856 1706/5858 1704/5859
f 1707/5860 1706/5861 1708/5862
f 1707/5860 1708/5862 1821/5863
f 1706/5864 1709/5865 1710/5866
f 1706/5864 1710/5866 1708/5867
f 1697/5868 1711/5869 1709/5870
f 1697/5868 1709/5870 1701/5871
f 1709/5872 1712/5873 1714/5874
f 1709/5872 1714/5874 1710/5875
f 1711/5876 1713/5877 1712/5878
f 1711/5876 1712/5878 1709/5879
f 1713/5880 1717/5881 1715/5882
f 1713/5880 1715/5882 1712/5883
f 1712/5884 1715/5885 1716/5886
f 1712/5884 1716/5886 1714/5887
f 1715/5888 1719/5889 1720/5890
f 1715/5888 1720/5890 1716/5891
f 1718/5892 1715/5893 1717/5894
f 1718/5892 1717/5894 1785/5895
f 1721/5896 1719/5897 1715/5898
f 1721/5896 1715/5898 1718/5899
f 1719/5900 1722/5901 1724/5902
f 1719/5900 1724/5902 1720/5903
f 1723/5904 1722/5905 1719/5906
f 1723/5904 1719/5906 1721/5907
f 1789/5908 1725/5909 1722/5910
f 1789/5908 1722/5910 1723/5911
f 1722/5912 1726/5913 1729/5914
f 1722/5912 1729/5914 1724/5915
f 1725/5916 1727/5917 1726/5918
f 1725/5916 1726/5918 1722/5919
f 1727/5920 1797/5921 1728/5922
f 1727/5920 1728/5922 1726/5923
f 1726/5924 1728/5925 1730/5926
f 1726/5924 1730/5926 1729/5927
f 1594/5928 1596/5929 1724/5930
f 1594/5928 1724/5930 1729/5931
f 1592/5932 1594/5933 1729/5934
f 1592/5932 1729/5934 1730/5935
f 1728/5936 1732/5937 1731/5938
f 1728/5936 1731/5938 1730/5939
f 1590/5940 1592/5941 1730/5942
f 1590/5940 1730/5942 1731/5943
f 1732/5944 1734/5945 1733/5946
f 1732/5944 1733/5946 1731/5947
f 1586/5948 1590/5949 1731/5950
f 1586/5948 1731/5950 1733/5951
f 1734/5952 1735/5953 1585/5954
f 1734/5952 1585/5954 1733/5955
f 1737/5956 1734/5957 1732/5958
f 1737/5956 1732/5958 1740/5959
f 1736/5960 1756/5961 1735/5962
f 1736/5960 1735/5962 1734/5963
f 1739/5964 1736/5965 1734/5966
f 1739/5964 1734/5966 1737/5967
f 1738/5968 1737/5969 1740/5970
f 1738/5968 1740/5970 1742/5971
f 1820/5972 1739/5973 1737/5974
f 1820/5972 1737/5974 1738/5975
f 1742/5976 1740/5977 1741/5978
f 1742/5976 1741/5978 1743/5979
f 1740/5980 1732/5981 1728/5982
f 1740/5980 1728/5982 1741/5983
f 1748/5984 1749/5985 1820/5986
f 1748/5984 1820/5986 1738/5987
f 1748/5984 1738/5987 1742/5988
f 1748/5984 1742/5988 1743/5989
f 1748/5984 1743/5989 1744/5990
f 1748/5984 1744/5990 1746/5991
f 1743/5992 1741/5993 1745/5994
f 1743/5992 1745/5994 1744/5995
f 1744/5996 1745/5997 1747/5998
f 1744/5996 1747/5998 1746/5999
f 1746/6000 1747/6001 1750/6002
f 1746/6000 1750/6002 1748/6003
f 1748/6004 1750/6005 1752/6006
f 1748/6004 1752/6006 1749/6007
f 1750/6008 1751/6009 1753/6010
f 1750/6008 1753/6010 1752/6011
f 1747/6012 1796/6013 1751/6014
f 1747/6012 1751/6014 1750/6015
f 1752/6016 1753/6017 1736/6018
f 1752/6016 1736/6018 1739/6019
f 1749/6020 1752/6021 1739/6022
f 1749/6020 1739/6022 1820/6023
f 1764/6024 1754/6025 1753/6026
f 1764/6024 1753/6026 1751/6027
f 1755/6028 1753/6029 1754/6030
f 1755/6028 1754/6030 1758/6031
f 1753/6032 1755/6033 1756/6034
f 1753/6032 1756/6034 1736/6035
f 1755/6036 1757/6037 1809/6038
f 1755/6036 1809/6038 1756/6039
f 1757/6040 1755/6041 1758/6042
f 1757/6040 1758/6042 1759/6043
f 1760/6044 1761/6045 1759/6046
f 1760/6044 1759/6046 1758/6047
f 1762/6048 1760/6049 1758/6050
f 1762/6048 1758/6050 1754/6051
f 1763/6052 1762/6053 1754/6054
f 1763/6052 1754/6054 1764/6055
f 1765/6056 1763/6057 1764/6058
f 1765/6056 1764/6058 1766/6059
f 1767/6060 1765/6061 1766/6062
f 1767/6060 1766/6062 1769/6063
f 1768/6064 1767/6065 1769/6066
f 1768/6064 1769/6066 1771/6067
f 1770/6068 1769/6069 1766/6070
f 1770/6068 1766/6070 1796/6071
f 1772/6072 1771/6073 1769/6074
f 1772/6072 1769/6074 1770/6075
f 1776/6076 1768/6077 1771/6078
f 1776/6076 1771/6078 1773/6079
f 1774/6080 1773/6081 1771/6082
f 1774/6080 1771/6082 1772/6083
f 1782/6084 1775/6085 1773/6086
f 1782/6084 1773/6086 1774/6087
f 1777/6088 1776/6089 1773/6090
f 1777/6088 1773/6090 1775/6091
f 1778/6092 1777/6093 1775/6094
f 1778/6092 1775/6094 1779/6095
f 1780/6096 1778/6097 1779/6098
f 1780/6096 1779/6098 1690/6099
f 1781/6100 1692/6101 1690/6102
f 1781/6100 1690/6102 1779/6103
f 1782/6104 1781/6105 1779/6106
f 1782/6104 1779/6106 1775/6107
f 1781/6108 1782/6109 1717/6110
f 1781/6108 1717/6110 1713/6111
f 1692/6112 1781/6113 1713/6114
f 1692/6112 1713/6114 1711/6115
f 1785/6116 1717/6117 1782/6118
f 1785/6116 1782/6118 1783/6119
f 1783/6120 1782/6121 1774/6122
f 1783/6120 1774/6122 1786/6123
f 1795/6124 1785/6125 1783/6126
f 1795/6124 1783/6126 1784/6127
f 1784/6128 1783/6129 1786/6130
f 1784/6128 1786/6130 1787/6131
f 1787/6132 1786/6133 1788/6134
f 1787/6132 1788/6134 1790/6135
f 1786/6136 1774/6137 1772/6138
f 1786/6136 1772/6138 1788/6139
f 1788/6140 1772/6141 1725/6142
f 1788/6140 1725/6142 1789/6143
f 1790/6144 1788/6145 1789/6146
f 1790/6144 1789/6146 1791/6147
f 1787/6148 1790/6149 1791/6150
f 1787/6148 1791/6150 1792/6151
f 1787/6148 1792/6151 1793/6152
f 1787/6148 1793/6152 1794/6153
f 1787/6148 1794/6153 1795/6154
f 1787/6148 1795/6154 1784/6155
f 1791/6156 1789/6157 1723/6158
f 1791/6156 1723/6158 1792/6159
f 1792/6160 1723/6161 1721/6162
f 1792/6160 1721/6162 1793/6163
f 1793/6164 1721/6165 1718/6166
f 1793/6164 1718/6166 1794/6167
f 1794/6168 1718/6169 1785/6170
f 1794/6168 1785/6170 1795/6171
f 1772/6172 1770/6173 1727/6174
f 1772/6172 1727/6174 1725/6175
f 1770/6176 1796/6177 1797/6178
f 1770/6176 1797/6178 1727/6179
f 1796/6180 1766/6181 1764/6182
f 1796/6180 1764/6182 1751/6183
f 1745/6184 1797/6185 1796/6186
f 1745/6184 1796/6186 1747/6187
f 1741/6188 1728/6189 1797/6190
f 1741/6188 1797/6190 1745/6191
f 1761/6192 1798/6193 1799/6194
f 1761/6192 1799/6194 1759/6195
f 1798/6196 1556/6197 1558/6198
f 1798/6196 1558/6198 1799/6199
f 1757/6200 1759/6201 1799/6202
f 1757/6200 1799/6202 1800/6203
f 1800/6204 1799/6205 1558/6206
f 1800/6204 1558/6206 1561/6207
f 1801/6208 1800/6209 1561/6210
f 1801/6208 1561/6210 1802/6211
f 1804/6212 1757/6213 1800/6214
f 1804/6212 1800/6214 1801/6215
f 1803/6216 1801/6217 1802/6218
f 1803/6216 1802/6218 1819/6219
f 1805/6220 1804/6221 1801/6222
f 1805/6220 1801/6222 1803/6223
f 1807/6224 1806/6225 1804/6226
f 1807/6224 1804/6226 1805/6227
f 1806/6228 1809/6229 1757/6230
f 1806/6228 1757/6230 1804/6231
f 1812/6232 1808/6233 1806/6234
f 1812/6232 1806/6234 1807/6235
f 1808/6236 1810/6237 1809/6238
f 1808/6236 1809/6238 1806/6239
f 1756/6240 1809/6241 1810/6242
f 1756/6240 1810/6242 1735/6243
f 1735/6244 1810/6245 1578/6246
f 1735/6244 1578/6246 1585/6247
f 1811/6248 1579/6249 1810/6250
f 1811/6248 1810/6250 1808/6251
f 1813/6252 1811/6253 1808/6254
f 1813/6252 1808/6254 1812/6255
f 1803/6256 1819/6257 1815/6258
f 1803/6256 1815/6258 1814/6259
f 1803/6256 1814/6259 1813/6260
f 1803/6256 1813/6260 1812/6261
f 1803/6256 1812/6261 1807/6262
f 1803/6256 1807/6262 1805/6263
f 1814/6264 1816/6265 1811/6266
f 1814/6264 1811/6266 1813/6267
f 1815/6268 1817/6269 1816/6270
f 1815/6268 1816/6270 1814/6271
f 1816/6272 1572/6273 1579/6274
f 1816/6272 1579/6274 1811/6275
f 1817/6276 1818/6277 1572/6278
f 1817/6276 1572/6278 1816/6279
f 1802/6280 1561/6281 1818/6282
f 1802/6280 1818/6282 1817/6283
f 1819/6284 1802/6285 1817/6286
f 1819/6284 1817/6286 1815/6287
f 1596/6288 1598/6289 1720/6290
f 1596/6288 1720/6290 1724/6291
f 1598/6292 1600/6293 1716/6294
f 1598/6292 1716/6294 1720/6295
f 1600/6296 1602/6297 1714/6298
f 1600/6296 1714/6298 1716/6299
f 1602/6300 1604/6301 1710/6302
f 1602/6300 1710/6302 1714/6303
f 1604/6304 1606/6305 1708/6306
f 1604/6304 1708/6306 1710/6307
f 1606/6308 1608/6309 1821/6310
f 1606/6308 1821/6310 1708/6311
f 1618/6312 1707/6313 1821/6314
f 1618/6312 1821/6314 1612/6315
f 1823/6316 1822/6317 1707/6318
f 1823/6316 1707/6318 1618/6319
f 1705/6320 1707/6321 1822/6322
f 1705/6320 1822/6322 1824/6323
f 1680/6324 1688/6325 1822/6326
f 1680/6324 1822/6326 1823/6327
f 1824/6328 1822/6329 1688/6330
f 1824/6328 1688/6330 1695/6331
f 1825/6332 1824/6333 1695/6334
f 1825/6332 1695/6334 1826/6335
f 1703/6336 1705/6337 1824/6338
f 1703/6336 1824/6338 1825/6339
f 1827/6340 1658/6341 1656/6342
f 1827/6340 1656/6342 1829/6343
f 1828/6344 1827/6345 1829/6346
f 1828/6344 1829/6346 1830/6347
f 1646/6348 1832/6349 1830/6350
f 1646/6348 1830/6350 1829/6351
f 1648/6352 1646/6353 1829/6354
f 1648/6352 1829/6354 1656/6355
f 1929/6356 1828/6357 1830/6358
f 1929/6356 1830/6358 1831/6359
f 1832/6360 1834/6361 1831/6362
f 1832/6360 1831/6362 1830/6363
f 1832/6364 1646/6365 2281/6366
f 1832/6364 2281/6366 1833/6367
f 1834/6368 1832/6369 1833/6370
f 1834/6368 1833/6370 1835/6371
f 1836/6372 1834/6373 1835/6374
f 1836/6372 1835/6374 2273/6375
f 1840/6376 1837/6377 1834/6378
f 1840/6376 1834/6378 1836/6379
f 1837/6380 1839/6381 1831/6382
f 1837/6380 1831/6382 1834/6383
f 1842/6384 1838/6385 1837/6386
f 1842/6384 1837/6386 1840/6387
f 1838/6388 1925/6389 1839/6390
f 1838/6388 1839/6390 1837/6391
f 1841/6392 1840/6393 1836/6394
f 1841/6392 1836/6394 2279/6395
f 1843/6396 1842/6397 1840/6398
f 1843/6396 1840/6398 1841/6399
f 1845/6400 1844/6401 1842/6402
f 1845/6400 1842/6402 1843/6403
f 1844/6404 1847/6405 1838/6406
f 1844/6404 1838/6406 1842/6407
f 2277/6408 1846/6409 1844/6410
f 2277/6408 1844/6410 1845/6411
f 1846/6412 1848/6413 1847/6414
f 1846/6412 1847/6414 1844/6415
f 1849/6416 1847/6417 1848/6418
f 1849/6416 1848/6418 1850/6419
f 1851/6420 1838/6421 1847/6422
f 1851/6420 1847/6422 1849/6423
f 1852/6424 1849/6425 1850/6426
f 1852/6424 1850/6426 1855/6427
f 1854/6428 1851/6429 1849/6430
f 1854/6428 1849/6430 1852/6431
f 1919/6432 1854/6433 1852/6434
f 1919/6432 1852/6434 1853/6435
f 1853/6436 1852/6437 1855/6438
f 1853/6436 1855/6438 1858/6439
f 1858/6440 1855/6441 1856/6442
f 1858/6440 1856/6442 1860/6443
f 1856/6444 1855/6445 1857/6446
f 1856/6444 1857/6446 2240/6447
f 1855/6448 1850/6449 2246/6450
f 1855/6448 2246/6450 1857/6451
f 1922/6452 1853/6453 1858/6454
f 1922/6452 1858/6454 1859/6455
f 1859/6456 1858/6457 1860/6458
f 1859/6456 1860/6458 1862/6459
f 1860/6460 1856/6461 1871/6462
f 1860/6460 1871/6462 1861/6463
f 1862/6464 1860/6465 1861/6466
f 1862/6464 1861/6466 1863/6467
f 1920/6468 1921/6469 1922/6470
f 1920/6468 1922/6470 1859/6471
f 1920/6468 1859/6471 1862/6472
f 1920/6468 1862/6472 1863/6473
f 1920/6468 1863/6473 1864/6474
f 1920/6468 1864/6474 1865/6475
f 1863/6476 1861/6477 1866/6478
f 1863/6476 1866/6478 1864/6479
f 1864/6480 1866/6481 1867/6482
f 1864/6480 1867/6482 1865/6483
f 1866/6484 1868/6485 1869/6486
f 1866/6484 1869/6486 1867/6487
f 1861/6488 1871/6489 1868/6490
f 1861/6488 1868/6490 1866/6491
f 1899/6492 1869/6493 1868/6494
f 1899/6492 1868/6494 1870/6495
f 1870/6496 1868/6497 1871/6498
f 1870/6496 1871/6498 1873/6499
f 1871/6500 1856/6501 2240/6502
f 1871/6500 2240/6502 1872/6503
f 1873/6504 1871/6505 1872/6506
f 1873/6504 1872/6506 1874/6507
f 1875/6508 1873/6509 1874/6510
f 1875/6508 1874/6510 1876/6511
f 1877/6512 1870/6513 1873/6514
f 1877/6512 1873/6514 1875/6515
f 1879/6516 1875/6517 1876/6518
f 1879/6516 1876/6518 1881/6519
f 1903/6520 1877/6521 1875/6522
f 1903/6520 1875/6522 1878/6523
f 1878/6524 1875/6525 1879/6526
f 1878/6524 1879/6526 1880/6527
f 1880/6528 1879/6529 1882/6530
f 1880/6528 1882/6530 1886/6531
f 1882/6532 1879/6533 1881/6534
f 1882/6532 1881/6534 1884/6535
f 1958/6536 1883/6537 1882/6538
f 1958/6536 1882/6538 1885/6539
f 1886/6540 1882/6541 1883/6542
f 1886/6540 1883/6542 1888/6543
f 1885/6544 1882/6545 1884/6546
f 1885/6544 1884/6546 1962/6547
f 1906/6548 1880/6549 1886/6550
f 1906/6548 1886/6550 1887/6551
f 1887/6552 1886/6553 1888/6554
f 1887/6552 1888/6554 1889/6555
f 1888/6556 1883/6557 1893/6558
f 1888/6556 1893/6558 1890/6559
f 1889/6560 1888/6561 1890/6562
f 1889/6560 1890/6562 1892/6563
f 1892/6564 1890/6565 1891/6566
f 1892/6564 1891/6566 1907/6567
f 1890/6568 1893/6569 1896/6570
f 1890/6568 1896/6570 1891/6571
f 1894/6572 1893/6573 1883/6574
f 1894/6572 1883/6574 1958/6575
f 1893/6576 1894/6577 1932/6578
f 1893/6576 1932/6578 1895/6579
f 1893/6580 1895/6581 1897/6582
f 1893/6580 1897/6582 1896/6583
f 1896/6584 1897/6585 1900/6586
f 1896/6584 1900/6586 1898/6587
f 1891/6588 1896/6589 1898/6590
f 1891/6588 1898/6590 1901/6591
f 1898/6592 1899/6593 1870/6594
f 1898/6592 1870/6594 1877/6595
f 1899/6596 1898/6597 1900/6598
f 1899/6596 1900/6598 1908/6599
f 1901/6600 1898/6601 1877/6602
f 1901/6600 1877/6602 1903/6603
f 1907/6604 1891/6605 1901/6606
f 1907/6604 1901/6606 1902/6607
f 1902/6608 1901/6609 1903/6610
f 1902/6608 1903/6610 1904/6611
f 1904/6612 1903/6613 1878/6614
f 1904/6612 1878/6614 1905/6615
f 1907/6616 1902/6617 1904/6618
f 1907/6616 1904/6618 1905/6619
f 1907/6616 1905/6619 1906/6620
f 1907/6616 1906/6620 1887/6621
f 1907/6616 1887/6621 1889/6622
f 1907/6616 1889/6622 1892/6623
f 1905/6624 1878/6625 1880/6626
f 1905/6624 1880/6626 1906/6627
f 1909/6628 1911/6629 1908/6630
f 1909/6628 1908/6630 1900/6631
f 1910/6632 1909/6633 1900/6634
f 1910/6632 1900/6634 1897/6635
f 1911/6636 1912/6637 1914/6638
f 1911/6636 1914/6638 1908/6639
f 1912/6640 1913/6641 1915/6642
f 1912/6640 1915/6642 1914/6643
f 1917/6644 1869/6645 1914/6646
f 1917/6644 1914/6646 1915/6647
f 1869/6648 1899/6649 1908/6650
f 1869/6648 1908/6650 1914/6651
f 1913/6652 1923/6653 1916/6654
f 1913/6652 1916/6654 1915/6655
f 1916/6656 1854/6657 1917/6658
f 1916/6656 1917/6658 1915/6659
f 1867/6660 1869/6661 1917/6662
f 1867/6660 1917/6662 1918/6663
f 1918/6664 1917/6665 1854/6666
f 1918/6664 1854/6666 1919/6667
f 1865/6668 1867/6669 1918/6670
f 1865/6668 1918/6670 1920/6671
f 1920/6672 1918/6673 1919/6674
f 1920/6672 1919/6674 1921/6675
f 1921/6676 1919/6677 1853/6678
f 1921/6676 1853/6678 1922/6679
f 1923/6680 1926/6681 1924/6682
f 1923/6680 1924/6682 1916/6683
f 1851/6684 1854/6685 1916/6686
f 1851/6684 1916/6686 1924/6687
f 1926/6688 1927/6689 1925/6690
f 1926/6688 1925/6690 1924/6691
f 1838/6692 1851/6693 1924/6694
f 1838/6692 1924/6694 1925/6695
f 1927/6696 1928/6697 1839/6698
f 1927/6696 1839/6698 1925/6699
f 1928/6700 1929/6701 1831/6702
f 1928/6700 1831/6702 1839/6703
f 1930/6704 1910/6705 1897/6706
f 1930/6704 1897/6706 1895/6707
f 1931/6708 1930/6709 1895/6710
f 1931/6708 1895/6710 1932/6711
f 1933/6712 1931/6713 1932/6714
f 1933/6712 1932/6714 1935/6715
f 1934/6716 1933/6717 1935/6718
f 1934/6716 1935/6718 1937/6719
f 1935/6720 1936/6721 1939/6722
f 1935/6720 1939/6722 1937/6723
f 1894/6724 1936/6725 1935/6726
f 1894/6724 1935/6726 1932/6727
f 2028/6728 1934/6729 1937/6730
f 2028/6728 1937/6730 1938/6731
f 1939/6732 1940/6733 1938/6734
f 1939/6732 1938/6734 1937/6735
f 1941/6736 1939/6737 1936/6738
f 1941/6736 1936/6738 1943/6739
f 1942/6740 1940/6741 1939/6742
f 1942/6740 1939/6742 1941/6743
f 1946/6744 1942/6745 1941/6746
f 1946/6744 1941/6746 1944/6747
f 1944/6748 1941/6749 1943/6750
f 1944/6748 1943/6750 1945/6751
f 1944/6752 1945/6753 1955/6754
f 1944/6752 1955/6754 1953/6755
f 1944/6752 1953/6755 1951/6756
f 1944/6752 1951/6756 1949/6757
f 1944/6752 1949/6757 1947/6758
f 1944/6752 1947/6758 1946/6759
f 1947/6760 1948/6761 1942/6762
f 1947/6760 1942/6762 1946/6763
f 1949/6764 1950/6765 1948/6766
f 1949/6764 1948/6766 1947/6767
f 1951/6768 1952/6769 1950/6770
f 1951/6768 1950/6770 1949/6771
f 1953/6772 1954/6773 1952/6774
f 1953/6772 1952/6774 1951/6775
f 1955/6776 1956/6777 1954/6778
f 1955/6776 1954/6778 1953/6779
f 1945/6780 1943/6781 1956/6782
f 1945/6780 1956/6782 1955/6783
f 1943/6784 1936/6785 1957/6786
f 1943/6784 1957/6786 1956/6787
f 1956/6788 1957/6789 1959/6790
f 1956/6788 1959/6790 1954/6791
f 1936/6792 1894/6793 1958/6794
f 1936/6792 1958/6794 1957/6795
f 1957/6796 1958/6797 1885/6798
f 1957/6796 1885/6798 1959/6799
f 1960/6800 1959/6801 1961/6802
f 1960/6800 1961/6802 1963/6803
f 1954/6804 1959/6805 1960/6806
f 1954/6804 1960/6806 1952/6807
f 1959/6808 1885/6809 1962/6810
f 1959/6808 1962/6810 1961/6811
f 1966/6812 1964/6813 1961/6814
f 1966/6812 1961/6814 1962/6815
f 1964/6816 1965/6817 1963/6818
f 1964/6816 1963/6818 1961/6819
f 1965/6820 1964/6821 1967/6822
f 1965/6820 1967/6822 1969/6823
f 1964/6824 1966/6825 1968/6826
f 1964/6824 1968/6826 1967/6827
f 1971/6828 1965/6829 1969/6830
f 1971/6828 1969/6830 1970/6831
f 1973/6832 1971/6833 1970/6834
f 1973/6832 1970/6834 1972/6835
f 1976/6836 1973/6837 1972/6838
f 1976/6836 1972/6838 1974/6839
f 1978/6840 1976/6841 1974/6842
f 1978/6840 1974/6842 1975/6843
f 1973/6844 1976/6845 1977/6846
f 1973/6844 1977/6846 2226/6847
f 1976/6848 1978/6849 1980/6850
f 1976/6848 1980/6850 1977/6851
f 1979/6852 1978/6853 1975/6854
f 1979/6852 1975/6854 2171/6855
f 1978/6856 1979/6857 1982/6858
f 1978/6856 1982/6858 1980/6859
f 1981/6860 1980/6861 1982/6862
f 1981/6860 1982/6862 1984/6863
f 2014/6864 1977/6865 1980/6866
f 2014/6864 1980/6866 1981/6867
f 1979/6868 2170/6869 1983/6870
f 1979/6868 1983/6870 1982/6871
f 1987/6872 1984/6873 1982/6874
f 1987/6872 1982/6874 1983/6875
f 2012/6876 1981/6877 1984/6878
f 2012/6876 1984/6878 1985/6879
f 1985/6880 1984/6881 1986/6882
f 1985/6880 1986/6882 2007/6883
f 1988/6884 1986/6885 1984/6886
f 1988/6884 1984/6886 1987/6887
f 1989/6888 1987/6889 1983/6890
f 1989/6888 1983/6890 1990/6891
f 1993/6892 1988/6893 1987/6894
f 1993/6892 1987/6894 1989/6895
f 1991/6896 1989/6897 1990/6898
f 1991/6896 1990/6898 2172/6899
f 1992/6900 1989/6901 1991/6902
f 1992/6900 1991/6902 2207/6903
f 1994/6904 1993/6905 1989/6906
f 1994/6904 1989/6906 1992/6907
f 1996/6908 1995/6909 1993/6910
f 1996/6908 1993/6910 1994/6911
f 1995/6912 1999/6913 1988/6914
f 1995/6912 1988/6914 1993/6915
f 2201/6916 1997/6917 1995/6918
f 2201/6916 1995/6918 1996/6919
f 1998/6920 1995/6921 1997/6922
f 1998/6920 1997/6922 2034/6923
f 1999/6924 1995/6925 1998/6926
f 1999/6924 1998/6926 2000/6927
f 2001/6928 1999/6929 2000/6930
f 2001/6928 2000/6930 2002/6931
f 1999/6932 2001/6933 1986/6934
f 1999/6932 1986/6934 1988/6935
f 2007/6936 1986/6937 2001/6938
f 2007/6936 2001/6938 2004/6939
f 2001/6940 2002/6941 2024/6942
f 2001/6940 2024/6942 2003/6943
f 2004/6944 2001/6945 2003/6946
f 2004/6944 2003/6946 2005/6947
f 2006/6948 2004/6949 2005/6950
f 2006/6948 2005/6950 2020/6951
f 2008/6952 2007/6953 2004/6954
f 2008/6952 2004/6954 2006/6955
f 2009/6956 1985/6957 2007/6958
f 2009/6956 2007/6958 2008/6959
f 2020/6960 2019/6961 2018/6962
f 2020/6960 2018/6962 2011/6963
f 2020/6960 2011/6963 2010/6964
f 2020/6960 2010/6964 2009/6965
f 2020/6960 2009/6965 2008/6966
f 2020/6960 2008/6966 2006/6967
f 2010/6968 2012/6969 1985/6970
f 2010/6968 1985/6970 2009/6971
f 2011/6972 2013/6973 2012/6974
f 2011/6972 2012/6974 2010/6975
f 2013/6976 2014/6977 1981/6978
f 2013/6976 1981/6978 2012/6979
f 2015/6980 2016/6981 2014/6982
f 2015/6980 2014/6982 2013/6983
f 2018/6984 2015/6985 2013/6986
f 2018/6984 2013/6986 2011/6987
f 2017/6988 2021/6989 2016/6990
f 2017/6988 2016/6990 2015/6991
f 2019/6992 2017/6993 2015/6994
f 2019/6992 2015/6994 2018/6995
f 2020/6996 2005/6997 2017/6998
f 2020/6996 2017/6998 2019/6999
f 2005/7000 2003/7001 2021/7002
f 2005/7000 2021/7002 2017/7003
f 2022/7004 2021/7005 2023/7006
f 2022/7004 2023/7006 2026/7007
f 2021/7008 2022/7009 2222/7010
f 2021/7008 2222/7010 2016/7011
f 2003/7012 2024/7013 2023/7014
f 2003/7012 2023/7014 2021/7015
f 2029/7016 2025/7017 2023/7018
f 2029/7016 2023/7018 2024/7019
f 2025/7020 2027/7021 2026/7022
f 2025/7020 2026/7022 2023/7023
f 1940/7024 2022/7025 2026/7026
f 1940/7024 2026/7026 1938/7027
f 2027/7028 2028/7029 1938/7030
f 2027/7028 1938/7030 2026/7031
f 2030/7032 2029/7033 2024/7034
f 2030/7032 2024/7034 2002/7035
f 2031/7036 2030/7037 2002/7038
f 2031/7036 2002/7038 2000/7039
f 2032/7040 2031/7041 2000/7042
f 2032/7040 2000/7042 1998/7043
f 2033/7044 2032/7045 1998/7046
f 2033/7044 1998/7046 2034/7047
f 2035/7048 2033/7049 2034/7050
f 2035/7048 2034/7050 2036/7051
f 2037/7052 2035/7053 2036/7054
f 2037/7052 2036/7054 2039/7055
f 2038/7056 2037/7057 2039/7058
f 2038/7056 2039/7058 2041/7059
f 2195/7060 2040/7061 2039/7062
f 2195/7060 2039/7062 2036/7063
f 2040/7064 2042/7065 2041/7066
f 2040/7064 2041/7066 2039/7067
f 2045/7068 2043/7069 2041/7070
f 2045/7068 2041/7070 2042/7071
f 2046/7072 2038/7073 2041/7074
f 2046/7072 2041/7074 2043/7075
f 2047/7076 2046/7077 2043/7078
f 2047/7076 2043/7078 2044/7079
f 2049/7080 2044/7081 2043/7082
f 2049/7080 2043/7082 2045/7083
f 1534/7084 2047/7085 2044/7086
f 1534/7084 2044/7086 2054/7087
f 2051/7088 2049/7089 2045/7090
f 2051/7088 2045/7090 2048/7091
f 2048/7092 2045/7093 2042/7094
f 2048/7092 2042/7094 2192/7095
f 2052/7096 2049/7097 2050/7098
f 2052/7096 2050/7098 2053/7099
f 2188/7100 2050/7101 2049/7102
f 2188/7100 2049/7102 2051/7103
f 2049/7104 2052/7105 2054/7106
f 2049/7104 2054/7106 2044/7107
f 2055/7108 2052/7109 2053/7110
f 2055/7108 2053/7110 2056/7111
f 2054/7112 2052/7113 2055/7114
f 2054/7112 2055/7114 1533/7115
f 2057/7116 2055/7117 2056/7118
f 2057/7116 2056/7118 2141/7119
f 2059/7120 2058/7121 2055/7122
f 2059/7120 2055/7122 2057/7123
f 2058/7124 1536/7125 1533/7126
f 2058/7124 1533/7126 2055/7127
f 2060/7128 1538/7129 1536/7130
f 2060/7128 1536/7130 2058/7131
f 2061/7132 2060/7133 2058/7134
f 2061/7132 2058/7134 2059/7135
f 2062/7136 1540/7137 1538/7138
f 2062/7136 1538/7138 2060/7139
f 2065/7140 2063/7141 2060/7142
f 2065/7140 2060/7142 2061/7143
f 2062/7144 2060/7145 2063/7146
f 2062/7144 2063/7146 2064/7147
f 2064/7148 2063/7149 2066/7150
f 2064/7148 2066/7150 2070/7151
f 2068/7152 2066/7153 2063/7154
f 2068/7152 2063/7154 2065/7155
f 2139/7156 2067/7157 2066/7158
f 2139/7156 2066/7158 2068/7159
f 2066/7160 2067/7161 2133/7162
f 2066/7160 2133/7162 2069/7163
f 2070/7164 2066/7165 2069/7166
f 2070/7164 2069/7166 2071/7167
f 2072/7168 2070/7169 2071/7170
f 2072/7168 2071/7170 2073/7171
f 2076/7172 2064/7173 2070/7174
f 2076/7172 2070/7174 2072/7175
f 2074/7176 2072/7177 2073/7178
f 2074/7176 2073/7178 2123/7179
f 2075/7180 2072/7181 2074/7182
f 2075/7180 2074/7182 2092/7183
f 2077/7184 2076/7185 2072/7186
f 2077/7184 2072/7186 2075/7187
f 2080/7188 2078/7189 2076/7190
f 2080/7188 2076/7190 2077/7191
f 2078/7192 2062/7193 2064/7194
f 2078/7192 2064/7194 2076/7195
f 2078/7196 1542/7197 1540/7198
f 2078/7196 1540/7198 2062/7199
f 2079/7200 1544/7201 1542/7202
f 2079/7200 1542/7202 2078/7203
f 2082/7204 2079/7205 2078/7206
f 2082/7204 2078/7206 2080/7207
f 2081/7208 2080/7209 2077/7210
f 2081/7208 2077/7210 2094/7211
f 2083/7212 2082/7213 2080/7214
f 2083/7212 2080/7214 2081/7215
f 2087/7216 2084/7217 2082/7218
f 2087/7216 2082/7218 2083/7219
f 2084/7220 2085/7221 2079/7222
f 2084/7220 2079/7222 2082/7223
f 2086/7224 2098/7225 2085/7226
f 2086/7224 2085/7226 2084/7227
f 2088/7228 2086/7229 2084/7230
f 2088/7228 2084/7230 2087/7231
f 2083/7232 2081/7233 2094/7234
f 2083/7232 2094/7234 2093/7235
f 2083/7232 2093/7235 2091/7236
f 2083/7232 2091/7236 2089/7237
f 2083/7232 2089/7237 2088/7238
f 2083/7232 2088/7238 2087/7239
f 2089/7240 2090/7241 2086/7242
f 2089/7240 2086/7242 2088/7243
f 2091/7244 2092/7245 2090/7246
f 2091/7244 2090/7246 2089/7247
f 2093/7248 2075/7249 2092/7250
f 2093/7248 2092/7250 2091/7251
f 2094/7252 2077/7253 2075/7254
f 2094/7252 2075/7254 2093/7255
f 2092/7256 2074/7257 2095/7258
f 2092/7256 2095/7258 2090/7259
f 2090/7260 2095/7261 2098/7262
f 2090/7260 2098/7262 2086/7263
f 2097/7264 2095/7265 2096/7266
f 2097/7264 2096/7266 2107/7267
f 2095/7268 2074/7269 2123/7270
f 2095/7268 2123/7270 2096/7271
f 2099/7272 2098/7273 2095/7274
f 2099/7272 2095/7274 2097/7275
f 2100/7276 2085/7277 2098/7278
f 2100/7276 2098/7278 2099/7279
f 2102/7280 2100/7281 2099/7282
f 2102/7280 2099/7282 2101/7283
f 2101/7284 2099/7285 2097/7286
f 2101/7284 2097/7286 2104/7287
f 2221/7288 2102/7289 2101/7290
f 2221/7288 2101/7290 2103/7291
f 2103/7292 2101/7293 2104/7294
f 2103/7292 2104/7294 2105/7295
f 1569/7296 2104/7297 2106/7298
f 1569/7296 2106/7298 2108/7299
f 2105/7300 2104/7301 1569/7302
f 2105/7300 1569/7302 2211/7303
f 2104/7304 2097/7305 2107/7306
f 2104/7304 2107/7306 2106/7307
f 2110/7308 2109/7309 2106/7310
f 2110/7308 2106/7310 2107/7311
f 2109/7312 2111/7313 2108/7314
f 2109/7312 2108/7314 2106/7315
f 2109/7316 2110/7317 2113/7318
f 2109/7316 2113/7318 2112/7319
f 2111/7320 2109/7321 2112/7322
f 2111/7320 2112/7322 2114/7323
f 2117/7324 2111/7325 2114/7326
f 2117/7324 2114/7326 2115/7327
f 1574/7328 2117/7329 2115/7330
f 1574/7328 2115/7330 2116/7331
f 2111/7332 2117/7333 1570/7334
f 2111/7332 1570/7334 2108/7335
f 1576/7336 1574/7337 2116/7338
f 1576/7336 2116/7338 2118/7339
f 2110/7340 2121/7341 2119/7342
f 2110/7340 2119/7342 2113/7343
f 2121/7344 2122/7345 2120/7346
f 2121/7344 2120/7346 2119/7347
f 2122/7348 2121/7349 2096/7350
f 2122/7348 2096/7350 2123/7351
f 2121/7352 2110/7353 2107/7354
f 2121/7352 2107/7354 2096/7355
f 2122/7356 2124/7357 2126/7358
f 2122/7356 2126/7358 2120/7359
f 2124/7360 2122/7361 2123/7362
f 2124/7360 2123/7362 2073/7363
f 2125/7364 2124/7365 2073/7366
f 2125/7364 2073/7366 2071/7367
f 2124/7368 2125/7369 2127/7370
f 2124/7368 2127/7370 2126/7371
f 2125/7372 2130/7373 2128/7374
f 2125/7372 2128/7374 2127/7375
f 2130/7376 2131/7377 2129/7378
f 2130/7376 2129/7378 2128/7379
f 2131/7380 2130/7381 2069/7382
f 2131/7380 2069/7382 2133/7383
f 2130/7384 2125/7385 2071/7386
f 2130/7384 2071/7386 2069/7387
f 2131/7388 2132/7389 2210/7390
f 2131/7388 2210/7390 2129/7391
f 2132/7392 2131/7393 2133/7394
f 2132/7392 2133/7394 2134/7395
f 2067/7396 2136/7397 2134/7398
f 2067/7396 2134/7398 2133/7399
f 2155/7400 2132/7401 2134/7402
f 2155/7400 2134/7402 2135/7403
f 2136/7404 2137/7405 2135/7406
f 2136/7404 2135/7406 2134/7407
f 2056/7408 2053/7409 2137/7410
f 2056/7408 2137/7410 2136/7411
f 2141/7412 2056/7413 2136/7414
f 2141/7412 2136/7414 2138/7415
f 2138/7416 2136/7417 2067/7418
f 2138/7416 2067/7418 2139/7419
f 2140/7420 2138/7421 2139/7422
f 2140/7420 2139/7422 2148/7423
f 2142/7424 2141/7425 2138/7426
f 2142/7424 2138/7426 2140/7427
f 2143/7428 2057/7429 2141/7430
f 2143/7428 2141/7430 2142/7431
f 2144/7432 2143/7433 2142/7434
f 2144/7432 2142/7434 2140/7435
f 2144/7432 2140/7435 2148/7436
f 2144/7432 2148/7436 2147/7437
f 2144/7432 2147/7437 2146/7438
f 2144/7432 2146/7438 2145/7439
f 2144/7440 2059/7441 2057/7442
f 2144/7440 2057/7442 2143/7443
f 2145/7444 2061/7445 2059/7446
f 2145/7444 2059/7446 2144/7447
f 2146/7448 2065/7449 2061/7450
f 2146/7448 2061/7450 2145/7451
f 2147/7452 2068/7453 2065/7454
f 2147/7452 2065/7454 2146/7455
f 2148/7456 2139/7457 2068/7458
f 2148/7456 2068/7458 2147/7459
f 2137/7460 2149/7461 2152/7462
f 2137/7460 2152/7462 2135/7463
f 2053/7464 2050/7465 2149/7466
f 2053/7464 2149/7466 2137/7467
f 2150/7468 2149/7469 2050/7470
f 2150/7468 2050/7470 2188/7471
f 2183/7472 2151/7473 2149/7474
f 2183/7472 2149/7474 2150/7475
f 2149/7476 2151/7477 2153/7478
f 2149/7476 2153/7478 2152/7479
f 2157/7480 2154/7481 2152/7482
f 2157/7480 2152/7482 2153/7483
f 2154/7484 2155/7485 2135/7486
f 2154/7484 2135/7486 2152/7487
f 2155/7488 2154/7489 2156/7490
f 2155/7488 2156/7490 2209/7491
f 2154/7492 2157/7493 2159/7494
f 2154/7492 2159/7494 2156/7495
f 2157/7496 2158/7497 2160/7498
f 2157/7496 2160/7498 2159/7499
f 2158/7500 2157/7501 2153/7502
f 2158/7500 2153/7502 2177/7503
f 2158/7504 2162/7505 2161/7506
f 2158/7504 2161/7506 2160/7507
f 2162/7508 2164/7509 2163/7510
f 2162/7508 2163/7510 2161/7511
f 2164/7512 2166/7513 2165/7514
f 2164/7512 2165/7514 2163/7515
f 2166/7516 2169/7517 2167/7518
f 2166/7516 2167/7518 2165/7519
f 2169/7520 2170/7521 2168/7522
f 2169/7520 2168/7522 2167/7523
f 2170/7524 2169/7525 1990/7526
f 2170/7524 1990/7526 1983/7527
f 2169/7528 2166/7529 2172/7530
f 2169/7528 2172/7530 1990/7531
f 2170/7532 1979/7533 2171/7534
f 2170/7532 2171/7534 2168/7535
f 2166/7536 2164/7537 2173/7538
f 2166/7536 2173/7538 2172/7539
f 2174/7540 1991/7541 2172/7542
f 2174/7540 2172/7542 2173/7543
f 2164/7544 2162/7545 2175/7546
f 2164/7544 2175/7546 2173/7547
f 2176/7548 2174/7549 2173/7550
f 2176/7548 2173/7550 2175/7551
f 2178/7552 2176/7553 2175/7554
f 2178/7552 2175/7554 2177/7555
f 2162/7556 2158/7557 2177/7558
f 2162/7556 2177/7558 2175/7559
f 2151/7560 2178/7561 2177/7562
f 2151/7560 2177/7562 2153/7563
f 2182/7564 2179/7565 2178/7566
f 2182/7564 2178/7566 2180/7567
f 2179/7568 2193/7569 2176/7570
f 2179/7568 2176/7570 2178/7571
f 2180/7572 2178/7573 2151/7574
f 2180/7572 2151/7574 2183/7575
f 2191/7576 2182/7577 2180/7578
f 2191/7576 2180/7578 2181/7579
f 2181/7580 2180/7581 2183/7582
f 2181/7580 2183/7582 2184/7583
f 2184/7584 2183/7585 2150/7586
f 2184/7584 2150/7586 2185/7587
f 2189/7588 2190/7589 2191/7590
f 2189/7588 2191/7590 2181/7591
f 2189/7588 2181/7591 2184/7592
f 2189/7588 2184/7592 2185/7593
f 2189/7588 2185/7593 2186/7594
f 2189/7588 2186/7594 2187/7595
f 2185/7596 2150/7597 2188/7598
f 2185/7596 2188/7598 2186/7599
f 2186/7600 2188/7601 2051/7602
f 2186/7600 2051/7602 2187/7603
f 2187/7604 2051/7605 2048/7606
f 2187/7604 2048/7606 2189/7607
f 2189/7608 2048/7609 2192/7610
f 2189/7608 2192/7610 2190/7611
f 2190/7612 2192/7613 2182/7614
f 2190/7612 2182/7614 2191/7615
f 2192/7616 2042/7617 2179/7618
f 2192/7616 2179/7618 2182/7619
f 2042/7620 2040/7621 2193/7622
f 2042/7620 2193/7622 2179/7623
f 2040/7624 2195/7625 2194/7626
f 2040/7624 2194/7626 2193/7627
f 2193/7628 2194/7629 2174/7630
f 2193/7628 2174/7630 2176/7631
f 2196/7632 2194/7633 2195/7634
f 2196/7632 2195/7634 2199/7635
f 2197/7636 2174/7637 2194/7638
f 2197/7636 2194/7638 2196/7639
f 2208/7640 2197/7641 2196/7642
f 2208/7640 2196/7642 2198/7643
f 2198/7644 2196/7645 2199/7646
f 2198/7644 2199/7646 2200/7647
f 2200/7648 2199/7649 2201/7650
f 2200/7648 2201/7650 2202/7651
f 2199/7652 2195/7653 1997/7654
f 2199/7652 1997/7654 2201/7655
f 2202/7656 2201/7657 1996/7658
f 2202/7656 1996/7658 2203/7659
f 2202/7660 2203/7661 2204/7662
f 2202/7660 2204/7662 2205/7663
f 2202/7660 2205/7663 2206/7664
f 2202/7660 2206/7664 2208/7665
f 2202/7660 2208/7665 2198/7666
f 2202/7660 2198/7666 2200/7667
f 2203/7668 1996/7669 1994/7670
f 2203/7668 1994/7670 2204/7671
f 2204/7672 1994/7673 1992/7674
f 2204/7672 1992/7674 2205/7675
f 2205/7676 1992/7677 2207/7678
f 2205/7676 2207/7678 2206/7679
f 2206/7680 2207/7681 2197/7682
f 2206/7680 2197/7682 2208/7683
f 2207/7684 1991/7685 2174/7686
f 2207/7684 2174/7686 2197/7687
f 1997/7688 2195/7689 2036/7690
f 1997/7688 2036/7690 2034/7691
f 2132/7692 2155/7693 2209/7694
f 2132/7692 2209/7694 2210/7695
f 2212/7696 2105/7697 2211/7698
f 2212/7696 2211/7698 2214/7699
f 2213/7700 2103/7701 2105/7702
f 2213/7700 2105/7702 2212/7703
f 2213/7704 2212/7705 2214/7706
f 2213/7704 2214/7706 2215/7707
f 2213/7704 2215/7707 2216/7708
f 2213/7704 2216/7708 2217/7709
f 2213/7704 2217/7709 2218/7710
f 2213/7704 2218/7710 2220/7711
f 2214/7712 2211/7713 1568/7714
f 2214/7712 1568/7714 2215/7715
f 2215/7716 1568/7717 1566/7718
f 2215/7716 1566/7718 2216/7719
f 2216/7720 1566/7721 1564/7722
f 2216/7720 1564/7722 2217/7723
f 2217/7724 1564/7725 2219/7726
f 2217/7724 2219/7726 2218/7727
f 2218/7728 2219/7729 2221/7730
f 2218/7728 2221/7730 2220/7731
f 2220/7732 2221/7733 2103/7734
f 2220/7732 2103/7734 2213/7735
f 2219/7736 1563/7737 2102/7738
f 2219/7736 2102/7738 2221/7739
f 1552/7740 1550/7741 2102/7742
f 1552/7740 2102/7742 1563/7743
f 2100/7744 2102/7745 1550/7746
f 2100/7744 1550/7746 1548/7747
f 2100/7748 1548/7749 1546/7750
f 2100/7748 1546/7750 2085/7751
f 2085/7752 1546/7753 1544/7754
f 2085/7752 1544/7754 2079/7755
f 2022/7756 1940/7757 2223/7758
f 2022/7756 2223/7758 2222/7759
f 2222/7760 2223/7761 2225/7762
f 2222/7760 2225/7762 2224/7763
f 2016/7764 2222/7765 2224/7766
f 2016/7764 2224/7766 2014/7767
f 2014/7768 2224/7769 2226/7770
f 2014/7768 2226/7770 1977/7771
f 2224/7772 2225/7773 2227/7774
f 2224/7772 2227/7774 2226/7775
f 1971/7776 1973/7777 2226/7778
f 1971/7776 2226/7778 2227/7779
f 1965/7780 1971/7781 2227/7782
f 1965/7780 2227/7782 1963/7783
f 2225/7784 1960/7785 1963/7786
f 2225/7784 1963/7786 2227/7787
f 1950/7788 2225/7789 2223/7790
f 1950/7788 2223/7790 1948/7791
f 1952/7792 1960/7793 2225/7794
f 1952/7792 2225/7794 1950/7795
f 1948/7796 2223/7797 1940/7798
f 1948/7796 1940/7798 1942/7799
f 1966/7800 2229/7801 2228/7802
f 1966/7800 2228/7802 1968/7803
f 2229/7804 2231/7805 2230/7806
f 2229/7804 2230/7806 2228/7807
f 2231/7808 2233/7809 2232/7810
f 2231/7808 2232/7810 2230/7811
f 2233/7812 2235/7813 2234/7814
f 2233/7812 2234/7814 2232/7815
f 2235/7816 2238/7817 2236/7818
f 2235/7816 2236/7818 2234/7819
f 2238/7820 2239/7821 2237/7822
f 2238/7820 2237/7822 2236/7823
f 2239/7824 2238/7825 1872/7826
f 2239/7824 1872/7826 2240/7827
f 2238/7828 2235/7829 1874/7830
f 2238/7828 1874/7830 1872/7831
f 2239/7832 2241/7833 2242/7834
f 2239/7832 2242/7834 2237/7835
f 2241/7836 2239/7837 2240/7838
f 2241/7836 2240/7838 1857/7839
f 2241/7840 2243/7841 2245/7842
f 2241/7840 2245/7842 2242/7843
f 2243/7844 2241/7845 1857/7846
f 2243/7844 1857/7846 2246/7847
f 2243/7848 2244/7849 2280/7850
f 2243/7848 2280/7850 2245/7851
f 2244/7852 2243/7853 2246/7854
f 2244/7852 2246/7854 2247/7855
f 1850/7856 1848/7857 2247/7858
f 1850/7856 2247/7858 2246/7859
f 1848/7860 2250/7861 2248/7862
f 1848/7860 2248/7862 2247/7863
f 2251/7864 2244/7865 2247/7866
f 2251/7864 2247/7866 2248/7867
f 2250/7868 2271/7869 2249/7870
f 2250/7868 2249/7870 2248/7871
f 2253/7872 2251/7873 2248/7874
f 2253/7872 2248/7874 2249/7875
f 2244/7876 2251/7877 2252/7878
f 2244/7876 2252/7878 2280/7879
f 2251/7880 2253/7881 2255/7882
f 2251/7880 2255/7882 2252/7883
f 2254/7884 2253/7885 2249/7886
f 2254/7884 2249/7886 2269/7887
f 2253/7888 2254/7889 2256/7890
f 2253/7888 2256/7890 2255/7891
f 2254/7892 2258/7893 2257/7894
f 2254/7892 2257/7894 2256/7895
f 2258/7896 2260/7897 2259/7898
f 2258/7896 2259/7898 2257/7899
f 2260/7900 2263/7901 2261/7902
f 2260/7900 2261/7902 2259/7903
f 2263/7904 2264/7905 2262/7906
f 2263/7904 2262/7906 2261/7907
f 2264/7908 2263/7909 1631/7910
f 2264/7908 1631/7910 1628/7911
f 2263/7912 2260/7913 1635/7914
f 2263/7912 1635/7914 1631/7915
f 2264/7916 2265/7917 2266/7918
f 2264/7916 2266/7918 2262/7919
f 2265/7920 2264/7921 1628/7922
f 2265/7920 1628/7922 1626/7923
f 1614/7924 2265/7925 1626/7926
f 1614/7924 1626/7926 1616/7927
f 2265/7928 1614/7929 2267/7930
f 2265/7928 2267/7930 2266/7931
f 2260/7932 2258/7933 2268/7934
f 2260/7932 2268/7934 1635/7935
f 2258/7936 2254/7937 2269/7938
f 2258/7936 2269/7938 2268/7939
f 2270/7940 1636/7941 2268/7942
f 2270/7940 2268/7942 2269/7943
f 2271/7944 2270/7945 2269/7946
f 2271/7944 2269/7946 2249/7947
f 1835/7948 1833/7949 2270/7950
f 1835/7948 2270/7950 2271/7951
f 1833/7952 2281/7953 1636/7954
f 1833/7952 1636/7954 2270/7955
f 2272/7956 2271/7957 2250/7958
f 2272/7956 2250/7958 2275/7959
f 2273/7960 1835/7961 2271/7962
f 2273/7960 2271/7962 2272/7963
f 2278/7964 2273/7965 2272/7966
f 2278/7964 2272/7966 2274/7967
f 2274/7968 2272/7969 2275/7970
f 2274/7968 2275/7970 2276/7971
f 2276/7972 2275/7973 1846/7974
f 2276/7972 1846/7974 2277/7975
f 2275/7976 2250/7977 1848/7978
f 2275/7976 1848/7978 1846/7979
f 1841/7980 2279/7981 2278/7982
f 1841/7980 2278/7982 2274/7983
f 1841/7980 2274/7983 2276/7984
f 1841/7980 2276/7984 2277/7985
f 1841/7980 2277/7985 1845/7986
f 1841/7980 1845/7986 1843/7987
f 2279/7988 1836/7989 2273/7990
f 2279/7988 2273/7990 2278/7991
f 2235/7992 2233/7993 1876/7994
f 2235/7992 1876/7994 1874/7995
f 2233/7996 2231/7997 1881/7998
f 2233/7996 1881/7998 1876/7999
f 2231/8000 2229/8001 1884/8002
f 2231/8000 1884/8002 1881/8003
f 2229/8004 1966/8005 1962/8006
f 2229/8004 1962/8006 1884/8007
f 2282/8008 1651/8009 1633/8010
f 2282/8008 1633/8010 2283/8011
