# Arm5_R__Bbody: 7714 tris
v -0.00290029 -0.02894158 -0.02045535
v -0.00428670 -0.03274607 -0.01502126
v -0.00472109 -0.02823140 -0.02042060
v -0.00341151 -0.03020401 -0.02155221
v -0.00138271 -0.02480365 -0.02553862
v -0.00184348 -0.02592096 -0.02680042
v -0.00320351 -0.02409254 -0.02550316
v 0.00042932 -0.01995517 -0.02966496
v 0.00005891 -0.02082943 -0.03113208
v -0.00139148 -0.01924397 -0.02962869
v 0.00251972 -0.01445180 -0.03269127
v 0.00225813 -0.01504042 -0.03431655
v 0.00069973 -0.01374069 -0.03265580
v 0.00480530 -0.00851013 -0.03451699
v 0.00466291 -0.00878757 -0.03623707
v 0.00298450 -0.00779902 -0.03448153
v 0.00719892 -0.00236105 -0.03503047
v 0.00962130 0.00379116 -0.03416053
v 0.00537731 -0.00164917 -0.03499508
v 0.00718529 -0.00230661 -0.03677667
v 0.00739972 -0.00238350 -0.03701337
v 0.00973570 0.00417249 -0.03586240
v 0.00996773 0.00413809 -0.03609211
v 0.01222293 0.01041756 -0.03358027
v 0.01199090 0.00974260 -0.03198477
v 0.01455252 0.01619535 -0.03006040
v 0.01246931 0.01042334 -0.03379553
v 0.01481249 0.01623532 -0.03025497
v 0.01693250 0.00867702 -0.03388293
v 0.01443812 0.00239042 -0.03617777
v 0.01711733 0.00850328 -0.03367572
v 0.01926772 0.01449146 -0.03034183
v 0.02135169 0.01959915 -0.02568927
v 0.01943890 0.01428251 -0.03015680
v 0.01909811 0.01334455 -0.02872141
v 0.02151009 0.01935927 -0.02553169
v 0.02324370 0.02352042 -0.01995264
v 0.02107412 0.01818838 -0.02431009
v 0.02272932 0.02215752 -0.01898591
v 0.02289411 0.01747574 -0.02434459
v 0.02332930 0.01864654 -0.02556700
v 0.02091810 0.01263191 -0.02875592
v 0.02454850 0.02144404 -0.01902113
v 0.02506370 0.02280693 -0.01998788
v 0.02582849 0.02441220 -0.01300780
v 0.02640449 0.02591583 -0.01368719
v 0.02668289 0.02626475 -0.00655914
v 0.02400850 0.02512509 -0.01297091
v 0.02486290 0.02697839 -0.00652232
v 0.02458450 0.02662940 -0.01365115
v 0.02444531 0.02691350 -0.01373599
v 0.02548131 0.02857367 -0.00688206
v 0.02588209 0.02923732 0.00009697
v 0.02534691 0.02886922 -0.00692542
v 0.02575010 0.02953750 0.00010056
v 0.02090532 0.03060764 -0.00683641
v 0.02000291 0.02865277 -0.01364707
v 0.02060773 0.03048107 -0.00678351
v 0.02131011 0.03127600 0.00019035
v 0.02100851 0.03114557 0.00019623
v 0.02117969 0.03058017 0.00717818
v 0.02561971 0.02884159 0.00708758
v 0.02054130 0.02859694 0.01387728
v 0.02087890 0.03045373 0.00713702
v 0.02024929 0.02886149 0.00678970
v 0.02024371 0.02848457 0.01379208
v 0.01914369 0.02535133 0.01991208
v 0.01964533 0.02698920 0.01311262
v 0.01859972 0.02401051 0.01893165
v 0.01782529 0.02770132 0.01315039
v 0.01677892 0.02472340 0.01896855
v 0.01842849 0.02957276 0.00682676
v 0.01842372 0.02919670 0.01382906
v 0.01905891 0.03116662 0.00717390
v 0.01828529 0.02947948 0.01392284
v 0.01732370 0.02606422 0.01994898
v 0.01717650 0.02632693 0.02008339
v 0.01579730 0.02188366 0.02528902
v 0.01563889 0.02212084 0.02545733
v 0.01392929 0.01687423 0.02973464
v 0.01532452 0.02074229 0.02405295
v 0.01351330 0.01589076 0.02834925
v 0.01714451 0.02002933 0.02401526
v 0.01761729 0.02117153 0.02525204
v 0.01533253 0.01517695 0.02831084
v 0.01339409 0.01002222 0.03222914
v 0.01574852 0.01616127 0.02969614
v 0.01380612 0.01098619 0.03362938
v 0.01602609 0.01620325 0.02987444
v 0.01790049 0.02123660 0.02541113
v 0.02045409 0.01446427 0.02977986
v 0.01408531 0.01102266 0.03380821
v 0.01181972 0.01192356 0.03386000
v 0.01850531 0.00924582 0.03369653
v 0.02076051 0.00832002 0.03362877
v 0.01867411 0.00903116 0.03350425
v 0.02048213 0.00828931 0.03345097
v 0.01825411 0.00808851 0.03209303
v 0.02062132 0.01424932 0.02959242
v 0.02249171 0.01926389 0.02515110
v 0.02020051 0.01327419 0.02820217
v 0.02201730 0.01812329 0.02391416
v 0.02201969 0.01255853 0.02816152
v 0.02243969 0.01353281 0.02955186
v 0.02383730 0.01741025 0.02387567
v 0.02006132 0.00734505 0.03203991
v 0.02431091 0.01855092 0.02511341
v 0.02529170 0.02139083 0.01879375
v 0.02633730 0.02436875 0.01297558
v 0.02347171 0.02210380 0.01883143
v 0.02583729 0.02273156 0.01977419
v 0.02612850 0.02282292 0.01989926
v 0.02693731 0.02586328 0.01365434
v 0.02757250 0.02783252 0.00700004
v 0.02723490 0.02597555 0.01373952
v 0.02787329 0.02795818 0.00704209
v 0.03129889 0.02438073 0.01365458
v 0.03019010 0.02122953 0.01981336
v 0.03143729 0.02409777 0.01356000
v 0.03193890 0.02636174 0.00695812
v 0.03207170 0.02606641 0.00690739
v 0.03206929 0.02705782 -0.00002812
v 0.03220130 0.02675763 -0.00003090
v 0.02800290 0.02865495 0.00005498
v 0.03166691 0.02638960 -0.00705251
v 0.02759890 0.02798657 -0.00697099
v 0.03076769 0.02443253 -0.01386132
v 0.03180131 0.02609415 -0.00700913
v 0.03090690 0.02414927 -0.01377577
v 0.03118130 0.02449972 -0.00664868
v 0.03032850 0.02264649 -0.01309649
v 0.03299969 0.02378370 -0.00668527
v 0.03156129 0.02513124 -0.00002183
v 0.03143810 0.02447493 0.00655999
v 0.03338050 0.02441590 -0.00005927
v 0.03401970 0.02604237 -0.00006756
v 0.03325731 0.02375959 0.00652255
v 0.03265411 0.02188868 0.01284293
v 0.03389090 0.02535031 0.00687002
v 0.03419169 0.02547590 0.00691127
v 0.03325571 0.02338244 0.01352174
v 0.03215569 0.02025056 0.01964000
v 0.03355330 0.02349386 0.01360704
v 0.03705729 0.02211378 0.01353107
v 0.03244771 0.02034268 0.01976503
v 0.03091411 0.01613627 0.02513579
v 0.03594850 0.01896413 0.01968809
v 0.03609489 0.01869963 0.01955307
v 0.03441330 0.01475993 0.02505702
v 0.03252691 0.00968907 0.02949034
v 0.03457011 0.01452343 0.02488783
v 0.03409089 0.01338964 0.02364699
v 0.03269330 0.00947821 0.02929686
v 0.03068770 0.00401007 0.03302556
v 0.03226930 0.00854483 0.02788149
v 0.03408610 0.00782399 0.02782932
v 0.03027729 0.00318064 0.03154107
v 0.03207811 0.00242825 0.03143819
v 0.03089169 0.00204132 0.03197235
v 0.03130931 0.00283624 0.03347399
v 0.03129491 0.00274155 0.03379547
v 0.03248929 0.00325682 0.03292277
v 0.03276609 0.00327414 0.03310273
v 0.03450929 0.00875753 0.02924627
v 0.03638850 0.01380592 0.02484497
v 0.03478690 0.00879247 0.02942607
v 0.03868850 0.00724411 0.02930751
v 0.03667170 0.01386929 0.02500341
v 0.03820449 0.01807280 0.01963615
v 0.04057969 0.01232308 0.02490716
v 0.04211250 0.01652294 0.01954269
v 0.04483169 0.01061776 0.02477944
v 0.04975808 0.00842470 0.02387100
v 0.04293970 0.00554472 0.02915106
v 0.04636210 0.01481129 0.01942444
v 0.05128849 0.01251620 0.01860425
v 0.04746609 0.01795304 0.01328429
v 0.05238450 0.01558646 0.01256134
v 0.04810370 0.01992894 0.00660845
v 0.04321810 0.01967017 0.01339312
v 0.04385649 0.02164961 0.00670485
v 0.03931011 0.02122193 0.01348160
v 0.03901170 0.02111135 0.01339704
v 0.03994850 0.02320343 0.00678909
v 0.03964690 0.02307870 0.00674776
v 0.04007729 0.02389854 -0.00019061
v 0.03977650 0.02376972 -0.00018490
v 0.03967489 0.02323081 -0.00721020
v 0.04398690 0.02234350 -0.00027071
v 0.04358528 0.02167557 -0.00728467
v 0.04823330 0.02062236 -0.00035661
v 0.04783328 0.01995461 -0.00736015
v 0.05313249 0.01824411 -0.00084363
v 0.05324290 0.01687684 -0.00076732
v 0.05301650 0.01754305 0.00599678
v 0.05269728 0.01758772 -0.00771885
v 0.05175810 0.01567530 -0.01438663
v 0.05278368 0.01614445 -0.00734304
v 0.05183330 0.01419104 -0.01377112
v 0.05002208 0.01088498 -0.00596216
v 0.04921809 0.00923307 -0.01139782
v 0.05038849 0.01147074 -0.00071765
v 0.05026770 0.01085555 0.00450525
v 0.05309010 0.01610274 0.00580223
v 0.04972211 0.00918769 0.00982188
v 0.05243729 0.01410809 0.01215595
v 0.04886449 0.00677504 0.01475266
v 0.05141249 0.01122318 0.01805079
v 0.04771651 0.00369701 0.01883854
v 0.04997888 0.00737958 0.02315191
v 0.04619571 -0.00025288 0.02213727
v 0.04438370 -0.00488409 0.02481784
v 0.04811569 0.00253972 0.02719537
v 0.04784609 0.00345129 0.02814577
v 0.04602691 -0.00279667 0.03028368
v 0.04394849 -0.00805840 0.03252993
v 0.04571169 -0.00200875 0.03139525
v 0.04084610 -0.00002307 0.03253681
v 0.04353569 -0.00750852 0.03361717
v 0.03874210 -0.00564557 0.03495279
v 0.04148529 -0.01263225 0.03477215
v 0.04200130 -0.01293100 0.03372799
v 0.03968769 -0.01707127 0.03486933
v 0.03683809 -0.01088229 0.03629678
v 0.03300611 -0.00913268 0.03751272
v 0.03527731 -0.01540182 0.03651223
v 0.03203811 -0.01363477 0.03795796
v 0.03392929 -0.01930094 0.03584439
v 0.03262290 -0.02278546 0.03460583
v 0.03811010 -0.02091775 0.03415681
v 0.03114611 -0.01746032 0.03735831
v 0.03004371 -0.02084988 0.03615203
v 0.02915491 -0.01516193 0.04020273
v 0.02937011 -0.01157045 0.04082510
v 0.02843811 -0.01246956 0.04466305
v 0.02831890 -0.01832492 0.03901148
v 0.02718770 -0.02129650 0.03754850
v 0.02785250 -0.01523861 0.04343943
v 0.02686690 -0.01787780 0.04202023
v 0.02917010 -0.00691304 0.06142984
v 0.02867090 -0.00820399 0.06018551
v 0.02897250 -0.00777416 0.06443745
v 0.02949571 -0.00558495 0.06268412
v 0.02933971 -0.00661304 0.06567072
v 0.02950450 -0.00419089 0.06398726
v 0.02816609 -0.00945556 0.04553242
v 0.02871970 -0.00192984 0.06695602
v 0.02951249 -0.00550330 0.06689629
v 0.02895650 -0.01257957 0.07440072
v 0.02913891 -0.00374763 0.06935704
v 0.02832851 -0.00304558 0.07051825
v 0.02848131 -0.01072652 0.07714276
v 0.02781331 -0.00990750 0.07855514
v 0.02887889 -0.01314861 0.07920250
v 0.02948851 -0.01645920 0.08195858
v 0.02937490 -0.01504254 0.07649432
v 0.02823650 -0.01229783 0.08057228
v 0.02883491 -0.01554346 0.08326233
v 0.02747490 -0.01156216 0.08185152
v 0.02672130 -0.01098170 0.08295500
v 0.02696289 -0.00919148 0.07990391
v 0.02807089 -0.01473508 0.08446592
v 0.02875730 -0.01893386 0.08798423
v 0.02731811 -0.01407475 0.08549143
v 0.02798690 -0.01817006 0.08891974
v 0.02658691 -0.01361558 0.08633214
v 0.02597810 -0.01061737 0.08388403
v 0.02543811 -0.01343143 0.08725272
v 0.02722131 -0.01759683 0.08967181
v 0.02592851 -0.01718201 0.09044700
v 0.02764851 -0.02227870 0.09373555
v 0.02620451 -0.02162965 0.09436178
v 0.02844371 -0.02297614 0.09308364
v 0.02753011 -0.02725277 0.09827653
v 0.02614931 -0.02642262 0.09871249
v 0.02830769 -0.02807054 0.09773961
v 0.02647011 -0.03208941 0.10304811
v 0.02719809 -0.03302990 0.10264252
v 0.02416372 -0.03641117 0.10782341
v 0.02522690 -0.03106248 0.10325044
v 0.02296690 -0.03511426 0.10776704
v 0.02296051 -0.02963689 0.10321087
v 0.02019169 -0.02804903 0.10300144
v 0.02069332 -0.03303510 0.10715125
v 0.02349731 -0.02539392 0.09918800
v 0.01919252 -0.02442850 0.10016114
v 0.02335491 -0.02085328 0.09515051
v 0.01847250 -0.01980985 0.09628464
v 0.02349409 -0.01681551 0.09143770
v 0.01953651 -0.01607591 0.09248419
v 0.02341329 -0.01355834 0.08851816
v 0.02245089 -0.01103517 0.08663159
v 0.02088529 -0.01382195 0.08988739
v 0.01882932 -0.01217494 0.08923462
v 0.01668212 -0.01005657 0.08816783
v 0.01414692 -0.01440967 0.09312719
v 0.01085250 -0.01828627 0.09790762
v 0.00965011 -0.01181632 0.09252244
v 0.01280691 -0.00598801 0.08594584
v -0.00381710 -0.01466762 0.10021653
v -0.01712109 -0.00734921 0.09847355
v -0.01205227 -0.00333598 0.09295739
v -0.01922590 -0.01554324 0.10667246
v -0.01357147 -0.02415115 0.11234488
v -0.00265548 -0.02841947 0.11212340
v 0.00713332 -0.02584838 0.10613789
v 0.00450690 -0.03134760 0.11204544
v 0.01331732 -0.03201496 0.10925337
v 0.01319329 -0.02419420 0.10232455
v 0.01726772 -0.02955596 0.10551995
v 0.01014530 -0.03550291 0.11356457
v 0.01729810 -0.03606225 0.11117494
v 0.01958291 -0.03855545 0.11215235
v 0.01356289 -0.03896476 0.11518368
v 0.00935891 -0.04096980 0.11855306
v 0.01539013 -0.04139549 0.11628587
v 0.01626212 -0.04295083 0.11669867
v 0.01044371 -0.04334587 0.11989582
v 0.01099331 -0.04492452 0.12045247
v 0.00478613 -0.04415600 0.12274713
v -0.00132587 -0.04401225 0.12490596
v 0.00425012 -0.04138861 0.12085851
v 0.00505650 -0.04586984 0.12352640
v -0.00130670 -0.04580934 0.12584880
v 0.00513570 -0.04722084 0.12373213
v -0.00140826 -0.04717213 0.12612889
v 0.00515969 -0.04882014 0.12382776
v 0.01125009 -0.04623432 0.12055598
v 0.01146290 -0.04780145 0.12055588
v 0.01668851 -0.04421042 0.11669340
v 0.02126929 -0.04125090 0.11230105
v 0.01707251 -0.04571029 0.11656997
v 0.01741249 -0.04746742 0.11639119
v 0.02180049 -0.04265393 0.11203682
v 0.02230532 -0.04429720 0.11169383
v 0.02547490 -0.03876776 0.10714367
v 0.02611250 -0.04027112 0.10662502
v 0.02792691 -0.03418406 0.10207831
v 0.02482771 -0.03748214 0.10755959
v 0.02907731 -0.02908916 0.09703636
v 0.02865810 -0.03553448 0.10138670
v 0.02926611 -0.03698463 0.10059735
v 0.02985729 -0.03028561 0.09618773
v 0.03051890 -0.03157328 0.09523172
v 0.03001651 -0.02491148 0.09126806
v 0.03069490 -0.02605163 0.09017098
v 0.02954129 -0.01985077 0.08687678
v 0.02922370 -0.02386261 0.09225612
v 0.03021251 -0.02086518 0.08566415
v 0.03075651 -0.02295809 0.08317535
v 0.03059329 -0.02390736 0.08193850
v 0.03124370 -0.02833104 0.08786737
v 0.03000690 -0.01842423 0.07933553
v 0.02982370 -0.01935323 0.07801138
v 0.02918450 -0.01600136 0.07515387
v 0.02942850 -0.02014618 0.07656182
v 0.02878369 -0.01691300 0.07371543
v 0.03025731 -0.02471055 0.08071507
v 0.02882210 -0.02073992 0.07467011
v 0.02876050 -0.02240952 0.07510566
v 0.02783410 -0.01997483 0.07122675
v 0.02822930 -0.01772771 0.07204936
v 0.02990450 -0.02543147 0.07974954
v 0.03048769 -0.03088540 0.08496427
v 0.02968930 -0.02616829 0.07943442
v 0.03025891 -0.03139135 0.08453833
v 0.02940051 -0.02648770 0.07932903
v 0.03003971 -0.03164673 0.08434048
v 0.02840370 -0.02279349 0.07515712
v 0.02884211 -0.02619145 0.07914008
v 0.02745570 -0.02210712 0.07483485
v 0.02807731 -0.02560911 0.07901482
v 0.02974290 -0.03162144 0.08423260
v 0.02937249 -0.03148082 0.08422410
v 0.02959970 -0.03757465 0.08985450
v 0.02935089 -0.03754431 0.08985306
v 0.02979890 -0.03750797 0.08994187
v 0.02805649 -0.04360102 0.09590908
v 0.02489411 -0.04931761 0.10226219
v 0.02824370 -0.04353065 0.09600171
v 0.02782930 -0.04356097 0.09588416
v 0.02468051 -0.04925060 0.10220883
v 0.02745730 -0.04344116 0.09588417
v 0.02894370 -0.03748817 0.08993104
v 0.02434050 -0.04905967 0.10213256
v 0.01522610 -0.03850649 0.09599124
v 0.01628611 -0.03426694 0.09177415
v 0.01292050 -0.04266325 0.10059158
v 0.00951969 -0.04642106 0.10524268
v 0.01984293 -0.05402114 0.10830284
v 0.00550129 -0.04929366 0.10932399
v 0.00152609 -0.05094095 0.11227793
v 0.01429412 -0.05797921 0.11395979
v 0.01452772 -0.05826435 0.11416292
v 0.00801971 -0.06056513 0.11864668
v 0.00817573 -0.06087405 0.11890125
v 0.00131013 -0.06152260 0.12202415
v 0.00137813 -0.06185046 0.12232967
v -0.00221150 -0.05148309 0.11414792
v -0.00566828 -0.06104699 0.12420433
v -0.01277630 -0.05944504 0.12541501
v -0.00568111 -0.06138655 0.12455363
v -0.00633471 -0.05120787 0.11543002
v -0.01120669 -0.05011161 0.11625736
v -0.01661550 -0.04825752 0.11660167
v -0.01985308 -0.05701812 0.12586656
v -0.02185709 -0.04594841 0.11647331
v -0.02670986 -0.05399668 0.12569797
v -0.02620427 -0.04343984 0.11583283
v -0.03305708 -0.05033848 0.12476025
v -0.02946426 -0.04082803 0.11470037
v -0.03857947 -0.04592672 0.12283262
v -0.03190747 -0.03786991 0.11295663
v -0.04297548 -0.04062725 0.11968209
v -0.03381230 -0.03392252 0.11012127
v -0.04599386 -0.03440685 0.11518229
v -0.03495866 -0.02903002 0.10614491
v -0.04758349 -0.02765841 0.10967182
v -0.03507386 -0.02389675 0.10156379
v -0.03410989 -0.01921311 0.09698932
v -0.04773946 -0.02087694 0.10359440
v -0.04644027 -0.01454800 0.09738316
v -0.04811545 -0.02078742 0.10368590
v -0.04796348 -0.02764394 0.10983197
v -0.04679547 -0.01438253 0.09739789
v -0.04831629 -0.02069272 0.10374796
v -0.04698825 -0.01426003 0.09743221
v -0.04816347 -0.02757948 0.10992117
v -0.04840508 -0.02051767 0.10384936
v -0.04707466 -0.01408148 0.09752845
v -0.04837547 -0.02017232 0.10403735
v -0.04824987 -0.02740536 0.11002187
v -0.04821306 -0.02702634 0.11017675
v -0.04661866 -0.03425885 0.11561445
v -0.04657307 -0.03385213 0.11574161
v -0.04352666 -0.04059206 0.12019151
v -0.04654108 -0.03442677 0.11551151
v -0.04635149 -0.03446236 0.11539770
v -0.04346185 -0.04074722 0.12008008
v -0.04328986 -0.04075201 0.11994467
v -0.03898669 -0.04615074 0.12329975
v -0.03337866 -0.05065417 0.12528325
v -0.03903547 -0.04601643 0.12342777
v -0.03884188 -0.04612610 0.12314533
v -0.03326589 -0.05060207 0.12511399
v -0.02687308 -0.05430072 0.12607267
v -0.02694827 -0.05437830 0.12625251
v -0.01997310 -0.05734499 0.12624677
v -0.01284906 -0.05978475 0.12578764
v -0.02000748 -0.05744148 0.12643014
v -0.01997868 -0.05737853 0.12660068
v -0.01284029 -0.05989376 0.12596664
v -0.00562746 -0.06150481 0.12472069
v -0.01277706 -0.05983812 0.12612828
v -0.01262347 -0.05954135 0.12632118
v -0.00552990 -0.06144611 0.12486515
v 0.00160453 -0.06190580 0.12260298
v -0.00533869 -0.06113305 0.12502745
v -0.00500428 -0.06048785 0.12524725
v 0.00182850 -0.06157418 0.12273448
v 0.00871093 -0.06057990 0.11925120
v 0.00220449 -0.06088988 0.12290370
v 0.00910609 -0.05988074 0.11940042
v 0.00276129 -0.05979744 0.12313321
v 0.00968530 -0.05876501 0.11960506
v 0.00341890 -0.05834844 0.12339040
v -0.00450108 -0.05945591 0.12554715
v -0.00388829 -0.05808194 0.12588183
v -0.01190106 -0.05796002 0.12696708
v -0.01233947 -0.05893280 0.12659208
v -0.01923706 -0.05552781 0.12751139
v -0.01134669 -0.05666043 0.12738563
v -0.01072828 -0.05509371 0.12776604
v -0.01872989 -0.05425473 0.12797036
v -0.02580267 -0.05100920 0.12767875
v -0.01812350 -0.05272534 0.12838752
v -0.01671869 -0.04915214 0.12876408
v -0.02518026 -0.04944325 0.12806008
v -0.03163787 -0.04533401 0.12676265
v -0.02356750 -0.04590802 0.12839462
v -0.02265789 -0.04412498 0.12831996
v -0.02980586 -0.04180581 0.12702716
v -0.03519546 -0.03699566 0.12470329
v -0.02872187 -0.04010995 0.12696445
v -0.02765628 -0.03857249 0.12682198
v -0.03395868 -0.03540841 0.12468045
v -0.03272987 -0.03400493 0.12459728
v -0.03814026 -0.03018170 0.12152596
v -0.03678189 -0.02893848 0.12153530
v -0.04106985 -0.02460202 0.11757861
v -0.03949948 -0.03162465 0.12146436
v -0.04251147 -0.02586081 0.11738190
v -0.04169465 -0.03495561 0.12114624
v -0.04480587 -0.02888709 0.11682333
v -0.04242507 -0.03665716 0.12091204
v -0.03722988 -0.04047835 0.12446718
v -0.03792826 -0.04218191 0.12422913
v -0.03229467 -0.04697506 0.12645802
v -0.03843628 -0.04368910 0.12396894
v -0.03278829 -0.04839664 0.12612171
v -0.03877626 -0.04486786 0.12373606
v -0.04294349 -0.03818870 0.12067279
v -0.04328266 -0.03939735 0.12046299
v -0.04606429 -0.03194058 0.11618468
v -0.04554825 -0.03048539 0.11649591
v -0.04773145 -0.02529002 0.11078936
v -0.04639388 -0.03309970 0.11592409
v -0.04804588 -0.02633988 0.11042374
v -0.04821945 -0.01956724 0.10436247
v -0.04792429 -0.01865014 0.10485483
v -0.04690109 -0.01323526 0.09814050
v -0.04704748 -0.01376774 0.09774617
v -0.04662185 -0.01243789 0.09874620
v -0.04417306 -0.00772139 0.09210685
v -0.04432107 -0.00821441 0.09167319
v -0.04390589 -0.00699856 0.09279483
v -0.04053946 -0.00311263 0.08640298
v -0.04072986 -0.00363400 0.08597619
v -0.03659869 0.00057272 0.08109585
v -0.04027229 -0.00240761 0.08717798
v -0.03633467 0.00132760 0.08206362
v -0.03987308 -0.00159343 0.08819124
v -0.04347149 -0.00612843 0.09367623
v -0.03599149 0.00212689 0.08328823
v -0.03925706 -0.00076599 0.08929642
v -0.03722826 0.00050406 0.09154870
v -0.03542267 0.00291683 0.08451618
v -0.04281469 -0.00522261 0.09466581
v -0.04066268 -0.00374293 0.09667592
v -0.04547549 -0.01042626 0.10036997
v -0.04322267 -0.00864274 0.10206733
v -0.04672666 -0.01629671 0.10615160
v -0.04616428 -0.01146108 0.09951315
v -0.04744349 -0.01751560 0.10547167
v -0.04722987 -0.02398071 0.11124070
v -0.04649306 -0.02255987 0.11172987
v -0.04416185 -0.01993860 0.11264271
v -0.04441148 -0.01411513 0.10746562
v -0.04267789 -0.01888997 0.11301333
v -0.04118186 -0.01802909 0.11331434
v -0.04292269 -0.01327885 0.10802641
v -0.04176589 -0.00800077 0.10281488
v -0.04141708 -0.01261374 0.10850068
v -0.04005547 -0.01211452 0.10887583
v -0.04028827 -0.00751367 0.10346140
v -0.03895069 -0.00716692 0.10398373
v -0.03785625 -0.00291981 0.09839420
v -0.03926988 -0.00325869 0.09758966
v -0.03459149 0.00108622 0.09354932
v -0.03657466 -0.00270293 0.09905585
v -0.03543149 -0.00263675 0.09955412
v -0.03338829 0.00119745 0.09433655
v -0.02994987 0.00447718 0.09008888
v -0.03230907 0.00116186 0.09495039
v -0.02897149 0.00436827 0.09080577
v -0.03078586 0.00065045 0.09551717
v -0.02813870 -0.00072149 0.09619455
v -0.03383947 -0.00296817 0.09992915
v -0.02771150 0.00378592 0.09153082
v -0.02493388 0.00625316 0.08826374
v -0.02563950 0.00239130 0.09243080
v -0.02348186 0.00476959 0.08946210
v -0.02219388 0.00023658 0.09332757
v -0.02380668 -0.00328044 0.09714160
v -0.01708666 -0.00220228 0.09375762
v -0.02175309 0.00284353 0.09074673
v -0.01915390 0.00266938 0.08999721
v -0.02114426 0.00599816 0.08750222
v -0.01618749 0.00278447 0.08882301
v -0.01887628 0.00668756 0.08605804
v -0.01345789 0.00511323 0.08563335
v -0.01067306 0.00317666 0.08640527
v -0.01474029 0.00732217 0.08393996
v -0.01591708 0.00919290 0.08229745
v -0.01146190 0.00612002 0.08383484
v -0.01224348 0.00812626 0.08193269
v 0.01527569 -0.00430945 0.08331921
v 0.01712529 -0.00332195 0.08137633
v 0.01849648 -0.00564638 0.08329680
v 0.01613090 -0.00643697 0.08505508
v 0.02119328 -0.00896060 0.08526529
v 0.02055251 -0.00502802 0.08160166
v 0.02197811 -0.00467981 0.08008241
v 0.02384772 -0.00843340 0.08339841
v 0.02525009 -0.00836473 0.08215330
v 0.02474369 -0.01058750 0.08497372
v 0.02609810 -0.00864963 0.08110292
v 0.02359092 -0.00441547 0.07797664
v 0.02421250 -0.00114719 0.07224748
v 0.01920292 -0.00202881 0.07785977
v 0.01832850 -0.00270448 0.07974479
v -0.01304910 0.01053246 0.07845784
v 0.02043893 0.00045177 0.07262067
v -0.01241948 0.01326426 0.07324736
v 0.02076213 0.00169975 0.07019008
v 0.02110531 0.00260632 0.06827462
v -0.01186907 0.01443355 0.07082549
v 0.02413091 0.00025296 0.07000261
v 0.02365569 0.00128677 0.06859297
v 0.02641730 -0.00062644 0.06934084
v 0.02788049 -0.00125777 0.06829954
v 0.02677809 -0.00225490 0.07152181
v 0.02493090 0.00105918 0.06775232
v 0.02611570 0.00067723 0.06655169
v 0.02184851 0.00294014 0.06686778
v 0.02259890 0.00282318 0.06551994
v -0.01190349 0.01612729 0.06754205
v -0.01257150 0.01656926 0.06622805
v -0.01155068 0.01535880 0.06891939
v -0.01542670 0.01682243 0.06855440
v -0.01431629 0.01611438 0.06934196
v -0.01658589 0.01736237 0.06740747
v -0.01762830 0.01657052 0.07020789
v -0.01915228 0.01711334 0.06923353
v -0.01533629 0.01565757 0.07077241
v -0.01894828 0.01558902 0.07241068
v -0.01629707 0.01465298 0.07302497
v -0.02349626 0.01050334 0.08088895
v -0.02063786 0.01607218 0.07148171
v -0.02172748 0.01612354 0.07036860
v -0.02463390 0.01057217 0.07958914
v -0.02570907 0.01044362 0.07822236
v -0.02647387 0.00907593 0.08166197
v -0.02900029 0.00705966 0.08442464
v -0.02538186 0.00908198 0.08289797
v -0.02755710 0.00890555 0.08033475
v -0.02928106 0.00789099 0.07767970
v -0.03013946 0.00684831 0.08316185
v -0.03193628 0.00579394 0.08059038
v -0.03352028 0.00404952 0.08695434
v -0.03229948 0.00432259 0.08812732
v -0.03106586 0.00445057 0.08919185
v -0.03591867 0.00086663 0.09260414
v -0.02785388 0.00711945 0.08558689
v -0.02682029 0.00707883 0.08657509
v -0.02440187 0.00898251 0.08396444
v -0.02594029 0.00690845 0.08738418
v -0.02357069 0.00873357 0.08486345
v -0.02259547 0.00790331 0.08591415
v -0.02159869 0.00991813 0.08306558
v -0.02055470 0.00889970 0.08426865
v -0.01680910 0.01043458 0.08081224
v -0.02245947 0.01029803 0.08204567
v -0.01790187 0.01175211 0.07875337
v -0.01278989 0.00941755 0.08032511
v -0.03247787 0.00500622 0.07927295
v -0.03277708 0.00417694 0.07782141
v -0.02983629 0.00707463 0.07634907
v -0.03021070 0.00615486 0.07490982
v -0.02796189 0.00859544 0.07423278
v -0.02843067 0.00758676 0.07288448
v -0.02738029 0.00944466 0.07553840
v -0.02390830 0.01420469 0.06674874
v -0.02324668 0.01512029 0.06796245
v -0.02342826 0.01510598 0.06375641
v -0.02446748 0.01311962 0.06552069
v -0.02497388 0.01193119 0.06426362
v -0.02413146 0.01392756 0.06251120
v -0.02926508 0.00708731 0.04461111
v -0.02468506 0.01265685 0.06126804
v -0.03037950 0.00449665 0.04319507
v -0.02524988 0.01130318 0.05998336
v -0.02550508 0.01064087 0.06291309
v -0.02598506 0.00963704 0.05852507
v -0.03143870 0.00183771 0.04172238
v -0.03253785 -0.00106010 0.04012175
v -0.03391949 -0.00088273 0.03723836
v -0.03657466 -0.00217578 0.03442155
v -0.03515388 -0.00418413 0.03538239
v -0.03272988 0.00211208 0.03879708
v -0.03530909 0.00100456 0.03601710
v -0.03149468 0.00504817 0.04025879
v -0.03400828 0.00416776 0.03751468
v -0.02993709 0.00793301 0.04143382
v -0.02778508 0.00950957 0.04581652
v -0.02768270 0.01073206 0.04201281
v -0.03248507 0.00740207 0.03871166
v -0.03054987 0.01082816 0.03928874
v -0.03505546 0.00760337 0.03597863
v -0.03347069 0.01146741 0.03668938
v -0.03648988 0.00414105 0.03475312
v -0.03597070 0.00809839 0.03479197
v -0.03557550 0.00944647 0.02890849
v -0.03441468 0.01188969 0.03555428
v -0.03737627 0.00469876 0.03372579
v -0.03868748 0.00154628 0.03239117
v -0.03677150 0.00655309 0.02800047
v -0.03789068 0.00386175 0.02686149
v -0.03901945 0.00116757 0.02541487
v -0.03995706 -0.00148355 0.03076439
v -0.04017869 -0.00158915 0.02375419
v -0.04119550 -0.00442939 0.02899007
v -0.04119869 -0.00400877 0.02219074
v -0.04189869 -0.00564729 0.02076022
v -0.04238587 -0.00725332 0.02716411
v -0.04168106 -0.00824859 0.02800545
v -0.04343706 -0.00971566 0.02501640
v -0.04275390 -0.01075329 0.02570037
v -0.04428025 -0.01163011 0.02229580
v -0.04245950 -0.00692200 0.01894900
v -0.04500829 -0.01323479 0.01919350
v -0.04365707 -0.01281198 0.02292835
v -0.04442826 -0.01452292 0.01978450
v -0.04189387 -0.01575393 0.02282444
v -0.04054586 -0.01284991 0.02681484
v -0.04099547 -0.01904310 0.02084985
v -0.04295946 -0.01787212 0.01890058
v -0.04373628 -0.01949818 0.01527382
v -0.04219147 -0.02120703 0.01656718
v -0.04283787 -0.02597670 0.01258097
v -0.04298187 -0.02280543 0.01300677
v -0.04359308 -0.02416500 0.00975121
v -0.04350906 -0.02735913 0.00944992
v -0.04408189 -0.02865011 0.00655732
v -0.04844986 -0.04481639 -0.00204758
v -0.04892427 -0.04597724 -0.00354139
v -0.04794665 -0.04348863 -0.00019669
v -0.04955789 -0.04754378 -0.00140040
v -0.04891869 -0.04600333 0.00040661
v -0.05354586 -0.05351363 0.00489614
v -0.05006429 -0.04876436 -0.00282469
v -0.05422908 -0.05495794 0.00354984
v -0.05052186 -0.04990506 -0.00414283
v -0.05481549 -0.05624978 0.00232810
v -0.05088669 -0.05105502 -0.00538525
v -0.04936348 -0.04710808 -0.00495299
v -0.04964348 -0.04830855 -0.00633749
v -0.04456268 -0.02991821 0.00370745
v -0.04459230 -0.03114553 0.00088000
v -0.04410668 -0.02546101 0.00653589
v -0.04421869 -0.02661146 0.00324966
v -0.04490987 -0.02220075 0.00836784
v -0.04637385 -0.01868628 0.00935978
v -0.04435869 -0.02088740 0.01181862
v -0.04517947 -0.02330257 0.00477200
v -0.04688350 -0.01971580 0.00558781
v -0.04492508 -0.02394223 0.00085554
v -0.04720589 -0.02025590 0.00139843
v -0.04414350 -0.02364596 -0.00370013
v -0.04347387 -0.02746567 -0.00020944
v -0.04368268 -0.03234117 -0.00187264
v -0.04082586 -0.02778705 -0.00439991
v -0.04120189 -0.03382225 -0.00428865
v -0.03903948 -0.02431206 -0.00952753
v -0.03520509 -0.03095162 -0.00669496
v -0.03371150 -0.02690005 -0.01027808
v -0.03672430 -0.03608432 -0.00591620
v 0.00461733 -0.04650142 -0.00750082
v 0.00588290 -0.04336739 -0.01030187
v 0.00215013 -0.05127284 -0.00670368
v 0.01144373 -0.04816939 -0.00545738
v 0.00715892 -0.05271103 -0.00527028
v 0.01228930 -0.04511101 -0.00958713
v 0.01782290 -0.04773723 -0.00494926
v 0.01393410 -0.04984040 -0.00137944
v 0.01839172 -0.04855603 -0.00043997
v 0.01016290 -0.05336656 -0.00296839
v 0.01524851 -0.04978729 0.00202913
v 0.01607010 -0.04891497 0.00529266
v 0.01178610 -0.05315806 -0.00027012
v 0.01918131 -0.04832201 0.00344008
v 0.02319890 -0.04830270 0.00409664
v 0.01983892 -0.04737596 0.00701380
v 0.02370130 -0.04726467 0.00783316
v 0.02037889 -0.04606596 0.01045604
v 0.02087089 -0.04463918 0.01390828
v 0.01665169 -0.04764993 0.00850306
v 0.02418851 -0.04591840 0.01138835
v 0.02751650 -0.04563722 0.01111326
v 0.02462610 -0.04447427 0.01491682
v 0.02814690 -0.04429373 0.01459316
v 0.02508451 -0.04287300 0.01842468
v 0.02879571 -0.04289828 0.01795769
v 0.02566689 -0.04100070 0.02184662
v 0.02137729 -0.04292264 0.01753881
v 0.02199251 -0.04066039 0.02147230
v 0.01770770 -0.04457259 0.01532229
v 0.01829731 -0.04218439 0.01962102
v 0.01717731 -0.04626409 0.01175677
v 0.01433570 -0.04830838 0.01140825
v 0.01383011 -0.04975145 0.00827366
v 0.01477572 -0.04669474 0.01495910
v 0.00551412 -0.06438996 -0.00128160
v 0.00454771 -0.06690780 -0.00067798
v 0.00492212 -0.06568367 -0.00313028
v 0.00630290 -0.06271451 0.00120493
v 0.01427252 -0.04567674 0.02102450
v 0.00544049 -0.06478677 0.00184176
v 0.01351249 -0.04682141 0.02302660
v 0.00465891 -0.07134104 0.00809976
v 0.01251971 -0.05230897 0.02912271
v 0.00485651 -0.07251626 0.00911033
v 0.00369250 -0.07376774 0.00553035
v 0.00300929 -0.07562337 0.00374777
v 0.00390770 -0.07506984 0.00663086
v 0.00412290 -0.07608612 0.00748718
v 0.00327489 -0.07724532 0.00508950
v 0.00282132 -0.07921040 0.00408899
v 0.00357329 -0.07868256 0.00633306
v 0.00372931 -0.07942411 0.00722689
v 0.00337092 -0.08233043 0.00658871
v 0.00373012 -0.08298611 0.00814529
v 0.00296132 -0.08419060 0.00576903
v 0.00397889 -0.08816792 0.01040280
v 0.00437009 -0.09408222 0.01510819
v 0.00417091 -0.08792270 0.01117091
v 0.00366213 -0.08906332 0.00958180
v 0.00320289 -0.09017772 0.00868555
v 0.00410129 -0.09479091 0.01433680
v 0.00381252 -0.10080253 0.01977805
v 0.00367090 -0.09569102 0.01341259
v 0.00302131 -0.09660578 0.01239897
v 0.00341651 -0.10157289 0.01879255
v 0.00279810 -0.10237327 0.01769346
v 0.00198051 -0.10740316 0.02459827
v 0.00142371 -0.10808151 0.02336955
v -0.00097549 -0.11280315 0.03058910
v 0.00232288 -0.10673704 0.02568993
v 0.00251328 -0.10618131 0.02654825
v -0.00071710 -0.11227054 0.03183247
v -0.00059231 -0.11181488 0.03280618
v -0.00515230 -0.11710077 0.03786093
v -0.01069710 -0.12093401 0.04340081
v -0.00509870 -0.11675610 0.03896237
v -0.00531309 -0.11749019 0.03644957
v -0.00565627 -0.11784707 0.03485085
v -0.01077311 -0.12120162 0.04185019
v -0.01100590 -0.12142296 0.04008749
v -0.01709549 -0.12368053 0.04645639
v -0.02402670 -0.12473816 0.05000554
v -0.01706669 -0.12347419 0.04807748
v -0.01725147 -0.12382992 0.04460282
v -0.02415468 -0.12490192 0.04816066
v -0.01818030 -0.12373451 0.04071137
v -0.02486350 -0.12479820 0.04418395
v -0.01891386 -0.12348547 0.03888531
v -0.01220591 -0.12148957 0.03644068
v -0.00714667 -0.11819265 0.03156494
v -0.01311948 -0.12132196 0.03475627
v -0.01408670 -0.12108004 0.03325897
v -0.00822747 -0.11815184 0.03005892
v -0.00441788 -0.11412398 0.02499154
v -0.00935791 -0.11802435 0.02872669
v -0.00568187 -0.11413565 0.02383489
v -0.01039951 -0.11785599 0.02762674
v -0.01498029 -0.12081567 0.03201752
v -0.01134427 -0.11758173 0.02674689
v -0.00684030 -0.11408545 0.02288673
v -0.00446828 -0.10963060 0.01797179
v -0.00787947 -0.11392437 0.02214530
v -0.00933230 -0.11324474 0.02140403
v -0.00557311 -0.10960078 0.01737303
v -0.00707071 -0.10918817 0.01689416
v -0.00451310 -0.10476336 0.01260055
v -0.00614908 -0.10455191 0.01235176
v -0.00439470 -0.09979292 0.00805593
v -0.00335868 -0.10467033 0.01307039
v -0.00207789 -0.10445337 0.01373282
v -0.00322430 -0.09957956 0.00841077
v -0.00368588 -0.09478525 0.00423360
v -0.00193308 -0.09923035 0.00894894
v -0.00240348 -0.09431254 0.00466449
v -0.00051310 -0.09876325 0.00963688
v 0.00088212 -0.09817133 0.01045377
v -0.00099228 -0.09371071 0.00523677
v -0.00067151 -0.10413553 0.01455879
v -0.00187147 -0.10938625 0.01975550
v 0.00070612 -0.10369282 0.01551612
v -0.00054748 -0.10910517 0.02087944
v -0.00319631 -0.11400960 0.02630507
v -0.00143469 -0.11332572 0.02918231
v -0.00322831 -0.10955012 0.01877256
v -0.00170429 -0.08942057 0.00160315
v 0.00039732 -0.09298849 0.00594249
v 0.00253970 -0.09122097 0.00772105
v -0.00033071 -0.08859170 0.00222658
v 0.00179812 -0.08667068 0.00389966
v -0.00094431 -0.08529180 -0.00054048
v 0.00117251 -0.08327123 0.00107595
v -0.00133469 -0.08285345 -0.00258254
v -0.00231231 -0.08619488 -0.00110982
v -0.00273068 -0.08379285 -0.00311368
v -0.00370829 -0.08699252 -0.00152655
v -0.00497630 -0.08765742 -0.00179742
v -0.00422190 -0.08462800 -0.00347919
v -0.00310028 -0.09013547 0.00112181
v -0.00436428 -0.09071435 0.00077798
v -0.00547068 -0.09116322 0.00061565
v -0.00609391 -0.08819860 -0.00187008
v -0.00482748 -0.09512106 0.00398031
v -0.00687068 -0.09158684 0.00086488
v -0.00904668 -0.09207656 0.00172856
v -0.00637548 -0.09532303 0.00407458
v -0.00757868 -0.08877447 -0.00144877
v -0.00848911 -0.08665581 -0.00306393
v -0.01002190 -0.08958612 -0.00019572
v -0.01372669 -0.09092836 0.00218483
v -0.01129549 -0.08754944 -0.00160326
v -0.01400030 -0.08425442 -0.00359393
v -0.01589229 -0.08885334 0.00107095
v -0.02297389 -0.09073515 0.00529067
v -0.01642587 -0.08519138 -0.00199703
v -0.01977150 -0.08479286 -0.00115989
v -0.04323946 -0.07560016 -0.00066951
v -0.01723068 -0.08294350 -0.00359865
v -0.04395067 -0.07246891 -0.00303368
v -0.01524508 -0.08162501 -0.00517600
v -0.04458748 -0.07011165 -0.00454738
v -0.01380427 -0.08043301 -0.00617219
v -0.01180427 -0.08329757 -0.00491383
v -0.01012189 -0.08232972 -0.00574759
v -0.00802748 -0.08089773 -0.00656368
v -0.00683549 -0.08597854 -0.00363693
v -0.00560911 -0.08534798 -0.00367538
v -0.00643470 -0.07528306 -0.00969846
v -0.00613148 -0.07295046 -0.01091301
v -0.00357549 -0.07568148 -0.00963913
v -0.01036508 -0.07406054 -0.00974254
v -0.00959070 -0.07172237 -0.01096650
v -0.04319626 -0.06118282 -0.00904281
v -0.04691468 -0.05941049 -0.00884062
v -0.04220268 -0.05894344 -0.01028176
v -0.04488746 -0.06822690 -0.00549823
v -0.04886986 -0.06712123 -0.00491306
v -0.04824430 -0.06900511 -0.00413759
v -0.04947625 -0.06462494 -0.00566808
v -0.05365787 -0.06763228 -0.00265463
v -0.05413710 -0.06633055 -0.00265441
v -0.05287066 -0.06927204 -0.00213766
v -0.05562588 -0.06880684 -0.00084492
v -0.05798908 -0.07061577 0.00169190
v -0.05490428 -0.07025051 -0.00047307
v -0.05607949 -0.06764792 -0.00073787
v -0.05654746 -0.06630749 -0.00043277
v -0.05849305 -0.06953713 0.00188903
v -0.06161867 -0.07212893 0.00541306
v -0.05901547 -0.06826009 0.00226721
v -0.06222349 -0.07091904 0.00588323
v -0.05953308 -0.06680018 0.00278461
v -0.06282988 -0.06952926 0.00649533
v -0.05700908 -0.06478939 0.00001605
v -0.05995389 -0.06527401 0.00344251
v -0.06014505 -0.06245145 0.00515843
v -0.06333309 -0.06806917 0.00723865
v -0.05737148 -0.06321609 0.00061453
v -0.05551229 -0.06164999 -0.00146692
v -0.05748187 -0.06033690 0.00226931
v -0.05557228 -0.05875907 0.00015292
v -0.05716668 -0.05904954 0.00326235
v -0.05527788 -0.05749162 0.00118815
v -0.05661789 -0.05774297 0.00428723
v -0.05983229 -0.06117916 0.00612165
v -0.05924588 -0.05987175 0.00703386
v -0.06338268 -0.06414636 0.01003800
v -0.06293145 -0.06302951 0.01093481
v -0.06363946 -0.06534725 0.00906521
v -0.06729789 -0.06794464 0.01485395
v -0.06697069 -0.06700563 0.01578072
v -0.07091146 -0.07251313 0.02030132
v -0.06748028 -0.06904209 0.01382977
v -0.06704107 -0.07161472 0.01183303
v -0.07104025 -0.07350427 0.01919248
v -0.07047625 -0.07586179 0.01695944
v -0.07370186 -0.07870892 0.02489433
v -0.07360826 -0.07784972 0.02613142
v -0.07495546 -0.08458122 0.03067372
v -0.07303705 -0.08076320 0.02235020
v -0.07229548 -0.08185169 0.02118441
v -0.07422748 -0.08623752 0.02774547
v -0.07397785 -0.09206277 0.03292114
v -0.07345386 -0.08713255 0.02639220
v -0.07257467 -0.08798163 0.02519190
v -0.07321067 -0.09274467 0.03137679
v -0.07160268 -0.09845656 0.03594369
v -0.07234025 -0.09339962 0.03000420
v -0.07078185 -0.09891389 0.03440972
v -0.07150026 -0.09396742 0.02886650
v -0.07065225 -0.09439403 0.02795016
v -0.07172346 -0.08871708 0.02420289
v -0.06998906 -0.09930828 0.03313397
v -0.06723228 -0.10453424 0.03683191
v -0.06919866 -0.09958327 0.03210110
v -0.06777306 -0.09964238 0.03095324
v -0.06653548 -0.10465492 0.03569508
v -0.06533628 -0.10447532 0.03441790
v -0.06270829 -0.10941583 0.03857279
v -0.06329947 -0.10944520 0.03980832
v -0.06163068 -0.10894871 0.03707698
v -0.05791388 -0.11371465 0.04067240
v -0.05837389 -0.11387365 0.04197804
v -0.05237785 -0.11740737 0.04194565
v -0.05697227 -0.11301855 0.03901448
v -0.05501147 -0.11128872 0.03628944
v -0.05171948 -0.11662094 0.04031484
v -0.05025307 -0.11486281 0.03775982
v -0.04599067 -0.11945258 0.04074013
v -0.04629790 -0.12031786 0.04230732
v -0.03988029 -0.12125054 0.04007500
v -0.04531790 -0.11761009 0.03841704
v -0.03985468 -0.11892828 0.03754931
v -0.04444429 -0.11523828 0.03575209
v -0.04031226 -0.11489397 0.03383445
v -0.04731227 -0.11215805 0.03397597
v -0.04215228 -0.10903067 0.02908511
v -0.05157229 -0.10810868 0.03187490
v -0.05664187 -0.10493238 0.03092691
v -0.04618908 -0.10305020 0.02513447
v -0.03647148 -0.09365808 0.01290434
v -0.05341788 -0.10029958 0.02539832
v -0.06027065 -0.09942996 0.02730652
v -0.05184346 -0.09444228 0.01946204
v -0.05528747 -0.08901847 0.01589216
v -0.06039868 -0.09468422 0.02303053
v -0.06175066 -0.09011911 0.01943679
v -0.06590109 -0.09475450 0.02540304
v -0.06647707 -0.09015859 0.02147576
v -0.06907306 -0.09465917 0.02692756
v -0.06498027 -0.09946285 0.02933198
v -0.06312829 -0.10381663 0.03259569
v -0.05958749 -0.10763569 0.03470901
v -0.06040908 -0.10287333 0.03053344
v -0.06937628 -0.08976912 0.02262256
v -0.06844507 -0.08519210 0.01813920
v -0.07087708 -0.08929396 0.02342306
v -0.06980749 -0.08448609 0.01867608
v -0.07061787 -0.08376755 0.01931381
v -0.06747389 -0.08014658 0.01387807
v -0.06824108 -0.07930186 0.01438655
v -0.06435228 -0.07634957 0.00927369
v -0.06613789 -0.08109832 0.01356848
v -0.06363469 -0.08253021 0.01351301
v -0.06308666 -0.07748341 0.00915207
v -0.06001225 -0.07434785 0.00516654
v -0.06060105 -0.07924966 0.00939469
v -0.05809708 -0.07612430 0.00564336
v -0.05636588 -0.08204101 0.01008451
v -0.04973866 -0.08624918 0.01126162
v -0.05474268 -0.07849688 0.00629992
v -0.05987626 -0.08497063 0.01407908
v -0.06294027 -0.08693714 0.01706511
v -0.06596985 -0.08605225 0.01758883
v -0.05427948 -0.07583740 0.00377731
v -0.04968506 -0.08105889 0.00659278
v -0.04467307 -0.08224504 0.00573509
v -0.05170508 -0.07607133 0.00296222
v -0.05360747 -0.07253184 0.00069933
v -0.04875389 -0.07599243 0.00174745
v -0.05135065 -0.07186786 -0.00077366
v -0.04600025 -0.07360584 -0.00137887
v -0.04721628 -0.07123586 -0.00289388
v -0.05593625 -0.07373609 0.00268571
v -0.05723549 -0.07188508 0.00189504
v -0.06101628 -0.07314678 0.00512461
v -0.06505466 -0.07540317 0.00966663
v -0.06574665 -0.07427882 0.01024507
v -0.06644745 -0.07298245 0.01097590
v -0.06901145 -0.07828402 0.01509069
v -0.06979866 -0.07710785 0.01596065
v -0.07144509 -0.08287965 0.02015645
v -0.03527309 -0.10731852 0.02491298
v -0.02548511 -0.10474741 0.01892666
v -0.02176587 -0.09718716 0.01069416
v -0.01940429 -0.10304795 0.01516427
v -0.01408751 -0.09857134 0.00922603
v -0.01845467 -0.09327337 0.00595665
v -0.01301391 -0.09481485 0.00545066
v -0.00896590 -0.09533734 0.00464365
v -0.01164429 -0.09251197 0.00290762
v -0.00910990 -0.09938226 0.00834912
v -0.00896027 -0.10390665 0.01240430
v -0.00609710 -0.09976612 0.00799453
v -0.01335471 -0.10316020 0.01313572
v -0.00949071 -0.10813439 0.01644331
v -0.01176508 -0.11154969 0.02036531
v -0.01233308 -0.10672373 0.01603863
v -0.01528027 -0.10828689 0.01849364
v -0.01924269 -0.11077629 0.02219634
v -0.01516588 -0.11459048 0.02437348
v -0.02240350 -0.11423552 0.02653763
v -0.02809226 -0.11020144 0.02488432
v -0.02452271 -0.11690452 0.02980572
v -0.01889627 -0.11748020 0.02839701
v -0.02309386 -0.11947001 0.03178337
v -0.01691067 -0.11952927 0.02992158
v -0.01578348 -0.12046673 0.03101760
v -0.02185471 -0.12147443 0.03353580
v -0.01271951 -0.11669276 0.02578437
v -0.02751467 -0.12228792 0.03638503
v -0.02105148 -0.12243882 0.03477205
v -0.02041790 -0.12283772 0.03588231
v -0.02698748 -0.12338153 0.03784812
v -0.02653067 -0.12382071 0.03906213
v -0.03334910 -0.12331910 0.04017354
v -0.03987228 -0.12229718 0.04169258
v -0.03307230 -0.12376568 0.04146547
v -0.03362667 -0.12214687 0.03854094
v -0.03398906 -0.11950705 0.03586273
v -0.03451306 -0.11477833 0.03152893
v -0.02820827 -0.11990398 0.03407346
v -0.02867066 -0.11586781 0.03036003
v -0.03978268 -0.12269905 0.04301457
v -0.03273470 -0.12411857 0.04300206
v -0.03964750 -0.12301450 0.04459566
v -0.02599470 -0.12418072 0.04052788
v -0.03236028 -0.12445231 0.04480929
v -0.03199627 -0.12469938 0.04677507
v -0.03948428 -0.12330171 0.04644242
v -0.02541310 -0.12452618 0.04226714
v -0.04651147 -0.12111349 0.04709488
v -0.03930508 -0.12349373 0.04842758
v -0.03894989 -0.12335920 0.05230958
v -0.04651867 -0.12123488 0.04908660
v -0.04634348 -0.12098830 0.05293242
v -0.05336829 -0.11799446 0.04871269
v -0.05961066 -0.11390286 0.04733501
v -0.05317708 -0.11794779 0.04672043
v -0.05340110 -0.11770797 0.05260273
v -0.05324827 -0.11739884 0.05429470
v -0.05986028 -0.11360412 0.05130021
v -0.05974107 -0.11336546 0.05307405
v -0.06545625 -0.10875402 0.04899807
v -0.06992269 -0.10323650 0.04567205
v -0.06537467 -0.10857163 0.05084429
v -0.06500588 -0.10910365 0.04499859
v -0.06931305 -0.10374250 0.04174939
v -0.06448508 -0.10924949 0.04306025
v -0.06866985 -0.10403177 0.03989541
v -0.06388426 -0.10936559 0.04129662
v -0.05924426 -0.11394117 0.04535452
v -0.05880748 -0.11392499 0.04353097
v -0.05292746 -0.11782238 0.04486498
v -0.04646426 -0.12089838 0.04523444
v -0.05266987 -0.11766126 0.04327611
v -0.04639946 -0.12064817 0.04363660
v -0.06793948 -0.10430546 0.03822801
v -0.07232828 -0.09798329 0.03766097
v -0.07303467 -0.09717152 0.04134625
v -0.07472267 -0.09084438 0.03625201
v -0.07299466 -0.09687503 0.04311185
v -0.06987067 -0.10304681 0.04752798
v -0.07281466 -0.09664699 0.04466082
v -0.07467547 -0.09037036 0.03785664
v -0.07488909 -0.08390517 0.03208842
v -0.07448106 -0.08999457 0.03926774
v -0.07467308 -0.08335554 0.03333329
v -0.07424746 -0.08972097 0.04036588
v -0.07259708 -0.09648350 0.04586410
v -0.07405949 -0.08954738 0.04106885
v -0.07442107 -0.08294926 0.03430394
v -0.07422109 -0.08269489 0.03493042
v -0.07310028 -0.07661890 0.02808210
v -0.07036186 -0.07108298 0.02207519
v -0.07289148 -0.07629123 0.02863772
v -0.07336908 -0.07714397 0.02722552
v -0.07064586 -0.07169262 0.02128983
v -0.07272268 -0.07613274 0.02894341
v -0.07015229 -0.07071309 0.02259601
v -0.06998349 -0.07054207 0.02288999
v -0.06647869 -0.06593976 0.01711440
v -0.06665869 -0.06631389 0.01655140
v -0.06247306 -0.06187010 0.01252685
v -0.06630269 -0.06580066 0.01743409
v -0.06228986 -0.06183536 0.01292779
v -0.06599627 -0.06580131 0.01751537
v -0.06163545 -0.06187327 0.01284716
v -0.06562267 -0.06593111 0.01751233
v -0.06980028 -0.07051965 0.02302442
v -0.06957069 -0.07060397 0.02308194
v -0.07254987 -0.07610159 0.02907696
v -0.07232905 -0.07615700 0.02911790
v -0.07388024 -0.08253336 0.03539419
v -0.07365146 -0.08256028 0.03540574
v -0.07372828 -0.08941944 0.04156654
v -0.07405548 -0.08256732 0.03526414
v -0.07390108 -0.08945494 0.04143746
v -0.07227068 -0.09630942 0.04702774
v -0.06918025 -0.10264642 0.05159954
v -0.07210665 -0.09626848 0.04715467
v -0.07242189 -0.09637587 0.04663077
v -0.06932187 -0.10270653 0.05119313
v -0.06482425 -0.10816085 0.05443559
v -0.06948829 -0.10278577 0.05039705
v -0.06498509 -0.10826368 0.05366041
v -0.06969548 -0.10289712 0.04914511
v -0.06518989 -0.10840444 0.05243634
v -0.05954428 -0.11311744 0.05458240
v -0.05304910 -0.11705912 0.05571505
v -0.05934187 -0.11289829 0.05573103
v -0.05285870 -0.11675512 0.05678763
v -0.05918747 -0.11273763 0.05645701
v -0.05271789 -0.11653451 0.05746254
v -0.05906749 -0.11261836 0.05681972
v -0.05261389 -0.11637544 0.05779793
v -0.05895067 -0.11250936 0.05691247
v -0.06469226 -0.10807886 0.05482697
v -0.06455627 -0.10799961 0.05493558
v -0.06438108 -0.10790274 0.05485992
v -0.06902829 -0.10259155 0.05172108
v -0.06882825 -0.10252672 0.05166230
v -0.07188988 -0.09623539 0.04711677
v -0.06850105 -0.10237132 0.05143280
v -0.06410585 -0.10767172 0.05458264
v -0.05739785 -0.09952989 0.04480020
v -0.07151866 -0.09615084 0.04693380
v -0.05931225 -0.09560404 0.04194210
v -0.07310825 -0.08940239 0.04142334
v -0.06046668 -0.09073150 0.03794359
v -0.07326346 -0.08262094 0.03534671
v -0.07350106 -0.08941604 0.04155173
v -0.06058746 -0.08561948 0.03334372
v -0.07196346 -0.07629352 0.02913564
v -0.05963145 -0.08095901 0.02874663
v -0.06922269 -0.07081791 0.02316858
v -0.05768986 -0.07707970 0.02449662
v -0.06522589 -0.06626215 0.01762602
v -0.05489546 -0.07389448 0.02062185
v -0.06016589 -0.06264570 0.01264982
v -0.06072908 -0.06206981 0.01257103
v -0.05151945 -0.07146988 0.01733011
v -0.05411149 -0.06020754 0.00844492
v -0.05447069 -0.05881742 0.00824410
v -0.04719788 -0.05930684 0.00523879
v -0.04792429 -0.06998916 0.01488739
v -0.04381629 -0.06942840 0.01301874
v -0.03884188 -0.06967053 0.01147361
v -0.03983466 -0.05968349 0.00293129
v -0.03347069 -0.07067351 0.01040615
v -0.03231947 -0.06108995 0.00143322
v -0.02819306 -0.07236204 0.00996480
v -0.02490108 -0.06346392 0.00081230
v -0.02315709 -0.07470424 0.01019699
v -0.01782191 -0.06675667 0.00113760
v -0.01849711 -0.07762380 0.01105966
v -0.01129787 -0.07083822 0.00235104
v -0.01462748 -0.08083707 0.01242382
v -0.00555709 -0.07558440 0.00439109
v -0.01192987 -0.08405800 0.01415219
v -0.00097950 -0.08097738 0.00736369
v -0.01020987 -0.08761435 0.01648672
v 0.00195810 -0.08693058 0.01138639
v -0.00926187 -0.09172907 0.01968944
v 0.00339329 -0.09308812 0.01623123
v -0.00923631 -0.09601829 0.02350872
v 0.00343010 -0.09922162 0.02169194
v -0.01029308 -0.10024573 0.02774228
v 0.00193569 -0.10518514 0.02763568
v -0.01259229 -0.10438307 0.03236800
v -0.00118268 -0.11080290 0.03388400
v -0.01598747 -0.10812168 0.03704130
v -0.00568111 -0.11576411 0.04005586
v -0.01999790 -0.11097528 0.04114484
v -0.01123068 -0.11972243 0.04571123
v -0.02396428 -0.11260168 0.04412160
v -0.01750591 -0.12230911 0.05039820
v -0.02769548 -0.11312579 0.04601067
v -0.02421629 -0.12326843 0.05377345
v -0.03181469 -0.11283989 0.04730375
v -0.03119547 -0.12279291 0.05595283
v -0.03668429 -0.11174179 0.04813411
v -0.03830348 -0.12119273 0.05716205
v -0.04209386 -0.10988669 0.04847993
v -0.04538027 -0.11876665 0.05761290
v -0.04733549 -0.10757766 0.04835078
v -0.05223709 -0.11574521 0.05744434
v -0.05168429 -0.10507186 0.04770656
v -0.05858346 -0.11208524 0.05650804
v -0.05494829 -0.10247073 0.04656312
v -0.05880748 -0.11238232 0.05682413
v -0.05241466 -0.11608452 0.05777993
v -0.04551545 -0.11912963 0.05795332
v -0.05252186 -0.11623812 0.05787578
v -0.04558107 -0.11930316 0.05805115
v -0.03841306 -0.12175433 0.05758998
v -0.04564430 -0.11945922 0.05797839
v -0.03844110 -0.12191604 0.05750974
v -0.04572188 -0.11964362 0.05765523
v -0.03848430 -0.12209927 0.05717438
v -0.04583546 -0.11990056 0.05700324
v -0.04599467 -0.12025407 0.05596539
v -0.03855468 -0.12234741 0.05649740
v -0.03865868 -0.12268529 0.05542340
v -0.03121707 -0.12389438 0.05516141
v -0.03125707 -0.12417663 0.05400864
v -0.02400429 -0.12428638 0.05282891
v -0.03119628 -0.12368128 0.05588933
v -0.03119070 -0.12351755 0.05625481
v -0.02402508 -0.12411155 0.05360812
v -0.02405307 -0.12396816 0.05400298
v -0.01713950 -0.12310911 0.05013448
v -0.01709869 -0.12326907 0.04933446
v -0.01718828 -0.12297462 0.05054469
v -0.01073148 -0.12049551 0.04537968
v -0.01070187 -0.12068242 0.04460810
v -0.00509389 -0.11651136 0.03966945
v -0.01078351 -0.12034995 0.04577993
v -0.00513551 -0.11634046 0.04004142
v -0.01087148 -0.12021042 0.04591224
v -0.00523308 -0.11619908 0.04017594
v -0.01100991 -0.12003814 0.04588206
v -0.01725867 -0.12283243 0.05067110
v -0.01736347 -0.12264876 0.05061888
v -0.02409551 -0.12381945 0.05411506
v -0.02416107 -0.12362795 0.05404436
v -0.03119947 -0.12335932 0.05634906
v -0.03122188 -0.12316766 0.05626385
v -0.03839070 -0.12156761 0.05749561
v -0.00539868 -0.11604289 0.04017071
v -0.00085471 -0.11102186 0.03392932
v 0.00229651 -0.10533314 0.02760314
v -0.00066908 -0.11115663 0.03390829
v 0.00249493 -0.10544181 0.02755375
v -0.00056751 -0.11129885 0.03377304
v 0.00259573 -0.10557961 0.02741484
v -0.00054429 -0.11150087 0.03343475
v 0.00260131 -0.10580596 0.02710631
v 0.00416290 -0.09976642 0.02108738
v 0.00404689 -0.10017349 0.02056469
v 0.00451171 -0.09369267 0.01567207
v 0.00416529 -0.09953059 0.02138530
v 0.00448849 -0.09347684 0.01599612
v 0.00405089 -0.09939196 0.02152494
v 0.00426690 -0.09326979 0.01608786
v 0.00382769 -0.09929932 0.02159121
v 0.00390450 -0.09311191 0.01609852
v 0.00275809 -0.08688825 0.01127922
v 0.00021813 -0.08019671 0.00713087
v 0.00356609 -0.08736241 0.01152145
v 0.00407493 -0.08777955 0.01157863
v 0.00261333 -0.08223587 0.00836979
v 0.00353810 -0.08297386 0.00863532
v 0.00223972 -0.07857291 0.00728766
v 0.00341088 -0.07942296 0.00757410
v 0.00249888 -0.07577082 0.00799983
v -0.00032189 -0.07648597 0.00633257
v -0.00008991 -0.07386153 0.00725315
v -0.00471471 -0.07288403 0.00481116
v -0.01042187 -0.06874999 0.00330461
v -0.00428751 -0.07077760 0.00606600
v -0.00498431 -0.07457914 0.00437690
v -0.01085069 -0.06994183 0.00253433
v -0.01743309 -0.06588981 0.00138657
v -0.02455227 -0.06258439 0.00106723
v -0.01698191 -0.06483568 0.00225913
v -0.01633551 -0.06326536 0.00382837
v -0.02412750 -0.06153763 0.00195419
v -0.03159949 -0.05912211 0.00255647
v -0.02348830 -0.05998143 0.00353450
v -0.03095628 -0.05755018 0.00412554
v -0.02253949 -0.05767816 0.00602787
v -0.01469547 -0.03869442 0.02700102
v -0.03000428 -0.05524009 0.00661420
v -0.01538427 -0.06095528 0.00631703
v -0.00890591 -0.06465753 0.00723989
v -0.00754030 -0.04197154 0.02729018
v -0.00106347 -0.04566462 0.02820890
v -0.00495627 -0.03572159 0.03419661
v -0.01211149 -0.03244600 0.03390840
v -0.00237310 -0.02947309 0.04110477
v 0.00151970 -0.03941535 0.03511619
v 0.00410292 -0.03316608 0.04202349
v 0.00698931 -0.04298391 0.03629737
v 0.01112773 -0.04588502 0.03737609
v 0.00957329 -0.03673372 0.04320617
v 0.00440609 -0.04923234 0.02939078
v 0.00854370 -0.05213429 0.03046880
v -0.00342829 -0.06824988 0.00843229
v 0.00071652 -0.07117755 0.00951850
v 0.00331332 -0.07301501 0.01019605
v 0.01114451 -0.05395521 0.03114305
v 0.00463812 -0.07385311 0.01044109
v 0.00378210 -0.07661747 0.00825618
v 0.00508530 -0.07391255 0.01030554
v 0.01247732 -0.05478454 0.03139527
v 0.01506130 -0.04853603 0.03830263
v 0.01293170 -0.05484076 0.03127548
v 0.01289651 -0.05433993 0.03083518
v 0.01551492 -0.04859149 0.03818277
v 0.01547972 -0.04808980 0.03774241
v 0.01809890 -0.04234214 0.04509086
v 0.01806370 -0.04184045 0.04465049
v 0.02596771 -0.02338531 0.06615677
v 0.01764452 -0.04228592 0.04521065
v 0.01631171 -0.04145667 0.04495766
v 0.02551171 -0.02334583 0.06627019
v 0.02418050 -0.02252320 0.06600660
v 0.02656449 -0.02148431 0.06919952
v 0.02747330 -0.02118561 0.07194743
v 0.02700690 -0.02144923 0.06908505
v 0.02527010 -0.02066501 0.06891134
v 0.02267648 -0.01876742 0.06815218
v 0.02628531 -0.02037793 0.07161619
v 0.02373170 -0.01826672 0.07068601
v 0.02517091 -0.01979951 0.07389136
v 0.01930372 -0.01475089 0.06906792
v 0.01355812 -0.01070834 0.06745881
v 0.01846611 -0.01571346 0.06693107
v 0.01982052 -0.01453557 0.07074681
v 0.01967170 -0.01451426 0.07189444
v 0.01389410 -0.01004319 0.06874111
v 0.00729091 -0.00604133 0.06753489
v 0.01389010 -0.00986521 0.06974434
v 0.00673492 -0.01653620 0.07857651
v 0.00735013 -0.00582002 0.06848953
v 0.00026929 -0.00253120 0.06815659
v 0.00206211 -0.01364921 0.07767770
v -0.00297630 -0.01130921 0.07744092
v -0.00825150 -0.00961535 0.07788657
v -0.01360828 -0.00858079 0.07898783
v -0.00714666 -0.00015107 0.06878250
v -0.01464588 0.00129404 0.07032090
v -0.00728590 -0.00034173 0.06782960
v -0.01480347 0.00117983 0.06932092
v 0.00016849 -0.00274331 0.06720582
v -0.00763390 -0.00111638 0.06666603
v -0.00016429 -0.00353898 0.06605723
v -0.00822188 -0.00253102 0.06493400
v -0.01505067 0.00047927 0.06803815
v -0.01551229 -0.00088843 0.06619046
v -0.02195388 0.00138134 0.06990207
v -0.02753068 0.00177909 0.07172343
v -0.02206270 0.00013442 0.06775119
v -0.02212988 0.00186984 0.07159450
v -0.02951547 0.00158542 0.07499682
v -0.02196666 0.00176901 0.07273512
v -0.02880589 0.00104745 0.07613952
v -0.01854350 -0.00824943 0.08062933
v -0.02257949 -0.00864755 0.08267620
v -0.02607948 -0.00990593 0.08536270
v -0.03475548 -0.00114711 0.08061583
v -0.02938987 -0.01217860 0.08882250
v -0.03974267 -0.00459151 0.08578457
v -0.03216349 -0.01531898 0.09275145
v -0.04370747 -0.00908097 0.09140329
v -0.04404670 -0.00884521 0.09134100
v -0.04425069 -0.00869869 0.09135119
v -0.04015227 -0.00429481 0.08563254
v -0.04051867 -0.00414701 0.08565547
v -0.03540669 -0.00078495 0.08029963
v -0.03635627 -0.00069498 0.08045863
v -0.03696109 -0.00053762 0.08067196
v -0.03272349 0.00142613 0.07605162
v -0.03080269 0.00194631 0.07277116
v -0.03387228 0.00155851 0.07641701
v -0.03387548 0.00208318 0.07637313
v -0.03221146 0.00215289 0.07315483
v -0.03184110 0.00135401 0.07038161
v -0.03237148 0.00258402 0.07305279
v -0.03214589 0.00168081 0.07028203
v -0.03167869 0.00329599 0.07243210
v -0.03169709 0.00213381 0.06978063
v -0.03280188 0.00335679 0.07591708
v -0.03050748 0.00421731 0.07121547
v -0.02926990 0.00522403 0.06981577
v -0.03087307 0.00276389 0.06892210
v -0.03041550 0.00520361 0.07323657
v -0.02884270 0.00646713 0.07144042
v -0.03171707 0.00049545 0.06614303
v -0.02986985 0.00359263 0.06780001
v -0.02617947 0.00900213 0.06120761
v -0.03080188 0.00125904 0.06513280
v -0.02713310 0.00672243 0.05885339
v -0.03865868 -0.01776288 0.04409917
v -0.03955709 -0.01851167 0.04509744
v -0.04124428 -0.02401955 0.03718215
v -0.03563868 -0.01227509 0.03877409
v -0.03520428 -0.01027266 0.03748257
v -0.03832747 -0.01882172 0.03138855
v -0.04110585 -0.02550000 0.02415613
v -0.03809949 -0.01703571 0.02968701
v -0.03840266 -0.01476480 0.02774618
v -0.04093310 -0.02412883 0.02216742
v -0.04109307 -0.02343998 0.01958961
v -0.04730826 -0.04175347 0.00229268
v -0.04804989 -0.04387427 0.00292713
v -0.04185306 -0.02439634 0.01604107
v -0.05170189 -0.04930585 0.00924354
v -0.05272747 -0.05171061 0.00667596
v -0.05260750 -0.05004933 0.01027749
v -0.04383145 -0.03027707 0.03026524
v -0.04472509 -0.03101282 0.03128070
v -0.04542509 -0.03153762 0.03201850
v -0.04214107 -0.02476254 0.03818952
v -0.04284106 -0.02528752 0.03892649
v -0.04319149 -0.02563808 0.03937421
v -0.04025789 -0.01903749 0.04583373
v -0.03243309 -0.00004250 0.06689499
v -0.04060827 -0.01938881 0.04628150
v -0.03279549 -0.00040869 0.06734748
v -0.04023229 -0.01965752 0.04638408
v -0.03243066 -0.00069007 0.06744410
v -0.04281627 -0.02590679 0.03947679
v -0.03870026 -0.01994757 0.04607393
v -0.04128429 -0.02619684 0.03916664
v -0.03558108 -0.02036391 0.04528360
v -0.03090507 -0.00098437 0.06712312
v -0.02778188 -0.00139934 0.06631496
v -0.03034588 0.00108220 0.07003747
v -0.02718107 0.00072882 0.06916121
v -0.02279707 -0.00205337 0.06503073
v -0.03061229 -0.02102231 0.04402072
v -0.01638429 -0.00311972 0.06358933
v -0.00915148 -0.00478219 0.06238395
v -0.02421948 -0.02209308 0.04259827
v -0.02680189 -0.02834159 0.03569090
v -0.01699306 -0.02375713 0.04140107
v -0.01957709 -0.03000557 0.03449449
v -0.00952828 -0.02619665 0.04081650
v -0.00168669 -0.00722094 0.06179848
v 0.00546772 -0.01049806 0.06208766
v -0.00075548 -0.00496558 0.06434251
v 0.00639813 -0.00824841 0.06463868
v 0.01290853 -0.01200090 0.06561482
v 0.00698292 -0.00683225 0.06636972
v 0.01194689 -0.01419822 0.06301512
v 0.01742851 -0.01778249 0.06421638
v 0.02157809 -0.02069998 0.06531522
v 0.01371090 -0.03963575 0.04428338
v -0.02215950 -0.03625575 0.02758568
v -0.02938587 -0.03459170 0.02878288
v -0.03723947 -0.05358124 0.00781595
v -0.03577949 -0.03352085 0.03020614
v -0.03319627 -0.02727226 0.03711429
v -0.04074746 -0.03286253 0.03146821
v -0.04365469 -0.05252374 0.00924936
v -0.04481789 -0.05493339 0.00688970
v -0.04864427 -0.05188056 0.01052103
v -0.05177308 -0.05147925 0.01131448
v -0.04994827 -0.05436972 0.00826665
v -0.05311786 -0.05402796 0.00913040
v -0.05158750 -0.05644595 0.00737621
v -0.05485068 -0.05625533 0.00844893
v -0.04597307 -0.05675530 0.00565050
v -0.04693786 -0.05817961 0.00523081
v -0.03903228 -0.05756604 0.00388754
v -0.03825308 -0.05592196 0.00536573
v -0.03955070 -0.05872315 0.00311858
v -0.03201067 -0.06019166 0.00168305
v -0.05627709 -0.05608940 0.00878763
v -0.05756908 -0.05870995 0.00959372
v -0.05874029 -0.05862832 0.00990150
v -0.05890747 -0.05849913 0.00941977
v -0.05825468 -0.05823960 0.00784110
v -0.05652509 -0.05586905 0.00845192
v -0.05594025 -0.05541694 0.00754294
v -0.05496269 -0.05353339 0.00926000
v -0.05454346 -0.05315017 0.00868037
v -0.05367947 -0.05093873 0.01149975
v -0.05462585 -0.05378435 0.00944279
v -0.05330587 -0.05120109 0.01161777
v -0.04539948 -0.03215682 0.03256958
v -0.04577547 -0.03188735 0.03246692
v -0.04386746 -0.03244695 0.03225862
v -0.05332189 -0.05058618 0.01103176
v -0.05372825 -0.05253741 0.00780109
v -0.05479146 -0.05454553 0.00626941
v -0.05582505 -0.05628267 0.00528057
v -0.06252585 -0.06216885 0.01175444
v -0.03816429 -0.02661318 0.03837631
v -0.03459545 -0.00772227 0.03696252
v -0.03651305 -0.00819969 0.03283599
v -0.03356110 -0.00433864 0.03821283
v -0.03917385 -0.00917435 0.03009812
v -0.03785707 -0.00552737 0.03254489
v -0.04047309 -0.00538898 0.02994603
v -0.03918186 -0.00230818 0.03166416
v -0.03784667 0.00088549 0.03325597
v -0.02698828 0.00740142 0.05662471
v -0.03695227 -0.00010929 0.08078249
v -0.04075065 -0.00396707 0.08577407
v -0.04434829 -0.00851647 0.09144385
v 0.01064293 -0.01966389 0.08004063
v 0.01341092 -0.02272424 0.08195064
v 0.02432450 -0.01972972 0.07506548
v 0.01522529 -0.02606132 0.08453088
v 0.02736451 -0.02543872 0.07935789
v 0.01623809 -0.03002480 0.08790334
v 0.02887570 -0.03142175 0.08439505
v 0.02696849 -0.02080564 0.06859262
v 0.02788049 -0.02097590 0.07183389
v 0.02676210 -0.01977235 0.06775388
v 0.02593330 -0.02286395 0.06571281
v 0.02574770 -0.02197286 0.06497843
v 0.02555889 -0.02077853 0.06399004
v 0.01787969 -0.04096870 0.04393253
v 0.01769330 -0.03979418 0.04295497
v 0.01529652 -0.04721889 0.03702370
v 0.01271169 -0.05346993 0.03011498
v 0.01510612 -0.04605153 0.03603883
v 0.01624290 -0.04006711 0.03019912
v 0.01727330 -0.03858361 0.02847172
v 0.01897809 -0.03360987 0.03764030
v 0.01999809 -0.03183460 0.03633543
v 0.02635650 -0.01419085 0.05776889
v 0.02662450 -0.01355946 0.05553855
v 0.02728609 -0.01190072 0.06012286
v 0.02654931 -0.01846749 0.06665710
v 0.02747649 -0.01126573 0.05744112
v 0.02796129 -0.01026359 0.06182850
v 0.02849330 -0.00897327 0.06317905
v 0.02812211 -0.00956410 0.05890069
v 0.02728449 -0.01688868 0.06866930
v 0.02755810 -0.01848691 0.07003919
v 0.02787091 -0.01570776 0.07029133
v 0.02837891 -0.01462618 0.07173361
v 0.02876531 -0.01358344 0.07308410
v 0.02578851 -0.02052785 0.04054827
v 0.02597331 -0.02427845 0.03599088
v 0.02455730 -0.02337382 0.03895125
v 0.02305650 -0.02655322 0.03721249
v 0.02455811 -0.02750514 0.03414108
v 0.02268211 -0.03131760 0.03160803
v 0.02612611 -0.03050117 0.03118746
v 0.02454051 -0.03406640 0.02874535
v 0.02877411 -0.03262382 0.02969868
v 0.02752451 -0.02719564 0.03306070
v 0.02880610 -0.02402927 0.03465365
v 0.03003091 -0.02931661 0.03148571
v 0.03398291 -0.03083139 0.02983773
v 0.03132290 -0.02606106 0.03308577
v 0.03533169 -0.02760115 0.03143390
v 0.03668290 -0.02436245 0.03293113
v 0.03600610 -0.02752049 0.03056469
v 0.03731090 -0.02438317 0.03190005
v 0.03624450 -0.02496595 0.02505441
v 0.03471891 -0.03059351 0.02893260
v 0.03344370 -0.03362859 0.02714957
v 0.03511730 -0.02765598 0.02360897
v 0.03394691 -0.03044090 0.02194713
v 0.03292929 -0.03285546 0.02038636
v 0.03224050 -0.03648545 0.02531647
v 0.03224369 -0.03445905 0.01896680
v 0.03170370 -0.03568051 0.01716551
v 0.03120130 -0.03891744 0.02316649
v 0.03037649 -0.03936073 0.02385991
v 0.03039490 -0.04074005 0.02044793
v 0.02950851 -0.04133157 0.02109030
v 0.02972771 -0.04219728 0.01735657
v 0.02906049 -0.04364594 0.01413489
v 0.03111650 -0.03696641 0.01451523
v 0.03047489 -0.03836557 0.01148957
v 0.02990290 -0.03959822 0.00853645
v 0.02841970 -0.04502588 0.01082830
v 0.02944211 -0.04055608 0.00560635
v 0.02906290 -0.04130134 0.00247878
v 0.02788211 -0.04614454 0.00741022
v 0.02691649 -0.04690245 0.00758047
v 0.02743729 -0.04701885 0.00374249
v 0.02641169 -0.04791980 0.00384188
v 0.02709891 -0.04760666 -0.00033037
v 0.02879411 -0.04176809 -0.00074912
v 0.02703811 -0.04747500 -0.00493220
v 0.02609090 -0.04845887 -0.00030582
v 0.02606369 -0.04823665 -0.00506227
v 0.02276770 -0.04875126 -0.00002315
v 0.02262608 -0.04835088 -0.00477501
v 0.02296370 -0.04691245 -0.01029453
v 0.02374851 -0.04449310 -0.01622298
v 0.01813489 -0.04572969 -0.01033460
v 0.02642289 -0.04702041 -0.01052086
v 0.02741729 -0.04622650 -0.01011744
v 0.02717649 -0.04480840 -0.01635129
v 0.02818371 -0.04399967 -0.01568885
v 0.02831489 -0.04165231 -0.02210856
v 0.02491089 -0.04118597 -0.02207663
v 0.02926289 -0.04099695 -0.02131653
v 0.02984451 -0.03756577 -0.02731210
v 0.02644609 -0.03698048 -0.02737655
v 0.03175810 -0.03259262 -0.03154182
v 0.03070689 -0.03712992 -0.02638383
v 0.03256129 -0.03231678 -0.03034983
v 0.03182210 -0.03301157 -0.02201457
v 0.03330530 -0.02916377 -0.02518565
v 0.03064610 -0.03616254 -0.01788678
v 0.02971009 -0.03876597 -0.01300596
v 0.02904769 -0.04069202 -0.00818600
v 0.02874931 -0.04167254 -0.00410993
v 0.03511570 -0.02455248 -0.02762379
v 0.03472689 -0.02680085 -0.03326725
v 0.03708208 -0.01960322 -0.02925972
v 0.03707810 -0.02088519 -0.03522302
v 0.03903249 -0.01476502 -0.02977573
v 0.03952928 -0.01480207 -0.03587218
v 0.04101089 -0.00993299 -0.02900950
v 0.04200769 -0.00875073 -0.03491009
v 0.04307888 -0.00495087 -0.02709411
v 0.04506450 -0.00022155 -0.02435813
v 0.04445089 -0.00286286 -0.03264674
v 0.04408529 -0.00204929 -0.03400852
v 0.04678369 0.00269121 -0.02943324
v 0.04885328 0.00753767 -0.02519504
v 0.04646850 0.00361752 -0.03059249
v 0.04210931 0.00549107 -0.03067063
v 0.04859648 0.00859169 -0.02608410
v 0.04402450 0.01064571 -0.02604691
v 0.05037649 0.01264680 -0.02059973
v 0.04566129 0.01485816 -0.02046097
v 0.05052929 0.01134651 -0.01985798
v 0.04810849 0.00681112 -0.01657598
v 0.04674609 0.00371623 -0.02091384
v 0.04138211 0.01658156 -0.02040984
v 0.04695330 0.01799739 -0.01414644
v 0.04269729 0.01971792 -0.01408297
v 0.03877970 0.02127429 -0.01401347
v 0.03848690 0.02116078 -0.01391924
v 0.03744689 0.01814227 -0.02034479
v 0.03573490 0.01394873 -0.02594953
v 0.03716289 0.01804854 -0.02021316
v 0.03664211 0.01668802 -0.01924667
v 0.03546129 0.01387930 -0.02578497
v 0.03344129 0.00878824 -0.03039979
v 0.03502050 0.01271179 -0.02456128
v 0.03309489 0.00785367 -0.02896313
v 0.03320209 0.01342786 -0.02453275
v 0.03127490 0.00856857 -0.02893769
v 0.03482450 0.01740678 -0.01921518
v 0.03364290 0.01459697 -0.02575578
v 0.03348609 0.01483601 -0.02591408
v 0.03162290 0.00950339 -0.03037277
v 0.03534530 0.01876646 -0.02018240
v 0.03666929 0.02188047 -0.01388624
v 0.03519810 0.01903139 -0.02030631
v 0.03167411 0.02041916 -0.02024156
v 0.03653010 0.02216372 -0.01397180
v 0.03742529 0.02412134 -0.00716624
v 0.03301729 0.02354777 -0.01390507
v 0.03272530 0.02343417 -0.01381084
v 0.03391811 0.02550401 -0.00709697
v 0.03432130 0.02617205 -0.00007336
v 0.03361970 0.02537812 -0.00704493
v 0.03782769 0.02478914 -0.00014502
v 0.03769730 0.02409427 0.00683706
v 0.03795889 0.02448895 -0.00014782
v 0.03782929 0.02379818 0.00678642
v 0.03755890 0.02382493 -0.00712279
v 0.03731569 0.02286417 -0.00013891
v 0.03693489 0.02223221 -0.00676251
v 0.03913249 0.02214476 -0.00017676
v 0.03719250 0.02220830 0.00643965
v 0.03901011 0.02148881 0.00640102
v 0.03658930 0.02033722 0.01275845
v 0.03840691 0.01961834 0.01271812
v 0.03719491 0.02183006 0.01343656
v 0.03554369 0.01736204 0.01857231
v 0.03736130 0.01664392 0.01853110
v 0.03590931 0.01267212 0.02360411
v 0.03791250 0.01798237 0.01951177
v 0.03875249 0.02151304 -0.00679797
v 0.03790530 0.01965961 -0.01323932
v 0.03937651 0.02310577 -0.00715824
v 0.03608769 0.02037777 -0.01320617
v 0.03139011 0.02032315 -0.02010971
v 0.03214771 0.02193064 -0.01313149
v 0.03087331 0.01896178 -0.01914313
v 0.02922930 0.01499066 -0.02446308
v 0.02905411 0.01967680 -0.01910885
v 0.02957090 0.02103893 -0.02007552
v 0.02741009 0.01570467 -0.02443032
v 0.02545091 0.01085541 -0.02884029
v 0.02784771 0.01687463 -0.02565344
v 0.02579409 0.01179260 -0.03027480
v 0.02769009 0.01711452 -0.02581103
v 0.02562369 0.01200146 -0.03046062
v 0.02360291 0.01871667 -0.02573324
v 0.02942370 0.02130310 -0.02019935
v 0.02534770 0.02290220 -0.02012046
v 0.02669651 0.02603027 -0.01378069
v 0.02151891 0.01360991 -0.03038509
v 0.02125889 0.01357072 -0.03019140
v 0.01918370 0.00779563 -0.03392460
v 0.01668932 0.00150971 -0.03622031
v 0.02330929 0.00618083 -0.03399949
v 0.01893732 0.00779063 -0.03371022
v 0.01870290 0.00711557 -0.03211472
v 0.01645891 0.00154325 -0.03599052
v 0.01634132 0.00116354 -0.03428881
v 0.01391489 -0.00493754 -0.03690542
v 0.01412932 -0.00501417 -0.03714054
v 0.01392528 -0.00499104 -0.03515851
v 0.01139571 -0.01141918 -0.03636495
v 0.01159412 -0.01153974 -0.03659645
v 0.01153571 -0.01114013 -0.03464503
v 0.00899331 -0.01767042 -0.03444459
v 0.00917570 -0.01783308 -0.03466302
v 0.00925333 -0.01708018 -0.03281947
v 0.00679571 -0.02345782 -0.03126028
v 0.00489332 -0.02854875 -0.02693028
v 0.00696532 -0.02365873 -0.03145879
v 0.00716450 -0.02258270 -0.02979325
v 0.00534288 -0.02187343 -0.02976001
v 0.00535252 -0.02742905 -0.02566954
v 0.00383489 -0.03155565 -0.02058418
v 0.00353090 -0.02671971 -0.02563550
v 0.00307252 -0.02783941 -0.02689625
v 0.00201170 -0.03084900 -0.02055309
v 0.00150611 -0.03211874 -0.02164358
v 0.00062773 -0.03462102 -0.01509252
v 0.00014131 -0.03591598 -0.01616119
v -0.00080989 -0.03850062 -0.01007782
v 0.00245411 -0.03531598 -0.01509504
v 0.00102451 -0.03917191 -0.01001358
v 0.00196850 -0.03661178 -0.01616442
v 0.00061810 -0.04034628 -0.01124230
v 0.00212772 -0.03686624 -0.01630447
v 0.00332849 -0.03282625 -0.02167459
v 0.00348289 -0.03307898 -0.02182125
v 0.00505249 -0.02878227 -0.02710140
v 0.00766370 -0.03469587 -0.02188549
v 0.00795009 -0.03461128 -0.02174765
v 0.00634210 -0.03844951 -0.01628123
v 0.00922930 -0.03040588 -0.02717621
v 0.01114451 -0.02528539 -0.03153249
v 0.00950929 -0.03034211 -0.02701377
v 0.00996372 -0.02921851 -0.02575421
v 0.01141092 -0.02525423 -0.03134266
v 0.01360532 -0.01946745 -0.03452449
v 0.01177489 -0.02437751 -0.02987497
v 0.01359731 -0.02508476 -0.02990440
v 0.01386129 -0.01887636 -0.03289945
v 0.01613728 -0.01293546 -0.03472429
v 0.01568290 -0.01958446 -0.03292879
v 0.01542689 -0.02017631 -0.03455375
v 0.01795889 -0.01364586 -0.03475260
v 0.02033650 -0.00749516 -0.03526624
v 0.01782290 -0.01392568 -0.03647243
v 0.02032930 -0.00744326 -0.03701379
v 0.01802131 -0.01404691 -0.03670306
v 0.02054450 -0.00752066 -0.03724802
v 0.01561090 -0.02033813 -0.03477145
v 0.02173330 -0.01549306 -0.03675551
v 0.02423490 -0.00896199 -0.03730015
v 0.01933328 -0.02178419 -0.03482391
v 0.02196771 -0.01553964 -0.03653133
v 0.02445091 -0.00905325 -0.03707228
v 0.01958372 -0.02179027 -0.03461265
v 0.02209650 -0.01525737 -0.03481094
v 0.02391890 -0.01596459 -0.03483151
v 0.02445170 -0.00910354 -0.03532489
v 0.01983248 -0.02119597 -0.03298712
v 0.02165572 -0.02190166 -0.03300867
v 0.01775252 -0.02669338 -0.02996544
v 0.01739489 -0.02757247 -0.03143289
v 0.01957652 -0.02739592 -0.02998810
v 0.01594531 -0.03152713 -0.02585265
v 0.01444132 -0.03560054 -0.02077505
v 0.01777011 -0.03222831 -0.02587705
v 0.01549651 -0.03265531 -0.02711014
v 0.01521808 -0.03271984 -0.02727250
v 0.01394688 -0.03690457 -0.02182994
v 0.01365968 -0.03699230 -0.02196665
v 0.01267969 -0.04054399 -0.01609726
v 0.01239411 -0.04064763 -0.01622434
v 0.01313731 -0.03914501 -0.01515322
v 0.01160371 -0.04392438 -0.01050800
v 0.01236850 -0.04479067 -0.00963941
v 0.01197812 -0.04252014 -0.00953555
v 0.01132290 -0.04403882 -0.01065490
v 0.00739972 -0.04284817 -0.01098361
v 0.00862610 -0.03928939 -0.01626275
v 0.00721809 -0.04261121 -0.01084984
v 0.00846211 -0.03903167 -0.01613026
v 0.00598690 -0.04305309 -0.01027878
v 0.00758769 -0.04135269 -0.00969550
v 0.00573489 -0.04074224 -0.00983002
v 0.00892851 -0.03768939 -0.01511057
v 0.00623810 -0.04199021 -0.00891102
v 0.01027409 -0.03402745 -0.02069838
v 0.00709412 -0.03701466 -0.01512532
v 0.00845010 -0.03332602 -0.02067159
v 0.00662772 -0.03835610 -0.01614429
v 0.00536291 -0.04200374 -0.01098164
v 0.00508530 -0.04209037 -0.01114741
v 0.00079252 -0.04058247 -0.01139222
v -0.00149791 -0.03974833 -0.01146882
v -0.00601151 -0.03804674 -0.01151360
v -0.00121787 -0.03967720 -0.01130471
v -0.00014589 -0.03600065 -0.01629982
v 0.00121891 -0.03220036 -0.02178332
v -0.00463550 -0.03427017 -0.01625744
v -0.00325868 -0.03045622 -0.02170132
v -0.00479229 -0.03401666 -0.01611166
v -0.00617869 -0.03781071 -0.01134999
v -0.00800431 -0.03711154 -0.01134468
v -0.00573227 -0.03667290 -0.01010071
v -0.00755789 -0.03597220 -0.01009636
v -0.00610907 -0.03203922 -0.01499582
v -0.00661471 -0.03330981 -0.01608622
v -0.00690429 -0.03339050 -0.01622525
v -0.00523307 -0.02949383 -0.02151744
v -0.00552108 -0.02957383 -0.02165734
v -0.00366428 -0.02521070 -0.02676487
v -0.00176189 -0.02011824 -0.03109582
v -0.00394428 -0.02527278 -0.02692666
v -0.00856988 -0.02346558 -0.02683332
v -0.00202911 -0.02014862 -0.03128654
v -0.00665629 -0.01833982 -0.03119255
v 0.00018532 -0.01432231 -0.03449084
v 0.00043733 -0.01432847 -0.03428036
v 0.00260689 -0.00802811 -0.03642435
v -0.00444510 -0.01251273 -0.03439772
v -0.00202429 -0.00621768 -0.03633132
v -0.00462911 -0.01234906 -0.03417779
v -0.00682828 -0.01813739 -0.03099420
v -0.00440109 -0.01183838 -0.03276820
v -0.00222347 -0.00609544 -0.03609918
v -0.00209949 -0.00585546 -0.03460690
v 0.00029971 0.00038535 -0.03663957
v 0.00285170 0.00686453 -0.03572451
v 0.00051491 0.00030779 -0.03687540
v 0.00031092 0.00033830 -0.03512408
v 0.00009572 0.00041502 -0.03488817
v 0.00275170 0.00653378 -0.03424803
v 0.00251972 0.00656732 -0.03401823
v 0.00513813 0.01252283 -0.03205756
v 0.00533969 0.01310978 -0.03344159
v 0.00737569 0.01807106 -0.02867704
v 0.00489089 0.01251790 -0.03184239
v 0.00350291 0.01306028 -0.03181408
v 0.00711491 0.01803194 -0.02848256
v 0.00572693 0.01857424 -0.02845505
v 0.00909731 0.02287271 -0.02406931
v 0.00771010 0.02341576 -0.02404187
v 0.00937092 0.02294369 -0.02423564
v 0.01075651 0.02684185 -0.01874513
v 0.01104133 0.02693788 -0.01887780
v 0.01203892 0.02980950 -0.01272934
v 0.00936930 0.02738422 -0.01871683
v 0.01065170 0.03035103 -0.01270177
v 0.00922052 0.02764923 -0.01883995
v 0.00755093 0.02365573 -0.02419866
v 0.00966613 0.02883199 -0.01967924
v 0.01051170 0.03063505 -0.01278739
v 0.01137173 0.03249996 -0.00629574
v 0.01101009 0.03194020 -0.01337686
v 0.01086928 0.03222439 -0.01346171
v 0.01190693 0.03388447 -0.00660777
v 0.01177170 0.03418002 -0.00665113
v 0.01230771 0.03454828 0.00037285
v 0.01217811 0.03385654 0.00731361
v 0.01217491 0.03484855 0.00037643
v 0.01175572 0.03313559 0.00038055
v 0.01188929 0.03283532 0.00037696
v 0.01163170 0.03247465 0.00701270
v 0.01102450 0.03058915 0.01337957
v 0.01176693 0.03217857 0.00696204
v 0.01315090 0.03163781 0.00693358
v 0.01116449 0.03030636 0.01328576
v 0.01254613 0.02976636 0.01325722
v 0.01011970 0.02732759 0.01910401
v 0.01149809 0.02678852 0.01907617
v 0.00866849 0.02334487 0.02418857
v 0.00997092 0.02759116 0.01923833
v 0.00850689 0.02358291 0.02435682
v 0.01044290 0.02875489 0.02008941
v 0.01029412 0.02901845 0.02022373
v 0.01154291 0.03188738 0.01396869
v 0.00891649 0.02457425 0.02542864
v 0.00704772 0.01956346 0.02987603
v 0.00875652 0.02481236 0.02559768
v 0.00414770 0.02661388 0.02569079
v 0.00687730 0.01978393 0.03006131
v 0.00914852 0.01889571 0.03001550
v 0.00227253 0.02158309 0.03015466
v 0.00033090 0.01641670 0.03409344
v 0.00199730 0.02153949 0.02997652
v 0.00386612 0.02654806 0.02553178
v 0.00158689 0.02055356 0.02859138
v 0.00005572 0.01637294 0.03391453
v -0.00034349 0.01539052 0.03252338
v -0.00163467 0.01184930 0.03785706
v -0.00135066 0.01191299 0.03801870
v -0.00346668 0.01253269 0.03788082
v -0.00208108 0.01071303 0.03660681
v -0.00391309 0.01139412 0.03663162
v -0.00216830 0.01609327 0.03255567
v -0.00023391 0.02126400 0.02862771
v -0.00176828 0.01707484 0.03394609
v 0.00017650 0.02224983 0.03001286
v -0.00193951 0.01728988 0.03413352
v -0.00363548 0.01276506 0.03804803
v -0.00633390 0.01895877 0.03420299
v 0.00001013 0.02246563 0.03020024
v 0.00188930 0.02749737 0.02573709
v -0.00435869 0.02416840 0.03028639
v -0.00247867 0.02920512 0.02582516
v -0.00463307 0.02412473 0.03010747
v -0.00503471 0.02314316 0.02871705
v -0.00660588 0.01891554 0.03402079
v -0.00276029 0.02913930 0.02566615
v -0.00123389 0.03331994 0.02032689
v -0.00323069 0.02799795 0.02442928
v -0.00177867 0.03197921 0.01934645
v -0.00505068 0.02870998 0.02446624
v -0.00458109 0.02985133 0.02570311
v -0.00685627 0.02385089 0.02875123
v -0.00359866 0.03269116 0.01938266
v -0.00255229 0.03566900 0.01356371
v -0.00305469 0.03403113 0.02036317
v -0.00195467 0.03716438 0.01424235
v -0.00320108 0.03429470 0.02049749
v -0.00473706 0.03008860 0.02587144
v -0.00708029 0.03581093 0.02057586
v -0.00209229 0.03744725 0.01433695
v -0.00597307 0.03896433 0.01441604
v -0.00145147 0.03942955 0.00763712
v -0.00533387 0.04094748 0.00771613
v -0.00132110 0.04012556 0.00065012
v -0.00131867 0.03913431 0.00758722
v -0.00118987 0.03982528 0.00064651
v -0.00194828 0.03754121 0.00723998
v -0.00012829 0.03682917 0.00720300
v -0.00182588 0.03819720 0.00065496
v -0.00220668 0.03756629 -0.00597438
v -0.00000508 0.03748593 0.00061792
v -0.00038669 0.03685426 -0.00601136
v 0.00063093 0.03911325 0.00060955
v 0.00023010 0.03845029 -0.00637116
v 0.00093172 0.03924462 0.00060437
v 0.00050132 0.03842227 0.00755023
v 0.00080130 0.03854869 0.00759218
v -0.00013387 0.03645226 0.01420538
v 0.00016291 0.03656546 0.01429129
v -0.00073230 0.03495697 0.01352672
v 0.00453412 0.03485601 0.01420260
v -0.00094430 0.03341215 0.02045191
v 0.00342529 0.03170346 0.02036312
v 0.00357172 0.03144075 0.02022874
v 0.00204613 0.02726019 0.02556875
v 0.00302770 0.03009993 0.01924831
v 0.00467250 0.03457315 0.01410801
v 0.00407412 0.03307776 0.01342934
v 0.00530770 0.03654307 0.00745285
v 0.00517409 0.03683841 0.00750277
v 0.00467732 0.03494997 0.00710564
v 0.00543649 0.03723405 0.00051217
v 0.00530450 0.03753509 0.00051488
v 0.00503571 0.03657117 -0.00646773
v 0.00480053 0.03560672 0.00052054
v 0.00441892 0.03497514 -0.00610791
v 0.00662052 0.03489469 0.00048356
v 0.00623972 0.03426302 -0.00614571
v 0.00725729 0.03652277 0.00047510
v 0.00649812 0.03423870 0.00706858
v 0.00712769 0.03583179 0.00741581
v 0.00589411 0.03236573 0.01339238
v 0.00649330 0.03386102 0.01407104
v 0.00484769 0.02938789 0.01921133
v 0.00539253 0.03072947 0.02019168
v 0.00339491 0.02540679 0.02429572
v 0.00157411 0.02611798 0.02433198
v 0.00568211 0.03082159 0.02031668
v 0.00678932 0.03397498 0.01415687
v 0.01140291 0.03217101 0.01406321
v 0.00742771 0.03595746 0.00745784
v 0.00755732 0.03665414 0.00046995
v 0.01204369 0.03415348 0.00736418
v 0.00715329 0.03598569 -0.00655683
v 0.00625012 0.03402998 -0.01336819
v 0.00685651 0.03585820 -0.00650542
v 0.00595810 0.03391562 -0.01327389
v 0.00538451 0.03241124 -0.01259445
v 0.00461571 0.03080580 -0.01957610
v 0.00410211 0.02944283 -0.01861016
v 0.00287573 0.02664772 -0.02515706
v 0.00489890 0.03090268 -0.01970886
v 0.00951812 0.02909700 -0.01980235
v 0.00314929 0.02671861 -0.02532339
v 0.00776770 0.02491217 -0.02541681
v 0.00105889 0.02161330 -0.02997698
v 0.00567729 0.01980686 -0.03007041
v 0.00079810 0.02157333 -0.02978241
v -0.00128510 0.01580114 -0.03351831
v 0.00333330 0.01399555 -0.03361182
v -0.00378907 0.00951685 -0.03581499
v -0.00153148 0.01579639 -0.03330236
v -0.00401948 0.00955115 -0.03558528
v -0.00176351 0.01511964 -0.03170749
v -0.00413468 0.00916982 -0.03388341
v 0.00046050 0.02063369 -0.02834765
v -0.00358427 0.01583168 -0.03167050
v -0.00136030 0.02134572 -0.02831067
v -0.00335229 0.01650759 -0.03326609
v -0.00595467 0.00988110 -0.03384635
v -0.00584028 0.01026243 -0.03554821
v -0.00837791 0.00372889 -0.03471628
v -0.00839231 0.00378401 -0.03646336
v -0.01077230 -0.00242105 -0.03420272
v -0.00655787 0.00301668 -0.03475406
v -0.00657151 0.00307197 -0.03650034
v -0.00895150 -0.00313232 -0.03423977
v -0.00909469 -0.00340967 -0.03595987
v -0.01123707 -0.00907398 -0.03241486
v -0.01305787 -0.00836262 -0.03237701
v -0.01332829 -0.01457719 -0.02938696
v -0.01150029 -0.00966262 -0.03403934
v -0.01131709 -0.00982536 -0.03425857
v -0.01369870 -0.01545153 -0.03085489
v -0.01352908 -0.01565320 -0.03105331
v -0.01560189 -0.02054384 -0.02652233
v -0.01544268 -0.02077820 -0.02669416
v -0.01717069 -0.02482704 -0.02127571
v -0.01513951 -0.01942575 -0.02526142
v -0.01665227 -0.02356784 -0.02017854
v -0.01695950 -0.01871448 -0.02522437
v -0.01847307 -0.02285479 -0.02014005
v -0.01514828 -0.01386591 -0.02934990
v -0.01742270 -0.01983264 -0.02648608
v -0.01551950 -0.01473942 -0.03081711
v -0.01770427 -0.01989396 -0.02664795
v -0.01899068 -0.02411485 -0.02123714
v -0.01928188 -0.02419400 -0.02137712
v -0.02037227 -0.02792589 -0.01579677
v -0.02066590 -0.02800456 -0.01593198
v -0.01984589 -0.02665267 -0.01472029
v -0.01855390 -0.02864142 -0.01584466
v -0.01839788 -0.02889669 -0.01599186
v -0.01802747 -0.02736811 -0.01476739
v -0.01701629 -0.02508001 -0.02142477
v -0.01241310 -0.02688000 -0.02151884
v -0.01014187 -0.02776823 -0.02156464
v -0.01212027 -0.02680382 -0.02137695
v -0.01083548 -0.02257972 -0.02678728
v -0.01055229 -0.02251841 -0.02662539
v -0.00891788 -0.01745566 -0.03114713
v -0.00670350 -0.01162933 -0.03435224
v -0.00864828 -0.01742612 -0.03095714
v -0.00832589 -0.01666771 -0.02968340
v -0.00644987 -0.01163711 -0.03414161
v -0.00404427 -0.00538416 -0.03606213
v -0.00622189 -0.01112634 -0.03273121
v -0.00391948 -0.00514342 -0.03456992
v -0.00596750 -0.01113412 -0.03252057
v -0.00805628 -0.01663901 -0.02949412
v -0.00458591 -0.01167480 -0.03254824
v -0.00368269 -0.00519253 -0.03434710
v -0.00229867 -0.00573321 -0.03437477
v -0.00128987 0.00095655 -0.03486058
v 0.00113332 0.00710960 -0.03398992
v -0.00150907 0.00104950 -0.03508781
v 0.00093171 0.00724506 -0.03421097
v -0.00152109 0.00109740 -0.03660340
v -0.00174029 0.00118958 -0.03682975
v 0.00103090 0.00757666 -0.03568754
v 0.00351889 0.01382181 -0.03340460
v 0.00082929 0.00771202 -0.03590859
v 0.00584929 0.01959791 -0.02988538
v 0.00331733 0.01323486 -0.03202058
v 0.00555570 0.01878318 -0.02864007
v 0.00792691 0.02467238 -0.02525924
v -0.00635707 0.00299440 -0.03673617
v -0.00428107 -0.00533514 -0.03628575
v -0.00889709 -0.00353107 -0.03619209
v -0.00667789 -0.01717731 -0.02952203
v -0.00849230 -0.02202495 -0.02539578
v -0.00650590 -0.01737982 -0.02972117
v -0.00832989 -0.02226092 -0.02556744
v -0.00873148 -0.02323053 -0.02666237
v -0.00985711 -0.02643289 -0.02044617
v -0.01030028 -0.02751595 -0.02141392
v -0.01167791 -0.02572086 -0.02040919
v -0.01001627 -0.02617968 -0.02029474
v -0.01138427 -0.02564536 -0.02026643
v -0.00986588 -0.02148833 -0.02536850
v -0.01014988 -0.02154889 -0.02553046
v -0.02503149 -0.02627768 -0.01579759
v -0.02729470 -0.02537317 -0.01571000
v -0.02518427 -0.02602088 -0.01565054
v -0.02364346 -0.02248636 -0.02128261
v -0.02206909 -0.01818772 -0.02655973
v -0.02379710 -0.02223271 -0.02113444
v -0.02327148 -0.02097025 -0.02004483
v -0.02222831 -0.01795344 -0.02638871
v -0.02176430 -0.01683536 -0.02512779
v -0.02032587 -0.01286115 -0.03072045
v -0.01995470 -0.01198671 -0.02925254
v -0.01812670 -0.00707206 -0.03390411
v -0.02015550 -0.01306282 -0.03091888
v -0.01794350 -0.00723488 -0.03412414
v -0.01578829 -0.01476980 -0.03100783
v -0.01357391 -0.00894357 -0.03421292
v -0.01332028 -0.00895049 -0.03400237
v -0.01115148 -0.00264929 -0.03614564
v -0.01552269 -0.00094068 -0.03605766
v -0.00861070 0.00387534 -0.03669043
v -0.01091549 -0.00269764 -0.03592288
v -0.01298268 0.00558564 -0.03660181
v -0.00604107 0.01039778 -0.03576926
v -0.01041467 0.01210723 -0.03568056
v -0.00353711 0.01668141 -0.03347251
v -0.00791147 0.01839170 -0.03338309
v -0.00119307 0.02249348 -0.02993117
v -0.00556748 0.02420368 -0.02984255
v 0.00089729 0.02759964 -0.02527766
v -0.00102189 0.02228461 -0.02974535
v 0.00105569 0.02735899 -0.02512001
v 0.00062291 0.02618802 -0.02389838
v 0.00279491 0.03151793 -0.01953912
v 0.00228131 0.03015486 -0.01857318
v 0.00413811 0.03462690 -0.01323682
v 0.00264690 0.03178201 -0.01966295
v 0.00399892 0.03491101 -0.01332248
v -0.00172751 0.03349307 -0.01957441
v -0.00037630 0.03662046 -0.01323377
v -0.00347707 0.02930899 -0.02518895
v -0.00201070 0.03339696 -0.01944255
v -0.00374987 0.02923810 -0.02502263
v -0.00066750 0.03650610 -0.01313947
v -0.00252430 0.03203397 -0.01847580
v -0.00418351 0.02806637 -0.02380093
v -0.00124190 0.03500171 -0.01246003
v -0.00434430 0.03274610 -0.01843883
v -0.00306270 0.03571299 -0.01242297
v -0.00383069 0.03410909 -0.01940557
v -0.00600350 0.02877764 -0.02376388
v -0.00557067 0.02995006 -0.02498644
v -0.00798590 0.02393526 -0.02817695
v -0.00616591 0.02322407 -0.02821322
v -0.01020987 0.01842216 -0.03153608
v -0.00764830 0.02487577 -0.02961180
v -0.00781867 0.02508386 -0.02979674
v -0.00997789 0.01909881 -0.03313094
v -0.01246669 0.01285366 -0.03541387
v -0.01016347 0.01927180 -0.03333807
v -0.01404750 0.02079134 -0.03325924
v -0.01266749 0.01298834 -0.03563404
v -0.01523630 0.00646658 -0.03655608
v -0.01654989 0.01450610 -0.03555582
v -0.01911866 0.00798450 -0.03647708
v -0.01678187 0.01454049 -0.03532611
v -0.01689627 0.01415916 -0.03362425
v -0.01933310 0.00806207 -0.03624125
v -0.01429388 0.02078556 -0.03304398
v -0.01452586 0.02010974 -0.03144840
v -0.01196348 0.02656260 -0.02952404
v -0.01170346 0.02660255 -0.02971780
v -0.01230190 0.02562303 -0.02808849
v -0.00988590 0.03163706 -0.02489790
v -0.01031949 0.03046540 -0.02367541
v -0.00814669 0.03579600 -0.01931702
v -0.00961311 0.03170795 -0.02506422
v -0.00786350 0.03589193 -0.01944968
v -0.00572827 0.03018926 -0.02514315
v -0.00397870 0.03437316 -0.01952940
v -0.00262749 0.03750131 -0.01318883
v -0.00172427 0.03945787 -0.00637756
v -0.00651228 0.03902000 -0.01310990
v -0.00248830 0.03721738 -0.01310240
v -0.00159070 0.03916157 -0.00633410
v -0.00560829 0.04097580 -0.00629855
v -0.00680349 0.03890489 -0.01301552
v -0.00737788 0.03740050 -0.01233608
v -0.00590589 0.04084915 -0.00624643
v -0.00652268 0.03925312 -0.00588661
v -0.00550511 0.04151203 0.00073347
v -0.00563466 0.04082113 0.00767496
v -0.00614106 0.03988479 0.00074265
v -0.00520427 0.04164340 0.00072832
v -0.00796187 0.04059606 0.00077972
v -0.00626428 0.03922804 0.00732773
v -0.00686829 0.03735583 0.01365145
v -0.00808508 0.03994007 0.00736472
v -0.00868828 0.03806711 0.01368851
v -0.00745470 0.04153326 0.00771194
v -0.00758826 0.04182851 0.00776187
v -0.00732510 0.04222424 0.00077126
v -0.00808990 0.03956325 0.01436709
v -0.00919067 0.03642999 0.02048791
v -0.00822827 0.03984611 0.01446168
v -0.00933630 0.03669356 0.02062222
v -0.01137387 0.04107537 0.01452468
v -0.01248028 0.03792289 0.02068601
v -0.01167070 0.04096310 0.01443947
v -0.01073467 0.04305860 0.00782557
v -0.01103470 0.04293311 0.00778432
v -0.01060507 0.04375529 0.00083769
v -0.00745709 0.04252443 0.00077403
v -0.01090509 0.04362409 0.00084363
v -0.01100909 0.04308693 -0.00618911
v -0.00786106 0.04185598 -0.00625273
v -0.01130669 0.04296028 -0.00613698
v -0.01191227 0.04113120 -0.01299968
v -0.01220429 0.04101609 -0.01290529
v -0.00876348 0.03990018 -0.01306410
v -0.01326348 0.03800391 -0.01934033
v -0.01501391 0.03381991 -0.02495407
v -0.01354668 0.03790780 -0.01920846
v -0.01011469 0.03677220 -0.01940388
v -0.01186506 0.03258812 -0.02501842
v -0.00996749 0.03650795 -0.01928083
v -0.01048028 0.03514421 -0.01831401
v -0.00862429 0.03961692 -0.01297853
v -0.01170671 0.03234909 -0.02486092
v -0.01378429 0.02727463 -0.02948706
v -0.01213948 0.03117736 -0.02363922
v -0.01412270 0.02633498 -0.02805231
v -0.01634667 0.02082102 -0.03141134
v -0.01871631 0.01487044 -0.03358719
v -0.01611468 0.02149769 -0.03300700
v -0.01860187 0.01525177 -0.03528905
v -0.01629951 0.02167151 -0.03321343
v -0.01395547 0.02748358 -0.02967208
v -0.01880347 0.01538712 -0.03551009
v -0.01944749 0.02290246 -0.03314980
v -0.02195150 0.01661807 -0.03544647
v -0.01710350 0.02871452 -0.02960846
v -0.01969387 0.02289686 -0.03293375
v -0.01992509 0.02222087 -0.03133897
v -0.02218267 0.01665237 -0.03521675
v -0.01736428 0.02867448 -0.02941468
v -0.01770188 0.02773483 -0.02797993
v -0.01528670 0.03374818 -0.02478847
v -0.01571867 0.03257653 -0.02356597
v -0.01405947 0.03654406 -0.01824163
v -0.01753947 0.03328780 -0.02352891
v -0.01588027 0.03725541 -0.01820378
v -0.01710669 0.03445954 -0.02475061
v -0.01952269 0.02844542 -0.02794200
v -0.02174589 0.02293222 -0.03130111
v -0.01918508 0.02938583 -0.02937682
v -0.01935551 0.02959394 -0.02956257
v -0.02151467 0.02360812 -0.03289589
v -0.02400266 0.01736373 -0.03517890
v -0.02170030 0.02378196 -0.03310311
v -0.02505070 0.02509157 -0.03303213
v -0.02420427 0.01749833 -0.03539987
v -0.02677309 0.01097674 -0.03632112
v -0.02755310 0.01880796 -0.03532967
v -0.03012187 0.01228635 -0.03625013
v -0.03160988 0.02039371 -0.03483135
v -0.02906186 0.02653742 -0.03255833
v -0.03267309 0.02037114 -0.03347188
v -0.03421627 0.01402259 -0.03575084
v -0.03516747 0.01428203 -0.03446555
v -0.03679067 0.00764324 -0.03520056
v -0.03266188 0.00576164 -0.03570613
v -0.03763706 0.00815457 -0.03382560
v -0.03924266 0.00148183 -0.03328199
v -0.04000746 0.00219072 -0.03186096
v -0.03508350 -0.00053170 -0.03377270
v -0.04148189 -0.00422896 -0.03014318
v -0.03729626 -0.00635811 -0.03056839
v -0.04219309 -0.00337425 -0.02891931
v -0.04341308 -0.00924954 -0.02587332
v -0.04495708 -0.01337433 -0.02061929
v -0.04406429 -0.00823183 -0.02491588
v -0.03921148 -0.01148311 -0.02620925
v -0.03586747 -0.01279188 -0.02627952
v -0.04077226 -0.01573047 -0.02087779
v -0.04205629 -0.01917425 -0.01501522
v -0.03743946 -0.01705529 -0.02095609
v -0.03714506 -0.01697441 -0.02082271
v -0.03879229 -0.02061032 -0.01515230
v -0.03849226 -0.02053119 -0.01503643
v -0.03792750 -0.02169072 -0.01415767
v -0.03655306 -0.02157132 -0.01525752
v -0.03779546 -0.02139483 -0.01424530
v -0.03717309 -0.02004613 -0.01332194
v -0.03669788 -0.02130108 -0.01512066
v -0.03532826 -0.01769420 -0.02086535
v -0.03610026 -0.01996146 -0.01416745
v -0.03789469 -0.01919165 -0.01408401
v -0.03478028 -0.01641050 -0.01981244
v -0.03329708 -0.01232025 -0.02489896
v -0.03659707 -0.01569062 -0.01976981
v -0.03511707 -0.01160814 -0.02486118
v -0.03558427 -0.01272980 -0.02611771
v -0.03331067 -0.00676469 -0.02898138
v -0.03368269 -0.00763820 -0.03044858
v -0.03148986 -0.00747680 -0.02901916
v -0.03122026 -0.00126047 -0.03200778
v -0.03148347 -0.00184919 -0.03363305
v -0.02939946 -0.00197343 -0.03204546
v -0.02893388 0.00468027 -0.03383421
v -0.02711388 0.00396891 -0.03387206
v -0.02907788 0.00440376 -0.03555358
v -0.02654030 0.01082943 -0.03434690
v -0.02655389 0.01088540 -0.03609405
v -0.02471949 0.01011722 -0.03438467
v -0.02411630 0.01698164 -0.03347695
v -0.02229630 0.01627037 -0.03351401
v -0.02473389 0.01017320 -0.03613181
v -0.02725789 0.00369155 -0.03559134
v -0.02451870 0.01009563 -0.03636764
v -0.02705948 0.00357016 -0.03582357
v -0.02137229 0.00886553 -0.03643136
v -0.02115390 0.00877335 -0.03620419
v -0.02391307 0.00233997 -0.03588727
v -0.02633550 -0.00395337 -0.03395384
v -0.02367708 0.00229162 -0.03566451
v -0.02608268 -0.00396115 -0.03374320
v -0.02353389 0.00256906 -0.03394444
v -0.02581946 -0.00337260 -0.03211871
v -0.02171390 0.00185694 -0.03398141
v -0.02113950 0.00871815 -0.03445793
v -0.01931951 0.00800610 -0.03449410
v -0.02185628 0.00158043 -0.03570078
v -0.02399947 -0.00408456 -0.03215490
v -0.02426268 -0.00467328 -0.03378018
v -0.02608988 -0.00958792 -0.02912859
v -0.02646109 -0.01046219 -0.03059573
v -0.02790987 -0.00887665 -0.02909153
v -0.02789866 -0.01443428 -0.02500489
v -0.02971946 -0.01372223 -0.02496871
v -0.02939626 -0.01855265 -0.01991875
v -0.02836429 -0.01555457 -0.02626396
v -0.02993228 -0.01982334 -0.02099387
v -0.02820508 -0.01578810 -0.02643508
v -0.02978026 -0.02007837 -0.02113950
v -0.02629148 -0.01066318 -0.03079502
v -0.02433068 -0.01730356 -0.02651432
v -0.02404830 -0.01724140 -0.02635172
v -0.02241389 -0.01217942 -0.03087340
v -0.02590830 -0.02159843 -0.02123115
v -0.02561628 -0.02151942 -0.02109357
v -0.02509066 -0.02025602 -0.02000324
v -0.02699868 -0.02529514 -0.01558117
v -0.02645470 -0.02401615 -0.01451973
v -0.02464110 -0.02474129 -0.01459078
v -0.02358510 -0.01612332 -0.02509081
v -0.02177469 -0.01127551 -0.02921628
v -0.02214586 -0.01214902 -0.03068347
v -0.01968429 -0.00577139 -0.03224266
v -0.01994750 -0.00636011 -0.03386794
v -0.01786430 -0.00648342 -0.03227964
v -0.01739790 0.00017019 -0.03406837
v -0.01754191 -0.00010716 -0.03578846
v -0.01500427 0.00631927 -0.03458185
v -0.01557791 -0.00054193 -0.03410615
v -0.01572110 -0.00081929 -0.03582542
v -0.01318347 0.00560724 -0.03461884
v -0.01076109 0.01176030 -0.03374898
v -0.01319711 0.00566321 -0.03636599
v -0.01064589 0.01214163 -0.03545084
v -0.00815790 0.01838678 -0.03316792
v -0.00582750 0.02416364 -0.02964877
v -0.00838988 0.01771088 -0.03157314
v -0.01258108 0.01247234 -0.03371200
v -0.01501786 0.00637448 -0.03632894
v -0.01777789 -0.00005889 -0.03601200
v -0.02019946 -0.00635233 -0.03407856
v -0.02165868 0.00145810 -0.03593371
v -0.02407948 -0.00483602 -0.03399940
v -0.03117787 -0.02380417 -0.01553000
v -0.03257310 -0.02401987 -0.01449283
v -0.03132669 -0.02354201 -0.01538589
v -0.03075706 -0.02223852 -0.01436875
v -0.03244430 -0.02371719 -0.01455300
v -0.03313309 -0.02279901 -0.01529735
v -0.03186666 -0.02243758 -0.01350933
v -0.03256346 -0.02149630 -0.01427932
v -0.03121468 -0.01783600 -0.01987581
v -0.03175069 -0.01910736 -0.02095005
v -0.03204428 -0.01918782 -0.02108589
v -0.03018429 -0.01484169 -0.02622708
v -0.03046667 -0.01490470 -0.02638959
v -0.02828190 -0.00975024 -0.03055954
v -0.02854988 -0.00978054 -0.03074946
v -0.03169228 -0.00855198 -0.03068479
v -0.02948028 -0.00272404 -0.03389005
v -0.03186189 -0.00835031 -0.03048636
v -0.03360588 -0.01367688 -0.02632564
v -0.03376428 -0.01344192 -0.02615549
v -0.03517787 -0.01795076 -0.02101002
v -0.02966348 -0.00256122 -0.03367003
v -0.03343069 -0.02287726 -0.01541974
v -0.02931387 0.00445117 -0.03577703
v -0.03173629 -0.00184141 -0.03384368
v -0.03395068 -0.00766850 -0.03063850
v -0.04610668 -0.01656117 -0.01480748
v -0.04316508 -0.02189606 -0.00912069
v -0.04686748 -0.01879572 -0.00892093
v -0.04738589 -0.01741720 -0.00849342
v -0.04723149 -0.02002728 -0.00340693
v -0.04776908 -0.01868069 -0.00325602
v -0.04549309 -0.01310329 -0.00244249
v -0.04771067 -0.01881889 0.00139229
v -0.04736987 -0.01822878 0.00550430
v -0.04545070 -0.01320448 0.00096711
v -0.04518028 -0.01273567 0.00423180
v -0.04479710 -0.01198256 0.00738108
v -0.04433065 -0.01100958 0.01031770
v -0.04692026 -0.01734381 0.00920554
v -0.04637309 -0.01620368 0.01264559
v -0.04576345 -0.01739848 0.01291683
v -0.04571787 -0.01478888 0.01596233
v -0.04374748 -0.00975157 0.01326750
v -0.04511868 -0.01602067 0.01641015
v -0.04308268 -0.00829698 0.01629159
v -0.04519068 -0.01210653 -0.00657248
v -0.04452029 -0.01015786 -0.01144777
v -0.04357387 -0.00752447 -0.01638144
v -0.04661227 -0.01516777 -0.01411937
v -0.04552189 -0.01213586 -0.01979984
v -0.04238349 -0.00433729 -0.02055709
v -0.04088346 -0.00044495 -0.02376480
v -0.03905469 0.00421299 -0.02622694
v -0.03707067 0.00920637 -0.02787213
v -0.03510586 0.01408071 -0.02838052
v -0.03311469 0.01894198 -0.02758747
v -0.03103467 0.02395225 -0.02563229
v -0.03021628 0.02628941 -0.03116173
v -0.02903630 0.02870883 -0.02284921
v -0.02787310 0.03186866 -0.02789689
v -0.02734267 0.03267318 -0.01935613
v -0.02579390 0.03673365 -0.02361071
v -0.02597148 0.03578687 -0.01497514
v -0.02411148 0.04055631 -0.01823241
v -0.02485706 0.03821988 -0.00975949
v -0.02280347 0.04341040 -0.01211437
v -0.02404906 0.03987940 -0.00429486
v -0.02184908 0.04537044 -0.00566040
v -0.02368108 0.04046663 0.00097201
v -0.02380349 0.03984709 0.00621545
v -0.02138907 0.04610507 0.00093759
v -0.01997468 0.04691552 0.00084087
v -0.02154190 0.04532738 0.00752761
v -0.02009150 0.04621126 0.00770571
v -0.02219707 0.04332676 0.01390121
v -0.02072589 0.04424742 0.01429350
v -0.02322508 0.04043326 0.01981541
v -0.02435147 0.03817141 0.01155057
v -0.02521230 0.03575034 0.01650067
v -0.02636429 0.03266095 0.02060219
v -0.02466270 0.03657770 0.02493301
v -0.02789070 0.02869615 0.02391287
v -0.02653228 0.03172141 0.02898938
v -0.02970988 0.02404753 0.02660322
v -0.02862827 0.02636828 0.03208663
v -0.03151790 0.01947199 0.02855775
v -0.03071386 0.02108895 0.03434186
v -0.03305866 0.01561647 0.02950728
v -0.03266670 0.01620004 0.03554639
v -0.03434030 0.01245560 0.02951300
v -0.03166510 0.01592525 0.03658789
v -0.02824346 0.01481669 0.03881390
v -0.02960750 0.02106852 0.03542695
v -0.02593867 0.01977398 0.03693836
v -0.02742268 0.02658987 0.03319562
v -0.02528030 0.03206887 0.02993458
v -0.02367789 0.02528362 0.03412611
v -0.02152750 0.03082134 0.03057857
v -0.02032906 0.02404647 0.03420864
v -0.02013866 0.02384865 0.03401705
v -0.02256266 0.01869493 0.03743437
v -0.01818110 0.02952379 0.03053127
v -0.01627390 0.03459775 0.02610488
v -0.01801068 0.02931242 0.03034026
v -0.01838667 0.02836108 0.02892268
v -0.01611707 0.03436201 0.02593561
v -0.01658427 0.03322339 0.02469447
v -0.01459147 0.03854112 0.02059735
v -0.01473786 0.03880460 0.02073086
v -0.01513469 0.03720039 0.01961691
v -0.01349151 0.04167353 0.01447582
v -0.01362907 0.04195640 0.01457041
v -0.01285550 0.04364353 0.00782147
v -0.01408827 0.04017815 0.01379715
v -0.01348507 0.04205035 0.00747343
v -0.01226747 0.03946695 0.01376089
v -0.01166427 0.04133916 0.00743717
v -0.01331388 0.03648920 0.01958065
v -0.01476347 0.03251144 0.02465826
v -0.01277067 0.03783070 0.02056020
v -0.01429626 0.03365090 0.02590016
v -0.01618749 0.02860685 0.03031226
v -0.01401550 0.03371520 0.02605932
v -0.01591708 0.02864618 0.03049567
v -0.01087310 0.03248671 0.02599624
v -0.01277067 0.02742924 0.03044269
v -0.01071627 0.03225021 0.02582705
v -0.01118509 0.03111022 0.02458844
v -0.01260106 0.02721564 0.03025430
v -0.01466429 0.02186433 0.03407257
v -0.01299068 0.02624736 0.02885128
v -0.01498267 0.02092891 0.03262928
v -0.01116826 0.02554063 0.02881940
v -0.01077868 0.02650968 0.03022154
v -0.00936510 0.03039818 0.02455146
v -0.01314508 0.02026538 0.03262763
v -0.01507308 0.01523966 0.03647830
v -0.01282589 0.02120072 0.03407011
v -0.01476991 0.01632441 0.03781572
v -0.01255867 0.02124221 0.03425891
v -0.01449787 0.01639570 0.03799671
v -0.01050589 0.02655199 0.03040221
v -0.00861470 0.01980729 0.03422947
v -0.01039950 0.01513319 0.03806731
v -0.00662267 0.02504758 0.03032989
v -0.00843870 0.01959631 0.03404242
v -0.00880668 0.01862593 0.03263561
v -0.00645468 0.02483246 0.03014165
v -0.01022026 0.01491167 0.03790305
v -0.00836508 0.01429433 0.03791283
v -0.01061308 0.01377600 0.03663506
v -0.00875709 0.01316218 0.03663965
v -0.00697467 0.01794440 0.03261406
v -0.00808589 0.01436257 0.03807963
v -0.00861470 0.03160408 0.02594988
v -0.00889546 0.03153894 0.02578999
v -0.00736987 0.03571957 0.02045076
v -0.00626909 0.03885122 0.01433013
v -0.00791390 0.03437799 0.01947040
v -0.00973470 0.03509002 0.01950739
v -0.01593706 0.01600082 0.03889993
v -0.01691310 0.01329461 0.04221356
v -0.01684028 0.01707667 0.03790013
v -0.01592666 0.01598041 0.03856911
v -0.01664750 0.01686826 0.03773856
v -0.01626188 0.01466790 0.03746120
v -0.01695148 0.01577686 0.03640742
v -0.02023546 0.01800562 0.03767972
v -0.01484749 0.02206817 0.03426113
v -0.01804187 0.02321367 0.03424328
v -0.01830189 0.02318020 0.03404566
v -0.02049386 0.01794620 0.03747184
v -0.01856586 0.02230651 0.03255274
v -0.02068187 0.01701083 0.03600520
v -0.02040030 0.02297513 0.03252494
v -0.01656429 0.02765390 0.02889486
v -0.02254588 0.01755671 0.03581287
v -0.02195388 0.01640862 0.03662133
v -0.02235948 0.01849804 0.03727485
v -0.02178189 0.01747544 0.03799592
v -0.02184669 0.01743742 0.03832136
v -0.02370187 0.01363607 0.04138727
v -0.02198106 0.01267342 0.04710500
v -0.01673948 0.01225841 0.04751898
v -0.01763069 0.01743502 0.06576234
v -0.02554189 0.01154217 0.04663335
v -0.02244746 0.01611930 0.06503830
v -0.02025549 0.01720731 0.06793601
v -0.01328108 0.01649660 0.06444077
v 0.02301170 0.00230972 0.06370699
v 0.02688209 0.00003735 0.06486562
v 0.02208211 -0.00292009 0.04672726
v 0.02627729 -0.00619508 0.04611729
v 0.02280533 -0.00223437 0.04139838
v 0.02828130 -0.00668878 0.04030955
v 0.02414290 0.00118757 0.03715812
v 0.02558850 0.00521621 0.03415460
v 0.02975730 -0.00168649 0.03653762
v 0.03462769 -0.00391968 0.03565330
v 0.03662931 0.00168066 0.03284801
v 0.02559730 0.00528451 0.03382612
v 0.02704770 0.00568291 0.03339854
v 0.02480129 0.00662815 0.03349088
v 0.02677251 0.01197027 0.02963653
v 0.02496931 0.00641690 0.03329341
v 0.02693810 0.01175661 0.02944657
v 0.02454850 0.00552104 0.03185177
v 0.02515329 0.00436896 0.03240415
v 0.02651571 0.01079968 0.02804483
v 0.02634851 0.00476262 0.03177763
v 0.02833251 0.01008115 0.02800045
v 0.02677011 0.00565933 0.03321921
v 0.02875570 0.01103734 0.02940147
v 0.03063010 0.01607282 0.02497652
v 0.02903329 0.01107541 0.02958095
v 0.03015491 0.01493444 0.02373775
v 0.02833570 0.01564934 0.02377847
v 0.03160850 0.01891135 0.01865941
v 0.02978929 0.01962685 0.01869846
v 0.03033730 0.02096606 0.01967906
v 0.03083569 0.02260332 0.01288205
v 0.02881090 0.01678678 0.02501652
v 0.02865411 0.01702414 0.02518566
v 0.02459411 0.01861514 0.02527177
v 0.02271730 0.01357327 0.02973031
v 0.03051890 0.00421322 0.03323108
v -0.01154110 0.04199591 0.00085210
v -0.01192267 0.04136425 -0.00577716
v -0.01336190 0.04270643 0.00088921
v -0.01272590 0.04433451 0.00088076
v -0.01374347 0.04207552 -0.00574013
v -0.01312749 0.04367155 -0.00609992
v -0.01459867 0.04022222 -0.01218872
v -0.01277787 0.03951162 -0.01222664
v -0.01402428 0.04172736 -0.01286823
v -0.01536829 0.03861915 -0.01917061
v -0.01416428 0.04201062 -0.01295378
v -0.01551549 0.03888340 -0.01929365
v -0.01326186 0.04396634 -0.00614323
v -0.01751549 0.04331848 -0.01288502
v -0.02135469 0.04433812 -0.01275514
v -0.01886670 0.04019116 -0.01922488
v -0.01661307 0.04527334 -0.00607439
v -0.02041146 0.04625741 -0.00605911
v -0.01620910 0.04594248 0.00095153
v -0.01633946 0.04524647 0.00793854
v -0.01285870 0.04463470 0.00088356
v -0.01298906 0.04393963 0.00787131
v -0.01697866 0.04326316 0.01463686
v -0.01808588 0.04011061 0.02079741
v -0.02182666 0.04116652 0.02035922
v -0.01962110 0.03590443 0.02617054
v -0.02336189 0.03706000 0.02564434
v -0.02061626 0.03600641 -0.02483854
v -0.02274186 0.04129729 -0.01900318
v -0.02452909 0.03722666 -0.02452941
v -0.02666747 0.03223128 -0.02908873
v -0.02270667 0.03090186 -0.02949220
v -0.01726510 0.03469933 -0.02490818
v -0.00772669 0.04156043 -0.00620936
v -0.00919869 0.03811253 -0.01229909
v -0.00834267 0.03996516 -0.00584962
v -0.00865948 0.03443293 -0.01835107
v 0.00052769 0.03857684 -0.00642327
v 0.00490129 0.03686664 -0.00651190
v 0.00356371 0.03312327 -0.01255746
v 0.00244291 0.02547606 -0.02393457
v 0.01376130 0.01709080 0.02992113
v 0.00886771 0.01885226 0.02983977
v 0.01102211 0.02392651 0.02555163
v 0.01255571 0.02813421 0.02017753
v 0.01073730 0.02386230 0.02539246
v 0.01032769 0.02287079 0.02431903
v 0.01226289 0.02804362 0.02005237
v 0.01336371 0.03117526 0.01393172
v 0.01179092 0.02687996 0.01920208
v 0.01284449 0.02987787 0.01334251
v 0.01345250 0.03176338 0.00697564
v 0.01357653 0.03242356 0.00034359
v 0.01399891 0.03314527 0.00727655
v 0.01412851 0.03383625 0.00033586
v 0.01430051 0.03327084 0.00731861
v 0.01443011 0.03396669 0.00032999
v 0.01892530 0.03146196 0.00722382
v 0.01366212 0.03128753 0.01401691
v 0.01905653 0.03215779 0.00023601
v 0.01865331 0.03148951 -0.00678997
v 0.01918852 0.03185760 0.00023321
v 0.01855170 0.03022951 0.00024166
v 0.01878769 0.03119388 -0.00674739
v 0.01789009 0.02925045 -0.01351578
v 0.01817090 0.02959861 -0.00638767
v 0.01999089 0.02888580 -0.00642377
v 0.01731493 0.02774606 -0.01283634
v 0.01603410 0.02477842 -0.01885213
v 0.01913568 0.02703318 -0.01287324
v 0.01785409 0.02406561 -0.01888823
v 0.01971008 0.02853756 -0.01355268
v 0.01836769 0.02542860 -0.01985498
v 0.01662928 0.02126974 -0.02543506
v 0.01865169 0.02552462 -0.01998765
v 0.02309650 0.02378459 -0.02007648
v 0.01690208 0.02134063 -0.02560139
v 0.01619489 0.02009808 -0.02421256
v 0.01437489 0.02081013 -0.02417639
v 0.01421329 0.01525646 -0.02862572
v 0.01239330 0.01596766 -0.02858946
v 0.01273171 0.01690731 -0.03002422
v 0.01017010 0.01045379 -0.03194851
v 0.00780050 0.00450312 -0.03412435
v 0.01040289 0.01112961 -0.03354409
v 0.00791652 0.00488444 -0.03582621
v 0.01021730 0.01130343 -0.03375051
v 0.00771572 0.00501904 -0.03604718
v 0.00558693 0.01311462 -0.03365756
v 0.01256129 0.01711618 -0.03021003
v 0.01465089 0.02222166 -0.02555565
v 0.00793011 0.01892583 -0.03011613
v 0.00766933 0.01888596 -0.02992157
v 0.01002051 0.02403123 -0.02546254
v 0.00974690 0.02396034 -0.02529623
v 0.01177012 0.02821607 -0.01984809
v 0.01148612 0.02811996 -0.01971622
v 0.01312210 0.03134336 -0.01350745
v 0.01639969 0.02640556 -0.01994190
v 0.01775090 0.02953371 -0.01360135
v 0.01654770 0.02614055 -0.01981878
v 0.01480848 0.02198169 -0.02539887
v 0.01402533 0.03329908 -0.00669688
v 0.01283009 0.03122901 -0.01341312
v 0.01233170 0.02992301 -0.01282438
v 0.01372692 0.03317244 -0.00664473
v 0.01319253 0.03178801 -0.00633194
v 0.01289331 0.03166204 -0.00628068
v 0.01150691 0.03220365 -0.00625230
v 0.01327493 0.03229388 0.00034938
v 0.00308373 0.00683023 -0.03595423
v 0.00514690 -0.00150255 -0.03696844
v 0.00536449 -0.00159473 -0.03674128
v 0.00284292 -0.00807638 -0.03620080
v 0.02037250 0.02951748 0.00020468
v 0.01004212 0.02280742 0.02416057
v 0.00850370 0.01798160 0.02864886
v 0.00668289 0.01869373 0.02868583
v 0.00822212 0.01793825 0.02847312
v 0.00685413 0.01847411 0.02850047
v -0.00828831 -0.03717437 -0.01150640
v -0.00168588 -0.02615533 -0.02697225
v 0.00279171 -0.02790232 -0.02705877
v 0.00022771 -0.02103025 -0.03133060
v 0.00244052 -0.01520316 -0.03453578
v 0.00470850 -0.02277894 -0.03141777
v 0.00497491 -0.02274855 -0.03122704
v 0.00692050 -0.01695262 -0.03462206
v 0.00933968 -0.01065995 -0.03655542
v 0.00717251 -0.01695955 -0.03441152
v 0.00957491 -0.01070738 -0.03633116
v 0.00743172 -0.01637007 -0.03278632
v 0.00971491 -0.01042925 -0.03461195
v 0.01210453 -0.00427933 -0.03512472
v 0.01452052 0.00187525 -0.03425501
v 0.01209409 -0.00422505 -0.03687251
v 0.01187650 -0.00413372 -0.03709957
v 0.01463811 0.00225582 -0.03595680
v 0.01688291 0.00782822 -0.03208021
v 0.00486052 -0.00890982 -0.03646920
v 0.00977489 -0.03531255 -0.02177285
v 0.01178610 -0.02992516 -0.02578531
v 0.01133172 -0.03104783 -0.02704415
v 0.01323330 -0.02596158 -0.03137208
v 0.01149170 -0.03128203 -0.02721438
v 0.01340291 -0.02616147 -0.03156907
v 0.00993010 -0.03556663 -0.02191777
v 0.01712929 -0.02760464 -0.03162423
v 0.01385972 -0.04303068 -0.00941590
v 0.01266453 -0.04344722 -0.00856036
v 0.01348769 -0.04443296 -0.01039176
v 0.01498129 -0.03979030 -0.01514224
v 0.01626932 -0.03629276 -0.02079795
v 0.01452452 -0.04119014 -0.01608619
v 0.01577489 -0.03759670 -0.02185204
v 0.01469089 -0.04145259 -0.01620936
v 0.01900212 -0.04292078 -0.01620170
v 0.01367408 -0.04467391 -0.01050986
v 0.01593172 -0.03785208 -0.02199361
v 0.02020289 -0.03945611 -0.02204144
v 0.01748210 -0.03358977 -0.02730406
v 0.02174689 -0.03521879 -0.02735259
v 0.01939088 -0.02847662 -0.03165237
v 0.01732132 -0.03335650 -0.02713454
v 0.01921889 -0.02827587 -0.03145545
v 0.02140690 -0.02249588 -0.03463339
v 0.02378930 -0.01624847 -0.03655175
v 0.02159172 -0.02265846 -0.03485103
v 0.02398931 -0.01636962 -0.03678159
v 0.02584609 -0.02430101 -0.03489016
v 0.03052529 -0.02608952 -0.03489292
v 0.02822450 -0.01801355 -0.03681818
v 0.02365330 -0.03011228 -0.03169542
v 0.02834531 -0.03188802 -0.03170751
v 0.03068930 -0.01148095 -0.03736378
v 0.03287729 -0.01981037 -0.03681689
v 0.03640850 -0.02082207 -0.03656244
v 0.03529731 -0.01327709 -0.03736335
v 0.03768609 -0.00671830 -0.03645629
v 0.03896290 -0.01449036 -0.03712322
v 0.04155250 -0.00815938 -0.03623508
v 0.03314451 -0.00493286 -0.03645161
v 0.03997649 -0.00037921 -0.03418280
v 0.03551329 0.00138872 -0.03416833
v 0.03772369 0.00724011 -0.03064380
v 0.03142930 0.00299582 -0.03412241
v 0.03370210 0.00882675 -0.03059261
v 0.02899650 -0.00330786 -0.03641071
v 0.03118130 0.00299149 -0.03390890
v 0.02876450 -0.00327210 -0.03618274
v 0.03093971 0.00232135 -0.03231309
v 0.02863809 -0.00364700 -0.03448072
v 0.02911969 0.00303448 -0.03228908
v 0.02681731 -0.00293639 -0.03445887
v 0.02936209 0.00370623 -0.03388506
v 0.02917811 0.00387913 -0.03409299
v 0.02694451 -0.00255998 -0.03616105
v 0.02674450 -0.00242546 -0.03638281
v 0.02308690 -0.00099371 -0.03632971
v 0.02556051 0.00529823 -0.03403702
v 0.02285572 -0.00095873 -0.03610087
v 0.02531329 0.00529331 -0.03382185
v 0.02273489 -0.00133675 -0.03439853
v 0.02507650 0.00461986 -0.03222651
v 0.02091490 -0.00062552 -0.03436951
v 0.02325651 0.00533288 -0.03219686
v 0.02103492 -0.00024733 -0.03607106
v 0.01851570 -0.00678477 -0.03523794
v 0.01850850 -0.00673202 -0.03698477
v 0.01600129 -0.01321528 -0.03644413
v 0.01829092 -0.00663992 -0.03721273
v 0.01576611 -0.01316785 -0.03666840
v 0.02083489 -0.00011205 -0.03629290
v 0.01335413 -0.01946137 -0.03473576
v 0.02349330 0.00600717 -0.03379148
v 0.02727090 0.01014233 -0.02887154
v 0.02761329 0.01107867 -0.03030676
v 0.02787491 0.01111786 -0.03050046
v 0.02966689 0.01616063 -0.02568621
v 0.02994050 0.01623084 -0.02585165
v 0.03145329 0.00971218 -0.03055938
v 0.02627331 -0.00981236 -0.03534612
v 0.02627169 -0.00976368 -0.03709335
v 0.02648851 -0.00984169 -0.03732591
v 0.03970369 0.01237748 -0.02600791
v 0.03397730 -0.02693233 -0.03465465
v 0.03143650 -0.03688578 0.02616556
v 0.02645329 -0.03864943 0.02496151
v 0.02753490 -0.03580782 0.02756319
v 0.02297091 -0.03765040 0.02546894
v 0.01924688 -0.03722086 0.02650317
v 0.01485731 -0.04533376 0.01846135
v 0.02134692 -0.02960435 0.03584676
v 0.03265649 -0.03399671 0.02811121
v 0.03735729 -0.02228976 0.02619330
v 0.03854691 -0.01941242 0.02710291
v 0.03871089 -0.02099771 0.03296926
v 0.03977490 -0.01642252 0.02770777
v 0.04104930 -0.01327988 0.02770467
v 0.04026049 -0.01722253 0.03373237
v 0.04258290 -0.00944126 0.02676250
v 0.01372849 -0.04770602 0.03804956
v 0.00504529 -0.07340474 0.00984687
v 0.00419251 -0.07665917 0.00805775
v -0.00983150 -0.06703299 0.00478835
v -0.02399227 -0.12451192 0.05160050
v -0.03133470 -0.12447158 0.05249777
v -0.03147070 -0.12470371 0.05072410
v -0.03879229 -0.12305093 0.05400164
v -0.04617549 -0.12064445 0.05458553
v -0.01969468 -0.12316835 0.03724940
v -0.05109945 -0.05225357 -0.00651024
v -0.05106269 -0.05483830 -0.00806757
v -0.04964186 -0.04966519 -0.00767653
v -0.04924666 -0.05292148 -0.00957963
v -0.04876348 -0.05451610 -0.00994199
v -0.04624506 -0.05178193 -0.01074583
v -0.04168750 -0.05221773 -0.01151330
v -0.04595228 -0.05367546 -0.01111353
v -0.04178749 -0.05410315 -0.01188905
v -0.04521147 -0.05522404 -0.01108171
v -0.04764186 -0.05603220 -0.01004288
v -0.04156429 -0.05562059 -0.01176387
v -0.04431468 -0.05645121 -0.01086831
v -0.04152190 -0.05714097 -0.01121870
v -0.04557868 -0.05749594 -0.01008713
v -0.00887869 -0.06992147 -0.01189524
v -0.00781949 -0.06882492 -0.01245651
v -0.00635708 -0.07131419 -0.01165636
v -0.00486510 -0.07101617 -0.01191546
v -0.00325868 -0.07037956 -0.01198910
v -0.00361469 -0.07327428 -0.01095927
v -0.00174430 -0.07292148 -0.01091272
v -0.00159071 -0.07541925 -0.00947814
v -0.00027950 -0.07207951 -0.01058325
v 0.00230848 -0.06997899 -0.00873203
v -0.00020988 -0.07474126 -0.00911613
v -0.00173629 -0.06919055 -0.01165512
v -0.00539630 -0.06640983 -0.01225139
v -0.00662029 -0.06785825 -0.01260673
v 0.00165731 -0.07288518 -0.00758365
v 0.00236051 -0.07187478 -0.00646629
v 0.00076210 -0.08078832 -0.00099470
v 0.00144932 -0.07967106 0.00003391
v 0.00185410 -0.08212509 0.00206390
v 0.00199573 -0.07846057 0.00117378
v 0.00291812 -0.07079902 -0.00522686
v 0.00248529 -0.07712992 0.00239725
v 0.00237729 -0.08080649 0.00308838
v 0.00340292 -0.06966805 -0.00391015
v 0.00390851 -0.06844749 -0.00248507
v 0.00443170 -0.06683808 -0.00462393
v 0.01330210 -0.05105607 0.00538082
v 0.00393812 -0.06794799 -0.00603521
v 0.01270773 -0.05227863 0.00253682
v 0.00327970 -0.06900047 -0.00741206
v 0.00247008 -0.08553673 0.00485505
v -0.04927627 -0.05777248 -0.00867882
v -0.05053626 -0.05625098 -0.00846028
v -0.05465465 -0.06486894 -0.00242341
v -0.05515786 -0.06326343 -0.00202516
v -0.02732827 -0.00623979 0.10110459
v -0.03041626 -0.00826311 0.10402880
v -0.02268907 -0.01016471 0.10305247
v -0.03117787 -0.00401739 0.10029752
v -0.03351866 -0.00755399 0.10435633
v -0.03614827 -0.00706566 0.10449538
v -0.03401948 -0.01164323 0.10826083
v -0.02920266 -0.01138741 0.10646222
v -0.03343707 -0.01622559 0.11220362
v -0.03707629 -0.01163805 0.10898472
v -0.03883305 -0.01178067 0.10910197
v -0.03677069 -0.01652262 0.11329559
v -0.03547307 -0.02150937 0.11731844
v -0.03860665 -0.01687889 0.11363130
v -0.03715225 -0.02206729 0.11778295
v -0.03983146 -0.01736233 0.11354079
v -0.03832026 -0.02270311 0.11780906
v -0.03556429 -0.02793076 0.12150636
v -0.03962270 -0.02354414 0.11772073
v -0.03448988 -0.02714147 0.12137558
v -0.03163229 -0.03284627 0.12447762
v -0.02670986 -0.03728002 0.12664224
v -0.03066345 -0.03190338 0.12425100
v -0.02587067 -0.03620573 0.12634694
v -0.02933146 -0.03081663 0.12344065
v -0.02467066 -0.03488469 0.12537957
v -0.02712828 -0.02912008 0.12149645
v -0.03303705 -0.02634694 0.12077712
v -0.03067547 -0.02531736 0.11936549
v -0.02788426 -0.02419678 0.11749849
v -0.03252107 -0.02094725 0.11611942
v -0.02772189 -0.02069734 0.11433348
v -0.02783786 -0.01592433 0.11008848
v -0.02081868 -0.02144575 0.11255941
v -0.02409307 -0.02620060 0.11795314
v -0.01901228 -0.02934887 0.11893207
v -0.01476428 -0.03342720 0.12100147
v -0.02254750 -0.03276066 0.12308929
v -0.01779548 -0.03635084 0.12454360
v -0.01286671 -0.03911350 0.12518308
v -0.01942107 -0.03849332 0.12667413
v -0.01369469 -0.04132959 0.12709347
v -0.02033626 -0.03990209 0.12761734
v -0.01425707 -0.04281435 0.12797677
v -0.02100746 -0.04107133 0.12793506
v -0.01473786 -0.04406102 0.12829261
v -0.02177946 -0.04247703 0.12814870
v -0.01531789 -0.04555591 0.12851441
v -0.00849869 -0.04766915 0.12787936
v -0.01599466 -0.04729497 0.12869082
v -0.00896508 -0.04947873 0.12804273
v -0.00183790 -0.05062042 0.12641917
v -0.00950348 -0.05140653 0.12810946
v -0.00219071 -0.05260233 0.12646719
v -0.00324747 -0.05643359 0.12618651
v 0.00494611 -0.05269012 0.12388946
v 0.01163332 -0.05161658 0.12042715
v 0.00407093 -0.05662624 0.12362977
v 0.00511410 -0.05068502 0.12388814
v 0.01161649 -0.04963540 0.12051587
v 0.01097572 -0.05554886 0.12007782
v 0.01035092 -0.05729081 0.11984122
v 0.01722290 -0.05313929 0.11556464
v 0.01667249 -0.05481188 0.11523424
v 0.01761009 -0.04936710 0.11616161
v 0.02257330 -0.04956256 0.11032873
v 0.02213251 -0.05109987 0.10983277
v 0.02267010 -0.04606849 0.11128651
v 0.02679409 -0.04504213 0.10465866
v 0.02965089 -0.03979876 0.09884519
v 0.02646929 -0.04641459 0.10397087
v 0.02662050 -0.04188720 0.10602522
v 0.02603170 -0.04756531 0.10335324
v 0.02942370 -0.04101536 0.09798011
v 0.03085650 -0.03518965 0.09216919
v 0.02907011 -0.04203249 0.09721156
v 0.02871250 -0.04279929 0.09660681
v 0.03055250 -0.03611221 0.09128582
v 0.03023411 -0.03681479 0.09059904
v 0.03079809 -0.03019654 0.08573766
v 0.03109490 -0.02934119 0.08675241
v 0.02999250 -0.03727072 0.09016728
v 0.02844450 -0.04328408 0.09621492
v 0.02530049 -0.04897907 0.10254255
v 0.02560929 -0.04843379 0.10286402
v 0.02075250 -0.05398955 0.10877644
v 0.02508129 -0.04925013 0.10235754
v 0.02051651 -0.05429166 0.10862670
v 0.02033169 -0.05435922 0.10853057
v 0.01486933 -0.05829929 0.11436744
v 0.01469409 -0.05836870 0.11426908
v 0.00846612 -0.06092027 0.11913665
v 0.01511571 -0.05797186 0.11448971
v 0.01550133 -0.05729930 0.11466895
v 0.02110292 -0.05337568 0.10902028
v 0.01605412 -0.05622769 0.11492387
v 0.02159731 -0.05239544 0.10938166
v 0.00830853 -0.06098886 0.11903018
v 0.00147331 -0.06196964 0.12247995
v 0.02013809 -0.05427002 0.10845006
v 0.03102371 -0.03409306 0.09316856
v -0.00158350 -0.04876692 0.12629318
v -0.00811951 -0.04611005 0.12767282
v -0.00783069 -0.04479113 0.12736338
v -0.00758106 -0.04312216 0.12643422
v -0.00739710 -0.04041630 0.12433309
v -0.00152509 -0.04098042 0.12266354
v -0.00776426 -0.03616311 0.12085917
v -0.00955388 -0.03017767 0.11624549
v -0.00195391 -0.03601860 0.11858532
v -0.01191947 -0.03656357 0.12271492
v 0.00387733 -0.03713527 0.11738616
v 0.00800369 -0.03822797 0.11677075
v -0.03776427 -0.00697550 0.10435205
v -0.04347149 -0.04017749 0.12030904
v -0.03897067 -0.04562272 0.12356188
v -0.03332907 -0.05018949 0.12559514
v -0.03340589 -0.05054684 0.12543085
v -0.03312908 -0.04949254 0.12581776
v -0.02685629 -0.05397651 0.12661014
v -0.02664267 -0.05334138 0.12688240
v -0.01985947 -0.05708285 0.12680656
v -0.02694990 -0.05429684 0.12641558
v -0.01961867 -0.05648318 0.12710167
v -0.02629148 -0.05233462 0.12725880
v 0.02070128 -0.04006658 0.11242804
v 0.02730049 0.02786002 -0.00691888
v 0.02770211 0.02852358 0.00006016
v 0.02706369 0.02689633 0.00006931
v 0.02524451 0.02761007 0.00010613
v 0.02694129 0.02624028 0.00665274
v 0.02512130 0.02695400 0.00669035
v 0.02451731 0.02508172 0.01301326
v 0.02575251 0.02854625 0.00703767
v 0.02511729 0.02657625 0.01369202
v 0.02401730 0.02344377 0.01981195
v 0.02497889 0.02685987 0.01378653
v 0.02387091 0.02370733 0.01994626
v 0.02233330 0.01950116 0.02531940
v 0.01943490 0.02544353 0.02003789
v 0.01199009 0.01170760 0.03367103
v 0.01157729 0.01074440 0.03227074
v 0.00041492 -0.00139804 0.08773501
v 0.00098293 -0.00170500 0.08780123
v -0.00008108 -0.00297636 0.08594306
v -0.00021069 -0.00126389 0.08784616
v -0.00079787 -0.00132270 0.08811740
v -0.00070669 -0.00284222 0.08605421
v -0.00129311 -0.00290094 0.08632544
v -0.00175307 -0.00314321 0.08671480
v -0.00201471 -0.00353226 0.08716396
v -0.00125711 -0.00156498 0.08850676
v -0.00151946 -0.00195401 0.08895513
v -0.00154350 -0.00243165 0.08939549
v -0.00132668 -0.00292330 0.08975928
v -0.00203869 -0.00400912 0.08760345
v -0.00182187 -0.00450163 0.08796733
v -0.00139711 -0.00493412 0.08819974
v -0.00090186 -0.00335580 0.08999169
v -0.00082829 -0.00524108 0.08826598
v -0.00020349 -0.00537522 0.08815484
v -0.00033309 -0.00366198 0.09005704
v 0.00029171 -0.00379698 0.08994598
v 0.00087969 -0.00373818 0.08967555
v 0.00133894 -0.00349599 0.08928536
v 0.00038450 -0.00531651 0.08788361
v 0.00084369 -0.00507414 0.08749421
v 0.00110533 -0.00468519 0.08704506
v 0.00112932 -0.00420747 0.08660548
v 0.00160053 -0.00310686 0.08883701
v 0.00162451 -0.00263000 0.08839752
v 0.00140851 -0.00213749 0.08803364
v 0.00091250 -0.00371582 0.08624169
v 0.00048773 -0.00328332 0.08600928
v 0.00327489 -0.03817011 0.11993845
v 0.00384290 -0.03847630 0.12000380
v 0.00264933 -0.03803520 0.12004871
v 0.00277889 -0.03974834 0.11814650
v 0.00334771 -0.04005463 0.11821183
v 0.00215409 -0.03961344 0.11825757
v 0.00156610 -0.03967216 0.11852880
v 0.00110691 -0.03991443 0.11891816
v 0.00206211 -0.03809391 0.12031994
v 0.00160291 -0.03833619 0.12070933
v 0.00134051 -0.03872524 0.12115846
v 0.00084531 -0.04030432 0.11936659
v 0.00131652 -0.03920285 0.12159803
v 0.00153329 -0.03969460 0.12196183
v 0.00082052 -0.04078118 0.11980608
v 0.00103729 -0.04127276 0.12017068
v 0.00146291 -0.04170535 0.12040310
v 0.00195811 -0.04012702 0.12219505
v 0.00203092 -0.04201229 0.12046853
v 0.00265653 -0.04214645 0.12035820
v 0.00252693 -0.04043406 0.12226048
v 0.00315249 -0.04056820 0.12214934
v 0.00373890 -0.04050939 0.12187810
v 0.00419810 -0.04026711 0.12148871
v 0.00324371 -0.04208849 0.12008704
v 0.00370290 -0.04184622 0.11969765
v 0.00396531 -0.04145631 0.11924841
v 0.00398929 -0.04097869 0.11880884
v 0.00446050 -0.03987808 0.12104036
v 0.00448530 -0.03940130 0.12060009
v 0.00426772 -0.03890879 0.12023621
v 0.00377252 -0.04048704 0.11844505
v -0.02442190 -0.02793946 0.12098783
v -0.02385308 -0.02824624 0.12105485
v -0.02504746 -0.02780522 0.12109897
v -0.02491790 -0.02951779 0.11919588
v -0.02434908 -0.02982381 0.11926282
v -0.02554270 -0.02938347 0.11930783
v -0.02612988 -0.02944142 0.11957898
v -0.02658907 -0.02968370 0.11996834
v -0.02563468 -0.02786327 0.12137013
v -0.02609388 -0.02810563 0.12175871
v -0.02635547 -0.02849536 0.12220876
v -0.02685067 -0.03007360 0.12041759
v -0.02638027 -0.02897214 0.12264903
v -0.02616350 -0.02946463 0.12301209
v -0.02687546 -0.03055037 0.12085707
v -0.02665869 -0.03104288 0.12122095
v -0.02623388 -0.03147461 0.12145328
v -0.02573868 -0.02989629 0.12324523
v -0.02566506 -0.03178157 0.12151953
v -0.02503950 -0.03191571 0.12140838
v -0.02516986 -0.03020332 0.12331067
v -0.02454430 -0.03033747 0.12319952
v -0.02395708 -0.03027951 0.12292837
v -0.02349788 -0.03003647 0.12253893
v -0.02445308 -0.03185776 0.12113722
v -0.02399308 -0.03161548 0.12074784
v -0.02373148 -0.03122567 0.12029860
v -0.02370669 -0.03074882 0.11985911
v -0.02323629 -0.02964735 0.12209055
v -0.02321149 -0.02917049 0.12165106
v -0.02342826 -0.02867891 0.12128648
v -0.02392427 -0.03025630 0.11949525
v -0.03299386 -0.07521747 -0.00334196
v -0.03242509 -0.07552365 -0.00327661
v -0.03361870 -0.07508340 -0.00323160
v -0.03348910 -0.07679580 -0.00513391
v -0.03292109 -0.07710198 -0.00506856
v -0.03411466 -0.07666080 -0.00502285
v -0.03470189 -0.07671969 -0.00475241
v -0.03516108 -0.07696188 -0.00436224
v -0.03420588 -0.07514136 -0.00296047
v -0.03466589 -0.07538364 -0.00257108
v -0.03492748 -0.07577269 -0.00212192
v -0.03542267 -0.07735177 -0.00391379
v -0.03495146 -0.07625030 -0.00168236
v -0.03473469 -0.07674281 -0.00131848
v -0.03544747 -0.07782863 -0.00347430
v -0.03522989 -0.07832097 -0.00310965
v -0.03480508 -0.07875270 -0.00287730
v -0.03430988 -0.07717445 -0.00108616
v -0.03423707 -0.07905974 -0.00281188
v -0.03361150 -0.07919380 -0.00292222
v -0.03374106 -0.07748141 -0.00101994
v -0.03311626 -0.07761556 -0.00113108
v -0.03252908 -0.07755684 -0.00140229
v -0.03206908 -0.07731456 -0.00179168
v -0.03302428 -0.07913509 -0.00319345
v -0.03256509 -0.07889357 -0.00358275
v -0.03230349 -0.07850376 -0.00403199
v -0.03227870 -0.07802698 -0.00447227
v -0.03180749 -0.07692543 -0.00224003
v -0.03178350 -0.07644866 -0.00268033
v -0.03200027 -0.07595624 -0.00304420
v -0.03249547 -0.07753439 -0.00483535
v -0.03013470 -0.11198877 0.02886061
v -0.02956588 -0.11229563 0.02892682
v -0.03076031 -0.11185453 0.02897172
v -0.03062989 -0.11356710 0.02706864
v -0.03006188 -0.11387320 0.02713480
v -0.03125550 -0.11343278 0.02718058
v -0.03184268 -0.11349167 0.02745102
v -0.03230187 -0.11373395 0.02784040
v -0.03134667 -0.11191334 0.02924296
v -0.03180668 -0.11215486 0.02963227
v -0.03206827 -0.11254475 0.03008071
v -0.03256428 -0.11412299 0.02828956
v -0.03209307 -0.11302153 0.03052100
v -0.03187630 -0.11351394 0.03088487
v -0.03258826 -0.11459976 0.02872904
v -0.03237149 -0.11509227 0.02909292
v -0.03194668 -0.11552476 0.02932533
v -0.03145148 -0.11394653 0.03111729
v -0.03137791 -0.11583104 0.02939069
v -0.03075230 -0.11596511 0.02928033
v -0.03088266 -0.11425271 0.03118264
v -0.03025710 -0.11438763 0.03107236
v -0.02966988 -0.11432882 0.03080112
v -0.02921068 -0.11408579 0.03041168
v -0.03016507 -0.11590715 0.02900917
v -0.02970588 -0.11566487 0.02861981
v -0.02944428 -0.11527506 0.02817057
v -0.02941949 -0.11479821 0.02773108
v -0.02894909 -0.11369674 0.02996252
v -0.02892429 -0.11321988 0.02952303
v -0.02914106 -0.11272822 0.02915924
v -0.02963631 -0.11430646 0.02736728
v -0.05783068 -0.10175804 0.02991079
v -0.05726267 -0.10206507 0.02997623
v -0.05845710 -0.10162397 0.03002113
v -0.05832668 -0.10333636 0.02811885
v -0.05775786 -0.10364331 0.02818427
v -0.05895229 -0.10320213 0.02822998
v -0.05953947 -0.10326102 0.02850042
v -0.05999866 -0.10350329 0.02888980
v -0.05904346 -0.10168269 0.03029236
v -0.05950266 -0.10192496 0.03068175
v -0.05976506 -0.10231409 0.03113011
v -0.06026026 -0.10389234 0.02933894
v -0.05978909 -0.10279163 0.03157048
v -0.05957227 -0.10328338 0.03193426
v -0.06028505 -0.10436920 0.02977845
v -0.06006828 -0.10486162 0.03014230
v -0.05964266 -0.10529412 0.03037552
v -0.05914746 -0.10371502 0.03216660
v -0.05907470 -0.10560031 0.03044087
v -0.05844909 -0.10573531 0.03032982
v -0.05857945 -0.10402274 0.03223290
v -0.05795389 -0.10415706 0.03212098
v -0.05736667 -0.10409817 0.03185052
v -0.05690666 -0.10385589 0.03146114
v -0.05786186 -0.10567650 0.03005857
v -0.05740267 -0.10543422 0.02966919
v -0.05714026 -0.10504509 0.02922083
v -0.05711628 -0.10456755 0.02878048
v -0.05664507 -0.10346676 0.03101278
v -0.05662027 -0.10299008 0.03057252
v -0.05683709 -0.10249681 0.03020856
v -0.05733310 -0.10407590 0.02841669
v -0.03589946 -0.01733506 0.09670810
v -0.03655230 -0.01925921 0.09869928
v -0.03954826 -0.01583478 0.09669157
v -0.03498989 -0.01552053 0.09471425
v -0.03851548 -0.01377335 0.09442690
v -0.03383309 -0.01383203 0.09273868
v -0.03720108 -0.01185548 0.09218144
v -0.03243867 -0.01228710 0.09079848
v -0.03561708 -0.01009978 0.08997802
v -0.03082029 -0.01089977 0.08891428
v -0.03377949 -0.00852358 0.08783687
v -0.02899467 -0.00968360 0.08710281
v -0.03170587 -0.00714157 0.08577955
v -0.02697789 -0.00865049 0.08538207
v -0.02479068 -0.00781003 0.08376914
v -0.02941467 -0.00596794 0.08382520
v -0.03034106 -0.00568730 0.08282572
v -0.02692987 -0.00501365 0.08199257
v -0.02776986 -0.00469892 0.08091651
v -0.02427470 -0.00428657 0.08029859
v -0.02245308 -0.00717025 0.08227848
v -0.02502109 -0.00396009 0.07915541
v -0.02147466 -0.00379548 0.07876096
v -0.01855709 -0.00354452 0.07739463
v -0.01998827 -0.00673939 0.08092541
v -0.02212187 -0.00347242 0.07756748
v -0.02223870 -0.00346489 0.07728290
v -0.01911227 -0.00321163 0.07613020
v -0.01930987 -0.00309911 0.07568954
v -0.01600348 -0.00320833 0.07489084
v -0.01609947 -0.00306206 0.07445887
v -0.01283228 -0.00346978 0.07385822
v -0.01554987 -0.00353562 0.07621100
v -0.01248109 -0.00376920 0.07522302
v -0.01477229 -0.00651075 0.07868089
v -0.01207067 -0.00671631 0.07781149
v -0.01741950 -0.00651787 0.07972201
v -0.00934269 -0.00713367 0.07712257
v -0.00661308 -0.00775830 0.07662011
v -0.00938189 -0.00424345 0.07444011
v -0.00963308 -0.00398370 0.07304875
v -0.00628106 -0.00495290 0.07386899
v -0.00643308 -0.00472049 0.07242972
v -0.00320828 -0.00589218 0.07351554
v -0.00325949 -0.00570059 0.07204582
v -0.00019390 -0.00705035 0.07338351
v -0.00390827 -0.00858546 0.07630928
v -0.00125468 -0.00960546 0.07619309
v 0.00132129 -0.01080912 0.07627225
v 0.00273330 -0.00841702 0.07347342
v 0.00379651 -0.01218451 0.07654716
v 0.00554531 -0.00998007 0.07378569
v 0.00614693 -0.01371916 0.07701418
v 0.00821411 -0.01172301 0.07431543
v 0.00834849 -0.01539727 0.07766929
v 0.01071651 -0.01363018 0.07505948
v 0.01038129 -0.01720424 0.07850616
v 0.01302530 -0.01568142 0.07600937
v 0.01222450 -0.01912086 0.07951570
v 0.01512053 -0.01785925 0.07715692
v 0.01386129 -0.02113030 0.08068972
v 0.01698052 -0.02014128 0.07849020
v 0.01527731 -0.02321217 0.08201575
v 0.01858770 -0.02250570 0.07999659
v 0.01645572 -0.02534579 0.08348206
v 0.01738769 -0.02751278 0.08507314
v 0.01992771 -0.02493055 0.08166182
v 0.02058288 -0.02553482 0.08032998
v 0.02098691 -0.02739175 0.08346980
v 0.02175409 -0.02986596 0.08540292
v 0.02168609 -0.02808783 0.08217532
v 0.02196290 -0.02821100 0.08175756
v 0.02248213 -0.03065635 0.08416294
v 0.02295810 -0.03321649 0.08626630
v 0.02278692 -0.03080505 0.08383538
v 0.02338449 -0.03108394 0.08321293
v 0.02326531 -0.03347205 0.08595508
v 0.02325091 -0.03591342 0.08824752
v 0.02382449 -0.03318290 0.08479236
v 0.02353009 -0.03475603 0.08638806
v 0.02339889 -0.03622620 0.08789624
v 0.02363331 -0.03545618 0.08653321
v 0.02393731 -0.03443175 0.08550240
v 0.02436370 -0.03524470 0.08563716
v 0.02389809 -0.03542865 0.08606331
v 0.02418610 -0.03578369 0.08605073
v 0.02422291 -0.03695672 0.08697909
v 0.02418930 -0.03800984 0.08804495
v 0.02451810 -0.03694052 0.08693244
v 0.02472212 -0.03693885 0.08685267
v 0.02436690 -0.03843414 0.08849523
v 0.02394690 -0.03872101 0.08934498
v 0.02447411 -0.03937440 0.08936322
v 0.02461650 -0.03975769 0.08895792
v 0.02391490 -0.04186768 0.09190769
v 0.02383651 -0.03953596 0.09048418
v 0.02340130 -0.04133152 0.09239491
v 0.02328450 -0.03843886 0.09040047
v 0.02354130 -0.03786589 0.08917301
v 0.02298130 -0.03819436 0.09072080
v 0.02282449 -0.04083204 0.09281187
v 0.02252690 -0.04056941 0.09303310
v 0.02202050 -0.04320360 0.09517608
v 0.02284528 -0.04323012 0.09419219
v 0.02179329 -0.04443779 0.09575921
v 0.02078931 -0.04520633 0.09756030
v 0.02175409 -0.04283566 0.09537225
v 0.02106931 -0.04160109 0.09626447
v 0.02066929 -0.04496315 0.09771596
v 0.01932051 -0.04695942 0.10003763
v 0.02003729 -0.04366337 0.09852926
v 0.01654932 -0.04183485 0.09833020
v 0.01872212 -0.04558132 0.10077391
v 0.01713812 -0.04733616 0.10297725
v 0.01539170 -0.04352328 0.10030655
v 0.01399729 -0.04506828 0.10224597
v 0.01237890 -0.04645561 0.10413017
v 0.01530048 -0.04891245 0.10511759
v 0.01055329 -0.04767178 0.10594165
v 0.00853731 -0.04870481 0.10766319
v 0.01322691 -0.05029437 0.10717571
v 0.01361410 -0.05182652 0.10668244
v 0.01093652 -0.05146860 0.10913173
v 0.01125252 -0.05305003 0.10871659
v 0.00845172 -0.05242290 0.11096435
v 0.00868370 -0.05403444 0.11062621
v 0.00579650 -0.05314929 0.11265748
v 0.00634930 -0.04954460 0.10927524
v 0.00401251 -0.05018506 0.11076678
v 0.00154769 -0.05061677 0.11211993
v 0.00299652 -0.05364039 0.11419509
v -0.00102107 -0.05083753 0.11332323
v 0.00007813 -0.05389212 0.11556231
v -0.00366909 -0.05084465 0.11436437
v -0.00292909 -0.05390025 0.11674505
v -0.00636990 -0.05063909 0.11523376
v -0.00599711 -0.05366667 0.11773305
v -0.00909788 -0.05022088 0.11592259
v -0.00909707 -0.05319319 0.11851683
v -0.01182830 -0.04959617 0.11642586
v -0.01453230 -0.04876984 0.11673598
v -0.01219789 -0.05248288 0.11908786
v -0.01527068 -0.05154446 0.11944140
v -0.01263868 -0.05401435 0.11910589
v -0.00943787 -0.05474745 0.11849213
v -0.01273868 -0.05452338 0.11918521
v -0.01581146 -0.05303240 0.11949205
v -0.01597549 -0.05347280 0.11961431
v -0.01892106 -0.05181644 0.11963920
v -0.01917707 -0.05226732 0.11972872
v -0.02193228 -0.05037556 0.11955146
v -0.01828429 -0.05038620 0.11957342
v -0.02121150 -0.04901885 0.11948263
v -0.01718590 -0.04775070 0.11685225
v -0.01976186 -0.04654619 0.11677298
v -0.02223708 -0.04517080 0.11649807
v -0.02458750 -0.04363624 0.11603107
v -0.02402350 -0.04745666 0.11917044
v -0.02484108 -0.04875635 0.11925444
v -0.02669307 -0.04571371 0.11864071
v -0.02919465 -0.04380654 0.11789666
v -0.02760188 -0.04693765 0.11872593
v -0.02789546 -0.04729803 0.11882807
v -0.03018347 -0.04494516 0.11796688
v -0.03255469 -0.04279843 0.11699050
v -0.03056346 -0.04529419 0.11801401
v -0.03277227 -0.04303350 0.11696429
v -0.03059226 -0.04650741 0.11843102
v -0.03180748 -0.04492226 0.11756336
v -0.03172909 -0.04584571 0.11792713
v -0.03245150 -0.04480275 0.11727236
v -0.03307630 -0.04341278 0.11685447
v -0.03465468 -0.04216373 0.11622561
v -0.03341466 -0.04381722 0.11675762
v -0.03445870 -0.04285925 0.11633006
v -0.03499390 -0.04294622 0.11628012
v -0.03509866 -0.04336752 0.11648085
v -0.03566347 -0.04203679 0.11608099
v -0.03563706 -0.04292531 0.11644044
v -0.03641549 -0.04086928 0.11569750
v -0.03663708 -0.04203927 0.11611258
v -0.03785149 -0.03889527 0.11462675
v -0.03510347 -0.04089451 0.11587853
v -0.03472987 -0.04053943 0.11582758
v -0.03706189 -0.03841580 0.11451743
v -0.03877626 -0.03593504 0.11289645
v -0.03665386 -0.03816360 0.11446716
v -0.03545867 -0.03729534 0.11446595
v -0.03830667 -0.03570446 0.11291909
v -0.03706666 -0.03493008 0.11296026
v -0.03966909 -0.03318391 0.11120564
v -0.04077469 -0.03063444 0.10935663
v -0.03840667 -0.03250532 0.11129425
v -0.03992988 -0.03336108 0.11114708
v -0.04123546 -0.03088606 0.10934977
v -0.04029227 -0.03366666 0.11099528
v -0.04125706 -0.03217106 0.10989942
v -0.03971949 -0.03532677 0.11211651
v -0.04070106 -0.03398659 0.11085133
v -0.04129787 -0.03287403 0.11010515
v -0.04021545 -0.03509481 0.11166463
v -0.04050666 -0.03552654 0.11182541
v -0.04099546 -0.03544784 0.11172827
v -0.04001466 -0.03618142 0.11256502
v -0.03926989 -0.03702858 0.11339229
v -0.04088908 -0.03587759 0.11221207
v -0.04189945 -0.03435981 0.11108986
v -0.04051309 -0.03684517 0.11300079
v -0.03865148 -0.03942299 0.11465647
v -0.04213067 -0.03436705 0.11119432
v -0.04096266 -0.03725467 0.11285459
v -0.04244986 -0.03460360 0.11104844
v -0.04190508 -0.03919841 0.11071504
v -0.03916665 -0.03986047 0.11448737
v -0.04011308 -0.04178840 0.11235265
v -0.03710748 -0.04240451 0.11593461
v -0.03803068 -0.04430045 0.11380634
v -0.03479148 -0.04484278 0.11717828
v -0.03568588 -0.04671280 0.11506751
v -0.03221866 -0.04712606 0.11821983
v -0.03452507 -0.04455933 0.11730255
v -0.03188425 -0.04663413 0.11833844
v -0.03434669 -0.04449252 0.11716721
v -0.03270746 -0.04575988 0.11781317
v -0.03414026 -0.04443120 0.11694474
v -0.03305389 -0.04534544 0.11744027
v -0.03256108 -0.04530144 0.11742216
v -0.02904426 -0.04871612 0.11915874
v -0.02943789 -0.04926278 0.11903922
v -0.02612268 -0.05077271 0.11975218
v -0.02846190 -0.04798713 0.11903642
v -0.02633706 -0.04955350 0.11946723
v -0.02507788 -0.04921093 0.11933952
v -0.02524268 -0.05048865 0.11950575
v -0.02424346 -0.05032531 0.11939526
v -0.02434346 -0.05118380 0.11942123
v -0.02489306 -0.05136252 0.11972302
v -0.02311307 -0.05255168 0.11991490
v -0.02427870 -0.05163493 0.11958075
v -0.02300269 -0.05241470 0.11966233
v -0.02163626 -0.05301309 0.11976428
v -0.02110907 -0.05333962 0.11998764
v -0.02119547 -0.05282176 0.11963569
v -0.02125870 -0.05229436 0.11953124
v -0.02015068 -0.05313927 0.11985254
v -0.01879389 -0.05347938 0.11998080
v -0.02054989 -0.05224079 0.11964082
v -0.02229706 -0.05110905 0.11946116
v -0.02253629 -0.05159096 0.11939462
v -0.02208106 -0.05066319 0.11954579
v -0.02385947 -0.05094515 0.11935624
v -0.01628906 -0.05431855 0.11986333
v -0.01998827 -0.05398154 0.12018484
v -0.02021066 -0.05455199 0.12009262
v -0.01663229 -0.05520610 0.12003213
v -0.02321946 -0.05267865 0.12007639
v -0.02342106 -0.05302489 0.11998256
v -0.02649867 -0.05124455 0.11963316
v -0.02429630 -0.05485490 0.11796666
v -0.02738506 -0.05309538 0.11758559
v -0.02417227 -0.05472922 0.11720869
v -0.02109386 -0.05638917 0.11810075
v -0.02104508 -0.05623727 0.11734818
v -0.01780826 -0.05768029 0.11798205
v -0.01782829 -0.05749191 0.11722423
v -0.01691067 -0.05584559 0.11994925
v -0.01446587 -0.05871835 0.11761361
v -0.01356189 -0.05691609 0.11956236
v -0.01109631 -0.05949721 0.11700045
v -0.01454908 -0.05849017 0.11684374
v -0.01123631 -0.05923678 0.11622330
v -0.01422989 -0.05594900 0.11442469
v -0.01123707 -0.05660802 0.11385093
v -0.01718666 -0.05506483 0.11478207
v -0.02008106 -0.05394326 0.11490092
v -0.02288987 -0.05258092 0.11476882
v -0.02559706 -0.05100255 0.11440114
v -0.02818829 -0.04923957 0.11382273
v -0.02718746 -0.05299007 0.11681762
v -0.03006908 -0.05105006 0.11619247
v -0.03033305 -0.05113456 0.11696720
v -0.03279549 -0.04894169 0.11535423
v -0.03064829 -0.04732873 0.11305903
v -0.03310906 -0.04899863 0.11612379
v -0.03533870 -0.04669693 0.11432137
v -0.03295389 -0.04530261 0.11213097
v -0.03766109 -0.04433691 0.11309924
v -0.03972188 -0.04188402 0.11168929
v -0.03506509 -0.04318020 0.11104046
v -0.03693706 -0.04097656 0.10978259
v -0.03852907 -0.03870487 0.10835306
v -0.04148346 -0.03935402 0.11009470
v -0.03981148 -0.03637641 0.10675299
v -0.04079066 -0.03401180 0.10500053
v -0.04291869 -0.03676727 0.10831992
v -0.04402667 -0.03414366 0.10638465
v -0.04338346 -0.03655554 0.10890649
v -0.04453789 -0.03388015 0.10694272
v -0.04359070 -0.03189778 0.10909847
v -0.04536348 -0.03119667 0.10484304
v -0.04481307 -0.03150582 0.10431048
v -0.04440828 -0.02918271 0.10700124
v -0.04585868 -0.02852663 0.10262572
v -0.04491945 -0.02649368 0.10478123
v -0.04601865 -0.02589211 0.10031066
v -0.04528986 -0.02887706 0.10212304
v -0.04545789 -0.02628123 0.09984645
v -0.04190269 -0.02925114 0.10113710
v -0.04206429 -0.02690107 0.09907978
v -0.04148188 -0.03162872 0.10312001
v -0.04194828 -0.02460615 0.09696208
v -0.04530669 -0.02374515 0.09749707
v -0.04152909 -0.02239127 0.09479934
v -0.04482027 -0.02129388 0.09509430
v -0.04078427 -0.02028332 0.09260554
v -0.04398189 -0.01895264 0.09265353
v -0.03970109 -0.01830108 0.09039224
v -0.03830830 -0.01645305 0.08817954
v -0.04278746 -0.01674370 0.09019230
v -0.04126025 -0.01468086 0.08773289
v -0.04323870 -0.01617124 0.09044752
v -0.04170266 -0.01405191 0.08793501
v -0.04444986 -0.01843491 0.09296491
v -0.04234267 -0.01407760 0.09259934
v -0.04081789 -0.01195151 0.09010544
v -0.04352189 -0.01634070 0.09512151
v -0.04206987 -0.01389884 0.09281776
v -0.04304906 -0.01605527 0.09536939
v -0.04186188 -0.01398625 0.09281207
v -0.04044829 -0.01177580 0.09049382
v -0.03928429 -0.01127567 0.09030203
v -0.04085790 -0.01266811 0.09139154
v -0.03856669 -0.00980283 0.08806033
v -0.03898908 -0.00999528 0.08763422
v -0.03786188 -0.00981312 0.08855021
v -0.03653947 -0.00803398 0.08558060
v -0.03690430 -0.00822834 0.08520696
v -0.03642589 -0.00851829 0.08668981
v -0.03558188 -0.00760078 0.08474670
v -0.03439070 -0.00655396 0.08317092
v -0.03426348 -0.00669713 0.08325044
v -0.03457066 -0.00667857 0.08286666
v -0.03177468 -0.00524472 0.08118123
v -0.03060189 -0.00511453 0.08131687
v -0.02892906 -0.00416740 0.07916498
v -0.03264586 -0.00588249 0.08203569
v -0.03198830 -0.00534807 0.08066498
v -0.03280588 -0.00740990 0.07846251
v -0.02919790 -0.00426646 0.07859522
v -0.02624589 -0.00344080 0.07666619
v -0.03001949 -0.00630862 0.07637954
v -0.02705709 -0.00546805 0.07446348
v -0.02979070 -0.00704849 0.07636225
v -0.02690026 -0.00621940 0.07448352
v -0.02795946 -0.00954331 0.07789862
v -0.03250586 -0.00814643 0.07841352
v -0.03039390 -0.01054750 0.07975555
v -0.03502990 -0.00948639 0.08060973
v -0.03265868 -0.01176988 0.08174456
v -0.03734590 -0.01103799 0.08291564
v -0.03539148 -0.00875647 0.08068834
v -0.03775307 -0.01032563 0.08302738
v -0.03986588 -0.01209688 0.08545185
v -0.03943387 -0.01277475 0.08529886
v -0.03664266 -0.01474308 0.08598553
v -0.03474666 -0.01317868 0.08383191
v -0.02536508 -0.00879134 0.07620535
v -0.02262107 -0.00831000 0.07469845
v -0.01975390 -0.00808880 0.07337933
v -0.02385146 -0.00567602 0.07280235
v -0.02067629 -0.00541363 0.07132470
v -0.02394506 -0.00490416 0.07273846
v -0.02314908 -0.00289347 0.07492033
v -0.02071306 -0.00461660 0.07121565
v -0.01992027 -0.00261484 0.07340404
v -0.01739227 -0.00460202 0.06990442
v -0.01740667 -0.00541861 0.07005162
v -0.01659548 -0.00261423 0.07209020
v -0.01401469 -0.00485260 0.06881120
v -0.01407949 -0.00567484 0.06898228
v -0.01321866 -0.00287667 0.07096762
v -0.01061151 -0.00536506 0.06794369
v -0.00982267 -0.00340896 0.07007076
v -0.01072909 -0.00616912 0.06812019
v -0.00721628 -0.00613219 0.06731085
v -0.00642826 -0.00419416 0.06944213
v -0.00386107 -0.00715165 0.06691962
v -0.00739147 -0.00690409 0.06747927
v -0.00409949 -0.00788366 0.06707682
v -0.00773947 -0.00943544 0.06990056
v -0.00477068 -0.01030314 0.06952302
v -0.01075470 -0.00878814 0.07049319
v -0.01378509 -0.00834722 0.07128023
v -0.01679627 -0.00810898 0.07224204
v -0.00187709 -0.01140171 0.06938418
v 0.00091813 -0.01273410 0.06949478
v -0.00088270 -0.00911249 0.06692936
v -0.00057471 -0.00841712 0.06677666
v 0.00222852 -0.01058828 0.06704552
v 0.00521490 -0.01228943 0.06741509
v 0.00261171 -0.00991838 0.06688733
v 0.00567090 -0.01163845 0.06724514
v 0.00342133 -0.00804527 0.06894877
v 0.00023172 -0.00652475 0.06887716
v 0.00339892 -0.00795622 0.06936272
v 0.00648372 -0.00977700 0.06930210
v 0.00636933 -0.00962935 0.06990718
v 0.00939572 -0.01171501 0.06989086
v 0.00857813 -0.01355795 0.06784168
v 0.01213491 -0.01383108 0.07068403
v 0.00929892 -0.01157441 0.07056980
v 0.00900852 -0.01162022 0.07149019
v 0.01207969 -0.01371949 0.07129837
v 0.01460049 -0.01597960 0.07209074
v 0.01287892 -0.01469272 0.07178291
v 0.01108052 -0.01321636 0.07196901
v 0.01207649 -0.01423651 0.07212220
v 0.01131732 -0.01381863 0.07309568
v 0.01110213 -0.01378331 0.07356732
v 0.01355970 -0.01599252 0.07425007
v 0.00868690 -0.01173715 0.07235903
v 0.01232369 -0.01477477 0.07294253
v 0.01279733 -0.01531458 0.07279579
v 0.01364133 -0.01615793 0.07379632
v 0.01515491 -0.01752081 0.07427581
v 0.01374852 -0.01631317 0.07329976
v 0.01479013 -0.01724637 0.07373446
v 0.01518609 -0.01746238 0.07342571
v 0.01597969 -0.01802054 0.07395942
v 0.01520049 -0.01722507 0.07298698
v 0.01577971 -0.01750547 0.07314863
v 0.01421010 -0.01627090 0.07241671
v 0.01317651 -0.01526166 0.07203387
v 0.01443731 -0.01609283 0.07225248
v 0.01277330 -0.01512262 0.07229004
v 0.01677730 -0.01827615 0.07351234
v 0.01879570 -0.02079175 0.07505080
v 0.01686131 -0.01882265 0.07469130
v 0.01694290 -0.01849804 0.07295251
v 0.01897170 -0.02101427 0.07441224
v 0.01465890 -0.01610222 0.07169463
v 0.01612532 -0.02028270 0.07096341
v 0.01816050 -0.02277544 0.07241758
v 0.01383249 -0.01790165 0.06971023
v 0.01550452 -0.02079743 0.07107383
v 0.01323173 -0.01846728 0.06985873
v 0.01751892 -0.02323101 0.07248426
v 0.01290290 -0.02197238 0.07315133
v 0.01473329 -0.02415917 0.07440912
v 0.01083653 -0.01987594 0.07206667
v 0.00857489 -0.01788242 0.07114992
v 0.01073811 -0.01625895 0.06883919
v 0.00615651 -0.01600625 0.07040175
v 0.00359890 -0.01427913 0.06984223
v 0.00805809 -0.01418975 0.06801935
v 0.01130693 -0.01565319 0.06866655
v 0.01628930 -0.02642361 0.07584597
v 0.01924130 -0.02575369 0.07408777
v 0.01754372 -0.02875699 0.07746182
v 0.02064449 -0.02834663 0.07588004
v 0.01850211 -0.03113783 0.07923681
v 0.02173011 -0.03098786 0.07784040
v 0.01918051 -0.03354540 0.08114552
v 0.02250292 -0.03365400 0.07994475
v 0.01959411 -0.03595459 0.08315813
v 0.02297091 -0.03631797 0.08216709
v 0.01975409 -0.03833917 0.08524785
v 0.02313811 -0.03895188 0.08447967
v 0.01963889 -0.04066962 0.08739649
v 0.01922452 -0.04291617 0.08958732
v 0.02298931 -0.04152809 0.08686285
v 0.02250768 -0.04401631 0.08929749
v 0.02377249 -0.04140843 0.08704539
v 0.02325491 -0.04393958 0.08953258
v 0.02394849 -0.03879272 0.08461564
v 0.02378930 -0.03611917 0.08226450
v 0.02479731 -0.03714874 0.08652483
v 0.02463249 -0.03445679 0.08419755
v 0.02413091 -0.03172741 0.08196221
v 0.02447571 -0.03420490 0.08472782
v 0.02392689 -0.03141022 0.08252612
v 0.02313890 -0.02870011 0.08032327
v 0.02282531 -0.02910947 0.08153829
v 0.02254211 -0.02777216 0.07965996
v 0.02210371 -0.02613780 0.07821004
v 0.02331890 -0.02900221 0.07982940
v 0.02218611 -0.02630057 0.07783886
v 0.02249090 -0.03070085 0.07787989
v 0.02135889 -0.02800710 0.07589094
v 0.02330209 -0.03341325 0.08001223
v 0.01991169 -0.02535725 0.07406400
v 0.02073170 -0.02362455 0.07604064
v 0.02060448 -0.02345291 0.07662883
v 0.02097732 -0.02453577 0.07738248
v 0.01969649 -0.02265438 0.07699803
v 0.01950771 -0.02315911 0.07820737
v 0.01833331 -0.02066537 0.07588393
v 0.02030212 -0.02386525 0.07747751
v 0.02066290 -0.02486810 0.07788383
v 0.02020451 -0.02434513 0.07838283
v 0.02052371 -0.02499724 0.07839853
v 0.02084128 -0.02588913 0.07965241
v 0.02173893 -0.02750376 0.08060344
v 0.02100689 -0.02612626 0.07920508
v 0.02070929 -0.02565483 0.08006384
v 0.02160289 -0.02721999 0.07996224
v 0.02196690 -0.02755934 0.07977767
v 0.02241332 -0.02821996 0.08054114
v 0.02213570 -0.02738665 0.07933578
v 0.02162210 -0.02630042 0.07845635
v 0.02104213 -0.02512715 0.07774585
v 0.02190530 -0.02619957 0.07833927
v 0.01782529 -0.02059771 0.07666107
v 0.01584212 -0.01820517 0.07522663
v 0.01756613 -0.02055546 0.07706528
v 0.01564290 -0.01818538 0.07570384
v 0.01921813 -0.02301713 0.07861200
v 0.01347172 -0.01592565 0.07454726
v 0.02239491 -0.04636266 0.09205554
v 0.02409250 -0.04228938 0.09144836
v 0.02324530 -0.04472789 0.09396081
v 0.02206289 -0.04703104 0.09647735
v 0.02311091 -0.04437876 0.09439528
v 0.02203089 -0.04676297 0.09673663
v 0.02252771 -0.04521808 0.09531581
v 0.02243568 -0.04435354 0.09499817
v 0.02185971 -0.04669846 0.09674623
v 0.02212769 -0.04563015 0.09570377
v 0.02159969 -0.04663034 0.09670401
v 0.02198688 -0.04521809 0.09560367
v 0.02164771 -0.04511425 0.09598077
v 0.02105729 -0.04601078 0.09700436
v 0.02056610 -0.04693393 0.09804347
v 0.02091171 -0.04559811 0.09728611
v 0.02026049 -0.04702061 0.09868497
v 0.02030689 -0.04791818 0.09904212
v 0.01958210 -0.04732184 0.09984007
v 0.01789972 -0.04914948 0.10223082
v 0.01969411 -0.04850892 0.10018050
v 0.02051651 -0.04868300 0.09928864
v 0.01832048 -0.04984815 0.10205502
v 0.01867091 -0.05057817 0.10180757
v 0.01684052 -0.05127097 0.10379401
v 0.01592772 -0.05087240 0.10448000
v 0.01595809 -0.05212702 0.10454899
v 0.01662132 -0.05243560 0.10420615
v 0.01567251 -0.05295038 0.10498070
v 0.01438372 -0.05413401 0.10639495
v 0.01665971 -0.05289188 0.10390626
v 0.01433012 -0.05446481 0.10622397
v 0.01574289 -0.05453761 0.10203586
v 0.01873810 -0.05110704 0.10148926
v 0.01784131 -0.05275856 0.09960899
v 0.02055251 -0.04915324 0.09900141
v 0.01966612 -0.05079052 0.09711889
v 0.01897251 -0.05070543 0.09671717
v 0.02119171 -0.04865321 0.09459250
v 0.02049009 -0.04862386 0.09424464
v 0.01741092 -0.04705940 0.09403515
v 0.02167651 -0.04638957 0.09176397
v 0.01848609 -0.04505392 0.09180501
v 0.01602690 -0.04892461 0.09626000
v 0.01437170 -0.05064589 0.09846157
v 0.01248929 -0.05221836 0.10061602
v 0.01715810 -0.05262438 0.09915973
v 0.01508452 -0.05436989 0.10154462
v 0.01278612 -0.05592586 0.10384697
v 0.01028449 -0.05726721 0.10603609
v 0.01041810 -0.05363129 0.10270137
v 0.01339891 -0.05611115 0.10437133
v 0.01083491 -0.05745845 0.10658997
v 0.01177489 -0.05577607 0.10844061
v 0.00807731 -0.05856153 0.10866267
v 0.00514853 -0.05940177 0.11056583
v 0.00759809 -0.05836621 0.10807780
v 0.00901091 -0.05684535 0.11051395
v 0.00907972 -0.05621811 0.11069050
v 0.00608051 -0.05768367 0.11242092
v 0.00300610 -0.05825191 0.11413514
v 0.00614531 -0.05713096 0.11259212
v 0.00312693 -0.05787518 0.11423477
v 0.00497572 -0.05724093 0.11308960
v 0.00680129 -0.05606403 0.11209572
v 0.00558050 -0.05654615 0.11265073
v 0.00896051 -0.05533362 0.11070773
v 0.00594690 -0.05528908 0.11242308
v 0.00877573 -0.05448198 0.11065269
v 0.00484369 -0.05603223 0.11291667
v 0.00302932 -0.05557993 0.11394459
v 0.00593569 -0.05477596 0.11238438
v 0.00304129 -0.05525925 0.11397588
v 0.00003331 -0.05552297 0.11540783
v -0.00307309 -0.05552365 0.11664851
v 0.00006449 -0.05603611 0.11543769
v -0.00310910 -0.05599236 0.11674466
v -0.00071628 -0.05702904 0.11595800
v 0.00116370 -0.05649954 0.11480246
v 0.00050852 -0.05719534 0.11525511
v 0.00298932 -0.05606720 0.11382470
v 0.00167573 -0.05679656 0.11442306
v 0.00295413 -0.05659410 0.11371766
v 0.00142291 -0.05726341 0.11460264
v 0.00171649 -0.05760181 0.11457152
v 0.00302613 -0.05752998 0.11387767
v 0.00120609 -0.05772704 0.11502874
v 0.00310690 -0.05771175 0.11409372
v 0.00003331 -0.05792557 0.11574177
v -0.00018189 -0.05851042 0.11565903
v -0.00328829 -0.05783399 0.11706885
v -0.00667469 -0.05765702 0.11817350
v -0.00317309 -0.05689458 0.11694389
v -0.00346911 -0.05849983 0.11697175
v -0.00439150 -0.06027014 0.11507769
v -0.00681789 -0.05824663 0.11806713
v -0.01019470 -0.05773067 0.11892944
v -0.00772907 -0.06001573 0.11615283
v -0.00792029 -0.05973796 0.11538039
v -0.00823629 -0.05705448 0.11308131
v -0.00463149 -0.05999795 0.11432991
v -0.00526030 -0.05729568 0.11213669
v -0.00140431 -0.06000369 0.11307299
v -0.00234029 -0.05731689 0.11101400
v -0.00111387 -0.06025542 0.11378413
v 0.00173013 -0.05974056 0.11161137
v 0.00207651 -0.05996709 0.11227655
v 0.00049012 -0.05709594 0.10970856
v 0.00473969 -0.05919658 0.10994379
v 0.00320051 -0.05661418 0.10821449
v 0.00576451 -0.05586022 0.10653147
v 0.00817330 -0.05485593 0.10468416
v -0.01003549 -0.05735103 0.11901029
v -0.00999391 -0.05719084 0.11884464
v -0.01326987 -0.05635925 0.11963826
v -0.01198108 -0.05656269 0.11923820
v -0.01381628 -0.05523114 0.11956749
v -0.01255948 -0.05581093 0.11922214
v -0.01157629 -0.05620740 0.11883745
v -0.01168029 -0.05535314 0.11889714
v -0.00964748 -0.05554420 0.11839613
v -0.01118748 -0.05583225 0.11868960
v -0.00978429 -0.05606880 0.11832825
v -0.00838668 -0.05638159 0.11806460
v -0.00769870 -0.05613384 0.11800915
v -0.00818750 -0.05687263 0.11808261
v -0.00853307 -0.05719142 0.11828669
v -0.00707628 -0.05688647 0.11800119
v -0.00790989 -0.05736285 0.11833287
v -0.00568907 -0.05682639 0.11775876
v -0.00636909 -0.05577160 0.11776530
v -0.00951950 -0.05506259 0.11848361
v -0.00624268 -0.05526583 0.11767829
v -0.00997951 -0.05701199 0.11859188
v -0.01137468 -0.05663341 0.11891887
v 0.00434692 -0.05726323 0.11321968
v 0.00455730 -0.05686152 0.11299278
v 0.00426533 -0.05646610 0.11309535
v 0.01140530 -0.05351551 0.10865322
v 0.01367409 -0.05212361 0.10659893
v 0.01237170 -0.05358194 0.10771275
v 0.01103413 -0.05467377 0.10916119
v 0.01203491 -0.05442702 0.10817638
v 0.01187889 -0.05522618 0.10860002
v 0.01275012 -0.05466754 0.10768678
v 0.01307971 -0.05437910 0.10715689
v 0.01428849 -0.05400663 0.10631862
v 0.01411092 -0.05386778 0.10618004
v 0.01511890 -0.05318197 0.10526849
v 0.01516292 -0.05275464 0.10508002
v 0.01482131 -0.05250539 0.10532754
v 0.01521089 -0.05192138 0.10509114
v 0.01378529 -0.05306395 0.10622630
v 0.01281969 -0.05367670 0.10717714
v 0.01372373 -0.05257979 0.10641161
v 0.01273491 -0.05417734 0.10732474
v 0.01577169 -0.05041051 0.10454773
v 0.01768128 -0.04877968 0.10232633
v 0.02093331 -0.04787081 0.09832899
v 0.02101652 -0.04748124 0.09780581
v 0.02067010 -0.04742302 0.09810471
v 0.00584533 -0.00991279 0.07177527
v 0.00852372 -0.01179065 0.07280987
v 0.00576532 -0.00997688 0.07228104
v 0.00286052 -0.00835549 0.07198943
v -0.00015070 -0.00691832 0.07189725
v 0.00288932 -0.00837820 0.07167572
v -0.00004508 -0.00686481 0.07139015
v 0.00289490 -0.00848545 0.07120087
v 0.00478532 -0.00939168 0.07111990
v 0.00291493 -0.00857631 0.07068015
v 0.00110290 -0.00748462 0.07087837
v 0.00054929 -0.00699267 0.07022189
v 0.00164774 -0.00785806 0.07055489
v 0.00146210 -0.00765286 0.07010089
v 0.00182369 -0.00765843 0.06974125
v 0.00135171 -0.00718489 0.06964542
v 0.00314372 -0.00835503 0.06973005
v 0.00328929 -0.00811429 0.06954184
v 0.00445411 -0.00902383 0.06991627
v 0.00459812 -0.00927866 0.07030852
v 0.00512049 -0.00914149 0.06989754
v 0.00562370 -0.00962348 0.07055785
v 0.00684850 -0.01019016 0.07094284
v 0.00423891 -0.00920047 0.07072599
v 0.00026133 -0.00645828 0.06949842
v -0.00306189 -0.00516064 0.06974589
v -0.00067227 -0.00629233 0.07044576
v -0.00313070 -0.00533106 0.07069008
v -0.00321629 -0.00557997 0.07158182
v -0.00565307 -0.00455022 0.07086807
v -0.00704748 -0.00433413 0.07086566
v -0.00646507 -0.00410452 0.07006991
v -0.00648510 -0.00461096 0.07193550
v -0.00776908 -0.00437900 0.07162756
v -0.00967071 -0.00398108 0.07273813
v -0.01286346 -0.00336394 0.07335873
v -0.00975549 -0.00405650 0.07226812
v -0.01175949 -0.00359882 0.07251801
v -0.00983951 -0.00411039 0.07175574
v -0.01123549 -0.00378260 0.07203315
v -0.00842669 -0.00433133 0.07140568
v -0.00816428 -0.00428393 0.07091690
v -0.00844667 -0.00406506 0.07061510
v -0.00988829 -0.00379584 0.07083809
v -0.00778510 -0.00398876 0.07042250
v -0.00984270 -0.00351887 0.07065749
v -0.01187388 -0.00319238 0.07133784
v -0.00979869 -0.00333641 0.07048074
v -0.01309306 -0.00281517 0.07155481
v -0.01647069 -0.00255182 0.07275126
v -0.01380588 -0.00296004 0.07269019
v -0.01254908 -0.00326094 0.07209570
v -0.01628510 -0.00276490 0.07363140
v -0.01880027 -0.00275718 0.07449978
v -0.02016508 -0.00295231 0.07485467
v -0.01984989 -0.00254700 0.07400749
v -0.02305867 -0.00281576 0.07530166
v -0.02104107 -0.00282639 0.07466754
v -0.02302186 -0.00299795 0.07544862
v -0.02160107 -0.00309752 0.07499389
v -0.02296030 -0.00327517 0.07558664
v -0.02121388 -0.00323136 0.07517378
v -0.02133066 -0.00336996 0.07568298
v -0.02064668 -0.00323493 0.07573053
v -0.02261869 -0.00358889 0.07637716
v -0.02393228 -0.00370148 0.07701642
v -0.02242190 -0.00353685 0.07684631
v -0.02434026 -0.00370322 0.07762284
v -0.02526347 -0.00360275 0.07747043
v -0.02520667 -0.00384721 0.07871069
v -0.02801067 -0.00457369 0.08056223
v -0.02635390 -0.00372321 0.07837661
v -0.02600590 -0.00334147 0.07717481
v -0.02847387 -0.00432686 0.07989016
v -0.02483546 -0.00331315 0.07661638
v -0.02424747 -0.00343622 0.07635216
v -0.02436587 -0.00363260 0.07679001
v -0.03067390 -0.00562527 0.08248261
v -0.03188749 -0.00616115 0.08283074
v -0.03289868 -0.00692794 0.08463405
v -0.03270188 -0.00690796 0.08486440
v -0.03520347 -0.00827052 0.08665927
v -0.03317948 -0.00703496 0.08426451
v -0.03473307 -0.00782385 0.08545496
v -0.03348347 -0.00713027 0.08387689
v -0.03451949 -0.00767189 0.08479163
v -0.03251148 -0.00649845 0.08293940
v -0.03257147 -0.00631898 0.08246870
v -0.03301707 -0.00631614 0.08243305
v -0.03173867 -0.00572295 0.08195131
v -0.03409549 -0.00693175 0.08330778
v -0.03506509 -0.00751472 0.08432317
v -0.03500749 -0.00774372 0.08471685
v -0.03567549 -0.00802553 0.08558459
v -0.03486348 -0.00832760 0.08699547
v -0.03714748 -0.00991071 0.08898776
v -0.03677307 -0.00995657 0.08921910
v -0.03885785 -0.01181863 0.09129975
v -0.03841148 -0.01177952 0.09150486
v -0.04001466 -0.01384190 0.09367237
v -0.03978430 -0.01271903 0.09186140
v -0.04026748 -0.01323531 0.09207650
v -0.04003149 -0.01222731 0.09108915
v -0.04036909 -0.01401096 0.09339024
v -0.04131547 -0.01529344 0.09478227
v -0.04075867 -0.01417378 0.09309867
v -0.04134827 -0.01504894 0.09413459
v -0.04184109 -0.01526107 0.09418404
v -0.04209066 -0.01504521 0.09387612
v -0.04216109 -0.01577691 0.09512353
v -0.04243866 -0.01653423 0.09627623
v -0.04245468 -0.01530732 0.09439613
v -0.04294749 -0.01829675 0.09818767
v -0.04129468 -0.01592863 0.09595809
v -0.04207068 -0.01821156 0.09839541
v -0.04084268 -0.01589930 0.09616981
v -0.04161549 -0.01816164 0.09850776
v -0.03975707 -0.01376972 0.09383074
v -0.04206987 -0.02053693 0.10081769
v -0.04028908 -0.01802110 0.09895435
v -0.04073068 -0.02031022 0.10119370
v -0.04086829 -0.02267958 0.10338722
v -0.03694106 -0.02127373 0.10067062
v -0.03706189 -0.02335987 0.10260171
v -0.03691627 -0.02549693 0.10447440
v -0.03650347 -0.02766505 0.10626982
v -0.04070187 -0.02510792 0.10551352
v -0.04023310 -0.02757066 0.10755322
v -0.04204665 -0.02550970 0.10526767
v -0.04219786 -0.02299309 0.10307541
v -0.04253789 -0.02563479 0.10515883
v -0.04157067 -0.02806416 0.10737125
v -0.04203306 -0.02821410 0.10735095
v -0.04293147 -0.02849118 0.10732251
v -0.04383865 -0.02882986 0.10722469
v -0.04241629 -0.03058399 0.10886674
v -0.04341865 -0.02652744 0.10562885
v -0.04366589 -0.02564622 0.10457303
v -0.04442106 -0.02614430 0.10496160
v -0.04477468 -0.02364084 0.10262995
v -0.04430028 -0.02521456 0.10401185
v -0.04415947 -0.02483448 0.10347354
v -0.04453388 -0.02367892 0.10256383
v -0.04430347 -0.02205042 0.10117482
v -0.04424186 -0.02377355 0.10244630
v -0.04416109 -0.02262621 0.10149399
v -0.04376269 -0.02236616 0.10132152
v -0.04333869 -0.02248663 0.10160298
v -0.04367629 -0.02138345 0.10075483
v -0.04343148 -0.02021066 0.09996798
v -0.04306107 -0.02184331 0.10135581
v -0.04255787 -0.02068296 0.10072461
v -0.04284988 -0.02335390 0.10276513
v -0.04247227 -0.02311754 0.10297294
v -0.04304987 -0.02493996 0.10412817
v -0.04327708 -0.02359287 0.10255600
v -0.04333306 -0.02466489 0.10355299
v -0.04375625 -0.02500102 0.10368085
v -0.04441949 -0.02101985 0.10036530
v -0.04382749 -0.01846168 0.09792284
v -0.04490429 -0.02125539 0.10007782
v -0.04437066 -0.01874171 0.09762375
v -0.04509626 -0.02385228 0.10246308
v -0.04584027 -0.02331779 0.09791642
v -0.04531790 -0.02082445 0.09546118
v -0.04307385 -0.03161182 0.10932782
v -0.04213706 -0.03183304 0.10951086
v -0.04246746 -0.03264728 0.10994568
v -0.04181786 -0.03283940 0.10993765
v -0.04209548 -0.03319312 0.11014606
v -0.04162427 -0.03437935 0.11091173
v -0.03946505 -0.03004489 0.10948714
v -0.03582827 -0.02984252 0.10797210
v -0.03489629 -0.03200875 0.10956310
v -0.03371707 -0.03414323 0.11102949
v -0.03230268 -0.03622500 0.11235554
v -0.03066508 -0.03823445 0.11352956
v -0.02882110 -0.04015108 0.11453989
v -0.03359867 -0.03957747 0.11579924
v -0.03150350 -0.04175445 0.11694668
v -0.02678906 -0.04195727 0.11537589
v -0.04160667 -0.01415329 0.09277420
v -0.04097868 -0.01320321 0.09177981
v -0.04052425 -0.01306592 0.09168962
v -0.01156346 -0.00362069 0.07167677
v -0.01130030 -0.00350962 0.07125315
v -0.00306427 -0.00523861 0.06905020
v 0.01745812 -0.04002033 0.09633635
v 0.01811091 -0.03809635 0.09434438
v 0.02180931 -0.03941562 0.09400178
v 0.01850049 -0.03608157 0.09237462
v 0.01862208 -0.03399543 0.09044352
v 0.02225172 -0.03712632 0.09176323
v 0.02239010 -0.03475621 0.08956963
v 0.02311169 -0.03573246 0.08846493
v 0.02222373 -0.03232880 0.08744261
v 0.01847569 -0.03185837 0.08857084
v 0.01806371 -0.02969026 0.08677542
v 0.02364051 -0.03764622 0.08849485
v 0.02390451 -0.03808039 0.08843878
v 0.02357890 -0.03655299 0.08752386
vt 0.20200901 0.58899897
vt 0.20197999 0.59024501
vt 0.19712400 0.59031802
vt 0.19712900 0.58907402
vt 0.20197999 0.59024501
vt 0.20203599 0.59177297
vt 0.19710700 0.59174800
vt 0.19712400 0.59031802
vt 0.19712400 0.59031802
vt 0.19710700 0.59174800
vt 0.19229600 0.59162802
vt 0.19232599 0.59026200
vt 0.19712900 0.58907402
vt 0.19712400 0.59031802
vt 0.19232599 0.59026200
vt 0.19233701 0.58906800
vt 0.19233701 0.58906800
vt 0.19232599 0.59026200
vt 0.18771000 0.59023798
vt 0.18770801 0.58905399
vt 0.19232599 0.59026200
vt 0.19229600 0.59162802
vt 0.18769500 0.59153998
vt 0.18771000 0.59023798
vt 0.18770801 0.58905399
vt 0.18771000 0.59023798
vt 0.18318699 0.59023899
vt 0.18318100 0.58912098
vt 0.18771000 0.59023798
vt 0.18769500 0.59153998
vt 0.18319000 0.59154099
vt 0.18318699 0.59023899
vt 0.18318100 0.58912098
vt 0.18318699 0.59023899
vt 0.17873700 0.59026200
vt 0.17873800 0.58913600
vt 0.18318699 0.59023899
vt 0.18319000 0.59154099
vt 0.17875201 0.59153903
vt 0.17873700 0.59026200
vt 0.17873800 0.58913600
vt 0.17873700 0.59026200
vt 0.17431501 0.59028798
vt 0.17431000 0.58914798
vt 0.17873700 0.59026200
vt 0.17875201 0.59153903
vt 0.17432700 0.59154499
vt 0.17431501 0.59028798
vt 0.17431000 0.58914798
vt 0.17431501 0.59028798
vt 0.16990200 0.59028602
vt 0.16989300 0.58917999
vt 0.17431501 0.59028798
vt 0.17432700 0.59154499
vt 0.16991100 0.59154099
vt 0.16990200 0.59028602
vt 0.17873700 0.58892602
vt 0.17873800 0.58913600
vt 0.17431000 0.58914798
vt 0.17430900 0.58893698
vt 0.17430900 0.58893698
vt 0.17431000 0.58914798
vt 0.16989300 0.58917999
vt 0.16989300 0.58897299
vt 0.16989300 0.58897299
vt 0.16989300 0.58917999
vt 0.16548400 0.58919001
vt 0.16548400 0.58898699
vt 0.16989300 0.58917999
vt 0.16990200 0.59028602
vt 0.16549000 0.59028602
vt 0.16548400 0.58919001
vt 0.16548400 0.58919001
vt 0.16549000 0.59028602
vt 0.16105700 0.59027702
vt 0.16106200 0.58920002
vt 0.16548400 0.58898699
vt 0.16548400 0.58919001
vt 0.16106200 0.58920002
vt 0.16106300 0.58899498
vt 0.16551100 0.58600301
vt 0.16548400 0.58898699
vt 0.16106300 0.58899498
vt 0.16110000 0.58599800
vt 0.16991401 0.58598900
vt 0.16989300 0.58897299
vt 0.16548400 0.58898699
vt 0.16551100 0.58600301
vt 0.16551100 0.58600301
vt 0.16551100 0.58579999
vt 0.16991299 0.58578199
vt 0.16991401 0.58598900
vt 0.16110000 0.58599800
vt 0.16110100 0.58579397
vt 0.16551100 0.58579999
vt 0.16551100 0.58600301
vt 0.16110000 0.58599800
vt 0.16106300 0.58899498
vt 0.15661600 0.58893698
vt 0.15666901 0.58600998
vt 0.15666901 0.58600998
vt 0.15667000 0.58580399
vt 0.16110100 0.58579397
vt 0.16110000 0.58599800
vt 0.15667000 0.58580399
vt 0.15667699 0.58469701
vt 0.16110100 0.58472198
vt 0.16110100 0.58579397
vt 0.16110100 0.58579397
vt 0.16110100 0.58472198
vt 0.16551299 0.58470601
vt 0.16551100 0.58579999
vt 0.15224600 0.58593899
vt 0.15224899 0.58573699
vt 0.15667000 0.58580399
vt 0.15666901 0.58600998
vt 0.15224899 0.58573699
vt 0.15226300 0.58466798
vt 0.15667699 0.58469701
vt 0.15667000 0.58580399
vt 0.15226300 0.58466798
vt 0.15226901 0.58342397
vt 0.15667500 0.58347601
vt 0.15667699 0.58469701
vt 0.15667699 0.58469701
vt 0.15667500 0.58347601
vt 0.16109100 0.58347601
vt 0.16110100 0.58472198
vt 0.15668000 0.58237100
vt 0.15667500 0.58347601
vt 0.15226901 0.58342397
vt 0.15228200 0.58235800
vt 0.16109100 0.58240801
vt 0.16109100 0.58347601
vt 0.15667500 0.58347601
vt 0.15668000 0.58237100
vt 0.15228200 0.58235800
vt 0.15226901 0.58342397
vt 0.14788100 0.58336401
vt 0.14790601 0.58227903
vt 0.14786801 0.58459502
vt 0.14788100 0.58336401
vt 0.15226901 0.58342397
vt 0.15226300 0.58466798
vt 0.14790601 0.58227903
vt 0.14788100 0.58336401
vt 0.14351401 0.58327001
vt 0.14354800 0.58217901
vt 0.14788100 0.58336401
vt 0.14786801 0.58459502
vt 0.14349499 0.58450800
vt 0.14351401 0.58327001
vt 0.14347599 0.58560300
vt 0.14349499 0.58450800
vt 0.14786801 0.58459502
vt 0.14785500 0.58568400
vt 0.14785500 0.58568400
vt 0.14786801 0.58459502
vt 0.15226300 0.58466798
vt 0.15224899 0.58573699
vt 0.14785200 0.58588701
vt 0.14785500 0.58568400
vt 0.15224899 0.58573699
vt 0.15224600 0.58593899
vt 0.14347100 0.58580798
vt 0.14347599 0.58560300
vt 0.14785500 0.58568400
vt 0.14785200 0.58588701
vt 0.13911000 0.58550501
vt 0.13914400 0.58438301
vt 0.14349499 0.58450800
vt 0.14347599 0.58560300
vt 0.13910399 0.58571303
vt 0.13911000 0.58550501
vt 0.14347599 0.58560300
vt 0.14347100 0.58580798
vt 0.14347100 0.58580798
vt 0.14337300 0.58875400
vt 0.13898499 0.58863199
vt 0.13910399 0.58571303
vt 0.14785200 0.58588701
vt 0.14777000 0.58884400
vt 0.14337300 0.58875400
vt 0.14347100 0.58580798
vt 0.14777000 0.58884400
vt 0.14776701 0.58904803
vt 0.14336801 0.58895999
vt 0.14337300 0.58875400
vt 0.14337300 0.58875400
vt 0.14336801 0.58895999
vt 0.13897900 0.58884102
vt 0.13898499 0.58863199
vt 0.13898499 0.58863199
vt 0.13897900 0.58884102
vt 0.13460299 0.58873302
vt 0.13460900 0.58852500
vt 0.13910399 0.58571303
vt 0.13898499 0.58863199
vt 0.13460900 0.58852500
vt 0.13474400 0.58554798
vt 0.13474400 0.58554798
vt 0.13460900 0.58852500
vt 0.13025600 0.58838701
vt 0.13038599 0.58535498
vt 0.13460900 0.58852500
vt 0.13460299 0.58873302
vt 0.13024700 0.58859497
vt 0.13025600 0.58838701
vt 0.13897900 0.58884102
vt 0.13895100 0.58997101
vt 0.13457599 0.58984399
vt 0.13460299 0.58873302
vt 0.13460299 0.58873302
vt 0.13457599 0.58984399
vt 0.13020600 0.58968699
vt 0.13024700 0.58859497
vt 0.13025600 0.58838701
vt 0.13024700 0.58859497
vt 0.12583700 0.58837700
vt 0.12584600 0.58816200
vt 0.13024700 0.58859497
vt 0.13020600 0.58968699
vt 0.12578900 0.58953100
vt 0.12583700 0.58837700
vt 0.13020600 0.58968699
vt 0.13016100 0.59096700
vt 0.12573400 0.59080499
vt 0.12578900 0.58953100
vt 0.13457599 0.58984399
vt 0.13454799 0.59110802
vt 0.13016100 0.59096700
vt 0.13020600 0.58968699
vt 0.12570000 0.59195799
vt 0.12573400 0.59080499
vt 0.13016100 0.59096700
vt 0.13012400 0.59206599
vt 0.13012400 0.59206599
vt 0.13016100 0.59096700
vt 0.13454799 0.59110802
vt 0.13450800 0.59222299
vt 0.13011800 0.59227502
vt 0.13012400 0.59206599
vt 0.13450800 0.59222299
vt 0.13450199 0.59243101
vt 0.12569401 0.59217298
vt 0.12570000 0.59195799
vt 0.13012400 0.59206599
vt 0.13011800 0.59227502
vt 0.12119300 0.59206498
vt 0.12120000 0.59184700
vt 0.12570000 0.59195799
vt 0.12569401 0.59217298
vt 0.12120000 0.59184700
vt 0.12124800 0.59068698
vt 0.12573400 0.59080499
vt 0.12570000 0.59195799
vt 0.11653500 0.59191000
vt 0.11656200 0.59168798
vt 0.12120000 0.59184700
vt 0.12119300 0.59206498
vt 0.11656200 0.59168798
vt 0.11666900 0.59054601
vt 0.12124800 0.59068698
vt 0.12120000 0.59184700
vt 0.12130200 0.58935302
vt 0.12124800 0.59068698
vt 0.11666900 0.59054601
vt 0.11674900 0.58908999
vt 0.12578900 0.58953100
vt 0.12573400 0.59080499
vt 0.12124800 0.59068698
vt 0.12130200 0.58935302
vt 0.12583700 0.58837700
vt 0.12578900 0.58953100
vt 0.12130200 0.58935302
vt 0.12134600 0.58819300
vt 0.12134600 0.58819300
vt 0.12130200 0.58935302
vt 0.11674900 0.58908999
vt 0.11676700 0.58794099
vt 0.11674900 0.58908999
vt 0.11666900 0.59054601
vt 0.11307400 0.58982199
vt 0.11319300 0.58916301
vt 0.11676700 0.58794099
vt 0.11674900 0.58908999
vt 0.11319300 0.58916301
vt 0.11180100 0.58822101
vt 0.11676900 0.58771998
vt 0.11676700 0.58794099
vt 0.11180100 0.58822101
vt 0.11162200 0.58795100
vt 0.12135600 0.58797598
vt 0.12134600 0.58819300
vt 0.11676700 0.58794099
vt 0.11676900 0.58771998
vt 0.12151300 0.58492202
vt 0.12135600 0.58797598
vt 0.11676900 0.58771998
vt 0.11694200 0.58458102
vt 0.11694200 0.58458102
vt 0.11676900 0.58771998
vt 0.11162200 0.58795100
vt 0.11205300 0.58354700
vt 0.11162200 0.58795100
vt 0.11180100 0.58822101
vt 0.11172900 0.59052598
vt 0.11153500 0.59076899
vt 0.10612900 0.57399303
vt 0.11176600 0.57494098
vt 0.11269200 0.57671303
vt 0.11209500 0.58067101
vt 0.11205300 0.58354700
vt 0.11162200 0.58795100
vt 0.11153500 0.59076899
vt 0.11085600 0.60203898
vt 0.10592300 0.60305399
vt 0.11205300 0.58354700
vt 0.11224100 0.58330500
vt 0.11697200 0.58436602
vt 0.11694200 0.58458102
vt 0.11209500 0.58067101
vt 0.11228000 0.58094299
vt 0.11224100 0.58330500
vt 0.11205300 0.58354700
vt 0.11371400 0.58191001
vt 0.11359600 0.58257997
vt 0.11224100 0.58330500
vt 0.11228000 0.58094299
vt 0.11224100 0.58330500
vt 0.11359600 0.58257997
vt 0.11710100 0.58326799
vt 0.11697200 0.58436602
vt 0.11694200 0.58458102
vt 0.11697200 0.58436602
vt 0.12152700 0.58470601
vt 0.12151300 0.58492202
vt 0.11697200 0.58436602
vt 0.11710100 0.58326799
vt 0.12161200 0.58355701
vt 0.12152700 0.58470601
vt 0.11721000 0.58185500
vt 0.11710100 0.58326799
vt 0.11359600 0.58257997
vt 0.11371400 0.58191001
vt 0.12169100 0.58223802
vt 0.12161200 0.58355701
vt 0.11710100 0.58326799
vt 0.11721000 0.58185500
vt 0.11725300 0.58072603
vt 0.11721000 0.58185500
vt 0.11371400 0.58191001
vt 0.11228000 0.58094299
vt 0.12176700 0.58109301
vt 0.12169100 0.58223802
vt 0.11721000 0.58185500
vt 0.11725300 0.58072603
vt 0.12620801 0.58140600
vt 0.12613399 0.58254999
vt 0.12169100 0.58223802
vt 0.12176700 0.58109301
vt 0.12613399 0.58254999
vt 0.12605900 0.58381200
vt 0.12161200 0.58355701
vt 0.12169100 0.58223802
vt 0.13057700 0.58169103
vt 0.13052100 0.58277798
vt 0.12613399 0.58254999
vt 0.12620801 0.58140600
vt 0.13052100 0.58277798
vt 0.13044700 0.58405203
vt 0.12605900 0.58381200
vt 0.12613399 0.58254999
vt 0.12622200 0.58119500
vt 0.12620801 0.58140600
vt 0.12176700 0.58109301
vt 0.12178400 0.58087897
vt 0.13058899 0.58148497
vt 0.13057700 0.58169103
vt 0.12620801 0.58140600
vt 0.12622200 0.58119500
vt 0.13490200 0.58188403
vt 0.13486201 0.58298498
vt 0.13052100 0.58277798
vt 0.13057700 0.58169103
vt 0.13491000 0.58167899
vt 0.13490200 0.58188403
vt 0.13057700 0.58169103
vt 0.13058899 0.58148497
vt 0.13501000 0.57897598
vt 0.13491000 0.58167899
vt 0.13058899 0.58148497
vt 0.13071699 0.57872599
vt 0.13071699 0.57872599
vt 0.13058899 0.58148497
vt 0.12622200 0.58119500
vt 0.12637199 0.57848501
vt 0.12637199 0.57848501
vt 0.12638600 0.57827401
vt 0.13072900 0.57852101
vt 0.13071699 0.57872599
vt 0.13071699 0.57872599
vt 0.13072900 0.57852101
vt 0.13502100 0.57877100
vt 0.13501000 0.57897598
vt 0.13501000 0.57897598
vt 0.13502100 0.57877100
vt 0.13932700 0.57898003
vt 0.13931900 0.57918602
vt 0.13931900 0.57918602
vt 0.13922700 0.58183402
vt 0.13491000 0.58167899
vt 0.13501000 0.57897598
vt 0.13931900 0.57918602
vt 0.13932700 0.57898003
vt 0.14365201 0.57909602
vt 0.14364700 0.57929802
vt 0.14364700 0.57929802
vt 0.14355400 0.58197498
vt 0.13922700 0.58183402
vt 0.13931900 0.57918602
vt 0.14798400 0.57938600
vt 0.14791000 0.58207703
vt 0.14355400 0.58197498
vt 0.14364700 0.57929802
vt 0.14364700 0.57929802
vt 0.14365201 0.57909602
vt 0.14798801 0.57918501
vt 0.14798400 0.57938600
vt 0.14365201 0.57909602
vt 0.14367300 0.57801199
vt 0.14800200 0.57810700
vt 0.14798801 0.57918501
vt 0.13932700 0.57898003
vt 0.13936800 0.57787001
vt 0.14367300 0.57801199
vt 0.14365201 0.57909602
vt 0.14801501 0.57688802
vt 0.14800200 0.57810700
vt 0.14367300 0.57801199
vt 0.14369699 0.57678598
vt 0.13936800 0.57787001
vt 0.13940600 0.57665199
vt 0.14369699 0.57678598
vt 0.14367300 0.57801199
vt 0.13502100 0.57877100
vt 0.13508300 0.57768101
vt 0.13936800 0.57787001
vt 0.13932700 0.57898003
vt 0.13508300 0.57768101
vt 0.13513599 0.57644701
vt 0.13940600 0.57665199
vt 0.13936800 0.57787001
vt 0.13945000 0.57554799
vt 0.13940600 0.57665199
vt 0.13513599 0.57644701
vt 0.13518700 0.57536298
vt 0.14373399 0.57570702
vt 0.14369699 0.57678598
vt 0.13940600 0.57665199
vt 0.13945000 0.57554799
vt 0.13513599 0.57644701
vt 0.13508300 0.57768101
vt 0.13079301 0.57744199
vt 0.13087000 0.57618999
vt 0.13518700 0.57536298
vt 0.13513599 0.57644701
vt 0.13087000 0.57618999
vt 0.13093799 0.57512200
vt 0.13945800 0.57534403
vt 0.13945000 0.57554799
vt 0.13518700 0.57536298
vt 0.13519700 0.57516003
vt 0.13519700 0.57516003
vt 0.13518700 0.57536298
vt 0.13093799 0.57512200
vt 0.13095200 0.57492000
vt 0.13095200 0.57492000
vt 0.13093799 0.57512200
vt 0.12665300 0.57478797
vt 0.12667100 0.57458103
vt 0.13093799 0.57512200
vt 0.13087000 0.57618999
vt 0.12656300 0.57590902
vt 0.12665300 0.57478797
vt 0.13534699 0.57286000
vt 0.13519700 0.57516003
vt 0.13095200 0.57492000
vt 0.13112800 0.57258397
vt 0.13112800 0.57258397
vt 0.13095200 0.57492000
vt 0.12667100 0.57458103
vt 0.12686400 0.57228100
vt 0.12667100 0.57458103
vt 0.12665300 0.57478797
vt 0.12231300 0.57439399
vt 0.12233400 0.57418400
vt 0.12686400 0.57228100
vt 0.12667100 0.57458103
vt 0.12233400 0.57418400
vt 0.12254800 0.57185102
vt 0.12686400 0.57228100
vt 0.12688200 0.57207501
vt 0.13114201 0.57238299
vt 0.13112800 0.57258397
vt 0.12254800 0.57185102
vt 0.12257100 0.57164299
vt 0.12688200 0.57207501
vt 0.12686400 0.57228100
vt 0.12254800 0.57185102
vt 0.12233400 0.57418400
vt 0.11792300 0.57372802
vt 0.11816000 0.57134801
vt 0.11816000 0.57134801
vt 0.11819500 0.57113600
vt 0.12257100 0.57164299
vt 0.12254800 0.57185102
vt 0.12257100 0.57164299
vt 0.12269700 0.57054102
vt 0.12698001 0.57096797
vt 0.12688200 0.57207501
vt 0.11819500 0.57113600
vt 0.11835500 0.57007098
vt 0.12269700 0.57054102
vt 0.12257100 0.57164299
vt 0.11358600 0.57010400
vt 0.11459100 0.56933498
vt 0.11835500 0.57007098
vt 0.11819500 0.57113600
vt 0.11346900 0.57034701
vt 0.11358600 0.57010400
vt 0.11819500 0.57113600
vt 0.11816000 0.57134801
vt 0.12282700 0.56928301
vt 0.12269700 0.57054102
vt 0.11835500 0.57007098
vt 0.11851300 0.56875902
vt 0.11851300 0.56875902
vt 0.11835500 0.57007098
vt 0.11459100 0.56933498
vt 0.11466100 0.56861502
vt 0.11289300 0.56874597
vt 0.11437600 0.56893802
vt 0.11459100 0.56933498
vt 0.11358600 0.57010400
vt 0.11459100 0.56933498
vt 0.11437600 0.56893802
vt 0.11466100 0.56861502
vt 0.11389500 0.56766802
vt 0.11466100 0.56861502
vt 0.11437600 0.56893802
vt 0.11289300 0.56874597
vt 0.11384400 0.56741101
vt 0.11389500 0.56766802
vt 0.11289300 0.56874597
vt 0.11253700 0.56869298
vt 0.11253700 0.56869298
vt 0.11289300 0.56874597
vt 0.11358600 0.57010400
vt 0.11346900 0.57034701
vt 0.11862100 0.56747401
vt 0.11860700 0.56768799
vt 0.11389500 0.56766802
vt 0.11384400 0.56741101
vt 0.11860700 0.56768799
vt 0.11851300 0.56875902
vt 0.11466100 0.56861502
vt 0.11389500 0.56766802
vt 0.12294600 0.56818599
vt 0.12282700 0.56928301
vt 0.11851300 0.56875902
vt 0.11860700 0.56768799
vt 0.12297000 0.56797999
vt 0.12294600 0.56818599
vt 0.11860700 0.56768799
vt 0.11862100 0.56747401
vt 0.11862100 0.56747401
vt 0.11384400 0.56741101
vt 0.11420300 0.56405997
vt 0.11893800 0.56480402
vt 0.12297000 0.56797999
vt 0.11862100 0.56747401
vt 0.11893800 0.56480402
vt 0.12327600 0.56543303
vt 0.12722600 0.56844598
vt 0.12297000 0.56797999
vt 0.12327600 0.56543303
vt 0.12747100 0.56594199
vt 0.12722600 0.56844598
vt 0.12720500 0.56864899
vt 0.12294600 0.56818599
vt 0.12297000 0.56797999
vt 0.12747100 0.56594199
vt 0.12327600 0.56543303
vt 0.12369600 0.56270301
vt 0.12777500 0.56327099
vt 0.12327600 0.56543303
vt 0.11893800 0.56480402
vt 0.11950500 0.56193900
vt 0.12369600 0.56270301
vt 0.12369600 0.56270301
vt 0.11950500 0.56193900
vt 0.12054200 0.55876398
vt 0.12449500 0.55959499
vt 0.12777500 0.56327099
vt 0.12369600 0.56270301
vt 0.12449500 0.55959499
vt 0.12842099 0.56014901
vt 0.13182400 0.56366998
vt 0.12777500 0.56327099
vt 0.12842099 0.56014901
vt 0.13235299 0.56052399
vt 0.13159899 0.56634998
vt 0.12747100 0.56594199
vt 0.12777500 0.56327099
vt 0.13182400 0.56366998
vt 0.13586600 0.56396002
vt 0.13182400 0.56366998
vt 0.13235299 0.56052399
vt 0.13631099 0.56080300
vt 0.13570499 0.56662798
vt 0.13159899 0.56634998
vt 0.13182400 0.56366998
vt 0.13586600 0.56396002
vt 0.13556300 0.56911999
vt 0.13141300 0.56885898
vt 0.13159899 0.56634998
vt 0.13570499 0.56662798
vt 0.13141300 0.56885898
vt 0.12722600 0.56844598
vt 0.12747100 0.56594199
vt 0.13159899 0.56634998
vt 0.13141300 0.56885898
vt 0.13139801 0.56905699
vt 0.12720500 0.56864899
vt 0.12722600 0.56844598
vt 0.13556300 0.56911999
vt 0.13555200 0.56931800
vt 0.13139801 0.56905699
vt 0.13141300 0.56885898
vt 0.13973001 0.56931502
vt 0.13972101 0.56951499
vt 0.13555200 0.56931800
vt 0.13556300 0.56911999
vt 0.13973001 0.56931502
vt 0.13556300 0.56911999
vt 0.13570499 0.56662798
vt 0.13983600 0.56682801
vt 0.14392801 0.56948298
vt 0.14392200 0.56967998
vt 0.13972101 0.56951499
vt 0.13973001 0.56931502
vt 0.13973001 0.56931502
vt 0.13983600 0.56682801
vt 0.14400600 0.56698102
vt 0.14392801 0.56948298
vt 0.13983600 0.56682801
vt 0.13570499 0.56662798
vt 0.13586600 0.56396002
vt 0.13994500 0.56416202
vt 0.13983600 0.56682801
vt 0.13994500 0.56416202
vt 0.14407501 0.56428897
vt 0.14400600 0.56698102
vt 0.14407501 0.56428897
vt 0.13994500 0.56416202
vt 0.14031200 0.56100202
vt 0.14436500 0.56111902
vt 0.13994500 0.56416202
vt 0.13586600 0.56396002
vt 0.13631099 0.56080300
vt 0.14031200 0.56100202
vt 0.13630800 0.55993700
vt 0.14029101 0.56018001
vt 0.14031200 0.56100202
vt 0.13631099 0.56080300
vt 0.14029101 0.56018001
vt 0.14432000 0.56021899
vt 0.14436500 0.56111902
vt 0.14031200 0.56100202
vt 0.14825401 0.56435603
vt 0.14407501 0.56428897
vt 0.14436500 0.56111902
vt 0.14847600 0.56119603
vt 0.14432000 0.56021899
vt 0.14845701 0.56021899
vt 0.14847600 0.56119603
vt 0.14436500 0.56111902
vt 0.14433500 0.55610400
vt 0.14849900 0.55619401
vt 0.14845701 0.56021899
vt 0.14432000 0.56021899
vt 0.14042500 0.55596501
vt 0.14433500 0.55610400
vt 0.14432000 0.56021899
vt 0.14029101 0.56018001
vt 0.14042500 0.55596501
vt 0.14029101 0.56018001
vt 0.13630800 0.55993700
vt 0.13655899 0.55589801
vt 0.13655899 0.55589801
vt 0.13630800 0.55993700
vt 0.13232800 0.55961698
vt 0.13259999 0.55574799
vt 0.12879001 0.55543101
vt 0.13259999 0.55574799
vt 0.13232800 0.55961698
vt 0.12840199 0.55931801
vt 0.12454600 0.55883300
vt 0.12524199 0.55495501
vt 0.12879001 0.55543101
vt 0.12840199 0.55931801
vt 0.12068900 0.55795699
vt 0.12172000 0.55425203
vt 0.12524199 0.55495501
vt 0.12454600 0.55883300
vt 0.11826500 0.55316401
vt 0.12172000 0.55425203
vt 0.12068900 0.55795699
vt 0.11685900 0.55672598
vt 0.12068900 0.55795699
vt 0.12454600 0.55883300
vt 0.12449500 0.55959499
vt 0.12054200 0.55876398
vt 0.11685900 0.55672598
vt 0.12068900 0.55795699
vt 0.12054200 0.55876398
vt 0.11659900 0.55757302
vt 0.11528800 0.55182600
vt 0.11826500 0.55316401
vt 0.11685900 0.55672598
vt 0.11331800 0.55513102
vt 0.11331800 0.55513102
vt 0.11685900 0.55672598
vt 0.11659900 0.55757302
vt 0.11290600 0.55587000
vt 0.11659900 0.55757302
vt 0.11512700 0.56085002
vt 0.11069800 0.55905098
vt 0.11290600 0.55587000
vt 0.11950500 0.56193900
vt 0.11512700 0.56085002
vt 0.11659900 0.55757302
vt 0.12054200 0.55876398
vt 0.10988000 0.55364197
vt 0.11290600 0.55587000
vt 0.11069800 0.55905098
vt 0.10696300 0.55633998
vt 0.11046300 0.55307198
vt 0.11331800 0.55513102
vt 0.11290600 0.55587000
vt 0.10988000 0.55364197
vt 0.10854900 0.55062699
vt 0.11046300 0.55307198
vt 0.10988000 0.55364197
vt 0.10779300 0.55109900
vt 0.10453700 0.55313498
vt 0.10779300 0.55109900
vt 0.10988000 0.55364197
vt 0.10696300 0.55633998
vt 0.10903500 0.56235200
vt 0.10430000 0.55945700
vt 0.10696300 0.55633998
vt 0.11069800 0.55905098
vt 0.10163300 0.55557799
vt 0.10453700 0.55313498
vt 0.10696300 0.55633998
vt 0.10430000 0.55945700
vt 0.10042300 0.55179799
vt 0.10317900 0.54987901
vt 0.10453700 0.55313498
vt 0.10163300 0.55557799
vt 0.10453700 0.55313498
vt 0.10317900 0.54987901
vt 0.10658500 0.54840899
vt 0.10779300 0.55109900
vt 0.09986700 0.54829699
vt 0.10252400 0.54670501
vt 0.10317900 0.54987901
vt 0.10042300 0.55179799
vt 0.10317900 0.54987901
vt 0.10252400 0.54670501
vt 0.10595900 0.54570597
vt 0.10658500 0.54840899
vt 0.09705900 0.55126101
vt 0.09986700 0.54829699
vt 0.10042300 0.55179799
vt 0.09735400 0.55498201
vt 0.09735400 0.55498201
vt 0.10042300 0.55179799
vt 0.10163300 0.55557799
vt 0.09814900 0.55915999
vt 0.09735400 0.55498201
vt 0.09814900 0.55915999
vt 0.09322000 0.56333399
vt 0.09320400 0.55955702
vt 0.09705900 0.55126101
vt 0.09735400 0.55498201
vt 0.09320400 0.55955702
vt 0.09345300 0.55598301
vt 0.09693600 0.54781401
vt 0.09963300 0.54500401
vt 0.09986700 0.54829699
vt 0.09705900 0.55126101
vt 0.09693600 0.54781401
vt 0.09705900 0.55126101
vt 0.09345300 0.55598301
vt 0.09371000 0.55253297
vt 0.07908800 0.56845200
vt 0.09371000 0.55253297
vt 0.09345300 0.55598301
vt 0.07837400 0.57015198
vt 0.07837400 0.57015198
vt 0.09345300 0.55598301
vt 0.09320400 0.55955702
vt 0.07760700 0.57177001
vt 0.07608200 0.56870902
vt 0.07908800 0.56845200
vt 0.07837400 0.57015198
vt 0.07538100 0.57026398
vt 0.07538100 0.57026398
vt 0.07837400 0.57015198
vt 0.07760700 0.57177001
vt 0.07469700 0.57169902
vt 0.07760700 0.57177001
vt 0.09320400 0.55955702
vt 0.09322000 0.56333399
vt 0.07679800 0.57334900
vt 0.07469700 0.57169902
vt 0.07760700 0.57177001
vt 0.07679800 0.57334900
vt 0.07402000 0.57300502
vt 0.09322000 0.56333399
vt 0.09369800 0.56789601
vt 0.07706200 0.57761198
vt 0.07489500 0.57588398
vt 0.07679800 0.57334900
vt 0.07679800 0.57334900
vt 0.07489500 0.57588398
vt 0.07260800 0.57508802
vt 0.07402000 0.57300502
vt 0.06582300 0.56868303
vt 0.07469700 0.57169902
vt 0.07402000 0.57300502
vt 0.06521600 0.57010698
vt 0.06521600 0.57010698
vt 0.07402000 0.57300502
vt 0.07260800 0.57508802
vt 0.06396400 0.57289797
vt 0.07193200 0.57617003
vt 0.07260800 0.57508802
vt 0.07489500 0.57588398
vt 0.07405400 0.57695103
vt 0.06396400 0.57289797
vt 0.07260800 0.57508802
vt 0.07193200 0.57617003
vt 0.06324900 0.57425398
vt 0.06396400 0.57289797
vt 0.06129300 0.57196403
vt 0.06237800 0.56918401
vt 0.06521600 0.57010698
vt 0.06396400 0.57289797
vt 0.06324900 0.57425398
vt 0.06070800 0.57332999
vt 0.06129300 0.57196403
vt 0.06129300 0.57196403
vt 0.05773600 0.57089603
vt 0.05851900 0.56814802
vt 0.06237800 0.56918401
vt 0.06129300 0.57196403
vt 0.06070800 0.57332999
vt 0.05732000 0.57226598
vt 0.05773600 0.57089603
vt 0.06070800 0.57332999
vt 0.06013700 0.57459301
vt 0.05691300 0.57353902
vt 0.05732000 0.57226598
vt 0.06324900 0.57425398
vt 0.06254500 0.57554603
vt 0.06013700 0.57459301
vt 0.06070800 0.57332999
vt 0.06254500 0.57554603
vt 0.06187600 0.57667500
vt 0.05962100 0.57566899
vt 0.06013700 0.57459301
vt 0.06013700 0.57459301
vt 0.05962100 0.57566899
vt 0.05654700 0.57462901
vt 0.05691300 0.57353902
vt 0.05691300 0.57353902
vt 0.05654700 0.57462901
vt 0.05249200 0.57353801
vt 0.05269300 0.57245499
vt 0.05732000 0.57226598
vt 0.05691300 0.57353902
vt 0.05269300 0.57245499
vt 0.05290900 0.57120401
vt 0.05229800 0.57444698
vt 0.05249200 0.57353801
vt 0.05654700 0.57462901
vt 0.05620500 0.57551801
vt 0.05620500 0.57551801
vt 0.05654700 0.57462901
vt 0.05962100 0.57566899
vt 0.05913300 0.57654297
vt 0.05565100 0.57653803
vt 0.05620500 0.57551801
vt 0.05913300 0.57654297
vt 0.05835400 0.57758999
vt 0.05197200 0.57558799
vt 0.05229800 0.57444698
vt 0.05620500 0.57551801
vt 0.05565100 0.57653803
vt 0.04765100 0.57479799
vt 0.04776200 0.57356697
vt 0.05229800 0.57444698
vt 0.05197200 0.57558799
vt 0.04776200 0.57356697
vt 0.04781200 0.57266402
vt 0.05249200 0.57353801
vt 0.05229800 0.57444698
vt 0.04308800 0.57424903
vt 0.04300900 0.57309300
vt 0.04776200 0.57356697
vt 0.04765100 0.57479799
vt 0.04300900 0.57309300
vt 0.04293000 0.57222998
vt 0.04781200 0.57266402
vt 0.04776200 0.57356697
vt 0.03861900 0.57426900
vt 0.03834500 0.57321697
vt 0.04300900 0.57309300
vt 0.04308800 0.57424903
vt 0.03834500 0.57321697
vt 0.03814200 0.57240200
vt 0.04293000 0.57222998
vt 0.04300900 0.57309300
vt 0.03391500 0.57407302
vt 0.03358500 0.57329500
vt 0.03814200 0.57240200
vt 0.03834500 0.57321697
vt 0.03440700 0.57512498
vt 0.03391500 0.57407302
vt 0.03834500 0.57321697
vt 0.03861900 0.57426900
vt 0.03538000 0.57696599
vt 0.03440700 0.57512498
vt 0.03861900 0.57426900
vt 0.03907900 0.57601202
vt 0.03907900 0.57601202
vt 0.03861900 0.57426900
vt 0.04308800 0.57424903
vt 0.04311000 0.57625699
vt 0.03963100 0.57812202
vt 0.03907900 0.57601202
vt 0.04311000 0.57625699
vt 0.04263900 0.57938600
vt 0.03735500 0.57981700
vt 0.03538000 0.57696599
vt 0.03907900 0.57601202
vt 0.03963100 0.57812202
vt 0.04263900 0.57938600
vt 0.04311000 0.57625699
vt 0.04737000 0.57699698
vt 0.04677100 0.58065403
vt 0.04311000 0.57625699
vt 0.04308800 0.57424903
vt 0.04765100 0.57479799
vt 0.04737000 0.57699698
vt 0.04677100 0.58065403
vt 0.04737000 0.57699698
vt 0.05138600 0.57749599
vt 0.05075400 0.58053303
vt 0.04737000 0.57699698
vt 0.04765100 0.57479799
vt 0.05197200 0.57558799
vt 0.05138600 0.57749599
vt 0.05138600 0.57749599
vt 0.05197200 0.57558799
vt 0.05565100 0.57653803
vt 0.05465000 0.57809299
vt 0.05075400 0.58053303
vt 0.05138600 0.57749599
vt 0.05465000 0.57809299
vt 0.05346100 0.57994598
vt 0.05346100 0.57994598
vt 0.05465000 0.57809299
vt 0.05689200 0.57928097
vt 0.05439900 0.58177298
vt 0.05465000 0.57809299
vt 0.05565100 0.57653803
vt 0.05835400 0.57758999
vt 0.05689200 0.57928097
vt 0.05346100 0.57994598
vt 0.05439900 0.58177298
vt 0.05054700 0.58473402
vt 0.05075400 0.58053303
vt 0.05439900 0.58177298
vt 0.05689200 0.57928097
vt 0.05856600 0.58064097
vt 0.05576200 0.58377701
vt 0.05439900 0.58177298
vt 0.05576200 0.58377701
vt 0.05150300 0.58847702
vt 0.05054700 0.58473402
vt 0.05075400 0.58053303
vt 0.05054700 0.58473402
vt 0.04569000 0.58628201
vt 0.04677100 0.58065403
vt 0.05054700 0.58473402
vt 0.05150300 0.58847702
vt 0.04391600 0.59717101
vt 0.04569000 0.58628201
vt 0.05843300 0.58750701
vt 0.05150300 0.58847702
vt 0.05576200 0.58377701
vt 0.05923100 0.58497697
vt 0.05843300 0.58750701
vt 0.05847000 0.60676903
vt 0.05156400 0.60581899
vt 0.04391600 0.59717101
vt 0.05150300 0.58847702
vt 0.04094100 0.58353001
vt 0.04569000 0.58628201
vt 0.04391600 0.59717101
vt 0.03741500 0.58728802
vt 0.04103500 0.61083102
vt 0.03748300 0.60710001
vt 0.04391600 0.59717101
vt 0.04576400 0.60804498
vt 0.05062600 0.60956299
vt 0.04576400 0.60804498
vt 0.04391600 0.59717101
vt 0.05156400 0.60581899
vt 0.03162400 0.60659599
vt 0.03176600 0.60126799
vt 0.04391600 0.59717101
vt 0.03748300 0.60710001
vt 0.02776800 0.59722799
vt 0.03173900 0.59315997
vt 0.04391600 0.59717101
vt 0.03176600 0.60126799
vt 0.03156000 0.58783400
vt 0.03741500 0.58728802
vt 0.04391600 0.59717101
vt 0.03173900 0.59315997
vt 0.02978500 0.58329898
vt 0.03390200 0.58196598
vt 0.03741500 0.58728802
vt 0.03156000 0.58783400
vt 0.03735500 0.57981700
vt 0.04094100 0.58353001
vt 0.03741500 0.58728802
vt 0.03390200 0.58196598
vt 0.04263900 0.57938600
vt 0.04677100 0.58065403
vt 0.04569000 0.58628201
vt 0.04094100 0.58353001
vt 0.03963100 0.57812202
vt 0.04263900 0.57938600
vt 0.04094100 0.58353001
vt 0.03735500 0.57981700
vt 0.03390200 0.58196598
vt 0.03168200 0.57860500
vt 0.03538000 0.57696599
vt 0.03735500 0.57981700
vt 0.02978500 0.58329898
vt 0.02796800 0.58038598
vt 0.03168200 0.57860500
vt 0.03390200 0.58196598
vt 0.02796800 0.58038598
vt 0.02664200 0.57871199
vt 0.03040900 0.57666099
vt 0.03168200 0.57860500
vt 0.03168200 0.57860500
vt 0.03040900 0.57666099
vt 0.03440700 0.57512498
vt 0.03538000 0.57696599
vt 0.02669500 0.58406597
vt 0.02484000 0.58258998
vt 0.02796800 0.58038598
vt 0.02978500 0.58329898
vt 0.02484000 0.58258998
vt 0.02332200 0.58135903
vt 0.02664200 0.57871199
vt 0.02796800 0.58038598
vt 0.02332200 0.58135903
vt 0.02242000 0.58061302
vt 0.02586900 0.57779098
vt 0.02664200 0.57871199
vt 0.02664200 0.57871199
vt 0.02586900 0.57779098
vt 0.02973900 0.57561302
vt 0.03040900 0.57666099
vt 0.02066100 0.58470702
vt 0.01953300 0.58408999
vt 0.02242000 0.58061302
vt 0.02332200 0.58135903
vt 0.02272000 0.58571500
vt 0.02066100 0.58470702
vt 0.02332200 0.58135903
vt 0.02484000 0.58258998
vt 0.02105700 0.58949202
vt 0.01862200 0.58861703
vt 0.02066100 0.58470702
vt 0.02272000 0.58571500
vt 0.01862200 0.58861703
vt 0.01731200 0.58813697
vt 0.01953300 0.58408999
vt 0.02066100 0.58470702
vt 0.01953300 0.58408999
vt 0.01872900 0.58362198
vt 0.02173600 0.58003998
vt 0.02242000 0.58061302
vt 0.01731200 0.58813697
vt 0.01640900 0.58779901
vt 0.01872900 0.58362198
vt 0.01953300 0.58408999
vt 0.01778200 0.58307302
vt 0.01872900 0.58362198
vt 0.01640900 0.58779901
vt 0.01535600 0.58740801
vt 0.02092000 0.57936603
vt 0.02173600 0.58003998
vt 0.01872900 0.58362198
vt 0.01778200 0.58307302
vt 0.02462700 0.57635599
vt 0.02530100 0.57712603
vt 0.02173600 0.58003998
vt 0.02092000 0.57936603
vt 0.02242000 0.58061302
vt 0.02173600 0.58003998
vt 0.02530100 0.57712603
vt 0.02586900 0.57779098
vt 0.02586900 0.57779098
vt 0.02530100 0.57712603
vt 0.02928600 0.57487899
vt 0.02973900 0.57561302
vt 0.02875700 0.57403499
vt 0.02928600 0.57487899
vt 0.02530100 0.57712603
vt 0.02462700 0.57635599
vt 0.02381500 0.57548702
vt 0.02462700 0.57635599
vt 0.02092000 0.57936603
vt 0.01994200 0.57860398
vt 0.02811900 0.57307899
vt 0.02875700 0.57403499
vt 0.02462700 0.57635599
vt 0.02381500 0.57548702
vt 0.03273400 0.57136703
vt 0.03319900 0.57239199
vt 0.02875700 0.57403499
vt 0.02811900 0.57307899
vt 0.03319900 0.57239199
vt 0.03358500 0.57329500
vt 0.02928600 0.57487899
vt 0.02875700 0.57403499
vt 0.03759700 0.57036000
vt 0.03789500 0.57144600
vt 0.03319900 0.57239199
vt 0.03273400 0.57136703
vt 0.03789500 0.57144600
vt 0.03814200 0.57240200
vt 0.03358500 0.57329500
vt 0.03319900 0.57239199
vt 0.02973900 0.57561302
vt 0.02928600 0.57487899
vt 0.03358500 0.57329500
vt 0.03391500 0.57407302
vt 0.04282400 0.57122302
vt 0.04293000 0.57222998
vt 0.03814200 0.57240200
vt 0.03789500 0.57144600
vt 0.04268900 0.57007498
vt 0.04282400 0.57122302
vt 0.03789500 0.57144600
vt 0.03759700 0.57036000
vt 0.03726400 0.56922501
vt 0.03759700 0.57036000
vt 0.03273400 0.57136703
vt 0.03220900 0.57030201
vt 0.04253700 0.56887001
vt 0.04268900 0.57007498
vt 0.03759700 0.57036000
vt 0.03726400 0.56922501
vt 0.04791800 0.56913799
vt 0.04788900 0.57040697
vt 0.04268900 0.57007498
vt 0.04253700 0.56887001
vt 0.04788900 0.57040697
vt 0.04785400 0.57161301
vt 0.04282400 0.57122302
vt 0.04268900 0.57007498
vt 0.05312300 0.56987500
vt 0.05290900 0.57120401
vt 0.04788900 0.57040697
vt 0.04791800 0.56913799
vt 0.05290900 0.57120401
vt 0.05269300 0.57245499
vt 0.04785400 0.57161301
vt 0.04788900 0.57040697
vt 0.04785400 0.57161301
vt 0.04781200 0.57266402
vt 0.04293000 0.57222998
vt 0.04282400 0.57122302
vt 0.05269300 0.57245499
vt 0.05249200 0.57353801
vt 0.04781200 0.57266402
vt 0.04785400 0.57161301
vt 0.05773600 0.57089603
vt 0.05732000 0.57226598
vt 0.05290900 0.57120401
vt 0.05312300 0.56987500
vt 0.05851900 0.56814802
vt 0.05773600 0.57089603
vt 0.05312300 0.56987500
vt 0.05355000 0.56726098
vt 0.05355000 0.56726098
vt 0.05312300 0.56987500
vt 0.04791800 0.56913799
vt 0.04797400 0.56668299
vt 0.04803800 0.56552899
vt 0.05380500 0.56600600
vt 0.05355000 0.56726098
vt 0.04797400 0.56668299
vt 0.05380500 0.56600600
vt 0.05897100 0.56677300
vt 0.05851900 0.56814802
vt 0.05355000 0.56726098
vt 0.05897100 0.56677300
vt 0.06294800 0.56776500
vt 0.06237800 0.56918401
vt 0.05851900 0.56814802
vt 0.05961300 0.56534702
vt 0.06367000 0.56626397
vt 0.06294800 0.56776500
vt 0.05897100 0.56677300
vt 0.05413400 0.56480300
vt 0.05961300 0.56534702
vt 0.05897100 0.56677300
vt 0.05380500 0.56600600
vt 0.06075900 0.56368399
vt 0.06469200 0.56464899
vt 0.06367000 0.56626397
vt 0.05961300 0.56534702
vt 0.05434000 0.56376499
vt 0.06075900 0.56368399
vt 0.05961300 0.56534702
vt 0.05413400 0.56480300
vt 0.05941700 0.56275398
vt 0.06311600 0.56158799
vt 0.06424900 0.56214201
vt 0.06075900 0.56368399
vt 0.06075900 0.56368399
vt 0.05434000 0.56376499
vt 0.05411100 0.56310201
vt 0.05941700 0.56275398
vt 0.06424900 0.56214201
vt 0.06615300 0.56288803
vt 0.06469200 0.56464899
vt 0.06075900 0.56368399
vt 0.04816100 0.56363398
vt 0.05434000 0.56376499
vt 0.05413400 0.56480300
vt 0.04812300 0.56448001
vt 0.05434000 0.56376499
vt 0.04816100 0.56363398
vt 0.04810600 0.56308401
vt 0.05411100 0.56310201
vt 0.05941700 0.56275398
vt 0.05411100 0.56310201
vt 0.05400600 0.56274498
vt 0.05916500 0.56232297
vt 0.05411100 0.56310201
vt 0.04810600 0.56308401
vt 0.04806900 0.56277698
vt 0.05400600 0.56274498
vt 0.05400600 0.56274498
vt 0.04806900 0.56277698
vt 0.04814600 0.56253701
vt 0.05433300 0.56229699
vt 0.05916500 0.56232297
vt 0.05400600 0.56274498
vt 0.05433300 0.56229699
vt 0.05975300 0.56139803
vt 0.38002801 0.58444899
vt 0.38419101 0.58189797
vt 0.38403600 0.58265799
vt 0.37902999 0.58696002
vt 0.38419101 0.58189797
vt 0.38962799 0.57928598
vt 0.38964200 0.57960302
vt 0.38403600 0.58265799
vt 0.04806900 0.56277698
vt 0.04178700 0.56297600
vt 0.04176900 0.56280202
vt 0.04814600 0.56253701
vt 0.38962799 0.57928598
vt 0.39589399 0.57740903
vt 0.39593500 0.57760400
vt 0.38964200 0.57960302
vt 0.39589399 0.57740903
vt 0.40272099 0.57664800
vt 0.40273601 0.57683003
vt 0.39593500 0.57760400
vt 0.04178700 0.56297600
vt 0.03537000 0.56376398
vt 0.03531700 0.56361002
vt 0.04176900 0.56280202
vt 0.40272099 0.57664800
vt 0.40985399 0.57722402
vt 0.40983501 0.57740402
vt 0.40273601 0.57683003
vt 0.03537000 0.56376398
vt 0.02895800 0.56538999
vt 0.02887200 0.56525302
vt 0.03531700 0.56361002
vt 0.40976599 0.57770699
vt 0.40275499 0.57713801
vt 0.40273601 0.57683003
vt 0.40983501 0.57740402
vt 0.40275499 0.57713801
vt 0.39604399 0.57791901
vt 0.39593500 0.57760400
vt 0.40273601 0.57683003
vt 0.39836100 0.58800000
vt 0.39604399 0.57791901
vt 0.40275499 0.57713801
vt 0.40300399 0.58745301
vt 0.40300399 0.58745301
vt 0.40275499 0.57713801
vt 0.40976599 0.57770699
vt 0.40809101 0.58785099
vt 0.40809101 0.58785099
vt 0.40976599 0.57770699
vt 0.41664600 0.57950699
vt 0.41323799 0.58916801
vt 0.41323799 0.58916801
vt 0.41664600 0.57950699
vt 0.42291200 0.58236903
vt 0.41774899 0.59121001
vt 0.41774899 0.59121001
vt 0.42291200 0.58236903
vt 0.42807099 0.58614999
vt 0.42100999 0.59358698
vt 0.42291200 0.58236903
vt 0.41664600 0.57950699
vt 0.41679400 0.57922000
vt 0.42312199 0.58211899
vt 0.42807099 0.58614999
vt 0.42291200 0.58236903
vt 0.42312199 0.58211899
vt 0.42833599 0.58594900
vt 0.43176201 0.59070301
vt 0.42807099 0.58614999
vt 0.42833599 0.58594900
vt 0.43208301 0.59056002
vt 0.42100999 0.59358698
vt 0.42807099 0.58614999
vt 0.43176201 0.59070301
vt 0.42306501 0.59611398
vt 0.43412399 0.59585297
vt 0.43176201 0.59070301
vt 0.43208301 0.59056002
vt 0.43449000 0.59576499
vt 0.42306501 0.59611398
vt 0.43176201 0.59070301
vt 0.43412399 0.59585297
vt 0.42445999 0.59915298
vt 0.43541101 0.60141599
vt 0.43412399 0.59585297
vt 0.43449000 0.59576499
vt 0.43580300 0.60137200
vt 0.42445999 0.59915298
vt 0.43412399 0.59585297
vt 0.43541101 0.60141599
vt 0.42534000 0.60296297
vt 0.42534000 0.60296297
vt 0.43541101 0.60141599
vt 0.43586001 0.60719699
vt 0.42568001 0.60737801
vt 0.42568001 0.60737801
vt 0.43586001 0.60719699
vt 0.43562201 0.61299002
vt 0.42549601 0.61180300
vt 0.42549601 0.61180300
vt 0.43562201 0.61299002
vt 0.43453699 0.61860198
vt 0.42474899 0.61564398
vt 0.42474899 0.61564398
vt 0.43453699 0.61860198
vt 0.43236101 0.62384301
vt 0.42346001 0.61873400
vt 0.42346001 0.61873400
vt 0.43236101 0.62384301
vt 0.42882901 0.62853801
vt 0.42149401 0.62133598
vt 0.42149401 0.62133598
vt 0.42882901 0.62853801
vt 0.42378899 0.63251299
vt 0.41832000 0.62383300
vt 0.41832000 0.62383300
vt 0.42378899 0.63251299
vt 0.41759199 0.63560402
vt 0.41387799 0.62601799
vt 0.41387799 0.62601799
vt 0.41759199 0.63560402
vt 0.41072199 0.63763797
vt 0.40873399 0.62749600
vt 0.40873399 0.62749600
vt 0.41072199 0.63763797
vt 0.40367401 0.63842702
vt 0.40360901 0.62803602
vt 0.41072199 0.63763797
vt 0.41759199 0.63560402
vt 0.41775000 0.63588703
vt 0.41080001 0.63794202
vt 0.40367401 0.63842702
vt 0.41072199 0.63763797
vt 0.41080001 0.63794202
vt 0.40366301 0.63873798
vt 0.41780701 0.63605702
vt 0.41082600 0.63812202
vt 0.41080001 0.63794202
vt 0.41775000 0.63588703
vt 0.41082600 0.63812202
vt 0.40365499 0.63892102
vt 0.40366301 0.63873798
vt 0.41080001 0.63794202
vt 0.02918200 0.62907499
vt 0.03561700 0.63065398
vt 0.03556400 0.63081002
vt 0.02909700 0.62921202
vt 0.02298100 0.62661201
vt 0.02918200 0.62907499
vt 0.02909700 0.62921202
vt 0.02286600 0.62672502
vt 0.02935000 0.62884200
vt 0.03571300 0.63038802
vt 0.03561700 0.63065398
vt 0.02918200 0.62907499
vt 0.02321500 0.62642598
vt 0.02935000 0.62884200
vt 0.02918200 0.62907499
vt 0.02298100 0.62661201
vt 0.01757400 0.62324500
vt 0.02321500 0.62642598
vt 0.02298100 0.62661201
vt 0.01728800 0.62338102
vt 0.01728800 0.62338102
vt 0.02298100 0.62661201
vt 0.02286600 0.62672502
vt 0.01715300 0.62346298
vt 0.01268700 0.61940098
vt 0.01757400 0.62324500
vt 0.01728800 0.62338102
vt 0.01237000 0.61949700
vt 0.01237000 0.61949700
vt 0.01728800 0.62338102
vt 0.01715300 0.62346298
vt 0.01222300 0.61954898
vt 0.42921200 0.62885898
vt 0.42409399 0.63291001
vt 0.42400900 0.63275701
vt 0.42910200 0.62873000
vt 0.42409399 0.63291001
vt 0.41780701 0.63605702
vt 0.41775000 0.63588703
vt 0.42400900 0.63275701
vt 0.43281901 0.62407500
vt 0.42921200 0.62885898
vt 0.42910200 0.62873000
vt 0.43268800 0.62397498
vt 0.00844300 0.61494797
vt 0.01237000 0.61949700
vt 0.01222300 0.61954898
vt 0.00829300 0.61497700
vt 0.00557700 0.60962498
vt 0.00844300 0.61494797
vt 0.00829300 0.61497700
vt 0.00542500 0.60964000
vt 0.43505600 0.61874503
vt 0.43281901 0.62407500
vt 0.43268800 0.62397498
vt 0.43490800 0.61867702
vt 0.43236101 0.62384301
vt 0.43453699 0.61860198
vt 0.43490800 0.61867702
vt 0.43268800 0.62397498
vt 0.42882901 0.62853801
vt 0.43236101 0.62384301
vt 0.43268800 0.62397498
vt 0.42910200 0.62873000
vt 0.43453699 0.61860198
vt 0.43562201 0.61299002
vt 0.43601501 0.61302102
vt 0.43490800 0.61867702
vt 0.43617401 0.61305398
vt 0.43505600 0.61874503
vt 0.43490800 0.61867702
vt 0.43601501 0.61302102
vt 0.43642199 0.60718602
vt 0.43617401 0.61305398
vt 0.43601501 0.61302102
vt 0.43625900 0.60718900
vt 0.43562201 0.61299002
vt 0.43586001 0.60719699
vt 0.43625900 0.60718900
vt 0.43601501 0.61302102
vt 0.43595999 0.60133302
vt 0.43642199 0.60718602
vt 0.43625900 0.60718900
vt 0.43580300 0.60137200
vt 0.43586001 0.60719699
vt 0.43541101 0.60141599
vt 0.43580300 0.60137200
vt 0.43625900 0.60718900
vt 0.00327200 0.59730601
vt 0.00384600 0.60364199
vt 0.00369300 0.60364902
vt 0.00311800 0.59730703
vt 0.00380800 0.59096801
vt 0.00327200 0.59730601
vt 0.00311800 0.59730703
vt 0.00365500 0.59096199
vt 0.43463600 0.59569103
vt 0.43595999 0.60133302
vt 0.43580300 0.60137200
vt 0.43449000 0.59576499
vt 0.00550100 0.58497697
vt 0.00380800 0.59096801
vt 0.00365500 0.59096199
vt 0.00534900 0.58496201
vt 0.00413200 0.59098899
vt 0.00359300 0.59730500
vt 0.00327200 0.59730601
vt 0.00380800 0.59096801
vt 0.00583000 0.58502001
vt 0.00413200 0.59098899
vt 0.00380800 0.59096801
vt 0.00550100 0.58497697
vt 0.00833500 0.57963902
vt 0.00550100 0.58497697
vt 0.00534900 0.58496201
vt 0.00818400 0.57960999
vt 0.00866500 0.57970500
vt 0.00583000 0.58502001
vt 0.00550100 0.58497697
vt 0.00833500 0.57963902
vt 0.00927600 0.57983601
vt 0.00643900 0.58510900
vt 0.00583000 0.58502001
vt 0.00866500 0.57970500
vt 0.00643900 0.58510900
vt 0.00472700 0.59103400
vt 0.00413200 0.59098899
vt 0.00583000 0.58502001
vt 0.01254800 0.57516301
vt 0.00866500 0.57970500
vt 0.00833500 0.57963902
vt 0.01223000 0.57506901
vt 0.01313600 0.57533902
vt 0.00927600 0.57983601
vt 0.00866500 0.57970500
vt 0.01254800 0.57516301
vt 0.00927600 0.57983601
vt 0.01313600 0.57533902
vt 0.01403500 0.57562000
vt 0.01021300 0.58004802
vt 0.00643900 0.58510900
vt 0.00927600 0.57983601
vt 0.01021300 0.58004802
vt 0.00737300 0.58525503
vt 0.01021300 0.58004802
vt 0.01403500 0.57562000
vt 0.01515800 0.57600802
vt 0.01139300 0.58034599
vt 0.00737300 0.58525503
vt 0.01021300 0.58004802
vt 0.01139300 0.58034599
vt 0.00855800 0.58546197
vt 0.00564100 0.59110701
vt 0.00737300 0.58525503
vt 0.00855800 0.58546197
vt 0.00680800 0.59121299
vt 0.00472700 0.59103400
vt 0.00643900 0.58510900
vt 0.00737300 0.58525503
vt 0.00564100 0.59110701
vt 0.00418100 0.59730297
vt 0.00472700 0.59103400
vt 0.00564100 0.59110701
vt 0.00508200 0.59730101
vt 0.00508200 0.59730101
vt 0.00564100 0.59110701
vt 0.00680800 0.59121299
vt 0.00623300 0.59729701
vt 0.00680800 0.59121299
vt 0.00855800 0.58546197
vt 0.00990000 0.58573800
vt 0.00814300 0.59135300
vt 0.00623300 0.59729701
vt 0.00680800 0.59121299
vt 0.00814300 0.59135300
vt 0.00755600 0.59729302
vt 0.00567900 0.60349202
vt 0.00508200 0.59730101
vt 0.00623300 0.59729701
vt 0.00684500 0.60337901
vt 0.00684500 0.60337901
vt 0.00623300 0.59729701
vt 0.00755600 0.59729302
vt 0.00817900 0.60323000
vt 0.00814300 0.59135300
vt 0.01104700 0.59174901
vt 0.01046500 0.59728402
vt 0.00755600 0.59729302
vt 0.00755600 0.59729302
vt 0.01046500 0.59728402
vt 0.01108100 0.60281599
vt 0.00817900 0.60323000
vt 0.00997200 0.60883701
vt 0.00817900 0.60323000
vt 0.01108100 0.60281599
vt 0.01281000 0.60804898
vt 0.00863200 0.60912001
vt 0.00684500 0.60337901
vt 0.00817900 0.60323000
vt 0.00997200 0.60883701
vt 0.01046500 0.59728402
vt 0.01192400 0.59728003
vt 0.01251700 0.60257101
vt 0.01108100 0.60281599
vt 0.01108100 0.60281599
vt 0.01251700 0.60257101
vt 0.01417600 0.60758400
vt 0.01281000 0.60804898
vt 0.01281000 0.60804898
vt 0.01417600 0.60758400
vt 0.01675200 0.61208302
vt 0.01550100 0.61272800
vt 0.01281000 0.60804898
vt 0.01550100 0.61272800
vt 0.01281400 0.61382198
vt 0.00997200 0.60883701
vt 0.01251700 0.60257101
vt 0.01383700 0.60233200
vt 0.01541900 0.60713100
vt 0.01417600 0.60758400
vt 0.01417600 0.60758400
vt 0.01541900 0.60713100
vt 0.01787500 0.61145198
vt 0.01675200 0.61208302
vt 0.01675200 0.61208302
vt 0.01787500 0.61145198
vt 0.02103900 0.61514002
vt 0.02006500 0.61590898
vt 0.01550100 0.61272800
vt 0.01675200 0.61208302
vt 0.02006500 0.61590898
vt 0.01896600 0.61669499
vt 0.02006500 0.61590898
vt 0.02103900 0.61514002
vt 0.02476800 0.61812598
vt 0.02396200 0.61900198
vt 0.01896600 0.61669499
vt 0.02006500 0.61590898
vt 0.02396200 0.61900198
vt 0.02304300 0.61990100
vt 0.02096600 0.62147200
vt 0.01652800 0.61803299
vt 0.01896600 0.61669499
vt 0.02304300 0.61990100
vt 0.01652800 0.61803299
vt 0.01281400 0.61382198
vt 0.01550100 0.61272800
vt 0.01896600 0.61669499
vt 0.01988900 0.62210101
vt 0.01529400 0.61853898
vt 0.01652800 0.61803299
vt 0.02096600 0.62147200
vt 0.01529400 0.61853898
vt 0.01149900 0.61422098
vt 0.01281400 0.61382198
vt 0.01652800 0.61803299
vt 0.01149900 0.61422098
vt 0.00863200 0.60912001
vt 0.00997200 0.60883701
vt 0.01281400 0.61382198
vt 0.01032100 0.61452699
vt 0.00744700 0.60933501
vt 0.00863200 0.60912001
vt 0.01149900 0.61422098
vt 0.01417300 0.61893398
vt 0.01032100 0.61452699
vt 0.01149900 0.61422098
vt 0.01529400 0.61853898
vt 0.00938400 0.61474401
vt 0.00651300 0.60948598
vt 0.00744700 0.60933501
vt 0.01032100 0.61452699
vt 0.01327500 0.61922097
vt 0.00938400 0.61474401
vt 0.01032100 0.61452699
vt 0.01417300 0.61893398
vt 0.01889900 0.62261403
vt 0.01417300 0.61893398
vt 0.01529400 0.61853898
vt 0.01988900 0.62210101
vt 0.01810000 0.62299800
vt 0.01327500 0.61922097
vt 0.01417300 0.61893398
vt 0.01889900 0.62261403
vt 0.02428400 0.62559199
vt 0.01889900 0.62261403
vt 0.01988900 0.62210101
vt 0.02507600 0.62493801
vt 0.02364100 0.62609702
vt 0.01810000 0.62299800
vt 0.01889900 0.62261403
vt 0.02428400 0.62559199
vt 0.01327500 0.61922097
vt 0.01810000 0.62299800
vt 0.01757400 0.62324500
vt 0.01268700 0.61940098
vt 0.01810000 0.62299800
vt 0.02364100 0.62609702
vt 0.02321500 0.62642598
vt 0.01757400 0.62324500
vt 0.02964800 0.62843400
vt 0.02364100 0.62609702
vt 0.02428400 0.62559199
vt 0.03009800 0.62781298
vt 0.02364100 0.62609702
vt 0.02964800 0.62843400
vt 0.02935000 0.62884200
vt 0.02321500 0.62642598
vt 0.03588100 0.62992299
vt 0.02964800 0.62843400
vt 0.03009800 0.62781298
vt 0.03613000 0.62921798
vt 0.02964800 0.62843400
vt 0.03588100 0.62992299
vt 0.03571300 0.63038802
vt 0.02935000 0.62884200
vt 0.03588100 0.62992299
vt 0.04216400 0.63060200
vt 0.04209600 0.63110501
vt 0.03571300 0.63038802
vt 0.04216400 0.63060200
vt 0.03588100 0.62992299
vt 0.03613000 0.62921798
vt 0.04224800 0.62983602
vt 0.04216400 0.63060200
vt 0.04843300 0.63067102
vt 0.04838400 0.63122302
vt 0.04209600 0.63110501
vt 0.04843300 0.63067102
vt 0.04216400 0.63060200
vt 0.04224800 0.62983602
vt 0.04838600 0.62982398
vt 0.04843300 0.63067102
vt 0.05462000 0.63046902
vt 0.05440000 0.63113499
vt 0.04838400 0.63122302
vt 0.05462000 0.63046902
vt 0.04843300 0.63067102
vt 0.04838600 0.62982398
vt 0.05440000 0.62943298
vt 0.05440000 0.62943298
vt 0.04838600 0.62982398
vt 0.04829000 0.62877500
vt 0.05405600 0.62823302
vt 0.04838600 0.62982398
vt 0.04224800 0.62983602
vt 0.04234800 0.62887698
vt 0.04829000 0.62877500
vt 0.04829000 0.62877500
vt 0.04234800 0.62887698
vt 0.04246700 0.62780201
vt 0.04821300 0.62761998
vt 0.05405600 0.62823302
vt 0.04829000 0.62877500
vt 0.04821300 0.62761998
vt 0.05378600 0.62698102
vt 0.05378600 0.62698102
vt 0.04821300 0.62761998
vt 0.04813100 0.62516397
vt 0.05332700 0.62437397
vt 0.04821300 0.62761998
vt 0.04246700 0.62780201
vt 0.04275000 0.62548101
vt 0.04813100 0.62516397
vt 0.04234800 0.62887698
vt 0.03643800 0.62833202
vt 0.03677600 0.62733501
vt 0.04246700 0.62780201
vt 0.04246700 0.62780201
vt 0.03677600 0.62733501
vt 0.03746900 0.62517101
vt 0.04275000 0.62548101
vt 0.03677600 0.62733501
vt 0.03124500 0.62612998
vt 0.03240000 0.62413198
vt 0.03746900 0.62517101
vt 0.03643800 0.62833202
vt 0.03064900 0.62702698
vt 0.03124500 0.62612998
vt 0.03677600 0.62733501
vt 0.03613000 0.62921798
vt 0.03009800 0.62781298
vt 0.03064900 0.62702698
vt 0.03643800 0.62833202
vt 0.04224800 0.62983602
vt 0.03613000 0.62921798
vt 0.03643800 0.62833202
vt 0.04234800 0.62887698
vt 0.03009800 0.62781298
vt 0.02428400 0.62559199
vt 0.02507600 0.62493801
vt 0.03064900 0.62702698
vt 0.03064900 0.62702698
vt 0.02507600 0.62493801
vt 0.02593100 0.62417102
vt 0.03124500 0.62612998
vt 0.02507600 0.62493801
vt 0.01988900 0.62210101
vt 0.02096600 0.62147200
vt 0.02593100 0.62417102
vt 0.02096600 0.62147200
vt 0.02304300 0.61990100
vt 0.02756700 0.62237298
vt 0.02593100 0.62417102
vt 0.03124500 0.62612998
vt 0.02593100 0.62417102
vt 0.02756700 0.62237298
vt 0.03240000 0.62413198
vt 0.02756700 0.62237298
vt 0.02828600 0.62138098
vt 0.03291800 0.62306201
vt 0.03240000 0.62413198
vt 0.02304300 0.61990100
vt 0.02396200 0.61900198
vt 0.02828600 0.62138098
vt 0.02756700 0.62237298
vt 0.02828600 0.62138098
vt 0.02891800 0.62042099
vt 0.03337600 0.62203199
vt 0.03291800 0.62306201
vt 0.02396200 0.61900198
vt 0.02476800 0.61812598
vt 0.02891800 0.62042099
vt 0.02828600 0.62138098
vt 0.03240000 0.62413198
vt 0.03291800 0.62306201
vt 0.03779300 0.62403202
vt 0.03746900 0.62517101
vt 0.03291800 0.62306201
vt 0.03337600 0.62203199
vt 0.03808300 0.62294197
vt 0.03779300 0.62403202
vt 0.02891800 0.62042099
vt 0.02944100 0.61957198
vt 0.03375500 0.62112498
vt 0.03337600 0.62203199
vt 0.03337600 0.62203199
vt 0.03375500 0.62112498
vt 0.03832100 0.62198400
vt 0.03808300 0.62294197
vt 0.03808300 0.62294197
vt 0.03832100 0.62198400
vt 0.04311300 0.62211603
vt 0.04301600 0.62312400
vt 0.03779300 0.62403202
vt 0.03808300 0.62294197
vt 0.04301600 0.62312400
vt 0.04289100 0.62427402
vt 0.04289100 0.62427402
vt 0.04301600 0.62312400
vt 0.04804300 0.62269002
vt 0.04809000 0.62389398
vt 0.04301600 0.62312400
vt 0.04311300 0.62211603
vt 0.04799100 0.62164003
vt 0.04804300 0.62269002
vt 0.04318500 0.62125099
vt 0.04311300 0.62211603
vt 0.03832100 0.62198400
vt 0.03851800 0.62116599
vt 0.04793300 0.62073803
vt 0.04799100 0.62164003
vt 0.04311300 0.62211603
vt 0.04318500 0.62125099
vt 0.04804300 0.62269002
vt 0.04799100 0.62164003
vt 0.05265800 0.62072802
vt 0.05286900 0.62180603
vt 0.05245400 0.61982203
vt 0.05265800 0.62072802
vt 0.04799100 0.62164003
vt 0.04793300 0.62073803
vt 0.05211800 0.61868399
vt 0.05245400 0.61982203
vt 0.04793300 0.62073803
vt 0.04781100 0.61950701
vt 0.04781100 0.61950701
vt 0.04793300 0.62073803
vt 0.04318500 0.62125099
vt 0.04325400 0.62009501
vt 0.04751100 0.61731201
vt 0.04781100 0.61950701
vt 0.04325400 0.62009501
vt 0.04325900 0.61808699
vt 0.05151600 0.61678302
vt 0.05211800 0.61868399
vt 0.04781100 0.61950701
vt 0.04751100 0.61731201
vt 0.05476600 0.61616498
vt 0.05577800 0.61771101
vt 0.05211800 0.61868399
vt 0.05151600 0.61678302
vt 0.05577800 0.61771101
vt 0.05634000 0.61872703
vt 0.05245400 0.61982203
vt 0.05211800 0.61868399
vt 0.05356500 0.61432397
vt 0.05476600 0.61616498
vt 0.05151600 0.61678302
vt 0.05086100 0.61375499
vt 0.05086100 0.61375499
vt 0.05151600 0.61678302
vt 0.04751100 0.61731201
vt 0.04688300 0.61366302
vt 0.05086100 0.61375499
vt 0.04688300 0.61366302
vt 0.04576400 0.60804498
vt 0.05062600 0.60956299
vt 0.05356500 0.61432397
vt 0.05086100 0.61375499
vt 0.05062600 0.60956299
vt 0.05448700 0.61249799
vt 0.05448700 0.61249799
vt 0.05699000 0.61497098
vt 0.05476600 0.61616498
vt 0.05356500 0.61432397
vt 0.05448700 0.61249799
vt 0.05062600 0.60956299
vt 0.05156400 0.60581899
vt 0.05583000 0.61049598
vt 0.05583000 0.61049598
vt 0.05864600 0.61361402
vt 0.05699000 0.61497098
vt 0.05448700 0.61249799
vt 0.05583000 0.61049598
vt 0.05156400 0.60581899
vt 0.05847000 0.60676903
vt 0.05927700 0.60929298
vt 0.05927700 0.60929298
vt 0.06103800 0.61086899
vt 0.05864600 0.61361402
vt 0.05583000 0.61049598
vt 0.06103800 0.61086899
vt 0.05927700 0.60929298
vt 0.05847000 0.60676903
vt 0.06117800 0.60817403
vt 0.06264800 0.61229300
vt 0.06103800 0.61086899
vt 0.06117800 0.60817403
vt 0.06309400 0.60932201
vt 0.06103800 0.61086899
vt 0.06264800 0.61229300
vt 0.06034700 0.61553699
vt 0.05864600 0.61361402
vt 0.06114800 0.58610100
vt 0.06306900 0.58495498
vt 0.06309400 0.60932201
vt 0.06117800 0.60817403
vt 0.05847000 0.60676903
vt 0.05843300 0.58750701
vt 0.06114800 0.58610100
vt 0.06117800 0.60817403
vt 0.06306900 0.58495498
vt 0.06114800 0.58610100
vt 0.06099100 0.58339602
vt 0.06260000 0.58197403
vt 0.06114800 0.58610100
vt 0.05843300 0.58750701
vt 0.05923100 0.58497697
vt 0.06099100 0.58339602
vt 0.05576200 0.58377701
vt 0.05856600 0.58064097
vt 0.06099100 0.58339602
vt 0.05923100 0.58497697
vt 0.05856600 0.58064097
vt 0.06025900 0.57871097
vt 0.06260000 0.58197403
vt 0.06099100 0.58339602
vt 0.06391100 0.58091998
vt 0.06260000 0.58197403
vt 0.06025900 0.57871097
vt 0.06121700 0.57757699
vt 0.06455400 0.58417702
vt 0.06306900 0.58495498
vt 0.06260000 0.58197403
vt 0.06391100 0.58091998
vt 0.05835400 0.57758999
vt 0.05913300 0.57654297
vt 0.06121700 0.57757699
vt 0.06025900 0.57871097
vt 0.05689200 0.57928097
vt 0.05835400 0.57758999
vt 0.06025900 0.57871097
vt 0.05856600 0.58064097
vt 0.05913300 0.57654297
vt 0.05962100 0.57566899
vt 0.06187600 0.57667500
vt 0.06121700 0.57757699
vt 0.06187600 0.57667500
vt 0.06563600 0.57964599
vt 0.06391100 0.58091998
vt 0.06121700 0.57757699
vt 0.06254500 0.57554603
vt 0.07134700 0.57765502
vt 0.07098800 0.57991600
vt 0.06563600 0.57964599
vt 0.06187600 0.57667500
vt 0.06563600 0.57964599
vt 0.07098800 0.57991600
vt 0.07094600 0.58318502
vt 0.06621000 0.58363801
vt 0.06621000 0.58363801
vt 0.06455400 0.58417702
vt 0.06391100 0.58091998
vt 0.06563600 0.57964599
vt 0.06457500 0.61010301
vt 0.06455400 0.58417702
vt 0.06621000 0.58363801
vt 0.06622100 0.61063498
vt 0.07094600 0.58318502
vt 0.07090600 0.61100602
vt 0.06622100 0.61063498
vt 0.06621000 0.58363801
vt 0.07314300 0.58319902
vt 0.07308100 0.61095798
vt 0.07090600 0.61100602
vt 0.07094600 0.58318502
vt 0.07098800 0.57991600
vt 0.07306900 0.58027500
vt 0.07314300 0.58319902
vt 0.07094600 0.58318502
vt 0.07306900 0.58027500
vt 0.07439500 0.58085102
vt 0.07486600 0.58312201
vt 0.07314300 0.58319902
vt 0.07486600 0.58312201
vt 0.07478700 0.61101002
vt 0.07308100 0.61095798
vt 0.07314300 0.58319902
vt 0.07098800 0.57991600
vt 0.07134700 0.57765502
vt 0.07341900 0.57830399
vt 0.07306900 0.58027500
vt 0.07306900 0.58027500
vt 0.07341900 0.57830399
vt 0.07502100 0.57978499
vt 0.07439500 0.58085102
vt 0.07134700 0.57765502
vt 0.07193200 0.57617003
vt 0.07405400 0.57695103
vt 0.07341900 0.57830399
vt 0.07341900 0.57830399
vt 0.07405400 0.57695103
vt 0.07586000 0.57867599
vt 0.07502100 0.57978499
vt 0.07718300 0.58189702
vt 0.07608700 0.58259201
vt 0.07502100 0.57978499
vt 0.07586000 0.57867599
vt 0.07608700 0.58259201
vt 0.07486600 0.58312201
vt 0.07439500 0.58085102
vt 0.07502100 0.57978499
vt 0.07598900 0.61151600
vt 0.07608700 0.58259201
vt 0.07718300 0.58189702
vt 0.07706500 0.61218798
vt 0.07486600 0.58312201
vt 0.07608700 0.58259201
vt 0.07598900 0.61151600
vt 0.07478700 0.61101002
vt 0.07579200 0.61538398
vt 0.07495800 0.61430502
vt 0.07598900 0.61151600
vt 0.07706500 0.61218798
vt 0.07495800 0.61430502
vt 0.07433500 0.61326402
vt 0.07478700 0.61101002
vt 0.07598900 0.61151600
vt 0.07339200 0.61580002
vt 0.07303000 0.61385900
vt 0.07433500 0.61326402
vt 0.07495800 0.61430502
vt 0.07403100 0.61711901
vt 0.07339200 0.61580002
vt 0.07495800 0.61430502
vt 0.07579200 0.61538398
vt 0.07194600 0.61793101
vt 0.07135500 0.61648399
vt 0.07339200 0.61580002
vt 0.07403100 0.61711901
vt 0.07135500 0.61648399
vt 0.07097900 0.61425501
vt 0.07303000 0.61385900
vt 0.07339200 0.61580002
vt 0.06265500 0.61867899
vt 0.06197800 0.61756903
vt 0.06568900 0.61461300
vt 0.07097900 0.61425501
vt 0.07135500 0.61648399
vt 0.06265500 0.61867899
vt 0.07135500 0.61648399
vt 0.07194600 0.61793101
vt 0.06336800 0.61993802
vt 0.07262200 0.61897397
vt 0.07194600 0.61793101
vt 0.07403100 0.61711901
vt 0.07486900 0.61815101
vt 0.07194600 0.61793101
vt 0.07262200 0.61897397
vt 0.06409500 0.62125701
vt 0.06336800 0.61993802
vt 0.06145000 0.62220901
vt 0.06085200 0.62086898
vt 0.06336800 0.61993802
vt 0.06409500 0.62125701
vt 0.06085200 0.62086898
vt 0.06026900 0.61962801
vt 0.06265500 0.61867899
vt 0.06336800 0.61993802
vt 0.05748800 0.62195200
vt 0.05706800 0.62069201
vt 0.06026900 0.61962801
vt 0.06085200 0.62086898
vt 0.05792000 0.62330699
vt 0.05748800 0.62195200
vt 0.06085200 0.62086898
vt 0.06145000 0.62220901
vt 0.06257000 0.62494498
vt 0.05873800 0.62603098
vt 0.05792000 0.62330699
vt 0.06145000 0.62220901
vt 0.06537900 0.62398797
vt 0.06257000 0.62494498
vt 0.06145000 0.62220901
vt 0.06409500 0.62125701
vt 0.05332700 0.62437397
vt 0.05309800 0.62305200
vt 0.05748800 0.62195200
vt 0.05792000 0.62330699
vt 0.05873800 0.62603098
vt 0.05378600 0.62698102
vt 0.05332700 0.62437397
vt 0.05792000 0.62330699
vt 0.04813100 0.62516397
vt 0.04809000 0.62389398
vt 0.05309800 0.62305200
vt 0.05332700 0.62437397
vt 0.05309800 0.62305200
vt 0.05286900 0.62180603
vt 0.05706800 0.62069201
vt 0.05748800 0.62195200
vt 0.04809000 0.62389398
vt 0.04804300 0.62269002
vt 0.05286900 0.62180603
vt 0.05309800 0.62305200
vt 0.04275000 0.62548101
vt 0.04289100 0.62427402
vt 0.04809000 0.62389398
vt 0.04813100 0.62516397
vt 0.05286900 0.62180603
vt 0.05265800 0.62072802
vt 0.05669100 0.61961198
vt 0.05706800 0.62069201
vt 0.05706800 0.62069201
vt 0.05669100 0.61961198
vt 0.05974300 0.61856699
vt 0.06026900 0.61962801
vt 0.05924700 0.61769700
vt 0.05974300 0.61856699
vt 0.05669100 0.61961198
vt 0.05634000 0.61872703
vt 0.05634000 0.61872703
vt 0.05669100 0.61961198
vt 0.05265800 0.62072802
vt 0.05245400 0.61982203
vt 0.05846100 0.61665303
vt 0.05924700 0.61769700
vt 0.05634000 0.61872703
vt 0.05577800 0.61771101
vt 0.06131200 0.61667103
vt 0.06197800 0.61756903
vt 0.05974300 0.61856699
vt 0.05924700 0.61769700
vt 0.06034700 0.61553699
vt 0.06131200 0.61667103
vt 0.05924700 0.61769700
vt 0.05846100 0.61665303
vt 0.06264800 0.61229300
vt 0.06396300 0.61334997
vt 0.06131200 0.61667103
vt 0.06034700 0.61553699
vt 0.06568900 0.61461300
vt 0.06197800 0.61756903
vt 0.06131200 0.61667103
vt 0.06396300 0.61334997
vt 0.06026900 0.61962801
vt 0.05974300 0.61856699
vt 0.06197800 0.61756903
vt 0.06265500 0.61867899
vt 0.06622100 0.61063498
vt 0.07090600 0.61100602
vt 0.07097900 0.61425501
vt 0.06568900 0.61461300
vt 0.06568900 0.61461300
vt 0.06396300 0.61334997
vt 0.06457500 0.61010301
vt 0.06622100 0.61063498
vt 0.06396300 0.61334997
vt 0.06264800 0.61229300
vt 0.06309400 0.60932201
vt 0.06457500 0.61010301
vt 0.06306900 0.58495498
vt 0.06455400 0.58417702
vt 0.06457500 0.61010301
vt 0.06309400 0.60932201
vt 0.05864600 0.61361402
vt 0.06034700 0.61553699
vt 0.05846100 0.61665303
vt 0.05699000 0.61497098
vt 0.05699000 0.61497098
vt 0.05846100 0.61665303
vt 0.05577800 0.61771101
vt 0.05476600 0.61616498
vt 0.06316000 0.62634802
vt 0.05920900 0.62739599
vt 0.05873800 0.62603098
vt 0.06257000 0.62494498
vt 0.05920900 0.62739599
vt 0.05405600 0.62823302
vt 0.05378600 0.62698102
vt 0.05873800 0.62603098
vt 0.06390400 0.62782902
vt 0.05987300 0.62881100
vt 0.05920900 0.62739599
vt 0.06316000 0.62634802
vt 0.05987300 0.62881100
vt 0.05440000 0.62943298
vt 0.05405600 0.62823302
vt 0.05920900 0.62739599
vt 0.06668300 0.62689197
vt 0.06390400 0.62782902
vt 0.06316000 0.62634802
vt 0.06600400 0.62538803
vt 0.06600400 0.62538803
vt 0.06316000 0.62634802
vt 0.06257000 0.62494498
vt 0.06537900 0.62398797
vt 0.06668300 0.62689197
vt 0.06600400 0.62538803
vt 0.07472500 0.62226301
vt 0.07542600 0.62366402
vt 0.07403800 0.62098998
vt 0.07472500 0.62226301
vt 0.06600400 0.62538803
vt 0.06537900 0.62398797
vt 0.07403800 0.62098998
vt 0.07676400 0.62060899
vt 0.07758200 0.62214500
vt 0.07472500 0.62226301
vt 0.07472500 0.62226301
vt 0.07758200 0.62214500
vt 0.07836600 0.62371403
vt 0.07542600 0.62366402
vt 0.06668300 0.62689197
vt 0.07542600 0.62366402
vt 0.07615100 0.62517899
vt 0.06747200 0.62851697
vt 0.07542600 0.62366402
vt 0.07836600 0.62371403
vt 0.07910900 0.62535900
vt 0.07615100 0.62517899
vt 0.07836600 0.62371403
vt 0.09349400 0.63717598
vt 0.09382900 0.64046502
vt 0.07910900 0.62535900
vt 0.07758200 0.62214500
vt 0.09321500 0.63376701
vt 0.09349400 0.63717598
vt 0.07836600 0.62371403
vt 0.07615100 0.62517899
vt 0.07910900 0.62535900
vt 0.07984400 0.62711602
vt 0.07693900 0.62685603
vt 0.07910900 0.62535900
vt 0.09382900 0.64046502
vt 0.09414600 0.64361799
vt 0.07984400 0.62711602
vt 0.07693900 0.62685603
vt 0.07984400 0.62711602
vt 0.08062800 0.62925500
vt 0.07794200 0.62901598
vt 0.07984400 0.62711602
vt 0.09414600 0.64361799
vt 0.09448100 0.64685798
vt 0.08062800 0.62925500
vt 0.09745600 0.65148503
vt 0.09448100 0.64685798
vt 0.09414600 0.64361799
vt 0.09708800 0.64806098
vt 0.09708800 0.64806098
vt 0.09414600 0.64361799
vt 0.09382900 0.64046502
vt 0.09691000 0.64485902
vt 0.09926900 0.64742202
vt 0.09948700 0.65059203
vt 0.09708800 0.64806098
vt 0.09691000 0.64485902
vt 0.09948700 0.65059203
vt 0.09993800 0.65392703
vt 0.09745600 0.65148503
vt 0.09708800 0.64806098
vt 0.09691000 0.64485902
vt 0.09382900 0.64046502
vt 0.09349400 0.63717598
vt 0.09686900 0.64155000
vt 0.09925900 0.64419299
vt 0.09926900 0.64742202
vt 0.09691000 0.64485902
vt 0.09686900 0.64155000
vt 0.09961200 0.64080501
vt 0.09925900 0.64419299
vt 0.09686900 0.64155000
vt 0.09707000 0.63800597
vt 0.09686900 0.64155000
vt 0.09349400 0.63717598
vt 0.09321500 0.63376701
vt 0.09707000 0.63800597
vt 0.09707000 0.63800597
vt 0.09321500 0.63376701
vt 0.09325000 0.63014698
vt 0.09789100 0.63404399
vt 0.10075000 0.63719398
vt 0.09961200 0.64080501
vt 0.09707000 0.63800597
vt 0.09789100 0.63404399
vt 0.10226400 0.64278901
vt 0.09961200 0.64080501
vt 0.10075000 0.63719398
vt 0.10350300 0.63953698
vt 0.10184800 0.64597100
vt 0.09925900 0.64419299
vt 0.09961200 0.64080501
vt 0.10226400 0.64278901
vt 0.10456200 0.64018500
vt 0.10345600 0.64323801
vt 0.10226400 0.64278901
vt 0.10350300 0.63953698
vt 0.10345600 0.64323801
vt 0.10299600 0.64619601
vt 0.10184800 0.64597100
vt 0.10226400 0.64278901
vt 0.10774500 0.64431798
vt 0.10747100 0.64654899
vt 0.10299600 0.64619601
vt 0.10345600 0.64323801
vt 0.10456200 0.64018500
vt 0.10840800 0.64222199
vt 0.10774500 0.64431798
vt 0.10345600 0.64323801
vt 0.10299600 0.64619601
vt 0.10298900 0.64906102
vt 0.10189900 0.64905101
vt 0.10184800 0.64597100
vt 0.10747100 0.64654899
vt 0.10753000 0.64879102
vt 0.10298900 0.64906102
vt 0.10299600 0.64619601
vt 0.10789100 0.65117598
vt 0.10333600 0.65191698
vt 0.10298900 0.64906102
vt 0.10753000 0.64879102
vt 0.10845400 0.65371799
vt 0.10389300 0.65474302
vt 0.10333600 0.65191698
vt 0.10789100 0.65117598
vt 0.10845400 0.65371799
vt 0.10904400 0.65601999
vt 0.10457300 0.65746498
vt 0.10389300 0.65474302
vt 0.10904400 0.65601999
vt 0.10972000 0.65767998
vt 0.10556200 0.65999001
vt 0.10457300 0.65746498
vt 0.10457300 0.65746498
vt 0.10556200 0.65999001
vt 0.10454800 0.66048700
vt 0.10347300 0.65785700
vt 0.10389300 0.65474302
vt 0.10457300 0.65746498
vt 0.10347300 0.65785700
vt 0.10271500 0.65504700
vt 0.20635501 0.66063100
vt 0.20736501 0.65810698
vt 0.20845599 0.65852499
vt 0.20736100 0.66115397
vt 0.20635501 0.66063100
vt 0.20220500 0.65828401
vt 0.20289500 0.65662402
vt 0.20736501 0.65810698
vt 0.20736501 0.65810698
vt 0.20289500 0.65662402
vt 0.20350499 0.65432101
vt 0.20806800 0.65538597
vt 0.20736501 0.65810698
vt 0.20806800 0.65538597
vt 0.20923699 0.65571702
vt 0.20845599 0.65852499
vt 0.21121199 0.65841502
vt 0.20845599 0.65852499
vt 0.20923699 0.65571702
vt 0.21213600 0.65473700
vt 0.20971701 0.66234702
vt 0.20736100 0.66115397
vt 0.20845599 0.65852499
vt 0.21121199 0.65841502
vt 0.21199299 0.66344500
vt 0.20971701 0.66234702
vt 0.21121199 0.65841502
vt 0.21392800 0.65652698
vt 0.21392800 0.65652698
vt 0.21121199 0.65841502
vt 0.21213600 0.65473700
vt 0.21469501 0.65234798
vt 0.21469501 0.65234798
vt 0.21213600 0.65473700
vt 0.21267700 0.65139598
vt 0.21515900 0.64891601
vt 0.21213600 0.65473700
vt 0.20923699 0.65571702
vt 0.20977999 0.65275902
vt 0.21267700 0.65139598
vt 0.21392800 0.65652698
vt 0.21469501 0.65234798
vt 0.21781600 0.64777797
vt 0.21728300 0.65125400
vt 0.21469501 0.65234798
vt 0.21515900 0.64891601
vt 0.21824700 0.64453202
vt 0.21781600 0.64777797
vt 0.21515900 0.64891601
vt 0.21267700 0.65139598
vt 0.21298000 0.64821202
vt 0.21542799 0.64569700
vt 0.21515900 0.64891601
vt 0.21542799 0.64569700
vt 0.21866100 0.64137602
vt 0.21824700 0.64453202
vt 0.23374400 0.62671101
vt 0.23296399 0.62844503
vt 0.21824700 0.64453202
vt 0.21866100 0.64137602
vt 0.23296399 0.62844503
vt 0.23212300 0.63055998
vt 0.21781600 0.64777797
vt 0.21824700 0.64453202
vt 0.23670000 0.62660801
vt 0.23587200 0.62826198
vt 0.23296399 0.62844503
vt 0.23374400 0.62671101
vt 0.23587200 0.62826198
vt 0.23481300 0.63039303
vt 0.23212300 0.63055998
vt 0.23296399 0.62844503
vt 0.24430799 0.63193601
vt 0.24300900 0.63424498
vt 0.23481300 0.63039303
vt 0.23587200 0.62826198
vt 0.23587200 0.62826198
vt 0.23670000 0.62660801
vt 0.24531201 0.63014299
vt 0.24430799 0.63193601
vt 0.24531201 0.63014299
vt 0.23670000 0.62660801
vt 0.23746100 0.62511301
vt 0.24614000 0.62853402
vt 0.23746100 0.62511301
vt 0.23670000 0.62660801
vt 0.23374400 0.62671101
vt 0.23452801 0.62509203
vt 0.24685401 0.62704098
vt 0.24614000 0.62853402
vt 0.23746100 0.62511301
vt 0.23819201 0.62373102
vt 0.23819201 0.62373102
vt 0.23746100 0.62511301
vt 0.23452801 0.62509203
vt 0.23534800 0.62355000
vt 0.23534800 0.62355000
vt 0.23452801 0.62509203
vt 0.21910100 0.63809299
vt 0.21949200 0.63470399
vt 0.23452801 0.62509203
vt 0.23374400 0.62671101
vt 0.21866100 0.64137602
vt 0.21910100 0.63809299
vt 0.21557400 0.64236599
vt 0.21549501 0.63879597
vt 0.21949200 0.63470399
vt 0.21910100 0.63809299
vt 0.21542799 0.64569700
vt 0.21557400 0.64236599
vt 0.21910100 0.63809299
vt 0.21866100 0.64137602
vt 0.21542799 0.64569700
vt 0.21298000 0.64821202
vt 0.21307801 0.64495599
vt 0.21557400 0.64236599
vt 0.21557400 0.64236599
vt 0.21307801 0.64495599
vt 0.21282899 0.64151800
vt 0.21549501 0.63879597
vt 0.21307801 0.64495599
vt 0.21018501 0.64664102
vt 0.20980400 0.64346498
vt 0.21282899 0.64151800
vt 0.21298000 0.64821202
vt 0.21010700 0.64972103
vt 0.21018501 0.64664102
vt 0.21307801 0.64495599
vt 0.21282899 0.64151800
vt 0.20980400 0.64346498
vt 0.20862700 0.64021701
vt 0.21182700 0.63782001
vt 0.21549501 0.63879597
vt 0.21282899 0.64151800
vt 0.21182700 0.63782001
vt 0.21483700 0.63480699
vt 0.21182700 0.63782001
vt 0.20862700 0.64021701
vt 0.20629500 0.63712198
vt 0.20925000 0.63405800
vt 0.21483700 0.63480699
vt 0.21182700 0.63782001
vt 0.20925000 0.63405800
vt 0.21264599 0.62944198
vt 0.21549501 0.63879597
vt 0.21483700 0.63480699
vt 0.21957600 0.63111299
vt 0.21949200 0.63470399
vt 0.21483700 0.63480699
vt 0.21264599 0.62944198
vt 0.21917900 0.62675899
vt 0.21957600 0.63111299
vt 0.21285801 0.62156999
vt 0.21863399 0.62081999
vt 0.21917900 0.62675899
vt 0.21264599 0.62944198
vt 0.20464300 0.63129002
vt 0.20611800 0.62699300
vt 0.21264599 0.62944198
vt 0.20925000 0.63405800
vt 0.20699300 0.62083501
vt 0.21285801 0.62156999
vt 0.21264599 0.62944198
vt 0.20611800 0.62699300
vt 0.20718101 0.59226000
vt 0.20719799 0.58914399
vt 0.20694201 0.58432198
vt 0.20699200 0.58117700
vt 0.20655701 0.57665902
vt 0.20776500 0.57482100
vt 0.21314099 0.57396698
vt 0.21285801 0.62156999
vt 0.20699300 0.62083501
vt 0.21899000 0.57487100
vt 0.21863399 0.62081999
vt 0.21285801 0.62156999
vt 0.21314099 0.57396698
vt 0.21314099 0.57396698
vt 0.20776500 0.57482100
vt 0.20624800 0.57314199
vt 0.20581000 0.56912202
vt 0.20662500 0.56710398
vt 0.21267100 0.56513000
vt 0.21267100 0.56513000
vt 0.21964499 0.56853300
vt 0.21899000 0.57487100
vt 0.21314099 0.57396698
vt 0.21517400 0.55933499
vt 0.22018600 0.56382197
vt 0.21964499 0.56853300
vt 0.21267100 0.56513000
vt 0.20512301 0.56571901
vt 0.20401099 0.56172699
vt 0.20884600 0.55915898
vt 0.21267100 0.56513000
vt 0.20662500 0.56710398
vt 0.20884600 0.55915898
vt 0.21152200 0.55543202
vt 0.21517400 0.55933499
vt 0.21267100 0.56513000
vt 0.21152200 0.55543202
vt 0.21278600 0.55174398
vt 0.21605800 0.55512398
vt 0.21517400 0.55933499
vt 0.21605800 0.55512398
vt 0.22027400 0.55994302
vt 0.22018600 0.56382197
vt 0.21517400 0.55933499
vt 0.21645001 0.55138600
vt 0.22010900 0.55628997
vt 0.22027400 0.55994302
vt 0.21605800 0.55512398
vt 0.21278600 0.55174398
vt 0.21343200 0.54829901
vt 0.21645001 0.55138600
vt 0.21605800 0.55512398
vt 0.20842201 0.55276102
vt 0.20977999 0.54967499
vt 0.21278600 0.55174398
vt 0.21152200 0.55543202
vt 0.20977999 0.54967499
vt 0.21049900 0.54661399
vt 0.21343200 0.54829901
vt 0.21278600 0.55174398
vt 0.21343200 0.54829901
vt 0.21378100 0.54502499
vt 0.21668100 0.54791999
vt 0.21645001 0.55138600
vt 0.21049900 0.54661399
vt 0.21086600 0.54359198
vt 0.21378100 0.54502499
vt 0.21343200 0.54829901
vt 0.21086600 0.54359198
vt 0.21103001 0.54058498
vt 0.21392900 0.54181701
vt 0.21378100 0.54502499
vt 0.21378100 0.54502499
vt 0.21392900 0.54181701
vt 0.21679600 0.54459602
vt 0.21668100 0.54791999
vt 0.21049900 0.54661399
vt 0.20809300 0.54595202
vt 0.20833600 0.54316801
vt 0.21086600 0.54359198
vt 0.21086600 0.54359198
vt 0.20833600 0.54316801
vt 0.20835800 0.54037797
vt 0.21103001 0.54058498
vt 0.21103001 0.54058498
vt 0.20835800 0.54037797
vt 0.20819400 0.53767401
vt 0.21098000 0.53757799
vt 0.21103001 0.54058498
vt 0.21098000 0.53757799
vt 0.21387701 0.53844899
vt 0.21392900 0.54181701
vt 0.20819400 0.53767401
vt 0.20782401 0.53512901
vt 0.21065199 0.53458899
vt 0.21098000 0.53757799
vt 0.21098000 0.53757799
vt 0.21065199 0.53458899
vt 0.21352901 0.53473401
vt 0.21387701 0.53844899
vt 0.21387701 0.53844899
vt 0.21352901 0.53473401
vt 0.21656400 0.53677100
vt 0.21678001 0.54104900
vt 0.21392900 0.54181701
vt 0.21387701 0.53844899
vt 0.21678001 0.54104900
vt 0.21679600 0.54459602
vt 0.21656400 0.53677100
vt 0.21969000 0.54241800
vt 0.21973100 0.54603797
vt 0.21678001 0.54104900
vt 0.21678001 0.54104900
vt 0.21973100 0.54603797
vt 0.21983200 0.54943401
vt 0.21679600 0.54459602
vt 0.23318100 0.56522000
vt 0.23386900 0.56748497
vt 0.21983200 0.54943401
vt 0.21973100 0.54603797
vt 0.23231600 0.56220001
vt 0.23318100 0.56522000
vt 0.21973100 0.54603797
vt 0.21969000 0.54241800
vt 0.23594201 0.56562400
vt 0.23686200 0.56791198
vt 0.23386900 0.56748497
vt 0.23318100 0.56522000
vt 0.23467700 0.56241202
vt 0.23594201 0.56562400
vt 0.23318100 0.56522000
vt 0.23231600 0.56220001
vt 0.22141001 0.53727603
vt 0.23231600 0.56220001
vt 0.21969000 0.54241800
vt 0.22001600 0.53910601
vt 0.23467700 0.56241202
vt 0.23231600 0.56220001
vt 0.22141001 0.53727603
vt 0.22328800 0.53607202
vt 0.24300399 0.55891401
vt 0.23467700 0.56241202
vt 0.22328800 0.53607202
vt 0.23036900 0.53274000
vt 0.24458700 0.56227398
vt 0.23594201 0.56562400
vt 0.23467700 0.56241202
vt 0.24300399 0.55891401
vt 0.23170400 0.53210700
vt 0.24441300 0.55824602
vt 0.24300399 0.55891401
vt 0.23036900 0.53274000
vt 0.24441300 0.55824602
vt 0.24623100 0.56158000
vt 0.24458700 0.56227398
vt 0.24300399 0.55891401
vt 0.23686200 0.56791198
vt 0.23594201 0.56562400
vt 0.24458700 0.56227398
vt 0.24574400 0.56471997
vt 0.24623100 0.56158000
vt 0.24781100 0.56397998
vt 0.24574400 0.56471997
vt 0.24458700 0.56227398
vt 0.24547000 0.55773997
vt 0.24755400 0.56100398
vt 0.24623100 0.56158000
vt 0.24441300 0.55824602
vt 0.24755400 0.56100398
vt 0.24976200 0.56326699
vt 0.24781100 0.56397998
vt 0.24623100 0.56158000
vt 0.24781100 0.56397998
vt 0.24925500 0.56580102
vt 0.24664600 0.56661397
vt 0.24574400 0.56471997
vt 0.24976200 0.56326699
vt 0.25326699 0.56491101
vt 0.24925500 0.56580102
vt 0.24781100 0.56397998
vt 0.24976200 0.56326699
vt 0.24755400 0.56100398
vt 0.24833600 0.56060201
vt 0.25092399 0.56273103
vt 0.25326699 0.56491101
vt 0.24976200 0.56326699
vt 0.25092399 0.56273103
vt 0.25464800 0.56399900
vt 0.25976700 0.56514001
vt 0.25326699 0.56491101
vt 0.25464800 0.56399900
vt 0.26001301 0.56447500
vt 0.25326699 0.56491101
vt 0.25439000 0.56662297
vt 0.25025600 0.56746203
vt 0.24925500 0.56580102
vt 0.25976700 0.56514001
vt 0.25995100 0.56619501
vt 0.25439000 0.56662297
vt 0.25326699 0.56491101
vt 0.26601899 0.56514901
vt 0.26603800 0.56600499
vt 0.25995100 0.56619501
vt 0.25976700 0.56514001
vt 0.26601899 0.56514901
vt 0.25976700 0.56514001
vt 0.26001301 0.56447500
vt 0.26608700 0.56459397
vt 0.25995100 0.56619501
vt 0.26025701 0.56742001
vt 0.25500900 0.56808197
vt 0.25439000 0.56662297
vt 0.26603800 0.56600499
vt 0.26610100 0.56706798
vt 0.26025701 0.56742001
vt 0.25995100 0.56619501
vt 0.27233899 0.56541997
vt 0.27223000 0.56618899
vt 0.26603800 0.56600499
vt 0.26601899 0.56514901
vt 0.27223000 0.56618899
vt 0.27209899 0.56715298
vt 0.26610100 0.56706798
vt 0.26603800 0.56600499
vt 0.26610100 0.56706798
vt 0.26614001 0.56823599
vt 0.26048800 0.56869602
vt 0.26025701 0.56742001
vt 0.27209899 0.56715298
vt 0.27194601 0.56823498
vt 0.26614001 0.56823599
vt 0.26610100 0.56706798
vt 0.27837801 0.56700099
vt 0.27804199 0.56788403
vt 0.27209899 0.56715298
vt 0.27223000 0.56618899
vt 0.27804199 0.56788403
vt 0.27767101 0.56887901
vt 0.27194601 0.56823498
vt 0.27209899 0.56715298
vt 0.28383699 0.56937301
vt 0.28321001 0.57025898
vt 0.27767101 0.56887901
vt 0.27804199 0.56788403
vt 0.28441599 0.56859702
vt 0.28383699 0.56937301
vt 0.27804199 0.56788403
vt 0.27837801 0.56700099
vt 0.27865201 0.56629801
vt 0.27837801 0.56700099
vt 0.27223000 0.56618899
vt 0.27233899 0.56541997
vt 0.28488699 0.56798500
vt 0.28441599 0.56859702
vt 0.27837801 0.56700099
vt 0.27865201 0.56629801
vt 0.29087099 0.57051498
vt 0.29020801 0.57100600
vt 0.28441599 0.56859702
vt 0.28488699 0.56798500
vt 0.29020801 0.57100600
vt 0.28939101 0.57164103
vt 0.28383699 0.56937301
vt 0.28441599 0.56859702
vt 0.29636300 0.57379597
vt 0.29554701 0.57416099
vt 0.29020801 0.57100600
vt 0.29087099 0.57051498
vt 0.29554701 0.57416099
vt 0.29453501 0.57464898
vt 0.28939101 0.57164103
vt 0.29020801 0.57100600
vt 0.28939101 0.57164103
vt 0.28850701 0.57238901
vt 0.28321001 0.57025898
vt 0.28383699 0.56937301
vt 0.29453501 0.57464898
vt 0.29343200 0.57525098
vt 0.28850701 0.57238901
vt 0.28939101 0.57164103
vt 0.29906100 0.57836902
vt 0.29780400 0.57884198
vt 0.29343200 0.57525098
vt 0.29453501 0.57464898
vt 0.30020201 0.57800198
vt 0.29906100 0.57836902
vt 0.29453501 0.57464898
vt 0.29554701 0.57416099
vt 0.30276200 0.58282501
vt 0.30142701 0.58319002
vt 0.29780400 0.57884198
vt 0.29906100 0.57836902
vt 0.30395800 0.58254999
vt 0.30276200 0.58282501
vt 0.29906100 0.57836902
vt 0.30020201 0.57800198
vt 0.30142701 0.58319002
vt 0.29868901 0.58421600
vt 0.29531100 0.58012199
vt 0.29780400 0.57884198
vt 0.29780400 0.57884198
vt 0.29531100 0.58012199
vt 0.29129300 0.57677501
vt 0.29343200 0.57525098
vt 0.29531100 0.58012199
vt 0.29868901 0.58421600
vt 0.29741099 0.58483100
vt 0.29418099 0.58088303
vt 0.29129300 0.57677501
vt 0.29531100 0.58012199
vt 0.29418099 0.58088303
vt 0.29034200 0.57765400
vt 0.29343200 0.57525098
vt 0.29129300 0.57677501
vt 0.28680700 0.57415301
vt 0.28850701 0.57238901
vt 0.28680700 0.57415301
vt 0.29129300 0.57677501
vt 0.29034200 0.57765400
vt 0.28605300 0.57513201
vt 0.29034200 0.57765400
vt 0.29418099 0.58088303
vt 0.29317799 0.58162999
vt 0.28950399 0.57851398
vt 0.28605300 0.57513201
vt 0.29034200 0.57765400
vt 0.28950399 0.57851398
vt 0.28538799 0.57608199
vt 0.28143299 0.57330197
vt 0.28605300 0.57513201
vt 0.28538799 0.57608199
vt 0.28094101 0.57432699
vt 0.28198701 0.57223898
vt 0.28680700 0.57415301
vt 0.28605300 0.57513201
vt 0.28143299 0.57330197
vt 0.28094101 0.57432699
vt 0.28538799 0.57608199
vt 0.28483599 0.57692200
vt 0.28053200 0.57523102
vt 0.28538799 0.57608199
vt 0.28950399 0.57851398
vt 0.28880799 0.57927501
vt 0.28483599 0.57692200
vt 0.28822100 0.57993400
vt 0.28436401 0.57765299
vt 0.28483599 0.57692200
vt 0.28880799 0.57927501
vt 0.28436401 0.57765299
vt 0.28018299 0.57600802
vt 0.28053200 0.57523102
vt 0.28483599 0.57692200
vt 0.27622101 0.57327002
vt 0.28094101 0.57432699
vt 0.28053200 0.57523102
vt 0.27595100 0.57423002
vt 0.28018299 0.57600802
vt 0.27572900 0.57504898
vt 0.27595100 0.57423002
vt 0.28053200 0.57523102
vt 0.27966300 0.57705998
vt 0.27542901 0.57610601
vt 0.27572900 0.57504898
vt 0.28018299 0.57600802
vt 0.28366500 0.57869601
vt 0.27966300 0.57705998
vt 0.28018299 0.57600802
vt 0.28436401 0.57765299
vt 0.27542901 0.57610601
vt 0.27091599 0.57599002
vt 0.27101901 0.57482398
vt 0.27572900 0.57504898
vt 0.27572900 0.57504898
vt 0.27101901 0.57482398
vt 0.27111799 0.57395297
vt 0.27595100 0.57423002
vt 0.27091599 0.57599002
vt 0.26629201 0.57644898
vt 0.26620501 0.57520097
vt 0.27101901 0.57482398
vt 0.27101901 0.57482398
vt 0.26620501 0.57520097
vt 0.26617399 0.57428801
vt 0.27111799 0.57395297
vt 0.27124700 0.57293802
vt 0.27622101 0.57327002
vt 0.27595100 0.57423002
vt 0.27111799 0.57395297
vt 0.26615500 0.57322401
vt 0.27124700 0.57293802
vt 0.27111799 0.57395297
vt 0.26617399 0.57428801
vt 0.26620501 0.57520097
vt 0.26160100 0.57599598
vt 0.26142299 0.57507300
vt 0.26617399 0.57428801
vt 0.26124299 0.57397300
vt 0.26615500 0.57322401
vt 0.26617399 0.57428801
vt 0.26142299 0.57507300
vt 0.26614499 0.57200402
vt 0.27140799 0.57178098
vt 0.27124700 0.57293802
vt 0.26615500 0.57322401
vt 0.26105100 0.57270199
vt 0.26614499 0.57200402
vt 0.26615500 0.57322401
vt 0.26124299 0.57397300
vt 0.26086301 0.57135302
vt 0.26614401 0.57071900
vt 0.26614499 0.57200402
vt 0.26105100 0.57270199
vt 0.26614401 0.57071900
vt 0.27158800 0.57056701
vt 0.27140799 0.57178098
vt 0.26614499 0.57200402
vt 0.27140799 0.57178098
vt 0.27654600 0.57217997
vt 0.27622101 0.57327002
vt 0.27124700 0.57293802
vt 0.27158800 0.57056701
vt 0.27690700 0.57104099
vt 0.27654600 0.57217997
vt 0.27140799 0.57178098
vt 0.27194601 0.56823498
vt 0.27158800 0.57056701
vt 0.26614401 0.57071900
vt 0.26614001 0.56823599
vt 0.27767101 0.56887901
vt 0.27690700 0.57104099
vt 0.27158800 0.57056701
vt 0.27194601 0.56823498
vt 0.27690700 0.57104099
vt 0.28198701 0.57223898
vt 0.28143299 0.57330197
vt 0.27654600 0.57217997
vt 0.28321001 0.57025898
vt 0.28198701 0.57223898
vt 0.27690700 0.57104099
vt 0.27767101 0.56887901
vt 0.28850701 0.57238901
vt 0.28680700 0.57415301
vt 0.28198701 0.57223898
vt 0.28321001 0.57025898
vt 0.27654600 0.57217997
vt 0.28143299 0.57330197
vt 0.28094101 0.57432699
vt 0.27622101 0.57327002
vt 0.25617099 0.57228702
vt 0.26086301 0.57135302
vt 0.26105100 0.57270199
vt 0.25656399 0.57368398
vt 0.25656399 0.57368398
vt 0.26105100 0.57270199
vt 0.26124299 0.57397300
vt 0.25694901 0.57498199
vt 0.26614001 0.56823599
vt 0.26614401 0.57071900
vt 0.26086301 0.57135302
vt 0.26048800 0.56869602
vt 0.26048800 0.56869602
vt 0.26086301 0.57135302
vt 0.25617099 0.57228702
vt 0.25543699 0.56948501
vt 0.25543699 0.56948501
vt 0.25617099 0.57228702
vt 0.25254500 0.57329398
vt 0.25150400 0.57045197
vt 0.25254500 0.57329398
vt 0.25617099 0.57228702
vt 0.25656399 0.57368398
vt 0.25310901 0.57469100
vt 0.25150400 0.57045197
vt 0.25254500 0.57329398
vt 0.24981800 0.57418603
vt 0.24860600 0.57133001
vt 0.24981800 0.57418603
vt 0.25254500 0.57329398
vt 0.25310901 0.57469100
vt 0.25051701 0.57557499
vt 0.25310901 0.57469100
vt 0.25656399 0.57368398
vt 0.25694901 0.57498199
vt 0.25366199 0.57598299
vt 0.25051701 0.57557499
vt 0.25310901 0.57469100
vt 0.25366199 0.57598299
vt 0.25120401 0.57689899
vt 0.25366199 0.57598299
vt 0.25694901 0.57498199
vt 0.25729701 0.57609200
vt 0.25416300 0.57708198
vt 0.25120401 0.57689899
vt 0.25366199 0.57598299
vt 0.25416300 0.57708198
vt 0.25185999 0.57805699
vt 0.25694901 0.57498199
vt 0.26124299 0.57397300
vt 0.26142299 0.57507300
vt 0.25729701 0.57609200
vt 0.26160100 0.57599598
vt 0.25762501 0.57699901
vt 0.25729701 0.57609200
vt 0.26142299 0.57507300
vt 0.25762501 0.57699901
vt 0.25464001 0.57797700
vt 0.25416300 0.57708198
vt 0.25729701 0.57609200
vt 0.25816500 0.57804298
vt 0.25540701 0.57905298
vt 0.25464001 0.57797700
vt 0.25762501 0.57699901
vt 0.26190701 0.57715702
vt 0.25816500 0.57804298
vt 0.25762501 0.57699901
vt 0.26160100 0.57599598
vt 0.26245999 0.57909900
vt 0.25914699 0.57963699
vt 0.25816500 0.57804298
vt 0.26190701 0.57715702
vt 0.25914699 0.57963699
vt 0.25685301 0.58079398
vt 0.25540701 0.57905298
vt 0.25816500 0.57804298
vt 0.25540701 0.57905298
vt 0.25345701 0.58015102
vt 0.25250900 0.57898301
vt 0.25464001 0.57797700
vt 0.25685301 0.58079398
vt 0.25513199 0.58213800
vt 0.25345701 0.58015102
vt 0.25540701 0.57905298
vt 0.26031101 0.58153498
vt 0.25932601 0.58336401
vt 0.25685301 0.58079398
vt 0.25914699 0.57963699
vt 0.25932601 0.58336401
vt 0.25790799 0.58536601
vt 0.25513199 0.58213800
vt 0.25685301 0.58079398
vt 0.25513199 0.58213800
vt 0.25262201 0.58488202
vt 0.25102299 0.58340901
vt 0.25345701 0.58015102
vt 0.25437400 0.58651501
vt 0.25262201 0.58488202
vt 0.25513199 0.58213800
vt 0.25790799 0.58536601
vt 0.25932601 0.58336401
vt 0.26316401 0.58643299
vt 0.26212499 0.59019601
vt 0.25790799 0.58536601
vt 0.25437400 0.58651501
vt 0.25790799 0.58536601
vt 0.26212499 0.59019601
vt 0.25513300 0.58908898
vt 0.25241101 0.58761698
vt 0.25262201 0.58488202
vt 0.25437400 0.58651501
vt 0.25513300 0.58908898
vt 0.25513300 0.58908898
vt 0.26212499 0.59019601
vt 0.26961899 0.59910703
vt 0.26175299 0.60766202
vt 0.25477999 0.60848403
vt 0.25241101 0.58761698
vt 0.25513300 0.58908898
vt 0.25477999 0.60848403
vt 0.25202700 0.60984898
vt 0.25048599 0.58642298
vt 0.25102299 0.58340901
vt 0.25262201 0.58488202
vt 0.25241101 0.58761698
vt 0.25048599 0.58642298
vt 0.25241101 0.58761698
vt 0.25202700 0.60984898
vt 0.25007901 0.61097002
vt 0.24899399 0.58560902
vt 0.25048599 0.58642298
vt 0.25007901 0.61097002
vt 0.24857400 0.61172998
vt 0.24899399 0.58560902
vt 0.24971800 0.58231503
vt 0.25102299 0.58340901
vt 0.25048599 0.58642298
vt 0.25345701 0.58015102
vt 0.25102299 0.58340901
vt 0.24971800 0.58231503
vt 0.25250900 0.57898301
vt 0.25250900 0.57898301
vt 0.24971800 0.58231503
vt 0.24799500 0.58099103
vt 0.25185999 0.57805699
vt 0.24799500 0.58099103
vt 0.24971800 0.58231503
vt 0.24899399 0.58560902
vt 0.24254900 0.58446300
vt 0.24256000 0.58116102
vt 0.25464001 0.57797700
vt 0.25250900 0.57898301
vt 0.25185999 0.57805699
vt 0.25416300 0.57708198
vt 0.24799500 0.58099103
vt 0.24256000 0.58116102
vt 0.24223800 0.57886398
vt 0.25120401 0.57689899
vt 0.25185999 0.57805699
vt 0.24256000 0.58116102
vt 0.24254900 0.58446300
vt 0.24033099 0.58444399
vt 0.24044999 0.58148903
vt 0.24256000 0.58116102
vt 0.24044999 0.58148903
vt 0.24012700 0.57948703
vt 0.24223800 0.57886398
vt 0.24899399 0.58560902
vt 0.24857400 0.61172998
vt 0.24222000 0.61253703
vt 0.24254900 0.58446300
vt 0.24254900 0.58446300
vt 0.24222000 0.61253703
vt 0.24003600 0.61245102
vt 0.24033099 0.58444399
vt 0.24738801 0.61624402
vt 0.24208701 0.61579299
vt 0.24222000 0.61253703
vt 0.24857400 0.61172998
vt 0.24914201 0.61500800
vt 0.24222000 0.61253703
vt 0.24208701 0.61579299
vt 0.24003901 0.61536098
vt 0.24003600 0.61245102
vt 0.24914201 0.61500800
vt 0.24857400 0.61172998
vt 0.25007901 0.61097002
vt 0.25047901 0.61396700
vt 0.25047901 0.61396700
vt 0.25273001 0.61726999
vt 0.25173900 0.61839098
vt 0.24914201 0.61500800
vt 0.24914201 0.61500800
vt 0.25173900 0.61839098
vt 0.25105301 0.61927998
vt 0.24738801 0.61624402
vt 0.25173900 0.61839098
vt 0.25379401 0.61946201
vt 0.25327799 0.62032598
vt 0.25105301 0.61927998
vt 0.25273001 0.61726999
vt 0.25460401 0.61842799
vt 0.25379401 0.61946201
vt 0.25173900 0.61839098
vt 0.25379401 0.61946201
vt 0.25669301 0.62055498
vt 0.25632399 0.62143701
vt 0.25327799 0.62032598
vt 0.25460401 0.61842799
vt 0.25727901 0.61954403
vt 0.25669301 0.62055498
vt 0.25379401 0.61946201
vt 0.25272900 0.62138098
vt 0.25035200 0.62038100
vt 0.25105301 0.61927998
vt 0.25327799 0.62032598
vt 0.25592300 0.62251401
vt 0.25272900 0.62138098
vt 0.25327799 0.62032598
vt 0.25632399 0.62143701
vt 0.26012000 0.62372100
vt 0.25592300 0.62251401
vt 0.25632399 0.62143701
vt 0.26035500 0.62264103
vt 0.25669301 0.62055498
vt 0.26057801 0.62173402
vt 0.26035500 0.62264103
vt 0.25632399 0.62143701
vt 0.25547400 0.62377203
vt 0.25211799 0.62261498
vt 0.25272900 0.62138098
vt 0.25592300 0.62251401
vt 0.25986299 0.62496901
vt 0.25547400 0.62377203
vt 0.25592300 0.62251401
vt 0.26012000 0.62372100
vt 0.25960499 0.62629300
vt 0.25501299 0.62512499
vt 0.25547400 0.62377203
vt 0.25986299 0.62496901
vt 0.25501299 0.62512499
vt 0.25148901 0.62394798
vt 0.25211799 0.62261498
vt 0.25547400 0.62377203
vt 0.25413200 0.62784302
vt 0.25501299 0.62512499
vt 0.25960499 0.62629300
vt 0.25909001 0.62890399
vt 0.25030801 0.62667000
vt 0.25148901 0.62394798
vt 0.25501299 0.62512499
vt 0.25413200 0.62784302
vt 0.25148901 0.62394798
vt 0.24885499 0.62293798
vt 0.24961101 0.62163001
vt 0.25211799 0.62261498
vt 0.24751000 0.62565100
vt 0.24885499 0.62293798
vt 0.25148901 0.62394798
vt 0.25030801 0.62667000
vt 0.24968500 0.62806398
vt 0.25030801 0.62667000
vt 0.25413200 0.62784302
vt 0.25363001 0.62920302
vt 0.24685401 0.62704098
vt 0.24751000 0.62565100
vt 0.25030801 0.62667000
vt 0.24968500 0.62806398
vt 0.24614000 0.62853402
vt 0.24685401 0.62704098
vt 0.24968500 0.62806398
vt 0.24890600 0.62953502
vt 0.24890600 0.62953502
vt 0.24968500 0.62806398
vt 0.25363001 0.62920302
vt 0.25293201 0.63060898
vt 0.25293201 0.63060898
vt 0.25363001 0.62920302
vt 0.25878999 0.63015598
vt 0.25841901 0.63135499
vt 0.25363001 0.62920302
vt 0.25413200 0.62784302
vt 0.25909001 0.62890399
vt 0.25878999 0.63015598
vt 0.25841901 0.63135499
vt 0.25878999 0.63015598
vt 0.26457801 0.63082498
vt 0.26446000 0.63187897
vt 0.25878999 0.63015598
vt 0.25909001 0.62890399
vt 0.26468000 0.62966502
vt 0.26457801 0.63082498
vt 0.26446000 0.63187897
vt 0.26457801 0.63082498
vt 0.27055401 0.63105500
vt 0.27063501 0.63202202
vt 0.26457801 0.63082498
vt 0.26468000 0.62966502
vt 0.27045700 0.62997103
vt 0.27055401 0.63105500
vt 0.25909001 0.62890399
vt 0.25960499 0.62629300
vt 0.26481399 0.62719703
vt 0.26468000 0.62966502
vt 0.26468000 0.62966502
vt 0.26481399 0.62719703
vt 0.27022099 0.62763000
vt 0.27045700 0.62997103
vt 0.27045700 0.62997103
vt 0.27022099 0.62763000
vt 0.27554300 0.62742901
vt 0.27619499 0.62962198
vt 0.27055401 0.63105500
vt 0.27045700 0.62997103
vt 0.27619499 0.62962198
vt 0.27651301 0.63063300
vt 0.27651301 0.63063300
vt 0.27619499 0.62962198
vt 0.28178799 0.62852699
vt 0.28236800 0.62944198
vt 0.27619499 0.62962198
vt 0.27554300 0.62742901
vt 0.28066701 0.62649101
vt 0.28178799 0.62852699
vt 0.27554300 0.62742901
vt 0.27022099 0.62763000
vt 0.27010399 0.62641299
vt 0.27524099 0.62627602
vt 0.28066701 0.62649101
vt 0.27554300 0.62742901
vt 0.27524099 0.62627602
vt 0.28016800 0.62540299
vt 0.28178799 0.62852699
vt 0.28066701 0.62649101
vt 0.28557000 0.62482297
vt 0.28717801 0.62666798
vt 0.28557000 0.62482297
vt 0.28066701 0.62649101
vt 0.28016800 0.62540299
vt 0.28486601 0.62380898
vt 0.28016800 0.62540299
vt 0.27524099 0.62627602
vt 0.27497199 0.62517297
vt 0.27972901 0.62435699
vt 0.28486601 0.62380898
vt 0.28016800 0.62540299
vt 0.27972901 0.62435699
vt 0.28425100 0.62282902
vt 0.29017699 0.62243003
vt 0.28557000 0.62482297
vt 0.28486601 0.62380898
vt 0.28927201 0.62150598
vt 0.28927201 0.62150598
vt 0.28486601 0.62380898
vt 0.28425100 0.62282902
vt 0.28847799 0.62060601
vt 0.28847799 0.62060601
vt 0.28425100 0.62282902
vt 0.28374201 0.62196302
vt 0.28782099 0.61981201
vt 0.28425100 0.62282902
vt 0.27972901 0.62435699
vt 0.27936599 0.62343502
vt 0.28374201 0.62196302
vt 0.28330699 0.62121099
vt 0.28726801 0.61912602
vt 0.28782099 0.61981201
vt 0.28374201 0.62196302
vt 0.27905700 0.62264198
vt 0.28330699 0.62121099
vt 0.28374201 0.62196302
vt 0.27936599 0.62343502
vt 0.29229701 0.61767799
vt 0.28847799 0.62060601
vt 0.28782099 0.61981201
vt 0.29149401 0.61697698
vt 0.28726801 0.61912602
vt 0.29082099 0.61637998
vt 0.29149401 0.61697698
vt 0.28782099 0.61981201
vt 0.28651500 0.61817598
vt 0.28993300 0.61560303
vt 0.29082099 0.61637998
vt 0.28726801 0.61912602
vt 0.28266200 0.62013602
vt 0.28651500 0.61817598
vt 0.28726801 0.61912602
vt 0.28330699 0.62121099
vt 0.28993300 0.61560303
vt 0.29270801 0.61230397
vt 0.29382700 0.61295801
vt 0.29082099 0.61637998
vt 0.29082099 0.61637998
vt 0.29382700 0.61295801
vt 0.29462400 0.61345100
vt 0.29149401 0.61697698
vt 0.29382700 0.61295801
vt 0.29617801 0.60894197
vt 0.29707801 0.60930699
vt 0.29462400 0.61345100
vt 0.29270801 0.61230397
vt 0.29487100 0.60842103
vt 0.29617801 0.60894197
vt 0.29382700 0.61295801
vt 0.29617801 0.60894197
vt 0.29774401 0.60448903
vt 0.29869899 0.60469401
vt 0.29707801 0.60930699
vt 0.29487100 0.60842103
vt 0.29642999 0.60418701
vt 0.29774401 0.60448903
vt 0.29617801 0.60894197
vt 0.29066199 0.61123103
vt 0.29244199 0.60747200
vt 0.29487100 0.60842103
vt 0.29270801 0.61230397
vt 0.29244199 0.60747200
vt 0.29412001 0.60357499
vt 0.29642999 0.60418701
vt 0.29487100 0.60842103
vt 0.29412001 0.60357499
vt 0.29497701 0.59971201
vt 0.29710200 0.59976399
vt 0.29642999 0.60418701
vt 0.29642999 0.60418701
vt 0.29710200 0.59976399
vt 0.29837900 0.59979498
vt 0.29774401 0.60448903
vt 0.29710200 0.59976399
vt 0.29664600 0.59531301
vt 0.29797399 0.59507501
vt 0.29837900 0.59979498
vt 0.29497701 0.59971201
vt 0.29430899 0.59581202
vt 0.29664600 0.59531301
vt 0.29710200 0.59976399
vt 0.29241899 0.59965003
vt 0.29067799 0.59700000
vt 0.29430899 0.59581202
vt 0.29497701 0.59971201
vt 0.29055199 0.60221100
vt 0.29241899 0.59965003
vt 0.29497701 0.59971201
vt 0.29412001 0.60357499
vt 0.29241899 0.59965003
vt 0.29055199 0.60221100
vt 0.28589499 0.59949201
vt 0.29067799 0.59700000
vt 0.29055199 0.60221100
vt 0.28829101 0.60589200
vt 0.28178200 0.60347998
vt 0.28589499 0.59949201
vt 0.28829101 0.60589200
vt 0.29055199 0.60221100
vt 0.29412001 0.60357499
vt 0.29244199 0.60747200
vt 0.28714800 0.60989499
vt 0.28181499 0.60885000
vt 0.28178200 0.60347998
vt 0.28829101 0.60589200
vt 0.28714800 0.60989499
vt 0.28829101 0.60589200
vt 0.29244199 0.60747200
vt 0.29066199 0.61123103
vt 0.28589499 0.59949201
vt 0.28178200 0.60347998
vt 0.26961899 0.59910703
vt 0.28197700 0.59530997
vt 0.28181499 0.60885000
vt 0.27590501 0.60923702
vt 0.26961899 0.59910703
vt 0.28178200 0.60347998
vt 0.28661001 0.61278099
vt 0.28347701 0.61346698
vt 0.28181499 0.60885000
vt 0.28714800 0.60989499
vt 0.28347701 0.61346698
vt 0.27929300 0.61469400
vt 0.27590501 0.60923702
vt 0.28181499 0.60885000
vt 0.27225199 0.61292100
vt 0.26754701 0.61001998
vt 0.26961899 0.59910703
vt 0.27590501 0.60923702
vt 0.27575701 0.61676002
vt 0.27225199 0.61292100
vt 0.27590501 0.60923702
vt 0.27929300 0.61469400
vt 0.27575701 0.61676002
vt 0.27929300 0.61469400
vt 0.28143501 0.61814201
vt 0.27766401 0.61968702
vt 0.27929300 0.61469400
vt 0.28347701 0.61346698
vt 0.28522500 0.61645198
vt 0.28143501 0.61814201
vt 0.27766401 0.61968702
vt 0.28143501 0.61814201
vt 0.28266200 0.62013602
vt 0.27859101 0.62156898
vt 0.28143501 0.61814201
vt 0.28522500 0.61645198
vt 0.28651500 0.61817598
vt 0.28266200 0.62013602
vt 0.28347701 0.61346698
vt 0.28661001 0.61278099
vt 0.28843901 0.61431998
vt 0.28522500 0.61645198
vt 0.28522500 0.61645198
vt 0.28843901 0.61431998
vt 0.28993300 0.61560303
vt 0.28651500 0.61817598
vt 0.28843901 0.61431998
vt 0.29066199 0.61123103
vt 0.29270801 0.61230397
vt 0.28993300 0.61560303
vt 0.28661001 0.61278099
vt 0.28714800 0.60989499
vt 0.29066199 0.61123103
vt 0.28843901 0.61431998
vt 0.27859101 0.62156898
vt 0.28266200 0.62013602
vt 0.28330699 0.62121099
vt 0.27905700 0.62264198
vt 0.27432501 0.62230903
vt 0.27859101 0.62156898
vt 0.27905700 0.62264198
vt 0.27457100 0.62337703
vt 0.27391201 0.62054098
vt 0.27766401 0.61968702
vt 0.27859101 0.62156898
vt 0.27432501 0.62230903
vt 0.27457100 0.62337703
vt 0.27905700 0.62264198
vt 0.27936599 0.62343502
vt 0.27475199 0.62420398
vt 0.26987201 0.62336397
vt 0.27457100 0.62337703
vt 0.27475199 0.62420398
vt 0.26992601 0.62423599
vt 0.26982799 0.62219900
vt 0.27432501 0.62230903
vt 0.27457100 0.62337703
vt 0.26987201 0.62336397
vt 0.26510599 0.62274897
vt 0.26987201 0.62336397
vt 0.26992601 0.62423599
vt 0.26502901 0.62365502
vt 0.26525399 0.62151402
vt 0.26982799 0.62219900
vt 0.26987201 0.62336397
vt 0.26510599 0.62274897
vt 0.26986399 0.62017900
vt 0.27391201 0.62054098
vt 0.27432501 0.62230903
vt 0.26982799 0.62219900
vt 0.26560199 0.61931098
vt 0.26986399 0.62017900
vt 0.26982799 0.62219900
vt 0.26525399 0.62151402
vt 0.26158401 0.61869699
vt 0.26560199 0.61931098
vt 0.26525399 0.62151402
vt 0.26093900 0.62059802
vt 0.26093900 0.62059802
vt 0.26525399 0.62151402
vt 0.26510599 0.62274897
vt 0.26057801 0.62173402
vt 0.26230401 0.61566401
vt 0.26630801 0.61565202
vt 0.26560199 0.61931098
vt 0.26158401 0.61869699
vt 0.26630801 0.61565202
vt 0.27042601 0.61704397
vt 0.26986399 0.62017900
vt 0.26560199 0.61931098
vt 0.27042601 0.61704397
vt 0.26630801 0.61565202
vt 0.26754701 0.61001998
vt 0.27225199 0.61292100
vt 0.26230401 0.61566401
vt 0.26262301 0.61144900
vt 0.26754701 0.61001998
vt 0.26630801 0.61565202
vt 0.27042601 0.61704397
vt 0.27341700 0.61840200
vt 0.27391201 0.62054098
vt 0.26986399 0.62017900
vt 0.27341700 0.61840200
vt 0.27042601 0.61704397
vt 0.27225199 0.61292100
vt 0.27575701 0.61676002
vt 0.27341700 0.61840200
vt 0.27575701 0.61676002
vt 0.27766401 0.61968702
vt 0.27391201 0.62054098
vt 0.25957099 0.61618203
vt 0.26230401 0.61566401
vt 0.26158401 0.61869699
vt 0.25832799 0.61800998
vt 0.25957099 0.61618203
vt 0.25868100 0.61432701
vt 0.26262301 0.61144900
vt 0.26230401 0.61566401
vt 0.26262301 0.61144900
vt 0.26175299 0.60766202
vt 0.26961899 0.59910703
vt 0.26754701 0.61001998
vt 0.25868100 0.61432701
vt 0.25736701 0.61228698
vt 0.26175299 0.60766202
vt 0.26262301 0.61144900
vt 0.25868100 0.61432701
vt 0.25957099 0.61618203
vt 0.25832799 0.61800998
vt 0.25611499 0.61676598
vt 0.25736701 0.61228698
vt 0.25868100 0.61432701
vt 0.25611499 0.61676598
vt 0.25447699 0.61536902
vt 0.25392100 0.61101002
vt 0.25736701 0.61228698
vt 0.25447699 0.61536902
vt 0.25212100 0.61256403
vt 0.26175299 0.60766202
vt 0.25736701 0.61228698
vt 0.25392100 0.61101002
vt 0.25477999 0.60848403
vt 0.25212100 0.61256403
vt 0.25202700 0.60984898
vt 0.25477999 0.60848403
vt 0.25392100 0.61101002
vt 0.25447699 0.61536902
vt 0.25273001 0.61726999
vt 0.25047901 0.61396700
vt 0.25212100 0.61256403
vt 0.25047901 0.61396700
vt 0.25007901 0.61097002
vt 0.25202700 0.60984898
vt 0.25212100 0.61256403
vt 0.25447699 0.61536902
vt 0.25611499 0.61676598
vt 0.25460401 0.61842799
vt 0.25273001 0.61726999
vt 0.25611499 0.61676598
vt 0.25832799 0.61800998
vt 0.25727901 0.61954403
vt 0.25460401 0.61842799
vt 0.25832799 0.61800998
vt 0.26158401 0.61869699
vt 0.26093900 0.62059802
vt 0.25727901 0.61954403
vt 0.25727901 0.61954403
vt 0.26093900 0.62059802
vt 0.26057801 0.62173402
vt 0.25669301 0.62055498
vt 0.26057801 0.62173402
vt 0.26510599 0.62274897
vt 0.26502901 0.62365502
vt 0.26035500 0.62264103
vt 0.27000299 0.62525201
vt 0.26495501 0.62471098
vt 0.26502901 0.62365502
vt 0.26992601 0.62423599
vt 0.26495501 0.62471098
vt 0.26012000 0.62372100
vt 0.26035500 0.62264103
vt 0.26502901 0.62365502
vt 0.26488301 0.62592101
vt 0.25986299 0.62496901
vt 0.26012000 0.62372100
vt 0.26495501 0.62471098
vt 0.27010399 0.62641299
vt 0.26488301 0.62592101
vt 0.26495501 0.62471098
vt 0.27000299 0.62525201
vt 0.27524099 0.62627602
vt 0.27010399 0.62641299
vt 0.27000299 0.62525201
vt 0.27497199 0.62517297
vt 0.27497199 0.62517297
vt 0.27000299 0.62525201
vt 0.26992601 0.62423599
vt 0.27475199 0.62420398
vt 0.27972901 0.62435699
vt 0.27497199 0.62517297
vt 0.27475199 0.62420398
vt 0.27936599 0.62343502
vt 0.27022099 0.62763000
vt 0.26481399 0.62719703
vt 0.26488301 0.62592101
vt 0.27010399 0.62641299
vt 0.26481399 0.62719703
vt 0.25960499 0.62629300
vt 0.25986299 0.62496901
vt 0.26488301 0.62592101
vt 0.28226700 0.58994299
vt 0.28197700 0.59530997
vt 0.26961899 0.59910703
vt 0.27637199 0.58927202
vt 0.27289000 0.58540797
vt 0.27637199 0.58927202
vt 0.26961899 0.59910703
vt 0.26803899 0.58809203
vt 0.26316401 0.58643299
vt 0.26803899 0.58809203
vt 0.26961899 0.59910703
vt 0.26212499 0.59019601
vt 0.27126101 0.58118802
vt 0.27289000 0.58540797
vt 0.26803899 0.58809203
vt 0.26706001 0.58238500
vt 0.26303700 0.58218300
vt 0.26706001 0.58238500
vt 0.26803899 0.58809203
vt 0.26316401 0.58643299
vt 0.26031101 0.58153498
vt 0.26303700 0.58218300
vt 0.26316401 0.58643299
vt 0.25932601 0.58336401
vt 0.26706001 0.58238500
vt 0.26303700 0.58218300
vt 0.26245999 0.57909900
vt 0.26653099 0.57867801
vt 0.26303700 0.58218300
vt 0.26031101 0.58153498
vt 0.25914699 0.57963699
vt 0.26245999 0.57909900
vt 0.26653099 0.57867801
vt 0.26245999 0.57909900
vt 0.26190701 0.57715702
vt 0.26629201 0.57644898
vt 0.27085099 0.57801801
vt 0.26653099 0.57867801
vt 0.26629201 0.57644898
vt 0.27091599 0.57599002
vt 0.27126101 0.58118802
vt 0.26706001 0.58238500
vt 0.26653099 0.57867801
vt 0.27085099 0.57801801
vt 0.26629201 0.57644898
vt 0.26190701 0.57715702
vt 0.26160100 0.57599598
vt 0.26620501 0.57520097
vt 0.27432400 0.57997501
vt 0.27126101 0.58118802
vt 0.27085099 0.57801801
vt 0.27492699 0.57785600
vt 0.27492699 0.57785600
vt 0.27085099 0.57801801
vt 0.27091599 0.57599002
vt 0.27542901 0.57610601
vt 0.27864099 0.57889700
vt 0.27492699 0.57785600
vt 0.27542901 0.57610601
vt 0.27966300 0.57705998
vt 0.27658799 0.58173400
vt 0.27432400 0.57997501
vt 0.27492699 0.57785600
vt 0.27864099 0.57889700
vt 0.27432400 0.57997501
vt 0.27658799 0.58173400
vt 0.27289000 0.58540797
vt 0.27126101 0.58118802
vt 0.28002700 0.58397502
vt 0.27658799 0.58173400
vt 0.27864099 0.57889700
vt 0.28233901 0.58063000
vt 0.27658799 0.58173400
vt 0.28002700 0.58397502
vt 0.27637199 0.58927202
vt 0.27289000 0.58540797
vt 0.28415301 0.58540601
vt 0.28002700 0.58397502
vt 0.28233901 0.58063000
vt 0.28604701 0.58250701
vt 0.28415301 0.58540601
vt 0.28226700 0.58994299
vt 0.27637199 0.58927202
vt 0.28002700 0.58397502
vt 0.28725299 0.58624601
vt 0.28764901 0.58915699
vt 0.28226700 0.58994299
vt 0.28415301 0.58540601
vt 0.28725299 0.58624601
vt 0.28415301 0.58540601
vt 0.28604701 0.58250701
vt 0.28915599 0.58479702
vt 0.28915599 0.58479702
vt 0.28604701 0.58250701
vt 0.28742200 0.58084601
vt 0.29071301 0.58358800
vt 0.28604701 0.58250701
vt 0.28233901 0.58063000
vt 0.28366500 0.57869601
vt 0.28742200 0.58084601
vt 0.28742200 0.58084601
vt 0.28366500 0.57869601
vt 0.28436401 0.57765299
vt 0.28822100 0.57993400
vt 0.29071301 0.58358800
vt 0.28742200 0.58084601
vt 0.28822100 0.57993400
vt 0.29163799 0.58285499
vt 0.28233901 0.58063000
vt 0.27864099 0.57889700
vt 0.27966300 0.57705998
vt 0.28366500 0.57869601
vt 0.29122701 0.58799303
vt 0.28915599 0.58479702
vt 0.29071301 0.58358800
vt 0.29332399 0.58701998
vt 0.29332399 0.58701998
vt 0.29071301 0.58358800
vt 0.29163799 0.58285499
vt 0.29447401 0.58642203
vt 0.29163799 0.58285499
vt 0.28822100 0.57993400
vt 0.28880799 0.57927501
vt 0.29234001 0.58229101
vt 0.29447401 0.58642203
vt 0.29163799 0.58285499
vt 0.29234001 0.58229101
vt 0.29529601 0.58596802
vt 0.29529601 0.59100598
vt 0.29332399 0.58701998
vt 0.29447401 0.58642203
vt 0.29662600 0.59055001
vt 0.29662600 0.59055001
vt 0.29447401 0.58642203
vt 0.29529601 0.58596802
vt 0.29754400 0.59022897
vt 0.29664600 0.59531301
vt 0.29529601 0.59100598
vt 0.29662600 0.59055001
vt 0.29797399 0.59507501
vt 0.29797399 0.59507501
vt 0.29662600 0.59055001
vt 0.29754400 0.59022897
vt 0.29893801 0.59491700
vt 0.29430899 0.59581202
vt 0.29282200 0.59183598
vt 0.29529601 0.59100598
vt 0.29664600 0.59531301
vt 0.29282200 0.59183598
vt 0.29122701 0.58799303
vt 0.29332399 0.58701998
vt 0.29529601 0.59100598
vt 0.29067799 0.59700000
vt 0.28859699 0.59321398
vt 0.29282200 0.59183598
vt 0.29430899 0.59581202
vt 0.28859699 0.59321398
vt 0.28764901 0.58915699
vt 0.29122701 0.58799303
vt 0.29282200 0.59183598
vt 0.28764901 0.58915699
vt 0.28725299 0.58624601
vt 0.28915599 0.58479702
vt 0.29122701 0.58799303
vt 0.28764901 0.58915699
vt 0.28859699 0.59321398
vt 0.28197700 0.59530997
vt 0.28226700 0.58994299
vt 0.29067799 0.59700000
vt 0.28589499 0.59949201
vt 0.28197700 0.59530997
vt 0.28859699 0.59321398
vt 0.29861400 0.58985800
vt 0.30007401 0.59473699
vt 0.29893801 0.59491700
vt 0.29754400 0.59022897
vt 0.29626101 0.58543497
vt 0.29861400 0.58985800
vt 0.29754400 0.59022897
vt 0.29529601 0.58596802
vt 0.29987901 0.58943498
vt 0.30140999 0.59453303
vt 0.30007401 0.59473699
vt 0.29861400 0.58985800
vt 0.29741099 0.58483100
vt 0.29987901 0.58943498
vt 0.29861400 0.58985800
vt 0.29626101 0.58543497
vt 0.30126801 0.58900601
vt 0.30286300 0.59432501
vt 0.30140999 0.59453303
vt 0.29987901 0.58943498
vt 0.29868901 0.58421600
vt 0.30126801 0.58900601
vt 0.29987901 0.58943498
vt 0.29741099 0.58483100
vt 0.29418099 0.58088303
vt 0.29741099 0.58483100
vt 0.29626101 0.58543497
vt 0.29317799 0.58162999
vt 0.30140999 0.59453303
vt 0.30186099 0.59987998
vt 0.30050400 0.59984702
vt 0.30007401 0.59473699
vt 0.30286300 0.59432501
vt 0.30333099 0.59991598
vt 0.30186099 0.59987998
vt 0.30140999 0.59453303
vt 0.30579901 0.59399003
vt 0.30286300 0.59432501
vt 0.30126801 0.58900601
vt 0.30414900 0.58829200
vt 0.30626100 0.59998798
vt 0.30333099 0.59991598
vt 0.30286300 0.59432501
vt 0.30579901 0.59399003
vt 0.30550599 0.60595500
vt 0.30259100 0.60547602
vt 0.30333099 0.59991598
vt 0.30626100 0.59998798
vt 0.30333099 0.59991598
vt 0.30259100 0.60547602
vt 0.30114999 0.60519898
vt 0.30186099 0.59987998
vt 0.30357999 0.61156499
vt 0.30073699 0.61071098
vt 0.30259100 0.60547602
vt 0.30550599 0.60595500
vt 0.30259100 0.60547602
vt 0.30073699 0.61071098
vt 0.29937100 0.61021399
vt 0.30114999 0.60519898
vt 0.30684599 0.60613400
vt 0.30550599 0.60595500
vt 0.30626100 0.59998798
vt 0.30759299 0.60001999
vt 0.30492401 0.61187899
vt 0.30357999 0.61156499
vt 0.30550599 0.60595500
vt 0.30684599 0.60613400
vt 0.30061001 0.61652702
vt 0.29792699 0.61536700
vt 0.30073699 0.61071098
vt 0.30357999 0.61156499
vt 0.30192599 0.61695701
vt 0.30061001 0.61652702
vt 0.30357999 0.61156499
vt 0.30492401 0.61187899
vt 0.29677799 0.62068897
vt 0.29435199 0.61928803
vt 0.29792699 0.61536700
vt 0.30061001 0.61652702
vt 0.29800999 0.62122399
vt 0.29677799 0.62068897
vt 0.30061001 0.61652702
vt 0.30192599 0.61695701
vt 0.29792699 0.61536700
vt 0.29435199 0.61928803
vt 0.29326200 0.61847299
vt 0.29668099 0.61469001
vt 0.30073699 0.61071098
vt 0.29792699 0.61536700
vt 0.29668099 0.61469001
vt 0.29937100 0.61021399
vt 0.29668099 0.61469001
vt 0.29326200 0.61847299
vt 0.29229701 0.61767799
vt 0.29556301 0.61403102
vt 0.29937100 0.61021399
vt 0.29668099 0.61469001
vt 0.29556301 0.61403102
vt 0.29812801 0.60973102
vt 0.30114999 0.60519898
vt 0.29937100 0.61021399
vt 0.29812801 0.60973102
vt 0.29982501 0.60492897
vt 0.29982501 0.60492897
vt 0.29812801 0.60973102
vt 0.29707801 0.60930699
vt 0.29869899 0.60469401
vt 0.29812801 0.60973102
vt 0.29556301 0.61403102
vt 0.29462400 0.61345100
vt 0.29707801 0.60930699
vt 0.30186099 0.59987998
vt 0.30114999 0.60519898
vt 0.29982501 0.60492897
vt 0.30050400 0.59984702
vt 0.30050400 0.59984702
vt 0.29982501 0.60492897
vt 0.29869899 0.60469401
vt 0.29934999 0.59981900
vt 0.29774401 0.60448903
vt 0.29837900 0.59979498
vt 0.29934999 0.59981900
vt 0.29869899 0.60469401
vt 0.29837900 0.59979498
vt 0.29797399 0.59507501
vt 0.29893801 0.59491700
vt 0.29934999 0.59981900
vt 0.30007401 0.59473699
vt 0.30050400 0.59984702
vt 0.29934999 0.59981900
vt 0.29893801 0.59491700
vt 0.29556301 0.61403102
vt 0.29229701 0.61767799
vt 0.29149401 0.61697698
vt 0.29462400 0.61345100
vt 0.29326200 0.61847299
vt 0.28927201 0.62150598
vt 0.28847799 0.62060601
vt 0.29229701 0.61767799
vt 0.29435199 0.61928803
vt 0.29017699 0.62243003
vt 0.28927201 0.62150598
vt 0.29326200 0.61847299
vt 0.29223600 0.62405699
vt 0.29017699 0.62243003
vt 0.29435199 0.61928803
vt 0.29677799 0.62068897
vt 0.28717801 0.62666798
vt 0.28557000 0.62482297
vt 0.29017699 0.62243003
vt 0.29223600 0.62405699
vt 0.28802299 0.62745899
vt 0.28717801 0.62666798
vt 0.29223600 0.62405699
vt 0.29330599 0.62471199
vt 0.29330599 0.62471199
vt 0.29223600 0.62405699
vt 0.29677799 0.62068897
vt 0.29800999 0.62122399
vt 0.29429200 0.62525100
vt 0.29330599 0.62471199
vt 0.29800999 0.62122399
vt 0.29913101 0.62164599
vt 0.28880599 0.62813401
vt 0.28802299 0.62745899
vt 0.29330599 0.62471199
vt 0.29429200 0.62525100
vt 0.28290600 0.63024497
vt 0.28236800 0.62944198
vt 0.28802299 0.62745899
vt 0.28880599 0.62813401
vt 0.28236800 0.62944198
vt 0.28178799 0.62852699
vt 0.28717801 0.62666798
vt 0.28802299 0.62745899
vt 0.28334600 0.63088000
vt 0.28290600 0.63024497
vt 0.28880599 0.62813401
vt 0.28944400 0.62865698
vt 0.28944400 0.62865698
vt 0.28880599 0.62813401
vt 0.29429200 0.62525100
vt 0.29508999 0.62565500
vt 0.28944400 0.62865698
vt 0.29508999 0.62565500
vt 0.29561201 0.62591499
vt 0.28986499 0.62899703
vt 0.28334600 0.63088000
vt 0.28944400 0.62865698
vt 0.28986499 0.62899703
vt 0.28363800 0.63129699
vt 0.27704000 0.63224500
vt 0.28334600 0.63088000
vt 0.28363800 0.63129699
vt 0.27719900 0.63271803
vt 0.27704000 0.63224500
vt 0.27680400 0.63152999
vt 0.28290600 0.63024497
vt 0.28334600 0.63088000
vt 0.27070299 0.63279498
vt 0.27063501 0.63202202
vt 0.27680400 0.63152999
vt 0.27704000 0.63224500
vt 0.27070299 0.63279498
vt 0.27704000 0.63224500
vt 0.27719900 0.63271803
vt 0.27076101 0.63330299
vt 0.27063501 0.63202202
vt 0.27055401 0.63105500
vt 0.27651301 0.63063300
vt 0.27680400 0.63152999
vt 0.27680400 0.63152999
vt 0.27651301 0.63063300
vt 0.28236800 0.62944198
vt 0.28290600 0.63024497
vt 0.26439399 0.63273001
vt 0.26446000 0.63187897
vt 0.27063501 0.63202202
vt 0.27070299 0.63279498
vt 0.27719900 0.63271803
vt 0.28363800 0.63129699
vt 0.28380200 0.63153499
vt 0.27728999 0.63298798
vt 0.27076101 0.63330299
vt 0.27719900 0.63271803
vt 0.27728999 0.63298798
vt 0.27079701 0.63359201
vt 0.26443201 0.63328600
vt 0.27076101 0.63330299
vt 0.27079701 0.63359201
vt 0.26445901 0.63359702
vt 0.26439399 0.63273001
vt 0.27070299 0.63279498
vt 0.27076101 0.63330299
vt 0.26443201 0.63328600
vt 0.25817499 0.63239300
vt 0.26439399 0.63273001
vt 0.26443201 0.63328600
vt 0.25838199 0.63306803
vt 0.25838199 0.63306803
vt 0.26443201 0.63328600
vt 0.26445901 0.63359702
vt 0.25847501 0.63343197
vt 0.26445901 0.63359702
vt 0.27079701 0.63359201
vt 0.27081099 0.63376802
vt 0.26437300 0.63383597
vt 0.25847501 0.63343197
vt 0.26445901 0.63359702
vt 0.26437300 0.63383597
vt 0.25812900 0.63387102
vt 0.00756400 0.51099497
vt 0.00495300 0.50555700
vt 0.00527000 0.50554299
vt 0.00832400 0.51115000
vt 0.00495300 0.50555700
vt 0.00307700 0.49928999
vt 0.00327300 0.49924901
vt 0.00527000 0.50554299
vt 0.00307700 0.49928999
vt 0.00231700 0.49246299
vt 0.00249900 0.49244899
vt 0.00327300 0.49924901
vt 0.27079701 0.63359201
vt 0.27728999 0.63298798
vt 0.27733999 0.63314497
vt 0.27081099 0.63376802
vt 0.00231700 0.49246299
vt 0.00289500 0.48532799
vt 0.00307500 0.48534900
vt 0.00249900 0.49244899
vt 0.27728999 0.63298798
vt 0.28380200 0.63153499
vt 0.28388399 0.63167500
vt 0.27733999 0.63314497
vt 0.00289500 0.48532799
vt 0.00472300 0.47833800
vt 0.00489300 0.47838899
vt 0.00307500 0.48534900
vt 0.28380200 0.63153499
vt 0.29009801 0.62918901
vt 0.29021001 0.62930501
vt 0.28388399 0.63167500
vt 0.28363800 0.63129699
vt 0.28986499 0.62899703
vt 0.29009801 0.62918901
vt 0.28380200 0.63153499
vt 0.29009801 0.62918901
vt 0.29589900 0.62605798
vt 0.29603299 0.62614399
vt 0.29021001 0.62930501
vt 0.28986499 0.62899703
vt 0.29561201 0.62591499
vt 0.29589900 0.62605798
vt 0.29009801 0.62918901
vt 0.29561201 0.62591499
vt 0.30061701 0.62214899
vt 0.30093500 0.62225199
vt 0.29589900 0.62605798
vt 0.29589900 0.62605798
vt 0.30093500 0.62225199
vt 0.30108199 0.62230802
vt 0.29603299 0.62614399
vt 0.29508999 0.62565500
vt 0.30002901 0.62195402
vt 0.30061701 0.62214899
vt 0.29561201 0.62591499
vt 0.30002901 0.62195402
vt 0.30404499 0.61752898
vt 0.30465800 0.61767799
vt 0.30061701 0.62214899
vt 0.30061701 0.62214899
vt 0.30465800 0.61767799
vt 0.30498901 0.61775398
vt 0.30093500 0.62225199
vt 0.30002901 0.62195402
vt 0.29913101 0.62164599
vt 0.30310601 0.61729002
vt 0.30404499 0.61752898
vt 0.29508999 0.62565500
vt 0.29429200 0.62525100
vt 0.29913101 0.62164599
vt 0.30002901 0.62195402
vt 0.29913101 0.62164599
vt 0.29800999 0.62122399
vt 0.30192599 0.61695701
vt 0.30310601 0.61729002
vt 0.30310601 0.61729002
vt 0.30192599 0.61695701
vt 0.30492401 0.61187899
vt 0.30611199 0.61212099
vt 0.30404499 0.61752898
vt 0.30310601 0.61729002
vt 0.30611199 0.61212099
vt 0.30704999 0.61229402
vt 0.30704999 0.61229402
vt 0.30611199 0.61212099
vt 0.30801901 0.60627300
vt 0.30893800 0.60637200
vt 0.30611199 0.61212099
vt 0.30492401 0.61187899
vt 0.30684599 0.60613400
vt 0.30801901 0.60627300
vt 0.30704999 0.61229402
vt 0.30893800 0.60637200
vt 0.30953699 0.60643399
vt 0.30766001 0.61240101
vt 0.30404499 0.61752898
vt 0.30704999 0.61229402
vt 0.30766001 0.61240101
vt 0.30465800 0.61767799
vt 0.30465800 0.61767799
vt 0.30766001 0.61240101
vt 0.30799001 0.61245298
vt 0.30498901 0.61775398
vt 0.30766001 0.61240101
vt 0.30953699 0.60643399
vt 0.30986199 0.60646302
vt 0.30799001 0.61245298
vt 0.30799001 0.61245298
vt 0.30986199 0.60646302
vt 0.31001601 0.60647398
vt 0.30814299 0.61247200
vt 0.30498901 0.61775398
vt 0.30799001 0.61245298
vt 0.30814299 0.61247200
vt 0.30513901 0.61778802
vt 0.30093500 0.62225199
vt 0.30498901 0.61775398
vt 0.30513901 0.61778802
vt 0.30108199 0.62230802
vt 0.01613600 0.46297401
vt 0.02137400 0.46054900
vt 0.02144800 0.46069500
vt 0.01624100 0.46310201
vt 0.01149600 0.46674201
vt 0.01613600 0.46297401
vt 0.01624100 0.46310201
vt 0.01162800 0.46684700
vt 0.00764000 0.47198200
vt 0.01149600 0.46674201
vt 0.01162800 0.46684700
vt 0.00779400 0.47206101
vt 0.01182900 0.46711299
vt 0.00804600 0.47227201
vt 0.00779400 0.47206101
vt 0.01162800 0.46684700
vt 0.01638400 0.46342301
vt 0.01182900 0.46711299
vt 0.01162800 0.46684700
vt 0.01624100 0.46310201
vt 0.01926600 0.47418100
vt 0.01182900 0.46711299
vt 0.01638400 0.46342301
vt 0.02179600 0.47212601
vt 0.01688300 0.47743899
vt 0.00804600 0.47227201
vt 0.01182900 0.46711299
vt 0.01926600 0.47418100
vt 0.01483900 0.48194900
vt 0.00518000 0.47853699
vt 0.00804600 0.47227201
vt 0.01688300 0.47743899
vt 0.00804600 0.47227201
vt 0.00518000 0.47853699
vt 0.00489300 0.47838899
vt 0.00779400 0.47206101
vt 0.01352100 0.48709500
vt 0.00337800 0.48541701
vt 0.00518000 0.47853699
vt 0.01483900 0.48194900
vt 0.00518000 0.47853699
vt 0.00337800 0.48541701
vt 0.00307500 0.48534900
vt 0.00489300 0.47838899
vt 0.00472300 0.47833800
vt 0.00764000 0.47198200
vt 0.00779400 0.47206101
vt 0.00489300 0.47838899
vt 0.01312200 0.49218199
vt 0.00280700 0.49242800
vt 0.00337800 0.48541701
vt 0.01352100 0.48709500
vt 0.00337800 0.48541701
vt 0.00280700 0.49242800
vt 0.00249900 0.49244899
vt 0.00307500 0.48534900
vt 0.01366800 0.49682501
vt 0.00358700 0.49914101
vt 0.00280700 0.49242800
vt 0.01312200 0.49218199
vt 0.00280700 0.49242800
vt 0.00358700 0.49914101
vt 0.00327300 0.49924901
vt 0.00249900 0.49244899
vt 0.01507000 0.50100899
vt 0.00564900 0.50535500
vt 0.00358700 0.49914101
vt 0.01366800 0.49682501
vt 0.00358700 0.49914101
vt 0.00564900 0.50535500
vt 0.00527000 0.50554299
vt 0.00327300 0.49924901
vt 0.01707000 0.50452501
vt 0.00889300 0.51084298
vt 0.00564900 0.50535500
vt 0.01507000 0.50100899
vt 0.00564900 0.50535500
vt 0.00889300 0.51084298
vt 0.00832400 0.51115000
vt 0.00527000 0.50554299
vt 0.00889300 0.51084298
vt 0.01323600 0.51518101
vt 0.01262500 0.51615602
vt 0.00832400 0.51115000
vt 0.01944300 0.50708002
vt 0.01323600 0.51518101
vt 0.00889300 0.51084298
vt 0.01707000 0.50452501
vt 0.01323600 0.51518101
vt 0.01842800 0.51778603
vt 0.01833600 0.51863402
vt 0.01262500 0.51615602
vt 0.02237500 0.50888503
vt 0.01842800 0.51778603
vt 0.01323600 0.51518101
vt 0.01944300 0.50708002
vt 0.02600500 0.51023602
vt 0.02369500 0.51920801
vt 0.01842800 0.51778603
vt 0.02237500 0.50888503
vt 0.02995400 0.51111501
vt 0.02886100 0.51995200
vt 0.02369500 0.51920801
vt 0.02600500 0.51023602
vt 0.03389700 0.51139998
vt 0.03393600 0.52017599
vt 0.02886100 0.51995200
vt 0.02995400 0.51111501
vt 0.03778900 0.51113701
vt 0.03898900 0.51985300
vt 0.03393600 0.52017599
vt 0.03389700 0.51139998
vt 0.04161700 0.51025403
vt 0.04410500 0.51900101
vt 0.03898900 0.51985300
vt 0.03778900 0.51113701
vt 0.04508800 0.50881398
vt 0.04929600 0.51744998
vt 0.04410500 0.51900101
vt 0.04161700 0.51025403
vt 0.04787200 0.50687701
vt 0.05437900 0.51469898
vt 0.04929600 0.51744998
vt 0.04508800 0.50881398
vt 0.05011400 0.50421101
vt 0.05856900 0.51022202
vt 0.05437900 0.51469898
vt 0.04787200 0.50687701
vt 0.05199800 0.50058699
vt 0.06163700 0.50461501
vt 0.05856900 0.51022202
vt 0.05011400 0.50421101
vt 0.05327400 0.49629599
vt 0.06351400 0.49830401
vt 0.06163700 0.50461501
vt 0.05199800 0.50058699
vt 0.05370500 0.49158400
vt 0.06409600 0.49152100
vt 0.06351400 0.49830401
vt 0.05327400 0.49629599
vt 0.05316600 0.48645800
vt 0.06330900 0.48447400
vt 0.06409600 0.49152100
vt 0.05370500 0.49158400
vt 0.05169000 0.48131201
vt 0.06127900 0.47760400
vt 0.06330900 0.48447400
vt 0.05316600 0.48645800
vt 0.04950600 0.47686800
vt 0.05819300 0.47140500
vt 0.06127900 0.47760400
vt 0.05169000 0.48131201
vt 0.04701800 0.47369000
vt 0.05422100 0.46636301
vt 0.05819300 0.47140500
vt 0.04950600 0.47686800
vt 0.04441800 0.47172400
vt 0.04952900 0.46282801
vt 0.05422100 0.46636301
vt 0.04701800 0.47369000
vt 0.04133000 0.47043699
vt 0.04428800 0.46065101
vt 0.04952900 0.46282801
vt 0.04441800 0.47172400
vt 0.03748900 0.46969101
vt 0.03867700 0.45956501
vt 0.04428800 0.46065101
vt 0.04133000 0.47043699
vt 0.03306400 0.46950799
vt 0.03288200 0.45932600
vt 0.03867700 0.45956501
vt 0.03748900 0.46969101
vt 0.02864800 0.46984801
vt 0.02710100 0.45977399
vt 0.03288200 0.45932600
vt 0.03306400 0.46950799
vt 0.02483600 0.47073001
vt 0.02153700 0.46106201
vt 0.02710100 0.45977399
vt 0.02864800 0.46984801
vt 0.02179600 0.47212601
vt 0.01638400 0.46342301
vt 0.02153700 0.46106201
vt 0.02483600 0.47073001
vt 0.02153700 0.46106201
vt 0.01638400 0.46342301
vt 0.01624100 0.46310201
vt 0.02144800 0.46069500
vt 0.02710100 0.45977399
vt 0.02153700 0.46106201
vt 0.02144800 0.46069500
vt 0.02705600 0.45938301
vt 0.02137400 0.46054900
vt 0.02701700 0.45922500
vt 0.02705600 0.45938301
vt 0.02144800 0.46069500
vt 0.02701700 0.45922500
vt 0.03287200 0.45876399
vt 0.03287500 0.45892701
vt 0.02705600 0.45938301
vt 0.03288200 0.45932600
vt 0.02710100 0.45977399
vt 0.02705600 0.45938301
vt 0.03287500 0.45892701
vt 0.30986199 0.60646302
vt 0.31057701 0.60009402
vt 0.31073201 0.60009700
vt 0.31001601 0.60647398
vt 0.31057701 0.60009402
vt 0.31017399 0.59369498
vt 0.31032899 0.59369302
vt 0.31073201 0.60009700
vt 0.03287200 0.45876399
vt 0.03874100 0.45901200
vt 0.03870800 0.45917100
vt 0.03287500 0.45892701
vt 0.30953699 0.60643399
vt 0.31025401 0.60008597
vt 0.31057701 0.60009402
vt 0.30986199 0.60646302
vt 0.31025401 0.60008597
vt 0.30984899 0.59370899
vt 0.31017399 0.59369498
vt 0.31057701 0.60009402
vt 0.30893800 0.60637200
vt 0.30966100 0.60007101
vt 0.31025401 0.60008597
vt 0.30953699 0.60643399
vt 0.30966100 0.60007101
vt 0.30924699 0.59374201
vt 0.30984899 0.59370899
vt 0.31025401 0.60008597
vt 0.30893800 0.60637200
vt 0.30801901 0.60627300
vt 0.30875301 0.60004902
vt 0.30966100 0.60007101
vt 0.30966100 0.60007101
vt 0.30875301 0.60004902
vt 0.30832499 0.59379500
vt 0.30924699 0.59374201
vt 0.30924699 0.59374201
vt 0.30832499 0.59379500
vt 0.30670699 0.58786100
vt 0.30765101 0.58773500
vt 0.30924699 0.59374201
vt 0.30765101 0.58773500
vt 0.30826601 0.58765799
vt 0.30984899 0.59370899
vt 0.30765101 0.58773500
vt 0.30670699 0.58786100
vt 0.30395800 0.58254999
vt 0.30490801 0.58235800
vt 0.30765101 0.58773500
vt 0.30490801 0.58235800
vt 0.30552700 0.58223897
vt 0.30826601 0.58765799
vt 0.30984899 0.59370899
vt 0.30826601 0.58765799
vt 0.30859900 0.58762199
vt 0.31017399 0.59369498
vt 0.30826601 0.58765799
vt 0.30552700 0.58223897
vt 0.30586100 0.58218002
vt 0.30859900 0.58762199
vt 0.30552700 0.58223897
vt 0.30171201 0.57757401
vt 0.30203500 0.57748699
vt 0.30586100 0.58218002
vt 0.30490801 0.58235800
vt 0.30111501 0.57773900
vt 0.30171201 0.57757401
vt 0.30552700 0.58223897
vt 0.30111501 0.57773900
vt 0.29636300 0.57379597
vt 0.29689899 0.57356298
vt 0.30171201 0.57757401
vt 0.30171201 0.57757401
vt 0.29689899 0.57356298
vt 0.29719201 0.57343501
vt 0.30203500 0.57748699
vt 0.29636300 0.57379597
vt 0.29087099 0.57051498
vt 0.29130900 0.57019597
vt 0.29689899 0.57356298
vt 0.29689899 0.57356298
vt 0.29130900 0.57019597
vt 0.29155099 0.57001501
vt 0.29719201 0.57343501
vt 0.29719201 0.57343501
vt 0.29155099 0.57001501
vt 0.29166901 0.56990498
vt 0.29733101 0.57335502
vt 0.30203500 0.57748699
vt 0.29719201 0.57343501
vt 0.29733101 0.57335502
vt 0.30218500 0.57743800
vt 0.05858900 0.47110099
vt 0.06173100 0.47738901
vt 0.06156200 0.47744599
vt 0.05843700 0.47118601
vt 0.05454200 0.46597999
vt 0.05858900 0.47110099
vt 0.05843700 0.47118601
vt 0.05441300 0.46608999
vt 0.04976200 0.46237001
vt 0.05454200 0.46597999
vt 0.05441300 0.46608999
vt 0.04966100 0.46250200
vt 0.30586100 0.58218002
vt 0.30203500 0.57748699
vt 0.30218500 0.57743800
vt 0.30601299 0.58215398
vt 0.04443200 0.46013200
vt 0.04976200 0.46237001
vt 0.04966100 0.46250200
vt 0.04436400 0.46028101
vt 0.30859900 0.58762199
vt 0.30586100 0.58218002
vt 0.30601299 0.58215398
vt 0.30875200 0.58761001
vt 0.31017399 0.59369498
vt 0.30859900 0.58762199
vt 0.30875200 0.58761001
vt 0.31032899 0.59369302
vt 0.03874100 0.45901200
vt 0.04443200 0.46013200
vt 0.04436400 0.46028101
vt 0.03870800 0.45917100
vt 0.04428800 0.46065101
vt 0.03867700 0.45956501
vt 0.03870800 0.45917100
vt 0.04436400 0.46028101
vt 0.04952900 0.46282801
vt 0.04428800 0.46065101
vt 0.04436400 0.46028101
vt 0.04966100 0.46250200
vt 0.03867700 0.45956501
vt 0.03288200 0.45932600
vt 0.03287500 0.45892701
vt 0.03870800 0.45917100
vt 0.05422100 0.46636301
vt 0.04952900 0.46282801
vt 0.04966100 0.46250200
vt 0.05441300 0.46608999
vt 0.05819300 0.47140500
vt 0.05422100 0.46636301
vt 0.05441300 0.46608999
vt 0.05843700 0.47118601
vt 0.06127900 0.47760400
vt 0.05819300 0.47140500
vt 0.05843700 0.47118601
vt 0.06156200 0.47744599
vt 0.06330900 0.48447400
vt 0.06127900 0.47760400
vt 0.06156200 0.47744599
vt 0.06361300 0.48439601
vt 0.06173100 0.47738901
vt 0.06379300 0.48436999
vt 0.06361300 0.48439601
vt 0.06156200 0.47744599
vt 0.06409600 0.49152100
vt 0.06330900 0.48447400
vt 0.06361300 0.48439601
vt 0.06440600 0.49153200
vt 0.06379300 0.48436999
vt 0.06459000 0.49154100
vt 0.06440600 0.49153200
vt 0.06361300 0.48439601
vt 0.28537601 0.56735301
vt 0.27893999 0.56556797
vt 0.27899700 0.56541401
vt 0.28546500 0.56721699
vt 0.29155099 0.57001501
vt 0.28537601 0.56735301
vt 0.28546500 0.56721699
vt 0.29166901 0.56990498
vt 0.28520000 0.56758302
vt 0.27883399 0.56583297
vt 0.27893999 0.56556797
vt 0.28537601 0.56735301
vt 0.29130900 0.57019597
vt 0.28520000 0.56758302
vt 0.28537601 0.56735301
vt 0.29155099 0.57001501
vt 0.28488699 0.56798500
vt 0.27865201 0.56629801
vt 0.27883399 0.56583297
vt 0.28520000 0.56758302
vt 0.29087099 0.57051498
vt 0.28488699 0.56798500
vt 0.28520000 0.56758302
vt 0.29130900 0.57019597
vt 0.27865201 0.56629801
vt 0.27233899 0.56541997
vt 0.27242300 0.56491500
vt 0.27883399 0.56583297
vt 0.27883399 0.56583297
vt 0.27242300 0.56491500
vt 0.27247599 0.56462699
vt 0.27893999 0.56556797
vt 0.27233899 0.56541997
vt 0.26601899 0.56514901
vt 0.26608700 0.56459397
vt 0.27242300 0.56491500
vt 0.27242300 0.56491500
vt 0.26608700 0.56459397
vt 0.26613200 0.56428498
vt 0.27247599 0.56462699
vt 0.27247599 0.56462699
vt 0.26613200 0.56428498
vt 0.26605901 0.56404102
vt 0.27249900 0.56445199
vt 0.27893999 0.56556797
vt 0.27247599 0.56462699
vt 0.27249900 0.56445199
vt 0.27899700 0.56541401
vt 0.06403000 0.49843800
vt 0.06234200 0.50479603
vt 0.06202400 0.50479198
vt 0.06383300 0.49840301
vt 0.06459000 0.49154100
vt 0.06403000 0.49843800
vt 0.06383300 0.49840301
vt 0.06440600 0.49153200
vt 0.06163700 0.50461501
vt 0.06351400 0.49830401
vt 0.06383300 0.49840301
vt 0.06202400 0.50479198
vt 0.06351400 0.49830401
vt 0.06409600 0.49152100
vt 0.06440600 0.49153200
vt 0.06383300 0.49840301
vt 0.05856900 0.51022202
vt 0.06163700 0.50461501
vt 0.06202400 0.50479198
vt 0.05914800 0.51051098
vt 0.06234200 0.50479603
vt 0.05990300 0.51033098
vt 0.05914800 0.51051098
vt 0.06202400 0.50479198
vt 0.05990300 0.51033098
vt 0.05748900 0.51457500
vt 0.05501900 0.51565099
vt 0.05914800 0.51051098
vt 0.05437900 0.51469898
vt 0.05856900 0.51022202
vt 0.05914800 0.51051098
vt 0.05501900 0.51565099
vt 0.26613200 0.56428498
vt 0.26012799 0.56411600
vt 0.25980699 0.56365597
vt 0.26605901 0.56404102
vt 0.26012799 0.56411600
vt 0.25491300 0.56357002
vt 0.25433901 0.56261998
vt 0.25980699 0.56365597
vt 0.05748900 0.51457500
vt 0.05613700 0.51740801
vt 0.05348200 0.51825202
vt 0.05501900 0.51565099
vt 0.25491300 0.56357002
vt 0.25119299 0.56229502
vt 0.25114399 0.56079000
vt 0.25433901 0.56261998
vt 0.25119299 0.56229502
vt 0.24865600 0.56024098
vt 0.24951400 0.55898798
vt 0.25114399 0.56079000
vt 0.05613700 0.51740801
vt 0.05573300 0.51978701
vt 0.05314500 0.52042800
vt 0.05348200 0.51825202
vt 0.05348200 0.51825202
vt 0.05314500 0.52042800
vt 0.04920800 0.52137899
vt 0.04923400 0.51956397
vt 0.05501900 0.51565099
vt 0.05348200 0.51825202
vt 0.04923400 0.51956397
vt 0.04941100 0.51828998
vt 0.04941100 0.51828998
vt 0.04923400 0.51956397
vt 0.04426200 0.52071202
vt 0.04417900 0.51969600
vt 0.04923400 0.51956397
vt 0.04920800 0.52137899
vt 0.04441500 0.52232599
vt 0.04426200 0.52071202
vt 0.04929600 0.51744998
vt 0.05437900 0.51469898
vt 0.05501900 0.51565099
vt 0.04941100 0.51828998
vt 0.04410500 0.51900101
vt 0.04929600 0.51744998
vt 0.04941100 0.51828998
vt 0.04417900 0.51969600
vt 0.04417900 0.51969600
vt 0.04426200 0.52071202
vt 0.03911700 0.52145398
vt 0.03903100 0.52050197
vt 0.03898900 0.51985300
vt 0.04410500 0.51900101
vt 0.04417900 0.51969600
vt 0.03903100 0.52050197
vt 0.03393600 0.52017599
vt 0.03898900 0.51985300
vt 0.03903100 0.52050197
vt 0.03394200 0.52081603
vt 0.03903100 0.52050197
vt 0.03911700 0.52145398
vt 0.03395000 0.52175200
vt 0.03394200 0.52081603
vt 0.04426200 0.52071202
vt 0.04441500 0.52232599
vt 0.03924900 0.52299601
vt 0.03911700 0.52145398
vt 0.03911700 0.52145398
vt 0.03924900 0.52299601
vt 0.03396600 0.52327502
vt 0.03395000 0.52175200
vt 0.03394200 0.52081603
vt 0.03395000 0.52175200
vt 0.02876300 0.52156198
vt 0.02883100 0.52060503
vt 0.03395000 0.52175200
vt 0.03396600 0.52327502
vt 0.02866200 0.52311403
vt 0.02876300 0.52156198
vt 0.03396600 0.52327502
vt 0.03399300 0.52565598
vt 0.02851600 0.52553701
vt 0.02866200 0.52311403
vt 0.03924900 0.52299601
vt 0.03944500 0.52540302
vt 0.03399300 0.52565598
vt 0.03396600 0.52327502
vt 0.03399300 0.52565598
vt 0.03422800 0.54742098
vt 0.02803300 0.54738700
vt 0.02851600 0.52553701
vt 0.03944500 0.52540302
vt 0.04041600 0.54728901
vt 0.03422800 0.54742098
vt 0.03399300 0.52565598
vt 0.04441500 0.52232599
vt 0.04472800 0.52480000
vt 0.03944500 0.52540302
vt 0.03924900 0.52299601
vt 0.04472800 0.52480000
vt 0.04632700 0.54700100
vt 0.04041600 0.54728901
vt 0.03944500 0.52540302
vt 0.04041600 0.54728901
vt 0.04632700 0.54700100
vt 0.04675000 0.55470598
vt 0.04068100 0.55496901
vt 0.03422800 0.54742098
vt 0.04041600 0.54728901
vt 0.04068100 0.55496901
vt 0.03431200 0.55512798
vt 0.34776700 0.60856599
vt 0.34006101 0.60865098
vt 0.34006101 0.60226703
vt 0.34780100 0.60237199
vt 0.34780100 0.60237199
vt 0.34006101 0.60226703
vt 0.34022999 0.59618801
vt 0.34793401 0.59644902
vt 0.34793401 0.59644902
vt 0.34022999 0.59618801
vt 0.34046501 0.59084803
vt 0.34815899 0.59120703
vt 0.04632700 0.54700100
vt 0.05156900 0.54664600
vt 0.05210500 0.55436897
vt 0.04675000 0.55470598
vt 0.05156900 0.54664600
vt 0.05566900 0.54632300
vt 0.05625900 0.55405301
vt 0.05210500 0.55436897
vt 0.34815899 0.59120703
vt 0.34046501 0.59084803
vt 0.34067500 0.58670801
vt 0.34838799 0.58711499
vt 0.05343600 0.52325201
vt 0.05566900 0.54632300
vt 0.05156900 0.54664600
vt 0.04953600 0.52399498
vt 0.04953600 0.52399498
vt 0.05156900 0.54664600
vt 0.04632700 0.54700100
vt 0.04472800 0.52480000
vt 0.05314500 0.52042800
vt 0.05343600 0.52325201
vt 0.04953600 0.52399498
vt 0.04920800 0.52137899
vt 0.04920800 0.52137899
vt 0.04953600 0.52399498
vt 0.04472800 0.52480000
vt 0.04441500 0.52232599
vt 0.05573300 0.51978701
vt 0.05600400 0.52279198
vt 0.05343600 0.52325201
vt 0.05314500 0.52042800
vt 0.05600400 0.52279198
vt 0.05825100 0.54610002
vt 0.05566900 0.54632300
vt 0.05343600 0.52325201
vt 0.24647599 0.55716997
vt 0.23367301 0.53116298
vt 0.23504201 0.53049397
vt 0.24774000 0.55629498
vt 0.24865600 0.56024098
vt 0.24647599 0.55716997
vt 0.24774000 0.55629498
vt 0.24951400 0.55898798
vt 0.24833600 0.56060201
vt 0.24608500 0.55742502
vt 0.24647599 0.55716997
vt 0.24865600 0.56024098
vt 0.24608500 0.55742502
vt 0.23326699 0.53135997
vt 0.23367301 0.53116298
vt 0.24647599 0.55716997
vt 0.22972700 0.52298403
vt 0.23367301 0.53116298
vt 0.23326699 0.53135997
vt 0.22932801 0.52317798
vt 0.23107100 0.52232999
vt 0.23504201 0.53049397
vt 0.23367301 0.53116298
vt 0.22972700 0.52298403
vt 0.24547000 0.55773997
vt 0.23269500 0.53163499
vt 0.23326699 0.53135997
vt 0.24608500 0.55742502
vt 0.22932801 0.52317798
vt 0.23326699 0.53135997
vt 0.23269500 0.53163499
vt 0.22876300 0.52345097
vt 0.08520200 0.52319998
vt 0.08115600 0.53115302
vt 0.08076100 0.53095102
vt 0.08481400 0.52300102
vt 0.08575100 0.52348101
vt 0.08171200 0.53143603
vt 0.08115600 0.53115302
vt 0.08520200 0.52319998
vt 0.06799600 0.55647999
vt 0.08115600 0.53115302
vt 0.08171200 0.53143603
vt 0.06859400 0.55680299
vt 0.06761700 0.55622101
vt 0.08076100 0.53095102
vt 0.08115600 0.53115302
vt 0.06799600 0.55647999
vt 0.08481400 0.52300102
vt 0.08076100 0.53095102
vt 0.07943000 0.53026599
vt 0.08350800 0.52232999
vt 0.06639500 0.55533302
vt 0.07943000 0.53026599
vt 0.08076100 0.53095102
vt 0.06761700 0.55622101
vt 0.06458900 0.55793798
vt 0.06639500 0.55533302
vt 0.06761700 0.55622101
vt 0.06540400 0.55919099
vt 0.06540400 0.55919099
vt 0.06761700 0.55622101
vt 0.06799600 0.55647999
vt 0.06571100 0.55955303
vt 0.06294200 0.55967200
vt 0.06458900 0.55793798
vt 0.06540400 0.55919099
vt 0.06286000 0.56115198
vt 0.06286000 0.56115198
vt 0.06540400 0.55919099
vt 0.06571100 0.55955303
vt 0.06311600 0.56158799
vt 0.37646899 0.58858103
vt 0.37429899 0.58898097
vt 0.37486300 0.58637202
vt 0.37723300 0.58589399
vt 0.37429899 0.58898097
vt 0.37146401 0.58876902
vt 0.37185201 0.58619100
vt 0.37486300 0.58637202
vt 0.37902999 0.58696002
vt 0.37646899 0.58858103
vt 0.37723300 0.58589399
vt 0.38002801 0.58444899
vt 0.05975300 0.56139803
vt 0.06294200 0.55967200
vt 0.06286000 0.56115198
vt 0.05916500 0.56232297
vt 0.37902999 0.58696002
vt 0.37655300 0.59267098
vt 0.37527800 0.59288299
vt 0.37646899 0.58858103
vt 0.37646899 0.58858103
vt 0.37527800 0.59288299
vt 0.37345600 0.59295601
vt 0.37429899 0.58898097
vt 0.37655300 0.59267098
vt 0.37527800 0.59797102
vt 0.37425500 0.59790999
vt 0.37527800 0.59288299
vt 0.37527800 0.59288299
vt 0.37425500 0.59790999
vt 0.37262899 0.59779400
vt 0.37345600 0.59295601
vt 0.37740099 0.59276199
vt 0.37597999 0.59802902
vt 0.37527800 0.59797102
vt 0.37655300 0.59267098
vt 0.38000500 0.58757001
vt 0.37740099 0.59276199
vt 0.37655300 0.59267098
vt 0.37902999 0.58696002
vt 0.37597999 0.59802902
vt 0.37523600 0.60319602
vt 0.37458301 0.60316598
vt 0.37527800 0.59797102
vt 0.37527800 0.59797102
vt 0.37458301 0.60316598
vt 0.37362599 0.60309798
vt 0.37425500 0.59790999
vt 0.38495201 0.60033900
vt 0.37597999 0.59802902
vt 0.37740099 0.59276199
vt 0.38630301 0.59670901
vt 0.38407299 0.60428703
vt 0.37523600 0.60319602
vt 0.37597999 0.59802902
vt 0.38495201 0.60033900
vt 0.37523600 0.60319602
vt 0.37501299 0.60827100
vt 0.37437299 0.60827702
vt 0.37458301 0.60316598
vt 0.38378900 0.60823101
vt 0.37501299 0.60827100
vt 0.37523600 0.60319602
vt 0.38407299 0.60428703
vt 0.38405201 0.61212301
vt 0.37533599 0.61332399
vt 0.37501299 0.60827100
vt 0.38378900 0.60823101
vt 0.38493600 0.61595100
vt 0.37619001 0.61843997
vt 0.37533599 0.61332399
vt 0.38405201 0.61212301
vt 0.37533599 0.61332399
vt 0.37619001 0.61843997
vt 0.37549400 0.61851400
vt 0.37468699 0.61336601
vt 0.37501299 0.60827100
vt 0.37533599 0.61332399
vt 0.37468699 0.61336601
vt 0.37437299 0.60827702
vt 0.37468699 0.61336601
vt 0.37549400 0.61851400
vt 0.37447801 0.61859697
vt 0.37373599 0.61345297
vt 0.37437299 0.60827702
vt 0.37468699 0.61336601
vt 0.37373599 0.61345297
vt 0.37343699 0.60828602
vt 0.37343699 0.60828602
vt 0.37373599 0.61345297
vt 0.37219301 0.61358398
vt 0.37191299 0.60830098
vt 0.37373599 0.61345297
vt 0.37447801 0.61859697
vt 0.37286401 0.61875099
vt 0.37219301 0.61358398
vt 0.37549400 0.61851400
vt 0.37690100 0.62374598
vt 0.37562701 0.62357002
vt 0.37447801 0.61859697
vt 0.37447801 0.61859697
vt 0.37562701 0.62357002
vt 0.37381101 0.62354398
vt 0.37286401 0.61875099
vt 0.37690100 0.62374598
vt 0.37954101 0.62935400
vt 0.37694001 0.62781698
vt 0.37562701 0.62357002
vt 0.37562701 0.62357002
vt 0.37694001 0.62781698
vt 0.37476301 0.62748098
vt 0.37381101 0.62354398
vt 0.37774101 0.62363100
vt 0.38049200 0.62871403
vt 0.37954101 0.62935400
vt 0.37690100 0.62374598
vt 0.37619001 0.61843997
vt 0.37774101 0.62363100
vt 0.37690100 0.62374598
vt 0.37549400 0.61851400
vt 0.38831401 0.62220597
vt 0.38049200 0.62871403
vt 0.37774101 0.62363100
vt 0.38637701 0.61942101
vt 0.38637701 0.61942101
vt 0.37774101 0.62363100
vt 0.37619001 0.61843997
vt 0.38493600 0.61595100
vt 0.39098001 0.62444597
vt 0.38497099 0.63290298
vt 0.38049200 0.62871403
vt 0.38831401 0.62220597
vt 0.39460599 0.62633002
vt 0.39057899 0.63597202
vt 0.38497099 0.63290298
vt 0.39098001 0.62444597
vt 0.39889699 0.62760597
vt 0.39689001 0.63784599
vt 0.39057899 0.63597202
vt 0.39460599 0.62633002
vt 0.40360901 0.62803602
vt 0.40367401 0.63842702
vt 0.39689001 0.63784599
vt 0.39889699 0.62760597
vt 0.39057899 0.63597202
vt 0.39689001 0.63784599
vt 0.39679199 0.63816500
vt 0.39040199 0.63635701
vt 0.39689001 0.63784599
vt 0.40367401 0.63842702
vt 0.40366301 0.63873798
vt 0.39679199 0.63816500
vt 0.40365499 0.63892102
vt 0.39675599 0.63836300
vt 0.39679199 0.63816500
vt 0.40366301 0.63873798
vt 0.39675599 0.63836300
vt 0.39039800 0.63667601
vt 0.39040199 0.63635701
vt 0.39679199 0.63816500
vt 0.39039800 0.63667601
vt 0.38486201 0.63423699
vt 0.38468200 0.63348299
vt 0.39040199 0.63635701
vt 0.38497099 0.63290298
vt 0.39057899 0.63597202
vt 0.39040199 0.63635701
vt 0.38468200 0.63348299
vt 0.38486201 0.63423699
vt 0.38061699 0.63182402
vt 0.37954101 0.62935400
vt 0.38468200 0.63348299
vt 0.38049200 0.62871403
vt 0.38497099 0.63290298
vt 0.38468200 0.63348299
vt 0.37954101 0.62935400
vt 0.04835000 0.63153100
vt 0.05429900 0.63149500
vt 0.05463300 0.63193899
vt 0.04843000 0.63177001
vt 0.05429900 0.63149500
vt 0.05947400 0.63184100
vt 0.06008000 0.63275802
vt 0.05463300 0.63193899
vt 0.06331300 0.63442701
vt 0.06008000 0.63275802
vt 0.05947400 0.63184100
vt 0.06319700 0.63294601
vt 0.37694001 0.62781698
vt 0.37954101 0.62935400
vt 0.38061699 0.63182402
vt 0.37778401 0.63047200
vt 0.05440000 0.63113499
vt 0.05971900 0.63140702
vt 0.05947400 0.63184100
vt 0.05429900 0.63149500
vt 0.06319700 0.63294601
vt 0.05947400 0.63184100
vt 0.05971900 0.63140702
vt 0.06344400 0.63250500
vt 0.06578900 0.63484699
vt 0.06319700 0.63294601
vt 0.06344400 0.63250500
vt 0.06608500 0.63447702
vt 0.06501000 0.63612199
vt 0.06331300 0.63442701
vt 0.06319700 0.63294601
vt 0.06578900 0.63484699
vt 0.06344400 0.63250500
vt 0.05971900 0.63140702
vt 0.06104500 0.63045502
vt 0.06456200 0.63192701
vt 0.06608500 0.63447702
vt 0.06344400 0.63250500
vt 0.06456200 0.63192701
vt 0.06683300 0.63404602
vt 0.06809900 0.63341701
vt 0.06683300 0.63404602
vt 0.06456200 0.63192701
vt 0.06644400 0.63114101
vt 0.06644400 0.63114101
vt 0.06456200 0.63192701
vt 0.06104500 0.63045502
vt 0.06495300 0.62941903
vt 0.06967300 0.63266200
vt 0.06809900 0.63341701
vt 0.06644400 0.63114101
vt 0.06843300 0.63032699
vt 0.06843300 0.63032699
vt 0.06644400 0.63114101
vt 0.06495300 0.62941903
vt 0.06747200 0.62851697
vt 0.06495300 0.62941903
vt 0.06104500 0.63045502
vt 0.05987300 0.62881100
vt 0.06390400 0.62782902
vt 0.06747200 0.62851697
vt 0.06495300 0.62941903
vt 0.06390400 0.62782902
vt 0.06668300 0.62689197
vt 0.07693900 0.62685603
vt 0.06843300 0.63032699
vt 0.06747200 0.62851697
vt 0.07615100 0.62517899
vt 0.07004100 0.63658297
vt 0.06903700 0.63713199
vt 0.06683300 0.63404602
vt 0.06809900 0.63341701
vt 0.07138100 0.63585901
vt 0.07004100 0.63658297
vt 0.06809900 0.63341701
vt 0.06967300 0.63266200
vt 0.06967300 0.63266200
vt 0.06843300 0.63032699
vt 0.07693900 0.62685603
vt 0.07794200 0.62901598
vt 0.07933900 0.63204497
vt 0.07138100 0.63585901
vt 0.06967300 0.63266200
vt 0.07794200 0.62901598
vt 0.09178300 0.65682799
vt 0.08517900 0.66060102
vt 0.07138100 0.63585901
vt 0.07933900 0.63204497
vt 0.08517900 0.66060102
vt 0.08391600 0.66130102
vt 0.07004100 0.63658297
vt 0.07138100 0.63585901
vt 0.08517900 0.66060102
vt 0.08947200 0.66838998
vt 0.08824300 0.66908801
vt 0.08391600 0.66130102
vt 0.09577400 0.66471201
vt 0.08947200 0.66838998
vt 0.08517900 0.66060102
vt 0.09178300 0.65682799
vt 0.07933900 0.63204497
vt 0.08163300 0.63211101
vt 0.09352900 0.65550703
vt 0.09178300 0.65682799
vt 0.09763500 0.66374397
vt 0.09577400 0.66471201
vt 0.09178300 0.65682799
vt 0.09352900 0.65550703
vt 0.22225399 0.66951698
vt 0.21603100 0.66566700
vt 0.22024500 0.65786499
vt 0.22676000 0.66182500
vt 0.22024500 0.65786499
vt 0.21603100 0.66566700
vt 0.21418799 0.66464800
vt 0.21853100 0.65649301
vt 0.21853100 0.65649301
vt 0.21418799 0.66464800
vt 0.21199299 0.66344500
vt 0.21732000 0.65451598
vt 0.09985200 0.66260302
vt 0.09763500 0.66374397
vt 0.09352900 0.65550703
vt 0.09478800 0.65357101
vt 0.23104300 0.63339001
vt 0.21853100 0.65649301
vt 0.21732000 0.65451598
vt 0.21728300 0.65125400
vt 0.23333900 0.63338500
vt 0.22024500 0.65786499
vt 0.21853100 0.65649301
vt 0.23104300 0.63339001
vt 0.23481300 0.63039303
vt 0.23333900 0.63338500
vt 0.23104300 0.63339001
vt 0.23212300 0.63055998
vt 0.23212300 0.63055998
vt 0.23104300 0.63339001
vt 0.21728300 0.65125400
vt 0.21781600 0.64777797
vt 0.21199299 0.66344500
vt 0.21392800 0.65652698
vt 0.21728300 0.65125400
vt 0.21732000 0.65451598
vt 0.24121800 0.63740498
vt 0.22676000 0.66182500
vt 0.22024500 0.65786499
vt 0.23333900 0.63338500
vt 0.24121800 0.63740498
vt 0.23333900 0.63338500
vt 0.23481300 0.63039303
vt 0.24300900 0.63424498
vt 0.24121800 0.63740498
vt 0.24300900 0.63424498
vt 0.24456701 0.63504100
vt 0.24254200 0.63816398
vt 0.24121800 0.63740498
vt 0.24254200 0.63816398
vt 0.22800800 0.66255999
vt 0.22676000 0.66182500
vt 0.22800800 0.66255999
vt 0.22346701 0.67024899
vt 0.22225399 0.66951698
vt 0.22676000 0.66182500
vt 0.24254200 0.63816398
vt 0.24353400 0.63874000
vt 0.22893600 0.66310602
vt 0.22800800 0.66255999
vt 0.22893600 0.66310602
vt 0.22437200 0.67079198
vt 0.22346701 0.67024899
vt 0.22800800 0.66255999
vt 0.08391600 0.66130102
vt 0.08824300 0.66908801
vt 0.08732600 0.66960597
vt 0.08297500 0.66182202
vt 0.22437200 0.67079198
vt 0.22893600 0.66310602
vt 0.22947100 0.66342402
vt 0.22490200 0.67110902
vt 0.08678900 0.66990900
vt 0.08243300 0.66212499
vt 0.08297500 0.66182202
vt 0.08732600 0.66960597
vt 0.06903700 0.63713199
vt 0.08297500 0.66182202
vt 0.08243300 0.66212499
vt 0.06845300 0.63747299
vt 0.08391600 0.66130102
vt 0.08297500 0.66182202
vt 0.06903700 0.63713199
vt 0.07004100 0.63658297
vt 0.08640900 0.67012298
vt 0.08204700 0.66234201
vt 0.08243300 0.66212499
vt 0.08678900 0.66990900
vt 0.08204700 0.66234201
vt 0.06808500 0.63774300
vt 0.06845300 0.63747299
vt 0.08243300 0.66212499
vt 0.06689800 0.63866800
vt 0.06808500 0.63774300
vt 0.08204700 0.66234201
vt 0.08074900 0.66307598
vt 0.08513100 0.67084402
vt 0.08074900 0.66307598
vt 0.08204700 0.66234201
vt 0.08640900 0.67012298
vt 0.34112400 0.63059598
vt 0.34886700 0.63000703
vt 0.34909001 0.63259101
vt 0.34132800 0.63320100
vt 0.37193900 0.62777197
vt 0.37239999 0.63033998
vt 0.34909001 0.63259101
vt 0.34886700 0.63000703
vt 0.37193900 0.62777197
vt 0.37476301 0.62748098
vt 0.37540501 0.63006800
vt 0.37239999 0.63033998
vt 0.06689800 0.63866800
vt 0.06501000 0.63612199
vt 0.06578900 0.63484699
vt 0.06808500 0.63774300
vt 0.37476301 0.62748098
vt 0.37694001 0.62781698
vt 0.37778401 0.63047200
vt 0.37540501 0.63006800
vt 0.37381101 0.62354398
vt 0.37476301 0.62748098
vt 0.37193900 0.62777197
vt 0.37119600 0.62387300
vt 0.37119600 0.62387300
vt 0.37193900 0.62777197
vt 0.34886700 0.63000703
vt 0.34854001 0.62590802
vt 0.37039000 0.61906397
vt 0.37119600 0.62387300
vt 0.34854001 0.62590802
vt 0.34818700 0.62066603
vt 0.37286401 0.61875099
vt 0.37381101 0.62354398
vt 0.37119600 0.62387300
vt 0.37039000 0.61906397
vt 0.37219301 0.61358398
vt 0.37286401 0.61875099
vt 0.37039000 0.61906397
vt 0.36978701 0.61378098
vt 0.34818700 0.62066603
vt 0.34790000 0.61475402
vt 0.36978701 0.61378098
vt 0.37039000 0.61906397
vt 0.34818700 0.62066603
vt 0.34048301 0.62108499
vt 0.34022099 0.61501902
vt 0.34790000 0.61475402
vt 0.34854001 0.62590802
vt 0.34081700 0.62643999
vt 0.34048301 0.62108499
vt 0.34818700 0.62066603
vt 0.34790000 0.61475402
vt 0.34022099 0.61501902
vt 0.34006101 0.60865098
vt 0.34776700 0.60856599
vt 0.36953199 0.60832900
vt 0.36978701 0.61378098
vt 0.34790000 0.61475402
vt 0.34776700 0.60856599
vt 0.36965099 0.60285199
vt 0.36953199 0.60832900
vt 0.34776700 0.60856599
vt 0.34780100 0.60237199
vt 0.37207401 0.60299700
vt 0.37191299 0.60830098
vt 0.36953199 0.60832900
vt 0.36965099 0.60285199
vt 0.37191299 0.60830098
vt 0.37219301 0.61358398
vt 0.36978701 0.61378098
vt 0.36953199 0.60832900
vt 0.37362599 0.60309798
vt 0.37343699 0.60828602
vt 0.37191299 0.60830098
vt 0.37207401 0.60299700
vt 0.37425500 0.59790999
vt 0.37362599 0.60309798
vt 0.37207401 0.60299700
vt 0.37262899 0.59779400
vt 0.37262899 0.59779400
vt 0.37207401 0.60299700
vt 0.36965099 0.60285199
vt 0.37013799 0.59753603
vt 0.37458301 0.60316598
vt 0.37437299 0.60827702
vt 0.37343699 0.60828602
vt 0.37362599 0.60309798
vt 0.37345600 0.59295601
vt 0.37262899 0.59779400
vt 0.37013799 0.59753603
vt 0.37082499 0.59269398
vt 0.34780100 0.60237199
vt 0.34793401 0.59644902
vt 0.37013799 0.59753603
vt 0.36965099 0.60285199
vt 0.37082499 0.59269398
vt 0.37013799 0.59753603
vt 0.34793401 0.59644902
vt 0.34815899 0.59120703
vt 0.37429899 0.58898097
vt 0.37345600 0.59295601
vt 0.37082499 0.59269398
vt 0.37146401 0.58876902
vt 0.37146401 0.58876902
vt 0.37082499 0.59269398
vt 0.34815899 0.59120703
vt 0.34838799 0.58711499
vt 0.37146401 0.58876902
vt 0.34838799 0.58711499
vt 0.34854600 0.58453500
vt 0.37185201 0.58619100
vt 0.34081599 0.58411300
vt 0.34854600 0.58453500
vt 0.34838799 0.58711499
vt 0.34067500 0.58670801
vt 0.02211000 0.54725099
vt 0.02803300 0.54738700
vt 0.02792600 0.55512798
vt 0.02184700 0.55495900
vt 0.02803300 0.54738700
vt 0.03422800 0.54742098
vt 0.03431200 0.55512798
vt 0.02792600 0.55512798
vt 0.02803300 0.54738700
vt 0.02211000 0.54725099
vt 0.02320000 0.52504897
vt 0.02851600 0.52553701
vt 0.02320000 0.52504897
vt 0.02211000 0.54725099
vt 0.01686800 0.54702502
vt 0.01835900 0.52436203
vt 0.01686800 0.54702502
vt 0.02211000 0.54725099
vt 0.02184700 0.55495900
vt 0.01650400 0.55472201
vt 0.01277300 0.54679799
vt 0.01686800 0.54702502
vt 0.01650400 0.55472201
vt 0.01236600 0.55450398
vt 0.01835900 0.52436203
vt 0.01686800 0.54702502
vt 0.01277300 0.54679799
vt 0.01443500 0.52372199
vt 0.02345900 0.52255797
vt 0.02320000 0.52504897
vt 0.01835900 0.52436203
vt 0.01862100 0.52173001
vt 0.01862100 0.52173001
vt 0.01835900 0.52436203
vt 0.01443500 0.52372199
vt 0.01464700 0.52088702
vt 0.01185600 0.52333301
vt 0.01203800 0.52032298
vt 0.01464700 0.52088702
vt 0.01443500 0.52372199
vt 0.01019600 0.54663700
vt 0.01185600 0.52333301
vt 0.01443500 0.52372199
vt 0.01277300 0.54679799
vt 0.01854800 0.51990902
vt 0.01862100 0.52173001
vt 0.01464700 0.52088702
vt 0.01424700 0.51871699
vt 0.01203800 0.52032298
vt 0.01155900 0.51795298
vt 0.01424700 0.51871699
vt 0.01464700 0.52088702
vt 0.01155900 0.51795298
vt 0.01011600 0.51515800
vt 0.01262500 0.51615602
vt 0.01424700 0.51871699
vt 0.01833600 0.51863402
vt 0.01854800 0.51990902
vt 0.01424700 0.51871699
vt 0.01262500 0.51615602
vt 0.02363600 0.51990902
vt 0.02357600 0.52093297
vt 0.01854800 0.51990902
vt 0.01833600 0.51863402
vt 0.02357600 0.52093297
vt 0.02345900 0.52255797
vt 0.01862100 0.52173001
vt 0.01854800 0.51990902
vt 0.02876300 0.52156198
vt 0.02866200 0.52311403
vt 0.02345900 0.52255797
vt 0.02357600 0.52093297
vt 0.02883100 0.52060503
vt 0.02876300 0.52156198
vt 0.02357600 0.52093297
vt 0.02363600 0.51990902
vt 0.01842800 0.51778603
vt 0.02369500 0.51920801
vt 0.02363600 0.51990902
vt 0.01833600 0.51863402
vt 0.02369500 0.51920801
vt 0.02886100 0.51995200
vt 0.02883100 0.52060503
vt 0.02363600 0.51990902
vt 0.02886100 0.51995200
vt 0.03393600 0.52017599
vt 0.03394200 0.52081603
vt 0.02883100 0.52060503
vt 0.02866200 0.52311403
vt 0.02851600 0.52553701
vt 0.02320000 0.52504897
vt 0.02345900 0.52255797
vt 0.24684900 0.63653201
vt 0.24949700 0.63468701
vt 0.24934600 0.63617200
vt 0.24759901 0.63783097
vt 0.24949700 0.63468701
vt 0.25326401 0.63366401
vt 0.25263399 0.63457298
vt 0.24934600 0.63617200
vt 0.25326401 0.63366401
vt 0.25847501 0.63343197
vt 0.25812900 0.63387102
vt 0.25263399 0.63457298
vt 0.01011600 0.51515800
vt 0.00756400 0.51099497
vt 0.00832400 0.51115000
vt 0.01262500 0.51615602
vt 0.24926101 0.63423800
vt 0.25302699 0.63322097
vt 0.25326401 0.63366401
vt 0.24949700 0.63468701
vt 0.25302699 0.63322097
vt 0.25838199 0.63306803
vt 0.25847501 0.63343197
vt 0.25326401 0.63366401
vt 0.24815100 0.63363200
vt 0.25171700 0.63223499
vt 0.25302699 0.63322097
vt 0.24926101 0.63423800
vt 0.25171700 0.63223499
vt 0.25817499 0.63239300
vt 0.25838199 0.63306803
vt 0.25302699 0.63322097
vt 0.24582100 0.63570201
vt 0.24815100 0.63363200
vt 0.24926101 0.63423800
vt 0.24656101 0.63615400
vt 0.24656101 0.63615400
vt 0.24926101 0.63423800
vt 0.24949700 0.63468701
vt 0.24684900 0.63653201
vt 0.24353400 0.63874000
vt 0.24582100 0.63570201
vt 0.24656101 0.63615400
vt 0.24411100 0.63909698
vt 0.24411100 0.63909698
vt 0.24656101 0.63615400
vt 0.24684900 0.63653201
vt 0.24447300 0.63937700
vt 0.24447300 0.63937700
vt 0.24684900 0.63653201
vt 0.24759901 0.63783097
vt 0.24563900 0.64033502
vt 0.22947100 0.66342402
vt 0.24411100 0.63909698
vt 0.24447300 0.63937700
vt 0.22985201 0.66365099
vt 0.22985201 0.66365099
vt 0.24447300 0.63937700
vt 0.24563900 0.64033502
vt 0.23113500 0.66441900
vt 0.22490200 0.67110902
vt 0.22947100 0.66342402
vt 0.22985201 0.66365099
vt 0.22527801 0.67133301
vt 0.22527801 0.67133301
vt 0.22985201 0.66365099
vt 0.23113500 0.66441900
vt 0.22653900 0.67208898
vt 0.00977200 0.55436403
vt 0.01019600 0.54663700
vt 0.01277300 0.54679799
vt 0.01236600 0.55450398
vt 0.24353400 0.63874000
vt 0.24411100 0.63909698
vt 0.22947100 0.66342402
vt 0.22893600 0.66310602
vt 0.24254200 0.63816398
vt 0.24456701 0.63504100
vt 0.24582100 0.63570201
vt 0.24353400 0.63874000
vt 0.24456701 0.63504100
vt 0.24628200 0.63279903
vt 0.24815100 0.63363200
vt 0.24582100 0.63570201
vt 0.24300900 0.63424498
vt 0.24430799 0.63193601
vt 0.24628200 0.63279903
vt 0.24456701 0.63504100
vt 0.24430799 0.63193601
vt 0.24531201 0.63014299
vt 0.24781799 0.63110602
vt 0.24628200 0.63279903
vt 0.24628200 0.63279903
vt 0.24781799 0.63110602
vt 0.25171700 0.63223499
vt 0.24815100 0.63363200
vt 0.24531201 0.63014299
vt 0.24614000 0.62853402
vt 0.24890600 0.62953502
vt 0.24781799 0.63110602
vt 0.24781799 0.63110602
vt 0.24890600 0.62953502
vt 0.25293201 0.63060898
vt 0.25171700 0.63223499
vt 0.25171700 0.63223499
vt 0.25293201 0.63060898
vt 0.25841901 0.63135499
vt 0.25817499 0.63239300
vt 0.25817499 0.63239300
vt 0.25841901 0.63135499
vt 0.26446000 0.63187897
vt 0.26439399 0.63273001
vt 0.34886700 0.63000703
vt 0.34112400 0.63059598
vt 0.34081700 0.62643999
vt 0.34854001 0.62590802
vt 0.06808500 0.63774300
vt 0.06578900 0.63484699
vt 0.06608500 0.63447702
vt 0.06845300 0.63747299
vt 0.06845300 0.63747299
vt 0.06608500 0.63447702
vt 0.06683300 0.63404602
vt 0.06903700 0.63713199
vt 0.10076300 0.65761298
vt 0.10215000 0.66156799
vt 0.09985200 0.66260302
vt 0.09810800 0.65566200
vt 0.09985200 0.66260302
vt 0.09478800 0.65357101
vt 0.09491400 0.65032798
vt 0.09810800 0.65566200
vt 0.09810800 0.65566200
vt 0.09491400 0.65032798
vt 0.09448100 0.64685798
vt 0.09745600 0.65148503
vt 0.09993800 0.65392703
vt 0.10076300 0.65761298
vt 0.09810800 0.65566200
vt 0.09745600 0.65148503
vt 0.10271500 0.65504700
vt 0.10347300 0.65785700
vt 0.10076300 0.65761298
vt 0.09993800 0.65392703
vt 0.10347300 0.65785700
vt 0.10454800 0.66048700
vt 0.10215000 0.66156799
vt 0.10076300 0.65761298
vt 0.09948700 0.65059203
vt 0.10219700 0.65208900
vt 0.10271500 0.65504700
vt 0.09993800 0.65392703
vt 0.10333600 0.65191698
vt 0.10389300 0.65474302
vt 0.10271500 0.65504700
vt 0.10219700 0.65208900
vt 0.10298900 0.64906102
vt 0.10333600 0.65191698
vt 0.10219700 0.65208900
vt 0.10189900 0.64905101
vt 0.10189900 0.64905101
vt 0.10219700 0.65208900
vt 0.09948700 0.65059203
vt 0.09926900 0.64742202
vt 0.10189900 0.64905101
vt 0.09926900 0.64742202
vt 0.09925900 0.64419299
vt 0.10184800 0.64597100
vt 0.09491400 0.65032798
vt 0.08163300 0.63211101
vt 0.08062800 0.62925500
vt 0.09448100 0.64685798
vt 0.08163300 0.63211101
vt 0.09491400 0.65032798
vt 0.09478800 0.65357101
vt 0.09352900 0.65550703
vt 0.07794200 0.62901598
vt 0.08062800 0.62925500
vt 0.08163300 0.63211101
vt 0.07933900 0.63204497
vt 0.05462000 0.63046902
vt 0.06104500 0.63045502
vt 0.05971900 0.63140702
vt 0.05440000 0.63113499
vt 0.06104500 0.63045502
vt 0.05462000 0.63046902
vt 0.05440000 0.62943298
vt 0.05987300 0.62881100
vt 0.04838400 0.63122302
vt 0.05440000 0.63113499
vt 0.05429900 0.63149500
vt 0.04835000 0.63153100
vt 0.04205400 0.63139200
vt 0.04835000 0.63153100
vt 0.04843000 0.63177001
vt 0.04203600 0.63156599
vt 0.04209600 0.63110501
vt 0.04838400 0.63122302
vt 0.04835000 0.63153100
vt 0.04205400 0.63139200
vt 0.03561700 0.63065398
vt 0.04205400 0.63139200
vt 0.04203600 0.63156599
vt 0.03556400 0.63081002
vt 0.03571300 0.63038802
vt 0.04209600 0.63110501
vt 0.04205400 0.63139200
vt 0.03561700 0.63065398
vt 0.38630301 0.59670901
vt 0.37740099 0.59276199
vt 0.38000500 0.58757001
vt 0.38810700 0.59377700
vt 0.38810700 0.59377700
vt 0.38000500 0.58757001
vt 0.38434300 0.58322698
vt 0.39066201 0.59140301
vt 0.39066201 0.59140301
vt 0.38434300 0.58322698
vt 0.38983101 0.57998198
vt 0.39417699 0.58940297
vt 0.39417699 0.58940297
vt 0.38983101 0.57998198
vt 0.39604399 0.57791901
vt 0.39836100 0.58800000
vt 0.39604399 0.57791901
vt 0.38983101 0.57998198
vt 0.38964200 0.57960302
vt 0.39593500 0.57760400
vt 0.38983101 0.57998198
vt 0.38434300 0.58322698
vt 0.38403600 0.58265799
vt 0.38964200 0.57960302
vt 0.38434300 0.58322698
vt 0.38000500 0.58757001
vt 0.37902999 0.58696002
vt 0.38403600 0.58265799
vt 0.06311600 0.56158799
vt 0.06571100 0.55955303
vt 0.06647300 0.55996501
vt 0.06424900 0.56214201
vt 0.06571100 0.55955303
vt 0.06799600 0.55647999
vt 0.06859400 0.55680299
vt 0.06647300 0.55996501
vt 0.05916500 0.56232297
vt 0.06286000 0.56115198
vt 0.06311600 0.56158799
vt 0.05941700 0.56275398
vt 0.06647300 0.55996501
vt 0.06776000 0.56056201
vt 0.06615300 0.56288803
vt 0.06424900 0.56214201
vt 0.06859400 0.55680299
vt 0.06962200 0.55732399
vt 0.06776000 0.56056201
vt 0.06647300 0.55996501
vt 0.06962200 0.55732399
vt 0.06859400 0.55680299
vt 0.08171200 0.53143603
vt 0.08267600 0.53192103
vt 0.07099200 0.55801201
vt 0.06962200 0.55732399
vt 0.08267600 0.53192103
vt 0.08397300 0.53257197
vt 0.06962200 0.55732399
vt 0.07099200 0.55801201
vt 0.06936100 0.56128103
vt 0.06776000 0.56056201
vt 0.08267600 0.53192103
vt 0.08668700 0.52396399
vt 0.08793900 0.52461398
vt 0.08397300 0.53257197
vt 0.08171200 0.53143603
vt 0.08575100 0.52348101
vt 0.08668700 0.52396399
vt 0.08267600 0.53192103
vt 0.23170400 0.53210700
vt 0.22780000 0.52392101
vt 0.22876300 0.52345097
vt 0.23269500 0.53163499
vt 0.23036900 0.53274000
vt 0.22651000 0.52455503
vt 0.22780000 0.52392101
vt 0.23170400 0.53210700
vt 0.22651000 0.52455503
vt 0.23036900 0.53274000
vt 0.22328800 0.53607202
vt 0.21986800 0.52791798
vt 0.09085600 0.53599900
vt 0.08397300 0.53257197
vt 0.08793900 0.52461398
vt 0.09438900 0.52805299
vt 0.09627300 0.52890801
vt 0.09267800 0.53722298
vt 0.09085600 0.53599900
vt 0.09438900 0.52805299
vt 0.22328800 0.53607202
vt 0.22141001 0.53727603
vt 0.21793300 0.52874798
vt 0.21986800 0.52791798
vt 0.09267800 0.53722298
vt 0.08142700 0.56147999
vt 0.07910300 0.56163400
vt 0.09085600 0.53599900
vt 0.07910300 0.56163400
vt 0.07099200 0.55801201
vt 0.08397300 0.53257197
vt 0.09085600 0.53599900
vt 0.07910300 0.56163400
vt 0.08142700 0.56147999
vt 0.08051000 0.56442600
vt 0.07779000 0.56476003
vt 0.07910300 0.56163400
vt 0.07779000 0.56476003
vt 0.06936100 0.56128103
vt 0.07099200 0.55801201
vt 0.07779000 0.56476003
vt 0.07683700 0.56698501
vt 0.06817100 0.56366098
vt 0.06936100 0.56128103
vt 0.07779000 0.56476003
vt 0.08051000 0.56442600
vt 0.07978400 0.56663400
vt 0.07683700 0.56698501
vt 0.07683700 0.56698501
vt 0.07608200 0.56870902
vt 0.06724200 0.56550503
vt 0.06817100 0.56366098
vt 0.07683700 0.56698501
vt 0.07978400 0.56663400
vt 0.07908800 0.56845200
vt 0.07608200 0.56870902
vt 0.06776000 0.56056201
vt 0.06936100 0.56128103
vt 0.06817100 0.56366098
vt 0.06615300 0.56288803
vt 0.06615300 0.56288803
vt 0.06817100 0.56366098
vt 0.06724200 0.56550503
vt 0.06469200 0.56464899
vt 0.06724200 0.56550503
vt 0.07608200 0.56870902
vt 0.07538100 0.57026398
vt 0.06648000 0.56715602
vt 0.06469200 0.56464899
vt 0.06724200 0.56550503
vt 0.06648000 0.56715602
vt 0.06367000 0.56626397
vt 0.07538100 0.57026398
vt 0.07469700 0.57169902
vt 0.06582300 0.56868303
vt 0.06648000 0.56715602
vt 0.06367000 0.56626397
vt 0.06648000 0.56715602
vt 0.06582300 0.56868303
vt 0.06294800 0.56776500
vt 0.06294800 0.56776500
vt 0.06582300 0.56868303
vt 0.06521600 0.57010698
vt 0.06237800 0.56918401
vt 0.07978400 0.56663400
vt 0.09391900 0.54923898
vt 0.09371000 0.55253297
vt 0.07908800 0.56845200
vt 0.08051000 0.56442600
vt 0.09411300 0.54589099
vt 0.09391900 0.54923898
vt 0.07978400 0.56663400
vt 0.09692800 0.54451901
vt 0.09693600 0.54781401
vt 0.09371000 0.55253297
vt 0.09391900 0.54923898
vt 0.09706200 0.54101801
vt 0.09692800 0.54451901
vt 0.09391900 0.54923898
vt 0.09411300 0.54589099
vt 0.09741000 0.53680801
vt 0.09706200 0.54101801
vt 0.09411300 0.54589099
vt 0.09425100 0.54232401
vt 0.08142700 0.56147999
vt 0.09425100 0.54232401
vt 0.09411300 0.54589099
vt 0.08051000 0.56442600
vt 0.09741000 0.53680801
vt 0.10038600 0.53480601
vt 0.09983900 0.53847098
vt 0.09706200 0.54101801
vt 0.09706200 0.54101801
vt 0.09983900 0.53847098
vt 0.09962200 0.54180598
vt 0.09692800 0.54451901
vt 0.10038600 0.53480601
vt 0.10317900 0.53458500
vt 0.10260900 0.53756398
vt 0.09983900 0.53847098
vt 0.09983900 0.53847098
vt 0.10260900 0.53756398
vt 0.10229600 0.54059899
vt 0.09962200 0.54180598
vt 0.09692800 0.54451901
vt 0.09962200 0.54180598
vt 0.09963300 0.54500401
vt 0.09693600 0.54781401
vt 0.09962200 0.54180598
vt 0.10229600 0.54059899
vt 0.10227500 0.54362702
vt 0.09963300 0.54500401
vt 0.10570300 0.54299098
vt 0.10227500 0.54362702
vt 0.10229600 0.54059899
vt 0.10566500 0.54022801
vt 0.10229600 0.54059899
vt 0.10260900 0.53756398
vt 0.10583200 0.53749502
vt 0.10566500 0.54022801
vt 0.10227500 0.54362702
vt 0.10570300 0.54299098
vt 0.10595900 0.54570597
vt 0.10252400 0.54670501
vt 0.09963300 0.54500401
vt 0.10227500 0.54362702
vt 0.10252400 0.54670501
vt 0.09986700 0.54829699
vt 0.10651300 0.54029101
vt 0.10648600 0.54291600
vt 0.10570300 0.54299098
vt 0.10566500 0.54022801
vt 0.10648600 0.54291600
vt 0.10677600 0.54546303
vt 0.10595900 0.54570597
vt 0.10570300 0.54299098
vt 0.11079100 0.54475999
vt 0.10677600 0.54546303
vt 0.10648600 0.54291600
vt 0.11062600 0.54273403
vt 0.11062600 0.54273403
vt 0.10648600 0.54291600
vt 0.10651300 0.54029101
vt 0.11071000 0.54055703
vt 0.10673400 0.53765702
vt 0.10651300 0.54029101
vt 0.10566500 0.54022801
vt 0.10583200 0.53749502
vt 0.11093500 0.53820199
vt 0.11071000 0.54055703
vt 0.10651300 0.54029101
vt 0.10673400 0.53765702
vt 0.10706900 0.53515500
vt 0.11122400 0.53610599
vt 0.11093500 0.53820199
vt 0.10673400 0.53765702
vt 0.11122400 0.53610599
vt 0.10706900 0.53515500
vt 0.10769800 0.53284103
vt 0.11165900 0.53459698
vt 0.20268500 0.53619599
vt 0.20225400 0.53465402
vt 0.20636000 0.53298998
vt 0.20696101 0.53534299
vt 0.10769800 0.53284103
vt 0.10706900 0.53515500
vt 0.10623200 0.53493202
vt 0.10692600 0.53253198
vt 0.20696101 0.53534299
vt 0.20636000 0.53298998
vt 0.20715700 0.53269202
vt 0.20782401 0.53512901
vt 0.20268500 0.53619599
vt 0.20696101 0.53534299
vt 0.20725600 0.53782398
vt 0.20295700 0.53830898
vt 0.20725600 0.53782398
vt 0.20696101 0.53534299
vt 0.20782401 0.53512901
vt 0.20819400 0.53767401
vt 0.20747100 0.54041803
vt 0.20725600 0.53782398
vt 0.20819400 0.53767401
vt 0.20835800 0.54037797
vt 0.20295700 0.53830898
vt 0.20725600 0.53782398
vt 0.20747100 0.54041803
vt 0.20319299 0.54067600
vt 0.20319299 0.54067600
vt 0.20747100 0.54041803
vt 0.20751700 0.54306102
vt 0.20329100 0.54289001
vt 0.20329100 0.54289001
vt 0.20751700 0.54306102
vt 0.20723701 0.54566997
vt 0.20309800 0.54497302
vt 0.20309800 0.54497302
vt 0.20723701 0.54566997
vt 0.20657100 0.54829699
vt 0.20266201 0.54702801
vt 0.20723701 0.54566997
vt 0.20751700 0.54306102
vt 0.20833600 0.54316801
vt 0.20809300 0.54595202
vt 0.20657100 0.54829699
vt 0.20723701 0.54566997
vt 0.20809300 0.54595202
vt 0.20745599 0.54873401
vt 0.20542499 0.55096400
vt 0.20657100 0.54829699
vt 0.20745599 0.54873401
vt 0.20620500 0.55149299
vt 0.20266201 0.54702801
vt 0.20657100 0.54829699
vt 0.20542499 0.55096400
vt 0.20191801 0.54895401
vt 0.20069399 0.55063999
vt 0.20191801 0.54895401
vt 0.20542499 0.55096400
vt 0.20346500 0.55344498
vt 0.20346500 0.55344498
vt 0.20542499 0.55096400
vt 0.20620500 0.55149299
vt 0.20405400 0.55407500
vt 0.20620500 0.55149299
vt 0.20745599 0.54873401
vt 0.20977999 0.54967499
vt 0.20842201 0.55276102
vt 0.20604600 0.55575299
vt 0.20405400 0.55407500
vt 0.20620500 0.55149299
vt 0.20842201 0.55276102
vt 0.20604600 0.55575299
vt 0.20842201 0.55276102
vt 0.21152200 0.55543202
vt 0.20884600 0.55915898
vt 0.20401099 0.56172699
vt 0.20243800 0.55822802
vt 0.20604600 0.55575299
vt 0.20884600 0.55915898
vt 0.20095100 0.55627900
vt 0.20405400 0.55407500
vt 0.20604600 0.55575299
vt 0.20243800 0.55822802
vt 0.19934601 0.56310701
vt 0.19830000 0.55988503
vt 0.20243800 0.55822802
vt 0.20401099 0.56172699
vt 0.19724900 0.55792099
vt 0.20095100 0.55627900
vt 0.20243800 0.55822802
vt 0.19830000 0.55988503
vt 0.20054799 0.55548900
vt 0.20346500 0.55344498
vt 0.20405400 0.55407500
vt 0.20095100 0.55627900
vt 0.19699199 0.55703801
vt 0.20054799 0.55548900
vt 0.20095100 0.55627900
vt 0.19724900 0.55792099
vt 0.19317700 0.55827498
vt 0.19699199 0.55703801
vt 0.19724900 0.55792099
vt 0.19333100 0.55911702
vt 0.19830000 0.55988503
vt 0.19412100 0.56107199
vt 0.19333100 0.55911702
vt 0.19724900 0.55792099
vt 0.19412100 0.56107199
vt 0.18999401 0.56192899
vt 0.18937799 0.55997699
vt 0.19333100 0.55911702
vt 0.18931700 0.55917799
vt 0.19317700 0.55827498
vt 0.19333100 0.55911702
vt 0.18937799 0.55997699
vt 0.18999401 0.56192899
vt 0.18592000 0.56254798
vt 0.18543200 0.56055099
vt 0.18937799 0.55997699
vt 0.18543901 0.55967897
vt 0.18931700 0.55917799
vt 0.18937799 0.55997699
vt 0.18543200 0.56055099
vt 0.18860100 0.55526501
vt 0.18931700 0.55917799
vt 0.18543901 0.55967897
vt 0.18505000 0.55575103
vt 0.18860100 0.55526501
vt 0.19212800 0.55454499
vt 0.19317700 0.55827498
vt 0.18931700 0.55917799
vt 0.19317700 0.55827498
vt 0.19212800 0.55454499
vt 0.19559100 0.55345303
vt 0.19699199 0.55703801
vt 0.19699199 0.55703801
vt 0.19559100 0.55345303
vt 0.19858100 0.55212599
vt 0.20054799 0.55548900
vt 0.19858100 0.55212599
vt 0.20069399 0.55063999
vt 0.20346500 0.55344498
vt 0.20054799 0.55548900
vt 0.18505000 0.55575103
vt 0.18543901 0.55967897
vt 0.18148100 0.55997598
vt 0.18123101 0.55606002
vt 0.18123101 0.55606002
vt 0.18148100 0.55997598
vt 0.17746700 0.56026602
vt 0.17726400 0.55618399
vt 0.17726400 0.55618399
vt 0.17746700 0.56026602
vt 0.17345300 0.56045502
vt 0.17338800 0.55619901
vt 0.16945700 0.55626398
vt 0.17338800 0.55619901
vt 0.17345300 0.56045502
vt 0.16939700 0.56042302
vt 0.16522600 0.56032997
vt 0.16524900 0.55627698
vt 0.16945700 0.55626398
vt 0.16939700 0.56042302
vt 0.16524900 0.55627698
vt 0.16522600 0.56032997
vt 0.16100600 0.56040698
vt 0.16097000 0.55622500
vt 0.16522600 0.56032997
vt 0.16939700 0.56042302
vt 0.16936000 0.56134897
vt 0.16521899 0.56134403
vt 0.16100600 0.56040698
vt 0.16522600 0.56032997
vt 0.16521899 0.56134403
vt 0.16103600 0.56133699
vt 0.16097000 0.55622500
vt 0.16100600 0.56040698
vt 0.15682600 0.56046098
vt 0.15685201 0.55615503
vt 0.15682600 0.56046098
vt 0.16100600 0.56040698
vt 0.16103600 0.56133699
vt 0.15683700 0.56131798
vt 0.16101800 0.56418300
vt 0.16103600 0.56133699
vt 0.16521899 0.56134403
vt 0.16527900 0.56401497
vt 0.15674500 0.56430602
vt 0.15683700 0.56131798
vt 0.16103600 0.56133699
vt 0.16101800 0.56418300
vt 0.15674500 0.56430602
vt 0.15248100 0.56436503
vt 0.15263900 0.56126702
vt 0.15683700 0.56131798
vt 0.15265100 0.56034797
vt 0.15682600 0.56046098
vt 0.15683700 0.56131798
vt 0.15263900 0.56126702
vt 0.15248100 0.56436503
vt 0.14825401 0.56435603
vt 0.14847600 0.56119603
vt 0.15263900 0.56126702
vt 0.14845701 0.56021899
vt 0.15265100 0.56034797
vt 0.15263900 0.56126702
vt 0.14847600 0.56119603
vt 0.15685201 0.55615503
vt 0.15682600 0.56046098
vt 0.15265100 0.56034797
vt 0.15273900 0.55619001
vt 0.14845701 0.56021899
vt 0.14849900 0.55619401
vt 0.15273900 0.55619001
vt 0.15265100 0.56034797
vt 0.14821599 0.56707197
vt 0.14825401 0.56435603
vt 0.15248100 0.56436503
vt 0.15246600 0.56710899
vt 0.15246600 0.56710899
vt 0.15248100 0.56436503
vt 0.15674500 0.56430602
vt 0.15675101 0.56707197
vt 0.14400600 0.56698102
vt 0.14407501 0.56428897
vt 0.14825401 0.56435603
vt 0.14821599 0.56707197
vt 0.14392801 0.56948298
vt 0.14400600 0.56698102
vt 0.14821599 0.56707197
vt 0.14816400 0.56959099
vt 0.14816400 0.56959099
vt 0.14821599 0.56707197
vt 0.15246600 0.56710899
vt 0.15243299 0.56965202
vt 0.14816400 0.56959099
vt 0.14816000 0.56978703
vt 0.14392200 0.56967998
vt 0.14392801 0.56948298
vt 0.15243299 0.56965202
vt 0.15243199 0.56985003
vt 0.14816000 0.56978703
vt 0.14816400 0.56959099
vt 0.15243299 0.56965202
vt 0.15246600 0.56710899
vt 0.15675101 0.56707197
vt 0.15673700 0.56962001
vt 0.15673700 0.56962001
vt 0.15673700 0.56981802
vt 0.15243199 0.56985003
vt 0.15243299 0.56965202
vt 0.15243199 0.56985003
vt 0.15242600 0.57089198
vt 0.14813700 0.57084602
vt 0.14816000 0.56978703
vt 0.15673700 0.56981802
vt 0.15674201 0.57090300
vt 0.15242600 0.57089198
vt 0.15243199 0.56985003
vt 0.16104899 0.56960398
vt 0.16105001 0.56980300
vt 0.15673700 0.56981802
vt 0.15673700 0.56962001
vt 0.16105001 0.56980300
vt 0.16106400 0.57084602
vt 0.15674201 0.57090300
vt 0.15673700 0.56981802
vt 0.15674900 0.57209998
vt 0.15674201 0.57090300
vt 0.16106400 0.57084602
vt 0.16108100 0.57206303
vt 0.15242501 0.57211000
vt 0.15242600 0.57089198
vt 0.15674201 0.57090300
vt 0.15674900 0.57209998
vt 0.15675400 0.57318801
vt 0.15674900 0.57209998
vt 0.16108100 0.57206303
vt 0.16109900 0.57313699
vt 0.15241800 0.57315999
vt 0.15242501 0.57211000
vt 0.15674900 0.57209998
vt 0.15675400 0.57318801
vt 0.15675300 0.57338798
vt 0.15675400 0.57318801
vt 0.16109900 0.57313699
vt 0.16110100 0.57333797
vt 0.15241601 0.57335901
vt 0.15241800 0.57315999
vt 0.15675400 0.57318801
vt 0.15675300 0.57338798
vt 0.14810801 0.57331401
vt 0.14811100 0.57311499
vt 0.15241800 0.57315999
vt 0.15241601 0.57335901
vt 0.14811100 0.57311499
vt 0.14812399 0.57204902
vt 0.15242501 0.57211000
vt 0.15241800 0.57315999
vt 0.15675300 0.57338798
vt 0.15672299 0.57568800
vt 0.15237200 0.57568902
vt 0.15241601 0.57335901
vt 0.15241601 0.57335901
vt 0.15237200 0.57568902
vt 0.14804500 0.57561398
vt 0.14810801 0.57331401
vt 0.14382900 0.57321799
vt 0.14383399 0.57301801
vt 0.14811100 0.57311499
vt 0.14810801 0.57331401
vt 0.14810801 0.57331401
vt 0.14804500 0.57561398
vt 0.14374000 0.57550597
vt 0.14382900 0.57321799
vt 0.14804500 0.57561398
vt 0.14804100 0.57581401
vt 0.14373399 0.57570702
vt 0.14374000 0.57550597
vt 0.15237200 0.57568902
vt 0.15237100 0.57588798
vt 0.14804100 0.57581401
vt 0.14804500 0.57561398
vt 0.14382900 0.57321799
vt 0.14374000 0.57550597
vt 0.13945800 0.57534403
vt 0.13957800 0.57308400
vt 0.14374000 0.57550597
vt 0.14373399 0.57570702
vt 0.13945000 0.57554799
vt 0.13945800 0.57534403
vt 0.14804100 0.57581401
vt 0.14801501 0.57688802
vt 0.14369699 0.57678598
vt 0.14373399 0.57570702
vt 0.13957800 0.57308400
vt 0.13945800 0.57534403
vt 0.13519700 0.57516003
vt 0.13534699 0.57286000
vt 0.13534699 0.57286000
vt 0.13535801 0.57265902
vt 0.13958600 0.57288200
vt 0.13957800 0.57308400
vt 0.13957800 0.57308400
vt 0.13958600 0.57288200
vt 0.14383399 0.57301801
vt 0.14382900 0.57321799
vt 0.13535801 0.57265902
vt 0.13542600 0.57158703
vt 0.13963200 0.57179302
vt 0.13958600 0.57288200
vt 0.13958600 0.57288200
vt 0.13963200 0.57179302
vt 0.14385800 0.57195002
vt 0.14383399 0.57301801
vt 0.13963200 0.57179302
vt 0.13967501 0.57059699
vt 0.14388400 0.57074201
vt 0.14385800 0.57195002
vt 0.13542600 0.57158703
vt 0.13549601 0.57037801
vt 0.13967501 0.57059699
vt 0.13963200 0.57179302
vt 0.13549601 0.57037801
vt 0.13542600 0.57158703
vt 0.13121700 0.57132697
vt 0.13131800 0.57010001
vt 0.13114201 0.57238299
vt 0.13121700 0.57132697
vt 0.13542600 0.57158703
vt 0.13535801 0.57265902
vt 0.12698001 0.57096797
vt 0.12709500 0.56975102
vt 0.13131800 0.57010001
vt 0.13121700 0.57132697
vt 0.12688200 0.57207501
vt 0.12698001 0.57096797
vt 0.13121700 0.57132697
vt 0.13114201 0.57238299
vt 0.12269700 0.57054102
vt 0.12282700 0.56928301
vt 0.12709500 0.56975102
vt 0.12698001 0.57096797
vt 0.12720500 0.56864899
vt 0.12709500 0.56975102
vt 0.12282700 0.56928301
vt 0.12294600 0.56818599
vt 0.13139801 0.56905699
vt 0.13131800 0.57010001
vt 0.12709500 0.56975102
vt 0.12720500 0.56864899
vt 0.13112800 0.57258397
vt 0.13114201 0.57238299
vt 0.13535801 0.57265902
vt 0.13534699 0.57286000
vt 0.13555200 0.56931800
vt 0.13549601 0.57037801
vt 0.13131800 0.57010001
vt 0.13139801 0.56905699
vt 0.13972101 0.56951499
vt 0.13967501 0.57059699
vt 0.13549601 0.57037801
vt 0.13555200 0.56931800
vt 0.14392200 0.56967998
vt 0.14388400 0.57074201
vt 0.13967501 0.57059699
vt 0.13972101 0.56951499
vt 0.14385800 0.57195002
vt 0.14388400 0.57074201
vt 0.14813700 0.57084602
vt 0.14812399 0.57204902
vt 0.14816000 0.56978703
vt 0.14813700 0.57084602
vt 0.14388400 0.57074201
vt 0.14392200 0.56967998
vt 0.14812399 0.57204902
vt 0.14813700 0.57084602
vt 0.15242600 0.57089198
vt 0.15242501 0.57211000
vt 0.14383399 0.57301801
vt 0.14385800 0.57195002
vt 0.14812399 0.57204902
vt 0.14811100 0.57311499
vt 0.15237100 0.57588798
vt 0.15236001 0.57694399
vt 0.14801501 0.57688802
vt 0.14804100 0.57581401
vt 0.14800200 0.57810700
vt 0.14801501 0.57688802
vt 0.15236001 0.57694399
vt 0.15235600 0.57817602
vt 0.15672299 0.57588899
vt 0.15672299 0.57698399
vt 0.15236001 0.57694399
vt 0.15237100 0.57588798
vt 0.15672299 0.57698399
vt 0.15672700 0.57819301
vt 0.15235600 0.57817602
vt 0.15236001 0.57694399
vt 0.15234400 0.57923698
vt 0.15235600 0.57817602
vt 0.15672700 0.57819301
vt 0.15672500 0.57929200
vt 0.14798801 0.57918501
vt 0.14800200 0.57810700
vt 0.15235600 0.57817602
vt 0.15234400 0.57923698
vt 0.15672700 0.57819301
vt 0.15672299 0.57698399
vt 0.16109399 0.57695401
vt 0.16110700 0.57818401
vt 0.15672500 0.57929200
vt 0.15672700 0.57819301
vt 0.16110700 0.57818401
vt 0.16111700 0.57927001
vt 0.15234099 0.57943898
vt 0.15234400 0.57923698
vt 0.15672500 0.57929200
vt 0.15672299 0.57949400
vt 0.15672299 0.57949400
vt 0.15672500 0.57929200
vt 0.16111700 0.57927001
vt 0.16111800 0.57947201
vt 0.16111800 0.57947201
vt 0.16109100 0.58220398
vt 0.15668200 0.58216798
vt 0.15672299 0.57949400
vt 0.15672299 0.57949400
vt 0.15668200 0.58216798
vt 0.15228400 0.58215702
vt 0.15234099 0.57943898
vt 0.15234099 0.57943898
vt 0.15228400 0.58215702
vt 0.14791000 0.58207703
vt 0.14798400 0.57938600
vt 0.14798400 0.57938600
vt 0.14798801 0.57918501
vt 0.15234400 0.57923698
vt 0.15234099 0.57943898
vt 0.15668200 0.58216798
vt 0.15668000 0.58237100
vt 0.15228200 0.58235800
vt 0.15228400 0.58215702
vt 0.15228400 0.58215702
vt 0.15228200 0.58235800
vt 0.14790601 0.58227903
vt 0.14791000 0.58207703
vt 0.14791000 0.58207703
vt 0.14790601 0.58227903
vt 0.14354800 0.58217901
vt 0.14355400 0.58197498
vt 0.16109100 0.58220398
vt 0.16109100 0.58240801
vt 0.15668000 0.58237100
vt 0.15668200 0.58216798
vt 0.16548499 0.58217400
vt 0.16548701 0.58237702
vt 0.16109100 0.58240801
vt 0.16109100 0.58220398
vt 0.16549601 0.57942599
vt 0.16548499 0.58217400
vt 0.16109100 0.58220398
vt 0.16111800 0.57947201
vt 0.16986699 0.58212501
vt 0.16987000 0.58232999
vt 0.16548701 0.58237702
vt 0.16548499 0.58217400
vt 0.16986001 0.57937402
vt 0.16986699 0.58212501
vt 0.16548499 0.58217400
vt 0.16549601 0.57942599
vt 0.16987000 0.58232999
vt 0.16989000 0.58342999
vt 0.16549900 0.58346802
vt 0.16548701 0.58237702
vt 0.16548701 0.58237702
vt 0.16549900 0.58346802
vt 0.16109100 0.58347601
vt 0.16109100 0.58240801
vt 0.17424700 0.58203298
vt 0.17425101 0.58224201
vt 0.16987000 0.58232999
vt 0.16986699 0.58212501
vt 0.17425101 0.58224201
vt 0.17427400 0.58337301
vt 0.16989000 0.58342999
vt 0.16987000 0.58232999
vt 0.17863800 0.58194798
vt 0.17864300 0.58215702
vt 0.17425101 0.58224201
vt 0.17424700 0.58203298
vt 0.17864300 0.58215702
vt 0.17866400 0.58327597
vt 0.17427400 0.58337301
vt 0.17425101 0.58224201
vt 0.18304600 0.58183098
vt 0.18305300 0.58204103
vt 0.17864300 0.58215702
vt 0.17863800 0.58194798
vt 0.18305300 0.58204103
vt 0.18308701 0.58315301
vt 0.17866400 0.58327597
vt 0.17864300 0.58215702
vt 0.18753600 0.58162498
vt 0.18754600 0.58184302
vt 0.18305300 0.58204103
vt 0.18304600 0.58183098
vt 0.18754600 0.58184302
vt 0.18759300 0.58302402
vt 0.18308701 0.58315301
vt 0.18305300 0.58204103
vt 0.19215900 0.58163601
vt 0.19220801 0.58282697
vt 0.18759300 0.58302402
vt 0.18754600 0.58184302
vt 0.19214700 0.58141297
vt 0.19215900 0.58163601
vt 0.18754600 0.58184302
vt 0.18753600 0.58162498
vt 0.18759300 0.58302402
vt 0.18763700 0.58432502
vt 0.18313400 0.58445400
vt 0.18308701 0.58315301
vt 0.18763700 0.58432502
vt 0.18759300 0.58302402
vt 0.19220801 0.58282697
vt 0.19225100 0.58419299
vt 0.19225100 0.58419299
vt 0.19220801 0.58282697
vt 0.19696100 0.58260399
vt 0.19702400 0.58400100
vt 0.19690201 0.58138400
vt 0.19696100 0.58260399
vt 0.19220801 0.58282697
vt 0.19215900 0.58163601
vt 0.18766400 0.58550400
vt 0.18763700 0.58432502
vt 0.19225100 0.58419299
vt 0.19229500 0.58538902
vt 0.19229500 0.58538902
vt 0.19225100 0.58419299
vt 0.19702400 0.58400100
vt 0.19707900 0.58522803
vt 0.19702400 0.58400100
vt 0.19696100 0.58260399
vt 0.20173500 0.58233202
vt 0.20181599 0.58382100
vt 0.19707900 0.58522803
vt 0.19702400 0.58400100
vt 0.20181599 0.58382100
vt 0.20192800 0.58500898
vt 0.20192800 0.58500898
vt 0.20181599 0.58382100
vt 0.20532501 0.58319700
vt 0.20675300 0.58405101
vt 0.20522000 0.58249599
vt 0.20532501 0.58319700
vt 0.20181599 0.58382100
vt 0.20173500 0.58233202
vt 0.20678601 0.58146799
vt 0.20522000 0.58249599
vt 0.20173500 0.58233202
vt 0.20172399 0.58110499
vt 0.20172399 0.58110499
vt 0.20173500 0.58233202
vt 0.19696100 0.58260399
vt 0.19690201 0.58138400
vt 0.20699200 0.58117700
vt 0.20678601 0.58146799
vt 0.20172399 0.58110499
vt 0.20172600 0.58086598
vt 0.20172600 0.58086598
vt 0.20172399 0.58110499
vt 0.19690201 0.58138400
vt 0.19688900 0.58115399
vt 0.19688900 0.58115399
vt 0.19690201 0.58138400
vt 0.19215900 0.58163601
vt 0.19214700 0.58141297
vt 0.19200000 0.57843798
vt 0.19671400 0.57806402
vt 0.19688900 0.58115399
vt 0.19214700 0.58141297
vt 0.19671400 0.57806402
vt 0.20157100 0.57761502
vt 0.20172600 0.58086598
vt 0.19688900 0.58115399
vt 0.19671400 0.57806402
vt 0.19669400 0.57783598
vt 0.20153999 0.57737797
vt 0.20157100 0.57761502
vt 0.19200000 0.57843798
vt 0.19198400 0.57821703
vt 0.19669400 0.57783598
vt 0.19671400 0.57806402
vt 0.18742900 0.57874501
vt 0.19200000 0.57843798
vt 0.19214700 0.58141297
vt 0.18753600 0.58162498
vt 0.18742900 0.57874501
vt 0.18741600 0.57852799
vt 0.19198400 0.57821703
vt 0.19200000 0.57843798
vt 0.19198400 0.57821703
vt 0.19188701 0.57704198
vt 0.19658101 0.57663000
vt 0.19669400 0.57783598
vt 0.18741600 0.57852799
vt 0.18734699 0.57736403
vt 0.19188701 0.57704198
vt 0.19198400 0.57821703
vt 0.18295200 0.57872802
vt 0.18290000 0.57762498
vt 0.18734699 0.57736403
vt 0.18741600 0.57852799
vt 0.18296200 0.57893699
vt 0.18295200 0.57872802
vt 0.18741600 0.57852799
vt 0.18742900 0.57874501
vt 0.18734699 0.57736403
vt 0.18725900 0.57608199
vt 0.19178399 0.57570398
vt 0.19188701 0.57704198
vt 0.18725900 0.57608199
vt 0.18734699 0.57736403
vt 0.18290000 0.57762498
vt 0.18282200 0.57634097
vt 0.17857200 0.57892400
vt 0.17852201 0.57781500
vt 0.18290000 0.57762498
vt 0.18295200 0.57872802
vt 0.18282200 0.57634097
vt 0.18290000 0.57762498
vt 0.17852201 0.57781500
vt 0.17846100 0.57656002
vt 0.18717100 0.57492203
vt 0.18725900 0.57608199
vt 0.18282200 0.57634097
vt 0.18276200 0.57524699
vt 0.18276200 0.57524699
vt 0.18282200 0.57634097
vt 0.17846100 0.57656002
vt 0.17841800 0.57545799
vt 0.17846100 0.57656002
vt 0.17852201 0.57781500
vt 0.17418100 0.57796198
vt 0.17413500 0.57673001
vt 0.17841800 0.57545799
vt 0.17846100 0.57656002
vt 0.17413500 0.57673001
vt 0.17409600 0.57561398
vt 0.17840900 0.57525098
vt 0.17841800 0.57545799
vt 0.17409600 0.57561398
vt 0.17408900 0.57541001
vt 0.18274900 0.57503903
vt 0.18276200 0.57524699
vt 0.17841800 0.57545799
vt 0.17840900 0.57525098
vt 0.17403699 0.57300299
vt 0.17831799 0.57278299
vt 0.17840900 0.57525098
vt 0.17408900 0.57541001
vt 0.17831799 0.57278299
vt 0.18261001 0.57250702
vt 0.18274900 0.57503903
vt 0.17840900 0.57525098
vt 0.17403699 0.57300299
vt 0.17403001 0.57280099
vt 0.17830700 0.57257903
vt 0.17831799 0.57278299
vt 0.17831799 0.57278299
vt 0.17830700 0.57257903
vt 0.18259600 0.57230300
vt 0.18261001 0.57250702
vt 0.17403001 0.57280099
vt 0.17398299 0.57169700
vt 0.17824000 0.57149303
vt 0.17830700 0.57257903
vt 0.17830700 0.57257903
vt 0.17824000 0.57149303
vt 0.18251801 0.57122499
vt 0.18259600 0.57230300
vt 0.17816199 0.57026398
vt 0.17824000 0.57149303
vt 0.17398299 0.57169700
vt 0.17392600 0.57048398
vt 0.18241400 0.56997401
vt 0.18251801 0.57122499
vt 0.17824000 0.57149303
vt 0.17816199 0.57026398
vt 0.18672299 0.56960201
vt 0.18684800 0.57084799
vt 0.18251801 0.57122499
vt 0.18241400 0.56997401
vt 0.18259600 0.57230300
vt 0.18251801 0.57122499
vt 0.18684800 0.57084799
vt 0.18695299 0.57198203
vt 0.18695299 0.57198203
vt 0.18684800 0.57084799
vt 0.19125199 0.57037300
vt 0.19139500 0.57151502
vt 0.18684800 0.57084799
vt 0.18672299 0.56960201
vt 0.19109701 0.56908000
vt 0.19125199 0.57037300
vt 0.19125199 0.57037300
vt 0.19109701 0.56908000
vt 0.19560000 0.56843501
vt 0.19580001 0.56976098
vt 0.19139500 0.57151502
vt 0.19125199 0.57037300
vt 0.19580001 0.56976098
vt 0.19597501 0.57093501
vt 0.18697201 0.57219303
vt 0.18695299 0.57198203
vt 0.19139500 0.57151502
vt 0.19142000 0.57173002
vt 0.19142000 0.57173002
vt 0.19139500 0.57151502
vt 0.19597501 0.57093501
vt 0.19600500 0.57115799
vt 0.19600500 0.57115799
vt 0.19597501 0.57093501
vt 0.20073400 0.57022202
vt 0.20078000 0.57045501
vt 0.19597501 0.57093501
vt 0.19580001 0.56976098
vt 0.20048900 0.56904000
vt 0.20073400 0.57022202
vt 0.20078000 0.57045501
vt 0.20073400 0.57022202
vt 0.20565400 0.56886399
vt 0.20581000 0.56912202
vt 0.20073400 0.57022202
vt 0.20048900 0.56904000
vt 0.20446301 0.56799901
vt 0.20565400 0.56886399
vt 0.20581000 0.56912202
vt 0.20565400 0.56886399
vt 0.20623501 0.56719702
vt 0.20662500 0.56710398
vt 0.20565400 0.56886399
vt 0.20446301 0.56799901
vt 0.20482799 0.56750202
vt 0.20623501 0.56719702
vt 0.20078000 0.57045501
vt 0.20581000 0.56912202
vt 0.20624800 0.57314199
vt 0.20109400 0.57330000
vt 0.20624800 0.57314199
vt 0.20616999 0.57342899
vt 0.20111001 0.57353801
vt 0.20109400 0.57330000
vt 0.20776500 0.57482100
vt 0.20732699 0.57485300
vt 0.20616999 0.57342899
vt 0.20624800 0.57314199
vt 0.20616999 0.57342899
vt 0.20530701 0.57460803
vt 0.20121500 0.57474202
vt 0.20111001 0.57353801
vt 0.20732699 0.57485300
vt 0.20581201 0.57497299
vt 0.20530701 0.57460803
vt 0.20616999 0.57342899
vt 0.20530701 0.57460803
vt 0.20581201 0.57497299
vt 0.20536099 0.57541901
vt 0.20137200 0.57617402
vt 0.20121500 0.57474202
vt 0.20530701 0.57460803
vt 0.20536099 0.57541901
vt 0.20643499 0.57639098
vt 0.20536099 0.57541901
vt 0.20581201 0.57497299
vt 0.20732699 0.57485300
vt 0.20111001 0.57353801
vt 0.20121500 0.57474202
vt 0.19645000 0.57526302
vt 0.19632800 0.57406902
vt 0.19658101 0.57663000
vt 0.19645000 0.57526302
vt 0.20121500 0.57474202
vt 0.20137200 0.57617402
vt 0.19669400 0.57783598
vt 0.19658101 0.57663000
vt 0.20137200 0.57617402
vt 0.20153999 0.57737797
vt 0.20153999 0.57737797
vt 0.20137200 0.57617402
vt 0.20536099 0.57541901
vt 0.20643499 0.57639098
vt 0.20157100 0.57761502
vt 0.20153999 0.57737797
vt 0.20643499 0.57639098
vt 0.20655701 0.57665902
vt 0.20655701 0.57665902
vt 0.20643499 0.57639098
vt 0.20732699 0.57485300
vt 0.20776500 0.57482100
vt 0.20157100 0.57761502
vt 0.20655701 0.57665902
vt 0.20699200 0.58117700
vt 0.20172600 0.58086598
vt 0.20694201 0.58432198
vt 0.20675300 0.58405101
vt 0.20678601 0.58146799
vt 0.20699200 0.58117700
vt 0.20195299 0.58524400
vt 0.20694201 0.58432198
vt 0.20719799 0.58914399
vt 0.20201799 0.58875799
vt 0.20195299 0.58524400
vt 0.20192800 0.58500898
vt 0.20675300 0.58405101
vt 0.20694201 0.58432198
vt 0.19708800 0.58545899
vt 0.19707900 0.58522803
vt 0.20192800 0.58500898
vt 0.20195299 0.58524400
vt 0.19708800 0.58545899
vt 0.20195299 0.58524400
vt 0.20201799 0.58875799
vt 0.19712700 0.58884102
vt 0.20201799 0.58875799
vt 0.20200901 0.58899897
vt 0.19712900 0.58907402
vt 0.19712700 0.58884102
vt 0.20719799 0.58914399
vt 0.20699500 0.58943403
vt 0.20200901 0.58899897
vt 0.20201799 0.58875799
vt 0.20699500 0.58943403
vt 0.20545401 0.59044099
vt 0.20197999 0.59024501
vt 0.20200901 0.58899897
vt 0.20718101 0.59226000
vt 0.20698500 0.59198701
vt 0.20699500 0.58943403
vt 0.20719799 0.58914399
vt 0.20698500 0.59198701
vt 0.20555900 0.59114200
vt 0.20545401 0.59044099
vt 0.20699500 0.58943403
vt 0.20545401 0.59044099
vt 0.20555900 0.59114200
vt 0.20203599 0.59177297
vt 0.20197999 0.59024501
vt 0.20212699 0.59301001
vt 0.20203599 0.59177297
vt 0.20555900 0.59114200
vt 0.20698500 0.59198701
vt 0.19708601 0.59301102
vt 0.19710700 0.59174800
vt 0.20203599 0.59177297
vt 0.20212699 0.59301001
vt 0.19708000 0.59324801
vt 0.19708601 0.59301102
vt 0.20212699 0.59301001
vt 0.20215000 0.59325403
vt 0.20215000 0.59325403
vt 0.20212699 0.59301001
vt 0.20698500 0.59198701
vt 0.20718101 0.59226000
vt 0.19226500 0.59304303
vt 0.19227199 0.59281999
vt 0.19708601 0.59301102
vt 0.19708000 0.59324801
vt 0.19227199 0.59281999
vt 0.19229600 0.59162802
vt 0.19710700 0.59174800
vt 0.19708601 0.59301102
vt 0.18767600 0.59293598
vt 0.18768001 0.59271801
vt 0.19227199 0.59281999
vt 0.19226500 0.59304303
vt 0.18768001 0.59271801
vt 0.18769500 0.59153998
vt 0.19229600 0.59162802
vt 0.19227199 0.59281999
vt 0.19226500 0.59304303
vt 0.19708000 0.59324801
vt 0.19678400 0.59702200
vt 0.19205900 0.59622002
vt 0.18767600 0.59293598
vt 0.19226500 0.59304303
vt 0.19205900 0.59622002
vt 0.18759000 0.59608901
vt 0.18318699 0.59286398
vt 0.18318801 0.59265298
vt 0.18768001 0.59271801
vt 0.18767600 0.59293598
vt 0.18318699 0.59286398
vt 0.18767600 0.59293598
vt 0.18759000 0.59608901
vt 0.18313700 0.59606099
vt 0.17876101 0.59287500
vt 0.17876101 0.59266400
vt 0.18318801 0.59265298
vt 0.18318699 0.59286398
vt 0.17876101 0.59287500
vt 0.18318699 0.59286398
vt 0.18313700 0.59606099
vt 0.17872000 0.59601998
vt 0.18313700 0.59606099
vt 0.18313600 0.59627402
vt 0.17871900 0.59623098
vt 0.17872000 0.59601998
vt 0.18759000 0.59608901
vt 0.18758599 0.59630299
vt 0.18313600 0.59627402
vt 0.18313700 0.59606099
vt 0.18758599 0.59630299
vt 0.18756600 0.59730399
vt 0.18312600 0.59724498
vt 0.18313600 0.59627402
vt 0.18313600 0.59627402
vt 0.18312600 0.59724498
vt 0.17870900 0.59720999
vt 0.17871900 0.59623098
vt 0.17872000 0.59601998
vt 0.17871900 0.59623098
vt 0.17430300 0.59619302
vt 0.17430501 0.59598202
vt 0.17871900 0.59623098
vt 0.17870900 0.59720999
vt 0.17429601 0.59717703
vt 0.17430300 0.59619302
vt 0.17430300 0.59619302
vt 0.17429601 0.59717703
vt 0.16987300 0.59713799
vt 0.16987699 0.59616899
vt 0.17430501 0.59598202
vt 0.17430300 0.59619302
vt 0.16987699 0.59616899
vt 0.16987801 0.59596097
vt 0.17429601 0.59717703
vt 0.17429399 0.59739202
vt 0.16987200 0.59735000
vt 0.16987300 0.59713799
vt 0.17870900 0.59720999
vt 0.17870700 0.59742498
vt 0.17429399 0.59739202
vt 0.17429601 0.59717703
vt 0.16987699 0.59616899
vt 0.16987300 0.59713799
vt 0.16544500 0.59710997
vt 0.16544700 0.59615099
vt 0.16987300 0.59713799
vt 0.16987200 0.59735000
vt 0.16544300 0.59731799
vt 0.16544500 0.59710997
vt 0.16544700 0.59615099
vt 0.16544500 0.59710997
vt 0.16101401 0.59708101
vt 0.16102099 0.59613597
vt 0.16544500 0.59710997
vt 0.16544300 0.59731799
vt 0.16101301 0.59728998
vt 0.16101401 0.59708101
vt 0.16544300 0.59731799
vt 0.16543600 0.59827298
vt 0.16100501 0.59824401
vt 0.16101301 0.59728998
vt 0.16987200 0.59735000
vt 0.16986400 0.59831297
vt 0.16543600 0.59827298
vt 0.16544300 0.59731799
vt 0.16101301 0.59728998
vt 0.16100501 0.59824401
vt 0.15655500 0.59820700
vt 0.15655901 0.59725702
vt 0.16101401 0.59708101
vt 0.16101301 0.59728998
vt 0.15655901 0.59725702
vt 0.15656000 0.59704602
vt 0.15209100 0.59817499
vt 0.15210000 0.59721702
vt 0.15655901 0.59725702
vt 0.15655500 0.59820700
vt 0.15656000 0.59704602
vt 0.15655901 0.59725702
vt 0.15210000 0.59721702
vt 0.15210199 0.59700799
vt 0.15210199 0.59700799
vt 0.15210000 0.59721702
vt 0.14766300 0.59716398
vt 0.14766601 0.59695601
vt 0.14764699 0.59811801
vt 0.14766300 0.59716398
vt 0.15210000 0.59721702
vt 0.15209100 0.59817499
vt 0.14764500 0.59832799
vt 0.14764699 0.59811801
vt 0.15209100 0.59817499
vt 0.15208900 0.59838498
vt 0.15208900 0.59838498
vt 0.15209100 0.59817499
vt 0.15655500 0.59820700
vt 0.15655400 0.59841597
vt 0.15208000 0.59933501
vt 0.15208900 0.59838498
vt 0.15655400 0.59841597
vt 0.15654799 0.59938502
vt 0.14763699 0.59928799
vt 0.14764500 0.59832799
vt 0.15208900 0.59838498
vt 0.15208000 0.59933501
vt 0.14321300 0.59827697
vt 0.14321600 0.59806502
vt 0.14764699 0.59811801
vt 0.14764500 0.59832799
vt 0.14320400 0.59924698
vt 0.14321300 0.59827697
vt 0.14764500 0.59832799
vt 0.14763699 0.59928799
vt 0.14763500 0.59949398
vt 0.14763699 0.59928799
vt 0.15208000 0.59933501
vt 0.15207700 0.59953898
vt 0.14320099 0.59945500
vt 0.14320400 0.59924698
vt 0.14763699 0.59928799
vt 0.14763500 0.59949398
vt 0.13877501 0.59940201
vt 0.13877800 0.59919101
vt 0.14320400 0.59924698
vt 0.14320099 0.59945500
vt 0.13877800 0.59919101
vt 0.13879301 0.59820700
vt 0.14321300 0.59827697
vt 0.14320400 0.59924698
vt 0.13436501 0.59911197
vt 0.13438600 0.59813499
vt 0.13879301 0.59820700
vt 0.13877800 0.59919101
vt 0.13436100 0.59932297
vt 0.13436501 0.59911197
vt 0.13877800 0.59919101
vt 0.13877501 0.59940201
vt 0.13879301 0.59820700
vt 0.13879600 0.59799200
vt 0.14321600 0.59806502
vt 0.14321300 0.59827697
vt 0.13438600 0.59813499
vt 0.13439000 0.59792000
vt 0.13879600 0.59799200
vt 0.13879301 0.59820700
vt 0.12994801 0.59900999
vt 0.12997100 0.59803599
vt 0.13438600 0.59813499
vt 0.13436501 0.59911197
vt 0.12997100 0.59803599
vt 0.12997600 0.59782100
vt 0.13439000 0.59792000
vt 0.13438600 0.59813499
vt 0.13881300 0.59702897
vt 0.13879600 0.59799200
vt 0.13439000 0.59792000
vt 0.13440600 0.59694999
vt 0.13440600 0.59694999
vt 0.13439000 0.59792000
vt 0.12997600 0.59782100
vt 0.13000099 0.59684098
vt 0.13000099 0.59684098
vt 0.12997600 0.59782100
vt 0.12552500 0.59769702
vt 0.12556200 0.59671402
vt 0.12551901 0.59791601
vt 0.12552500 0.59769702
vt 0.12997600 0.59782100
vt 0.12997100 0.59803599
vt 0.12556200 0.59671402
vt 0.12552500 0.59769702
vt 0.12111600 0.59756702
vt 0.12117700 0.59653300
vt 0.12109900 0.59777802
vt 0.12111600 0.59756702
vt 0.12552500 0.59769702
vt 0.12551901 0.59791601
vt 0.12101300 0.59874803
vt 0.12109900 0.59777802
vt 0.12551901 0.59791601
vt 0.12548700 0.59892100
vt 0.12548700 0.59892100
vt 0.12551901 0.59791601
vt 0.12997100 0.59803599
vt 0.12994801 0.59900999
vt 0.12099100 0.59895903
vt 0.12101300 0.59874803
vt 0.12548700 0.59892100
vt 0.12548099 0.59913802
vt 0.12548099 0.59913802
vt 0.12548700 0.59892100
vt 0.12994801 0.59900999
vt 0.12994300 0.59922099
vt 0.11635300 0.59790301
vt 0.11760000 0.59728998
vt 0.12109900 0.59777802
vt 0.12101300 0.59874803
vt 0.11615300 0.59812897
vt 0.11635300 0.59790301
vt 0.12101300 0.59874803
vt 0.12099100 0.59895903
vt 0.12548099 0.59913802
vt 0.12535700 0.60229200
vt 0.12075200 0.60215098
vt 0.12099100 0.59895903
vt 0.12099100 0.59895903
vt 0.12075200 0.60215098
vt 0.11590400 0.60196102
vt 0.11615300 0.59812897
vt 0.11645400 0.59560001
vt 0.11659800 0.59583998
vt 0.11635300 0.59790301
vt 0.11615300 0.59812897
vt 0.11615300 0.59812897
vt 0.11590400 0.60196102
vt 0.11085600 0.60203898
vt 0.11153500 0.59076899
vt 0.11653500 0.59191000
vt 0.11645400 0.59560001
vt 0.11590400 0.60196102
vt 0.11590000 0.60219902
vt 0.11088100 0.60228002
vt 0.11085600 0.60203898
vt 0.12075200 0.60215098
vt 0.12074400 0.60237598
vt 0.11590000 0.60219902
vt 0.11590400 0.60196102
vt 0.12074400 0.60237598
vt 0.12071500 0.60357100
vt 0.11589000 0.60346299
vt 0.11590000 0.60219902
vt 0.11590000 0.60219902
vt 0.11589000 0.60346299
vt 0.11098700 0.60349703
vt 0.11088100 0.60228002
vt 0.11088100 0.60228002
vt 0.11098700 0.60349703
vt 0.10752200 0.60414201
vt 0.10611800 0.60332000
vt 0.11085600 0.60203898
vt 0.11088100 0.60228002
vt 0.10611800 0.60332000
vt 0.10592300 0.60305399
vt 0.10592300 0.60305399
vt 0.10611800 0.60332000
vt 0.10612000 0.60583001
vt 0.10592200 0.60611701
vt 0.10611800 0.60332000
vt 0.10752200 0.60414201
vt 0.10763000 0.60483098
vt 0.10612000 0.60583001
vt 0.10763000 0.60483098
vt 0.10752200 0.60414201
vt 0.11098700 0.60349703
vt 0.11105600 0.60500300
vt 0.10612000 0.60583001
vt 0.10763000 0.60483098
vt 0.11105600 0.60500300
vt 0.11103700 0.60623300
vt 0.11105600 0.60500300
vt 0.11098700 0.60349703
vt 0.11589000 0.60346299
vt 0.11588200 0.60489202
vt 0.11103700 0.60623300
vt 0.11105600 0.60500300
vt 0.11588200 0.60489202
vt 0.11588100 0.60613298
vt 0.11103000 0.60647100
vt 0.11103700 0.60623300
vt 0.11588100 0.60613298
vt 0.11588300 0.60636503
vt 0.10592200 0.60611701
vt 0.10612000 0.60583001
vt 0.11103700 0.60623300
vt 0.11103000 0.60647100
vt 0.11103000 0.60647100
vt 0.11109800 0.60984701
vt 0.10618300 0.61075801
vt 0.10592200 0.60611701
vt 0.11588300 0.60636503
vt 0.11591600 0.60964203
vt 0.11109800 0.60984701
vt 0.11103000 0.60647100
vt 0.11588300 0.60636503
vt 0.11588100 0.60613298
vt 0.12067800 0.60614097
vt 0.12067700 0.60636598
vt 0.12067700 0.60636598
vt 0.12067500 0.60951501
vt 0.11591600 0.60964203
vt 0.11588300 0.60636503
vt 0.12067500 0.60951501
vt 0.12068000 0.60973799
vt 0.11592400 0.60987097
vt 0.11591600 0.60964203
vt 0.11591600 0.60964203
vt 0.11592400 0.60987097
vt 0.11112300 0.61007899
vt 0.11109800 0.60984701
vt 0.12068000 0.60973799
vt 0.12071600 0.61093003
vt 0.11597300 0.61108798
vt 0.11592400 0.60987097
vt 0.11592400 0.60987097
vt 0.11597300 0.61108798
vt 0.11123200 0.61125100
vt 0.11112300 0.61007899
vt 0.12531400 0.60943300
vt 0.12531599 0.60965300
vt 0.12068000 0.60973799
vt 0.12067500 0.60951501
vt 0.12531599 0.60965300
vt 0.12533100 0.61083901
vt 0.12071600 0.61093003
vt 0.12068000 0.60973799
vt 0.12074700 0.61228800
vt 0.12071600 0.61093003
vt 0.12533100 0.61083901
vt 0.12534800 0.61214298
vt 0.11602700 0.61247200
vt 0.11597300 0.61108798
vt 0.12071600 0.61093003
vt 0.12074700 0.61228800
vt 0.11607800 0.61367899
vt 0.11602700 0.61247200
vt 0.12074700 0.61228800
vt 0.12078300 0.61347300
vt 0.12078300 0.61347300
vt 0.12074700 0.61228800
vt 0.12534800 0.61214298
vt 0.12538099 0.61332297
vt 0.12538099 0.61332297
vt 0.12534800 0.61214298
vt 0.12985900 0.61207497
vt 0.12987900 0.61318898
vt 0.12534800 0.61214298
vt 0.12533100 0.61083901
vt 0.12985399 0.61076999
vt 0.12985900 0.61207497
vt 0.12079200 0.61369503
vt 0.12078300 0.61347300
vt 0.12538099 0.61332297
vt 0.12538800 0.61354101
vt 0.12538800 0.61354101
vt 0.12538099 0.61332297
vt 0.12987900 0.61318898
vt 0.12988301 0.61339998
vt 0.12538800 0.61354101
vt 0.12544701 0.61621702
vt 0.12089200 0.61644500
vt 0.12079200 0.61369503
vt 0.12988301 0.61339998
vt 0.12992600 0.61610699
vt 0.12544701 0.61621702
vt 0.12538800 0.61354101
vt 0.13430300 0.61333799
vt 0.13434400 0.61598003
vt 0.12992600 0.61610699
vt 0.12988301 0.61339998
vt 0.12988301 0.61339998
vt 0.12987900 0.61318898
vt 0.13429999 0.61312801
vt 0.13430300 0.61333799
vt 0.13870500 0.61332202
vt 0.13875601 0.61589903
vt 0.13434400 0.61598003
vt 0.13430300 0.61333799
vt 0.13430300 0.61333799
vt 0.13429999 0.61312801
vt 0.13870400 0.61311197
vt 0.13870500 0.61332202
vt 0.12987900 0.61318898
vt 0.12985900 0.61207497
vt 0.13429500 0.61200702
vt 0.13429999 0.61312801
vt 0.13429999 0.61312801
vt 0.13429500 0.61200702
vt 0.13869800 0.61197603
vt 0.13870400 0.61311197
vt 0.13869300 0.61072302
vt 0.13869800 0.61197603
vt 0.13429500 0.61200702
vt 0.13428500 0.61073500
vt 0.13428500 0.61073500
vt 0.13429500 0.61200702
vt 0.12985900 0.61207497
vt 0.12985399 0.61076999
vt 0.14312300 0.61070597
vt 0.14311400 0.61196601
vt 0.13869800 0.61197603
vt 0.13869300 0.61072302
vt 0.13870400 0.61311197
vt 0.13869800 0.61197603
vt 0.14311400 0.61196601
vt 0.14312400 0.61307597
vt 0.13868999 0.60958201
vt 0.13869300 0.61072302
vt 0.13428500 0.61073500
vt 0.13427199 0.60961503
vt 0.14313200 0.60959202
vt 0.14312300 0.61070597
vt 0.13869300 0.61072302
vt 0.13868999 0.60958201
vt 0.14313200 0.60938501
vt 0.14313200 0.60959202
vt 0.13868999 0.60958201
vt 0.13868900 0.60937101
vt 0.13868900 0.60937101
vt 0.13868999 0.60958201
vt 0.13427199 0.60961503
vt 0.13427100 0.60940498
vt 0.13427100 0.60940498
vt 0.13427199 0.60961503
vt 0.12984399 0.60965300
vt 0.12984300 0.60944003
vt 0.13427199 0.60961503
vt 0.13428500 0.61073500
vt 0.12985399 0.61076999
vt 0.12984399 0.60965300
vt 0.12984300 0.60944003
vt 0.12984399 0.60965300
vt 0.12531599 0.60965300
vt 0.12531400 0.60943300
vt 0.12984399 0.60965300
vt 0.12985399 0.61076999
vt 0.12533100 0.61083901
vt 0.12531599 0.60965300
vt 0.12982100 0.60638303
vt 0.12984300 0.60944003
vt 0.12531400 0.60943300
vt 0.12530699 0.60639101
vt 0.13427000 0.60642302
vt 0.13427100 0.60940498
vt 0.12984300 0.60944003
vt 0.12982100 0.60638303
vt 0.12530699 0.60639101
vt 0.12531400 0.60943300
vt 0.12067500 0.60951501
vt 0.12067700 0.60636598
vt 0.12067700 0.60636598
vt 0.12067800 0.60614097
vt 0.12530801 0.60617101
vt 0.12530699 0.60639101
vt 0.12530699 0.60639101
vt 0.12530801 0.60617101
vt 0.12982200 0.60617101
vt 0.12982100 0.60638303
vt 0.12067800 0.60614097
vt 0.12069500 0.60494101
vt 0.12531500 0.60499001
vt 0.12530801 0.60617101
vt 0.12530801 0.60617101
vt 0.12531500 0.60499001
vt 0.12983100 0.60505301
vt 0.12982200 0.60617101
vt 0.12982100 0.60638303
vt 0.12982200 0.60617101
vt 0.13427100 0.60621202
vt 0.13427000 0.60642302
vt 0.12982200 0.60617101
vt 0.12983100 0.60505301
vt 0.13428500 0.60508198
vt 0.13427100 0.60621202
vt 0.13427000 0.60642302
vt 0.13427100 0.60621202
vt 0.13871901 0.60623997
vt 0.13871901 0.60645199
vt 0.13427100 0.60621202
vt 0.13428500 0.60508198
vt 0.13872200 0.60509598
vt 0.13871901 0.60623997
vt 0.13871901 0.60645199
vt 0.13871901 0.60623997
vt 0.14314900 0.60623699
vt 0.14314801 0.60644501
vt 0.13871901 0.60623997
vt 0.13872200 0.60509598
vt 0.14314801 0.60512799
vt 0.14314900 0.60623699
vt 0.14314701 0.60386997
vt 0.14314801 0.60512799
vt 0.13872200 0.60509598
vt 0.13872001 0.60383600
vt 0.13872001 0.60383600
vt 0.13872200 0.60509598
vt 0.13428500 0.60508198
vt 0.13428400 0.60380000
vt 0.14316501 0.60276097
vt 0.14314701 0.60386997
vt 0.13872001 0.60383600
vt 0.13873000 0.60269099
vt 0.13873000 0.60269099
vt 0.13872001 0.60383600
vt 0.13428400 0.60380000
vt 0.13428700 0.60267198
vt 0.13428700 0.60267198
vt 0.13428400 0.60380000
vt 0.12983300 0.60374701
vt 0.12984800 0.60263199
vt 0.13428400 0.60380000
vt 0.13428500 0.60508198
vt 0.12983100 0.60505301
vt 0.12983300 0.60374701
vt 0.12984800 0.60263199
vt 0.12983300 0.60374701
vt 0.12532400 0.60368800
vt 0.12535000 0.60250902
vt 0.12983300 0.60374701
vt 0.12983100 0.60505301
vt 0.12531500 0.60499001
vt 0.12532400 0.60368800
vt 0.12535000 0.60250902
vt 0.12532400 0.60368800
vt 0.12071500 0.60357100
vt 0.12074400 0.60237598
vt 0.12532400 0.60368800
vt 0.12531500 0.60499001
vt 0.12069500 0.60494101
vt 0.12071500 0.60357100
vt 0.11588200 0.60489202
vt 0.11589000 0.60346299
vt 0.12071500 0.60357100
vt 0.12069500 0.60494101
vt 0.11588100 0.60613298
vt 0.11588200 0.60489202
vt 0.12069500 0.60494101
vt 0.12067800 0.60614097
vt 0.12985200 0.60241902
vt 0.12984800 0.60263199
vt 0.12535000 0.60250902
vt 0.12535700 0.60229200
vt 0.12535700 0.60229200
vt 0.12535000 0.60250902
vt 0.12074400 0.60237598
vt 0.12075200 0.60215098
vt 0.12994300 0.59922099
vt 0.12985200 0.60241902
vt 0.12535700 0.60229200
vt 0.12548099 0.59913802
vt 0.13428900 0.60246098
vt 0.13428700 0.60267198
vt 0.12984800 0.60263199
vt 0.12985200 0.60241902
vt 0.13436100 0.59932297
vt 0.13428900 0.60246098
vt 0.12985200 0.60241902
vt 0.12994300 0.59922099
vt 0.13873200 0.60247999
vt 0.13873000 0.60269099
vt 0.13428700 0.60267198
vt 0.13428900 0.60246098
vt 0.13877501 0.59940201
vt 0.13873200 0.60247999
vt 0.13428900 0.60246098
vt 0.13436100 0.59932297
vt 0.12994300 0.59922099
vt 0.12994801 0.59900999
vt 0.13436501 0.59911197
vt 0.13436100 0.59932297
vt 0.14316700 0.60255301
vt 0.14316501 0.60276097
vt 0.13873000 0.60269099
vt 0.13873200 0.60247999
vt 0.13873200 0.60247999
vt 0.13877501 0.59940201
vt 0.14320099 0.59945500
vt 0.14316700 0.60255301
vt 0.14316700 0.60255301
vt 0.14320099 0.59945500
vt 0.14763500 0.59949398
vt 0.14760301 0.60259998
vt 0.14760301 0.60259998
vt 0.14760099 0.60280597
vt 0.14316501 0.60276097
vt 0.14316700 0.60255301
vt 0.14760099 0.60280597
vt 0.14758500 0.60391003
vt 0.14314701 0.60386997
vt 0.14316501 0.60276097
vt 0.15204400 0.60286599
vt 0.15203500 0.60394502
vt 0.14758500 0.60391003
vt 0.14760099 0.60280597
vt 0.15204500 0.60266298
vt 0.15204400 0.60286599
vt 0.14760099 0.60280597
vt 0.14760301 0.60259998
vt 0.15649800 0.60286099
vt 0.15649100 0.60397798
vt 0.15203500 0.60394502
vt 0.15204400 0.60286599
vt 0.15649900 0.60265398
vt 0.15649800 0.60286099
vt 0.15204400 0.60286599
vt 0.15204500 0.60266298
vt 0.14760301 0.60259998
vt 0.14763500 0.59949398
vt 0.15207700 0.59953898
vt 0.15204500 0.60266298
vt 0.15204500 0.60266298
vt 0.15207700 0.59953898
vt 0.15654600 0.59959197
vt 0.15649900 0.60265398
vt 0.15654600 0.59959197
vt 0.16099501 0.59960097
vt 0.16096801 0.60271800
vt 0.15649900 0.60265398
vt 0.16096801 0.60271800
vt 0.16096599 0.60292202
vt 0.15649800 0.60286099
vt 0.15649900 0.60265398
vt 0.16099501 0.59960097
vt 0.16542000 0.59964597
vt 0.16541500 0.60275000
vt 0.16096801 0.60271800
vt 0.16541500 0.60275000
vt 0.16541301 0.60295600
vt 0.16096599 0.60292202
vt 0.16096801 0.60271800
vt 0.16542000 0.59964597
vt 0.16984600 0.59969902
vt 0.16984500 0.60279000
vt 0.16541500 0.60275000
vt 0.16984500 0.60279000
vt 0.16984300 0.60299700
vt 0.16541301 0.60295600
vt 0.16541500 0.60275000
vt 0.16984300 0.60299700
vt 0.16983700 0.60410500
vt 0.16540700 0.60405803
vt 0.16541301 0.60295600
vt 0.16541301 0.60295600
vt 0.16540700 0.60405803
vt 0.16095600 0.60400403
vt 0.16096599 0.60292202
vt 0.16983700 0.60410500
vt 0.16982999 0.60535997
vt 0.16540299 0.60530698
vt 0.16540700 0.60405803
vt 0.16540700 0.60405803
vt 0.16540299 0.60530698
vt 0.16095400 0.60526401
vt 0.16095600 0.60400403
vt 0.16094400 0.60634500
vt 0.16095400 0.60526401
vt 0.16540299 0.60530698
vt 0.16538499 0.60640800
vt 0.16538499 0.60640800
vt 0.16540299 0.60530698
vt 0.16982999 0.60535997
vt 0.16980800 0.60646600
vt 0.16980800 0.60646600
vt 0.16982999 0.60535997
vt 0.17422700 0.60541898
vt 0.17420800 0.60655099
vt 0.16982999 0.60535997
vt 0.16983700 0.60410500
vt 0.17423800 0.60417199
vt 0.17422700 0.60541898
vt 0.17420800 0.60655099
vt 0.17422700 0.60541898
vt 0.17859501 0.60550702
vt 0.17857800 0.60661602
vt 0.17422700 0.60541898
vt 0.17423800 0.60417199
vt 0.17861800 0.60424799
vt 0.17859501 0.60550702
vt 0.17425600 0.60303903
vt 0.17423800 0.60417199
vt 0.16983700 0.60410500
vt 0.16984300 0.60299700
vt 0.17864500 0.60313398
vt 0.17861800 0.60424799
vt 0.17423800 0.60417199
vt 0.17425600 0.60303903
vt 0.18303700 0.60321498
vt 0.18301500 0.60431898
vt 0.17861800 0.60424799
vt 0.17864500 0.60313398
vt 0.17859501 0.60550702
vt 0.17861800 0.60424799
vt 0.18301500 0.60431898
vt 0.18297499 0.60560602
vt 0.18297499 0.60560602
vt 0.18301500 0.60431898
vt 0.18745901 0.60443097
vt 0.18742301 0.60571200
vt 0.18748400 0.60327202
vt 0.18745901 0.60443097
vt 0.18301500 0.60431898
vt 0.18303700 0.60321498
vt 0.18303999 0.60300601
vt 0.18303700 0.60321498
vt 0.17864500 0.60313398
vt 0.17864899 0.60292500
vt 0.18748800 0.60305703
vt 0.18748400 0.60327202
vt 0.18303700 0.60321498
vt 0.18303999 0.60300601
vt 0.19201100 0.60314798
vt 0.19200601 0.60336798
vt 0.18748400 0.60327202
vt 0.18748800 0.60305703
vt 0.19200601 0.60336798
vt 0.19196101 0.60453397
vt 0.18745901 0.60443097
vt 0.18748400 0.60327202
vt 0.19670001 0.60330600
vt 0.19667099 0.60352898
vt 0.19200601 0.60336798
vt 0.19201100 0.60314798
vt 0.19667099 0.60352898
vt 0.19656099 0.60467201
vt 0.19196101 0.60453397
vt 0.19200601 0.60336798
vt 0.19656099 0.60467201
vt 0.19647600 0.60612601
vt 0.19192600 0.60587299
vt 0.19196101 0.60453397
vt 0.19196101 0.60453397
vt 0.19192600 0.60587299
vt 0.18742301 0.60571200
vt 0.18745901 0.60443097
vt 0.19188599 0.60703301
vt 0.19192600 0.60587299
vt 0.19647600 0.60612601
vt 0.19645800 0.60727298
vt 0.18738499 0.60687298
vt 0.18742301 0.60571200
vt 0.19192600 0.60587299
vt 0.19188599 0.60703301
vt 0.18737701 0.60708702
vt 0.18738499 0.60687298
vt 0.19188599 0.60703301
vt 0.19187599 0.60724998
vt 0.19187599 0.60724998
vt 0.19188599 0.60703301
vt 0.19645800 0.60727298
vt 0.19645600 0.60749400
vt 0.19645800 0.60727298
vt 0.19647600 0.60612601
vt 0.20002200 0.60606802
vt 0.20140500 0.60701102
vt 0.19645600 0.60749400
vt 0.19645800 0.60727298
vt 0.20140500 0.60701102
vt 0.20158400 0.60728002
vt 0.20158400 0.60728002
vt 0.20140500 0.60701102
vt 0.20147499 0.60472101
vt 0.20166700 0.60448098
vt 0.20140500 0.60701102
vt 0.20002200 0.60606802
vt 0.20014200 0.60541397
vt 0.20147499 0.60472101
vt 0.20166700 0.60448098
vt 0.20147499 0.60472101
vt 0.19667099 0.60352898
vt 0.19670001 0.60330600
vt 0.20147499 0.60472101
vt 0.20014200 0.60541397
vt 0.19656099 0.60467201
vt 0.19667099 0.60352898
vt 0.20014200 0.60541397
vt 0.20002200 0.60606802
vt 0.19647600 0.60612601
vt 0.19656099 0.60467201
vt 0.19678400 0.59702200
vt 0.19708000 0.59324801
vt 0.20215000 0.59325403
vt 0.20166700 0.60448098
vt 0.19670001 0.60330600
vt 0.19682699 0.59958398
vt 0.20215000 0.59325403
vt 0.20718101 0.59226000
vt 0.20699300 0.62083501
vt 0.20146900 0.61990798
vt 0.20054901 0.61816698
vt 0.20110799 0.61442500
vt 0.20114800 0.61158001
vt 0.20158400 0.60728002
vt 0.20166700 0.60448098
vt 0.19197799 0.60001999
vt 0.19682699 0.59958398
vt 0.19670001 0.60330600
vt 0.19201100 0.60314798
vt 0.19682699 0.59958398
vt 0.19664900 0.59934503
vt 0.19661599 0.59725100
vt 0.19678400 0.59702200
vt 0.19197799 0.60001999
vt 0.19197100 0.59981000
vt 0.19664900 0.59934503
vt 0.19682699 0.59958398
vt 0.18751800 0.59994000
vt 0.18752199 0.59972501
vt 0.19197100 0.59981000
vt 0.19197799 0.60001999
vt 0.18751800 0.59994000
vt 0.19197799 0.60001999
vt 0.19201100 0.60314798
vt 0.18748800 0.60305703
vt 0.18308800 0.59983200
vt 0.18751800 0.59994000
vt 0.18748800 0.60305703
vt 0.18303999 0.60300601
vt 0.18308800 0.59983200
vt 0.18309100 0.59962302
vt 0.18752199 0.59972501
vt 0.18751800 0.59994000
vt 0.18752199 0.59972501
vt 0.18754099 0.59872299
vt 0.19194999 0.59884101
vt 0.19197100 0.59981000
vt 0.18309100 0.59962302
vt 0.18310399 0.59865499
vt 0.18754099 0.59872299
vt 0.18752199 0.59972501
vt 0.17868599 0.59980100
vt 0.17868800 0.59959102
vt 0.18309100 0.59962302
vt 0.18308800 0.59983200
vt 0.17868800 0.59959102
vt 0.17869300 0.59861201
vt 0.18310399 0.59865499
vt 0.18309100 0.59962302
vt 0.18310399 0.59865499
vt 0.18310700 0.59843999
vt 0.18754500 0.59850401
vt 0.18754099 0.59872299
vt 0.17869300 0.59861201
vt 0.17869499 0.59839702
vt 0.18310700 0.59843999
vt 0.18310399 0.59865499
vt 0.18756300 0.59752297
vt 0.18754500 0.59850401
vt 0.18310700 0.59843999
vt 0.18312301 0.59745997
vt 0.18312301 0.59745997
vt 0.18310700 0.59843999
vt 0.17869499 0.59839702
vt 0.17870700 0.59742498
vt 0.17428100 0.59835601
vt 0.17429399 0.59739202
vt 0.17870700 0.59742498
vt 0.17869499 0.59839702
vt 0.17427900 0.59857100
vt 0.17428100 0.59835601
vt 0.17869499 0.59839702
vt 0.17869300 0.59861201
vt 0.17429399 0.59739202
vt 0.17428100 0.59835601
vt 0.16986400 0.59831297
vt 0.16987200 0.59735000
vt 0.16986100 0.59852499
vt 0.16986400 0.59831297
vt 0.17428100 0.59835601
vt 0.17427900 0.59857100
vt 0.16984800 0.59949201
vt 0.16986100 0.59852499
vt 0.17427900 0.59857100
vt 0.17426801 0.59955603
vt 0.17426801 0.59955603
vt 0.17427900 0.59857100
vt 0.17869300 0.59861201
vt 0.17868800 0.59959102
vt 0.17426500 0.59976703
vt 0.17426801 0.59955603
vt 0.17868800 0.59959102
vt 0.17868599 0.59980100
vt 0.16984600 0.59969902
vt 0.16984800 0.59949201
vt 0.17426801 0.59955603
vt 0.17426500 0.59976703
vt 0.16542000 0.59964597
vt 0.16542201 0.59944099
vt 0.16984800 0.59949201
vt 0.16984600 0.59969902
vt 0.16542201 0.59944099
vt 0.16543400 0.59847999
vt 0.16986100 0.59852499
vt 0.16984800 0.59949201
vt 0.16984600 0.59969902
vt 0.17426500 0.59976703
vt 0.17426001 0.60282898
vt 0.16984500 0.60279000
vt 0.16099501 0.59960097
vt 0.16099700 0.59939700
vt 0.16542201 0.59944099
vt 0.16542000 0.59964597
vt 0.16099700 0.59939700
vt 0.16100401 0.59845299
vt 0.16543400 0.59847999
vt 0.16542201 0.59944099
vt 0.16100401 0.59845299
vt 0.16100501 0.59824401
vt 0.16543600 0.59827298
vt 0.16543400 0.59847999
vt 0.16543400 0.59847999
vt 0.16543600 0.59827298
vt 0.16986400 0.59831297
vt 0.16986100 0.59852499
vt 0.15655400 0.59841597
vt 0.15655500 0.59820700
vt 0.16100501 0.59824401
vt 0.16100401 0.59845299
vt 0.15654799 0.59938502
vt 0.15655400 0.59841597
vt 0.16100401 0.59845299
vt 0.16099700 0.59939700
vt 0.15654600 0.59959197
vt 0.15654799 0.59938502
vt 0.16099700 0.59939700
vt 0.16099501 0.59960097
vt 0.15207700 0.59953898
vt 0.15208000 0.59933501
vt 0.15654799 0.59938502
vt 0.15654600 0.59959197
vt 0.17426500 0.59976703
vt 0.17868599 0.59980100
vt 0.17864899 0.60292500
vt 0.17426001 0.60282898
vt 0.17868599 0.59980100
vt 0.18308800 0.59983200
vt 0.18303999 0.60300601
vt 0.17864899 0.60292500
vt 0.17864899 0.60292500
vt 0.17864500 0.60313398
vt 0.17425600 0.60303903
vt 0.17426001 0.60282898
vt 0.17426001 0.60282898
vt 0.17425600 0.60303903
vt 0.16984300 0.60299700
vt 0.16984500 0.60279000
vt 0.18312600 0.59724498
vt 0.18312301 0.59745997
vt 0.17870700 0.59742498
vt 0.17870900 0.59720999
vt 0.18756600 0.59730399
vt 0.18756300 0.59752297
vt 0.18312301 0.59745997
vt 0.18312600 0.59724498
vt 0.19195700 0.59759301
vt 0.19194800 0.59863102
vt 0.18754500 0.59850401
vt 0.18756300 0.59752297
vt 0.19197100 0.59737903
vt 0.19195700 0.59759301
vt 0.18756300 0.59752297
vt 0.18756600 0.59730399
vt 0.19204000 0.59642798
vt 0.19197100 0.59737903
vt 0.18756600 0.59730399
vt 0.18758599 0.59630299
vt 0.19661599 0.59725100
vt 0.19555999 0.59785002
vt 0.19197100 0.59737903
vt 0.19204000 0.59642798
vt 0.19555999 0.59785002
vt 0.19544700 0.59799099
vt 0.19195700 0.59759301
vt 0.19197100 0.59737903
vt 0.19546500 0.59862602
vt 0.19555999 0.59785002
vt 0.19661599 0.59725100
vt 0.19664900 0.59934503
vt 0.19538400 0.59848398
vt 0.19544700 0.59799099
vt 0.19555999 0.59785002
vt 0.19546500 0.59862602
vt 0.19544700 0.59799099
vt 0.19538400 0.59848398
vt 0.19194800 0.59863102
vt 0.19195700 0.59759301
vt 0.19194999 0.59884101
vt 0.19194800 0.59863102
vt 0.19538400 0.59848398
vt 0.19546500 0.59862602
vt 0.18754099 0.59872299
vt 0.18754500 0.59850401
vt 0.19194800 0.59863102
vt 0.19194999 0.59884101
vt 0.19197100 0.59981000
vt 0.19194999 0.59884101
vt 0.19546500 0.59862602
vt 0.19664900 0.59934503
vt 0.19678400 0.59702200
vt 0.19661599 0.59725100
vt 0.19204000 0.59642798
vt 0.19205900 0.59622002
vt 0.19205900 0.59622002
vt 0.19204000 0.59642798
vt 0.18758599 0.59630299
vt 0.18759000 0.59608901
vt 0.19645600 0.60749400
vt 0.20158400 0.60728002
vt 0.20114800 0.61158001
vt 0.19629399 0.61056101
vt 0.20110799 0.61442500
vt 0.20092499 0.61415601
vt 0.20096201 0.61182100
vt 0.20114800 0.61158001
vt 0.20114800 0.61158001
vt 0.20096201 0.61182100
vt 0.19626500 0.61077499
vt 0.19629399 0.61056101
vt 0.19187599 0.60724998
vt 0.19645600 0.60749400
vt 0.19629399 0.61056101
vt 0.19174400 0.61024803
vt 0.19629399 0.61056101
vt 0.19626500 0.61077499
vt 0.19173101 0.61046398
vt 0.19174400 0.61024803
vt 0.20096201 0.61182100
vt 0.19962101 0.61254102
vt 0.19614200 0.61186498
vt 0.19626500 0.61077499
vt 0.19626500 0.61077499
vt 0.19614200 0.61186498
vt 0.19165801 0.61160803
vt 0.19173101 0.61046398
vt 0.19174400 0.61024803
vt 0.19173101 0.61046398
vt 0.18726300 0.61026299
vt 0.18727100 0.61005002
vt 0.19173101 0.61046398
vt 0.19165801 0.61160803
vt 0.18721600 0.61141002
vt 0.18726300 0.61026299
vt 0.18726300 0.61026299
vt 0.18721600 0.61141002
vt 0.18282300 0.61121500
vt 0.18286200 0.61012203
vt 0.18727100 0.61005002
vt 0.18726300 0.61026299
vt 0.18286200 0.61012203
vt 0.18286900 0.60991400
vt 0.18737701 0.60708702
vt 0.19187599 0.60724998
vt 0.19174400 0.61024803
vt 0.18727100 0.61005002
vt 0.18294200 0.60691702
vt 0.18737701 0.60708702
vt 0.18727100 0.61005002
vt 0.18286900 0.60991400
vt 0.18294200 0.60691702
vt 0.18294799 0.60670602
vt 0.18738499 0.60687298
vt 0.18737701 0.60708702
vt 0.17857400 0.60682303
vt 0.17857800 0.60661602
vt 0.18294799 0.60670602
vt 0.18294200 0.60691702
vt 0.17857400 0.60682303
vt 0.18294200 0.60691702
vt 0.18286900 0.60991400
vt 0.17850301 0.60976201
vt 0.17420501 0.60676003
vt 0.17857400 0.60682303
vt 0.17850301 0.60976201
vt 0.17411800 0.60964501
vt 0.17420501 0.60676003
vt 0.17420800 0.60655099
vt 0.17857800 0.60661602
vt 0.17857400 0.60682303
vt 0.17857800 0.60661602
vt 0.17859501 0.60550702
vt 0.18297499 0.60560602
vt 0.18294799 0.60670602
vt 0.16980501 0.60667300
vt 0.17420501 0.60676003
vt 0.17411800 0.60964501
vt 0.16973600 0.60958600
vt 0.16980501 0.60667300
vt 0.16980800 0.60646600
vt 0.17420800 0.60655099
vt 0.17420501 0.60676003
vt 0.16538200 0.60661298
vt 0.16980501 0.60667300
vt 0.16973600 0.60958600
vt 0.16534500 0.60954601
vt 0.16538200 0.60661298
vt 0.16538499 0.60640800
vt 0.16980800 0.60646600
vt 0.16980501 0.60667300
vt 0.16094200 0.60655099
vt 0.16538200 0.60661298
vt 0.16534500 0.60954601
vt 0.16093400 0.60950601
vt 0.16094200 0.60655099
vt 0.16094400 0.60634500
vt 0.16538499 0.60640800
vt 0.16538200 0.60661298
vt 0.15647300 0.60653800
vt 0.16094200 0.60655099
vt 0.16093400 0.60950601
vt 0.15648100 0.60944003
vt 0.15647300 0.60653800
vt 0.15647399 0.60633099
vt 0.16094400 0.60634500
vt 0.16094200 0.60655099
vt 0.15647399 0.60633099
vt 0.15648299 0.60521102
vt 0.16095400 0.60526401
vt 0.16094400 0.60634500
vt 0.15201899 0.60627502
vt 0.15202700 0.60519898
vt 0.15648299 0.60521102
vt 0.15647399 0.60633099
vt 0.15201800 0.60648102
vt 0.15201899 0.60627502
vt 0.15647399 0.60633099
vt 0.15647300 0.60653800
vt 0.14758199 0.60626400
vt 0.14758401 0.60516000
vt 0.15202700 0.60519898
vt 0.15201899 0.60627502
vt 0.14758199 0.60646802
vt 0.14758199 0.60626400
vt 0.15201899 0.60627502
vt 0.15201800 0.60648102
vt 0.14756800 0.60941398
vt 0.14758199 0.60646802
vt 0.15201800 0.60648102
vt 0.15200800 0.60944003
vt 0.15200800 0.60944003
vt 0.15201800 0.60648102
vt 0.15647300 0.60653800
vt 0.15648100 0.60944003
vt 0.15200800 0.60944003
vt 0.15200700 0.60964400
vt 0.14756700 0.60961902
vt 0.14756800 0.60941398
vt 0.15648100 0.60944003
vt 0.15647900 0.60964698
vt 0.15200700 0.60964400
vt 0.15200800 0.60944003
vt 0.15647900 0.60964698
vt 0.15647100 0.61076498
vt 0.15200301 0.61072701
vt 0.15200700 0.60964400
vt 0.15200700 0.60964400
vt 0.15200301 0.61072701
vt 0.14755800 0.61071903
vt 0.14756700 0.60961902
vt 0.15200800 0.61198598
vt 0.15200301 0.61072701
vt 0.15647100 0.61076498
vt 0.15646400 0.61199498
vt 0.14755499 0.61196703
vt 0.14755800 0.61071903
vt 0.15200301 0.61072701
vt 0.15200800 0.61198598
vt 0.14755900 0.61307102
vt 0.14755499 0.61196703
vt 0.15200800 0.61198598
vt 0.15200400 0.61306602
vt 0.15200400 0.61306602
vt 0.15200800 0.61198598
vt 0.15646400 0.61199498
vt 0.15645900 0.61310798
vt 0.15645900 0.61310798
vt 0.15646400 0.61199498
vt 0.16089900 0.61203599
vt 0.16089000 0.61310798
vt 0.16092101 0.61078501
vt 0.16089900 0.61203599
vt 0.15646400 0.61199498
vt 0.15647100 0.61076498
vt 0.16533700 0.61084199
vt 0.16531301 0.61207998
vt 0.16089900 0.61203599
vt 0.16092101 0.61078501
vt 0.16089000 0.61310798
vt 0.16089900 0.61203599
vt 0.16531301 0.61207998
vt 0.16529401 0.61317199
vt 0.15645801 0.61331397
vt 0.15645900 0.61310798
vt 0.16089000 0.61310798
vt 0.16088800 0.61330998
vt 0.16088800 0.61330998
vt 0.16089000 0.61310798
vt 0.16529401 0.61317199
vt 0.16529199 0.61337602
vt 0.16529401 0.61317199
vt 0.16531301 0.61207998
vt 0.16970401 0.61213201
vt 0.16967900 0.61322898
vt 0.16529199 0.61337602
vt 0.16529401 0.61317199
vt 0.16967900 0.61322898
vt 0.16967499 0.61343402
vt 0.16529199 0.61337602
vt 0.16967499 0.61343402
vt 0.16963500 0.61601502
vt 0.16526300 0.61596799
vt 0.16088800 0.61330998
vt 0.16529199 0.61337602
vt 0.16526300 0.61596799
vt 0.16086400 0.61592501
vt 0.16967499 0.61343402
vt 0.16967900 0.61322898
vt 0.17403600 0.61334097
vt 0.17403001 0.61354899
vt 0.16967499 0.61343402
vt 0.17403001 0.61354899
vt 0.17399500 0.61609298
vt 0.16963500 0.61601502
vt 0.17399500 0.61609298
vt 0.17398900 0.61629897
vt 0.16963200 0.61621898
vt 0.16963500 0.61601502
vt 0.16963500 0.61601502
vt 0.16963200 0.61621898
vt 0.16526100 0.61616999
vt 0.16526300 0.61596799
vt 0.16963200 0.61621898
vt 0.16962101 0.61731398
vt 0.16525400 0.61725599
vt 0.16526100 0.61616999
vt 0.17398900 0.61629897
vt 0.17395900 0.61741400
vt 0.16962101 0.61731398
vt 0.16963200 0.61621898
vt 0.16526300 0.61596799
vt 0.16526100 0.61616999
vt 0.16086200 0.61612999
vt 0.16086400 0.61592501
vt 0.16526100 0.61616999
vt 0.16525400 0.61725599
vt 0.16085300 0.61720401
vt 0.16086200 0.61612999
vt 0.16086400 0.61592501
vt 0.16086200 0.61612999
vt 0.15642001 0.61608201
vt 0.15642101 0.61587799
vt 0.16086200 0.61612999
vt 0.16085300 0.61720401
vt 0.15641800 0.61719400
vt 0.15642001 0.61608201
vt 0.15642001 0.61608201
vt 0.15641800 0.61719400
vt 0.15198000 0.61718100
vt 0.15198000 0.61610401
vt 0.15642101 0.61587799
vt 0.15642001 0.61608201
vt 0.15198000 0.61610401
vt 0.15198000 0.61589903
vt 0.15198000 0.61589903
vt 0.15200301 0.61327100
vt 0.15645801 0.61331397
vt 0.15642101 0.61587799
vt 0.15645801 0.61331397
vt 0.16088800 0.61330998
vt 0.16086400 0.61592501
vt 0.15642101 0.61587799
vt 0.15200301 0.61327100
vt 0.15200400 0.61306602
vt 0.15645900 0.61310798
vt 0.15645801 0.61331397
vt 0.14756000 0.61327499
vt 0.14755900 0.61307102
vt 0.15200400 0.61306602
vt 0.15200301 0.61327100
vt 0.14756100 0.61588901
vt 0.14756000 0.61327499
vt 0.15200301 0.61327100
vt 0.15198000 0.61589903
vt 0.14312500 0.61328399
vt 0.14312400 0.61307597
vt 0.14755900 0.61307102
vt 0.14756000 0.61327499
vt 0.14315800 0.61588901
vt 0.14312500 0.61328399
vt 0.14756000 0.61327499
vt 0.14756100 0.61588901
vt 0.14312400 0.61307597
vt 0.14311400 0.61196601
vt 0.14755499 0.61196703
vt 0.14755900 0.61307102
vt 0.13870500 0.61332202
vt 0.13870400 0.61311197
vt 0.14312400 0.61307597
vt 0.14312500 0.61328399
vt 0.14756100 0.61588901
vt 0.14756100 0.61609203
vt 0.14315900 0.61609501
vt 0.14315800 0.61588901
vt 0.15198000 0.61589903
vt 0.15198000 0.61610401
vt 0.14756100 0.61609203
vt 0.14756100 0.61588901
vt 0.15198000 0.61610401
vt 0.15198000 0.61718100
vt 0.14755601 0.61718601
vt 0.14756100 0.61609203
vt 0.14756100 0.61609203
vt 0.14755601 0.61718601
vt 0.14315601 0.61719799
vt 0.14315900 0.61609501
vt 0.14315900 0.61609501
vt 0.14315601 0.61719799
vt 0.13877000 0.61724001
vt 0.13875800 0.61610901
vt 0.14315800 0.61588901
vt 0.14315900 0.61609501
vt 0.13875800 0.61610901
vt 0.13875601 0.61589903
vt 0.13875601 0.61589903
vt 0.13875800 0.61610901
vt 0.13434900 0.61619002
vt 0.13434400 0.61598003
vt 0.13875800 0.61610901
vt 0.13877000 0.61724001
vt 0.13438000 0.61731100
vt 0.13434900 0.61619002
vt 0.13875601 0.61589903
vt 0.13870500 0.61332202
vt 0.14312500 0.61328399
vt 0.14315800 0.61588901
vt 0.13877000 0.61724001
vt 0.13877700 0.61848301
vt 0.13440000 0.61857897
vt 0.13438000 0.61731100
vt 0.14315601 0.61719799
vt 0.14315300 0.61844701
vt 0.13877700 0.61848301
vt 0.13877000 0.61724001
vt 0.13434900 0.61619002
vt 0.13438000 0.61731100
vt 0.12996501 0.61742800
vt 0.12993200 0.61631799
vt 0.13000500 0.61871701
vt 0.12996501 0.61742800
vt 0.13438000 0.61731100
vt 0.13440000 0.61857897
vt 0.13004300 0.61981702
vt 0.13000500 0.61871701
vt 0.13440000 0.61857897
vt 0.13442200 0.61969399
vt 0.13442200 0.61969399
vt 0.13440000 0.61857897
vt 0.13877700 0.61848301
vt 0.13879500 0.61961001
vt 0.13005100 0.62002701
vt 0.13004300 0.61981702
vt 0.13442200 0.61969399
vt 0.13442700 0.61990201
vt 0.13442700 0.61990201
vt 0.13442200 0.61969399
vt 0.13879500 0.61961001
vt 0.13879900 0.61981797
vt 0.12562400 0.62003303
vt 0.12556300 0.61887598
vt 0.13000500 0.61871701
vt 0.13004300 0.61981702
vt 0.12563600 0.62024599
vt 0.12562400 0.62003303
vt 0.13004300 0.61981702
vt 0.13005100 0.62002701
vt 0.13005100 0.62002701
vt 0.13015100 0.62218601
vt 0.12575699 0.62238097
vt 0.12563600 0.62024599
vt 0.13442700 0.61990201
vt 0.13448900 0.62202799
vt 0.13015100 0.62218601
vt 0.13005100 0.62002701
vt 0.13015100 0.62218601
vt 0.13015901 0.62239200
vt 0.12577000 0.62259400
vt 0.12575699 0.62238097
vt 0.13448900 0.62202799
vt 0.13449501 0.62223399
vt 0.13015901 0.62239200
vt 0.13015100 0.62218601
vt 0.13883699 0.62190402
vt 0.13884100 0.62211102
vt 0.13449501 0.62223399
vt 0.13448900 0.62202799
vt 0.13879900 0.61981797
vt 0.13883699 0.62190402
vt 0.13448900 0.62202799
vt 0.13442700 0.61990201
vt 0.13883699 0.62190402
vt 0.13879900 0.61981797
vt 0.14316900 0.61975300
vt 0.14320301 0.62185401
vt 0.14320301 0.62185401
vt 0.14320500 0.62205899
vt 0.13884100 0.62211102
vt 0.13883699 0.62190402
vt 0.14320301 0.62185401
vt 0.14316900 0.61975300
vt 0.14756900 0.61972499
vt 0.14757600 0.62183303
vt 0.14757600 0.62183303
vt 0.14757700 0.62203598
vt 0.14320500 0.62205899
vt 0.14320301 0.62185401
vt 0.15196900 0.62182301
vt 0.15197000 0.62202603
vt 0.14757700 0.62203598
vt 0.14757600 0.62183303
vt 0.14757600 0.62183303
vt 0.14756900 0.61972499
vt 0.15198000 0.61970598
vt 0.15196900 0.62182301
vt 0.15638299 0.62180501
vt 0.15638299 0.62200803
vt 0.15197000 0.62202603
vt 0.15196900 0.62182301
vt 0.15196900 0.62182301
vt 0.15198000 0.61970598
vt 0.15640500 0.61973101
vt 0.15638299 0.62180501
vt 0.14756900 0.61972499
vt 0.14756800 0.61952102
vt 0.15198000 0.61950302
vt 0.15198000 0.61970598
vt 0.15198000 0.61970598
vt 0.15198000 0.61950302
vt 0.15640600 0.61952603
vt 0.15640500 0.61973101
vt 0.14756800 0.61952102
vt 0.14755900 0.61842501
vt 0.15198000 0.61843097
vt 0.15198000 0.61950302
vt 0.15198000 0.61950302
vt 0.15198000 0.61843097
vt 0.15640800 0.61841702
vt 0.15640600 0.61952603
vt 0.15640600 0.61952603
vt 0.15640800 0.61841702
vt 0.16083400 0.61845100
vt 0.16082700 0.61952198
vt 0.15640500 0.61973101
vt 0.15640600 0.61952603
vt 0.16082700 0.61952198
vt 0.16082600 0.61972499
vt 0.15198000 0.61843097
vt 0.15198000 0.61718100
vt 0.15641800 0.61719400
vt 0.15640800 0.61841702
vt 0.16085300 0.61720401
vt 0.16083400 0.61845100
vt 0.15640800 0.61841702
vt 0.15641800 0.61719400
vt 0.16525400 0.61725599
vt 0.16522899 0.61848700
vt 0.16083400 0.61845100
vt 0.16085300 0.61720401
vt 0.16082700 0.61952198
vt 0.16083400 0.61845100
vt 0.16522899 0.61848700
vt 0.16521101 0.61957097
vt 0.16522899 0.61848700
vt 0.16525400 0.61725599
vt 0.16962101 0.61731398
vt 0.16958900 0.61855203
vt 0.16521101 0.61957097
vt 0.16522899 0.61848700
vt 0.16958900 0.61855203
vt 0.16956200 0.61964297
vt 0.16520800 0.61977202
vt 0.16521101 0.61957097
vt 0.16956200 0.61964297
vt 0.16955701 0.61984700
vt 0.16082600 0.61972499
vt 0.16082700 0.61952198
vt 0.16521101 0.61957097
vt 0.16520800 0.61977202
vt 0.16082600 0.61972499
vt 0.16520800 0.61977202
vt 0.16518401 0.62186599
vt 0.16079900 0.62183702
vt 0.16520800 0.61977202
vt 0.16955701 0.61984700
vt 0.16953699 0.62193102
vt 0.16518401 0.62186599
vt 0.16953699 0.62193102
vt 0.16953300 0.62213397
vt 0.16518199 0.62206697
vt 0.16518401 0.62186599
vt 0.16518401 0.62186599
vt 0.16518199 0.62206697
vt 0.16079800 0.62203997
vt 0.16079900 0.62183702
vt 0.16518199 0.62206697
vt 0.16517501 0.62315202
vt 0.16079301 0.62310702
vt 0.16079800 0.62203997
vt 0.16953300 0.62213397
vt 0.16951901 0.62322003
vt 0.16517501 0.62315202
vt 0.16518199 0.62206697
vt 0.16079800 0.62203997
vt 0.16079301 0.62310702
vt 0.15638299 0.62311399
vt 0.15638299 0.62200803
vt 0.16079900 0.62183702
vt 0.16079800 0.62203997
vt 0.15638299 0.62200803
vt 0.15638299 0.62180501
vt 0.15638299 0.62200803
vt 0.15638299 0.62311399
vt 0.15197100 0.62309402
vt 0.15197000 0.62202603
vt 0.15198299 0.62433499
vt 0.15197100 0.62309402
vt 0.15638299 0.62311399
vt 0.15638199 0.62433100
vt 0.15638199 0.62433100
vt 0.15638299 0.62311399
vt 0.16079301 0.62310702
vt 0.16078800 0.62434798
vt 0.15198500 0.62539899
vt 0.15198299 0.62433499
vt 0.15638199 0.62433100
vt 0.15638100 0.62543201
vt 0.15638100 0.62543201
vt 0.15638199 0.62433100
vt 0.16078800 0.62434798
vt 0.16078299 0.62541503
vt 0.16078800 0.62434798
vt 0.16079301 0.62310702
vt 0.16517501 0.62315202
vt 0.16517100 0.62437898
vt 0.16078299 0.62541503
vt 0.16078800 0.62434798
vt 0.16517100 0.62437898
vt 0.16515300 0.62545902
vt 0.15638000 0.62563598
vt 0.15638100 0.62543201
vt 0.16078299 0.62541503
vt 0.16078199 0.62561601
vt 0.16078199 0.62561601
vt 0.16078299 0.62541503
vt 0.16515300 0.62545902
vt 0.16515100 0.62566102
vt 0.16515100 0.62566102
vt 0.16515300 0.62545902
vt 0.16948099 0.62552899
vt 0.16947700 0.62572998
vt 0.16515300 0.62545902
vt 0.16517100 0.62437898
vt 0.16950700 0.62444800
vt 0.16948099 0.62552899
vt 0.16077501 0.62782198
vt 0.16078199 0.62561601
vt 0.16515100 0.62566102
vt 0.16512500 0.62785900
vt 0.16512500 0.62785900
vt 0.16515100 0.62566102
vt 0.16947700 0.62572998
vt 0.16943300 0.62791300
vt 0.16943300 0.62791300
vt 0.16947700 0.62572998
vt 0.17375401 0.62584299
vt 0.17368899 0.62800002
vt 0.16947700 0.62572998
vt 0.16948099 0.62552899
vt 0.17375800 0.62563998
vt 0.17375401 0.62584299
vt 0.17353199 0.63067901
vt 0.16932800 0.63056999
vt 0.16943300 0.62791300
vt 0.17368899 0.62800002
vt 0.16943300 0.62791300
vt 0.16932800 0.63056999
vt 0.16506600 0.63048702
vt 0.16512500 0.62785900
vt 0.16937000 0.63164401
vt 0.16507700 0.63163298
vt 0.16506600 0.63048702
vt 0.16932800 0.63056999
vt 0.17355500 0.63168103
vt 0.16937000 0.63164401
vt 0.16932800 0.63056999
vt 0.17353199 0.63067901
vt 0.17770199 0.63188797
vt 0.17355500 0.63168103
vt 0.17353199 0.63067901
vt 0.17768900 0.63084298
vt 0.17768900 0.63084298
vt 0.17353199 0.63067901
vt 0.17368899 0.62800002
vt 0.17790100 0.62811297
vt 0.18181001 0.63105601
vt 0.17768900 0.63084298
vt 0.17790100 0.62811297
vt 0.18207499 0.62827802
vt 0.18185499 0.63213801
vt 0.17770199 0.63188797
vt 0.17768900 0.63084298
vt 0.18181001 0.63105601
vt 0.18595301 0.63233501
vt 0.18185499 0.63213801
vt 0.18181001 0.63105601
vt 0.18590400 0.63132900
vt 0.18590400 0.63132900
vt 0.18181001 0.63105601
vt 0.18207499 0.62827802
vt 0.18625000 0.62854397
vt 0.18590400 0.63132900
vt 0.18625000 0.62854397
vt 0.19045100 0.62888902
vt 0.18999700 0.63171101
vt 0.18998200 0.63265699
vt 0.18595301 0.63233501
vt 0.18590400 0.63132900
vt 0.18999700 0.63171101
vt 0.19404900 0.63329297
vt 0.18998200 0.63265699
vt 0.18999700 0.63171101
vt 0.19415100 0.63228703
vt 0.18999700 0.63171101
vt 0.19045100 0.62888902
vt 0.19476099 0.62932402
vt 0.19415100 0.63228703
vt 0.18625000 0.62854397
vt 0.18638600 0.62639397
vt 0.19062901 0.62671900
vt 0.19045100 0.62888902
vt 0.19045100 0.62888902
vt 0.19062901 0.62671900
vt 0.19493300 0.62707800
vt 0.19476099 0.62932402
vt 0.19415100 0.63228703
vt 0.19476099 0.62932402
vt 0.19945200 0.62980503
vt 0.19843601 0.63314801
vt 0.19476099 0.62932402
vt 0.19493300 0.62707800
vt 0.19963101 0.62700099
vt 0.19945200 0.62980503
vt 0.19493300 0.62707800
vt 0.19494000 0.62686700
vt 0.19957200 0.62674999
vt 0.19963101 0.62700099
vt 0.19062901 0.62671900
vt 0.19064499 0.62651402
vt 0.19494000 0.62686700
vt 0.19493300 0.62707800
vt 0.19963101 0.62700099
vt 0.19957200 0.62674999
vt 0.20051999 0.62567103
vt 0.20086800 0.62571400
vt 0.19945200 0.62980503
vt 0.19963101 0.62700099
vt 0.20086800 0.62571400
vt 0.20611800 0.62699300
vt 0.20464300 0.63129002
vt 0.20086800 0.62571400
vt 0.20051999 0.62567103
vt 0.19980700 0.62435198
vt 0.19991501 0.62411100
vt 0.20146900 0.61990798
vt 0.20699300 0.62083501
vt 0.20611800 0.62699300
vt 0.20086800 0.62571400
vt 0.19991501 0.62411100
vt 0.20017500 0.62129599
vt 0.19957200 0.62674999
vt 0.19879401 0.62584400
vt 0.19906300 0.62552100
vt 0.20051999 0.62567103
vt 0.20051999 0.62567103
vt 0.19906300 0.62552100
vt 0.19884200 0.62513500
vt 0.19980700 0.62435198
vt 0.19991501 0.62411100
vt 0.19980700 0.62435198
vt 0.19524500 0.62346703
vt 0.19527300 0.62325799
vt 0.19980700 0.62435198
vt 0.19884200 0.62513500
vt 0.19511700 0.62451798
vt 0.19524500 0.62346703
vt 0.19884200 0.62513500
vt 0.19906300 0.62552100
vt 0.19879401 0.62584400
vt 0.19499999 0.62581199
vt 0.19511700 0.62451798
vt 0.19884200 0.62513500
vt 0.19879401 0.62584400
vt 0.19072901 0.62542498
vt 0.19081999 0.62417799
vt 0.19511700 0.62451798
vt 0.19499999 0.62581199
vt 0.19524500 0.62346703
vt 0.19511700 0.62451798
vt 0.19081999 0.62417799
vt 0.19091500 0.62308502
vt 0.19494000 0.62686700
vt 0.19499999 0.62581199
vt 0.19879401 0.62584400
vt 0.19957200 0.62674999
vt 0.19064499 0.62651402
vt 0.19072901 0.62542498
vt 0.19499999 0.62581199
vt 0.19494000 0.62686700
vt 0.18647601 0.62509000
vt 0.18655799 0.62387502
vt 0.19081999 0.62417799
vt 0.19072901 0.62542498
vt 0.18640000 0.62619001
vt 0.18647601 0.62509000
vt 0.19072901 0.62542498
vt 0.19064499 0.62651402
vt 0.18218400 0.62590301
vt 0.18223700 0.62485099
vt 0.18647601 0.62509000
vt 0.18640000 0.62619001
vt 0.18223700 0.62485099
vt 0.18231000 0.62361598
vt 0.18655799 0.62387502
vt 0.18647601 0.62509000
vt 0.17798699 0.62573898
vt 0.17801900 0.62466800
vt 0.18223700 0.62485099
vt 0.18218400 0.62590301
vt 0.17801900 0.62466800
vt 0.17807201 0.62344903
vt 0.18231000 0.62361598
vt 0.18223700 0.62485099
vt 0.17378600 0.62454200
vt 0.17381801 0.62333000
vt 0.17807201 0.62344903
vt 0.17801900 0.62466800
vt 0.17375800 0.62563998
vt 0.17378600 0.62454200
vt 0.17801900 0.62466800
vt 0.17798699 0.62573898
vt 0.16948099 0.62552899
vt 0.16950700 0.62444800
vt 0.17378600 0.62454200
vt 0.17375800 0.62563998
vt 0.16950700 0.62444800
vt 0.16951901 0.62322003
vt 0.17381801 0.62333000
vt 0.17378600 0.62454200
vt 0.16517100 0.62437898
vt 0.16517501 0.62315202
vt 0.16951901 0.62322003
vt 0.16950700 0.62444800
vt 0.17384800 0.62222499
vt 0.17381801 0.62333000
vt 0.16951901 0.62322003
vt 0.16953300 0.62213397
vt 0.17811701 0.62237102
vt 0.17807201 0.62344903
vt 0.17381801 0.62333000
vt 0.17384800 0.62222499
vt 0.17812499 0.62216902
vt 0.17811701 0.62237102
vt 0.17384800 0.62222499
vt 0.17385399 0.62202001
vt 0.17385399 0.62202001
vt 0.17384800 0.62222499
vt 0.16953300 0.62213397
vt 0.16953699 0.62193102
vt 0.17388900 0.61996198
vt 0.17819700 0.62008601
vt 0.17812499 0.62216902
vt 0.17385399 0.62202001
vt 0.16955701 0.61984700
vt 0.17388900 0.61996198
vt 0.17385399 0.62202001
vt 0.16953699 0.62193102
vt 0.16955701 0.61984700
vt 0.16956200 0.61964297
vt 0.17389400 0.61975598
vt 0.17388900 0.61996198
vt 0.17388900 0.61996198
vt 0.17389400 0.61975598
vt 0.17820400 0.61988199
vt 0.17819700 0.62008601
vt 0.17819700 0.62008601
vt 0.18246800 0.62024301
vt 0.18237001 0.62235099
vt 0.17812499 0.62216902
vt 0.17819700 0.62008601
vt 0.17820400 0.61988199
vt 0.18247800 0.62004000
vt 0.18246800 0.62024301
vt 0.17389400 0.61975598
vt 0.17392600 0.61864102
vt 0.17823599 0.61878902
vt 0.17820400 0.61988199
vt 0.17820400 0.61988199
vt 0.17823599 0.61878902
vt 0.18252701 0.61896998
vt 0.18247800 0.62004000
vt 0.17823599 0.61878902
vt 0.17826900 0.61754698
vt 0.18257301 0.61771297
vt 0.18252701 0.61896998
vt 0.17392600 0.61864102
vt 0.17395900 0.61741400
vt 0.17826900 0.61754698
vt 0.17823599 0.61878902
vt 0.16958900 0.61855203
vt 0.16962101 0.61731398
vt 0.17395900 0.61741400
vt 0.17392600 0.61864102
vt 0.16956200 0.61964297
vt 0.16958900 0.61855203
vt 0.17392600 0.61864102
vt 0.17389400 0.61975598
vt 0.17831500 0.61645103
vt 0.17826900 0.61754698
vt 0.17395900 0.61741400
vt 0.17398900 0.61629897
vt 0.18262100 0.61663401
vt 0.18257301 0.61771297
vt 0.17826900 0.61754698
vt 0.17831500 0.61645103
vt 0.18695500 0.61682302
vt 0.18689400 0.61794698
vt 0.18257301 0.61771297
vt 0.18262100 0.61663401
vt 0.18252701 0.61896998
vt 0.18257301 0.61771297
vt 0.18689400 0.61794698
vt 0.18683100 0.61918199
vt 0.19133700 0.61709100
vt 0.19124900 0.61820900
vt 0.18689400 0.61794698
vt 0.18695500 0.61682302
vt 0.18683100 0.61918199
vt 0.18689400 0.61794698
vt 0.19124900 0.61820900
vt 0.19116400 0.61948299
vt 0.19116400 0.61948299
vt 0.19124900 0.61820900
vt 0.19564900 0.61856502
vt 0.19551900 0.61987299
vt 0.19578899 0.61747801
vt 0.19564900 0.61856502
vt 0.19124900 0.61820900
vt 0.19133700 0.61709100
vt 0.19135199 0.61688000
vt 0.19133700 0.61709100
vt 0.18695500 0.61682302
vt 0.18696600 0.61661297
vt 0.19581901 0.61726302
vt 0.19578899 0.61747801
vt 0.19133700 0.61709100
vt 0.19135199 0.61688000
vt 0.19151600 0.61426902
vt 0.19599900 0.61460000
vt 0.19581901 0.61726302
vt 0.19135199 0.61688000
vt 0.18709899 0.61402601
vt 0.19151600 0.61426902
vt 0.19135199 0.61688000
vt 0.18696600 0.61661297
vt 0.19151600 0.61426902
vt 0.19153000 0.61405700
vt 0.19600300 0.61438298
vt 0.19599900 0.61460000
vt 0.18709899 0.61402601
vt 0.18711001 0.61381602
vt 0.19153000 0.61405700
vt 0.19151600 0.61426902
vt 0.19599900 0.61460000
vt 0.19600300 0.61438298
vt 0.20092499 0.61415601
vt 0.20110799 0.61442500
vt 0.19599900 0.61460000
vt 0.20110799 0.61442500
vt 0.20054901 0.61816698
vt 0.19581901 0.61726302
vt 0.19153000 0.61405700
vt 0.19159301 0.61291999
vt 0.19604100 0.61326599
vt 0.19600300 0.61438298
vt 0.19600300 0.61438298
vt 0.19604100 0.61326599
vt 0.19950600 0.61320299
vt 0.20092499 0.61415601
vt 0.20092499 0.61415601
vt 0.19950600 0.61320299
vt 0.19962101 0.61254102
vt 0.20096201 0.61182100
vt 0.19604100 0.61326599
vt 0.19614200 0.61186498
vt 0.19962101 0.61254102
vt 0.19950600 0.61320299
vt 0.19159301 0.61291999
vt 0.19165801 0.61160803
vt 0.19614200 0.61186498
vt 0.19604100 0.61326599
vt 0.18711001 0.61381602
vt 0.18716601 0.61267298
vt 0.19159301 0.61291999
vt 0.19153000 0.61405700
vt 0.18716601 0.61267298
vt 0.18721600 0.61141002
vt 0.19165801 0.61160803
vt 0.19159301 0.61291999
vt 0.18277401 0.61249101
vt 0.18282300 0.61121500
vt 0.18721600 0.61141002
vt 0.18716601 0.61267298
vt 0.18273100 0.61358202
vt 0.18277401 0.61249101
vt 0.18716601 0.61267298
vt 0.18711001 0.61381602
vt 0.17838600 0.61344397
vt 0.17841201 0.61233801
vt 0.18277401 0.61249101
vt 0.18273100 0.61358202
vt 0.17841201 0.61233801
vt 0.17845900 0.61108100
vt 0.18282300 0.61121500
vt 0.18277401 0.61249101
vt 0.17403600 0.61334097
vt 0.17406300 0.61221999
vt 0.17841201 0.61233801
vt 0.17838600 0.61344397
vt 0.17406300 0.61221999
vt 0.17409100 0.61098200
vt 0.17845900 0.61108100
vt 0.17841201 0.61233801
vt 0.18286200 0.61012203
vt 0.18282300 0.61121500
vt 0.17845900 0.61108100
vt 0.17849700 0.60996997
vt 0.17849700 0.60996997
vt 0.17845900 0.61108100
vt 0.17409100 0.61098200
vt 0.17411400 0.60985398
vt 0.17411400 0.60985398
vt 0.17409100 0.61098200
vt 0.16972400 0.61088902
vt 0.16973300 0.60979199
vt 0.16970401 0.61213201
vt 0.16972400 0.61088902
vt 0.17409100 0.61098200
vt 0.17406300 0.61221999
vt 0.17411800 0.60964501
vt 0.17411400 0.60985398
vt 0.16973300 0.60979199
vt 0.16973600 0.60958600
vt 0.17850301 0.60976201
vt 0.17849700 0.60996997
vt 0.17411400 0.60985398
vt 0.17411800 0.60964501
vt 0.16973600 0.60958600
vt 0.16973300 0.60979199
vt 0.16534300 0.60974997
vt 0.16534500 0.60954601
vt 0.16973300 0.60979199
vt 0.16972400 0.61088902
vt 0.16533700 0.61084199
vt 0.16534300 0.60974997
vt 0.16534500 0.60954601
vt 0.16534300 0.60974997
vt 0.16093200 0.60970998
vt 0.16093400 0.60950601
vt 0.16534300 0.60974997
vt 0.16533700 0.61084199
vt 0.16092101 0.61078501
vt 0.16093200 0.60970998
vt 0.16531301 0.61207998
vt 0.16533700 0.61084199
vt 0.16972400 0.61088902
vt 0.16970401 0.61213201
vt 0.16093400 0.60950601
vt 0.16093200 0.60970998
vt 0.15647900 0.60964698
vt 0.15648100 0.60944003
vt 0.16093200 0.60970998
vt 0.16092101 0.61078501
vt 0.15647100 0.61076498
vt 0.15647900 0.60964698
vt 0.16967900 0.61322898
vt 0.16970401 0.61213201
vt 0.17406300 0.61221999
vt 0.17403600 0.61334097
vt 0.18286900 0.60991400
vt 0.18286200 0.61012203
vt 0.17849700 0.60996997
vt 0.17850301 0.60976201
vt 0.17403001 0.61354899
vt 0.17403600 0.61334097
vt 0.17838600 0.61344397
vt 0.17837900 0.61365098
vt 0.17837900 0.61365098
vt 0.17838600 0.61344397
vt 0.18273100 0.61358202
vt 0.18272200 0.61378998
vt 0.17837900 0.61365098
vt 0.18272200 0.61378998
vt 0.18263000 0.61642897
vt 0.17832300 0.61624497
vt 0.17403001 0.61354899
vt 0.17837900 0.61365098
vt 0.17832300 0.61624497
vt 0.17399500 0.61609298
vt 0.18263000 0.61642897
vt 0.18262100 0.61663401
vt 0.17831500 0.61645103
vt 0.17832300 0.61624497
vt 0.17832300 0.61624497
vt 0.17831500 0.61645103
vt 0.17398900 0.61629897
vt 0.17399500 0.61609298
vt 0.18696600 0.61661297
vt 0.18695500 0.61682302
vt 0.18262100 0.61663401
vt 0.18263000 0.61642897
vt 0.18272200 0.61378998
vt 0.18709899 0.61402601
vt 0.18696600 0.61661297
vt 0.18263000 0.61642897
vt 0.18272200 0.61378998
vt 0.18273100 0.61358202
vt 0.18711001 0.61381602
vt 0.18709899 0.61402601
vt 0.20054901 0.61816698
vt 0.20042901 0.61840600
vt 0.19578899 0.61747801
vt 0.19581901 0.61726302
vt 0.20146900 0.61990798
vt 0.20108700 0.61985499
vt 0.20042901 0.61840600
vt 0.20054901 0.61816698
vt 0.20042901 0.61840600
vt 0.19938999 0.61925399
vt 0.19564900 0.61856502
vt 0.19578899 0.61747801
vt 0.20108700 0.61985499
vt 0.19972999 0.61968398
vt 0.19938999 0.61925399
vt 0.20042901 0.61840600
vt 0.20017500 0.62129599
vt 0.20011400 0.62104398
vt 0.20108700 0.61985499
vt 0.20146900 0.61990798
vt 0.20011400 0.62104398
vt 0.19932500 0.62001902
vt 0.19972999 0.61968398
vt 0.20108700 0.61985499
vt 0.19938999 0.61925399
vt 0.19972999 0.61968398
vt 0.19932500 0.62001902
vt 0.19551900 0.61987299
vt 0.19564900 0.61856502
vt 0.19938999 0.61925399
vt 0.19932500 0.62001902
vt 0.19544500 0.62094802
vt 0.19551900 0.61987299
vt 0.19932500 0.62001902
vt 0.20011400 0.62104398
vt 0.19108699 0.62059098
vt 0.19116400 0.61948299
vt 0.19551900 0.61987299
vt 0.19544500 0.62094802
vt 0.19543400 0.62116098
vt 0.19544500 0.62094802
vt 0.20011400 0.62104398
vt 0.20017500 0.62129599
vt 0.19107100 0.62079901
vt 0.19108699 0.62059098
vt 0.19544500 0.62094802
vt 0.19543400 0.62116098
vt 0.18674900 0.62050599
vt 0.18676201 0.62029898
vt 0.19108699 0.62059098
vt 0.19107100 0.62079901
vt 0.18676201 0.62029898
vt 0.18683100 0.61918199
vt 0.19116400 0.61948299
vt 0.19108699 0.62059098
vt 0.18247800 0.62004000
vt 0.18252701 0.61896998
vt 0.18683100 0.61918199
vt 0.18676201 0.62029898
vt 0.18246800 0.62024301
vt 0.18247800 0.62004000
vt 0.18676201 0.62029898
vt 0.18674900 0.62050599
vt 0.18246800 0.62024301
vt 0.18674900 0.62050599
vt 0.18664099 0.62256700
vt 0.18237001 0.62235099
vt 0.18674900 0.62050599
vt 0.19107100 0.62079901
vt 0.19093101 0.62287903
vt 0.18664099 0.62256700
vt 0.18664099 0.62256700
vt 0.18662900 0.62277299
vt 0.18236101 0.62255299
vt 0.18237001 0.62235099
vt 0.19093101 0.62287903
vt 0.19091500 0.62308502
vt 0.18662900 0.62277299
vt 0.18664099 0.62256700
vt 0.19527300 0.62325799
vt 0.19524500 0.62346703
vt 0.19091500 0.62308502
vt 0.19093101 0.62287903
vt 0.19107100 0.62079901
vt 0.19543400 0.62116098
vt 0.19527300 0.62325799
vt 0.19093101 0.62287903
vt 0.19543400 0.62116098
vt 0.20017500 0.62129599
vt 0.19991501 0.62411100
vt 0.19527300 0.62325799
vt 0.19091500 0.62308502
vt 0.19081999 0.62417799
vt 0.18655799 0.62387502
vt 0.18662900 0.62277299
vt 0.18662900 0.62277299
vt 0.18655799 0.62387502
vt 0.18231000 0.62361598
vt 0.18236101 0.62255299
vt 0.18237001 0.62235099
vt 0.18236101 0.62255299
vt 0.17811701 0.62237102
vt 0.17812499 0.62216902
vt 0.18236101 0.62255299
vt 0.18231000 0.62361598
vt 0.17807201 0.62344903
vt 0.17811701 0.62237102
vt 0.17375401 0.62584299
vt 0.17375800 0.62563998
vt 0.17798699 0.62573898
vt 0.17798100 0.62594002
vt 0.17798100 0.62594002
vt 0.17798699 0.62573898
vt 0.18218400 0.62590301
vt 0.18217400 0.62610197
vt 0.17790100 0.62811297
vt 0.17798100 0.62594002
vt 0.18217400 0.62610197
vt 0.18207499 0.62827802
vt 0.17368899 0.62800002
vt 0.17375401 0.62584299
vt 0.17798100 0.62594002
vt 0.17790100 0.62811297
vt 0.18207499 0.62827802
vt 0.18217400 0.62610197
vt 0.18638600 0.62639397
vt 0.18625000 0.62854397
vt 0.18217400 0.62610197
vt 0.18218400 0.62590301
vt 0.18640000 0.62619001
vt 0.18638600 0.62639397
vt 0.18638600 0.62639397
vt 0.18640000 0.62619001
vt 0.19064499 0.62651402
vt 0.19062901 0.62671900
vt 0.20464300 0.63129002
vt 0.20267700 0.63469201
vt 0.19843601 0.63314801
vt 0.19945200 0.62980503
vt 0.20629500 0.63712198
vt 0.20267700 0.63469201
vt 0.20464300 0.63129002
vt 0.20925000 0.63405800
vt 0.20219900 0.63571203
vt 0.19820300 0.63423902
vt 0.19843601 0.63314801
vt 0.20267700 0.63469201
vt 0.20549400 0.63794303
vt 0.20219900 0.63571203
vt 0.20267700 0.63469201
vt 0.20629500 0.63712198
vt 0.20756300 0.64082003
vt 0.20549400 0.63794303
vt 0.20629500 0.63712198
vt 0.20862700 0.64021701
vt 0.20019500 0.63935399
vt 0.20219900 0.63571203
vt 0.20549400 0.63794303
vt 0.20245700 0.64090198
vt 0.20245700 0.64090198
vt 0.20549400 0.63794303
vt 0.20756300 0.64082003
vt 0.20367301 0.64276701
vt 0.20367301 0.64276701
vt 0.20756300 0.64082003
vt 0.20861501 0.64387798
vt 0.20430499 0.64489001
vt 0.20861501 0.64387798
vt 0.20756300 0.64082003
vt 0.20862700 0.64021701
vt 0.20980400 0.64346498
vt 0.20430499 0.64489001
vt 0.20861501 0.64387798
vt 0.20904100 0.64683700
vt 0.20455199 0.64713800
vt 0.20455199 0.64713800
vt 0.20904100 0.64683700
vt 0.20902100 0.64970303
vt 0.20447201 0.64938802
vt 0.20902100 0.64970303
vt 0.20904100 0.64683700
vt 0.21018501 0.64664102
vt 0.21010700 0.64972103
vt 0.20904100 0.64683700
vt 0.20861501 0.64387798
vt 0.20980400 0.64346498
vt 0.21018501 0.64664102
vt 0.20408900 0.65177798
vt 0.20447201 0.64938802
vt 0.20902100 0.64970303
vt 0.20864899 0.65256000
vt 0.20864899 0.65256000
vt 0.20902100 0.64970303
vt 0.21010700 0.64972103
vt 0.20977999 0.65275902
vt 0.20806800 0.65538597
vt 0.20864899 0.65256000
vt 0.20977999 0.65275902
vt 0.20923699 0.65571702
vt 0.20350499 0.65432101
vt 0.20408900 0.65177798
vt 0.20864899 0.65256000
vt 0.20806800 0.65538597
vt 0.20977999 0.65275902
vt 0.21010700 0.64972103
vt 0.21298000 0.64821202
vt 0.21267700 0.65139598
vt 0.19696200 0.63811201
vt 0.19820300 0.63423902
vt 0.20219900 0.63571203
vt 0.20019500 0.63935399
vt 0.19325100 0.63722497
vt 0.19404900 0.63329297
vt 0.19820300 0.63423902
vt 0.19696200 0.63811201
vt 0.19820300 0.63423902
vt 0.19404900 0.63329297
vt 0.19415100 0.63228703
vt 0.19843601 0.63314801
vt 0.19325100 0.63722497
vt 0.18947899 0.63673699
vt 0.18998200 0.63265699
vt 0.19404900 0.63329297
vt 0.18998200 0.63265699
vt 0.18947899 0.63673699
vt 0.18570000 0.63639498
vt 0.18595301 0.63233501
vt 0.18167099 0.63616800
vt 0.18185499 0.63213801
vt 0.18595301 0.63233501
vt 0.18570000 0.63639498
vt 0.17750400 0.63608700
vt 0.17770199 0.63188797
vt 0.18185499 0.63213801
vt 0.18167099 0.63616800
vt 0.17344099 0.63605303
vt 0.17355500 0.63168103
vt 0.17770199 0.63188797
vt 0.17750400 0.63608700
vt 0.16934501 0.63589102
vt 0.16937000 0.63164401
vt 0.17355500 0.63168103
vt 0.17344099 0.63605303
vt 0.16502000 0.63576901
vt 0.16507700 0.63163298
vt 0.16937000 0.63164401
vt 0.16934501 0.63589102
vt 0.16063900 0.63575298
vt 0.16073801 0.63149899
vt 0.16507700 0.63163298
vt 0.16502000 0.63576901
vt 0.16063900 0.63575298
vt 0.15638401 0.63577902
vt 0.15642500 0.63137698
vt 0.16073801 0.63149899
vt 0.15642500 0.63137698
vt 0.15638401 0.63577902
vt 0.15211000 0.63569802
vt 0.15208200 0.63142103
vt 0.14768501 0.63564801
vt 0.14769500 0.63147002
vt 0.15208200 0.63142103
vt 0.15211000 0.63569802
vt 0.14768501 0.63564801
vt 0.14330500 0.63570201
vt 0.14335100 0.63140100
vt 0.14769500 0.63147002
vt 0.14330500 0.63570201
vt 0.13915600 0.63579899
vt 0.13910100 0.63136703
vt 0.14335100 0.63140100
vt 0.13504000 0.63578802
vt 0.13488001 0.63151997
vt 0.13910100 0.63136703
vt 0.13915600 0.63579899
vt 0.14335100 0.63140100
vt 0.13910100 0.63136703
vt 0.13913000 0.63034099
vt 0.14340100 0.63030702
vt 0.13910100 0.63136703
vt 0.13488001 0.63151997
vt 0.13489600 0.63044697
vt 0.13913000 0.63034099
vt 0.13488001 0.63151997
vt 0.13064000 0.63173902
vt 0.13068700 0.63062400
vt 0.13489600 0.63044697
vt 0.13488001 0.63151997
vt 0.13504000 0.63578802
vt 0.13081200 0.63584697
vt 0.13064000 0.63173902
vt 0.13064000 0.63173902
vt 0.12644900 0.63193297
vt 0.12649401 0.63089299
vt 0.13068700 0.63062400
vt 0.13081200 0.63584697
vt 0.12671100 0.63607401
vt 0.12644900 0.63193297
vt 0.13064000 0.63173902
vt 0.12671100 0.63607401
vt 0.12286200 0.63643599
vt 0.12233200 0.63227999
vt 0.12644900 0.63193297
vt 0.11901700 0.63694602
vt 0.11820700 0.63296998
vt 0.12233200 0.63227999
vt 0.12286200 0.63643599
vt 0.11523500 0.63780302
vt 0.11406400 0.63393998
vt 0.11820700 0.63296998
vt 0.11901700 0.63694602
vt 0.11523500 0.63780302
vt 0.11196300 0.63894999
vt 0.11008400 0.63526303
vt 0.11406400 0.63393998
vt 0.11196300 0.63894999
vt 0.10966200 0.64040399
vt 0.10671800 0.63735402
vt 0.11008400 0.63526303
vt 0.10840800 0.64222199
vt 0.10456200 0.64018500
vt 0.10671800 0.63735402
vt 0.10966200 0.64040399
vt 0.11008400 0.63526303
vt 0.10671800 0.63735402
vt 0.10594400 0.63648897
vt 0.10965100 0.63422602
vt 0.10671800 0.63735402
vt 0.10456200 0.64018500
vt 0.10350300 0.63953698
vt 0.10594400 0.63648897
vt 0.10594400 0.63648897
vt 0.10350300 0.63953698
vt 0.10075000 0.63719398
vt 0.10350600 0.63361698
vt 0.10965100 0.63422602
vt 0.10594400 0.63648897
vt 0.10350600 0.63361698
vt 0.10816800 0.63127398
vt 0.11384900 0.63285500
vt 0.10965100 0.63422602
vt 0.10816800 0.63127398
vt 0.11301500 0.63023502
vt 0.11406400 0.63393998
vt 0.11008400 0.63526303
vt 0.10965100 0.63422602
vt 0.11384900 0.63285500
vt 0.11820700 0.63296998
vt 0.11406400 0.63393998
vt 0.11384900 0.63285500
vt 0.11809500 0.63194603
vt 0.11809500 0.63194603
vt 0.11384900 0.63285500
vt 0.11301500 0.63023502
vt 0.11752600 0.62947297
vt 0.11752600 0.62947297
vt 0.11301500 0.63023502
vt 0.11267200 0.62783402
vt 0.11722900 0.62718898
vt 0.11301500 0.63023502
vt 0.10816800 0.63127398
vt 0.10771100 0.62818098
vt 0.11267200 0.62783402
vt 0.11267200 0.62783402
vt 0.11264800 0.62760597
vt 0.11720200 0.62697297
vt 0.11722900 0.62718898
vt 0.10771100 0.62818098
vt 0.10776000 0.62791002
vt 0.11264800 0.62760597
vt 0.11267200 0.62783402
vt 0.12188100 0.62891400
vt 0.11752600 0.62947297
vt 0.11722900 0.62718898
vt 0.12166100 0.62668699
vt 0.11722900 0.62718898
vt 0.11720200 0.62697297
vt 0.12164000 0.62647700
vt 0.12166100 0.62668699
vt 0.11720200 0.62697297
vt 0.11706100 0.62583202
vt 0.12153600 0.62535501
vt 0.12164000 0.62647700
vt 0.11264800 0.62760597
vt 0.11250100 0.62646002
vt 0.11706100 0.62583202
vt 0.11720200 0.62697297
vt 0.12166100 0.62668699
vt 0.12164000 0.62647700
vt 0.12599900 0.62611502
vt 0.12601499 0.62632197
vt 0.12164000 0.62647700
vt 0.12153600 0.62535501
vt 0.12591800 0.62498599
vt 0.12599900 0.62611502
vt 0.12601499 0.62632197
vt 0.12599900 0.62611502
vt 0.13031700 0.62581998
vt 0.13032800 0.62602502
vt 0.12599900 0.62611502
vt 0.12591800 0.62498599
vt 0.13026600 0.62474298
vt 0.13031700 0.62581998
vt 0.13032800 0.62602502
vt 0.13031700 0.62581998
vt 0.13461100 0.62567198
vt 0.13461700 0.62587601
vt 0.13031700 0.62581998
vt 0.13026600 0.62474298
vt 0.13458300 0.62457901
vt 0.13461100 0.62567198
vt 0.13026600 0.62474298
vt 0.13020700 0.62347901
vt 0.13453400 0.62333399
vt 0.13458300 0.62457901
vt 0.12591800 0.62498599
vt 0.12584201 0.62373400
vt 0.13020700 0.62347901
vt 0.13026600 0.62474298
vt 0.13015901 0.62239200
vt 0.13020700 0.62347901
vt 0.12584201 0.62373400
vt 0.12577000 0.62259400
vt 0.13449501 0.62223399
vt 0.13453400 0.62333399
vt 0.13020700 0.62347901
vt 0.13015901 0.62239200
vt 0.12153600 0.62535501
vt 0.12142600 0.62406600
vt 0.12584201 0.62373400
vt 0.12591800 0.62498599
vt 0.12577000 0.62259400
vt 0.12584201 0.62373400
vt 0.12142600 0.62406600
vt 0.12132000 0.62292898
vt 0.12575699 0.62238097
vt 0.12577000 0.62259400
vt 0.12132000 0.62292898
vt 0.12130100 0.62271500
vt 0.12130100 0.62271500
vt 0.12132000 0.62292898
vt 0.11677600 0.62336600
vt 0.11675300 0.62314701
vt 0.12132000 0.62292898
vt 0.12142600 0.62406600
vt 0.11691200 0.62452298
vt 0.11677600 0.62336600
vt 0.12115000 0.62053198
vt 0.12130100 0.62271500
vt 0.11675300 0.62314701
vt 0.11656100 0.62090600
vt 0.12563600 0.62024599
vt 0.12575699 0.62238097
vt 0.12130100 0.62271500
vt 0.12115000 0.62053198
vt 0.11656100 0.62090600
vt 0.11654100 0.62068403
vt 0.12113400 0.62031502
vt 0.12115000 0.62053198
vt 0.12115000 0.62053198
vt 0.12113400 0.62031502
vt 0.12562400 0.62003303
vt 0.12563600 0.62024599
vt 0.12113400 0.62031502
vt 0.12105800 0.61915803
vt 0.12556300 0.61887598
vt 0.12562400 0.62003303
vt 0.11654100 0.62068403
vt 0.11644000 0.61950803
vt 0.12105800 0.61915803
vt 0.12113400 0.62031502
vt 0.11187100 0.62136799
vt 0.11185800 0.62113500
vt 0.11654100 0.62068403
vt 0.11656100 0.62090600
vt 0.11185800 0.62113500
vt 0.11176000 0.61996198
vt 0.11644000 0.61950803
vt 0.11654100 0.62068403
vt 0.11644000 0.61950803
vt 0.11633300 0.61816001
vt 0.12098100 0.61783099
vt 0.12105800 0.61915803
vt 0.11176000 0.61996198
vt 0.11162000 0.61855900
vt 0.11633300 0.61816001
vt 0.11644000 0.61950803
vt 0.12090500 0.61666399
vt 0.12098100 0.61783099
vt 0.11633300 0.61816001
vt 0.11623700 0.61697000
vt 0.11623700 0.61697000
vt 0.11633300 0.61816001
vt 0.11162000 0.61855900
vt 0.11146000 0.61737198
vt 0.11162000 0.61855900
vt 0.11176000 0.61996198
vt 0.10775800 0.62010700
vt 0.10770700 0.61930901
vt 0.11146000 0.61737198
vt 0.11162000 0.61855900
vt 0.10770700 0.61930901
vt 0.10662700 0.61834699
vt 0.11143000 0.61713898
vt 0.11146000 0.61737198
vt 0.10662700 0.61834699
vt 0.10650000 0.61808199
vt 0.11622100 0.61674398
vt 0.11623700 0.61697000
vt 0.11146000 0.61737198
vt 0.11143000 0.61713898
vt 0.11131300 0.61416501
vt 0.11143000 0.61713898
vt 0.10650000 0.61808199
vt 0.10611100 0.61384702
vt 0.11608800 0.61390698
vt 0.11622100 0.61674398
vt 0.11143000 0.61713898
vt 0.11131300 0.61416501
vt 0.10611100 0.61384702
vt 0.10631700 0.61356097
vt 0.11131600 0.61392897
vt 0.11131300 0.61416501
vt 0.11131300 0.61416501
vt 0.11131600 0.61392897
vt 0.11607800 0.61367899
vt 0.11608800 0.61390698
vt 0.10631700 0.61356097
vt 0.10786400 0.61255300
vt 0.11130700 0.61272198
vt 0.11131600 0.61392897
vt 0.11131600 0.61392897
vt 0.11130700 0.61272198
vt 0.11602700 0.61247200
vt 0.11607800 0.61367899
vt 0.10618300 0.61075801
vt 0.10636700 0.61102498
vt 0.10631700 0.61356097
vt 0.10611100 0.61384702
vt 0.10776300 0.61186498
vt 0.10786400 0.61255300
vt 0.10631700 0.61356097
vt 0.10636700 0.61102498
vt 0.11123200 0.61125100
vt 0.11130700 0.61272198
vt 0.10786400 0.61255300
vt 0.10776300 0.61186498
vt 0.11112300 0.61007899
vt 0.11123200 0.61125100
vt 0.10776300 0.61186498
vt 0.10636700 0.61102498
vt 0.11130700 0.61272198
vt 0.11123200 0.61125100
vt 0.11597300 0.61108798
vt 0.11602700 0.61247200
vt 0.11109800 0.60984701
vt 0.11112300 0.61007899
vt 0.10636700 0.61102498
vt 0.10618300 0.61075801
vt 0.10612900 0.57399303
vt 0.10592300 0.60305399
vt 0.10592200 0.60611701
vt 0.10618300 0.61075801
vt 0.10611100 0.61384702
vt 0.10650000 0.61808199
vt 0.10537400 0.61995399
vt 0.10030800 0.62052500
vt 0.10010100 0.57323599
vt 0.11608800 0.61390698
vt 0.11607800 0.61367899
vt 0.12078300 0.61347300
vt 0.12079200 0.61369503
vt 0.12079200 0.61369503
vt 0.12089200 0.61644500
vt 0.11622100 0.61674398
vt 0.11608800 0.61390698
vt 0.12089200 0.61644500
vt 0.12090500 0.61666399
vt 0.11623700 0.61697000
vt 0.11622100 0.61674398
vt 0.12544701 0.61621702
vt 0.12545501 0.61643398
vt 0.12090500 0.61666399
vt 0.12089200 0.61644500
vt 0.12545501 0.61643398
vt 0.12550300 0.61759597
vt 0.12098100 0.61783099
vt 0.12090500 0.61666399
vt 0.12992600 0.61610699
vt 0.12993200 0.61631799
vt 0.12545501 0.61643398
vt 0.12544701 0.61621702
vt 0.12993200 0.61631799
vt 0.12996501 0.61742800
vt 0.12550300 0.61759597
vt 0.12545501 0.61643398
vt 0.12105800 0.61915803
vt 0.12098100 0.61783099
vt 0.12550300 0.61759597
vt 0.12556300 0.61887598
vt 0.12556300 0.61887598
vt 0.12550300 0.61759597
vt 0.12996501 0.61742800
vt 0.13000500 0.61871701
vt 0.13434400 0.61598003
vt 0.13434900 0.61619002
vt 0.12993200 0.61631799
vt 0.12992600 0.61610699
vt 0.10650000 0.61808199
vt 0.10662700 0.61834699
vt 0.10579400 0.61990899
vt 0.10537400 0.61995399
vt 0.10030800 0.62052500
vt 0.10537400 0.61995399
vt 0.10684900 0.62154001
vt 0.10717400 0.62481499
vt 0.10622200 0.62679797
vt 0.10040400 0.62868899
vt 0.10537400 0.61995399
vt 0.10579400 0.61990899
vt 0.10692400 0.62126100
vt 0.10684900 0.62154001
vt 0.10662700 0.61834699
vt 0.10770700 0.61930901
vt 0.10726400 0.61975801
vt 0.10579400 0.61990899
vt 0.10579400 0.61990899
vt 0.10726400 0.61975801
vt 0.10775800 0.62010700
vt 0.10692400 0.62126100
vt 0.10775800 0.62010700
vt 0.10726400 0.61975801
vt 0.10770700 0.61930901
vt 0.10692400 0.62126100
vt 0.10775800 0.62010700
vt 0.11176000 0.61996198
vt 0.11185800 0.62113500
vt 0.10684900 0.62154001
vt 0.10692400 0.62126100
vt 0.11185800 0.62113500
vt 0.11187100 0.62136799
vt 0.11187100 0.62136799
vt 0.11207100 0.62370002
vt 0.10717400 0.62481499
vt 0.10684900 0.62154001
vt 0.11656100 0.62090600
vt 0.11675300 0.62314701
vt 0.11207100 0.62370002
vt 0.11187100 0.62136799
vt 0.11207100 0.62370002
vt 0.11210800 0.62392598
vt 0.10730900 0.62507099
vt 0.10717400 0.62481499
vt 0.11675300 0.62314701
vt 0.11677600 0.62336600
vt 0.11210800 0.62392598
vt 0.11207100 0.62370002
vt 0.11210800 0.62392598
vt 0.11231100 0.62508303
vt 0.10843100 0.62596297
vt 0.10730900 0.62507099
vt 0.11677600 0.62336600
vt 0.11691200 0.62452298
vt 0.11231100 0.62508303
vt 0.11210800 0.62392598
vt 0.11231100 0.62508303
vt 0.11250100 0.62646002
vt 0.10852800 0.62676698
vt 0.10843100 0.62596297
vt 0.11250100 0.62646002
vt 0.11231100 0.62508303
vt 0.11691200 0.62452298
vt 0.11706100 0.62583202
vt 0.11706100 0.62583202
vt 0.11691200 0.62452298
vt 0.12142600 0.62406600
vt 0.12153600 0.62535501
vt 0.10776000 0.62791002
vt 0.10852800 0.62676698
vt 0.11250100 0.62646002
vt 0.11264800 0.62760597
vt 0.10662200 0.62671202
vt 0.10804800 0.62644398
vt 0.10852800 0.62676698
vt 0.10776000 0.62791002
vt 0.10852800 0.62676698
vt 0.10804800 0.62644398
vt 0.10843100 0.62596297
vt 0.10622200 0.62679797
vt 0.10662200 0.62671202
vt 0.10776000 0.62791002
vt 0.10771100 0.62818098
vt 0.10717400 0.62481499
vt 0.10730900 0.62507099
vt 0.10662200 0.62671202
vt 0.10622200 0.62679797
vt 0.10730900 0.62507099
vt 0.10843100 0.62596297
vt 0.10804800 0.62644398
vt 0.10662200 0.62671202
vt 0.10040400 0.62868899
vt 0.10622200 0.62679797
vt 0.10771100 0.62818098
vt 0.10816800 0.63127398
vt 0.10350600 0.63361698
vt 0.10030800 0.62052500
vt 0.10040400 0.62868899
vt 0.09378200 0.62574500
vt 0.09445300 0.61971599
vt 0.10350600 0.63361698
vt 0.10075000 0.63719398
vt 0.09789100 0.63404399
vt 0.10040400 0.62868899
vt 0.09789100 0.63404399
vt 0.09325000 0.63014698
vt 0.09378200 0.62574500
vt 0.10040400 0.62868899
vt 0.09378200 0.62574500
vt 0.07698600 0.61641598
vt 0.07857600 0.61285001
vt 0.09445300 0.61971599
vt 0.07486900 0.61815101
vt 0.07698600 0.61641598
vt 0.09378200 0.62574500
vt 0.09325000 0.63014698
vt 0.07676400 0.62060899
vt 0.09321500 0.63376701
vt 0.07758200 0.62214500
vt 0.07676400 0.62060899
vt 0.09325000 0.63014698
vt 0.07676400 0.62060899
vt 0.07403800 0.62098998
vt 0.07262200 0.61897397
vt 0.07486900 0.61815101
vt 0.07486900 0.61815101
vt 0.07403100 0.61711901
vt 0.07579200 0.61538398
vt 0.07698600 0.61641598
vt 0.07698600 0.61641598
vt 0.07579200 0.61538398
vt 0.07706500 0.61218798
vt 0.07857600 0.61285001
vt 0.07706500 0.61218798
vt 0.07718300 0.58189702
vt 0.07871400 0.58120799
vt 0.07857600 0.61285001
vt 0.09430400 0.57405800
vt 0.09445300 0.61971599
vt 0.07857600 0.61285001
vt 0.07871400 0.58120799
vt 0.07871400 0.58120799
vt 0.07718300 0.58189702
vt 0.07586000 0.57867599
vt 0.07706200 0.57761198
vt 0.09369800 0.56789601
vt 0.09430400 0.57405800
vt 0.07871400 0.58120799
vt 0.07706200 0.57761198
vt 0.10042600 0.56482202
vt 0.10010100 0.57323599
vt 0.09430400 0.57405800
vt 0.09369800 0.56789601
vt 0.10030800 0.62052500
vt 0.09445300 0.61971599
vt 0.09430400 0.57405800
vt 0.10010100 0.57323599
vt 0.10720000 0.56730700
vt 0.10612900 0.57399303
vt 0.10010100 0.57323599
vt 0.10042600 0.56482202
vt 0.11346900 0.57034701
vt 0.11310600 0.57353801
vt 0.11176600 0.57494098
vt 0.10612900 0.57399303
vt 0.10720000 0.56730700
vt 0.11253700 0.56869298
vt 0.10720000 0.56730700
vt 0.10042600 0.56482202
vt 0.10430000 0.55945700
vt 0.10903500 0.56235200
vt 0.11253700 0.56869298
vt 0.10720000 0.56730700
vt 0.10903500 0.56235200
vt 0.11420300 0.56405997
vt 0.11384400 0.56741101
vt 0.11420300 0.56405997
vt 0.10903500 0.56235200
vt 0.11069800 0.55905098
vt 0.11512700 0.56085002
vt 0.11893800 0.56480402
vt 0.11420300 0.56405997
vt 0.11512700 0.56085002
vt 0.11950500 0.56193900
vt 0.11310600 0.57353801
vt 0.11316400 0.57379401
vt 0.11215600 0.57499802
vt 0.11176600 0.57494098
vt 0.11176600 0.57494098
vt 0.11215600 0.57499802
vt 0.11281700 0.57647198
vt 0.11269200 0.57671303
vt 0.11747600 0.57767701
vt 0.11725900 0.58050698
vt 0.11209500 0.58067101
vt 0.11269200 0.57671303
vt 0.11269200 0.57671303
vt 0.11281700 0.57647198
vt 0.11750800 0.57745999
vt 0.11747600 0.57767701
vt 0.11215600 0.57499802
vt 0.11353800 0.57518297
vt 0.11387900 0.57562202
vt 0.11281700 0.57647198
vt 0.11281700 0.57647198
vt 0.11387900 0.57562202
vt 0.11766400 0.57636100
vt 0.11750800 0.57745999
vt 0.11387900 0.57562202
vt 0.11353800 0.57518297
vt 0.11395400 0.57484603
vt 0.11781500 0.57503599
vt 0.11766400 0.57636100
vt 0.11387900 0.57562202
vt 0.11395400 0.57484603
vt 0.11790800 0.57394499
vt 0.11781500 0.57503599
vt 0.11395400 0.57484603
vt 0.11316400 0.57379401
vt 0.11316400 0.57379401
vt 0.11395400 0.57484603
vt 0.11353800 0.57518297
vt 0.11215600 0.57499802
vt 0.11792300 0.57372802
vt 0.11790800 0.57394499
vt 0.11316400 0.57379401
vt 0.11310600 0.57353801
vt 0.12233400 0.57418400
vt 0.12231300 0.57439399
vt 0.11790800 0.57394499
vt 0.11792300 0.57372802
vt 0.12231300 0.57439399
vt 0.12221100 0.57550901
vt 0.11781500 0.57503599
vt 0.11790800 0.57394499
vt 0.11816000 0.57134801
vt 0.11792300 0.57372802
vt 0.11310600 0.57353801
vt 0.11346900 0.57034701
vt 0.12665300 0.57478797
vt 0.12656300 0.57590902
vt 0.12221100 0.57550901
vt 0.12231300 0.57439399
vt 0.12221100 0.57550901
vt 0.12210000 0.57679099
vt 0.11766400 0.57636100
vt 0.11781500 0.57503599
vt 0.12210000 0.57679099
vt 0.12221100 0.57550901
vt 0.12656300 0.57590902
vt 0.12646700 0.57714802
vt 0.13087000 0.57618999
vt 0.13079301 0.57744199
vt 0.12646700 0.57714802
vt 0.12656300 0.57590902
vt 0.12199100 0.57791501
vt 0.12210000 0.57679099
vt 0.12646700 0.57714802
vt 0.12638600 0.57827401
vt 0.12638600 0.57827401
vt 0.12646700 0.57714802
vt 0.13079301 0.57744199
vt 0.13072900 0.57852101
vt 0.13072900 0.57852101
vt 0.13079301 0.57744199
vt 0.13508300 0.57768101
vt 0.13502100 0.57877100
vt 0.12197200 0.57812703
vt 0.12199100 0.57791501
vt 0.12638600 0.57827401
vt 0.12637199 0.57848501
vt 0.11747600 0.57767701
vt 0.11750800 0.57745999
vt 0.12199100 0.57791501
vt 0.12197200 0.57812703
vt 0.11750800 0.57745999
vt 0.11766400 0.57636100
vt 0.12210000 0.57679099
vt 0.12199100 0.57791501
vt 0.12197200 0.57812703
vt 0.12178400 0.58087897
vt 0.11725900 0.58050698
vt 0.11747600 0.57767701
vt 0.12637199 0.57848501
vt 0.12622200 0.58119500
vt 0.12178400 0.58087897
vt 0.12197200 0.57812703
vt 0.12178400 0.58087897
vt 0.12176700 0.58109301
vt 0.11725300 0.58072603
vt 0.11725900 0.58050698
vt 0.11725900 0.58050698
vt 0.11725300 0.58072603
vt 0.11228000 0.58094299
vt 0.11209500 0.58067101
vt 0.09814900 0.55915999
vt 0.10042600 0.56482202
vt 0.09369800 0.56789601
vt 0.09322000 0.56333399
vt 0.09814900 0.55915999
vt 0.10163300 0.55557799
vt 0.10430000 0.55945700
vt 0.10042600 0.56482202
vt 0.07405400 0.57695103
vt 0.07489500 0.57588398
vt 0.07706200 0.57761198
vt 0.07586000 0.57867599
vt 0.13884100 0.62211102
vt 0.13886400 0.62323397
vt 0.13453400 0.62333399
vt 0.13449501 0.62223399
vt 0.13458300 0.62457901
vt 0.13453400 0.62333399
vt 0.13886400 0.62323397
vt 0.13889000 0.62446398
vt 0.14320500 0.62205899
vt 0.14320900 0.62315100
vt 0.13886400 0.62323397
vt 0.13884100 0.62211102
vt 0.14320900 0.62315100
vt 0.14322400 0.62438899
vt 0.13889000 0.62446398
vt 0.13886400 0.62323397
vt 0.13461100 0.62567198
vt 0.13458300 0.62457901
vt 0.13889000 0.62446398
vt 0.13891500 0.62557900
vt 0.13891500 0.62557900
vt 0.13889000 0.62446398
vt 0.14322400 0.62438899
vt 0.14324300 0.62547898
vt 0.14324300 0.62547898
vt 0.14322400 0.62438899
vt 0.14759199 0.62435502
vt 0.14760400 0.62544203
vt 0.14757700 0.62312400
vt 0.14759199 0.62435502
vt 0.14322400 0.62438899
vt 0.14320900 0.62315100
vt 0.14759199 0.62435502
vt 0.14757700 0.62312400
vt 0.15197100 0.62309402
vt 0.15198299 0.62433499
vt 0.14760400 0.62544203
vt 0.14759199 0.62435502
vt 0.15198299 0.62433499
vt 0.15198500 0.62539899
vt 0.14324600 0.62568301
vt 0.14324300 0.62547898
vt 0.14760400 0.62544203
vt 0.14760600 0.62564498
vt 0.14760600 0.62564498
vt 0.14760400 0.62544203
vt 0.15198500 0.62539899
vt 0.15198500 0.62559903
vt 0.15199199 0.62782401
vt 0.14761600 0.62785202
vt 0.14760600 0.62564498
vt 0.15198500 0.62559903
vt 0.14761600 0.62785202
vt 0.14326900 0.62789899
vt 0.14324600 0.62568301
vt 0.14760600 0.62564498
vt 0.14761600 0.62785202
vt 0.15199199 0.62782401
vt 0.15206499 0.63030797
vt 0.14771400 0.63030702
vt 0.14326900 0.62789899
vt 0.14761600 0.62785202
vt 0.14771400 0.63030702
vt 0.14340100 0.63030702
vt 0.14340100 0.63030702
vt 0.13913000 0.63034099
vt 0.13895200 0.62797397
vt 0.14326900 0.62789899
vt 0.14326900 0.62789899
vt 0.13895200 0.62797397
vt 0.13891999 0.62578398
vt 0.14324600 0.62568301
vt 0.13489600 0.63044697
vt 0.13467900 0.62808102
vt 0.13895200 0.62797397
vt 0.13913000 0.63034099
vt 0.13895200 0.62797397
vt 0.13467900 0.62808102
vt 0.13461700 0.62587601
vt 0.13891999 0.62578398
vt 0.13461700 0.62587601
vt 0.13461100 0.62567198
vt 0.13891500 0.62557900
vt 0.13891999 0.62578398
vt 0.13891999 0.62578398
vt 0.13891500 0.62557900
vt 0.14324300 0.62547898
vt 0.14324600 0.62568301
vt 0.13467900 0.62808102
vt 0.13042700 0.62824702
vt 0.13032800 0.62602502
vt 0.13461700 0.62587601
vt 0.13042700 0.62824702
vt 0.13467900 0.62808102
vt 0.13489600 0.63044697
vt 0.13068700 0.63062400
vt 0.13042700 0.62824702
vt 0.13068700 0.63062400
vt 0.12649401 0.63089299
vt 0.12616400 0.62852597
vt 0.13042700 0.62824702
vt 0.12616400 0.62852597
vt 0.12601499 0.62632197
vt 0.13032800 0.62602502
vt 0.12616400 0.62852597
vt 0.12649401 0.63089299
vt 0.12230700 0.63130498
vt 0.12188100 0.62891400
vt 0.12616400 0.62852597
vt 0.12188100 0.62891400
vt 0.12166100 0.62668699
vt 0.12601499 0.62632197
vt 0.12230700 0.63130498
vt 0.11809500 0.63194603
vt 0.11752600 0.62947297
vt 0.12188100 0.62891400
vt 0.12644900 0.63193297
vt 0.12233200 0.63227999
vt 0.12230700 0.63130498
vt 0.12649401 0.63089299
vt 0.12233200 0.63227999
vt 0.11820700 0.63296998
vt 0.11809500 0.63194603
vt 0.12230700 0.63130498
vt 0.14769500 0.63147002
vt 0.14335100 0.63140100
vt 0.14340100 0.63030702
vt 0.14771400 0.63030702
vt 0.15639099 0.62782902
vt 0.15199199 0.62782401
vt 0.15198500 0.62559903
vt 0.15638000 0.62563598
vt 0.15642600 0.63034600
vt 0.15206499 0.63030797
vt 0.15199199 0.62782401
vt 0.15639099 0.62782902
vt 0.15642500 0.63137698
vt 0.15208200 0.63142103
vt 0.15206499 0.63030797
vt 0.15642600 0.63034600
vt 0.15208200 0.63142103
vt 0.14769500 0.63147002
vt 0.14771400 0.63030702
vt 0.15206499 0.63030797
vt 0.16073801 0.63149899
vt 0.15642500 0.63137698
vt 0.15642600 0.63034600
vt 0.16076200 0.63041198
vt 0.16076200 0.63041198
vt 0.15642600 0.63034600
vt 0.15639099 0.62782902
vt 0.16077501 0.62782198
vt 0.16506600 0.63048702
vt 0.16076200 0.63041198
vt 0.16077501 0.62782198
vt 0.16512500 0.62785900
vt 0.16507700 0.63163298
vt 0.16073801 0.63149899
vt 0.16076200 0.63041198
vt 0.16506600 0.63048702
vt 0.15639099 0.62782902
vt 0.15638000 0.62563598
vt 0.16078199 0.62561601
vt 0.16077501 0.62782198
vt 0.15198500 0.62559903
vt 0.15198500 0.62539899
vt 0.15638100 0.62543201
vt 0.15638000 0.62563598
vt 0.14757700 0.62203598
vt 0.14757700 0.62312400
vt 0.14320900 0.62315100
vt 0.14320500 0.62205899
vt 0.15197000 0.62202603
vt 0.15197100 0.62309402
vt 0.14757700 0.62312400
vt 0.14757700 0.62203598
vt 0.15640500 0.61973101
vt 0.16082600 0.61972499
vt 0.16079900 0.62183702
vt 0.15638299 0.62180501
vt 0.14316900 0.61975300
vt 0.14316800 0.61954802
vt 0.14756800 0.61952102
vt 0.14756900 0.61972499
vt 0.14316800 0.61954802
vt 0.14315300 0.61844701
vt 0.14755900 0.61842501
vt 0.14756800 0.61952102
vt 0.14755900 0.61842501
vt 0.14755601 0.61718601
vt 0.15198000 0.61718100
vt 0.15198000 0.61843097
vt 0.14755601 0.61718601
vt 0.14755900 0.61842501
vt 0.14315300 0.61844701
vt 0.14315601 0.61719799
vt 0.13879500 0.61961001
vt 0.13877700 0.61848301
vt 0.14315300 0.61844701
vt 0.14316800 0.61954802
vt 0.13879900 0.61981797
vt 0.13879500 0.61961001
vt 0.14316800 0.61954802
vt 0.14316900 0.61975300
vt 0.14755800 0.61071903
vt 0.14755499 0.61196703
vt 0.14311400 0.61196601
vt 0.14312300 0.61070597
vt 0.14756700 0.60961902
vt 0.14755800 0.61071903
vt 0.14312300 0.61070597
vt 0.14313200 0.60959202
vt 0.14756800 0.60941398
vt 0.14756700 0.60961902
vt 0.14313200 0.60959202
vt 0.14313200 0.60938501
vt 0.14313200 0.60938501
vt 0.14314801 0.60644501
vt 0.14758199 0.60646802
vt 0.14756800 0.60941398
vt 0.13868900 0.60937101
vt 0.13871901 0.60645199
vt 0.14314801 0.60644501
vt 0.14313200 0.60938501
vt 0.14314801 0.60644501
vt 0.14314900 0.60623699
vt 0.14758199 0.60626400
vt 0.14758199 0.60646802
vt 0.14314900 0.60623699
vt 0.14314801 0.60512799
vt 0.14758401 0.60516000
vt 0.14758199 0.60626400
vt 0.14758401 0.60516000
vt 0.14758500 0.60391003
vt 0.15203500 0.60394502
vt 0.15202700 0.60519898
vt 0.14758500 0.60391003
vt 0.14758401 0.60516000
vt 0.14314801 0.60512799
vt 0.14314701 0.60386997
vt 0.15649100 0.60397798
vt 0.15648299 0.60521102
vt 0.15202700 0.60519898
vt 0.15203500 0.60394502
vt 0.16095600 0.60400403
vt 0.16095400 0.60526401
vt 0.15648299 0.60521102
vt 0.15649100 0.60397798
vt 0.16096599 0.60292202
vt 0.16095600 0.60400403
vt 0.15649100 0.60397798
vt 0.15649800 0.60286099
vt 0.18294799 0.60670602
vt 0.18297499 0.60560602
vt 0.18742301 0.60571200
vt 0.18738499 0.60687298
vt 0.13871901 0.60645199
vt 0.13868900 0.60937101
vt 0.13427100 0.60940498
vt 0.13427000 0.60642302
vt 0.12119300 0.59206498
vt 0.12116500 0.59517097
vt 0.11645400 0.59560001
vt 0.11653500 0.59191000
vt 0.12116500 0.59517097
vt 0.12117100 0.59537798
vt 0.11659800 0.59583998
vt 0.11645400 0.59560001
vt 0.12569401 0.59217298
vt 0.12560400 0.59527999
vt 0.12116500 0.59517097
vt 0.12119300 0.59206498
vt 0.12560400 0.59527999
vt 0.12559800 0.59549499
vt 0.12117100 0.59537798
vt 0.12116500 0.59517097
vt 0.12117100 0.59537798
vt 0.12117700 0.59632099
vt 0.11758700 0.59651601
vt 0.11659800 0.59583998
vt 0.12559800 0.59549499
vt 0.12556900 0.59649497
vt 0.12117700 0.59632099
vt 0.12117100 0.59537798
vt 0.13003400 0.59565800
vt 0.13000700 0.59662598
vt 0.12556900 0.59649497
vt 0.12559800 0.59549499
vt 0.13004000 0.59544802
vt 0.13003400 0.59565800
vt 0.12559800 0.59549499
vt 0.12560400 0.59527999
vt 0.12556900 0.59649497
vt 0.12556200 0.59671402
vt 0.12117700 0.59653300
vt 0.12117700 0.59632099
vt 0.13000700 0.59662598
vt 0.13000099 0.59684098
vt 0.12556200 0.59671402
vt 0.12556900 0.59649497
vt 0.13442700 0.59576201
vt 0.13440999 0.59673500
vt 0.13000700 0.59662598
vt 0.13003400 0.59565800
vt 0.13440999 0.59673500
vt 0.13440600 0.59694999
vt 0.13000099 0.59684098
vt 0.13000700 0.59662598
vt 0.13883300 0.59582800
vt 0.13881600 0.59681302
vt 0.13440999 0.59673500
vt 0.13442700 0.59576201
vt 0.13881600 0.59681302
vt 0.13881300 0.59702897
vt 0.13440600 0.59694999
vt 0.13440999 0.59673500
vt 0.13443100 0.59555203
vt 0.13442700 0.59576201
vt 0.13003400 0.59565800
vt 0.13004000 0.59544802
vt 0.13883699 0.59561700
vt 0.13883300 0.59582800
vt 0.13442700 0.59576201
vt 0.13443100 0.59555203
vt 0.13889299 0.59255099
vt 0.13883699 0.59561700
vt 0.13443100 0.59555203
vt 0.13450199 0.59243101
vt 0.13450199 0.59243101
vt 0.13443100 0.59555203
vt 0.13004000 0.59544802
vt 0.13011800 0.59227502
vt 0.13011800 0.59227502
vt 0.13004000 0.59544802
vt 0.12560400 0.59527999
vt 0.12569401 0.59217298
vt 0.13450199 0.59243101
vt 0.13450800 0.59222299
vt 0.13889700 0.59234202
vt 0.13889299 0.59255099
vt 0.13889299 0.59255099
vt 0.13889700 0.59234202
vt 0.14329000 0.59241599
vt 0.14328700 0.59262198
vt 0.14328700 0.59262198
vt 0.14326200 0.59571499
vt 0.13883699 0.59561700
vt 0.13889299 0.59255099
vt 0.13450800 0.59222299
vt 0.13454799 0.59110802
vt 0.13892099 0.59121400
vt 0.13889700 0.59234202
vt 0.13889700 0.59234202
vt 0.13892099 0.59121400
vt 0.14330401 0.59131199
vt 0.14329000 0.59241599
vt 0.14328700 0.59262198
vt 0.14329000 0.59241599
vt 0.14770900 0.59248197
vt 0.14770600 0.59268701
vt 0.14329000 0.59241599
vt 0.14330401 0.59131199
vt 0.14772099 0.59138298
vt 0.14770900 0.59248197
vt 0.13892099 0.59121400
vt 0.13895100 0.58997101
vt 0.14333799 0.59006101
vt 0.14330401 0.59131199
vt 0.14330401 0.59131199
vt 0.14333799 0.59006101
vt 0.14774200 0.59014100
vt 0.14772099 0.59138298
vt 0.14772099 0.59138298
vt 0.14774200 0.59014100
vt 0.15216599 0.59020197
vt 0.15216100 0.59145498
vt 0.14770900 0.59248197
vt 0.14772099 0.59138298
vt 0.15216100 0.59145498
vt 0.15214901 0.59253299
vt 0.15217900 0.58912700
vt 0.15216599 0.59020197
vt 0.14774200 0.59014100
vt 0.14776701 0.58904803
vt 0.14776701 0.58904803
vt 0.14774200 0.59014100
vt 0.14333799 0.59006101
vt 0.14336801 0.58895999
vt 0.15218100 0.58892399
vt 0.15217900 0.58912700
vt 0.14776701 0.58904803
vt 0.14777000 0.58884400
vt 0.15661401 0.58914298
vt 0.15660600 0.59025598
vt 0.15216599 0.59020197
vt 0.15217900 0.58912700
vt 0.15661600 0.58893698
vt 0.15661401 0.58914298
vt 0.15217900 0.58912700
vt 0.15218100 0.58892399
vt 0.15224600 0.58593899
vt 0.15218100 0.58892399
vt 0.14777000 0.58884400
vt 0.14785200 0.58588701
vt 0.15666901 0.58600998
vt 0.15661600 0.58893698
vt 0.15218100 0.58892399
vt 0.15224600 0.58593899
vt 0.16106300 0.58899498
vt 0.16106200 0.58920002
vt 0.15661401 0.58914298
vt 0.15661600 0.58893698
vt 0.16106200 0.58920002
vt 0.16105700 0.59027702
vt 0.15660600 0.59025598
vt 0.15661401 0.58914298
vt 0.15660600 0.59148401
vt 0.15660600 0.59025598
vt 0.16105700 0.59027702
vt 0.16105101 0.59153098
vt 0.15216100 0.59145498
vt 0.15216599 0.59020197
vt 0.15660600 0.59025598
vt 0.15660600 0.59148401
vt 0.16105101 0.59153098
vt 0.16105700 0.59027702
vt 0.16549000 0.59028602
vt 0.16548800 0.59153003
vt 0.15659700 0.59259701
vt 0.15660600 0.59148401
vt 0.16105101 0.59153098
vt 0.16104500 0.59260899
vt 0.16104500 0.59260899
vt 0.16105101 0.59153098
vt 0.16548800 0.59153003
vt 0.16548000 0.59263003
vt 0.16548800 0.59153003
vt 0.16549000 0.59028602
vt 0.16990200 0.59028602
vt 0.16991100 0.59154099
vt 0.16548000 0.59263003
vt 0.16548800 0.59153003
vt 0.16991100 0.59154099
vt 0.16990100 0.59264803
vt 0.16104400 0.59281301
vt 0.16104500 0.59260899
vt 0.16548000 0.59263003
vt 0.16548000 0.59283501
vt 0.16548000 0.59283501
vt 0.16548000 0.59263003
vt 0.16990100 0.59264803
vt 0.16990000 0.59285498
vt 0.16990000 0.59285498
vt 0.16987801 0.59596097
vt 0.16544800 0.59594601
vt 0.16548000 0.59283501
vt 0.16548000 0.59283501
vt 0.16544800 0.59594601
vt 0.16102301 0.59593099
vt 0.16104400 0.59281301
vt 0.16104400 0.59281301
vt 0.16102301 0.59593099
vt 0.15657000 0.59587002
vt 0.15659501 0.59280199
vt 0.15659501 0.59280199
vt 0.15659700 0.59259701
vt 0.16104500 0.59260899
vt 0.16104400 0.59281301
vt 0.16544800 0.59594601
vt 0.16544700 0.59615099
vt 0.16102099 0.59613597
vt 0.16102301 0.59593099
vt 0.16102301 0.59593099
vt 0.16102099 0.59613597
vt 0.15656801 0.59607702
vt 0.15657000 0.59587002
vt 0.15657000 0.59587002
vt 0.15656801 0.59607702
vt 0.15211099 0.59606200
vt 0.15211301 0.59585702
vt 0.15659501 0.59280199
vt 0.15657000 0.59587002
vt 0.15211301 0.59585702
vt 0.15214600 0.59273899
vt 0.15211301 0.59585702
vt 0.15211099 0.59606200
vt 0.14768200 0.59599602
vt 0.14768501 0.59579200
vt 0.15214600 0.59273899
vt 0.15211301 0.59585702
vt 0.14768501 0.59579200
vt 0.14770600 0.59268701
vt 0.14770600 0.59268701
vt 0.14770900 0.59248197
vt 0.15214901 0.59253299
vt 0.15214600 0.59273899
vt 0.15214600 0.59273899
vt 0.15214901 0.59253299
vt 0.15659700 0.59259701
vt 0.15659501 0.59280199
vt 0.15214901 0.59253299
vt 0.15216100 0.59145498
vt 0.15660600 0.59148401
vt 0.15659700 0.59259701
vt 0.14770600 0.59268701
vt 0.14768501 0.59579200
vt 0.14326200 0.59571499
vt 0.14328700 0.59262198
vt 0.14768501 0.59579200
vt 0.14768200 0.59599602
vt 0.14325801 0.59592301
vt 0.14326200 0.59571499
vt 0.15211099 0.59606200
vt 0.15210199 0.59700799
vt 0.14766601 0.59695601
vt 0.14768200 0.59599602
vt 0.14768200 0.59599602
vt 0.14766601 0.59695601
vt 0.14323901 0.59688997
vt 0.14325801 0.59592301
vt 0.14325801 0.59592301
vt 0.14323901 0.59688997
vt 0.13881600 0.59681302
vt 0.13883300 0.59582800
vt 0.14326200 0.59571499
vt 0.14325801 0.59592301
vt 0.13883300 0.59582800
vt 0.13883699 0.59561700
vt 0.14766601 0.59695601
vt 0.14766300 0.59716398
vt 0.14323500 0.59710199
vt 0.14323901 0.59688997
vt 0.14323901 0.59688997
vt 0.14323500 0.59710199
vt 0.13881300 0.59702897
vt 0.13881600 0.59681302
vt 0.14321600 0.59806502
vt 0.14323500 0.59710199
vt 0.14766300 0.59716398
vt 0.14764699 0.59811801
vt 0.13879600 0.59799200
vt 0.13881300 0.59702897
vt 0.14323500 0.59710199
vt 0.14321600 0.59806502
vt 0.15656801 0.59607702
vt 0.15656000 0.59704602
vt 0.15210199 0.59700799
vt 0.15211099 0.59606200
vt 0.16102099 0.59613597
vt 0.16101401 0.59708101
vt 0.15656000 0.59704602
vt 0.15656801 0.59607702
vt 0.16987801 0.59596097
vt 0.16987699 0.59616899
vt 0.16544700 0.59615099
vt 0.16544800 0.59594601
vt 0.17432500 0.59289801
vt 0.17430501 0.59598202
vt 0.16987801 0.59596097
vt 0.16990000 0.59285498
vt 0.16990000 0.59285498
vt 0.16990100 0.59264803
vt 0.17432600 0.59268701
vt 0.17432500 0.59289801
vt 0.17432500 0.59289801
vt 0.17432600 0.59268701
vt 0.17876101 0.59266400
vt 0.17876101 0.59287500
vt 0.17432500 0.59289801
vt 0.17876101 0.59287500
vt 0.17872000 0.59601998
vt 0.17430501 0.59598202
vt 0.16990100 0.59264803
vt 0.16991100 0.59154099
vt 0.17432700 0.59154499
vt 0.17432600 0.59268701
vt 0.17432600 0.59268701
vt 0.17432700 0.59154499
vt 0.17875201 0.59153903
vt 0.17876101 0.59266400
vt 0.17876101 0.59266400
vt 0.17875201 0.59153903
vt 0.18319000 0.59154099
vt 0.18318801 0.59265298
vt 0.14336801 0.58895999
vt 0.14333799 0.59006101
vt 0.13895100 0.58997101
vt 0.13897900 0.58884102
vt 0.13454799 0.59110802
vt 0.13457599 0.58984399
vt 0.13895100 0.58997101
vt 0.13892099 0.59121400
vt 0.12117700 0.59632099
vt 0.12117700 0.59653300
vt 0.11768900 0.59665900
vt 0.11758700 0.59651601
vt 0.11659800 0.59583998
vt 0.11758700 0.59651601
vt 0.11760000 0.59728998
vt 0.11635300 0.59790301
vt 0.11768900 0.59665900
vt 0.11769200 0.59715098
vt 0.11760000 0.59728998
vt 0.11758700 0.59651601
vt 0.11769200 0.59715098
vt 0.11768900 0.59665900
vt 0.12117700 0.59653300
vt 0.12111600 0.59756702
vt 0.11760000 0.59728998
vt 0.11769200 0.59715098
vt 0.12111600 0.59756702
vt 0.12109900 0.59777802
vt 0.11153500 0.59076899
vt 0.11172900 0.59052598
vt 0.11656200 0.59168798
vt 0.11653500 0.59191000
vt 0.18318801 0.59265298
vt 0.18319000 0.59154099
vt 0.18769500 0.59153998
vt 0.18768001 0.59271801
vt 0.19712700 0.58884102
vt 0.19712900 0.58907402
vt 0.19233701 0.58906800
vt 0.19233800 0.58884299
vt 0.19230200 0.58561403
vt 0.19708800 0.58545899
vt 0.19712700 0.58884102
vt 0.19233800 0.58884299
vt 0.18766800 0.58572102
vt 0.19230200 0.58561403
vt 0.19233800 0.58884299
vt 0.18770701 0.58883399
vt 0.19233800 0.58884299
vt 0.19233701 0.58906800
vt 0.18770801 0.58905399
vt 0.18770701 0.58883399
vt 0.18316300 0.58578199
vt 0.18766800 0.58572102
vt 0.18770701 0.58883399
vt 0.18317901 0.58890802
vt 0.18770701 0.58883399
vt 0.18770801 0.58905399
vt 0.18318100 0.58912098
vt 0.18317901 0.58890802
vt 0.18766800 0.58572102
vt 0.18766400 0.58550400
vt 0.19229500 0.58538902
vt 0.19230200 0.58561403
vt 0.18316300 0.58578199
vt 0.18315899 0.58556902
vt 0.18766400 0.58550400
vt 0.18766800 0.58572102
vt 0.17873400 0.58587903
vt 0.18316300 0.58578199
vt 0.18317901 0.58890802
vt 0.17873700 0.58892602
vt 0.17873400 0.58587903
vt 0.17873000 0.58566898
vt 0.18315899 0.58556902
vt 0.18316300 0.58578199
vt 0.17873000 0.58566898
vt 0.17870200 0.58454698
vt 0.18313400 0.58445400
vt 0.18315899 0.58556902
vt 0.18315899 0.58556902
vt 0.18313400 0.58445400
vt 0.18763700 0.58432502
vt 0.18766400 0.58550400
vt 0.18308701 0.58315301
vt 0.18313400 0.58445400
vt 0.17870200 0.58454698
vt 0.17866400 0.58327597
vt 0.17431900 0.58575499
vt 0.17430300 0.58462101
vt 0.17870200 0.58454698
vt 0.17873000 0.58566898
vt 0.17866400 0.58327597
vt 0.17870200 0.58454698
vt 0.17430300 0.58462101
vt 0.17427400 0.58337301
vt 0.16991100 0.58467901
vt 0.16989000 0.58342999
vt 0.17427400 0.58337301
vt 0.17430300 0.58462101
vt 0.16991299 0.58578199
vt 0.16991100 0.58467901
vt 0.17430300 0.58462101
vt 0.17431900 0.58575499
vt 0.17432199 0.58596498
vt 0.17431900 0.58575499
vt 0.17873000 0.58566898
vt 0.17873400 0.58587903
vt 0.16991401 0.58598900
vt 0.16991299 0.58578199
vt 0.17431900 0.58575499
vt 0.17432199 0.58596498
vt 0.16551100 0.58579999
vt 0.16551299 0.58470601
vt 0.16991100 0.58467901
vt 0.16991299 0.58578199
vt 0.17432199 0.58596498
vt 0.17873400 0.58587903
vt 0.17873700 0.58892602
vt 0.17430900 0.58893698
vt 0.17432199 0.58596498
vt 0.17430900 0.58893698
vt 0.16989300 0.58897299
vt 0.16991401 0.58598900
vt 0.16551299 0.58470601
vt 0.16549900 0.58346802
vt 0.16989000 0.58342999
vt 0.16991100 0.58467901
vt 0.16110100 0.58472198
vt 0.16109100 0.58347601
vt 0.16549900 0.58346802
vt 0.16551299 0.58470601
vt 0.18317901 0.58890802
vt 0.18318100 0.58912098
vt 0.17873800 0.58913600
vt 0.17873700 0.58892602
vt 0.19230200 0.58561403
vt 0.19229500 0.58538902
vt 0.19707900 0.58522803
vt 0.19708800 0.58545899
vt 0.20522000 0.58249599
vt 0.20678601 0.58146799
vt 0.20675300 0.58405101
vt 0.20532501 0.58319700
vt 0.19188701 0.57704198
vt 0.19178399 0.57570398
vt 0.19645000 0.57526302
vt 0.19658101 0.57663000
vt 0.19632800 0.57406902
vt 0.19645000 0.57526302
vt 0.19178399 0.57570398
vt 0.19168299 0.57453901
vt 0.19168299 0.57453901
vt 0.19178399 0.57570398
vt 0.18725900 0.57608199
vt 0.18717100 0.57492203
vt 0.19630300 0.57384402
vt 0.19632800 0.57406902
vt 0.19168299 0.57453901
vt 0.19166300 0.57432002
vt 0.19166300 0.57432002
vt 0.19168299 0.57453901
vt 0.18717100 0.57492203
vt 0.18715400 0.57470900
vt 0.18697201 0.57219303
vt 0.19142000 0.57173002
vt 0.19166300 0.57432002
vt 0.18715400 0.57470900
vt 0.19142000 0.57173002
vt 0.19600500 0.57115799
vt 0.19630300 0.57384402
vt 0.19166300 0.57432002
vt 0.19600500 0.57115799
vt 0.20078000 0.57045501
vt 0.20109400 0.57330000
vt 0.19630300 0.57384402
vt 0.20109400 0.57330000
vt 0.20111001 0.57353801
vt 0.19632800 0.57406902
vt 0.19630300 0.57384402
vt 0.18715400 0.57470900
vt 0.18717100 0.57492203
vt 0.18276200 0.57524699
vt 0.18274900 0.57503903
vt 0.18261001 0.57250702
vt 0.18697201 0.57219303
vt 0.18715400 0.57470900
vt 0.18274900 0.57503903
vt 0.18261001 0.57250702
vt 0.18259600 0.57230300
vt 0.18695299 0.57198203
vt 0.18697201 0.57219303
vt 0.20048900 0.56904000
vt 0.20023599 0.56762898
vt 0.20432900 0.56718498
vt 0.20446301 0.56799901
vt 0.20432900 0.56718498
vt 0.20482799 0.56750202
vt 0.20446301 0.56799901
vt 0.20623501 0.56719702
vt 0.20482799 0.56750202
vt 0.20432900 0.56718498
vt 0.20507801 0.56599998
vt 0.20507801 0.56599998
vt 0.20432900 0.56718498
vt 0.20023599 0.56762898
vt 0.20004600 0.56645501
vt 0.19580001 0.56976098
vt 0.19560000 0.56843501
vt 0.20023599 0.56762898
vt 0.20048900 0.56904000
vt 0.20004600 0.56645501
vt 0.20023599 0.56762898
vt 0.19560000 0.56843501
vt 0.19541299 0.56727898
vt 0.20001200 0.56622303
vt 0.20004600 0.56645501
vt 0.19541299 0.56727898
vt 0.19537701 0.56705999
vt 0.20512301 0.56571901
vt 0.20507801 0.56599998
vt 0.20004600 0.56645501
vt 0.20001200 0.56622303
vt 0.19537701 0.56705999
vt 0.19484399 0.56414801
vt 0.19934601 0.56310701
vt 0.20001200 0.56622303
vt 0.20001200 0.56622303
vt 0.19934601 0.56310701
vt 0.20401099 0.56172699
vt 0.20512301 0.56571901
vt 0.19092201 0.56774300
vt 0.19051801 0.56493300
vt 0.19484399 0.56414801
vt 0.19537701 0.56705999
vt 0.19537701 0.56705999
vt 0.19541299 0.56727898
vt 0.19095100 0.56795299
vt 0.19092201 0.56774300
vt 0.18658000 0.56827003
vt 0.18628500 0.56550801
vt 0.19051801 0.56493300
vt 0.19092201 0.56774300
vt 0.19092201 0.56774300
vt 0.19095100 0.56795299
vt 0.18660299 0.56847697
vt 0.18658000 0.56827003
vt 0.19095100 0.56795299
vt 0.19109701 0.56908000
vt 0.18672299 0.56960201
vt 0.18660299 0.56847697
vt 0.19541299 0.56727898
vt 0.19560000 0.56843501
vt 0.19109701 0.56908000
vt 0.19095100 0.56795299
vt 0.18660299 0.56847697
vt 0.18672299 0.56960201
vt 0.18241400 0.56997401
vt 0.18233000 0.56891203
vt 0.18658000 0.56827003
vt 0.18660299 0.56847697
vt 0.18233000 0.56891203
vt 0.18231399 0.56870902
vt 0.18233000 0.56891203
vt 0.18241400 0.56997401
vt 0.17816199 0.57026398
vt 0.17810400 0.56918597
vt 0.18231399 0.56870902
vt 0.18233000 0.56891203
vt 0.17810400 0.56918597
vt 0.17809400 0.56898499
vt 0.17809400 0.56898499
vt 0.17794800 0.56625801
vt 0.18210299 0.56594700
vt 0.18231399 0.56870902
vt 0.18231399 0.56870902
vt 0.18210299 0.56594700
vt 0.18628500 0.56550801
vt 0.18658000 0.56827003
vt 0.18210299 0.56594700
vt 0.18185000 0.56299001
vt 0.18592000 0.56254798
vt 0.18628500 0.56550801
vt 0.17794800 0.56625801
vt 0.17777300 0.56331903
vt 0.18185000 0.56299001
vt 0.18210299 0.56594700
vt 0.18628500 0.56550801
vt 0.18592000 0.56254798
vt 0.18999401 0.56192899
vt 0.19051801 0.56493300
vt 0.18592000 0.56254798
vt 0.18185000 0.56299001
vt 0.18146600 0.56092399
vt 0.18543200 0.56055099
vt 0.17386800 0.56918597
vt 0.17377800 0.56649798
vt 0.17794800 0.56625801
vt 0.17809400 0.56898499
vt 0.17377800 0.56649798
vt 0.17366500 0.56358403
vt 0.17777300 0.56331903
vt 0.17794800 0.56625801
vt 0.18185000 0.56299001
vt 0.17777300 0.56331903
vt 0.17747299 0.56116700
vt 0.18146600 0.56092399
vt 0.17344201 0.56130701
vt 0.17747299 0.56116700
vt 0.17777300 0.56331903
vt 0.17366500 0.56358403
vt 0.17366500 0.56358403
vt 0.17377800 0.56649798
vt 0.16957100 0.56670702
vt 0.16950200 0.56381100
vt 0.16950200 0.56381100
vt 0.16936000 0.56134897
vt 0.17344201 0.56130701
vt 0.17366500 0.56358403
vt 0.16939700 0.56042302
vt 0.17345300 0.56045502
vt 0.17344201 0.56130701
vt 0.16936000 0.56134897
vt 0.17345300 0.56045502
vt 0.17746700 0.56026602
vt 0.17747299 0.56116700
vt 0.17344201 0.56130701
vt 0.16521899 0.56134403
vt 0.16936000 0.56134897
vt 0.16950200 0.56381100
vt 0.16527900 0.56401497
vt 0.16950200 0.56381100
vt 0.16957100 0.56670702
vt 0.16532101 0.56687701
vt 0.16527900 0.56401497
vt 0.16527900 0.56401497
vt 0.16532101 0.56687701
vt 0.16104101 0.56699997
vt 0.16101800 0.56418300
vt 0.16532101 0.56687701
vt 0.16534500 0.56951803
vt 0.16104899 0.56960398
vt 0.16104101 0.56699997
vt 0.16957100 0.56670702
vt 0.16962200 0.56937897
vt 0.16534500 0.56951803
vt 0.16532101 0.56687701
vt 0.16534500 0.56951803
vt 0.16534901 0.56971699
vt 0.16105001 0.56980300
vt 0.16104899 0.56960398
vt 0.16962200 0.56937897
vt 0.16962799 0.56957901
vt 0.16534901 0.56971699
vt 0.16534500 0.56951803
vt 0.16534901 0.56971699
vt 0.16538000 0.57078701
vt 0.16106400 0.57084602
vt 0.16105001 0.56980300
vt 0.16962799 0.56957901
vt 0.16967100 0.57065099
vt 0.16538000 0.57078701
vt 0.16534901 0.56971699
vt 0.16540700 0.57200402
vt 0.16538000 0.57078701
vt 0.16967100 0.57065099
vt 0.16971201 0.57186902
vt 0.16108100 0.57206303
vt 0.16106400 0.57084602
vt 0.16538000 0.57078701
vt 0.16540700 0.57200402
vt 0.16542900 0.57305402
vt 0.16540700 0.57200402
vt 0.16971201 0.57186902
vt 0.16974001 0.57294703
vt 0.16109900 0.57313699
vt 0.16108100 0.57206303
vt 0.16540700 0.57200402
vt 0.16542900 0.57305402
vt 0.16110100 0.57333797
vt 0.16109900 0.57313699
vt 0.16542900 0.57305402
vt 0.16543201 0.57325399
vt 0.16543201 0.57325399
vt 0.16542900 0.57305402
vt 0.16974001 0.57294703
vt 0.16974500 0.57314801
vt 0.16974500 0.57314801
vt 0.16974001 0.57294703
vt 0.17403001 0.57280099
vt 0.17403699 0.57300299
vt 0.16974001 0.57294703
vt 0.16971201 0.57186902
vt 0.17398299 0.57169700
vt 0.17403001 0.57280099
vt 0.17403699 0.57300299
vt 0.17408900 0.57541001
vt 0.16977200 0.57555401
vt 0.16974500 0.57314801
vt 0.16974500 0.57314801
vt 0.16977200 0.57555401
vt 0.16543800 0.57564598
vt 0.16543201 0.57325399
vt 0.16977200 0.57555401
vt 0.16977701 0.57575703
vt 0.16544101 0.57584703
vt 0.16543800 0.57564598
vt 0.17408900 0.57541001
vt 0.17409600 0.57561398
vt 0.16977701 0.57575703
vt 0.16977200 0.57555401
vt 0.16977701 0.57575703
vt 0.16980900 0.57684398
vt 0.16546100 0.57692999
vt 0.16544101 0.57584703
vt 0.17409600 0.57561398
vt 0.17413500 0.57673001
vt 0.16980900 0.57684398
vt 0.16977701 0.57575703
vt 0.16984200 0.57807899
vt 0.16980900 0.57684398
vt 0.17413500 0.57673001
vt 0.17418100 0.57796198
vt 0.16548300 0.57816201
vt 0.16546100 0.57692999
vt 0.16980900 0.57684398
vt 0.16984200 0.57807899
vt 0.16549499 0.57922298
vt 0.16548300 0.57816201
vt 0.16984200 0.57807899
vt 0.16985700 0.57916999
vt 0.16985700 0.57916999
vt 0.16984200 0.57807899
vt 0.17418100 0.57796198
vt 0.17421401 0.57908303
vt 0.17421401 0.57908303
vt 0.17418100 0.57796198
vt 0.17852201 0.57781500
vt 0.17857200 0.57892400
vt 0.16986001 0.57937402
vt 0.16985700 0.57916999
vt 0.17421401 0.57908303
vt 0.17421900 0.57928902
vt 0.17421900 0.57928902
vt 0.17421401 0.57908303
vt 0.17857200 0.57892400
vt 0.17858000 0.57913101
vt 0.17421900 0.57928902
vt 0.17858000 0.57913101
vt 0.17863800 0.58194798
vt 0.17424700 0.58203298
vt 0.17421900 0.57928902
vt 0.17424700 0.58203298
vt 0.16986699 0.58212501
vt 0.16986001 0.57937402
vt 0.16549601 0.57942599
vt 0.16549499 0.57922298
vt 0.16985700 0.57916999
vt 0.16986001 0.57937402
vt 0.17858000 0.57913101
vt 0.18296200 0.57893699
vt 0.18304600 0.58183098
vt 0.17863800 0.58194798
vt 0.17858000 0.57913101
vt 0.17857200 0.57892400
vt 0.18295200 0.57872802
vt 0.18296200 0.57893699
vt 0.18296200 0.57893699
vt 0.18742900 0.57874501
vt 0.18753600 0.58162498
vt 0.18304600 0.58183098
vt 0.16111800 0.57947201
vt 0.16111700 0.57927001
vt 0.16549499 0.57922298
vt 0.16549601 0.57942599
vt 0.16111700 0.57927001
vt 0.16110700 0.57818401
vt 0.16548300 0.57816201
vt 0.16549499 0.57922298
vt 0.16110700 0.57818401
vt 0.16109399 0.57695401
vt 0.16546100 0.57692999
vt 0.16548300 0.57816201
vt 0.16544101 0.57584703
vt 0.16546100 0.57692999
vt 0.16109399 0.57695401
vt 0.16108800 0.57589799
vt 0.16108800 0.57589799
vt 0.16109399 0.57695401
vt 0.15672299 0.57698399
vt 0.15672299 0.57588899
vt 0.16543800 0.57564598
vt 0.16544101 0.57584703
vt 0.16108800 0.57589799
vt 0.16108800 0.57569599
vt 0.16108800 0.57569599
vt 0.16108800 0.57589799
vt 0.15672299 0.57588899
vt 0.15672299 0.57568800
vt 0.15672299 0.57568800
vt 0.15672299 0.57588899
vt 0.15237100 0.57588798
vt 0.15237200 0.57568902
vt 0.16110100 0.57333797
vt 0.16108800 0.57569599
vt 0.15672299 0.57568800
vt 0.15675300 0.57338798
vt 0.16543201 0.57325399
vt 0.16543800 0.57564598
vt 0.16108800 0.57569599
vt 0.16110100 0.57333797
vt 0.16971201 0.57186902
vt 0.16967100 0.57065099
vt 0.17392600 0.57048398
vt 0.17398299 0.57169700
vt 0.17387600 0.56938601
vt 0.17392600 0.57048398
vt 0.16967100 0.57065099
vt 0.16962799 0.56957901
vt 0.17810400 0.56918597
vt 0.17816199 0.57026398
vt 0.17392600 0.57048398
vt 0.17387600 0.56938601
vt 0.17386800 0.56918597
vt 0.17387600 0.56938601
vt 0.16962799 0.56957901
vt 0.16962200 0.56937897
vt 0.17809400 0.56898499
vt 0.17810400 0.56918597
vt 0.17387600 0.56938601
vt 0.17386800 0.56918597
vt 0.17377800 0.56649798
vt 0.17386800 0.56918597
vt 0.16962200 0.56937897
vt 0.16957100 0.56670702
vt 0.16104101 0.56699997
vt 0.16104899 0.56960398
vt 0.15673700 0.56962001
vt 0.15675101 0.56707197
vt 0.16101800 0.56418300
vt 0.16104101 0.56699997
vt 0.15675101 0.56707197
vt 0.15674500 0.56430602
vt 0.17746700 0.56026602
vt 0.18148100 0.55997598
vt 0.18146600 0.56092399
vt 0.17747299 0.56116700
vt 0.18148100 0.55997598
vt 0.18543901 0.55967897
vt 0.18543200 0.56055099
vt 0.18146600 0.56092399
vt 0.19051801 0.56493300
vt 0.18999401 0.56192899
vt 0.19412100 0.56107199
vt 0.19484399 0.56414801
vt 0.19484399 0.56414801
vt 0.19412100 0.56107199
vt 0.19830000 0.55988503
vt 0.19934601 0.56310701
vt 0.20662500 0.56710398
vt 0.20623501 0.56719702
vt 0.20507801 0.56599998
vt 0.20512301 0.56571901
vt 0.20745599 0.54873401
vt 0.20809300 0.54595202
vt 0.21049900 0.54661399
vt 0.20977999 0.54967499
vt 0.20751700 0.54306102
vt 0.20747100 0.54041803
vt 0.20835800 0.54037797
vt 0.20833600 0.54316801
vt 0.21065199 0.53458899
vt 0.20782401 0.53512901
vt 0.20715700 0.53269202
vt 0.21000500 0.53165299
vt 0.10317900 0.53458500
vt 0.10404100 0.53173602
vt 0.10692600 0.53253198
vt 0.10623200 0.53493202
vt 0.10141400 0.53095901
vt 0.10404100 0.53173602
vt 0.10317900 0.53458500
vt 0.10038600 0.53480601
vt 0.21065199 0.53458899
vt 0.21000500 0.53165299
vt 0.21266501 0.53077799
vt 0.21352901 0.53473401
vt 0.09855400 0.52993101
vt 0.10141400 0.53095901
vt 0.10038600 0.53480601
vt 0.09741000 0.53680801
vt 0.21352901 0.53473401
vt 0.21266501 0.53077799
vt 0.21559100 0.52973998
vt 0.21656400 0.53677100
vt 0.21559100 0.52973998
vt 0.22001600 0.53910601
vt 0.21969000 0.54241800
vt 0.21656400 0.53677100
vt 0.22141001 0.53727603
vt 0.22001600 0.53910601
vt 0.21559100 0.52973998
vt 0.21793300 0.52874798
vt 0.09855400 0.52993101
vt 0.09401100 0.53905499
vt 0.09267800 0.53722298
vt 0.09627300 0.52890801
vt 0.09855400 0.52993101
vt 0.09741000 0.53680801
vt 0.09425100 0.54232401
vt 0.09401100 0.53905499
vt 0.09401100 0.53905499
vt 0.09425100 0.54232401
vt 0.08142700 0.56147999
vt 0.09267800 0.53722298
vt 0.10583200 0.53749502
vt 0.10260900 0.53756398
vt 0.10317900 0.53458500
vt 0.10623200 0.53493202
vt 0.10706900 0.53515500
vt 0.10673400 0.53765702
vt 0.10583200 0.53749502
vt 0.10623200 0.53493202
vt 0.10677600 0.54546303
vt 0.11079100 0.54475999
vt 0.11123500 0.54676700
vt 0.10743400 0.54802299
vt 0.11123500 0.54676700
vt 0.11197900 0.54865998
vt 0.10854900 0.55062699
vt 0.10743400 0.54802299
vt 0.11319600 0.55033100
vt 0.11046300 0.55307198
vt 0.10854900 0.55062699
vt 0.11197900 0.54865998
vt 0.10743400 0.54802299
vt 0.10854900 0.55062699
vt 0.10779300 0.55109900
vt 0.10658500 0.54840899
vt 0.11528800 0.55182600
vt 0.11331800 0.55513102
vt 0.11046300 0.55307198
vt 0.11319600 0.55033100
vt 0.10677600 0.54546303
vt 0.10743400 0.54802299
vt 0.10658500 0.54840899
vt 0.10595900 0.54570597
vt 0.23170400 0.53210700
vt 0.23269500 0.53163499
vt 0.24547000 0.55773997
vt 0.24441300 0.55824602
vt 0.05625900 0.55405301
vt 0.05566900 0.54632300
vt 0.05825100 0.54610002
vt 0.05886000 0.55385000
vt 0.24755400 0.56100398
vt 0.24547000 0.55773997
vt 0.24608500 0.55742502
vt 0.24833600 0.56060201
vt 0.25092399 0.56273103
vt 0.24833600 0.56060201
vt 0.24865600 0.56024098
vt 0.25119299 0.56229502
vt 0.25464800 0.56399900
vt 0.25092399 0.56273103
vt 0.25119299 0.56229502
vt 0.25491300 0.56357002
vt 0.26001301 0.56447500
vt 0.25464800 0.56399900
vt 0.25491300 0.56357002
vt 0.26012799 0.56411600
vt 0.26608700 0.56459397
vt 0.26001301 0.56447500
vt 0.26012799 0.56411600
vt 0.26613200 0.56428498
vt 0.30111501 0.57773900
vt 0.30020201 0.57800198
vt 0.29554701 0.57416099
vt 0.29636300 0.57379597
vt 0.30490801 0.58235800
vt 0.30395800 0.58254999
vt 0.30020201 0.57800198
vt 0.30111501 0.57773900
vt 0.30670699 0.58786100
vt 0.30550799 0.58804399
vt 0.30276200 0.58282501
vt 0.30395800 0.58254999
vt 0.30832499 0.59379500
vt 0.30714700 0.59387702
vt 0.30550799 0.58804399
vt 0.30670699 0.58786100
vt 0.30550799 0.58804399
vt 0.30414900 0.58829200
vt 0.30142701 0.58319002
vt 0.30276200 0.58282501
vt 0.30714700 0.59387702
vt 0.30579901 0.59399003
vt 0.30414900 0.58829200
vt 0.30550799 0.58804399
vt 0.30875301 0.60004902
vt 0.30759299 0.60001999
vt 0.30714700 0.59387702
vt 0.30832499 0.59379500
vt 0.30759299 0.60001999
vt 0.30626100 0.59998798
vt 0.30579901 0.59399003
vt 0.30714700 0.59387702
vt 0.30801901 0.60627300
vt 0.30684599 0.60613400
vt 0.30759299 0.60001999
vt 0.30875301 0.60004902
vt 0.30414900 0.58829200
vt 0.30126801 0.58900601
vt 0.29868901 0.58421600
vt 0.30142701 0.58319002
vt 0.29317799 0.58162999
vt 0.29626101 0.58543497
vt 0.29529601 0.58596802
vt 0.29234001 0.58229101
vt 0.28950399 0.57851398
vt 0.29317799 0.58162999
vt 0.29234001 0.58229101
vt 0.28880799 0.57927501
vt 0.23890400 0.62247503
vt 0.24751000 0.62565100
vt 0.24685401 0.62704098
vt 0.23819201 0.62373102
vt 0.24035700 0.62048799
vt 0.24885499 0.62293798
vt 0.24751000 0.62565100
vt 0.23890400 0.62247503
vt 0.23619600 0.62204200
vt 0.23812801 0.61962497
vt 0.24035700 0.62048799
vt 0.23890400 0.62247503
vt 0.23890400 0.62247503
vt 0.23819201 0.62373102
vt 0.23534800 0.62355000
vt 0.23619600 0.62204200
vt 0.23619600 0.62204200
vt 0.23534800 0.62355000
vt 0.21949200 0.63470399
vt 0.21957600 0.63111299
vt 0.21917900 0.62675899
vt 0.23604099 0.61785901
vt 0.23812801 0.61962497
vt 0.23619600 0.62204200
vt 0.21957600 0.63111299
vt 0.24035700 0.62048799
vt 0.23812801 0.61962497
vt 0.23898301 0.61860800
vt 0.24105300 0.61945701
vt 0.23812801 0.61962497
vt 0.23604099 0.61785901
vt 0.23725000 0.61684501
vt 0.23898301 0.61860800
vt 0.21863399 0.62081999
vt 0.23449600 0.61427099
vt 0.23604099 0.61785901
vt 0.21917900 0.62675899
vt 0.23604099 0.61785901
vt 0.23449600 0.61427099
vt 0.23601900 0.61362702
vt 0.23725000 0.61684501
vt 0.23725000 0.61684501
vt 0.23601900 0.61362702
vt 0.23710801 0.61296701
vt 0.23810101 0.61577803
vt 0.23898301 0.61860800
vt 0.23725000 0.61684501
vt 0.23810101 0.61577803
vt 0.23964401 0.61729902
vt 0.23964401 0.61729902
vt 0.23810101 0.61577803
vt 0.23874100 0.61474502
vt 0.24003901 0.61536098
vt 0.23810101 0.61577803
vt 0.23710801 0.61296701
vt 0.23832300 0.61247700
vt 0.23874100 0.61474502
vt 0.24003600 0.61245102
vt 0.24003901 0.61536098
vt 0.23874100 0.61474502
vt 0.23832300 0.61247700
vt 0.24167199 0.61801898
vt 0.23964401 0.61729902
vt 0.24003901 0.61536098
vt 0.24208701 0.61579299
vt 0.24033099 0.58444399
vt 0.24003600 0.61245102
vt 0.23832300 0.61247700
vt 0.23859000 0.58434200
vt 0.23710801 0.61296701
vt 0.23736300 0.58379000
vt 0.23859000 0.58434200
vt 0.23832300 0.61247700
vt 0.24044999 0.58148903
vt 0.24033099 0.58444399
vt 0.23859000 0.58434200
vt 0.23909900 0.58205199
vt 0.23736300 0.58379000
vt 0.23848200 0.58096403
vt 0.23909900 0.58205199
vt 0.23859000 0.58434200
vt 0.24044999 0.58148903
vt 0.23909900 0.58205199
vt 0.23848200 0.58096403
vt 0.24012700 0.57948703
vt 0.24012700 0.57948703
vt 0.23848200 0.58096403
vt 0.23764800 0.57982701
vt 0.23950499 0.57810497
vt 0.23626401 0.58307201
vt 0.23764800 0.57982701
vt 0.23848200 0.58096403
vt 0.23736300 0.58379000
vt 0.24223800 0.57886398
vt 0.24012700 0.57948703
vt 0.23950499 0.57810497
vt 0.24167100 0.57734799
vt 0.24167100 0.57734799
vt 0.23950499 0.57810497
vt 0.23866799 0.57700801
vt 0.24100401 0.57623798
vt 0.23950499 0.57810497
vt 0.23764800 0.57982701
vt 0.23644200 0.57872999
vt 0.23866799 0.57700801
vt 0.23677100 0.57439899
vt 0.23866799 0.57700801
vt 0.23644200 0.57872999
vt 0.21964499 0.56853300
vt 0.22018600 0.56382197
vt 0.23960599 0.57409602
vt 0.24100401 0.57623798
vt 0.23866799 0.57700801
vt 0.23677100 0.57439899
vt 0.23472500 0.58235699
vt 0.23644200 0.57872999
vt 0.23764800 0.57982701
vt 0.23626401 0.58307201
vt 0.21964499 0.56853300
vt 0.23644200 0.57872999
vt 0.23472500 0.58235699
vt 0.21899000 0.57487100
vt 0.23472500 0.58235699
vt 0.23449600 0.61427099
vt 0.21863399 0.62081999
vt 0.21899000 0.57487100
vt 0.23449600 0.61427099
vt 0.23472500 0.58235699
vt 0.23626401 0.58307201
vt 0.23601900 0.61362702
vt 0.23601900 0.61362702
vt 0.23626401 0.58307201
vt 0.23736300 0.58379000
vt 0.23710801 0.61296701
vt 0.24100401 0.57623798
vt 0.24981800 0.57418603
vt 0.25051701 0.57557499
vt 0.24167100 0.57734799
vt 0.24100401 0.57623798
vt 0.23960599 0.57409602
vt 0.24860600 0.57133001
vt 0.24981800 0.57418603
vt 0.23894200 0.57275599
vt 0.23960599 0.57409602
vt 0.23677100 0.57439899
vt 0.23597400 0.57277399
vt 0.24860600 0.57133001
vt 0.23960599 0.57409602
vt 0.23894200 0.57275599
vt 0.24801899 0.56987202
vt 0.25095600 0.56900001
vt 0.25150400 0.57045197
vt 0.24860600 0.57133001
vt 0.24801899 0.56987202
vt 0.25025600 0.56746203
vt 0.25095600 0.56900001
vt 0.24801899 0.56987202
vt 0.24738400 0.56830698
vt 0.23894200 0.57275599
vt 0.23827399 0.57128102
vt 0.24738400 0.56830698
vt 0.24801899 0.56987202
vt 0.24738400 0.56830698
vt 0.23827399 0.57128102
vt 0.23759200 0.56968498
vt 0.24664600 0.56661397
vt 0.24925500 0.56580102
vt 0.25025600 0.56746203
vt 0.24738400 0.56830698
vt 0.24664600 0.56661397
vt 0.25439000 0.56662297
vt 0.25500900 0.56808197
vt 0.25095600 0.56900001
vt 0.25025600 0.56746203
vt 0.24664600 0.56661397
vt 0.23759200 0.56968498
vt 0.23686200 0.56791198
vt 0.24574400 0.56471997
vt 0.23686200 0.56791198
vt 0.23759200 0.56968498
vt 0.23453499 0.56935501
vt 0.23386900 0.56748497
vt 0.23759200 0.56968498
vt 0.23827399 0.57128102
vt 0.23522399 0.57110602
vt 0.23453499 0.56935501
vt 0.23386900 0.56748497
vt 0.23453499 0.56935501
vt 0.21994799 0.55277699
vt 0.21983200 0.54943401
vt 0.23453499 0.56935501
vt 0.23522399 0.57110602
vt 0.22010900 0.55628997
vt 0.21994799 0.55277699
vt 0.23597400 0.57277399
vt 0.22027400 0.55994302
vt 0.22010900 0.55628997
vt 0.23522399 0.57110602
vt 0.23827399 0.57128102
vt 0.23894200 0.57275599
vt 0.23597400 0.57277399
vt 0.23522399 0.57110602
vt 0.22027400 0.55994302
vt 0.23597400 0.57277399
vt 0.23677100 0.57439899
vt 0.22018600 0.56382197
vt 0.21668100 0.54791999
vt 0.21994799 0.55277699
vt 0.22010900 0.55628997
vt 0.21645001 0.55138600
vt 0.21679600 0.54459602
vt 0.21983200 0.54943401
vt 0.21994799 0.55277699
vt 0.21668100 0.54791999
vt 0.25500900 0.56808197
vt 0.25543699 0.56948501
vt 0.25150400 0.57045197
vt 0.25095600 0.56900001
vt 0.26025701 0.56742001
vt 0.26048800 0.56869602
vt 0.25543699 0.56948501
vt 0.25500900 0.56808197
vt 0.25051701 0.57557499
vt 0.25120401 0.57689899
vt 0.24223800 0.57886398
vt 0.24167100 0.57734799
vt 0.24105300 0.61945701
vt 0.23898301 0.61860800
vt 0.23964401 0.61729902
vt 0.24167199 0.61801898
vt 0.24105300 0.61945701
vt 0.24167199 0.61801898
vt 0.25035200 0.62038100
vt 0.24961101 0.62163001
vt 0.24738801 0.61624402
vt 0.25105301 0.61927998
vt 0.25035200 0.62038100
vt 0.24167199 0.61801898
vt 0.24208701 0.61579299
vt 0.25211799 0.62261498
vt 0.24961101 0.62163001
vt 0.25035200 0.62038100
vt 0.25272900 0.62138098
vt 0.24035700 0.62048799
vt 0.24105300 0.61945701
vt 0.24961101 0.62163001
vt 0.24885499 0.62293798
vt 0.07403800 0.62098998
vt 0.06537900 0.62398797
vt 0.06409500 0.62125701
vt 0.07262200 0.61897397
vt 0.07090600 0.61100602
vt 0.07308100 0.61095798
vt 0.07303000 0.61385900
vt 0.07097900 0.61425501
vt 0.07308100 0.61095798
vt 0.07478700 0.61101002
vt 0.07433500 0.61326402
vt 0.07303000 0.61385900
vt 0.06254500 0.57554603
vt 0.06324900 0.57425398
vt 0.07193200 0.57617003
vt 0.07134700 0.57765502
vt 0.04688300 0.61366302
vt 0.04751100 0.61731201
vt 0.04325900 0.61808699
vt 0.04276400 0.61496198
vt 0.04276400 0.61496198
vt 0.04103500 0.61083102
vt 0.04576400 0.60804498
vt 0.04688300 0.61366302
vt 0.03976600 0.61624902
vt 0.03747600 0.61457199
vt 0.04103500 0.61083102
vt 0.04276400 0.61496198
vt 0.04276400 0.61496198
vt 0.04325900 0.61808699
vt 0.03923100 0.61836398
vt 0.03976600 0.61624902
vt 0.04325900 0.61808699
vt 0.04325400 0.62009501
vt 0.03878400 0.62011099
vt 0.03923100 0.61836398
vt 0.03976600 0.61624902
vt 0.03923100 0.61836398
vt 0.03552300 0.61743897
vt 0.03747600 0.61457199
vt 0.03923100 0.61836398
vt 0.03878400 0.62011099
vt 0.03456300 0.61928803
vt 0.03552300 0.61743897
vt 0.03747600 0.61457199
vt 0.03552300 0.61743897
vt 0.03181100 0.61582702
vt 0.03400700 0.61244798
vt 0.03552300 0.61743897
vt 0.03456300 0.61928803
vt 0.03055200 0.61778098
vt 0.03181100 0.61582702
vt 0.03878400 0.62011099
vt 0.03851800 0.62116599
vt 0.03407900 0.62034398
vt 0.03456300 0.61928803
vt 0.03456300 0.61928803
vt 0.03407900 0.62034398
vt 0.02988900 0.61883402
vt 0.03055200 0.61778098
vt 0.03181100 0.61582702
vt 0.03055200 0.61778098
vt 0.02676700 0.61575502
vt 0.02808300 0.61407101
vt 0.03055200 0.61778098
vt 0.02988900 0.61883402
vt 0.02600000 0.61668199
vt 0.02676700 0.61575502
vt 0.02988900 0.61883402
vt 0.02944100 0.61957198
vt 0.02543700 0.61735201
vt 0.02600000 0.61668199
vt 0.03407900 0.62034398
vt 0.03375500 0.62112498
vt 0.02944100 0.61957198
vt 0.02988900 0.61883402
vt 0.02476800 0.61812598
vt 0.02543700 0.61735201
vt 0.02944100 0.61957198
vt 0.02891800 0.62042099
vt 0.02600000 0.61668199
vt 0.02543700 0.61735201
vt 0.02185100 0.61446100
vt 0.02253100 0.61388201
vt 0.02103900 0.61514002
vt 0.02185100 0.61446100
vt 0.02543700 0.61735201
vt 0.02476800 0.61812598
vt 0.02253100 0.61388201
vt 0.02185100 0.61446100
vt 0.01881800 0.61089599
vt 0.01961900 0.61042303
vt 0.01787500 0.61145198
vt 0.01881800 0.61089599
vt 0.02185100 0.61446100
vt 0.02103900 0.61514002
vt 0.01541900 0.60713100
vt 0.01647000 0.60673302
vt 0.01881800 0.61089599
vt 0.01787500 0.61145198
vt 0.01961900 0.61042303
vt 0.01881800 0.61089599
vt 0.01647000 0.60673302
vt 0.01737100 0.60638899
vt 0.02074400 0.60979801
vt 0.01961900 0.61042303
vt 0.01737100 0.60638899
vt 0.01867800 0.60589999
vt 0.02342800 0.61312902
vt 0.02253100 0.61388201
vt 0.01961900 0.61042303
vt 0.02074400 0.60979801
vt 0.02279700 0.60877597
vt 0.02074400 0.60979801
vt 0.01867800 0.60589999
vt 0.02110900 0.60500902
vt 0.02493800 0.61188698
vt 0.02342800 0.61312902
vt 0.02074400 0.60979801
vt 0.02279700 0.60877597
vt 0.02676700 0.61575502
vt 0.02600000 0.61668199
vt 0.02253100 0.61388201
vt 0.02342800 0.61312902
vt 0.02808300 0.61407101
vt 0.02676700 0.61575502
vt 0.02342800 0.61312902
vt 0.02493800 0.61188698
vt 0.02678500 0.61039799
vt 0.02493800 0.61188698
vt 0.02279700 0.60877597
vt 0.02631100 0.60752302
vt 0.02988000 0.61114401
vt 0.02808300 0.61407101
vt 0.02493800 0.61188698
vt 0.02678500 0.61039799
vt 0.03400700 0.61244798
vt 0.03181100 0.61582702
vt 0.02808300 0.61407101
vt 0.02988000 0.61114401
vt 0.02678500 0.61039799
vt 0.02631100 0.60752302
vt 0.03162400 0.60659599
vt 0.02988000 0.61114401
vt 0.02988000 0.61114401
vt 0.03162400 0.60659599
vt 0.03748300 0.60710001
vt 0.03400700 0.61244798
vt 0.02631100 0.60752302
vt 0.02526000 0.60352701
vt 0.03176600 0.60126799
vt 0.03162400 0.60659599
vt 0.02631100 0.60752302
vt 0.02279700 0.60877597
vt 0.02110900 0.60500902
vt 0.02526000 0.60352701
vt 0.02309200 0.59982902
vt 0.02776800 0.59722799
vt 0.03176600 0.60126799
vt 0.02526000 0.60352701
vt 0.02526000 0.60352701
vt 0.02110900 0.60500902
vt 0.01952400 0.60110801
vt 0.02309200 0.59982902
vt 0.02110900 0.60500902
vt 0.01867800 0.60589999
vt 0.01722000 0.60166597
vt 0.01952400 0.60110801
vt 0.02309200 0.59982902
vt 0.01952400 0.60110801
vt 0.01875600 0.59725797
vt 0.02129400 0.59724897
vt 0.01952400 0.60110801
vt 0.01722000 0.60166597
vt 0.01664700 0.59726501
vt 0.01875600 0.59725797
vt 0.01867800 0.60589999
vt 0.01737100 0.60638899
vt 0.01591000 0.60193902
vt 0.01722000 0.60166597
vt 0.01722000 0.60166597
vt 0.01591000 0.60193902
vt 0.01537900 0.59726900
vt 0.01664700 0.59726501
vt 0.01591000 0.60193902
vt 0.01495900 0.60212201
vt 0.01441600 0.59727198
vt 0.01537900 0.59726900
vt 0.01737100 0.60638899
vt 0.01647000 0.60673302
vt 0.01495900 0.60212201
vt 0.01591000 0.60193902
vt 0.01327000 0.59727502
vt 0.01441600 0.59727198
vt 0.01495900 0.60212201
vt 0.01383700 0.60233200
vt 0.01383700 0.60233200
vt 0.01495900 0.60212201
vt 0.01647000 0.60673302
vt 0.01541900 0.60713100
vt 0.01192400 0.59728003
vt 0.01327000 0.59727502
vt 0.01383700 0.60233200
vt 0.01251700 0.60257101
vt 0.01380500 0.59221601
vt 0.01492800 0.59241802
vt 0.01441600 0.59727198
vt 0.01327000 0.59727502
vt 0.01248400 0.59198499
vt 0.01380500 0.59221601
vt 0.01327000 0.59727502
vt 0.01192400 0.59728003
vt 0.01104700 0.59174901
vt 0.01248400 0.59198499
vt 0.01192400 0.59728003
vt 0.01046500 0.59728402
vt 0.01411100 0.58696300
vt 0.01535600 0.58740801
vt 0.01380500 0.59221601
vt 0.01248400 0.59198499
vt 0.01274200 0.58650702
vt 0.01411100 0.58696300
vt 0.01248400 0.59198499
vt 0.01104700 0.59174901
vt 0.00990000 0.58573800
vt 0.01274200 0.58650702
vt 0.01104700 0.59174901
vt 0.00814300 0.59135300
vt 0.01540200 0.58181298
vt 0.01274200 0.58650702
vt 0.00990000 0.58573800
vt 0.01270900 0.58073598
vt 0.01540200 0.58181298
vt 0.01665600 0.58244902
vt 0.01411100 0.58696300
vt 0.01274200 0.58650702
vt 0.01883800 0.57782602
vt 0.01994200 0.57860398
vt 0.01665600 0.58244902
vt 0.01540200 0.58181298
vt 0.01639400 0.57650399
vt 0.01883800 0.57782602
vt 0.01540200 0.58181298
vt 0.01270900 0.58073598
vt 0.01665600 0.58244902
vt 0.01778200 0.58307302
vt 0.01535600 0.58740801
vt 0.01411100 0.58696300
vt 0.01994200 0.57860398
vt 0.02092000 0.57936603
vt 0.01778200 0.58307302
vt 0.01665600 0.58244902
vt 0.02289200 0.57459497
vt 0.02381500 0.57548702
vt 0.01994200 0.57860398
vt 0.01883800 0.57782602
vt 0.00855800 0.58546197
vt 0.01139300 0.58034599
vt 0.01270900 0.58073598
vt 0.00990000 0.58573800
vt 0.01139300 0.58034599
vt 0.01515800 0.57600802
vt 0.01639400 0.57650399
vt 0.01270900 0.58073598
vt 0.01515800 0.57600802
vt 0.01972500 0.57241899
vt 0.02080500 0.57303900
vt 0.01639400 0.57650399
vt 0.02080500 0.57303900
vt 0.02289200 0.57459497
vt 0.01883800 0.57782602
vt 0.01639400 0.57650399
vt 0.01972500 0.57241899
vt 0.02488800 0.56954902
vt 0.02574700 0.57030898
vt 0.02080500 0.57303900
vt 0.02739300 0.57209402
vt 0.02289200 0.57459497
vt 0.02080500 0.57303900
vt 0.02574700 0.57030898
vt 0.02488800 0.56954902
vt 0.03043800 0.56742400
vt 0.03103900 0.56831402
vt 0.02574700 0.57030898
vt 0.03103900 0.56831402
vt 0.03220900 0.57030201
vt 0.02739300 0.57209402
vt 0.02574700 0.57030898
vt 0.03043800 0.56742400
vt 0.03620800 0.56607598
vt 0.03655400 0.56706899
vt 0.03103900 0.56831402
vt 0.03655400 0.56706899
vt 0.03726400 0.56922501
vt 0.03220900 0.57030201
vt 0.03103900 0.56831402
vt 0.03220900 0.57030201
vt 0.03273400 0.57136703
vt 0.02811900 0.57307899
vt 0.02739300 0.57209402
vt 0.02409200 0.56890202
vt 0.02988200 0.56664300
vt 0.03043800 0.56742400
vt 0.02488800 0.56954902
vt 0.02988200 0.56664300
vt 0.03589400 0.56519502
vt 0.03620800 0.56607598
vt 0.03043800 0.56742400
vt 0.03620800 0.56607598
vt 0.04210500 0.56548297
vt 0.04223300 0.56655598
vt 0.03655400 0.56706899
vt 0.03589400 0.56519502
vt 0.04199600 0.56452602
vt 0.04210500 0.56548297
vt 0.03620800 0.56607598
vt 0.02942800 0.56602597
vt 0.03563900 0.56449199
vt 0.03589400 0.56519502
vt 0.02988200 0.56664300
vt 0.03563900 0.56449199
vt 0.04190500 0.56376302
vt 0.04199600 0.56452602
vt 0.03589400 0.56519502
vt 0.04190500 0.56376302
vt 0.04816100 0.56363398
vt 0.04812300 0.56448001
vt 0.04199600 0.56452602
vt 0.04199600 0.56452602
vt 0.04812300 0.56448001
vt 0.04803800 0.56552899
vt 0.04210500 0.56548297
vt 0.04812300 0.56448001
vt 0.05413400 0.56480300
vt 0.05380500 0.56600600
vt 0.04803800 0.56552899
vt 0.04210500 0.56548297
vt 0.04803800 0.56552899
vt 0.04797400 0.56668299
vt 0.04223300 0.56655598
vt 0.04190500 0.56376302
vt 0.03563900 0.56449199
vt 0.03546800 0.56402898
vt 0.04183300 0.56326097
vt 0.04816100 0.56363398
vt 0.04190500 0.56376302
vt 0.04183300 0.56326097
vt 0.04810600 0.56308401
vt 0.04183300 0.56326097
vt 0.03546800 0.56402898
vt 0.03537000 0.56376398
vt 0.04178700 0.56297600
vt 0.04810600 0.56308401
vt 0.04183300 0.56326097
vt 0.04178700 0.56297600
vt 0.04806900 0.56277698
vt 0.03546800 0.56402898
vt 0.02912700 0.56562102
vt 0.02895800 0.56538999
vt 0.03537000 0.56376398
vt 0.03563900 0.56449199
vt 0.02942800 0.56602597
vt 0.02912700 0.56562102
vt 0.03546800 0.56402898
vt 0.02942800 0.56602597
vt 0.02344500 0.56840098
vt 0.02301900 0.56807500
vt 0.02912700 0.56562102
vt 0.02912700 0.56562102
vt 0.02301900 0.56807500
vt 0.02278300 0.56789201
vt 0.02895800 0.56538999
vt 0.02895800 0.56538999
vt 0.02278300 0.56789201
vt 0.02266800 0.56778002
vt 0.02887200 0.56525302
vt 0.02278300 0.56789201
vt 0.01711800 0.57115698
vt 0.01698200 0.57107598
vt 0.02266800 0.56778002
vt 0.02301900 0.56807500
vt 0.01740500 0.57129103
vt 0.01711800 0.57115698
vt 0.02278300 0.56789201
vt 0.01711800 0.57115698
vt 0.01223000 0.57506901
vt 0.01208200 0.57501799
vt 0.01698200 0.57107598
vt 0.01740500 0.57129103
vt 0.01254800 0.57516301
vt 0.01223000 0.57506901
vt 0.01711800 0.57115698
vt 0.01793200 0.57153398
vt 0.01313600 0.57533902
vt 0.01254800 0.57516301
vt 0.01740500 0.57129103
vt 0.02344500 0.56840098
vt 0.01793200 0.57153398
vt 0.01740500 0.57129103
vt 0.02301900 0.56807500
vt 0.01793200 0.57153398
vt 0.02344500 0.56840098
vt 0.02409200 0.56890202
vt 0.01873300 0.57191300
vt 0.01313600 0.57533902
vt 0.01793200 0.57153398
vt 0.01873300 0.57191300
vt 0.01403500 0.57562000
vt 0.01403500 0.57562000
vt 0.01873300 0.57191300
vt 0.01972500 0.57241899
vt 0.01515800 0.57600802
vt 0.01873300 0.57191300
vt 0.02409200 0.56890202
vt 0.02488800 0.56954902
vt 0.01972500 0.57241899
vt 0.02344500 0.56840098
vt 0.02942800 0.56602597
vt 0.02988200 0.56664300
vt 0.02409200 0.56890202
vt 0.01223000 0.57506901
vt 0.00833500 0.57963902
vt 0.00818400 0.57960999
vt 0.01208200 0.57501799
vt 0.42320099 0.58196402
vt 0.42844200 0.58581698
vt 0.42833599 0.58594900
vt 0.42312199 0.58211899
vt 0.42844200 0.58581698
vt 0.43221101 0.59045500
vt 0.43208301 0.59056002
vt 0.42833599 0.58594900
vt 0.43221101 0.59045500
vt 0.43463600 0.59569103
vt 0.43449000 0.59576499
vt 0.43208301 0.59056002
vt 0.41684499 0.57905000
vt 0.42320099 0.58196402
vt 0.42312199 0.58211899
vt 0.41679400 0.57922000
vt 0.40985399 0.57722402
vt 0.41684499 0.57905000
vt 0.41679400 0.57922000
vt 0.40983501 0.57740402
vt 0.41664600 0.57950699
vt 0.40976599 0.57770699
vt 0.40983501 0.57740402
vt 0.41679400 0.57922000
vt 0.04223300 0.56655598
vt 0.04253700 0.56887001
vt 0.03726400 0.56922501
vt 0.03655400 0.56706899
vt 0.04791800 0.56913799
vt 0.04253700 0.56887001
vt 0.04223300 0.56655598
vt 0.04797400 0.56668299
vt 0.02739300 0.57209402
vt 0.02811900 0.57307899
vt 0.02381500 0.57548702
vt 0.02289200 0.57459497
vt 0.01535600 0.58740801
vt 0.01640900 0.58779901
vt 0.01492800 0.59241802
vt 0.01380500 0.59221601
vt 0.01537900 0.59726900
vt 0.01441600 0.59727198
vt 0.01492800 0.59241802
vt 0.01588100 0.59259599
vt 0.01588100 0.59259599
vt 0.01492800 0.59241802
vt 0.01640900 0.58779901
vt 0.01731200 0.58813697
vt 0.01664700 0.59726501
vt 0.01537900 0.59726900
vt 0.01588100 0.59259599
vt 0.01719200 0.59285998
vt 0.01719200 0.59285998
vt 0.01588100 0.59259599
vt 0.01731200 0.58813697
vt 0.01862200 0.58861703
vt 0.01949900 0.59340298
vt 0.01719200 0.59285998
vt 0.01862200 0.58861703
vt 0.02105700 0.58949202
vt 0.01875600 0.59725797
vt 0.01664700 0.59726501
vt 0.01719200 0.59285998
vt 0.01949900 0.59340298
vt 0.02307600 0.59465802
vt 0.01949900 0.59340298
vt 0.02105700 0.58949202
vt 0.02521800 0.59094602
vt 0.02129400 0.59724897
vt 0.01875600 0.59725797
vt 0.01949900 0.59340298
vt 0.02307600 0.59465802
vt 0.02129400 0.59724897
vt 0.02307600 0.59465802
vt 0.02776800 0.59722799
vt 0.02309200 0.59982902
vt 0.02307600 0.59465802
vt 0.02521800 0.59094602
vt 0.03173900 0.59315997
vt 0.02776800 0.59722799
vt 0.02624200 0.58694398
vt 0.03156000 0.58783400
vt 0.03173900 0.59315997
vt 0.02521800 0.59094602
vt 0.02521800 0.59094602
vt 0.02105700 0.58949202
vt 0.02272000 0.58571500
vt 0.02624200 0.58694398
vt 0.02624200 0.58694398
vt 0.02272000 0.58571500
vt 0.02484000 0.58258998
vt 0.02669500 0.58406597
vt 0.02669500 0.58406597
vt 0.02978500 0.58329898
vt 0.03156000 0.58783400
vt 0.02624200 0.58694398
vt 0.03747600 0.61457199
vt 0.03400700 0.61244798
vt 0.03748300 0.60710001
vt 0.04103500 0.61083102
vt 0.03851800 0.62116599
vt 0.03832100 0.62198400
vt 0.03375500 0.62112498
vt 0.03407900 0.62034398
vt 0.04325400 0.62009501
vt 0.04318500 0.62125099
vt 0.03851800 0.62116599
vt 0.03878400 0.62011099
vt 0.03746900 0.62517101
vt 0.03779300 0.62403202
vt 0.04289100 0.62427402
vt 0.04275000 0.62548101
vt 0.00938400 0.61474401
vt 0.01327500 0.61922097
vt 0.01268700 0.61940098
vt 0.00877300 0.61488003
vt 0.00877300 0.61488003
vt 0.01268700 0.61940098
vt 0.01237000 0.61949700
vt 0.00844300 0.61494797
vt 0.00590500 0.60957903
vt 0.00877300 0.61488003
vt 0.00844300 0.61494797
vt 0.00557700 0.60962498
vt 0.00651300 0.60948598
vt 0.00938400 0.61474401
vt 0.00877300 0.61488003
vt 0.00590500 0.60957903
vt 0.00416900 0.60361999
vt 0.00590500 0.60957903
vt 0.00557700 0.60962498
vt 0.00384600 0.60364199
vt 0.00476400 0.60357100
vt 0.00651300 0.60948598
vt 0.00590500 0.60957903
vt 0.00416900 0.60361999
vt 0.00418100 0.59730297
vt 0.00476400 0.60357100
vt 0.00416900 0.60361999
vt 0.00359300 0.59730500
vt 0.00359300 0.59730500
vt 0.00416900 0.60361999
vt 0.00384600 0.60364199
vt 0.00327200 0.59730601
vt 0.00384600 0.60364199
vt 0.00557700 0.60962498
vt 0.00542500 0.60964000
vt 0.00369300 0.60364902
vt 0.00472700 0.59103400
vt 0.00418100 0.59730297
vt 0.00359300 0.59730500
vt 0.00413200 0.59098899
vt 0.00476400 0.60357100
vt 0.00418100 0.59730297
vt 0.00508200 0.59730101
vt 0.00567900 0.60349202
vt 0.00651300 0.60948598
vt 0.00476400 0.60357100
vt 0.00567900 0.60349202
vt 0.00744700 0.60933501
vt 0.00744700 0.60933501
vt 0.00567900 0.60349202
vt 0.00684500 0.60337901
vt 0.00863200 0.60912001
vt 0.42378899 0.63251299
vt 0.42882901 0.62853801
vt 0.42910200 0.62873000
vt 0.42400900 0.63275701
vt 0.41759199 0.63560402
vt 0.42378899 0.63251299
vt 0.42400900 0.63275701
vt 0.41775000 0.63588703
vt 0.03040900 0.57666099
vt 0.02973900 0.57561302
vt 0.03391500 0.57407302
vt 0.03440700 0.57512498
vt 0.12454600 0.55883300
vt 0.12840199 0.55931801
vt 0.12842099 0.56014901
vt 0.12449500 0.55959499
vt 0.12840199 0.55931801
vt 0.13232800 0.55961698
vt 0.13235299 0.56052399
vt 0.12842099 0.56014901
vt 0.13232800 0.55961698
vt 0.13630800 0.55993700
vt 0.13631099 0.56080300
vt 0.13235299 0.56052399
vt 0.14355400 0.58197498
vt 0.14354800 0.58217901
vt 0.13922000 0.58203900
vt 0.13922700 0.58183402
vt 0.14354800 0.58217901
vt 0.14351401 0.58327001
vt 0.13918300 0.58315301
vt 0.13922000 0.58203900
vt 0.13922000 0.58203900
vt 0.13918300 0.58315301
vt 0.13486201 0.58298498
vt 0.13490200 0.58188403
vt 0.13922700 0.58183402
vt 0.13922000 0.58203900
vt 0.13490200 0.58188403
vt 0.13491000 0.58167899
vt 0.13914400 0.58438301
vt 0.13918300 0.58315301
vt 0.14351401 0.58327001
vt 0.14349499 0.58450800
vt 0.13480200 0.58423603
vt 0.13486201 0.58298498
vt 0.13918300 0.58315301
vt 0.13914400 0.58438301
vt 0.13486201 0.58298498
vt 0.13480200 0.58423603
vt 0.13044700 0.58405203
vt 0.13052100 0.58277798
vt 0.13039500 0.58514500
vt 0.13044700 0.58405203
vt 0.13480200 0.58423603
vt 0.13475201 0.58534098
vt 0.13475201 0.58534098
vt 0.13480200 0.58423603
vt 0.13914400 0.58438301
vt 0.13911000 0.58550501
vt 0.13038599 0.58535498
vt 0.13039500 0.58514500
vt 0.13475201 0.58534098
vt 0.13474400 0.58554798
vt 0.13474400 0.58554798
vt 0.13475201 0.58534098
vt 0.13911000 0.58550501
vt 0.13910399 0.58571303
vt 0.12598801 0.58516800
vt 0.12599801 0.58495599
vt 0.13039500 0.58514500
vt 0.13038599 0.58535498
vt 0.12599801 0.58495599
vt 0.12605900 0.58381200
vt 0.13044700 0.58405203
vt 0.13039500 0.58514500
vt 0.13038599 0.58535498
vt 0.13025600 0.58838701
vt 0.12584600 0.58816200
vt 0.12598801 0.58516800
vt 0.12598801 0.58516800
vt 0.12584600 0.58816200
vt 0.12135600 0.58797598
vt 0.12151300 0.58492202
vt 0.12151300 0.58492202
vt 0.12152700 0.58470601
vt 0.12599801 0.58495599
vt 0.12598801 0.58516800
vt 0.12584600 0.58816200
vt 0.12583700 0.58837700
vt 0.12134600 0.58819300
vt 0.12135600 0.58797598
vt 0.12152700 0.58470601
vt 0.12161200 0.58355701
vt 0.12605900 0.58381200
vt 0.12599801 0.58495599
vt 0.11180100 0.58822101
vt 0.11319300 0.58916301
vt 0.11307400 0.58982199
vt 0.11172900 0.59052598
vt 0.11172900 0.59052598
vt 0.11307400 0.58982199
vt 0.11666900 0.59054601
vt 0.11656200 0.59168798
vt 0.50289500 0.43997300
vt 0.50269502 0.44060099
vt 0.50232601 0.44109100
vt 0.50184298 0.44136700
vt 0.50132102 0.44139001
vt 0.50083899 0.44115400
vt 0.50046998 0.44069600
vt 0.50027102 0.44008499
vt 0.50027102 0.43941501
vt 0.50047100 0.43878701
vt 0.50084001 0.43829700
vt 0.50132197 0.43801999
vt 0.50184399 0.43799800
vt 0.50232601 0.43823400
vt 0.50269598 0.43869200
vt 0.50289500 0.43930301
vt 0.52098399 0.43910301
vt 0.52098501 0.44117299
vt 0.52042401 0.44135401
vt 0.52042401 0.43928400
vt 0.52042401 0.43928400
vt 0.52042401 0.44135401
vt 0.51976597 0.44139001
vt 0.51976502 0.43932000
vt 0.51976502 0.43932000
vt 0.51976597 0.44139001
vt 0.51911098 0.44127601
vt 0.51911002 0.43920600
vt 0.20240501 0.17829899
vt 0.20260499 0.17767200
vt 0.20260499 0.17700100
vt 0.20240501 0.17639101
vt 0.20203599 0.17593201
vt 0.20155400 0.17569600
vt 0.20103200 0.17571899
vt 0.20055000 0.17599601
vt 0.20018101 0.17648600
vt 0.19998100 0.17711399
vt 0.19998100 0.17778400
vt 0.20017999 0.17839400
vt 0.20054901 0.17885301
vt 0.20103200 0.17908899
vt 0.20155300 0.17906600
vt 0.20203499 0.17878900
vt 0.51911002 0.43920600
vt 0.51911098 0.44127601
vt 0.51855701 0.44103000
vt 0.51855701 0.43895900
vt 0.51374900 0.01256500
vt 0.51374900 0.01009700
vt 0.51314002 0.01018000
vt 0.51314002 0.01264800
vt 0.51314002 0.01264800
vt 0.51314002 0.01018000
vt 0.51247001 0.01019500
vt 0.51246899 0.01266300
vt 0.51246899 0.01266300
vt 0.51247001 0.01019500
vt 0.51183897 0.01014100
vt 0.51183897 0.01260900
vt 0.51183897 0.01260900
vt 0.51183897 0.01014100
vt 0.51134503 0.01002600
vt 0.51134503 0.01249400
vt 0.51855803 0.20943600
vt 0.51855803 0.21150599
vt 0.51911801 0.21132600
vt 0.51911801 0.20925599
vt 0.51911801 0.20925599
vt 0.51911801 0.21132600
vt 0.51977599 0.21129000
vt 0.51977599 0.20922001
vt 0.51977599 0.20922001
vt 0.51977599 0.21129000
vt 0.52043200 0.21140400
vt 0.52043200 0.20933300
vt 0.52043200 0.20933300
vt 0.52043200 0.21140400
vt 0.52098501 0.21165000
vt 0.52098501 0.20958000
vt 0.50953603 0.47930601
vt 0.50953603 0.47683901
vt 0.51014501 0.47675601
vt 0.51014501 0.47922501
vt 0.51014501 0.47922501
vt 0.51014501 0.47675601
vt 0.51081502 0.47674099
vt 0.51081502 0.47920901
vt 0.51081502 0.47920901
vt 0.51081502 0.47674099
vt 0.51144499 0.47679499
vt 0.51144600 0.47926301
vt 0.51144600 0.47926301
vt 0.51144499 0.47679499
vt 0.51194000 0.47691000
vt 0.51194000 0.47937801
vt 0.21526800 0.51869798
vt 0.21526800 0.52076900
vt 0.21470800 0.52094901
vt 0.21470800 0.51887798
vt 0.20803200 0.13063800
vt 0.20783199 0.13126600
vt 0.20746300 0.13175599
vt 0.20698000 0.13203301
vt 0.20645800 0.13205500
vt 0.20597599 0.13181899
vt 0.20560700 0.13136099
vt 0.20540801 0.13075000
vt 0.20540801 0.13008000
vt 0.20560800 0.12945201
vt 0.20597699 0.12896299
vt 0.20645900 0.12868600
vt 0.20698100 0.12866300
vt 0.20746399 0.12889899
vt 0.20783301 0.12935700
vt 0.20803200 0.12996800
vt 0.21470800 0.51887798
vt 0.21470800 0.52094901
vt 0.21404999 0.52098501
vt 0.21404999 0.51891398
vt 0.50269502 0.45507199
vt 0.50289500 0.45444500
vt 0.50289500 0.45377401
vt 0.50269598 0.45316401
vt 0.50232702 0.45270601
vt 0.50184399 0.45247000
vt 0.50132197 0.45249200
vt 0.50084001 0.45276901
vt 0.50047100 0.45325899
vt 0.50027102 0.45388699
vt 0.50027102 0.45455700
vt 0.50046998 0.45516801
vt 0.50084001 0.45562601
vt 0.50132102 0.45586199
vt 0.50184399 0.45583901
vt 0.50232601 0.45556200
vt 0.21404999 0.51891398
vt 0.21404999 0.52098501
vt 0.21339400 0.52087098
vt 0.21339400 0.51880097
vt 0.21339400 0.51880097
vt 0.21339400 0.52087098
vt 0.21284100 0.52062398
vt 0.21284100 0.51855397
vt 0.51374900 0.46300000
vt 0.51374900 0.46053201
vt 0.51314002 0.46061400
vt 0.51314002 0.46308300
vt 0.51314002 0.46308300
vt 0.51314002 0.46061400
vt 0.51247001 0.46062899
vt 0.51246899 0.46309799
vt 0.51246899 0.46309799
vt 0.51247001 0.46062899
vt 0.51183897 0.46057600
vt 0.51183897 0.46304399
vt 0.51183897 0.46304399
vt 0.51183897 0.46057600
vt 0.51134503 0.46046099
vt 0.51134503 0.46292901
vt 0.22731300 0.51876998
vt 0.22731300 0.52083999
vt 0.22787300 0.52065998
vt 0.22787300 0.51858997
vt 0.22787300 0.51858997
vt 0.22787300 0.52065998
vt 0.22853100 0.52062398
vt 0.22853200 0.51855397
vt 0.22853200 0.51855397
vt 0.22853100 0.52062398
vt 0.22918700 0.52073801
vt 0.22918700 0.51866800
vt 0.22918700 0.51866800
vt 0.22918700 0.52073801
vt 0.22973999 0.52098501
vt 0.22973999 0.51891398
vt 0.04824700 0.51548600
vt 0.04824700 0.51301700
vt 0.04885600 0.51293600
vt 0.04885600 0.51540399
vt 0.04885600 0.51540399
vt 0.04885600 0.51293600
vt 0.04952700 0.51292098
vt 0.04952700 0.51538903
vt 0.04952700 0.51538903
vt 0.04952700 0.51292098
vt 0.05015700 0.51297402
vt 0.05015700 0.51544303
vt 0.05015700 0.51544303
vt 0.05015700 0.51297402
vt 0.05065100 0.51308900
vt 0.05065100 0.51555800
vt 0.22250400 0.52231598
vt 0.22250400 0.52438599
vt 0.22194400 0.52456701
vt 0.22194301 0.52249700
vt 0.50470400 0.46168101
vt 0.50450402 0.46230900
vt 0.50413501 0.46279800
vt 0.50365198 0.46307600
vt 0.50313002 0.46309799
vt 0.50264800 0.46286201
vt 0.50227898 0.46240401
vt 0.50208002 0.46179301
vt 0.50208002 0.46112299
vt 0.50228000 0.46049500
vt 0.50264901 0.46000499
vt 0.50313199 0.45972800
vt 0.50365299 0.45970601
vt 0.50413603 0.45994201
vt 0.50450402 0.46039999
vt 0.50470400 0.46101001
vt 0.22194301 0.52249700
vt 0.22194400 0.52456701
vt 0.22128600 0.52460301
vt 0.22128500 0.52253199
vt 0.50269502 0.49306101
vt 0.50289500 0.49243400
vt 0.50289500 0.49176401
vt 0.50269598 0.49115300
vt 0.50232601 0.49069399
vt 0.50184399 0.49045900
vt 0.50132197 0.49048099
vt 0.50084001 0.49075800
vt 0.50047100 0.49124801
vt 0.50027102 0.49187499
vt 0.50027102 0.49254599
vt 0.50046998 0.49315599
vt 0.50083899 0.49361399
vt 0.50132102 0.49384999
vt 0.50184298 0.49382800
vt 0.50232601 0.49355099
vt 0.22128500 0.52253199
vt 0.22128600 0.52460301
vt 0.22063001 0.52448899
vt 0.22063001 0.52241898
vt 0.22063001 0.52241898
vt 0.22063001 0.52448899
vt 0.22007699 0.52424300
vt 0.22007599 0.52217197
vt 0.48661399 0.26220399
vt 0.48661399 0.25973499
vt 0.48600501 0.25981799
vt 0.48600501 0.26228601
vt 0.48600501 0.26228601
vt 0.48600501 0.25981799
vt 0.48533499 0.25983301
vt 0.48533499 0.26230100
vt 0.48533499 0.26230100
vt 0.48533499 0.25983301
vt 0.48470399 0.25977901
vt 0.48470399 0.26224700
vt 0.48470399 0.26224700
vt 0.48470399 0.25977901
vt 0.48421001 0.25966400
vt 0.48421001 0.26213199
vt 0.51674801 0.45545599
vt 0.51674801 0.45752701
vt 0.51730901 0.45734599
vt 0.51730901 0.45527601
vt 0.51730901 0.45527601
vt 0.51730901 0.45734599
vt 0.51796699 0.45730999
vt 0.51796699 0.45524001
vt 0.51796699 0.45524001
vt 0.51796699 0.45730999
vt 0.51862198 0.45742401
vt 0.51862198 0.45535401
vt 0.51862198 0.45535401
vt 0.51862198 0.45742401
vt 0.51917601 0.45767099
vt 0.51917601 0.45560101
vt 0.50049198 0.07952400
vt 0.50049102 0.07705500
vt 0.50110000 0.07697300
vt 0.50110000 0.07944100
vt 0.50110000 0.07944100
vt 0.50110000 0.07697300
vt 0.50177002 0.07695800
vt 0.50177097 0.07942600
vt 0.50177097 0.07942600
vt 0.50177002 0.07695800
vt 0.50240099 0.07701200
vt 0.50240099 0.07948000
vt 0.50240099 0.07948000
vt 0.50240099 0.07701200
vt 0.50289500 0.07712700
vt 0.50289500 0.07959500
vt 0.51917601 0.42101401
vt 0.51917601 0.42308399
vt 0.51861501 0.42326400
vt 0.51861501 0.42119399
vt 0.07055000 0.01848100
vt 0.07035000 0.01910800
vt 0.06998200 0.01959800
vt 0.06949900 0.01987600
vt 0.06897700 0.01989900
vt 0.06849500 0.01966300
vt 0.06812600 0.01920500
vt 0.06792600 0.01859400
vt 0.06792600 0.01792400
vt 0.06812600 0.01729600
vt 0.06849500 0.01680600
vt 0.06897700 0.01652900
vt 0.06949800 0.01650600
vt 0.06998100 0.01674200
vt 0.07035000 0.01720000
vt 0.07055000 0.01781100
vt 0.51861501 0.42119399
vt 0.51861501 0.42326400
vt 0.51795697 0.42330000
vt 0.51795697 0.42122999
vt 0.24582100 0.23799500
vt 0.24602100 0.23736700
vt 0.24602100 0.23669700
vt 0.24582100 0.23608600
vt 0.24545200 0.23562799
vt 0.24496999 0.23539300
vt 0.24444801 0.23541500
vt 0.24396500 0.23569199
vt 0.24359600 0.23618200
vt 0.24339700 0.23681000
vt 0.24339700 0.23748000
vt 0.24359600 0.23809101
vt 0.24396500 0.23854899
vt 0.24444801 0.23878500
vt 0.24496900 0.23876201
vt 0.24545200 0.23848499
vt 0.51795697 0.42122999
vt 0.51795697 0.42330000
vt 0.51730102 0.42318600
vt 0.51730198 0.42111599
vt 0.51730198 0.42111599
vt 0.51730102 0.42318600
vt 0.51674902 0.42293900
vt 0.51674902 0.42086899
vt 0.51374900 0.22421600
vt 0.51374900 0.22174700
vt 0.51314002 0.22182900
vt 0.51314002 0.22429800
vt 0.51314002 0.22429800
vt 0.51314002 0.22182900
vt 0.51246899 0.22184400
vt 0.51247001 0.22431301
vt 0.51247001 0.22431301
vt 0.51246899 0.22184400
vt 0.51183897 0.22179100
vt 0.51183897 0.22425900
vt 0.51183897 0.22425900
vt 0.51183897 0.22179100
vt 0.51134503 0.22167601
vt 0.51134503 0.22414400
vt 0.23454800 0.51876998
vt 0.23454800 0.52083999
vt 0.23510900 0.52065998
vt 0.23510900 0.51858997
vt 0.23510900 0.51858997
vt 0.23510900 0.52065998
vt 0.23576701 0.52062398
vt 0.23576701 0.51855397
vt 0.23576701 0.51855397
vt 0.23576701 0.52062398
vt 0.23642300 0.52073801
vt 0.23642200 0.51866800
vt 0.23642200 0.51866800
vt 0.23642300 0.52073801
vt 0.23697600 0.52098501
vt 0.23697600 0.51891398
vt 0.31416699 0.26222900
vt 0.31416601 0.25976101
vt 0.31477499 0.25967899
vt 0.31477499 0.26214701
vt 0.31477499 0.26214701
vt 0.31477499 0.25967899
vt 0.31544599 0.25966400
vt 0.31544599 0.26213199
vt 0.31544599 0.26213199
vt 0.31544599 0.25966400
vt 0.31607601 0.25971800
vt 0.31607601 0.26218599
vt 0.31607601 0.26218599
vt 0.31607601 0.25971800
vt 0.31657100 0.25983301
vt 0.31657100 0.26230100
vt 0.19356000 0.52412498
vt 0.19356000 0.52619499
vt 0.19300000 0.52637601
vt 0.19300000 0.52430600
vt 0.50470400 0.46891701
vt 0.50450402 0.46954501
vt 0.50413501 0.47003400
vt 0.50365198 0.47031200
vt 0.50313002 0.47033301
vt 0.50264800 0.47009799
vt 0.50227898 0.46963999
vt 0.50208002 0.46902901
vt 0.50208002 0.46835899
vt 0.50228000 0.46773100
vt 0.50264901 0.46724200
vt 0.50313199 0.46696401
vt 0.50365299 0.46694201
vt 0.50413603 0.46717799
vt 0.50450402 0.46763599
vt 0.50470400 0.46824601
vt 0.19300000 0.52430600
vt 0.19300000 0.52637601
vt 0.19234200 0.52641201
vt 0.19234100 0.52434099
vt 0.01969900 0.04624300
vt 0.01989900 0.04561500
vt 0.01989900 0.04494500
vt 0.01969900 0.04433500
vt 0.01933000 0.04387700
vt 0.01884700 0.04364100
vt 0.01832600 0.04366300
vt 0.01784300 0.04394100
vt 0.01747400 0.04443100
vt 0.01727500 0.04505800
vt 0.01727400 0.04572900
vt 0.01747500 0.04633900
vt 0.01784400 0.04679700
vt 0.01832600 0.04703300
vt 0.01884800 0.04701000
vt 0.01933000 0.04673300
vt 0.19234100 0.52434099
vt 0.19234200 0.52641201
vt 0.19168700 0.52629799
vt 0.19168600 0.52422702
vt 0.19168600 0.52422702
vt 0.19168700 0.52629799
vt 0.19113301 0.52605200
vt 0.19113301 0.52398098
vt 0.51013100 0.48832601
vt 0.51013100 0.48585701
vt 0.50952202 0.48594001
vt 0.50952202 0.48840699
vt 0.50952202 0.48840699
vt 0.50952202 0.48594001
vt 0.50885099 0.48595500
vt 0.50885201 0.48842299
vt 0.50885201 0.48842299
vt 0.50885099 0.48595500
vt 0.50822097 0.48590100
vt 0.50822097 0.48836899
vt 0.50822097 0.48836899
vt 0.50822097 0.48590100
vt 0.50772703 0.48578599
vt 0.50772703 0.48825401
vt 0.25625601 0.52057898
vt 0.25625601 0.52265000
vt 0.25681701 0.52247000
vt 0.25681701 0.52039897
vt 0.25681701 0.52039897
vt 0.25681701 0.52247000
vt 0.25747499 0.52243400
vt 0.25747499 0.52036297
vt 0.25747499 0.52036297
vt 0.25747499 0.52243400
vt 0.25813001 0.52254701
vt 0.25813001 0.52047700
vt 0.25813001 0.52047700
vt 0.25813001 0.52254701
vt 0.25868300 0.52279401
vt 0.25868300 0.52072400
vt 0.50953603 0.45398101
vt 0.50953603 0.45151299
vt 0.51014400 0.45143101
vt 0.51014501 0.45389900
vt 0.51014501 0.45389900
vt 0.51014400 0.45143101
vt 0.51081502 0.45141500
vt 0.51081598 0.45388401
vt 0.51081598 0.45388401
vt 0.51081502 0.45141500
vt 0.51144600 0.45146900
vt 0.51144600 0.45393699
vt 0.51144600 0.45393699
vt 0.51144600 0.45146900
vt 0.51194000 0.45158499
vt 0.51194000 0.45405301
vt 0.51917499 0.43005800
vt 0.51917601 0.43212900
vt 0.51861501 0.43230900
vt 0.51861501 0.43023801
vt 0.50470299 0.44720900
vt 0.50450301 0.44783700
vt 0.50413400 0.44832700
vt 0.50365102 0.44860300
vt 0.50312901 0.44862601
vt 0.50264698 0.44838899
vt 0.50227797 0.44793099
vt 0.50207901 0.44732100
vt 0.50207901 0.44665000
vt 0.50228000 0.44602299
vt 0.50264901 0.44553301
vt 0.50313199 0.44525599
vt 0.50365400 0.44523400
vt 0.50413603 0.44547001
vt 0.50450498 0.44592801
vt 0.50470400 0.44653901
vt 0.51861501 0.43023801
vt 0.51861501 0.43230900
vt 0.51795697 0.43234500
vt 0.51795602 0.43027499
vt 0.09567500 0.29045600
vt 0.09587600 0.28982800
vt 0.09587600 0.28915799
vt 0.09567700 0.28854701
vt 0.09530700 0.28808999
vt 0.09482500 0.28785300
vt 0.09430400 0.28787601
vt 0.09382100 0.28815201
vt 0.09345200 0.28864199
vt 0.09325200 0.28927001
vt 0.09325100 0.28994000
vt 0.09345000 0.29055101
vt 0.09381900 0.29100901
vt 0.09430100 0.29124501
vt 0.09482300 0.29122299
vt 0.09530600 0.29094601
vt 0.51795602 0.43027499
vt 0.51795697 0.43234500
vt 0.51730198 0.43223101
vt 0.51730102 0.43016100
vt 0.51730102 0.43016100
vt 0.51730198 0.43223101
vt 0.51674801 0.43198499
vt 0.51674801 0.42991400
vt 0.22431301 0.51546001
vt 0.22431301 0.51299202
vt 0.22370400 0.51307398
vt 0.22370400 0.51554298
vt 0.22370400 0.51554298
vt 0.22370400 0.51307398
vt 0.22303399 0.51309001
vt 0.22303399 0.51555800
vt 0.22303399 0.51555800
vt 0.22303399 0.51309001
vt 0.22240300 0.51303601
vt 0.22240300 0.51550400
vt 0.22240300 0.51550400
vt 0.22240300 0.51303601
vt 0.22190900 0.51292098
vt 0.22190900 0.51538903
vt 0.52036703 0.22933400
vt 0.52036703 0.23140401
vt 0.52092701 0.23122400
vt 0.52092701 0.22915401
vt 0.52092701 0.22915401
vt 0.52092701 0.23122400
vt 0.52158499 0.23118900
vt 0.52158499 0.22911800
vt 0.52158499 0.22911800
vt 0.52158499 0.23118900
vt 0.52224100 0.23130199
vt 0.52224100 0.22923200
vt 0.52224100 0.22923200
vt 0.52224100 0.23130199
vt 0.52279401 0.23154899
vt 0.52279401 0.22947800
vt 0.26170599 0.51367700
vt 0.26170599 0.51120901
vt 0.26231501 0.51112700
vt 0.26231501 0.51359499
vt 0.26231501 0.51359499
vt 0.26231501 0.51112700
vt 0.26298600 0.51111197
vt 0.26298600 0.51358002
vt 0.26298600 0.51358002
vt 0.26298600 0.51111197
vt 0.26361600 0.51116598
vt 0.26361600 0.51363403
vt 0.26361600 0.51363403
vt 0.26361600 0.51116598
vt 0.26411000 0.51128000
vt 0.26411000 0.51374900
vt 0.83686697 0.42276499
vt 0.83933699 0.42415899
vt 0.83842099 0.42598200
vt 0.83583897 0.42484400
vt 0.83503401 0.42699900
vt 0.83583897 0.42484400
vt 0.83842099 0.42598200
vt 0.83768898 0.42787901
vt 0.83714598 0.42983299
vt 0.83440000 0.42920601
vt 0.83503401 0.42699900
vt 0.83768898 0.42787901
vt 0.83679700 0.43183300
vt 0.83399701 0.43148100
vt 0.83440000 0.42920601
vt 0.83714598 0.42983299
vt 0.83664501 0.43385801
vt 0.83383298 0.43378499
vt 0.83399701 0.43148100
vt 0.83679700 0.43183300
vt 0.83669198 0.43588501
vt 0.83390898 0.43607801
vt 0.83383298 0.43378499
vt 0.83664501 0.43385801
vt 0.83693600 0.43789899
vt 0.83415997 0.43835899
vt 0.83390898 0.43607801
vt 0.83669198 0.43588501
vt 0.83737701 0.43988499
vt 0.83464903 0.44062200
vt 0.83415997 0.43835899
vt 0.83693600 0.43789899
vt 0.83415997 0.43835899
vt 0.83317202 0.43851200
vt 0.83294302 0.43613601
vt 0.83390898 0.43607801
vt 0.83366901 0.44088700
vt 0.83317202 0.43851200
vt 0.83415997 0.43835899
vt 0.83464903 0.44062200
vt 0.83536899 0.44282600
vt 0.83442497 0.44319499
vt 0.83366901 0.44088700
vt 0.83464903 0.44062200
vt 0.83801198 0.44182199
vt 0.83536899 0.44282600
vt 0.83464903 0.44062200
vt 0.83737701 0.43988499
vt 0.83883399 0.44368801
vt 0.83631200 0.44493100
vt 0.83536899 0.44282600
vt 0.83801198 0.44182199
vt 0.83442497 0.44319499
vt 0.83536899 0.44282600
vt 0.83631200 0.44493100
vt 0.83542401 0.44537300
vt 0.83542401 0.44537300
vt 0.83631200 0.44493100
vt 0.83741802 0.44696400
vt 0.83653998 0.44750100
vt 0.83983201 0.44547400
vt 0.83741802 0.44696400
vt 0.83631200 0.44493100
vt 0.83883399 0.44368801
vt 0.83411902 0.44338199
vt 0.83442497 0.44319499
vt 0.83542401 0.44537300
vt 0.83523601 0.44548699
vt 0.83523601 0.44548699
vt 0.83542401 0.44537300
vt 0.83653998 0.44750100
vt 0.83622998 0.44768599
vt 0.83790898 0.44952801
vt 0.83653998 0.44750100
vt 0.83741802 0.44696400
vt 0.83873701 0.44888899
vt 0.83790898 0.44952801
vt 0.83766103 0.44976300
vt 0.83622998 0.44768599
vt 0.83653998 0.44750100
vt 0.83949500 0.45139399
vt 0.83927798 0.45169801
vt 0.83766103 0.44976300
vt 0.83790898 0.44952801
vt 0.84025300 0.45066801
vt 0.83949500 0.45139399
vt 0.83790898 0.44952801
vt 0.83873701 0.44888899
vt 0.84233302 0.44872001
vt 0.84025300 0.45066801
vt 0.83873701 0.44888899
vt 0.84100097 0.44715801
vt 0.84100097 0.44715801
vt 0.83873701 0.44888899
vt 0.83741802 0.44696400
vt 0.83983201 0.44547400
vt 0.84381199 0.45014501
vt 0.84193802 0.45226899
vt 0.84025300 0.45066801
vt 0.84233302 0.44872001
vt 0.84542400 0.45142499
vt 0.84374899 0.45373699
vt 0.84193802 0.45226899
vt 0.84381199 0.45014501
vt 0.84126002 0.45304599
vt 0.83949500 0.45139399
vt 0.84025300 0.45066801
vt 0.84193802 0.45226899
vt 0.84374899 0.45373699
vt 0.84311700 0.45460200
vt 0.84126002 0.45304599
vt 0.84193802 0.45226899
vt 0.84517199 0.45596501
vt 0.84311700 0.45460200
vt 0.84374899 0.45373699
vt 0.84571803 0.45502201
vt 0.84715700 0.45254201
vt 0.84571803 0.45502201
vt 0.84374899 0.45373699
vt 0.84542400 0.45142499
vt 0.84781200 0.45609301
vt 0.84736800 0.45708999
vt 0.84517199 0.45596501
vt 0.84571803 0.45502201
vt 0.84899402 0.45348099
vt 0.84781200 0.45609301
vt 0.84571803 0.45502201
vt 0.84715700 0.45254201
vt 0.85091501 0.45423400
vt 0.85000002 0.45692900
vt 0.84781200 0.45609301
vt 0.84899402 0.45348099
vt 0.85289901 0.45479700
vt 0.85224599 0.45758599
vt 0.85000002 0.45692900
vt 0.85091501 0.45423400
vt 0.85492998 0.45515901
vt 0.85456300 0.45800599
vt 0.85224599 0.45758599
vt 0.85289901 0.45479700
vt 0.85698700 0.45531401
vt 0.85690999 0.45817599
vt 0.85456300 0.45800599
vt 0.85492998 0.45515901
vt 0.85904801 0.45526499
vt 0.85924798 0.45810300
vt 0.85690999 0.45817599
vt 0.85698700 0.45531401
vt 0.86109400 0.45501700
vt 0.86157000 0.45783901
vt 0.85924798 0.45810300
vt 0.85904801 0.45526499
vt 0.86310601 0.45456499
vt 0.86386800 0.45732999
vt 0.86157000 0.45783901
vt 0.86109400 0.45501700
vt 0.86506200 0.45391199
vt 0.86609900 0.45657900
vt 0.86386800 0.45732999
vt 0.86310601 0.45456499
vt 0.86694300 0.45306799
vt 0.86822802 0.45560399
vt 0.86609900 0.45657900
vt 0.86506200 0.45391199
vt 0.86873102 0.45204899
vt 0.87026399 0.45445901
vt 0.86822802 0.45560399
vt 0.86694300 0.45306799
vt 0.86652601 0.45767900
vt 0.86609900 0.45657900
vt 0.86822802 0.45560399
vt 0.86874098 0.45664200
vt 0.86874098 0.45664200
vt 0.86822802 0.45560399
vt 0.87026399 0.45445901
vt 0.87088901 0.45547700
vt 0.87040800 0.45085400
vt 0.87217897 0.45310000
vt 0.87026399 0.45445901
vt 0.86873102 0.45204899
vt 0.87291801 0.45405501
vt 0.87088901 0.45547700
vt 0.87026399 0.45445901
vt 0.87217897 0.45310000
vt 0.86884201 0.45684999
vt 0.86874098 0.45664200
vt 0.87088901 0.45547700
vt 0.87104601 0.45582500
vt 0.87291801 0.45405501
vt 0.87311703 0.45434201
vt 0.87104601 0.45582500
vt 0.87088901 0.45547700
vt 0.87393802 0.45154700
vt 0.87477499 0.45241600
vt 0.87291801 0.45405501
vt 0.87217897 0.45310000
vt 0.87477499 0.45241600
vt 0.87505001 0.45266899
vt 0.87311703 0.45434201
vt 0.87291801 0.45405501
vt 0.87104601 0.45582500
vt 0.87311703 0.45434201
vt 0.87350202 0.45489499
vt 0.87194699 0.45612001
vt 0.87311703 0.45434201
vt 0.87505001 0.45266899
vt 0.87505901 0.45365801
vt 0.87350202 0.45489499
vt 0.87641001 0.45060399
vt 0.87657899 0.45075801
vt 0.87505001 0.45266899
vt 0.87477499 0.45241600
vt 0.87597698 0.45223999
vt 0.87505001 0.45266899
vt 0.87657899 0.45075801
vt 0.87684900 0.45098701
vt 0.87592798 0.45300800
vt 0.87505901 0.45365801
vt 0.87505001 0.45266899
vt 0.87597698 0.45223999
vt 0.87647200 0.45205900
vt 0.87597698 0.45223999
vt 0.87684900 0.45098701
vt 0.87713498 0.45123401
vt 0.87654799 0.45243701
vt 0.87592798 0.45300800
vt 0.87597698 0.45223999
vt 0.87647200 0.45205900
vt 0.87686998 0.45246699
vt 0.87662101 0.45291501
vt 0.87592798 0.45300800
vt 0.87654799 0.45243701
vt 0.87662101 0.45291501
vt 0.87597698 0.45374101
vt 0.87505901 0.45365801
vt 0.87592798 0.45300800
vt 0.87713498 0.45123401
vt 0.87783200 0.45045701
vt 0.87819397 0.45049500
vt 0.87824601 0.45083699
vt 0.87761700 0.45170000
vt 0.87686998 0.45246699
vt 0.87654799 0.45243701
vt 0.87647200 0.45205900
vt 0.87761700 0.45170000
vt 0.87776297 0.45186299
vt 0.87662101 0.45291501
vt 0.87686998 0.45246699
vt 0.87824601 0.45083699
vt 0.87861699 0.45055199
vt 0.87776297 0.45186299
vt 0.87761700 0.45170000
vt 0.87776297 0.45186299
vt 0.87785500 0.45199099
vt 0.87597698 0.45374101
vt 0.87662101 0.45291501
vt 0.87861699 0.45055199
vt 0.87927002 0.44984001
vt 0.87785500 0.45199099
vt 0.87776297 0.45186299
vt 0.87819397 0.45049500
vt 0.87863600 0.44981101
vt 0.87861699 0.45055199
vt 0.87824601 0.45083699
vt 0.87863600 0.44981101
vt 0.87911302 0.44887200
vt 0.87927002 0.44984001
vt 0.87861699 0.45055199
vt 0.87785500 0.45199099
vt 0.87927002 0.44984001
vt 0.87962198 0.45009100
vt 0.87804699 0.45221499
vt 0.87927002 0.44984001
vt 0.88062102 0.44750899
vt 0.88102400 0.44778401
vt 0.87962198 0.45009100
vt 0.87911302 0.44887200
vt 0.88006800 0.44714999
vt 0.88062102 0.44750899
vt 0.87927002 0.44984001
vt 0.87820202 0.44896200
vt 0.87952799 0.44680700
vt 0.88006800 0.44714999
vt 0.87911302 0.44887200
vt 0.87792897 0.44994301
vt 0.87820202 0.44896200
vt 0.87911302 0.44887200
vt 0.87863600 0.44981101
vt 0.87684900 0.45098701
vt 0.87657899 0.45075801
vt 0.87820202 0.44896200
vt 0.87792897 0.44994301
vt 0.87793201 0.44870800
vt 0.87820202 0.44896200
vt 0.87657899 0.45075801
vt 0.87641001 0.45060399
vt 0.87924600 0.44662800
vt 0.87952799 0.44680700
vt 0.87820202 0.44896200
vt 0.87793201 0.44870800
vt 0.88032198 0.44442099
vt 0.88066298 0.44454101
vt 0.87952799 0.44680700
vt 0.87924600 0.44662800
vt 0.87952799 0.44680700
vt 0.88066298 0.44454101
vt 0.88102502 0.44542101
vt 0.88006800 0.44714999
vt 0.88158101 0.44450000
vt 0.88102502 0.44542101
vt 0.88066298 0.44454101
vt 0.88135099 0.44379300
vt 0.88135099 0.44379300
vt 0.88066298 0.44454101
vt 0.88134700 0.44221500
vt 0.88168103 0.44231901
vt 0.88066298 0.44454101
vt 0.88032198 0.44442099
vt 0.88113397 0.44214401
vt 0.88134700 0.44221500
vt 0.87920803 0.44394401
vt 0.88032198 0.44442099
vt 0.87924600 0.44662800
vt 0.87818402 0.44603100
vt 0.88032198 0.44442099
vt 0.87920803 0.44394401
vt 0.88000703 0.44178000
vt 0.88113397 0.44214401
vt 0.88134700 0.44221500
vt 0.88113397 0.44214401
vt 0.88181603 0.43983099
vt 0.88215297 0.43994501
vt 0.88113397 0.44214401
vt 0.88000703 0.44178000
vt 0.88063699 0.43956599
vt 0.88181603 0.43983099
vt 0.87734902 0.44090399
vt 0.88000703 0.44178000
vt 0.87920803 0.44394401
vt 0.87661999 0.44281101
vt 0.87789297 0.43894401
vt 0.88063699 0.43956599
vt 0.88000703 0.44178000
vt 0.87734902 0.44090399
vt 0.88224298 0.43742701
vt 0.88181603 0.43983099
vt 0.88063699 0.43956599
vt 0.88103902 0.43729299
vt 0.87824303 0.43694299
vt 0.88103902 0.43729299
vt 0.88063699 0.43956599
vt 0.87789297 0.43894401
vt 0.87839502 0.43491900
vt 0.88120401 0.43499401
vt 0.88103902 0.43729299
vt 0.87824303 0.43694299
vt 0.87834901 0.43289301
vt 0.88113302 0.43270299
vt 0.88120401 0.43499401
vt 0.87839502 0.43491900
vt 0.87810802 0.43088299
vt 0.88087797 0.43042201
vt 0.88113302 0.43270299
vt 0.87834901 0.43289301
vt 0.88087797 0.43042201
vt 0.88205701 0.43019801
vt 0.88230097 0.43259001
vt 0.88113302 0.43270299
vt 0.88230097 0.43259001
vt 0.88240802 0.43499401
vt 0.88120401 0.43499401
vt 0.88113302 0.43270299
vt 0.88154399 0.42781600
vt 0.88205701 0.43019801
vt 0.88087797 0.43042201
vt 0.88039201 0.42816600
vt 0.87766802 0.42890099
vt 0.88039201 0.42816600
vt 0.88087797 0.43042201
vt 0.87810802 0.43088299
vt 0.87967300 0.42596900
vt 0.88077599 0.42550299
vt 0.88154399 0.42781600
vt 0.88039201 0.42816600
vt 0.87703598 0.42696899
vt 0.87967300 0.42596900
vt 0.88039201 0.42816600
vt 0.87766802 0.42890099
vt 0.87703598 0.42696899
vt 0.87621599 0.42510501
vt 0.87873501 0.42386201
vt 0.87967300 0.42596900
vt 0.87873501 0.42386201
vt 0.87621599 0.42510501
vt 0.87521398 0.42332500
vt 0.87762398 0.42183101
vt 0.87762398 0.42183101
vt 0.87521398 0.42332500
vt 0.87403703 0.42164400
vt 0.87630099 0.41990501
vt 0.87630099 0.41990501
vt 0.87403703 0.42164400
vt 0.87269801 0.42008099
vt 0.87478000 0.41812301
vt 0.87478000 0.41812301
vt 0.87269801 0.42008099
vt 0.87120700 0.41865501
vt 0.87308502 0.41651201
vt 0.87308502 0.41651201
vt 0.87120700 0.41865501
vt 0.86958402 0.41737500
vt 0.87125301 0.41504300
vt 0.87125301 0.41504300
vt 0.86958402 0.41737500
vt 0.86783999 0.41626099
vt 0.86926901 0.41376501
vt 0.86982697 0.41273800
vt 0.87191999 0.41407701
vt 0.87125301 0.41504300
vt 0.86926901 0.41376501
vt 0.87125301 0.41504300
vt 0.87191999 0.41407701
vt 0.87382001 0.41562599
vt 0.87308502 0.41651201
vt 0.87396598 0.41543800
vt 0.87382001 0.41562599
vt 0.87191999 0.41407701
vt 0.87216198 0.41377300
vt 0.86982697 0.41273800
vt 0.86999202 0.41241601
vt 0.87216198 0.41377300
vt 0.87191999 0.41407701
vt 0.86716098 0.41270599
vt 0.86760199 0.41164300
vt 0.86982697 0.41273800
vt 0.86926901 0.41376501
vt 0.86760199 0.41164300
vt 0.86771399 0.41126999
vt 0.86999202 0.41241601
vt 0.86982697 0.41273800
vt 0.86771399 0.41126999
vt 0.86760199 0.41164300
vt 0.86530298 0.41082299
vt 0.86537498 0.41059899
vt 0.86760199 0.41164300
vt 0.86716098 0.41270599
vt 0.86497301 0.41188201
vt 0.86530298 0.41082299
vt 0.86716098 0.41270599
vt 0.86599600 0.41532600
vt 0.86407399 0.41458100
vt 0.86497301 0.41188201
vt 0.86926901 0.41376501
vt 0.86783999 0.41626099
vt 0.86599600 0.41532600
vt 0.86716098 0.41270599
vt 0.86407399 0.41458100
vt 0.86209297 0.41402701
vt 0.86272502 0.41124400
vt 0.86497301 0.41188201
vt 0.86272502 0.41124400
vt 0.86209297 0.41402701
vt 0.86006898 0.41367301
vt 0.86041898 0.41084000
vt 0.86296201 0.41014600
vt 0.86272502 0.41124400
vt 0.86041898 0.41084000
vt 0.86053801 0.40972999
vt 0.86530298 0.41082299
vt 0.86497301 0.41188201
vt 0.86272502 0.41124400
vt 0.86296201 0.41014600
vt 0.86041898 0.41084000
vt 0.86006898 0.41367301
vt 0.85802299 0.41352499
vt 0.85808802 0.41067901
vt 0.86053801 0.40972999
vt 0.86041898 0.41084000
vt 0.85808802 0.41067901
vt 0.85808998 0.40958101
vt 0.86307901 0.40978199
vt 0.86296201 0.41014600
vt 0.86053801 0.40972999
vt 0.86057198 0.40938100
vt 0.86057198 0.40938100
vt 0.86053801 0.40972999
vt 0.85808998 0.40958101
vt 0.85805303 0.40920401
vt 0.85808998 0.40958101
vt 0.85808802 0.41067901
vt 0.85577101 0.41075900
vt 0.85567701 0.40970200
vt 0.85805303 0.40920401
vt 0.85808998 0.40958101
vt 0.85567701 0.40970200
vt 0.85565799 0.40947199
vt 0.85711098 0.40884900
vt 0.85805303 0.40920401
vt 0.85565799 0.40947199
vt 0.85563600 0.40911701
vt 0.86057198 0.40938100
vt 0.85805303 0.40920401
vt 0.85868001 0.40849099
vt 0.86063403 0.40871200
vt 0.85764301 0.40833801
vt 0.85868001 0.40849099
vt 0.85805303 0.40920401
vt 0.85711098 0.40884900
vt 0.85683298 0.40830100
vt 0.85764301 0.40833801
vt 0.85711098 0.40884900
vt 0.85664499 0.40862501
vt 0.85664499 0.40862501
vt 0.85711098 0.40884900
vt 0.85563600 0.40911701
vt 0.85561001 0.40873700
vt 0.85563600 0.40911701
vt 0.85565799 0.40947199
vt 0.85323799 0.40958399
vt 0.85412598 0.40908399
vt 0.85561001 0.40873700
vt 0.85563600 0.40911701
vt 0.85412598 0.40908399
vt 0.85456198 0.40878800
vt 0.85430998 0.40849799
vt 0.85448098 0.40821099
vt 0.85553497 0.40805399
vt 0.85659701 0.40804800
vt 0.85683298 0.40830100
vt 0.85664499 0.40862501
vt 0.85561001 0.40873700
vt 0.85456198 0.40878800
vt 0.85456198 0.40878800
vt 0.85412598 0.40908399
vt 0.85349202 0.40866300
vt 0.85430998 0.40849799
vt 0.85430998 0.40849799
vt 0.85349202 0.40866300
vt 0.85398197 0.40814599
vt 0.85448098 0.40821099
vt 0.85349202 0.40866300
vt 0.85246801 0.40897799
vt 0.85295701 0.40816900
vt 0.85398197 0.40814599
vt 0.85412598 0.40908399
vt 0.85323799 0.40958399
vt 0.85246801 0.40897799
vt 0.85349202 0.40866300
vt 0.85246801 0.40897799
vt 0.85057199 0.40950000
vt 0.85035801 0.40882400
vt 0.85295701 0.40816900
vt 0.85323799 0.40958399
vt 0.85077500 0.41015199
vt 0.85057199 0.40950000
vt 0.85246801 0.40897799
vt 0.85565799 0.40947199
vt 0.85567701 0.40970200
vt 0.85327297 0.40996099
vt 0.85323799 0.40958399
vt 0.85088003 0.41049099
vt 0.85077500 0.41015199
vt 0.85323799 0.40958399
vt 0.85327297 0.40996099
vt 0.84855902 0.41128099
vt 0.84838098 0.41094100
vt 0.85077500 0.41015199
vt 0.85088003 0.41049099
vt 0.85077500 0.41015199
vt 0.84838098 0.41094100
vt 0.84868401 0.41002500
vt 0.85057199 0.40950000
vt 0.84855902 0.41128099
vt 0.85088003 0.41049099
vt 0.85118002 0.41152799
vt 0.84895903 0.41226900
vt 0.85088003 0.41049099
vt 0.85327297 0.40996099
vt 0.85346198 0.41102499
vt 0.85118002 0.41152799
vt 0.84855902 0.41128099
vt 0.84895903 0.41226900
vt 0.84683901 0.41323400
vt 0.84636903 0.41231400
vt 0.84838098 0.41094100
vt 0.84855902 0.41128099
vt 0.84636903 0.41231400
vt 0.84626800 0.41210499
vt 0.84626800 0.41210499
vt 0.84636903 0.41231400
vt 0.84424299 0.41348201
vt 0.84407598 0.41313401
vt 0.84636903 0.41231400
vt 0.84683901 0.41323400
vt 0.84479898 0.41437301
vt 0.84424299 0.41348201
vt 0.84611797 0.41178301
vt 0.84626800 0.41210499
vt 0.84407598 0.41313401
vt 0.84471297 0.41232401
vt 0.84737599 0.41096801
vt 0.84838098 0.41094100
vt 0.84626800 0.41210499
vt 0.84611797 0.41178301
vt 0.84595197 0.41143501
vt 0.84611797 0.41178301
vt 0.84471297 0.41232401
vt 0.84500700 0.41187999
vt 0.84686297 0.41093600
vt 0.84737599 0.41096801
vt 0.84611797 0.41178301
vt 0.84595197 0.41143501
vt 0.84595197 0.41143501
vt 0.84500700 0.41187999
vt 0.84466398 0.41169500
vt 0.84471101 0.41134900
vt 0.84561902 0.41079900
vt 0.84659600 0.41039401
vt 0.84691298 0.41055301
vt 0.84686297 0.41093600
vt 0.84691298 0.41055301
vt 0.84767002 0.41027799
vt 0.84737599 0.41096801
vt 0.84686297 0.41093600
vt 0.84659600 0.41039401
vt 0.84695798 0.41008401
vt 0.84767002 0.41027799
vt 0.84691298 0.41055301
vt 0.84767002 0.41027799
vt 0.84868401 0.41002500
vt 0.84838098 0.41094100
vt 0.84737599 0.41096801
vt 0.84695798 0.41008401
vt 0.84779799 0.40958500
vt 0.84868401 0.41002500
vt 0.84767002 0.41027799
vt 0.84561902 0.41079900
vt 0.84549701 0.41059300
vt 0.84695798 0.41008401
vt 0.84659600 0.41039401
vt 0.84549701 0.41059300
vt 0.84539801 0.41043800
vt 0.84779799 0.40958500
vt 0.84695798 0.41008401
vt 0.85057199 0.40950000
vt 0.84868401 0.41002500
vt 0.84779799 0.40958500
vt 0.85035801 0.40882400
vt 0.85035801 0.40882400
vt 0.84779799 0.40958500
vt 0.84765399 0.40913999
vt 0.85019499 0.40832901
vt 0.84779799 0.40958500
vt 0.84539801 0.41043800
vt 0.84524500 0.41016299
vt 0.84765399 0.40913999
vt 0.84680098 0.40693599
vt 0.84765399 0.40913999
vt 0.84524500 0.41016299
vt 0.84418499 0.40808001
vt 0.84953201 0.40606400
vt 0.85019499 0.40832901
vt 0.84765399 0.40913999
vt 0.84680098 0.40693599
vt 0.85233802 0.40546200
vt 0.85280102 0.40773401
vt 0.85019499 0.40832901
vt 0.84953201 0.40606400
vt 0.85295701 0.40816900
vt 0.85035801 0.40882400
vt 0.85019499 0.40832901
vt 0.85280102 0.40773401
vt 0.85518098 0.40511799
vt 0.85541201 0.40737399
vt 0.85280102 0.40773401
vt 0.85233802 0.40546200
vt 0.85545999 0.40766999
vt 0.85295701 0.40816900
vt 0.85280102 0.40773401
vt 0.85541201 0.40737399
vt 0.85804498 0.40732700
vt 0.85541201 0.40737399
vt 0.85518098 0.40511799
vt 0.85804200 0.40504199
vt 0.85801703 0.40777600
vt 0.85545999 0.40766999
vt 0.85541201 0.40737399
vt 0.85804498 0.40732700
vt 0.85398197 0.40814599
vt 0.85295701 0.40816900
vt 0.85545999 0.40766999
vt 0.85549700 0.40783301
vt 0.85549700 0.40783301
vt 0.85545999 0.40766999
vt 0.85801703 0.40777600
vt 0.85704899 0.40790701
vt 0.85553497 0.40805399
vt 0.85549700 0.40783301
vt 0.85704899 0.40790701
vt 0.85659701 0.40804800
vt 0.85448098 0.40821099
vt 0.85398197 0.40814599
vt 0.85549700 0.40783301
vt 0.85553497 0.40805399
vt 0.85659701 0.40804800
vt 0.85704899 0.40790701
vt 0.85764301 0.40833801
vt 0.85683298 0.40830100
vt 0.85704899 0.40790701
vt 0.85801703 0.40777600
vt 0.85868001 0.40849099
vt 0.85764301 0.40833801
vt 0.86063403 0.40871200
vt 0.85868001 0.40849099
vt 0.85801703 0.40777600
vt 0.86069399 0.40801701
vt 0.86069399 0.40801701
vt 0.85801703 0.40777600
vt 0.85804498 0.40732700
vt 0.86073101 0.40750599
vt 0.86337101 0.40836400
vt 0.86069399 0.40801701
vt 0.86073101 0.40750599
vt 0.86339700 0.40790299
vt 0.86260098 0.40893200
vt 0.86063403 0.40871200
vt 0.86069399 0.40801701
vt 0.86337101 0.40836400
vt 0.86307901 0.40978199
vt 0.86057198 0.40938100
vt 0.86063403 0.40871200
vt 0.86260098 0.40893200
vt 0.86367601 0.40901899
vt 0.86260098 0.40893200
vt 0.86337101 0.40836400
vt 0.86433399 0.40871799
vt 0.86409903 0.40965000
vt 0.86307901 0.40978199
vt 0.86260098 0.40893200
vt 0.86367601 0.40901899
vt 0.86461800 0.40953699
vt 0.86409903 0.40965000
vt 0.86367601 0.40901899
vt 0.86449802 0.40916699
vt 0.86449802 0.40916699
vt 0.86367601 0.40901899
vt 0.86433399 0.40871799
vt 0.86477101 0.40896299
vt 0.86433399 0.40871799
vt 0.86337101 0.40836400
vt 0.86590201 0.40882599
vt 0.86586899 0.40899000
vt 0.86477101 0.40896299
vt 0.86433399 0.40871799
vt 0.86586899 0.40899000
vt 0.86581397 0.40921000
vt 0.86561298 0.40988600
vt 0.86461800 0.40953699
vt 0.86449802 0.40916699
vt 0.86477101 0.40896299
vt 0.86581397 0.40921000
vt 0.86680901 0.40960699
vt 0.86692798 0.40993899
vt 0.86662298 0.41017601
vt 0.86581397 0.40921000
vt 0.86586899 0.40899000
vt 0.86728901 0.40964699
vt 0.86680901 0.40960699
vt 0.86680901 0.40960699
vt 0.86728901 0.40964699
vt 0.86767101 0.41028500
vt 0.86692798 0.40993899
vt 0.86692798 0.40993899
vt 0.86767101 0.41028500
vt 0.86697203 0.41056800
vt 0.86662298 0.41017601
vt 0.86728901 0.40964699
vt 0.86824697 0.40989000
vt 0.86857998 0.41083100
vt 0.86767101 0.41028500
vt 0.86767101 0.41028500
vt 0.86857998 0.41083100
vt 0.86771399 0.41126999
vt 0.86697203 0.41056800
vt 0.86662298 0.41017601
vt 0.86697203 0.41056800
vt 0.86549097 0.41025600
vt 0.86561298 0.40988600
vt 0.86697203 0.41056800
vt 0.86771399 0.41126999
vt 0.86537498 0.41059899
vt 0.86549097 0.41025600
vt 0.86561298 0.40988600
vt 0.86549097 0.41025600
vt 0.86409903 0.40965000
vt 0.86461800 0.40953699
vt 0.86549097 0.41025600
vt 0.86537498 0.41059899
vt 0.86307901 0.40978199
vt 0.86409903 0.40965000
vt 0.86537498 0.41059899
vt 0.86530298 0.41082299
vt 0.86296201 0.41014600
vt 0.86307901 0.40978199
vt 0.87031001 0.41179600
vt 0.86857998 0.41083100
vt 0.86824697 0.40989000
vt 0.87063700 0.41114700
vt 0.86999202 0.41241601
vt 0.86771399 0.41126999
vt 0.86857998 0.41083100
vt 0.87031001 0.41179600
vt 0.86824697 0.40989000
vt 0.86590201 0.40882599
vt 0.86597598 0.40852800
vt 0.86844999 0.40946901
vt 0.87063700 0.41114700
vt 0.86824697 0.40989000
vt 0.86844999 0.40946901
vt 0.87086803 0.41066501
vt 0.86586899 0.40899000
vt 0.86590201 0.40882599
vt 0.86824697 0.40989000
vt 0.86728901 0.40964699
vt 0.86590201 0.40882599
vt 0.86337101 0.40836400
vt 0.86339700 0.40790299
vt 0.86597598 0.40852800
vt 0.86656702 0.40638399
vt 0.86597598 0.40852800
vt 0.86339700 0.40790299
vt 0.86377800 0.40567401
vt 0.86927700 0.40738001
vt 0.86844999 0.40946901
vt 0.86597598 0.40852800
vt 0.86656702 0.40638399
vt 0.86675501 0.40576500
vt 0.86656702 0.40638399
vt 0.86377800 0.40567401
vt 0.86391199 0.40503299
vt 0.86951798 0.40677899
vt 0.86927700 0.40738001
vt 0.86656702 0.40638399
vt 0.86675501 0.40576500
vt 0.87217999 0.40807599
vt 0.87188101 0.40866500
vt 0.86927700 0.40738001
vt 0.86951798 0.40677899
vt 0.87188101 0.40866500
vt 0.87086803 0.41066501
vt 0.86844999 0.40946901
vt 0.86927700 0.40738001
vt 0.87470901 0.40962401
vt 0.87433898 0.41019699
vt 0.87188101 0.40866500
vt 0.87217999 0.40807599
vt 0.87433898 0.41019699
vt 0.87316000 0.41207701
vt 0.87086803 0.41066501
vt 0.87188101 0.40866500
vt 0.87659699 0.41196400
vt 0.87526500 0.41367400
vt 0.87316000 0.41207701
vt 0.87433898 0.41019699
vt 0.87704301 0.41142699
vt 0.87659699 0.41196400
vt 0.87433898 0.41019699
vt 0.87470901 0.40962401
vt 0.87930602 0.40885401
vt 0.87704301 0.41142699
vt 0.87470901 0.40962401
vt 0.87669402 0.40679699
vt 0.87669402 0.40679699
vt 0.87470901 0.40962401
vt 0.87217999 0.40807599
vt 0.87385601 0.40498000
vt 0.87385601 0.40498000
vt 0.87217999 0.40807599
vt 0.86951798 0.40677899
vt 0.87078398 0.40363601
vt 0.87078398 0.40363601
vt 0.86951798 0.40677899
vt 0.86675501 0.40576500
vt 0.86768001 0.40257701
vt 0.86768001 0.40257701
vt 0.86675501 0.40576500
vt 0.86391199 0.40503299
vt 0.86452502 0.40180001
vt 0.86452502 0.40180001
vt 0.86391199 0.40503299
vt 0.86099797 0.40455699
vt 0.86131501 0.40132201
vt 0.86391199 0.40503299
vt 0.86377800 0.40567401
vt 0.86092001 0.40523800
vt 0.86099797 0.40455699
vt 0.86099797 0.40455699
vt 0.86092001 0.40523800
vt 0.85804200 0.40504199
vt 0.85805202 0.40435800
vt 0.86131501 0.40132201
vt 0.86099797 0.40455699
vt 0.85805202 0.40435800
vt 0.85810697 0.40118301
vt 0.85810697 0.40118301
vt 0.85805202 0.40435800
vt 0.85512203 0.40444800
vt 0.85491401 0.40122199
vt 0.85805202 0.40435800
vt 0.85804200 0.40504199
vt 0.85518098 0.40511799
vt 0.85512203 0.40444800
vt 0.85491401 0.40122199
vt 0.85512203 0.40444800
vt 0.85221797 0.40481600
vt 0.85171801 0.40158999
vt 0.85518098 0.40511799
vt 0.85233802 0.40546200
vt 0.85221797 0.40481600
vt 0.85512203 0.40444800
vt 0.85221797 0.40481600
vt 0.85233802 0.40546200
vt 0.84953201 0.40606400
vt 0.84936398 0.40545100
vt 0.85171801 0.40158999
vt 0.85221797 0.40481600
vt 0.84936398 0.40545100
vt 0.84856600 0.40225700
vt 0.84856600 0.40225700
vt 0.84936398 0.40545100
vt 0.84658301 0.40633699
vt 0.84546798 0.40318400
vt 0.84546798 0.40318400
vt 0.84658301 0.40633699
vt 0.84391201 0.40749300
vt 0.84239602 0.40437099
vt 0.84239602 0.40437099
vt 0.84391201 0.40749300
vt 0.84135801 0.40890199
vt 0.83952397 0.40602300
vt 0.84391201 0.40749300
vt 0.84418499 0.40808001
vt 0.84170198 0.40947801
vt 0.84135801 0.40890199
vt 0.84658301 0.40633699
vt 0.84680098 0.40693599
vt 0.84418499 0.40808001
vt 0.84391201 0.40749300
vt 0.84524500 0.41016299
vt 0.84299701 0.41149801
vt 0.84170198 0.40947801
vt 0.84418499 0.40808001
vt 0.84170198 0.40947801
vt 0.84299701 0.41149801
vt 0.84085798 0.41305599
vt 0.83938199 0.41113400
vt 0.84135801 0.40890199
vt 0.84170198 0.40947801
vt 0.83938199 0.41113400
vt 0.83896101 0.41058600
vt 0.83896101 0.41058600
vt 0.83938199 0.41113400
vt 0.83724302 0.41301399
vt 0.83674800 0.41251001
vt 0.83938199 0.41113400
vt 0.84085798 0.41305599
vt 0.83887100 0.41479400
vt 0.83724302 0.41301399
vt 0.83724302 0.41301399
vt 0.83887100 0.41479400
vt 0.83708698 0.41666600
vt 0.83530700 0.41507500
vt 0.83674800 0.41251001
vt 0.83724302 0.41301399
vt 0.83530700 0.41507500
vt 0.83477098 0.41465101
vt 0.83436900 0.41010001
vt 0.83674800 0.41251001
vt 0.83477098 0.41465101
vt 0.83217299 0.41253000
vt 0.83683997 0.40792501
vt 0.83896101 0.41058600
vt 0.83674800 0.41251001
vt 0.83436900 0.41010001
vt 0.83952397 0.40602300
vt 0.84135801 0.40890199
vt 0.83896101 0.41058600
vt 0.83683997 0.40792501
vt 0.83217299 0.41253000
vt 0.83477098 0.41465101
vt 0.83304000 0.41697299
vt 0.83026999 0.41516000
vt 0.83026999 0.41516000
vt 0.83304000 0.41697299
vt 0.83154100 0.41945499
vt 0.82864302 0.41794801
vt 0.82864302 0.41794801
vt 0.83154100 0.41945499
vt 0.83027202 0.42206800
vt 0.82727700 0.42085999
vt 0.82924098 0.42478600
vt 0.82616198 0.42387801
vt 0.82727700 0.42085999
vt 0.83027202 0.42206800
vt 0.82846099 0.42761701
vt 0.82531798 0.42700100
vt 0.82616198 0.42387801
vt 0.82924098 0.42478600
vt 0.82846099 0.42761701
vt 0.82924098 0.42478600
vt 0.82983500 0.42497599
vt 0.82909501 0.42776099
vt 0.82983500 0.42497599
vt 0.82924098 0.42478600
vt 0.83027202 0.42206800
vt 0.83085197 0.42230400
vt 0.82983500 0.42497599
vt 0.83207703 0.42580000
vt 0.83144099 0.42834100
vt 0.82909501 0.42776099
vt 0.83085197 0.42230400
vt 0.83302301 0.42336699
vt 0.83207703 0.42580000
vt 0.82983500 0.42497599
vt 0.83233303 0.42592701
vt 0.83184600 0.42842600
vt 0.83144099 0.42834100
vt 0.83207703 0.42580000
vt 0.83337599 0.42364100
vt 0.83233303 0.42592701
vt 0.83207703 0.42580000
vt 0.83302301 0.42336699
vt 0.83247697 0.42599300
vt 0.83233303 0.42592701
vt 0.83337599 0.42364100
vt 0.83311599 0.42461401
vt 0.83218700 0.42750701
vt 0.83184600 0.42842600
vt 0.83233303 0.42592701
vt 0.83247697 0.42599300
vt 0.83232898 0.42924300
vt 0.83208698 0.43118501
vt 0.83147001 0.43108100
vt 0.83184600 0.42842600
vt 0.83243197 0.42818600
vt 0.83232898 0.42924300
vt 0.83184600 0.42842600
vt 0.83218700 0.42750701
vt 0.83184600 0.42842600
vt 0.83147001 0.43108100
vt 0.83101201 0.43099701
vt 0.83144099 0.42834100
vt 0.83147001 0.43108100
vt 0.83120698 0.43375099
vt 0.83080202 0.43368801
vt 0.83101201 0.43099701
vt 0.83208698 0.43118501
vt 0.83185500 0.43312401
vt 0.83120698 0.43375099
vt 0.83147001 0.43108100
vt 0.83120698 0.43375099
vt 0.83109403 0.43630499
vt 0.83082300 0.43633801
vt 0.83080202 0.43368801
vt 0.83131301 0.43473801
vt 0.83120698 0.43375099
vt 0.83185500 0.43312401
vt 0.83170003 0.43416101
vt 0.83123797 0.43628100
vt 0.83109403 0.43630499
vt 0.83120698 0.43375099
vt 0.83131301 0.43473801
vt 0.83152503 0.43779299
vt 0.83156002 0.43880901
vt 0.83109403 0.43630499
vt 0.83123797 0.43628100
vt 0.83109403 0.43630499
vt 0.83156002 0.43880901
vt 0.83117199 0.43895900
vt 0.83082300 0.43633801
vt 0.83198798 0.43829200
vt 0.83228499 0.43930799
vt 0.83156002 0.43880901
vt 0.83152503 0.43779299
vt 0.83228499 0.43930799
vt 0.83278000 0.44119999
vt 0.83218098 0.44141701
vt 0.83156002 0.43880901
vt 0.83156002 0.43880901
vt 0.83218098 0.44141701
vt 0.83174002 0.44159001
vt 0.83117199 0.43895900
vt 0.82844597 0.43647200
vt 0.83082300 0.43633801
vt 0.83117199 0.43895900
vt 0.82877702 0.43937999
vt 0.82877702 0.43937999
vt 0.83117199 0.43895900
vt 0.83174002 0.44159001
vt 0.82940698 0.44224200
vt 0.83218098 0.44141701
vt 0.83292001 0.44399101
vt 0.83253300 0.44415799
vt 0.83174002 0.44159001
vt 0.82940698 0.44224200
vt 0.83174002 0.44159001
vt 0.83253300 0.44415799
vt 0.83029699 0.44502100
vt 0.83029699 0.44502100
vt 0.82969803 0.44522399
vt 0.82878798 0.44240099
vt 0.82940698 0.44224200
vt 0.82940698 0.44224200
vt 0.82878798 0.44240099
vt 0.82813901 0.43948799
vt 0.82877702 0.43937999
vt 0.82969803 0.44522399
vt 0.82664698 0.44630399
vt 0.82565397 0.44318700
vt 0.82878798 0.44240099
vt 0.82878798 0.44240099
vt 0.82565397 0.44318700
vt 0.82495397 0.43997401
vt 0.82813901 0.43948799
vt 0.82813901 0.43948799
vt 0.82495397 0.43997401
vt 0.82458901 0.43670401
vt 0.82777101 0.43652001
vt 0.82813901 0.43948799
vt 0.82777101 0.43652001
vt 0.82844597 0.43647200
vt 0.82877702 0.43937999
vt 0.82777101 0.43652001
vt 0.82458901 0.43670401
vt 0.82458901 0.43345299
vt 0.82771099 0.43353000
vt 0.82844597 0.43647200
vt 0.82777101 0.43652001
vt 0.82771099 0.43353000
vt 0.82838899 0.43355301
vt 0.82838899 0.43355301
vt 0.83080202 0.43368801
vt 0.83082300 0.43633801
vt 0.82844597 0.43647200
vt 0.82861298 0.43063799
vt 0.83101201 0.43099701
vt 0.83080202 0.43368801
vt 0.82838899 0.43355301
vt 0.82838899 0.43355301
vt 0.82771099 0.43353000
vt 0.82795000 0.43055001
vt 0.82861298 0.43063799
vt 0.83144099 0.42834100
vt 0.83101201 0.43099701
vt 0.82861298 0.43063799
vt 0.82909501 0.42776099
vt 0.82861298 0.43063799
vt 0.82795000 0.43055001
vt 0.82846099 0.42761701
vt 0.82909501 0.42776099
vt 0.82771099 0.43353000
vt 0.82458901 0.43345299
vt 0.82478201 0.43021700
vt 0.82795000 0.43055001
vt 0.82795000 0.43055001
vt 0.82478201 0.43021700
vt 0.82531798 0.42700100
vt 0.82846099 0.42761701
vt 0.83085102 0.44792601
vt 0.82789999 0.44930801
vt 0.82664698 0.44630399
vt 0.82969803 0.44522399
vt 0.83226103 0.45050201
vt 0.82942599 0.45219001
vt 0.82789999 0.44930801
vt 0.83085102 0.44792601
vt 0.83226103 0.45050201
vt 0.83085102 0.44792601
vt 0.83144099 0.44767001
vt 0.83284599 0.45018101
vt 0.83144099 0.44767001
vt 0.83085102 0.44792601
vt 0.82969803 0.44522399
vt 0.83029699 0.44502100
vt 0.83029699 0.44502100
vt 0.83253300 0.44415799
vt 0.83352900 0.44658101
vt 0.83144099 0.44767001
vt 0.83144099 0.44767001
vt 0.83352900 0.44658101
vt 0.83482897 0.44886401
vt 0.83284599 0.45018101
vt 0.83482897 0.44886401
vt 0.83634800 0.45105901
vt 0.83448899 0.45255101
vt 0.83284599 0.45018101
vt 0.83448899 0.45255101
vt 0.83392298 0.45294499
vt 0.83226103 0.45050201
vt 0.83284599 0.45018101
vt 0.83634597 0.45475101
vt 0.83582199 0.45521399
vt 0.83392298 0.45294499
vt 0.83448899 0.45255101
vt 0.83448899 0.45255101
vt 0.83634800 0.45105901
vt 0.83804798 0.45311499
vt 0.83634597 0.45475101
vt 0.83839703 0.45674500
vt 0.83793700 0.45726201
vt 0.83582199 0.45521399
vt 0.83634597 0.45475101
vt 0.83634597 0.45475101
vt 0.83804798 0.45311499
vt 0.83988601 0.45497000
vt 0.83839703 0.45674500
vt 0.83839703 0.45674500
vt 0.83988601 0.45497000
vt 0.84195101 0.45658401
vt 0.84064001 0.45851800
vt 0.84024900 0.45906901
vt 0.83793700 0.45726201
vt 0.83839703 0.45674500
vt 0.84064001 0.45851800
vt 0.84064001 0.45851800
vt 0.84195101 0.45658401
vt 0.84419399 0.45803300
vt 0.84305602 0.46007401
vt 0.84305602 0.46007401
vt 0.84272701 0.46064499
vt 0.84024900 0.45906901
vt 0.84064001 0.45851800
vt 0.84272701 0.46064499
vt 0.84101599 0.46353999
vt 0.83826298 0.46177801
vt 0.84024900 0.45906901
vt 0.84024900 0.45906901
vt 0.83826298 0.46177801
vt 0.83568698 0.45975399
vt 0.83793700 0.45726201
vt 0.83793700 0.45726201
vt 0.83568698 0.45975399
vt 0.83333099 0.45746201
vt 0.83582199 0.45521399
vt 0.83582199 0.45521399
vt 0.83333099 0.45746201
vt 0.83123702 0.45492399
vt 0.83392298 0.45294499
vt 0.83392298 0.45294499
vt 0.83123702 0.45492399
vt 0.82942599 0.45219001
vt 0.83226103 0.45050201
vt 0.84534001 0.46197999
vt 0.84391302 0.46506000
vt 0.84101599 0.46353999
vt 0.84272701 0.46064499
vt 0.84807003 0.46304700
vt 0.84696501 0.46635699
vt 0.84391302 0.46506000
vt 0.84534001 0.46197999
vt 0.84561700 0.46138901
vt 0.84534001 0.46197999
vt 0.84272701 0.46064499
vt 0.84305602 0.46007401
vt 0.84829402 0.46242699
vt 0.84807003 0.46304700
vt 0.84534001 0.46197999
vt 0.84561700 0.46138901
vt 0.85089397 0.46384001
vt 0.85018700 0.46716899
vt 0.84696501 0.46635699
vt 0.84807003 0.46304700
vt 0.85089397 0.46384001
vt 0.84807003 0.46304700
vt 0.84829402 0.46242699
vt 0.85106099 0.46317899
vt 0.84829402 0.46242699
vt 0.84898603 0.46028501
vt 0.85153300 0.46097401
vt 0.85106099 0.46317899
vt 0.84561700 0.46138901
vt 0.84655899 0.45928100
vt 0.84898603 0.46028501
vt 0.84829402 0.46242699
vt 0.84675401 0.45885301
vt 0.84906101 0.45997801
vt 0.84898603 0.46028501
vt 0.84655899 0.45928100
vt 0.84906101 0.45997801
vt 0.85156602 0.46049601
vt 0.85153300 0.46097401
vt 0.84898603 0.46028501
vt 0.85153300 0.46097401
vt 0.85418397 0.46142101
vt 0.85389400 0.46365401
vt 0.85106099 0.46317899
vt 0.85156602 0.46049601
vt 0.85423100 0.46089101
vt 0.85418397 0.46142101
vt 0.85153300 0.46097401
vt 0.85389400 0.46365401
vt 0.85418397 0.46142101
vt 0.85685498 0.46164399
vt 0.85675198 0.46386400
vt 0.85423100 0.46089101
vt 0.85690999 0.46117499
vt 0.85685498 0.46164399
vt 0.85418397 0.46142101
vt 0.85234201 0.45991600
vt 0.85430300 0.46017399
vt 0.85423100 0.46089101
vt 0.85156602 0.46049601
vt 0.85430300 0.46017399
vt 0.85627002 0.46042100
vt 0.85690999 0.46117499
vt 0.85423100 0.46089101
vt 0.85690999 0.46117499
vt 0.85947198 0.46131900
vt 0.85948801 0.46163100
vt 0.85685498 0.46164399
vt 0.85947102 0.46113300
vt 0.85947198 0.46131900
vt 0.85690999 0.46117499
vt 0.85791701 0.46103400
vt 0.85791701 0.46103400
vt 0.85690999 0.46117499
vt 0.85627002 0.46042100
vt 0.85733801 0.46057600
vt 0.85437500 0.45948499
vt 0.85691702 0.45969501
vt 0.85627002 0.46042100
vt 0.85430300 0.46017399
vt 0.85733801 0.46057600
vt 0.85627002 0.46042100
vt 0.85691702 0.45969501
vt 0.85788703 0.46005499
vt 0.85931897 0.45921800
vt 0.85934103 0.45944700
vt 0.85691702 0.45969501
vt 0.85688001 0.45931301
vt 0.85688001 0.45931301
vt 0.85691702 0.45969501
vt 0.85437500 0.45948499
vt 0.85441202 0.45912901
vt 0.85788703 0.46005499
vt 0.85691702 0.45969501
vt 0.85934103 0.45944700
vt 0.85937798 0.45979801
vt 0.85817403 0.46061400
vt 0.85733801 0.46057600
vt 0.85788703 0.46005499
vt 0.85837102 0.46028200
vt 0.85837102 0.46028200
vt 0.85788703 0.46005499
vt 0.85937798 0.45979801
vt 0.85941702 0.46017799
vt 0.85937798 0.45979801
vt 0.85934103 0.45944700
vt 0.86177403 0.45936599
vt 0.86089098 0.45985201
vt 0.85941702 0.46017799
vt 0.85937798 0.45979801
vt 0.86089098 0.45985201
vt 0.86046302 0.46013999
vt 0.85941702 0.46017799
vt 0.86046302 0.46013999
vt 0.86070800 0.46044299
vt 0.86052001 0.46074101
vt 0.85946500 0.46089000
vt 0.85839599 0.46088499
vt 0.85817403 0.46061400
vt 0.85837102 0.46028200
vt 0.86046302 0.46013999
vt 0.86089098 0.45985201
vt 0.86150801 0.46029499
vt 0.86070800 0.46044299
vt 0.86070800 0.46044299
vt 0.86150801 0.46029499
vt 0.86099702 0.46082699
vt 0.86052001 0.46074101
vt 0.86052001 0.46074101
vt 0.86099702 0.46082699
vt 0.85947102 0.46113300
vt 0.85946500 0.46089000
vt 0.85946500 0.46089000
vt 0.85947102 0.46113300
vt 0.85791701 0.46103400
vt 0.85839599 0.46088499
vt 0.86099702 0.46082699
vt 0.86198801 0.46083400
vt 0.85947198 0.46131900
vt 0.85947102 0.46113300
vt 0.85839599 0.46088499
vt 0.85791701 0.46103400
vt 0.85733801 0.46057600
vt 0.85817403 0.46061400
vt 0.86150801 0.46029499
vt 0.86252099 0.45999900
vt 0.86198801 0.46083400
vt 0.86099702 0.46082699
vt 0.86198801 0.46083400
vt 0.86460400 0.46018401
vt 0.86472702 0.46070200
vt 0.86210102 0.46129000
vt 0.86252099 0.45999900
vt 0.86443102 0.45948401
vt 0.86460400 0.46018401
vt 0.86198801 0.46083400
vt 0.85947198 0.46131900
vt 0.86198801 0.46083400
vt 0.86210102 0.46129000
vt 0.85948801 0.46163100
vt 0.86244702 0.46346501
vt 0.86210102 0.46129000
vt 0.86472702 0.46070200
vt 0.86526901 0.46282801
vt 0.85960400 0.46380800
vt 0.85948801 0.46163100
vt 0.86210102 0.46129000
vt 0.86244702 0.46346501
vt 0.86526901 0.46282801
vt 0.86545700 0.46346501
vt 0.86257702 0.46413600
vt 0.86244702 0.46346501
vt 0.86257702 0.46413600
vt 0.85966003 0.46450299
vt 0.85960400 0.46380800
vt 0.86244702 0.46346501
vt 0.86257702 0.46413600
vt 0.86312699 0.46750101
vt 0.85986799 0.46784100
vt 0.85966003 0.46450299
vt 0.86545700 0.46346501
vt 0.86640000 0.46683601
vt 0.86312699 0.46750101
vt 0.86257702 0.46413600
vt 0.85966003 0.46450299
vt 0.85986799 0.46784100
vt 0.85664201 0.46784401
vt 0.85672802 0.46458000
vt 0.85672802 0.46458000
vt 0.85664201 0.46784401
vt 0.85341901 0.46767101
vt 0.85379398 0.46434599
vt 0.85379398 0.46434599
vt 0.85341901 0.46767101
vt 0.85018700 0.46716899
vt 0.85089397 0.46384001
vt 0.85675198 0.46386400
vt 0.85672802 0.46458000
vt 0.85379398 0.46434599
vt 0.85389400 0.46365401
vt 0.85389400 0.46365401
vt 0.85379398 0.46434599
vt 0.85089397 0.46384001
vt 0.85106099 0.46317899
vt 0.85960400 0.46380800
vt 0.85966003 0.46450299
vt 0.85672802 0.46458000
vt 0.85675198 0.46386400
vt 0.85675198 0.46386400
vt 0.85685498 0.46164399
vt 0.85948801 0.46163100
vt 0.85960400 0.46380800
vt 0.86825299 0.46253100
vt 0.86952001 0.46568799
vt 0.86640000 0.46683601
vt 0.86545700 0.46346501
vt 0.87092799 0.46134299
vt 0.87248999 0.46432301
vt 0.86952001 0.46568799
vt 0.86825299 0.46253100
vt 0.87347800 0.45988700
vt 0.87533897 0.46270001
vt 0.87248999 0.46432301
vt 0.87092799 0.46134299
vt 0.87589902 0.45816699
vt 0.87804198 0.46078500
vt 0.87533897 0.46270001
vt 0.87347800 0.45988700
vt 0.87813503 0.45619300
vt 0.88053000 0.45857599
vt 0.87804198 0.46078500
vt 0.87589902 0.45816699
vt 0.88014001 0.45401299
vt 0.88274199 0.45611501
vt 0.88053000 0.45857599
vt 0.87813503 0.45619300
vt 0.88189799 0.45164099
vt 0.88466698 0.45345101
vt 0.88274199 0.45611501
vt 0.88014001 0.45401299
vt 0.88341600 0.44910499
vt 0.88631701 0.45062399
vt 0.88466698 0.45345101
vt 0.88189799 0.45164099
vt 0.88283098 0.44881600
vt 0.88341600 0.44910499
vt 0.88189799 0.45164099
vt 0.88132298 0.45128801
vt 0.88189799 0.45164099
vt 0.88014001 0.45401299
vt 0.87959200 0.45358601
vt 0.88132298 0.45128801
vt 0.88132298 0.45128801
vt 0.87962198 0.45009100
vt 0.88102400 0.44778401
vt 0.88283098 0.44881600
vt 0.87959200 0.45358601
vt 0.87804699 0.45221499
vt 0.87962198 0.45009100
vt 0.88132298 0.45128801
vt 0.87959200 0.45358601
vt 0.88014001 0.45401299
vt 0.87813503 0.45619300
vt 0.87763101 0.45569301
vt 0.87763101 0.45569301
vt 0.87621200 0.45413300
vt 0.87804699 0.45221499
vt 0.87959200 0.45358601
vt 0.87597698 0.45374101
vt 0.87785500 0.45199099
vt 0.87804699 0.45221499
vt 0.87621200 0.45413300
vt 0.87545598 0.45760900
vt 0.87417400 0.45590499
vt 0.87621200 0.45413300
vt 0.87763101 0.45569301
vt 0.87389398 0.45547301
vt 0.87597698 0.45374101
vt 0.87621200 0.45413300
vt 0.87417400 0.45590499
vt 0.87350202 0.45489499
vt 0.87505901 0.45365801
vt 0.87597698 0.45374101
vt 0.87389398 0.45547301
vt 0.87174398 0.45710400
vt 0.87389398 0.45547301
vt 0.87417400 0.45590499
vt 0.87199199 0.45748901
vt 0.87194699 0.45612001
vt 0.87350202 0.45489499
vt 0.87389398 0.45547301
vt 0.87174398 0.45710400
vt 0.87113601 0.45679599
vt 0.87194699 0.45612001
vt 0.87174398 0.45710400
vt 0.87085003 0.45749000
vt 0.87085003 0.45749000
vt 0.87174398 0.45710400
vt 0.86961102 0.45854300
vt 0.86955899 0.45837200
vt 0.86961102 0.45854300
vt 0.87174398 0.45710400
vt 0.87199199 0.45748901
vt 0.86971998 0.45883200
vt 0.87199199 0.45748901
vt 0.87417400 0.45590499
vt 0.87545598 0.45760900
vt 0.87311500 0.45930901
vt 0.87063301 0.46075201
vt 0.86971998 0.45883200
vt 0.87199199 0.45748901
vt 0.87311500 0.45930901
vt 0.87347800 0.45988700
vt 0.87092799 0.46134299
vt 0.87063301 0.46075201
vt 0.87311500 0.45930901
vt 0.87545598 0.45760900
vt 0.87589902 0.45816699
vt 0.87347800 0.45988700
vt 0.87311500 0.45930901
vt 0.87763101 0.45569301
vt 0.87813503 0.45619300
vt 0.87589902 0.45816699
vt 0.87545598 0.45760900
vt 0.86801702 0.46192801
vt 0.86728901 0.45987800
vt 0.86971998 0.45883200
vt 0.87063301 0.46075201
vt 0.87063301 0.46075201
vt 0.87092799 0.46134299
vt 0.86825299 0.46253100
vt 0.86801702 0.46192801
vt 0.86801702 0.46192801
vt 0.86825299 0.46253100
vt 0.86545700 0.46346501
vt 0.86526901 0.46282801
vt 0.86526901 0.46282801
vt 0.86472702 0.46070200
vt 0.86728901 0.45987800
vt 0.86801702 0.46192801
vt 0.86460400 0.46018401
vt 0.86719602 0.45941299
vt 0.86728901 0.45987800
vt 0.86472702 0.46070200
vt 0.86719602 0.45941299
vt 0.86961102 0.45854300
vt 0.86971998 0.45883200
vt 0.86728901 0.45987800
vt 0.86443102 0.45948401
vt 0.86634898 0.45895499
vt 0.86719602 0.45941299
vt 0.86460400 0.46018401
vt 0.86955899 0.45837200
vt 0.86961102 0.45854300
vt 0.86719602 0.45941299
vt 0.86809301 0.45888901
vt 0.86809301 0.45888901
vt 0.86719602 0.45941299
vt 0.86634898 0.45895499
vt 0.86739999 0.45868799
vt 0.86739999 0.45868799
vt 0.86634898 0.45895499
vt 0.86669397 0.45802301
vt 0.86772400 0.45798600
vt 0.86426097 0.45881301
vt 0.86669397 0.45802301
vt 0.86634898 0.45895499
vt 0.86443102 0.45948401
vt 0.86848801 0.45856500
vt 0.86809301 0.45888901
vt 0.86739999 0.45868799
vt 0.86818999 0.45839900
vt 0.86818999 0.45839900
vt 0.86739999 0.45868799
vt 0.86772400 0.45798600
vt 0.86825502 0.45801100
vt 0.86772400 0.45798600
vt 0.86669397 0.45802301
vt 0.86884201 0.45684999
vt 0.86900699 0.45716399
vt 0.86825502 0.45801100
vt 0.86772400 0.45798600
vt 0.86900699 0.45716399
vt 0.86918300 0.45750600
vt 0.86900699 0.45716399
vt 0.86884201 0.45684999
vt 0.87104601 0.45582500
vt 0.87041497 0.45662600
vt 0.86918300 0.45750600
vt 0.86900699 0.45716399
vt 0.87041497 0.45662600
vt 0.87012899 0.45706299
vt 0.86669397 0.45802301
vt 0.86652601 0.45767900
vt 0.86874098 0.45664200
vt 0.86884201 0.45684999
vt 0.86918300 0.45750600
vt 0.87012899 0.45706299
vt 0.87045902 0.45724899
vt 0.87038797 0.45759800
vt 0.86947501 0.45815000
vt 0.86848801 0.45856500
vt 0.86818999 0.45839900
vt 0.86825502 0.45801100
vt 0.87012899 0.45706299
vt 0.87041497 0.45662600
vt 0.87113601 0.45679599
vt 0.87045902 0.45724899
vt 0.87045902 0.45724899
vt 0.87113601 0.45679599
vt 0.87085003 0.45749000
vt 0.87038797 0.45759800
vt 0.87038797 0.45759800
vt 0.87085003 0.45749000
vt 0.86955899 0.45837200
vt 0.86947501 0.45815000
vt 0.86947501 0.45815000
vt 0.86955899 0.45837200
vt 0.86809301 0.45888901
vt 0.86848801 0.45856500
vt 0.87041497 0.45662600
vt 0.87104601 0.45582500
vt 0.87194699 0.45612001
vt 0.87113601 0.45679599
vt 0.86177403 0.45936599
vt 0.86426097 0.45881301
vt 0.86443102 0.45948401
vt 0.86252099 0.45999900
vt 0.86417198 0.45846599
vt 0.86426097 0.45881301
vt 0.86177403 0.45936599
vt 0.86174798 0.45898399
vt 0.86652601 0.45767900
vt 0.86669397 0.45802301
vt 0.86426097 0.45881301
vt 0.86417198 0.45846599
vt 0.86609900 0.45657900
vt 0.86652601 0.45767900
vt 0.86417198 0.45846599
vt 0.86386800 0.45732999
vt 0.86417198 0.45846599
vt 0.86174798 0.45898399
vt 0.86157000 0.45783901
vt 0.86386800 0.45732999
vt 0.86174798 0.45898399
vt 0.86177403 0.45936599
vt 0.85934103 0.45944700
vt 0.85931897 0.45921800
vt 0.86157000 0.45783901
vt 0.86174798 0.45898399
vt 0.85931897 0.45921800
vt 0.85924798 0.45810300
vt 0.85931897 0.45921800
vt 0.85688001 0.45931301
vt 0.85690999 0.45817599
vt 0.85924798 0.45810300
vt 0.86089098 0.45985201
vt 0.86177403 0.45936599
vt 0.86252099 0.45999900
vt 0.86150801 0.46029499
vt 0.88410199 0.44620401
vt 0.88469601 0.44644201
vt 0.88341600 0.44910499
vt 0.88283098 0.44881600
vt 0.88283098 0.44881600
vt 0.88102400 0.44778401
vt 0.88221902 0.44535801
vt 0.88410199 0.44620401
vt 0.88062102 0.44750899
vt 0.88186902 0.44511300
vt 0.88221902 0.44535801
vt 0.88102400 0.44778401
vt 0.88186902 0.44511300
vt 0.88291699 0.44277301
vt 0.88317198 0.44287601
vt 0.88221902 0.44535801
vt 0.88410199 0.44620401
vt 0.88221902 0.44535801
vt 0.88317198 0.44287601
vt 0.88511801 0.44348899
vt 0.88280100 0.44271401
vt 0.88291699 0.44277301
vt 0.88186902 0.44511300
vt 0.88216197 0.44412699
vt 0.88006800 0.44714999
vt 0.88102502 0.44542101
vt 0.88186902 0.44511300
vt 0.88062102 0.44750899
vt 0.88216197 0.44412699
vt 0.88186902 0.44511300
vt 0.88102502 0.44542101
vt 0.88158101 0.44450000
vt 0.88222802 0.44363099
vt 0.88216197 0.44412699
vt 0.88158101 0.44450000
vt 0.88193703 0.44374201
vt 0.88261902 0.44263801
vt 0.88280100 0.44271401
vt 0.88216197 0.44412699
vt 0.88222802 0.44363099
vt 0.88203400 0.44242999
vt 0.88237798 0.44144499
vt 0.88271201 0.44132799
vt 0.88287300 0.44160500
vt 0.88261902 0.44263801
vt 0.88222802 0.44363099
vt 0.88193703 0.44374201
vt 0.88173503 0.44343701
vt 0.88193703 0.44374201
vt 0.88158101 0.44450000
vt 0.88135099 0.44379300
vt 0.88173503 0.44343701
vt 0.88173503 0.44343701
vt 0.88135099 0.44379300
vt 0.88168103 0.44231901
vt 0.88203400 0.44242999
vt 0.88203400 0.44242999
vt 0.88168103 0.44231901
vt 0.88227302 0.44094101
vt 0.88237798 0.44144499
vt 0.88168103 0.44231901
vt 0.88134700 0.44221500
vt 0.88215297 0.43994501
vt 0.88227302 0.44094101
vt 0.88237798 0.44144499
vt 0.88227302 0.44094101
vt 0.88285601 0.44052500
vt 0.88271201 0.44132799
vt 0.88227302 0.44094101
vt 0.88215297 0.43994501
vt 0.88293397 0.43947300
vt 0.88285601 0.44052500
vt 0.88224298 0.43742701
vt 0.88256198 0.43745801
vt 0.88215297 0.43994501
vt 0.88181603 0.43983099
vt 0.88215297 0.43994501
vt 0.88256198 0.43745801
vt 0.88316798 0.43751800
vt 0.88293397 0.43947300
vt 0.88293397 0.43947300
vt 0.88316798 0.43751800
vt 0.88378900 0.43757600
vt 0.88341498 0.44025299
vt 0.88285601 0.44052500
vt 0.88293397 0.43947300
vt 0.88341498 0.44025299
vt 0.88309801 0.44118899
vt 0.88316798 0.43751800
vt 0.88340300 0.43555900
vt 0.88404799 0.43488199
vt 0.88378900 0.43757600
vt 0.88256198 0.43745801
vt 0.88276201 0.43494600
vt 0.88340300 0.43555900
vt 0.88316798 0.43751800
vt 0.88357800 0.43450499
vt 0.88340300 0.43555900
vt 0.88276201 0.43494600
vt 0.88311601 0.43398100
vt 0.88396400 0.43389800
vt 0.88404799 0.43488199
vt 0.88340300 0.43555900
vt 0.88357800 0.43450499
vt 0.88403201 0.43233699
vt 0.88415301 0.43230501
vt 0.88404799 0.43488199
vt 0.88396400 0.43389800
vt 0.88404799 0.43488199
vt 0.88415301 0.43230501
vt 0.88441998 0.43224099
vt 0.88445199 0.43490100
vt 0.88378900 0.43757600
vt 0.88404799 0.43488199
vt 0.88445199 0.43490100
vt 0.88424999 0.43761301
vt 0.88650000 0.43487799
vt 0.88445199 0.43490100
vt 0.88441998 0.43224099
vt 0.88642401 0.43198800
vt 0.88629502 0.43779001
vt 0.88424999 0.43761301
vt 0.88445199 0.43490100
vt 0.88650000 0.43487799
vt 0.88341498 0.44025299
vt 0.88378900 0.43757600
vt 0.88424999 0.43761301
vt 0.88382298 0.44029799
vt 0.88382298 0.44029799
vt 0.88424999 0.43761301
vt 0.88629502 0.43779001
vt 0.88584298 0.44067901
vt 0.88511801 0.44348899
vt 0.88317198 0.44287601
vt 0.88382298 0.44029799
vt 0.88584298 0.44067901
vt 0.88291699 0.44277301
vt 0.88341498 0.44025299
vt 0.88382298 0.44029799
vt 0.88317198 0.44287601
vt 0.88629502 0.43779001
vt 0.88697600 0.43787101
vt 0.88648200 0.44081500
vt 0.88584298 0.44067901
vt 0.88648200 0.44081500
vt 0.88573200 0.44367799
vt 0.88511801 0.44348899
vt 0.88584298 0.44067901
vt 0.88511801 0.44348899
vt 0.88573200 0.44367799
vt 0.88469601 0.44644201
vt 0.88410199 0.44620401
vt 0.88648200 0.44081500
vt 0.88963997 0.44143501
vt 0.88881898 0.44459701
vt 0.88573200 0.44367799
vt 0.88573200 0.44367799
vt 0.88881898 0.44459701
vt 0.88770002 0.44766599
vt 0.88469601 0.44644201
vt 0.88469601 0.44644201
vt 0.88770002 0.44766599
vt 0.88631701 0.45062399
vt 0.88341600 0.44910499
vt 0.88697600 0.43787101
vt 0.89014602 0.43820101
vt 0.88963997 0.44143501
vt 0.88648200 0.44081500
vt 0.88718301 0.43489000
vt 0.89029998 0.43496600
vt 0.89014602 0.43820101
vt 0.88697600 0.43787101
vt 0.88650000 0.43487799
vt 0.88718301 0.43489000
vt 0.88697600 0.43787101
vt 0.88629502 0.43779001
vt 0.88709301 0.43193001
vt 0.89026397 0.43174601
vt 0.89029998 0.43496600
vt 0.88718301 0.43489000
vt 0.88642401 0.43198800
vt 0.88709301 0.43193001
vt 0.88718301 0.43489000
vt 0.88650000 0.43487799
vt 0.88607103 0.42912200
vt 0.88671499 0.42900199
vt 0.88709301 0.43193001
vt 0.88642401 0.43198800
vt 0.88671499 0.42900199
vt 0.88988298 0.42852801
vt 0.89026397 0.43174601
vt 0.88709301 0.43193001
vt 0.88642401 0.43198800
vt 0.88441998 0.43224099
vt 0.88407099 0.42960501
vt 0.88607103 0.42912200
vt 0.88607103 0.42912200
vt 0.88407099 0.42960501
vt 0.88348597 0.42697799
vt 0.88545698 0.42630300
vt 0.88545698 0.42630300
vt 0.88606697 0.42613700
vt 0.88671499 0.42900199
vt 0.88607103 0.42912200
vt 0.88458300 0.42357501
vt 0.88517898 0.42336401
vt 0.88606697 0.42613700
vt 0.88545698 0.42630300
vt 0.88545698 0.42630300
vt 0.88348597 0.42697799
vt 0.88268501 0.42442399
vt 0.88458300 0.42357501
vt 0.88304597 0.42719001
vt 0.88230097 0.42462200
vt 0.88268501 0.42442399
vt 0.88348597 0.42697799
vt 0.88368499 0.42979601
vt 0.88304597 0.42719001
vt 0.88348597 0.42697799
vt 0.88407099 0.42960501
vt 0.88458300 0.42357501
vt 0.88268501 0.42442399
vt 0.88167900 0.42201400
vt 0.88346702 0.42096800
vt 0.88230097 0.42462200
vt 0.88145202 0.42221099
vt 0.88167900 0.42201400
vt 0.88268501 0.42442399
vt 0.88244301 0.42744899
vt 0.88193297 0.42555800
vt 0.88230097 0.42462200
vt 0.88304597 0.42719001
vt 0.88133901 0.42231700
vt 0.88145202 0.42221099
vt 0.88230097 0.42462200
vt 0.88185102 0.42378601
vt 0.88185102 0.42378601
vt 0.88230097 0.42462200
vt 0.88193297 0.42555800
vt 0.88169903 0.42452699
vt 0.88169903 0.42452699
vt 0.88193297 0.42555800
vt 0.88108999 0.42529801
vt 0.88105798 0.42425901
vt 0.88185197 0.42768899
vt 0.88108999 0.42529801
vt 0.88193297 0.42555800
vt 0.88244301 0.42744899
vt 0.88077599 0.42550299
vt 0.88108999 0.42529801
vt 0.88185197 0.42768899
vt 0.88154399 0.42781600
vt 0.88105798 0.42425901
vt 0.88108999 0.42529801
vt 0.87996000 0.42318901
vt 0.88027000 0.42300701
vt 0.88108999 0.42529801
vt 0.88077599 0.42550299
vt 0.87976402 0.42331299
vt 0.87996000 0.42318901
vt 0.88077599 0.42550299
vt 0.87967300 0.42596900
vt 0.87873501 0.42386201
vt 0.87976402 0.42331299
vt 0.87976402 0.42331299
vt 0.87873501 0.42386201
vt 0.87762398 0.42183101
vt 0.87862301 0.42118001
vt 0.87996000 0.42318901
vt 0.87976402 0.42331299
vt 0.87862301 0.42118001
vt 0.87894398 0.42098099
vt 0.87862301 0.42118001
vt 0.87762398 0.42183101
vt 0.87630099 0.41990501
vt 0.87722999 0.41915101
vt 0.87894398 0.42098099
vt 0.87862301 0.42118001
vt 0.87722999 0.41915101
vt 0.87748700 0.41890699
vt 0.87894398 0.42098099
vt 0.87748700 0.41890699
vt 0.87798399 0.41843700
vt 0.87918401 0.41999599
vt 0.87972999 0.42158699
vt 0.87894398 0.42098099
vt 0.87918401 0.41999599
vt 0.87986201 0.42081299
vt 0.88027000 0.42300701
vt 0.87996000 0.42318901
vt 0.87894398 0.42098099
vt 0.87972999 0.42158699
vt 0.88015902 0.42185900
vt 0.87972999 0.42158699
vt 0.87986201 0.42081299
vt 0.88032103 0.42149600
vt 0.88059998 0.42281100
vt 0.88027000 0.42300701
vt 0.87972999 0.42158699
vt 0.88015902 0.42185900
vt 0.88059998 0.42281100
vt 0.88015902 0.42185900
vt 0.88032103 0.42149600
vt 0.88063401 0.42153099
vt 0.88116503 0.42243999
vt 0.88156497 0.42342201
vt 0.88143700 0.42375201
vt 0.88108301 0.42372301
vt 0.88032103 0.42149600
vt 0.87986201 0.42081299
vt 0.88049901 0.42104399
vt 0.88063401 0.42153099
vt 0.88063401 0.42153099
vt 0.88049901 0.42104399
vt 0.88133901 0.42231700
vt 0.88116503 0.42243999
vt 0.87986201 0.42081299
vt 0.87918401 0.41999599
vt 0.88007301 0.42009500
vt 0.88049901 0.42104399
vt 0.88049901 0.42104399
vt 0.88007301 0.42009500
vt 0.88145202 0.42221099
vt 0.88133901 0.42231700
vt 0.88145202 0.42221099
vt 0.88007301 0.42009500
vt 0.88037801 0.41973799
vt 0.88167900 0.42201400
vt 0.88007301 0.42009500
vt 0.87849200 0.41793901
vt 0.87885201 0.41755700
vt 0.88037801 0.41973799
vt 0.87918401 0.41999599
vt 0.87798399 0.41843700
vt 0.87849200 0.41793901
vt 0.88007301 0.42009500
vt 0.87798399 0.41843700
vt 0.87678301 0.41687700
vt 0.87681699 0.41585201
vt 0.87849200 0.41793901
vt 0.87849200 0.41793901
vt 0.87681699 0.41585201
vt 0.87713599 0.41551501
vt 0.87885201 0.41755700
vt 0.88048100 0.41614300
vt 0.87885201 0.41755700
vt 0.87713599 0.41551501
vt 0.87864000 0.41395700
vt 0.88037801 0.41973799
vt 0.87885201 0.41755700
vt 0.88048100 0.41614300
vt 0.88209301 0.41848901
vt 0.87681699 0.41585201
vt 0.87509799 0.41394001
vt 0.87526500 0.41367400
vt 0.87713599 0.41551501
vt 0.87864000 0.41395700
vt 0.87713599 0.41551501
vt 0.87526500 0.41367400
vt 0.87659699 0.41196400
vt 0.88104302 0.41573501
vt 0.88048100 0.41614300
vt 0.87864000 0.41395700
vt 0.87916398 0.41347000
vt 0.87916398 0.41347000
vt 0.87864000 0.41395700
vt 0.87659699 0.41196400
vt 0.87704301 0.41142699
vt 0.88167697 0.41117099
vt 0.87916398 0.41347000
vt 0.87704301 0.41142699
vt 0.87930602 0.40885401
vt 0.88375801 0.41373101
vt 0.88104302 0.41573501
vt 0.87916398 0.41347000
vt 0.88167697 0.41117099
vt 0.88553500 0.41646901
vt 0.88267398 0.41815701
vt 0.88104302 0.41573501
vt 0.88375801 0.41373101
vt 0.88267398 0.41815701
vt 0.88209301 0.41848901
vt 0.88048100 0.41614300
vt 0.88104302 0.41573501
vt 0.88701898 0.41933700
vt 0.88405198 0.42070299
vt 0.88267398 0.41815701
vt 0.88553500 0.41646901
vt 0.88405198 0.42070299
vt 0.88346702 0.42096800
vt 0.88209301 0.41848901
vt 0.88267398 0.41815701
vt 0.88517898 0.42336401
vt 0.88458300 0.42357501
vt 0.88346702 0.42096800
vt 0.88405198 0.42070299
vt 0.88822901 0.42230701
vt 0.88517898 0.42336401
vt 0.88405198 0.42070299
vt 0.88701898 0.41933700
vt 0.88606697 0.42613700
vt 0.88517898 0.42336401
vt 0.88822901 0.42230701
vt 0.88919097 0.42537299
vt 0.88671499 0.42900199
vt 0.88606697 0.42613700
vt 0.88919097 0.42537299
vt 0.88988298 0.42852801
vt 0.88346702 0.42096800
vt 0.88167900 0.42201400
vt 0.88037801 0.41973799
vt 0.88209301 0.41848901
vt 0.87509799 0.41394001
vt 0.87296802 0.41251701
vt 0.87316000 0.41207701
vt 0.87526500 0.41367400
vt 0.87501198 0.41408801
vt 0.87509799 0.41394001
vt 0.87681699 0.41585201
vt 0.87605202 0.41525999
vt 0.87371701 0.41323400
vt 0.87296802 0.41251701
vt 0.87509799 0.41394001
vt 0.87501198 0.41408801
vt 0.87300098 0.41327000
vt 0.87204498 0.41277000
vt 0.87296802 0.41251701
vt 0.87371701 0.41323400
vt 0.87204498 0.41277000
vt 0.87031001 0.41179600
vt 0.87063700 0.41114700
vt 0.87296802 0.41251701
vt 0.87296802 0.41251701
vt 0.87063700 0.41114700
vt 0.87086803 0.41066501
vt 0.87316000 0.41207701
vt 0.87314898 0.41404000
vt 0.87216198 0.41377300
vt 0.87204498 0.41277000
vt 0.87300098 0.41327000
vt 0.87216198 0.41377300
vt 0.86999202 0.41241601
vt 0.87031001 0.41179600
vt 0.87204498 0.41277000
vt 0.87366802 0.41413200
vt 0.87314898 0.41404000
vt 0.87300098 0.41327000
vt 0.87369800 0.41373000
vt 0.87369800 0.41373000
vt 0.87300098 0.41327000
vt 0.87371701 0.41323400
vt 0.87402499 0.41363701
vt 0.87419802 0.41515601
vt 0.87396598 0.41543800
vt 0.87216198 0.41377300
vt 0.87314898 0.41404000
vt 0.87444699 0.41484901
vt 0.87419802 0.41515601
vt 0.87314898 0.41404000
vt 0.87366802 0.41413200
vt 0.87444699 0.41484901
vt 0.87366802 0.41413200
vt 0.87369800 0.41373000
vt 0.87402499 0.41363701
vt 0.87488103 0.41427499
vt 0.87563401 0.41503599
vt 0.87562102 0.41539899
vt 0.87525803 0.41551200
vt 0.87525803 0.41551200
vt 0.87543201 0.41601899
vt 0.87419802 0.41515601
vt 0.87444699 0.41484901
vt 0.87562102 0.41539899
vt 0.87616497 0.41601500
vt 0.87543201 0.41601899
vt 0.87525803 0.41551200
vt 0.87563401 0.41503599
vt 0.87605202 0.41525999
vt 0.87616497 0.41601500
vt 0.87562102 0.41539899
vt 0.87616497 0.41601500
vt 0.87678301 0.41687700
vt 0.87585002 0.41697001
vt 0.87543201 0.41601899
vt 0.87605202 0.41525999
vt 0.87681699 0.41585201
vt 0.87678301 0.41687700
vt 0.87616497 0.41601500
vt 0.87748700 0.41890699
vt 0.87585002 0.41697001
vt 0.87678301 0.41687700
vt 0.87798399 0.41843700
vt 0.87585002 0.41697001
vt 0.87561703 0.41728199
vt 0.87382001 0.41562599
vt 0.87396598 0.41543800
vt 0.87543201 0.41601899
vt 0.87585002 0.41697001
vt 0.87396598 0.41543800
vt 0.87419802 0.41515601
vt 0.87748700 0.41890699
vt 0.87722999 0.41915101
vt 0.87561703 0.41728199
vt 0.87585002 0.41697001
vt 0.87561703 0.41728199
vt 0.87478000 0.41812301
vt 0.87308502 0.41651201
vt 0.87382001 0.41562599
vt 0.87722999 0.41915101
vt 0.87630099 0.41990501
vt 0.87478000 0.41812301
vt 0.87561703 0.41728199
vt 0.87488103 0.41427499
vt 0.87501198 0.41408801
vt 0.87605202 0.41525999
vt 0.87563401 0.41503599
vt 0.87402499 0.41363701
vt 0.87371701 0.41323400
vt 0.87501198 0.41408801
vt 0.87488103 0.41427499
vt 0.88116503 0.42243999
vt 0.88133901 0.42231700
vt 0.88185102 0.42378601
vt 0.88156497 0.42342201
vt 0.88156497 0.42342201
vt 0.88185102 0.42378601
vt 0.88169903 0.42452699
vt 0.88143700 0.42375201
vt 0.88143700 0.42375201
vt 0.88169903 0.42452699
vt 0.88105798 0.42425901
vt 0.88108301 0.42372301
vt 0.88108301 0.42372301
vt 0.88105798 0.42425901
vt 0.88027000 0.42300701
vt 0.88059998 0.42281100
vt 0.88154399 0.42781600
vt 0.88185197 0.42768899
vt 0.88240999 0.43013901
vt 0.88205701 0.43019801
vt 0.88240999 0.43013901
vt 0.88185197 0.42768899
vt 0.88244301 0.42744899
vt 0.88295501 0.42933899
vt 0.88205701 0.43019801
vt 0.88240999 0.43013901
vt 0.88252300 0.43255600
vt 0.88230097 0.43259001
vt 0.88287097 0.43250901
vt 0.88252300 0.43255600
vt 0.88240999 0.43013901
vt 0.88289601 0.43099499
vt 0.88289601 0.43099499
vt 0.88240999 0.43013901
vt 0.88295501 0.42933899
vt 0.88327599 0.43034300
vt 0.88295501 0.42933899
vt 0.88244301 0.42744899
vt 0.88304597 0.42719001
vt 0.88368499 0.42979601
vt 0.88327599 0.43034300
vt 0.88295501 0.42933899
vt 0.88368499 0.42979601
vt 0.88374400 0.43082201
vt 0.88374400 0.43082201
vt 0.88368499 0.42979601
vt 0.88415301 0.43230501
vt 0.88403201 0.43233699
vt 0.88415301 0.43230501
vt 0.88368499 0.42979601
vt 0.88407099 0.42960501
vt 0.88441998 0.43224099
vt 0.88344598 0.43114701
vt 0.88327599 0.43034300
vt 0.88374400 0.43082201
vt 0.88369602 0.43131301
vt 0.88369602 0.43131301
vt 0.88374400 0.43082201
vt 0.88403201 0.43233699
vt 0.88384402 0.43236601
vt 0.88384402 0.43236601
vt 0.88403201 0.43233699
vt 0.88396400 0.43389800
vt 0.88384700 0.43343499
vt 0.88323700 0.43245900
vt 0.88318300 0.43141100
vt 0.88344598 0.43114701
vt 0.88369602 0.43131301
vt 0.88384402 0.43236601
vt 0.88384700 0.43343499
vt 0.88362902 0.43367699
vt 0.88333499 0.43349800
vt 0.88384700 0.43343499
vt 0.88396400 0.43389800
vt 0.88357800 0.43450499
vt 0.88362902 0.43367699
vt 0.88362902 0.43367699
vt 0.88357800 0.43450499
vt 0.88311601 0.43398100
vt 0.88333499 0.43349800
vt 0.88333499 0.43349800
vt 0.88311601 0.43398100
vt 0.88287097 0.43250901
vt 0.88323700 0.43245900
vt 0.88323700 0.43245900
vt 0.88287097 0.43250901
vt 0.88289601 0.43099499
vt 0.88318300 0.43141100
vt 0.88311601 0.43398100
vt 0.88276201 0.43494600
vt 0.88252300 0.43255600
vt 0.88287097 0.43250901
vt 0.88318300 0.43141100
vt 0.88289601 0.43099499
vt 0.88327599 0.43034300
vt 0.88344598 0.43114701
vt 0.88230097 0.43259001
vt 0.88252300 0.43255600
vt 0.88276201 0.43494600
vt 0.88240802 0.43499401
vt 0.88240802 0.43499401
vt 0.88276201 0.43494600
vt 0.88256198 0.43745801
vt 0.88224298 0.43742701
vt 0.88120401 0.43499401
vt 0.88240802 0.43499401
vt 0.88224298 0.43742701
vt 0.88103902 0.43729299
vt 0.88309801 0.44118899
vt 0.88341498 0.44025299
vt 0.88291699 0.44277301
vt 0.88280100 0.44271401
vt 0.88287300 0.44160500
vt 0.88309801 0.44118899
vt 0.88280100 0.44271401
vt 0.88261902 0.44263801
vt 0.88271201 0.44132799
vt 0.88285601 0.44052500
vt 0.88309801 0.44118899
vt 0.88287300 0.44160500
vt 0.85186702 0.45903501
vt 0.85437500 0.45948499
vt 0.85430300 0.46017399
vt 0.85234201 0.45991600
vt 0.85441202 0.45912901
vt 0.85437500 0.45948499
vt 0.85186702 0.45903501
vt 0.85197902 0.45866999
vt 0.85690999 0.45817599
vt 0.85688001 0.45931301
vt 0.85441202 0.45912901
vt 0.85456300 0.45800599
vt 0.85441202 0.45912901
vt 0.85197902 0.45866999
vt 0.85224599 0.45758599
vt 0.85456300 0.45800599
vt 0.84964901 0.45794600
vt 0.85000002 0.45692900
vt 0.85224599 0.45758599
vt 0.85197902 0.45866999
vt 0.84958798 0.45816699
vt 0.84964901 0.45794600
vt 0.85197902 0.45866999
vt 0.85186702 0.45903501
vt 0.84736800 0.45708999
vt 0.84781200 0.45609301
vt 0.85000002 0.45692900
vt 0.84964901 0.45794600
vt 0.84726900 0.45746100
vt 0.84736800 0.45708999
vt 0.84964901 0.45794600
vt 0.84958798 0.45816699
vt 0.84802997 0.45816800
vt 0.84726900 0.45746100
vt 0.84958798 0.45816699
vt 0.84949303 0.45850399
vt 0.84949303 0.45850399
vt 0.84958798 0.45816699
vt 0.85186702 0.45903501
vt 0.85087103 0.45914000
vt 0.84938902 0.45886999
vt 0.84949303 0.45850399
vt 0.85087103 0.45914000
vt 0.85036898 0.45924100
vt 0.84839100 0.45856300
vt 0.84802997 0.45816800
vt 0.84949303 0.45850399
vt 0.84938902 0.45886999
vt 0.84809399 0.45879799
vt 0.84734201 0.45844501
vt 0.84802997 0.45816800
vt 0.84839100 0.45856300
vt 0.84734201 0.45844501
vt 0.84642297 0.45789301
vt 0.84726900 0.45746100
vt 0.84802997 0.45816800
vt 0.84938902 0.45886999
vt 0.85036898 0.45924100
vt 0.85049099 0.45961800
vt 0.85021597 0.45982799
vt 0.84919000 0.45955801
vt 0.84820700 0.45914000
vt 0.84809399 0.45879799
vt 0.84839100 0.45856300
vt 0.84820700 0.45914000
vt 0.84771597 0.45910001
vt 0.84734201 0.45844501
vt 0.84809399 0.45879799
vt 0.84919000 0.45955801
vt 0.84911400 0.45979500
vt 0.84771597 0.45910001
vt 0.84820700 0.45914000
vt 0.85021597 0.45982799
vt 0.85063201 0.46009600
vt 0.84911400 0.45979500
vt 0.84919000 0.45955801
vt 0.85049099 0.45961800
vt 0.85128897 0.45979500
vt 0.85063201 0.46009600
vt 0.85021597 0.45982799
vt 0.85063201 0.46009600
vt 0.85156602 0.46049601
vt 0.84906101 0.45997801
vt 0.84911400 0.45979500
vt 0.85128897 0.45979500
vt 0.85234201 0.45991600
vt 0.85156602 0.46049601
vt 0.85063201 0.46009600
vt 0.85087103 0.45914000
vt 0.85186702 0.45903501
vt 0.85234201 0.45991600
vt 0.85128897 0.45979500
vt 0.85036898 0.45924100
vt 0.85087103 0.45914000
vt 0.85128897 0.45979500
vt 0.85049099 0.45961800
vt 0.84911400 0.45979500
vt 0.84906101 0.45997801
vt 0.84675401 0.45885301
vt 0.84771597 0.45910001
vt 0.84771597 0.45910001
vt 0.84675401 0.45885301
vt 0.84642297 0.45789301
vt 0.84734201 0.45844501
vt 0.84440798 0.45754901
vt 0.84675401 0.45885301
vt 0.84655899 0.45928100
vt 0.84419399 0.45803300
vt 0.84471500 0.45690301
vt 0.84642297 0.45789301
vt 0.84675401 0.45885301
vt 0.84440798 0.45754901
vt 0.84501702 0.45628500
vt 0.84726900 0.45746100
vt 0.84642297 0.45789301
vt 0.84471500 0.45690301
vt 0.84289098 0.45490000
vt 0.84501702 0.45628500
vt 0.84471500 0.45690301
vt 0.84302002 0.45590201
vt 0.84302002 0.45590201
vt 0.84471500 0.45690301
vt 0.84440798 0.45754901
vt 0.84212798 0.45614299
vt 0.84194499 0.45461500
vt 0.84289098 0.45490000
vt 0.84302002 0.45590201
vt 0.84210002 0.45537999
vt 0.84210002 0.45537999
vt 0.84302002 0.45590201
vt 0.84212798 0.45614299
vt 0.84140700 0.45540801
vt 0.84517199 0.45596501
vt 0.84501702 0.45628500
vt 0.84289098 0.45490000
vt 0.84311700 0.45460200
vt 0.84311700 0.45460200
vt 0.84289098 0.45490000
vt 0.84112799 0.45322901
vt 0.84126002 0.45304599
vt 0.84091800 0.45350200
vt 0.84112799 0.45322901
vt 0.84289098 0.45490000
vt 0.84194499 0.45461500
vt 0.83971298 0.45263600
vt 0.83927798 0.45169801
vt 0.84112799 0.45322901
vt 0.84091800 0.45350200
vt 0.84126002 0.45304599
vt 0.84112799 0.45322901
vt 0.83927798 0.45169801
vt 0.83949500 0.45139399
vt 0.83989900 0.45313501
vt 0.83971298 0.45263600
vt 0.84091800 0.45350200
vt 0.84069198 0.45379701
vt 0.84069198 0.45379701
vt 0.84091800 0.45350200
vt 0.84194499 0.45461500
vt 0.84145200 0.45451400
vt 0.84069198 0.45379701
vt 0.84145200 0.45451400
vt 0.84143400 0.45490700
vt 0.84111798 0.45499599
vt 0.84028500 0.45435300
vt 0.83954400 0.45359400
vt 0.83955401 0.45323700
vt 0.83989900 0.45313501
vt 0.84145200 0.45451400
vt 0.84194499 0.45461500
vt 0.84210002 0.45537999
vt 0.84143400 0.45490700
vt 0.84143400 0.45490700
vt 0.84210002 0.45537999
vt 0.84140700 0.45540801
vt 0.84111798 0.45499599
vt 0.84111798 0.45499599
vt 0.84140700 0.45540801
vt 0.84014100 0.45454800
vt 0.84028500 0.45435300
vt 0.84140700 0.45540801
vt 0.84212798 0.45614299
vt 0.84004402 0.45470601
vt 0.84014100 0.45454800
vt 0.84028500 0.45435300
vt 0.84014100 0.45454800
vt 0.83912098 0.45337400
vt 0.83954400 0.45359400
vt 0.84014100 0.45454800
vt 0.84004402 0.45470601
vt 0.83835399 0.45278600
vt 0.83912098 0.45337400
vt 0.83835399 0.45278600
vt 0.84004402 0.45470601
vt 0.83988601 0.45497000
vt 0.83804798 0.45311499
vt 0.84004402 0.45470601
vt 0.84212798 0.45614299
vt 0.84195101 0.45658401
vt 0.83988601 0.45497000
vt 0.83718199 0.45021501
vt 0.83837301 0.45177299
vt 0.83835399 0.45278600
vt 0.83669502 0.45069200
vt 0.83669502 0.45069200
vt 0.83835399 0.45278600
vt 0.83804798 0.45311499
vt 0.83634800 0.45105901
vt 0.83912098 0.45337400
vt 0.83835399 0.45278600
vt 0.83837301 0.45177299
vt 0.83900201 0.45262799
vt 0.83900201 0.45262799
vt 0.83837301 0.45177299
vt 0.83927798 0.45169801
vt 0.83971298 0.45263600
vt 0.83766103 0.44976300
vt 0.83927798 0.45169801
vt 0.83837301 0.45177299
vt 0.83718199 0.45021501
vt 0.83600301 0.44865000
vt 0.83718199 0.45021501
vt 0.83669502 0.45069200
vt 0.83512902 0.44852501
vt 0.83622998 0.44768599
vt 0.83766103 0.44976300
vt 0.83718199 0.45021501
vt 0.83600301 0.44865000
vt 0.83547300 0.44706199
vt 0.83622998 0.44768599
vt 0.83600301 0.44865000
vt 0.83534801 0.44781801
vt 0.83534801 0.44781801
vt 0.83600301 0.44865000
vt 0.83512902 0.44852501
vt 0.83472300 0.44757199
vt 0.83512902 0.44852501
vt 0.83482897 0.44886401
vt 0.83352900 0.44658101
vt 0.83375901 0.44640100
vt 0.83512902 0.44852501
vt 0.83669502 0.45069200
vt 0.83634800 0.45105901
vt 0.83482897 0.44886401
vt 0.83472300 0.44757199
vt 0.83512902 0.44852501
vt 0.83375901 0.44640100
vt 0.83389002 0.44629499
vt 0.83460301 0.44708201
vt 0.83472300 0.44757199
vt 0.83389002 0.44629499
vt 0.83407998 0.44617099
vt 0.83490998 0.44712600
vt 0.83534801 0.44781801
vt 0.83472300 0.44757199
vt 0.83460301 0.44708201
vt 0.83462799 0.44583201
vt 0.83506000 0.44677800
vt 0.83490998 0.44712600
vt 0.83460301 0.44708201
vt 0.83407998 0.44617099
vt 0.83368403 0.44519401
vt 0.83380997 0.44487700
vt 0.83415198 0.44492301
vt 0.83506000 0.44677800
vt 0.83547300 0.44706199
vt 0.83534801 0.44781801
vt 0.83490998 0.44712600
vt 0.83462799 0.44583201
vt 0.83494103 0.44565299
vt 0.83547300 0.44706199
vt 0.83506000 0.44677800
vt 0.83415198 0.44492301
vt 0.83416700 0.44440001
vt 0.83494103 0.44565299
vt 0.83462799 0.44583201
vt 0.83416700 0.44440001
vt 0.83411902 0.44338199
vt 0.83523601 0.44548699
vt 0.83494103 0.44565299
vt 0.83494103 0.44565299
vt 0.83523601 0.44548699
vt 0.83622998 0.44768599
vt 0.83547300 0.44706199
vt 0.83380997 0.44487700
vt 0.83353603 0.44411099
vt 0.83416700 0.44440001
vt 0.83415198 0.44492301
vt 0.83353603 0.44411099
vt 0.83328700 0.44308800
vt 0.83411902 0.44338199
vt 0.83416700 0.44440001
vt 0.83442497 0.44319499
vt 0.83411902 0.44338199
vt 0.83336401 0.44099599
vt 0.83366901 0.44088700
vt 0.83336401 0.44099599
vt 0.83411902 0.44338199
vt 0.83328700 0.44308800
vt 0.83278000 0.44119999
vt 0.83338702 0.44483200
vt 0.83292001 0.44399101
vt 0.83328700 0.44308800
vt 0.83353603 0.44411099
vt 0.83278000 0.44119999
vt 0.83328700 0.44308800
vt 0.83292001 0.44399101
vt 0.83218098 0.44141701
vt 0.83282602 0.43854901
vt 0.83336401 0.44099599
vt 0.83278000 0.44119999
vt 0.83228499 0.43930799
vt 0.83389002 0.44629499
vt 0.83375901 0.44640100
vt 0.83292001 0.44399101
vt 0.83338702 0.44483200
vt 0.83375901 0.44640100
vt 0.83352900 0.44658101
vt 0.83253300 0.44415799
vt 0.83292001 0.44399101
vt 0.83368403 0.44519401
vt 0.83338702 0.44483200
vt 0.83353603 0.44411099
vt 0.83380997 0.44487700
vt 0.83407998 0.44617099
vt 0.83389002 0.44629499
vt 0.83338702 0.44483200
vt 0.83368403 0.44519401
vt 0.83366901 0.44088700
vt 0.83336401 0.44099599
vt 0.83282602 0.43854901
vt 0.83317202 0.43851200
vt 0.83317202 0.43851200
vt 0.83282602 0.43854901
vt 0.83272803 0.43615401
vt 0.83294302 0.43613601
vt 0.83236498 0.43766901
vt 0.83282602 0.43854901
vt 0.83228499 0.43930799
vt 0.83198798 0.43829200
vt 0.83239502 0.43617600
vt 0.83272803 0.43615401
vt 0.83282602 0.43854901
vt 0.83236498 0.43766901
vt 0.83294302 0.43613601
vt 0.83272803 0.43615401
vt 0.83249199 0.43377599
vt 0.83283800 0.43375301
vt 0.83215702 0.43470800
vt 0.83249199 0.43377599
vt 0.83272803 0.43615401
vt 0.83239502 0.43617600
vt 0.83194798 0.43516999
vt 0.83215702 0.43470800
vt 0.83239502 0.43617600
vt 0.83204401 0.43619999
vt 0.83204401 0.43619999
vt 0.83239502 0.43617600
vt 0.83236498 0.43766901
vt 0.83209300 0.43723699
vt 0.83204401 0.43619999
vt 0.83209300 0.43723699
vt 0.83183903 0.43748099
vt 0.83158898 0.43730399
vt 0.83144599 0.43625501
vt 0.83144403 0.43519801
vt 0.83166403 0.43497300
vt 0.83194798 0.43516999
vt 0.83209300 0.43723699
vt 0.83236498 0.43766901
vt 0.83198798 0.43829200
vt 0.83183903 0.43748099
vt 0.83183903 0.43748099
vt 0.83198798 0.43829200
vt 0.83152503 0.43779299
vt 0.83158898 0.43730399
vt 0.83158898 0.43730399
vt 0.83152503 0.43779299
vt 0.83123797 0.43628100
vt 0.83144599 0.43625501
vt 0.83144599 0.43625501
vt 0.83123797 0.43628100
vt 0.83131301 0.43473801
vt 0.83144403 0.43519801
vt 0.83144403 0.43519801
vt 0.83131301 0.43473801
vt 0.83170003 0.43416101
vt 0.83166403 0.43497300
vt 0.83166403 0.43497300
vt 0.83170003 0.43416101
vt 0.83215702 0.43470800
vt 0.83194798 0.43516999
vt 0.83170003 0.43416101
vt 0.83185500 0.43312401
vt 0.83249199 0.43377599
vt 0.83215702 0.43470800
vt 0.83283800 0.43375301
vt 0.83249199 0.43377599
vt 0.83268899 0.43128499
vt 0.83300501 0.43133801
vt 0.83268899 0.43128499
vt 0.83249199 0.43377599
vt 0.83185500 0.43312401
vt 0.83208698 0.43118501
vt 0.83310598 0.42881900
vt 0.83268899 0.43128499
vt 0.83208698 0.43118501
vt 0.83232898 0.42924300
vt 0.83300501 0.43133801
vt 0.83268899 0.43128499
vt 0.83310598 0.42881900
vt 0.83343399 0.42895600
vt 0.83391500 0.42658401
vt 0.83411801 0.42667100
vt 0.83343399 0.42895600
vt 0.83310598 0.42881900
vt 0.83360201 0.42645401
vt 0.83391500 0.42658401
vt 0.83310598 0.42881900
vt 0.83301198 0.42780200
vt 0.83301198 0.42780200
vt 0.83310598 0.42881900
vt 0.83232898 0.42924300
vt 0.83243197 0.42818600
vt 0.83292502 0.42728400
vt 0.83301198 0.42780200
vt 0.83243197 0.42818600
vt 0.83259600 0.42738199
vt 0.83326799 0.42631701
vt 0.83360201 0.42645401
vt 0.83301198 0.42780200
vt 0.83292502 0.42728400
vt 0.83393002 0.42499700
vt 0.83458900 0.42428800
vt 0.83391500 0.42658401
vt 0.83360201 0.42645401
vt 0.83356202 0.42532700
vt 0.83393002 0.42499700
vt 0.83360201 0.42645401
vt 0.83326799 0.42631701
vt 0.83326799 0.42631701
vt 0.83292502 0.42728400
vt 0.83259600 0.42738199
vt 0.83242798 0.42709500
vt 0.83268201 0.42607200
vt 0.83306903 0.42510200
vt 0.83336502 0.42500800
vt 0.83356202 0.42532700
vt 0.83336502 0.42500800
vt 0.83369797 0.42427701
vt 0.83393002 0.42499700
vt 0.83356202 0.42532700
vt 0.83306903 0.42510200
vt 0.83311599 0.42461401
vt 0.83369797 0.42427701
vt 0.83336502 0.42500800
vt 0.83369797 0.42427701
vt 0.83422297 0.42338201
vt 0.83458900 0.42428800
vt 0.83393002 0.42499700
vt 0.83311599 0.42461401
vt 0.83337599 0.42364100
vt 0.83422297 0.42338201
vt 0.83369797 0.42427701
vt 0.83268201 0.42607200
vt 0.83247697 0.42599300
vt 0.83311599 0.42461401
vt 0.83306903 0.42510200
vt 0.83516002 0.42168701
vt 0.83422297 0.42338201
vt 0.83337599 0.42364100
vt 0.83459902 0.42129701
vt 0.83570600 0.42205501
vt 0.83458900 0.42428800
vt 0.83422297 0.42338201
vt 0.83516002 0.42168701
vt 0.83492303 0.42442599
vt 0.83458900 0.42428800
vt 0.83570600 0.42205501
vt 0.83599001 0.42224699
vt 0.83458900 0.42428800
vt 0.83492303 0.42442599
vt 0.83411801 0.42667100
vt 0.83391500 0.42658401
vt 0.83492303 0.42442599
vt 0.83583897 0.42484400
vt 0.83503401 0.42699900
vt 0.83411801 0.42667100
vt 0.83583897 0.42484400
vt 0.83492303 0.42442599
vt 0.83599001 0.42224699
vt 0.83686697 0.42276499
vt 0.83411801 0.42667100
vt 0.83503401 0.42699900
vt 0.83440000 0.42920601
vt 0.83343399 0.42895600
vt 0.83599001 0.42224699
vt 0.83570600 0.42205501
vt 0.83702397 0.41992801
vt 0.83728999 0.42019501
vt 0.83686697 0.42276499
vt 0.83599001 0.42224699
vt 0.83728999 0.42019501
vt 0.83811003 0.42080000
vt 0.83811003 0.42080000
vt 0.84042799 0.42243201
vt 0.83933699 0.42415899
vt 0.83686697 0.42276499
vt 0.83879399 0.41832000
vt 0.83954501 0.41898000
vt 0.83811003 0.42080000
vt 0.83728999 0.42019501
vt 0.83954501 0.41898000
vt 0.84168601 0.42081901
vt 0.84042799 0.42243201
vt 0.83811003 0.42080000
vt 0.84309798 0.41932800
vt 0.84168601 0.42081901
vt 0.83954501 0.41898000
vt 0.84112298 0.41727600
vt 0.84288400 0.41572899
vt 0.84465301 0.41797701
vt 0.84309798 0.41932800
vt 0.84112298 0.41727600
vt 0.84223700 0.41489899
vt 0.84288400 0.41572899
vt 0.84112298 0.41727600
vt 0.84040499 0.41652799
vt 0.84040499 0.41652799
vt 0.84112298 0.41727600
vt 0.83954501 0.41898000
vt 0.83879399 0.41832000
vt 0.84012699 0.41627100
vt 0.84040499 0.41652799
vt 0.83879399 0.41832000
vt 0.83863199 0.41815999
vt 0.84202302 0.41461200
vt 0.84223700 0.41489899
vt 0.84040499 0.41652799
vt 0.84012699 0.41627100
vt 0.84424299 0.41348201
vt 0.84479898 0.41437301
vt 0.84288400 0.41572899
vt 0.84223700 0.41489899
vt 0.84407598 0.41313401
vt 0.84424299 0.41348201
vt 0.84223700 0.41489899
vt 0.84202302 0.41461200
vt 0.84407598 0.41313401
vt 0.84202302 0.41461200
vt 0.84160697 0.41406000
vt 0.84314603 0.41284099
vt 0.84202302 0.41461200
vt 0.84012699 0.41627100
vt 0.84008300 0.41527900
vt 0.84160697 0.41406000
vt 0.84314603 0.41284099
vt 0.84160697 0.41406000
vt 0.84117401 0.41348299
vt 0.84329301 0.41186899
vt 0.84160697 0.41406000
vt 0.84008300 0.41527900
vt 0.83913898 0.41518301
vt 0.84117401 0.41348299
vt 0.83925599 0.41591001
vt 0.84008300 0.41527900
vt 0.84012699 0.41627100
vt 0.83923000 0.41667801
vt 0.83855402 0.41598800
vt 0.83913898 0.41518301
vt 0.84008300 0.41527900
vt 0.83925599 0.41591001
vt 0.84117401 0.41348299
vt 0.83913898 0.41518301
vt 0.83887100 0.41479400
vt 0.84085798 0.41305599
vt 0.83913898 0.41518301
vt 0.83730000 0.41688800
vt 0.83708698 0.41666600
vt 0.83887100 0.41479400
vt 0.83743000 0.41701299
vt 0.83730000 0.41688800
vt 0.83913898 0.41518301
vt 0.83855402 0.41598800
vt 0.83833700 0.41642201
vt 0.83855402 0.41598800
vt 0.83925599 0.41591001
vt 0.83867103 0.41645899
vt 0.83760899 0.41716999
vt 0.83743000 0.41701299
vt 0.83855402 0.41598800
vt 0.83833700 0.41642201
vt 0.83699000 0.41802099
vt 0.83660102 0.41830701
vt 0.83743000 0.41701299
vt 0.83760899 0.41716999
vt 0.83660102 0.41830701
vt 0.83592403 0.41900900
vt 0.83730000 0.41688800
vt 0.83743000 0.41701299
vt 0.83811200 0.41765100
vt 0.83742303 0.41841599
vt 0.83705997 0.41836599
vt 0.83699000 0.41802099
vt 0.83760899 0.41716999
vt 0.83833700 0.41642201
vt 0.83867103 0.41645899
vt 0.83875501 0.41684201
vt 0.83705997 0.41836599
vt 0.83660299 0.41905099
vt 0.83660102 0.41830701
vt 0.83699000 0.41802099
vt 0.83742303 0.41841599
vt 0.83731401 0.41893801
vt 0.83660299 0.41905099
vt 0.83705997 0.41836599
vt 0.83660299 0.41905099
vt 0.83610702 0.41998699
vt 0.83592403 0.41900900
vt 0.83660102 0.41830701
vt 0.83731401 0.41893801
vt 0.83702397 0.41992801
vt 0.83610702 0.41998699
vt 0.83660299 0.41905099
vt 0.83811200 0.41765100
vt 0.83838201 0.41791499
vt 0.83731401 0.41893801
vt 0.83742303 0.41841599
vt 0.83838201 0.41791499
vt 0.83863199 0.41815999
vt 0.83702397 0.41992801
vt 0.83731401 0.41893801
vt 0.83923000 0.41667801
vt 0.84012699 0.41627100
vt 0.83863199 0.41815999
vt 0.83838201 0.41791499
vt 0.83875501 0.41684201
vt 0.83923000 0.41667801
vt 0.83838201 0.41791499
vt 0.83811200 0.41765100
vt 0.83867103 0.41645899
vt 0.83925599 0.41591001
vt 0.83923000 0.41667801
vt 0.83875501 0.41684201
vt 0.83863199 0.41815999
vt 0.83879399 0.41832000
vt 0.83728999 0.42019501
vt 0.83702397 0.41992801
vt 0.83702397 0.41992801
vt 0.83570600 0.42205501
vt 0.83516002 0.42168701
vt 0.83610702 0.41998699
vt 0.83610702 0.41998699
vt 0.83516002 0.42168701
vt 0.83459902 0.42129701
vt 0.83592403 0.41900900
vt 0.83592403 0.41900900
vt 0.83459902 0.42129701
vt 0.83419299 0.42099801
vt 0.83555698 0.41874501
vt 0.83730000 0.41688800
vt 0.83592403 0.41900900
vt 0.83555698 0.41874501
vt 0.83708698 0.41666600
vt 0.83360100 0.41732201
vt 0.83555698 0.41874501
vt 0.83419299 0.42099801
vt 0.83211303 0.41974100
vt 0.83708698 0.41666600
vt 0.83555698 0.41874501
vt 0.83360100 0.41732201
vt 0.83530700 0.41507500
vt 0.83477098 0.41465101
vt 0.83530700 0.41507500
vt 0.83360100 0.41732201
vt 0.83304000 0.41697299
vt 0.83304000 0.41697299
vt 0.83360100 0.41732201
vt 0.83211303 0.41974100
vt 0.83154100 0.41945499
vt 0.83211303 0.41974100
vt 0.83419299 0.42099801
vt 0.83302301 0.42336699
vt 0.83085197 0.42230400
vt 0.83154100 0.41945499
vt 0.83211303 0.41974100
vt 0.83085197 0.42230400
vt 0.83027202 0.42206800
vt 0.83459902 0.42129701
vt 0.83337599 0.42364100
vt 0.83302301 0.42336699
vt 0.83419299 0.42099801
vt 0.84397203 0.41215801
vt 0.84314603 0.41284099
vt 0.84329301 0.41186899
vt 0.84422398 0.41147101
vt 0.84471297 0.41232401
vt 0.84407598 0.41313401
vt 0.84314603 0.41284099
vt 0.84397203 0.41215801
vt 0.84466398 0.41169500
vt 0.84397203 0.41215801
vt 0.84422398 0.41147101
vt 0.84471101 0.41134900
vt 0.84500700 0.41187999
vt 0.84471297 0.41232401
vt 0.84397203 0.41215801
vt 0.84466398 0.41169500
vt 0.84471101 0.41134900
vt 0.84422398 0.41147101
vt 0.84549701 0.41059300
vt 0.84561902 0.41079900
vt 0.84422398 0.41147101
vt 0.84329301 0.41186899
vt 0.84539801 0.41043800
vt 0.84549701 0.41059300
vt 0.84329301 0.41186899
vt 0.84117401 0.41348299
vt 0.84085798 0.41305599
vt 0.84299701 0.41149801
vt 0.84539801 0.41043800
vt 0.84329301 0.41186899
vt 0.84299701 0.41149801
vt 0.84524500 0.41016299
vt 0.84479898 0.41437301
vt 0.84632897 0.41678599
vt 0.84465301 0.41797701
vt 0.84288400 0.41572899
vt 0.84683901 0.41323400
vt 0.84811503 0.41576901
vt 0.84632897 0.41678599
vt 0.84479898 0.41437301
vt 0.84895903 0.41226900
vt 0.84999001 0.41492999
vt 0.84811503 0.41576901
vt 0.84683901 0.41323400
vt 0.85118002 0.41152799
vt 0.85193801 0.41428000
vt 0.84999001 0.41492999
vt 0.84895903 0.41226900
vt 0.85346198 0.41102499
vt 0.85394001 0.41383001
vt 0.85193801 0.41428000
vt 0.85118002 0.41152799
vt 0.85577101 0.41075900
vt 0.85597497 0.41358000
vt 0.85394001 0.41383001
vt 0.85346198 0.41102499
vt 0.85346198 0.41102499
vt 0.85327297 0.40996099
vt 0.85567701 0.40970200
vt 0.85577101 0.41075900
vt 0.85802299 0.41352499
vt 0.85597497 0.41358000
vt 0.85577101 0.41075900
vt 0.85808802 0.41067901
vt 0.83242798 0.42709500
vt 0.83218700 0.42750701
vt 0.83247697 0.42599300
vt 0.83268201 0.42607200
vt 0.83259600 0.42738199
vt 0.83243197 0.42818600
vt 0.83218700 0.42750701
vt 0.83242798 0.42709500
vt 0.83300501 0.43133801
vt 0.83343399 0.42895600
vt 0.83440000 0.42920601
vt 0.83399701 0.43148100
vt 0.83383298 0.43378499
vt 0.83283800 0.43375301
vt 0.83300501 0.43133801
vt 0.83399701 0.43148100
vt 0.83294302 0.43613601
vt 0.83283800 0.43375301
vt 0.83383298 0.43378499
vt 0.83390898 0.43607801
vt 0.83954400 0.45359400
vt 0.83912098 0.45337400
vt 0.83900201 0.45262799
vt 0.83955401 0.45323700
vt 0.83955401 0.45323700
vt 0.83900201 0.45262799
vt 0.83971298 0.45263600
vt 0.83989900 0.45313501
vt 0.84212798 0.45614299
vt 0.84440798 0.45754901
vt 0.84419399 0.45803300
vt 0.84195101 0.45658401
vt 0.84736800 0.45708999
vt 0.84726900 0.45746100
vt 0.84501702 0.45628500
vt 0.84517199 0.45596501
vt 0.84305602 0.46007401
vt 0.84419399 0.45803300
vt 0.84655899 0.45928100
vt 0.84561700 0.46138901
vt 0.84936398 0.40545100
vt 0.84953201 0.40606400
vt 0.84680098 0.40693599
vt 0.84658301 0.40633699
vt 0.86092001 0.40523800
vt 0.86073101 0.40750599
vt 0.85804498 0.40732700
vt 0.85804200 0.40504199
vt 0.86377800 0.40567401
vt 0.86339700 0.40790299
vt 0.86073101 0.40750599
vt 0.86092001 0.40523800
vt 0.87661999 0.44281101
vt 0.87920803 0.44394401
vt 0.87818402 0.44603100
vt 0.87570798 0.44464299
vt 0.87570798 0.44464299
vt 0.87818402 0.44603100
vt 0.87694699 0.44800499
vt 0.87462002 0.44637701
vt 0.87462002 0.44637701
vt 0.87694699 0.44800499
vt 0.87551701 0.44983399
vt 0.87336498 0.44799799
vt 0.87694699 0.44800499
vt 0.87793201 0.44870800
vt 0.87641001 0.45060399
vt 0.87551701 0.44983399
vt 0.87924600 0.44662800
vt 0.87793201 0.44870800
vt 0.87694699 0.44800499
vt 0.87818402 0.44603100
vt 0.87641001 0.45060399
vt 0.87477499 0.45241600
vt 0.87393802 0.45154700
vt 0.87551701 0.44983399
vt 0.87336498 0.44799799
vt 0.87551701 0.44983399
vt 0.87393802 0.45154700
vt 0.87195700 0.44949701
vt 0.87195700 0.44949701
vt 0.87393802 0.45154700
vt 0.87217897 0.45310000
vt 0.87040800 0.45085400
vt 0.87713498 0.45123401
vt 0.87684900 0.45098701
vt 0.87792897 0.44994301
vt 0.87783200 0.45045701
vt 0.87783200 0.45045701
vt 0.87792897 0.44994301
vt 0.87863600 0.44981101
vt 0.87819397 0.45049500
f 1880/1 2/2 1/3
f 1880/1 1/3 4/4
f 2/5 1885/6 3/7
f 2/5 3/7 1/8
f 1/9 3/10 7/11
f 1/9 7/11 5/12
f 4/13 1/14 5/15
f 4/13 5/15 6/16
f 6/17 5/18 8/19
f 6/17 8/19 9/20
f 5/21 7/22 10/23
f 5/21 10/23 8/24
f 9/25 8/26 11/27
f 9/25 11/27 12/28
f 8/29 10/30 13/31
f 8/29 13/31 11/32
f 12/33 11/34 14/35
f 12/33 14/35 15/36
f 11/37 13/38 16/39
f 11/37 16/39 14/40
f 15/41 14/42 17/43
f 15/41 17/43 20/44
f 14/45 16/46 19/47
f 14/45 19/47 17/48
f 20/49 17/50 18/51
f 20/49 18/51 22/52
f 17/53 19/54 2752/55
f 17/53 2752/55 18/56
f 2808/57 15/58 20/59
f 2808/57 20/59 21/60
f 21/61 20/62 22/63
f 21/61 22/63 23/64
f 23/65 22/66 24/67
f 23/65 24/67 27/68
f 22/69 18/70 25/71
f 22/69 25/71 24/72
f 24/73 25/74 2748/75
f 24/73 2748/75 26/76
f 27/77 24/78 26/79
f 27/77 26/79 28/80
f 29/81 27/82 28/83
f 29/81 28/83 32/84
f 30/85 23/86 27/87
f 30/85 27/87 29/88
f 29/89 31/90 2806/91
f 29/89 2806/91 30/92
f 32/93 34/94 31/95
f 32/93 31/95 29/96
f 32/97 28/98 2745/99
f 32/97 2745/99 33/100
f 33/101 36/102 34/103
f 33/101 34/103 32/104
f 36/105 38/106 35/107
f 36/105 35/107 34/108
f 34/109 35/110 2807/111
f 34/109 2807/111 31/112
f 2744/113 37/114 36/115
f 2744/113 36/115 33/116
f 37/117 39/118 38/119
f 37/117 38/119 36/120
f 39/121 43/122 40/123
f 39/121 40/123 38/124
f 38/125 40/126 42/127
f 38/125 42/127 35/128
f 41/129 40/130 43/131
f 41/129 43/131 44/132
f 1768/133 42/134 40/135
f 1768/133 40/135 41/136
f 44/137 43/138 45/139
f 44/137 45/139 46/140
f 48/141 45/142 43/143
f 48/141 43/143 39/144
f 46/145 45/146 47/147
f 46/145 47/147 3096/148
f 45/149 48/150 49/151
f 45/149 49/151 47/152
f 52/153 49/154 48/155
f 52/153 48/155 50/156
f 50/157 48/158 39/159
f 50/157 39/159 37/160
f 51/161 50/162 37/163
f 51/161 37/163 2744/164
f 54/165 52/166 50/167
f 54/165 50/167 51/168
f 53/169 3099/170 49/171
f 53/169 49/171 52/172
f 55/173 53/174 52/175
f 55/173 52/175 54/176
f 54/177 56/178 59/179
f 54/177 59/179 55/180
f 51/181 57/182 56/183
f 51/181 56/183 54/184
f 57/185 2740/186 58/187
f 57/185 58/187 56/188
f 56/189 58/190 60/191
f 56/189 60/191 59/192
f 59/193 60/194 64/195
f 59/193 64/195 61/196
f 55/197 59/198 61/199
f 55/197 61/199 62/200
f 62/201 61/202 63/203
f 62/201 63/203 3106/204
f 61/205 64/206 66/207
f 61/205 66/207 63/208
f 60/209 2783/210 65/211
f 60/209 65/211 64/212
f 64/213 65/214 68/215
f 64/213 68/215 66/216
f 63/217 66/218 67/219
f 63/217 67/219 3109/220
f 66/221 68/222 69/223
f 66/221 69/223 67/224
f 68/225 70/226 71/227
f 68/225 71/227 69/228
f 65/229 72/230 70/231
f 65/229 70/231 68/232
f 76/233 71/234 70/235
f 76/233 70/235 73/236
f 73/237 70/238 72/239
f 73/237 72/239 74/240
f 75/241 73/242 74/243
f 75/241 74/243 2726/244
f 77/245 76/246 73/247
f 77/245 73/247 75/248
f 79/249 78/250 76/251
f 79/249 76/251 77/252
f 78/253 81/254 71/255
f 78/253 71/255 76/256
f 2710/257 80/258 78/259
f 2710/257 78/259 79/260
f 80/261 82/262 81/263
f 80/261 81/263 78/264
f 83/265 81/266 82/267
f 83/265 82/267 85/268
f 69/269 71/270 81/271
f 69/269 81/271 83/272
f 67/273 69/274 83/275
f 67/273 83/275 84/276
f 84/277 83/278 85/279
f 84/277 85/279 87/280
f 85/281 82/282 3111/283
f 85/281 3111/283 86/284
f 87/285 85/286 86/287
f 87/285 86/287 88/288
f 89/289 87/290 88/291
f 89/289 88/291 92/292
f 90/293 84/294 87/295
f 90/293 87/295 89/296
f 3108/297 90/298 89/299
f 3108/297 89/299 91/300
f 91/301 89/302 92/303
f 91/301 92/303 94/304
f 92/305 88/306 3110/307
f 92/305 3110/307 93/308
f 2638/309 2639/310 2645/311
f 2638/309 2645/311 95/312
f 2638/309 95/312 94/313
f 2638/309 94/313 92/314
f 2638/309 92/314 93/315
f 2638/309 93/315 1963/316
f 2638/309 1963/316 1970/317
f 94/318 96/319 99/320
f 94/318 99/320 91/321
f 95/322 97/323 96/324
f 95/322 96/324 94/325
f 106/326 98/327 96/328
f 106/326 96/328 97/329
f 96/330 98/331 101/332
f 96/330 101/332 99/333
f 91/334 99/335 100/336
f 91/334 100/336 3108/337
f 99/338 101/339 102/340
f 99/338 102/340 100/341
f 103/342 101/343 98/344
f 103/342 98/344 106/345
f 105/346 102/347 101/348
f 105/346 101/348 103/349
f 104/350 103/351 106/352
f 104/350 106/352 97/353
f 107/354 105/355 103/356
f 107/354 103/356 104/357
f 111/358 108/359 105/360
f 111/358 105/360 107/361
f 108/362 110/363 102/364
f 108/362 102/364 105/365
f 113/366 109/367 108/368
f 113/366 108/368 111/369
f 109/370 3102/371 110/372
f 109/370 110/372 108/373
f 112/374 111/375 107/376
f 112/374 107/376 2666/377
f 115/378 113/379 111/380
f 115/378 111/380 112/381
f 114/382 3100/383 109/384
f 114/382 109/384 113/385
f 116/386 114/387 113/388
f 116/386 113/388 115/389
f 120/390 116/391 115/392
f 120/390 115/392 117/393
f 117/394 115/395 112/396
f 117/394 112/396 118/397
f 118/398 2662/399 119/400
f 118/398 119/400 117/401
f 117/402 119/403 121/404
f 117/402 121/404 120/405
f 120/406 121/407 123/408
f 120/406 123/408 122/409
f 122/410 124/411 116/412
f 122/410 116/412 120/413
f 122/414 123/415 128/416
f 122/414 128/416 125/417
f 125/418 126/419 124/420
f 125/418 124/420 122/421
f 127/422 1766/423 126/424
f 127/422 126/424 125/425
f 125/426 128/427 129/428
f 125/426 129/428 127/429
f 128/430 130/431 131/432
f 128/430 131/432 129/433
f 123/434 133/435 130/436
f 123/434 130/436 128/437
f 1752/438 131/439 130/440
f 1752/438 130/440 132/441
f 133/442 135/443 132/444
f 133/442 132/444 130/445
f 121/446 134/447 133/448
f 121/446 133/448 123/449
f 134/450 137/451 135/452
f 134/450 135/452 133/453
f 136/454 135/455 137/456
f 136/454 137/456 139/457
f 1729/458 132/459 135/460
f 1729/458 135/460 136/461
f 137/462 134/463 2663/464
f 137/462 2663/464 138/465
f 139/466 137/467 138/468
f 139/466 138/468 141/469
f 1728/470 136/471 139/472
f 1728/470 139/472 140/473
f 140/474 139/475 141/476
f 140/474 141/476 143/477
f 143/478 141/479 142/480
f 143/478 142/480 145/481
f 141/482 138/483 2660/484
f 141/482 2660/484 142/485
f 1731/486 140/487 143/488
f 1731/486 143/488 144/489
f 144/490 143/491 145/492
f 144/490 145/492 147/493
f 145/494 142/495 2656/496
f 145/494 2656/496 146/497
f 147/498 145/499 146/500
f 147/498 146/500 149/501
f 147/502 148/503 1742/504
f 147/502 1742/504 144/505
f 149/506 151/507 148/508
f 149/506 148/508 147/509
f 149/510 146/511 2657/512
f 149/510 2657/512 150/513
f 150/514 153/515 151/516
f 150/514 151/516 149/517
f 151/518 152/519 1743/520
f 151/518 1743/520 148/521
f 153/522 155/523 152/524
f 153/522 152/524 151/525
f 154/526 157/527 155/528
f 154/526 155/528 153/529
f 2668/530 154/531 153/532
f 2668/530 153/532 150/533
f 1745/534 152/535 155/536
f 1745/534 155/536 156/537
f 156/538 155/539 157/540
f 156/538 157/540 158/541
f 160/542 159/543 157/544
f 160/542 157/544 154/545
f 157/546 159/547 158/548
f 162/549 158/550 159/551
f 162/549 159/551 160/552
f 163/553 162/554 160/555
f 163/553 160/555 161/556
f 161/557 160/558 154/559
f 161/557 154/559 2668/560
f 166/561 164/562 162/563
f 166/561 162/563 163/564
f 164/565 156/566 158/567
f 164/565 158/567 162/568
f 165/569 1745/570 156/571
f 165/569 156/571 164/572
f 168/573 165/574 164/575
f 168/573 164/575 166/576
f 166/577 163/578 2642/579
f 166/577 2642/579 167/580
f 168/581 166/582 167/583
f 168/581 167/583 170/584
f 169/585 168/586 170/587
f 169/585 170/587 171/588
f 169/589 1746/590 165/591
f 169/589 165/591 168/592
f 171/593 170/594 172/595
f 171/593 172/595 175/596
f 170/597 167/598 174/599
f 170/597 174/599 172/600
f 172/601 174/602 214/603
f 172/601 214/603 173/604
f 175/605 172/606 173/607
f 175/605 173/607 176/608
f 177/609 175/610 176/611
f 177/609 176/611 178/612
f 180/613 171/614 175/615
f 180/613 175/615 177/616
f 179/617 177/618 178/619
f 179/617 178/619 195/620
f 181/621 180/622 177/623
f 181/621 177/623 179/624
f 184/625 182/626 180/627
f 184/625 180/627 181/628
f 182/629 169/630 171/631
f 182/629 171/631 180/632
f 182/633 183/634 1746/635
f 182/633 1746/635 169/636
f 184/637 185/638 183/639
f 184/637 183/639 182/640
f 186/641 187/642 185/643
f 186/641 185/643 184/644
f 186/645 184/646 181/647
f 186/645 181/647 189/648
f 188/649 1749/650 187/651
f 188/649 187/651 186/652
f 186/653 189/654 190/655
f 186/653 190/655 188/656
f 189/657 181/658 179/659
f 189/657 179/659 191/660
f 189/661 191/662 192/663
f 189/661 192/663 190/664
f 192/665 191/666 193/667
f 192/665 193/667 196/668
f 191/669 179/670 195/671
f 191/669 195/671 193/672
f 204/673 194/674 193/675
f 204/673 193/675 195/676
f 194/677 198/678 196/679
f 194/677 196/679 193/680
f 1701/681 192/682 196/683
f 1701/681 196/683 197/684
f 198/685 199/686 197/687
f 198/685 197/687 196/688
f 200/689 201/690 199/691
f 200/689 199/691 198/692
f 202/693 200/694 198/695
f 202/693 198/695 194/696
f 202/697 194/698 204/699
f 202/697 204/699 203/700
f 203/701 204/702 206/703
f 203/701 206/703 205/704
f 207/705 205/706 206/707
f 207/705 206/707 208/708
f 210/709 209/710 207/711
f 210/709 207/711 208/712
f 213/713 211/714 209/715
f 213/713 209/715 210/716
f 212/717 211/718 213/719
f 212/717 213/719 215/720
f 213/721 210/722 173/723
f 213/721 173/723 214/724
f 215/725 213/726 214/727
f 215/725 214/727 217/728
f 2909/729 212/730 215/731
f 2909/729 215/731 216/732
f 216/733 215/734 217/735
f 216/733 217/735 219/736
f 217/737 218/738 220/739
f 217/737 220/739 219/740
f 174/741 218/742 217/743
f 174/741 217/743 214/744
f 221/745 219/746 220/747
f 221/745 220/747 224/748
f 222/749 216/750 219/751
f 222/749 219/751 221/752
f 2908/753 222/754 221/755
f 2908/753 221/755 223/756
f 226/757 223/758 221/759
f 226/757 221/759 224/760
f 2641/761 225/762 224/763
f 2641/761 224/763 220/764
f 227/765 226/766 224/767
f 227/765 224/767 225/768
f 231/769 228/770 226/771
f 231/769 226/771 227/772
f 226/773 228/774 230/775
f 226/773 230/775 223/776
f 232/777 229/778 228/779
f 232/777 228/779 231/780
f 228/781 229/782 1621/783
f 228/781 1621/783 230/784
f 236/785 232/786 231/787
f 236/785 231/787 233/788
f 233/789 231/790 227/791
f 233/789 227/791 234/792
f 233/793 234/794 246/795
f 233/793 246/795 235/796
f 236/797 233/798 235/799
f 236/797 235/799 238/800
f 237/801 1616/802 232/803
f 237/801 232/803 236/804
f 237/805 236/806 238/807
f 237/805 238/807 239/808
f 241/809 239/810 238/811
f 241/809 238/811 240/812
f 240/813 238/814 235/815
f 240/813 235/815 243/816
f 1599/817 241/818 240/819
f 1599/817 240/819 242/820
f 242/821 240/822 243/823
f 242/821 243/823 244/824
f 243/825 235/826 246/827
f 243/825 246/827 245/828
f 244/829 243/830 245/831
f 244/829 245/831 248/832
f 246/833 2635/834 2633/835
f 246/833 2633/835 247/836
f 246/833 247/836 245/837
f 245/838 247/839 250/840
f 245/838 250/840 248/841
f 1605/842 244/843 248/844
f 1605/842 248/844 249/845
f 249/846 248/847 250/848
f 249/846 250/848 252/849
f 251/850 250/851 247/852
f 251/850 247/852 601/853
f 252/854 250/855 251/856
f 252/854 251/856 253/857
f 252/858 254/859 256/860
f 252/858 256/860 249/861
f 252/862 253/863 257/864
f 252/862 257/864 254/865
f 254/866 255/867 353/868
f 254/866 353/868 256/869
f 254/870 257/871 258/872
f 254/870 258/872 255/873
f 257/874 259/875 262/876
f 257/874 262/876 258/877
f 253/878 261/879 259/880
f 253/878 259/880 257/881
f 261/882 587/883 260/884
f 261/882 260/884 259/885
f 259/886 260/887 264/888
f 259/886 264/888 262/889
f 262/890 264/891 265/892
f 262/890 265/892 263/893
f 258/894 262/895 263/896
f 258/894 263/896 347/897
f 269/898 265/899 264/900
f 269/898 264/900 266/901
f 266/902 264/903 260/904
f 266/902 260/904 267/905
f 268/906 266/907 267/908
f 268/906 267/908 586/909
f 270/910 269/911 266/912
f 270/910 266/912 268/913
f 272/914 271/915 269/916
f 272/914 269/916 270/917
f 271/918 273/919 265/920
f 271/918 265/920 269/921
f 275/922 274/923 271/924
f 275/922 271/924 272/925
f 274/926 276/927 273/928
f 274/926 273/928 271/929
f 280/930 277/931 274/932
f 280/930 274/932 275/933
f 277/934 278/935 276/936
f 277/934 276/936 274/937
f 279/938 339/939 278/940
f 279/938 278/940 277/941
f 281/942 279/943 277/944
f 281/942 277/944 280/945
f 284/946 281/947 280/948
f 284/946 280/948 282/949
f 282/950 280/951 275/952
f 282/950 275/952 285/953
f 283/954 282/955 285/956
f 283/954 285/956 286/957
f 310/958 284/959 282/960
f 310/958 282/960 283/961
f 286/962 285/963 287/964
f 286/962 287/964 288/965
f 285/966 275/967 272/968
f 285/966 272/968 287/969
f 288/970 287/971 289/972
f 288/970 289/972 290/973
f 287/974 272/975 270/976
f 287/974 270/976 289/977
f 289/978 270/979 268/980
f 289/978 268/980 291/981
f 290/982 289/983 291/984
f 290/982 291/984 293/985
f 293/986 291/987 292/988
f 293/986 292/988 294/989
f 291/990 268/991 586/992
f 291/990 586/992 292/993
f 293/994 294/995 296/996
f 293/994 296/996 290/997
f 294/998 292/999 581/1000
f 294/998 581/1000 295/1001
f 294/1002 295/1003 298/1004
f 294/1002 298/1004 296/1005
f 290/1006 296/1007 297/1008
f 290/1006 297/1008 288/1009
f 296/1010 298/1011 300/1012
f 296/1010 300/1012 297/1013
f 299/1014 298/1015 295/1016
f 299/1014 295/1016 580/1017
f 299/1018 572/1019 302/1020
f 299/1018 302/1020 300/1021
f 299/1018 300/1021 298/1022
f 309/1023 297/1024 300/1025
f 309/1023 300/1025 306/1026
f 2972/1027 303/1028 300/1029
f 2972/1027 300/1029 301/1030
f 565/1031 301/1032 300/1033
f 565/1031 300/1033 302/1034
f 3003/1035 304/1036 300/1037
f 3003/1035 300/1037 303/1038
f 3078/1039 305/1040 300/1041
f 3078/1039 300/1041 304/1042
f 307/1043 306/1044 300/1045
f 307/1043 300/1045 305/1046
f 311/1047 308/1048 306/1049
f 311/1047 306/1049 307/1050
f 310/1051 309/1052 306/1053
f 310/1051 306/1053 308/1054
f 286/1055 288/1056 297/1057
f 286/1055 297/1057 309/1058
f 283/1059 286/1060 309/1061
f 283/1059 309/1061 310/1062
f 308/1063 312/1064 284/1065
f 308/1063 284/1065 310/1066
f 311/1067 314/1068 312/1069
f 311/1067 312/1069 308/1070
f 314/1071 316/1072 313/1073
f 314/1071 313/1073 312/1074
f 312/1075 313/1076 281/1077
f 312/1075 281/1077 284/1078
f 3082/1079 315/1080 314/1081
f 3082/1079 314/1081 311/1082
f 315/1083 318/1084 316/1085
f 315/1083 316/1085 314/1086
f 318/1087 319/1088 317/1089
f 318/1087 317/1089 316/1090
f 316/1091 317/1092 3095/1093
f 316/1091 3095/1093 313/1094
f 320/1095 323/1096 319/1097
f 320/1095 319/1097 318/1098
f 322/1099 320/1100 318/1101
f 322/1099 318/1101 315/1102
f 3076/1103 321/1104 320/1105
f 3076/1103 320/1105 322/1106
f 321/1107 324/1108 323/1109
f 321/1107 323/1109 320/1110
f 323/1111 325/1112 328/1113
f 323/1111 328/1113 319/1114
f 324/1115 326/1116 325/1117
f 324/1115 325/1117 323/1118
f 327/1119 325/1120 326/1121
f 327/1119 326/1121 3071/1122
f 329/1123 328/1124 325/1125
f 329/1123 325/1125 327/1126
f 332/1127 330/1128 328/1129
f 332/1127 328/1129 329/1130
f 319/1131 328/1132 330/1133
f 319/1131 330/1133 317/1134
f 317/1135 330/1136 331/1137
f 317/1135 331/1137 3095/1138
f 334/1139 331/1140 330/1141
f 334/1139 330/1141 332/1142
f 333/1143 332/1144 329/1145
f 333/1143 329/1145 3029/1146
f 335/1147 334/1148 332/1149
f 335/1147 332/1149 333/1150
f 337/1151 336/1152 334/1153
f 337/1151 334/1153 335/1154
f 336/1155 339/1156 331/1157
f 336/1155 331/1157 334/1158
f 341/1159 338/1160 336/1161
f 341/1159 336/1161 337/1162
f 338/1163 278/1164 339/1165
f 338/1163 339/1165 336/1166
f 3095/1167 331/1168 339/1169
f 3095/1167 339/1169 279/1170
f 340/1171 276/1172 278/1173
f 340/1171 278/1173 338/1174
f 343/1175 340/1176 338/1177
f 343/1175 338/1177 341/1178
f 342/1179 341/1180 337/1181
f 342/1179 337/1181 3041/1182
f 344/1183 343/1184 341/1185
f 344/1183 341/1185 342/1186
f 346/1187 345/1188 343/1189
f 346/1187 343/1189 344/1190
f 345/1191 348/1192 340/1193
f 345/1191 340/1193 343/1194
f 349/1195 347/1196 345/1197
f 349/1195 345/1197 346/1198
f 347/1199 263/1200 348/1201
f 347/1199 348/1201 345/1202
f 348/1203 273/1204 276/1205
f 348/1203 276/1205 340/1206
f 263/1207 265/1208 273/1209
f 263/1207 273/1209 348/1210
f 255/1211 258/1212 347/1213
f 255/1211 347/1213 349/1214
f 353/1215 255/1216 349/1217
f 353/1215 349/1217 350/1218
f 350/1219 349/1220 346/1221
f 350/1219 346/1221 352/1222
f 3050/1223 351/1224 350/1225
f 3050/1223 350/1225 352/1226
f 351/1227 354/1228 353/1229
f 351/1227 353/1229 350/1230
f 354/1231 355/1232 256/1233
f 354/1231 256/1233 353/1234
f 356/1235 357/1236 355/1237
f 356/1235 355/1237 354/1238
f 358/1239 356/1240 354/1241
f 358/1239 354/1241 351/1242
f 359/1243 362/1244 357/1245
f 359/1243 357/1245 356/1246
f 363/1247 359/1248 356/1249
f 363/1247 356/1249 358/1250
f 360/1251 1579/1252 361/1253
f 360/1251 361/1253 359/1254
f 359/1255 363/1256 365/1257
f 359/1255 365/1257 360/1258
f 361/1259 1602/1260 362/1261
f 361/1259 362/1261 359/1262
f 364/1263 363/1264 358/1265
f 364/1263 358/1265 3049/1266
f 363/1267 364/1268 366/1269
f 363/1267 366/1269 365/1270
f 360/1271 365/1272 367/1273
f 360/1271 367/1273 369/1274
f 365/1275 366/1276 368/1277
f 365/1275 368/1277 367/1278
f 367/1279 368/1280 373/1281
f 367/1279 373/1281 370/1282
f 369/1283 367/1284 370/1285
f 369/1283 370/1285 371/1286
f 371/1287 370/1288 372/1289
f 371/1287 372/1289 1393/1290
f 370/1291 373/1292 374/1293
f 370/1291 374/1293 372/1294
f 368/1295 377/1296 375/1297
f 368/1295 375/1297 373/1298
f 373/1299 375/1300 376/1301
f 373/1299 376/1301 374/1302
f 375/1303 378/1304 381/1305
f 375/1303 381/1305 376/1306
f 377/1307 380/1308 378/1309
f 377/1307 378/1309 375/1310
f 378/1311 379/1312 382/1313
f 378/1311 382/1313 381/1314
f 380/1315 3056/1316 379/1317
f 380/1315 379/1317 378/1318
f 385/1319 383/1320 381/1321
f 385/1319 381/1321 382/1322
f 383/1323 384/1324 376/1325
f 383/1323 376/1325 381/1326
f 387/1327 384/1328 383/1329
f 387/1327 383/1329 386/1330
f 386/1331 383/1332 385/1333
f 386/1331 385/1333 388/1334
f 388/1335 385/1336 390/1337
f 388/1335 390/1337 389/1338
f 389/1339 390/1340 393/1341
f 389/1339 393/1341 391/1342
f 391/1343 393/1344 395/1345
f 391/1343 395/1345 392/1346
f 393/1347 390/1348 3069/1349
f 393/1347 3069/1349 394/1350
f 395/1351 393/1352 394/1353
f 395/1351 394/1353 396/1354
f 397/1355 395/1356 396/1357
f 397/1355 396/1357 398/1358
f 392/1359 395/1360 397/1361
f 392/1359 397/1361 399/1362
f 400/1363 397/1364 398/1365
f 400/1363 398/1365 402/1366
f 399/1367 397/1368 400/1369
f 399/1367 400/1369 403/1370
f 401/1371 400/1372 402/1373
f 401/1371 402/1373 449/1374
f 403/1375 400/1376 401/1377
f 403/1375 401/1377 404/1378
f 404/1379 401/1380 406/1381
f 404/1379 406/1381 405/1382
f 405/1383 406/1384 408/1385
f 405/1383 408/1385 407/1386
f 407/1387 408/1388 410/1389
f 407/1387 410/1389 409/1390
f 409/1391 410/1392 412/1393
f 409/1391 412/1393 411/1394
f 411/1395 412/1396 414/1397
f 411/1395 414/1397 413/1398
f 413/1399 414/1400 416/1401
f 413/1399 416/1401 415/1402
f 415/1403 416/1404 418/1405
f 415/1403 418/1405 417/1406
f 417/1407 418/1408 421/1409
f 417/1407 421/1409 419/1410
f 419/1411 421/1412 422/1413
f 419/1411 422/1413 420/1414
f 421/1415 418/1416 424/1417
f 421/1415 424/1417 423/1418
f 422/1419 421/1420 423/1421
f 422/1419 423/1421 425/1422
f 428/1423 426/1424 423/1425
f 428/1423 423/1425 424/1426
f 426/1427 427/1428 425/1429
f 426/1427 425/1429 423/1430
f 429/1431 430/1432 427/1433
f 429/1431 427/1433 426/1434
f 432/1435 429/1436 426/1437
f 432/1435 426/1437 428/1438
f 431/1439 512/1440 430/1441
f 431/1439 430/1441 429/1442
f 433/1443 431/1444 429/1445
f 433/1443 429/1445 432/1446
f 435/1447 433/1448 432/1449
f 435/1447 432/1449 434/1450
f 434/1451 432/1452 428/1453
f 434/1451 428/1453 437/1454
f 3084/1455 435/1456 434/1457
f 3084/1455 434/1457 436/1458
f 436/1459 434/1460 437/1461
f 436/1459 437/1461 439/1462
f 439/1463 437/1464 438/1465
f 439/1463 438/1465 440/1466
f 437/1467 428/1468 424/1469
f 437/1467 424/1469 438/1470
f 441/1471 439/1472 440/1473
f 441/1471 440/1473 444/1474
f 443/1475 436/1476 439/1477
f 443/1475 439/1477 441/1478
f 3087/1479 443/1480 441/1481
f 3087/1479 441/1481 442/1482
f 442/1483 441/1484 444/1485
f 442/1483 444/1485 445/1486
f 412/1487 410/1488 445/1489
f 412/1487 445/1489 444/1490
f 414/1491 412/1492 444/1493
f 414/1491 444/1493 440/1494
f 410/1495 408/1496 446/1497
f 410/1495 446/1497 445/1498
f 447/1499 442/1500 445/1501
f 447/1499 445/1501 446/1502
f 450/1503 447/1504 446/1505
f 450/1503 446/1505 448/1506
f 408/1507 406/1508 448/1509
f 408/1507 448/1509 446/1510
f 452/1511 450/1512 448/1513
f 452/1511 448/1513 449/1514
f 406/1515 401/1516 449/1517
f 406/1515 449/1517 448/1518
f 451/1519 3092/1520 447/1521
f 451/1519 447/1521 450/1522
f 454/1523 451/1524 450/1525
f 454/1523 450/1525 452/1526
f 453/1527 452/1528 449/1529
f 453/1527 449/1529 402/1530
f 456/1531 454/1532 452/1533
f 456/1531 452/1533 453/1534
f 455/1535 3091/1536 451/1537
f 455/1535 451/1537 454/1538
f 458/1539 455/1540 454/1541
f 458/1539 454/1541 456/1542
f 457/1543 456/1544 453/1545
f 457/1543 453/1545 3068/1546
f 460/1547 458/1548 456/1549
f 460/1547 456/1549 457/1550
f 462/1551 459/1552 458/1553
f 462/1551 458/1553 460/1554
f 459/1555 470/1556 455/1557
f 459/1555 455/1557 458/1558
f 461/1559 460/1560 457/1561
f 461/1559 457/1561 3061/1562
f 463/1563 462/1564 460/1565
f 463/1563 460/1565 461/1566
f 462/1567 463/1568 465/1569
f 462/1567 465/1569 464/1570
f 459/1571 462/1572 464/1573
f 459/1571 464/1573 467/1574
f 464/1575 465/1576 3031/1577
f 464/1575 3031/1577 466/1578
f 467/1579 464/1580 466/1581
f 467/1579 466/1581 468/1582
f 469/1583 467/1584 468/1585
f 469/1583 468/1585 472/1586
f 470/1587 459/1588 467/1589
f 470/1587 467/1589 469/1590
f 3093/1591 470/1592 469/1593
f 3093/1591 469/1593 471/1594
f 471/1595 469/1596 472/1597
f 471/1595 472/1597 474/1598
f 472/1599 468/1600 3024/1601
f 472/1599 3024/1601 473/1602
f 474/1603 472/1604 473/1605
f 474/1603 473/1605 476/1606
f 3094/1607 471/1608 474/1609
f 3094/1607 474/1609 475/1610
f 475/1611 474/1612 476/1613
f 475/1611 476/1613 478/1614
f 473/1615 3022/1616 477/1617
f 473/1615 477/1617 476/1618
f 476/1619 477/1620 480/1621
f 476/1619 480/1621 478/1622
f 479/1623 478/1624 480/1625
f 479/1623 480/1625 482/1626
f 498/1627 475/1628 478/1629
f 498/1627 478/1629 479/1630
f 477/1631 3019/1632 481/1633
f 477/1631 481/1633 480/1634
f 480/1635 481/1636 484/1637
f 480/1635 484/1637 482/1638
f 482/1639 484/1640 486/1641
f 482/1639 486/1641 483/1642
f 482/1643 483/1644 496/1645
f 482/1643 496/1645 479/1646
f 481/1647 3016/1648 485/1649
f 481/1647 485/1649 484/1650
f 484/1651 485/1652 487/1653
f 484/1651 487/1653 486/1654
f 486/1655 487/1656 489/1657
f 486/1655 489/1657 488/1658
f 483/1659 486/1660 488/1661
f 483/1659 488/1661 491/1662
f 488/1663 489/1664 2988/1665
f 488/1663 2988/1665 490/1666
f 491/1667 488/1668 490/1669
f 491/1667 490/1669 492/1670
f 494/1671 493/1672 491/1673
f 494/1671 491/1673 492/1674
f 493/1675 496/1676 483/1677
f 493/1675 483/1677 491/1678
f 505/1679 495/1680 493/1681
f 505/1679 493/1681 494/1682
f 495/1683 497/1684 496/1685
f 495/1683 496/1685 493/1686
f 497/1687 498/1688 479/1689
f 497/1687 479/1689 496/1690
f 499/1691 500/1692 498/1693
f 499/1691 498/1693 497/1694
f 502/1695 499/1696 497/1697
f 502/1695 497/1697 495/1698
f 501/1699 3088/1700 500/1701
f 501/1699 500/1701 499/1702
f 503/1703 501/1704 499/1705
f 503/1703 499/1705 502/1706
f 504/1707 502/1708 495/1709
f 504/1707 495/1709 505/1710
f 507/1711 503/1712 502/1713
f 507/1711 502/1713 504/1714
f 506/1715 504/1716 505/1717
f 506/1715 505/1717 535/1718
f 508/1719 507/1720 504/1721
f 508/1719 504/1721 506/1722
f 503/1723 507/1724 435/1725
f 503/1723 435/1725 3084/1726
f 507/1727 508/1728 433/1729
f 507/1727 433/1729 435/1730
f 509/1731 508/1732 506/1733
f 509/1731 506/1733 510/1734
f 508/1735 509/1736 431/1737
f 508/1735 431/1737 433/1738
f 511/1739 509/1740 510/1741
f 511/1739 510/1741 513/1742
f 509/1743 511/1744 512/1745
f 509/1743 512/1745 431/1746
f 511/1747 514/1748 515/1749
f 511/1747 515/1749 512/1750
f 514/1751 511/1752 513/1753
f 514/1751 513/1753 516/1754
f 514/1755 517/1756 518/1757
f 514/1755 518/1757 515/1758
f 517/1759 514/1760 516/1761
f 517/1759 516/1761 520/1762
f 517/1763 519/1764 1568/1765
f 517/1763 1568/1765 518/1766
f 519/1767 517/1768 520/1769
f 519/1767 520/1769 521/1770
f 521/1771 520/1772 522/1773
f 521/1771 522/1773 524/1774
f 520/1775 516/1776 523/1777
f 520/1775 523/1777 522/1778
f 522/1779 523/1780 528/1781
f 522/1779 528/1781 525/1782
f 524/1783 522/1784 525/1785
f 524/1783 525/1785 527/1786
f 527/1787 525/1788 526/1789
f 527/1787 526/1789 630/1790
f 525/1791 528/1792 529/1793
f 525/1791 529/1793 526/1794
f 523/1795 533/1796 530/1797
f 523/1795 530/1797 528/1798
f 528/1799 530/1800 531/1801
f 528/1799 531/1801 529/1802
f 530/1803 532/1804 538/1805
f 530/1803 538/1805 531/1806
f 533/1807 534/1808 532/1809
f 533/1807 532/1809 530/1810
f 513/1811 510/1812 534/1813
f 513/1811 534/1813 533/1814
f 516/1815 513/1816 533/1817
f 516/1815 533/1817 523/1818
f 510/1819 506/1820 535/1821
f 510/1819 535/1821 534/1822
f 534/1823 535/1824 536/1825
f 534/1823 536/1825 532/1826
f 535/1827 505/1828 494/1829
f 535/1827 494/1829 536/1830
f 494/1831 492/1832 537/1833
f 494/1831 537/1833 536/1834
f 532/1835 536/1836 537/1837
f 532/1835 537/1837 538/1838
f 537/1839 539/1840 541/1841
f 537/1839 541/1841 538/1842
f 492/1843 490/1844 539/1845
f 492/1843 539/1845 537/1846
f 539/1847 540/1848 543/1849
f 539/1847 543/1849 541/1850
f 490/1851 2988/1852 540/1853
f 490/1851 540/1853 539/1854
f 538/1855 541/1856 542/1857
f 538/1855 542/1857 531/1858
f 541/1859 543/1860 545/1861
f 541/1859 545/1861 542/1862
f 540/1863 2985/1864 544/1865
f 540/1863 544/1865 543/1866
f 543/1867 544/1868 546/1869
f 543/1867 546/1869 545/1870
f 545/1871 546/1872 550/1873
f 545/1871 550/1873 547/1874
f 542/1875 545/1876 547/1877
f 542/1875 547/1877 548/1878
f 548/1879 547/1880 549/1881
f 548/1879 549/1881 633/1882
f 547/1883 550/1884 552/1885
f 547/1883 552/1885 549/1886
f 551/1887 550/1888 546/1889
f 551/1887 546/1889 3083/1890
f 554/1891 552/1892 550/1893
f 554/1891 550/1893 551/1894
f 549/1895 552/1896 553/1897
f 549/1895 553/1897 632/1898
f 555/1899 553/1900 552/1901
f 555/1899 552/1901 554/1902
f 559/1903 555/1904 554/1905
f 559/1903 554/1905 556/1906
f 556/1907 554/1908 551/1909
f 556/1907 551/1909 558/1910
f 557/1911 556/1912 558/1913
f 557/1911 558/1913 2973/1914
f 561/1915 559/1916 556/1917
f 561/1915 556/1917 557/1918
f 562/1919 560/1920 559/1921
f 562/1919 559/1921 561/1922
f 560/1923 637/1924 555/1925
f 560/1923 555/1925 559/1926
f 566/1927 562/1928 561/1929
f 566/1927 561/1929 563/1930
f 563/1931 561/1932 557/1933
f 563/1931 557/1933 564/1934
f 563/1935 564/1936 301/1937
f 563/1935 301/1937 565/1938
f 566/1939 563/1940 565/1941
f 566/1939 565/1941 567/1942
f 567/1943 568/1944 562/1945
f 567/1943 562/1945 566/1946
f 567/1947 565/1948 302/1949
f 567/1947 302/1949 569/1950
f 569/1951 570/1952 568/1953
f 569/1951 568/1953 567/1954
f 569/1955 302/1956 572/1957
f 569/1955 572/1957 571/1958
f 571/1959 573/1960 570/1961
f 571/1959 570/1961 569/1962
f 573/1963 571/1964 572/1965
f 573/1963 572/1965 575/1966
f 574/1967 573/1968 575/1969
f 574/1967 575/1969 576/1970
f 573/1971 574/1972 641/1973
f 573/1971 641/1973 570/1974
f 577/1975 578/1976 576/1977
f 577/1975 576/1977 575/1978
f 572/1979 299/1980 577/1981
f 572/1979 577/1981 575/1982
f 578/1983 577/1984 579/1985
f 578/1983 579/1985 582/1986
f 577/1987 299/1988 580/1989
f 577/1987 580/1989 579/1990
f 295/1991 581/1992 579/1993
f 295/1991 579/1993 580/1994
f 581/1995 584/1996 582/1997
f 581/1995 582/1997 579/1998
f 583/1999 582/2000 584/2001
f 583/1999 584/2001 585/2002
f 591/2003 578/2004 582/2005
f 591/2003 582/2005 583/2006
f 586/2007 267/2008 585/2009
f 586/2007 585/2009 584/2010
f 292/2011 586/2012 584/2013
f 292/2011 584/2013 581/2014
f 267/2015 260/2016 587/2017
f 267/2015 587/2017 585/2018
f 587/2019 588/2020 583/2021
f 587/2019 583/2021 585/2022
f 261/2023 602/2024 589/2025
f 261/2023 589/2025 588/2026
f 261/2023 588/2026 587/2027
f 588/2028 589/2029 593/2030
f 588/2028 593/2030 590/2031
f 590/2032 591/2033 583/2034
f 590/2032 583/2034 588/2035
f 645/2036 591/2037 590/2038
f 645/2036 590/2038 592/2039
f 593/2040 594/2041 592/2042
f 593/2040 592/2042 590/2043
f 595/2044 597/2045 594/2046
f 595/2044 594/2046 593/2047
f 589/2048 598/2049 595/2050
f 589/2048 595/2050 593/2051
f 598/2052 599/2053 596/2054
f 598/2052 596/2054 595/2055
f 596/2056 609/2057 597/2058
f 596/2056 597/2058 595/2059
f 589/2060 602/2061 600/2062
f 589/2060 600/2062 598/2063
f 598/2064 600/2065 603/2066
f 598/2064 603/2066 599/2067
f 602/2068 251/2069 601/2070
f 602/2068 601/2070 600/2071
f 600/2072 601/2073 604/2074
f 600/2072 604/2074 603/2075
f 606/2076 605/2077 603/2078
f 606/2076 603/2078 604/2079
f 605/2080 596/2081 599/2082
f 605/2080 599/2082 603/2083
f 607/2084 605/2085 606/2086
f 607/2084 606/2086 608/2087
f 596/2088 605/2089 607/2090
f 596/2088 607/2090 609/2091
f 612/2092 610/2093 607/2094
f 612/2092 607/2094 608/2095
f 610/2096 611/2097 609/2098
f 610/2096 609/2098 607/2099
f 613/2100 615/2101 611/2102
f 613/2100 611/2102 610/2103
f 614/2104 613/2105 610/2106
f 614/2104 610/2106 612/2107
f 619/2108 616/2109 613/2110
f 619/2108 613/2110 614/2111
f 616/2112 617/2113 615/2114
f 616/2112 615/2114 613/2115
f 618/2116 643/2117 644/2118
f 618/2116 644/2118 617/2119
f 618/2116 617/2119 616/2120
f 618/2121 616/2122 619/2123
f 618/2121 619/2123 621/2124
f 620/2125 619/2126 614/2127
f 620/2125 614/2127 2630/2128
f 619/2129 620/2130 622/2131
f 619/2129 622/2131 621/2132
f 626/2133 623/2134 621/2135
f 626/2133 621/2135 622/2136
f 623/2137 625/2138 618/2139
f 623/2137 618/2139 621/2140
f 624/2141 634/2142 625/2143
f 624/2141 625/2143 623/2144
f 628/2145 624/2146 623/2147
f 628/2145 623/2147 626/2148
f 627/2149 629/2150 628/2151
f 627/2149 628/2151 626/2152
f 652/2153 627/2154 626/2155
f 652/2153 626/2155 622/2156
f 630/2157 631/2158 624/2159
f 630/2157 624/2159 628/2160
f 629/2161 527/2162 630/2163
f 629/2161 630/2163 628/2164
f 526/2165 633/2166 631/2167
f 526/2165 631/2167 630/2168
f 631/2169 632/2170 634/2171
f 631/2169 634/2171 624/2172
f 633/2173 549/2174 632/2175
f 633/2173 632/2175 631/2176
f 529/2177 548/2178 633/2179
f 529/2177 633/2179 526/2180
f 632/2181 553/2182 635/2183
f 632/2181 635/2183 634/2184
f 634/2185 635/2186 636/2187
f 634/2185 636/2187 625/2188
f 638/2189 636/2190 635/2191
f 638/2189 635/2191 637/2192
f 637/2193 635/2194 553/2195
f 637/2193 553/2195 555/2196
f 639/2197 638/2198 637/2199
f 639/2197 637/2199 560/2200
f 640/2201 643/2202 636/2203
f 640/2201 636/2203 638/2204
f 641/2205 640/2206 638/2207
f 641/2205 638/2207 639/2208
f 574/2209 642/2210 640/2211
f 574/2209 640/2211 641/2212
f 644/2213 643/2214 640/2215
f 644/2213 640/2215 642/2216
f 625/2217 636/2218 643/2219
f 625/2217 643/2219 618/2220
f 592/2221 594/2222 617/2223
f 592/2221 617/2223 644/2224
f 644/2225 642/2226 645/2227
f 644/2225 645/2227 592/2228
f 642/2229 574/2230 576/2231
f 642/2229 576/2231 645/2232
f 578/2233 591/2234 645/2235
f 578/2233 645/2235 576/2236
f 570/2237 641/2238 639/2239
f 570/2237 639/2239 568/2240
f 568/2241 639/2242 560/2243
f 568/2241 560/2243 562/2244
f 648/2245 646/2246 629/2247
f 648/2245 629/2247 627/2248
f 646/2249 524/2250 527/2251
f 646/2249 527/2251 629/2252
f 649/2253 647/2254 646/2255
f 649/2253 646/2255 648/2256
f 647/2257 521/2258 524/2259
f 647/2257 524/2259 646/2260
f 651/2261 649/2262 648/2263
f 651/2261 648/2263 650/2264
f 650/2265 648/2266 627/2267
f 650/2265 627/2267 652/2268
f 651/2269 650/2270 653/2271
f 651/2269 653/2271 656/2272
f 654/2273 653/2274 650/2275
f 654/2273 650/2275 652/2276
f 654/2277 2629/2278 655/2279
f 654/2277 655/2279 653/2280
f 653/2281 655/2282 658/2283
f 653/2281 658/2283 656/2284
f 651/2285 656/2286 657/2287
f 651/2285 657/2287 1456/2288
f 656/2289 658/2290 660/2291
f 656/2289 660/2291 657/2292
f 658/2293 659/2294 661/2295
f 658/2293 661/2295 660/2296
f 655/2297 675/2298 659/2299
f 655/2297 659/2299 658/2300
f 657/2301 660/2302 662/2303
f 657/2301 662/2303 663/2304
f 660/2305 661/2306 665/2307
f 660/2305 665/2307 662/2308
f 663/2309 662/2310 664/2311
f 663/2309 664/2311 1459/2312
f 662/2313 665/2314 666/2315
f 662/2313 666/2315 664/2316
f 669/2317 666/2318 665/2319
f 669/2317 665/2319 667/2320
f 667/2321 665/2322 661/2323
f 667/2321 661/2323 670/2324
f 671/2325 668/2326 667/2327
f 671/2325 667/2327 670/2328
f 668/2329 1563/2330 669/2331
f 668/2329 669/2331 667/2332
f 670/2333 661/2334 659/2335
f 670/2333 659/2335 672/2336
f 673/2337 671/2338 670/2339
f 673/2337 670/2339 672/2340
f 677/2341 673/2342 672/2343
f 677/2341 672/2343 674/2344
f 672/2345 659/2346 675/2347
f 672/2345 675/2347 674/2348
f 674/2349 675/2350 2628/2351
f 674/2349 2628/2351 676/2352
f 678/2353 677/2354 674/2355
f 678/2353 674/2355 676/2356
f 679/2357 677/2358 678/2359
f 679/2357 678/2359 680/2360
f 681/2361 673/2362 677/2363
f 681/2361 677/2363 679/2364
f 684/2365 682/2366 679/2367
f 684/2365 679/2367 680/2368
f 682/2369 685/2370 681/2371
f 682/2369 681/2371 679/2372
f 683/2373 687/2374 685/2375
f 683/2373 685/2375 682/2376
f 684/2377 2532/2378 683/2379
f 684/2377 683/2379 682/2380
f 685/2381 686/2382 1566/2383
f 685/2381 1566/2383 681/2384
f 687/2385 688/2386 686/2387
f 687/2385 686/2387 685/2388
f 689/2389 690/2390 686/2391
f 689/2389 686/2391 688/2392
f 691/2393 692/2394 690/2395
f 691/2393 690/2395 689/2396
f 691/2397 693/2398 695/2399
f 691/2397 695/2399 692/2400
f 693/2401 694/2402 697/2403
f 693/2401 697/2403 695/2404
f 695/2405 697/2406 698/2407
f 695/2405 698/2407 696/2408
f 692/2409 695/2410 696/2411
f 692/2409 696/2411 1564/2412
f 697/2413 699/2414 702/2415
f 697/2413 702/2415 698/2416
f 697/2417 694/2418 700/2419
f 697/2417 700/2419 699/2420
f 699/2421 700/2422 2487/2423
f 699/2421 2487/2423 701/2424
f 699/2425 701/2426 703/2427
f 699/2425 703/2427 702/2428
f 704/2429 702/2430 703/2431
f 704/2429 703/2431 707/2432
f 705/2433 698/2434 702/2435
f 705/2433 702/2435 704/2436
f 1470/2437 705/2438 704/2439
f 1470/2437 704/2439 706/2440
f 706/2441 704/2442 707/2443
f 706/2441 707/2443 709/2444
f 709/2445 707/2446 708/2447
f 709/2445 708/2447 711/2448
f 707/2449 703/2450 2486/2451
f 707/2449 2486/2451 708/2452
f 706/2453 709/2454 710/2455
f 706/2453 710/2455 1475/2456
f 709/2457 711/2458 713/2459
f 709/2457 713/2459 710/2460
f 711/2461 708/2462 734/2463
f 711/2461 734/2463 712/2464
f 711/2465 712/2466 714/2467
f 711/2465 714/2467 713/2468
f 716/2469 715/2470 713/2471
f 716/2469 713/2471 714/2472
f 715/2473 717/2474 710/2475
f 715/2473 710/2475 713/2476
f 721/2477 718/2478 715/2479
f 721/2477 715/2479 716/2480
f 718/2481 719/2482 717/2483
f 718/2481 717/2483 715/2484
f 720/2485 1477/2486 719/2487
f 720/2485 719/2487 718/2488
f 718/2489 721/2490 722/2491
f 718/2489 722/2491 720/2492
f 722/2493 721/2494 723/2495
f 722/2493 723/2495 724/2496
f 723/2497 721/2498 716/2499
f 723/2497 716/2499 726/2500
f 950/2501 724/2502 723/2503
f 950/2501 723/2503 725/2504
f 725/2505 723/2506 726/2507
f 725/2505 726/2507 727/2508
f 727/2509 726/2510 728/2511
f 727/2509 728/2511 729/2512
f 726/2513 716/2514 714/2515
f 726/2513 714/2515 728/2516
f 730/2517 731/2518 729/2519
f 730/2517 729/2519 728/2520
f 712/2521 730/2522 728/2523
f 712/2521 728/2523 714/2524
f 712/2525 734/2526 732/2527
f 712/2525 732/2527 730/2528
f 730/2529 732/2530 735/2531
f 730/2529 735/2531 731/2532
f 732/2533 733/2534 736/2535
f 732/2533 736/2535 735/2536
f 734/2537 2483/2538 733/2539
f 734/2537 733/2539 732/2540
f 735/2541 736/2542 738/2543
f 735/2541 738/2543 737/2544
f 731/2545 735/2546 737/2547
f 731/2545 737/2547 740/2548
f 737/2549 738/2550 2472/2551
f 737/2549 2472/2551 739/2552
f 740/2553 737/2554 739/2555
f 740/2553 739/2555 742/2556
f 731/2557 740/2558 741/2559
f 731/2557 741/2559 729/2560
f 740/2561 742/2562 743/2563
f 740/2561 743/2563 741/2564
f 745/2565 747/2566 743/2567
f 745/2565 743/2567 742/2568
f 2469/2569 744/2570 742/2571
f 2469/2569 742/2571 739/2572
f 746/2573 745/2574 742/2575
f 746/2573 742/2575 744/2576
f 2789/2577 1874/2578 1873/2579
f 2789/2577 1873/2579 1872/2580
f 2789/2577 1872/2580 1871/2581
f 2789/2577 1871/2581 749/2582
f 2789/2577 749/2582 748/2583
f 2789/2577 748/2583 745/2584
f 2789/2577 745/2584 746/2585
f 750/2586 747/2587 745/2588
f 750/2586 745/2588 748/2589
f 748/2590 749/2591 1857/2592
f 748/2590 1857/2592 1856/2593
f 748/2590 1856/2593 753/2594
f 748/2590 753/2594 751/2595
f 751/2596 752/2597 750/2598
f 751/2596 750/2598 748/2599
f 755/2600 757/2601 752/2602
f 755/2600 752/2602 751/2603
f 2826/2604 1658/2605 754/2606
f 2826/2604 754/2606 751/2607
f 2826/2604 751/2607 753/2608
f 754/2609 756/2610 755/2611
f 754/2609 755/2611 751/2612
f 756/2613 761/2614 758/2615
f 756/2613 758/2615 755/2616
f 758/2617 760/2618 757/2619
f 758/2617 757/2619 755/2620
f 759/2621 2963/2622 760/2623
f 759/2621 760/2623 758/2624
f 761/2625 763/2626 759/2627
f 761/2625 759/2627 758/2628
f 1654/2629 762/2630 761/2631
f 1654/2629 761/2631 756/2632
f 762/2633 764/2634 763/2635
f 762/2633 763/2635 761/2636
f 763/2637 765/2638 767/2639
f 763/2637 767/2639 759/2640
f 764/2641 768/2642 765/2643
f 764/2641 765/2643 763/2644
f 768/2645 770/2646 766/2647
f 768/2645 766/2647 765/2648
f 765/2649 766/2650 779/2651
f 765/2649 779/2651 767/2652
f 764/2653 1646/2654 769/2655
f 764/2653 769/2655 768/2656
f 768/2657 769/2658 771/2659
f 768/2657 771/2659 770/2660
f 770/2661 771/2662 773/2663
f 770/2661 773/2663 772/2664
f 770/2665 772/2666 775/2667
f 770/2665 775/2667 766/2668
f 773/2669 1636/2670 774/2671
f 773/2669 774/2671 772/2672
f 772/2673 774/2674 776/2675
f 772/2673 776/2675 775/2676
f 775/2677 776/2678 778/2679
f 775/2677 778/2679 777/2680
f 766/2681 775/2682 777/2683
f 766/2681 777/2683 779/2684
f 778/2685 782/2686 780/2687
f 778/2685 780/2687 777/2688
f 777/2689 780/2690 781/2691
f 777/2689 781/2691 779/2692
f 783/2693 785/2694 781/2695
f 783/2693 781/2695 780/2696
f 786/2697 783/2698 780/2699
f 786/2697 780/2699 782/2700
f 784/2701 2959/2702 785/2703
f 784/2701 785/2703 783/2704
f 788/2705 784/2706 783/2707
f 788/2705 783/2707 786/2708
f 787/2709 786/2710 782/2711
f 787/2709 782/2711 2900/2712
f 788/2713 786/2714 787/2715
f 788/2713 787/2715 789/2716
f 790/2717 788/2718 789/2719
f 790/2717 789/2719 791/2720
f 793/2721 784/2722 788/2723
f 793/2721 788/2723 790/2724
f 1587/2725 792/2726 790/2727
f 1587/2725 790/2727 791/2728
f 792/2729 795/2730 793/2731
f 792/2729 793/2731 790/2732
f 2959/2733 784/2734 793/2735
f 2959/2733 793/2735 794/2736
f 795/2737 797/2738 794/2739
f 795/2737 794/2739 793/2740
f 2911/2741 796/2742 795/2743
f 2911/2741 795/2743 792/2744
f 796/2745 799/2746 797/2747
f 796/2745 797/2747 795/2748
f 797/2749 798/2750 2956/2751
f 797/2749 2956/2751 794/2752
f 799/2753 801/2754 798/2755
f 799/2753 798/2755 797/2756
f 799/2757 796/2758 2912/2759
f 799/2757 2912/2759 800/2760
f 801/2761 799/2762 800/2763
f 801/2761 800/2763 802/2764
f 804/2765 801/2766 802/2767
f 804/2765 802/2767 806/2768
f 801/2769 803/2770 2957/2771
f 801/2769 2957/2771 798/2772
f 804/2773 807/2774 803/2775
f 804/2773 803/2775 801/2776
f 805/2777 809/2778 807/2779
f 805/2777 807/2779 804/2780
f 805/2781 804/2782 806/2783
f 805/2781 806/2783 1318/2784
f 807/2785 808/2786 2965/2787
f 807/2785 2965/2787 803/2788
f 809/2789 811/2790 808/2791
f 809/2789 808/2791 807/2792
f 1317/2793 810/2794 809/2795
f 1317/2793 809/2795 805/2796
f 810/2797 813/2798 811/2799
f 810/2797 811/2799 809/2800
f 811/2801 812/2802 875/2803
f 811/2801 875/2803 808/2804
f 813/2805 814/2806 812/2807
f 813/2805 812/2807 811/2808
f 818/2809 815/2810 813/2811
f 818/2809 813/2811 810/2812
f 815/2813 816/2814 814/2815
f 815/2813 814/2815 813/2816
f 817/2817 871/2818 816/2819
f 817/2817 816/2819 815/2820
f 820/2821 817/2822 815/2823
f 820/2821 815/2823 818/2824
f 819/2825 818/2826 810/2827
f 819/2825 810/2827 1317/2828
f 821/2829 820/2830 818/2831
f 821/2829 818/2831 819/2832
f 824/2833 822/2834 820/2835
f 824/2833 820/2835 821/2836
f 822/2837 825/2838 817/2839
f 822/2837 817/2839 820/2840
f 1293/2841 823/2842 822/2843
f 1293/2841 822/2843 824/2844
f 823/2845 827/2846 825/2847
f 823/2845 825/2847 822/2848
f 825/2849 826/2850 871/2851
f 825/2849 871/2851 817/2852
f 827/2853 828/2854 826/2855
f 827/2853 826/2855 825/2856
f 829/2857 832/2858 828/2859
f 829/2857 828/2859 827/2860
f 831/2861 829/2862 827/2863
f 831/2861 827/2863 823/2864
f 830/2865 833/2866 832/2867
f 830/2865 832/2867 829/2868
f 2914/2869 830/2870 829/2871
f 2914/2869 829/2871 831/2872
f 833/2873 835/2874 834/2875
f 833/2873 834/2875 832/2876
f 832/2877 834/2878 837/2879
f 832/2877 837/2879 828/2880
f 834/2881 835/2882 1108/2883
f 834/2881 1108/2883 836/2884
f 837/2885 834/2886 836/2887
f 837/2885 836/2887 839/2888
f 828/2889 837/2890 838/2891
f 828/2889 838/2891 826/2892
f 838/2893 837/2894 839/2895
f 838/2893 839/2895 841/2896
f 839/2897 836/2898 2919/2899
f 839/2897 2919/2899 840/2900
f 841/2901 839/2902 840/2903
f 841/2901 840/2903 843/2904
f 842/2905 841/2906 843/2907
f 842/2905 843/2907 844/2908
f 870/2909 838/2910 841/2911
f 870/2909 841/2911 842/2912
f 844/2913 843/2914 845/2915
f 844/2913 845/2915 848/2916
f 843/2917 840/2918 846/2919
f 843/2917 846/2919 845/2920
f 1085/2921 847/2922 845/2923
f 1085/2921 845/2923 846/2924
f 847/2925 850/2926 848/2927
f 847/2925 848/2927 845/2928
f 872/2929 844/2930 848/2931
f 872/2929 848/2931 849/2932
f 850/2933 852/2934 849/2935
f 850/2933 849/2935 848/2936
f 851/2937 853/2938 852/2939
f 851/2937 852/2939 850/2940
f 1087/2941 851/2942 850/2943
f 1087/2941 850/2943 847/2944
f 853/2945 855/2946 854/2947
f 853/2945 854/2947 852/2948
f 852/2949 854/2950 857/2951
f 852/2949 857/2951 849/2952
f 855/2953 1071/2954 856/2955
f 855/2953 856/2955 854/2956
f 854/2957 856/2958 859/2959
f 854/2957 859/2959 857/2960
f 858/2961 872/2962 849/2963
f 858/2961 849/2963 857/2964
f 861/2965 858/2966 857/2967
f 861/2965 857/2967 859/2968
f 856/2969 890/2970 860/2971
f 856/2969 860/2971 859/2972
f 862/2973 861/2974 859/2975
f 862/2973 859/2975 860/2976
f 863/2977 866/2978 858/2979
f 863/2977 858/2979 861/2980
f 865/2981 863/2982 861/2983
f 865/2981 861/2983 862/2984
f 874/2985 864/2986 863/2987
f 874/2985 863/2987 865/2988
f 864/2989 868/2990 866/2991
f 864/2989 866/2991 863/2992
f 866/2993 867/2994 872/2995
f 866/2993 872/2995 858/2996
f 868/2997 869/2998 867/2999
f 868/2997 867/2999 866/3000
f 814/3001 868/3002 864/3003
f 814/3001 864/3003 812/3004
f 816/3005 869/3006 868/3007
f 816/3005 868/3007 814/3008
f 869/3009 870/3010 842/3011
f 869/3009 842/3011 867/3012
f 871/3013 870/3014 869/3015
f 871/3013 869/3015 816/3016
f 826/3017 838/3018 870/3019
f 826/3017 870/3019 871/3020
f 867/3021 842/3022 844/3023
f 867/3021 844/3023 872/3024
f 876/3025 874/3026 865/3027
f 876/3025 865/3027 873/3028
f 873/3029 865/3030 862/3031
f 873/3029 862/3031 886/3032
f 812/3033 864/3034 874/3035
f 812/3033 874/3035 875/3036
f 875/3037 874/3038 876/3039
f 875/3037 876/3039 877/3040
f 877/3041 876/3042 878/3043
f 877/3041 878/3043 879/3044
f 878/3045 876/3046 873/3047
f 878/3045 873/3047 881/3048
f 879/3049 878/3050 880/3051
f 879/3049 880/3051 2951/3052
f 880/3053 878/3054 881/3055
f 880/3053 881/3055 882/3056
f 881/3057 873/3058 886/3059
f 881/3057 886/3059 883/3060
f 882/3061 881/3062 883/3063
f 882/3061 883/3063 885/3064
f 883/3065 886/3066 887/3067
f 883/3065 887/3067 884/3068
f 885/3069 883/3070 884/3071
f 885/3069 884/3071 914/3072
f 886/3073 862/3074 860/3075
f 886/3073 860/3075 887/3076
f 890/3077 888/3078 887/3079
f 890/3077 887/3079 860/3080
f 888/3081 889/3082 884/3083
f 888/3081 884/3083 887/3084
f 891/3085 894/3086 889/3087
f 891/3085 889/3087 888/3088
f 893/3089 891/3090 888/3091
f 893/3089 888/3091 890/3092
f 1067/3093 892/3094 891/3095
f 1067/3093 891/3095 893/3096
f 892/3097 896/3098 894/3099
f 892/3097 894/3099 891/3100
f 894/3101 895/3102 913/3103
f 894/3101 913/3103 889/3104
f 896/3105 898/3106 895/3107
f 896/3105 895/3107 894/3108
f 1068/3109 897/3110 896/3111
f 1068/3109 896/3111 892/3112
f 897/3113 900/3114 898/3115
f 897/3113 898/3115 896/3116
f 898/3117 899/3118 910/3119
f 898/3117 910/3119 895/3120
f 902/3121 899/3122 898/3123
f 902/3121 898/3123 900/3124
f 897/3125 1065/3126 901/3127
f 897/3125 901/3127 900/3128
f 902/3129 900/3130 901/3131
f 902/3129 901/3131 903/3132
f 905/3133 899/3134 902/3135
f 905/3133 902/3135 903/3136
f 903/3137 901/3138 1008/3139
f 903/3137 1008/3139 1044/3140
f 903/3137 1044/3140 904/3141
f 905/3142 903/3143 904/3144
f 905/3142 904/3144 906/3145
f 907/3146 910/3147 899/3148
f 907/3146 899/3148 905/3149
f 907/3150 905/3151 906/3152
f 907/3150 906/3152 908/3153
f 909/3154 907/3155 908/3156
f 909/3154 908/3156 923/3157
f 909/3158 911/3159 910/3160
f 909/3158 910/3160 907/3161
f 895/3162 910/3163 911/3164
f 895/3162 911/3164 913/3165
f 913/3166 911/3167 912/3168
f 913/3166 912/3168 914/3169
f 912/3170 911/3171 909/3172
f 912/3170 909/3172 918/3173
f 912/3170 918/3173 915/3174
f 889/3175 913/3176 914/3177
f 889/3175 914/3177 884/3178
f 912/3179 915/3180 917/3181
f 912/3179 917/3181 885/3182
f 912/3179 885/3182 914/3183
f 915/3184 918/3185 919/3186
f 915/3184 919/3186 916/3187
f 915/3188 916/3189 2940/3190
f 915/3188 2940/3190 917/3191
f 909/3192 923/3193 920/3194
f 909/3192 920/3194 918/3195
f 918/3196 920/3197 922/3198
f 918/3196 922/3198 919/3199
f 926/3200 921/3201 920/3202
f 926/3200 920/3202 923/3203
f 926/3200 923/3203 924/3204
f 920/3205 921/3206 2934/3207
f 920/3205 2934/3207 922/3208
f 924/3209 923/3210 908/3211
f 924/3209 908/3211 925/3212
f 925/3213 929/3214 927/3215
f 925/3213 927/3215 924/3216
f 924/3217 927/3218 928/3219
f 924/3217 928/3219 926/3220
f 927/3221 930/3222 933/3223
f 927/3221 933/3223 928/3224
f 929/3225 932/3226 930/3227
f 929/3225 930/3227 927/3228
f 930/3229 931/3230 935/3231
f 930/3229 935/3231 933/3232
f 932/3233 1052/3234 931/3235
f 932/3233 931/3235 930/3236
f 934/3237 2968/3238 928/3239
f 934/3237 928/3239 933/3240
f 937/3241 934/3242 933/3243
f 937/3241 933/3243 935/3244
f 938/3245 937/3246 935/3247
f 938/3245 935/3247 936/3248
f 931/3249 1053/3250 936/3251
f 931/3249 936/3251 935/3252
f 939/3253 941/3254 934/3255
f 939/3253 934/3255 937/3256
f 940/3257 939/3258 937/3259
f 940/3257 937/3259 938/3260
f 944/3261 942/3262 939/3263
f 944/3261 939/3263 940/3264
f 942/3265 945/3266 941/3267
f 942/3265 941/3267 939/3268
f 943/3269 942/3270 944/3271
f 943/3269 944/3271 956/3272
f 947/3273 945/3274 942/3275
f 947/3273 942/3275 943/3276
f 945/3277 946/3278 2969/3279
f 945/3277 2969/3279 941/3280
f 948/3281 946/3282 945/3283
f 948/3281 945/3283 947/3284
f 949/3285 947/3286 943/3287
f 949/3285 943/3287 952/3288
f 950/3289 948/3290 947/3291
f 950/3289 947/3291 949/3292
f 724/3293 950/3294 949/3295
f 724/3293 949/3295 951/3296
f 951/3297 949/3298 952/3299
f 951/3297 952/3299 953/3300
f 953/3301 952/3302 954/3303
f 953/3301 954/3303 955/3304
f 952/3305 943/3306 956/3307
f 952/3305 956/3307 954/3308
f 955/3309 954/3310 957/3311
f 955/3309 957/3311 958/3312
f 954/3313 956/3314 960/3315
f 954/3313 960/3315 957/3316
f 958/3317 957/3318 959/3319
f 958/3317 959/3319 1155/3320
f 957/3321 960/3322 962/3323
f 957/3321 962/3323 959/3324
f 956/3325 944/3326 961/3327
f 956/3325 961/3327 960/3328
f 960/3329 961/3330 963/3331
f 960/3329 963/3331 962/3332
f 962/3333 963/3334 967/3335
f 962/3333 967/3335 964/3336
f 959/3337 962/3338 964/3339
f 959/3337 964/3339 965/3340
f 965/3341 964/3342 966/3343
f 965/3341 966/3343 1143/3344
f 964/3345 967/3346 969/3347
f 964/3345 969/3347 966/3348
f 967/3349 963/3350 1058/3351
f 967/3349 1058/3351 968/3352
f 969/3353 967/3354 968/3355
f 969/3353 968/3355 971/3356
f 966/3357 969/3358 970/3359
f 966/3357 970/3359 1138/3360
f 970/3361 969/3362 971/3363
f 970/3361 971/3363 973/3364
f 971/3365 968/3366 1059/3367
f 971/3365 1059/3367 972/3368
f 973/3369 971/3370 972/3371
f 973/3369 972/3371 975/3372
f 1136/3373 970/3374 973/3375
f 1136/3373 973/3375 974/3376
f 974/3377 973/3378 975/3379
f 974/3377 975/3379 976/3380
f 976/3381 975/3382 977/3383
f 976/3381 977/3383 980/3384
f 975/3385 972/3386 979/3387
f 975/3385 979/3387 977/3388
f 978/3389 982/3390 980/3391
f 978/3389 980/3391 977/3392
f 1024/3393 978/3394 977/3395
f 1024/3393 977/3395 979/3396
f 1135/3397 976/3398 980/3399
f 1135/3397 980/3399 981/3400
f 982/3401 984/3402 981/3403
f 982/3401 981/3403 980/3404
f 983/3405 985/3406 984/3407
f 983/3405 984/3407 982/3408
f 1017/3409 983/3410 982/3411
f 1017/3409 982/3411 978/3412
f 985/3413 988/3414 986/3415
f 985/3413 986/3415 984/3416
f 984/3417 986/3418 987/3419
f 984/3417 987/3419 981/3420
f 986/3421 989/3422 990/3423
f 986/3421 990/3423 987/3424
f 988/3425 992/3426 989/3427
f 988/3425 989/3427 986/3428
f 989/3429 991/3430 1133/3431
f 989/3429 1133/3431 990/3432
f 992/3433 994/3434 991/3435
f 992/3433 991/3435 989/3436
f 1020/3437 993/3438 992/3439
f 1020/3437 992/3439 988/3440
f 993/3441 995/3442 994/3443
f 993/3441 994/3443 992/3444
f 995/3445 999/3446 996/3447
f 995/3445 996/3447 994/3448
f 994/3449 996/3450 997/3451
f 994/3449 997/3451 991/3452
f 996/3453 998/3454 1094/3455
f 996/3453 1094/3455 997/3456
f 999/3457 1000/3458 998/3459
f 999/3457 998/3459 996/3460
f 1001/3461 1002/3462 1000/3463
f 1001/3461 1000/3463 999/3464
f 1003/3465 1001/3466 999/3467
f 1003/3465 999/3467 995/3468
f 1001/3469 1003/3470 1004/3471
f 1001/3469 1004/3471 1002/3472
f 1003/3473 1005/3474 1007/3475
f 1003/3473 1007/3475 1004/3476
f 1005/3477 1003/3478 995/3479
f 1005/3477 995/3479 993/3480
f 1006/3481 1009/3482 1007/3483
f 1006/3481 1007/3483 1005/3484
f 1006/3485 1005/3486 993/3487
f 1006/3485 993/3487 1020/3488
f 1004/3489 1007/3490 1008/3491
f 1004/3489 1008/3491 1060/3492
f 1009/3493 1011/3494 1008/3495
f 1009/3493 1008/3495 1007/3496
f 1021/3497 1010/3498 1009/3499
f 1021/3497 1009/3499 1006/3500
f 1010/3501 1013/3502 1011/3503
f 1010/3501 1011/3503 1009/3504
f 1012/3505 1037/3506 1008/3507
f 1012/3505 1008/3507 1011/3508
f 1014/3509 1012/3510 1011/3511
f 1014/3509 1011/3511 1013/3512
f 1014/3513 1013/3514 1015/3515
f 1014/3513 1015/3515 1016/3516
f 1013/3517 1010/3518 1018/3519
f 1013/3517 1018/3519 1015/3520
f 1016/3521 1015/3522 1017/3523
f 1016/3521 1017/3523 1022/3524
f 1015/3525 1018/3526 983/3527
f 1015/3525 983/3527 1017/3528
f 1010/3529 1021/3530 1019/3531
f 1010/3529 1019/3531 1018/3532
f 1018/3533 1019/3534 985/3535
f 1018/3533 985/3535 983/3536
f 1019/3537 1020/3538 988/3539
f 1019/3537 988/3539 985/3540
f 1021/3541 1006/3542 1020/3543
f 1021/3541 1020/3543 1019/3544
f 1022/3545 1017/3546 978/3547
f 1022/3545 978/3547 1024/3548
f 1023/3549 1022/3550 1024/3551
f 1023/3549 1024/3551 1025/3552
f 1041/3553 1016/3554 1022/3555
f 1041/3553 1022/3555 1023/3556
f 1025/3557 1024/3558 979/3559
f 1025/3557 979/3559 1026/3560
f 1027/3561 1025/3562 1026/3563
f 1027/3561 1026/3563 1028/3564
f 1030/3565 1023/3566 1025/3567
f 1030/3565 1025/3567 1027/3568
f 1029/3569 1027/3570 1028/3571
f 1029/3569 1028/3571 1054/3572
f 1032/3573 1030/3574 1027/3575
f 1032/3573 1027/3575 1029/3576
f 1031/3577 1041/3578 1023/3579
f 1031/3577 1023/3579 1030/3580
f 1034/3581 1031/3582 1030/3583
f 1034/3581 1030/3583 1032/3584
f 1035/3585 1034/3586 1032/3587
f 1035/3585 1032/3587 1033/3588
f 1033/3589 1032/3590 1029/3591
f 1033/3589 1029/3591 1053/3592
f 1038/3593 1036/3594 1034/3595
f 1038/3593 1034/3595 1035/3596
f 1036/3597 1039/3598 1031/3599
f 1036/3597 1031/3599 1034/3600
f 1039/3601 1036/3602 1037/3603
f 1039/3601 1037/3603 1012/3604
f 1038/3605 1043/3606 1037/3607
f 1038/3605 1037/3607 1036/3608
f 1039/3609 1040/3610 1041/3611
f 1039/3609 1041/3611 1031/3612
f 1040/3613 1039/3614 1012/3615
f 1040/3613 1012/3615 1014/3616
f 1040/3617 1014/3618 1016/3619
f 1040/3617 1016/3619 1041/3620
f 1042/3621 1038/3622 1035/3623
f 1042/3621 1035/3623 1051/3624
f 1042/3625 1045/3626 1043/3627
f 1042/3625 1043/3627 1038/3628
f 1043/3629 1044/3630 1008/3631
f 1043/3629 1008/3631 1037/3632
f 1045/3633 1047/3634 1044/3635
f 1045/3633 1044/3635 1043/3636
f 1045/3637 1042/3638 1051/3639
f 1045/3637 1051/3639 1046/3640
f 1047/3641 1045/3642 1046/3643
f 1047/3641 1046/3643 1048/3644
f 1049/3645 1047/3646 1048/3647
f 1049/3645 1048/3647 1050/3648
f 1044/3649 1047/3650 1049/3651
f 1044/3649 1049/3651 904/3652
f 1050/3653 906/3654 904/3655
f 1050/3653 904/3655 1049/3656
f 1048/3657 929/3658 925/3659
f 1048/3657 925/3659 1050/3660
f 925/3661 908/3662 906/3663
f 925/3661 906/3663 1050/3664
f 1048/3665 1046/3666 932/3667
f 1048/3665 932/3667 929/3668
f 1046/3669 1051/3670 1052/3671
f 1046/3669 1052/3671 932/3672
f 1051/3673 1035/3674 1033/3675
f 1051/3673 1033/3675 1052/3676
f 1052/3677 1033/3678 1053/3679
f 1052/3677 1053/3679 931/3680
f 1053/3681 1029/3682 1054/3683
f 1053/3681 1054/3683 936/3684
f 1057/3685 1055/3686 1054/3687
f 1057/3685 1054/3687 1028/3688
f 1055/3689 938/3690 936/3691
f 1055/3689 936/3691 1054/3692
f 1056/3693 940/3694 938/3695
f 1056/3693 938/3695 1055/3696
f 1058/3697 1056/3698 1055/3699
f 1058/3697 1055/3699 1057/3700
f 968/3701 1058/3702 1057/3703
f 968/3701 1057/3703 1059/3704
f 1059/3705 1057/3706 1028/3707
f 1059/3705 1028/3707 1026/3708
f 972/3709 1059/3710 1026/3711
f 972/3709 1026/3711 979/3712
f 963/3713 961/3714 1056/3715
f 963/3713 1056/3715 1058/3716
f 961/3717 944/3718 940/3719
f 961/3717 940/3719 1056/3720
f 1080/3721 1060/3722 1008/3723
f 1080/3721 1008/3723 1061/3724
f 1063/3725 1061/3726 1008/3727
f 1063/3725 1008/3727 1062/3728
f 1065/3729 1062/3730 1008/3731
f 1065/3729 1008/3731 901/3732
f 1072/3733 1063/3734 1062/3735
f 1072/3733 1062/3735 1064/3736
f 1066/3737 1064/3738 1062/3739
f 1066/3737 1062/3739 1065/3740
f 1068/3741 1066/3742 1065/3743
f 1068/3741 1065/3743 897/3744
f 1064/3745 1066/3746 1067/3747
f 1064/3745 1067/3747 1069/3748
f 1066/3749 1068/3750 892/3751
f 1066/3749 892/3751 1067/3752
f 1069/3753 1067/3754 893/3755
f 1069/3753 893/3755 1071/3756
f 1070/3757 1069/3758 1071/3759
f 1070/3757 1071/3759 855/3760
f 1072/3761 1064/3762 1069/3763
f 1072/3761 1069/3763 1070/3764
f 1071/3765 893/3766 890/3767
f 1071/3765 890/3767 856/3768
f 1075/3769 1072/3770 1070/3771
f 1075/3769 1070/3771 1073/3772
f 1073/3773 1070/3774 855/3775
f 1073/3773 855/3775 853/3776
f 1074/3777 1073/3778 853/3779
f 1074/3777 853/3779 851/3780
f 1076/3781 1075/3782 1073/3783
f 1076/3781 1073/3783 1074/3784
f 1075/3785 1076/3786 1063/3787
f 1075/3785 1063/3787 1072/3788
f 1077/3789 1076/3790 1074/3791
f 1077/3789 1074/3791 1078/3792
f 1076/3793 1077/3794 1061/3795
f 1076/3793 1061/3795 1063/3796
f 1079/3797 1077/3798 1078/3799
f 1079/3797 1078/3799 1082/3800
f 1079/3801 1080/3802 1061/3803
f 1079/3801 1061/3803 1077/3804
f 1081/3805 1100/3806 1080/3807
f 1081/3805 1080/3807 1079/3808
f 1081/3809 1079/3810 1082/3811
f 1081/3809 1082/3811 1083/3812
f 1083/3813 1082/3814 1084/3815
f 1083/3813 1084/3815 1086/3816
f 1082/3817 1078/3818 1087/3819
f 1082/3817 1087/3819 1084/3820
f 1084/3821 1087/3822 847/3823
f 1084/3821 847/3823 1085/3824
f 1086/3825 1084/3826 1085/3827
f 1086/3825 1085/3827 1089/3828
f 1078/3829 1074/3830 851/3831
f 1078/3829 851/3831 1087/3832
f 1099/3833 1083/3834 1086/3835
f 1099/3833 1086/3835 1088/3836
f 1088/3837 1086/3838 1089/3839
f 1088/3837 1089/3839 1091/3840
f 1089/3841 1085/3842 846/3843
f 1089/3841 846/3843 1090/3844
f 1091/3845 1089/3846 1090/3847
f 1091/3845 1090/3847 1092/3848
f 1096/3849 1088/3850 1091/3851
f 1096/3849 1091/3851 1093/3852
f 1093/3853 1091/3854 1092/3855
f 1093/3853 1092/3855 1095/3856
f 998/3857 1096/3858 1093/3859
f 998/3857 1093/3859 1094/3860
f 1094/3861 1093/3862 1095/3863
f 1094/3861 1095/3863 1101/3864
f 1000/3865 1097/3866 1096/3867
f 1000/3865 1096/3867 998/3868
f 1097/3869 1099/3870 1088/3871
f 1097/3869 1088/3871 1096/3872
f 1002/3873 1098/3874 1097/3875
f 1002/3873 1097/3875 1000/3876
f 1098/3877 1100/3878 1099/3879
f 1098/3877 1099/3879 1097/3880
f 1100/3881 1081/3882 1083/3883
f 1100/3881 1083/3883 1099/3884
f 1100/3885 1098/3886 1060/3887
f 1100/3885 1060/3887 1080/3888
f 1002/3889 1004/3890 1060/3891
f 1002/3889 1060/3891 1098/3892
f 1102/3893 1103/3894 1101/3895
f 1102/3893 1101/3895 1095/3896
f 1104/3897 1102/3898 1095/3899
f 1104/3897 1095/3899 1092/3900
f 1105/3901 1107/3902 1103/3903
f 1105/3901 1103/3903 1102/3904
f 1108/3905 1105/3906 1102/3907
f 1108/3905 1102/3907 1104/3908
f 1106/3909 1110/3910 1107/3911
f 1106/3909 1107/3911 1105/3912
f 835/3913 1106/3914 1105/3915
f 835/3913 1105/3915 1108/3916
f 836/3917 1108/3918 1104/3919
f 836/3917 1104/3919 2919/3920
f 1107/3921 1109/3922 1132/3923
f 1107/3921 1132/3923 1103/3924
f 1110/3925 1112/3926 1109/3927
f 1110/3925 1109/3927 1107/3928
f 1111/3929 1110/3930 1106/3931
f 1111/3929 1106/3931 2916/3932
f 1113/3933 1112/3934 1110/3935
f 1113/3933 1110/3935 1111/3936
f 1117/3937 1114/3938 1112/3939
f 1117/3937 1112/3939 1113/3940
f 1112/3941 1114/3942 1116/3943
f 1112/3941 1116/3943 1109/3944
f 1119/3945 1115/3946 1114/3947
f 1119/3945 1114/3947 1117/3948
f 1114/3949 1115/3950 1129/3951
f 1114/3949 1129/3951 1116/3952
f 1118/3953 1117/3954 1113/3955
f 1118/3953 1113/3955 2918/3956
f 1120/3957 1119/3958 1117/3959
f 1120/3957 1117/3959 1118/3960
f 1121/3961 1124/3962 1115/3963
f 1121/3961 1115/3963 1119/3964
f 1123/3965 1121/3966 1119/3967
f 1123/3965 1119/3967 1120/3968
f 1122/3969 1125/3970 1124/3971
f 1122/3969 1124/3971 1121/3972
f 1140/3973 1122/3974 1121/3975
f 1140/3973 1121/3975 1123/3976
f 1124/3977 1125/3978 1127/3979
f 1124/3977 1127/3979 1126/3980
f 1115/3981 1124/3982 1126/3983
f 1115/3981 1126/3983 1129/3984
f 1126/3985 1127/3986 1135/3987
f 1126/3985 1135/3987 1128/3988
f 1129/3989 1126/3990 1128/3991
f 1129/3989 1128/3991 1130/3992
f 1116/3993 1129/3994 1130/3995
f 1116/3993 1130/3995 1131/3996
f 1131/3997 1130/3998 990/3999
f 1131/3997 990/3999 1133/4000
f 1130/4001 1128/4002 987/4003
f 1130/4001 987/4003 990/4004
f 1109/4005 1116/4006 1131/4007
f 1109/4005 1131/4007 1132/4008
f 1132/4009 1131/4010 1133/4011
f 1132/4009 1133/4011 1134/4012
f 991/4013 997/4014 1134/4015
f 991/4013 1134/4015 1133/4016
f 997/4017 1094/4018 1101/4019
f 997/4017 1101/4019 1134/4020
f 1103/4021 1132/4022 1134/4023
f 1103/4021 1134/4023 1101/4024
f 1128/4025 1135/4026 981/4027
f 1128/4025 981/4027 987/4028
f 1127/4029 974/4030 976/4031
f 1127/4029 976/4031 1135/4032
f 1125/4033 1136/4034 974/4035
f 1125/4033 974/4035 1127/4036
f 1137/4037 1136/4038 1125/4039
f 1137/4037 1125/4039 1122/4040
f 1138/4041 970/4042 1136/4043
f 1138/4041 1136/4043 1137/4044
f 1142/4045 1138/4046 1137/4047
f 1142/4045 1137/4047 1139/4048
f 1139/4049 1137/4050 1122/4051
f 1139/4049 1122/4051 1140/4052
f 1141/4053 1139/4054 1140/4055
f 1141/4053 1140/4055 1184/4056
f 1144/4057 1142/4058 1139/4059
f 1144/4057 1139/4059 1141/4060
f 1145/4061 1143/4062 1142/4063
f 1145/4061 1142/4063 1144/4064
f 1143/4065 966/4066 1138/4067
f 1143/4065 1138/4067 1142/4068
f 1149/4069 1145/4070 1144/4071
f 1149/4069 1144/4071 1146/4072
f 1146/4073 1144/4074 1141/4075
f 1146/4073 1141/4075 1147/4076
f 1146/4077 1147/4078 1179/4079
f 1146/4077 1179/4079 1148/4080
f 1149/4081 1146/4082 1148/4083
f 1149/4081 1148/4083 1150/4084
f 1151/4085 1149/4086 1150/4087
f 1151/4085 1150/4087 1153/4088
f 1151/4089 1154/4090 1145/4091
f 1151/4089 1145/4091 1149/4092
f 1152/4093 1155/4094 1154/4095
f 1152/4093 1154/4095 1151/4096
f 1152/4097 1151/4098 1153/4099
f 1152/4097 1153/4099 1157/4100
f 1155/4101 959/4102 965/4103
f 1155/4101 965/4103 1154/4104
f 1154/4105 965/4106 1143/4107
f 1154/4105 1143/4107 1145/4108
f 1160/4109 958/4110 1155/4111
f 1160/4109 1155/4111 1152/4112
f 1153/4113 1150/4114 1174/4115
f 1153/4113 1174/4115 1156/4116
f 1157/4117 1153/4118 1156/4119
f 1157/4117 1156/4119 1158/4120
f 1159/4121 1157/4122 1158/4123
f 1159/4121 1158/4123 1162/4124
f 1160/4125 1152/4126 1157/4127
f 1160/4125 1157/4127 1159/4128
f 1557/4129 1160/4130 1159/4131
f 1557/4129 1159/4131 1161/4132
f 1161/4133 1159/4134 1162/4135
f 1161/4133 1162/4135 1163/4136
f 1162/4137 1158/4138 1167/4139
f 1162/4137 1167/4139 1164/4140
f 1163/4141 1162/4142 1164/4143
f 1163/4141 1164/4143 1165/4144
f 1165/4145 1164/4146 1166/4147
f 1165/4145 1166/4147 1218/4148
f 1164/4149 1167/4150 1168/4151
f 1164/4149 1168/4151 1166/4152
f 1167/4153 1169/4154 1170/4155
f 1167/4153 1170/4155 1168/4156
f 1158/4157 1156/4158 1169/4159
f 1158/4157 1169/4159 1167/4160
f 1169/4161 1171/4162 1172/4163
f 1169/4161 1172/4163 1170/4164
f 1156/4165 1174/4166 1171/4167
f 1156/4165 1171/4167 1169/4168
f 1171/4169 1173/4170 1209/4171
f 1171/4169 1209/4171 1172/4172
f 1174/4173 1175/4174 1173/4175
f 1174/4173 1173/4175 1171/4176
f 1150/4177 1148/4178 1175/4179
f 1150/4177 1175/4179 1174/4180
f 1175/4181 1176/4182 1178/4183
f 1175/4181 1178/4183 1173/4184
f 1148/4185 1179/4186 1176/4187
f 1148/4185 1176/4187 1175/4188
f 1179/4189 1180/4190 1177/4191
f 1179/4189 1177/4191 1176/4192
f 1176/4193 1177/4194 1198/4195
f 1176/4193 1198/4195 1178/4196
f 1147/4197 1182/4198 1180/4199
f 1147/4197 1180/4199 1179/4200
f 1182/4201 1183/4202 1181/4203
f 1182/4201 1181/4203 1180/4204
f 1180/4205 1181/4206 1195/4207
f 1180/4205 1195/4207 1177/4208
f 1182/4209 1184/4210 1185/4211
f 1182/4209 1185/4211 1183/4212
f 1147/4213 1141/4214 1184/4215
f 1147/4213 1184/4215 1182/4216
f 1184/4217 1140/4218 1123/4219
f 1184/4217 1123/4219 1185/4220
f 1185/4221 1123/4222 1120/4223
f 1185/4221 1120/4223 1186/4224
f 1183/4225 1185/4226 1186/4227
f 1183/4225 1186/4227 1188/4228
f 1188/4229 1186/4230 1187/4231
f 1188/4229 1187/4231 1189/4232
f 1186/4233 1120/4234 1118/4235
f 1186/4233 1118/4235 1187/4236
f 1188/4237 1189/4238 1191/4239
f 1188/4237 1191/4239 1190/4240
f 1183/4241 1188/4242 1190/4243
f 1183/4241 1190/4243 1181/4244
f 1181/4245 1190/4246 1192/4247
f 1181/4245 1192/4247 1195/4248
f 1190/4249 1191/4250 1193/4251
f 1190/4249 1193/4251 1192/4252
f 1192/4253 1193/4254 1271/4255
f 1192/4253 1271/4255 1194/4256
f 1195/4257 1192/4258 1194/4259
f 1195/4257 1194/4259 1196/4260
f 1177/4261 1195/4262 1196/4263
f 1177/4261 1196/4263 1198/4264
f 1196/4265 1194/4266 1268/4267
f 1196/4265 1268/4267 1197/4268
f 1198/4269 1196/4270 1197/4271
f 1198/4269 1197/4271 1199/4272
f 1178/4273 1198/4274 1199/4275
f 1178/4273 1199/4275 1200/4276
f 1201/4277 1204/4278 1200/4279
f 1201/4277 1200/4279 1199/4280
f 1202/4281 1201/4282 1199/4283
f 1202/4281 1199/4283 1197/4284
f 1203/4285 1201/4286 1202/4287
f 1203/4285 1202/4287 1267/4288
f 1205/4289 1204/4290 1201/4291
f 1205/4289 1201/4291 1203/4292
f 1207/4293 1206/4294 1204/4295
f 1207/4293 1204/4295 1205/4296
f 1204/4297 1206/4298 1209/4299
f 1204/4297 1209/4299 1200/4300
f 1210/4301 1208/4302 1206/4303
f 1210/4301 1206/4303 1207/4304
f 1206/4305 1208/4306 1172/4307
f 1206/4305 1172/4307 1209/4308
f 1173/4309 1178/4310 1200/4311
f 1173/4309 1200/4311 1209/4312
f 1212/4313 1211/4314 1208/4315
f 1212/4313 1208/4315 1210/4316
f 1208/4317 1211/4318 1170/4319
f 1208/4317 1170/4319 1172/4320
f 1214/4321 1213/4322 1211/4323
f 1214/4321 1211/4323 1212/4324
f 1211/4325 1213/4326 1168/4327
f 1211/4325 1168/4327 1170/4328
f 1216/4329 1215/4330 1213/4331
f 1216/4329 1213/4331 1214/4332
f 1213/4333 1215/4334 1166/4335
f 1213/4333 1166/4335 1168/4336
f 1219/4337 1217/4338 1215/4339
f 1219/4337 1215/4339 1216/4340
f 1215/4341 1217/4342 1218/4343
f 1215/4341 1218/4343 1166/4344
f 1217/4345 1220/4346 1221/4347
f 1217/4345 1221/4347 1218/4348
f 1223/4349 1220/4350 1217/4351
f 1223/4349 1217/4351 1219/4352
f 1220/4353 1222/4354 1533/4355
f 1220/4353 1533/4355 1221/4356
f 1224/4357 1222/4358 1220/4359
f 1224/4357 1220/4359 1223/4360
f 1225/4361 1226/4362 1222/4363
f 1225/4361 1222/4363 1224/4364
f 1227/4365 1228/4366 1226/4367
f 1227/4365 1226/4367 1225/4368
f 1229/4369 1230/4370 1228/4371
f 1229/4369 1228/4371 1227/4372
f 1231/4373 1232/4374 1230/4375
f 1231/4373 1230/4375 1229/4376
f 1233/4377 1234/4378 1232/4379
f 1233/4377 1232/4379 1231/4380
f 1235/4381 1236/4382 1234/4383
f 1235/4381 1234/4383 1233/4384
f 1237/4385 1238/4386 1236/4387
f 1237/4385 1236/4387 1235/4388
f 1239/4389 1240/4390 1238/4391
f 1239/4389 1238/4391 1237/4392
f 1241/4393 1242/4394 1240/4395
f 1241/4393 1240/4395 1239/4396
f 1243/4397 1244/4398 1242/4399
f 1243/4397 1242/4399 1241/4400
f 1245/4401 1246/4402 1244/4403
f 1245/4401 1244/4403 1243/4404
f 1247/4405 1248/4406 1246/4407
f 1247/4405 1246/4407 1245/4408
f 1249/4409 1250/4410 1248/4411
f 1249/4409 1248/4411 1247/4412
f 1251/4413 1252/4414 1250/4415
f 1251/4413 1250/4415 1249/4416
f 1253/4417 1254/4418 1252/4419
f 1253/4417 1252/4419 1251/4420
f 1255/4421 1256/4422 1254/4423
f 1255/4421 1254/4423 1253/4424
f 1257/4425 1258/4426 1256/4427
f 1257/4425 1256/4427 1255/4428
f 1259/4429 1260/4430 1258/4431
f 1259/4429 1258/4431 1257/4432
f 1261/4433 1262/4434 1260/4435
f 1261/4433 1260/4435 1259/4436
f 1263/4437 1264/4438 1262/4439
f 1263/4437 1262/4439 1261/4440
f 1265/4441 1266/4442 1264/4443
f 1265/4441 1264/4443 1263/4444
f 1267/4445 1202/4446 1266/4447
f 1267/4445 1266/4447 1265/4448
f 1266/4449 1202/4450 1197/4451
f 1266/4449 1197/4451 1268/4452
f 1264/4453 1266/4454 1268/4455
f 1264/4453 1268/4455 1269/4456
f 1194/4457 1271/4458 1269/4459
f 1194/4457 1269/4459 1268/4460
f 1271/4461 1272/4462 1270/4463
f 1271/4461 1270/4463 1269/4464
f 1262/4465 1264/4466 1269/4467
f 1262/4465 1269/4467 1270/4468
f 1193/4469 1274/4470 1272/4471
f 1193/4469 1272/4471 1271/4472
f 1274/4473 1275/4474 1273/4475
f 1274/4473 1273/4475 1272/4476
f 1272/4477 1273/4478 1306/4479
f 1272/4477 1306/4479 1270/4480
f 1191/4481 1276/4482 1274/4483
f 1191/4481 1274/4483 1193/4484
f 1276/4485 1277/4486 1275/4487
f 1276/4485 1275/4487 1274/4488
f 1189/4489 1278/4490 1276/4491
f 1189/4489 1276/4491 1191/4492
f 1278/4493 1280/4494 1277/4495
f 1278/4493 1277/4495 1276/4496
f 1189/4497 1187/4498 1279/4499
f 1189/4497 1279/4499 1278/4500
f 1278/4501 1279/4502 1281/4503
f 1278/4501 1281/4503 1280/4504
f 1280/4505 1281/4506 1283/4507
f 1280/4505 1283/4507 1282/4508
f 1280/4509 1282/4510 1285/4511
f 1280/4509 1285/4511 1277/4512
f 1282/4513 1283/4514 2914/4515
f 1282/4513 2914/4515 1284/4516
f 1282/4517 1284/4518 1287/4519
f 1282/4517 1287/4519 1285/4520
f 1277/4521 1285/4522 1286/4523
f 1277/4521 1286/4523 1275/4524
f 1285/4525 1287/4526 1288/4527
f 1285/4525 1288/4527 1286/4528
f 1287/4529 1289/4530 1291/4531
f 1287/4529 1291/4531 1288/4532
f 1284/4533 1290/4534 1289/4535
f 1284/4533 1289/4535 1287/4536
f 1290/4537 1293/4538 1292/4539
f 1290/4537 1292/4539 1289/4540
f 1289/4541 1292/4542 1295/4543
f 1289/4541 1295/4543 1291/4544
f 1293/4545 824/4546 1294/4547
f 1293/4545 1294/4547 1292/4548
f 1292/4549 1294/4550 1296/4551
f 1292/4549 1296/4551 1295/4552
f 1295/4553 1296/4554 1298/4555
f 1295/4553 1298/4555 1297/4556
f 1291/4557 1295/4558 1297/4559
f 1291/4557 1297/4559 1300/4560
f 1297/4561 1298/4562 1307/4563
f 1297/4561 1307/4563 1299/4564
f 1300/4565 1297/4566 1299/4567
f 1300/4565 1299/4567 1301/4568
f 1302/4569 1300/4570 1301/4571
f 1302/4569 1301/4571 1303/4572
f 1288/4573 1291/4574 1300/4575
f 1288/4573 1300/4575 1302/4576
f 1304/4577 1302/4578 1303/4579
f 1304/4577 1303/4579 1305/4580
f 1286/4581 1288/4582 1302/4583
f 1286/4581 1302/4583 1304/4584
f 1275/4585 1286/4586 1304/4587
f 1275/4585 1304/4587 1273/4588
f 1273/4589 1304/4590 1305/4591
f 1273/4589 1305/4591 1306/4592
f 1258/4593 1260/4594 1306/4595
f 1258/4593 1306/4595 1305/4596
f 1256/4597 1258/4598 1305/4599
f 1256/4597 1305/4599 1303/4600
f 1260/4601 1262/4602 1270/4603
f 1260/4601 1270/4603 1306/4604
f 1254/4605 1256/4606 1303/4607
f 1254/4605 1303/4607 1301/4608
f 1252/4609 1254/4610 1301/4611
f 1252/4609 1301/4611 1299/4612
f 1250/4613 1252/4614 1299/4615
f 1250/4613 1299/4615 1307/4616
f 1248/4617 1250/4618 1307/4619
f 1248/4617 1307/4619 1308/4620
f 1298/4621 1310/4622 1308/4623
f 1298/4621 1308/4623 1307/4624
f 1246/4625 1248/4626 1308/4627
f 1246/4625 1308/4627 1309/4628
f 1310/4629 1311/4630 1309/4631
f 1310/4629 1309/4631 1308/4632
f 1312/4633 1313/4634 1311/4635
f 1312/4633 1311/4635 1310/4636
f 1296/4637 1312/4638 1310/4639
f 1296/4637 1310/4639 1298/4640
f 1314/4641 1315/4642 1313/4643
f 1314/4641 1313/4643 1312/4644
f 1294/4645 1314/4646 1312/4647
f 1294/4645 1312/4647 1296/4648
f 821/4649 819/4650 1315/4651
f 821/4649 1315/4651 1314/4652
f 824/4653 821/4654 1314/4655
f 824/4653 1314/4655 1294/4656
f 819/4657 1317/4658 1316/4659
f 819/4657 1316/4659 1315/4660
f 1315/4661 1316/4662 1319/4663
f 1315/4661 1319/4663 1313/4664
f 1317/4665 805/4666 1318/4667
f 1317/4665 1318/4667 1316/4668
f 1316/4669 1318/4670 1320/4671
f 1316/4669 1320/4671 1319/4672
f 1319/4673 1320/4674 1322/4675
f 1319/4673 1322/4675 1321/4676
f 1313/4677 1319/4678 1321/4679
f 1313/4677 1321/4679 1311/4680
f 1321/4681 1322/4682 1324/4683
f 1321/4681 1324/4683 1323/4684
f 1311/4685 1321/4686 1323/4687
f 1311/4685 1323/4687 1309/4688
f 1242/4689 1244/4690 1323/4691
f 1242/4689 1323/4691 1324/4692
f 1244/4693 1246/4694 1309/4695
f 1244/4693 1309/4695 1323/4696
f 1240/4697 1242/4698 1324/4699
f 1240/4697 1324/4699 1325/4700
f 1322/4701 1327/4702 1325/4703
f 1322/4701 1325/4703 1324/4704
f 1327/4705 1329/4706 1326/4707
f 1327/4705 1326/4707 1325/4708
f 1238/4709 1240/4710 1325/4711
f 1238/4709 1325/4711 1326/4712
f 1320/4713 1328/4714 1327/4715
f 1320/4713 1327/4715 1322/4716
f 1328/4717 1330/4718 1329/4719
f 1328/4717 1329/4719 1327/4720
f 1329/4721 1331/4722 1334/4723
f 1329/4721 1334/4723 1326/4724
f 1330/4725 1332/4726 1331/4727
f 1330/4725 1331/4727 1329/4728
f 1332/4729 1371/4730 1333/4731
f 1332/4729 1333/4731 1331/4732
f 1331/4733 1333/4734 1335/4735
f 1331/4733 1335/4735 1334/4736
f 1334/4737 1335/4738 1338/4739
f 1334/4737 1338/4739 1336/4740
f 1326/4741 1334/4742 1336/4743
f 1326/4741 1336/4743 1339/4744
f 1339/4745 1336/4746 1337/4747
f 1339/4745 1337/4747 1340/4748
f 1336/4749 1338/4750 2913/4751
f 1336/4749 2913/4751 1337/4752
f 1236/4753 1238/4754 1326/4755
f 1236/4753 1326/4755 1339/4756
f 1234/4757 1236/4758 1339/4759
f 1234/4757 1339/4759 1340/4760
f 1340/4761 1337/4762 1343/4763
f 1340/4761 1343/4763 1341/4764
f 1232/4765 1234/4766 1340/4767
f 1232/4765 1340/4767 1341/4768
f 1230/4769 1232/4770 1341/4771
f 1230/4769 1341/4771 1342/4772
f 1341/4773 1343/4774 1345/4775
f 1341/4773 1345/4775 1342/4776
f 1337/4777 2913/4778 1344/4779
f 1337/4777 1344/4779 1343/4780
f 1343/4781 1344/4782 1347/4783
f 1343/4781 1347/4783 1345/4784
f 1342/4785 1345/4786 1346/4787
f 1342/4785 1346/4787 1537/4788
f 1345/4789 1347/4790 1348/4791
f 1345/4789 1348/4791 1346/4792
f 1347/4793 1349/4794 1351/4795
f 1347/4793 1351/4795 1348/4796
f 1344/4797 1352/4798 1349/4799
f 1344/4797 1349/4799 1347/4800
f 1349/4801 1350/4802 1518/4803
f 1349/4801 1518/4803 1351/4804
f 1352/4805 1354/4806 1350/4807
f 1352/4805 1350/4807 1349/4808
f 2913/4809 1353/4810 1352/4811
f 2913/4809 1352/4811 1344/4812
f 1353/4813 1355/4814 1354/4815
f 1353/4813 1354/4815 1352/4816
f 1354/4817 1355/4818 1359/4819
f 1354/4817 1359/4819 1356/4820
f 1350/4821 1354/4822 1356/4823
f 1350/4821 1356/4823 1357/4824
f 1507/4825 1357/4826 1356/4827
f 1507/4825 1356/4827 1358/4828
f 1358/4829 1356/4830 1359/4831
f 1358/4829 1359/4831 1360/4832
f 1360/4833 1359/4834 1361/4835
f 1360/4833 1361/4835 1363/4836
f 1355/4837 1364/4838 1361/4839
f 1355/4837 1361/4839 1359/4840
f 1364/4841 1365/4842 1362/4843
f 1364/4841 1362/4843 1361/4844
f 1363/4845 1361/4846 1362/4847
f 1363/4845 1362/4847 1517/4848
f 1367/4849 1365/4850 1364/4851
f 1367/4849 1364/4851 1366/4852
f 1366/4853 1364/4854 1355/4855
f 1366/4853 1355/4855 1353/4856
f 1335/4857 1367/4858 1366/4859
f 1335/4857 1366/4859 1338/4860
f 1338/4861 1366/4862 1353/4863
f 1338/4861 1353/4863 2913/4864
f 1333/4865 1368/4866 1367/4867
f 1333/4865 1367/4867 1335/4868
f 1368/4869 1369/4870 1365/4871
f 1368/4869 1365/4871 1367/4872
f 1370/4873 1373/4874 1369/4875
f 1370/4873 1369/4875 1368/4876
f 1371/4877 1370/4878 1368/4879
f 1371/4877 1368/4879 1333/4880
f 2912/4881 1372/4882 1370/4883
f 2912/4881 1370/4883 1371/4884
f 1372/4885 1375/4886 1373/4887
f 1372/4885 1373/4887 1370/4888
f 1374/4889 1373/4890 1375/4891
f 1374/4889 1375/4891 1377/4892
f 2910/4893 1369/4894 1373/4895
f 2910/4893 1373/4895 1374/4896
f 2911/4897 1376/4898 1375/4899
f 2911/4897 1375/4899 1372/4900
f 1377/4901 1375/4902 1376/4903
f 1377/4901 1376/4903 1378/4904
f 1377/4905 1379/4906 1382/4907
f 1377/4905 1382/4907 1374/4908
f 1378/4909 1380/4910 1379/4911
f 1378/4909 1379/4911 1377/4912
f 1381/4913 1379/4914 1380/4915
f 1381/4913 1380/4915 1581/4916
f 1384/4917 1382/4918 1379/4919
f 1384/4917 1379/4919 1381/4920
f 1374/4921 1382/4922 1383/4923
f 1374/4921 1383/4923 2910/4924
f 1385/4925 1383/4926 1382/4927
f 1385/4925 1382/4927 1384/4928
f 1389/4929 1385/4930 1384/4931
f 1389/4929 1384/4931 1386/4932
f 1386/4933 1384/4934 1381/4935
f 1386/4933 1381/4935 1388/4936
f 1391/4937 1389/4938 1386/4939
f 1391/4937 1386/4939 1387/4940
f 1387/4941 1386/4942 1388/4943
f 1387/4941 1388/4943 1579/4944
f 1392/4945 1390/4946 1389/4947
f 1392/4945 1389/4947 1391/4948
f 1390/4949 1516/4950 1385/4951
f 1390/4949 1385/4951 1389/4952
f 1393/4953 1392/4954 1391/4955
f 1393/4953 1391/4955 371/4956
f 371/4957 1391/4958 1387/4959
f 371/4957 1387/4959 369/4960
f 1393/4961 1397/4962 1394/4963
f 1393/4961 1394/4963 1392/4964
f 1392/4965 1394/4966 1396/4967
f 1392/4965 1396/4967 1390/4968
f 1397/4969 1399/4970 1395/4971
f 1397/4969 1395/4971 1394/4972
f 1394/4973 1395/4974 1512/4975
f 1394/4973 1512/4975 1396/4976
f 1398/4977 1401/4978 1399/4979
f 1398/4977 1399/4979 1397/4980
f 1573/4981 1398/4982 1397/4983
f 1573/4981 1397/4983 1393/4984
f 1401/4985 1403/4986 1400/4987
f 1401/4985 1400/4987 1399/4988
f 1399/4989 1400/4990 1513/4991
f 1399/4989 1513/4991 1395/4992
f 1402/4993 1401/4994 1398/4995
f 1402/4993 1398/4995 1571/4996
f 1405/4997 1403/4998 1401/4999
f 1405/4997 1401/4999 1402/5000
f 1403/5001 1404/5002 1413/5003
f 1403/5001 1413/5003 1400/5004
f 1406/5005 1404/5006 1403/5007
f 1406/5005 1403/5007 1405/5008
f 1407/5009 1409/5010 1404/5011
f 1407/5009 1404/5011 1406/5012
f 1408/5013 1410/5014 1409/5015
f 1408/5013 1409/5015 1407/5016
f 1409/5017 1410/5018 1412/5019
f 1409/5017 1412/5019 1411/5020
f 1404/5021 1409/5022 1411/5023
f 1404/5021 1411/5023 1413/5024
f 1411/5025 1412/5026 1417/5027
f 1411/5025 1417/5027 1414/5028
f 1413/5029 1411/5030 1414/5031
f 1413/5029 1414/5031 1415/5032
f 1415/5033 1414/5034 1416/5035
f 1415/5033 1416/5035 1510/5036
f 1414/5037 1417/5038 1418/5039
f 1414/5037 1418/5039 1416/5040
f 1412/5041 1422/5042 1419/5043
f 1412/5041 1419/5043 1417/5044
f 1417/5045 1419/5046 1421/5047
f 1417/5045 1421/5047 1418/5048
f 1422/5049 1423/5050 1420/5051
f 1422/5049 1420/5051 1419/5052
f 1419/5053 1420/5054 1498/5055
f 1419/5053 1498/5055 1421/5056
f 1424/5057 1425/5058 1423/5059
f 1424/5057 1423/5059 1422/5060
f 1410/5061 1424/5062 1422/5063
f 1410/5061 1422/5063 1412/5064
f 1427/5065 1425/5066 1424/5067
f 1427/5065 1424/5067 1426/5068
f 1426/5069 1424/5070 1410/5071
f 1426/5069 1410/5071 1408/5072
f 1428/5073 1429/5074 1425/5075
f 1428/5073 1425/5075 1427/5076
f 1430/5077 1431/5078 1429/5079
f 1430/5077 1429/5079 1428/5080
f 1432/5081 1433/5082 1431/5083
f 1432/5081 1431/5083 1430/5084
f 420/5085 422/5086 1433/5087
f 420/5085 1433/5087 1432/5088
f 1431/5089 1433/5090 1434/5091
f 1431/5089 1434/5091 1436/5092
f 1433/5093 422/5094 425/5095
f 1433/5093 425/5095 1434/5096
f 427/5097 1435/5098 1434/5099
f 427/5097 1434/5099 425/5100
f 1435/5101 1437/5102 1436/5103
f 1435/5101 1436/5103 1434/5104
f 1437/5105 1439/5106 1438/5107
f 1437/5105 1438/5107 1436/5108
f 1429/5109 1431/5110 1436/5111
f 1429/5109 1436/5111 1438/5112
f 1439/5113 1441/5114 1423/5115
f 1439/5113 1423/5115 1438/5116
f 1425/5117 1429/5118 1438/5119
f 1425/5117 1438/5119 1423/5120
f 1569/5121 1440/5122 1439/5123
f 1569/5121 1439/5123 1437/5124
f 1440/5125 1443/5126 1441/5127
f 1440/5125 1441/5127 1439/5128
f 1442/5129 1441/5130 1443/5131
f 1442/5129 1443/5131 1445/5132
f 1420/5133 1423/5134 1441/5135
f 1420/5133 1441/5135 1442/5136
f 1568/5137 1444/5138 1443/5139
f 1568/5137 1443/5139 1440/5140
f 1445/5141 1443/5142 1444/5143
f 1445/5141 1444/5143 1447/5144
f 1446/5145 1445/5146 1447/5147
f 1446/5145 1447/5147 1448/5148
f 1497/5149 1442/5150 1445/5151
f 1497/5149 1445/5151 1446/5152
f 1447/5153 1444/5154 1451/5155
f 1447/5153 1451/5155 1449/5156
f 1448/5157 1447/5158 1449/5159
f 1448/5157 1449/5159 1450/5160
f 1454/5161 1450/5162 1449/5163
f 1454/5161 1449/5163 1452/5164
f 1452/5165 1449/5166 1451/5167
f 1452/5165 1451/5167 1455/5168
f 1458/5169 1454/5170 1452/5171
f 1458/5169 1452/5171 1453/5172
f 1453/5173 1452/5174 1455/5175
f 1453/5173 1455/5175 1456/5176
f 1455/5177 1451/5178 647/5179
f 1455/5177 647/5179 649/5180
f 1456/5181 1455/5182 649/5183
f 1456/5181 649/5183 651/5184
f 663/5185 1453/5186 1456/5187
f 663/5185 1456/5187 657/5188
f 1457/5189 1486/5190 1450/5191
f 1457/5189 1450/5191 1454/5192
f 1460/5193 1457/5194 1454/5195
f 1460/5193 1454/5195 1458/5196
f 1458/5197 1453/5198 663/5199
f 1458/5197 663/5199 1459/5200
f 1461/5201 1460/5202 1458/5203
f 1461/5201 1458/5203 1459/5204
f 1465/5205 1462/5206 1460/5207
f 1465/5205 1460/5207 1461/5208
f 1462/5209 1463/5210 1457/5211
f 1462/5209 1457/5211 1460/5212
f 1462/5213 1464/5214 1482/5215
f 1462/5213 1482/5215 1463/5216
f 1467/5217 1464/5218 1462/5219
f 1467/5217 1462/5219 1465/5220
f 1461/5221 1567/5222 1466/5223
f 1461/5221 1466/5223 1465/5224
f 1469/5225 1467/5226 1465/5227
f 1469/5225 1465/5227 1466/5228
f 1464/5229 1467/5230 1468/5231
f 1464/5229 1468/5231 1479/5232
f 1468/5233 1467/5234 1469/5235
f 1468/5233 1469/5235 1471/5236
f 1471/5237 1469/5238 1470/5239
f 1471/5237 1470/5239 1472/5240
f 1470/5241 1469/5242 1466/5243
f 1470/5241 1466/5243 1559/5244
f 1473/5245 1471/5246 1472/5247
f 1473/5245 1472/5247 1475/5248
f 1474/5249 1468/5250 1471/5251
f 1474/5249 1471/5251 1473/5252
f 719/5253 1474/5254 1473/5255
f 719/5253 1473/5255 717/5256
f 717/5257 1473/5258 1475/5259
f 717/5257 1475/5259 710/5260
f 1470/5261 706/5262 1475/5263
f 1470/5261 1475/5263 1472/5264
f 1476/5265 1479/5266 1468/5267
f 1476/5265 1468/5267 1474/5268
f 1476/5269 1474/5270 719/5271
f 1476/5269 719/5271 1477/5272
f 1476/5273 1477/5274 1554/5275
f 1476/5273 1554/5275 1478/5276
f 1476/5277 1478/5278 1480/5279
f 1476/5277 1480/5279 1479/5280
f 1480/5281 1482/5282 1464/5283
f 1480/5281 1464/5283 1479/5284
f 1478/5285 1553/5286 1481/5287
f 1478/5285 1481/5287 1480/5288
f 1481/5289 1483/5290 1482/5291
f 1481/5289 1482/5291 1480/5292
f 1463/5293 1482/5294 1483/5295
f 1463/5293 1483/5295 1485/5296
f 1483/5297 1481/5298 1551/5299
f 1483/5297 1551/5299 1484/5300
f 1484/5301 1487/5302 1485/5303
f 1484/5301 1485/5303 1483/5304
f 1486/5305 1485/5306 1487/5307
f 1486/5305 1487/5307 1488/5308
f 1463/5309 1485/5310 1486/5311
f 1463/5309 1486/5311 1457/5312
f 1491/5313 1489/5314 1487/5315
f 1491/5313 1487/5315 1484/5316
f 1489/5317 1490/5318 1488/5319
f 1489/5317 1488/5319 1487/5320
f 1495/5321 1490/5322 1489/5323
f 1495/5321 1489/5323 1492/5324
f 1493/5325 1492/5326 1489/5327
f 1493/5325 1489/5327 1491/5328
f 1558/5329 1494/5330 1492/5331
f 1558/5329 1492/5331 1493/5332
f 1496/5333 1495/5334 1492/5335
f 1496/5333 1492/5335 1494/5336
f 1496/5337 1498/5338 1497/5339
f 1496/5337 1497/5339 1495/5340
f 1495/5341 1497/5342 1446/5343
f 1495/5341 1446/5343 1490/5344
f 1498/5345 1420/5346 1442/5347
f 1498/5345 1442/5347 1497/5348
f 1421/5349 1498/5350 1496/5351
f 1421/5349 1496/5351 1499/5352
f 1499/5353 1496/5354 1494/5355
f 1499/5353 1494/5355 1500/5356
f 1501/5357 1499/5358 1500/5359
f 1501/5357 1500/5359 1503/5360
f 1418/5361 1421/5362 1499/5363
f 1418/5361 1499/5363 1501/5364
f 1416/5365 1418/5366 1501/5367
f 1416/5365 1501/5367 1502/5368
f 1503/5369 1505/5370 1502/5371
f 1503/5369 1502/5371 1501/5372
f 1503/5373 1504/5374 1506/5375
f 1503/5373 1506/5375 1505/5376
f 1500/5377 1522/5378 1504/5379
f 1500/5377 1504/5379 1503/5380
f 1505/5381 1506/5382 1357/5383
f 1505/5381 1357/5383 1507/5384
f 1508/5385 1502/5386 1505/5387
f 1508/5385 1505/5387 1507/5388
f 1509/5389 1508/5390 1507/5391
f 1509/5389 1507/5391 1358/5392
f 1511/5393 1510/5394 1508/5395
f 1511/5393 1508/5395 1509/5396
f 1510/5397 1416/5398 1502/5399
f 1510/5397 1502/5399 1508/5400
f 1513/5401 1415/5402 1510/5403
f 1513/5401 1510/5403 1511/5404
f 1395/5405 1513/5406 1511/5407
f 1395/5405 1511/5407 1512/5408
f 1512/5409 1511/5410 1509/5411
f 1512/5409 1509/5411 1514/5412
f 1400/5413 1413/5414 1415/5415
f 1400/5413 1415/5415 1513/5416
f 1396/5417 1512/5418 1514/5419
f 1396/5417 1514/5419 1515/5420
f 1358/5421 1360/5422 1514/5423
f 1358/5421 1514/5423 1509/5424
f 1515/5425 1514/5426 1360/5427
f 1515/5425 1360/5427 1363/5428
f 1390/5429 1396/5430 1515/5431
f 1390/5429 1515/5431 1516/5432
f 1516/5433 1515/5434 1363/5435
f 1516/5433 1363/5435 1517/5436
f 1516/5437 1517/5438 1383/5439
f 1516/5437 1383/5439 1385/5440
f 2910/5441 1383/5442 1517/5443
f 2910/5441 1517/5443 1362/5444
f 1519/5445 1518/5446 1506/5447
f 1519/5445 1506/5447 1504/5448
f 1518/5449 1350/5450 1357/5451
f 1518/5449 1357/5451 1506/5452
f 1518/5453 1519/5454 1520/5455
f 1518/5453 1520/5455 1351/5456
f 1520/5457 1519/5458 1521/5459
f 1520/5457 1521/5459 1524/5460
f 1521/5461 1519/5462 1504/5463
f 1521/5461 1504/5463 1522/5464
f 1523/5465 1521/5466 1522/5467
f 1523/5465 1522/5467 1558/5468
f 1524/5469 1521/5470 1523/5471
f 1524/5469 1523/5471 1526/5472
f 1535/5473 1520/5474 1524/5475
f 1535/5473 1524/5475 1525/5476
f 1525/5477 1524/5478 1526/5479
f 1525/5477 1526/5479 1528/5480
f 1527/5481 1529/5482 1528/5483
f 1527/5481 1528/5483 1526/5484
f 1552/5485 1527/5486 1526/5487
f 1552/5485 1526/5487 1523/5488
f 1532/5489 1525/5490 1528/5491
f 1532/5489 1528/5491 1530/5492
f 1529/5493 1531/5494 1530/5495
f 1529/5493 1530/5495 1528/5496
f 1531/5497 1539/5498 1221/5499
f 1531/5497 1221/5499 1530/5500
f 1533/5501 1532/5502 1530/5503
f 1533/5501 1530/5503 1221/5504
f 1536/5505 1534/5506 1532/5507
f 1536/5505 1532/5507 1533/5508
f 1534/5509 1535/5510 1525/5511
f 1534/5509 1525/5511 1532/5512
f 1346/5513 1348/5514 1535/5515
f 1346/5513 1535/5515 1534/5516
f 1537/5517 1346/5518 1534/5519
f 1537/5517 1534/5519 1536/5520
f 1222/5521 1226/5522 1536/5523
f 1222/5521 1536/5523 1533/5524
f 1226/5525 1228/5526 1537/5527
f 1226/5525 1537/5527 1536/5528
f 1228/5529 1230/5530 1342/5531
f 1228/5529 1342/5531 1537/5532
f 1348/5533 1351/5534 1520/5535
f 1348/5533 1520/5535 1535/5536
f 1548/5537 1538/5538 1531/5539
f 1548/5537 1531/5539 1529/5540
f 1538/5541 1540/5542 1539/5543
f 1538/5541 1539/5543 1531/5544
f 1540/5545 1163/5546 1165/5547
f 1540/5545 1165/5547 1539/5548
f 1539/5549 1165/5550 1218/5551
f 1539/5549 1218/5551 1221/5552
f 1543/5553 1541/5554 1540/5555
f 1543/5553 1540/5555 1538/5556
f 1541/5557 1161/5558 1163/5559
f 1541/5557 1163/5559 1540/5560
f 1544/5561 1542/5562 1541/5563
f 1544/5561 1541/5563 1543/5564
f 1542/5565 1557/5566 1161/5567
f 1542/5565 1161/5567 1541/5568
f 1546/5569 1544/5570 1543/5571
f 1546/5569 1543/5571 1545/5572
f 1545/5573 1543/5574 1538/5575
f 1545/5573 1538/5575 1548/5576
f 1553/5577 1546/5578 1545/5579
f 1553/5577 1545/5579 1547/5580
f 1547/5581 1545/5582 1548/5583
f 1547/5581 1548/5583 1549/5584
f 1549/5585 1548/5586 1529/5587
f 1549/5585 1529/5587 1527/5588
f 1551/5589 1547/5590 1549/5591
f 1551/5589 1549/5591 1550/5592
f 1550/5593 1549/5594 1527/5595
f 1550/5593 1527/5595 1552/5596
f 1484/5597 1551/5598 1550/5599
f 1484/5597 1550/5599 1491/5600
f 1491/5601 1550/5602 1552/5603
f 1491/5601 1552/5603 1493/5604
f 1493/5605 1552/5606 1523/5607
f 1493/5605 1523/5607 1558/5608
f 1553/5609 1547/5610 1551/5611
f 1553/5609 1551/5611 1481/5612
f 1478/5613 1554/5614 1546/5615
f 1478/5613 1546/5615 1553/5616
f 1554/5617 1555/5618 1544/5619
f 1554/5617 1544/5619 1546/5620
f 1477/5621 720/5622 1555/5623
f 1477/5621 1555/5623 1554/5624
f 720/5625 722/5626 1556/5627
f 720/5625 1556/5627 1555/5628
f 1555/5629 1556/5630 1542/5631
f 1555/5629 1542/5631 1544/5632
f 722/5633 724/5634 951/5635
f 722/5633 951/5635 1556/5636
f 1556/5637 951/5638 953/5639
f 1556/5637 953/5639 1542/5640
f 1542/5641 953/5642 955/5643
f 1542/5641 955/5643 1557/5644
f 1557/5645 955/5646 958/5647
f 1557/5645 958/5647 1160/5648
f 1494/5649 1558/5650 1522/5651
f 1494/5649 1522/5651 1500/5652
f 1490/5653 1446/5654 1448/5655
f 1490/5653 1448/5655 1488/5656
f 1488/5657 1448/5658 1450/5659
f 1488/5657 1450/5659 1486/5660
f 1562/5661 705/5662 1470/5663
f 1562/5661 1470/5663 1560/5664
f 1470/5665 1559/5666 1561/5667
f 1470/5665 1561/5667 1560/5668
f 1560/5669 1561/5670 666/5671
f 1560/5669 666/5671 669/5672
f 1563/5673 1562/5674 1560/5675
f 1563/5673 1560/5675 669/5676
f 1564/5677 696/5678 1562/5679
f 1564/5677 1562/5679 1563/5680
f 696/5681 698/5682 705/5683
f 696/5681 705/5683 1562/5684
f 668/5685 1565/5686 1564/5687
f 668/5685 1564/5687 1563/5688
f 690/5689 692/5690 1564/5691
f 690/5689 1564/5691 1565/5692
f 686/5693 690/5694 1565/5695
f 686/5693 1565/5695 1566/5696
f 1566/5697 1565/5698 668/5699
f 1566/5697 668/5699 671/5700
f 1566/5701 671/5702 673/5703
f 1566/5701 673/5703 681/5704
f 1561/5705 1567/5706 664/5707
f 1561/5705 664/5707 666/5708
f 1567/5709 1561/5710 1559/5711
f 1567/5709 1559/5711 1466/5712
f 1459/5713 664/5714 1567/5715
f 1459/5713 1567/5715 1461/5716
f 519/5717 1451/5718 1444/5719
f 519/5717 1444/5719 1568/5720
f 1451/5721 519/5722 521/5723
f 1451/5721 521/5723 647/5724
f 518/5725 1568/5726 1440/5727
f 518/5725 1440/5727 1569/5728
f 1570/5729 1569/5730 1437/5731
f 1570/5729 1437/5731 1435/5732
f 515/5733 518/5734 1569/5735
f 515/5733 1569/5735 1570/5736
f 430/5737 1570/5738 1435/5739
f 430/5737 1435/5739 427/5740
f 512/5741 515/5742 1570/5743
f 512/5741 1570/5743 430/5744
f 1571/5745 1398/5746 1573/5747
f 1571/5745 1573/5747 1572/5748
f 1572/5749 1573/5750 1575/5751
f 1572/5749 1575/5751 1574/5752
f 1574/5753 1575/5754 1577/5755
f 1574/5753 1577/5755 1576/5756
f 1576/5757 1577/5758 384/5759
f 1576/5757 384/5759 387/5760
f 384/5761 1577/5762 374/5763
f 384/5761 374/5763 376/5764
f 1577/5765 1575/5766 372/5767
f 1577/5765 372/5767 374/5768
f 1575/5769 1573/5770 1393/5771
f 1575/5769 1393/5771 372/5772
f 1579/5773 1388/5774 1578/5775
f 1579/5773 1578/5775 361/5776
f 1388/5777 1381/5778 1581/5779
f 1388/5777 1581/5779 1578/5780
f 369/5781 1387/5782 1579/5783
f 369/5781 1579/5783 360/5784
f 1578/5785 1580/5786 1602/5787
f 1578/5785 1602/5787 361/5788
f 1581/5789 1582/5790 1580/5791
f 1581/5789 1580/5791 1578/5792
f 1582/5793 1581/5794 1380/5795
f 1582/5793 1380/5795 1584/5796
f 1583/5797 1582/5798 1584/5799
f 1583/5797 1584/5799 1585/5800
f 1582/5801 1583/5802 1596/5803
f 1582/5801 1596/5803 1580/5804
f 1584/5805 1586/5806 1588/5807
f 1584/5805 1588/5807 1585/5808
f 1380/5809 1378/5810 1586/5811
f 1380/5809 1586/5811 1584/5812
f 1587/5813 1586/5814 1378/5815
f 1587/5813 1378/5815 1376/5816
f 791/5817 1588/5818 1586/5819
f 791/5817 1586/5819 1587/5820
f 1588/5821 791/5822 789/5823
f 1588/5821 789/5823 1589/5824
f 1591/5825 1585/5826 1588/5827
f 1591/5825 1588/5827 1589/5828
f 1590/5829 1592/5830 1591/5831
f 1590/5829 1591/5831 1589/5832
f 789/5833 787/5834 1590/5835
f 789/5833 1590/5835 1589/5836
f 1592/5837 1594/5838 1593/5839
f 1592/5837 1593/5839 1591/5840
f 1593/5841 1583/5842 1585/5843
f 1593/5841 1585/5843 1591/5844
f 1593/5845 1594/5846 1597/5847
f 1593/5845 1597/5847 1595/5848
f 1593/5849 1595/5850 1596/5851
f 1593/5849 1596/5851 1583/5852
f 1595/5853 1598/5854 1601/5855
f 1595/5853 1601/5855 1596/5856
f 1595/5857 1597/5858 1600/5859
f 1595/5857 1600/5859 1598/5860
f 1598/5861 1599/5862 1603/5863
f 1598/5861 1603/5863 1601/5864
f 1598/5865 1600/5866 241/5867
f 1598/5865 241/5867 1599/5868
f 1580/5869 1596/5870 1601/5871
f 1580/5869 1601/5871 1602/5872
f 1602/5873 1601/5874 1603/5875
f 1602/5873 1603/5875 362/5876
f 1603/5877 1599/5878 242/5879
f 1603/5877 242/5879 1604/5880
f 362/5881 1603/5882 1604/5883
f 362/5881 1604/5883 357/5884
f 242/5885 244/5886 1605/5887
f 242/5885 1605/5887 1604/5888
f 357/5889 1604/5890 1605/5891
f 357/5889 1605/5891 355/5892
f 355/5893 1605/5894 249/5895
f 355/5893 249/5895 256/5896
f 1600/5897 1606/5898 239/5899
f 1600/5897 239/5899 241/5900
f 1597/5901 1608/5902 1606/5903
f 1597/5901 1606/5903 1600/5904
f 1607/5905 237/5906 239/5907
f 1607/5905 239/5907 1606/5908
f 1610/5909 1607/5910 1606/5911
f 1610/5909 1606/5911 1608/5912
f 1611/5913 1610/5914 1608/5915
f 1611/5913 1608/5915 1609/5916
f 1594/5917 1609/5918 1608/5919
f 1594/5917 1608/5919 1597/5920
f 1611/5921 1613/5922 1612/5923
f 1611/5921 1612/5923 1610/5924
f 1610/5925 1612/5926 1615/5927
f 1610/5925 1615/5927 1607/5928
f 1613/5929 2897/5930 1614/5931
f 1613/5929 1614/5931 1612/5932
f 1612/5933 1614/5934 1617/5935
f 1612/5933 1617/5935 1615/5936
f 1607/5937 1615/5938 1616/5939
f 1607/5937 1616/5939 237/5940
f 1615/5941 1617/5942 1619/5943
f 1615/5941 1619/5943 1616/5944
f 1620/5945 1619/5946 1617/5947
f 1620/5945 1617/5947 1618/5948
f 1617/5949 1614/5950 2902/5951
f 1617/5949 2902/5951 1618/5952
f 1619/5953 1620/5954 1621/5955
f 1619/5953 1621/5955 229/5956
f 1616/5957 1619/5958 229/5959
f 1616/5957 229/5959 232/5960
f 1625/5961 1622/5962 1620/5963
f 1625/5961 1620/5963 1618/5964
f 1622/5965 1623/5966 1621/5967
f 1622/5965 1621/5967 1620/5968
f 2903/5969 1623/5970 1622/5971
f 2903/5969 1622/5971 1624/5972
f 1624/5973 1622/5974 1625/5975
f 1624/5973 1625/5975 1627/5976
f 1626/5977 1625/5978 1618/5979
f 1626/5977 1618/5979 2902/5980
f 1628/5981 1627/5982 1625/5983
f 1628/5981 1625/5983 1626/5984
f 1630/5985 1629/5986 1628/5987
f 1630/5985 1628/5987 1626/5988
f 1629/5989 1630/5990 1633/5991
f 1629/5989 1633/5991 1631/5992
f 1632/5993 1631/5994 1633/5995
f 1632/5993 1633/5995 1635/5996
f 1633/5997 1630/5998 2895/5999
f 1633/5997 2895/5999 1634/6000
f 1635/6001 1633/6002 1634/6003
f 1635/6001 1634/6003 1636/6004
f 1632/6005 1635/6006 1637/6007
f 1632/6005 1637/6007 1639/6008
f 1637/6009 1635/6010 1636/6011
f 1637/6009 1636/6011 773/6012
f 1638/6013 1637/6014 773/6015
f 1638/6013 773/6015 771/6016
f 1639/6017 1637/6018 1638/6019
f 1639/6017 1638/6019 1640/6020
f 1640/6021 1638/6022 1642/6023
f 1640/6021 1642/6023 1641/6024
f 1641/6025 1642/6026 1645/6027
f 1641/6025 1645/6027 1643/6028
f 1643/6029 1645/6030 1647/6031
f 1643/6029 1647/6031 1644/6032
f 1645/6033 1642/6034 769/6035
f 1645/6033 769/6035 1646/6036
f 1647/6037 1645/6038 1646/6039
f 1647/6037 1646/6039 1648/6040
f 1649/6041 1647/6042 1648/6043
f 1649/6041 1648/6043 1652/6044
f 1644/6045 1647/6046 1649/6047
f 1644/6045 1649/6047 1650/6048
f 1676/6049 1650/6050 1649/6051
f 1676/6049 1649/6051 1651/6052
f 1651/6053 1649/6054 1652/6055
f 1651/6053 1652/6055 1653/6056
f 1652/6057 1648/6058 762/6059
f 1652/6057 762/6059 1654/6060
f 1655/6061 1653/6062 1652/6063
f 1655/6061 1652/6063 1654/6064
f 1655/6065 1654/6066 756/6067
f 1655/6065 756/6067 754/6068
f 1658/6069 1656/6070 1655/6071
f 1658/6069 1655/6071 754/6072
f 1659/6073 1653/6074 1655/6075
f 1659/6073 1655/6075 1656/6076
f 2825/6077 1657/6078 1656/6079
f 2825/6077 1656/6079 1658/6080
f 1661/6081 1659/6082 1656/6083
f 1661/6081 1656/6083 1657/6084
f 1660/6085 1651/6086 1653/6087
f 1660/6085 1653/6087 1659/6088
f 1662/6089 1660/6090 1659/6091
f 1662/6089 1659/6091 1661/6092
f 1665/6093 1662/6094 1661/6095
f 1665/6093 1661/6095 1663/6096
f 1657/6097 1664/6098 1663/6099
f 1657/6097 1663/6099 1661/6100
f 1664/6101 1667/6102 1666/6103
f 1664/6101 1666/6103 1663/6104
f 1669/6105 1665/6106 1663/6107
f 1669/6105 1663/6107 1666/6108
f 1667/6109 2842/6110 1668/6111
f 1667/6109 1668/6111 1666/6112
f 1670/6113 1669/6114 1666/6115
f 1670/6113 1666/6115 1668/6116
f 1671/6117 1669/6118 1670/6119
f 1671/6117 1670/6119 1672/6120
f 1671/6121 1673/6122 1665/6123
f 1671/6121 1665/6123 1669/6124
f 1665/6125 1673/6126 1674/6127
f 1665/6125 1674/6127 1662/6128
f 1662/6129 1674/6130 1675/6131
f 1662/6129 1675/6131 1660/6132
f 1675/6133 1676/6134 1651/6135
f 1675/6133 1651/6135 1660/6136
f 1672/6137 1670/6138 1678/6139
f 1672/6137 1678/6139 1677/6140
f 1677/6141 1678/6142 1680/6143
f 1677/6141 1680/6143 1679/6144
f 1679/6145 1680/6146 1682/6147
f 1679/6145 1682/6147 1681/6148
f 1683/6149 1681/6150 1682/6151
f 1683/6149 1682/6151 1684/6152
f 1687/6153 1685/6154 1683/6155
f 1687/6153 1683/6155 1684/6156
f 1685/6157 1687/6158 1689/6159
f 1685/6157 1689/6159 1686/6160
f 1687/6161 1684/6162 2849/6163
f 1687/6161 2849/6163 1688/6164
f 1689/6165 1687/6166 1688/6167
f 1689/6165 1688/6167 1691/6168
f 1686/6169 1689/6170 1690/6171
f 1686/6169 1690/6171 1699/6172
f 1690/6173 1689/6174 1691/6175
f 1690/6173 1691/6175 1693/6176
f 1692/6177 1691/6178 1688/6179
f 1692/6177 1688/6179 2851/6180
f 1694/6181 1693/6182 1691/6183
f 1694/6181 1691/6183 1692/6184
f 1694/6185 1696/6186 1695/6187
f 1694/6185 1695/6187 1693/6188
f 1697/6189 1690/6190 1693/6191
f 1697/6189 1693/6191 1695/6192
f 1696/6193 1701/6194 197/6195
f 1696/6193 197/6195 1695/6196
f 199/6197 1697/6198 1695/6199
f 199/6197 1695/6199 197/6200
f 1699/6201 1690/6202 1697/6203
f 1699/6201 1697/6203 1698/6204
f 199/6205 201/6206 1698/6207
f 199/6205 1698/6207 1697/6208
f 1702/6209 1701/6210 1696/6211
f 1702/6209 1696/6211 1700/6212
f 1700/6213 1696/6214 1694/6215
f 1700/6213 1694/6215 2893/6216
f 190/6217 192/6218 1701/6219
f 190/6217 1701/6219 1702/6220
f 188/6221 190/6222 1702/6223
f 188/6221 1702/6223 1703/6224
f 1703/6225 1702/6226 1700/6227
f 1703/6225 1700/6227 1705/6228
f 1703/6229 1704/6230 1749/6231
f 1703/6229 1749/6231 188/6232
f 1705/6233 1707/6234 1704/6235
f 1705/6233 1704/6235 1703/6236
f 1705/6237 1700/6238 2893/6239
f 1705/6237 2893/6239 1706/6240
f 1706/6241 1709/6242 1707/6243
f 1706/6241 1707/6243 1705/6244
f 1707/6245 1708/6246 1748/6247
f 1707/6245 1748/6247 1704/6248
f 1709/6249 1711/6250 1708/6251
f 1709/6249 1708/6251 1707/6252
f 2855/6253 1710/6254 1709/6255
f 2855/6253 1709/6255 1706/6256
f 1710/6257 1712/6258 1711/6259
f 1710/6257 1711/6259 1709/6260
f 1713/6261 1711/6262 1712/6263
f 1713/6261 1712/6263 1714/6264
f 1715/6265 1708/6266 1711/6267
f 1715/6265 1711/6267 1713/6268
f 1716/6269 1713/6270 1714/6271
f 1716/6269 1714/6271 1718/6272
f 1719/6273 1715/6274 1713/6275
f 1719/6273 1713/6275 1716/6276
f 1717/6277 1716/6278 1718/6279
f 1717/6277 1718/6279 2889/6280
f 1721/6281 1719/6282 1716/6283
f 1721/6281 1716/6283 1717/6284
f 1723/6285 1720/6286 1719/6287
f 1723/6285 1719/6287 1721/6288
f 1720/6289 1750/6290 1715/6291
f 1720/6289 1715/6291 1719/6292
f 1717/6293 2888/6294 1722/6295
f 1717/6293 1722/6295 1721/6296
f 1721/6297 1722/6298 1725/6299
f 1721/6297 1725/6299 1723/6300
f 1724/6301 1734/6302 1720/6303
f 1724/6301 1720/6303 1723/6304
f 1723/6305 1725/6306 1727/6307
f 1723/6305 1727/6307 1724/6308
f 1725/6309 1726/6310 1729/6311
f 1725/6309 1729/6311 1727/6312
f 1722/6313 1751/6314 1726/6315
f 1722/6313 1726/6315 1725/6316
f 1724/6317 1727/6318 1728/6319
f 1724/6317 1728/6319 1730/6320
f 1727/6321 1729/6322 136/6323
f 1727/6321 136/6323 1728/6324
f 1726/6325 1752/6326 132/6327
f 1726/6325 132/6327 1729/6328
f 1730/6329 1728/6330 140/6331
f 1730/6329 140/6331 1731/6332
f 1731/6333 1733/6334 1732/6335
f 1731/6333 1732/6335 1730/6336
f 1730/6337 1732/6338 1734/6339
f 1730/6337 1734/6339 1724/6340
f 1733/6341 1738/6342 1735/6343
f 1733/6341 1735/6343 1732/6344
f 1732/6345 1735/6346 1736/6347
f 1732/6345 1736/6347 1734/6348
f 1735/6349 1737/6350 1747/6351
f 1735/6349 1747/6351 1736/6352
f 1738/6353 1739/6354 1737/6355
f 1738/6353 1737/6355 1735/6356
f 1739/6357 1738/6358 1740/6359
f 1739/6357 1740/6359 1741/6360
f 1742/6361 1740/6362 1738/6363
f 1742/6361 1738/6363 1733/6364
f 1743/6365 1744/6366 1741/6367
f 1743/6365 1741/6367 1740/6368
f 148/6369 1743/6370 1740/6371
f 148/6369 1740/6371 1742/6372
f 152/6373 1745/6374 1744/6375
f 152/6373 1744/6375 1743/6376
f 1746/6377 1744/6378 1745/6379
f 1746/6377 1745/6379 165/6380
f 183/6381 1741/6382 1744/6383
f 183/6381 1744/6383 1746/6384
f 144/6385 1742/6386 1733/6387
f 144/6385 1733/6387 1731/6388
f 185/6389 1739/6390 1741/6391
f 185/6389 1741/6391 183/6392
f 187/6393 1737/6394 1739/6395
f 187/6393 1739/6395 185/6396
f 1749/6397 1747/6398 1737/6399
f 1749/6397 1737/6399 187/6400
f 1736/6401 1747/6402 1748/6403
f 1736/6401 1748/6403 1750/6404
f 1704/6405 1748/6406 1747/6407
f 1704/6405 1747/6407 1749/6408
f 1750/6409 1748/6410 1708/6411
f 1750/6409 1708/6411 1715/6412
f 1734/6413 1736/6414 1750/6415
f 1734/6413 1750/6415 1720/6416
f 1751/6417 1753/6418 1752/6419
f 1751/6417 1752/6419 1726/6420
f 131/6421 1752/6422 1753/6423
f 131/6421 1753/6423 1755/6424
f 2887/6425 1754/6426 1753/6427
f 2887/6425 1753/6427 1751/6428
f 1754/6429 1757/6430 1755/6431
f 1754/6429 1755/6431 1753/6432
f 1756/6433 1755/6434 1757/6435
f 1756/6433 1757/6435 1759/6436
f 129/6437 131/6438 1755/6439
f 129/6437 1755/6439 1756/6440
f 1757/6441 1754/6442 2884/6443
f 1757/6441 2884/6443 1758/6444
f 1759/6445 1757/6446 1758/6447
f 1759/6445 1758/6447 1760/6448
f 1764/6449 1756/6450 1759/6451
f 1764/6449 1759/6451 1761/6452
f 1761/6453 1759/6454 1760/6455
f 1761/6453 1760/6455 1762/6456
f 1762/6457 1767/6458 1763/6459
f 1762/6457 1763/6459 1761/6460
f 1761/6461 1763/6462 1765/6463
f 1761/6461 1765/6463 1764/6464
f 1764/6465 1765/6466 1766/6467
f 1764/6465 1766/6467 127/6468
f 127/6469 129/6470 1756/6471
f 127/6469 1756/6471 1764/6472
f 1763/6473 41/6474 44/6475
f 1763/6473 44/6475 1765/6476
f 1765/6477 44/6478 46/6479
f 1765/6477 46/6479 1766/6480
f 1766/6481 46/6482 3096/6483
f 1766/6481 3096/6483 126/6484
f 1767/6485 1768/6486 41/6487
f 1767/6485 41/6487 1763/6488
f 1769/6489 1772/6490 1768/6491
f 1769/6489 1768/6491 1767/6492
f 1771/6493 1769/6494 1767/6495
f 1771/6493 1767/6495 1762/6496
f 1770/6497 1774/6498 1772/6499
f 1770/6497 1772/6499 1769/6500
f 2881/6501 1770/6502 1769/6503
f 2881/6501 1769/6503 1771/6504
f 1774/6505 1775/6506 1773/6507
f 1774/6505 1773/6507 1772/6508
f 1772/6509 1773/6510 42/6511
f 1772/6509 42/6511 1768/6512
f 1777/6513 1776/6514 1774/6515
f 1777/6513 1774/6515 1770/6516
f 1776/6517 1778/6518 1775/6519
f 1776/6517 1775/6519 1774/6520
f 1780/6521 1779/6522 1776/6523
f 1780/6521 1776/6523 1777/6524
f 1779/6525 1781/6526 1778/6527
f 1779/6525 1778/6527 1776/6528
f 1783/6529 1782/6530 1779/6531
f 1783/6529 1779/6531 1780/6532
f 1782/6533 1784/6534 1781/6535
f 1782/6533 1781/6535 1779/6536
f 1787/6537 1785/6538 1782/6539
f 1787/6537 1782/6539 1783/6540
f 1785/6541 1788/6542 1784/6543
f 1785/6541 1784/6543 1782/6544
f 1786/6545 1790/6546 1788/6547
f 1786/6545 1788/6547 1785/6548
f 1806/6549 1786/6550 1785/6551
f 1806/6549 1785/6551 1787/6552
f 1788/6553 1789/6554 2800/6555
f 1788/6553 2800/6555 1784/6556
f 1789/6557 1788/6558 1790/6559
f 1789/6557 1790/6559 1792/6560
f 1792/6561 1790/6562 1791/6563
f 1792/6561 1791/6563 1794/6564
f 1804/6565 1791/6566 1790/6567
f 1804/6565 1790/6567 1786/6568
f 2795/6569 1789/6570 1792/6571
f 2795/6569 1792/6571 1793/6572
f 1793/6573 1792/6574 1794/6575
f 1793/6573 1794/6575 1795/6576
f 1794/6577 1791/6578 1799/6579
f 1794/6577 1799/6579 1796/6580
f 1795/6581 1794/6582 1796/6583
f 1795/6581 1796/6583 1797/6584
f 1797/6585 1796/6586 1798/6587
f 1797/6585 1798/6587 1875/6588
f 1800/6589 1798/6590 1796/6591
f 1800/6589 1796/6591 1799/6592
f 1802/6593 1800/6594 1799/6595
f 1802/6593 1799/6595 1801/6596
f 1801/6597 1799/6598 1791/6599
f 1801/6597 1791/6599 1804/6600
f 1872/6601 1802/6602 1801/6603
f 1872/6601 1801/6603 1803/6604
f 1803/6605 1801/6606 1804/6607
f 1803/6605 1804/6607 1805/6608
f 1805/6609 1804/6610 1786/6611
f 1805/6609 1786/6611 1806/6612
f 1810/6613 1807/6614 1805/6615
f 1810/6613 1805/6615 1806/6616
f 1807/6617 1809/6618 1803/6619
f 1807/6617 1803/6619 1805/6620
f 1807/6621 1808/6622 1869/6623
f 1807/6621 1869/6623 1809/6624
f 1810/6625 1812/6626 1808/6627
f 1810/6625 1808/6627 1807/6628
f 1811/6629 1810/6630 1806/6631
f 1811/6629 1806/6631 1787/6632
f 1811/6633 1814/6634 1812/6635
f 1811/6633 1812/6635 1810/6636
f 1812/6637 1813/6638 1868/6639
f 1812/6637 1868/6639 1808/6640
f 1814/6641 1816/6642 1813/6643
f 1814/6641 1813/6643 1812/6644
f 1815/6645 1818/6646 1816/6647
f 1815/6645 1816/6647 1814/6648
f 2882/6649 1815/6650 1814/6651
f 2882/6649 1814/6651 1811/6652
f 1816/6653 1817/6654 2810/6655
f 1816/6653 2810/6655 1813/6656
f 1817/6657 1816/6658 1818/6659
f 1817/6657 1818/6659 1820/6660
f 2878/6661 1819/6662 1818/6663
f 2878/6661 1818/6663 1815/6664
f 1820/6665 1818/6666 1819/6667
f 1820/6665 1819/6667 1822/6668
f 2812/6669 1817/6670 1820/6671
f 2812/6669 1820/6671 1821/6672
f 1821/6673 1820/6674 1822/6675
f 1821/6673 1822/6675 1824/6676
f 1822/6677 1819/6678 2876/6679
f 1822/6677 2876/6679 1823/6680
f 1824/6681 1822/6682 1823/6683
f 1824/6681 1823/6683 1825/6684
f 1826/6685 1824/6686 1825/6687
f 1826/6685 1825/6687 1827/6688
f 1828/6689 1821/6690 1824/6691
f 1828/6689 1824/6691 1826/6692
f 1830/6693 1829/6694 1826/6695
f 1830/6693 1826/6695 1827/6696
f 1829/6697 1831/6698 1828/6699
f 1829/6697 1828/6699 1826/6700
f 1830/6701 1833/6702 1832/6703
f 1830/6701 1832/6703 1829/6704
f 1829/6705 1832/6706 1834/6707
f 1829/6705 1834/6707 1831/6708
f 1833/6709 1837/6710 1835/6711
f 1833/6709 1835/6711 1832/6712
f 1832/6713 1835/6714 1838/6715
f 1832/6713 1838/6715 1834/6716
f 1836/6717 1835/6718 1837/6719
f 1836/6717 1837/6719 2890/6720
f 1839/6721 1838/6722 1835/6723
f 1839/6721 1835/6723 1836/6724
f 1842/6725 1840/6726 1838/6727
f 1842/6725 1838/6727 1839/6728
f 1834/6729 1838/6730 1840/6731
f 1834/6729 1840/6731 1841/6732
f 1841/6733 1840/6734 1843/6735
f 1841/6733 1843/6735 1846/6736
f 1840/6737 1842/6738 1845/6739
f 1840/6737 1845/6739 1843/6740
f 1843/6741 1845/6742 2821/6743
f 1843/6741 2821/6743 1844/6744
f 1846/6745 1843/6746 1844/6747
f 1846/6745 1844/6747 1848/6748
f 2816/6749 1841/6750 1846/6751
f 2816/6749 1846/6751 1847/6752
f 1847/6753 1846/6754 1848/6755
f 1847/6753 1848/6755 1849/6756
f 1849/6757 1848/6758 1850/6759
f 1849/6757 1850/6759 1851/6760
f 1848/6761 1844/6762 1852/6763
f 1848/6761 1852/6763 1850/6764
f 1851/6765 1850/6766 1853/6767
f 1851/6765 1853/6767 1856/6768
f 1850/6769 1852/6770 1855/6771
f 1850/6769 1855/6771 1853/6772
f 1856/6773 1853/6774 1854/6775
f 1856/6773 1854/6775 753/6776
f 1853/6777 1855/6778 2818/6779
f 1853/6777 2818/6779 1854/6780
f 1851/6781 1856/6782 1857/6783
f 1851/6781 1857/6783 1858/6784
f 1857/6785 1859/6786 1860/6787
f 1857/6785 1860/6787 1858/6788
f 749/6789 1861/6790 1859/6791
f 749/6789 1859/6791 1857/6792
f 1859/6793 1862/6794 1864/6795
f 1859/6793 1864/6795 1860/6796
f 1861/6797 1865/6798 1862/6799
f 1861/6797 1862/6799 1859/6800
f 1862/6801 1865/6802 1863/6803
f 1867/6804 1864/6805 1862/6806
f 1867/6804 1862/6806 1863/6807
f 1870/6808 1863/6809 1865/6810
f 1870/6808 1865/6810 1861/6811
f 1860/6812 1864/6813 1866/6814
f 1860/6812 1866/6814 2809/6815
f 1868/6816 1866/6817 1864/6818
f 1868/6816 1864/6818 1867/6819
f 1808/6820 1868/6821 1867/6822
f 1808/6820 1867/6822 1869/6823
f 1869/6824 1867/6825 1863/6826
f 1869/6824 1863/6826 1870/6827
f 1809/6828 1869/6829 1870/6830
f 1809/6828 1870/6830 1871/6831
f 1871/6832 1870/6833 1861/6834
f 1871/6832 1861/6834 749/6835
f 1809/6836 1871/6837 1872/6838
f 1809/6836 1872/6838 1803/6839
f 1873/6840 1875/6841 1802/6842
f 1873/6840 1802/6842 1872/6843
f 1876/6844 1873/6845 1874/6846
f 1876/6844 1874/6846 1878/6847
f 1876/6848 1797/6849 1875/6850
f 1876/6848 1875/6850 1873/6851
f 1877/6852 1795/6853 1797/6854
f 1877/6852 1797/6854 1876/6855
f 1877/6856 1876/6857 1878/6858
f 1877/6856 1878/6858 1879/6859
f 1878/6860 1880/6861 4/6862
f 1878/6860 4/6862 1879/6863
f 1874/6864 1881/6865 1880/6866
f 1874/6864 1880/6866 1878/6867
f 1881/6868 1883/6869 2/6870
f 1881/6868 2/6870 1880/6871
f 2789/6872 1882/6873 1881/6874
f 2789/6872 1881/6874 1874/6875
f 1882/6876 1884/6877 1883/6878
f 1882/6876 1883/6878 1881/6879
f 1883/6880 1884/6881 1885/6882
f 1883/6880 1885/6882 2/6883
f 1886/6884 1885/6885 1884/6886
f 1886/6884 1884/6886 1882/6887
f 1888/6888 3/6889 1885/6890
f 1888/6888 1885/6890 1886/6891
f 1889/6892 1888/6893 1886/6894
f 1889/6892 1886/6894 1887/6895
f 1887/6896 1886/6897 1882/6898
f 1887/6896 1882/6898 2789/6899
f 1892/6900 1890/6901 1888/6902
f 1892/6900 1888/6902 1889/6903
f 1890/6904 7/6905 3/6906
f 1890/6904 3/6906 1888/6907
f 1894/6908 1891/6909 1890/6910
f 1894/6908 1890/6910 1892/6911
f 1891/6912 10/6913 7/6914
f 1891/6912 7/6914 1890/6915
f 1892/6916 1889/6917 2119/6918
f 1892/6916 2119/6918 1893/6919
f 1894/6920 1892/6921 1893/6922
f 1894/6920 1893/6922 1895/6923
f 1896/6924 1897/6925 1891/6926
f 1896/6924 1891/6926 1894/6927
f 1896/6928 1894/6929 1895/6930
f 1896/6928 1895/6930 1899/6931
f 1898/6932 2782/6933 1897/6934
f 1898/6932 1897/6934 1896/6935
f 1898/6936 1896/6937 1899/6938
f 1898/6936 1899/6938 1900/6939
f 1899/6940 1901/6941 1904/6942
f 1899/6940 1904/6942 1900/6943
f 1895/6944 1902/6945 1901/6946
f 1895/6944 1901/6946 1899/6947
f 1902/6948 2154/6949 1903/6950
f 1902/6948 1903/6950 1901/6951
f 1901/6952 1903/6953 1905/6954
f 1901/6952 1905/6954 1904/6955
f 1900/6956 1904/6957 1906/6958
f 1900/6956 1906/6958 1908/6959
f 1904/6960 1905/6961 1909/6962
f 1904/6960 1909/6962 1906/6963
f 1906/6964 1909/6965 1911/6966
f 1906/6964 1911/6966 1907/6967
f 1908/6968 1906/6969 1907/6970
f 1908/6968 1907/6970 2779/6971
f 1909/6972 1910/6973 1912/6974
f 1909/6972 1912/6974 1911/6975
f 1905/6976 2135/6977 1910/6978
f 1905/6976 1910/6978 1909/6979
f 1907/6980 1911/6981 1913/6982
f 1907/6980 1913/6982 1914/6983
f 1911/6984 1912/6985 1916/6986
f 1911/6984 1916/6986 1913/6987
f 1914/6988 1913/6989 1915/6990
f 1914/6988 1915/6990 2761/6991
f 1913/6992 1916/6993 1918/6994
f 1913/6992 1918/6994 1915/6995
f 1916/6996 1917/6997 1919/6998
f 1916/6996 1919/6998 1918/6999
f 1912/7000 2137/7001 1917/7002
f 1912/7000 1917/7002 1916/7003
f 1918/7004 1919/7005 1921/7006
f 1918/7004 1921/7006 1920/7007
f 1915/7008 1918/7009 1920/7010
f 1915/7008 1920/7010 1922/7011
f 1926/7012 1923/7013 1920/7014
f 1926/7012 1920/7014 1921/7015
f 1922/7016 1920/7017 1923/7018
f 1922/7016 1923/7018 1924/7019
f 1924/7020 1923/7021 1925/7022
f 1924/7020 1925/7022 2773/7023
f 1927/7024 1925/7025 1923/7026
f 1927/7024 1923/7026 1926/7027
f 1931/7028 1927/7029 1926/7030
f 1931/7028 1926/7030 1928/7031
f 1928/7032 1926/7033 1921/7034
f 1928/7032 1921/7034 1929/7035
f 1930/7036 1928/7037 1929/7038
f 1930/7036 1929/7038 2148/7039
f 1933/7040 1931/7041 1928/7042
f 1933/7040 1928/7042 1930/7043
f 1932/7044 2777/7045 1927/7046
f 1932/7044 1927/7046 1931/7047
f 1935/7048 1932/7049 1931/7050
f 1935/7048 1931/7050 1933/7051
f 1934/7052 1933/7053 1930/7054
f 1934/7052 1930/7054 2065/7055
f 1936/7056 1935/7057 1933/7058
f 1936/7056 1933/7058 1934/7059
f 1939/7060 1937/7061 1935/7062
f 1939/7060 1935/7062 1936/7063
f 1937/7064 1940/7065 1932/7066
f 1937/7064 1932/7066 1935/7067
f 1938/7068 1942/7069 1940/7070
f 1938/7068 1940/7070 1937/7071
f 2055/7072 1938/7073 1937/7074
f 2055/7072 1937/7074 1939/7075
f 1940/7076 1941/7077 2777/7078
f 1940/7076 2777/7078 1932/7079
f 1942/7080 1944/7081 1941/7082
f 1942/7080 1941/7082 1940/7083
f 1955/7084 1943/7085 1942/7086
f 1955/7084 1942/7086 1938/7087
f 1943/7088 1946/7089 1944/7090
f 1943/7088 1944/7090 1942/7091
f 2778/7092 1941/7093 1944/7094
f 2778/7092 1944/7094 1945/7095
f 1945/7096 1944/7097 1946/7098
f 1945/7096 1946/7098 1947/7099
f 1947/7100 1946/7101 1948/7102
f 1947/7100 1948/7102 1949/7103
f 1951/7104 1948/7105 1946/7106
f 1951/7104 1946/7106 1943/7107
f 1949/7108 1948/7109 1950/7110
f 1949/7108 1950/7110 2784/7111
f 1952/7112 1950/7113 1948/7114
f 1952/7112 1948/7114 1951/7115
f 1956/7116 1952/7117 1951/7118
f 1956/7116 1951/7118 1953/7119
f 1953/7120 1951/7121 1943/7122
f 1953/7120 1943/7122 1955/7123
f 1958/7124 1956/7125 1953/7126
f 1958/7124 1953/7126 1954/7127
f 1954/7128 1953/7129 1955/7130
f 1954/7128 1955/7130 2052/7131
f 1957/7132 2786/7133 1952/7134
f 1957/7132 1952/7134 1956/7135
f 1960/7136 1957/7137 1956/7138
f 1960/7136 1956/7138 1958/7139
f 1954/7140 2050/7141 1959/7142
f 1954/7140 1959/7142 1958/7143
f 1958/7144 1959/7145 1962/7146
f 1958/7144 1962/7146 1960/7147
f 1961/7148 2711/7149 1957/7150
f 1961/7148 1957/7150 1960/7151
f 1960/7152 1962/7153 1963/7154
f 1960/7152 1963/7154 93/7155
f 1960/7152 93/7155 2710/7156
f 1960/7152 2710/7156 1961/7157
f 1962/7158 1964/7159 1967/7160
f 1962/7158 1967/7160 1963/7161
f 1959/7162 1965/7163 1964/7164
f 1959/7162 1964/7164 1962/7165
f 1965/7166 2048/7167 1966/7168
f 1965/7166 1966/7168 1964/7169
f 1964/7170 1966/7171 1968/7172
f 1964/7170 1968/7172 1967/7173
f 1967/7174 1968/7175 1972/7176
f 1967/7174 1972/7176 1969/7177
f 1963/7178 1967/7179 1969/7180
f 1963/7178 1969/7180 1970/7181
f 1970/7182 1969/7183 1971/7184
f 1970/7182 1971/7184 1979/7185
f 1969/7186 1972/7187 1973/7188
f 1969/7186 1973/7188 1971/7189
f 1973/7190 1972/7191 1968/7192
f 1973/7190 1968/7192 1974/7193
f 1971/7194 1973/7195 1974/7196
f 1971/7194 1974/7196 1976/7197
f 1974/7198 1968/7199 1966/7200
f 1974/7198 1966/7200 1975/7201
f 1976/7202 1974/7203 1975/7204
f 1976/7202 1975/7204 1977/7205
f 1978/7206 1976/7207 1977/7208
f 1978/7206 1977/7208 1981/7209
f 1979/7210 1971/7211 1976/7212
f 1979/7210 1976/7212 1978/7213
f 1978/7214 1980/7215 2596/7216
f 1978/7214 2596/7216 1979/7217
f 1981/7218 1983/7219 1980/7220
f 1981/7218 1980/7220 1978/7221
f 1981/7222 1977/7223 2027/7224
f 1981/7222 2027/7224 1982/7225
f 1982/7226 1984/7227 1983/7228
f 1982/7226 1983/7228 1981/7229
f 1984/7230 1988/7231 1985/7232
f 1984/7230 1985/7232 1983/7233
f 1983/7234 1985/7235 1987/7236
f 1983/7234 1987/7236 1980/7237
f 1988/7238 1990/7239 1986/7240
f 1988/7238 1986/7240 1985/7241
f 1985/7242 1986/7243 2595/7244
f 1985/7242 2595/7244 1987/7245
f 2024/7246 1989/7247 1988/7248
f 2024/7246 1988/7248 1984/7249
f 1989/7250 1991/7251 1990/7252
f 1989/7250 1990/7252 1988/7253
f 1992/7254 1990/7255 1991/7256
f 1992/7254 1991/7256 1995/7257
f 1994/7258 1986/7259 1990/7260
f 1994/7258 1990/7260 1992/7261
f 2590/7262 1994/7263 1992/7264
f 2590/7262 1992/7264 1993/7265
f 1993/7266 1992/7267 1995/7268
f 1993/7266 1995/7268 1997/7269
f 1997/7270 1995/7271 1996/7272
f 1997/7270 1996/7272 1998/7273
f 1995/7274 1991/7275 2022/7276
f 1995/7274 2022/7276 1996/7277
f 2000/7278 1993/7279 1997/7280
f 2000/7278 1997/7280 1999/7281
f 1999/7282 1997/7283 1998/7284
f 1999/7282 1998/7284 2002/7285
f 1999/7286 2001/7287 2597/7288
f 1999/7286 2597/7288 2000/7289
f 2002/7290 2003/7291 2001/7292
f 2002/7290 2001/7292 1999/7293
f 2004/7294 2005/7295 2003/7296
f 2004/7294 2003/7296 2002/7297
f 2002/7298 1998/7299 2007/7300
f 2002/7298 2007/7300 2004/7301
f 2006/7302 2256/7303 2005/7304
f 2006/7302 2005/7304 2004/7305
f 2004/7306 2007/7307 2008/7308
f 2004/7306 2008/7308 2006/7309
f 1998/7310 1996/7311 2009/7312
f 1998/7310 2009/7312 2007/7313
f 2007/7314 2009/7315 2011/7316
f 2007/7314 2011/7316 2008/7317
f 2013/7318 2011/7319 2009/7320
f 2013/7318 2009/7320 2010/7321
f 2010/7322 2009/7323 1996/7324
f 2010/7322 1996/7324 2022/7325
f 2014/7326 2012/7327 2011/7328
f 2014/7326 2011/7328 2013/7329
f 2008/7330 2011/7331 2012/7332
f 2008/7330 2012/7332 2247/7333
f 2015/7334 2013/7335 2010/7336
f 2015/7334 2010/7336 2018/7337
f 2016/7338 2014/7339 2013/7340
f 2016/7338 2013/7340 2015/7341
f 2706/7342 2016/7343 2015/7344
f 2706/7342 2015/7344 2017/7345
f 2017/7346 2015/7347 2018/7348
f 2017/7346 2018/7348 2019/7349
f 2019/7350 2018/7351 2020/7352
f 2019/7350 2020/7352 2021/7353
f 2018/7354 2010/7355 2022/7356
f 2018/7354 2022/7356 2020/7357
f 2021/7358 2020/7359 1989/7360
f 2021/7358 1989/7360 2024/7361
f 2020/7362 2022/7363 1991/7364
f 2020/7362 1991/7364 1989/7365
f 2023/7366 2021/7367 2024/7368
f 2023/7366 2024/7368 2025/7369
f 2032/7370 2019/7371 2021/7372
f 2032/7370 2021/7372 2023/7373
f 2025/7374 2024/7375 1984/7376
f 2025/7374 1984/7376 1982/7377
f 1982/7378 2027/7379 2026/7380
f 1982/7378 2026/7380 2025/7381
f 2025/7382 2026/7383 2029/7384
f 2025/7382 2029/7384 2023/7385
f 2027/7386 2049/7387 2028/7388
f 2027/7386 2028/7388 2026/7389
f 2026/7390 2028/7391 2030/7392
f 2026/7390 2030/7392 2029/7393
f 2023/7394 2029/7395 2031/7396
f 2023/7394 2031/7396 2032/7397
f 2029/7398 2030/7399 2033/7400
f 2029/7398 2033/7400 2031/7401
f 2032/7402 2031/7403 2034/7404
f 2032/7402 2034/7404 2035/7405
f 2031/7406 2033/7407 2037/7408
f 2031/7406 2037/7408 2034/7409
f 2035/7410 2034/7411 2036/7412
f 2035/7410 2036/7412 2707/7413
f 2034/7414 2037/7415 2038/7416
f 2034/7414 2038/7416 2036/7417
f 2040/7418 2038/7419 2037/7420
f 2040/7418 2037/7420 2039/7421
f 2039/7422 2037/7423 2033/7424
f 2039/7422 2033/7424 2042/7425
f 2058/7426 2040/7427 2039/7428
f 2058/7426 2039/7428 2041/7429
f 2041/7430 2039/7431 2042/7432
f 2041/7430 2042/7432 2043/7433
f 2043/7434 2042/7435 2044/7436
f 2043/7434 2044/7436 2045/7437
f 2042/7438 2033/7439 2030/7440
f 2042/7438 2030/7440 2044/7441
f 2045/7442 2044/7443 2046/7444
f 2045/7442 2046/7444 2047/7445
f 2044/7446 2030/7447 2028/7448
f 2044/7446 2028/7448 2046/7449
f 2047/7450 2046/7451 2048/7452
f 2047/7450 2048/7452 1965/7453
f 2046/7454 2028/7455 2049/7456
f 2046/7454 2049/7456 2048/7457
f 1975/7458 1966/7459 2048/7460
f 1975/7458 2048/7460 2049/7461
f 1977/7462 1975/7463 2049/7464
f 1977/7462 2049/7464 2027/7465
f 2051/7466 2045/7467 2047/7468
f 2051/7466 2047/7468 2050/7469
f 2050/7470 2047/7471 1965/7472
f 2050/7470 1965/7472 1959/7473
f 2052/7474 2051/7475 2050/7476
f 2052/7474 2050/7476 1954/7477
f 2053/7478 2043/7479 2045/7480
f 2053/7478 2045/7480 2051/7481
f 2055/7482 2053/7483 2051/7484
f 2055/7482 2051/7484 2052/7485
f 2054/7486 2041/7487 2043/7488
f 2054/7486 2043/7488 2053/7489
f 1939/7490 2054/7491 2053/7492
f 1939/7490 2053/7492 2055/7493
f 2052/7494 1955/7495 1938/7496
f 2052/7494 1938/7496 2055/7497
f 2056/7498 2058/7499 2041/7500
f 2056/7498 2041/7500 2054/7501
f 2054/7502 1939/7503 1936/7504
f 2054/7502 1936/7504 2056/7505
f 2056/7506 1936/7507 1934/7508
f 2056/7506 1934/7508 2057/7509
f 2057/7510 2059/7511 2058/7512
f 2057/7510 2058/7512 2056/7513
f 2059/7514 2060/7515 2040/7516
f 2059/7514 2040/7516 2058/7517
f 2061/7518 2062/7519 2060/7520
f 2061/7518 2060/7520 2059/7521
f 2064/7522 2061/7523 2059/7524
f 2064/7522 2059/7524 2057/7525
f 2063/7526 2709/7527 2062/7528
f 2063/7526 2062/7528 2061/7529
f 2066/7530 2063/7531 2061/7532
f 2066/7530 2061/7532 2064/7533
f 2057/7534 1934/7535 2065/7536
f 2057/7534 2065/7536 2064/7537
f 2064/7538 2065/7539 2067/7540
f 2064/7538 2067/7540 2066/7541
f 2067/7542 2069/7543 2068/7544
f 2067/7542 2068/7544 2066/7545
f 2068/7546 2070/7547 2063/7548
f 2068/7546 2063/7548 2066/7549
f 2069/7550 2072/7551 2071/7552
f 2069/7550 2071/7552 2068/7553
f 2071/7554 2074/7555 2070/7556
f 2071/7554 2070/7556 2068/7557
f 2072/7558 2144/7559 2073/7560
f 2072/7558 2073/7560 2071/7561
f 2073/7562 2075/7563 2074/7564
f 2073/7562 2074/7564 2071/7565
f 2075/7566 2077/7567 2076/7568
f 2075/7566 2076/7568 2074/7569
f 2074/7570 2076/7571 2078/7572
f 2074/7570 2078/7572 2070/7573
f 2077/7574 2082/7575 2079/7576
f 2077/7574 2079/7576 2076/7577
f 2076/7578 2079/7579 2080/7580
f 2076/7578 2080/7580 2078/7581
f 2193/7582 2080/7583 2079/7584
f 2193/7582 2079/7584 2081/7585
f 2081/7586 2079/7587 2082/7588
f 2081/7586 2082/7588 2083/7589
f 2083/7590 2082/7591 2084/7592
f 2083/7590 2084/7592 2085/7593
f 2082/7594 2077/7595 2087/7596
f 2082/7594 2087/7596 2084/7597
f 2085/7598 2084/7599 2086/7600
f 2085/7598 2086/7600 2184/7601
f 2084/7602 2087/7603 2089/7604
f 2084/7602 2089/7604 2086/7605
f 2088/7606 2087/7607 2077/7608
f 2088/7606 2077/7608 2075/7609
f 2090/7610 2089/7611 2087/7612
f 2090/7610 2087/7612 2088/7613
f 2094/7614 2091/7615 2089/7616
f 2094/7614 2089/7616 2090/7617
f 2086/7618 2089/7619 2091/7620
f 2086/7618 2091/7620 2092/7621
f 2092/7622 2091/7623 2093/7624
f 2092/7622 2093/7624 2105/7625
f 2096/7626 2093/7627 2091/7628
f 2096/7626 2091/7628 2094/7629
f 2095/7630 2094/7631 2090/7632
f 2095/7630 2090/7632 2151/7633
f 2097/7634 2096/7635 2094/7636
f 2097/7634 2094/7636 2095/7637
f 2099/7638 2098/7639 2096/7640
f 2099/7638 2096/7640 2097/7641
f 2098/7642 2101/7643 2093/7644
f 2098/7642 2093/7644 2096/7645
f 2117/7646 2100/7647 2098/7648
f 2117/7646 2098/7648 2099/7649
f 2100/7650 2102/7651 2101/7652
f 2100/7650 2101/7652 2098/7653
f 2102/7654 2104/7655 2103/7656
f 2102/7654 2103/7656 2101/7657
f 2101/7658 2103/7659 2105/7660
f 2101/7658 2105/7660 2093/7661
f 2106/7662 2103/7663 2104/7664
f 2106/7662 2104/7664 2109/7665
f 2107/7666 2105/7667 2103/7668
f 2107/7666 2103/7668 2106/7669
f 2178/7670 2107/7671 2106/7672
f 2178/7670 2106/7672 2108/7673
f 2108/7674 2106/7675 2109/7676
f 2108/7674 2109/7676 2110/7677
f 2109/7678 2104/7679 2113/7680
f 2109/7678 2113/7680 2111/7681
f 2110/7682 2109/7683 2111/7684
f 2110/7682 2111/7684 2112/7685
f 2112/7686 2111/7687 2114/7688
f 2112/7686 2114/7688 2115/7689
f 2111/7690 2113/7691 2116/7692
f 2111/7690 2116/7692 2114/7693
f 2115/7694 2114/7695 2100/7696
f 2115/7694 2100/7696 2117/7697
f 2114/7698 2116/7699 2102/7700
f 2114/7698 2102/7700 2100/7701
f 2116/7702 2113/7703 2104/7704
f 2116/7702 2104/7704 2102/7705
f 2119/7706 1889/7707 1887/7708
f 2119/7706 1887/7708 2115/7709
f 2119/7706 2115/7709 2117/7710
f 2119/7706 2117/7710 2118/7711
f 1887/7712 2789/7713 746/7714
f 1887/7712 746/7714 2443/7715
f 1887/7712 2443/7715 2442/7716
f 1887/7712 2442/7716 2165/7717
f 1887/7712 2165/7717 2164/7718
f 1887/7712 2164/7718 2112/7719
f 1887/7712 2112/7719 2115/7720
f 2121/7721 2118/7722 2117/7723
f 2121/7721 2117/7723 2099/7724
f 2118/7725 2120/7726 2158/7727
f 2118/7725 2158/7727 2119/7728
f 2121/7729 2122/7730 2120/7731
f 2121/7729 2120/7731 2118/7732
f 2123/7733 2125/7734 2122/7735
f 2123/7733 2122/7735 2121/7736
f 2123/7737 2121/7738 2099/7739
f 2123/7737 2099/7739 2097/7740
f 2124/7741 2123/7742 2097/7743
f 2124/7741 2097/7743 2095/7744
f 2124/7745 2127/7746 2125/7747
f 2124/7745 2125/7747 2123/7748
f 2125/7749 2126/7750 2163/7751
f 2125/7749 2163/7751 2122/7752
f 2127/7753 2129/7754 2126/7755
f 2127/7753 2126/7755 2125/7756
f 2150/7757 2128/7758 2127/7759
f 2150/7757 2127/7759 2124/7760
f 2128/7761 2130/7762 2129/7763
f 2128/7761 2129/7763 2127/7764
f 2129/7765 2131/7766 2132/7767
f 2129/7765 2132/7767 2126/7768
f 2130/7769 2134/7770 2131/7771
f 2130/7769 2131/7771 2129/7772
f 2152/7773 2132/7774 2131/7775
f 2152/7773 2131/7775 2133/7776
f 2133/7777 2131/7778 2134/7779
f 2133/7777 2134/7779 2135/7780
f 2136/7781 1910/7782 2135/7783
f 2136/7781 2135/7783 2134/7784
f 2138/7785 2136/7786 2134/7787
f 2138/7785 2134/7787 2130/7788
f 1910/7789 2136/7790 2137/7791
f 1910/7789 2137/7791 1912/7792
f 2139/7793 2137/7794 2136/7795
f 2139/7793 2136/7795 2138/7796
f 2142/7797 2139/7798 2138/7799
f 2142/7797 2138/7799 2140/7800
f 2140/7801 2138/7802 2130/7803
f 2140/7801 2130/7803 2128/7804
f 2141/7805 2140/7806 2128/7807
f 2141/7805 2128/7807 2150/7808
f 2144/7809 2142/7810 2140/7811
f 2144/7809 2140/7811 2141/7812
f 2072/7813 2143/7814 2142/7815
f 2072/7813 2142/7815 2144/7816
f 2143/7817 2146/7818 2139/7819
f 2143/7817 2139/7819 2142/7820
f 2144/7821 2141/7822 2149/7823
f 2144/7821 2149/7823 2073/7824
f 2069/7825 2145/7826 2143/7827
f 2069/7825 2143/7827 2072/7828
f 2145/7829 2147/7830 2146/7831
f 2145/7829 2146/7831 2143/7832
f 2147/7833 1919/7834 1917/7835
f 2147/7833 1917/7835 2146/7836
f 2146/7837 1917/7838 2137/7839
f 2146/7837 2137/7839 2139/7840
f 1929/7841 1921/7842 1919/7843
f 1929/7841 1919/7843 2147/7844
f 2148/7845 1929/7846 2147/7847
f 2148/7845 2147/7847 2145/7848
f 2067/7849 2148/7850 2145/7851
f 2067/7849 2145/7851 2069/7852
f 2065/7853 1930/7854 2148/7855
f 2065/7853 2148/7855 2067/7856
f 2141/7857 2150/7858 2151/7859
f 2141/7857 2151/7859 2149/7860
f 2150/7861 2124/7862 2095/7863
f 2150/7861 2095/7863 2151/7864
f 2151/7865 2090/7866 2088/7867
f 2151/7865 2088/7867 2149/7868
f 2149/7869 2088/7870 2075/7871
f 2149/7869 2075/7871 2073/7872
f 1903/7873 2133/7874 2135/7875
f 1903/7873 2135/7875 1905/7876
f 2154/7877 2152/7878 2133/7879
f 2154/7877 2133/7879 1903/7880
f 2153/7881 2162/7882 2132/7883
f 2153/7881 2132/7883 2152/7884
f 2155/7885 2153/7886 2152/7887
f 2155/7885 2152/7887 2154/7888
f 2156/7889 2155/7890 2154/7891
f 2156/7889 2154/7891 1902/7892
f 2158/7893 2157/7894 2155/7895
f 2158/7893 2155/7895 2156/7896
f 2157/7897 2160/7898 2153/7899
f 2157/7897 2153/7899 2155/7900
f 2159/7901 2157/7902 2158/7903
f 2159/7901 2158/7903 2120/7904
f 2161/7905 2160/7906 2157/7907
f 2161/7905 2157/7907 2159/7908
f 2160/7909 2161/7910 2162/7911
f 2160/7909 2162/7911 2153/7912
f 2163/7913 2162/7914 2161/7915
f 2163/7913 2161/7915 2159/7916
f 2126/7917 2132/7918 2162/7919
f 2126/7917 2162/7919 2163/7920
f 2122/7921 2163/7922 2159/7923
f 2122/7921 2159/7923 2120/7924
f 2119/7925 2158/7926 2156/7927
f 2119/7925 2156/7927 1893/7928
f 1893/7929 2156/7930 1902/7931
f 1893/7929 1902/7931 1895/7932
f 2110/7933 2112/7934 2164/7935
f 2110/7933 2164/7935 2167/7936
f 2165/7937 2415/7938 2166/7939
f 2165/7937 2166/7939 2164/7940
f 2164/7941 2166/7942 2169/7943
f 2164/7941 2169/7943 2167/7944
f 2108/7945 2110/7946 2167/7947
f 2108/7945 2167/7947 2168/7948
f 2167/7949 2169/7950 2171/7951
f 2167/7949 2171/7951 2168/7952
f 2166/7953 2417/7954 2170/7955
f 2166/7953 2170/7955 2169/7956
f 2169/7957 2170/7958 2172/7959
f 2169/7957 2172/7959 2171/7960
f 2168/7961 2171/7962 2173/7963
f 2168/7961 2173/7963 2176/7964
f 2171/7965 2172/7966 2174/7967
f 2171/7965 2174/7967 2173/7968
f 2173/7969 2174/7970 2423/7971
f 2173/7969 2423/7971 2175/7972
f 2176/7973 2173/7974 2175/7975
f 2176/7973 2175/7975 2177/7976
f 2178/7977 2108/7978 2168/7979
f 2178/7977 2168/7979 2176/7980
f 2179/7981 2178/7982 2176/7983
f 2179/7981 2176/7983 2177/7984
f 2179/7985 2180/7986 2107/7987
f 2179/7985 2107/7987 2178/7988
f 2181/7989 2184/7990 2180/7991
f 2181/7989 2180/7991 2179/7992
f 2181/7993 2179/7994 2177/7995
f 2181/7993 2177/7995 2182/7996
f 2183/7997 2181/7998 2182/7999
f 2183/7997 2182/7999 2185/8000
f 2183/8001 2085/8002 2184/8003
f 2183/8001 2184/8003 2181/8004
f 2184/8005 2086/8006 2092/8007
f 2184/8005 2092/8007 2180/8008
f 2186/8009 2183/8010 2185/8011
f 2186/8009 2185/8011 2187/8012
f 2186/8013 2083/8014 2085/8015
f 2186/8013 2085/8015 2183/8016
f 2188/8017 2186/8018 2187/8019
f 2188/8017 2187/8019 2189/8020
f 2188/8021 2081/8022 2083/8023
f 2188/8021 2083/8023 2186/8024
f 2190/8025 2188/8026 2189/8027
f 2190/8025 2189/8027 2191/8028
f 2190/8029 2193/8030 2081/8031
f 2190/8029 2081/8031 2188/8032
f 2192/8033 2190/8034 2191/8035
f 2192/8033 2191/8035 2203/8036
f 2192/8037 2194/8038 2193/8039
f 2192/8037 2193/8039 2190/8040
f 2194/8041 2195/8042 2080/8043
f 2194/8041 2080/8043 2193/8044
f 2196/8045 2197/8046 2195/8047
f 2196/8045 2195/8047 2194/8048
f 2199/8049 2196/8050 2194/8051
f 2199/8049 2194/8051 2192/8052
f 2198/8053 2708/8054 2197/8055
f 2198/8053 2197/8055 2196/8056
f 2200/8057 2198/8058 2196/8059
f 2200/8057 2196/8059 2199/8060
f 2202/8061 2200/8062 2199/8063
f 2202/8061 2199/8063 2201/8064
f 2201/8065 2199/8066 2192/8067
f 2201/8065 2192/8067 2203/8068
f 2201/8069 2204/8070 2206/8071
f 2201/8069 2206/8071 2202/8072
f 2203/8073 2205/8074 2204/8075
f 2203/8073 2204/8075 2201/8076
f 2205/8077 2208/8078 2207/8079
f 2205/8077 2207/8079 2204/8080
f 2204/8081 2207/8082 2209/8083
f 2204/8081 2209/8083 2206/8084
f 2210/8085 2207/8086 2208/8087
f 2210/8085 2208/8087 2213/8088
f 2211/8089 2209/8090 2207/8091
f 2211/8089 2207/8091 2210/8092
f 2246/8093 2211/8094 2210/8095
f 2246/8093 2210/8095 2212/8096
f 2212/8097 2210/8098 2213/8099
f 2212/8097 2213/8099 2214/8100
f 2214/8101 2213/8102 2215/8103
f 2214/8101 2215/8103 2218/8104
f 2216/8105 2215/8106 2213/8107
f 2216/8105 2213/8107 2208/8108
f 2435/8109 2217/8110 2215/8111
f 2435/8109 2215/8111 2216/8112
f 2218/8113 2215/8114 2217/8115
f 2218/8113 2217/8115 2220/8116
f 2241/8117 2214/8118 2218/8119
f 2241/8117 2218/8119 2219/8120
f 2219/8121 2218/8122 2220/8123
f 2219/8121 2220/8123 2222/8124
f 2220/8125 2217/8126 2436/8127
f 2220/8125 2436/8127 2221/8128
f 2222/8129 2220/8130 2221/8131
f 2222/8129 2221/8131 2224/8132
f 2222/8133 2224/8134 2226/8135
f 2222/8133 2226/8135 2223/8136
f 2219/8137 2222/8138 2223/8139
f 2219/8137 2223/8139 2234/8140
f 2224/8141 2221/8142 2437/8143
f 2224/8141 2437/8143 2225/8144
f 2224/8145 2225/8146 2227/8147
f 2224/8145 2227/8147 2226/8148
f 2227/8149 2230/8150 2228/8151
f 2227/8149 2228/8151 2226/8152
f 2226/8153 2228/8154 2231/8155
f 2226/8153 2231/8155 2223/8156
f 2228/8157 2229/8158 2232/8159
f 2228/8157 2232/8159 2231/8160
f 2230/8161 2394/8162 2229/8163
f 2230/8161 2229/8163 2228/8164
f 2223/8165 2231/8166 2233/8167
f 2223/8165 2233/8167 2234/8168
f 2231/8169 2232/8170 2235/8171
f 2231/8169 2235/8171 2233/8172
f 2234/8173 2233/8174 2236/8175
f 2234/8173 2236/8175 2239/8176
f 2233/8177 2235/8178 2237/8179
f 2233/8177 2237/8179 2236/8180
f 2236/8181 2237/8182 2705/8183
f 2236/8181 2705/8183 2238/8184
f 2239/8185 2236/8186 2238/8187
f 2239/8185 2238/8187 2240/8188
f 2240/8189 2242/8190 2241/8191
f 2240/8189 2241/8191 2239/8192
f 2241/8193 2219/8194 2234/8195
f 2241/8193 2234/8195 2239/8196
f 2242/8197 2212/8198 2214/8199
f 2242/8197 2214/8199 2241/8200
f 2243/8201 2246/8202 2212/8203
f 2243/8201 2212/8203 2242/8204
f 2245/8205 2243/8206 2242/8207
f 2245/8205 2242/8207 2240/8208
f 2244/8209 2247/8210 2246/8211
f 2244/8209 2246/8211 2243/8212
f 2248/8213 2244/8214 2243/8215
f 2248/8213 2243/8215 2245/8216
f 2247/8217 2012/8218 2211/8219
f 2247/8217 2211/8219 2246/8220
f 2006/8221 2008/8222 2247/8223
f 2006/8221 2247/8223 2244/8224
f 2245/8225 2249/8226 2251/8227
f 2245/8225 2251/8227 2248/8228
f 2240/8229 2238/8230 2249/8231
f 2240/8229 2249/8231 2245/8232
f 2238/8233 2705/8234 2250/8235
f 2238/8233 2250/8235 2249/8236
f 2249/8237 2250/8238 2252/8239
f 2249/8237 2252/8239 2251/8240
f 2251/8241 2252/8242 2255/8243
f 2251/8241 2255/8243 2253/8244
f 2248/8245 2251/8246 2253/8247
f 2248/8245 2253/8247 2256/8248
f 2256/8249 2253/8250 2254/8251
f 2256/8249 2254/8251 2005/8252
f 2253/8253 2255/8254 2258/8255
f 2253/8253 2258/8255 2254/8256
f 2256/8257 2006/8258 2244/8259
f 2256/8257 2244/8259 2248/8260
f 2255/8261 2257/8262 2260/8263
f 2255/8261 2260/8263 2258/8264
f 2252/8265 2704/8266 2257/8267
f 2252/8265 2257/8267 2255/8268
f 2254/8269 2258/8270 2259/8271
f 2254/8269 2259/8271 2600/8272
f 2261/8273 2259/8274 2258/8275
f 2261/8273 2258/8275 2260/8276
f 2265/8277 2261/8278 2260/8279
f 2265/8277 2260/8279 2262/8280
f 2262/8281 2260/8282 2257/8283
f 2262/8281 2257/8283 2264/8284
f 2267/8285 2265/8286 2262/8287
f 2267/8285 2262/8287 2263/8288
f 2263/8289 2262/8290 2264/8291
f 2263/8289 2264/8291 2275/8292
f 2266/8293 2602/8294 2261/8295
f 2266/8293 2261/8295 2265/8296
f 2268/8297 2266/8298 2265/8299
f 2268/8297 2265/8299 2267/8300
f 2267/8301 2269/8302 2270/8303
f 2267/8301 2270/8303 2268/8304
f 2263/8305 2272/8306 2269/8307
f 2263/8305 2269/8307 2267/8308
f 2269/8309 2271/8310 2562/8311
f 2269/8309 2562/8311 2270/8312
f 2272/8313 2273/8314 2271/8315
f 2272/8313 2271/8315 2269/8316
f 2274/8317 2276/8318 2273/8319
f 2274/8317 2273/8319 2272/8320
f 2275/8321 2274/8322 2272/8323
f 2275/8321 2272/8323 2263/8324
f 2274/8325 2275/8326 2278/8327
f 2274/8325 2278/8327 2277/8328
f 2277/8329 2279/8330 2276/8331
f 2277/8329 2276/8331 2274/8332
f 2277/8333 2278/8334 2282/8335
f 2277/8333 2282/8335 2280/8336
f 2280/8337 2281/8338 2279/8339
f 2280/8337 2279/8339 2277/8340
f 2283/8341 2285/8342 2281/8343
f 2283/8341 2281/8343 2280/8344
f 2280/8345 2282/8346 2286/8347
f 2280/8345 2286/8347 2283/8348
f 2284/8349 2310/8350 2285/8351
f 2284/8349 2285/8351 2283/8352
f 2283/8353 2286/8354 2287/8355
f 2283/8353 2287/8355 2284/8356
f 2282/8357 2290/8358 2288/8359
f 2282/8357 2288/8359 2286/8360
f 2286/8361 2288/8362 2291/8363
f 2286/8361 2291/8363 2287/8364
f 2290/8365 2703/8366 2289/8367
f 2290/8365 2289/8367 2288/8368
f 2288/8369 2289/8370 2293/8371
f 2288/8369 2293/8371 2291/8372
f 2291/8373 2293/8374 2294/8375
f 2291/8373 2294/8375 2292/8376
f 2287/8377 2291/8378 2292/8379
f 2287/8377 2292/8379 2300/8380
f 2289/8381 2705/8382 2237/8383
f 2289/8381 2237/8383 2293/8384
f 2235/8385 2294/8386 2293/8387
f 2235/8385 2293/8387 2237/8388
f 2232/8389 2295/8390 2294/8391
f 2232/8389 2294/8391 2235/8392
f 2292/8393 2294/8394 2295/8395
f 2292/8393 2295/8395 2297/8396
f 2295/8397 2232/8398 2229/8399
f 2295/8397 2229/8399 2296/8400
f 2297/8401 2295/8402 2296/8403
f 2297/8401 2296/8403 2298/8404
f 2299/8405 2297/8406 2298/8407
f 2299/8405 2298/8407 2301/8408
f 2300/8409 2292/8410 2297/8411
f 2300/8409 2297/8411 2299/8412
f 2300/8413 2299/8414 2302/8415
f 2300/8413 2302/8415 2304/8416
f 2299/8417 2301/8418 2303/8419
f 2299/8417 2303/8419 2302/8420
f 2303/8421 2307/8422 2305/8423
f 2303/8421 2305/8423 2302/8424
f 2302/8425 2305/8426 2308/8427
f 2302/8425 2308/8427 2304/8428
f 2305/8429 2306/8430 2309/8431
f 2305/8429 2309/8431 2308/8432
f 2307/8433 2379/8434 2306/8435
f 2307/8433 2306/8435 2305/8436
f 2308/8437 2309/8438 2311/8439
f 2308/8437 2311/8439 2310/8440
f 2304/8441 2308/8442 2310/8443
f 2304/8441 2310/8443 2284/8444
f 2310/8445 2311/8446 2312/8447
f 2310/8445 2312/8447 2285/8448
f 2314/8449 2312/8450 2311/8451
f 2314/8449 2311/8451 2313/8452
f 2313/8453 2311/8454 2309/8455
f 2313/8453 2309/8455 2316/8456
f 2678/8457 2314/8458 2313/8459
f 2678/8457 2313/8459 2315/8460
f 2315/8461 2313/8462 2316/8463
f 2315/8461 2316/8463 2318/8464
f 2316/8465 2309/8466 2306/8467
f 2316/8465 2306/8467 2317/8468
f 2318/8469 2316/8470 2317/8471
f 2318/8469 2317/8471 2320/8472
f 2701/8473 2315/8474 2318/8475
f 2701/8473 2318/8475 2319/8476
f 2319/8477 2318/8478 2320/8479
f 2319/8477 2320/8479 2322/8480
f 2322/8481 2320/8482 2321/8483
f 2322/8481 2321/8483 2324/8484
f 2320/8485 2317/8486 2378/8487
f 2320/8485 2378/8487 2321/8488
f 2700/8489 2319/8490 2322/8491
f 2700/8489 2322/8491 2323/8492
f 2323/8493 2322/8494 2324/8495
f 2323/8493 2324/8495 2326/8496
f 2326/8497 2324/8498 2325/8499
f 2326/8497 2325/8499 2327/8500
f 2324/8501 2321/8502 2376/8503
f 2324/8501 2376/8503 2325/8504
f 2331/8505 2328/8506 2326/8507
f 2331/8505 2326/8507 2327/8508
f 2326/8509 2328/8510 2329/8511
f 2326/8509 2329/8511 2323/8512
f 2330/8513 2500/8514 2329/8515
f 2330/8513 2329/8515 2328/8516
f 2332/8517 2330/8518 2328/8519
f 2332/8517 2328/8519 2331/8520
f 2335/8521 2332/8522 2331/8523
f 2335/8521 2331/8523 2333/8524
f 2333/8525 2331/8526 2327/8527
f 2333/8525 2327/8527 2334/8528
f 2336/8529 2333/8530 2334/8531
f 2336/8529 2334/8531 2338/8532
f 2337/8533 2335/8534 2333/8535
f 2337/8533 2333/8535 2336/8536
f 2341/8537 2337/8538 2336/8539
f 2341/8537 2336/8539 2339/8540
f 2339/8541 2336/8542 2338/8543
f 2339/8541 2338/8543 2340/8544
f 2339/8545 2340/8546 2345/8547
f 2339/8545 2345/8547 2342/8548
f 2344/8549 2341/8550 2339/8551
f 2344/8549 2339/8551 2342/8552
f 2492/8553 2344/8554 2342/8555
f 2492/8553 2342/8555 2343/8556
f 2342/8557 2345/8558 2347/8559
f 2342/8557 2347/8559 2343/8560
f 2340/8561 2467/8562 2346/8563
f 2340/8561 2346/8563 2345/8564
f 2345/8565 2346/8566 2349/8567
f 2345/8565 2349/8567 2347/8568
f 2343/8569 2347/8570 2348/8571
f 2343/8569 2348/8571 2468/8572
f 2347/8573 2349/8574 2351/8575
f 2347/8573 2351/8575 2348/8576
f 2349/8577 2350/8578 2352/8579
f 2349/8577 2352/8579 2351/8580
f 2346/8581 2365/8582 2350/8583
f 2346/8581 2350/8583 2349/8584
f 2351/8585 2352/8586 2355/8587
f 2351/8585 2355/8587 2353/8588
f 2348/8589 2351/8590 2353/8591
f 2348/8589 2353/8591 744/8592
f 2348/8589 744/8592 2469/8593
f 2353/8594 2355/8595 2357/8596
f 2353/8594 2357/8596 2354/8597
f 2443/8598 746/8599 744/8600
f 2443/8598 744/8600 2353/8601
f 2443/8598 2353/8601 2354/8602
f 2443/8598 2354/8602 2464/8603
f 2352/8604 2360/8605 2356/8606
f 2352/8604 2356/8606 2355/8607
f 2355/8608 2356/8609 2359/8610
f 2355/8608 2359/8610 2357/8611
f 2354/8612 2357/8613 2358/8614
f 2354/8612 2358/8614 2462/8615
f 2357/8616 2359/8617 2361/8618
f 2357/8616 2361/8618 2358/8619
f 2359/8620 2356/8621 2360/8622
f 2363/8623 2361/8624 2359/8625
f 2363/8623 2359/8625 2360/8626
f 2364/8627 2362/8628 2361/8629
f 2364/8627 2361/8629 2363/8630
f 2358/8631 2361/8632 2362/8633
f 2358/8631 2362/8633 2461/8634
f 2350/8635 2363/8636 2360/8637
f 2350/8635 2360/8637 2352/8638
f 2365/8639 2364/8640 2363/8641
f 2365/8639 2363/8641 2350/8642
f 2366/8643 2368/8644 2362/8645
f 2366/8643 2362/8645 2364/8646
f 2367/8647 2366/8648 2364/8649
f 2367/8647 2364/8649 2365/8650
f 2370/8651 2369/8652 2366/8653
f 2370/8651 2366/8653 2367/8654
f 2369/8655 2371/8656 2368/8657
f 2369/8655 2368/8657 2366/8658
f 2374/8659 2372/8660 2369/8661
f 2374/8659 2369/8661 2370/8662
f 2372/8663 2373/8664 2371/8665
f 2372/8663 2371/8665 2369/8666
f 2375/8667 2377/8668 2373/8669
f 2375/8667 2373/8669 2372/8670
f 2376/8671 2375/8672 2372/8673
f 2376/8671 2372/8673 2374/8674
f 2321/8675 2378/8676 2375/8677
f 2321/8675 2375/8677 2376/8678
f 2378/8679 2379/8680 2377/8681
f 2378/8679 2377/8681 2375/8682
f 2317/8683 2306/8684 2379/8685
f 2317/8683 2379/8685 2378/8686
f 2380/8687 2377/8688 2379/8689
f 2380/8687 2379/8689 2307/8690
f 2381/8691 2373/8692 2377/8693
f 2381/8691 2377/8693 2380/8694
f 2383/8695 2381/8696 2380/8697
f 2383/8695 2380/8697 2382/8698
f 2382/8699 2380/8700 2307/8701
f 2382/8699 2307/8701 2303/8702
f 2384/8703 2386/8704 2383/8705
f 2384/8703 2383/8705 2382/8706
f 2301/8707 2384/8708 2382/8709
f 2301/8707 2382/8709 2303/8710
f 2301/8711 2298/8712 2385/8713
f 2301/8711 2385/8713 2384/8714
f 2384/8715 2385/8716 2388/8717
f 2384/8715 2388/8717 2386/8718
f 2386/8719 2387/8720 2458/8721
f 2386/8719 2458/8721 2383/8722
f 2386/8723 2388/8724 2389/8725
f 2386/8723 2389/8725 2387/8726
f 2385/8727 2393/8728 2390/8729
f 2385/8727 2390/8729 2388/8730
f 2388/8731 2390/8732 2391/8733
f 2388/8731 2391/8733 2389/8734
f 2390/8735 2392/8736 2396/8737
f 2390/8735 2396/8737 2391/8738
f 2393/8739 2394/8740 2392/8741
f 2393/8739 2392/8741 2390/8742
f 2296/8743 2229/8744 2394/8745
f 2296/8743 2394/8745 2393/8746
f 2298/8747 2296/8748 2393/8749
f 2298/8747 2393/8749 2385/8750
f 2395/8751 2392/8752 2394/8753
f 2395/8751 2394/8753 2230/8754
f 2397/8755 2396/8756 2392/8757
f 2397/8755 2392/8757 2395/8758
f 2399/8759 2398/8760 2396/8761
f 2399/8759 2396/8761 2397/8762
f 2391/8763 2396/8764 2398/8765
f 2391/8763 2398/8765 2400/8766
f 2404/8767 2401/8768 2398/8769
f 2404/8767 2398/8769 2399/8770
f 2400/8771 2398/8772 2401/8773
f 2400/8771 2401/8773 2402/8774
f 2402/8775 2401/8776 2403/8777
f 2402/8775 2403/8777 2450/8778
f 2405/8779 2403/8780 2401/8781
f 2405/8779 2401/8781 2404/8782
f 2406/8783 2404/8784 2399/8785
f 2406/8783 2399/8785 2408/8786
f 2407/8787 2405/8788 2404/8789
f 2407/8787 2404/8789 2406/8790
f 2409/8791 2412/8792 2407/8793
f 2409/8791 2407/8793 2406/8794
f 2411/8795 2409/8796 2406/8797
f 2411/8795 2406/8797 2408/8798
f 2409/8799 2410/8800 2413/8801
f 2409/8799 2413/8801 2412/8802
f 2411/8803 2420/8804 2410/8805
f 2411/8803 2410/8805 2409/8806
f 2412/8807 2413/8808 2415/8809
f 2412/8807 2415/8809 2165/8810
f 2412/8811 2165/8812 2442/8813
f 2412/8811 2442/8813 2407/8814
f 2410/8815 2418/8816 2414/8817
f 2410/8815 2414/8817 2413/8818
f 2413/8819 2414/8820 2416/8821
f 2413/8819 2416/8821 2415/8822
f 2415/8823 2416/8824 2417/8825
f 2415/8823 2417/8825 2166/8826
f 2414/8827 2170/8828 2417/8829
f 2414/8827 2417/8829 2416/8830
f 2418/8831 2172/8832 2170/8833
f 2418/8831 2170/8833 2414/8834
f 2420/8835 2419/8836 2418/8837
f 2420/8835 2418/8837 2410/8838
f 2419/8839 2174/8840 2172/8841
f 2419/8839 2172/8841 2418/8842
f 2421/8843 2423/8844 2174/8845
f 2421/8843 2174/8845 2419/8846
f 2422/8847 2421/8848 2419/8849
f 2422/8847 2419/8849 2420/8850
f 2425/8851 2424/8852 2421/8853
f 2425/8851 2421/8853 2422/8854
f 2424/8855 2427/8856 2423/8857
f 2424/8855 2423/8857 2421/8858
f 2437/8859 2426/8860 2424/8861
f 2437/8859 2424/8861 2425/8862
f 2426/8863 2429/8864 2427/8865
f 2426/8863 2427/8865 2424/8866
f 2175/8867 2423/8868 2427/8869
f 2175/8867 2427/8869 2428/8870
f 2428/8871 2427/8872 2429/8873
f 2428/8871 2429/8873 2431/8874
f 2431/8875 2429/8876 2430/8877
f 2431/8875 2430/8877 2432/8878
f 2436/8879 2430/8880 2429/8881
f 2436/8879 2429/8881 2426/8882
f 2185/8883 2431/8884 2432/8885
f 2185/8883 2432/8885 2187/8886
f 2182/8887 2428/8888 2431/8889
f 2182/8887 2431/8889 2185/8890
f 2187/8891 2432/8892 2433/8893
f 2187/8891 2433/8893 2189/8894
f 2432/8895 2430/8896 2435/8897
f 2432/8895 2435/8897 2433/8898
f 2189/8899 2433/8900 2434/8901
f 2189/8899 2434/8901 2191/8902
f 2433/8903 2435/8904 2216/8905
f 2433/8903 2216/8905 2434/8906
f 2217/8907 2435/8908 2430/8909
f 2217/8907 2430/8909 2436/8910
f 2191/8911 2434/8912 2205/8913
f 2191/8911 2205/8913 2203/8914
f 2434/8915 2216/8916 2208/8917
f 2434/8915 2208/8917 2205/8918
f 2221/8919 2436/8920 2426/8921
f 2221/8919 2426/8921 2437/8922
f 2177/8923 2175/8924 2428/8925
f 2177/8923 2428/8925 2182/8926
f 2225/8927 2437/8928 2425/8929
f 2225/8927 2425/8929 2438/8930
f 2438/8931 2425/8932 2422/8933
f 2438/8931 2422/8933 2439/8934
f 2438/8935 2439/8936 2441/8937
f 2438/8935 2441/8937 2440/8938
f 2225/8939 2438/8940 2440/8941
f 2225/8939 2440/8941 2227/8942
f 2441/8943 2397/8944 2395/8945
f 2441/8943 2395/8945 2440/8946
f 2440/8947 2395/8948 2230/8949
f 2440/8947 2230/8949 2227/8950
f 2408/8951 2399/8952 2397/8953
f 2408/8951 2397/8953 2441/8954
f 2439/8955 2411/8956 2408/8957
f 2439/8955 2408/8957 2441/8958
f 2439/8959 2422/8960 2420/8961
f 2439/8959 2420/8961 2411/8962
f 2442/8963 2444/8964 2405/8965
f 2442/8963 2405/8965 2407/8966
f 2443/8967 2446/8968 2444/8969
f 2443/8967 2444/8969 2442/8970
f 2444/8971 2445/8972 2403/8973
f 2444/8971 2403/8973 2405/8974
f 2446/8975 2448/8976 2445/8977
f 2446/8975 2445/8977 2444/8978
f 2464/8979 2447/8980 2446/8981
f 2464/8979 2446/8981 2443/8982
f 2447/8983 2449/8984 2448/8985
f 2447/8983 2448/8985 2446/8986
f 2445/8987 2448/8988 2449/8989
f 2450/8990 2403/8991 2445/8992
f 2450/8990 2445/8992 2449/8993
f 2451/8994 2450/8995 2449/8996
f 2451/8994 2449/8996 2447/8997
f 2453/8998 2402/8999 2450/9000
f 2453/8998 2450/9000 2451/9001
f 2452/9002 2451/9003 2447/9004
f 2452/9002 2447/9004 2464/9005
f 2454/9006 2453/9007 2451/9008
f 2454/9006 2451/9008 2452/9009
f 2456/9010 2455/9011 2453/9012
f 2456/9010 2453/9012 2454/9013
f 2455/9014 2400/9015 2402/9016
f 2455/9014 2402/9016 2453/9017
f 2389/9018 2391/9019 2400/9020
f 2389/9018 2400/9020 2455/9021
f 2387/9022 2389/9023 2455/9024
f 2387/9022 2455/9024 2456/9025
f 2387/9026 2456/9027 2457/9028
f 2387/9026 2457/9028 2458/9029
f 2456/9030 2454/9031 2460/9032
f 2456/9030 2460/9032 2457/9033
f 2457/9034 2459/9035 2463/9036
f 2457/9034 2463/9036 2458/9037
f 2460/9038 2461/9039 2459/9040
f 2460/9038 2459/9040 2457/9041
f 2462/9042 2358/9043 2461/9044
f 2462/9042 2461/9044 2460/9045
f 2454/9046 2452/9047 2462/9048
f 2454/9046 2462/9048 2460/9049
f 2452/9050 2464/9051 2354/9052
f 2452/9050 2354/9052 2462/9053
f 2461/9054 2362/9055 2368/9056
f 2461/9054 2368/9056 2459/9057
f 2459/9058 2368/9059 2371/9060
f 2459/9058 2371/9060 2463/9061
f 2458/9062 2463/9063 2381/9064
f 2458/9062 2381/9064 2383/9065
f 2463/9066 2371/9067 2373/9068
f 2463/9066 2373/9068 2381/9069
f 2325/9070 2376/9071 2374/9072
f 2325/9070 2374/9072 2465/9073
f 2465/9074 2374/9075 2370/9076
f 2465/9074 2370/9076 2466/9077
f 2334/9078 2465/9079 2466/9080
f 2334/9078 2466/9080 2338/9081
f 2327/9082 2325/9083 2465/9084
f 2327/9082 2465/9084 2334/9085
f 2338/9086 2466/9087 2467/9088
f 2338/9086 2467/9088 2340/9089
f 2466/9090 2370/9091 2367/9092
f 2466/9090 2367/9092 2467/9093
f 2467/9094 2367/9095 2365/9096
f 2467/9094 2365/9096 2346/9097
f 2469/9098 2470/9099 2468/9100
f 2469/9098 2468/9100 2348/9101
f 2472/9102 2470/9103 2469/9104
f 2472/9102 2469/9104 739/9105
f 2471/9106 2491/9107 2468/9108
f 2471/9106 2468/9108 2470/9109
f 2473/9110 2471/9111 2470/9112
f 2473/9110 2470/9112 2472/9113
f 2475/9114 2473/9115 2472/9116
f 2475/9114 2472/9116 738/9117
f 2488/9118 2471/9119 2473/9120
f 2488/9118 2473/9120 2474/9121
f 2474/9122 2473/9123 2475/9124
f 2474/9122 2475/9124 2477/9125
f 2477/9126 2475/9127 2476/9128
f 2477/9126 2476/9128 2478/9129
f 2476/9130 2475/9131 738/9132
f 2476/9130 738/9132 736/9133
f 2478/9134 2476/9135 2481/9136
f 2478/9134 2481/9136 2479/9137
f 2479/9138 2481/9139 2482/9140
f 2479/9138 2482/9140 2480/9141
f 2482/9142 2481/9143 733/9144
f 2482/9142 733/9144 2483/9145
f 2481/9146 2476/9147 736/9148
f 2481/9146 736/9148 733/9149
f 2485/9150 2480/9151 2482/9152
f 2485/9150 2482/9152 2484/9153
f 2484/9154 2482/9155 2483/9156
f 2484/9154 2483/9156 2486/9157
f 701/9158 2484/9159 2486/9160
f 701/9158 2486/9160 703/9161
f 2487/9162 2485/9163 2484/9164
f 2487/9162 2484/9164 701/9165
f 2486/9166 2483/9167 734/9168
f 2486/9166 734/9168 708/9169
f 2489/9170 2491/9171 2471/9172
f 2489/9170 2471/9172 2488/9173
f 2490/9174 2492/9175 2491/9176
f 2490/9174 2491/9176 2489/9177
f 2491/9178 2492/9179 2343/9180
f 2491/9178 2343/9180 2468/9181
f 2490/9182 2493/9183 2344/9184
f 2490/9182 2344/9184 2492/9185
f 2344/9186 2493/9187 2494/9188
f 2344/9186 2494/9188 2341/9189
f 2495/9190 2337/9191 2341/9192
f 2495/9190 2341/9192 2494/9193
f 2496/9194 2335/9195 2337/9196
f 2496/9194 2337/9196 2495/9197
f 2497/9198 2332/9199 2335/9200
f 2497/9198 2335/9200 2496/9201
f 2498/9202 2330/9203 2332/9204
f 2498/9202 2332/9204 2497/9205
f 2499/9206 2500/9207 2330/9208
f 2499/9206 2330/9208 2498/9209
f 2501/9210 2502/9211 2500/9212
f 2501/9210 2500/9212 2499/9213
f 2501/9214 2503/9215 2504/9216
f 2501/9214 2504/9216 2502/9217
f 2504/9218 2503/9219 2505/9220
f 2504/9218 2505/9220 2506/9221
f 2507/9222 2508/9223 2506/9224
f 2507/9222 2506/9224 2505/9225
f 2507/9226 2509/9227 2510/9228
f 2507/9226 2510/9228 2508/9229
f 2509/9230 2511/9231 2513/9232
f 2509/9230 2513/9232 2510/9233
f 2512/9234 2515/9235 2513/9236
f 2512/9234 2513/9236 2511/9237
f 2510/9238 2513/9239 2514/9240
f 2510/9238 2514/9240 2686/9241
f 2513/9242 2515/9243 2516/9244
f 2513/9242 2516/9244 2514/9245
f 2515/9246 2517/9247 2518/9248
f 2515/9246 2518/9248 2516/9249
f 2515/9250 2512/9251 2520/9252
f 2515/9250 2520/9252 2517/9253
f 2517/9254 2519/9255 2693/9256
f 2517/9254 2693/9256 2518/9257
f 2520/9258 2521/9259 2519/9260
f 2520/9258 2519/9260 2517/9261
f 2521/9262 2522/9263 2523/9264
f 2521/9262 2523/9264 2519/9265
f 2524/9266 2525/9267 2523/9268
f 2524/9266 2523/9268 2522/9269
f 2526/9270 2527/9271 2525/9272
f 2526/9270 2525/9272 2524/9273
f 2526/9274 2528/9275 2529/9276
f 2526/9274 2529/9276 2527/9277
f 2528/9278 2530/9279 2531/9280
f 2528/9278 2531/9280 2529/9281
f 2532/9282 684/9283 2531/9284
f 2532/9282 2531/9284 2530/9285
f 2529/9286 2531/9287 2533/9288
f 2529/9286 2533/9288 2535/9289
f 2531/9290 684/9291 680/9292
f 2531/9290 680/9292 2533/9293
f 2533/9294 680/9295 678/9296
f 2533/9294 678/9296 2534/9297
f 2535/9298 2533/9299 2534/9300
f 2535/9298 2534/9300 2536/9301
f 2537/9302 2535/9303 2536/9304
f 2537/9302 2536/9304 2539/9305
f 2527/9306 2529/9307 2535/9308
f 2527/9306 2535/9308 2537/9309
f 2525/9310 2527/9311 2537/9312
f 2525/9310 2537/9312 2538/9313
f 2538/9314 2537/9315 2539/9316
f 2538/9314 2539/9316 2540/9317
f 2540/9318 2539/9319 2541/9320
f 2540/9318 2541/9320 2544/9321
f 2539/9322 2536/9323 2543/9324
f 2539/9322 2543/9324 2541/9325
f 2541/9326 2542/9327 2546/9328
f 2541/9326 2546/9328 2544/9329
f 2543/9330 2621/9331 2542/9332
f 2543/9330 2542/9332 2541/9333
f 2694/9334 2540/9335 2544/9336
f 2694/9334 2544/9336 2545/9337
f 2544/9338 2546/9339 2548/9340
f 2544/9338 2548/9340 2545/9341
f 2546/9342 2547/9343 2549/9344
f 2546/9342 2549/9344 2548/9345
f 2542/9346 2617/9347 2547/9348
f 2542/9346 2547/9348 2546/9349
f 2545/9350 2548/9351 2550/9352
f 2545/9350 2550/9352 2551/9353
f 2548/9354 2549/9355 2552/9356
f 2548/9354 2552/9356 2550/9357
f 2551/9358 2550/9359 2553/9360
f 2551/9358 2553/9360 2554/9361
f 2550/9362 2552/9363 2556/9364
f 2550/9362 2556/9364 2553/9365
f 2554/9366 2553/9367 2555/9368
f 2554/9366 2555/9368 2690/9369
f 2553/9370 2556/9371 2557/9372
f 2553/9370 2557/9372 2555/9373
f 2556/9374 2558/9375 2559/9376
f 2556/9374 2559/9376 2557/9377
f 2552/9378 2560/9379 2558/9380
f 2552/9378 2558/9380 2556/9381
f 2271/9382 2558/9383 2560/9384
f 2271/9382 2560/9384 2562/9385
f 2273/9386 2559/9387 2558/9388
f 2273/9386 2558/9388 2271/9389
f 2549/9390 2561/9391 2560/9392
f 2549/9390 2560/9392 2552/9393
f 2562/9394 2560/9395 2561/9396
f 2562/9394 2561/9396 2563/9397
f 2270/9398 2562/9399 2563/9400
f 2270/9398 2563/9400 2565/9401
f 2565/9402 2563/9403 2564/9404
f 2565/9402 2564/9404 2566/9405
f 2563/9406 2561/9407 2618/9408
f 2563/9406 2618/9408 2564/9409
f 2567/9410 2565/9411 2566/9412
f 2567/9410 2566/9412 2568/9413
f 2268/9414 2270/9415 2565/9416
f 2268/9414 2565/9416 2567/9417
f 2568/9418 2571/9419 2569/9420
f 2568/9418 2569/9420 2567/9421
f 2567/9422 2569/9423 2266/9424
f 2567/9422 2266/9424 2268/9425
f 2569/9426 2570/9427 2602/9428
f 2569/9426 2602/9428 2266/9429
f 2571/9430 2573/9431 2570/9432
f 2571/9430 2570/9432 2569/9433
f 2611/9434 2572/9435 2571/9436
f 2611/9434 2571/9436 2568/9437
f 2572/9438 2574/9439 2573/9440
f 2572/9438 2573/9440 2571/9441
f 2573/9442 2575/9443 2577/9444
f 2573/9442 2577/9444 2570/9445
f 2574/9446 2578/9447 2575/9448
f 2574/9446 2575/9448 2573/9449
f 2598/9450 2577/9451 2575/9452
f 2598/9450 2575/9452 2576/9453
f 2576/9454 2575/9455 2578/9456
f 2576/9454 2578/9456 2580/9457
f 2578/9458 2574/9459 2609/9460
f 2578/9458 2609/9460 2579/9461
f 2580/9462 2578/9463 2579/9464
f 2580/9462 2579/9464 2581/9465
f 2582/9466 2580/9467 2581/9468
f 2582/9466 2581/9468 2583/9469
f 2584/9470 2576/9471 2580/9472
f 2584/9470 2580/9472 2582/9473
f 2585/9474 2582/9475 2583/9476
f 2585/9474 2583/9476 2586/9477
f 2587/9478 2584/9479 2582/9480
f 2587/9478 2582/9480 2585/9481
f 2586/9482 2591/9483 2588/9484
f 2586/9482 2588/9484 2585/9485
f 2585/9486 2588/9487 2590/9488
f 2585/9486 2590/9488 2587/9489
f 2591/9490 2593/9491 2589/9492
f 2591/9490 2589/9492 2588/9493
f 2588/9494 2589/9495 1994/9496
f 2588/9494 1994/9496 2590/9497
f 2596/9498 2592/9499 2591/9500
f 2596/9498 2591/9500 2586/9501
f 2594/9502 2593/9503 2591/9504
f 2594/9502 2591/9504 2592/9505
f 2595/9506 2589/9507 2593/9508
f 2595/9506 2593/9508 2594/9509
f 1987/9510 2595/9511 2594/9512
f 1987/9510 2594/9512 2592/9513
f 2589/9514 2595/9515 1986/9516
f 2589/9514 1986/9516 1994/9517
f 1980/9518 1987/9519 2592/9520
f 1980/9518 2592/9520 2596/9521
f 2638/9522 1970/9523 1979/9524
f 2638/9522 1979/9524 2596/9525
f 2638/9522 2596/9525 2586/9526
f 2638/9522 2586/9526 2583/9527
f 2638/9522 2583/9527 2603/9528
f 2638/9522 2603/9528 2604/9529
f 2638/9522 2604/9529 2636/9530
f 2587/9531 2590/9532 1993/9533
f 2587/9531 1993/9533 2000/9534
f 2000/9535 2597/9536 2584/9537
f 2000/9535 2584/9537 2587/9538
f 2597/9539 2598/9540 2576/9541
f 2597/9539 2576/9541 2584/9542
f 2001/9543 2599/9544 2598/9545
f 2001/9543 2598/9545 2597/9546
f 2599/9547 2601/9548 2577/9549
f 2599/9547 2577/9549 2598/9550
f 2003/9551 2600/9552 2599/9553
f 2003/9551 2599/9553 2001/9554
f 2600/9555 2259/9556 2601/9557
f 2600/9555 2601/9557 2599/9558
f 2570/9559 2577/9560 2601/9561
f 2570/9559 2601/9561 2602/9562
f 2602/9563 2601/9564 2259/9565
f 2602/9563 2259/9565 2261/9566
f 2005/9567 2254/9568 2600/9569
f 2005/9567 2600/9569 2003/9570
f 2583/9571 2581/9572 2606/9573
f 2583/9571 2606/9573 2603/9574
f 2604/9575 2603/9576 2605/9577
f 2604/9575 2605/9577 2610/9578
f 2604/9575 2610/9578 2623/9579
f 2604/9575 2623/9579 2624/9580
f 2603/9581 2606/9582 2607/9583
f 2603/9581 2607/9583 2605/9584
f 2581/9585 2579/9586 2608/9587
f 2581/9585 2608/9587 2606/9588
f 2606/9589 2608/9590 2609/9591
f 2606/9589 2609/9591 2607/9592
f 2609/9593 2608/9594 2579/9595
f 2607/9596 2609/9597 2574/9598
f 2607/9596 2574/9598 2572/9599
f 2605/9600 2607/9601 2572/9602
f 2605/9600 2572/9602 2611/9603
f 2611/9604 2612/9605 2610/9606
f 2611/9604 2610/9606 2605/9607
f 2568/9608 2566/9609 2612/9610
f 2568/9608 2612/9610 2611/9611
f 2612/9612 2613/9613 2614/9614
f 2612/9612 2614/9614 2610/9615
f 2566/9616 2564/9617 2613/9618
f 2566/9616 2613/9618 2612/9619
f 2613/9620 2615/9621 2616/9622
f 2613/9620 2616/9622 2614/9623
f 2564/9624 2618/9625 2615/9626
f 2564/9624 2615/9626 2613/9627
f 2615/9628 2617/9629 2619/9630
f 2615/9628 2619/9630 2616/9631
f 2617/9632 2615/9633 2618/9634
f 2617/9632 2618/9634 2547/9635
f 2547/9636 2618/9637 2561/9638
f 2547/9636 2561/9638 2549/9639
f 2621/9640 2619/9641 2617/9642
f 2621/9640 2617/9642 2542/9643
f 2622/9644 2620/9645 2619/9646
f 2622/9644 2619/9646 2621/9647
f 2619/9648 2620/9649 2616/9650
f 2623/9651 2622/9652 2621/9653
f 2623/9651 2621/9653 2543/9654
f 2610/9655 2614/9656 2622/9657
f 2610/9655 2622/9657 2623/9658
f 2614/9659 2616/9660 2620/9661
f 2614/9659 2620/9661 2622/9662
f 2624/9663 2623/9664 2543/9665
f 2624/9663 2543/9665 2536/9666
f 2624/9663 2536/9666 2534/9667
f 2604/9668 2624/9669 2625/9670
f 2604/9668 2625/9670 2626/9671
f 2534/9672 678/9673 676/9674
f 2534/9672 676/9674 2624/9675
f 676/9676 2628/9677 2625/9678
f 676/9676 2625/9678 2624/9679
f 2625/9680 2627/9681 2631/9682
f 2625/9680 2631/9682 2626/9683
f 2630/9684 2627/9685 2625/9686
f 2630/9684 2625/9686 2628/9687
f 2630/9684 2628/9687 2629/9688
f 675/9689 655/9690 2629/9691
f 675/9689 2629/9691 2628/9692
f 2629/9693 654/9694 620/9695
f 2629/9693 620/9695 2630/9696
f 2630/9697 614/9698 612/9699
f 2630/9697 612/9699 2627/9700
f 2627/9701 612/9702 608/9703
f 2627/9701 608/9703 2631/9704
f 608/9705 606/9706 2632/9707
f 608/9705 2632/9707 2631/9708
f 2634/9709 2626/9710 2631/9711
f 2634/9709 2631/9711 2632/9712
f 2632/9713 606/9714 604/9715
f 2632/9713 604/9715 2633/9716
f 2635/9717 2634/9718 2632/9719
f 2635/9717 2632/9719 2633/9720
f 2637/9721 2636/9722 2634/9723
f 2637/9721 2634/9723 2635/9724
f 2604/9725 2626/9726 2634/9727
f 2604/9725 2634/9727 2636/9728
f 2640/9729 2638/9730 2636/9731
f 2640/9729 2636/9731 2637/9732
f 2668/9733 2644/9734 2639/9735
f 2668/9733 2639/9735 2638/9736
f 2668/9733 2638/9736 2640/9737
f 2668/9733 2640/9737 161/9738
f 2640/9739 2637/9740 225/9741
f 2640/9739 225/9741 2641/9742
f 161/9743 2640/9744 2641/9745
f 161/9743 2641/9745 2642/9746
f 161/9743 2642/9746 163/9747
f 2642/9748 2641/9749 220/9750
f 2642/9748 220/9750 218/9751
f 167/9752 2642/9753 218/9754
f 167/9752 218/9754 174/9755
f 2644/9756 2654/9757 2643/9758
f 2644/9756 2643/9758 2639/9759
f 2639/9760 2643/9761 2647/9762
f 2639/9760 2647/9762 2645/9763
f 2646/9764 2667/9765 95/9766
f 2646/9764 95/9766 2645/9767
f 2645/9768 2647/9769 2648/9770
f 2645/9768 2648/9770 2646/9771
f 2643/9772 2650/9773 2649/9774
f 2643/9772 2649/9774 2647/9775
f 2647/9776 2649/9777 2651/9778
f 2647/9776 2651/9778 2648/9779
f 2649/9780 2650/9781 2652/9782
f 2653/9783 2651/9784 2649/9785
f 2653/9783 2649/9785 2652/9786
f 2655/9787 2653/9788 2652/9789
f 2655/9787 2652/9789 2654/9790
f 2654/9791 2652/9792 2650/9793
f 2654/9791 2650/9793 2643/9794
f 2657/9795 2655/9796 2654/9797
f 2657/9795 2654/9797 2644/9798
f 146/9799 2656/9800 2655/9801
f 146/9799 2655/9801 2657/9802
f 2656/9803 2658/9804 2653/9805
f 2656/9803 2653/9805 2655/9806
f 150/9807 2657/9808 2644/9809
f 150/9807 2644/9809 2668/9810
f 142/9811 2660/9812 2658/9813
f 142/9811 2658/9813 2656/9814
f 2658/9815 2659/9816 2651/9817
f 2658/9815 2651/9817 2653/9818
f 2659/9819 2658/9820 2660/9821
f 2659/9819 2660/9821 2661/9822
f 138/9823 2663/9824 2661/9825
f 138/9823 2661/9825 2660/9826
f 2664/9827 2659/9828 2661/9829
f 2664/9827 2661/9829 2662/9830
f 2662/9831 2661/9832 2663/9833
f 2662/9831 2663/9833 119/9834
f 119/9835 2663/9836 134/9837
f 119/9835 134/9837 121/9838
f 2665/9839 2664/9840 2662/9841
f 2665/9839 2662/9841 118/9842
f 2646/9843 2648/9844 2664/9845
f 2646/9843 2664/9845 2665/9846
f 2648/9847 2651/9848 2659/9849
f 2648/9847 2659/9849 2664/9850
f 2665/9851 2666/9852 2667/9853
f 2665/9851 2667/9853 2646/9854
f 118/9855 112/9856 2666/9857
f 118/9855 2666/9857 2665/9858
f 2666/9859 107/9860 104/9861
f 2666/9859 104/9861 2667/9862
f 2667/9863 104/9864 97/9865
f 2667/9863 97/9865 95/9866
f 234/9867 2637/9868 2635/9869
f 234/9867 2635/9869 246/9870
f 234/9871 227/9872 225/9873
f 234/9871 225/9873 2637/9874
f 601/9875 247/9876 2633/9877
f 601/9875 2633/9877 604/9878
f 2276/9879 2669/9880 2559/9881
f 2276/9879 2559/9881 2273/9882
f 2557/9883 2559/9884 2669/9885
f 2557/9883 2669/9885 2671/9886
f 2279/9887 2670/9888 2669/9889
f 2279/9887 2669/9889 2276/9890
f 2670/9891 2673/9892 2671/9893
f 2670/9891 2671/9893 2669/9894
f 2555/9895 2557/9896 2671/9897
f 2555/9895 2671/9897 2672/9898
f 2672/9899 2671/9900 2673/9901
f 2672/9899 2673/9901 2674/9902
f 2674/9903 2673/9904 2675/9905
f 2674/9903 2675/9905 2677/9906
f 2676/9907 2675/9908 2673/9909
f 2676/9907 2673/9909 2670/9910
f 2675/9911 2676/9912 2312/9913
f 2675/9911 2312/9913 2314/9914
f 2677/9915 2675/9916 2314/9917
f 2677/9915 2314/9917 2678/9918
f 2681/9919 2674/9920 2677/9921
f 2681/9919 2677/9921 2679/9922
f 2679/9923 2677/9924 2678/9925
f 2679/9923 2678/9925 2680/9926
f 2684/9927 2682/9928 2679/9929
f 2684/9927 2679/9929 2680/9930
f 2682/9931 2685/9932 2681/9933
f 2682/9931 2681/9933 2679/9934
f 2682/9935 2684/9936 2697/9937
f 2682/9935 2697/9937 2683/9938
f 2685/9939 2682/9940 2683/9941
f 2685/9939 2683/9941 2686/9942
f 2686/9943 2514/9944 2687/9945
f 2686/9943 2687/9945 2685/9946
f 2685/9947 2687/9948 2689/9949
f 2685/9947 2689/9949 2681/9950
f 2516/9951 2688/9952 2687/9953
f 2516/9951 2687/9953 2514/9954
f 2687/9955 2688/9956 2690/9957
f 2687/9955 2690/9957 2689/9958
f 2690/9959 2555/9960 2672/9961
f 2690/9959 2672/9961 2689/9962
f 2689/9963 2672/9964 2674/9965
f 2689/9963 2674/9965 2681/9966
f 2688/9967 2691/9968 2554/9969
f 2688/9967 2554/9969 2690/9970
f 2691/9971 2688/9972 2516/9973
f 2691/9971 2516/9973 2518/9974
f 2691/9975 2518/9976 2693/9977
f 2691/9975 2693/9977 2692/9978
f 2691/9979 2692/9980 2551/9981
f 2691/9979 2551/9981 2554/9982
f 2692/9983 2693/9984 2695/9985
f 2692/9983 2695/9985 2694/9986
f 2692/9987 2694/9988 2545/9989
f 2692/9987 2545/9989 2551/9990
f 2695/9991 2538/9992 2540/9993
f 2695/9991 2540/9993 2694/9994
f 2519/9995 2523/9996 2695/9997
f 2519/9995 2695/9997 2693/9998
f 2523/9999 2525/10000 2538/10001
f 2523/9999 2538/10001 2695/10002
f 2508/10003 2510/10004 2686/10005
f 2508/10003 2686/10005 2683/10006
f 2696/10007 2684/10008 2680/10009
f 2696/10007 2680/10009 2701/10010
f 2698/10011 2697/10012 2684/10013
f 2698/10011 2684/10013 2696/10014
f 2504/10015 2506/10016 2697/10017
f 2504/10015 2697/10017 2698/10018
f 2506/10019 2508/10020 2683/10021
f 2506/10019 2683/10021 2697/10022
f 2502/10023 2504/10024 2698/10025
f 2502/10023 2698/10025 2699/10026
f 2699/10027 2698/10028 2696/10029
f 2699/10027 2696/10029 2700/10030
f 2329/10031 2699/10032 2700/10033
f 2329/10031 2700/10033 2323/10034
f 2500/10035 2502/10036 2699/10037
f 2500/10035 2699/10037 2329/10038
f 2696/10039 2701/10040 2319/10041
f 2696/10039 2319/10041 2700/10042
f 2680/10043 2678/10044 2315/10045
f 2680/10043 2315/10045 2701/10046
f 2281/10047 2676/10048 2670/10049
f 2281/10047 2670/10049 2279/10050
f 2285/10051 2312/10052 2676/10053
f 2285/10051 2676/10053 2281/10054
f 2287/10055 2300/10056 2304/10057
f 2287/10055 2304/10057 2284/10058
f 2278/10059 2702/10060 2290/10061
f 2278/10059 2290/10061 2282/10062
f 2702/10063 2704/10064 2703/10065
f 2702/10063 2703/10065 2290/10066
f 2703/10067 2250/10068 2705/10069
f 2703/10067 2705/10069 2289/10070
f 2250/10071 2703/10072 2704/10073
f 2250/10071 2704/10073 2252/10074
f 2264/10075 2257/10076 2704/10077
f 2264/10075 2704/10077 2702/10078
f 2275/10079 2264/10080 2702/10081
f 2275/10079 2702/10081 2278/10082
f 2209/10083 2211/10084 2012/10085
f 2209/10083 2012/10085 2014/10086
f 2206/10087 2209/10088 2014/10089
f 2206/10087 2014/10089 2016/10090
f 2202/10091 2206/10092 2016/10093
f 2202/10091 2016/10093 2706/10094
f 2706/10095 2707/10096 2200/10097
f 2706/10095 2200/10097 2202/10098
f 2017/10099 2035/10100 2707/10101
f 2017/10099 2707/10101 2706/10102
f 2707/10103 2036/10104 2198/10105
f 2707/10103 2198/10105 2200/10106
f 2036/10107 2038/10108 2708/10109
f 2036/10107 2708/10109 2198/10110
f 2708/10111 2060/10112 2062/10113
f 2708/10111 2062/10113 2197/10114
f 2060/10115 2708/10116 2038/10117
f 2060/10115 2038/10117 2040/10118
f 2709/10119 2195/10120 2197/10121
f 2709/10119 2197/10121 2062/10122
f 2078/10123 2080/10124 2195/10125
f 2078/10123 2195/10125 2709/10126
f 2070/10127 2078/10128 2709/10129
f 2070/10127 2709/10129 2063/10130
f 2180/10131 2092/10132 2105/10133
f 2180/10131 2105/10133 2107/10134
f 2035/10135 2017/10136 2019/10137
f 2035/10135 2019/10137 2032/10138
f 79/10139 2712/10140 1961/10141
f 79/10139 1961/10141 2710/10142
f 2712/10143 2714/10144 2711/10145
f 2712/10143 2711/10145 1961/10146
f 77/10147 2713/10148 2712/10149
f 77/10147 2712/10149 79/10150
f 2713/10151 2716/10152 2714/10153
f 2713/10151 2714/10153 2712/10154
f 2714/10155 2715/10156 2785/10157
f 2714/10155 2785/10157 2711/10158
f 2716/10159 2718/10160 2715/10161
f 2716/10159 2715/10161 2714/10162
f 2717/10163 2719/10164 2718/10165
f 2717/10163 2718/10165 2716/10166
f 2727/10167 2717/10168 2716/10169
f 2727/10167 2716/10169 2713/10170
f 2718/10171 1949/10172 2784/10173
f 2718/10171 2784/10173 2715/10174
f 2719/10175 1947/10176 1949/10177
f 2719/10175 1949/10177 2718/10178
f 2722/10179 2720/10180 2719/10181
f 2722/10179 2719/10181 2717/10182
f 2720/10183 1945/10184 1947/10185
f 2720/10183 1947/10185 2719/10186
f 2723/10187 2721/10188 2720/10189
f 2723/10187 2720/10189 2722/10190
f 2721/10191 2778/10192 1945/10193
f 2721/10191 1945/10193 2720/10194
f 2724/10195 2722/10196 2717/10197
f 2724/10195 2717/10197 2727/10198
f 2725/10199 2723/10200 2722/10201
f 2725/10199 2722/10201 2724/10202
f 2728/10203 2725/10204 2724/10205
f 2728/10203 2724/10205 2726/10206
f 2726/10207 2724/10208 2727/10209
f 2726/10207 2727/10209 75/10210
f 75/10211 2727/10212 2713/10213
f 75/10211 2713/10213 77/10214
f 2726/10215 74/10216 2730/10217
f 2726/10215 2730/10217 2728/10218
f 2728/10219 2730/10220 2732/10221
f 2728/10219 2732/10221 2729/10222
f 2729/10223 2771/10224 2725/10225
f 2729/10223 2725/10225 2728/10226
f 74/10227 72/10228 2731/10229
f 74/10227 2731/10229 2730/10230
f 2730/10231 2731/10232 2734/10233
f 2730/10231 2734/10233 2732/10234
f 2729/10235 2732/10236 2733/10237
f 2729/10235 2733/10237 2768/10238
f 2732/10239 2734/10240 2736/10241
f 2732/10239 2736/10241 2733/10242
f 2731/10243 2783/10244 2735/10245
f 2731/10243 2735/10245 2734/10246
f 2734/10247 2735/10248 2738/10249
f 2734/10247 2738/10249 2736/10250
f 2736/10251 2738/10252 2739/10253
f 2736/10251 2739/10253 2737/10254
f 2733/10255 2736/10256 2737/10257
f 2733/10255 2737/10257 2769/10258
f 2741/10259 2739/10260 2738/10261
f 2741/10259 2738/10261 2740/10262
f 2740/10263 2738/10264 2735/10265
f 2740/10263 2735/10265 58/10266
f 2743/10267 2741/10268 2740/10269
f 2743/10267 2740/10269 57/10270
f 2742/10271 2746/10272 2739/10273
f 2742/10271 2739/10273 2741/10274
f 2745/10275 2742/10276 2741/10277
f 2745/10275 2741/10277 2743/10278
f 2744/10279 2743/10280 57/10281
f 2744/10279 57/10281 51/10282
f 33/10283 2745/10284 2743/10285
f 33/10283 2743/10285 2744/10286
f 28/10287 26/10288 2742/10289
f 28/10287 2742/10289 2745/10290
f 26/10291 2748/10292 2746/10293
f 26/10291 2746/10293 2742/10294
f 2747/10295 2746/10296 2748/10297
f 2747/10295 2748/10297 2749/10298
f 2737/10299 2739/10300 2746/10301
f 2737/10299 2746/10301 2747/10302
f 2749/10303 2748/10304 25/10305
f 2749/10303 25/10305 2751/10306
f 2770/10307 2747/10308 2749/10309
f 2770/10307 2749/10309 2750/10310
f 2750/10311 2749/10312 2751/10313
f 2750/10311 2751/10313 2753/10314
f 2751/10315 25/10316 18/10317
f 2751/10315 18/10317 2752/10318
f 2753/10319 2751/10320 2752/10321
f 2753/10319 2752/10321 2754/10322
f 2758/10323 2750/10324 2753/10325
f 2758/10323 2753/10325 2755/10326
f 2755/10327 2753/10328 2754/10329
f 2755/10327 2754/10329 2756/10330
f 2756/10331 2779/10332 2757/10333
f 2756/10331 2757/10333 2755/10334
f 2755/10335 2757/10336 2760/10337
f 2755/10335 2760/10337 2758/10338
f 2758/10339 2760/10340 2762/10341
f 2758/10339 2762/10341 2759/10342
f 2759/10343 2770/10344 2750/10345
f 2759/10343 2750/10345 2758/10346
f 2757/10347 1914/10348 2761/10349
f 2757/10347 2761/10349 2760/10350
f 2760/10351 2761/10352 2763/10353
f 2760/10351 2763/10353 2762/10354
f 2762/10355 2763/10356 2765/10357
f 2762/10355 2765/10357 2764/10358
f 2759/10359 2762/10360 2764/10361
f 2759/10359 2764/10361 2767/10362
f 2764/10363 2765/10364 2772/10365
f 2764/10363 2772/10365 2766/10366
f 2767/10367 2764/10368 2766/10369
f 2767/10367 2766/10369 2768/10370
f 2768/10371 2733/10372 2769/10373
f 2768/10371 2769/10373 2767/10374
f 2767/10375 2769/10376 2770/10377
f 2767/10375 2770/10377 2759/10378
f 2769/10379 2737/10380 2747/10381
f 2769/10379 2747/10381 2770/10382
f 2768/10383 2766/10384 2771/10385
f 2768/10383 2771/10385 2729/10386
f 2766/10387 2772/10388 2774/10389
f 2766/10387 2774/10389 2771/10390
f 2765/10391 1924/10392 2773/10393
f 2765/10391 2773/10393 2772/10394
f 2772/10395 2773/10396 2775/10397
f 2772/10395 2775/10397 2774/10398
f 2774/10399 2775/10400 2721/10401
f 2774/10399 2721/10401 2723/10402
f 2771/10403 2774/10404 2723/10405
f 2771/10403 2723/10405 2725/10406
f 2773/10407 1925/10408 2776/10409
f 2773/10407 2776/10409 2775/10410
f 2775/10411 2776/10412 2778/10413
f 2775/10411 2778/10413 2721/10414
f 2777/10415 2776/10416 1925/10417
f 2777/10415 1925/10417 1927/10418
f 1941/10419 2778/10420 2776/10421
f 1941/10419 2776/10421 2777/10422
f 2763/10423 1922/10424 1924/10425
f 2763/10423 1924/10425 2765/10426
f 2761/10427 1915/10428 1922/10429
f 2761/10427 1922/10429 2763/10430
f 2779/10431 1907/10432 1914/10433
f 2779/10431 1914/10433 2757/10434
f 2780/10435 1908/10436 2779/10437
f 2780/10435 2779/10437 2756/10438
f 2756/10439 2754/10440 2781/10441
f 2756/10439 2781/10441 2780/10442
f 2780/10443 2781/10444 2782/10445
f 2780/10443 2782/10445 1898/10446
f 2780/10447 1898/10448 1900/10449
f 2780/10447 1900/10449 1908/10450
f 2754/10451 2752/10452 19/10453
f 2754/10451 19/10453 2781/10454
f 2781/10455 19/10456 16/10457
f 2781/10455 16/10457 2782/10458
f 2782/10459 16/10460 13/10461
f 2782/10459 13/10461 1897/10462
f 58/10463 2735/10464 2783/10465
f 58/10463 2783/10465 60/10466
f 72/10467 65/10468 2783/10469
f 72/10467 2783/10469 2731/10470
f 2715/10471 2784/10472 2787/10473
f 2715/10471 2787/10473 2785/10474
f 2711/10475 2785/10476 2786/10477
f 2711/10475 2786/10477 1957/10478
f 2787/10479 2788/10480 2786/10481
f 2787/10479 2786/10481 2785/10482
f 2788/10483 2787/10484 2784/10485
f 2788/10483 2784/10485 1950/10486
f 2786/10487 2788/10488 1950/10489
f 2786/10487 1950/10489 1952/10490
f 93/10491 3110/10492 80/10493
f 93/10491 80/10493 2710/10494
f 1897/10495 13/10496 10/10497
f 1897/10495 10/10497 1891/10498
f 1879/10499 4/10500 6/10501
f 1879/10499 6/10501 2790/10502
f 2791/10503 1877/10504 1879/10505
f 2791/10503 1879/10505 2790/10506
f 2794/10507 2791/10508 2790/10509
f 2794/10507 2790/10509 2792/10510
f 2790/10511 6/10512 9/10513
f 2790/10511 9/10513 2792/10514
f 2796/10515 2794/10516 2792/10517
f 2796/10515 2792/10517 2793/10518
f 2792/10519 9/10520 12/10521
f 2792/10519 12/10521 2793/10522
f 2794/10523 2795/10524 1793/10525
f 2794/10523 1793/10525 2791/10526
f 2796/10527 2798/10528 2795/10529
f 2796/10527 2795/10529 2794/10530
f 2797/10531 2796/10532 2793/10533
f 2797/10531 2793/10533 2808/10534
f 2797/10535 2799/10536 2798/10537
f 2797/10535 2798/10537 2796/10538
f 2799/10539 2801/10540 2800/10541
f 2799/10539 2800/10541 2798/10542
f 2798/10543 2800/10544 1789/10545
f 2798/10543 1789/10545 2795/10546
f 1784/10547 2800/10548 2801/10549
f 1784/10547 2801/10549 1781/10550
f 2804/10551 2802/10552 2801/10553
f 2804/10551 2801/10553 2799/10554
f 1781/10555 2801/10556 2802/10557
f 1781/10555 2802/10557 1778/10558
f 2803/10559 1775/10560 1778/10561
f 2803/10559 1778/10561 2802/10562
f 2806/10563 2803/10564 2802/10565
f 2806/10563 2802/10565 2804/10566
f 2805/10567 2804/10568 2799/10569
f 2805/10567 2799/10569 2797/10570
f 30/10571 2806/10572 2804/10573
f 30/10571 2804/10573 2805/10574
f 31/10575 2807/10576 2803/10577
f 31/10575 2803/10577 2806/10578
f 2805/10579 2797/10580 2808/10581
f 2805/10579 2808/10581 21/10582
f 2805/10583 21/10584 23/10585
f 2805/10583 23/10585 30/10586
f 2807/10587 1773/10588 1775/10589
f 2807/10587 1775/10589 2803/10590
f 35/10591 42/10592 1773/10593
f 35/10591 1773/10593 2807/10594
f 2793/10595 12/10596 15/10597
f 2793/10595 15/10597 2808/10598
f 2791/10599 1793/10600 1795/10601
f 2791/10599 1795/10601 1877/10602
f 1800/10603 1802/10604 1875/10605
f 1800/10603 1875/10605 1798/10606
f 1813/10607 2810/10608 1866/10609
f 1813/10607 1866/10609 1868/10610
f 2809/10611 1866/10612 2810/10613
f 2809/10611 2810/10613 2811/10614
f 2811/10615 2810/10616 1817/10617
f 2811/10615 1817/10617 2812/10618
f 2815/10619 2809/10620 2811/10621
f 2815/10619 2811/10621 2813/10622
f 2813/10623 2811/10624 2812/10625
f 2813/10623 2812/10625 2814/10626
f 2816/10627 1847/10628 2813/10629
f 2816/10627 2813/10629 2814/10630
f 1847/10631 1849/10632 2815/10633
f 1847/10631 2815/10633 2813/10634
f 1849/10635 1851/10636 1858/10637
f 1849/10635 1858/10637 2815/10638
f 1858/10639 1860/10640 2809/10641
f 1858/10639 2809/10641 2815/10642
f 2814/10643 2812/10644 1821/10645
f 2814/10643 1821/10645 1828/10646
f 1831/10647 2816/10648 2814/10649
f 1831/10647 2814/10649 1828/10650
f 1831/10651 1834/10652 1841/10653
f 1831/10651 1841/10653 2816/10654
f 1852/10655 2820/10656 2817/10657
f 1852/10655 2817/10657 1855/10658
f 2817/10659 2818/10660 1855/10661
f 1854/10662 2818/10663 2817/10664
f 1854/10662 2817/10664 2819/10665
f 2819/10666 2817/10667 2820/10668
f 2819/10666 2820/10668 2822/10669
f 1844/10670 2821/10671 2820/10672
f 1844/10670 2820/10672 1852/10673
f 2822/10674 2820/10675 2821/10676
f 2822/10674 2821/10676 2823/10677
f 2824/10678 2822/10679 2823/10680
f 2824/10678 2823/10680 2827/10681
f 2826/10682 2819/10683 2822/10684
f 2826/10682 2822/10684 2824/10685
f 2827/10686 2828/10687 2825/10688
f 2827/10686 2825/10688 2824/10689
f 2824/10690 2825/10691 1658/10692
f 2824/10690 1658/10692 2826/10693
f 2829/10694 2830/10695 2828/10696
f 2829/10694 2828/10696 2827/10697
f 2827/10698 2823/10699 2832/10700
f 2827/10698 2832/10700 2829/10701
f 2831/10702 2841/10703 2830/10704
f 2831/10702 2830/10704 2829/10705
f 2829/10706 2832/10707 2833/10708
f 2829/10706 2833/10708 2831/10709
f 2832/10710 1845/10711 1842/10712
f 2832/10710 1842/10712 2833/10713
f 2823/10714 2821/10715 1845/10716
f 2823/10714 1845/10716 2832/10717
f 2833/10718 1842/10719 1839/10720
f 2833/10718 1839/10720 2834/10721
f 2831/10722 2833/10723 2834/10724
f 2831/10722 2834/10724 2836/10725
f 2834/10726 1839/10727 1836/10728
f 2834/10726 1836/10728 2835/10729
f 2836/10730 2834/10731 2835/10732
f 2836/10730 2835/10732 2837/10733
f 2837/10734 2840/10735 2838/10736
f 2837/10734 2838/10736 2836/10737
f 2836/10738 2838/10739 2841/10740
f 2836/10738 2841/10740 2831/10741
f 2838/10742 2839/10743 2842/10744
f 2838/10742 2842/10744 2841/10745
f 2840/10746 2844/10747 2839/10748
f 2840/10746 2839/10748 2838/10749
f 2841/10750 2842/10751 1667/10752
f 2841/10750 1667/10752 2830/10753
f 2842/10754 2839/10755 2894/10756
f 2842/10754 2894/10756 1668/10757
f 2892/10758 2843/10759 2840/10760
f 2892/10758 2840/10760 2837/10761
f 2843/10762 2846/10763 2844/10764
f 2843/10762 2844/10764 2840/10765
f 2839/10766 2844/10767 2845/10768
f 2839/10766 2845/10768 2894/10769
f 2848/10770 2845/10771 2844/10772
f 2848/10770 2844/10772 2846/10773
f 2846/10774 2843/10775 2850/10776
f 2846/10774 2850/10776 2847/10777
f 2847/10778 2849/10779 2848/10780
f 2847/10778 2848/10780 2846/10781
f 1684/10782 1682/10783 2848/10784
f 1684/10782 2848/10784 2849/10785
f 1682/10786 1680/10787 2845/10788
f 1682/10786 2845/10788 2848/10789
f 1688/10790 2849/10791 2847/10792
f 1688/10790 2847/10792 2851/10793
f 2847/10794 2850/10795 2852/10796
f 2847/10794 2852/10796 2851/10797
f 2851/10798 2852/10799 2853/10800
f 2851/10798 2853/10800 1692/10801
f 2852/10802 2854/10803 2855/10804
f 2852/10802 2855/10804 2853/10805
f 2850/10806 2856/10807 2854/10808
f 2850/10806 2854/10808 2852/10809
f 2854/10810 2857/10811 1710/10812
f 2854/10810 1710/10812 2855/10813
f 2856/10814 2858/10815 2857/10816
f 2856/10814 2857/10816 2854/10817
f 2857/10818 2859/10819 1712/10820
f 2857/10818 1712/10820 1710/10821
f 2858/10822 2860/10823 2859/10824
f 2858/10822 2859/10824 2857/10825
f 2861/10826 2859/10827 2860/10828
f 2861/10826 2860/10828 2862/10829
f 1714/10830 1712/10831 2859/10832
f 1714/10830 2859/10832 2861/10833
f 2863/10834 2861/10835 2862/10836
f 2863/10834 2862/10836 2865/10837
f 1718/10838 1714/10839 2861/10840
f 1718/10838 2861/10840 2863/10841
f 2889/10842 1718/10843 2863/10844
f 2889/10842 2863/10844 2864/10845
f 2864/10846 2863/10847 2865/10848
f 2864/10846 2865/10848 2866/10849
f 2866/10850 2865/10851 1833/10852
f 2866/10850 1833/10852 1830/10853
f 2865/10854 2862/10855 1837/10856
f 2865/10854 1837/10856 1833/10857
f 1830/10858 1827/10859 2867/10860
f 1830/10858 2867/10860 2866/10861
f 2866/10862 2867/10863 2868/10864
f 2866/10862 2868/10864 2864/10865
f 2867/10866 2869/10867 2870/10868
f 2867/10866 2870/10868 2868/10869
f 1827/10870 1825/10871 2869/10872
f 1827/10870 2869/10872 2867/10873
f 2869/10874 2871/10875 2872/10876
f 2869/10874 2872/10876 2870/10877
f 1825/10878 1823/10879 2871/10880
f 1825/10878 2871/10880 2869/10881
f 2873/10882 2871/10883 1823/10884
f 2873/10882 1823/10884 2876/10885
f 2874/10886 2872/10887 2871/10888
f 2874/10886 2871/10888 2873/10889
f 2883/10890 2874/10891 2873/10892
f 2883/10890 2873/10892 2875/10893
f 2875/10894 2873/10895 2876/10896
f 2875/10894 2876/10896 2877/10897
f 2877/10898 2876/10899 1819/10900
f 2877/10898 1819/10900 2878/10901
f 2881/10902 2875/10903 2877/10904
f 2881/10902 2877/10904 2879/10905
f 2879/10906 2877/10907 2878/10908
f 2879/10906 2878/10908 2880/10909
f 2879/10910 2880/10911 1780/10912
f 2879/10910 1780/10912 1777/10913
f 2879/10914 1777/10915 1770/10916
f 2879/10914 1770/10916 2881/10917
f 1771/10918 2883/10919 2875/10920
f 1771/10918 2875/10920 2881/10921
f 2880/10922 2882/10923 1783/10924
f 2880/10922 1783/10924 1780/10925
f 2880/10926 2878/10927 1815/10928
f 2880/10926 1815/10928 2882/10929
f 2882/10930 1811/10931 1787/10932
f 2882/10930 1787/10932 1783/10933
f 1762/10934 1760/10935 2883/10936
f 1762/10934 2883/10936 1771/10937
f 1760/10938 1758/10939 2874/10940
f 1760/10938 2874/10940 2883/10941
f 1758/10942 2884/10943 2872/10944
f 1758/10942 2872/10944 2874/10945
f 2870/10946 2872/10947 2884/10948
f 2870/10946 2884/10948 2885/10949
f 2885/10950 2884/10951 1754/10952
f 2885/10950 1754/10952 2887/10953
f 2868/10954 2870/10955 2885/10956
f 2868/10954 2885/10956 2886/10957
f 2886/10958 2885/10959 2887/10960
f 2886/10958 2887/10960 2888/10961
f 2888/10962 2887/10963 1751/10964
f 2888/10962 1751/10964 1722/10965
f 2889/10966 2886/10967 2888/10968
f 2889/10966 2888/10968 1717/10969
f 2864/10970 2868/10971 2886/10972
f 2864/10970 2886/10972 2889/10973
f 2862/10974 2860/10975 2890/10976
f 2862/10974 2890/10976 1837/10977
f 2891/10978 2890/10979 2860/10980
f 2891/10978 2860/10980 2858/10981
f 2835/10982 1836/10983 2890/10984
f 2835/10982 2890/10984 2891/10985
f 2892/10986 2891/10987 2858/10988
f 2892/10986 2858/10988 2856/10989
f 2837/10990 2835/10991 2891/10992
f 2837/10990 2891/10992 2892/10993
f 2843/10994 2892/10995 2856/10996
f 2843/10994 2856/10996 2850/10997
f 2853/10998 2855/10999 1706/11000
f 2853/10998 1706/11000 2893/11001
f 1692/11002 2853/11003 2893/11004
f 1692/11002 2893/11004 1694/11005
f 1680/11006 1678/11007 2894/11008
f 1680/11006 2894/11008 2845/11009
f 1678/11010 1670/11011 1668/11012
f 1678/11010 1668/11012 2894/11013
f 2830/11014 1667/11015 1664/11016
f 2830/11014 1664/11016 2828/11017
f 2828/11018 1664/11019 1657/11020
f 2828/11018 1657/11020 2825/11021
f 753/11022 1854/11023 2819/11024
f 753/11022 2819/11024 2826/11025
f 1648/11026 1646/11027 764/11028
f 1648/11026 764/11028 762/11029
f 1642/11030 1638/11031 771/11032
f 1642/11030 771/11032 769/11033
f 774/11034 1636/11035 1634/11036
f 774/11034 1634/11036 2896/11037
f 2897/11038 2896/11039 1634/11040
f 2897/11038 1634/11040 2895/11041
f 2898/11042 2896/11043 2897/11044
f 2898/11042 2897/11044 1613/11045
f 774/11046 2896/11047 2898/11048
f 774/11046 2898/11048 776/11049
f 2899/11050 2898/11051 1613/11052
f 2899/11050 1613/11052 1611/11053
f 776/11054 2898/11055 2899/11056
f 776/11054 2899/11056 778/11057
f 2899/11058 2900/11059 782/11060
f 2899/11058 782/11060 778/11061
f 787/11062 2900/11063 2899/11064
f 787/11062 2899/11064 1590/11065
f 2899/11066 2901/11067 1592/11068
f 2899/11066 1592/11068 1590/11069
f 2899/11070 1611/11071 1609/11072
f 2899/11070 1609/11072 2901/11073
f 2901/11074 1609/11075 1594/11076
f 2901/11074 1594/11076 1592/11077
f 2902/11078 1614/11079 2897/11080
f 2902/11078 2897/11080 2895/11081
f 1630/11082 1626/11083 2902/11084
f 1630/11082 2902/11084 2895/11085
f 1623/11086 2903/11087 2904/11088
f 1623/11086 2904/11088 2905/11089
f 2904/11090 2906/11091 2908/11092
f 2904/11090 2908/11092 2905/11093
f 2907/11094 222/11095 2908/11096
f 2907/11094 2908/11096 2906/11097
f 2905/11098 2908/11099 223/11100
f 2905/11098 223/11100 230/11101
f 2909/11102 216/11103 222/11104
f 2909/11102 222/11104 2907/11105
f 1623/11106 2905/11107 230/11108
f 1623/11106 230/11108 1621/11109
f 1587/11110 1376/11111 2911/11112
f 1587/11110 2911/11112 792/11113
f 1362/11114 1365/11115 1369/11116
f 1362/11114 1369/11116 2910/11117
f 796/11118 2911/11119 1372/11120
f 796/11118 1372/11120 2912/11121
f 800/11122 2912/11123 1371/11124
f 800/11122 1371/11124 1332/11125
f 802/11126 800/11127 1332/11128
f 802/11126 1332/11128 1330/11129
f 806/11130 802/11131 1330/11132
f 806/11130 1330/11132 1328/11133
f 1318/11134 806/11135 1328/11136
f 1318/11134 1328/11136 1320/11137
f 1290/11138 831/11139 823/11140
f 1290/11138 823/11140 1293/11141
f 1284/11142 2914/11143 831/11144
f 1284/11142 831/11144 1290/11145
f 1283/11146 2915/11147 830/11148
f 1283/11146 830/11148 2914/11149
f 1281/11150 2917/11151 2915/11152
f 1281/11150 2915/11152 1283/11153
f 2915/11154 2916/11155 833/11156
f 2915/11154 833/11156 830/11157
f 2917/11158 1111/11159 2916/11160
f 2917/11158 2916/11160 2915/11161
f 1279/11162 2918/11163 2917/11164
f 1279/11162 2917/11164 1281/11165
f 2918/11166 1113/11167 1111/11168
f 2918/11166 1111/11168 2917/11169
f 1187/11170 1118/11171 2918/11172
f 1187/11170 2918/11172 1279/11173
f 2916/11174 1106/11175 835/11176
f 2916/11174 835/11176 833/11177
f 2919/11178 1104/11179 1092/11180
f 2919/11178 1092/11180 1090/11181
f 840/11182 2919/11183 1090/11184
f 840/11182 1090/11184 846/11185
f 2920/11186 948/11187 950/11188
f 2920/11186 950/11188 725/11189
f 2921/11190 946/11191 948/11192
f 2921/11190 948/11192 2920/11193
f 2922/11194 2923/11195 2921/11196
f 2922/11194 2921/11196 2920/11197
f 2920/11198 725/11199 727/11200
f 2920/11198 727/11200 2922/11201
f 2922/11202 727/11203 729/11204
f 2922/11202 729/11204 741/11205
f 743/11206 2925/11207 2923/11208
f 743/11206 2923/11208 2922/11209
f 743/11206 2922/11209 741/11210
f 2921/11211 2923/11212 2924/11213
f 2921/11211 2924/11213 2967/11214
f 2923/11215 2925/11216 2927/11217
f 2923/11215 2927/11217 2924/11218
f 747/11219 2926/11220 2925/11221
f 747/11219 2925/11221 743/11222
f 2925/11223 2926/11224 2928/11225
f 2925/11223 2928/11225 2927/11226
f 2927/11227 2928/11228 2931/11229
f 2927/11227 2931/11229 2929/11230
f 2924/11231 2927/11232 2929/11233
f 2924/11231 2929/11233 2930/11234
f 2930/11235 2929/11236 2932/11237
f 2930/11235 2932/11237 2934/11238
f 2929/11239 2931/11240 2933/11241
f 2929/11239 2933/11241 2932/11242
f 922/11243 2934/11244 2932/11245
f 922/11243 2932/11245 2933/11246
f 2966/11247 2930/11248 2934/11249
f 2966/11247 2934/11249 921/11250
f 919/11251 922/11252 2933/11253
f 919/11251 2933/11253 2935/11254
f 2931/11255 2936/11256 2935/11257
f 2931/11255 2935/11257 2933/11258
f 916/11259 919/11260 2935/11261
f 916/11259 2935/11261 2937/11262
f 2936/11263 2938/11264 2937/11265
f 2936/11263 2937/11265 2935/11266
f 916/11267 2937/11268 2938/11269
f 916/11267 2938/11269 2940/11270
f 2940/11271 2938/11272 2939/11273
f 2940/11271 2939/11273 2941/11274
f 2948/11275 2939/11276 2938/11277
f 2948/11275 2938/11277 2936/11278
f 917/11279 2940/11280 2941/11281
f 917/11279 2941/11281 2942/11282
f 2942/11283 2941/11284 2943/11285
f 2942/11283 2943/11285 2945/11286
f 2941/11287 2939/11288 2946/11289
f 2941/11287 2946/11289 2943/11290
f 2944/11291 2943/11292 2946/11293
f 2944/11291 2946/11293 752/11294
f 2944/11291 752/11294 757/11295
f 2949/11296 2945/11297 2943/11298
f 2949/11296 2943/11298 2944/11299
f 2947/11300 2946/11301 2939/11302
f 2947/11300 2939/11302 2948/11303
f 752/11304 2946/11305 2947/11306
f 752/11304 2947/11306 750/11307
f 2947/11308 2926/11309 747/11310
f 2947/11308 747/11310 750/11311
f 2926/11312 2947/11313 2948/11314
f 2926/11312 2948/11314 2928/11315
f 2928/11316 2948/11317 2936/11318
f 2928/11316 2936/11318 2931/11319
f 2945/11320 880/11321 882/11322
f 2945/11320 882/11322 2942/11323
f 2945/11324 2949/11325 2951/11326
f 2945/11324 2951/11326 880/11327
f 2950/11328 2949/11329 2944/11330
f 2950/11328 2944/11330 2964/11331
f 2951/11332 2949/11333 2950/11334
f 2951/11332 2950/11334 2952/11335
f 2953/11336 879/11337 2951/11338
f 2953/11336 2951/11338 2952/11339
f 2957/11340 2953/11341 2952/11342
f 2957/11340 2952/11342 2954/11343
f 2950/11344 2955/11345 2954/11346
f 2950/11344 2954/11346 2952/11347
f 2954/11348 2955/11349 2958/11350
f 2954/11348 2958/11350 2956/11351
f 798/11352 2957/11353 2954/11354
f 798/11352 2954/11354 2956/11355
f 803/11356 2965/11357 2953/11358
f 803/11356 2953/11358 2957/11359
f 2956/11360 2958/11361 2959/11362
f 2956/11360 2959/11362 794/11363
f 2959/11364 2958/11365 2960/11366
f 2959/11364 2960/11366 785/11367
f 2958/11368 2955/11369 2962/11370
f 2958/11368 2962/11370 2960/11371
f 785/11372 2960/11373 2961/11374
f 785/11372 2961/11374 781/11375
f 2960/11376 2962/11377 2963/11378
f 2960/11376 2963/11378 2961/11379
f 2964/11380 760/11381 2963/11382
f 2964/11380 2963/11382 2962/11383
f 2955/11384 2950/11385 2964/11386
f 2955/11384 2964/11386 2962/11387
f 760/11388 2964/11389 2944/11390
f 760/11388 2944/11390 757/11391
f 767/11392 2961/11393 2963/11394
f 767/11392 2963/11394 759/11395
f 779/11396 781/11397 2961/11398
f 779/11396 2961/11398 767/11399
f 2965/11400 877/11401 879/11402
f 2965/11400 879/11402 2953/11403
f 808/11404 875/11405 877/11406
f 808/11404 877/11406 2965/11407
f 882/11408 885/11409 917/11410
f 882/11408 917/11410 2942/11411
f 2967/11412 2924/11413 2930/11414
f 2967/11412 2930/11414 2966/11415
f 2967/11416 2966/11417 2968/11418
f 2967/11416 2968/11418 2969/11419
f 926/11420 928/11421 2968/11422
f 926/11420 2968/11422 2966/11423
f 926/11420 2966/11423 921/11424
f 941/11425 2969/11426 2968/11427
f 941/11425 2968/11427 934/11428
f 2921/11429 2967/11430 2969/11431
f 2921/11429 2969/11431 946/11432
f 654/11433 652/11434 622/11435
f 654/11433 622/11435 620/11436
f 594/11437 597/11438 615/11439
f 594/11437 615/11439 617/11440
f 597/11441 609/11442 611/11443
f 597/11441 611/11443 615/11444
f 261/11445 253/11446 251/11447
f 261/11445 251/11447 602/11448
f 564/11449 557/11450 2973/11451
f 564/11449 2973/11451 2970/11452
f 2970/11453 2972/11454 301/11455
f 2970/11453 301/11455 564/11456
f 2971/11457 2977/11458 2972/11459
f 2971/11457 2972/11459 2970/11460
f 2970/11461 2973/11462 2974/11463
f 2970/11461 2974/11463 2971/11464
f 2973/11465 558/11466 2975/11467
f 2973/11465 2975/11467 2974/11468
f 2971/11469 2974/11470 2976/11471
f 2971/11469 2976/11471 2977/11472
f 2974/11473 2975/11474 2979/11475
f 2974/11473 2979/11475 2976/11476
f 2977/11477 2976/11478 2978/11479
f 2977/11477 2978/11479 3002/11480
f 2976/11481 2979/11482 2981/11483
f 2976/11481 2981/11483 2978/11484
f 2975/11485 3083/11486 2980/11487
f 2975/11485 2980/11487 2979/11488
f 2979/11489 2980/11490 2983/11491
f 2979/11489 2983/11491 2981/11492
f 2978/11493 2981/11494 2982/11495
f 2978/11493 2982/11495 3000/11496
f 2981/11497 2983/11498 2984/11499
f 2981/11497 2984/11499 2982/11500
f 2983/11501 2985/11502 2986/11503
f 2983/11501 2986/11503 2984/11504
f 2980/11505 544/11506 2985/11507
f 2980/11505 2985/11507 2983/11508
f 2988/11509 2986/11510 2985/11511
f 2988/11509 2985/11511 540/11512
f 2984/11513 2986/11514 2987/11515
f 2984/11513 2987/11515 2989/11516
f 489/11517 2987/11518 2986/11519
f 489/11517 2986/11519 2988/11520
f 2989/11521 2987/11522 2990/11523
f 2989/11521 2990/11523 2992/11524
f 487/11525 2990/11526 2987/11527
f 487/11525 2987/11527 489/11528
f 485/11529 2991/11530 2990/11531
f 485/11529 2990/11531 487/11532
f 2992/11533 2990/11534 2991/11535
f 2992/11533 2991/11535 2993/11536
f 2994/11537 2992/11538 2993/11539
f 2994/11537 2993/11539 2995/11540
f 2997/11541 2989/11542 2992/11543
f 2997/11541 2992/11543 2994/11544
f 2996/11545 2994/11546 2995/11547
f 2996/11545 2995/11547 3007/11548
f 2998/11549 2997/11550 2994/11551
f 2998/11549 2994/11551 2996/11552
f 2982/11553 2984/11554 2989/11555
f 2982/11553 2989/11555 2997/11556
f 3000/11557 2982/11558 2997/11559
f 3000/11557 2997/11559 2998/11560
f 2999/11561 2998/11562 2996/11563
f 2999/11561 2996/11563 3004/11564
f 3001/11565 3000/11566 2998/11567
f 3001/11565 2998/11567 2999/11568
f 3002/11569 2978/11570 3000/11571
f 3002/11569 3000/11571 3001/11572
f 2999/11573 3004/11574 3003/11575
f 2999/11573 3003/11575 3001/11576
f 3001/11577 3003/11578 303/11579
f 3001/11577 303/11579 3002/11580
f 3004/11581 3005/11582 304/11583
f 3004/11581 304/11583 3003/11584
f 3004/11585 2996/11586 3007/11587
f 3004/11585 3007/11587 3005/11588
f 3006/11589 3078/11590 304/11591
f 3006/11589 304/11591 3005/11592
f 3005/11593 3007/11594 3008/11595
f 3005/11593 3008/11595 3006/11596
f 3007/11597 2995/11598 3010/11599
f 3007/11597 3010/11599 3008/11600
f 3006/11601 3008/11602 3009/11603
f 3006/11601 3009/11603 3080/11604
f 3008/11605 3010/11606 3011/11607
f 3008/11605 3011/11607 3009/11608
f 2995/11609 2993/11610 3012/11611
f 2995/11609 3012/11611 3010/11612
f 3010/11613 3012/11614 3013/11615
f 3010/11613 3013/11615 3011/11616
f 3012/11617 3014/11618 3015/11619
f 3012/11617 3015/11619 3013/11620
f 2993/11621 2991/11622 3014/11623
f 2993/11621 3014/11623 3012/11624
f 3017/11625 3015/11626 3014/11627
f 3017/11625 3014/11627 3016/11628
f 3016/11629 3014/11630 2991/11631
f 3016/11629 2991/11631 485/11632
f 3019/11633 3017/11634 3016/11635
f 3019/11633 3016/11635 481/11636
f 3018/11637 3072/11638 3015/11639
f 3018/11637 3015/11639 3017/11640
f 3020/11641 3018/11642 3017/11643
f 3020/11641 3017/11643 3019/11644
f 3022/11645 3020/11646 3019/11647
f 3022/11645 3019/11647 477/11648
f 3021/11649 3071/11650 3018/11651
f 3021/11649 3018/11651 3020/11652
f 3023/11653 3021/11654 3020/11655
f 3023/11653 3020/11655 3022/11656
f 3024/11657 3023/11658 3022/11659
f 3024/11657 3022/11659 473/11660
f 3025/11661 3023/11662 3024/11663
f 3025/11661 3024/11663 3027/11664
f 3025/11665 3028/11666 3021/11667
f 3025/11665 3021/11667 3023/11668
f 3026/11669 3029/11670 3028/11671
f 3026/11669 3028/11671 3025/11672
f 3030/11673 3026/11674 3025/11675
f 3030/11673 3025/11675 3027/11676
f 3028/11677 327/11678 3071/11679
f 3028/11677 3071/11679 3021/11680
f 3029/11681 329/11682 327/11683
f 3029/11681 327/11683 3028/11684
f 3034/11685 333/11686 3029/11687
f 3034/11685 3029/11687 3026/11688
f 468/11689 466/11690 3027/11691
f 468/11689 3027/11691 3024/11692
f 466/11693 3031/11694 3030/11695
f 466/11693 3030/11695 3027/11696
f 3031/11697 3033/11698 3032/11699
f 3031/11697 3032/11699 3030/11700
f 3032/11701 3034/11702 3026/11703
f 3032/11701 3026/11703 3030/11704
f 3033/11705 3036/11706 3035/11707
f 3033/11705 3035/11707 3032/11708
f 3037/11709 3034/11710 3032/11711
f 3037/11709 3032/11711 3035/11712
f 3036/11713 3040/11714 3038/11715
f 3036/11713 3038/11715 3035/11716
f 3038/11717 3041/11718 3037/11719
f 3038/11717 3037/11719 3035/11720
f 3040/11721 3043/11722 3039/11723
f 3040/11721 3039/11723 3038/11724
f 3039/11725 342/11726 3041/11727
f 3039/11725 3041/11727 3038/11728
f 3041/11729 337/11730 335/11731
f 3041/11729 335/11731 3037/11732
f 3066/11733 3042/11734 3040/11735
f 3066/11733 3040/11735 3036/11736
f 3042/11737 3045/11738 3043/11739
f 3042/11737 3043/11739 3040/11740
f 3043/11741 3044/11742 3070/11743
f 3043/11741 3070/11743 3039/11744
f 3045/11745 3047/11746 3044/11747
f 3045/11745 3044/11747 3043/11748
f 3054/11749 3046/11750 3045/11751
f 3054/11749 3045/11751 3042/11752
f 3046/11753 3048/11754 3047/11755
f 3046/11753 3047/11755 3045/11756
f 3048/11757 364/11758 3049/11759
f 3048/11757 3049/11759 3047/11760
f 3047/11761 3049/11762 3050/11763
f 3047/11761 3050/11763 3044/11764
f 3049/11765 358/11766 351/11767
f 3049/11765 351/11767 3050/11768
f 3044/11769 3050/11770 352/11771
f 3044/11769 352/11771 3070/11772
f 3048/11773 3046/11774 3052/11775
f 3048/11773 3052/11775 3051/11776
f 364/11777 3048/11778 3051/11779
f 364/11777 3051/11779 366/11780
f 3051/11781 3052/11782 380/11783
f 3051/11781 380/11783 377/11784
f 366/11785 3051/11786 377/11787
f 366/11785 377/11787 368/11788
f 3052/11789 3053/11790 3056/11791
f 3052/11789 3056/11791 380/11792
f 3046/11793 3054/11794 3053/11795
f 3046/11793 3053/11795 3052/11796
f 3054/11797 3064/11798 3055/11799
f 3054/11797 3055/11799 3053/11800
f 3053/11801 3055/11802 3057/11803
f 3053/11801 3057/11803 3056/11804
f 3056/11805 3057/11806 3058/11807
f 3056/11805 3058/11807 379/11808
f 3057/11809 3059/11810 3060/11811
f 3057/11809 3060/11811 3058/11812
f 3055/11813 3062/11814 3059/11815
f 3055/11813 3059/11815 3057/11816
f 3059/11817 3061/11818 3067/11819
f 3059/11817 3067/11819 3060/11820
f 3062/11821 461/11822 3061/11823
f 3062/11821 3061/11823 3059/11824
f 3063/11825 463/11826 461/11827
f 3063/11825 461/11827 3062/11828
f 3064/11829 3063/11830 3062/11831
f 3064/11829 3062/11831 3055/11832
f 3063/11833 3064/11834 3066/11835
f 3063/11833 3066/11835 3065/11836
f 463/11837 3063/11838 3065/11839
f 463/11837 3065/11839 465/11840
f 465/11841 3065/11842 3033/11843
f 465/11841 3033/11843 3031/11844
f 3065/11845 3066/11846 3036/11847
f 3065/11845 3036/11847 3033/11848
f 3064/11849 3054/11850 3042/11851
f 3064/11849 3042/11851 3066/11852
f 3061/11853 457/11854 3068/11855
f 3061/11853 3068/11855 3067/11856
f 3060/11857 3067/11858 396/11859
f 3060/11857 396/11859 394/11860
f 3067/11861 3068/11862 398/11863
f 3067/11861 398/11863 396/11864
f 3068/11865 453/11866 402/11867
f 3068/11865 402/11867 398/11868
f 3058/11869 3060/11870 394/11871
f 3058/11869 394/11871 3069/11872
f 379/11873 3058/11874 3069/11875
f 379/11873 3069/11875 382/11876
f 390/11877 385/11878 382/11879
f 390/11877 382/11879 3069/11880
f 3070/11881 344/11882 342/11883
f 3070/11881 342/11883 3039/11884
f 346/11885 344/11886 3070/11887
f 346/11885 3070/11887 352/11888
f 3037/11889 335/11890 333/11891
f 3037/11889 333/11891 3034/11892
f 3071/11893 326/11894 3072/11895
f 3071/11893 3072/11895 3018/11896
f 3013/11897 3015/11898 3072/11899
f 3013/11897 3072/11899 3073/11900
f 3073/11901 3072/11902 326/11903
f 3073/11901 326/11903 324/11904
f 3011/11905 3013/11906 3073/11907
f 3011/11905 3073/11907 3074/11908
f 3074/11909 3073/11910 324/11911
f 3074/11909 324/11911 321/11912
f 3075/11913 3074/11914 321/11915
f 3075/11913 321/11915 3076/11916
f 3009/11917 3011/11918 3074/11919
f 3009/11917 3074/11919 3075/11920
f 3077/11921 3075/11922 3076/11923
f 3077/11921 3076/11923 3079/11924
f 3080/11925 3009/11926 3075/11927
f 3080/11925 3075/11927 3077/11928
f 3080/11929 3077/11930 3078/11931
f 3080/11929 3078/11931 3006/11932
f 3077/11933 3079/11934 305/11935
f 3077/11933 305/11935 3078/11936
f 3081/11937 307/11938 305/11939
f 3081/11937 305/11939 3079/11940
f 3079/11941 3076/11942 322/11943
f 3079/11941 322/11943 3081/11944
f 3081/11945 322/11946 315/11947
f 3081/11945 315/11947 3082/11948
f 3082/11949 311/11950 307/11951
f 3082/11949 307/11951 3081/11952
f 2977/11953 3002/11954 303/11955
f 2977/11953 303/11955 2972/11956
f 3083/11957 546/11958 544/11959
f 3083/11957 544/11959 2980/11960
f 558/11961 551/11962 3083/11963
f 558/11961 3083/11963 2975/11964
f 531/11965 542/11966 548/11967
f 531/11965 548/11967 529/11968
f 501/11969 503/11970 3084/11971
f 501/11969 3084/11971 3085/11972
f 3085/11973 3084/11974 436/11975
f 3085/11973 436/11975 443/11976
f 3086/11977 3085/11978 443/11979
f 3086/11977 443/11979 3087/11980
f 3088/11981 501/11982 3085/11983
f 3088/11981 3085/11983 3086/11984
f 3089/11985 3086/11986 3087/11987
f 3089/11985 3087/11987 3092/11988
f 3090/11989 3088/11990 3086/11991
f 3090/11989 3086/11991 3089/11992
f 3093/11993 3090/11994 3089/11995
f 3093/11993 3089/11995 3091/11996
f 3091/11997 3089/11998 3092/11999
f 3091/11997 3092/11999 451/12000
f 3092/12001 3087/12002 442/12003
f 3092/12001 442/12003 447/12004
f 470/12005 3093/12006 3091/12007
f 470/12005 3091/12007 455/12008
f 3090/12009 3093/12010 471/12011
f 3090/12009 471/12011 3094/12012
f 3088/12013 3090/12014 3094/12015
f 3088/12013 3094/12015 500/12016
f 500/12017 3094/12018 475/12019
f 500/12017 475/12019 498/12020
f 416/12021 414/12022 440/12023
f 416/12021 440/12023 438/12024
f 418/12025 416/12026 438/12027
f 418/12025 438/12027 424/12028
f 313/12029 3095/12030 279/12031
f 313/12029 279/12031 281/12032
f 210/12033 208/12034 176/12035
f 210/12033 176/12035 173/12036
f 208/12037 206/12038 178/12039
f 208/12037 178/12039 176/12040
f 206/12041 204/12042 195/12043
f 206/12041 195/12043 178/12044
f 126/12045 3096/12046 3097/12047
f 126/12045 3097/12047 124/12048
f 3096/12049 47/12050 3098/12051
f 3096/12049 3098/12051 3097/12052
f 3097/12053 3098/12054 3100/12055
f 3097/12053 3100/12055 114/12056
f 124/12057 3097/12058 114/12059
f 124/12057 114/12059 116/12060
f 3099/12061 3098/12062 47/12063
f 3099/12061 47/12063 49/12064
f 3101/12065 3100/12066 3098/12067
f 3101/12065 3098/12067 3099/12068
f 3100/12069 3101/12070 3102/12071
f 3100/12069 3102/12071 109/12072
f 3104/12073 3102/12074 3101/12075
f 3104/12073 3101/12075 3103/12076
f 3103/12077 3101/12078 3099/12079
f 3103/12077 3099/12079 53/12080
f 3106/12081 3104/12082 3103/12083
f 3106/12081 3103/12083 62/12084
f 62/12085 3103/12086 53/12087
f 62/12085 53/12087 55/12088
f 3107/12089 3105/12090 3104/12091
f 3107/12089 3104/12091 3106/12092
f 3105/12093 110/12094 3102/12095
f 3105/12093 3102/12095 3104/12096
f 3106/12097 63/12098 3109/12099
f 3106/12097 3109/12099 3107/12100
f 3107/12101 3109/12102 90/12103
f 3107/12101 90/12103 3108/12104
f 3108/12105 100/12106 3105/12107
f 3108/12105 3105/12107 3107/12108
f 3109/12109 67/12110 84/12111
f 3109/12109 84/12111 90/12112
f 100/12113 102/12114 110/12115
f 100/12113 110/12115 3105/12116
f 88/12117 86/12118 3111/12119
f 88/12117 3111/12119 3110/12120
f 3110/12121 3111/12122 82/12123
f 3110/12121 82/12123 80/12124
f 4102/12701 3305/12702 3304/12703
f 4102/12701 3304/12703 3306/12704
f 3308/12705 3306/12706 3304/12707
f 3308/12705 3304/12707 3307/12708
f 3309/12709 3310/12710 3308/12711
f 3309/12709 3308/12711 3307/12712
f 3311/12713 3312/12714 3310/12715
f 3311/12713 3310/12715 3309/12716
f 3313/12717 3314/12718 3312/12719
f 3313/12717 3312/12719 3311/12720
f 3315/12721 3316/12722 3314/12723
f 3315/12721 3314/12723 3313/12724
f 3317/12725 3319/12726 3316/12727
f 3317/12725 3316/12727 3315/12728
f 3318/12729 3321/12730 3319/12731
f 3318/12729 3319/12731 3317/12732
f 3319/12733 3320/12734 4063/12735
f 3319/12733 4063/12735 3316/12736
f 3322/12737 3320/12738 3319/12739
f 3322/12737 3319/12739 3321/12740
f 3323/12741 3325/12742 3322/12743
f 3323/12741 3322/12743 3321/12744
f 3324/12745 3323/12746 3321/12747
f 3324/12745 3321/12747 3318/12748
f 3328/12749 3326/12750 3323/12751
f 3328/12749 3323/12751 3324/12752
f 3325/12753 3323/12754 3326/12755
f 3325/12753 3326/12755 3329/12756
f 3329/12757 3326/12758 3327/12759
f 3329/12757 3327/12759 3331/12760
f 3340/12761 3327/12762 3326/12763
f 3340/12761 3326/12763 3328/12764
f 4052/12765 3325/12766 3329/12767
f 4052/12765 3329/12767 3330/12768
f 3330/12769 3329/12770 3331/12771
f 3330/12769 3331/12771 3332/12772
f 3333/12773 3331/12774 3327/12775
f 3333/12773 3327/12775 3336/12776
f 3333/12777 3334/12778 3332/12779
f 3333/12777 3332/12779 3331/12780
f 3335/12781 4018/12782 3334/12783
f 3335/12781 3334/12783 3333/12784
f 3337/12785 3335/12786 3333/12787
f 3337/12785 3333/12787 3336/12788
f 3339/12789 3337/12790 3336/12791
f 3339/12789 3336/12791 3338/12792
f 3338/12793 3336/12794 3327/12795
f 3338/12793 3327/12795 3340/12796
f 3341/12797 3343/12798 3337/12799
f 3341/12797 3337/12799 3339/12800
f 3342/12801 3345/12802 3343/12803
f 3342/12801 3343/12803 3341/12804
f 3344/12805 3335/12806 3337/12807
f 3344/12805 3337/12807 3343/12808
f 3345/12809 3346/12810 3344/12811
f 3345/12809 3344/12811 3343/12812
f 3348/12813 3346/12814 3345/12815
f 3348/12813 3345/12815 3347/12816
f 3350/12817 3347/12818 3345/12819
f 3350/12817 3345/12819 3342/12820
f 3349/12821 3987/12822 3348/12823
f 3349/12821 3348/12823 3347/12824
f 3351/12825 3349/12826 3347/12827
f 3351/12825 3347/12827 3350/12828
f 3352/12829 3353/12830 3349/12831
f 3352/12829 3349/12831 3351/12832
f 3354/12833 3355/12834 3353/12835
f 3354/12833 3353/12835 3352/12836
f 3356/12837 3357/12838 3355/12839
f 3356/12837 3355/12839 3354/12840
f 3358/12841 3359/12842 3357/12843
f 3358/12841 3357/12843 3356/12844
f 3360/12845 3361/12846 3359/12847
f 3360/12845 3359/12847 3358/12848
f 3362/12849 3363/12850 3361/12851
f 3362/12849 3361/12851 3360/12852
f 3364/12853 3365/12854 3363/12855
f 3364/12853 3363/12855 3362/12856
f 3366/12857 3367/12858 3365/12859
f 3366/12857 3365/12859 3364/12860
f 3368/12861 3370/12862 3367/12863
f 3368/12861 3367/12863 3366/12864
f 3369/12865 3372/12866 3370/12867
f 3369/12865 3370/12867 3368/12868
f 3820/12869 3367/12870 3370/12871
f 3820/12869 3370/12871 3371/12872
f 3371/12873 3370/12874 3372/12875
f 3371/12873 3372/12875 3374/12876
f 4180/12877 3373/12878 3372/12879
f 4180/12877 3372/12879 3369/12880
f 3376/12881 3374/12882 3372/12883
f 3376/12881 3372/12883 3373/12884
f 3808/12885 3371/12886 3374/12887
f 3808/12885 3374/12887 3375/12888
f 3376/12889 3378/12890 3375/12891
f 3376/12889 3375/12891 3374/12892
f 4178/12893 3377/12894 3376/12895
f 4178/12893 3376/12895 3373/12896
f 3377/12897 3380/12898 3378/12899
f 3377/12897 3378/12899 3376/12900
f 3375/12901 3378/12902 3379/12903
f 3375/12901 3379/12903 3786/12904
f 3378/12905 3380/12906 3382/12907
f 3378/12905 3382/12907 3379/12908
f 4177/12909 3381/12910 3380/12911
f 4177/12909 3380/12911 3377/12912
f 3383/12913 3380/12914 3381/12915
f 3383/12913 3381/12915 3384/12916
f 3386/12917 3382/12918 3380/12919
f 3386/12917 3380/12919 3383/12920
f 3385/12921 3383/12922 3384/12923
f 3385/12921 3384/12923 4183/12924
f 3388/12925 3386/12926 3383/12927
f 3388/12925 3383/12927 3385/12928
f 3389/12929 3387/12930 3386/12931
f 3389/12929 3386/12931 3388/12932
f 3387/12933 3783/12934 3382/12935
f 3387/12933 3382/12935 3386/12936
f 4183/12937 4181/12938 4182/12939
f 4183/12937 4182/12939 3391/12940
f 4183/12937 3391/12940 3390/12941
f 4183/12937 3390/12941 3389/12942
f 4183/12937 3389/12942 3388/12943
f 4183/12937 3388/12943 3385/12944
f 3390/12945 3392/12946 3387/12947
f 3390/12945 3387/12947 3389/12948
f 3391/12949 3394/12950 3392/12951
f 3391/12949 3392/12951 3390/12952
f 3392/12953 3393/12954 3783/12955
f 3392/12953 3783/12955 3387/12956
f 3394/12957 3396/12958 3393/12959
f 3394/12957 3393/12959 3392/12960
f 4182/12961 3395/12962 3394/12963
f 4182/12961 3394/12963 3391/12964
f 3395/12965 3399/12966 3396/12967
f 3395/12965 3396/12967 3394/12968
f 3393/12969 3396/12970 3397/12971
f 3393/12969 3397/12971 3780/12972
f 3396/12973 3398/12974 3823/12975
f 3396/12973 3823/12975 3397/12976
f 3399/12977 3400/12978 3398/12979
f 3399/12977 3398/12979 3396/12980
f 3401/12981 3404/12982 3400/12983
f 3401/12981 3400/12983 3399/12984
f 3402/12985 3401/12986 3399/12987
f 3402/12985 3399/12987 3395/12988
f 3384/12989 3381/12990 3401/12991
f 3384/12989 3401/12991 3402/12992
f 3403/12993 3401/12994 3381/12995
f 3403/12993 3381/12995 4177/12996
f 3405/12997 3404/12998 3401/12999
f 3405/12997 3401/12999 3403/13000
f 3410/13001 3406/13002 3404/13003
f 3410/13001 3404/13003 3405/13004
f 3404/13005 3406/13006 3407/13007
f 3404/13005 3407/13007 3400/13008
f 3829/13009 3407/13010 3406/13011
f 3829/13009 3406/13011 3408/13012
f 3408/13013 3406/13014 3409/13015
f 3408/13013 3409/13015 3837/13016
f 3406/13017 3410/13018 3412/13019
f 3406/13017 3412/13019 3409/13020
f 3411/13021 3410/13022 3405/13023
f 3411/13021 3405/13023 4172/13024
f 3410/13025 3411/13026 3414/13027
f 3410/13025 3414/13027 3412/13028
f 3409/13029 3412/13030 3413/13031
f 3409/13029 3413/13031 3840/13032
f 3412/13033 3414/13034 3416/13035
f 3412/13033 3416/13035 3413/13036
f 3415/13037 3414/13038 3411/13039
f 3415/13037 3411/13039 4170/13040
f 3418/13041 3416/13042 3414/13043
f 3418/13041 3414/13043 3415/13044
f 3979/13045 3413/13046 3416/13047
f 3979/13045 3416/13047 3417/13048
f 3419/13049 3417/13050 3416/13051
f 3419/13049 3416/13051 3418/13052
f 3420/13053 3421/13054 3417/13055
f 3420/13053 3417/13055 3419/13056
f 3422/13057 3424/13058 3421/13059
f 3422/13057 3421/13059 3420/13060
f 3423/13061 3426/13062 3424/13063
f 3423/13061 3424/13063 3422/13064
f 3426/13065 3427/13066 3425/13067
f 3426/13065 3425/13067 3424/13068
f 3425/13069 3978/13070 3421/13071
f 3425/13069 3421/13071 3424/13072
f 3429/13073 3427/13074 3426/13075
f 3429/13073 3426/13075 3428/13076
f 3431/13077 3428/13078 3426/13079
f 3431/13077 3426/13079 3423/13080
f 3430/13081 3893/13082 3429/13083
f 3430/13081 3429/13083 3428/13084
f 3432/13085 3430/13086 3428/13087
f 3432/13085 3428/13087 3431/13088
f 3432/13089 3433/13090 3434/13091
f 3432/13089 3434/13091 3430/13092
f 3434/13093 3433/13094 3435/13095
f 3434/13093 3435/13095 3436/13096
f 3436/13097 3435/13098 3437/13099
f 3436/13097 3437/13099 3438/13100
f 3438/13101 3437/13102 3439/13103
f 3438/13101 3439/13103 3440/13104
f 3440/13105 3439/13106 3441/13107
f 3440/13105 3441/13107 3442/13108
f 3442/13109 3441/13110 3443/13111
f 3442/13109 3443/13111 3445/13112
f 3445/13113 3443/13114 3444/13115
f 3445/13113 3444/13115 3446/13116
f 3450/13117 3447/13118 3445/13119
f 3450/13117 3445/13119 3446/13120
f 3445/13121 3447/13122 3448/13123
f 3445/13121 3448/13123 3442/13124
f 3953/13125 3448/13126 3447/13127
f 3953/13125 3447/13127 3449/13128
f 3450/13129 3451/13130 3449/13131
f 3450/13129 3449/13131 3447/13132
f 3455/13133 3452/13134 3450/13135
f 3455/13133 3450/13135 3446/13136
f 3452/13137 3453/13138 3451/13139
f 3452/13137 3451/13139 3450/13140
f 3453/13141 3452/13142 3454/13143
f 3453/13141 3454/13143 3553/13144
f 3452/13145 3455/13146 3456/13147
f 3452/13145 3456/13147 3454/13148
f 3455/13149 3457/13150 3458/13151
f 3455/13149 3458/13151 3456/13152
f 3446/13153 3444/13154 3457/13155
f 3446/13153 3457/13155 3455/13156
f 3458/13157 3459/13158 3461/13159
f 3458/13157 3461/13159 3456/13160
f 3461/13161 3459/13162 3460/13163
f 3461/13161 3460/13163 3463/13164
f 3462/13165 3461/13166 3463/13167
f 3462/13165 3463/13167 3465/13168
f 3454/13169 3456/13170 3461/13171
f 3454/13169 3461/13171 3462/13172
f 3463/13173 3460/13174 4163/13175
f 3463/13173 4163/13175 3464/13176
f 3465/13177 3463/13178 3464/13179
f 3465/13177 3464/13179 3467/13180
f 3536/13181 3462/13182 3465/13183
f 3536/13181 3465/13183 3466/13184
f 3466/13185 3465/13186 3467/13187
f 3466/13185 3467/13187 3469/13188
f 3467/13189 3464/13190 4162/13191
f 3467/13189 4162/13191 3468/13192
f 3469/13193 3467/13194 3468/13195
f 3469/13193 3468/13195 3470/13196
f 3472/13197 3469/13198 3470/13199
f 3472/13197 3470/13199 3475/13200
f 3466/13201 3469/13202 3471/13203
f 3466/13201 3471/13203 3534/13204
f 3473/13205 3471/13206 3469/13207
f 3473/13205 3469/13207 3472/13208
f 3530/13209 3473/13210 3472/13211
f 3530/13209 3472/13211 3474/13212
f 3474/13213 3472/13214 3475/13215
f 3474/13213 3475/13215 3477/13216
f 3475/13217 3470/13218 3486/13219
f 3475/13217 3486/13219 3476/13220
f 3477/13221 3475/13222 3476/13223
f 3477/13221 3476/13223 3478/13224
f 3479/13225 3480/13226 3528/13227
f 3479/13225 3528/13227 3529/13228
f 3479/13225 3529/13228 3530/13229
f 3479/13225 3530/13229 3474/13230
f 3479/13225 3474/13230 3477/13231
f 3479/13225 3477/13231 3478/13232
f 3478/13233 3476/13234 3481/13235
f 3478/13233 3481/13235 3479/13236
f 3479/13237 3481/13238 3482/13239
f 3479/13237 3482/13239 3480/13240
f 3481/13241 3483/13242 3484/13243
f 3481/13241 3484/13243 3482/13244
f 3476/13245 3486/13246 3483/13247
f 3476/13245 3483/13247 3481/13248
f 3483/13249 3485/13250 3512/13251
f 3483/13249 3512/13251 3484/13252
f 3486/13253 3488/13254 3485/13255
f 3486/13253 3485/13255 3483/13256
f 3470/13257 3468/13258 3487/13259
f 3470/13257 3487/13259 3486/13260
f 3490/13261 3488/13262 3486/13263
f 3490/13261 3486/13263 3487/13264
f 3492/13265 3489/13266 3488/13267
f 3492/13265 3488/13267 3490/13268
f 3488/13269 3489/13270 3508/13271
f 3488/13269 3508/13271 3485/13272
f 3492/13273 3490/13274 3491/13275
f 3492/13273 3491/13275 3493/13276
f 3490/13277 3487/13278 4161/13279
f 3490/13277 4161/13279 3491/13280
f 3492/13281 3493/13282 3496/13283
f 3492/13281 3496/13283 3494/13284
f 3489/13285 3492/13286 3494/13287
f 3489/13285 3494/13287 3497/13288
f 3497/13289 3494/13290 3495/13291
f 3497/13289 3495/13291 3498/13292
f 3494/13293 3496/13294 4154/13295
f 3494/13293 4154/13295 3495/13296
f 3499/13297 3497/13298 3498/13299
f 3499/13297 3498/13299 3500/13300
f 3501/13301 3489/13302 3497/13303
f 3501/13301 3497/13303 3499/13304
f 3502/13305 3499/13306 3500/13307
f 3502/13305 3500/13307 3503/13308
f 3504/13309 3501/13310 3499/13311
f 3504/13309 3499/13311 3502/13312
f 3502/13313 3503/13314 4151/13315
f 3502/13313 4151/13315 4152/13316
f 3502/13313 4152/13316 4153/13317
f 3502/13313 4153/13317 3506/13318
f 3502/13313 3506/13318 3505/13319
f 3502/13313 3505/13319 3504/13320
f 3505/13321 3507/13322 3501/13323
f 3505/13321 3501/13323 3504/13324
f 3506/13325 3509/13326 3507/13327
f 3506/13325 3507/13327 3505/13328
f 3507/13329 3508/13330 3489/13331
f 3507/13329 3489/13331 3501/13332
f 3509/13333 3511/13334 3508/13335
f 3509/13333 3508/13335 3507/13336
f 4153/13337 3510/13338 3509/13339
f 4153/13337 3509/13339 3506/13340
f 3510/13341 3513/13342 3511/13343
f 3510/13341 3511/13343 3509/13344
f 3485/13345 3508/13346 3511/13347
f 3485/13345 3511/13347 3512/13348
f 3512/13349 3511/13350 3514/13351
f 3512/13349 3514/13351 3517/13352
f 3511/13353 3513/13354 3515/13355
f 3511/13353 3515/13355 3514/13356
f 3516/13357 3514/13358 3515/13359
f 3516/13357 3515/13359 3600/13360
f 3518/13361 3517/13362 3514/13363
f 3518/13361 3514/13363 3516/13364
f 3520/13365 3519/13366 3517/13367
f 3520/13365 3517/13367 3518/13368
f 3484/13369 3512/13370 3517/13371
f 3484/13369 3517/13371 3519/13372
f 3522/13373 3521/13374 3519/13375
f 3522/13373 3519/13375 3520/13376
f 3524/13377 3484/13378 3519/13379
f 3524/13377 3519/13379 3521/13380
f 3523/13381 3521/13382 3522/13383
f 3523/13381 3522/13383 3587/13384
f 3525/13385 3524/13386 3521/13387
f 3525/13385 3521/13387 3523/13388
f 3482/13389 3484/13390 3524/13391
f 3482/13389 3524/13391 3526/13392
f 3526/13393 3524/13394 3525/13395
f 3526/13393 3525/13395 3527/13396
f 3528/13397 3526/13398 3527/13399
f 3528/13397 3527/13399 3529/13400
f 3480/13401 3482/13402 3526/13403
f 3480/13401 3526/13403 3528/13404
f 3529/13405 3527/13406 3473/13407
f 3529/13405 3473/13407 3530/13408
f 3527/13409 3525/13410 3471/13411
f 3527/13409 3471/13411 3473/13412
f 3534/13413 3471/13414 3525/13415
f 3534/13413 3525/13415 3531/13416
f 3531/13417 3525/13418 3523/13419
f 3531/13417 3523/13419 3532/13420
f 3533/13421 3531/13422 3532/13423
f 3533/13421 3532/13423 3561/13424
f 3535/13425 3534/13426 3531/13427
f 3535/13425 3531/13427 3533/13428
f 3536/13429 3466/13430 3534/13431
f 3536/13429 3534/13431 3535/13432
f 3537/13433 3535/13434 3533/13435
f 3537/13433 3533/13435 3540/13436
f 3538/13437 3536/13438 3535/13439
f 3538/13437 3535/13439 3537/13440
f 3554/13441 3538/13442 3537/13443
f 3554/13441 3537/13443 3539/13444
f 3539/13445 3537/13446 3540/13447
f 3539/13445 3540/13447 3542/13448
f 3540/13449 3533/13450 3559/13451
f 3540/13449 3559/13451 3541/13452
f 3542/13453 3540/13454 3541/13455
f 3542/13453 3541/13455 3543/13456
f 3552/13457 3554/13458 3539/13459
f 3552/13457 3539/13459 3542/13460
f 3552/13457 3542/13460 3543/13461
f 3552/13457 3543/13461 3544/13462
f 3552/13457 3544/13462 3546/13463
f 3552/13457 3546/13463 3547/13464
f 3543/13465 3541/13466 3545/13467
f 3543/13465 3545/13467 3544/13468
f 3544/13469 3545/13470 3548/13471
f 3544/13469 3548/13471 3546/13472
f 3546/13473 3548/13474 3550/13475
f 3546/13473 3550/13475 3547/13476
f 3545/13477 3556/13478 3549/13479
f 3545/13477 3549/13479 3548/13480
f 3548/13481 3549/13482 3453/13483
f 3548/13481 3453/13483 3550/13484
f 3547/13485 3550/13486 3551/13487
f 3547/13485 3551/13487 3552/13488
f 3550/13489 3453/13490 3553/13491
f 3550/13489 3553/13491 3551/13492
f 3552/13493 3551/13494 3538/13495
f 3552/13493 3538/13495 3554/13496
f 3551/13497 3553/13498 3536/13499
f 3551/13497 3536/13499 3538/13500
f 3553/13501 3454/13502 3462/13503
f 3553/13501 3462/13503 3536/13504
f 3555/13505 3549/13506 3556/13507
f 3555/13505 3556/13507 3558/13508
f 3451/13509 3453/13510 3549/13511
f 3451/13509 3549/13511 3555/13512
f 3556/13513 3559/13514 3560/13515
f 3556/13513 3560/13515 3557/13516
f 3558/13517 3556/13518 3557/13519
f 3558/13517 3557/13519 3569/13520
f 3541/13521 3559/13522 3556/13523
f 3541/13521 3556/13523 3545/13524
f 3559/13525 3533/13526 3561/13527
f 3559/13525 3561/13527 3560/13528
f 3562/13529 3560/13530 3561/13531
f 3562/13529 3561/13531 3563/13532
f 3565/13533 3557/13534 3560/13535
f 3565/13533 3560/13535 3562/13536
f 3564/13537 3562/13538 3563/13539
f 3564/13537 3563/13539 3582/13540
f 3566/13541 3565/13542 3562/13543
f 3566/13541 3562/13543 3564/13544
f 3568/13545 3567/13546 3565/13547
f 3568/13545 3565/13547 3566/13548
f 3567/13549 3569/13550 3557/13551
f 3567/13549 3557/13551 3565/13552
f 3573/13553 3570/13554 3567/13555
f 3573/13553 3567/13555 3568/13556
f 3570/13557 3571/13558 3569/13559
f 3570/13557 3569/13559 3567/13560
f 3572/13561 3918/13562 3571/13563
f 3572/13561 3571/13563 3570/13564
f 3574/13565 3572/13566 3570/13567
f 3574/13565 3570/13567 3573/13568
f 3576/13569 3574/13570 3573/13571
f 3576/13569 3573/13571 3575/13572
f 3575/13573 3573/13574 3568/13575
f 3575/13573 3568/13575 3577/13576
f 3577/13577 3568/13578 3566/13579
f 3577/13577 3566/13579 3578/13580
f 3578/13581 3566/13582 3564/13583
f 3578/13581 3564/13583 3579/13584
f 3579/13585 3564/13586 3582/13587
f 3579/13585 3582/13587 3580/13588
f 3580/13589 3582/13590 3583/13591
f 3580/13589 3583/13591 3581/13592
f 3582/13593 3563/13594 3584/13595
f 3582/13593 3584/13595 3583/13596
f 3583/13597 3584/13598 3587/13599
f 3583/13597 3587/13599 3585/13600
f 3581/13601 3583/13602 3585/13603
f 3581/13601 3585/13603 3586/13604
f 3586/13605 3585/13606 3588/13607
f 3586/13605 3588/13607 3589/13608
f 3585/13609 3587/13610 3522/13611
f 3585/13609 3522/13611 3588/13612
f 3589/13613 3588/13614 3590/13615
f 3589/13613 3590/13615 3592/13616
f 3522/13617 3520/13618 3590/13619
f 3522/13617 3590/13619 3588/13620
f 3590/13621 3520/13622 3518/13623
f 3590/13621 3518/13623 3591/13624
f 3592/13625 3590/13626 3591/13627
f 3592/13625 3591/13627 3593/13628
f 3593/13629 3591/13630 3595/13631
f 3593/13629 3595/13631 3594/13632
f 3594/13633 3595/13634 3598/13635
f 3594/13633 3598/13635 3596/13636
f 3596/13637 3598/13638 3599/13639
f 3596/13637 3599/13639 3597/13640
f 3598/13641 3600/13642 3601/13643
f 3598/13641 3601/13643 3599/13644
f 3595/13645 3516/13646 3600/13647
f 3595/13645 3600/13647 3598/13648
f 3515/13649 3602/13650 3601/13651
f 3515/13649 3601/13651 3600/13652
f 3601/13653 3602/13654 3605/13655
f 3601/13653 3605/13655 3603/13656
f 3599/13657 3601/13658 3603/13659
f 3599/13657 3603/13659 3604/13660
f 3604/13661 3603/13662 3606/13663
f 3604/13661 3606/13663 3609/13664
f 3603/13665 3605/13666 3607/13667
f 3603/13665 3607/13667 3606/13668
f 3606/13669 3607/13670 4145/13671
f 3606/13669 4145/13671 3608/13672
f 3609/13673 3606/13674 3608/13675
f 3609/13673 3608/13675 3610/13676
f 3611/13677 3609/13678 3610/13679
f 3611/13677 3610/13679 3612/13680
f 3613/13681 3604/13682 3609/13683
f 3613/13681 3609/13683 3611/13684
f 3597/13685 3599/13686 3604/13687
f 3597/13685 3604/13687 3613/13688
f 3612/13689 3610/13690 3615/13691
f 3612/13689 3615/13691 3614/13692
f 3614/13693 3615/13694 3617/13695
f 3614/13693 3617/13695 3616/13696
f 3616/13697 3617/13698 3619/13699
f 3616/13697 3619/13699 3618/13700
f 3622/13701 3620/13702 3618/13703
f 3622/13701 3618/13703 3619/13704
f 3623/13705 3621/13706 3620/13707
f 3623/13705 3620/13707 3622/13708
f 3623/13709 3622/13710 3624/13711
f 3623/13709 3624/13711 3625/13712
f 3624/13713 3622/13714 3619/13715
f 3624/13713 3619/13715 3626/13716
f 3624/13717 3627/13718 3628/13719
f 3624/13717 3628/13719 3625/13720
f 3626/13721 3629/13722 3627/13723
f 3626/13721 3627/13723 3624/13724
f 3630/13725 3633/13726 3628/13727
f 3630/13725 3628/13727 3627/13728
f 3631/13729 3630/13730 3627/13731
f 3631/13729 3627/13731 3629/13732
f 3632/13733 3630/13734 3631/13735
f 3632/13733 3631/13735 4094/13736
f 3635/13737 3633/13738 3630/13739
f 3635/13737 3630/13739 3632/13740
f 3634/13741 3638/13742 3636/13743
f 3634/13741 3636/13743 3633/13744
f 4085/13745 3634/13746 3633/13747
f 4085/13745 3633/13747 3635/13748
f 3633/13749 3636/13750 3637/13751
f 3633/13749 3637/13751 3628/13752
f 3636/13753 3639/13754 3640/13755
f 3636/13753 3640/13755 3637/13756
f 3638/13757 3641/13758 3639/13759
f 3638/13757 3639/13759 3636/13760
f 3639/13761 3643/13762 3645/13763
f 3639/13761 3645/13763 3640/13764
f 3642/13765 3639/13766 3641/13767
f 3642/13765 3641/13767 4076/13768
f 3644/13769 3643/13770 3639/13771
f 3644/13769 3639/13771 3642/13772
f 3649/13773 3646/13774 3643/13775
f 3649/13773 3643/13775 3644/13776
f 3643/13777 3646/13778 3650/13779
f 3643/13777 3650/13779 3645/13780
f 4072/13781 3647/13782 3646/13783
f 4072/13781 3646/13783 3649/13784
f 3647/13785 4056/13786 3648/13787
f 3647/13785 3648/13787 3646/13788
f 3646/13789 3648/13790 3652/13791
f 3646/13789 3652/13791 3650/13792
f 3664/13793 3645/13794 3650/13795
f 3664/13793 3650/13795 3651/13796
f 3651/13797 3650/13798 3652/13799
f 3651/13797 3652/13799 3654/13800
f 3648/13801 4055/13802 3653/13803
f 3648/13801 3653/13803 3652/13804
f 3654/13805 3652/13806 3653/13807
f 3654/13805 3653/13807 3655/13808
f 3655/13809 3657/13810 3656/13811
f 3655/13809 3656/13811 3654/13812
f 3654/13813 3656/13814 3659/13815
f 3654/13813 3659/13815 3651/13816
f 3657/13817 3670/13818 3658/13819
f 3657/13817 3658/13819 3656/13820
f 3656/13821 3658/13822 3660/13823
f 3656/13821 3660/13823 3659/13824
f 3659/13825 3660/13826 3662/13827
f 3659/13825 3662/13827 3661/13828
f 3659/13829 3661/13830 3664/13831
f 3659/13829 3664/13831 3651/13832
f 3661/13833 3662/13834 3669/13835
f 3661/13833 3669/13835 3663/13836
f 3664/13837 3661/13838 3663/13839
f 3664/13837 3663/13839 3665/13840
f 3665/13841 3640/13842 3645/13843
f 3665/13841 3645/13843 3664/13844
f 3666/13845 3637/13846 3640/13847
f 3666/13845 3640/13847 3665/13848
f 3665/13849 3663/13850 3667/13851
f 3665/13849 3667/13851 3666/13852
f 3628/13853 3637/13854 3666/13855
f 3628/13853 3666/13855 3625/13856
f 3666/13857 3667/13858 3623/13859
f 3666/13857 3623/13859 3625/13860
f 3663/13861 3669/13862 3668/13863
f 3663/13861 3668/13863 3667/13864
f 3667/13865 3668/13866 3621/13867
f 3667/13865 3621/13867 3623/13868
f 3673/13869 3671/13870 3670/13871
f 3673/13869 3670/13871 3657/13872
f 3674/13873 3672/13874 3671/13875
f 3674/13873 3671/13875 3673/13876
f 3674/13877 3673/13878 3675/13879
f 3674/13877 3675/13879 3677/13880
f 3675/13881 3673/13882 3657/13883
f 3675/13881 3657/13883 3655/13884
f 3655/13885 3653/13886 3676/13887
f 3655/13885 3676/13887 3675/13888
f 3675/13889 3676/13890 3678/13891
f 3675/13889 3678/13891 3677/13892
f 3678/13893 3681/13894 3679/13895
f 3678/13893 3679/13895 3677/13896
f 3679/13897 3680/13898 3674/13899
f 3679/13897 3674/13899 3677/13900
f 3682/13901 3683/13902 3680/13903
f 3682/13901 3680/13903 3679/13904
f 3679/13905 3681/13906 3684/13907
f 3679/13905 3684/13907 3682/13908
f 3685/13909 3687/13910 3683/13911
f 3685/13909 3683/13911 3682/13912
f 3682/13913 3684/13914 3686/13915
f 3682/13913 3686/13915 3685/13916
f 3685/13917 3686/13918 3689/13919
f 3685/13917 3689/13919 3688/13920
f 3691/13921 3687/13922 3685/13923
f 3691/13921 3685/13923 3688/13924
f 3688/13925 3689/13926 4169/13927
f 3688/13925 4169/13927 3690/13928
f 3690/13929 3692/13930 3691/13931
f 3690/13929 3691/13931 3688/13932
f 3692/13933 3694/13934 3693/13935
f 3692/13933 3693/13935 3691/13936
f 3691/13937 3693/13938 3695/13939
f 3691/13937 3695/13939 3687/13940
f 3687/13941 3695/13942 3696/13943
f 3687/13941 3696/13943 3683/13944
f 3683/13945 3696/13946 3697/13947
f 3683/13945 3697/13947 3680/13948
f 3680/13949 3697/13950 3672/13951
f 3680/13949 3672/13951 3674/13952
f 3700/13953 3698/13954 3694/13955
f 3700/13953 3694/13955 3692/13956
f 3702/13957 3699/13958 3698/13959
f 3702/13957 3698/13959 3700/13960
f 3701/13961 3700/13962 3692/13963
f 3701/13961 3692/13963 3690/13964
f 3704/13965 3702/13966 3700/13967
f 3704/13965 3700/13967 3701/13968
f 3703/13969 3757/13970 3699/13971
f 3703/13969 3699/13971 3702/13972
f 3703/13973 3702/13974 3704/13975
f 3703/13973 3704/13975 3705/13976
f 3704/13977 3706/13978 3709/13979
f 3704/13977 3709/13979 3705/13980
f 3701/13981 3707/13982 3706/13983
f 3701/13981 3706/13983 3704/13984
f 4007/13985 3708/13986 3706/13987
f 4007/13985 3706/13987 3707/13988
f 3708/13989 3710/13990 3709/13991
f 3708/13989 3709/13991 3706/13992
f 3709/13993 3711/13994 3712/13995
f 3709/13993 3712/13995 3705/13996
f 3710/13997 3714/13998 3711/13999
f 3710/13997 3711/13999 3709/14000
f 3712/14001 3711/14002 3713/14003
f 3712/14001 3713/14003 3759/14004
f 3714/14005 3716/14006 3713/14007
f 3714/14005 3713/14007 3711/14008
f 4005/14009 3715/14010 3714/14011
f 4005/14009 3714/14011 3710/14012
f 3715/14013 3719/14014 3716/14015
f 3715/14013 3716/14015 3714/14016
f 3716/14017 3717/14018 3744/14019
f 3716/14017 3744/14019 3713/14020
f 3737/14021 3717/14022 3716/14023
f 3737/14021 3716/14023 3718/14024
f 3718/14025 3716/14026 3719/14027
f 3718/14025 3719/14027 3720/14028
f 3724/14029 3721/14030 3719/14031
f 3724/14029 3719/14031 3715/14032
f 3720/14033 3719/14034 3721/14035
f 3720/14033 3721/14035 3725/14036
f 3821/14037 3723/14038 3721/14039
f 3821/14037 3721/14039 3722/14040
f 3722/14041 3721/14042 3724/14043
f 3722/14041 3724/14043 3984/14044
f 3725/14045 3721/14046 3723/14047
f 3725/14045 3723/14047 3727/14048
f 3738/14049 3720/14050 3725/14051
f 3738/14049 3725/14051 3726/14052
f 3726/14053 3725/14054 3727/14055
f 3726/14053 3727/14055 3729/14056
f 3727/14057 3723/14058 3817/14059
f 3727/14057 3817/14059 3728/14060
f 3729/14061 3727/14062 3728/14063
f 3729/14061 3728/14063 3730/14064
f 3729/14065 3730/14066 3731/14067
f 3729/14065 3731/14067 3733/14068
f 3729/14065 3733/14068 3735/14069
f 3729/14065 3735/14069 3736/14070
f 3729/14065 3736/14070 3738/14071
f 3729/14065 3738/14071 3726/14072
f 3730/14073 3728/14074 3732/14075
f 3730/14073 3732/14075 3731/14076
f 3731/14077 3732/14078 3734/14079
f 3731/14077 3734/14079 3733/14080
f 3733/14081 3734/14082 3737/14083
f 3733/14081 3737/14083 3735/14084
f 3735/14085 3737/14086 3718/14087
f 3735/14085 3718/14087 3736/14088
f 3734/14089 3739/14090 3717/14091
f 3734/14089 3717/14091 3737/14092
f 3736/14093 3718/14094 3720/14095
f 3736/14093 3720/14095 3738/14096
f 3732/14097 3741/14098 3739/14099
f 3732/14097 3739/14099 3734/14100
f 3739/14101 3740/14102 3743/14103
f 3739/14101 3743/14103 3742/14104
f 3741/14105 3800/14106 3740/14107
f 3741/14105 3740/14107 3739/14108
f 3717/14109 3739/14110 3742/14111
f 3717/14109 3742/14111 3744/14112
f 3745/14113 3742/14114 3743/14115
f 3745/14113 3743/14115 3746/14116
f 3747/14117 3744/14118 3742/14119
f 3747/14117 3742/14119 3745/14120
f 3746/14121 3750/14122 3748/14123
f 3746/14121 3748/14123 3745/14124
f 3748/14125 3749/14126 3747/14127
f 3748/14125 3747/14127 3745/14128
f 3748/14129 3751/14130 3753/14131
f 3748/14129 3753/14131 3749/14132
f 3750/14133 3752/14134 3751/14135
f 3750/14133 3751/14135 3748/14136
f 3749/14137 3753/14138 3754/14139
f 3749/14137 3754/14139 3755/14140
f 3755/14141 3754/14142 3756/14143
f 3755/14141 3756/14143 3758/14144
f 3758/14145 3756/14146 3757/14147
f 3758/14145 3757/14147 3703/14148
f 3759/14149 3755/14150 3758/14151
f 3759/14149 3758/14151 3712/14152
f 3712/14153 3758/14154 3703/14155
f 3712/14153 3703/14155 3705/14156
f 3747/14157 3749/14158 3755/14159
f 3747/14157 3755/14159 3759/14160
f 3759/14161 3713/14162 3744/14163
f 3759/14161 3744/14163 3747/14164
f 3761/14165 3760/14166 3752/14167
f 3761/14165 3752/14167 3750/14168
f 3763/14169 3762/14170 3760/14171
f 3763/14169 3760/14171 3761/14172
f 3765/14173 3764/14174 3762/14175
f 3765/14173 3762/14175 3763/14176
f 3767/14177 3766/14178 3764/14179
f 3767/14177 3764/14179 3765/14180
f 3769/14181 3768/14182 3766/14183
f 3769/14181 3766/14183 3767/14184
f 3771/14185 3770/14186 3768/14187
f 3771/14185 3768/14187 3769/14188
f 3774/14189 3772/14190 3770/14191
f 3774/14189 3770/14191 3771/14192
f 3775/14193 3773/14194 3772/14195
f 3775/14193 3772/14195 3774/14196
f 3777/14197 3775/14198 3774/14199
f 3777/14197 3774/14199 3776/14200
f 3774/14201 3771/14202 3778/14203
f 3774/14201 3778/14203 3776/14204
f 3776/14205 3397/14206 3823/14207
f 3776/14205 3823/14207 3777/14208
f 3778/14209 3780/14210 3397/14211
f 3778/14209 3397/14211 3776/14212
f 3778/14213 3771/14214 3769/14215
f 3778/14213 3769/14215 3779/14216
f 3779/14217 3781/14218 3780/14219
f 3779/14217 3780/14219 3778/14220
f 3783/14221 3393/14222 3780/14223
f 3783/14221 3780/14223 3781/14224
f 3793/14225 3782/14226 3781/14227
f 3793/14225 3781/14227 3779/14228
f 3784/14229 3783/14230 3781/14231
f 3784/14229 3781/14231 3782/14232
f 3379/14233 3382/14234 3783/14235
f 3379/14233 3783/14235 3784/14236
f 3785/14237 3784/14238 3782/14239
f 3785/14237 3782/14239 3789/14240
f 3786/14241 3379/14242 3784/14243
f 3786/14241 3784/14243 3785/14244
f 3811/14245 3786/14246 3785/14247
f 3811/14245 3785/14247 3787/14248
f 3787/14249 3785/14250 3788/14251
f 3787/14249 3788/14251 3815/14252
f 3788/14253 3785/14254 3789/14255
f 3788/14253 3789/14255 3790/14256
f 3789/14257 3782/14258 3793/14259
f 3789/14257 3793/14259 3791/14260
f 3792/14261 3790/14262 3789/14263
f 3792/14261 3789/14263 3791/14264
f 3765/14265 3763/14266 3792/14267
f 3765/14265 3792/14267 3791/14268
f 3793/14269 3767/14270 3765/14271
f 3793/14269 3765/14271 3791/14272
f 3779/14273 3769/14274 3767/14275
f 3779/14273 3767/14275 3793/14276
f 3794/14277 3795/14278 3790/14279
f 3794/14277 3790/14279 3792/14280
f 3792/14281 3763/14282 3761/14283
f 3792/14281 3761/14283 3794/14284
f 3794/14285 3761/14286 3750/14287
f 3794/14285 3750/14287 3746/14288
f 3746/14289 3743/14290 3795/14291
f 3746/14289 3795/14291 3794/14292
f 3740/14293 3796/14294 3795/14295
f 3740/14293 3795/14295 3743/14296
f 3796/14297 3788/14298 3790/14299
f 3796/14297 3790/14299 3795/14300
f 3800/14301 3798/14302 3796/14303
f 3800/14301 3796/14303 3740/14304
f 3815/14305 3788/14306 3796/14307
f 3815/14305 3796/14307 3797/14308
f 3797/14309 3796/14310 3798/14311
f 3797/14309 3798/14311 3801/14312
f 3801/14313 3798/14314 3799/14315
f 3801/14313 3799/14315 3803/14316
f 3816/14317 3799/14318 3798/14319
f 3816/14317 3798/14319 3800/14320
f 3814/14321 3797/14322 3801/14323
f 3814/14321 3801/14323 3802/14324
f 3802/14325 3801/14326 3803/14327
f 3802/14325 3803/14327 3804/14328
f 3803/14329 3799/14330 3808/14331
f 3803/14329 3808/14331 3805/14332
f 3804/14333 3803/14334 3805/14335
f 3804/14333 3805/14335 3807/14336
f 3805/14337 3808/14338 3375/14339
f 3805/14337 3375/14339 3806/14340
f 3807/14341 3805/14342 3806/14343
f 3807/14341 3806/14343 3809/14344
f 3799/14345 3820/14346 3371/14347
f 3799/14345 3371/14347 3808/14348
f 3807/14349 3809/14350 3810/14351
f 3807/14349 3810/14351 3812/14352
f 3807/14349 3812/14352 3813/14353
f 3807/14349 3813/14353 3814/14354
f 3807/14349 3814/14354 3802/14355
f 3807/14349 3802/14355 3804/14356
f 3809/14357 3806/14358 3811/14359
f 3809/14357 3811/14359 3810/14360
f 3810/14361 3811/14362 3787/14363
f 3810/14361 3787/14363 3812/14364
f 3812/14365 3787/14366 3815/14367
f 3812/14365 3815/14367 3813/14368
f 3813/14369 3815/14370 3797/14371
f 3813/14369 3797/14371 3814/14372
f 3806/14373 3375/14374 3786/14375
f 3806/14373 3786/14375 3811/14376
f 3817/14377 3816/14378 3800/14379
f 3817/14377 3800/14379 3741/14380
f 3818/14381 3816/14382 3817/14383
f 3818/14381 3817/14383 3819/14384
f 3820/14385 3799/14386 3816/14387
f 3820/14385 3816/14387 3818/14388
f 3367/14389 3820/14390 3818/14391
f 3367/14389 3818/14391 3365/14392
f 3818/14393 3819/14394 3363/14395
f 3818/14393 3363/14395 3365/14396
f 3819/14397 3817/14398 3723/14399
f 3819/14397 3723/14399 3821/14400
f 3363/14401 3819/14402 3821/14403
f 3363/14401 3821/14403 3361/14404
f 3821/14405 3722/14406 3359/14407
f 3821/14405 3359/14407 3361/14408
f 3728/14409 3817/14410 3741/14411
f 3728/14409 3741/14411 3732/14412
f 3822/14413 3863/14414 3775/14415
f 3822/14413 3775/14415 3777/14416
f 3777/14417 3823/14418 3824/14419
f 3777/14417 3824/14419 3822/14420
f 3398/14421 3826/14422 3824/14423
f 3398/14421 3824/14423 3823/14424
f 3826/14425 3827/14426 3825/14427
f 3826/14425 3825/14427 3824/14428
f 3822/14429 3824/14430 3825/14431
f 3822/14429 3825/14431 3860/14432
f 3830/14433 3827/14434 3826/14435
f 3830/14433 3826/14435 3828/14436
f 3400/14437 3407/14438 3826/14439
f 3400/14437 3826/14439 3398/14440
f 3828/14441 3826/14442 3407/14443
f 3828/14441 3407/14443 3829/14444
f 3831/14445 3828/14446 3829/14447
f 3831/14445 3829/14447 3833/14448
f 3832/14449 3830/14450 3828/14451
f 3832/14449 3828/14451 3831/14452
f 3835/14453 3836/14454 3982/14455
f 3835/14453 3982/14455 3981/14456
f 3835/14453 3981/14456 3832/14457
f 3835/14453 3832/14457 3831/14458
f 3835/14453 3831/14458 3833/14459
f 3835/14453 3833/14459 3834/14460
f 3833/14461 3829/14462 3408/14463
f 3833/14461 3408/14463 3834/14464
f 3834/14465 3408/14466 3837/14467
f 3834/14465 3837/14467 3835/14468
f 3835/14469 3837/14470 3838/14471
f 3835/14469 3838/14471 3836/14472
f 3837/14473 3409/14474 3840/14475
f 3837/14473 3840/14475 3838/14476
f 3836/14477 3838/14478 3839/14479
f 3836/14477 3839/14479 3982/14480
f 3838/14481 3840/14482 3842/14483
f 3838/14481 3842/14483 3839/14484
f 3979/14485 3841/14486 3840/14487
f 3979/14485 3840/14487 3413/14488
f 3840/14489 3841/14490 3844/14491
f 3840/14489 3844/14491 3842/14492
f 3842/14493 3844/14494 3845/14495
f 3842/14493 3845/14495 3843/14496
f 3839/14497 3842/14498 3843/14499
f 3839/14497 3843/14499 3980/14500
f 3844/14501 3846/14502 3849/14503
f 3844/14501 3849/14503 3845/14504
f 3841/14505 3847/14506 3846/14507
f 3841/14505 3846/14507 3844/14508
f 3848/14509 3846/14510 3847/14511
f 3848/14509 3847/14511 3973/14512
f 3850/14513 3849/14514 3846/14515
f 3850/14513 3846/14515 3848/14516
f 3968/14517 3851/14518 3849/14519
f 3968/14517 3849/14519 3850/14520
f 3849/14521 3851/14522 3853/14523
f 3849/14521 3853/14523 3852/14524
f 3845/14525 3849/14526 3852/14527
f 3845/14525 3852/14527 3855/14528
f 3854/14529 3852/14530 3853/14531
f 3854/14529 3853/14531 3873/14532
f 3856/14533 3855/14534 3852/14535
f 3856/14533 3852/14535 3854/14536
f 3843/14537 3845/14538 3855/14539
f 3843/14537 3855/14539 3857/14540
f 3857/14541 3855/14542 3856/14543
f 3857/14541 3856/14543 3858/14544
f 3860/14545 3825/14546 3857/14547
f 3860/14545 3857/14547 3858/14548
f 3827/14549 3843/14550 3857/14551
f 3827/14549 3857/14551 3825/14552
f 3856/14553 3868/14554 3859/14555
f 3856/14553 3859/14555 3858/14556
f 3859/14557 3861/14558 3860/14559
f 3859/14557 3860/14559 3858/14560
f 3860/14561 3861/14562 3863/14563
f 3860/14561 3863/14563 3822/14564
f 3859/14565 3865/14566 3862/14567
f 3859/14565 3862/14567 3861/14568
f 3861/14569 3862/14570 3864/14571
f 3861/14569 3864/14571 3863/14572
f 3863/14573 3864/14574 3773/14575
f 3863/14573 3773/14575 3775/14576
f 3868/14577 3866/14578 3865/14579
f 3868/14577 3865/14579 3859/14580
f 3869/14581 3867/14582 3866/14583
f 3869/14581 3866/14583 3868/14584
f 3854/14585 3869/14586 3868/14587
f 3854/14585 3868/14587 3856/14588
f 3870/14589 3872/14590 3867/14591
f 3870/14589 3867/14591 3869/14592
f 3873/14593 3870/14594 3869/14595
f 3873/14593 3869/14595 3854/14596
f 3874/14597 3871/14598 3870/14599
f 3874/14597 3870/14599 3873/14600
f 3871/14601 3933/14602 3872/14603
f 3871/14601 3872/14603 3870/14604
f 3873/14605 3853/14606 3875/14607
f 3873/14605 3875/14607 3874/14608
f 3874/14609 3875/14610 3879/14611
f 3874/14609 3879/14611 3876/14612
f 3876/14613 3878/14614 3871/14615
f 3876/14613 3871/14615 3874/14616
f 3877/14617 3930/14618 3878/14619
f 3877/14617 3878/14619 3876/14620
f 3876/14621 3879/14622 3881/14623
f 3876/14621 3881/14623 3877/14624
f 3880/14625 3883/14626 3881/14627
f 3880/14625 3881/14627 3879/14628
f 3965/14629 3880/14630 3879/14631
f 3965/14629 3879/14631 3875/14632
f 3877/14633 3881/14634 3882/14635
f 3877/14633 3882/14635 3928/14636
f 3883/14637 3884/14638 3882/14639
f 3883/14637 3882/14639 3881/14640
f 3888/14641 3886/14642 3883/14643
f 3888/14641 3883/14643 3880/14644
f 3909/14645 3884/14646 3883/14647
f 3909/14645 3883/14647 3885/14648
f 3885/14649 3883/14650 3886/14651
f 3885/14649 3886/14651 3887/14652
f 3887/14653 3886/14654 3889/14655
f 3887/14653 3889/14655 3891/14656
f 3890/14657 3889/14658 3886/14659
f 3890/14657 3886/14659 3888/14660
f 3893/14661 3889/14662 3890/14663
f 3893/14661 3890/14663 3429/14664
f 3891/14665 3889/14666 3892/14667
f 3891/14665 3892/14667 3902/14668
f 3889/14669 3893/14670 3894/14671
f 3889/14669 3894/14671 3892/14672
f 3893/14673 3430/14674 3434/14675
f 3893/14673 3434/14675 3894/14676
f 3894/14677 3434/14678 3436/14679
f 3894/14677 3436/14679 3895/14680
f 3892/14681 3894/14682 3895/14683
f 3892/14681 3895/14683 3897/14684
f 3895/14685 3436/14686 3438/14687
f 3895/14685 3438/14687 3896/14688
f 3897/14689 3895/14690 3896/14691
f 3897/14689 3896/14691 3898/14692
f 3897/14693 3898/14694 3914/14695
f 3897/14693 3914/14695 3899/14696
f 3900/14697 3897/14698 3899/14699
f 3900/14697 3899/14699 3901/14700
f 3902/14701 3892/14702 3897/14703
f 3902/14701 3897/14703 3900/14704
f 3903/14705 3900/14706 3901/14707
f 3903/14705 3901/14707 3905/14708
f 3904/14709 3902/14710 3900/14711
f 3904/14709 3900/14711 3903/14712
f 3904/14713 3903/14714 3905/14715
f 3904/14713 3905/14715 3906/14716
f 3904/14713 3906/14716 3907/14717
f 3904/14713 3907/14717 3957/14718
f 3904/14713 3957/14718 3958/14719
f 3904/14713 3958/14719 3959/14720
f 3905/14721 3901/14722 3908/14723
f 3905/14721 3908/14723 3906/14724
f 3906/14725 3908/14726 3909/14727
f 3906/14725 3909/14727 3907/14728
f 3901/14729 3899/14730 3910/14731
f 3901/14729 3910/14731 3908/14732
f 3908/14733 3910/14734 3884/14735
f 3908/14733 3884/14735 3909/14736
f 3884/14737 3910/14738 3911/14739
f 3884/14737 3911/14739 3882/14740
f 3910/14741 3912/14742 3915/14743
f 3910/14741 3915/14743 3911/14744
f 3899/14745 3914/14746 3912/14747
f 3899/14745 3912/14747 3910/14748
f 3914/14749 3951/14750 3913/14751
f 3914/14749 3913/14751 3912/14752
f 3912/14753 3913/14754 3917/14755
f 3912/14753 3917/14755 3915/14756
f 3916/14757 3915/14758 3917/14759
f 3916/14757 3917/14759 3919/14760
f 3911/14761 3915/14762 3916/14763
f 3911/14761 3916/14763 3926/14764
f 3913/14765 3934/14766 3918/14767
f 3913/14765 3918/14767 3917/14768
f 3919/14769 3917/14770 3918/14771
f 3919/14769 3918/14771 3572/14772
f 3922/14773 3916/14774 3919/14775
f 3922/14773 3919/14775 3920/14776
f 3920/14777 3919/14778 3572/14779
f 3920/14777 3572/14779 3574/14780
f 3921/14781 3920/14782 3574/14783
f 3921/14781 3574/14783 3576/14784
f 3923/14785 3922/14786 3920/14787
f 3923/14785 3920/14787 3921/14788
f 3925/14789 3924/14790 3922/14791
f 3925/14789 3922/14791 3923/14792
f 3924/14793 3926/14794 3916/14795
f 3924/14793 3916/14795 3922/14796
f 3929/14797 3927/14798 3924/14799
f 3929/14797 3924/14799 3925/14800
f 3927/14801 3928/14802 3926/14803
f 3927/14801 3926/14803 3924/14804
f 3930/14805 3877/14806 3928/14807
f 3930/14805 3928/14807 3927/14808
f 3931/14809 3930/14810 3927/14811
f 3931/14809 3927/14811 3929/14812
f 3878/14813 3930/14814 3931/14815
f 3878/14813 3931/14815 3932/14816
f 3871/14817 3878/14818 3932/14819
f 3871/14817 3932/14819 3933/14820
f 3928/14821 3882/14822 3911/14823
f 3928/14821 3911/14823 3926/14824
f 3934/14825 3936/14826 3571/14827
f 3934/14825 3571/14827 3918/14828
f 3935/14829 3934/14830 3913/14831
f 3935/14829 3913/14831 3950/14832
f 3937/14833 3936/14834 3934/14835
f 3937/14833 3934/14835 3935/14836
f 3939/14837 3938/14838 3936/14839
f 3939/14837 3936/14839 3937/14840
f 3938/14841 3555/14842 3558/14843
f 3938/14841 3558/14843 3936/14844
f 3936/14845 3558/14846 3569/14847
f 3936/14845 3569/14847 3571/14848
f 3941/14849 3449/14850 3938/14851
f 3941/14849 3938/14851 3939/14852
f 3449/14853 3451/14854 3555/14855
f 3449/14853 3555/14855 3938/14856
f 3943/14857 3941/14858 3939/14859
f 3943/14857 3939/14859 3940/14860
f 3940/14861 3939/14862 3937/14863
f 3940/14861 3937/14863 3956/14864
f 3942/14865 3953/14866 3449/14867
f 3942/14865 3449/14867 3941/14868
f 3944/14869 3942/14870 3941/14871
f 3944/14869 3941/14871 3943/14872
f 3944/14873 3943/14874 3940/14875
f 3944/14873 3940/14875 3956/14876
f 3944/14873 3956/14876 3955/14877
f 3944/14873 3955/14877 3948/14878
f 3944/14873 3948/14878 3947/14879
f 3944/14873 3947/14879 3945/14880
f 3945/14881 3946/14882 3942/14883
f 3945/14881 3942/14883 3944/14884
f 3947/14885 3949/14886 3946/14887
f 3947/14885 3946/14887 3945/14888
f 3948/14889 3950/14890 3949/14891
f 3948/14889 3949/14891 3947/14892
f 3949/14893 3951/14894 3952/14895
f 3949/14893 3952/14895 3946/14896
f 3950/14897 3913/14898 3951/14899
f 3950/14897 3951/14899 3949/14900
f 3898/14901 3952/14902 3951/14903
f 3898/14901 3951/14903 3914/14904
f 3952/14905 3954/14906 3448/14907
f 3952/14905 3448/14907 3953/14908
f 3946/14909 3952/14910 3953/14911
f 3946/14909 3953/14911 3942/14912
f 3898/14913 3896/14914 3954/14915
f 3898/14913 3954/14915 3952/14916
f 3954/14917 3440/14918 3442/14919
f 3954/14917 3442/14919 3448/14920
f 3896/14921 3438/14922 3440/14923
f 3896/14921 3440/14923 3954/14924
f 3955/14925 3935/14926 3950/14927
f 3955/14925 3950/14927 3948/14928
f 3956/14929 3937/14930 3935/14931
f 3956/14929 3935/14931 3955/14932
f 3907/14933 3909/14934 3885/14935
f 3907/14933 3885/14935 3957/14936
f 3957/14937 3885/14938 3887/14939
f 3957/14937 3887/14939 3958/14940
f 3958/14941 3887/14942 3891/14943
f 3958/14941 3891/14943 3959/14944
f 3959/14945 3891/14946 3902/14947
f 3959/14945 3902/14947 3904/14948
f 3429/14949 3890/14950 3960/14951
f 3429/14949 3960/14951 3427/14952
f 3960/14953 3890/14954 3888/14955
f 3960/14953 3888/14955 3963/14956
f 3427/14957 3960/14958 3961/14959
f 3427/14957 3961/14959 3425/14960
f 3976/14961 3961/14962 3960/14963
f 3976/14961 3960/14963 3962/14964
f 3962/14965 3960/14966 3963/14967
f 3962/14965 3963/14967 3964/14968
f 3963/14969 3888/14970 3880/14971
f 3963/14969 3880/14971 3965/14972
f 3964/14973 3963/14974 3965/14975
f 3964/14973 3965/14975 3966/14976
f 3966/14977 3965/14978 3851/14979
f 3966/14977 3851/14979 3968/14980
f 3851/14981 3965/14982 3875/14983
f 3851/14981 3875/14983 3853/14984
f 3977/14985 3964/14986 3966/14987
f 3977/14985 3966/14987 3967/14988
f 3967/14989 3966/14990 3968/14991
f 3967/14989 3968/14991 3969/14992
f 3969/14993 3968/14994 3850/14995
f 3969/14993 3850/14995 3970/14996
f 3974/14997 3975/14998 3977/14999
f 3974/14997 3977/14999 3967/15000
f 3974/14997 3967/15000 3969/15001
f 3974/14997 3969/15001 3970/15002
f 3974/14997 3970/15002 3971/15003
f 3974/14997 3971/15003 3972/15004
f 3970/15005 3850/15006 3848/15007
f 3970/15005 3848/15007 3971/15008
f 3971/15009 3848/15010 3973/15011
f 3971/15009 3973/15011 3972/15012
f 3972/15013 3973/15014 3976/15015
f 3972/15013 3976/15015 3974/15016
f 3974/15017 3976/15018 3962/15019
f 3974/15017 3962/15019 3975/15020
f 3973/15021 3847/15022 3961/15023
f 3973/15021 3961/15023 3976/15024
f 3975/15025 3962/15026 3964/15027
f 3975/15025 3964/15027 3977/15028
f 3425/15029 3961/15030 3847/15031
f 3425/15029 3847/15031 3978/15032
f 3978/15033 3847/15034 3841/15035
f 3978/15033 3841/15035 3979/15036
f 3421/15037 3978/15038 3979/15039
f 3421/15037 3979/15039 3417/15040
f 3980/15041 3843/15042 3827/15043
f 3980/15041 3827/15043 3830/15044
f 3981/15045 3980/15046 3830/15047
f 3981/15045 3830/15047 3832/15048
f 3982/15049 3839/15050 3980/15051
f 3982/15049 3980/15051 3981/15052
f 3983/15053 3724/15054 3715/15055
f 3983/15053 3715/15055 4005/15056
f 3984/15057 3724/15058 3983/15059
f 3984/15057 3983/15059 3985/15060
f 3359/15061 3722/15062 3984/15063
f 3359/15061 3984/15063 3357/15064
f 3984/15065 3985/15066 3355/15067
f 3984/15065 3355/15067 3357/15068
f 3986/15069 3353/15070 3355/15071
f 3986/15069 3355/15071 3985/15072
f 3988/15073 3986/15074 3985/15075
f 3988/15073 3985/15075 3983/15076
f 3987/15077 3349/15078 3353/15079
f 3987/15077 3353/15079 3986/15080
f 3989/15081 3987/15082 3986/15083
f 3989/15081 3986/15083 3988/15084
f 3993/15085 3989/15086 3988/15087
f 3993/15085 3988/15087 3990/15088
f 3990/15089 3988/15090 3983/15091
f 3990/15089 3983/15091 3991/15092
f 3992/15093 3990/15094 3991/15095
f 3992/15093 3991/15095 4006/15096
f 3995/15097 3993/15098 3990/15099
f 3995/15097 3990/15099 3992/15100
f 3996/15101 3994/15102 3993/15103
f 3996/15101 3993/15103 3995/15104
f 3994/15105 4009/15106 3989/15107
f 3994/15105 3989/15107 3993/15108
f 3992/15109 4006/15110 4002/15111
f 3992/15109 4002/15111 4001/15112
f 3992/15109 4001/15112 3999/15113
f 3992/15109 3999/15113 3997/15114
f 3992/15109 3997/15114 3996/15115
f 3992/15109 3996/15115 3995/15116
f 3997/15117 3998/15118 3994/15119
f 3997/15117 3994/15119 3996/15120
f 3999/15121 4000/15122 3998/15123
f 3999/15121 3998/15123 3997/15124
f 4001/15125 4003/15126 4000/15127
f 4001/15125 4000/15127 3999/15128
f 4002/15129 4004/15130 4003/15131
f 4002/15129 4003/15131 4001/15132
f 4003/15133 3710/15134 3708/15135
f 4003/15133 3708/15135 4000/15136
f 4004/15137 4005/15138 3710/15139
f 4004/15137 3710/15139 4003/15140
f 3991/15141 3983/15142 4005/15143
f 3991/15141 4005/15143 4004/15144
f 4006/15145 3991/15146 4004/15147
f 4006/15145 4004/15147 4002/15148
f 4000/15149 3708/15150 4007/15151
f 4000/15149 4007/15151 3998/15152
f 3998/15153 4007/15154 4009/15155
f 3998/15153 4009/15155 3994/15156
f 4008/15157 4007/15158 3707/15159
f 4008/15157 3707/15159 4169/15160
f 4010/15161 4009/15162 4007/15163
f 4010/15161 4007/15163 4008/15164
f 4011/15165 3989/15166 4009/15167
f 4011/15165 4009/15167 4010/15168
f 4015/15169 4011/15170 4010/15171
f 4015/15169 4010/15171 4012/15172
f 4012/15173 4010/15174 4008/15175
f 4012/15173 4008/15175 4014/15176
f 4016/15177 4015/15178 4012/15179
f 4016/15177 4012/15179 4013/15180
f 4013/15181 4012/15182 4014/15183
f 4013/15181 4014/15183 4027/15184
f 3348/15185 4011/15186 4015/15187
f 3348/15185 4015/15187 3346/15188
f 3346/15189 4015/15190 4017/15191
f 3346/15189 4017/15191 3344/15192
f 4019/15193 4017/15194 4015/15195
f 4019/15193 4015/15195 4016/15196
f 4020/15197 4018/15198 4017/15199
f 4020/15197 4017/15199 4019/15200
f 3344/15201 4017/15202 4018/15203
f 3344/15201 4018/15203 3335/15204
f 4022/15205 4020/15206 4019/15207
f 4022/15205 4019/15207 4021/15208
f 4021/15209 4019/15210 4016/15211
f 4021/15209 4016/15211 4023/15212
f 4021/15213 4023/15214 4024/15215
f 4021/15213 4024/15215 4025/15216
f 4021/15213 4025/15216 4026/15217
f 4021/15213 4026/15217 4168/15218
f 4021/15213 4168/15218 4167/15219
f 4021/15213 4167/15219 4022/15220
f 4023/15221 4016/15222 4013/15223
f 4023/15221 4013/15223 4024/15224
f 4024/15225 4013/15226 4027/15227
f 4024/15225 4027/15227 4025/15228
f 4025/15229 4027/15230 4028/15231
f 4025/15229 4028/15231 4026/15232
f 4027/15233 4014/15234 4030/15235
f 4027/15233 4030/15235 4028/15236
f 4026/15237 4028/15238 4029/15239
f 4026/15237 4029/15239 4168/15240
f 4028/15241 4030/15242 4031/15243
f 4028/15241 4031/15243 4029/15244
f 4031/15245 4030/15246 3686/15247
f 4031/15245 3686/15247 3684/15248
f 4030/15249 4014/15250 3689/15251
f 4030/15249 3689/15251 3686/15252
f 4035/15253 4033/15254 4031/15255
f 4035/15253 4031/15255 4032/15256
f 4032/15257 4031/15258 3684/15259
f 4032/15257 3684/15259 3681/15260
f 4029/15261 4031/15262 4033/15263
f 4029/15261 4033/15263 4034/15264
f 4034/15265 4033/15266 4018/15267
f 4034/15265 4018/15267 4020/15268
f 3334/15269 4018/15270 4033/15271
f 3334/15269 4033/15271 4035/15272
f 4036/15273 4035/15274 4032/15275
f 4036/15273 4032/15275 4038/15276
f 3332/15277 3334/15278 4035/15279
f 3332/15277 4035/15279 4036/15280
f 4046/15281 3332/15282 4036/15283
f 4046/15281 4036/15283 4037/15284
f 4037/15285 4036/15286 4038/15287
f 4037/15285 4038/15287 4040/15288
f 4038/15289 3678/15290 3676/15291
f 4038/15289 3676/15291 4039/15292
f 4038/15293 4032/15294 3681/15295
f 4038/15293 3681/15295 3678/15296
f 4040/15297 4038/15298 4039/15299
f 4040/15297 4039/15299 4041/15300
f 4042/15301 4040/15302 4041/15303
f 4042/15301 4041/15303 4043/15304
f 4044/15305 4037/15306 4040/15307
f 4044/15305 4040/15307 4042/15308
f 4047/15309 4045/15310 4044/15311
f 4047/15309 4044/15311 4042/15312
f 4047/15309 4042/15312 4043/15313
f 4047/15309 4043/15313 4058/15314
f 4047/15309 4058/15314 4059/15315
f 4047/15309 4059/15315 4048/15316
f 4045/15317 4046/15318 4037/15319
f 4045/15317 4037/15319 4044/15320
f 4047/15321 4049/15322 4046/15323
f 4047/15321 4046/15323 4045/15324
f 4048/15325 4050/15326 4049/15327
f 4048/15325 4049/15327 4047/15328
f 4050/15329 4052/15330 3330/15331
f 4050/15329 3330/15331 4049/15332
f 4049/15333 3330/15334 3332/15335
f 4049/15333 3332/15335 4046/15336
f 4059/15337 4051/15338 4050/15339
f 4059/15337 4050/15339 4048/15340
f 4051/15341 4054/15342 4052/15343
f 4051/15341 4052/15343 4050/15344
f 3325/15345 4052/15346 4053/15347
f 3325/15345 4053/15347 3322/15348
f 4053/15349 4052/15350 4054/15351
f 4053/15349 4054/15351 4056/15352
f 4057/15353 4055/15354 4054/15355
f 4057/15353 4054/15355 4051/15356
f 4056/15357 4054/15358 4055/15359
f 4056/15357 4055/15359 3648/15360
f 4060/15361 4053/15362 4056/15363
f 4060/15361 4056/15363 3647/15364
f 4041/15365 4039/15366 4055/15367
f 4041/15365 4055/15367 4057/15368
f 4039/15369 3676/15370 3653/15371
f 4039/15369 3653/15371 4055/15372
f 4058/15373 4057/15374 4051/15375
f 4058/15373 4051/15375 4059/15376
f 4043/15377 4041/15378 4057/15379
f 4043/15377 4057/15379 4058/15380
f 3322/15381 4053/15382 4060/15383
f 3322/15381 4060/15383 3320/15384
f 3320/15385 4060/15386 4062/15387
f 3320/15385 4062/15387 4063/15388
f 4061/15389 4060/15390 3647/15391
f 4061/15389 3647/15391 4072/15392
f 4065/15393 4062/15394 4060/15395
f 4065/15393 4060/15395 4061/15396
f 4063/15397 4062/15398 4064/15399
f 4063/15397 4064/15399 4077/15400
f 4066/15401 4064/15402 4062/15403
f 4066/15401 4062/15403 4065/15404
f 4068/15405 4066/15406 4065/15407
f 4068/15405 4065/15407 4067/15408
f 4067/15409 4065/15410 4061/15411
f 4067/15409 4061/15411 4069/15412
f 4067/15413 4069/15414 4070/15415
f 4067/15413 4070/15415 4071/15416
f 4067/15413 4071/15416 4073/15417
f 4067/15413 4073/15417 4074/15418
f 4067/15413 4074/15418 4075/15419
f 4067/15413 4075/15419 4068/15420
f 4069/15421 4061/15422 4072/15423
f 4069/15421 4072/15423 4070/15424
f 4070/15425 4072/15426 3649/15427
f 4070/15425 3649/15427 4071/15428
f 4071/15429 3649/15430 3644/15431
f 4071/15429 3644/15431 4073/15432
f 4073/15433 3644/15434 3642/15435
f 4073/15433 3642/15435 4074/15436
f 4074/15437 3642/15438 4076/15439
f 4074/15437 4076/15439 4075/15440
f 4075/15441 4076/15442 4066/15443
f 4075/15441 4066/15443 4068/15444
f 4076/15445 3641/15446 4064/15447
f 4076/15445 4064/15447 4066/15448
f 4077/15449 4064/15450 4078/15451
f 4077/15449 4078/15451 4079/15452
f 4078/15453 4064/15454 3641/15455
f 4078/15453 3641/15455 3638/15456
f 4080/15457 4078/15458 3638/15459
f 4080/15457 3638/15459 3634/15460
f 4079/15461 4078/15462 4080/15463
f 4079/15461 4080/15463 4081/15464
f 4082/15465 4100/15466 4081/15467
f 4082/15465 4081/15467 4080/15468
f 4086/15469 4082/15470 4080/15471
f 4086/15469 4080/15471 4083/15472
f 4083/15473 4080/15474 3634/15475
f 4083/15473 3634/15475 4085/15476
f 4084/15477 4083/15478 4085/15479
f 4084/15477 4085/15479 4166/15480
f 4088/15481 4086/15482 4083/15483
f 4088/15481 4083/15483 4084/15484
f 4087/15485 4096/15486 4082/15487
f 4087/15485 4082/15487 4086/15488
f 4089/15489 4087/15490 4086/15491
f 4089/15489 4086/15491 4088/15492
f 4088/15493 4084/15494 4166/15495
f 4088/15493 4166/15495 4165/15496
f 4088/15493 4165/15496 4164/15497
f 4088/15493 4164/15497 4091/15498
f 4088/15493 4091/15498 4090/15499
f 4088/15493 4090/15499 4089/15500
f 4090/15501 4092/15502 4087/15503
f 4090/15501 4087/15503 4089/15504
f 4091/15505 4094/15506 4092/15507
f 4091/15505 4092/15507 4090/15508
f 4092/15509 4093/15510 4096/15511
f 4092/15509 4096/15511 4087/15512
f 4094/15513 3631/15514 4093/15515
f 4094/15513 4093/15515 4092/15516
f 4164/15517 3632/15518 4094/15519
f 4164/15517 4094/15519 4091/15520
f 4095/15521 4093/15522 3631/15523
f 4095/15521 3631/15523 4142/15524
f 4097/15525 4096/15526 4093/15527
f 4097/15525 4093/15527 4095/15528
f 4098/15529 4096/15530 4097/15531
f 4098/15529 4097/15531 4099/15532
f 4096/15533 4098/15534 4100/15535
f 4096/15533 4100/15535 4082/15536
f 4098/15537 3306/15538 3308/15539
f 4098/15537 3308/15539 4100/15540
f 3306/15541 4098/15542 4099/15543
f 3306/15541 4099/15543 4102/15544
f 4100/15545 3308/15546 3310/15547
f 4100/15545 3310/15547 4081/15548
f 4099/15549 4097/15550 4134/15551
f 4099/15549 4134/15551 4101/15552
f 4102/15553 4099/15554 4101/15555
f 4102/15553 4101/15555 4103/15556
f 4103/15557 4105/15558 3305/15559
f 4103/15557 3305/15559 4102/15560
f 4112/15561 4104/15562 4103/15563
f 4112/15561 4103/15563 4101/15564
f 4104/15565 4106/15566 4105/15567
f 4104/15565 4105/15567 4103/15568
f 4107/15569 4106/15570 4104/15571
f 4107/15569 4104/15571 4109/15572
f 4110/15573 4108/15574 4107/15575
f 4110/15573 4107/15575 4109/15576
f 4114/15577 4110/15578 4109/15579
f 4114/15577 4109/15579 4111/15580
f 4111/15581 4109/15582 4104/15583
f 4111/15581 4104/15583 4112/15584
f 4113/15585 4111/15586 4112/15587
f 4113/15585 4112/15587 4136/15588
f 4115/15589 4114/15590 4111/15591
f 4115/15589 4111/15591 4113/15592
f 3495/15593 4154/15594 4110/15595
f 3495/15593 4110/15595 4114/15596
f 3498/15597 3495/15598 4114/15599
f 3498/15597 4114/15599 4115/15600
f 3498/15601 4115/15602 4116/15603
f 3498/15601 4116/15603 4118/15604
f 4115/15605 4113/15606 4119/15607
f 4115/15605 4119/15607 4116/15608
f 4118/15609 4116/15610 4117/15611
f 4118/15609 4117/15611 4148/15612
f 4116/15613 4119/15614 4121/15615
f 4116/15613 4121/15615 4117/15616
f 4120/15617 4119/15618 4113/15619
f 4120/15617 4113/15619 4137/15620
f 4123/15621 4121/15622 4119/15623
f 4123/15621 4119/15623 4120/15624
f 4117/15625 4121/15626 3607/15627
f 4117/15625 3607/15627 3605/15628
f 4121/15629 4122/15630 4145/15631
f 4121/15629 4145/15631 3607/15632
f 4125/15633 4122/15634 4121/15635
f 4125/15633 4121/15635 4123/15636
f 4124/15637 4123/15638 4120/15639
f 4124/15637 4120/15639 4140/15640
f 4127/15641 4125/15642 4123/15643
f 4127/15641 4123/15643 4124/15644
f 4128/15645 4126/15646 4125/15647
f 4128/15645 4125/15647 4127/15648
f 4126/15649 4141/15650 4122/15651
f 4126/15649 4122/15651 4125/15652
f 4138/15653 4130/15654 4129/15655
f 4138/15653 4129/15655 4128/15656
f 4138/15653 4128/15656 4127/15657
f 4138/15653 4127/15657 4124/15658
f 4138/15653 4124/15658 4140/15659
f 4138/15653 4140/15659 4139/15660
f 4129/15661 4131/15662 4126/15663
f 4129/15661 4126/15663 4128/15664
f 4130/15665 4133/15666 4131/15667
f 4130/15665 4131/15667 4129/15668
f 4131/15669 4132/15670 4141/15671
f 4131/15669 4141/15671 4126/15672
f 4133/15673 4134/15674 4132/15675
f 4133/15673 4132/15675 4131/15676
f 4138/15677 4135/15678 4133/15679
f 4138/15677 4133/15679 4130/15680
f 4135/15681 4136/15682 4134/15683
f 4135/15681 4134/15683 4133/15684
f 4137/15685 4113/15686 4136/15687
f 4137/15685 4136/15687 4135/15688
f 4139/15689 4137/15690 4135/15691
f 4139/15689 4135/15691 4138/15692
f 4140/15693 4120/15694 4137/15695
f 4140/15693 4137/15695 4139/15696
f 4136/15697 4112/15698 4101/15699
f 4136/15697 4101/15699 4134/15700
f 4134/15701 4097/15702 4095/15703
f 4134/15701 4095/15703 4132/15704
f 4132/15705 4095/15706 4142/15707
f 4132/15705 4142/15707 4141/15708
f 4141/15709 4142/15710 4144/15711
f 4141/15709 4144/15711 4143/15712
f 4122/15713 4141/15714 4143/15715
f 4122/15713 4143/15715 4145/15716
f 4146/15717 4143/15718 4144/15719
f 4146/15717 4144/15719 4147/15720
f 4145/15721 4143/15722 4146/15723
f 4145/15721 4146/15723 3608/15724
f 3610/15725 3608/15726 4146/15727
f 3610/15725 4146/15727 3615/15728
f 3615/15729 4146/15730 4147/15731
f 3615/15729 4147/15731 3617/15732
f 4147/15733 4144/15734 3629/15735
f 4147/15733 3629/15735 3626/15736
f 3617/15737 4147/15738 3626/15739
f 3617/15737 3626/15739 3619/15740
f 4142/15741 3631/15742 3629/15743
f 4142/15741 3629/15743 4144/15744
f 4149/15745 4118/15746 4148/15747
f 4149/15745 4148/15747 4150/15748
f 3500/15749 3498/15750 4118/15751
f 3500/15749 4118/15751 4149/15752
f 4151/15753 4149/15754 4150/15755
f 4151/15753 4150/15755 4152/15756
f 3503/15757 3500/15758 4149/15759
f 3503/15757 4149/15759 4151/15760
f 4152/15761 4150/15762 3510/15763
f 4152/15761 3510/15763 4153/15764
f 4150/15765 4148/15766 3513/15767
f 4150/15765 3513/15767 3510/15768
f 4148/15769 4117/15770 3605/15771
f 4148/15769 3605/15771 3602/15772
f 3513/15773 4148/15774 3602/15775
f 3513/15773 3602/15775 3515/15776
f 4154/15777 4155/15778 4108/15779
f 4154/15777 4108/15779 4110/15780
f 3496/15781 4156/15782 4155/15783
f 3496/15781 4155/15783 4154/15784
f 3493/15785 4157/15786 4156/15787
f 3493/15785 4156/15787 3496/15788
f 3491/15789 4158/15790 4157/15791
f 3491/15789 4157/15791 3493/15792
f 4161/15793 4159/15794 4158/15795
f 4161/15793 4158/15795 3491/15796
f 4162/15797 4160/15798 4159/15799
f 4162/15797 4159/15799 4161/15800
f 4161/15801 3487/15802 3468/15803
f 4161/15801 3468/15803 4162/15804
f 4163/15805 4160/15806 4162/15807
f 4163/15805 4162/15807 3464/15808
f 4165/15809 3635/15810 3632/15811
f 4165/15809 3632/15811 4164/15812
f 4166/15813 4085/15814 3635/15815
f 4166/15813 3635/15815 4165/15816
f 4079/15817 4081/15818 3310/15819
f 4079/15817 3310/15819 3312/15820
f 3314/15821 4077/15822 4079/15823
f 3314/15821 4079/15823 3312/15824
f 4063/15825 4077/15826 3314/15827
f 4063/15825 3314/15827 3316/15828
f 4168/15829 4029/15830 4034/15831
f 4168/15829 4034/15831 4167/15832
f 4167/15833 4034/15834 4020/15835
f 4167/15833 4020/15835 4022/15836
f 4014/15837 4008/15838 4169/15839
f 4014/15837 4169/15839 3689/15840
f 3987/15841 3989/15842 4011/15843
f 3987/15841 4011/15843 3348/15844
f 3690/15845 4169/15846 3707/15847
f 3690/15845 3707/15847 3701/15848
f 3591/15849 3518/15850 3516/15851
f 3591/15849 3516/15851 3595/15852
f 3584/15853 3532/15854 3523/15855
f 3584/15853 3523/15855 3587/15856
f 3563/15857 3561/15858 3532/15859
f 3563/15857 3532/15859 3584/15860
f 4170/15861 3411/15862 4172/15863
f 4170/15861 4172/15863 4171/15864
f 4171/15865 4172/15866 4175/15867
f 4171/15865 4175/15867 4173/15868
f 4173/15869 4175/15870 4176/15871
f 4173/15869 4176/15871 4174/15872
f 4175/15873 3403/15874 4177/15875
f 4175/15873 4177/15875 4176/15876
f 3405/15877 3403/15878 4175/15879
f 3405/15877 4175/15879 4172/15880
f 4177/15881 3377/15882 4178/15883
f 4177/15881 4178/15883 4176/15884
f 4174/15885 4176/15886 4178/15887
f 4174/15885 4178/15887 4179/15888
f 4179/15889 4178/15890 3373/15891
f 4179/15889 3373/15891 4180/15892
f 4183/15893 3384/15894 3402/15895
f 4183/15893 3402/15895 4181/15896
f 4181/15897 3402/15898 3395/15899
f 4181/15897 3395/15899 4182/15900
