# Arm5_L__Bbody: 7714 tris
v 0.00290057 -0.03232613 -0.01452699
v 0.00428698 -0.03501832 -0.00846436
v 0.00472137 -0.03162246 -0.01462903
v 0.00341179 -0.03377541 -0.01536150
v 0.00138299 -0.02923943 -0.02030924
v 0.00184376 -0.03057791 -0.02133344
v 0.00320379 -0.02853471 -0.02041076
v -0.00042904 -0.02527191 -0.02528852
v -0.00005863 -0.02641121 -0.02656083
v 0.00139177 -0.02456695 -0.02538927
v -0.00251944 -0.02045077 -0.02931372
v -0.00225785 -0.02134005 -0.03079601
v -0.00069945 -0.01974604 -0.02941522
v -0.00480501 -0.01496930 -0.03224461
v -0.00466263 -0.01557134 -0.03387960
v -0.00298421 -0.01426458 -0.03234613
v -0.00719864 -0.00903270 -0.03392737
v -0.00962102 -0.00282783 -0.03425296
v -0.00537703 -0.00832725 -0.03402910
v -0.00718500 -0.00931403 -0.03565162
v -0.00739944 -0.00943486 -0.03586919
v -0.00973541 -0.00277983 -0.03599637
v -0.00996744 -0.00285762 -0.03621522
v -0.01222264 0.00378690 -0.03495377
v -0.01199061 0.00343032 -0.03325847
v -0.01455223 0.01013231 -0.03260680
v -0.01246902 0.00375131 -0.03516614
v -0.01481220 0.01013423 -0.03280543
v -0.01693221 0.00202063 -0.03491714
v -0.01443783 -0.00458930 -0.03596427
v -0.01711704 0.00188983 -0.03468047
v -0.01926743 0.00840606 -0.03255637
v -0.02135139 0.01431093 -0.02896926
v -0.01943861 0.00823646 -0.03233471
v -0.01909782 0.00759107 -0.03074614
v -0.02150980 0.01410570 -0.02876862
v -0.02324341 0.01925920 -0.02409075
v -0.02107383 0.01319072 -0.02734521
v -0.02272902 0.01810691 -0.02288068
v -0.02289382 0.01248468 -0.02724246
v -0.02332900 0.01339943 -0.02866665
v -0.02091781 0.00688502 -0.03064339
v -0.02454820 0.01739991 -0.02277847
v -0.02506340 0.01855219 -0.02398856
v -0.02582820 0.02146580 -0.01744568
v -0.02640420 0.02281129 -0.01840072
v -0.02668260 0.02452021 -0.01147176
v -0.02400821 0.02217254 -0.01754613
v -0.02486261 0.02522768 -0.01157242
v -0.02458420 0.02351854 -0.01850214
v -0.02444502 0.02378110 -0.01863987
v -0.02548101 0.02672440 -0.01223131
v -0.02588180 0.02871365 -0.00550895
v -0.02534662 0.02700616 -0.01233053
v -0.02574981 0.02900895 -0.00556297
v -0.02090503 0.02872940 -0.01257644
v -0.02000261 0.02550517 -0.01888602
v -0.02060743 0.02861532 -0.01250025
v -0.02130981 0.03073242 -0.00580812
v -0.02100821 0.03060553 -0.00577735
v -0.02117940 0.03138909 0.00118350
v -0.02561942 0.02966538 0.00142787
v -0.02054101 0.03072688 0.00813854
v -0.02087861 0.03125711 0.00116734
v -0.02024899 0.02962781 0.00113170
v -0.02024341 0.03060027 0.00807646
v -0.01914340 0.02869837 0.01468361
v -0.01964503 0.02900238 0.00769627
v -0.01859942 0.02719446 0.01397840
v -0.01782499 0.02970852 0.00759682
v -0.01677862 0.02790120 0.01387795
v -0.01842819 0.03033300 0.00103172
v -0.01842342 0.03130627 0.00797624
v -0.01905862 0.03196384 0.00106687
v -0.01828500 0.03160179 0.00801407
v -0.01732341 0.02940511 0.01458316
v -0.01717621 0.02968871 0.01466471
v -0.01579701 0.02632579 0.02062558
v -0.01563860 0.02659083 0.02074531
v -0.01392900 0.02226151 0.02594907
v -0.01532422 0.02496863 0.01963124
v -0.01351300 0.02103070 0.02477792
v -0.01714421 0.02426167 0.01973093
v -0.01761700 0.02561978 0.02072581
v -0.01533223 0.02032277 0.02487706
v -0.01339380 0.01601479 0.02971086
v -0.01574823 0.02155440 0.02604797
v -0.01380583 0.01722931 0.03090033
v -0.01602579 0.02162978 0.02621491
v -0.01790019 0.02571414 0.02086947
v -0.02045379 0.01990492 0.02645545
v -0.01408502 0.01729939 0.03106885
v -0.01181942 0.01819351 0.03094698
v -0.01850501 0.01553410 0.03129988
v -0.02076021 0.01461248 0.03141085
v -0.01867381 0.01528656 0.03115231
v -0.02048183 0.01454825 0.03124224
v -0.01825381 0.01409086 0.02994797
v -0.02062102 0.01965803 0.02631269
v -0.02249141 0.02372817 0.02099244
v -0.02020021 0.01843446 0.02513517
v -0.02201701 0.02237160 0.01999709
v -0.02201939 0.01772428 0.02523247
v -0.02243939 0.01894703 0.02641024
v -0.02383700 0.02166440 0.02009601
v -0.02006102 0.01335100 0.03003836
v -0.02431062 0.02302120 0.02109213
v -0.02529140 0.02459693 0.01434525
v -0.02633701 0.02640426 0.00806412
v -0.02347141 0.02530390 0.01424556
v -0.02583700 0.02610075 0.01505049
v -0.02612820 0.02621439 0.01515573
v -0.02693701 0.02800119 0.00844378
v -0.02757221 0.02865825 0.00153539
v -0.02723461 0.02812771 0.00850587
v -0.02787299 0.02878964 0.00155257
v -0.03129859 0.02654618 0.00872824
v -0.03018980 0.02463409 0.01537688
v -0.03143699 0.02625034 0.00868965
v -0.03193860 0.02720671 0.00177621
v -0.03207140 0.02690714 0.00178303
v -0.03206899 0.02655060 -0.00521390
v -0.03220101 0.02625544 -0.00515908
v -0.02800260 0.02813403 -0.00543852
v -0.03166661 0.02454817 -0.01197991
v -0.02759860 0.02613115 -0.01220605
v -0.03076740 0.02132212 -0.01828726
v -0.03180101 0.02426652 -0.01188070
v -0.03090661 0.02106052 -0.01814899
v -0.03118100 0.02277075 -0.01122128
v -0.03032821 0.01971584 -0.01719423
v -0.03299940 0.02206100 -0.01111992
v -0.03156099 0.02466095 -0.00483839
v -0.03143780 0.02527857 0.00174717
v -0.03338020 0.02395171 -0.00473801
v -0.03401940 0.02554642 -0.00505795
v -0.03325701 0.02456932 0.00184755
v -0.03265381 0.02394475 0.00840937
v -0.03389061 0.02619716 0.00188363
v -0.03419139 0.02632832 0.00190004
v -0.03325541 0.02554095 0.00878923
v -0.03215540 0.02364005 0.01539441
v -0.03355300 0.02566665 0.00885159
v -0.03705699 0.02429760 0.00904159
v -0.03244741 0.02375443 0.01549945
v -0.03091381 0.02065562 0.02157699
v -0.03594820 0.02238669 0.01568821
v -0.03609459 0.02210122 0.01560641
v -0.03441300 0.01928971 0.02176353
v -0.03252661 0.01516278 0.02708673
v -0.03456981 0.01902517 0.02164281
v -0.03409059 0.01767453 0.02064234
v -0.03269301 0.01491875 0.02693726
v -0.03068741 0.01026684 0.03164506
v -0.03226900 0.01373135 0.02572707
v -0.03408580 0.01301388 0.02581405
v -0.03027699 0.00916821 0.03034710
v -0.03207782 0.00841005 0.03039037
v -0.03089140 0.00813269 0.03098880
v -0.03130901 0.00920074 0.03231021
v -0.03129461 0.00916944 0.03264387
v -0.03248899 0.00950785 0.03168858
v -0.03276580 0.00955935 0.03186188
v -0.03450899 0.01420173 0.02702576
v -0.03638821 0.01831275 0.02173830
v -0.03478661 0.01427049 0.02719553
v -0.03868820 0.01272813 0.02737600
v -0.03667140 0.01840532 0.02188165
v -0.03820419 0.02150194 0.01580811
v -0.04057939 0.01686933 0.02208361
v -0.04211220 0.01996290 0.01601350
v -0.04483139 0.01517116 0.02228516
v -0.04975778 0.01284463 0.02181399
v -0.04293940 0.01103026 0.02754822
v -0.04636180 0.01826033 0.01622557
v -0.05128819 0.01585059 0.01586057
v -0.04746579 0.02016673 0.00959702
v -0.05238420 0.01770544 0.00934116
v -0.04810340 0.02082619 0.00266621
v -0.04321780 0.02187287 0.00937466
v -0.04385619 0.02253343 0.00243096
v -0.03930981 0.02341281 0.00916402
v -0.03901140 0.02328807 0.00910222
v -0.03994820 0.02407458 0.00221577
v -0.03964660 0.02394424 0.00219912
v -0.04007699 0.02341876 -0.00476773
v -0.03977620 0.02329343 -0.00473743
v -0.03967459 0.02141773 -0.01152913
v -0.04398660 0.02187722 -0.00454824
v -0.04358499 0.01987707 -0.01130407
v -0.04823300 0.02017152 -0.00430260
v -0.04783298 0.01817356 -0.01104823
v -0.05313219 0.01774403 -0.00432467
v -0.05324260 0.01641675 -0.00398766
v -0.05301620 0.01836730 0.00252327
v -0.05269698 0.01578181 -0.01094654
v -0.05175780 0.01262662 -0.01712404
v -0.05278338 0.01443735 -0.01030102
v -0.05183300 0.01128788 -0.01623540
v -0.05002178 0.00954015 -0.00793750
v -0.04921779 0.00687684 -0.01295567
v -0.05038819 0.01112043 -0.00290255
v -0.05026740 0.01151791 0.00234142
v -0.05308980 0.01691641 0.00260844
v -0.04972181 0.01090020 0.00787917
v -0.05243699 0.01617678 0.00922669
v -0.04886419 0.00947754 0.01318102
v -0.05141219 0.01447545 0.01556525
v -0.04771621 0.00723988 0.01778118
v -0.04997858 0.01168103 0.02130860
v -0.04619541 0.00399563 0.02177594
v -0.04438340 -0.00003580 0.02529461
v -0.04811539 0.00770609 0.02620488
v -0.04784579 0.00878295 0.02696290
v -0.04602661 0.00306071 0.03025891
v -0.04394819 -0.00167281 0.03347219
v -0.04571139 0.00404712 0.03119882
v -0.04084580 0.00621481 0.03193855
v -0.04353540 -0.00092470 0.03443385
v -0.03874180 0.00115974 0.03538757
v -0.04148500 -0.00573198 0.03654965
v -0.04200101 -0.00622536 0.03558212
v -0.03968739 -0.01007004 0.03749600
v -0.03683779 -0.00372220 0.03771053
v -0.03300581 -0.00177194 0.03856851
v -0.03527701 -0.00811660 0.03878839
v -0.03203781 -0.00610517 0.03986856
v -0.03392899 -0.01207143 0.03888041
v -0.03262260 -0.01572876 0.03833281
v -0.03810980 -0.01398177 0.03753408
v -0.03114582 -0.00997473 0.04001340
v -0.03004342 -0.01353267 0.03947928
v -0.02915462 -0.00717368 0.04236445
v -0.02936981 -0.00352950 0.04228678
v -0.02843781 -0.00367619 0.04622591
v -0.02831860 -0.01050638 0.04180165
v -0.02718740 -0.01370330 0.04093547
v -0.02785221 -0.00662846 0.04555583
v -0.02686661 -0.00949076 0.04466888
v -0.02916980 0.00499153 0.06161652
v -0.02867060 0.00348597 0.06064275
v -0.02897220 0.00472294 0.06473343
v -0.02949541 0.00653543 0.06259294
v -0.02933941 0.00609895 0.06572123
v -0.02950421 0.00815345 0.06360467
v -0.02816580 -0.00055144 0.04650136
v -0.02871940 0.01094168 0.06608491
v -0.02951219 0.00742305 0.06671133
v -0.02895620 0.00191666 0.07543313
v -0.02913862 0.00961790 0.06878988
v -0.02832821 0.01052953 0.06979496
v -0.02848101 0.00426100 0.07776907
v -0.02781301 0.00533559 0.07899825
v -0.02887860 0.00227869 0.08025494
v -0.02948821 -0.00044215 0.08359455
v -0.02937460 -0.00009928 0.07796005
v -0.02823620 0.00337628 0.08143621
v -0.02883461 0.00070654 0.08469856
v -0.02747460 0.00434354 0.08255070
v -0.02672100 0.00512478 0.08352243
v -0.02696259 0.00629688 0.08018474
v -0.02807060 0.00173067 0.08572486
v -0.02875700 -0.00171577 0.08998285
v -0.02731781 0.00257534 0.08660477
v -0.02798660 -0.00078679 0.09075458
v -0.02658661 0.00318715 0.08734186
v -0.02597781 0.00566045 0.08436439
v -0.02543781 0.00354437 0.08821007
v -0.02722102 -0.00008002 0.09138280
v -0.02592822 0.00047571 0.09206410
v -0.02764821 -0.00389602 0.09626870
v -0.02620421 -0.00313896 0.09675890
v -0.02844341 -0.00470550 0.09576259
v -0.02752982 -0.00790731 0.10167901
v -0.02614902 -0.00700898 0.10194774
v -0.02830739 -0.00881285 0.10130882
v -0.02646981 -0.01173952 0.10728929
v -0.02719779 -0.01274031 0.10707152
v -0.02416342 -0.01506567 0.11280452
v -0.02522660 -0.01069285 0.10729100
v -0.02296661 -0.01380363 0.11250057
v -0.02296022 -0.00930128 0.10697887
v -0.02019139 -0.00778302 0.10646893
v -0.02069302 -0.01188108 0.11149762
v -0.02349702 -0.00590820 0.10221723
v -0.01919223 -0.00477414 0.10298724
v -0.02335461 -0.00222578 0.09738416
v -0.01847220 -0.00098430 0.09829723
v -0.02349380 0.00102534 0.09296617
v -0.01953622 0.00195183 0.09385146
v -0.02341300 0.00366240 0.08947637
v -0.02245060 0.00577712 0.08714108
v -0.02088500 0.00366617 0.09087073
v -0.01882902 0.00515749 0.08991433
v -0.01668182 0.00703206 0.08846123
v -0.01414663 0.00371043 0.09416312
v -0.01085221 0.00082216 0.09959804
v -0.00964981 0.00613974 0.09307242
v -0.01280662 0.01059920 0.08550049
v 0.00381739 0.00481631 0.10117042
v 0.01712138 0.01166484 0.09805680
v 0.01205256 0.01454618 0.09187359
v 0.01922619 0.00519456 0.10767446
v 0.01357176 -0.00216627 0.11489185
v 0.00265577 -0.00639789 0.11549272
v -0.00713302 -0.00502192 0.10912534
v -0.00450661 -0.00928665 0.11597754
v -0.01331703 -0.01047688 0.11336519
v -0.01319300 -0.00412945 0.10506561
v -0.01726743 -0.00877920 0.10922962
v -0.01014501 -0.01307366 0.11826508
v -0.01729780 -0.01408073 0.11602700
v -0.01958261 -0.01634031 0.11746424
v -0.01356260 -0.01616092 0.12051781
v -0.00935861 -0.01748284 0.12420908
v -0.01538984 -0.01833527 0.12206554
v -0.01626183 -0.01978262 0.12276885
v -0.01044342 -0.01955743 0.12598243
v -0.01099302 -0.02100009 0.12683138
v -0.00478584 -0.01980593 0.12893616
v 0.00132616 -0.01925099 0.13102739
v -0.00424983 -0.01745193 0.12655205
v -0.00505621 -0.02133859 0.13002953
v 0.00130699 -0.02083400 0.13229726
v -0.00513541 -0.02262510 0.13049043
v 0.00140856 -0.02211783 0.13283341
v -0.00515940 -0.02417640 0.13089088
v -0.01124980 -0.02226576 0.12718407
v -0.01146261 -0.02380383 0.12748440
v -0.01668822 -0.02101986 0.12300515
v -0.02126900 -0.01895726 0.11812691
v -0.01707221 -0.02251557 0.12317153
v -0.01741220 -0.02427438 0.12333292
v -0.02180019 -0.02038492 0.11813654
v -0.02230502 -0.02206347 0.11811494
v -0.02547460 -0.01750886 0.11258915
v -0.02611220 -0.01908376 0.11236833
v -0.02792662 -0.01398123 0.10673903
v -0.02482742 -0.01616735 0.11275090
v -0.02907701 -0.00994738 0.10081389
v -0.02865780 -0.01543919 0.10631913
v -0.02926581 -0.01701376 0.10582242
v -0.02985700 -0.01128433 0.10021036
v -0.03051861 -0.01273139 0.09951893
v -0.03001621 -0.00695300 0.09435169
v -0.03069461 -0.00828231 0.09349354
v -0.02954099 -0.00282797 0.08907170
v -0.02922340 -0.00573417 0.09512036
v -0.03021221 -0.00405603 0.08807604
v -0.03075621 -0.00658724 0.08603461
v -0.03059299 -0.00775601 0.08500267
v -0.03124340 -0.01096106 0.09166961
v -0.03000660 -0.00287357 0.08139685
v -0.02982340 -0.00403919 0.08027535
v -0.02918420 -0.00129729 0.07682828
v -0.02942820 -0.00509532 0.07900469
v -0.02878340 -0.00246777 0.07559128
v -0.03025701 -0.00877884 0.08395591
v -0.02882181 -0.00604069 0.07726188
v -0.02876020 -0.00759583 0.07800942
v -0.02783380 -0.00594990 0.07373571
v -0.02822900 -0.00358676 0.07411229
v -0.02990420 -0.00967148 0.08314649
v -0.03048740 -0.01402457 0.08931004
v -0.02968901 -0.01045505 0.08297847
v -0.03025861 -0.01460279 0.08898899
v -0.02940021 -0.01078874 0.08293627
v -0.03003941 -0.01489137 0.08884377
v -0.02840341 -0.00796282 0.07813354
v -0.02884181 -0.01053420 0.08269403
v -0.02745541 -0.00735095 0.07768567
v -0.02807701 -0.00998668 0.08245945
v -0.02974260 -0.01488722 0.08873304
v -0.02937220 -0.01475084 0.08869774
v -0.02959941 -0.01965228 0.09539192
v -0.02935060 -0.01962278 0.09538469
v -0.02979861 -0.01957009 0.09546489
v -0.02805620 -0.02440619 0.10248948
v -0.02489382 -0.02879883 0.10982065
v -0.02824340 -0.02431937 0.10256691
v -0.02782901 -0.02437166 0.10245735
v -0.02468022 -0.02874331 0.10975544
v -0.02745700 -0.02425407 0.10243439
v -0.02894340 -0.01955273 0.09545047
v -0.02434021 -0.02857054 0.10964398
v -0.01522580 -0.01939041 0.10159349
v -0.01628581 -0.01603792 0.09664187
v -0.01292020 -0.02258816 0.10690536
v -0.00951940 -0.02538464 0.11219058
v -0.01984264 -0.03225712 0.11665095
v -0.00550100 -0.02742156 0.11674689
v -0.00152580 -0.02847202 0.11996183
v -0.01429383 -0.03505731 0.12296175
v -0.01452743 -0.03529823 0.12321578
v -0.00801942 -0.03669678 0.12805745
v -0.00817544 -0.03695117 0.12836652
v -0.00130985 -0.03698902 0.13155582
v -0.00137784 -0.03725223 0.13191852
v 0.00221179 -0.02864562 0.12190107
v 0.00566857 -0.03610429 0.13360439
v 0.01277658 -0.03429995 0.13448551
v 0.00568139 -0.03637059 0.13401231
v 0.00633499 -0.02812972 0.12310663
v 0.01120698 -0.02689519 0.12370846
v 0.01661579 -0.02500949 0.12369096
v 0.01985337 -0.03183149 0.13446345
v 0.02185737 -0.02276781 0.12312231
v 0.02671014 -0.02889841 0.13371876
v 0.02620455 -0.02042855 0.12201281
v 0.03305736 -0.02548782 0.13209714
v 0.02946454 -0.01808228 0.12040066
v 0.03857975 -0.02152743 0.12935952
v 0.03190776 -0.01551331 0.11812218
v 0.04297576 -0.01693022 0.12525149
v 0.03381258 -0.01218269 0.11458268
v 0.04599414 -0.01168782 0.11964267
v 0.03495894 -0.00814321 0.10974215
v 0.04758377 -0.00612092 0.11294071
v 0.03507415 -0.00398337 0.10426194
v 0.03411017 -0.00026354 0.09887444
v 0.04773974 -0.00063029 0.10567598
v 0.04644056 0.00439054 0.09836666
v 0.04811573 -0.00052490 0.10574862
v 0.04796376 -0.00607602 0.11309511
v 0.04679575 0.00455577 0.09834940
v 0.04831657 -0.00042005 0.10579137
v 0.04698854 0.00468257 0.09835960
v 0.04816375 -0.00599565 0.11317030
v 0.04840536 -0.00022881 0.10585734
v 0.04707494 0.00487626 0.09841982
v 0.04837575 0.00014618 0.10597564
v 0.04825015 -0.00580546 0.11323576
v 0.04821334 -0.00540378 0.11331510
v 0.04661894 -0.01145972 0.12003845
v 0.04657335 -0.01103616 0.12008529
v 0.04352694 -0.01679802 0.12574471
v 0.04654136 -0.01164425 0.11996961
v 0.04635177 -0.01170100 0.11986473
v 0.04346214 -0.01697167 0.12566510
v 0.04329014 -0.01700233 0.12553312
v 0.03898697 -0.02165774 0.12986093
v 0.03337894 -0.02569739 0.13267096
v 0.03903575 -0.02150138 0.12996083
v 0.03884216 -0.02166315 0.12970465
v 0.03326617 -0.02567871 0.13249486
v 0.02687336 -0.02912498 0.13414480
v 0.02694856 -0.02916665 0.13433618
v 0.01997339 -0.03207941 0.13489926
v 0.01284935 -0.03456193 0.13491636
v 0.02000777 -0.03213896 0.13509773
v 0.01997897 -0.03204448 0.13525304
v 0.01284058 -0.03463460 0.13511293
v 0.00562775 -0.03645463 0.13419894
v 0.01277735 -0.03454901 0.13526091
v 0.01262376 -0.03422076 0.13539334
v 0.00553019 -0.03636932 0.13432947
v -0.00160424 -0.03725415 0.13219738
v 0.00533898 -0.03603096 0.13442874
v 0.00500457 -0.03535559 0.13452078
v -0.00182821 -0.03690347 0.13226287
v -0.00871064 -0.03659539 0.12865358
v -0.00220420 -0.03619942 0.13229777
v -0.00910579 -0.03588059 0.12866601
v -0.00276100 -0.03508324 0.13231359
v -0.00968501 -0.03474633 0.12865296
v -0.00341861 -0.03361182 0.13228824
v 0.00450137 -0.03428529 0.13461729
v 0.00388858 -0.03287264 0.13468237
v 0.01190135 -0.03254494 0.13572412
v 0.01233975 -0.03357157 0.13554256
v 0.01923734 -0.03005349 0.13579207
v 0.01134698 -0.03118922 0.13588577
v 0.01072857 -0.02957863 0.13595878
v 0.01873018 -0.02871604 0.13599848
v 0.02580296 -0.02558661 0.13509010
v 0.01812379 -0.02713505 0.13611471
v 0.01671898 -0.02355594 0.13579929
v 0.02518054 -0.02397661 0.13516415
v 0.03163815 -0.02019230 0.13310303
v 0.02356779 -0.02044281 0.13481477
v 0.02265817 -0.01870716 0.13439968
v 0.02980615 -0.01667884 0.13268626
v 0.03519574 -0.01240340 0.12948338
v 0.02872215 -0.01502645 0.13229962
v 0.02765657 -0.01354482 0.13186505
v 0.03395897 -0.01084997 0.12915668
v 0.03273016 -0.00948846 0.12880600
v 0.03814054 -0.00632493 0.12505872
v 0.03678218 -0.00510297 0.12482955
v 0.04107013 -0.00160546 0.12011494
v 0.03949976 -0.00775292 0.12527488
v 0.04251175 -0.00287862 0.12016319
v 0.04169493 -0.01108309 0.12560122
v 0.04480615 -0.00595584 0.12019513
v 0.04242535 -0.01279798 0.12569755
v 0.03723016 -0.01586675 0.12991929
v 0.03792854 -0.01758436 0.13001223
v 0.03229495 -0.02186132 0.13311865
v 0.03843656 -0.01911347 0.13004580
v 0.03278857 -0.02332101 0.13306109
v 0.03877655 -0.02031501 0.13004321
v 0.04294377 -0.01434698 0.12575634
v 0.04328294 -0.01557342 0.12578214
v 0.04606457 -0.00907513 0.12015368
v 0.04554854 -0.00758726 0.12018017
v 0.04773173 -0.00358222 0.11358350
v 0.04639416 -0.01026270 0.12012013
v 0.04804616 -0.00468270 0.11342592
v 0.04821973 0.00080236 0.10617873
v 0.04792457 0.00179684 0.10648615
v 0.04690137 0.00582412 0.09885830
v 0.04704776 0.00522592 0.09857336
v 0.04662213 0.00672282 0.09929990
v 0.04417334 0.01007905 0.09187953
v 0.04432135 0.00951204 0.09154842
v 0.04390617 0.01092036 0.09241618
v 0.04053975 0.01350887 0.08539793
v 0.04073015 0.01291536 0.08507900
v 0.03659898 0.01610848 0.07948273
v 0.04027258 0.01434939 0.08602340
v 0.03633495 0.01703488 0.08028784
v 0.03987337 0.01534271 0.08686179
v 0.04347177 0.01194332 0.09311443
v 0.03599177 0.01805411 0.08133652
v 0.03925734 0.01636668 0.08778785
v 0.03722854 0.01804494 0.08975489
v 0.03542295 0.01906480 0.08239026
v 0.04281497 0.01302205 0.09391200
v 0.04066296 0.01485963 0.09560117
v 0.04547577 0.00900842 0.10050793
v 0.04322296 0.01108424 0.10183189
v 0.04672694 0.00435521 0.10730771
v 0.04616456 0.00782854 0.09986537
v 0.04744377 0.00302858 0.10687405
v 0.04723015 -0.00221068 0.11377546
v 0.04649334 -0.00072241 0.11398318
v 0.04416213 0.00202524 0.11437659
v 0.04441176 0.00674823 0.10817914
v 0.04267817 0.00312547 0.11453930
v 0.04118214 0.00402808 0.11466970
v 0.04292298 0.00767650 0.10856921
v 0.04176617 0.01185762 0.10244251
v 0.04141737 0.00842020 0.10890718
v 0.04005576 0.00898207 0.10917967
v 0.04028855 0.01245962 0.10298366
v 0.03895097 0.01290007 0.10342984
v 0.03785654 0.01599688 0.09712979
v 0.03927017 0.01551005 0.09640514
v 0.03459178 0.01899983 0.09160679
v 0.03657494 0.01633658 0.09773759
v 0.03543178 0.01649705 0.09821393
v 0.03338858 0.01925991 0.09235810
v 0.02995015 0.02166451 0.08756048
v 0.03230935 0.01934266 0.09296738
v 0.02897178 0.02169505 0.08828495
v 0.03078614 0.01894938 0.09362168
v 0.02813898 0.01773275 0.09454951
v 0.03383976 0.01624368 0.09864554
v 0.02771179 0.02126250 0.08910819
v 0.02493416 0.02305767 0.08542873
v 0.02563979 0.02006628 0.09025883
v 0.02348215 0.02183134 0.08688926
v 0.02219416 0.01812343 0.09155203
v 0.02380697 0.01540282 0.09596956
v 0.01708695 0.01581226 0.09244165
v 0.02175338 0.02018728 0.08851931
v 0.01915419 0.01987267 0.08781707
v 0.02114455 0.02266141 0.08473022
v 0.01618778 0.01976053 0.08664259
v 0.01887657 0.02306117 0.08318067
v 0.01345818 0.02143462 0.08306565
v 0.01067336 0.01968196 0.08419451
v 0.01474058 0.02327797 0.08098020
v 0.01591737 0.02479913 0.07900953
v 0.01146219 0.02207797 0.08110749
v 0.01224377 0.02368235 0.07885602
v -0.01527539 0.01174309 0.08260080
v -0.01712500 0.01233982 0.08050464
v -0.01849619 0.01042666 0.08283509
v -0.01613060 0.00998781 0.08471232
v -0.02119299 0.00755128 0.08540242
v -0.02055221 0.01070859 0.08105285
v -0.02197781 0.01075910 0.07949503
v -0.02384742 0.00771082 0.08346910
v -0.02524980 0.00753952 0.08223392
v -0.02474340 0.00589866 0.08542814
v -0.02609780 0.00705854 0.08125764
v -0.02359062 0.01061485 0.07737764
v -0.02421220 0.01272421 0.07112819
v -0.01920262 0.01293484 0.07680540
v -0.01832820 0.01263306 0.07878499
v 0.01304939 0.02537777 0.07498434
v -0.02043863 0.01436506 0.07118794
v 0.01241977 0.02706004 0.06934680
v -0.02076183 0.01512393 0.06856319
v -0.02110501 0.01564649 0.06650946
v 0.01186936 0.02774336 0.06674569
v -0.02413061 0.01366804 0.06865654
v -0.02365540 0.01441244 0.06707487
v -0.02641700 0.01267809 0.06817563
v -0.02788020 0.01185884 0.06727468
v -0.02677780 0.01149793 0.07062834
v -0.02493060 0.01402792 0.06629344
v -0.02611540 0.01342288 0.06518830
v -0.02184821 0.01570443 0.06506472
v -0.02259861 0.01533124 0.06376430
v 0.01190379 0.02877624 0.06319846
v 0.01257179 0.02895811 0.06182411
v 0.01155097 0.02828605 0.06469758
v 0.01542699 0.02965256 0.06405878
v 0.01431658 0.02910862 0.06496746
v 0.01658618 0.02996262 0.06282961
v 0.01762859 0.02972230 0.06572989
v 0.01915256 0.03006826 0.06466954
v 0.01533658 0.02893450 0.06645896
v 0.01894857 0.02918129 0.06807998
v 0.01629736 0.02838037 0.06886232
v 0.02349655 0.02581525 0.07737595
v 0.02063815 0.02947740 0.06707562
v 0.02172777 0.02931441 0.06597330
v 0.02463419 0.02563362 0.07608705
v 0.02570936 0.02524543 0.07477026
v 0.02647416 0.02456250 0.07840826
v 0.02900058 0.02311324 0.08150622
v 0.02538215 0.02480538 0.07962018
v 0.02755739 0.02414084 0.07713833
v 0.02928134 0.02263613 0.07472702
v 0.03013974 0.02266373 0.08030737
v 0.03193656 0.02113596 0.07798572
v 0.03352057 0.02064388 0.08456605
v 0.03229977 0.02113675 0.08566493
v 0.03106614 0.02146643 0.08668519
v 0.03591896 0.01860311 0.09072124
v 0.02785417 0.02339473 0.08263546
v 0.02682058 0.02354430 0.08361312
v 0.02440216 0.02491221 0.08068595
v 0.02594058 0.02353219 0.08443986
v 0.02357098 0.02484022 0.08161600
v 0.02259576 0.02422678 0.08280637
v 0.02159898 0.02565816 0.07962439
v 0.02055499 0.02488925 0.08100038
v 0.01680939 0.02573305 0.07731384
v 0.02245976 0.02583549 0.07855057
v 0.01790216 0.02663146 0.07504058
v 0.01279018 0.02464151 0.07703071
v 0.03247815 0.02011029 0.07684373
v 0.03277737 0.01901813 0.07557809
v 0.02983657 0.02157982 0.07357756
v 0.03021098 0.02040119 0.07234133
v 0.02796217 0.02266672 0.07120898
v 0.02843095 0.02141827 0.07007906
v 0.02738058 0.02375048 0.07232758
v 0.02390858 0.02673722 0.06278843
v 0.02324697 0.02786851 0.06380411
v 0.02342855 0.02704815 0.05967882
v 0.02446777 0.02543685 0.06179117
v 0.02497417 0.02402948 0.06078524
v 0.02413174 0.02565287 0.05868261
v 0.02926537 0.01550798 0.04242581
v 0.02468535 0.02416741 0.05770611
v 0.03037978 0.01269391 0.04153268
v 0.02525016 0.02259257 0.05670476
v 0.02550537 0.02250419 0.05970712
v 0.02598535 0.02067778 0.05559292
v 0.03143898 0.00980197 0.04059703
v 0.03253814 0.00665106 0.03958161
v 0.03391977 0.00627239 0.03671769
v 0.03657494 0.00446332 0.03420100
v 0.03515416 0.00267642 0.03552903
v 0.03273016 0.00951046 0.03767339
v 0.03530937 0.00789054 0.03515728
v 0.03149496 0.01267230 0.03854513
v 0.03400856 0.01128217 0.03602069
v 0.02993737 0.01572889 0.03914533
v 0.02778536 0.01811640 0.04314451
v 0.02768298 0.01858703 0.03917699
v 0.03248535 0.01468596 0.03657544
v 0.03055016 0.01815913 0.03648502
v 0.03505574 0.01435959 0.03385451
v 0.03347097 0.01828822 0.03381133
v 0.03649016 0.01072655 0.03331546
v 0.03597098 0.01461795 0.03259496
v 0.03557578 0.01481313 0.02656217
v 0.03441497 0.01848506 0.03261633
v 0.03737655 0.01107698 0.03220027
v 0.03868776 0.00772712 0.03149475
v 0.03677178 0.01179935 0.02622566
v 0.03789096 0.00893958 0.02562375
v 0.03901973 0.00601805 0.02472044
v 0.03995734 0.00444163 0.03047897
v 0.04017897 0.00299410 0.02361904
v 0.04119578 0.00121028 0.02930229
v 0.04119897 0.00031964 0.02254843
v 0.04189897 -0.00156273 0.02145855
v 0.04238615 -0.00191132 0.02805155
v 0.04168134 -0.00272684 0.02906808
v 0.04343734 -0.00473971 0.02641571
v 0.04275417 -0.00562698 0.02728591
v 0.04428053 -0.00714020 0.02411257
v 0.04245977 -0.00316101 0.01992529
v 0.04500856 -0.00930984 0.02137544
v 0.04365735 -0.00817889 0.02495996
v 0.04442854 -0.01046078 0.02220241
v 0.04189415 -0.01108620 0.02542196
v 0.04054613 -0.00747106 0.02878164
v 0.04099574 -0.01469289 0.02411454
v 0.04295974 -0.01391732 0.02197694
v 0.04373655 -0.01620847 0.01872917
v 0.04219174 -0.01763769 0.02032613
v 0.04283814 -0.02308306 0.01732822
v 0.04298215 -0.01988898 0.01713817
v 0.04359336 -0.02184744 0.01420363
v 0.04350934 -0.02504009 0.01452025
v 0.04408216 -0.02686165 0.01192879
v 0.04845013 -0.04437767 0.00658262
v 0.04892453 -0.04580336 0.00533905
v 0.04794692 -0.04271972 0.00814464
v 0.04955816 -0.04693041 0.00774064
v 0.04891896 -0.04507212 0.00921883
v 0.05354613 -0.05158246 0.01506484
v 0.05006456 -0.04840139 0.00657676
v 0.05422934 -0.05325807 0.01402038
v 0.05052213 -0.04977362 0.00550174
v 0.05481576 -0.05476017 0.01306896
v 0.05088696 -0.05114043 0.00450282
v 0.04936375 -0.04718383 0.00417041
v 0.04964375 -0.04862745 0.00304173
v 0.04456296 -0.02865256 0.00937487
v 0.04459257 -0.03039914 0.00683515
v 0.04410696 -0.02373580 0.01129640
v 0.04421897 -0.02549490 0.00829166
v 0.04491014 -0.02018482 0.01246937
v 0.04637413 -0.01654538 0.01276917
v 0.04435897 -0.01823431 0.01560437
v 0.04517975 -0.02195554 0.00915144
v 0.04688377 -0.01827891 0.00926452
v 0.04492535 -0.02333414 0.00543024
v 0.04720616 -0.01961210 0.00525638
v 0.04414377 -0.02391670 0.00090227
v 0.04347415 -0.02699639 0.00506047
v 0.04368295 -0.03210030 0.00436277
v 0.04082613 -0.02811514 0.00100933
v 0.04120216 -0.03401706 0.00227550
v 0.03903976 -0.02568758 -0.00468935
v 0.03520537 -0.03166098 -0.00063649
v 0.03371177 -0.02837145 -0.00492986
v 0.03672457 -0.03654918 0.00111178
v -0.00461705 -0.04707684 0.00155354
v -0.00588262 -0.04453792 -0.00179636
v -0.00214985 -0.05160695 0.00325059
v -0.01144344 -0.04832215 0.00387884
v -0.00715864 -0.05274368 0.00493311
v -0.01228902 -0.04611218 -0.00076061
v -0.01782262 -0.04780059 0.00429469
v -0.01393382 -0.04918041 0.00820148
v -0.01839143 -0.04773975 0.00887731
v -0.01016261 -0.05294577 0.00731798
v -0.01524822 -0.04847484 0.01153665
v -0.01606981 -0.04699307 0.01457243
v -0.01178581 -0.05222387 0.00992624
v -0.01918103 -0.04676626 0.01264054
v -0.02319862 -0.04662144 0.01328122
v -0.01983863 -0.04515266 0.01596661
v -0.02370101 -0.04488636 0.01674944
v -0.02037860 -0.04320707 0.01909388
v -0.02087060 -0.04114494 0.02220857
v -0.01665141 -0.04513605 0.01748077
v -0.02418822 -0.04288351 0.01998061
v -0.02751621 -0.04266029 0.01965672
v -0.02462581 -0.04078975 0.02316680
v -0.02814661 -0.04067460 0.02281453
v -0.02508422 -0.03854572 0.02630263
v -0.02879542 -0.03866004 0.02584914
v -0.02566660 -0.03605213 0.02930217
v -0.02137700 -0.03876426 0.02544270
v -0.02199222 -0.03578990 0.02886955
v -0.01770741 -0.04080852 0.02358359
v -0.01829702 -0.03764053 0.02734477
v -0.01717703 -0.04315217 0.02040846
v -0.01433541 -0.04522535 0.02045831
v -0.01382982 -0.04724257 0.01765850
v -0.01477544 -0.04296094 0.02363396
v -0.00551384 -0.06344135 0.01108672
v -0.00454743 -0.06579677 0.01216181
v -0.00492184 -0.06506546 0.00952033
v -0.00630262 -0.06132030 0.01320593
v -0.01427223 -0.04079905 0.02939171
v -0.00544021 -0.06323204 0.01422821
v -0.01351220 -0.04153869 0.03157612
v -0.00465863 -0.06846506 0.02162662
v -0.01251943 -0.04575582 0.03861114
v -0.00485623 -0.06942476 0.02284374
v -0.00369222 -0.07133932 0.01957007
v -0.00300901 -0.07350226 0.01817628
v -0.00390742 -0.07240629 0.02089978
v -0.00412262 -0.07323957 0.02193505
v -0.00327461 -0.07483691 0.01980406
v -0.00282104 -0.07695735 0.01919882
v -0.00357302 -0.07600910 0.02130008
v -0.00372904 -0.07656555 0.02231949
v -0.00337065 -0.07954030 0.02225030
v -0.00372985 -0.07988542 0.02390370
v -0.00296104 -0.08152311 0.02180242
v -0.00397861 -0.08453835 0.02711271
v -0.00436981 -0.08944091 0.03286463
v -0.00417064 -0.08415042 0.02781957
v -0.00366185 -0.08557453 0.02647859
v -0.00320261 -0.08684007 0.02581260
v -0.00410102 -0.09028433 0.03224340
v -0.00381225 -0.09514134 0.03873618
v -0.00367062 -0.09134493 0.03150889
v -0.00302103 -0.09243703 0.03068943
v -0.00341623 -0.09608635 0.03791663
v -0.00279782 -0.09708258 0.03699137
v -0.00198024 -0.10069549 0.04473236
v -0.00142344 -0.10159682 0.04365647
v 0.00097577 -0.10484686 0.05164727
v -0.00232261 -0.09983246 0.04567607
v -0.00251301 -0.09912250 0.04641194
v 0.00071737 -0.10408578 0.05276548
v 0.00059258 -0.10345190 0.05363378
v 0.00515257 -0.10767074 0.05960810
v 0.01069738 -0.11037087 0.06578008
v 0.00509898 -0.10712132 0.06062304
v 0.00531336 -0.10832350 0.05829758
v 0.00565654 -0.10898024 0.05679692
v 0.01077338 -0.11093077 0.06430952
v 0.01100617 -0.11148593 0.06262194
v 0.01709576 -0.11248069 0.06930550
v 0.02402697 -0.11283832 0.07299158
v 0.01706696 -0.11196740 0.07085697
v 0.01725174 -0.11298264 0.06751495
v 0.02415495 -0.11335271 0.07121230
v 0.01818057 -0.11363500 0.06367738
v 0.02486377 -0.11401326 0.06728947
v 0.01891413 -0.11374065 0.06183745
v 0.01220618 -0.11225041 0.05905554
v 0.00714694 -0.10994934 0.05363820
v 0.01311975 -0.11240881 0.05737024
v 0.01408697 -0.11245842 0.05585433
v 0.00822774 -0.11019799 0.05215229
v 0.00441815 -0.10721627 0.04640674
v 0.00935818 -0.11032826 0.05082033
v 0.00568215 -0.10744946 0.04527378
v 0.01039978 -0.11037388 0.04970850
v 0.01498056 -0.11243694 0.05458523
v 0.01134454 -0.11027338 0.04879240
v 0.00684058 -0.10758196 0.04433358
v 0.00446855 -0.10415195 0.03865579
v 0.00787975 -0.10756600 0.04357503
v 0.00933257 -0.10704108 0.04271721
v 0.00557338 -0.10423746 0.03806241
v 0.00707098 -0.10392430 0.03751333
v 0.00451337 -0.10040467 0.03245111
v 0.00614935 -0.10024483 0.03216639
v 0.00439498 -0.09639763 0.02703793
v 0.00335895 -0.10022329 0.03289440
v 0.00207817 -0.09988336 0.03350295
v 0.00322458 -0.09612020 0.02734527
v 0.00368616 -0.09221560 0.02232650
v 0.00193335 -0.09567431 0.02780652
v 0.00240375 -0.09166906 0.02265878
v 0.00051338 -0.09508399 0.02839216
v -0.00088184 -0.09434645 0.02908043
v 0.00099255 -0.09096868 0.02310507
v 0.00067178 -0.09941307 0.03425266
v 0.00187174 -0.10357018 0.04035957
v -0.00070584 -0.09879505 0.03510737
v 0.00054776 -0.10307886 0.04140878
v 0.00319659 -0.10685220 0.04767398
v 0.00143496 -0.10562943 0.05036676
v 0.00322858 -0.10391945 0.03942628
v 0.00170457 -0.08745469 0.01871640
v -0.00039704 -0.09012457 0.02365925
v -0.00253942 -0.08804887 0.02506599
v 0.00033099 -0.08652168 0.01916937
v -0.00179785 -0.08431555 0.02044317
v 0.00094458 -0.08381344 0.01582104
v -0.00117224 -0.08152047 0.01702014
v 0.00133497 -0.08181179 0.01334941
v 0.00231258 -0.08480891 0.01543538
v 0.00273096 -0.08283558 0.01300821
v 0.00370857 -0.08567165 0.01517929
v 0.00497657 -0.08637614 0.01504091
v 0.00422217 -0.08372531 0.01280958
v 0.00310055 -0.08824860 0.01838104
v 0.00436455 -0.08888266 0.01815456
v 0.00547096 -0.08935433 0.01808130
v 0.00609418 -0.08692121 0.01507334
v 0.00482775 -0.09259374 0.02214228
v 0.00687095 -0.08972231 0.01840711
v 0.00904695 -0.09003737 0.01934866
v 0.00637576 -0.09277389 0.02227352
v 0.00757896 -0.08740564 0.01559723
v 0.00848938 -0.08563591 0.01360587
v 0.01002218 -0.08796202 0.01698264
v 0.01372696 -0.08882300 0.01957634
v 0.01129576 -0.08623294 0.01521077
v 0.01400057 -0.08338065 0.01262535
v 0.01589256 -0.08700001 0.01808534
v 0.02297416 -0.08803798 0.02258755
v 0.01642614 -0.08399411 0.01437225
v 0.01977177 -0.08344250 0.01511747
v 0.04323973 -0.07432630 0.01383648
v 0.01723095 -0.08209495 0.01236941
v 0.04395093 -0.07170634 0.01091589
v 0.01524535 -0.08110331 0.01056856
v 0.04458775 -0.06968298 0.00897836
v 0.01380454 -0.08012439 0.00936233
v 0.01180454 -0.08269458 0.01114649
v 0.01012217 -0.08190452 0.01014266
v 0.00802776 -0.08065553 0.00906719
v 0.00683576 -0.08508104 0.01291367
v 0.00560938 -0.08446955 0.01275505
v 0.00643498 -0.07574595 0.00491420
v 0.00613176 -0.07368945 0.00327501
v 0.00357577 -0.07612561 0.00504881
v 0.01036536 -0.07455456 0.00463657
v 0.00959097 -0.07249439 0.00298708
v 0.04319653 -0.06178155 0.00285462
v 0.04691495 -0.06000334 0.00271330
v 0.04220294 -0.05982122 0.00120936
v 0.04488773 -0.06801547 0.00768383
v 0.04887013 -0.06681814 0.00804620
v 0.04824456 -0.06851841 0.00916843
v 0.04947652 -0.06451288 0.00682663
v 0.05365814 -0.06688676 0.01036071
v 0.05413736 -0.06560913 0.01011137
v 0.05287093 -0.06839700 0.01118244
v 0.05562614 -0.06769260 0.01236202
v 0.05798934 -0.06898167 0.01519856
v 0.05490454 -0.06903821 0.01300373
v 0.05607976 -0.06653465 0.01224491
v 0.05654772 -0.06516060 0.01228739
v 0.05849331 -0.06788524 0.01518526
v 0.06161893 -0.06975340 0.01914079
v 0.05901574 -0.06655939 0.01531162
v 0.06222375 -0.06847582 0.01937029
v 0.05953334 -0.06502737 0.01553955
v 0.06283015 -0.06699447 0.01970462
v 0.05700935 -0.06358462 0.01243686
v 0.05995415 -0.06340338 0.01589267
v 0.06014532 -0.06030423 0.01703568
v 0.06333335 -0.06541896 0.02015425
v 0.05737175 -0.06192577 0.01272263
v 0.05551256 -0.06078773 0.01037956
v 0.05748213 -0.05878275 0.01379477
v 0.05557255 -0.05763990 0.01141516
v 0.05716695 -0.05732889 0.01452261
v 0.05527815 -0.05619751 0.01218821
v 0.05661815 -0.05585009 0.01527800
v 0.05983256 -0.05887089 0.01773712
v 0.05924614 -0.05741284 0.01838178
v 0.06338294 -0.06103227 0.02214966
v 0.06293171 -0.05976421 0.02281574
v 0.06363972 -0.06239737 0.02142513
v 0.06729816 -0.06383686 0.02760444
v 0.06697095 -0.06273761 0.02833400
v 0.07091172 -0.06727635 0.03382656
v 0.06748055 -0.06511030 0.02680964
v 0.06704133 -0.06801799 0.02534311
v 0.07104051 -0.06846167 0.03292830
v 0.07047651 -0.07120355 0.03118862
v 0.07370212 -0.07247672 0.03952214
v 0.07360852 -0.07139631 0.04057157
v 0.07495573 -0.07713218 0.04632008
v 0.07303732 -0.07498062 0.03741901
v 0.07229574 -0.07627241 0.03648351
v 0.07422774 -0.07931911 0.04376366
v 0.07397811 -0.08404412 0.04996005
v 0.07345412 -0.08045697 0.04260707
v 0.07257493 -0.08152040 0.04159181
v 0.07321093 -0.08500943 0.04857507
v 0.07160294 -0.08973988 0.05415226
v 0.07234051 -0.08591536 0.04735350
v 0.07078211 -0.09048281 0.05273441
v 0.07150052 -0.08669073 0.04634575
v 0.07065251 -0.08728509 0.04552818
v 0.07172372 -0.08243180 0.04076212
v 0.06998933 -0.09111445 0.05155793
v 0.06723254 -0.09553457 0.05618911
v 0.06919892 -0.09158234 0.05059693
v 0.06777332 -0.09186039 0.04948170
v 0.06653574 -0.09587094 0.05509651
v 0.06533654 -0.09593951 0.05380859
v 0.06270855 -0.09999188 0.05883352
v 0.06329973 -0.09978385 0.06005177
v 0.06163095 -0.09982018 0.05727591
v 0.05791415 -0.10380846 0.06171829
v 0.05837415 -0.10371422 0.06303020
v 0.05237812 -0.10718860 0.06367584
v 0.05697254 -0.10344310 0.05995768
v 0.05501173 -0.10226776 0.05695157
v 0.05171975 -0.10672940 0.06192451
v 0.05025333 -0.10549369 0.05907984
v 0.04599093 -0.10942698 0.06288475
v 0.04629816 -0.10997578 0.06458875
v 0.03988056 -0.11131910 0.06257663
v 0.04531817 -0.10806401 0.06025154
v 0.03985495 -0.10952410 0.05965259
v 0.04444455 -0.10624707 0.05718132
v 0.04031252 -0.10627677 0.05523325
v 0.04731254 -0.10356446 0.05484765
v 0.04215254 -0.10143269 0.04944798
v 0.05157255 -0.09999298 0.05200928
v 0.05664214 -0.09705733 0.05046996
v 0.04618935 -0.09632048 0.04442414
v 0.03647175 -0.08944713 0.03062034
v 0.05341815 -0.09357031 0.04415579
v 0.06027091 -0.09235101 0.04586189
v 0.05184373 -0.08895965 0.03720675
v 0.05528773 -0.08432080 0.03266331
v 0.06039894 -0.08851301 0.04075543
v 0.06175092 -0.08472150 0.03635320
v 0.06590135 -0.08812717 0.04309741
v 0.06647733 -0.08436938 0.03836192
v 0.06907332 -0.08774135 0.04457538
v 0.06498054 -0.09199501 0.04785608
v 0.06312855 -0.09564236 0.05189390
v 0.05958775 -0.09898546 0.05470015
v 0.06040934 -0.09511190 0.04968907
v 0.06937654 -0.08376728 0.03941279
v 0.06844533 -0.08013464 0.03413514
v 0.07087734 -0.08314748 0.04010735
v 0.06980775 -0.07933880 0.03452673
v 0.07061813 -0.07851133 0.03501488
v 0.06747415 -0.07599957 0.02898581
v 0.06824134 -0.07507304 0.02932292
v 0.06435254 -0.07315567 0.02373892
v 0.06613815 -0.07699301 0.02886441
v 0.06363495 -0.07840897 0.02908446
v 0.06308692 -0.07429179 0.02383693
v 0.06001252 -0.07197843 0.01932421
v 0.06060131 -0.07597876 0.02441364
v 0.05809735 -0.07363052 0.02013274
v 0.05636614 -0.07858610 0.02562577
v 0.04973892 -0.08249056 0.02758778
v 0.05474294 -0.07583322 0.02123196
v 0.05987652 -0.08069561 0.03010788
v 0.06294053 -0.08205321 0.03341550
v 0.06597012 -0.08108434 0.03375988
v 0.05427974 -0.07370667 0.01824630
v 0.04968533 -0.07829157 0.02201053
v 0.04467334 -0.07962014 0.02139614
v 0.05170535 -0.07409252 0.01749118
v 0.05360774 -0.07105248 0.01459173
v 0.04875416 -0.07424795 0.01628381
v 0.05135092 -0.07068319 0.01301877
v 0.04600052 -0.07250495 0.01275795
v 0.04721655 -0.07046936 0.01081672
v 0.05593651 -0.07185359 0.01677212
v 0.05723575 -0.07018849 0.01564127
v 0.06101654 -0.07080767 0.01905282
v 0.06505492 -0.07215149 0.02394315
v 0.06574691 -0.07093710 0.02429532
v 0.06644772 -0.06952467 0.02476408
v 0.06901172 -0.07393909 0.02981888
v 0.06979893 -0.07261796 0.03044722
v 0.07144535 -0.07747836 0.03567168
v 0.03527336 -0.10055210 0.04502501
v 0.02548538 -0.09917628 0.03865682
v 0.02176614 -0.09333445 0.02912769
v 0.01940456 -0.09822960 0.03463842
v 0.01408778 -0.09497440 0.02795214
v 0.01845494 -0.09040145 0.02372776
v 0.01301418 -0.09201134 0.02352665
v 0.00896617 -0.09267884 0.02283478
v 0.01164457 -0.09023868 0.02058931
v 0.00911018 -0.09593839 0.02724695
v 0.00896055 -0.09960147 0.03209426
v 0.00609738 -0.09638310 0.02697253
v 0.01335498 -0.09872864 0.03266901
v 0.00949098 -0.10297650 0.03686883
v 0.01176535 -0.10557659 0.04137281
v 0.01233336 -0.10166959 0.03620122
v 0.01528054 -0.10273312 0.03891036
v 0.01924296 -0.10446653 0.04302162
v 0.01516615 -0.10779260 0.04588957
v 0.02240377 -0.10702936 0.04794554
v 0.02809253 -0.10338704 0.04554955
v 0.02452297 -0.10902235 0.05166467
v 0.01889654 -0.10985740 0.05039245
v 0.02309413 -0.11116113 0.05409745
v 0.01691094 -0.11157620 0.05228155
v 0.01578375 -0.11228617 0.05353696
v 0.02185498 -0.11279242 0.05620164
v 0.01271978 -0.10958542 0.04767731
v 0.02751494 -0.11304462 0.05915397
v 0.02105174 -0.11350194 0.05759983
v 0.02041817 -0.11368060 0.05876597
v 0.02698774 -0.11383747 0.06079957
v 0.02653093 -0.11403577 0.06207526
v 0.03334937 -0.11333040 0.06306989
v 0.03987254 -0.11203624 0.06436485
v 0.03307256 -0.11352104 0.06442348
v 0.03362693 -0.11249289 0.06124285
v 0.03398933 -0.11041546 0.05810826
v 0.03451333 -0.10660525 0.05294832
v 0.02820854 -0.11114803 0.05642826
v 0.02867093 -0.10789860 0.05200996
v 0.03978295 -0.11217722 0.06573937
v 0.03273496 -0.11357281 0.06599921
v 0.03964776 -0.11218372 0.06735160
v 0.02599497 -0.11410811 0.06358284
v 0.03236055 -0.11355391 0.06783691
v 0.03199653 -0.11341955 0.06981359
v 0.03948454 -0.11211157 0.06921917
v 0.02541337 -0.11411374 0.06535606
v 0.04651174 -0.10983886 0.06944004
v 0.03930535 -0.11191947 0.07120433
v 0.03895015 -0.11104324 0.07498854
v 0.04651894 -0.10957618 0.07141809
v 0.04634375 -0.10859691 0.07514531
v 0.05336855 -0.10646754 0.07042992
v 0.05961092 -0.10271594 0.06829341
v 0.05317734 -0.10680366 0.06846565
v 0.05340136 -0.10544063 0.07419289
v 0.05324854 -0.10481288 0.07579421
v 0.05986055 -0.10166260 0.07212780
v 0.05974134 -0.10108831 0.07382299
v 0.06545651 -0.09734379 0.06893858
v 0.06992295 -0.09256621 0.06461652
v 0.06537493 -0.09681085 0.07071559
v 0.06500614 -0.09845365 0.06508030
v 0.06931331 -0.09381481 0.06086361
v 0.06448534 -0.09896836 0.06320587
v 0.06867011 -0.09445414 0.05909947
v 0.06388453 -0.09942040 0.06149721
v 0.05924452 -0.10313321 0.06635700
v 0.05880774 -0.10346690 0.06456417
v 0.05292772 -0.10703627 0.06662058
v 0.04646453 -0.10998440 0.06757287
v 0.05267013 -0.10718273 0.06503030
v 0.04639973 -0.11004514 0.06595670
v 0.06793974 -0.09504239 0.05751547
v 0.07232854 -0.08894618 0.05574696
v 0.07303493 -0.08744299 0.05920828
v 0.07472293 -0.08220979 0.05299558
v 0.07299492 -0.08681353 0.06088429
v 0.06987093 -0.09202424 0.06640166
v 0.07281492 -0.08629277 0.06236081
v 0.07467573 -0.08143694 0.05447958
v 0.07488935 -0.07619746 0.04757894
v 0.07448132 -0.08079762 0.05579246
v 0.07467334 -0.07541938 0.04869536
v 0.07424772 -0.08031858 0.05681779
v 0.07259734 -0.08590164 0.06351043
v 0.07405975 -0.08001344 0.05747444
v 0.07442133 -0.07483456 0.04957012
v 0.07422135 -0.07446480 0.05013622
v 0.07310054 -0.06981435 0.04225013
v 0.07036212 -0.06553266 0.03529337
v 0.07289174 -0.06938625 0.04273263
v 0.07336934 -0.07049390 0.04151009
v 0.07064612 -0.06628155 0.03463945
v 0.07272294 -0.06917210 0.04300227
v 0.07015255 -0.06506979 0.03573363
v 0.06998375 -0.06484559 0.03598937
v 0.06647895 -0.06143584 0.02943862
v 0.06665896 -0.06191095 0.02895778
v 0.06247333 -0.05832110 0.02415598
v 0.06630295 -0.06123803 0.02972572
v 0.06229013 -0.05821015 0.02454283
v 0.06599653 -0.06122309 0.02980561
v 0.06163572 -0.05826282 0.02447096
v 0.06562293 -0.06135106 0.02982751
v 0.06980055 -0.06479781 0.03611700
v 0.06957095 -0.06486953 0.03618963
v 0.07255013 -0.06911592 0.04312736
v 0.07232931 -0.06916245 0.04317816
v 0.07388051 -0.07421736 0.05056042
v 0.07365172 -0.07424157 0.05057692
v 0.07372854 -0.07979246 0.05793838
v 0.07405574 -0.07427563 0.05043929
v 0.07390134 -0.07985205 0.05781849
v 0.07227094 -0.08550772 0.06461912
v 0.06918051 -0.09085075 0.07032095
v 0.07210691 -0.08544321 0.06473585
v 0.07242215 -0.08564903 0.06424225
v 0.06932214 -0.09098766 0.06993360
v 0.06482451 -0.09571922 0.07416154
v 0.06948855 -0.09121804 0.06916748
v 0.06498535 -0.09596875 0.07342044
v 0.06969574 -0.09156733 0.06796010
v 0.06519015 -0.09634155 0.07224607
v 0.05954455 -0.10055574 0.07525582
v 0.05304936 -0.10420718 0.07712309
v 0.05934213 -0.10012045 0.07634114
v 0.05285896 -0.10370320 0.07811751
v 0.05918773 -0.09982360 0.07702285
v 0.05271815 -0.10335730 0.07873760
v 0.05906776 -0.09963701 0.07735597
v 0.05261415 -0.10313687 0.07903628
v 0.05895093 -0.09951225 0.07742610
v 0.06469253 -0.09556373 0.07452994
v 0.06455653 -0.09546512 0.07462134
v 0.06438134 -0.09538455 0.07452852
v 0.06902855 -0.09077360 0.07042971
v 0.06882851 -0.09072124 0.07035960
v 0.07189014 -0.08541800 0.06469230
v 0.06850131 -0.09061272 0.07010456
v 0.06410611 -0.09521098 0.07421209
v 0.05739811 -0.08909548 0.06305027
v 0.07151892 -0.08537009 0.06449652
v 0.05931252 -0.08579036 0.05949259
v 0.07310851 -0.07980318 0.05779456
v 0.06046694 -0.08177471 0.05463415
v 0.07326372 -0.07431242 0.05053061
v 0.07350133 -0.07979196 0.05792319
v 0.06058772 -0.07763932 0.04913960
v 0.07196372 -0.06929304 0.04322175
v 0.05963171 -0.07394657 0.04373435
v 0.06922295 -0.06506291 0.03631566
v 0.05769013 -0.07095396 0.03881948
v 0.06522616 -0.06165416 0.03000255
v 0.05489572 -0.06857063 0.03440596
v 0.06016615 -0.05905875 0.02442537
v 0.06072935 -0.05850865 0.02423763
v 0.05151972 -0.06682203 0.03071047
v 0.05411176 -0.05747190 0.01983105
v 0.05447096 -0.05614606 0.01936746
v 0.04719815 -0.05720254 0.01651171
v 0.04792456 -0.06583706 0.02802920
v 0.04381656 -0.06564492 0.02608770
v 0.03884215 -0.06617876 0.02461765
v 0.03983493 -0.05801455 0.01431922
v 0.03347096 -0.06736778 0.02376226
v 0.03231974 -0.05968211 0.01311855
v 0.02819333 -0.06910960 0.02365280
v 0.02490135 -0.06213108 0.01296424
v 0.02315736 -0.07136384 0.02432968
v 0.01782218 -0.06530039 0.01391474
v 0.01849738 -0.07406388 0.02573604
v 0.01129814 -0.06907362 0.01588813
v 0.01462775 -0.07695603 0.02769090
v 0.00555736 -0.07334069 0.01880020
v 0.01193014 -0.07978589 0.03000468
v 0.00097978 -0.07806378 0.02275152
v 0.01021015 -0.08282874 0.03297767
v -0.00195783 -0.08313540 0.02784086
v 0.00926215 -0.08625317 0.03690980
v -0.00339301 -0.08824996 0.03377626
v 0.00923659 -0.08973066 0.04148050
v -0.00342982 -0.09322286 0.04031151
v 0.01029335 -0.09306811 0.04644596
v -0.00193542 -0.09793633 0.04728824
v 0.01259256 -0.09624193 0.05177902
v 0.00118295 -0.10225207 0.05449761
v 0.01598774 -0.09901532 0.05708235
v 0.00568139 -0.10593810 0.06150608
v 0.01999818 -0.10102933 0.06165682
v 0.01123096 -0.10873885 0.06781538
v 0.02396455 -0.10205491 0.06489016
v 0.01750618 -0.11037905 0.07291130
v 0.02769575 -0.10220716 0.06684467
v 0.02421656 -0.11067353 0.07640785
v 0.03181496 -0.10167867 0.06805896
v 0.03119574 -0.10978903 0.07845565
v 0.03668456 -0.10044176 0.06866341
v 0.03830375 -0.10798672 0.07933569
v 0.04209413 -0.09855477 0.06864719
v 0.04538054 -0.10551921 0.07931309
v 0.04733576 -0.09631332 0.06807779
v 0.05223736 -0.10258612 0.07856843
v 0.05168456 -0.09397750 0.06696514
v 0.05858372 -0.09917352 0.07694787
v 0.05494856 -0.09164382 0.06534427
v 0.05880774 -0.09940451 0.07731504
v 0.05241493 -0.10285481 0.07896284
v 0.04551572 -0.10581020 0.07971677
v 0.05252212 -0.10298718 0.07908636
v 0.04558133 -0.10596175 0.07984606
v 0.03841333 -0.10845587 0.07986334
v 0.04564456 -0.10612887 0.07980457
v 0.03844137 -0.10862996 0.07981558
v 0.04572214 -0.10637180 0.07952275
v 0.03848457 -0.10887408 0.07952157
v 0.04583572 -0.10674896 0.07893211
v 0.04599494 -0.10729487 0.07798128
v 0.03855495 -0.10924739 0.07890472
v 0.03865895 -0.10978489 0.07791541
v 0.03121734 -0.11102179 0.07789007
v 0.03125734 -0.11151979 0.07681279
v 0.02400456 -0.11185366 0.07567597
v 0.03119655 -0.11067310 0.07856364
v 0.03119097 -0.11044234 0.07889094
v 0.02402535 -0.11153270 0.07640722
v 0.02405334 -0.11131627 0.07676726
v 0.01713978 -0.11121476 0.07280584
v 0.01709896 -0.11152512 0.07205132
v 0.01718856 -0.11100413 0.07318265
v 0.01073176 -0.10956115 0.06763818
v 0.01070214 -0.10989250 0.06691675
v 0.00509416 -0.10674557 0.06127009
v 0.01078378 -0.10934155 0.06800310
v 0.00513579 -0.10650653 0.06160239
v 0.01087175 -0.10917925 0.06810621
v 0.00523335 -0.10634198 0.06170732
v 0.01101018 -0.10901596 0.06804357
v 0.01725894 -0.11084034 0.07327946
v 0.01736375 -0.11067009 0.07319300
v 0.02409578 -0.11114883 0.07684875
v 0.02416134 -0.11097444 0.07674266
v 0.03119974 -0.11026898 0.07895311
v 0.03122215 -0.11009721 0.07883275
v 0.03839097 -0.10829070 0.07973493
v 0.00539896 -0.10618969 0.06167225
v 0.00085499 -0.10245828 0.05458407
v -0.00229624 -0.09808783 0.04728467
v 0.00066935 -0.10259458 0.05458926
v -0.00249465 -0.09820395 0.04725703
v 0.00056779 -0.10276010 0.05448378
v -0.00259545 -0.09836582 0.04714711
v 0.00054457 -0.10302322 0.05419049
v -0.00260103 -0.09864712 0.04688770
v -0.00416263 -0.09387345 0.03982260
v -0.00404661 -0.09437317 0.03938764
v -0.00451143 -0.08895048 0.03334337
v -0.00416501 -0.09358489 0.04006979
v -0.00448821 -0.08867653 0.03362004
v -0.00405062 -0.09342205 0.04018026
v -0.00426662 -0.08845574 0.03367038
v -0.00382741 -0.09331843 0.04022754
v -0.00390423 -0.08829874 0.03365058
v -0.00275782 -0.08311440 0.02772756
v -0.00021785 -0.07734223 0.02237336
v -0.00356582 -0.08353333 0.02805620
v -0.00407465 -0.08393177 0.02819229
v -0.00261305 -0.07910605 0.02398022
v -0.00353782 -0.07977945 0.02438230
v -0.00223945 -0.07571849 0.02221595
v -0.00341060 -0.07649785 0.02266004
v -0.00249861 -0.07283184 0.02237775
v 0.00032217 -0.07385334 0.02087851
v 0.00009019 -0.07110110 0.02127890
v 0.00471498 -0.07060988 0.01869481
v 0.01042215 -0.06684132 0.01642370
v 0.00428778 -0.06830196 0.01952257
v 0.00498459 -0.07235679 0.01859356
v 0.01085097 -0.06815872 0.01589618
v 0.01743337 -0.06440189 0.01399292
v 0.02455254 -0.06121899 0.01304584
v 0.01698218 -0.06320004 0.01464722
v 0.01633578 -0.06135801 0.01588631
v 0.02412778 -0.06002161 0.01371568
v 0.03159976 -0.05753544 0.01384372
v 0.02348858 -0.05819133 0.01496836
v 0.03095656 -0.05569187 0.01508235
v 0.02253977 -0.05545279 0.01697394
v 0.01469575 -0.03280052 0.03391885
v 0.03000455 -0.05294754 0.01708200
v 0.01538454 -0.05861369 0.01788597
v 0.00890619 -0.06207036 0.01950144
v 0.00754058 -0.03596142 0.03483088
v 0.00106375 -0.03940989 0.03644054
v 0.00495655 -0.02850341 0.04041108
v 0.01211178 -0.02534383 0.03950028
v 0.00237338 -0.02104649 0.04599326
v -0.00151942 -0.03195237 0.04202172
v -0.00410263 -0.02449486 0.04760289
v -0.00698902 -0.03522831 0.04386509
v -0.01112744 -0.03786881 0.04547996
v -0.00957300 -0.02776960 0.04944757
v -0.00440581 -0.04268486 0.03828445
v -0.00854342 -0.04532633 0.03989878
v 0.00342857 -0.06536749 0.02136040
v -0.00071624 -0.06803263 0.02298771
v -0.00331304 -0.06970612 0.02400493
v -0.01114423 -0.04698422 0.04090961
v -0.00463784 -0.07048170 0.02440610
v -0.00378182 -0.07361364 0.02279165
v -0.00508502 -0.07056602 0.02428446
v -0.01247703 -0.04774981 0.04131613
v -0.01506101 -0.04029303 0.04689752
v -0.01293141 -0.04782796 0.04120934
v -0.01289622 -0.04742082 0.04068120
v -0.01551463 -0.04037044 0.04679051
v -0.01547944 -0.03996248 0.04626215
v -0.01809861 -0.03291270 0.05237246
v -0.01806342 -0.03250473 0.05184408
v -0.02596741 -0.01026906 0.06941357
v -0.01764423 -0.03283455 0.05247925
v -0.01631142 -0.03206918 0.05207198
v -0.02551141 -0.01020857 0.06951732
v -0.02418020 -0.00945173 0.06910092
v -0.02656420 -0.00782001 0.07203546
v -0.02747300 -0.00700006 0.07467515
v -0.02700661 -0.00780752 0.07191639
v -0.02526980 -0.00707116 0.07159557
v -0.02267619 -0.00535429 0.07048671
v -0.02628501 -0.00627086 0.07419521
v -0.02373141 -0.00437713 0.07287756
v -0.02517062 -0.00526702 0.07631730
v -0.01930343 -0.00123671 0.07061548
v -0.01355783 0.00242239 0.06826124
v -0.01846582 -0.00259107 0.06870279
v -0.01982022 -0.00070354 0.07222196
v -0.01967140 -0.00046261 0.07334421
v -0.01389381 0.00332102 0.06939225
v -0.00729062 0.00701742 0.06744123
v -0.01388980 0.00368803 0.07034275
v -0.00673463 -0.00116608 0.08028997
v -0.00734984 0.00741764 0.06833574
v -0.00026900 0.01058163 0.06737850
v -0.00206182 0.00149506 0.07885438
v 0.00297659 0.00374627 0.07817340
v 0.00825179 0.00549414 0.07828607
v 0.01360857 0.00672063 0.07916858
v 0.00714695 0.01303760 0.06753652
v 0.01464617 0.01475082 0.06876936
v 0.00728619 0.01266780 0.06663784
v 0.01480376 0.01444703 0.06780982
v -0.00016820 0.01019119 0.06648602
v 0.00763419 0.01168446 0.06564436
v 0.00016458 0.00919009 0.06551127
v 0.00822217 0.00996402 0.06421564
v 0.01505096 0.01351356 0.06668514
v 0.01551258 0.01181702 0.06513391
v 0.02195417 0.01475621 0.06834155
v 0.02753097 0.01549575 0.07005289
v 0.02206298 0.01312009 0.06646961
v 0.02213017 0.01556010 0.06990895
v 0.02951575 0.01593319 0.07330269
v 0.02196695 0.01567980 0.07104774
v 0.02880617 0.01562426 0.07452733
v 0.01854379 0.00736053 0.08071610
v 0.02257978 0.00736218 0.08280134
v 0.02607976 0.00664215 0.08567925
v 0.03475576 0.01432853 0.07934132
v 0.02939016 0.00507489 0.08951056
v 0.03974295 0.01193887 0.08507450
v 0.03216377 0.00274595 0.09396865
v 0.04370776 0.00860981 0.09144966
v 0.04404698 0.00882925 0.09134332
v 0.04425097 0.00897501 0.09132524
v 0.04015256 0.01220093 0.08486841
v 0.04051896 0.01235038 0.08486258
v 0.03540698 0.01462335 0.07896155
v 0.03635655 0.01474213 0.07910036
v 0.03696137 0.01493747 0.07927957
v 0.03272377 0.01597906 0.07436847
v 0.03080298 0.01586072 0.07104913
v 0.03387257 0.01617903 0.07470170
v 0.03387576 0.01668556 0.07455805
v 0.03221174 0.01613702 0.07138608
v 0.03184138 0.01482132 0.06881744
v 0.03237177 0.01654059 0.07120329
v 0.03214618 0.01512297 0.06865706
v 0.03167897 0.01712037 0.07045762
v 0.03169738 0.01547144 0.06807811
v 0.03280216 0.01784812 0.07386631
v 0.03050777 0.01779136 0.06908693
v 0.02927018 0.01851108 0.06752020
v 0.03087336 0.01592526 0.06711472
v 0.03041578 0.01914683 0.07088147
v 0.02884299 0.02004258 0.06887641
v 0.03171736 0.01316613 0.06482206
v 0.02987014 0.01652352 0.06585457
v 0.02617976 0.02056890 0.05834742
v 0.03080216 0.01372190 0.06368418
v 0.02713338 0.01788016 0.05647389
v 0.03865896 -0.00897944 0.04668724
v 0.03955736 -0.00952297 0.04781054
v 0.04124456 -0.01644608 0.04109793
v 0.03563896 -0.00461427 0.04040889
v 0.03520456 -0.00289657 0.03875745
v 0.03832774 -0.01245532 0.03441534
v 0.04110613 -0.02039621 0.02859730
v 0.03809977 -0.01102862 0.03240297
v 0.03840294 -0.00917189 0.03006280
v 0.04093337 -0.01943171 0.02638263
v 0.04109335 -0.01924981 0.02372057
v 0.04730853 -0.04053951 0.01025520
v 0.04805016 -0.04249935 0.01128445
v 0.04185333 -0.02086870 0.02042118
v 0.05170216 -0.04661931 0.01852497
v 0.05272774 -0.04947169 0.01646600
v 0.05260777 -0.04715079 0.01968226
v 0.04383173 -0.02391354 0.03550890
v 0.04472537 -0.02444097 0.03664657
v 0.04542537 -0.02481460 0.03747128
v 0.04214134 -0.01698217 0.04222905
v 0.04284134 -0.01735613 0.04305299
v 0.04319177 -0.01761437 0.04355961
v 0.04025817 -0.00989788 0.04863397
v 0.03243338 0.01278231 0.06566320
v 0.04060855 -0.01015686 0.04914078
v 0.03279577 0.01250966 0.06617750
v 0.04023257 -0.01040091 0.04929298
v 0.03243094 0.01225202 0.06632627
v 0.04281654 -0.01785842 0.04371180
v 0.03870054 -0.01074504 0.04904418
v 0.04128456 -0.01820256 0.04346301
v 0.03558136 -0.01130517 0.04834832
v 0.03090535 0.01190164 0.06606766
v 0.02778217 0.01133945 0.06535404
v 0.03034617 0.01448857 0.06853179
v 0.02718135 0.01397377 0.06773953
v 0.02279736 0.01045135 0.06421901
v 0.03061257 -0.01219346 0.04723508
v 0.01638457 0.00912846 0.06300877
v 0.00915177 0.00726575 0.06214444
v 0.02421976 -0.01351705 0.04604429
v 0.02680217 -0.02097384 0.04046289
v 0.01699335 -0.01537975 0.04518830
v 0.01957737 -0.02283630 0.03960765
v 0.00952856 -0.01788608 0.04508223
v 0.00168698 0.00476000 0.06203735
v -0.00546743 0.00159910 0.06294940
v 0.00075577 0.00746123 0.06410183
v -0.00639784 0.00429606 0.06502185
v -0.01290823 0.00080030 0.06669925
v -0.00698263 0.00601781 0.06644930
v -0.01194660 -0.00185463 0.06456900
v -0.01742822 -0.00514214 0.06643509
v -0.02157780 -0.00779486 0.06807284
v -0.01371061 -0.03041130 0.05106114
v 0.02215978 -0.03029501 0.03402517
v 0.02938615 -0.02843232 0.03488116
v 0.03723974 -0.05108908 0.01794345
v 0.03577977 -0.02710848 0.03607273
v 0.03319655 -0.01965147 0.04165488
v 0.04074774 -0.02622043 0.03718520
v 0.04365496 -0.04977641 0.01914756
v 0.04481816 -0.05259371 0.01729360
v 0.04864454 -0.04890137 0.02027234
v 0.05177335 -0.04835539 0.02097414
v 0.04994854 -0.05177654 0.01853695
v 0.05311812 -0.05127553 0.01931916
v 0.05158776 -0.05398496 0.01806105
v 0.05485095 -0.05359223 0.01907732
v 0.04597334 -0.05461940 0.01642665
v 0.04693813 -0.05609774 0.01628779
v 0.03903255 -0.05575307 0.01485181
v 0.03825335 -0.05385610 0.01598741
v 0.03955097 -0.05703612 0.01431893
v 0.03201094 -0.05875259 0.01319155
v 0.05627736 -0.05336444 0.01937794
v 0.05756935 -0.05578186 0.02067145
v 0.05874055 -0.05564274 0.02095787
v 0.05890773 -0.05560829 0.02046031
v 0.05825494 -0.05565622 0.01886116
v 0.05652536 -0.05321254 0.01900621
v 0.05594052 -0.05294308 0.01802742
v 0.05496296 -0.05076529 0.01935155
v 0.05454372 -0.05050029 0.01870921
v 0.05367974 -0.04778939 0.02105236
v 0.05462612 -0.05097655 0.01957907
v 0.05330614 -0.04802426 0.02121849
v 0.04539976 -0.02531667 0.03813084
v 0.04577574 -0.02507188 0.03797843
v 0.04386773 -0.02566104 0.03788128
v 0.05332216 -0.04753309 0.02052546
v 0.05372852 -0.05006747 0.01772877
v 0.05479173 -0.05233197 0.01661046
v 0.05582532 -0.05422645 0.01597297
v 0.06252611 -0.05876239 0.02345517
v 0.03816457 -0.01876268 0.04276715
v 0.03459573 -0.00049318 0.03775813
v 0.03651333 -0.00175281 0.03379965
v 0.03356138 0.00306738 0.03833659
v 0.03917413 -0.00323426 0.03129941
v 0.03785735 0.00081413 0.03300166
v 0.04047337 0.00045175 0.03042448
v 0.03918214 0.00380478 0.03152013
v 0.03784695 0.00724437 0.03247019
v 0.02698857 0.01811932 0.05415639
v 0.03695255 0.01537904 0.07930593
v 0.04075094 0.01254972 0.08494448
v 0.04434858 0.00917162 0.09138124
v -0.01064264 -0.00395508 0.08232651
v -0.01341063 -0.00659251 0.08478778
v -0.02432421 -0.00497344 0.07745626
v -0.01522499 -0.00937305 0.08795990
v -0.02736421 -0.00975368 0.08276349
v -0.01623780 -0.01261650 0.09202962
v -0.02887540 -0.01466010 0.08885420
v -0.02696820 -0.00727028 0.07130972
v -0.02788020 -0.00681601 0.07452351
v -0.02676180 -0.00641694 0.07028845
v -0.02593301 -0.00984248 0.06887790
v -0.02574740 -0.00910869 0.06798632
v -0.02555860 -0.00812600 0.06678730
v -0.01787940 -0.03178679 0.05097232
v -0.01769301 -0.03082146 0.04978773
v -0.01529624 -0.03924550 0.04538981
v -0.01271140 -0.04670503 0.03980757
v -0.01510584 -0.03828859 0.04419942
v -0.01624261 -0.03353466 0.03732078
v -0.01727301 -0.03240982 0.03534103
v -0.01897780 -0.02577069 0.04338608
v -0.01999780 -0.02427849 0.04176508
v -0.02635620 -0.00285311 0.05941865
v -0.02662421 -0.00266101 0.05710865
v -0.02728580 -0.00015420 0.06128993
v -0.02654901 -0.00534653 0.06896186
v -0.02747620 -0.00004509 0.05853621
v -0.02796100 0.00177954 0.06265010
v -0.02849300 0.00330483 0.06372824
v -0.02812181 0.00190479 0.05964249
v -0.02728420 -0.00341127 0.07063408
v -0.02755781 -0.00471723 0.07228495
v -0.02787061 -0.00194129 0.07199964
v -0.02837861 -0.00060328 0.07320783
v -0.02876501 0.00067901 0.07433337
v -0.02578822 -0.01237384 0.04373225
v -0.02597302 -0.01692854 0.03997839
v -0.02455700 -0.01547318 0.04271043
v -0.02305621 -0.01892693 0.04161342
v -0.02455781 -0.02045000 0.03878146
v -0.02268182 -0.02467734 0.03702625
v -0.02612582 -0.02395667 0.03645698
v -0.02454022 -0.02792394 0.03474362
v -0.02877382 -0.02632536 0.03540273
v -0.02752422 -0.02035334 0.03766179
v -0.02880581 -0.01694033 0.03861819
v -0.03003061 -0.02273691 0.03652260
v -0.03398261 -0.02453952 0.03519559
v -0.03132260 -0.01923500 0.03746889
v -0.03533140 -0.02106320 0.03614290
v -0.03668261 -0.01759755 0.03699150
v -0.03600581 -0.02115067 0.03527435
v -0.03731060 -0.01781555 0.03598351
v -0.03624420 -0.01969985 0.02937655
v -0.03471861 -0.02447956 0.03426164
v -0.03344341 -0.02780017 0.03309351
v -0.03511701 -0.02261708 0.02847361
v -0.03394661 -0.02566893 0.02737647
v -0.03292900 -0.02833791 0.02630752
v -0.03224021 -0.03095545 0.03184208
v -0.03224340 -0.03018389 0.02522171
v -0.03170341 -0.03172801 0.02368799
v -0.03120101 -0.03375449 0.03019820
v -0.03037620 -0.03405663 0.03096374
v -0.03039461 -0.03606446 0.02787945
v -0.02950822 -0.03652186 0.02862331
v -0.02972742 -0.03808728 0.02512479
v -0.02906021 -0.04012668 0.02224057
v -0.03111621 -0.03349813 0.02133338
v -0.03047460 -0.03545136 0.01863205
v -0.02990261 -0.03722728 0.01597001
v -0.02841941 -0.04211492 0.01925985
v -0.02944182 -0.03872908 0.01327787
v -0.02906261 -0.04006009 0.01035118
v -0.02788182 -0.04386808 0.01611962
v -0.02691620 -0.04457930 0.01643200
v -0.02743701 -0.04542930 0.01268752
v -0.02641140 -0.04629448 0.01295778
v -0.02709862 -0.04678698 0.00880289
v -0.02879382 -0.04113698 0.00727263
v -0.02703782 -0.04753995 0.00426117
v -0.02609061 -0.04761868 0.00899035
v -0.02606341 -0.04831241 0.00427952
v -0.02276741 -0.04785146 0.00932383
v -0.02262579 -0.04836945 0.00458335
v -0.02296342 -0.04801582 -0.00110955
v -0.02374822 -0.04677785 -0.00739185
v -0.01813461 -0.04686268 -0.00137562
v -0.02642261 -0.04816516 -0.00131099
v -0.02741700 -0.04730864 -0.00106724
v -0.02717620 -0.04711189 -0.00745733
v -0.02818342 -0.04619117 -0.00696221
v -0.02831460 -0.04511803 -0.01371285
v -0.02491061 -0.04465421 -0.01377092
v -0.02926260 -0.04432299 -0.01306115
v -0.02984422 -0.04210482 -0.01960329
v -0.02644581 -0.04154275 -0.01977875
v -0.03175782 -0.03803477 -0.02470792
v -0.03070661 -0.04149910 -0.01877579
v -0.03256100 -0.03753553 -0.02359092
v -0.03182181 -0.03661953 -0.01527707
v -0.03330501 -0.03345100 -0.01912697
v -0.03064581 -0.03892075 -0.01062178
v -0.02970980 -0.04054022 -0.00533241
v -0.02904740 -0.04150655 -0.00023261
v -0.02874902 -0.04168748 0.00395584
v -0.03511541 -0.02939265 -0.02240389
v -0.03472660 -0.03268118 -0.02751166
v -0.03708179 -0.02484880 -0.02495827
v -0.03707781 -0.02725017 -0.03056520
v -0.03903220 -0.02019925 -0.02639220
v -0.03952899 -0.02140433 -0.03236848
v -0.04101059 -0.01530996 -0.02656650
v -0.04200740 -0.01528079 -0.03258430
v -0.04307859 -0.01005306 -0.02564173
v -0.04506421 -0.00488696 -0.02386311
v -0.04445059 -0.00906823 -0.03149165
v -0.04408500 -0.00853081 -0.03298414
v -0.04678340 -0.00300114 -0.02940248
v -0.04885299 0.00256791 -0.02617197
v -0.04646821 -0.00231424 -0.03071781
v -0.04210901 -0.00049042 -0.03115367
v -0.04859619 0.00343194 -0.02724660
v -0.04402420 0.00545499 -0.02760387
v -0.05037619 0.00846322 -0.02264133
v -0.04566099 0.01066016 -0.02292906
v -0.05052900 0.00732924 -0.02166406
v -0.04810819 0.00350714 -0.01757349
v -0.04674580 -0.00036193 -0.02123759
v -0.04138181 0.01236140 -0.02320927
v -0.04695300 0.01495169 -0.01733345
v -0.04269700 0.01665247 -0.01760099
v -0.03877940 0.01819329 -0.01783114
v -0.03848660 0.01809996 -0.01771690
v -0.03744659 0.01390563 -0.02344462
v -0.03573461 0.00871542 -0.02814149
v -0.03716259 0.01383887 -0.02329746
v -0.03664181 0.01268886 -0.02208808
v -0.03546100 0.00867882 -0.02796667
v -0.03344100 0.00279751 -0.03151993
v -0.03502021 0.00776755 -0.02654186
v -0.03309460 0.00215569 -0.02993075
v -0.03320179 0.00847581 -0.02665113
v -0.03127461 0.00286220 -0.03004284
v -0.03482421 0.01340033 -0.02219496
v -0.03364260 0.00938878 -0.02807561
v -0.03348580 0.00959304 -0.02827679
v -0.03162260 0.00350458 -0.03163051
v -0.03534501 0.01454937 -0.02340490
v -0.03666899 0.01881262 -0.01782248
v -0.03519781 0.01478564 -0.02357730
v -0.03167382 0.01616008 -0.02377979
v -0.03652980 0.01907422 -0.01796075
v -0.03742499 0.02230018 -0.01165669
v -0.03301699 0.02044539 -0.01816058
v -0.03272500 0.02035196 -0.01804633
v -0.03391781 0.02367048 -0.01185378
v -0.03432100 0.02567258 -0.00508850
v -0.03361940 0.02355690 -0.01177856
v -0.03782739 0.02430159 -0.00489372
v -0.03769700 0.02495809 0.00209207
v -0.03795860 0.02400643 -0.00483892
v -0.03782899 0.02465779 0.00209913
v -0.03755860 0.02201760 -0.01155723
v -0.03731539 0.02241349 -0.00451870
v -0.03693459 0.02052348 -0.01089830
v -0.03913219 0.02170017 -0.00441794
v -0.03719220 0.02303091 0.00206359
v -0.03900981 0.02231737 0.00216360
v -0.03658900 0.02240588 0.00862387
v -0.03840661 0.02169260 0.00872211
v -0.03719461 0.02400103 0.00900323
v -0.03554339 0.02060042 0.01490026
v -0.03736100 0.01988772 0.01499748
v -0.03590901 0.01696210 0.02073781
v -0.03791220 0.02138934 0.01570337
v -0.03875220 0.01981086 -0.01079523
v -0.03790500 0.01675697 -0.01676181
v -0.03937621 0.02130498 -0.01145416
v -0.03608739 0.01746817 -0.01686695
v -0.03138981 0.01609113 -0.02363198
v -0.03214741 0.01900655 -0.01709134
v -0.03087302 0.01494030 -0.02242235
v -0.02922900 0.01002299 -0.02688235
v -0.02905381 0.01564863 -0.02252578
v -0.02957061 0.01680018 -0.02373564
v -0.02740980 0.01073003 -0.02698707
v -0.02545062 0.00512531 -0.03038564
v -0.02784741 0.01164382 -0.02841179
v -0.02579380 0.00577011 -0.03197320
v -0.02768980 0.01184904 -0.02861245
v -0.02562340 0.00593948 -0.03219562
v -0.02360261 0.01343639 -0.02884325
v -0.02942341 0.01703571 -0.02390782
v -0.02534741 0.01862028 -0.02413694
v -0.02669621 0.02290569 -0.01851442
v -0.02151862 0.00753257 -0.03242983
v -0.02125860 0.00753124 -0.03223222
v -0.01918341 0.00114760 -0.03478908
v -0.01668903 -0.00546183 -0.03583718
v -0.02330900 -0.00045161 -0.03455302
v -0.01893703 0.00118378 -0.03457772
v -0.01870261 0.00082711 -0.03288240
v -0.01645862 -0.00538486 -0.03561808
v -0.01634103 -0.00543131 -0.03387514
v -0.01391460 -0.01192084 -0.03527362
v -0.01412903 -0.01204112 -0.03548969
v -0.01392500 -0.01163846 -0.03354886
v -0.01139542 -0.01817866 -0.03350062
v -0.01159384 -0.01834135 -0.03370472
v -0.01153542 -0.01757506 -0.03186609
v -0.00899303 -0.02394581 -0.03041750
v -0.00917542 -0.02414732 -0.03060070
v -0.00925304 -0.02305498 -0.02893567
v -0.00679543 -0.02901542 -0.02618279
v -0.00489304 -0.03318185 -0.02095715
v -0.00696504 -0.02925066 -0.02633910
v -0.00716421 -0.02787529 -0.02491072
v -0.00534260 -0.02717282 -0.02501407
v -0.00535223 -0.03184123 -0.01993444
v -0.00383460 -0.03491641 -0.01415232
v -0.00353062 -0.03113852 -0.02003701
v -0.00307224 -0.03247914 -0.02105973
v -0.00201142 -0.03421691 -0.01425727
v -0.00150583 -0.03567215 -0.01508412
v -0.00062745 -0.03687215 -0.00817486
v -0.00014103 -0.03834796 -0.00897546
v 0.00081017 -0.03971847 -0.00250944
v -0.00245383 -0.03755470 -0.00804411
v -0.00102422 -0.04036498 -0.00231770
v -0.00196822 -0.03903147 -0.00884525
v -0.00061782 -0.04175312 -0.00329850
v -0.00212743 -0.03930807 -0.00893392
v -0.00332820 -0.03637248 -0.01497892
v -0.00348260 -0.03664863 -0.01507441
v -0.00505221 -0.03344385 -0.02108032
v -0.00766341 -0.03824785 -0.01482749
v -0.00794980 -0.03813841 -0.01470843
v -0.00634181 -0.04085752 -0.00860759
v -0.00922901 -0.03505168 -0.02084249
v -0.01114423 -0.03086128 -0.02609959
v -0.00950901 -0.03495796 -0.02069529
v -0.00996344 -0.03361373 -0.01967449
v -0.01141064 -0.03079431 -0.02591925
v -0.01360504 -0.02572483 -0.03015141
v -0.01177461 -0.02965249 -0.02464686
v -0.01359703 -0.03035226 -0.02454016
v -0.01386101 -0.02483317 -0.02866983
v -0.01613700 -0.01935229 -0.03159971
v -0.01568262 -0.02553377 -0.02856288
v -0.01542660 -0.02642615 -0.03004425
v -0.01795861 -0.02005494 -0.03149131
v -0.02033621 -0.01411679 -0.03317454
v -0.01782261 -0.02065926 -0.03312560
v -0.02032901 -0.01440086 -0.03489963
v -0.01802103 -0.02082246 -0.03332872
v -0.02054421 -0.01452173 -0.03511467
v -0.01561062 -0.02662670 -0.03022689
v -0.02173301 -0.02225184 -0.03310296
v -0.02423462 -0.01594632 -0.03488953
v -0.01933300 -0.02805599 -0.03000116
v -0.02196742 -0.02225458 -0.03287401
v -0.02445062 -0.01599220 -0.03464839
v -0.01958343 -0.02802147 -0.02979265
v -0.02209622 -0.02164774 -0.03123964
v -0.02391862 -0.02234579 -0.03112426
v -0.02445141 -0.01570658 -0.03292377
v -0.01983220 -0.02712656 -0.02831120
v -0.02165543 -0.02782329 -0.02819706
v -0.01775223 -0.03194274 -0.02429169
v -0.01739461 -0.03308684 -0.02556340
v -0.01957623 -0.03263660 -0.02417925
v -0.01594502 -0.03589840 -0.01932853
v -0.01444103 -0.03892287 -0.01356422
v -0.01776983 -0.03659126 -0.01921807
v -0.01549622 -0.03724672 -0.02034642
v -0.01521780 -0.03734118 -0.02049340
v -0.01394660 -0.04040493 -0.01434956
v -0.01365940 -0.04051725 -0.01446691
v -0.01267941 -0.04287788 -0.00802551
v -0.01239383 -0.04300396 -0.00813037
v -0.01313703 -0.04132387 -0.00736718
v -0.01160342 -0.04512409 -0.00189189
v -0.01236822 -0.04580781 -0.00087334
v -0.01197783 -0.04355947 -0.00120667
v -0.01132261 -0.04526457 -0.00201412
v -0.00739944 -0.04415902 -0.00256499
v -0.00862581 -0.04167828 -0.00842844
v -0.00721781 -0.04390081 -0.00247912
v -0.00846183 -0.04139993 -0.00834782
v -0.00598662 -0.04422502 -0.00183395
v -0.00758741 -0.04244434 -0.00158746
v -0.00573461 -0.04187100 -0.00183651
v -0.00892822 -0.03988707 -0.00760436
v -0.00623782 -0.04291965 -0.00069531
v -0.01027381 -0.03736425 -0.01379054
v -0.00709383 -0.03922769 -0.00774818
v -0.00844981 -0.03667070 -0.01389871
v -0.00662744 -0.04073959 -0.00849110
v -0.00536263 -0.04332988 -0.00272493
v -0.00508501 -0.04344668 -0.00287102
v -0.00079224 -0.04201367 -0.00340037
v 0.00149820 -0.04120969 -0.00363545
v 0.00601179 -0.03954825 -0.00400560
v 0.00121815 -0.04110842 -0.00348802
v 0.00014617 -0.03845764 -0.00909529
v -0.00121863 -0.03577904 -0.01520562
v 0.00463578 -0.03675113 -0.00938544
v 0.00325896 -0.03405153 -0.01545950
v 0.00479257 -0.03647438 -0.00929096
v 0.00617897 -0.03928523 -0.00389027
v 0.00800459 -0.03859801 -0.00401910
v 0.00573255 -0.03792903 -0.00288228
v 0.00755817 -0.03724049 -0.00301234
v 0.00610935 -0.03431970 -0.00857489
v 0.00661499 -0.03577577 -0.00940150
v 0.00690457 -0.03588161 -0.00952248
v 0.00523335 -0.03307174 -0.01546352
v 0.00552136 -0.03317708 -0.01558549
v 0.00366456 -0.02987401 -0.02143472
v 0.00176217 -0.02570626 -0.02666159
v 0.00394456 -0.02996595 -0.02158161
v 0.00857016 -0.02817437 -0.02183644
v 0.00202939 -0.02577264 -0.02684294
v 0.00665657 -0.02397937 -0.02709745
v -0.00018504 -0.02066866 -0.03110473
v -0.00043705 -0.02063436 -0.03089698
v -0.00260661 -0.01486187 -0.03420900
v 0.00444538 -0.01887480 -0.03136024
v 0.00202458 -0.01306719 -0.03446476
v 0.00462939 -0.01867200 -0.03117577
v 0.00682857 -0.02374267 -0.02694158
v 0.00440137 -0.01790057 -0.02989022
v 0.00222375 -0.01290271 -0.03426036
v 0.00209977 -0.01238110 -0.03284177
v -0.00029943 -0.00664571 -0.03603312
v -0.00285141 -0.00011128 -0.03637711
v -0.00051463 -0.00676705 -0.03624970
v -0.00031064 -0.00640136 -0.03453672
v -0.00009544 -0.00628085 -0.03431989
v -0.00275142 -0.00015286 -0.03486461
v -0.00251944 -0.00007588 -0.03464550
v -0.00513784 0.00614503 -0.03386289
v -0.00533940 0.00645577 -0.03533377
v -0.00737540 0.01223841 -0.03160868
v -0.00489060 0.00618145 -0.03365077
v -0.00350263 0.00671919 -0.03372695
v -0.00711462 0.01223731 -0.03141030
v -0.00572664 0.01277482 -0.03148727
v -0.00909702 0.01783433 -0.02800690
v -0.00770981 0.01837256 -0.02808408
v -0.00937063 0.01787210 -0.02818376
v -0.01075622 0.02275051 -0.02354237
v -0.01104104 0.02281933 -0.02369099
v -0.01203863 0.02681636 -0.01820706
v -0.00936901 0.02328825 -0.02361857
v -0.01065141 0.02735314 -0.01828381
v -0.00922023 0.02352474 -0.02379020
v -0.00755064 0.01857802 -0.02828396
v -0.00966584 0.02452467 -0.02484066
v -0.01051141 0.02761547 -0.01842230
v -0.01137143 0.03069027 -0.01240855
v -0.01100980 0.02878342 -0.01925103
v -0.01086899 0.02904607 -0.01938879
v -0.01190664 0.03198928 -0.01298021
v -0.01177141 0.03227104 -0.01307943
v -0.01230742 0.03397900 -0.00625632
v -0.01217781 0.03463065 0.00068832
v -0.01217462 0.03427438 -0.00631036
v -0.01175543 0.03259398 -0.00597794
v -0.01188899 0.03229859 -0.00592390
v -0.01163141 0.03321671 0.00065790
v -0.01102420 0.03258673 0.00726815
v -0.01176664 0.03291640 0.00066494
v -0.01315061 0.03238022 0.00074067
v -0.01116420 0.03229120 0.00723029
v -0.01254584 0.03175575 0.00730580
v -0.01011940 0.03048306 0.01351167
v -0.01149780 0.02994865 0.01358768
v -0.00866820 0.02754894 0.01926542
v -0.00997063 0.03076749 0.01359297
v -0.00850660 0.02781481 0.01938492
v -0.01044260 0.03207279 0.01420518
v -0.01029383 0.03235722 0.01428648
v -0.01154262 0.03397382 0.00759747
v -0.00891620 0.02899324 0.02024682
v -0.00704743 0.02492796 0.02557231
v -0.00875622 0.02925934 0.02036707
v -0.00414740 0.03104530 0.02011310
v -0.00687701 0.02517987 0.02571188
v -0.00914823 0.02429934 0.02583720
v -0.00227224 0.02696355 0.02545860
v -0.00033061 0.02264807 0.03031474
v -0.00199701 0.02688662 0.02529212
v -0.00386583 0.03095021 0.01996966
v -0.00158660 0.02565343 0.02412168
v -0.00005543 0.02257082 0.03014754
v 0.00034378 0.02133993 0.02897053
v 0.00163496 0.01888688 0.03488414
v 0.00135095 0.01898038 0.03503057
v 0.00346697 0.01956215 0.03477645
v 0.00208137 0.01753200 0.03387491
v 0.00391338 0.01820522 0.03376869
v 0.00216859 0.02203583 0.02886750
v 0.00023420 0.02635766 0.02402115
v 0.00176857 0.02326575 0.03004396
v -0.00017621 0.02759075 0.02519161
v 0.00193980 0.02351273 0.03018669
v 0.00363577 0.01982226 0.03489602
v 0.00633419 0.02516398 0.02993494
v -0.00000984 0.02783846 0.02533415
v -0.00188901 0.03192127 0.01998918
v 0.00435899 0.02952617 0.02509227
v 0.00247896 0.03361423 0.01974823
v 0.00463336 0.02944901 0.02492504
v 0.00503500 0.02821909 0.02374858
v 0.00660617 0.02508662 0.02976440
v 0.00276058 0.03351915 0.01960478
v 0.00123418 0.03659869 0.01356312
v 0.00323098 0.03216185 0.01860966
v 0.00177896 0.03509487 0.01285788
v 0.00505097 0.03286776 0.01850944
v 0.00458138 0.03422506 0.01950456
v 0.00685656 0.02892024 0.02364646
v 0.00359896 0.03580056 0.01275693
v 0.00255258 0.03760766 0.00647504
v 0.00305498 0.03730365 0.01346238
v 0.00195497 0.03920541 0.00685443
v 0.00320137 0.03758808 0.01354369
v 0.00473736 0.03449020 0.01962428
v 0.00708058 0.03909121 0.01332993
v 0.00209258 0.03950116 0.00689304
v 0.00597336 0.04100526 0.00667985
v 0.00145176 0.04016231 -0.00006253
v 0.00533417 0.04166723 -0.00027598
v 0.00132139 0.03950597 -0.00705337
v 0.00131896 0.03986298 -0.00005491
v 0.00119017 0.03921058 -0.00699935
v 0.00194858 0.03823286 -0.00009030
v 0.00012858 0.03752694 0.00000990
v 0.00182617 0.03761431 -0.00667895
v 0.00220697 0.03572424 -0.01306438
v 0.00000537 0.03690913 -0.00657895
v 0.00038698 0.03501832 -0.01296418
v -0.00063064 0.03850467 -0.00689913
v -0.00022981 0.03651578 -0.01362327
v -0.00093142 0.03863261 -0.00692939
v -0.00050103 0.03915706 0.00004529
v -0.00080101 0.03928918 0.00006223
v 0.00013416 0.03849940 0.00695466
v -0.00016262 0.03862697 0.00701727
v 0.00073259 0.03690174 0.00657524
v -0.00453383 0.03693223 0.00725794
v 0.00094460 0.03671316 0.01366814
v -0.00342499 0.03501914 0.01390856
v -0.00357143 0.03473554 0.01382703
v -0.00204584 0.03165622 0.01986943
v -0.00302741 0.03323164 0.01312183
v -0.00467221 0.03663648 0.00721933
v -0.00407383 0.03503872 0.00683992
v -0.00530740 0.03729404 0.00030996
v -0.00517379 0.03759347 0.00030234
v -0.00467703 0.03566393 0.00027459
v -0.00543620 0.03664165 -0.00663446
v -0.00530421 0.03693763 -0.00668950
v -0.00503542 0.03465299 -0.01335782
v -0.00480024 0.03504611 -0.00631427
v -0.00441863 0.03315554 -0.01269871
v -0.00662023 0.03434020 -0.00621407
v -0.00623943 0.03244939 -0.01259929
v -0.00725700 0.03593646 -0.00653448
v -0.00649783 0.03495874 0.00037457
v -0.00712740 0.03658886 0.00040997
v -0.00589382 0.03433281 0.00694014
v -0.00649301 0.03593047 0.00731956
v -0.00484740 0.03252572 0.01322203
v -0.00539223 0.03403035 0.01392701
v -0.00339462 0.02959315 0.01897531
v -0.00157382 0.03029810 0.01887456
v -0.00568182 0.03414473 0.01403204
v -0.00678903 0.03605877 0.00738195
v -0.01140262 0.03427030 0.00763586
v -0.00742742 0.03672025 0.00042712
v -0.00755703 0.03606441 -0.00656472
v -0.01204339 0.03493178 0.00068103
v -0.00715300 0.03406129 -0.01333303
v -0.00624983 0.03083610 -0.01964314
v -0.00685622 0.03394603 -0.01325813
v -0.00595781 0.03074194 -0.01952866
v -0.00538422 0.02939571 -0.01857343
v -0.00461542 0.02648164 -0.02511783
v -0.00410182 0.02532912 -0.02390852
v -0.00287544 0.02133079 -0.02979816
v -0.00489861 0.02655128 -0.02526669
v -0.00951783 0.02476116 -0.02501230
v -0.00314900 0.02136848 -0.02997499
v -0.00776741 0.01957763 -0.02972038
v -0.00105860 0.01546575 -0.03356357
v -0.00567700 0.01367490 -0.03330896
v -0.00079782 0.01546383 -0.03336495
v 0.00128539 0.00908251 -0.03592501
v -0.00333302 0.00729248 -0.03567065
v 0.00378935 0.00247449 -0.03697437
v 0.00153177 0.00911925 -0.03571215
v 0.00401976 0.00255219 -0.03675549
v 0.00176380 0.00876079 -0.03401712
v 0.00413496 0.00250419 -0.03501210
v -0.00046022 0.01481665 -0.03177666
v 0.00358455 0.00946671 -0.03411732
v 0.00136058 0.01552257 -0.03187686
v 0.00335257 0.00982420 -0.03581290
v 0.00595495 0.00320938 -0.03511207
v 0.00584056 0.00325738 -0.03685547
v 0.00837819 -0.00299549 -0.03478647
v 0.00839259 -0.00327632 -0.03651171
v 0.01077258 -0.00893291 -0.03310347
v 0.00655815 -0.00370173 -0.03468701
v 0.00657179 -0.00398223 -0.03641151
v 0.00895178 -0.00963810 -0.03300348
v 0.00909497 -0.01024005 -0.03463850
v 0.01123735 -0.01511971 -0.03007338
v 0.01305815 -0.01441429 -0.03017260
v 0.01332857 -0.01994038 -0.02604666
v 0.01150057 -0.01600885 -0.03155489
v 0.01131737 -0.01621059 -0.03173885
v 0.01369897 -0.02107992 -0.02731975
v 0.01352936 -0.02131589 -0.02747582
v 0.01560217 -0.02524721 -0.02209133
v 0.01544296 -0.02551017 -0.02221505
v 0.01717097 -0.02844517 -0.01612092
v 0.01513978 -0.02390814 -0.02106815
v 0.01665255 -0.02699900 -0.01528549
v 0.01695978 -0.02320296 -0.02116814
v 0.01847335 -0.02629180 -0.01538441
v 0.01514856 -0.01923520 -0.02614664
v 0.01742297 -0.02454225 -0.02219209
v 0.01551978 -0.02037377 -0.02741918
v 0.01770455 -0.02463346 -0.02233920
v 0.01899096 -0.02773879 -0.01621959
v 0.01928216 -0.02784331 -0.01634180
v 0.02037254 -0.03043621 -0.01014953
v 0.02066618 -0.03053934 -0.01026715
v 0.01984616 -0.02898024 -0.00933710
v 0.01855417 -0.03114765 -0.01005936
v 0.01839815 -0.03142641 -0.01015490
v 0.01802775 -0.02969145 -0.00924617
v 0.01701657 -0.02872203 -0.01621871
v 0.01241337 -0.03050666 -0.01596597
v 0.01014215 -0.03138719 -0.01584065
v 0.01212055 -0.03040470 -0.01584132
v 0.01083576 -0.02729612 -0.02196108
v 0.01055257 -0.02720491 -0.02181395
v 0.00891816 -0.02310290 -0.02722237
v 0.00670378 -0.01799906 -0.03148495
v 0.00864856 -0.02303748 -0.02704156
v 0.00832617 -0.02204896 -0.02593684
v 0.00645015 -0.01796632 -0.03127674
v 0.00404455 -0.01219752 -0.03436036
v 0.00622217 -0.01719465 -0.02999042
v 0.00391977 -0.01167518 -0.03294197
v 0.00596778 -0.01716190 -0.02978220
v 0.00805656 -0.02198450 -0.02575657
v 0.00458619 -0.01769786 -0.02970570
v 0.00368297 -0.01168066 -0.03271387
v 0.00229895 -0.01221662 -0.03263737
v 0.00129015 -0.00574407 -0.03439663
v -0.00113304 0.00046177 -0.03472167
v 0.00150936 -0.00569641 -0.03463746
v -0.00093143 0.00055233 -0.03496459
v 0.00152137 -0.00593994 -0.03613413
v 0.00174057 -0.00589286 -0.03637394
v -0.00103061 0.00059472 -0.03647735
v -0.00351860 0.00716169 -0.03543397
v -0.00082900 0.00068519 -0.03672024
v -0.00584900 0.01350530 -0.03308731
v -0.00331704 0.00685095 -0.03396309
v -0.00555541 0.01294442 -0.03170891
v -0.00792662 0.01937250 -0.02951977
v 0.00635736 -0.00410357 -0.03662809
v 0.00428135 -0.01219227 -0.03458922
v 0.00889737 -0.01040371 -0.03484315
v 0.00667817 -0.02251818 -0.02568077
v 0.00849258 -0.02648488 -0.02070174
v 0.00650618 -0.02275510 -0.02583739
v 0.00833017 -0.02674939 -0.02082497
v 0.00873176 -0.02791092 -0.02171372
v 0.00985739 -0.02986221 -0.01499892
v 0.01030056 -0.03111071 -0.01574109
v 0.01167819 -0.02915630 -0.01509912
v 0.01001655 -0.02958467 -0.01489883
v 0.01138455 -0.02905483 -0.01497348
v 0.00986616 -0.02595299 -0.02077784
v 0.01015016 -0.02604348 -0.02092519
v 0.02503177 -0.02881873 -0.01046630
v 0.02729498 -0.02791421 -0.01055374
v 0.02518454 -0.02853850 -0.01037121
v 0.02364374 -0.02614923 -0.01657641
v 0.02206937 -0.02294196 -0.02257971
v 0.02379738 -0.02587188 -0.01647961
v 0.02327176 -0.02442395 -0.01565222
v 0.02222858 -0.02267924 -0.02245677
v 0.02176457 -0.02134017 -0.02143359
v 0.02032615 -0.01851181 -0.02768438
v 0.01995498 -0.01737218 -0.02641134
v 0.01812698 -0.01344041 -0.03191879
v 0.02015577 -0.01874778 -0.02784047
v 0.01794378 -0.01364239 -0.03210352
v 0.01578857 -0.02044015 -0.02760053
v 0.01357419 -0.01533641 -0.03186309
v 0.01332056 -0.01530284 -0.03165512
v 0.01115176 -0.00952939 -0.03496660
v 0.01552297 -0.00783560 -0.03520780
v 0.00861098 -0.00323021 -0.03675208
v 0.01091577 -0.00953413 -0.03473870
v 0.01298296 -0.00153464 -0.03699297
v 0.00604136 0.00334785 -0.03709836
v 0.01041495 0.00504260 -0.03733902
v 0.00353739 0.00995523 -0.03604881
v 0.00791175 0.01165094 -0.03628891
v 0.00119336 0.01633838 -0.03368734
v 0.00556776 0.01803386 -0.03392821
v -0.00089700 0.02224193 -0.03009901
v 0.00102217 0.01616901 -0.03346493
v -0.00105540 0.02203597 -0.02989815
v -0.00062263 0.02112091 -0.02847470
v -0.00279462 0.02718765 -0.02521805
v -0.00228102 0.02603504 -0.02400872
v -0.00413782 0.03144713 -0.01962864
v -0.00264661 0.02742309 -0.02539021
v -0.00399863 0.03170955 -0.01976718
v 0.00172780 0.02911939 -0.02563133
v 0.00037659 0.03340430 -0.02000782
v 0.00347736 0.02393659 -0.03033963
v 0.00201099 0.02905034 -0.02548349
v 0.00375016 0.02389890 -0.03016281
v 0.00066779 0.03331014 -0.01989334
v 0.00252459 0.02789796 -0.02427338
v 0.00418379 0.02298310 -0.02873914
v 0.00124219 0.03196391 -0.01893811
v 0.00434458 0.02860397 -0.02437362
v 0.00306299 0.03266909 -0.01903809
v 0.00383098 0.02975635 -0.02558372
v 0.00600378 0.02368828 -0.02883913
v 0.00557096 0.02460458 -0.03026377
v 0.00798619 0.01808972 -0.03224206
v 0.00616619 0.01738476 -0.03214131
v 0.01021015 0.01203491 -0.03448200
v 0.00764859 0.01873771 -0.03383059
v 0.00781896 0.01890649 -0.03405199
v 0.00997817 0.01239327 -0.03617700
v 0.01246697 0.00582631 -0.03722037
v 0.01016376 0.01252334 -0.03641345
v 0.01404778 0.01402981 -0.03662738
v 0.01266777 0.00591628 -0.03746228
v 0.01523658 -0.00066128 -0.03711697
v 0.01655017 0.00742088 -0.03767646
v 0.01911894 0.00084364 -0.03733043
v 0.01678216 0.00749868 -0.03745761
v 0.01689655 0.00745067 -0.03571421
v 0.01933338 0.00096498 -0.03711384
v 0.01429416 0.01406541 -0.03641501
v 0.01452615 0.01370800 -0.03471946
v 0.01196377 0.02041008 -0.03406783
v 0.01170375 0.02041214 -0.03426566
v 0.01230218 0.01976314 -0.03247878
v 0.00988619 0.02627727 -0.03050028
v 0.01031978 0.02536170 -0.02907585
v 0.00814698 0.03142895 -0.02582019
v 0.00961339 0.02631496 -0.03067711
v 0.00786378 0.03149767 -0.02596878
v 0.00572855 0.02480931 -0.03046343
v 0.00397899 0.02999179 -0.02575587
v 0.00262778 0.03427743 -0.02013258
v 0.00172456 0.03750344 -0.01382271
v 0.00651257 0.03578308 -0.02034625
v 0.00248859 0.03401533 -0.01999332
v 0.00159099 0.03722096 -0.01372325
v 0.00560858 0.03900836 -0.01403616
v 0.00680378 0.03568819 -0.02023155
v 0.00737817 0.03434196 -0.01927631
v 0.00590618 0.03889406 -0.01396072
v 0.00652297 0.03739661 -0.01330161
v 0.00550540 0.04088272 -0.00723736
v 0.00563495 0.04153534 -0.00029216
v 0.00614135 0.03928741 -0.00691640
v 0.00520456 0.04101066 -0.00726760
v 0.00796216 0.03999260 -0.00701638
v 0.00626457 0.03990522 -0.00032755
v 0.00686858 0.03928002 0.00623779
v 0.00808537 0.04061114 -0.00042775
v 0.00868857 0.03998521 0.00613781
v 0.00745499 0.04224135 -0.00039239
v 0.00758855 0.04254069 -0.00039999
v 0.00732539 0.04158896 -0.00733681
v 0.00809019 0.04158369 0.00651698
v 0.00919096 0.03968193 0.01312493
v 0.00822857 0.04187944 0.00655559
v 0.00933659 0.03996636 0.01320623
v 0.01137416 0.04309797 0.00638177
v 0.01248057 0.04118512 0.01303317
v 0.01167099 0.04297145 0.00631966
v 0.01073496 0.04376018 -0.00057328
v 0.01103499 0.04362911 -0.00058971
v 0.01060536 0.04310434 -0.00756512
v 0.00745738 0.04188411 -0.00739163
v 0.01090538 0.04297672 -0.00753413
v 0.01100938 0.04110131 -0.01433346
v 0.00786135 0.03988100 -0.01415992
v 0.01130698 0.04098700 -0.01425802
v 0.01191256 0.03787625 -0.02064279
v 0.01220457 0.03778137 -0.02052809
v 0.00876377 0.03665571 -0.02047003
v 0.01326377 0.03359144 -0.02626633
v 0.01501419 0.02840887 -0.03097386
v 0.01354696 0.03352239 -0.02611849
v 0.01011498 0.03237039 -0.02609258
v 0.01186535 0.02718759 -0.03080088
v 0.00996778 0.03213463 -0.02592116
v 0.01048057 0.03098152 -0.02471084
v 0.00862458 0.03639411 -0.02033175
v 0.01170699 0.02698319 -0.03060049
v 0.01378457 0.02111599 -0.03416803
v 0.01213977 0.02606739 -0.02917682
v 0.01412298 0.02046882 -0.03257976
v 0.01634695 0.01441319 -0.03481944
v 0.01871659 0.00815586 -0.03581419
v 0.01611497 0.01477141 -0.03651523
v 0.01860215 0.00820386 -0.03755759
v 0.01629979 0.01490244 -0.03675115
v 0.01395575 0.02128560 -0.03438968
v 0.01880375 0.00829434 -0.03780048
v 0.01944777 0.01612276 -0.03692468
v 0.02195178 0.00951465 -0.03797402
v 0.01710378 0.02250591 -0.03456321
v 0.01969415 0.01615867 -0.03671157
v 0.01992537 0.01580095 -0.03501677
v 0.02218295 0.00959235 -0.03775513
v 0.01736457 0.02250375 -0.03436535
v 0.01770217 0.02185658 -0.03277708
v 0.01528699 0.02837022 -0.03079759
v 0.01571895 0.02745465 -0.02937315
v 0.01405975 0.03236928 -0.02490815
v 0.01753976 0.02815984 -0.02947313
v 0.01588056 0.03307470 -0.02500737
v 0.01710698 0.02907563 -0.03089680
v 0.01952297 0.02256127 -0.03287607
v 0.02174617 0.01650637 -0.03511599
v 0.01918537 0.02320917 -0.03446457
v 0.01935579 0.02337781 -0.03468676
v 0.02151495 0.01686400 -0.03681075
v 0.02400294 0.01029777 -0.03785436
v 0.02170059 0.01699489 -0.03704746
v 0.02505099 0.01829382 -0.03722885
v 0.02420455 0.01038751 -0.03809703
v 0.02677337 0.00381027 -0.03775098
v 0.02755338 0.01168630 -0.03827919
v 0.03012214 0.00510920 -0.03793237
v 0.03161016 0.01333818 -0.03809411
v 0.02906214 0.01980368 -0.03704102
v 0.03267337 0.01357665 -0.03675552
v 0.03421655 0.00690896 -0.03777518
v 0.03516775 0.00740997 -0.03656346
v 0.03679095 0.00075342 -0.03601216
v 0.03266216 -0.00119020 -0.03614764
v 0.03763733 0.00151885 -0.03476072
v 0.03924294 -0.00492592 -0.03294802
v 0.04000774 -0.00395776 -0.03168924
v 0.03508377 -0.00699618 -0.03304362
v 0.04148216 -0.00992906 -0.02877265
v 0.03729654 -0.01210024 -0.02878180
v 0.04219336 -0.00885559 -0.02773532
v 0.04341335 -0.01403798 -0.02361951
v 0.04495735 -0.01707905 -0.01767220
v 0.04406457 -0.01285560 -0.02287493
v 0.03921175 -0.01629452 -0.02352103
v 0.03586774 -0.01759249 -0.02333910
v 0.04077253 -0.01944104 -0.01747421
v 0.04205656 -0.02169707 -0.01106020
v 0.03743973 -0.02075630 -0.01729709
v 0.03714533 -0.02065135 -0.01718169
v 0.03879256 -0.02313278 -0.01091943
v 0.03849254 -0.02303291 -0.01082088
v 0.03792777 -0.02400247 -0.00973614
v 0.03655334 -0.02409613 -0.01083848
v 0.03779574 -0.02372887 -0.00987887
v 0.03717337 -0.02222817 -0.00923118
v 0.03669815 -0.02380466 -0.01075596
v 0.03532853 -0.02136596 -0.01708555
v 0.03610053 -0.02230716 -0.01007724
v 0.03789497 -0.02153564 -0.01014292
v 0.03478055 -0.01990423 -0.01629826
v 0.03329735 -0.01686495 -0.02207456
v 0.03659735 -0.01918952 -0.01639443
v 0.03511734 -0.01615880 -0.02217400
v 0.03558455 -0.01750054 -0.02319219
v 0.03331094 -0.01219504 -0.02714629
v 0.03368297 -0.01333361 -0.02841882
v 0.03149014 -0.01290119 -0.02704685
v 0.03122054 -0.00737308 -0.03117173
v 0.03148375 -0.00826245 -0.03265400
v 0.02939974 -0.00808005 -0.03107203
v 0.02893415 -0.00189266 -0.03410314
v 0.02711416 -0.00259808 -0.03400392
v 0.02907816 -0.00249366 -0.03573761
v 0.02654057 0.00404416 -0.03578513
v 0.02655416 0.00376416 -0.03751062
v 0.02471977 0.00333793 -0.03568567
v 0.02411658 0.01024904 -0.03611073
v 0.02229658 0.00954385 -0.03601075
v 0.02473417 0.00305793 -0.03741114
v 0.02725817 -0.00319989 -0.03563814
v 0.02451898 0.00293659 -0.03762772
v 0.02705975 -0.00336355 -0.03584279
v 0.02137257 0.00171709 -0.03745445
v 0.02115418 0.00167017 -0.03721382
v 0.02391335 -0.00458313 -0.03566948
v 0.02633577 -0.01038911 -0.03256546
v 0.02367736 -0.00458788 -0.03544158
v 0.02608295 -0.01035636 -0.03235723
v 0.02353417 -0.00398584 -0.03380660
v 0.02581974 -0.00946731 -0.03087570
v 0.02171417 -0.00469184 -0.03370636
v 0.02113978 0.00195076 -0.03548937
v 0.01931979 0.00124498 -0.03538836
v 0.02185656 -0.00529284 -0.03534084
v 0.02399975 -0.01017299 -0.03077473
v 0.02426296 -0.01106236 -0.03225700
v 0.02609015 -0.01499413 -0.02674954
v 0.02646137 -0.01613344 -0.02802186
v 0.02791014 -0.01428894 -0.02684952
v 0.02789894 -0.01896007 -0.02177326
v 0.02971974 -0.01825429 -0.02187425
v 0.02939654 -0.02202703 -0.01599195
v 0.02836457 -0.02030095 -0.02279421
v 0.02993255 -0.02348025 -0.01680353
v 0.02820535 -0.02056295 -0.02291739
v 0.02978054 -0.02375846 -0.01689757
v 0.02629176 -0.01636891 -0.02817893
v 0.02433096 -0.02206550 -0.02270464
v 0.02404858 -0.02197332 -0.02255697
v 0.02241417 -0.01787204 -0.02796518
v 0.02590857 -0.02526790 -0.01669612
v 0.02561656 -0.02516399 -0.01657623
v 0.02509094 -0.02371500 -0.01574833
v 0.02699896 -0.02781293 -0.01044225
v 0.02645498 -0.02635418 -0.00964569
v 0.02464138 -0.02707949 -0.00957641
v 0.02358538 -0.02063426 -0.02153379
v 0.02177497 -0.01666723 -0.02651208
v 0.02214614 -0.01780580 -0.02778461
v 0.01968457 -0.01184536 -0.03053749
v 0.01994778 -0.01273473 -0.03201976
v 0.01786457 -0.01255127 -0.03043728
v 0.01739818 -0.00636398 -0.03346836
v 0.01754219 -0.00696593 -0.03510338
v 0.01500456 -0.00042738 -0.03515112
v 0.01557819 -0.00707013 -0.03336892
v 0.01572138 -0.00767194 -0.03500314
v 0.01318375 -0.00113330 -0.03505092
v 0.01076138 0.00507239 -0.03537676
v 0.01319739 -0.00141330 -0.03677639
v 0.01064617 0.00512040 -0.03712016
v 0.00815818 0.01168736 -0.03607679
v 0.00582778 0.01803170 -0.03373035
v 0.00839016 0.01132972 -0.03438202
v 0.01258137 0.00577831 -0.03547696
v 0.01501815 -0.00070812 -0.03687638
v 0.01777817 -0.00696141 -0.03533203
v 0.02019974 -0.01276748 -0.03222798
v 0.02165896 -0.00545755 -0.03554600
v 0.02407976 -0.01126411 -0.03244097
v 0.03117815 -0.02633980 -0.01067786
v 0.03257337 -0.02635267 -0.00961858
v 0.03132697 -0.02605488 -0.01058668
v 0.03075734 -0.02458058 -0.00983828
v 0.03244458 -0.02606714 -0.00973566
v 0.03313337 -0.02530869 -0.01064221
v 0.03186694 -0.02461119 -0.00895664
v 0.03256374 -0.02383498 -0.00989281
v 0.03121496 -0.02131543 -0.01608719
v 0.03175097 -0.02276915 -0.01689777
v 0.03204456 -0.02287416 -0.01701567
v 0.03018456 -0.01959422 -0.02289467
v 0.03046694 -0.01968722 -0.02304209
v 0.02828217 -0.01542775 -0.02812283
v 0.02855015 -0.01549390 -0.02830342
v 0.03169256 -0.01427573 -0.02847547
v 0.02948056 -0.00917034 -0.03273851
v 0.03186217 -0.01403976 -0.02831938
v 0.03360615 -0.01846991 -0.02321471
v 0.03376456 -0.01820669 -0.02309276
v 0.03517814 -0.02164549 -0.01717836
v 0.02966376 -0.00896837 -0.03255379
v 0.03343096 -0.02540895 -0.01074734
v 0.02931414 -0.00248996 -0.03596601
v 0.03173657 -0.00829520 -0.03286221
v 0.03395095 -0.01339976 -0.02859940
v 0.04610695 -0.01909263 -0.01135725
v 0.04316535 -0.02323839 -0.00475321
v 0.04686775 -0.02015726 -0.00515150
v 0.04738617 -0.01872236 -0.00499619
v 0.04723177 -0.02030893 0.00049632
v 0.04776935 -0.01895838 0.00038629
v 0.04549336 -0.01332848 0.00011552
v 0.04771094 -0.01820293 0.00497487
v 0.04737014 -0.01683547 0.00889750
v 0.04545097 -0.01277416 0.00348129
v 0.04518056 -0.01168818 0.00659555
v 0.04479737 -0.01034532 0.00954205
v 0.04433093 -0.00882743 0.01223767
v 0.04692054 -0.01525737 0.01236044
v 0.04637336 -0.01347892 0.01551812
v 0.04576373 -0.01459957 0.01601337
v 0.04571814 -0.01145454 0.01850213
v 0.04374776 -0.00702726 0.01489160
v 0.04511895 -0.01257762 0.01917777
v 0.04308295 -0.00501992 0.01758076
v 0.04519095 -0.01314194 -0.00412895
v 0.04452057 -0.01216402 -0.00928739
v 0.04357414 -0.01052528 -0.01463438
v 0.04661255 -0.01759317 -0.01094902
v 0.04552216 -0.01570645 -0.01710536
v 0.04238377 -0.00819770 -0.01934358
v 0.04088373 -0.00499249 -0.02323797
v 0.03905497 -0.00089293 -0.02654739
v 0.03707095 0.00369244 -0.02911931
v 0.03510614 0.00837891 -0.03055270
v 0.03311496 0.01330205 -0.03070628
v 0.03103495 0.01859421 -0.02974785
v 0.03021656 0.01982800 -0.03562277
v 0.02903658 0.02379609 -0.02792824
v 0.02787338 0.02592966 -0.03348805
v 0.02734295 0.02835654 -0.02525993
v 0.02579418 0.03152609 -0.03021400
v 0.02597176 0.03225234 -0.02155709
v 0.02411176 0.03630889 -0.02566827
v 0.02485734 0.03564008 -0.01690459
v 0.02280375 0.04028289 -0.02021083
v 0.02404934 0.03831641 -0.01185945
v 0.02184936 0.04344383 -0.01425232
v 0.02368137 0.03990243 -0.00680284
v 0.02380377 0.04029956 -0.00153788
v 0.02138936 0.04542969 -0.00791753
v 0.01997496 0.04620657 -0.00816782
v 0.02154218 0.04592975 -0.00130065
v 0.02009179 0.04683138 -0.00129529
v 0.02219736 0.04518809 0.00533827
v 0.02072617 0.04616687 0.00554679
v 0.02322537 0.04348202 0.01169747
v 0.02435175 0.03967772 0.00401952
v 0.02521259 0.03825052 0.00934194
v 0.02636458 0.03600470 0.01395964
v 0.02466299 0.04067903 0.01745927
v 0.02789098 0.03274811 0.01796897
v 0.02653257 0.03669044 0.02237138
v 0.02971016 0.02870146 0.02150058
v 0.02862855 0.03203035 0.02643740
v 0.03151818 0.02458547 0.02429601
v 0.03071414 0.02728128 0.02966286
v 0.03305894 0.02098349 0.02596704
v 0.03266698 0.02271396 0.03178228
v 0.03434058 0.01788234 0.02657861
v 0.03166538 0.02264392 0.03285714
v 0.02824374 0.02198266 0.03525438
v 0.02960778 0.02746924 0.03073174
v 0.02593895 0.02648845 0.03246330
v 0.02742297 0.03246042 0.02748335
v 0.02528059 0.03721265 0.02323244
v 0.02367818 0.03135678 0.02864699
v 0.02152778 0.03611172 0.02410364
v 0.02032935 0.03015840 0.02896515
v 0.02013895 0.02992752 0.02881504
v 0.02256295 0.02552451 0.03315696
v 0.01818139 0.03482917 0.02430597
v 0.01627419 0.03896046 0.01898898
v 0.01801097 0.03458510 0.02415902
v 0.01838695 0.03337965 0.02295010
v 0.01611735 0.03869665 0.01886803
v 0.01658456 0.03734121 0.01786819
v 0.01459176 0.04177488 0.01282763
v 0.01473815 0.04205907 0.01290816
v 0.01513498 0.04027106 0.01212240
v 0.01349180 0.04367567 0.00621915
v 0.01362936 0.04397143 0.00625776
v 0.01285579 0.04433347 -0.00068944
v 0.01408856 0.04207792 0.00583974
v 0.01348536 0.04270312 -0.00072561
v 0.01226775 0.04137297 0.00594049
v 0.01166456 0.04199817 -0.00062485
v 0.01331417 0.03956611 0.01222315
v 0.01476376 0.03663552 0.01796914
v 0.01277096 0.04107051 0.01292737
v 0.01429655 0.03799193 0.01896957
v 0.01618778 0.03388725 0.02426680
v 0.01401579 0.03808555 0.01911345
v 0.01591737 0.03396100 0.02443926
v 0.01087339 0.03686775 0.01928705
v 0.01277096 0.03275648 0.02462056
v 0.01071656 0.03660320 0.01916633
v 0.01118538 0.03524691 0.01816924
v 0.01260135 0.03251073 0.02447661
v 0.01466457 0.02799065 0.02924993
v 0.01299097 0.03129145 0.02328524
v 0.01498296 0.02679589 0.02801273
v 0.01116855 0.03059172 0.02338943
v 0.01077897 0.03181159 0.02457980
v 0.00936539 0.03454099 0.01826944
v 0.01314537 0.02614435 0.02813831
v 0.01507337 0.02195004 0.03288101
v 0.01282618 0.02733887 0.02937473
v 0.01477019 0.02327106 0.03398568
v 0.01255896 0.02741580 0.02955207
v 0.01449816 0.02337572 0.03414964
v 0.01050618 0.03188775 0.02474900
v 0.00861499 0.02600184 0.02979826
v 0.01039979 0.02215017 0.03446096
v 0.00662296 0.03039738 0.02496642
v 0.00843899 0.02575892 0.02965512
v 0.00880697 0.02453685 0.02846044
v 0.00645497 0.03015016 0.02482291
v 0.01022055 0.02190126 0.03434221
v 0.00836537 0.02129725 0.03447016
v 0.01061337 0.02054358 0.03331545
v 0.00875738 0.01994202 0.03343763
v 0.00697496 0.02386382 0.02856994
v 0.00808618 0.02139620 0.03462078
v 0.00861499 0.03599260 0.01941075
v 0.00889576 0.03589802 0.01926631
v 0.00737016 0.03897756 0.01322466
v 0.00626939 0.04087777 0.00661720
v 0.00791419 0.03747293 0.01251968
v 0.00973499 0.03817884 0.01241948
v 0.01593735 0.02316131 0.03511182
v 0.01691338 0.02114053 0.03888277
v 0.01684057 0.02402555 0.03392431
v 0.01592695 0.02307787 0.03479103
v 0.01664779 0.02379003 0.03380569
v 0.01626217 0.02157731 0.03395529
v 0.01695177 0.02246369 0.03270846
v 0.02023575 0.02489502 0.03352991
v 0.01484778 0.02822686 0.02939591
v 0.01804215 0.02934769 0.02915880
v 0.01830217 0.02927696 0.02897126
v 0.02049414 0.02479684 0.03333727
v 0.01856615 0.02813327 0.02767352
v 0.02068216 0.02359766 0.03207715
v 0.02040059 0.02878416 0.02751806
v 0.01656458 0.03268026 0.02305837
v 0.02254616 0.02409655 0.03178373
v 0.02195417 0.02312474 0.03279730
v 0.02235977 0.02530068 0.03303815
v 0.02178218 0.02443529 0.03394188
v 0.02184698 0.02446035 0.03426857
v 0.02370216 0.02131726 0.03800635
v 0.02198135 0.02146857 0.04380257
v 0.01673977 0.02114062 0.04428843
v 0.01763098 0.02971854 0.06120107
v 0.02554218 0.02026789 0.04355653
v 0.02244775 0.02828841 0.06074268
v 0.02025577 0.02991175 0.06337807
v 0.01328137 0.02854417 0.06008390
v -0.02301140 0.01447976 0.06208340
v -0.02688179 0.01247165 0.06365617
v -0.02208181 0.00609188 0.04642117
v -0.02627700 0.00276070 0.04645034
v -0.02280503 0.00574331 0.04105967
v -0.02828100 0.00116279 0.04084496
v -0.02414261 0.00828891 0.03624206
v -0.02558821 0.01166705 0.03252194
v -0.02975700 0.00534921 0.03618404
v -0.03462739 0.00298791 0.03574422
v -0.03662901 0.00794659 0.03191736
v -0.02559701 0.01167110 0.03218646
v -0.02704740 0.01198015 0.03169044
v -0.02480100 0.01292556 0.03159985
v -0.02677222 0.01742971 0.02679289
v -0.02496901 0.01268037 0.03144654
v -0.02693780 0.01718359 0.02664741
v -0.02454820 0.01152476 0.03020339
v -0.02515300 0.01049994 0.03096637
v -0.02651542 0.01597569 0.02545512
v -0.02634821 0.01076619 0.03027602
v -0.02833221 0.01526198 0.02554930
v -0.02676981 0.01192263 0.03151895
v -0.02875541 0.01646901 0.02674103
v -0.03062980 0.02056282 0.02143284
v -0.02903300 0.01654079 0.02690989
v -0.03015461 0.01920807 0.02043528
v -0.02833541 0.01991752 0.02033819
v -0.03160820 0.02213769 0.01468873
v -0.02978900 0.02284741 0.01458990
v -0.03033700 0.02434976 0.01529558
v -0.03083539 0.02465364 0.00831077
v -0.02881060 0.02127121 0.02133523
v -0.02865382 0.02153658 0.02145572
v -0.02459381 0.02311459 0.02123524
v -0.02271701 0.01902095 0.02657763
v -0.03051861 0.01050562 0.03180782
v 0.01154139 0.04138036 -0.00721370
v 0.01192295 0.03948955 -0.01359891
v 0.01336219 0.04208481 -0.00731348
v 0.01272619 0.04368108 -0.00763388
v 0.01374376 0.04019473 -0.01369891
v 0.01312778 0.04169219 -0.01435800
v 0.01459896 0.03713959 -0.01967262
v 0.01277816 0.03643491 -0.01957361
v 0.01402456 0.03848655 -0.02062807
v 0.01536858 0.03422781 -0.02621770
v 0.01416456 0.03874816 -0.02076633
v 0.01551578 0.03446357 -0.02638912
v 0.01326215 0.04197321 -0.01445702
v 0.01751577 0.04004494 -0.02094957
v 0.02135498 0.04107057 -0.02101757
v 0.01886699 0.03576025 -0.02657233
v 0.01661336 0.04326917 -0.01464001
v 0.02041175 0.04423791 -0.01481367
v 0.01620938 0.04527279 -0.00787267
v 0.01633975 0.04592912 -0.00088183
v 0.01285898 0.04397624 -0.00768868
v 0.01298935 0.04463363 -0.00069729
v 0.01697895 0.04526669 0.00607247
v 0.01808617 0.04335361 0.01272311
v 0.02182695 0.04430593 0.01209062
v 0.01962139 0.04025549 0.01880293
v 0.02336218 0.04128875 0.01806496
v 0.02061655 0.03057696 -0.03127964
v 0.02274214 0.03688837 -0.02656679
v 0.02452938 0.03183384 -0.03121017
v 0.02666775 0.02605707 -0.03472730
v 0.02270695 0.02467496 -0.03486843
v 0.01726538 0.02928077 -0.03109742
v 0.00772698 0.03959924 -0.01406070
v 0.00919897 0.03504788 -0.01937651
v 0.00834296 0.03810252 -0.01340181
v 0.00865977 0.03027634 -0.02461086
v -0.00052740 0.03662999 -0.01369868
v -0.00490100 0.03493451 -0.01345781
v -0.00356342 0.03010162 -0.01867363
v -0.00244262 0.02041522 -0.02837374
v -0.01376101 0.02250981 0.02609059
v -0.00886742 0.02422301 0.02567306
v -0.01102182 0.02838109 0.02049171
v -0.01255542 0.03148052 0.01441064
v -0.01073700 0.02828756 0.02034780
v -0.01032740 0.02710866 0.01948435
v -0.01226259 0.03136761 0.01430518
v -0.01336342 0.03326781 0.00769770
v -0.01179062 0.03006253 0.01369373
v -0.01284419 0.03188154 0.00736813
v -0.01345221 0.03251152 0.00075788
v -0.01357623 0.03188807 -0.00587772
v -0.01399861 0.03392547 0.00078830
v -0.01412822 0.03327308 -0.00615612
v -0.01430021 0.03405677 0.00080551
v -0.01442982 0.03339997 -0.00618689
v -0.01892501 0.03226327 0.00105924
v -0.01366182 0.03339433 0.00775978
v -0.01905623 0.03160661 -0.00593235
v -0.01865302 0.02960382 -0.01269991
v -0.01918822 0.03131145 -0.00587755
v -0.01855141 0.02971518 -0.00555715
v -0.01878739 0.02932183 -0.01260145
v -0.01788980 0.02611693 -0.01887174
v -0.01817060 0.02782511 -0.01194258
v -0.01999060 0.02711860 -0.01184136
v -0.01731464 0.02477069 -0.01791651
v -0.01603380 0.02070484 -0.02325181
v -0.01913539 0.02406395 -0.01781606
v -0.01785380 0.01999833 -0.02315060
v -0.01970979 0.02541019 -0.01877129
v -0.01836740 0.02115071 -0.02436070
v -0.01662899 0.01599927 -0.02904002
v -0.01865140 0.02121952 -0.02450932
v -0.02309621 0.01949473 -0.02426294
v -0.01690179 0.01603696 -0.02921686
v -0.01619459 0.01508370 -0.02761559
v -0.01437460 0.01578947 -0.02771659
v -0.01421300 0.00948586 -0.03101875
v -0.01239301 0.01019082 -0.03111949
v -0.01273142 0.01083799 -0.03270778
v -0.01016981 0.00413528 -0.03335921
v -0.00780022 -0.00212214 -0.03435394
v -0.01040260 0.00449268 -0.03505476
v -0.00791623 -0.00207414 -0.03609734
v -0.01021702 0.00462371 -0.03529068
v -0.00771543 -0.00198440 -0.03634001
v -0.00558664 0.00641912 -0.03554666
v -0.01256100 0.01100736 -0.03293019
v -0.01465060 0.01691041 -0.02934086
v -0.00792982 0.01280145 -0.03318494
v -0.00766904 0.01279962 -0.03298634
v -0.01002022 0.01870427 -0.02959639
v -0.00974661 0.01866658 -0.02941957
v -0.01176983 0.02388780 -0.02488831
v -0.01148583 0.02381875 -0.02474046
v -0.01312181 0.02817261 -0.01926478
v -0.01639939 0.02209289 -0.02463330
v -0.01775061 0.02637852 -0.01901002
v -0.01654741 0.02185640 -0.02446167
v -0.01480819 0.01670495 -0.02914099
v -0.01402503 0.03139767 -0.01295545
v -0.01282979 0.02807846 -0.01915028
v -0.01233140 0.02690956 -0.01832210
v -0.01372663 0.03128337 -0.01287999
v -0.01319224 0.02998458 -0.01230760
v -0.01289302 0.02987078 -0.01223314
v -0.01150662 0.03040779 -0.01230911
v -0.01327463 0.03176191 -0.00584717
v -0.00308344 -0.00018899 -0.03659600
v -0.00514662 -0.00856164 -0.03599397
v -0.00536420 -0.00860857 -0.03575335
v -0.00284264 -0.01486639 -0.03398034
v -0.02037221 0.02900926 -0.00545695
v -0.01004182 0.02701609 0.01934097
v -0.00850340 0.02314020 0.02467114
v -0.00668260 0.02384621 0.02457092
v -0.00822183 0.02306396 0.02450697
v -0.00685383 0.02359512 0.02443109
v 0.00828859 -0.03869068 -0.00416577
v 0.00168616 -0.03084087 -0.02145716
v -0.00279143 -0.03257205 -0.02120718
v -0.00022743 -0.02664636 -0.02671717
v -0.00244024 -0.02154179 -0.03097998
v -0.00470822 -0.02837932 -0.02646750
v -0.00497463 -0.02831294 -0.02628613
v -0.00692022 -0.02327535 -0.03072928
v -0.00933940 -0.01747001 -0.03383311
v -0.00717222 -0.02324178 -0.03052131
v -0.00957462 -0.01747357 -0.03360392
v -0.00743143 -0.02235168 -0.02903926
v -0.00971462 -0.01687103 -0.03196991
v -0.01210424 -0.01093347 -0.03365213
v -0.01452023 -0.00472632 -0.03397841
v -0.01209380 -0.01121526 -0.03537791
v -0.01187622 -0.01116915 -0.03561827
v -0.01463782 -0.00467904 -0.03572158
v -0.01688262 0.00153315 -0.03298515
v -0.00486023 -0.01573582 -0.03408400
v -0.00977461 -0.03883150 -0.01459873
v -0.01178581 -0.03431324 -0.01956954
v -0.01133143 -0.03565641 -0.02058982
v -0.01323301 -0.03149417 -0.02581253
v -0.01149141 -0.03591890 -0.02071200
v -0.01340262 -0.03172812 -0.02596754
v -0.00992982 -0.03910865 -0.01469225
v -0.01712901 -0.03315510 -0.02574502
v -0.01385943 -0.04403760 -0.00099136
v -0.01266424 -0.04428241 -0.00007184
v -0.01348741 -0.04560095 -0.00168030
v -0.01498100 -0.04195509 -0.00723269
v -0.01626903 -0.03960664 -0.01345400
v -0.01452424 -0.04350992 -0.00789078
v -0.01577460 -0.04108847 -0.01423856
v -0.01469061 -0.04379111 -0.00796135
v -0.01900183 -0.04523061 -0.00767238
v -0.01367380 -0.04586007 -0.00175003
v -0.01593143 -0.04136625 -0.01432855
v -0.02020260 -0.04294970 -0.01406800
v -0.01748182 -0.03820102 -0.02035761
v -0.02174660 -0.03980913 -0.02009296
v -0.01939060 -0.03401630 -0.02560548
v -0.01732103 -0.03793958 -0.02023595
v -0.01921860 -0.03378152 -0.02545070
v -0.02140662 -0.02871796 -0.02967774
v -0.02378901 -0.02295418 -0.03275817
v -0.02159144 -0.02891925 -0.02986017
v -0.02398902 -0.02311715 -0.03296052
v -0.02584580 -0.03053883 -0.02958369
v -0.03052500 -0.03229470 -0.02924354
v -0.02822421 -0.02473759 -0.03268128
v -0.02365302 -0.03562987 -0.02533417
v -0.02834502 -0.03737500 -0.02500562
v -0.03068901 -0.01843075 -0.03446908
v -0.03287700 -0.02650085 -0.03233556
v -0.03640821 -0.02744500 -0.03189188
v -0.03529702 -0.02019350 -0.03412434
v -0.03768580 -0.01358247 -0.03449144
v -0.03896261 -0.02133823 -0.03365608
v -0.04155221 -0.01495441 -0.03399807
v -0.03314422 -0.01182924 -0.03482913
v -0.03997619 -0.00692512 -0.03347535
v -0.03551300 -0.00518721 -0.03380006
v -0.03772340 0.00123133 -0.03146263
v -0.03142901 -0.00360111 -0.03406307
v -0.03370180 0.00279835 -0.03171656
v -0.02899621 -0.01022655 -0.03510050
v -0.03118101 -0.00356443 -0.03385270
v -0.02876421 -0.01014775 -0.03488361
v -0.03093942 -0.00391621 -0.03215802
v -0.02863780 -0.01018941 -0.03314129
v -0.02911940 -0.00321171 -0.03227116
v -0.02681702 -0.00948779 -0.03325607
v -0.02936180 -0.00285838 -0.03396632
v -0.02917782 -0.00272854 -0.03420354
v -0.02694422 -0.00944468 -0.03499884
v -0.02674421 -0.00935517 -0.03524228
v -0.02308661 -0.00793980 -0.03546464
v -0.02556022 -0.00132504 -0.03442065
v -0.02285544 -0.00786160 -0.03524674
v -0.02531300 -0.00128862 -0.03420853
v -0.02273460 -0.00790626 -0.03350351
v -0.02507621 -0.00164374 -0.03251367
v -0.02091461 -0.00720266 -0.03361138
v -0.02325622 -0.00093826 -0.03262126
v -0.02103463 -0.00715767 -0.03535387
v -0.01851541 -0.01341414 -0.03328294
v -0.01850821 -0.01369725 -0.03500749
v -0.01600100 -0.01995662 -0.03323402
v -0.01829063 -0.01365055 -0.03524888
v -0.01576583 -0.01995306 -0.03346322
v -0.02083460 -0.00706743 -0.03559752
v -0.01335384 -0.02575936 -0.03035993
v -0.02349301 -0.00058218 -0.03431557
v -0.02727061 0.00441946 -0.03027961
v -0.02761300 0.00506330 -0.03186771
v -0.02787462 0.00506463 -0.03206533
v -0.02966660 0.01093677 -0.02830708
v -0.02994020 0.01097396 -0.02848292
v -0.03145299 0.00367372 -0.03185368
v -0.02627302 -0.01640632 -0.03280872
v -0.02627140 -0.01669349 -0.03453288
v -0.02648822 -0.01681463 -0.03474617
v -0.03970339 0.00716212 -0.02789757
v -0.03397701 -0.03307620 -0.02884812
v -0.03143621 -0.03118558 0.03275217
v -0.02645300 -0.03314734 0.03190854
v -0.02753461 -0.02985969 0.03391722
v -0.02297062 -0.03206957 0.03221505
v -0.01924659 -0.03144973 0.03314775
v -0.01485702 -0.04095380 0.02681035
v -0.02134663 -0.02218329 0.04085793
v -0.03265620 -0.02797711 0.03410789
v -0.03735700 -0.01685496 0.02998129
v -0.03854661 -0.01385662 0.03032243
v -0.03871059 -0.01428791 0.03638388
v -0.03977461 -0.01080622 0.03034290
v -0.04104900 -0.00772246 0.02973740
v -0.04026019 -0.01043646 0.03640913
v -0.04258260 -0.00413565 0.02807683
v -0.01372821 -0.03952693 0.04649003
v -0.00504501 -0.07015556 0.02373694
v -0.00419224 -0.07369261 0.02260489
v 0.00983178 -0.06487173 0.01755076
v 0.02399254 -0.11231051 0.07451358
v 0.03133497 -0.11209891 0.07538648
v 0.03147097 -0.11266675 0.07369020
v 0.03879256 -0.11041631 0.07659011
v 0.04617576 -0.10794254 0.07670184
v 0.01969495 -0.11374301 0.06017109
v 0.05109972 -0.05253241 0.00362846
v 0.05106296 -0.05536775 0.00259551
v 0.04964213 -0.05021562 0.00198760
v 0.04924692 -0.05377636 0.00074403
v 0.04876374 -0.05541086 0.00069409
v 0.04624533 -0.05288150 -0.00061899
v 0.04168777 -0.05345634 -0.00128868
v 0.04595255 -0.05481040 -0.00061687
v 0.04178776 -0.05537883 -0.00129602
v 0.04521174 -0.05632416 -0.00028878
v 0.04764213 -0.05691819 0.00088571
v 0.04156456 -0.05684413 -0.00088226
v 0.04431495 -0.05748765 0.00015591
v 0.04152217 -0.05823179 -0.00005574
v 0.04557895 -0.05836325 0.00112288
v 0.00887896 -0.07090494 0.00173033
v 0.00781976 -0.06993633 0.00096926
v 0.00635735 -0.07222603 0.00223176
v 0.00486538 -0.07198321 0.00192034
v 0.00325896 -0.07137253 0.00172603
v 0.00361497 -0.07401613 0.00329169
v 0.00174457 -0.07366095 0.00326974
v 0.00159098 -0.07583738 0.00515655
v 0.00027978 -0.07277144 0.00343169
v -0.00230821 -0.07035499 0.00484590
v 0.00021016 -0.07510257 0.00538187
v 0.00173656 -0.07014154 0.00182587
v 0.00539657 -0.06752671 0.00070760
v 0.00662057 -0.06901638 0.00063651
v -0.00165704 -0.07298713 0.00653011
v -0.00236023 -0.07178127 0.00743305
v -0.00076182 -0.07948056 0.01451191
v -0.00144904 -0.07818683 0.01530726
v -0.00185383 -0.08020619 0.01777004
v -0.00199545 -0.07678028 0.01619393
v -0.00291784 -0.07048786 0.00844326
v -0.00248502 -0.07523977 0.01713962
v -0.00237701 -0.07871565 0.01852274
v -0.00340264 -0.06912544 0.00951874
v -0.00390823 -0.06765433 0.01068340
v -0.00443142 -0.06648480 0.00827569
v -0.01330182 -0.04907756 0.01506942
v -0.00393784 -0.06784467 0.00710335
v -0.01270744 -0.05082265 0.01251253
v -0.00327943 -0.06914158 0.00595380
v -0.00246981 -0.08301948 0.02116345
v 0.04927653 -0.05836469 0.00255809
v 0.05053653 -0.05682951 0.00248090
v 0.05465492 -0.06413034 0.01005790
v 0.05515813 -0.06247827 0.01014098
v 0.02732855 0.01325807 0.10042636
v 0.03041655 0.01183286 0.10368421
v 0.02268936 0.00977936 0.10309053
v 0.03117815 0.01528453 0.09920821
v 0.03351894 0.01259162 0.10386972
v 0.03614856 0.01309754 0.10391258
v 0.03401977 0.00932673 0.10848572
v 0.02920295 0.00923300 0.10667143
v 0.03343736 0.00558521 0.11323385
v 0.03707658 0.00947059 0.10919520
v 0.03883334 0.00935308 0.10933762
v 0.03677097 0.00550302 0.11436250
v 0.03547335 0.00137996 0.11926672
v 0.03860694 0.00521772 0.11476029
v 0.03715254 0.00092143 0.11982957
v 0.03983174 0.00472589 0.11476413
v 0.03832055 0.00030241 0.11997709
v 0.03556457 -0.00411950 0.12460797
v 0.03962298 -0.00053996 0.12005162
v 0.03449016 -0.00336991 0.12432831
v 0.03163258 -0.00837423 0.12846644
v 0.02671014 -0.01231078 0.13144088
v 0.03066374 -0.00749227 0.12806326
v 0.02587096 -0.01131302 0.13094510
v 0.02933174 -0.00658102 0.12705961
v 0.02467095 -0.01020194 0.12974243
v 0.02712857 -0.00528866 0.12482624
v 0.03303734 -0.00270485 0.12358863
v 0.03067576 -0.00196498 0.12200581
v 0.02788454 -0.00122309 0.11995861
v 0.03252135 0.00170179 0.11798217
v 0.02772218 0.00160469 0.11618145
v 0.02783815 0.00547540 0.11110019
v 0.02081897 0.00053007 0.11458376
v 0.02409336 -0.00310259 0.12078897
v 0.01901256 -0.00600480 0.12235328
v 0.01476457 -0.00961078 0.12516613
v 0.02254778 -0.00855635 0.12708744
v 0.01779577 -0.01180115 0.12920303
v 0.01286699 -0.01438998 0.13036027
v 0.01942136 -0.01349546 0.13170477
v 0.01369497 -0.01619873 0.13266006
v 0.02033655 -0.01469729 0.13290056
v 0.01425735 -0.01748662 0.13381161
v 0.02100774 -0.01578393 0.13343652
v 0.01473815 -0.01864963 0.13436058
v 0.02177974 -0.01712260 0.13391568
v 0.01531817 -0.02007427 0.13486484
v 0.00849898 -0.02227006 0.13464668
v 0.01599495 -0.02174726 0.13537136
v 0.00896537 -0.02401476 0.13515393
v 0.00183819 -0.02544651 0.13377935
v 0.00950377 -0.02589400 0.13558898
v 0.00219100 -0.02738245 0.13420641
v 0.00324776 -0.03119646 0.13466541
v -0.00494582 -0.02796278 0.13169332
v -0.01163303 -0.02757288 0.12808943
v -0.00407064 -0.03187567 0.13219302
v -0.00511381 -0.02599512 0.13130764
v -0.01161620 -0.02561144 0.12779670
v -0.01097542 -0.03149920 0.12850041
v -0.01035062 -0.03325420 0.12860214
v -0.01722261 -0.02999951 0.12360901
v -0.01667219 -0.03170441 0.12360538
v -0.01760980 -0.02618284 0.12347177
v -0.02257300 -0.02749285 0.11778454
v -0.02213221 -0.02909673 0.11759248
v -0.02266980 -0.02387998 0.11805473
v -0.02679380 -0.02414324 0.11135305
v -0.02965060 -0.02011159 0.10464223
v -0.02646900 -0.02562211 0.11094112
v -0.02662020 -0.02078486 0.11208945
v -0.02603141 -0.02686988 0.11055554
v -0.02942341 -0.02147147 0.10402642
v -0.03085621 -0.01686778 0.09720647
v -0.02906981 -0.02261706 0.10346711
v -0.02871221 -0.02348557 0.10302058
v -0.03055220 -0.01794258 0.09651634
v -0.03023382 -0.01876378 0.09597699
v -0.03079779 -0.01320023 0.08993703
v -0.03109460 -0.01216621 0.09076899
v -0.02999220 -0.01929402 0.09564064
v -0.02844420 -0.02403650 0.10272889
v -0.02530020 -0.02841284 0.11003091
v -0.02560900 -0.02781603 0.11024189
v -0.02075220 -0.03213532 0.11710971
v -0.02508100 -0.02871433 0.10990130
v -0.02051622 -0.03246054 0.11702066
v -0.02033139 -0.03254527 0.11693927
v -0.01486904 -0.03529332 0.12342321
v -0.01469380 -0.03538029 0.12333998
v -0.00846583 -0.03695140 0.12860641
v -0.01511542 -0.03494851 0.12348044
v -0.01550104 -0.03425407 0.12352742
v -0.02110263 -0.03148609 0.11723134
v -0.01605383 -0.03315347 0.12357218
v -0.02159701 -0.03045476 0.11739811
v -0.00830824 -0.03703913 0.12851506
v -0.00147302 -0.03734039 0.13208887
v -0.02013780 -0.03247316 0.11684315
v -0.03102341 -0.01559995 0.09797709
v 0.00158379 -0.02365154 0.13330037
v 0.00811980 -0.02077947 0.13414509
v 0.00783098 -0.01954433 0.13358854
v 0.00758135 -0.01808444 0.13235668
v 0.00739739 -0.01583156 0.12977579
v 0.00152538 -0.01670528 0.12824535
v 0.00776455 -0.01232322 0.12555095
v 0.00955417 -0.00733326 0.11987541
v 0.00195420 -0.01261729 0.12329157
v 0.01191976 -0.01236050 0.12744905
v -0.00387704 -0.01394313 0.12232872
v -0.00800339 -0.01513354 0.12193420
v 0.03776456 0.01315856 0.10375463
v 0.04347177 -0.01636861 0.12578060
v 0.03897095 -0.02108926 0.13001697
v 0.03332935 -0.02518155 0.13288798
v 0.03340617 -0.02556376 0.13279525
v 0.03312937 -0.02445484 0.13297287
v 0.02685658 -0.02870374 0.13461015
v 0.02664295 -0.02802820 0.13475560
v 0.01985976 -0.03171482 0.13539842
v 0.02695018 -0.02905543 0.13448060
v 0.01961896 -0.03106970 0.13557309
v 0.02629176 -0.02696796 0.13493202
v -0.02070099 -0.01777057 0.11802450
v -0.02730020 0.02601693 -0.01213065
v -0.02770181 0.02800609 -0.00540825
v -0.02706340 0.02641078 -0.00508732
v -0.02524422 0.02711834 -0.00518801
v -0.02694099 0.02702896 0.00149977
v -0.02512100 0.02773666 0.00139986
v -0.02451702 0.02711122 0.00796443
v -0.02575222 0.02936595 0.00143550
v -0.02511700 0.02870815 0.00834409
v -0.02401701 0.02680698 0.01495102
v -0.02497859 0.02900464 0.00838248
v -0.02387062 0.02709141 0.01503232
v -0.02233301 0.02399330 0.02111214
v -0.01943460 0.02881297 0.01478941
v -0.01198980 0.01794533 0.03080291
v -0.01157700 0.01673155 0.02961324
v -0.00041463 0.01544703 0.08637657
v -0.00098264 0.01515846 0.08650040
v 0.00008138 0.01355445 0.08492042
v 0.00021098 0.01559999 0.08645993
v 0.00079816 0.01559427 0.08673742
v 0.00070699 0.01370741 0.08500379
v 0.00129340 0.01370178 0.08528125
v 0.00175336 0.01353864 0.08570984
v 0.00201500 0.01324292 0.08622525
v 0.00125740 0.01543113 0.08716600
v 0.00151976 0.01513527 0.08768064
v 0.00154379 0.01475091 0.08820439
v 0.00132697 0.01433811 0.08865569
v 0.00203898 0.01285915 0.08674800
v 0.00182217 0.01244554 0.08719955
v 0.00139740 0.01206562 0.08751056
v 0.00090216 0.01395819 0.08896670
v 0.00082858 0.01177705 0.08763442
v 0.00020378 0.01162409 0.08755105
v 0.00033339 0.01367022 0.08908953
v -0.00029141 0.01351643 0.08900641
v -0.00087940 0.01352230 0.08872973
v -0.00133864 0.01368520 0.08830035
v -0.00038421 0.01162972 0.08727359
v -0.00084340 0.01179295 0.08684495
v -0.00110504 0.01208858 0.08632957
v -0.00112903 0.01247317 0.08580657
v -0.00160024 0.01398116 0.08778571
v -0.00162422 0.01436492 0.08726296
v -0.00140821 0.01477854 0.08681141
v -0.00091221 0.01288596 0.08535527
v -0.00048744 0.01326588 0.08504426
v -0.00327460 -0.01446950 0.12503206
v -0.00384261 -0.01475748 0.12515490
v -0.00264904 -0.01431595 0.12511441
v -0.00277860 -0.01636198 0.12357589
v -0.00334742 -0.01665006 0.12369873
v -0.00215380 -0.01620829 0.12365904
v -0.00156581 -0.01621392 0.12393650
v -0.00110662 -0.01637706 0.12436508
v -0.00206182 -0.01432158 0.12539186
v -0.00160262 -0.01448471 0.12582047
v -0.00134022 -0.01478045 0.12633586
v -0.00084502 -0.01667375 0.12487994
v -0.00131623 -0.01516494 0.12685884
v -0.00153300 -0.01557783 0.12731016
v -0.00082023 -0.01705752 0.12540269
v -0.00103700 -0.01747008 0.12585477
v -0.00146262 -0.01785009 0.12616581
v -0.00195782 -0.01595751 0.12762195
v -0.00203063 -0.01813880 0.12628886
v -0.00265624 -0.01829162 0.12620630
v -0.00252664 -0.01624631 0.12774503
v -0.00315220 -0.01639927 0.12766166
v -0.00373861 -0.01639355 0.12738418
v -0.00419781 -0.01623042 0.12695557
v -0.00324342 -0.01828672 0.12592906
v -0.00370261 -0.01812358 0.12550045
v -0.00396501 -0.01782703 0.12498479
v -0.00398900 -0.01744254 0.12446182
v -0.00446021 -0.01593455 0.12644096
v -0.00448501 -0.01555101 0.12591745
v -0.00426742 -0.01513740 0.12546590
v -0.00377223 -0.01702974 0.12401052
v 0.02442218 -0.00422743 0.12410073
v 0.02385336 -0.00451568 0.12422531
v 0.02504775 -0.00407438 0.12418406
v 0.02491819 -0.00612001 0.12264458
v 0.02434937 -0.00640753 0.12276895
v 0.02554299 -0.00596672 0.12272870
v 0.02613016 -0.00597162 0.12300594
v 0.02658936 -0.00613477 0.12343452
v 0.02563497 -0.00407937 0.12446133
v 0.02609416 -0.00424274 0.12488916
v 0.02635576 -0.00453896 0.12540557
v 0.02685095 -0.00643131 0.12395018
v 0.02638055 -0.00492250 0.12592908
v 0.02616378 -0.00533626 0.12637982
v 0.02687575 -0.00681498 0.12447291
v 0.02665898 -0.00722860 0.12492446
v 0.02623416 -0.00760779 0.12523524
v 0.02573897 -0.00571521 0.12669139
v 0.02566534 -0.00789636 0.12535910
v 0.02503978 -0.00804932 0.12527574
v 0.02517015 -0.00600401 0.12681447
v 0.02454459 -0.00615698 0.12673110
v 0.02395736 -0.00615208 0.12645386
v 0.02349817 -0.00598820 0.12602506
v 0.02445337 -0.00804442 0.12499850
v 0.02399336 -0.00788128 0.12456989
v 0.02373177 -0.00758483 0.12405426
v 0.02370697 -0.00720106 0.12353150
v 0.02323658 -0.00569225 0.12551040
v 0.02321178 -0.00530849 0.12498764
v 0.02342855 -0.00489592 0.12453559
v 0.02392456 -0.00678744 0.12307998
v 0.03299413 -0.07446302 0.01114023
v 0.03242536 -0.07475100 0.01126306
v 0.03361897 -0.07431028 0.01122284
v 0.03348937 -0.07635560 0.00968409
v 0.03292136 -0.07664357 0.00980692
v 0.03411493 -0.07620181 0.00976720
v 0.03470216 -0.07620776 0.01004393
v 0.03516135 -0.07637067 0.01047329
v 0.03420615 -0.07431519 0.01150006
v 0.03466616 -0.07447833 0.01192866
v 0.03492775 -0.07477405 0.01244408
v 0.03542294 -0.07666736 0.01098816
v 0.03495173 -0.07515855 0.01296705
v 0.03473496 -0.07557216 0.01341860
v 0.03544774 -0.07705112 0.01151091
v 0.03523016 -0.07746442 0.01196318
v 0.03480534 -0.07784360 0.01227399
v 0.03431015 -0.07595126 0.01372936
v 0.03423734 -0.07813241 0.01239705
v 0.03361177 -0.07828514 0.01231446
v 0.03374133 -0.07623983 0.01385319
v 0.03311653 -0.07639279 0.01376983
v 0.03252935 -0.07638716 0.01349239
v 0.03206935 -0.07622402 0.01306378
v 0.03302455 -0.07827951 0.01203700
v 0.03256535 -0.07811710 0.01160863
v 0.03230376 -0.07782064 0.01109299
v 0.03227897 -0.07743711 0.01056947
v 0.03180776 -0.07592806 0.01254915
v 0.03178377 -0.07554453 0.01202562
v 0.03200054 -0.07513101 0.01157410
v 0.03249574 -0.07702326 0.01011870
v 0.03013496 -0.10437895 0.04979472
v 0.02956614 -0.10466743 0.04991853
v 0.03076057 -0.10422591 0.04987804
v 0.03063016 -0.10627154 0.04833856
v 0.03006215 -0.10655928 0.04846217
v 0.03125577 -0.10611825 0.04842267
v 0.03184295 -0.10612420 0.04869938
v 0.03230214 -0.10628734 0.04912799
v 0.03134694 -0.10423163 0.05015552
v 0.03180694 -0.10439403 0.05058391
v 0.03206854 -0.10469072 0.05109877
v 0.03256454 -0.10658307 0.04964341
v 0.03209333 -0.10507425 0.05162230
v 0.03187656 -0.10548778 0.05207382
v 0.03258853 -0.10696674 0.05016613
v 0.03237176 -0.10738035 0.05061768
v 0.03194694 -0.10776027 0.05092869
v 0.03145175 -0.10586779 0.05238485
v 0.03137817 -0.10804834 0.05105155
v 0.03075256 -0.10820108 0.05096893
v 0.03088293 -0.10615577 0.05250769
v 0.03025737 -0.10630932 0.05242532
v 0.02967014 -0.10630360 0.05214784
v 0.02921095 -0.10613973 0.05171903
v 0.03016534 -0.10819618 0.05069170
v 0.02970614 -0.10803304 0.05026311
v 0.02944455 -0.10773658 0.04974748
v 0.02941976 -0.10735282 0.04922472
v 0.02894936 -0.10584400 0.05120362
v 0.02892456 -0.10546024 0.05068087
v 0.02914133 -0.10504744 0.05022957
v 0.02963657 -0.10693993 0.04877340
v 0.05783094 -0.09413665 0.04886416
v 0.05726293 -0.09442545 0.04898724
v 0.05845736 -0.09398393 0.04894675
v 0.05832694 -0.09602923 0.04740802
v 0.05775812 -0.09631794 0.04753107
v 0.05895255 -0.09587618 0.04749136
v 0.05953973 -0.09588213 0.04776807
v 0.05999892 -0.09604527 0.04819668
v 0.05904372 -0.09398956 0.04922421
v 0.05950292 -0.09415269 0.04965282
v 0.05976532 -0.09444865 0.05016746
v 0.06026052 -0.09634100 0.04871207
v 0.05978935 -0.09483291 0.05069121
v 0.05957254 -0.09524580 0.05114251
v 0.06028531 -0.09672476 0.04923484
v 0.06006854 -0.09713829 0.04968634
v 0.05964292 -0.09751807 0.04999815
v 0.05914772 -0.09562490 0.05145329
v 0.05907496 -0.09780604 0.05012099
v 0.05844935 -0.09795983 0.05003787
v 0.05857971 -0.09591420 0.05157735
v 0.05795415 -0.09606748 0.05149326
v 0.05736693 -0.09606153 0.05121652
v 0.05690692 -0.09589839 0.05078791
v 0.05786212 -0.09795411 0.04976038
v 0.05740293 -0.09779097 0.04933177
v 0.05714053 -0.09749501 0.04881714
v 0.05711654 -0.09711074 0.04829341
v 0.05664533 -0.09560243 0.05027328
v 0.05662054 -0.09521899 0.04974980
v 0.05683735 -0.09480464 0.04929803
v 0.05733336 -0.09669795 0.04784211
v 0.03589974 0.00152577 0.09823841
v 0.03655258 0.00001902 0.10056152
v 0.03954855 0.00299505 0.09793458
v 0.03499018 0.00292441 0.09593369
v 0.03851576 0.00458410 0.09531672
v 0.03383337 0.00420287 0.09367107
v 0.03720136 0.00603593 0.09274525
v 0.03243896 0.00534721 0.09147069
v 0.03561736 0.00733666 0.09024612
v 0.03082057 0.00634759 0.08935548
v 0.03377977 0.00847317 0.08784252
v 0.02899495 0.00719394 0.08734446
v 0.03170615 0.00943515 0.08555843
v 0.02697817 0.00787802 0.08545758
v 0.02479097 0.00839369 0.08371345
v 0.02941495 0.01021235 0.08341534
v 0.03034135 0.01029618 0.08238059
v 0.02693015 0.01079763 0.08143376
v 0.02777015 0.01090024 0.08031732
v 0.02427498 0.01118648 0.07963181
v 0.02245337 0.00873584 0.08212778
v 0.02502138 0.01128775 0.07844724
v 0.02147495 0.01137369 0.07802855
v 0.01855738 0.01135807 0.07663946
v 0.01998855 0.00889932 0.08071722
v 0.02212216 0.01146197 0.07679528
v 0.02223899 0.01141480 0.07651453
v 0.01911256 0.01144239 0.07533466
v 0.01931016 0.01146834 0.07488060
v 0.01600377 0.01120804 0.07411766
v 0.01609976 0.01126878 0.07366565
v 0.01283257 0.01075348 0.07315430
v 0.01555016 0.01113990 0.07547607
v 0.01248138 0.01072125 0.07455119
v 0.01477258 0.00869343 0.07847050
v 0.01207096 0.00832502 0.07765662
v 0.01741979 0.00888603 0.07949368
v 0.00934298 0.00778333 0.07706049
v 0.00661337 0.00707397 0.07668709
v 0.00938218 0.01010571 0.07387372
v 0.00963337 0.01009391 0.07245837
v 0.00628135 0.00929993 0.07344920
v 0.00643337 0.00925212 0.07199207
v 0.00320857 0.00831032 0.07328237
v 0.00325978 0.00821661 0.07180318
v 0.00019420 0.00714832 0.07337481
v 0.00390856 0.00620256 0.07654060
v 0.00125497 0.00517921 0.07662211
v -0.00132100 0.00401305 0.07693054
v -0.00273301 0.00582423 0.07372505
v -0.00379621 0.00271587 0.07746402
v -0.00554501 0.00435004 0.07433117
v -0.00614664 0.00129921 0.07821657
v -0.00821382 0.00274097 0.07518521
v -0.00834819 -0.00022219 0.07918123
v -0.01071621 0.00101182 0.07628107
v -0.01038100 -0.00183521 0.08034899
v -0.01302501 -0.00081928 0.07760657
v -0.01222421 -0.00352275 0.08170722
v -0.01512023 -0.00273672 0.07915033
v -0.01386100 -0.00526986 0.08324469
v -0.01698023 -0.00472084 0.08089636
v -0.01527702 -0.00705891 0.08494523
v -0.01858741 -0.00675262 0.08282808
v -0.01645542 -0.00887186 0.08679336
v -0.01738740 -0.01069364 0.08877035
v -0.01992742 -0.00881326 0.08492728
v -0.02058259 -0.00966165 0.08373598
v -0.02098661 -0.01088222 0.08717355
v -0.02175380 -0.01293996 0.08954513
v -0.02168580 -0.01181355 0.08603651
v -0.02196260 -0.01201452 0.08565011
v -0.02248183 -0.01395339 0.08847967
v -0.02295781 -0.01606282 0.09103480
v -0.02278663 -0.01416213 0.08818668
v -0.02338420 -0.01455517 0.08762925
v -0.02326501 -0.01637331 0.09077835
v -0.02325061 -0.01832992 0.09349628
v -0.02382420 -0.01631242 0.08958175
v -0.02352980 -0.01755047 0.09144944
v -0.02339860 -0.01870425 0.09321148
v -0.02363301 -0.01820981 0.09172612
v -0.02393702 -0.01740198 0.09051804
v -0.02436341 -0.01817403 0.09080614
v -0.02389780 -0.01827287 0.09125965
v -0.02418581 -0.01862373 0.09131537
v -0.02422262 -0.01959704 0.09245139
v -0.02418900 -0.02042630 0.09369936
v -0.02451781 -0.01959008 0.09240249
v -0.02472182 -0.01960374 0.09232389
v -0.02436660 -0.02075641 0.09422263
v -0.02394660 -0.02087506 0.09511161
v -0.02447382 -0.02151283 0.09525478
v -0.02461620 -0.02196671 0.09493047
v -0.02391461 -0.02347208 0.09823002
v -0.02383622 -0.02145650 0.09638591
v -0.02340101 -0.02285246 0.09860542
v -0.02328420 -0.02039580 0.09609344
v -0.02354101 -0.02006876 0.09477891
v -0.02298101 -0.02009443 0.09636096
v -0.02282420 -0.02228231 0.09891890
v -0.02252661 -0.02198215 0.09908568
v -0.02202021 -0.02415666 0.10169390
v -0.02284499 -0.02437130 0.10073333
v -0.02179299 -0.02525617 0.10250281
v -0.02078901 -0.02566519 0.10441783
v -0.02175380 -0.02375794 0.10181589
v -0.02106901 -0.02237522 0.10245489
v -0.02066899 -0.02539667 0.10452398
v -0.01932021 -0.02691085 0.10718528
v -0.02003699 -0.02396509 0.10507302
v -0.01654903 -0.02220865 0.10452712
v -0.01872183 -0.02541715 0.10764372
v -0.01713783 -0.02671706 0.11014260
v -0.01539141 -0.02348688 0.10679049
v -0.01399700 -0.02463144 0.10899012
v -0.01237861 -0.02563183 0.11110533
v -0.01530019 -0.02785380 0.11254542
v -0.01055299 -0.02647817 0.11311635
v -0.00853702 -0.02716202 0.11500401
v -0.01322662 -0.02881555 0.11483029
v -0.01361381 -0.03041384 0.11463988
v -0.01093623 -0.02959302 0.11697513
v -0.01125223 -0.03122470 0.11687086
v -0.00845143 -0.03017830 0.11895671
v -0.00868341 -0.03182477 0.11893378
v -0.00579621 -0.03056664 0.12075768
v -0.00634901 -0.02767719 0.11674715
v -0.00401222 -0.02801984 0.11833380
v -0.00154741 -0.02818414 0.11974462
v -0.00299623 -0.03075386 0.12236092
v 0.00102136 -0.02817013 0.12096792
v -0.00007784 -0.03073882 0.12375104
v 0.00366938 -0.02797752 0.12199111
v 0.00292938 -0.03052007 0.12491340
v 0.00637019 -0.02760912 0.12280497
v 0.00599739 -0.03010141 0.12583831
v 0.00909817 -0.02706661 0.12340085
v 0.00909736 -0.02948647 0.12651678
v 0.01182858 -0.02635701 0.12377503
v 0.01453258 -0.02548656 0.12392098
v 0.01219818 -0.02867987 0.12694105
v 0.01527097 -0.02769108 0.12710813
v 0.01263897 -0.03017947 0.12725233
v 0.00943815 -0.03101664 0.12679049
v 0.01273896 -0.03066386 0.12742776
v 0.01581175 -0.02914171 0.12744308
v 0.01597578 -0.02955050 0.12764750
v 0.01892134 -0.02792009 0.12735440
v 0.01917736 -0.02834545 0.12752870
v 0.02193257 -0.02652276 0.12699207
v 0.01828457 -0.02652898 0.12701566
v 0.02121178 -0.02520440 0.12666443
v 0.01718618 -0.02446403 0.12383973
v 0.01976215 -0.02329706 0.12353102
v 0.02223736 -0.02199988 0.12299754
v 0.02458779 -0.02058331 0.12224502
v 0.02402378 -0.02373103 0.12605856
v 0.02484137 -0.02499052 0.12639015
v 0.02669336 -0.02212197 0.12520451
v 0.02919494 -0.02039281 0.12410865
v 0.02760216 -0.02330687 0.12552279
v 0.02789575 -0.02364098 0.12569212
v 0.03018375 -0.02149684 0.12439585
v 0.03255497 -0.01957711 0.12302605
v 0.03056374 -0.02183037 0.12450902
v 0.03277255 -0.01981284 0.12304538
v 0.03059255 -0.02294115 0.12515087
v 0.03180776 -0.02155173 0.12399543
v 0.03172937 -0.02238832 0.12452948
v 0.03245178 -0.02149022 0.12368691
v 0.03307658 -0.02020615 0.12301031
v 0.03465496 -0.01910082 0.12215367
v 0.03341494 -0.02062165 0.12299279
v 0.03445898 -0.01976341 0.12238952
v 0.03499418 -0.01985834 0.12235717
v 0.03509894 -0.02023335 0.12263495
v 0.03566375 -0.01900396 0.12198739
v 0.03563734 -0.01980709 0.12251051
v 0.03641577 -0.01793162 0.12138721
v 0.03663736 -0.01900034 0.12201888
v 0.03785177 -0.01619949 0.11995789
v 0.03510376 -0.01792167 0.12156971
v 0.03473016 -0.01758295 0.12145164
v 0.03706217 -0.01574987 0.11975868
v 0.03877655 -0.01362587 0.11769219
v 0.03665414 -0.01551198 0.11966100
v 0.03545895 -0.01466006 0.11949336
v 0.03830696 -0.01339522 0.11767021
v 0.03706694 -0.01262732 0.11756216
v 0.03966937 -0.01124990 0.11550535
v 0.04077497 -0.00910217 0.11320189
v 0.03840695 -0.01056690 0.11546222
v 0.03993016 -0.01143500 0.11548183
v 0.04123574 -0.00935044 0.11324338
v 0.04029255 -0.01176402 0.11539142
v 0.04125734 -0.01050624 0.11402918
v 0.03971978 -0.01317840 0.11681011
v 0.04070135 -0.01210561 0.11531148
v 0.04129815 -0.01115673 0.11436586
v 0.04021573 -0.01303736 0.11632215
v 0.04050694 -0.01343027 0.11656271
v 0.04099574 -0.01337165 0.11645228
v 0.04001494 -0.01393121 0.11741414
v 0.03927017 -0.01460407 0.11838847
v 0.04088936 -0.01370068 0.11700950
v 0.04189973 -0.01242619 0.11561714
v 0.04051338 -0.01449912 0.11796907
v 0.03865176 -0.01671172 0.12008822
v 0.04213095 -0.01241326 0.11572104
v 0.04096294 -0.01492904 0.11790408
v 0.04245014 -0.01267339 0.11562322
v 0.04190536 -0.01724689 0.11617684
v 0.03916693 -0.01717351 0.12000612
v 0.04011336 -0.01947491 0.11828059
v 0.03710776 -0.01939292 0.12191423
v 0.03803096 -0.02166169 0.12018888
v 0.03479176 -0.02154755 0.12360226
v 0.03568616 -0.02378753 0.12188912
v 0.03221894 -0.02358880 0.12506220
v 0.03452535 -0.02124553 0.12366988
v 0.03188454 -0.02308326 0.12508430
v 0.03434697 -0.02120590 0.12352424
v 0.03270775 -0.02232592 0.12440118
v 0.03414055 -0.02118837 0.12329414
v 0.03305417 -0.02199065 0.12395574
v 0.03256136 -0.02195094 0.12392954
v 0.02904454 -0.02496939 0.12628851
v 0.02943817 -0.02552881 0.12627600
v 0.02612296 -0.02687406 0.12726520
v 0.02846218 -0.02427736 0.12602872
v 0.02633735 -0.02573209 0.12675181
v 0.02507817 -0.02542036 0.12656080
v 0.02524296 -0.02664252 0.12696888
v 0.02424375 -0.02650339 0.12682913
v 0.02434374 -0.02734098 0.12701919
v 0.02489334 -0.02745852 0.12734965
v 0.02311336 -0.02858885 0.12776594
v 0.02427899 -0.02775316 0.12726224
v 0.02300297 -0.02850282 0.12749179
v 0.02163655 -0.02907057 0.12770656
v 0.02110936 -0.02934822 0.12798838
v 0.02119576 -0.02890744 0.12754368
v 0.02125899 -0.02840984 0.12734006
v 0.02015096 -0.02917749 0.12781737
v 0.01879417 -0.02948671 0.12800846
v 0.02055017 -0.02833626 0.12743734
v 0.02229735 -0.02725996 0.12704406
v 0.02253658 -0.02774568 0.12707114
v 0.02208134 -0.02680614 0.12704164
v 0.02385975 -0.02711921 0.12690967
v 0.01628935 -0.03033283 0.12805404
v 0.01998855 -0.02994043 0.12830498
v 0.02021095 -0.03051799 0.12832383
v 0.01663257 -0.03117156 0.12838986
v 0.02321974 -0.02868250 0.12794877
v 0.02342135 -0.02904030 0.12792306
v 0.02649895 -0.02735996 0.12723885
v 0.02429658 -0.03122283 0.12629536
v 0.02738534 -0.02956899 0.12558406
v 0.02417256 -0.03124479 0.12552736
v 0.02109414 -0.03270294 0.12672110
v 0.02104536 -0.03269812 0.12595336
v 0.01780855 -0.03399286 0.12685211
v 0.01782858 -0.03395326 0.12607223
v 0.01691095 -0.03181507 0.12843111
v 0.01446616 -0.03508230 0.12668951
v 0.01356217 -0.03293988 0.12825661
v 0.01109659 -0.03596426 0.12623702
v 0.01454937 -0.03500594 0.12589016
v 0.01123659 -0.03585764 0.12542437
v 0.01423017 -0.03297565 0.12302884
v 0.01123735 -0.03373243 0.12259205
v 0.01718694 -0.03203936 0.12321009
v 0.02008134 -0.03091580 0.12311172
v 0.02289015 -0.02960407 0.12272091
v 0.02559735 -0.02812545 0.12205747
v 0.02818857 -0.02650606 0.12115182
v 0.02718774 -0.02961286 0.12481014
v 0.03006936 -0.02782867 0.12382468
v 0.03033334 -0.02776309 0.12460124
v 0.03279577 -0.02592010 0.12259781
v 0.03064857 -0.02477706 0.12003596
v 0.03310934 -0.02582846 0.12336401
v 0.03533898 -0.02391499 0.12115377
v 0.03295418 -0.02296643 0.11873671
v 0.03766137 -0.02183303 0.11950189
v 0.03972216 -0.01969592 0.11764786
v 0.03506537 -0.02109245 0.11725955
v 0.03693734 -0.01917082 0.11560256
v 0.03852935 -0.01721530 0.11376405
v 0.04148374 -0.01751854 0.11559784
v 0.03981176 -0.01523677 0.11174729
v 0.04079094 -0.01325198 0.10957403
v 0.04291897 -0.01532000 0.11336009
v 0.04402695 -0.01311604 0.11095775
v 0.04338374 -0.01499975 0.11389518
v 0.04453817 -0.01275044 0.11145496
v 0.04359098 -0.01039158 0.11319069
v 0.04536376 -0.01051925 0.10887979
v 0.04481335 -0.01092476 0.10841637
v 0.04440856 -0.00812890 0.11061188
v 0.04585896 -0.00832380 0.10619174
v 0.04491973 -0.00591534 0.10791754
v 0.04601894 -0.00618195 0.10341457
v 0.04529014 -0.00876410 0.10576556
v 0.04545817 -0.00665285 0.10303356
v 0.04190297 -0.00932025 0.10486962
v 0.04206457 -0.00740816 0.10239994
v 0.04148217 -0.01127360 0.10727154
v 0.04194856 -0.00556177 0.09988157
v 0.04530697 -0.00461418 0.10024158
v 0.04152937 -0.00380258 0.09733435
v 0.04482055 -0.00266900 0.09741346
v 0.04078455 -0.00215429 0.09477714
v 0.04398217 -0.00083908 0.09456914
v 0.03970137 -0.00063310 0.09222488
v 0.03830858 0.00075646 0.08969895
v 0.04278775 0.00085705 0.09173010
v 0.04126053 0.00241016 0.08892084
v 0.04323898 0.00146782 0.09187084
v 0.04170294 0.00306619 0.08899864
v 0.04445014 -0.00027127 0.09477549
v 0.04234295 0.00393514 0.09358139
v 0.04081817 0.00554371 0.09072617
v 0.04352217 0.00219753 0.09649063
v 0.04207015 0.00415246 0.09376149
v 0.04304934 0.00252518 0.09667919
v 0.04186216 0.00406558 0.09377267
v 0.04044858 0.00579062 0.09107365
v 0.03928457 0.00624470 0.09078955
v 0.04085818 0.00508696 0.09212579
v 0.03856698 0.00726048 0.08830708
v 0.03898936 0.00698992 0.08792576
v 0.03786216 0.00734430 0.08878984
v 0.03653975 0.00852115 0.08553424
v 0.03690458 0.00825877 0.08520480
v 0.03642617 0.00825847 0.08671572
v 0.03558217 0.00878645 0.08463276
v 0.03439098 0.00951177 0.08288553
v 0.03426376 0.00938651 0.08299102
v 0.03457094 0.00933115 0.08261081
v 0.03177496 0.01041531 0.08068175
v 0.03060218 0.01056908 0.08078993
v 0.02892934 0.01108612 0.07849638
v 0.03264614 0.00995316 0.08164263
v 0.03198858 0.01021490 0.08019489
v 0.03280617 0.00776910 0.07842854
v 0.02919818 0.01087968 0.07795618
v 0.02624618 0.01132022 0.07590464
v 0.03001977 0.00845063 0.07617308
v 0.02705737 0.00890830 0.07413142
v 0.02979098 0.00772118 0.07629794
v 0.02690054 0.00817473 0.07429512
v 0.02795974 0.00556715 0.07828409
v 0.03250614 0.00703683 0.07852165
v 0.03039418 0.00493757 0.08029908
v 0.03503018 0.00614274 0.08093400
v 0.03265897 0.00411916 0.08248554
v 0.03734618 0.00506198 0.08349459
v 0.03539177 0.00687420 0.08087122
v 0.03775335 0.00578254 0.08346769
v 0.03986617 0.00450893 0.08618675
v 0.03943415 0.00381430 0.08616655
v 0.03664294 0.00201411 0.08721782
v 0.03474694 0.00313665 0.08480425
v 0.02536537 0.00598057 0.07647806
v 0.02262136 0.00616411 0.07490684
v 0.01975419 0.00612832 0.07356978
v 0.02385174 0.00838574 0.07254096
v 0.02067658 0.00835999 0.07104042
v 0.02394535 0.00913104 0.07233029
v 0.02314936 0.01152270 0.07408623
v 0.02071335 0.00912134 0.07078059
v 0.01992056 0.01150549 0.07254466
v 0.01739256 0.00888428 0.06949089
v 0.01740696 0.00811105 0.06979190
v 0.01659576 0.01125422 0.07125506
v 0.01401498 0.00842878 0.06846599
v 0.01407978 0.00765458 0.06879152
v 0.01321895 0.01078144 0.07020362
v 0.01061179 0.00775951 0.06771281
v 0.00982296 0.01008710 0.06942544
v 0.01072938 0.00700420 0.06804017
v 0.00721657 0.00688530 0.06723876
v 0.00642855 0.00919595 0.06895899
v 0.00386136 0.00580974 0.06705022
v 0.00739176 0.00616000 0.06755203
v 0.00409978 0.00512145 0.06734483
v 0.00773976 0.00413977 0.07041369
v 0.00477097 0.00321579 0.07020950
v 0.01075499 0.00488867 0.07087123
v 0.01378538 0.00547230 0.07155915
v 0.01679656 0.00589049 0.07245745
v 0.00187738 0.00211098 0.07028383
v -0.00091784 0.00082451 0.07064780
v 0.00088299 0.00388714 0.06743568
v 0.00057500 0.00454034 0.06715251
v -0.00222823 0.00246100 0.06783261
v -0.00521461 0.00086224 0.06852144
v -0.00261142 0.00308814 0.06754893
v -0.00567061 0.00146857 0.06822985
v -0.00342104 0.00532170 0.06921305
v -0.00023143 0.00680029 0.06885128
v -0.00339863 0.00548845 0.06960226
v -0.00648343 0.00368982 0.06989181
v -0.00636903 0.00395073 0.07045736
v -0.00939542 0.00190062 0.07084117
v -0.00857784 -0.00030097 0.06918329
v -0.01213461 -0.00002414 0.07202529
v -0.00929863 0.00216877 0.07148057
v -0.00900823 0.00230026 0.07239266
v -0.01207940 0.00020315 0.07260684
v -0.01460019 -0.00186314 0.07381778
v -0.01287862 -0.00065915 0.07326896
v -0.01108023 0.00082551 0.07316859
v -0.01207620 -0.00014635 0.07351450
v -0.01131703 0.00045039 0.07438982
v -0.01110183 0.00057548 0.07484594
v -0.01355940 -0.00146187 0.07593955
v -0.00868661 0.00235206 0.07326781
v -0.01232339 -0.00051737 0.07442280
v -0.01279703 -0.00107530 0.07438227
v -0.01364104 -0.00171120 0.07552592
v -0.01515461 -0.00295688 0.07625779
v -0.01374823 -0.00195876 0.07506833
v -0.01478983 -0.00279131 0.07567386
v -0.01518580 -0.00306251 0.07541225
v -0.01597940 -0.00350800 0.07604306
v -0.01520020 -0.00291370 0.07493617
v -0.01577941 -0.00315791 0.07514857
v -0.01420981 -0.00208655 0.07419355
v -0.01317622 -0.00116942 0.07362434
v -0.01443702 -0.00194327 0.07399823
v -0.01277300 -0.00098386 0.07384911
v -0.01677700 -0.00384457 0.07565327
v -0.01879540 -0.00601859 0.07764545
v -0.01686102 -0.00415493 0.07691513
v -0.01694261 -0.00416967 0.07514636
v -0.01897141 -0.00635939 0.07706140
v -0.01465861 -0.00205943 0.07345253
v -0.01612502 -0.00630254 0.07353628
v -0.01816021 -0.00847028 0.07544134
v -0.01383220 -0.00420590 0.07184989
v -0.01550423 -0.00678656 0.07374333
v -0.01323143 -0.00473257 0.07210407
v -0.01751863 -0.00890462 0.07559412
v -0.01290261 -0.00754146 0.07600754
v -0.01473299 -0.00944656 0.07766122
v -0.01083623 -0.00569183 0.07454110
v -0.00857460 -0.00391103 0.07325919
v -0.01073782 -0.00276065 0.07068009
v -0.00615622 -0.00221308 0.07216523
v -0.00359861 -0.00062527 0.07128500
v -0.00805780 -0.00088699 0.06947879
v -0.01130663 -0.00219922 0.07039453
v -0.01628901 -0.01139355 0.07950552
v -0.01924101 -0.01107311 0.07765150
v -0.01754342 -0.01337389 0.08153872
v -0.02064420 -0.01327437 0.07990761
v -0.01850182 -0.01537030 0.08373720
v -0.02172981 -0.01549080 0.08233794
v -0.01918021 -0.01736730 0.08607205
v -0.02250262 -0.01770408 0.08491437
v -0.01959382 -0.01934599 0.08850919
v -0.02297061 -0.01989261 0.08760619
v -0.01975380 -0.02128573 0.09101728
v -0.02313782 -0.02203434 0.09038081
v -0.01963860 -0.02316105 0.09357282
v -0.01922423 -0.02494595 0.09615369
v -0.02298902 -0.02410590 0.09321364
v -0.02250739 -0.02608124 0.09608013
v -0.02377220 -0.02395347 0.09336986
v -0.02325462 -0.02596087 0.09629616
v -0.02394820 -0.02185206 0.09048374
v -0.02378901 -0.01967882 0.08766368
v -0.02479702 -0.01987258 0.09204236
v -0.02463220 -0.01767670 0.08924219
v -0.02413061 -0.01542648 0.08652508
v -0.02447541 -0.01732783 0.08971433
v -0.02392660 -0.01500706 0.08701773
v -0.02313860 -0.01276951 0.08433620
v -0.02282501 -0.01293836 0.08560715
v -0.02254182 -0.01198593 0.08350729
v -0.02210341 -0.01065984 0.08177095
v -0.02331861 -0.01316069 0.08390939
v -0.02218581 -0.01089074 0.08143786
v -0.02249061 -0.01520155 0.08232168
v -0.02135859 -0.01293905 0.07985321
v -0.02330180 -0.01745487 0.08493445
v -0.01991139 -0.01068858 0.07755218
v -0.02073141 -0.00860909 0.07915998
v -0.02060419 -0.00832787 0.07970437
v -0.02097703 -0.00924617 0.08065163
v -0.01969620 -0.00747338 0.07991364
v -0.01950742 -0.00773691 0.08119730
v -0.01833302 -0.00573483 0.07843890
v -0.02030183 -0.00856987 0.08061635
v -0.02066260 -0.00947623 0.08120739
v -0.02020422 -0.00886730 0.08159688
v -0.02052341 -0.00950430 0.08173730
v -0.02084099 -0.01013927 0.08313890
v -0.02173863 -0.01154164 0.08438182
v -0.02100659 -0.01045776 0.08274532
v -0.02070900 -0.00983045 0.08349778
v -0.02160259 -0.01138605 0.08369811
v -0.02196661 -0.01175449 0.08358202
v -0.02241302 -0.01225651 0.08445797
v -0.02213541 -0.01166972 0.08311522
v -0.02162181 -0.01077223 0.08204387
v -0.02104183 -0.00975692 0.08112163
v -0.02190500 -0.01069569 0.08190963
v -0.01782499 -0.00551945 0.07918866
v -0.01584183 -0.00344627 0.07732217
v -0.01756583 -0.00540049 0.07957727
v -0.01564261 -0.00333537 0.07778673
v -0.01921783 -0.00752000 0.08156722
v -0.01347143 -0.00133927 0.07621840
v -0.02239462 -0.02785535 0.09923684
v -0.02409221 -0.02397402 0.09786005
v -0.02324501 -0.02588565 0.10079338
v -0.02206260 -0.02766366 0.10370476
v -0.02311061 -0.02545971 0.10115286
v -0.02203060 -0.02735085 0.10390785
v -0.02252742 -0.02610699 0.10221722
v -0.02243539 -0.02531937 0.10173973
v -0.02185942 -0.02728570 0.10390490
v -0.02212740 -0.02643704 0.10267697
v -0.02159940 -0.02722693 0.10385041
v -0.02198659 -0.02605182 0.10249974
v -0.02164742 -0.02587761 0.10284994
v -0.02105700 -0.02656129 0.10402641
v -0.02056581 -0.02726811 0.10522322
v -0.02091142 -0.02610226 0.10422383
v -0.02026020 -0.02723021 0.10586944
v -0.02030660 -0.02804266 0.10639203
v -0.01958181 -0.02730441 0.10706086
v -0.01789943 -0.02863984 0.10975763
v -0.01969381 -0.02840422 0.10762254
v -0.02051622 -0.02874604 0.10678059
v -0.01832019 -0.02935925 0.10971903
v -0.01867062 -0.03012317 0.10961611
v -0.01684023 -0.03042231 0.11169853
v -0.01592742 -0.02989963 0.11229539
v -0.01595780 -0.03111775 0.11260361
v -0.01662103 -0.03148633 0.11232629
v -0.01567222 -0.03184308 0.11318516
v -0.01438343 -0.03273364 0.11480008
v -0.01665942 -0.03199164 0.11211943
v -0.01432983 -0.03309108 0.11469569
v -0.01574260 -0.03396541 0.11059921
v -0.01873780 -0.03070325 0.10940510
v -0.01784102 -0.03268459 0.10787630
v -0.02055222 -0.02926262 0.10658884
v -0.01966582 -0.03123041 0.10505511
v -0.01897222 -0.03122391 0.10464453
v -0.02119142 -0.02961707 0.10216585
v -0.02048980 -0.02965495 0.10181881
v -0.01741062 -0.02815967 0.10131329
v -0.02167622 -0.02793765 0.09895583
v -0.01848580 -0.02661891 0.09874006
v -0.01602661 -0.02956377 0.10385444
v -0.01437141 -0.03083108 0.10634515
v -0.01248900 -0.03196137 0.10876110
v -0.01715781 -0.03263903 0.10740965
v -0.01508423 -0.03389497 0.11008493
v -0.01278583 -0.03498072 0.11264286
v -0.01028420 -0.03587753 0.11504852
v -0.01041781 -0.03294832 0.11107863
v -0.01339861 -0.03506205 0.11319302
v -0.01083461 -0.03595904 0.11562879
v -0.01177460 -0.03395309 0.11712260
v -0.00807702 -0.03664431 0.11787451
v -0.00514824 -0.03710412 0.11990345
v -0.00759780 -0.03656474 0.11726305
v -0.00901062 -0.03460507 0.11936246
v -0.00907943 -0.03395561 0.11941549
v -0.00608022 -0.03506227 0.12139477
v -0.00300581 -0.03529134 0.12318613
v -0.00614502 -0.03448699 0.12145684
v -0.00312664 -0.03490250 0.12321169
v -0.00497543 -0.03449955 0.12196617
v -0.00680100 -0.03353501 0.12076511
v -0.00558021 -0.03390179 0.12140225
v -0.00896022 -0.03308422 0.11926284
v -0.00594661 -0.03271167 0.12093784
v -0.00877544 -0.03225893 0.11904556
v -0.00484340 -0.03334642 0.12156474
v -0.00302903 -0.03270546 0.12248689
v -0.00593540 -0.03221550 0.12080149
v -0.00304100 -0.03238472 0.12245612
v -0.00003302 -0.03236904 0.12391207
v 0.00307338 -0.03213186 0.12512986
v -0.00006420 -0.03286694 0.12403975
v 0.00310938 -0.03257345 0.12531409
v 0.00071657 -0.03374171 0.12474075
v -0.00116341 -0.03344355 0.12350514
v -0.00050823 -0.03403967 0.12408278
v -0.00298903 -0.03320667 0.12246263
v -0.00167544 -0.03380779 0.12318972
v -0.00295384 -0.03374431 0.12245859
v -0.00142262 -0.03423156 0.12345546
v -0.00171621 -0.03456965 0.12348979
v -0.00302584 -0.03463216 0.12279504
v -0.00120580 -0.03460490 0.12396254
v -0.00310661 -0.03476914 0.12304193
v -0.00003302 -0.03466307 0.12470040
v 0.00018218 -0.03525292 0.12473131
v 0.00328858 -0.03431877 0.12598531
v 0.00667498 -0.03393333 0.12703554
v 0.00317338 -0.03342075 0.12568258
v 0.00346940 -0.03499087 0.12601766
v 0.00439179 -0.03709146 0.12449810
v 0.00681817 -0.03453239 0.12704418
v 0.01019499 -0.03386068 0.12779159
v 0.00772936 -0.03663565 0.12550453
v 0.00792057 -0.03651111 0.12469317
v 0.00823657 -0.03431815 0.12192229
v 0.00463178 -0.03696766 0.12371201
v 0.00526059 -0.03473596 0.12104144
v 0.00140460 -0.03721426 0.12247950
v 0.00234058 -0.03497200 0.11994363
v 0.00111415 -0.03732499 0.12322571
v -0.00172984 -0.03723620 0.12099454
v -0.00207622 -0.03733101 0.12169082
v -0.00048983 -0.03500541 0.11862005
v -0.00473940 -0.03702199 0.11925361
v -0.00320022 -0.03481900 0.11706133
v -0.00576422 -0.03440166 0.11526499
v -0.00817301 -0.03377014 0.11325942
v 0.01003577 -0.03347260 0.12779815
v 0.00999419 -0.03334713 0.12760487
v 0.01327016 -0.03237882 0.12822435
v 0.01198136 -0.03265518 0.12787071
v 0.01381657 -0.03128520 0.12793863
v 0.01255977 -0.03192045 0.12771084
v 0.01157658 -0.03238330 0.12740929
v 0.01168057 -0.03153345 0.12730411
v 0.00964777 -0.03181701 0.12684901
v 0.01118776 -0.03204346 0.12719226
v 0.00978458 -0.03234489 0.12688296
v 0.00838697 -0.03270243 0.12668416
v 0.00769899 -0.03246990 0.12658224
v 0.00818779 -0.03318091 0.12679597
v 0.00853336 -0.03345466 0.12705739
v 0.00707657 -0.03321010 0.12671871
v 0.00791018 -0.03361406 0.12713557
v 0.00568936 -0.03319761 0.12646927
v 0.00636937 -0.03216112 0.12627348
v 0.00951979 -0.03132757 0.12684255
v 0.00624296 -0.03168142 0.12609112
v 0.00997979 -0.03322005 0.12732252
v 0.01137497 -0.03278580 0.12757086
v -0.00434663 -0.03449650 0.12209811
v -0.00455701 -0.03414574 0.12179842
v -0.00426504 -0.03373798 0.12182328
v -0.01140501 -0.03169369 0.11689790
v -0.01367380 -0.03072143 0.11461488
v -0.01237141 -0.03193919 0.11598761
v -0.01103384 -0.03273309 0.11761849
v -0.01203462 -0.03267971 0.11660464
v -0.01187860 -0.03338283 0.11717363
v -0.01274983 -0.03300963 0.11617023
v -0.01307942 -0.03282812 0.11559488
v -0.01428820 -0.03262326 0.11470075
v -0.01411063 -0.03251355 0.11453812
v -0.01511861 -0.03201521 0.11351201
v -0.01516262 -0.03163194 0.11324512
v -0.01482102 -0.03133985 0.11344026
v -0.01521059 -0.03081199 0.11309629
v -0.01378499 -0.03171576 0.11442943
v -0.01281940 -0.03213487 0.11548010
v -0.01372344 -0.03120506 0.11451848
v -0.01273462 -0.03259792 0.11572093
v -0.01577140 -0.02943332 0.11227332
v -0.01768099 -0.02825859 0.10978048
v -0.02093302 -0.02813288 0.10568305
v -0.02101623 -0.02785084 0.10509489
v -0.02066980 -0.02773640 0.10537708
v -0.00584504 0.00403067 0.07234514
v -0.00852343 0.00238597 0.07372054
v -0.00576503 0.00406472 0.07285381
v -0.00286023 0.00560013 0.07225678
v 0.00015099 0.00699298 0.07189080
v -0.00288903 0.00551770 0.07195325
v 0.00004538 0.00694829 0.07138285
v -0.00289461 0.00532141 0.07150776
v -0.00478503 0.00441647 0.07160202
v -0.00291464 0.00513241 0.07101412
v -0.00110261 0.00624186 0.07099938
v -0.00054900 0.00659884 0.07026078
v -0.00164744 0.00581333 0.07075349
v -0.00146181 0.00592769 0.07026857
v -0.00182340 0.00585328 0.06991667
v -0.00135142 0.00629967 0.06973184
v -0.00314342 0.00516746 0.07003923
v -0.00328900 0.00536765 0.06980835
v -0.00445382 0.00454676 0.07035020
v -0.00459782 0.00437185 0.07078403
v -0.00512020 0.00442769 0.07035438
v -0.00562341 0.00408123 0.07109484
v -0.00684821 0.00359886 0.07158132
v -0.00423862 0.00452862 0.07117876
v -0.00026104 0.00698462 0.06944828
v 0.00306218 0.00830563 0.06944239
v 0.00067256 0.00732910 0.07034623
v 0.00313099 0.00831938 0.07040174
v 0.00321658 0.00824604 0.07132466
v 0.00565336 0.00911986 0.07042674
v 0.00704777 0.00933148 0.07038295
v 0.00646536 0.00940428 0.06955794
v 0.00648539 0.00926487 0.07148601
v 0.00776937 0.00943350 0.07113932
v 0.00967100 0.01003694 0.07215301
v 0.01286375 0.01076160 0.07264379
v 0.00975578 0.00987282 0.07170618
v 0.01175978 0.01036991 0.07186369
v 0.00983980 0.00972170 0.07121363
v 0.01123578 0.01009659 0.07142306
v 0.00842698 0.00943775 0.07091241
v 0.00816457 0.00939057 0.07042362
v 0.00844696 0.00954752 0.07008546
v 0.00988858 0.00985450 0.07025270
v 0.00778539 0.00958548 0.06988180
v 0.00984299 0.01009170 0.07002236
v 0.01187417 0.01054257 0.07062749
v 0.00979898 0.01023690 0.06981391
v 0.01309335 0.01095438 0.07076813
v 0.01647098 0.01144221 0.07189191
v 0.01380617 0.01102985 0.07191022
v 0.01254937 0.01062056 0.07138444
v 0.01628539 0.01140180 0.07279657
v 0.01880056 0.01157585 0.07364736
v 0.02016536 0.01145237 0.07403307
v 0.01985018 0.01168776 0.07312391
v 0.02305895 0.01167208 0.07444559
v 0.02104136 0.01154009 0.07382528
v 0.02302214 0.01152144 0.07462476
v 0.02160136 0.01133654 0.07419755
v 0.02296058 0.01127582 0.07481336
v 0.02121417 0.01123967 0.07439976
v 0.02133094 0.01120126 0.07492609
v 0.02064697 0.01134290 0.07494687
v 0.02261898 0.01111947 0.07564936
v 0.02393257 0.01113151 0.07629835
v 0.02242219 0.01126048 0.07609983
v 0.02434055 0.01124606 0.07689385
v 0.02526375 0.01131545 0.07672501
v 0.02520696 0.01131328 0.07798913
v 0.02801095 0.01095522 0.07994560
v 0.02635418 0.01137094 0.07763747
v 0.02600619 0.01151521 0.07638479
v 0.02847415 0.01106864 0.07923868
v 0.02483574 0.01143595 0.07583129
v 0.02424776 0.01126451 0.07559556
v 0.02436615 0.01115571 0.07606294
v 0.03067418 0.01029129 0.08203195
v 0.03188778 0.00983209 0.08247636
v 0.03289896 0.00942522 0.08439322
v 0.03270217 0.00948899 0.08461547
v 0.03520375 0.00849578 0.08663826
v 0.03317977 0.00924935 0.08405104
v 0.03473335 0.00870329 0.08537065
v 0.03348375 0.00908149 0.08368889
v 0.03451978 0.00872528 0.08469050
v 0.03251177 0.00952188 0.08264766
v 0.03257175 0.00960778 0.08215129
v 0.03301736 0.00960373 0.08211575
v 0.03173896 0.01009357 0.08152924
v 0.03409577 0.00916723 0.08309227
v 0.03506537 0.00878973 0.08420059
v 0.03500777 0.00864044 0.08463087
v 0.03567577 0.00853021 0.08553654
v 0.03486377 0.00850422 0.08697916
v 0.03714777 0.00733240 0.08923799
v 0.03677335 0.00733174 0.08947383
v 0.03885813 0.00590308 0.09187285
v 0.03841177 0.00598079 0.09206666
v 0.04001494 0.00437218 0.09458933
v 0.03978458 0.00512705 0.09259670
v 0.04026776 0.00466158 0.09290677
v 0.04003177 0.00546161 0.09174450
v 0.04036937 0.00415217 0.09434485
v 0.04131575 0.00316033 0.09595691
v 0.04075895 0.00393647 0.09408990
v 0.04134856 0.00327613 0.09527437
v 0.04184137 0.00307742 0.09536357
v 0.04209094 0.00323025 0.09501998
v 0.04216137 0.00275125 0.09638453
v 0.04243894 0.00222895 0.09766103
v 0.04245496 0.00307268 0.09558059
v 0.04294777 0.00086555 0.09987490
v 0.04129496 0.00276233 0.09723269
v 0.04207096 0.00098899 0.10006245
v 0.04084297 0.00283171 0.09743487
v 0.04161578 0.00105952 0.10016315
v 0.03975735 0.00447338 0.09473093
v 0.04207015 -0.00082889 0.10288559
v 0.04028936 0.00128307 0.10057452
v 0.04073096 -0.00053431 0.10321117
v 0.04086857 -0.00243921 0.10581822
v 0.03694134 -0.00158023 0.10288249
v 0.03706217 -0.00325748 0.10517769
v 0.03691655 -0.00499590 0.10742533
v 0.03650375 -0.00677961 0.10960308
v 0.04070216 -0.00441490 0.10837060
v 0.04023338 -0.00644094 0.11084459
v 0.04204693 -0.00485635 0.10820633
v 0.04219814 -0.00280669 0.10557229
v 0.04253817 -0.00499999 0.10812349
v 0.04157095 -0.00696017 0.11076060
v 0.04203334 -0.00711122 0.11076942
v 0.04293175 -0.00738861 0.11079462
v 0.04383893 -0.00773977 0.11076354
v 0.04241658 -0.00914658 0.11271141
v 0.04341893 -0.00578598 0.10875591
v 0.04366617 -0.00512351 0.10755075
v 0.04442134 -0.00553786 0.10802759
v 0.04477496 -0.00352782 0.10525927
v 0.04430056 -0.00480744 0.10691723
v 0.04415975 -0.00453760 0.10631604
v 0.04453416 -0.00357787 0.10520168
v 0.04430375 -0.00224585 0.10352623
v 0.04424215 -0.00369327 0.10510446
v 0.04416137 -0.00274977 0.10394987
v 0.04376297 -0.00252761 0.10373074
v 0.04333897 -0.00259188 0.10403008
v 0.04367657 -0.00167177 0.10298617
v 0.04343176 -0.00067157 0.10198910
v 0.04306135 -0.00200789 0.10366417
v 0.04255815 -0.00099006 0.10282223
v 0.04285016 -0.00322028 0.10533693
v 0.04247256 -0.00294847 0.10549558
v 0.04305015 -0.00451563 0.10697875
v 0.04327736 -0.00349492 0.10517749
v 0.04333334 -0.00435592 0.10636150
v 0.04375654 -0.00466131 0.10655143
v 0.04441977 -0.00138958 0.10253416
v 0.04382777 0.00065291 0.09964659
v 0.04490457 -0.00167586 0.10229718
v 0.04437094 0.00032074 0.09940674
v 0.04509654 -0.00376733 0.10513602
v 0.04584055 -0.00411436 0.10057122
v 0.04531818 -0.00213794 0.09768354
v 0.04307413 -0.01006695 0.11336097
v 0.04213734 -0.01024898 0.11358303
v 0.04246774 -0.01096476 0.11416588
v 0.04181814 -0.01115485 0.11419482
v 0.04209576 -0.01146206 0.11446718
v 0.04162455 -0.01247951 0.11544605
v 0.03946534 -0.00849854 0.11321695
v 0.03582855 -0.00859036 0.11169122
v 0.03489657 -0.01041142 0.11366798
v 0.03371735 -0.01222519 0.11551636
v 0.03230296 -0.01401414 0.11721690
v 0.03066536 -0.01576125 0.11875436
v 0.02882138 -0.01744865 0.12011338
v 0.03359896 -0.01664426 0.12123941
v 0.03150378 -0.01856090 0.12278291
v 0.02678934 -0.01906108 0.12128013
v 0.04160695 0.00389438 0.09376752
v 0.04097896 0.00463620 0.09260944
v 0.04052454 0.00475366 0.09249460
v 0.01156375 0.01018718 0.07104224
v 0.01130059 0.01021498 0.07060519
v 0.00306456 0.00809574 0.06877455
v -0.01745783 -0.02081000 0.10222240
v -0.01811062 -0.01930358 0.09989854
v -0.02180901 -0.02066406 0.09981521
v -0.01850020 -0.01770378 0.09757907
v -0.01862179 -0.01602653 0.09528387
v -0.02225142 -0.01884636 0.09717930
v -0.02238980 -0.01694073 0.09457203
v -0.02311140 -0.01811064 0.09367497
v -0.02222343 -0.01496609 0.09201912
v -0.01847540 -0.01428811 0.09303624
v -0.01806341 -0.01250440 0.09085849
v -0.02364021 -0.01998317 0.09407121
v -0.02390421 -0.02042004 0.09409942
v -0.02357860 -0.01909636 0.09290865
vt 0.20200901 0.58899897
vt 0.19712900 0.58907402
vt 0.19712400 0.59031802
vt 0.20197999 0.59024501
vt 0.20197999 0.59024501
vt 0.19712400 0.59031802
vt 0.19710700 0.59174800
vt 0.20203599 0.59177297
vt 0.19712400 0.59031802
vt 0.19232599 0.59026200
vt 0.19229600 0.59162802
vt 0.19710700 0.59174800
vt 0.19712900 0.58907402
vt 0.19233701 0.58906800
vt 0.19232599 0.59026200
vt 0.19712400 0.59031802
vt 0.19233701 0.58906800
vt 0.18770801 0.58905399
vt 0.18771000 0.59023798
vt 0.19232599 0.59026200
vt 0.19232599 0.59026200
vt 0.18771000 0.59023798
vt 0.18769500 0.59153998
vt 0.19229600 0.59162802
vt 0.18770801 0.58905399
vt 0.18318100 0.58912098
vt 0.18318699 0.59023899
vt 0.18771000 0.59023798
vt 0.18771000 0.59023798
vt 0.18318699 0.59023899
vt 0.18319000 0.59154099
vt 0.18769500 0.59153998
vt 0.18318100 0.58912098
vt 0.17873800 0.58913600
vt 0.17873700 0.59026200
vt 0.18318699 0.59023899
vt 0.18318699 0.59023899
vt 0.17873700 0.59026200
vt 0.17875201 0.59153903
vt 0.18319000 0.59154099
vt 0.17873800 0.58913600
vt 0.17431000 0.58914798
vt 0.17431501 0.59028798
vt 0.17873700 0.59026200
vt 0.17873700 0.59026200
vt 0.17431501 0.59028798
vt 0.17432700 0.59154499
vt 0.17875201 0.59153903
vt 0.17431000 0.58914798
vt 0.16989300 0.58917999
vt 0.16990200 0.59028602
vt 0.17431501 0.59028798
vt 0.17431501 0.59028798
vt 0.16990200 0.59028602
vt 0.16991100 0.59154099
vt 0.17432700 0.59154499
vt 0.17873700 0.58892602
vt 0.17430900 0.58893698
vt 0.17431000 0.58914798
vt 0.17873800 0.58913600
vt 0.17430900 0.58893698
vt 0.16989300 0.58897299
vt 0.16989300 0.58917999
vt 0.17431000 0.58914798
vt 0.16989300 0.58897299
vt 0.16548400 0.58898699
vt 0.16548400 0.58919001
vt 0.16989300 0.58917999
vt 0.16989300 0.58917999
vt 0.16548400 0.58919001
vt 0.16549000 0.59028602
vt 0.16990200 0.59028602
vt 0.16548400 0.58919001
vt 0.16106200 0.58920002
vt 0.16105700 0.59027702
vt 0.16549000 0.59028602
vt 0.16548400 0.58898699
vt 0.16106300 0.58899498
vt 0.16106200 0.58920002
vt 0.16548400 0.58919001
vt 0.16551100 0.58600301
vt 0.16110000 0.58599800
vt 0.16106300 0.58899498
vt 0.16548400 0.58898699
vt 0.16991401 0.58598900
vt 0.16551100 0.58600301
vt 0.16548400 0.58898699
vt 0.16989300 0.58897299
vt 0.16551100 0.58600301
vt 0.16991401 0.58598900
vt 0.16991299 0.58578199
vt 0.16551100 0.58579999
vt 0.16110000 0.58599800
vt 0.16551100 0.58600301
vt 0.16551100 0.58579999
vt 0.16110100 0.58579397
vt 0.16110000 0.58599800
vt 0.15666901 0.58600998
vt 0.15661600 0.58893698
vt 0.16106300 0.58899498
vt 0.15666901 0.58600998
vt 0.16110000 0.58599800
vt 0.16110100 0.58579397
vt 0.15667000 0.58580399
vt 0.15667000 0.58580399
vt 0.16110100 0.58579397
vt 0.16110100 0.58472198
vt 0.15667699 0.58469701
vt 0.16110100 0.58579397
vt 0.16551100 0.58579999
vt 0.16551299 0.58470601
vt 0.16110100 0.58472198
vt 0.15224600 0.58593899
vt 0.15666901 0.58600998
vt 0.15667000 0.58580399
vt 0.15224899 0.58573699
vt 0.15224899 0.58573699
vt 0.15667000 0.58580399
vt 0.15667699 0.58469701
vt 0.15226300 0.58466798
vt 0.15226300 0.58466798
vt 0.15667699 0.58469701
vt 0.15667500 0.58347601
vt 0.15226901 0.58342397
vt 0.15667699 0.58469701
vt 0.16110100 0.58472198
vt 0.16109100 0.58347601
vt 0.15667500 0.58347601
vt 0.15668000 0.58237100
vt 0.15228200 0.58235800
vt 0.15226901 0.58342397
vt 0.15667500 0.58347601
vt 0.16109100 0.58240801
vt 0.15668000 0.58237100
vt 0.15667500 0.58347601
vt 0.16109100 0.58347601
vt 0.15228200 0.58235800
vt 0.14790601 0.58227903
vt 0.14788100 0.58336401
vt 0.15226901 0.58342397
vt 0.14786801 0.58459502
vt 0.15226300 0.58466798
vt 0.15226901 0.58342397
vt 0.14788100 0.58336401
vt 0.14790601 0.58227903
vt 0.14354800 0.58217901
vt 0.14351401 0.58327001
vt 0.14788100 0.58336401
vt 0.14788100 0.58336401
vt 0.14351401 0.58327001
vt 0.14349499 0.58450800
vt 0.14786801 0.58459502
vt 0.14347599 0.58560300
vt 0.14785500 0.58568400
vt 0.14786801 0.58459502
vt 0.14349499 0.58450800
vt 0.14785500 0.58568400
vt 0.15224899 0.58573699
vt 0.15226300 0.58466798
vt 0.14786801 0.58459502
vt 0.14785200 0.58588701
vt 0.15224600 0.58593899
vt 0.15224899 0.58573699
vt 0.14785500 0.58568400
vt 0.14347100 0.58580798
vt 0.14785200 0.58588701
vt 0.14785500 0.58568400
vt 0.14347599 0.58560300
vt 0.13911000 0.58550501
vt 0.14347599 0.58560300
vt 0.14349499 0.58450800
vt 0.13914400 0.58438301
vt 0.13910399 0.58571303
vt 0.14347100 0.58580798
vt 0.14347599 0.58560300
vt 0.13911000 0.58550501
vt 0.14347100 0.58580798
vt 0.13910399 0.58571303
vt 0.13898499 0.58863199
vt 0.14337300 0.58875400
vt 0.14785200 0.58588701
vt 0.14347100 0.58580798
vt 0.14337300 0.58875400
vt 0.14777000 0.58884400
vt 0.14777000 0.58884400
vt 0.14337300 0.58875400
vt 0.14336801 0.58895999
vt 0.14776701 0.58904803
vt 0.14337300 0.58875400
vt 0.13898499 0.58863199
vt 0.13897900 0.58884102
vt 0.14336801 0.58895999
vt 0.13898499 0.58863199
vt 0.13460900 0.58852500
vt 0.13460299 0.58873302
vt 0.13897900 0.58884102
vt 0.13910399 0.58571303
vt 0.13474400 0.58554798
vt 0.13460900 0.58852500
vt 0.13898499 0.58863199
vt 0.13474400 0.58554798
vt 0.13038599 0.58535498
vt 0.13025600 0.58838701
vt 0.13460900 0.58852500
vt 0.13460900 0.58852500
vt 0.13025600 0.58838701
vt 0.13024700 0.58859497
vt 0.13460299 0.58873302
vt 0.13897900 0.58884102
vt 0.13460299 0.58873302
vt 0.13457599 0.58984399
vt 0.13895100 0.58997101
vt 0.13460299 0.58873302
vt 0.13024700 0.58859497
vt 0.13020600 0.58968699
vt 0.13457599 0.58984399
vt 0.13025600 0.58838701
vt 0.12584600 0.58816200
vt 0.12583700 0.58837700
vt 0.13024700 0.58859497
vt 0.13024700 0.58859497
vt 0.12583700 0.58837700
vt 0.12578900 0.58953100
vt 0.13020600 0.58968699
vt 0.13020600 0.58968699
vt 0.12578900 0.58953100
vt 0.12573400 0.59080499
vt 0.13016100 0.59096700
vt 0.13457599 0.58984399
vt 0.13020600 0.58968699
vt 0.13016100 0.59096700
vt 0.13454799 0.59110802
vt 0.12570000 0.59195799
vt 0.13012400 0.59206599
vt 0.13016100 0.59096700
vt 0.12573400 0.59080499
vt 0.13012400 0.59206599
vt 0.13450800 0.59222299
vt 0.13454799 0.59110802
vt 0.13016100 0.59096700
vt 0.13011800 0.59227502
vt 0.13450199 0.59243101
vt 0.13450800 0.59222299
vt 0.13012400 0.59206599
vt 0.12569401 0.59217298
vt 0.13011800 0.59227502
vt 0.13012400 0.59206599
vt 0.12570000 0.59195799
vt 0.12119300 0.59206498
vt 0.12569401 0.59217298
vt 0.12570000 0.59195799
vt 0.12120000 0.59184700
vt 0.12120000 0.59184700
vt 0.12570000 0.59195799
vt 0.12573400 0.59080499
vt 0.12124800 0.59068698
vt 0.11653500 0.59191000
vt 0.12119300 0.59206498
vt 0.12120000 0.59184700
vt 0.11656200 0.59168798
vt 0.11656200 0.59168798
vt 0.12120000 0.59184700
vt 0.12124800 0.59068698
vt 0.11666900 0.59054601
vt 0.12130200 0.58935302
vt 0.11674900 0.58908999
vt 0.11666900 0.59054601
vt 0.12124800 0.59068698
vt 0.12578900 0.58953100
vt 0.12130200 0.58935302
vt 0.12124800 0.59068698
vt 0.12573400 0.59080499
vt 0.12583700 0.58837700
vt 0.12134600 0.58819300
vt 0.12130200 0.58935302
vt 0.12578900 0.58953100
vt 0.12134600 0.58819300
vt 0.11676700 0.58794099
vt 0.11674900 0.58908999
vt 0.12130200 0.58935302
vt 0.11674900 0.58908999
vt 0.11319300 0.58916301
vt 0.11307400 0.58982199
vt 0.11666900 0.59054601
vt 0.11676700 0.58794099
vt 0.11180100 0.58822101
vt 0.11319300 0.58916301
vt 0.11674900 0.58908999
vt 0.11676900 0.58771998
vt 0.11162200 0.58795100
vt 0.11180100 0.58822101
vt 0.11676700 0.58794099
vt 0.12135600 0.58797598
vt 0.11676900 0.58771998
vt 0.11676700 0.58794099
vt 0.12134600 0.58819300
vt 0.12151300 0.58492202
vt 0.11694200 0.58458102
vt 0.11676900 0.58771998
vt 0.12135600 0.58797598
vt 0.11694200 0.58458102
vt 0.11205300 0.58354700
vt 0.11162200 0.58795100
vt 0.11676900 0.58771998
vt 0.11162200 0.58795100
vt 0.11153500 0.59076899
vt 0.11172900 0.59052598
vt 0.11180100 0.58822101
vt 0.10612900 0.57399303
vt 0.10592300 0.60305399
vt 0.11085600 0.60203898
vt 0.11153500 0.59076899
vt 0.11162200 0.58795100
vt 0.11205300 0.58354700
vt 0.11209500 0.58067101
vt 0.11269200 0.57671303
vt 0.11176600 0.57494098
vt 0.11205300 0.58354700
vt 0.11694200 0.58458102
vt 0.11697200 0.58436602
vt 0.11224100 0.58330500
vt 0.11209500 0.58067101
vt 0.11205300 0.58354700
vt 0.11224100 0.58330500
vt 0.11228000 0.58094299
vt 0.11371400 0.58191001
vt 0.11228000 0.58094299
vt 0.11224100 0.58330500
vt 0.11359600 0.58257997
vt 0.11224100 0.58330500
vt 0.11697200 0.58436602
vt 0.11710100 0.58326799
vt 0.11359600 0.58257997
vt 0.11694200 0.58458102
vt 0.12151300 0.58492202
vt 0.12152700 0.58470601
vt 0.11697200 0.58436602
vt 0.11697200 0.58436602
vt 0.12152700 0.58470601
vt 0.12161200 0.58355701
vt 0.11710100 0.58326799
vt 0.11721000 0.58185500
vt 0.11371400 0.58191001
vt 0.11359600 0.58257997
vt 0.11710100 0.58326799
vt 0.12169100 0.58223802
vt 0.11721000 0.58185500
vt 0.11710100 0.58326799
vt 0.12161200 0.58355701
vt 0.11725300 0.58072603
vt 0.11228000 0.58094299
vt 0.11371400 0.58191001
vt 0.11721000 0.58185500
vt 0.12176700 0.58109301
vt 0.11725300 0.58072603
vt 0.11721000 0.58185500
vt 0.12169100 0.58223802
vt 0.12620801 0.58140600
vt 0.12176700 0.58109301
vt 0.12169100 0.58223802
vt 0.12613399 0.58254999
vt 0.12613399 0.58254999
vt 0.12169100 0.58223802
vt 0.12161200 0.58355701
vt 0.12605900 0.58381200
vt 0.13057700 0.58169103
vt 0.12620801 0.58140600
vt 0.12613399 0.58254999
vt 0.13052100 0.58277798
vt 0.13052100 0.58277798
vt 0.12613399 0.58254999
vt 0.12605900 0.58381200
vt 0.13044700 0.58405203
vt 0.12622200 0.58119500
vt 0.12178400 0.58087897
vt 0.12176700 0.58109301
vt 0.12620801 0.58140600
vt 0.13058899 0.58148497
vt 0.12622200 0.58119500
vt 0.12620801 0.58140600
vt 0.13057700 0.58169103
vt 0.13490200 0.58188403
vt 0.13057700 0.58169103
vt 0.13052100 0.58277798
vt 0.13486201 0.58298498
vt 0.13491000 0.58167899
vt 0.13058899 0.58148497
vt 0.13057700 0.58169103
vt 0.13490200 0.58188403
vt 0.13501000 0.57897598
vt 0.13071699 0.57872599
vt 0.13058899 0.58148497
vt 0.13491000 0.58167899
vt 0.13071699 0.57872599
vt 0.12637199 0.57848501
vt 0.12622200 0.58119500
vt 0.13058899 0.58148497
vt 0.12637199 0.57848501
vt 0.13071699 0.57872599
vt 0.13072900 0.57852101
vt 0.12638600 0.57827401
vt 0.13071699 0.57872599
vt 0.13501000 0.57897598
vt 0.13502100 0.57877100
vt 0.13072900 0.57852101
vt 0.13501000 0.57897598
vt 0.13931900 0.57918602
vt 0.13932700 0.57898003
vt 0.13502100 0.57877100
vt 0.13931900 0.57918602
vt 0.13501000 0.57897598
vt 0.13491000 0.58167899
vt 0.13922700 0.58183402
vt 0.13931900 0.57918602
vt 0.14364700 0.57929802
vt 0.14365201 0.57909602
vt 0.13932700 0.57898003
vt 0.14364700 0.57929802
vt 0.13931900 0.57918602
vt 0.13922700 0.58183402
vt 0.14355400 0.58197498
vt 0.14798400 0.57938600
vt 0.14364700 0.57929802
vt 0.14355400 0.58197498
vt 0.14791000 0.58207703
vt 0.14364700 0.57929802
vt 0.14798400 0.57938600
vt 0.14798801 0.57918501
vt 0.14365201 0.57909602
vt 0.14365201 0.57909602
vt 0.14798801 0.57918501
vt 0.14800200 0.57810700
vt 0.14367300 0.57801199
vt 0.13932700 0.57898003
vt 0.14365201 0.57909602
vt 0.14367300 0.57801199
vt 0.13936800 0.57787001
vt 0.14801501 0.57688802
vt 0.14369699 0.57678598
vt 0.14367300 0.57801199
vt 0.14800200 0.57810700
vt 0.13936800 0.57787001
vt 0.14367300 0.57801199
vt 0.14369699 0.57678598
vt 0.13940600 0.57665199
vt 0.13502100 0.57877100
vt 0.13932700 0.57898003
vt 0.13936800 0.57787001
vt 0.13508300 0.57768101
vt 0.13508300 0.57768101
vt 0.13936800 0.57787001
vt 0.13940600 0.57665199
vt 0.13513599 0.57644701
vt 0.13945000 0.57554799
vt 0.13518700 0.57536298
vt 0.13513599 0.57644701
vt 0.13940600 0.57665199
vt 0.14373399 0.57570702
vt 0.13945000 0.57554799
vt 0.13940600 0.57665199
vt 0.14369699 0.57678598
vt 0.13513599 0.57644701
vt 0.13087000 0.57618999
vt 0.13079301 0.57744199
vt 0.13508300 0.57768101
vt 0.13518700 0.57536298
vt 0.13093799 0.57512200
vt 0.13087000 0.57618999
vt 0.13513599 0.57644701
vt 0.13945800 0.57534403
vt 0.13519700 0.57516003
vt 0.13518700 0.57536298
vt 0.13945000 0.57554799
vt 0.13519700 0.57516003
vt 0.13095200 0.57492000
vt 0.13093799 0.57512200
vt 0.13518700 0.57536298
vt 0.13095200 0.57492000
vt 0.12667100 0.57458103
vt 0.12665300 0.57478797
vt 0.13093799 0.57512200
vt 0.13093799 0.57512200
vt 0.12665300 0.57478797
vt 0.12656300 0.57590902
vt 0.13087000 0.57618999
vt 0.13534699 0.57286000
vt 0.13112800 0.57258397
vt 0.13095200 0.57492000
vt 0.13519700 0.57516003
vt 0.13112800 0.57258397
vt 0.12686400 0.57228100
vt 0.12667100 0.57458103
vt 0.13095200 0.57492000
vt 0.12667100 0.57458103
vt 0.12233400 0.57418400
vt 0.12231300 0.57439399
vt 0.12665300 0.57478797
vt 0.12686400 0.57228100
vt 0.12254800 0.57185102
vt 0.12233400 0.57418400
vt 0.12667100 0.57458103
vt 0.12686400 0.57228100
vt 0.13112800 0.57258397
vt 0.13114201 0.57238299
vt 0.12688200 0.57207501
vt 0.12254800 0.57185102
vt 0.12686400 0.57228100
vt 0.12688200 0.57207501
vt 0.12257100 0.57164299
vt 0.12254800 0.57185102
vt 0.11816000 0.57134801
vt 0.11792300 0.57372802
vt 0.12233400 0.57418400
vt 0.11816000 0.57134801
vt 0.12254800 0.57185102
vt 0.12257100 0.57164299
vt 0.11819500 0.57113600
vt 0.12257100 0.57164299
vt 0.12688200 0.57207501
vt 0.12698001 0.57096797
vt 0.12269700 0.57054102
vt 0.11819500 0.57113600
vt 0.12257100 0.57164299
vt 0.12269700 0.57054102
vt 0.11835500 0.57007098
vt 0.11358600 0.57010400
vt 0.11819500 0.57113600
vt 0.11835500 0.57007098
vt 0.11459100 0.56933498
vt 0.11346900 0.57034701
vt 0.11816000 0.57134801
vt 0.11819500 0.57113600
vt 0.11358600 0.57010400
vt 0.12282700 0.56928301
vt 0.11851300 0.56875902
vt 0.11835500 0.57007098
vt 0.12269700 0.57054102
vt 0.11851300 0.56875902
vt 0.11466100 0.56861502
vt 0.11459100 0.56933498
vt 0.11835500 0.57007098
vt 0.11289300 0.56874597
vt 0.11358600 0.57010400
vt 0.11459100 0.56933498
vt 0.11437600 0.56893802
vt 0.11459100 0.56933498
vt 0.11466100 0.56861502
vt 0.11437600 0.56893802
vt 0.11389500 0.56766802
vt 0.11289300 0.56874597
vt 0.11437600 0.56893802
vt 0.11466100 0.56861502
vt 0.11384400 0.56741101
vt 0.11253700 0.56869298
vt 0.11289300 0.56874597
vt 0.11389500 0.56766802
vt 0.11253700 0.56869298
vt 0.11346900 0.57034701
vt 0.11358600 0.57010400
vt 0.11289300 0.56874597
vt 0.11862100 0.56747401
vt 0.11384400 0.56741101
vt 0.11389500 0.56766802
vt 0.11860700 0.56768799
vt 0.11860700 0.56768799
vt 0.11389500 0.56766802
vt 0.11466100 0.56861502
vt 0.11851300 0.56875902
vt 0.12294600 0.56818599
vt 0.11860700 0.56768799
vt 0.11851300 0.56875902
vt 0.12282700 0.56928301
vt 0.12297000 0.56797999
vt 0.11862100 0.56747401
vt 0.11860700 0.56768799
vt 0.12294600 0.56818599
vt 0.11862100 0.56747401
vt 0.11893800 0.56480402
vt 0.11420300 0.56405997
vt 0.11384400 0.56741101
vt 0.12297000 0.56797999
vt 0.12327600 0.56543303
vt 0.11893800 0.56480402
vt 0.11862100 0.56747401
vt 0.12722600 0.56844598
vt 0.12747100 0.56594199
vt 0.12327600 0.56543303
vt 0.12297000 0.56797999
vt 0.12722600 0.56844598
vt 0.12297000 0.56797999
vt 0.12294600 0.56818599
vt 0.12720500 0.56864899
vt 0.12747100 0.56594199
vt 0.12777500 0.56327099
vt 0.12369600 0.56270301
vt 0.12327600 0.56543303
vt 0.12327600 0.56543303
vt 0.12369600 0.56270301
vt 0.11950500 0.56193900
vt 0.11893800 0.56480402
vt 0.12369600 0.56270301
vt 0.12449500 0.55959499
vt 0.12054200 0.55876398
vt 0.11950500 0.56193900
vt 0.12777500 0.56327099
vt 0.12842099 0.56014901
vt 0.12449500 0.55959499
vt 0.12369600 0.56270301
vt 0.13182400 0.56366998
vt 0.13235299 0.56052399
vt 0.12842099 0.56014901
vt 0.12777500 0.56327099
vt 0.13159899 0.56634998
vt 0.13182400 0.56366998
vt 0.12777500 0.56327099
vt 0.12747100 0.56594199
vt 0.13586600 0.56396002
vt 0.13631099 0.56080300
vt 0.13235299 0.56052399
vt 0.13182400 0.56366998
vt 0.13570499 0.56662798
vt 0.13586600 0.56396002
vt 0.13182400 0.56366998
vt 0.13159899 0.56634998
vt 0.13556300 0.56911999
vt 0.13570499 0.56662798
vt 0.13159899 0.56634998
vt 0.13141300 0.56885898
vt 0.13141300 0.56885898
vt 0.13159899 0.56634998
vt 0.12747100 0.56594199
vt 0.12722600 0.56844598
vt 0.13141300 0.56885898
vt 0.12722600 0.56844598
vt 0.12720500 0.56864899
vt 0.13139801 0.56905699
vt 0.13556300 0.56911999
vt 0.13141300 0.56885898
vt 0.13139801 0.56905699
vt 0.13555200 0.56931800
vt 0.13973001 0.56931502
vt 0.13556300 0.56911999
vt 0.13555200 0.56931800
vt 0.13972101 0.56951499
vt 0.13973001 0.56931502
vt 0.13983600 0.56682801
vt 0.13570499 0.56662798
vt 0.13556300 0.56911999
vt 0.14392801 0.56948298
vt 0.13973001 0.56931502
vt 0.13972101 0.56951499
vt 0.14392200 0.56967998
vt 0.13973001 0.56931502
vt 0.14392801 0.56948298
vt 0.14400600 0.56698102
vt 0.13983600 0.56682801
vt 0.13983600 0.56682801
vt 0.13994500 0.56416202
vt 0.13586600 0.56396002
vt 0.13570499 0.56662798
vt 0.13983600 0.56682801
vt 0.14400600 0.56698102
vt 0.14407501 0.56428897
vt 0.13994500 0.56416202
vt 0.14407501 0.56428897
vt 0.14436500 0.56111902
vt 0.14031200 0.56100202
vt 0.13994500 0.56416202
vt 0.13994500 0.56416202
vt 0.14031200 0.56100202
vt 0.13631099 0.56080300
vt 0.13586600 0.56396002
vt 0.13630800 0.55993700
vt 0.13631099 0.56080300
vt 0.14031200 0.56100202
vt 0.14029101 0.56018001
vt 0.14029101 0.56018001
vt 0.14031200 0.56100202
vt 0.14436500 0.56111902
vt 0.14432000 0.56021899
vt 0.14825401 0.56435603
vt 0.14847600 0.56119603
vt 0.14436500 0.56111902
vt 0.14407501 0.56428897
vt 0.14432000 0.56021899
vt 0.14436500 0.56111902
vt 0.14847600 0.56119603
vt 0.14845701 0.56021899
vt 0.14433500 0.55610400
vt 0.14432000 0.56021899
vt 0.14845701 0.56021899
vt 0.14849900 0.55619401
vt 0.14042500 0.55596501
vt 0.14029101 0.56018001
vt 0.14432000 0.56021899
vt 0.14433500 0.55610400
vt 0.14042500 0.55596501
vt 0.13655899 0.55589801
vt 0.13630800 0.55993700
vt 0.14029101 0.56018001
vt 0.13655899 0.55589801
vt 0.13259999 0.55574799
vt 0.13232800 0.55961698
vt 0.13630800 0.55993700
vt 0.12879001 0.55543101
vt 0.12840199 0.55931801
vt 0.13232800 0.55961698
vt 0.13259999 0.55574799
vt 0.12454600 0.55883300
vt 0.12840199 0.55931801
vt 0.12879001 0.55543101
vt 0.12524199 0.55495501
vt 0.12068900 0.55795699
vt 0.12454600 0.55883300
vt 0.12524199 0.55495501
vt 0.12172000 0.55425203
vt 0.11826500 0.55316401
vt 0.11685900 0.55672598
vt 0.12068900 0.55795699
vt 0.12172000 0.55425203
vt 0.12068900 0.55795699
vt 0.12054200 0.55876398
vt 0.12449500 0.55959499
vt 0.12454600 0.55883300
vt 0.11685900 0.55672598
vt 0.11659900 0.55757302
vt 0.12054200 0.55876398
vt 0.12068900 0.55795699
vt 0.11528800 0.55182600
vt 0.11331800 0.55513102
vt 0.11685900 0.55672598
vt 0.11826500 0.55316401
vt 0.11331800 0.55513102
vt 0.11290600 0.55587000
vt 0.11659900 0.55757302
vt 0.11685900 0.55672598
vt 0.11659900 0.55757302
vt 0.11290600 0.55587000
vt 0.11069800 0.55905098
vt 0.11512700 0.56085002
vt 0.11950500 0.56193900
vt 0.12054200 0.55876398
vt 0.11659900 0.55757302
vt 0.11512700 0.56085002
vt 0.10988000 0.55364197
vt 0.10696300 0.55633998
vt 0.11069800 0.55905098
vt 0.11290600 0.55587000
vt 0.11046300 0.55307198
vt 0.10988000 0.55364197
vt 0.11290600 0.55587000
vt 0.11331800 0.55513102
vt 0.10854900 0.55062699
vt 0.10779300 0.55109900
vt 0.10988000 0.55364197
vt 0.11046300 0.55307198
vt 0.10453700 0.55313498
vt 0.10696300 0.55633998
vt 0.10988000 0.55364197
vt 0.10779300 0.55109900
vt 0.10903500 0.56235200
vt 0.11069800 0.55905098
vt 0.10696300 0.55633998
vt 0.10430000 0.55945700
vt 0.10163300 0.55557799
vt 0.10430000 0.55945700
vt 0.10696300 0.55633998
vt 0.10453700 0.55313498
vt 0.10042300 0.55179799
vt 0.10163300 0.55557799
vt 0.10453700 0.55313498
vt 0.10317900 0.54987901
vt 0.10453700 0.55313498
vt 0.10779300 0.55109900
vt 0.10658500 0.54840899
vt 0.10317900 0.54987901
vt 0.09986700 0.54829699
vt 0.10042300 0.55179799
vt 0.10317900 0.54987901
vt 0.10252400 0.54670501
vt 0.10317900 0.54987901
vt 0.10658500 0.54840899
vt 0.10595900 0.54570597
vt 0.10252400 0.54670501
vt 0.09705900 0.55126101
vt 0.09735400 0.55498201
vt 0.10042300 0.55179799
vt 0.09986700 0.54829699
vt 0.09735400 0.55498201
vt 0.09814900 0.55915999
vt 0.10163300 0.55557799
vt 0.10042300 0.55179799
vt 0.09735400 0.55498201
vt 0.09320400 0.55955702
vt 0.09322000 0.56333399
vt 0.09814900 0.55915999
vt 0.09705900 0.55126101
vt 0.09345300 0.55598301
vt 0.09320400 0.55955702
vt 0.09735400 0.55498201
vt 0.09693600 0.54781401
vt 0.09705900 0.55126101
vt 0.09986700 0.54829699
vt 0.09963300 0.54500401
vt 0.09693600 0.54781401
vt 0.09371000 0.55253297
vt 0.09345300 0.55598301
vt 0.09705900 0.55126101
vt 0.07908800 0.56845200
vt 0.07837400 0.57015198
vt 0.09345300 0.55598301
vt 0.09371000 0.55253297
vt 0.07837400 0.57015198
vt 0.07760700 0.57177001
vt 0.09320400 0.55955702
vt 0.09345300 0.55598301
vt 0.07608200 0.56870902
vt 0.07538100 0.57026398
vt 0.07837400 0.57015198
vt 0.07908800 0.56845200
vt 0.07538100 0.57026398
vt 0.07469700 0.57169902
vt 0.07760700 0.57177001
vt 0.07837400 0.57015198
vt 0.07760700 0.57177001
vt 0.07679800 0.57334900
vt 0.09322000 0.56333399
vt 0.09320400 0.55955702
vt 0.07469700 0.57169902
vt 0.07402000 0.57300502
vt 0.07679800 0.57334900
vt 0.07760700 0.57177001
vt 0.09322000 0.56333399
vt 0.07679800 0.57334900
vt 0.07489500 0.57588398
vt 0.07706200 0.57761198
vt 0.09369800 0.56789601
vt 0.07679800 0.57334900
vt 0.07402000 0.57300502
vt 0.07260800 0.57508802
vt 0.07489500 0.57588398
vt 0.06582300 0.56868303
vt 0.06521600 0.57010698
vt 0.07402000 0.57300502
vt 0.07469700 0.57169902
vt 0.06521600 0.57010698
vt 0.06396400 0.57289797
vt 0.07260800 0.57508802
vt 0.07402000 0.57300502
vt 0.07193200 0.57617003
vt 0.07405400 0.57695103
vt 0.07489500 0.57588398
vt 0.07260800 0.57508802
vt 0.06396400 0.57289797
vt 0.06324900 0.57425398
vt 0.07193200 0.57617003
vt 0.07260800 0.57508802
vt 0.06396400 0.57289797
vt 0.06521600 0.57010698
vt 0.06237800 0.56918401
vt 0.06129300 0.57196403
vt 0.06396400 0.57289797
vt 0.06129300 0.57196403
vt 0.06070800 0.57332999
vt 0.06324900 0.57425398
vt 0.06129300 0.57196403
vt 0.06237800 0.56918401
vt 0.05851900 0.56814802
vt 0.05773600 0.57089603
vt 0.06129300 0.57196403
vt 0.05773600 0.57089603
vt 0.05732000 0.57226598
vt 0.06070800 0.57332999
vt 0.06070800 0.57332999
vt 0.05732000 0.57226598
vt 0.05691300 0.57353902
vt 0.06013700 0.57459301
vt 0.06324900 0.57425398
vt 0.06070800 0.57332999
vt 0.06013700 0.57459301
vt 0.06254500 0.57554603
vt 0.06254500 0.57554603
vt 0.06013700 0.57459301
vt 0.05962100 0.57566899
vt 0.06187600 0.57667500
vt 0.06013700 0.57459301
vt 0.05691300 0.57353902
vt 0.05654700 0.57462901
vt 0.05962100 0.57566899
vt 0.05691300 0.57353902
vt 0.05269300 0.57245499
vt 0.05249200 0.57353801
vt 0.05654700 0.57462901
vt 0.05732000 0.57226598
vt 0.05290900 0.57120401
vt 0.05269300 0.57245499
vt 0.05691300 0.57353902
vt 0.05229800 0.57444698
vt 0.05620500 0.57551801
vt 0.05654700 0.57462901
vt 0.05249200 0.57353801
vt 0.05620500 0.57551801
vt 0.05913300 0.57654297
vt 0.05962100 0.57566899
vt 0.05654700 0.57462901
vt 0.05565100 0.57653803
vt 0.05835400 0.57758999
vt 0.05913300 0.57654297
vt 0.05620500 0.57551801
vt 0.05197200 0.57558799
vt 0.05565100 0.57653803
vt 0.05620500 0.57551801
vt 0.05229800 0.57444698
vt 0.04765100 0.57479799
vt 0.05197200 0.57558799
vt 0.05229800 0.57444698
vt 0.04776200 0.57356697
vt 0.04776200 0.57356697
vt 0.05229800 0.57444698
vt 0.05249200 0.57353801
vt 0.04781200 0.57266402
vt 0.04308800 0.57424903
vt 0.04765100 0.57479799
vt 0.04776200 0.57356697
vt 0.04300900 0.57309300
vt 0.04300900 0.57309300
vt 0.04776200 0.57356697
vt 0.04781200 0.57266402
vt 0.04293000 0.57222998
vt 0.03861900 0.57426900
vt 0.04308800 0.57424903
vt 0.04300900 0.57309300
vt 0.03834500 0.57321697
vt 0.03834500 0.57321697
vt 0.04300900 0.57309300
vt 0.04293000 0.57222998
vt 0.03814200 0.57240200
vt 0.03391500 0.57407302
vt 0.03834500 0.57321697
vt 0.03814200 0.57240200
vt 0.03358500 0.57329500
vt 0.03440700 0.57512498
vt 0.03861900 0.57426900
vt 0.03834500 0.57321697
vt 0.03391500 0.57407302
vt 0.03538000 0.57696599
vt 0.03907900 0.57601202
vt 0.03861900 0.57426900
vt 0.03440700 0.57512498
vt 0.03907900 0.57601202
vt 0.04311000 0.57625699
vt 0.04308800 0.57424903
vt 0.03861900 0.57426900
vt 0.03963100 0.57812202
vt 0.04263900 0.57938600
vt 0.04311000 0.57625699
vt 0.03907900 0.57601202
vt 0.03735500 0.57981700
vt 0.03963100 0.57812202
vt 0.03907900 0.57601202
vt 0.03538000 0.57696599
vt 0.04263900 0.57938600
vt 0.04677100 0.58065403
vt 0.04737000 0.57699698
vt 0.04311000 0.57625699
vt 0.04311000 0.57625699
vt 0.04737000 0.57699698
vt 0.04765100 0.57479799
vt 0.04308800 0.57424903
vt 0.04677100 0.58065403
vt 0.05075400 0.58053303
vt 0.05138600 0.57749599
vt 0.04737000 0.57699698
vt 0.04737000 0.57699698
vt 0.05138600 0.57749599
vt 0.05197200 0.57558799
vt 0.04765100 0.57479799
vt 0.05138600 0.57749599
vt 0.05465000 0.57809299
vt 0.05565100 0.57653803
vt 0.05197200 0.57558799
vt 0.05075400 0.58053303
vt 0.05346100 0.57994598
vt 0.05465000 0.57809299
vt 0.05138600 0.57749599
vt 0.05346100 0.57994598
vt 0.05439900 0.58177298
vt 0.05689200 0.57928097
vt 0.05465000 0.57809299
vt 0.05465000 0.57809299
vt 0.05689200 0.57928097
vt 0.05835400 0.57758999
vt 0.05565100 0.57653803
vt 0.05346100 0.57994598
vt 0.05075400 0.58053303
vt 0.05054700 0.58473402
vt 0.05439900 0.58177298
vt 0.05439900 0.58177298
vt 0.05576200 0.58377701
vt 0.05856600 0.58064097
vt 0.05689200 0.57928097
vt 0.05439900 0.58177298
vt 0.05054700 0.58473402
vt 0.05150300 0.58847702
vt 0.05576200 0.58377701
vt 0.05075400 0.58053303
vt 0.04677100 0.58065403
vt 0.04569000 0.58628201
vt 0.05054700 0.58473402
vt 0.05054700 0.58473402
vt 0.04569000 0.58628201
vt 0.04391600 0.59717101
vt 0.05150300 0.58847702
vt 0.05843300 0.58750701
vt 0.05923100 0.58497697
vt 0.05576200 0.58377701
vt 0.05150300 0.58847702
vt 0.05843300 0.58750701
vt 0.05150300 0.58847702
vt 0.04391600 0.59717101
vt 0.05156400 0.60581899
vt 0.05847000 0.60676903
vt 0.04094100 0.58353001
vt 0.03741500 0.58728802
vt 0.04391600 0.59717101
vt 0.04569000 0.58628201
vt 0.04103500 0.61083102
vt 0.04576400 0.60804498
vt 0.04391600 0.59717101
vt 0.03748300 0.60710001
vt 0.05062600 0.60956299
vt 0.05156400 0.60581899
vt 0.04391600 0.59717101
vt 0.04576400 0.60804498
vt 0.03162400 0.60659599
vt 0.03748300 0.60710001
vt 0.04391600 0.59717101
vt 0.03176600 0.60126799
vt 0.02776800 0.59722799
vt 0.03176600 0.60126799
vt 0.04391600 0.59717101
vt 0.03173900 0.59315997
vt 0.03156000 0.58783400
vt 0.03173900 0.59315997
vt 0.04391600 0.59717101
vt 0.03741500 0.58728802
vt 0.02978500 0.58329898
vt 0.03156000 0.58783400
vt 0.03741500 0.58728802
vt 0.03390200 0.58196598
vt 0.03735500 0.57981700
vt 0.03390200 0.58196598
vt 0.03741500 0.58728802
vt 0.04094100 0.58353001
vt 0.04263900 0.57938600
vt 0.04094100 0.58353001
vt 0.04569000 0.58628201
vt 0.04677100 0.58065403
vt 0.03963100 0.57812202
vt 0.03735500 0.57981700
vt 0.04094100 0.58353001
vt 0.04263900 0.57938600
vt 0.03390200 0.58196598
vt 0.03735500 0.57981700
vt 0.03538000 0.57696599
vt 0.03168200 0.57860500
vt 0.02978500 0.58329898
vt 0.03390200 0.58196598
vt 0.03168200 0.57860500
vt 0.02796800 0.58038598
vt 0.02796800 0.58038598
vt 0.03168200 0.57860500
vt 0.03040900 0.57666099
vt 0.02664200 0.57871199
vt 0.03168200 0.57860500
vt 0.03538000 0.57696599
vt 0.03440700 0.57512498
vt 0.03040900 0.57666099
vt 0.02669500 0.58406597
vt 0.02978500 0.58329898
vt 0.02796800 0.58038598
vt 0.02484000 0.58258998
vt 0.02484000 0.58258998
vt 0.02796800 0.58038598
vt 0.02664200 0.57871199
vt 0.02332200 0.58135903
vt 0.02332200 0.58135903
vt 0.02664200 0.57871199
vt 0.02586900 0.57779098
vt 0.02242000 0.58061302
vt 0.02664200 0.57871199
vt 0.03040900 0.57666099
vt 0.02973900 0.57561302
vt 0.02586900 0.57779098
vt 0.02066100 0.58470702
vt 0.02332200 0.58135903
vt 0.02242000 0.58061302
vt 0.01953300 0.58408999
vt 0.02272000 0.58571500
vt 0.02484000 0.58258998
vt 0.02332200 0.58135903
vt 0.02066100 0.58470702
vt 0.02105700 0.58949202
vt 0.02272000 0.58571500
vt 0.02066100 0.58470702
vt 0.01862200 0.58861703
vt 0.01862200 0.58861703
vt 0.02066100 0.58470702
vt 0.01953300 0.58408999
vt 0.01731200 0.58813697
vt 0.01953300 0.58408999
vt 0.02242000 0.58061302
vt 0.02173600 0.58003998
vt 0.01872900 0.58362198
vt 0.01731200 0.58813697
vt 0.01953300 0.58408999
vt 0.01872900 0.58362198
vt 0.01640900 0.58779901
vt 0.01778200 0.58307302
vt 0.01535600 0.58740801
vt 0.01640900 0.58779901
vt 0.01872900 0.58362198
vt 0.02092000 0.57936603
vt 0.01778200 0.58307302
vt 0.01872900 0.58362198
vt 0.02173600 0.58003998
vt 0.02462700 0.57635599
vt 0.02092000 0.57936603
vt 0.02173600 0.58003998
vt 0.02530100 0.57712603
vt 0.02242000 0.58061302
vt 0.02586900 0.57779098
vt 0.02530100 0.57712603
vt 0.02173600 0.58003998
vt 0.02586900 0.57779098
vt 0.02973900 0.57561302
vt 0.02928600 0.57487899
vt 0.02530100 0.57712603
vt 0.02875700 0.57403499
vt 0.02462700 0.57635599
vt 0.02530100 0.57712603
vt 0.02928600 0.57487899
vt 0.02381500 0.57548702
vt 0.01994200 0.57860398
vt 0.02092000 0.57936603
vt 0.02462700 0.57635599
vt 0.02811900 0.57307899
vt 0.02381500 0.57548702
vt 0.02462700 0.57635599
vt 0.02875700 0.57403499
vt 0.03273400 0.57136703
vt 0.02811900 0.57307899
vt 0.02875700 0.57403499
vt 0.03319900 0.57239199
vt 0.03319900 0.57239199
vt 0.02875700 0.57403499
vt 0.02928600 0.57487899
vt 0.03358500 0.57329500
vt 0.03759700 0.57036000
vt 0.03273400 0.57136703
vt 0.03319900 0.57239199
vt 0.03789500 0.57144600
vt 0.03789500 0.57144600
vt 0.03319900 0.57239199
vt 0.03358500 0.57329500
vt 0.03814200 0.57240200
vt 0.02973900 0.57561302
vt 0.03391500 0.57407302
vt 0.03358500 0.57329500
vt 0.02928600 0.57487899
vt 0.04282400 0.57122302
vt 0.03789500 0.57144600
vt 0.03814200 0.57240200
vt 0.04293000 0.57222998
vt 0.04268900 0.57007498
vt 0.03759700 0.57036000
vt 0.03789500 0.57144600
vt 0.04282400 0.57122302
vt 0.03726400 0.56922501
vt 0.03220900 0.57030201
vt 0.03273400 0.57136703
vt 0.03759700 0.57036000
vt 0.04253700 0.56887001
vt 0.03726400 0.56922501
vt 0.03759700 0.57036000
vt 0.04268900 0.57007498
vt 0.04791800 0.56913799
vt 0.04253700 0.56887001
vt 0.04268900 0.57007498
vt 0.04788900 0.57040697
vt 0.04788900 0.57040697
vt 0.04268900 0.57007498
vt 0.04282400 0.57122302
vt 0.04785400 0.57161301
vt 0.05312300 0.56987500
vt 0.04791800 0.56913799
vt 0.04788900 0.57040697
vt 0.05290900 0.57120401
vt 0.05290900 0.57120401
vt 0.04788900 0.57040697
vt 0.04785400 0.57161301
vt 0.05269300 0.57245499
vt 0.04785400 0.57161301
vt 0.04282400 0.57122302
vt 0.04293000 0.57222998
vt 0.04781200 0.57266402
vt 0.05269300 0.57245499
vt 0.04785400 0.57161301
vt 0.04781200 0.57266402
vt 0.05249200 0.57353801
vt 0.05773600 0.57089603
vt 0.05312300 0.56987500
vt 0.05290900 0.57120401
vt 0.05732000 0.57226598
vt 0.05851900 0.56814802
vt 0.05355000 0.56726098
vt 0.05312300 0.56987500
vt 0.05773600 0.57089603
vt 0.05355000 0.56726098
vt 0.04797400 0.56668299
vt 0.04791800 0.56913799
vt 0.05312300 0.56987500
vt 0.04803800 0.56552899
vt 0.04797400 0.56668299
vt 0.05355000 0.56726098
vt 0.05380500 0.56600600
vt 0.05380500 0.56600600
vt 0.05355000 0.56726098
vt 0.05851900 0.56814802
vt 0.05897100 0.56677300
vt 0.05897100 0.56677300
vt 0.05851900 0.56814802
vt 0.06237800 0.56918401
vt 0.06294800 0.56776500
vt 0.05961300 0.56534702
vt 0.05897100 0.56677300
vt 0.06294800 0.56776500
vt 0.06367000 0.56626397
vt 0.05413400 0.56480300
vt 0.05380500 0.56600600
vt 0.05897100 0.56677300
vt 0.05961300 0.56534702
vt 0.06075900 0.56368399
vt 0.05961300 0.56534702
vt 0.06367000 0.56626397
vt 0.06469200 0.56464899
vt 0.05434000 0.56376499
vt 0.05413400 0.56480300
vt 0.05961300 0.56534702
vt 0.06075900 0.56368399
vt 0.05941700 0.56275398
vt 0.06075900 0.56368399
vt 0.06424900 0.56214201
vt 0.06311600 0.56158799
vt 0.06075900 0.56368399
vt 0.05941700 0.56275398
vt 0.05411100 0.56310201
vt 0.05434000 0.56376499
vt 0.06424900 0.56214201
vt 0.06075900 0.56368399
vt 0.06469200 0.56464899
vt 0.06615300 0.56288803
vt 0.04816100 0.56363398
vt 0.04812300 0.56448001
vt 0.05413400 0.56480300
vt 0.05434000 0.56376499
vt 0.05434000 0.56376499
vt 0.05411100 0.56310201
vt 0.04810600 0.56308401
vt 0.04816100 0.56363398
vt 0.05941700 0.56275398
vt 0.05916500 0.56232297
vt 0.05400600 0.56274498
vt 0.05411100 0.56310201
vt 0.05411100 0.56310201
vt 0.05400600 0.56274498
vt 0.04806900 0.56277698
vt 0.04810600 0.56308401
vt 0.05400600 0.56274498
vt 0.05433300 0.56229699
vt 0.04814600 0.56253701
vt 0.04806900 0.56277698
vt 0.05916500 0.56232297
vt 0.05975300 0.56139803
vt 0.05433300 0.56229699
vt 0.05400600 0.56274498
vt 0.38002801 0.58444899
vt 0.37902999 0.58696002
vt 0.38403600 0.58265799
vt 0.38419101 0.58189797
vt 0.38419101 0.58189797
vt 0.38403600 0.58265799
vt 0.38964200 0.57960302
vt 0.38962799 0.57928598
vt 0.04806900 0.56277698
vt 0.04814600 0.56253701
vt 0.04176900 0.56280202
vt 0.04178700 0.56297600
vt 0.38962799 0.57928598
vt 0.38964200 0.57960302
vt 0.39593500 0.57760400
vt 0.39589399 0.57740903
vt 0.39589399 0.57740903
vt 0.39593500 0.57760400
vt 0.40273601 0.57683003
vt 0.40272099 0.57664800
vt 0.04178700 0.56297600
vt 0.04176900 0.56280202
vt 0.03531700 0.56361002
vt 0.03537000 0.56376398
vt 0.40272099 0.57664800
vt 0.40273601 0.57683003
vt 0.40983501 0.57740402
vt 0.40985399 0.57722402
vt 0.03537000 0.56376398
vt 0.03531700 0.56361002
vt 0.02887200 0.56525302
vt 0.02895800 0.56538999
vt 0.40976599 0.57770699
vt 0.40983501 0.57740402
vt 0.40273601 0.57683003
vt 0.40275499 0.57713801
vt 0.40275499 0.57713801
vt 0.40273601 0.57683003
vt 0.39593500 0.57760400
vt 0.39604399 0.57791901
vt 0.39836100 0.58800000
vt 0.40300399 0.58745301
vt 0.40275499 0.57713801
vt 0.39604399 0.57791901
vt 0.40300399 0.58745301
vt 0.40809101 0.58785099
vt 0.40976599 0.57770699
vt 0.40275499 0.57713801
vt 0.40809101 0.58785099
vt 0.41323799 0.58916801
vt 0.41664600 0.57950699
vt 0.40976599 0.57770699
vt 0.41323799 0.58916801
vt 0.41774899 0.59121001
vt 0.42291200 0.58236903
vt 0.41664600 0.57950699
vt 0.41774899 0.59121001
vt 0.42100999 0.59358698
vt 0.42807099 0.58614999
vt 0.42291200 0.58236903
vt 0.42291200 0.58236903
vt 0.42312199 0.58211899
vt 0.41679400 0.57922000
vt 0.41664600 0.57950699
vt 0.42807099 0.58614999
vt 0.42833599 0.58594900
vt 0.42312199 0.58211899
vt 0.42291200 0.58236903
vt 0.43176201 0.59070301
vt 0.43208301 0.59056002
vt 0.42833599 0.58594900
vt 0.42807099 0.58614999
vt 0.42100999 0.59358698
vt 0.42306501 0.59611398
vt 0.43176201 0.59070301
vt 0.42807099 0.58614999
vt 0.43412399 0.59585297
vt 0.43449000 0.59576499
vt 0.43208301 0.59056002
vt 0.43176201 0.59070301
vt 0.42306501 0.59611398
vt 0.42445999 0.59915298
vt 0.43412399 0.59585297
vt 0.43176201 0.59070301
vt 0.43541101 0.60141599
vt 0.43580300 0.60137200
vt 0.43449000 0.59576499
vt 0.43412399 0.59585297
vt 0.42445999 0.59915298
vt 0.42534000 0.60296297
vt 0.43541101 0.60141599
vt 0.43412399 0.59585297
vt 0.42534000 0.60296297
vt 0.42568001 0.60737801
vt 0.43586001 0.60719699
vt 0.43541101 0.60141599
vt 0.42568001 0.60737801
vt 0.42549601 0.61180300
vt 0.43562201 0.61299002
vt 0.43586001 0.60719699
vt 0.42549601 0.61180300
vt 0.42474899 0.61564398
vt 0.43453699 0.61860198
vt 0.43562201 0.61299002
vt 0.42474899 0.61564398
vt 0.42346001 0.61873400
vt 0.43236101 0.62384301
vt 0.43453699 0.61860198
vt 0.42346001 0.61873400
vt 0.42149401 0.62133598
vt 0.42882901 0.62853801
vt 0.43236101 0.62384301
vt 0.42149401 0.62133598
vt 0.41832000 0.62383300
vt 0.42378899 0.63251299
vt 0.42882901 0.62853801
vt 0.41832000 0.62383300
vt 0.41387799 0.62601799
vt 0.41759199 0.63560402
vt 0.42378899 0.63251299
vt 0.41387799 0.62601799
vt 0.40873399 0.62749600
vt 0.41072199 0.63763797
vt 0.41759199 0.63560402
vt 0.40873399 0.62749600
vt 0.40360901 0.62803602
vt 0.40367401 0.63842702
vt 0.41072199 0.63763797
vt 0.41072199 0.63763797
vt 0.41080001 0.63794202
vt 0.41775000 0.63588703
vt 0.41759199 0.63560402
vt 0.40367401 0.63842702
vt 0.40366301 0.63873798
vt 0.41080001 0.63794202
vt 0.41072199 0.63763797
vt 0.41780701 0.63605702
vt 0.41775000 0.63588703
vt 0.41080001 0.63794202
vt 0.41082600 0.63812202
vt 0.41082600 0.63812202
vt 0.41080001 0.63794202
vt 0.40366301 0.63873798
vt 0.40365499 0.63892102
vt 0.02918200 0.62907499
vt 0.02909700 0.62921202
vt 0.03556400 0.63081002
vt 0.03561700 0.63065398
vt 0.02298100 0.62661201
vt 0.02286600 0.62672502
vt 0.02909700 0.62921202
vt 0.02918200 0.62907499
vt 0.02935000 0.62884200
vt 0.02918200 0.62907499
vt 0.03561700 0.63065398
vt 0.03571300 0.63038802
vt 0.02321500 0.62642598
vt 0.02298100 0.62661201
vt 0.02918200 0.62907499
vt 0.02935000 0.62884200
vt 0.01757400 0.62324500
vt 0.01728800 0.62338102
vt 0.02298100 0.62661201
vt 0.02321500 0.62642598
vt 0.01728800 0.62338102
vt 0.01715300 0.62346298
vt 0.02286600 0.62672502
vt 0.02298100 0.62661201
vt 0.01268700 0.61940098
vt 0.01237000 0.61949700
vt 0.01728800 0.62338102
vt 0.01757400 0.62324500
vt 0.01237000 0.61949700
vt 0.01222300 0.61954898
vt 0.01715300 0.62346298
vt 0.01728800 0.62338102
vt 0.42921200 0.62885898
vt 0.42910200 0.62873000
vt 0.42400900 0.63275701
vt 0.42409399 0.63291001
vt 0.42409399 0.63291001
vt 0.42400900 0.63275701
vt 0.41775000 0.63588703
vt 0.41780701 0.63605702
vt 0.43281901 0.62407500
vt 0.43268800 0.62397498
vt 0.42910200 0.62873000
vt 0.42921200 0.62885898
vt 0.00844300 0.61494797
vt 0.00829300 0.61497700
vt 0.01222300 0.61954898
vt 0.01237000 0.61949700
vt 0.00557700 0.60962498
vt 0.00542500 0.60964000
vt 0.00829300 0.61497700
vt 0.00844300 0.61494797
vt 0.43505600 0.61874503
vt 0.43490800 0.61867702
vt 0.43268800 0.62397498
vt 0.43281901 0.62407500
vt 0.43236101 0.62384301
vt 0.43268800 0.62397498
vt 0.43490800 0.61867702
vt 0.43453699 0.61860198
vt 0.42882901 0.62853801
vt 0.42910200 0.62873000
vt 0.43268800 0.62397498
vt 0.43236101 0.62384301
vt 0.43453699 0.61860198
vt 0.43490800 0.61867702
vt 0.43601501 0.61302102
vt 0.43562201 0.61299002
vt 0.43617401 0.61305398
vt 0.43601501 0.61302102
vt 0.43490800 0.61867702
vt 0.43505600 0.61874503
vt 0.43642199 0.60718602
vt 0.43625900 0.60718900
vt 0.43601501 0.61302102
vt 0.43617401 0.61305398
vt 0.43562201 0.61299002
vt 0.43601501 0.61302102
vt 0.43625900 0.60718900
vt 0.43586001 0.60719699
vt 0.43595999 0.60133302
vt 0.43580300 0.60137200
vt 0.43625900 0.60718900
vt 0.43642199 0.60718602
vt 0.43586001 0.60719699
vt 0.43625900 0.60718900
vt 0.43580300 0.60137200
vt 0.43541101 0.60141599
vt 0.00327200 0.59730601
vt 0.00311800 0.59730703
vt 0.00369300 0.60364902
vt 0.00384600 0.60364199
vt 0.00380800 0.59096801
vt 0.00365500 0.59096199
vt 0.00311800 0.59730703
vt 0.00327200 0.59730601
vt 0.43463600 0.59569103
vt 0.43449000 0.59576499
vt 0.43580300 0.60137200
vt 0.43595999 0.60133302
vt 0.00550100 0.58497697
vt 0.00534900 0.58496201
vt 0.00365500 0.59096199
vt 0.00380800 0.59096801
vt 0.00413200 0.59098899
vt 0.00380800 0.59096801
vt 0.00327200 0.59730601
vt 0.00359300 0.59730500
vt 0.00583000 0.58502001
vt 0.00550100 0.58497697
vt 0.00380800 0.59096801
vt 0.00413200 0.59098899
vt 0.00833500 0.57963902
vt 0.00818400 0.57960999
vt 0.00534900 0.58496201
vt 0.00550100 0.58497697
vt 0.00866500 0.57970500
vt 0.00833500 0.57963902
vt 0.00550100 0.58497697
vt 0.00583000 0.58502001
vt 0.00927600 0.57983601
vt 0.00866500 0.57970500
vt 0.00583000 0.58502001
vt 0.00643900 0.58510900
vt 0.00643900 0.58510900
vt 0.00583000 0.58502001
vt 0.00413200 0.59098899
vt 0.00472700 0.59103400
vt 0.01254800 0.57516301
vt 0.01223000 0.57506901
vt 0.00833500 0.57963902
vt 0.00866500 0.57970500
vt 0.01313600 0.57533902
vt 0.01254800 0.57516301
vt 0.00866500 0.57970500
vt 0.00927600 0.57983601
vt 0.00927600 0.57983601
vt 0.01021300 0.58004802
vt 0.01403500 0.57562000
vt 0.01313600 0.57533902
vt 0.00643900 0.58510900
vt 0.00737300 0.58525503
vt 0.01021300 0.58004802
vt 0.00927600 0.57983601
vt 0.01021300 0.58004802
vt 0.01139300 0.58034599
vt 0.01515800 0.57600802
vt 0.01403500 0.57562000
vt 0.00737300 0.58525503
vt 0.00855800 0.58546197
vt 0.01139300 0.58034599
vt 0.01021300 0.58004802
vt 0.00564100 0.59110701
vt 0.00680800 0.59121299
vt 0.00855800 0.58546197
vt 0.00737300 0.58525503
vt 0.00472700 0.59103400
vt 0.00564100 0.59110701
vt 0.00737300 0.58525503
vt 0.00643900 0.58510900
vt 0.00418100 0.59730297
vt 0.00508200 0.59730101
vt 0.00564100 0.59110701
vt 0.00472700 0.59103400
vt 0.00508200 0.59730101
vt 0.00623300 0.59729701
vt 0.00680800 0.59121299
vt 0.00564100 0.59110701
vt 0.00680800 0.59121299
vt 0.00814300 0.59135300
vt 0.00990000 0.58573800
vt 0.00855800 0.58546197
vt 0.00623300 0.59729701
vt 0.00755600 0.59729302
vt 0.00814300 0.59135300
vt 0.00680800 0.59121299
vt 0.00567900 0.60349202
vt 0.00684500 0.60337901
vt 0.00623300 0.59729701
vt 0.00508200 0.59730101
vt 0.00684500 0.60337901
vt 0.00817900 0.60323000
vt 0.00755600 0.59729302
vt 0.00623300 0.59729701
vt 0.00814300 0.59135300
vt 0.00755600 0.59729302
vt 0.01046500 0.59728402
vt 0.01104700 0.59174901
vt 0.00755600 0.59729302
vt 0.00817900 0.60323000
vt 0.01108100 0.60281599
vt 0.01046500 0.59728402
vt 0.00997200 0.60883701
vt 0.01281000 0.60804898
vt 0.01108100 0.60281599
vt 0.00817900 0.60323000
vt 0.00863200 0.60912001
vt 0.00997200 0.60883701
vt 0.00817900 0.60323000
vt 0.00684500 0.60337901
vt 0.01046500 0.59728402
vt 0.01108100 0.60281599
vt 0.01251700 0.60257101
vt 0.01192400 0.59728003
vt 0.01108100 0.60281599
vt 0.01281000 0.60804898
vt 0.01417600 0.60758400
vt 0.01251700 0.60257101
vt 0.01281000 0.60804898
vt 0.01550100 0.61272800
vt 0.01675200 0.61208302
vt 0.01417600 0.60758400
vt 0.01281000 0.60804898
vt 0.00997200 0.60883701
vt 0.01281400 0.61382198
vt 0.01550100 0.61272800
vt 0.01251700 0.60257101
vt 0.01417600 0.60758400
vt 0.01541900 0.60713100
vt 0.01383700 0.60233200
vt 0.01417600 0.60758400
vt 0.01675200 0.61208302
vt 0.01787500 0.61145198
vt 0.01541900 0.60713100
vt 0.01675200 0.61208302
vt 0.02006500 0.61590898
vt 0.02103900 0.61514002
vt 0.01787500 0.61145198
vt 0.01550100 0.61272800
vt 0.01896600 0.61669499
vt 0.02006500 0.61590898
vt 0.01675200 0.61208302
vt 0.02006500 0.61590898
vt 0.02396200 0.61900198
vt 0.02476800 0.61812598
vt 0.02103900 0.61514002
vt 0.01896600 0.61669499
vt 0.02304300 0.61990100
vt 0.02396200 0.61900198
vt 0.02006500 0.61590898
vt 0.02096600 0.62147200
vt 0.02304300 0.61990100
vt 0.01896600 0.61669499
vt 0.01652800 0.61803299
vt 0.01652800 0.61803299
vt 0.01896600 0.61669499
vt 0.01550100 0.61272800
vt 0.01281400 0.61382198
vt 0.01988900 0.62210101
vt 0.02096600 0.62147200
vt 0.01652800 0.61803299
vt 0.01529400 0.61853898
vt 0.01529400 0.61853898
vt 0.01652800 0.61803299
vt 0.01281400 0.61382198
vt 0.01149900 0.61422098
vt 0.01149900 0.61422098
vt 0.01281400 0.61382198
vt 0.00997200 0.60883701
vt 0.00863200 0.60912001
vt 0.01032100 0.61452699
vt 0.01149900 0.61422098
vt 0.00863200 0.60912001
vt 0.00744700 0.60933501
vt 0.01417300 0.61893398
vt 0.01529400 0.61853898
vt 0.01149900 0.61422098
vt 0.01032100 0.61452699
vt 0.00938400 0.61474401
vt 0.01032100 0.61452699
vt 0.00744700 0.60933501
vt 0.00651300 0.60948598
vt 0.01327500 0.61922097
vt 0.01417300 0.61893398
vt 0.01032100 0.61452699
vt 0.00938400 0.61474401
vt 0.01889900 0.62261403
vt 0.01988900 0.62210101
vt 0.01529400 0.61853898
vt 0.01417300 0.61893398
vt 0.01810000 0.62299800
vt 0.01889900 0.62261403
vt 0.01417300 0.61893398
vt 0.01327500 0.61922097
vt 0.02428400 0.62559199
vt 0.02507600 0.62493801
vt 0.01988900 0.62210101
vt 0.01889900 0.62261403
vt 0.02364100 0.62609702
vt 0.02428400 0.62559199
vt 0.01889900 0.62261403
vt 0.01810000 0.62299800
vt 0.01327500 0.61922097
vt 0.01268700 0.61940098
vt 0.01757400 0.62324500
vt 0.01810000 0.62299800
vt 0.01810000 0.62299800
vt 0.01757400 0.62324500
vt 0.02321500 0.62642598
vt 0.02364100 0.62609702
vt 0.02964800 0.62843400
vt 0.03009800 0.62781298
vt 0.02428400 0.62559199
vt 0.02364100 0.62609702
vt 0.02364100 0.62609702
vt 0.02321500 0.62642598
vt 0.02935000 0.62884200
vt 0.02964800 0.62843400
vt 0.03588100 0.62992299
vt 0.03613000 0.62921798
vt 0.03009800 0.62781298
vt 0.02964800 0.62843400
vt 0.02964800 0.62843400
vt 0.02935000 0.62884200
vt 0.03571300 0.63038802
vt 0.03588100 0.62992299
vt 0.03588100 0.62992299
vt 0.03571300 0.63038802
vt 0.04209600 0.63110501
vt 0.04216400 0.63060200
vt 0.04216400 0.63060200
vt 0.04224800 0.62983602
vt 0.03613000 0.62921798
vt 0.03588100 0.62992299
vt 0.04216400 0.63060200
vt 0.04209600 0.63110501
vt 0.04838400 0.63122302
vt 0.04843300 0.63067102
vt 0.04843300 0.63067102
vt 0.04838600 0.62982398
vt 0.04224800 0.62983602
vt 0.04216400 0.63060200
vt 0.04843300 0.63067102
vt 0.04838400 0.63122302
vt 0.05440000 0.63113499
vt 0.05462000 0.63046902
vt 0.05462000 0.63046902
vt 0.05440000 0.62943298
vt 0.04838600 0.62982398
vt 0.04843300 0.63067102
vt 0.05440000 0.62943298
vt 0.05405600 0.62823302
vt 0.04829000 0.62877500
vt 0.04838600 0.62982398
vt 0.04838600 0.62982398
vt 0.04829000 0.62877500
vt 0.04234800 0.62887698
vt 0.04224800 0.62983602
vt 0.04829000 0.62877500
vt 0.04821300 0.62761998
vt 0.04246700 0.62780201
vt 0.04234800 0.62887698
vt 0.05405600 0.62823302
vt 0.05378600 0.62698102
vt 0.04821300 0.62761998
vt 0.04829000 0.62877500
vt 0.05378600 0.62698102
vt 0.05332700 0.62437397
vt 0.04813100 0.62516397
vt 0.04821300 0.62761998
vt 0.04821300 0.62761998
vt 0.04813100 0.62516397
vt 0.04275000 0.62548101
vt 0.04246700 0.62780201
vt 0.04234800 0.62887698
vt 0.04246700 0.62780201
vt 0.03677600 0.62733501
vt 0.03643800 0.62833202
vt 0.04246700 0.62780201
vt 0.04275000 0.62548101
vt 0.03746900 0.62517101
vt 0.03677600 0.62733501
vt 0.03677600 0.62733501
vt 0.03746900 0.62517101
vt 0.03240000 0.62413198
vt 0.03124500 0.62612998
vt 0.03643800 0.62833202
vt 0.03677600 0.62733501
vt 0.03124500 0.62612998
vt 0.03064900 0.62702698
vt 0.03613000 0.62921798
vt 0.03643800 0.62833202
vt 0.03064900 0.62702698
vt 0.03009800 0.62781298
vt 0.04224800 0.62983602
vt 0.04234800 0.62887698
vt 0.03643800 0.62833202
vt 0.03613000 0.62921798
vt 0.03009800 0.62781298
vt 0.03064900 0.62702698
vt 0.02507600 0.62493801
vt 0.02428400 0.62559199
vt 0.03064900 0.62702698
vt 0.03124500 0.62612998
vt 0.02593100 0.62417102
vt 0.02507600 0.62493801
vt 0.02507600 0.62493801
vt 0.02593100 0.62417102
vt 0.02096600 0.62147200
vt 0.01988900 0.62210101
vt 0.02096600 0.62147200
vt 0.02593100 0.62417102
vt 0.02756700 0.62237298
vt 0.02304300 0.61990100
vt 0.03124500 0.62612998
vt 0.03240000 0.62413198
vt 0.02756700 0.62237298
vt 0.02593100 0.62417102
vt 0.02756700 0.62237298
vt 0.03240000 0.62413198
vt 0.03291800 0.62306201
vt 0.02828600 0.62138098
vt 0.02304300 0.61990100
vt 0.02756700 0.62237298
vt 0.02828600 0.62138098
vt 0.02396200 0.61900198
vt 0.02828600 0.62138098
vt 0.03291800 0.62306201
vt 0.03337600 0.62203199
vt 0.02891800 0.62042099
vt 0.02396200 0.61900198
vt 0.02828600 0.62138098
vt 0.02891800 0.62042099
vt 0.02476800 0.61812598
vt 0.03240000 0.62413198
vt 0.03746900 0.62517101
vt 0.03779300 0.62403202
vt 0.03291800 0.62306201
vt 0.03291800 0.62306201
vt 0.03779300 0.62403202
vt 0.03808300 0.62294197
vt 0.03337600 0.62203199
vt 0.02891800 0.62042099
vt 0.03337600 0.62203199
vt 0.03375500 0.62112498
vt 0.02944100 0.61957198
vt 0.03337600 0.62203199
vt 0.03808300 0.62294197
vt 0.03832100 0.62198400
vt 0.03375500 0.62112498
vt 0.03808300 0.62294197
vt 0.04301600 0.62312400
vt 0.04311300 0.62211603
vt 0.03832100 0.62198400
vt 0.03779300 0.62403202
vt 0.04289100 0.62427402
vt 0.04301600 0.62312400
vt 0.03808300 0.62294197
vt 0.04289100 0.62427402
vt 0.04809000 0.62389398
vt 0.04804300 0.62269002
vt 0.04301600 0.62312400
vt 0.04301600 0.62312400
vt 0.04804300 0.62269002
vt 0.04799100 0.62164003
vt 0.04311300 0.62211603
vt 0.04318500 0.62125099
vt 0.03851800 0.62116599
vt 0.03832100 0.62198400
vt 0.04311300 0.62211603
vt 0.04793300 0.62073803
vt 0.04318500 0.62125099
vt 0.04311300 0.62211603
vt 0.04799100 0.62164003
vt 0.04804300 0.62269002
vt 0.05286900 0.62180603
vt 0.05265800 0.62072802
vt 0.04799100 0.62164003
vt 0.05245400 0.61982203
vt 0.04793300 0.62073803
vt 0.04799100 0.62164003
vt 0.05265800 0.62072802
vt 0.05211800 0.61868399
vt 0.04781100 0.61950701
vt 0.04793300 0.62073803
vt 0.05245400 0.61982203
vt 0.04781100 0.61950701
vt 0.04325400 0.62009501
vt 0.04318500 0.62125099
vt 0.04793300 0.62073803
vt 0.04751100 0.61731201
vt 0.04325900 0.61808699
vt 0.04325400 0.62009501
vt 0.04781100 0.61950701
vt 0.05151600 0.61678302
vt 0.04751100 0.61731201
vt 0.04781100 0.61950701
vt 0.05211800 0.61868399
vt 0.05476600 0.61616498
vt 0.05151600 0.61678302
vt 0.05211800 0.61868399
vt 0.05577800 0.61771101
vt 0.05577800 0.61771101
vt 0.05211800 0.61868399
vt 0.05245400 0.61982203
vt 0.05634000 0.61872703
vt 0.05356500 0.61432397
vt 0.05086100 0.61375499
vt 0.05151600 0.61678302
vt 0.05476600 0.61616498
vt 0.05086100 0.61375499
vt 0.04688300 0.61366302
vt 0.04751100 0.61731201
vt 0.05151600 0.61678302
vt 0.05086100 0.61375499
vt 0.05062600 0.60956299
vt 0.04576400 0.60804498
vt 0.04688300 0.61366302
vt 0.05356500 0.61432397
vt 0.05448700 0.61249799
vt 0.05062600 0.60956299
vt 0.05086100 0.61375499
vt 0.05448700 0.61249799
vt 0.05356500 0.61432397
vt 0.05476600 0.61616498
vt 0.05699000 0.61497098
vt 0.05448700 0.61249799
vt 0.05583000 0.61049598
vt 0.05156400 0.60581899
vt 0.05062600 0.60956299
vt 0.05583000 0.61049598
vt 0.05448700 0.61249799
vt 0.05699000 0.61497098
vt 0.05864600 0.61361402
vt 0.05583000 0.61049598
vt 0.05927700 0.60929298
vt 0.05847000 0.60676903
vt 0.05156400 0.60581899
vt 0.05927700 0.60929298
vt 0.05583000 0.61049598
vt 0.05864600 0.61361402
vt 0.06103800 0.61086899
vt 0.06103800 0.61086899
vt 0.06117800 0.60817403
vt 0.05847000 0.60676903
vt 0.05927700 0.60929298
vt 0.06264800 0.61229300
vt 0.06309400 0.60932201
vt 0.06117800 0.60817403
vt 0.06103800 0.61086899
vt 0.06103800 0.61086899
vt 0.05864600 0.61361402
vt 0.06034700 0.61553699
vt 0.06264800 0.61229300
vt 0.06114800 0.58610100
vt 0.06117800 0.60817403
vt 0.06309400 0.60932201
vt 0.06306900 0.58495498
vt 0.05847000 0.60676903
vt 0.06117800 0.60817403
vt 0.06114800 0.58610100
vt 0.05843300 0.58750701
vt 0.06306900 0.58495498
vt 0.06260000 0.58197403
vt 0.06099100 0.58339602
vt 0.06114800 0.58610100
vt 0.06114800 0.58610100
vt 0.06099100 0.58339602
vt 0.05923100 0.58497697
vt 0.05843300 0.58750701
vt 0.05576200 0.58377701
vt 0.05923100 0.58497697
vt 0.06099100 0.58339602
vt 0.05856600 0.58064097
vt 0.05856600 0.58064097
vt 0.06099100 0.58339602
vt 0.06260000 0.58197403
vt 0.06025900 0.57871097
vt 0.06391100 0.58091998
vt 0.06121700 0.57757699
vt 0.06025900 0.57871097
vt 0.06260000 0.58197403
vt 0.06455400 0.58417702
vt 0.06391100 0.58091998
vt 0.06260000 0.58197403
vt 0.06306900 0.58495498
vt 0.05835400 0.57758999
vt 0.06025900 0.57871097
vt 0.06121700 0.57757699
vt 0.05913300 0.57654297
vt 0.05689200 0.57928097
vt 0.05856600 0.58064097
vt 0.06025900 0.57871097
vt 0.05835400 0.57758999
vt 0.05913300 0.57654297
vt 0.06121700 0.57757699
vt 0.06187600 0.57667500
vt 0.05962100 0.57566899
vt 0.06187600 0.57667500
vt 0.06121700 0.57757699
vt 0.06391100 0.58091998
vt 0.06563600 0.57964599
vt 0.06254500 0.57554603
vt 0.06187600 0.57667500
vt 0.06563600 0.57964599
vt 0.07098800 0.57991600
vt 0.07134700 0.57765502
vt 0.06563600 0.57964599
vt 0.06621000 0.58363801
vt 0.07094600 0.58318502
vt 0.07098800 0.57991600
vt 0.06621000 0.58363801
vt 0.06563600 0.57964599
vt 0.06391100 0.58091998
vt 0.06455400 0.58417702
vt 0.06457500 0.61010301
vt 0.06622100 0.61063498
vt 0.06621000 0.58363801
vt 0.06455400 0.58417702
vt 0.07094600 0.58318502
vt 0.06621000 0.58363801
vt 0.06622100 0.61063498
vt 0.07090600 0.61100602
vt 0.07314300 0.58319902
vt 0.07094600 0.58318502
vt 0.07090600 0.61100602
vt 0.07308100 0.61095798
vt 0.07098800 0.57991600
vt 0.07094600 0.58318502
vt 0.07314300 0.58319902
vt 0.07306900 0.58027500
vt 0.07306900 0.58027500
vt 0.07314300 0.58319902
vt 0.07486600 0.58312201
vt 0.07439500 0.58085102
vt 0.07486600 0.58312201
vt 0.07314300 0.58319902
vt 0.07308100 0.61095798
vt 0.07478700 0.61101002
vt 0.07098800 0.57991600
vt 0.07306900 0.58027500
vt 0.07341900 0.57830399
vt 0.07134700 0.57765502
vt 0.07306900 0.58027500
vt 0.07439500 0.58085102
vt 0.07502100 0.57978499
vt 0.07341900 0.57830399
vt 0.07134700 0.57765502
vt 0.07341900 0.57830399
vt 0.07405400 0.57695103
vt 0.07193200 0.57617003
vt 0.07341900 0.57830399
vt 0.07502100 0.57978499
vt 0.07586000 0.57867599
vt 0.07405400 0.57695103
vt 0.07718300 0.58189702
vt 0.07586000 0.57867599
vt 0.07502100 0.57978499
vt 0.07608700 0.58259201
vt 0.07608700 0.58259201
vt 0.07502100 0.57978499
vt 0.07439500 0.58085102
vt 0.07486600 0.58312201
vt 0.07598900 0.61151600
vt 0.07706500 0.61218798
vt 0.07718300 0.58189702
vt 0.07608700 0.58259201
vt 0.07486600 0.58312201
vt 0.07478700 0.61101002
vt 0.07598900 0.61151600
vt 0.07608700 0.58259201
vt 0.07579200 0.61538398
vt 0.07706500 0.61218798
vt 0.07598900 0.61151600
vt 0.07495800 0.61430502
vt 0.07495800 0.61430502
vt 0.07598900 0.61151600
vt 0.07478700 0.61101002
vt 0.07433500 0.61326402
vt 0.07339200 0.61580002
vt 0.07495800 0.61430502
vt 0.07433500 0.61326402
vt 0.07303000 0.61385900
vt 0.07403100 0.61711901
vt 0.07579200 0.61538398
vt 0.07495800 0.61430502
vt 0.07339200 0.61580002
vt 0.07194600 0.61793101
vt 0.07403100 0.61711901
vt 0.07339200 0.61580002
vt 0.07135500 0.61648399
vt 0.07135500 0.61648399
vt 0.07339200 0.61580002
vt 0.07303000 0.61385900
vt 0.07097900 0.61425501
vt 0.06265500 0.61867899
vt 0.07135500 0.61648399
vt 0.07097900 0.61425501
vt 0.06568900 0.61461300
vt 0.06197800 0.61756903
vt 0.06265500 0.61867899
vt 0.06336800 0.61993802
vt 0.07194600 0.61793101
vt 0.07135500 0.61648399
vt 0.07262200 0.61897397
vt 0.07486900 0.61815101
vt 0.07403100 0.61711901
vt 0.07194600 0.61793101
vt 0.07194600 0.61793101
vt 0.06336800 0.61993802
vt 0.06409500 0.62125701
vt 0.07262200 0.61897397
vt 0.06145000 0.62220901
vt 0.06409500 0.62125701
vt 0.06336800 0.61993802
vt 0.06085200 0.62086898
vt 0.06085200 0.62086898
vt 0.06336800 0.61993802
vt 0.06265500 0.61867899
vt 0.06026900 0.61962801
vt 0.05748800 0.62195200
vt 0.06085200 0.62086898
vt 0.06026900 0.61962801
vt 0.05706800 0.62069201
vt 0.05792000 0.62330699
vt 0.06145000 0.62220901
vt 0.06085200 0.62086898
vt 0.05748800 0.62195200
vt 0.06257000 0.62494498
vt 0.06145000 0.62220901
vt 0.05792000 0.62330699
vt 0.05873800 0.62603098
vt 0.06537900 0.62398797
vt 0.06409500 0.62125701
vt 0.06145000 0.62220901
vt 0.06257000 0.62494498
vt 0.05332700 0.62437397
vt 0.05792000 0.62330699
vt 0.05748800 0.62195200
vt 0.05309800 0.62305200
vt 0.05873800 0.62603098
vt 0.05792000 0.62330699
vt 0.05332700 0.62437397
vt 0.05378600 0.62698102
vt 0.04813100 0.62516397
vt 0.05332700 0.62437397
vt 0.05309800 0.62305200
vt 0.04809000 0.62389398
vt 0.05309800 0.62305200
vt 0.05748800 0.62195200
vt 0.05706800 0.62069201
vt 0.05286900 0.62180603
vt 0.04809000 0.62389398
vt 0.05309800 0.62305200
vt 0.05286900 0.62180603
vt 0.04804300 0.62269002
vt 0.04275000 0.62548101
vt 0.04813100 0.62516397
vt 0.04809000 0.62389398
vt 0.04289100 0.62427402
vt 0.05286900 0.62180603
vt 0.05706800 0.62069201
vt 0.05669100 0.61961198
vt 0.05265800 0.62072802
vt 0.05706800 0.62069201
vt 0.06026900 0.61962801
vt 0.05974300 0.61856699
vt 0.05669100 0.61961198
vt 0.05924700 0.61769700
vt 0.05634000 0.61872703
vt 0.05669100 0.61961198
vt 0.05974300 0.61856699
vt 0.05634000 0.61872703
vt 0.05245400 0.61982203
vt 0.05265800 0.62072802
vt 0.05669100 0.61961198
vt 0.05846100 0.61665303
vt 0.05577800 0.61771101
vt 0.05634000 0.61872703
vt 0.05924700 0.61769700
vt 0.06131200 0.61667103
vt 0.05924700 0.61769700
vt 0.05974300 0.61856699
vt 0.06197800 0.61756903
vt 0.06034700 0.61553699
vt 0.05846100 0.61665303
vt 0.05924700 0.61769700
vt 0.06131200 0.61667103
vt 0.06264800 0.61229300
vt 0.06034700 0.61553699
vt 0.06131200 0.61667103
vt 0.06396300 0.61334997
vt 0.06568900 0.61461300
vt 0.06396300 0.61334997
vt 0.06131200 0.61667103
vt 0.06197800 0.61756903
vt 0.06026900 0.61962801
vt 0.06265500 0.61867899
vt 0.06197800 0.61756903
vt 0.05974300 0.61856699
vt 0.06622100 0.61063498
vt 0.06568900 0.61461300
vt 0.07097900 0.61425501
vt 0.07090600 0.61100602
vt 0.06568900 0.61461300
vt 0.06622100 0.61063498
vt 0.06457500 0.61010301
vt 0.06396300 0.61334997
vt 0.06396300 0.61334997
vt 0.06457500 0.61010301
vt 0.06309400 0.60932201
vt 0.06264800 0.61229300
vt 0.06306900 0.58495498
vt 0.06309400 0.60932201
vt 0.06457500 0.61010301
vt 0.06455400 0.58417702
vt 0.05864600 0.61361402
vt 0.05699000 0.61497098
vt 0.05846100 0.61665303
vt 0.06034700 0.61553699
vt 0.05699000 0.61497098
vt 0.05476600 0.61616498
vt 0.05577800 0.61771101
vt 0.05846100 0.61665303
vt 0.06316000 0.62634802
vt 0.06257000 0.62494498
vt 0.05873800 0.62603098
vt 0.05920900 0.62739599
vt 0.05920900 0.62739599
vt 0.05873800 0.62603098
vt 0.05378600 0.62698102
vt 0.05405600 0.62823302
vt 0.06390400 0.62782902
vt 0.06316000 0.62634802
vt 0.05920900 0.62739599
vt 0.05987300 0.62881100
vt 0.05987300 0.62881100
vt 0.05920900 0.62739599
vt 0.05405600 0.62823302
vt 0.05440000 0.62943298
vt 0.06668300 0.62689197
vt 0.06600400 0.62538803
vt 0.06316000 0.62634802
vt 0.06390400 0.62782902
vt 0.06600400 0.62538803
vt 0.06537900 0.62398797
vt 0.06257000 0.62494498
vt 0.06316000 0.62634802
vt 0.06668300 0.62689197
vt 0.07542600 0.62366402
vt 0.07472500 0.62226301
vt 0.06600400 0.62538803
vt 0.07403800 0.62098998
vt 0.06537900 0.62398797
vt 0.06600400 0.62538803
vt 0.07472500 0.62226301
vt 0.07403800 0.62098998
vt 0.07472500 0.62226301
vt 0.07758200 0.62214500
vt 0.07676400 0.62060899
vt 0.07472500 0.62226301
vt 0.07542600 0.62366402
vt 0.07836600 0.62371403
vt 0.07758200 0.62214500
vt 0.06668300 0.62689197
vt 0.06747200 0.62851697
vt 0.07615100 0.62517899
vt 0.07542600 0.62366402
vt 0.07542600 0.62366402
vt 0.07615100 0.62517899
vt 0.07910900 0.62535900
vt 0.07836600 0.62371403
vt 0.07836600 0.62371403
vt 0.07910900 0.62535900
vt 0.09382900 0.64046502
vt 0.09349400 0.63717598
vt 0.07758200 0.62214500
vt 0.07836600 0.62371403
vt 0.09349400 0.63717598
vt 0.09321500 0.63376701
vt 0.07615100 0.62517899
vt 0.07693900 0.62685603
vt 0.07984400 0.62711602
vt 0.07910900 0.62535900
vt 0.07910900 0.62535900
vt 0.07984400 0.62711602
vt 0.09414600 0.64361799
vt 0.09382900 0.64046502
vt 0.07693900 0.62685603
vt 0.07794200 0.62901598
vt 0.08062800 0.62925500
vt 0.07984400 0.62711602
vt 0.07984400 0.62711602
vt 0.08062800 0.62925500
vt 0.09448100 0.64685798
vt 0.09414600 0.64361799
vt 0.09745600 0.65148503
vt 0.09708800 0.64806098
vt 0.09414600 0.64361799
vt 0.09448100 0.64685798
vt 0.09708800 0.64806098
vt 0.09691000 0.64485902
vt 0.09382900 0.64046502
vt 0.09414600 0.64361799
vt 0.09926900 0.64742202
vt 0.09691000 0.64485902
vt 0.09708800 0.64806098
vt 0.09948700 0.65059203
vt 0.09948700 0.65059203
vt 0.09708800 0.64806098
vt 0.09745600 0.65148503
vt 0.09993800 0.65392703
vt 0.09691000 0.64485902
vt 0.09686900 0.64155000
vt 0.09349400 0.63717598
vt 0.09382900 0.64046502
vt 0.09925900 0.64419299
vt 0.09686900 0.64155000
vt 0.09691000 0.64485902
vt 0.09926900 0.64742202
vt 0.09961200 0.64080501
vt 0.09707000 0.63800597
vt 0.09686900 0.64155000
vt 0.09925900 0.64419299
vt 0.09686900 0.64155000
vt 0.09707000 0.63800597
vt 0.09321500 0.63376701
vt 0.09349400 0.63717598
vt 0.09707000 0.63800597
vt 0.09789100 0.63404399
vt 0.09325000 0.63014698
vt 0.09321500 0.63376701
vt 0.10075000 0.63719398
vt 0.09789100 0.63404399
vt 0.09707000 0.63800597
vt 0.09961200 0.64080501
vt 0.10226400 0.64278901
vt 0.10350300 0.63953698
vt 0.10075000 0.63719398
vt 0.09961200 0.64080501
vt 0.10184800 0.64597100
vt 0.10226400 0.64278901
vt 0.09961200 0.64080501
vt 0.09925900 0.64419299
vt 0.10456200 0.64018500
vt 0.10350300 0.63953698
vt 0.10226400 0.64278901
vt 0.10345600 0.64323801
vt 0.10345600 0.64323801
vt 0.10226400 0.64278901
vt 0.10184800 0.64597100
vt 0.10299600 0.64619601
vt 0.10774500 0.64431798
vt 0.10345600 0.64323801
vt 0.10299600 0.64619601
vt 0.10747100 0.64654899
vt 0.10456200 0.64018500
vt 0.10345600 0.64323801
vt 0.10774500 0.64431798
vt 0.10840800 0.64222199
vt 0.10299600 0.64619601
vt 0.10184800 0.64597100
vt 0.10189900 0.64905101
vt 0.10298900 0.64906102
vt 0.10747100 0.64654899
vt 0.10299600 0.64619601
vt 0.10298900 0.64906102
vt 0.10753000 0.64879102
vt 0.10789100 0.65117598
vt 0.10753000 0.64879102
vt 0.10298900 0.64906102
vt 0.10333600 0.65191698
vt 0.10845400 0.65371799
vt 0.10789100 0.65117598
vt 0.10333600 0.65191698
vt 0.10389300 0.65474302
vt 0.10845400 0.65371799
vt 0.10389300 0.65474302
vt 0.10457300 0.65746498
vt 0.10904400 0.65601999
vt 0.10904400 0.65601999
vt 0.10457300 0.65746498
vt 0.10556200 0.65999001
vt 0.10972000 0.65767998
vt 0.10457300 0.65746498
vt 0.10347300 0.65785700
vt 0.10454800 0.66048700
vt 0.10556200 0.65999001
vt 0.10389300 0.65474302
vt 0.10271500 0.65504700
vt 0.10347300 0.65785700
vt 0.10457300 0.65746498
vt 0.20635501 0.66063100
vt 0.20736100 0.66115397
vt 0.20845599 0.65852499
vt 0.20736501 0.65810698
vt 0.20635501 0.66063100
vt 0.20736501 0.65810698
vt 0.20289500 0.65662402
vt 0.20220500 0.65828401
vt 0.20736501 0.65810698
vt 0.20806800 0.65538597
vt 0.20350499 0.65432101
vt 0.20289500 0.65662402
vt 0.20736501 0.65810698
vt 0.20845599 0.65852499
vt 0.20923699 0.65571702
vt 0.20806800 0.65538597
vt 0.21121199 0.65841502
vt 0.21213600 0.65473700
vt 0.20923699 0.65571702
vt 0.20845599 0.65852499
vt 0.20971701 0.66234702
vt 0.21121199 0.65841502
vt 0.20845599 0.65852499
vt 0.20736100 0.66115397
vt 0.21199299 0.66344500
vt 0.21392800 0.65652698
vt 0.21121199 0.65841502
vt 0.20971701 0.66234702
vt 0.21392800 0.65652698
vt 0.21469501 0.65234798
vt 0.21213600 0.65473700
vt 0.21121199 0.65841502
vt 0.21469501 0.65234798
vt 0.21515900 0.64891601
vt 0.21267700 0.65139598
vt 0.21213600 0.65473700
vt 0.21213600 0.65473700
vt 0.21267700 0.65139598
vt 0.20977999 0.65275902
vt 0.20923699 0.65571702
vt 0.21392800 0.65652698
vt 0.21728300 0.65125400
vt 0.21781600 0.64777797
vt 0.21469501 0.65234798
vt 0.21469501 0.65234798
vt 0.21781600 0.64777797
vt 0.21824700 0.64453202
vt 0.21515900 0.64891601
vt 0.21515900 0.64891601
vt 0.21542799 0.64569700
vt 0.21298000 0.64821202
vt 0.21267700 0.65139598
vt 0.21515900 0.64891601
vt 0.21824700 0.64453202
vt 0.21866100 0.64137602
vt 0.21542799 0.64569700
vt 0.23374400 0.62671101
vt 0.21866100 0.64137602
vt 0.21824700 0.64453202
vt 0.23296399 0.62844503
vt 0.23296399 0.62844503
vt 0.21824700 0.64453202
vt 0.21781600 0.64777797
vt 0.23212300 0.63055998
vt 0.23670000 0.62660801
vt 0.23374400 0.62671101
vt 0.23296399 0.62844503
vt 0.23587200 0.62826198
vt 0.23587200 0.62826198
vt 0.23296399 0.62844503
vt 0.23212300 0.63055998
vt 0.23481300 0.63039303
vt 0.24430799 0.63193601
vt 0.23587200 0.62826198
vt 0.23481300 0.63039303
vt 0.24300900 0.63424498
vt 0.23587200 0.62826198
vt 0.24430799 0.63193601
vt 0.24531201 0.63014299
vt 0.23670000 0.62660801
vt 0.24531201 0.63014299
vt 0.24614000 0.62853402
vt 0.23746100 0.62511301
vt 0.23670000 0.62660801
vt 0.23746100 0.62511301
vt 0.23452801 0.62509203
vt 0.23374400 0.62671101
vt 0.23670000 0.62660801
vt 0.24685401 0.62704098
vt 0.23819201 0.62373102
vt 0.23746100 0.62511301
vt 0.24614000 0.62853402
vt 0.23819201 0.62373102
vt 0.23534800 0.62355000
vt 0.23452801 0.62509203
vt 0.23746100 0.62511301
vt 0.23534800 0.62355000
vt 0.21949200 0.63470399
vt 0.21910100 0.63809299
vt 0.23452801 0.62509203
vt 0.23452801 0.62509203
vt 0.21910100 0.63809299
vt 0.21866100 0.64137602
vt 0.23374400 0.62671101
vt 0.21557400 0.64236599
vt 0.21910100 0.63809299
vt 0.21949200 0.63470399
vt 0.21549501 0.63879597
vt 0.21542799 0.64569700
vt 0.21866100 0.64137602
vt 0.21910100 0.63809299
vt 0.21557400 0.64236599
vt 0.21542799 0.64569700
vt 0.21557400 0.64236599
vt 0.21307801 0.64495599
vt 0.21298000 0.64821202
vt 0.21557400 0.64236599
vt 0.21549501 0.63879597
vt 0.21282899 0.64151800
vt 0.21307801 0.64495599
vt 0.21307801 0.64495599
vt 0.21282899 0.64151800
vt 0.20980400 0.64346498
vt 0.21018501 0.64664102
vt 0.21298000 0.64821202
vt 0.21307801 0.64495599
vt 0.21018501 0.64664102
vt 0.21010700 0.64972103
vt 0.21282899 0.64151800
vt 0.21182700 0.63782001
vt 0.20862700 0.64021701
vt 0.20980400 0.64346498
vt 0.21549501 0.63879597
vt 0.21483700 0.63480699
vt 0.21182700 0.63782001
vt 0.21282899 0.64151800
vt 0.21182700 0.63782001
vt 0.20925000 0.63405800
vt 0.20629500 0.63712198
vt 0.20862700 0.64021701
vt 0.21483700 0.63480699
vt 0.21264599 0.62944198
vt 0.20925000 0.63405800
vt 0.21182700 0.63782001
vt 0.21549501 0.63879597
vt 0.21949200 0.63470399
vt 0.21957600 0.63111299
vt 0.21483700 0.63480699
vt 0.21483700 0.63480699
vt 0.21957600 0.63111299
vt 0.21917900 0.62675899
vt 0.21264599 0.62944198
vt 0.21285801 0.62156999
vt 0.21264599 0.62944198
vt 0.21917900 0.62675899
vt 0.21863399 0.62081999
vt 0.20464300 0.63129002
vt 0.20925000 0.63405800
vt 0.21264599 0.62944198
vt 0.20611800 0.62699300
vt 0.20699300 0.62083501
vt 0.20611800 0.62699300
vt 0.21264599 0.62944198
vt 0.21285801 0.62156999
vt 0.20718101 0.59226000
vt 0.20699300 0.62083501
vt 0.21285801 0.62156999
vt 0.21314099 0.57396698
vt 0.20776500 0.57482100
vt 0.20655701 0.57665902
vt 0.20699200 0.58117700
vt 0.20694201 0.58432198
vt 0.20719799 0.58914399
vt 0.21899000 0.57487100
vt 0.21314099 0.57396698
vt 0.21285801 0.62156999
vt 0.21863399 0.62081999
vt 0.21314099 0.57396698
vt 0.21267100 0.56513000
vt 0.20662500 0.56710398
vt 0.20581000 0.56912202
vt 0.20624800 0.57314199
vt 0.20776500 0.57482100
vt 0.21267100 0.56513000
vt 0.21314099 0.57396698
vt 0.21899000 0.57487100
vt 0.21964499 0.56853300
vt 0.21517400 0.55933499
vt 0.21267100 0.56513000
vt 0.21964499 0.56853300
vt 0.22018600 0.56382197
vt 0.20512301 0.56571901
vt 0.20662500 0.56710398
vt 0.21267100 0.56513000
vt 0.20884600 0.55915898
vt 0.20401099 0.56172699
vt 0.20884600 0.55915898
vt 0.21267100 0.56513000
vt 0.21517400 0.55933499
vt 0.21152200 0.55543202
vt 0.21152200 0.55543202
vt 0.21517400 0.55933499
vt 0.21605800 0.55512398
vt 0.21278600 0.55174398
vt 0.21605800 0.55512398
vt 0.21517400 0.55933499
vt 0.22018600 0.56382197
vt 0.22027400 0.55994302
vt 0.21645001 0.55138600
vt 0.21605800 0.55512398
vt 0.22027400 0.55994302
vt 0.22010900 0.55628997
vt 0.21278600 0.55174398
vt 0.21605800 0.55512398
vt 0.21645001 0.55138600
vt 0.21343200 0.54829901
vt 0.20842201 0.55276102
vt 0.21152200 0.55543202
vt 0.21278600 0.55174398
vt 0.20977999 0.54967499
vt 0.20977999 0.54967499
vt 0.21278600 0.55174398
vt 0.21343200 0.54829901
vt 0.21049900 0.54661399
vt 0.21343200 0.54829901
vt 0.21645001 0.55138600
vt 0.21668100 0.54791999
vt 0.21378100 0.54502499
vt 0.21049900 0.54661399
vt 0.21343200 0.54829901
vt 0.21378100 0.54502499
vt 0.21086600 0.54359198
vt 0.21086600 0.54359198
vt 0.21378100 0.54502499
vt 0.21392900 0.54181701
vt 0.21103001 0.54058498
vt 0.21378100 0.54502499
vt 0.21668100 0.54791999
vt 0.21679600 0.54459602
vt 0.21392900 0.54181701
vt 0.21049900 0.54661399
vt 0.21086600 0.54359198
vt 0.20833600 0.54316801
vt 0.20809300 0.54595202
vt 0.21086600 0.54359198
vt 0.21103001 0.54058498
vt 0.20835800 0.54037797
vt 0.20833600 0.54316801
vt 0.21103001 0.54058498
vt 0.21098000 0.53757799
vt 0.20819400 0.53767401
vt 0.20835800 0.54037797
vt 0.21103001 0.54058498
vt 0.21392900 0.54181701
vt 0.21387701 0.53844899
vt 0.21098000 0.53757799
vt 0.20819400 0.53767401
vt 0.21098000 0.53757799
vt 0.21065199 0.53458899
vt 0.20782401 0.53512901
vt 0.21098000 0.53757799
vt 0.21387701 0.53844899
vt 0.21352901 0.53473401
vt 0.21065199 0.53458899
vt 0.21387701 0.53844899
vt 0.21678001 0.54104900
vt 0.21656400 0.53677100
vt 0.21352901 0.53473401
vt 0.21392900 0.54181701
vt 0.21679600 0.54459602
vt 0.21678001 0.54104900
vt 0.21387701 0.53844899
vt 0.21656400 0.53677100
vt 0.21678001 0.54104900
vt 0.21973100 0.54603797
vt 0.21969000 0.54241800
vt 0.21678001 0.54104900
vt 0.21679600 0.54459602
vt 0.21983200 0.54943401
vt 0.21973100 0.54603797
vt 0.23318100 0.56522000
vt 0.21973100 0.54603797
vt 0.21983200 0.54943401
vt 0.23386900 0.56748497
vt 0.23231600 0.56220001
vt 0.21969000 0.54241800
vt 0.21973100 0.54603797
vt 0.23318100 0.56522000
vt 0.23594201 0.56562400
vt 0.23318100 0.56522000
vt 0.23386900 0.56748497
vt 0.23686200 0.56791198
vt 0.23467700 0.56241202
vt 0.23231600 0.56220001
vt 0.23318100 0.56522000
vt 0.23594201 0.56562400
vt 0.22141001 0.53727603
vt 0.22001600 0.53910601
vt 0.21969000 0.54241800
vt 0.23231600 0.56220001
vt 0.23467700 0.56241202
vt 0.22328800 0.53607202
vt 0.22141001 0.53727603
vt 0.23231600 0.56220001
vt 0.24300399 0.55891401
vt 0.23036900 0.53274000
vt 0.22328800 0.53607202
vt 0.23467700 0.56241202
vt 0.24458700 0.56227398
vt 0.24300399 0.55891401
vt 0.23467700 0.56241202
vt 0.23594201 0.56562400
vt 0.23170400 0.53210700
vt 0.23036900 0.53274000
vt 0.24300399 0.55891401
vt 0.24441300 0.55824602
vt 0.24441300 0.55824602
vt 0.24300399 0.55891401
vt 0.24458700 0.56227398
vt 0.24623100 0.56158000
vt 0.23686200 0.56791198
vt 0.24574400 0.56471997
vt 0.24458700 0.56227398
vt 0.23594201 0.56562400
vt 0.24623100 0.56158000
vt 0.24458700 0.56227398
vt 0.24574400 0.56471997
vt 0.24781100 0.56397998
vt 0.24547000 0.55773997
vt 0.24441300 0.55824602
vt 0.24623100 0.56158000
vt 0.24755400 0.56100398
vt 0.24755400 0.56100398
vt 0.24623100 0.56158000
vt 0.24781100 0.56397998
vt 0.24976200 0.56326699
vt 0.24781100 0.56397998
vt 0.24574400 0.56471997
vt 0.24664600 0.56661397
vt 0.24925500 0.56580102
vt 0.24976200 0.56326699
vt 0.24781100 0.56397998
vt 0.24925500 0.56580102
vt 0.25326699 0.56491101
vt 0.24976200 0.56326699
vt 0.25092399 0.56273103
vt 0.24833600 0.56060201
vt 0.24755400 0.56100398
vt 0.25326699 0.56491101
vt 0.25464800 0.56399900
vt 0.25092399 0.56273103
vt 0.24976200 0.56326699
vt 0.25976700 0.56514001
vt 0.26001301 0.56447500
vt 0.25464800 0.56399900
vt 0.25326699 0.56491101
vt 0.25326699 0.56491101
vt 0.24925500 0.56580102
vt 0.25025600 0.56746203
vt 0.25439000 0.56662297
vt 0.25976700 0.56514001
vt 0.25326699 0.56491101
vt 0.25439000 0.56662297
vt 0.25995100 0.56619501
vt 0.26601899 0.56514901
vt 0.25976700 0.56514001
vt 0.25995100 0.56619501
vt 0.26603800 0.56600499
vt 0.26601899 0.56514901
vt 0.26608700 0.56459397
vt 0.26001301 0.56447500
vt 0.25976700 0.56514001
vt 0.25995100 0.56619501
vt 0.25439000 0.56662297
vt 0.25500900 0.56808197
vt 0.26025701 0.56742001
vt 0.26603800 0.56600499
vt 0.25995100 0.56619501
vt 0.26025701 0.56742001
vt 0.26610100 0.56706798
vt 0.27233899 0.56541997
vt 0.26601899 0.56514901
vt 0.26603800 0.56600499
vt 0.27223000 0.56618899
vt 0.27223000 0.56618899
vt 0.26603800 0.56600499
vt 0.26610100 0.56706798
vt 0.27209899 0.56715298
vt 0.26610100 0.56706798
vt 0.26025701 0.56742001
vt 0.26048800 0.56869602
vt 0.26614001 0.56823599
vt 0.27209899 0.56715298
vt 0.26610100 0.56706798
vt 0.26614001 0.56823599
vt 0.27194601 0.56823498
vt 0.27837801 0.56700099
vt 0.27223000 0.56618899
vt 0.27209899 0.56715298
vt 0.27804199 0.56788403
vt 0.27804199 0.56788403
vt 0.27209899 0.56715298
vt 0.27194601 0.56823498
vt 0.27767101 0.56887901
vt 0.28383699 0.56937301
vt 0.27804199 0.56788403
vt 0.27767101 0.56887901
vt 0.28321001 0.57025898
vt 0.28441599 0.56859702
vt 0.27837801 0.56700099
vt 0.27804199 0.56788403
vt 0.28383699 0.56937301
vt 0.27865201 0.56629801
vt 0.27233899 0.56541997
vt 0.27223000 0.56618899
vt 0.27837801 0.56700099
vt 0.28488699 0.56798500
vt 0.27865201 0.56629801
vt 0.27837801 0.56700099
vt 0.28441599 0.56859702
vt 0.29087099 0.57051498
vt 0.28488699 0.56798500
vt 0.28441599 0.56859702
vt 0.29020801 0.57100600
vt 0.29020801 0.57100600
vt 0.28441599 0.56859702
vt 0.28383699 0.56937301
vt 0.28939101 0.57164103
vt 0.29636300 0.57379597
vt 0.29087099 0.57051498
vt 0.29020801 0.57100600
vt 0.29554701 0.57416099
vt 0.29554701 0.57416099
vt 0.29020801 0.57100600
vt 0.28939101 0.57164103
vt 0.29453501 0.57464898
vt 0.28939101 0.57164103
vt 0.28383699 0.56937301
vt 0.28321001 0.57025898
vt 0.28850701 0.57238901
vt 0.29453501 0.57464898
vt 0.28939101 0.57164103
vt 0.28850701 0.57238901
vt 0.29343200 0.57525098
vt 0.29906100 0.57836902
vt 0.29453501 0.57464898
vt 0.29343200 0.57525098
vt 0.29780400 0.57884198
vt 0.30020201 0.57800198
vt 0.29554701 0.57416099
vt 0.29453501 0.57464898
vt 0.29906100 0.57836902
vt 0.30276200 0.58282501
vt 0.29906100 0.57836902
vt 0.29780400 0.57884198
vt 0.30142701 0.58319002
vt 0.30395800 0.58254999
vt 0.30020201 0.57800198
vt 0.29906100 0.57836902
vt 0.30276200 0.58282501
vt 0.30142701 0.58319002
vt 0.29780400 0.57884198
vt 0.29531100 0.58012199
vt 0.29868901 0.58421600
vt 0.29780400 0.57884198
vt 0.29343200 0.57525098
vt 0.29129300 0.57677501
vt 0.29531100 0.58012199
vt 0.29531100 0.58012199
vt 0.29418099 0.58088303
vt 0.29741099 0.58483100
vt 0.29868901 0.58421600
vt 0.29129300 0.57677501
vt 0.29034200 0.57765400
vt 0.29418099 0.58088303
vt 0.29531100 0.58012199
vt 0.29343200 0.57525098
vt 0.28850701 0.57238901
vt 0.28680700 0.57415301
vt 0.29129300 0.57677501
vt 0.28680700 0.57415301
vt 0.28605300 0.57513201
vt 0.29034200 0.57765400
vt 0.29129300 0.57677501
vt 0.29034200 0.57765400
vt 0.28950399 0.57851398
vt 0.29317799 0.58162999
vt 0.29418099 0.58088303
vt 0.28605300 0.57513201
vt 0.28538799 0.57608199
vt 0.28950399 0.57851398
vt 0.29034200 0.57765400
vt 0.28143299 0.57330197
vt 0.28094101 0.57432699
vt 0.28538799 0.57608199
vt 0.28605300 0.57513201
vt 0.28198701 0.57223898
vt 0.28143299 0.57330197
vt 0.28605300 0.57513201
vt 0.28680700 0.57415301
vt 0.28094101 0.57432699
vt 0.28053200 0.57523102
vt 0.28483599 0.57692200
vt 0.28538799 0.57608199
vt 0.28538799 0.57608199
vt 0.28483599 0.57692200
vt 0.28880799 0.57927501
vt 0.28950399 0.57851398
vt 0.28822100 0.57993400
vt 0.28880799 0.57927501
vt 0.28483599 0.57692200
vt 0.28436401 0.57765299
vt 0.28436401 0.57765299
vt 0.28483599 0.57692200
vt 0.28053200 0.57523102
vt 0.28018299 0.57600802
vt 0.27622101 0.57327002
vt 0.27595100 0.57423002
vt 0.28053200 0.57523102
vt 0.28094101 0.57432699
vt 0.28018299 0.57600802
vt 0.28053200 0.57523102
vt 0.27595100 0.57423002
vt 0.27572900 0.57504898
vt 0.27966300 0.57705998
vt 0.28018299 0.57600802
vt 0.27572900 0.57504898
vt 0.27542901 0.57610601
vt 0.28366500 0.57869601
vt 0.28436401 0.57765299
vt 0.28018299 0.57600802
vt 0.27966300 0.57705998
vt 0.27542901 0.57610601
vt 0.27572900 0.57504898
vt 0.27101901 0.57482398
vt 0.27091599 0.57599002
vt 0.27572900 0.57504898
vt 0.27595100 0.57423002
vt 0.27111799 0.57395297
vt 0.27101901 0.57482398
vt 0.27091599 0.57599002
vt 0.27101901 0.57482398
vt 0.26620501 0.57520097
vt 0.26629201 0.57644898
vt 0.27101901 0.57482398
vt 0.27111799 0.57395297
vt 0.26617399 0.57428801
vt 0.26620501 0.57520097
vt 0.27124700 0.57293802
vt 0.27111799 0.57395297
vt 0.27595100 0.57423002
vt 0.27622101 0.57327002
vt 0.26615500 0.57322401
vt 0.26617399 0.57428801
vt 0.27111799 0.57395297
vt 0.27124700 0.57293802
vt 0.26620501 0.57520097
vt 0.26617399 0.57428801
vt 0.26142299 0.57507300
vt 0.26160100 0.57599598
vt 0.26124299 0.57397300
vt 0.26142299 0.57507300
vt 0.26617399 0.57428801
vt 0.26615500 0.57322401
vt 0.26614499 0.57200402
vt 0.26615500 0.57322401
vt 0.27124700 0.57293802
vt 0.27140799 0.57178098
vt 0.26105100 0.57270199
vt 0.26124299 0.57397300
vt 0.26615500 0.57322401
vt 0.26614499 0.57200402
vt 0.26086301 0.57135302
vt 0.26105100 0.57270199
vt 0.26614499 0.57200402
vt 0.26614401 0.57071900
vt 0.26614401 0.57071900
vt 0.26614499 0.57200402
vt 0.27140799 0.57178098
vt 0.27158800 0.57056701
vt 0.27140799 0.57178098
vt 0.27124700 0.57293802
vt 0.27622101 0.57327002
vt 0.27654600 0.57217997
vt 0.27158800 0.57056701
vt 0.27140799 0.57178098
vt 0.27654600 0.57217997
vt 0.27690700 0.57104099
vt 0.27194601 0.56823498
vt 0.26614001 0.56823599
vt 0.26614401 0.57071900
vt 0.27158800 0.57056701
vt 0.27767101 0.56887901
vt 0.27194601 0.56823498
vt 0.27158800 0.57056701
vt 0.27690700 0.57104099
vt 0.27690700 0.57104099
vt 0.27654600 0.57217997
vt 0.28143299 0.57330197
vt 0.28198701 0.57223898
vt 0.28321001 0.57025898
vt 0.27767101 0.56887901
vt 0.27690700 0.57104099
vt 0.28198701 0.57223898
vt 0.28850701 0.57238901
vt 0.28321001 0.57025898
vt 0.28198701 0.57223898
vt 0.28680700 0.57415301
vt 0.27654600 0.57217997
vt 0.27622101 0.57327002
vt 0.28094101 0.57432699
vt 0.28143299 0.57330197
vt 0.25617099 0.57228702
vt 0.25656399 0.57368398
vt 0.26105100 0.57270199
vt 0.26086301 0.57135302
vt 0.25656399 0.57368398
vt 0.25694901 0.57498199
vt 0.26124299 0.57397300
vt 0.26105100 0.57270199
vt 0.26614001 0.56823599
vt 0.26048800 0.56869602
vt 0.26086301 0.57135302
vt 0.26614401 0.57071900
vt 0.26048800 0.56869602
vt 0.25543699 0.56948501
vt 0.25617099 0.57228702
vt 0.26086301 0.57135302
vt 0.25543699 0.56948501
vt 0.25150400 0.57045197
vt 0.25254500 0.57329398
vt 0.25617099 0.57228702
vt 0.25254500 0.57329398
vt 0.25310901 0.57469100
vt 0.25656399 0.57368398
vt 0.25617099 0.57228702
vt 0.25150400 0.57045197
vt 0.24860600 0.57133001
vt 0.24981800 0.57418603
vt 0.25254500 0.57329398
vt 0.24981800 0.57418603
vt 0.25051701 0.57557499
vt 0.25310901 0.57469100
vt 0.25254500 0.57329398
vt 0.25310901 0.57469100
vt 0.25366199 0.57598299
vt 0.25694901 0.57498199
vt 0.25656399 0.57368398
vt 0.25051701 0.57557499
vt 0.25120401 0.57689899
vt 0.25366199 0.57598299
vt 0.25310901 0.57469100
vt 0.25366199 0.57598299
vt 0.25416300 0.57708198
vt 0.25729701 0.57609200
vt 0.25694901 0.57498199
vt 0.25120401 0.57689899
vt 0.25185999 0.57805699
vt 0.25416300 0.57708198
vt 0.25366199 0.57598299
vt 0.25694901 0.57498199
vt 0.25729701 0.57609200
vt 0.26142299 0.57507300
vt 0.26124299 0.57397300
vt 0.26160100 0.57599598
vt 0.26142299 0.57507300
vt 0.25729701 0.57609200
vt 0.25762501 0.57699901
vt 0.25762501 0.57699901
vt 0.25729701 0.57609200
vt 0.25416300 0.57708198
vt 0.25464001 0.57797700
vt 0.25816500 0.57804298
vt 0.25762501 0.57699901
vt 0.25464001 0.57797700
vt 0.25540701 0.57905298
vt 0.26190701 0.57715702
vt 0.26160100 0.57599598
vt 0.25762501 0.57699901
vt 0.25816500 0.57804298
vt 0.26245999 0.57909900
vt 0.26190701 0.57715702
vt 0.25816500 0.57804298
vt 0.25914699 0.57963699
vt 0.25914699 0.57963699
vt 0.25816500 0.57804298
vt 0.25540701 0.57905298
vt 0.25685301 0.58079398
vt 0.25540701 0.57905298
vt 0.25464001 0.57797700
vt 0.25250900 0.57898301
vt 0.25345701 0.58015102
vt 0.25685301 0.58079398
vt 0.25540701 0.57905298
vt 0.25345701 0.58015102
vt 0.25513199 0.58213800
vt 0.26031101 0.58153498
vt 0.25914699 0.57963699
vt 0.25685301 0.58079398
vt 0.25932601 0.58336401
vt 0.25932601 0.58336401
vt 0.25685301 0.58079398
vt 0.25513199 0.58213800
vt 0.25790799 0.58536601
vt 0.25513199 0.58213800
vt 0.25345701 0.58015102
vt 0.25102299 0.58340901
vt 0.25262201 0.58488202
vt 0.25437400 0.58651501
vt 0.25790799 0.58536601
vt 0.25513199 0.58213800
vt 0.25262201 0.58488202
vt 0.25932601 0.58336401
vt 0.25790799 0.58536601
vt 0.26212499 0.59019601
vt 0.26316401 0.58643299
vt 0.25437400 0.58651501
vt 0.25513300 0.58908898
vt 0.26212499 0.59019601
vt 0.25790799 0.58536601
vt 0.25241101 0.58761698
vt 0.25513300 0.58908898
vt 0.25437400 0.58651501
vt 0.25262201 0.58488202
vt 0.25513300 0.58908898
vt 0.25477999 0.60848403
vt 0.26175299 0.60766202
vt 0.26961899 0.59910703
vt 0.26212499 0.59019601
vt 0.25241101 0.58761698
vt 0.25202700 0.60984898
vt 0.25477999 0.60848403
vt 0.25513300 0.58908898
vt 0.25048599 0.58642298
vt 0.25241101 0.58761698
vt 0.25262201 0.58488202
vt 0.25102299 0.58340901
vt 0.25048599 0.58642298
vt 0.25007901 0.61097002
vt 0.25202700 0.60984898
vt 0.25241101 0.58761698
vt 0.24899399 0.58560902
vt 0.24857400 0.61172998
vt 0.25007901 0.61097002
vt 0.25048599 0.58642298
vt 0.24899399 0.58560902
vt 0.25048599 0.58642298
vt 0.25102299 0.58340901
vt 0.24971800 0.58231503
vt 0.25345701 0.58015102
vt 0.25250900 0.57898301
vt 0.24971800 0.58231503
vt 0.25102299 0.58340901
vt 0.25250900 0.57898301
vt 0.25185999 0.57805699
vt 0.24799500 0.58099103
vt 0.24971800 0.58231503
vt 0.24799500 0.58099103
vt 0.24256000 0.58116102
vt 0.24254900 0.58446300
vt 0.24899399 0.58560902
vt 0.24971800 0.58231503
vt 0.25464001 0.57797700
vt 0.25416300 0.57708198
vt 0.25185999 0.57805699
vt 0.25250900 0.57898301
vt 0.24799500 0.58099103
vt 0.25185999 0.57805699
vt 0.25120401 0.57689899
vt 0.24223800 0.57886398
vt 0.24256000 0.58116102
vt 0.24256000 0.58116102
vt 0.24044999 0.58148903
vt 0.24033099 0.58444399
vt 0.24254900 0.58446300
vt 0.24256000 0.58116102
vt 0.24223800 0.57886398
vt 0.24012700 0.57948703
vt 0.24044999 0.58148903
vt 0.24899399 0.58560902
vt 0.24254900 0.58446300
vt 0.24222000 0.61253703
vt 0.24857400 0.61172998
vt 0.24254900 0.58446300
vt 0.24033099 0.58444399
vt 0.24003600 0.61245102
vt 0.24222000 0.61253703
vt 0.24738801 0.61624402
vt 0.24914201 0.61500800
vt 0.24857400 0.61172998
vt 0.24222000 0.61253703
vt 0.24208701 0.61579299
vt 0.24222000 0.61253703
vt 0.24003600 0.61245102
vt 0.24003901 0.61536098
vt 0.24208701 0.61579299
vt 0.24914201 0.61500800
vt 0.25047901 0.61396700
vt 0.25007901 0.61097002
vt 0.24857400 0.61172998
vt 0.25047901 0.61396700
vt 0.24914201 0.61500800
vt 0.25173900 0.61839098
vt 0.25273001 0.61726999
vt 0.24914201 0.61500800
vt 0.24738801 0.61624402
vt 0.25105301 0.61927998
vt 0.25173900 0.61839098
vt 0.25173900 0.61839098
vt 0.25105301 0.61927998
vt 0.25327799 0.62032598
vt 0.25379401 0.61946201
vt 0.25273001 0.61726999
vt 0.25173900 0.61839098
vt 0.25379401 0.61946201
vt 0.25460401 0.61842799
vt 0.25379401 0.61946201
vt 0.25327799 0.62032598
vt 0.25632399 0.62143701
vt 0.25669301 0.62055498
vt 0.25460401 0.61842799
vt 0.25379401 0.61946201
vt 0.25669301 0.62055498
vt 0.25727901 0.61954403
vt 0.25272900 0.62138098
vt 0.25327799 0.62032598
vt 0.25105301 0.61927998
vt 0.25035200 0.62038100
vt 0.25592300 0.62251401
vt 0.25632399 0.62143701
vt 0.25327799 0.62032598
vt 0.25272900 0.62138098
vt 0.26012000 0.62372100
vt 0.26035500 0.62264103
vt 0.25632399 0.62143701
vt 0.25592300 0.62251401
vt 0.25669301 0.62055498
vt 0.25632399 0.62143701
vt 0.26035500 0.62264103
vt 0.26057801 0.62173402
vt 0.25547400 0.62377203
vt 0.25592300 0.62251401
vt 0.25272900 0.62138098
vt 0.25211799 0.62261498
vt 0.25986299 0.62496901
vt 0.26012000 0.62372100
vt 0.25592300 0.62251401
vt 0.25547400 0.62377203
vt 0.25960499 0.62629300
vt 0.25986299 0.62496901
vt 0.25547400 0.62377203
vt 0.25501299 0.62512499
vt 0.25501299 0.62512499
vt 0.25547400 0.62377203
vt 0.25211799 0.62261498
vt 0.25148901 0.62394798
vt 0.25413200 0.62784302
vt 0.25909001 0.62890399
vt 0.25960499 0.62629300
vt 0.25501299 0.62512499
vt 0.25030801 0.62667000
vt 0.25413200 0.62784302
vt 0.25501299 0.62512499
vt 0.25148901 0.62394798
vt 0.25148901 0.62394798
vt 0.25211799 0.62261498
vt 0.24961101 0.62163001
vt 0.24885499 0.62293798
vt 0.24751000 0.62565100
vt 0.25030801 0.62667000
vt 0.25148901 0.62394798
vt 0.24885499 0.62293798
vt 0.24968500 0.62806398
vt 0.25363001 0.62920302
vt 0.25413200 0.62784302
vt 0.25030801 0.62667000
vt 0.24685401 0.62704098
vt 0.24968500 0.62806398
vt 0.25030801 0.62667000
vt 0.24751000 0.62565100
vt 0.24614000 0.62853402
vt 0.24890600 0.62953502
vt 0.24968500 0.62806398
vt 0.24685401 0.62704098
vt 0.24890600 0.62953502
vt 0.25293201 0.63060898
vt 0.25363001 0.62920302
vt 0.24968500 0.62806398
vt 0.25293201 0.63060898
vt 0.25841901 0.63135499
vt 0.25878999 0.63015598
vt 0.25363001 0.62920302
vt 0.25363001 0.62920302
vt 0.25878999 0.63015598
vt 0.25909001 0.62890399
vt 0.25413200 0.62784302
vt 0.25841901 0.63135499
vt 0.26446000 0.63187897
vt 0.26457801 0.63082498
vt 0.25878999 0.63015598
vt 0.25878999 0.63015598
vt 0.26457801 0.63082498
vt 0.26468000 0.62966502
vt 0.25909001 0.62890399
vt 0.26446000 0.63187897
vt 0.27063501 0.63202202
vt 0.27055401 0.63105500
vt 0.26457801 0.63082498
vt 0.26457801 0.63082498
vt 0.27055401 0.63105500
vt 0.27045700 0.62997103
vt 0.26468000 0.62966502
vt 0.25909001 0.62890399
vt 0.26468000 0.62966502
vt 0.26481399 0.62719703
vt 0.25960499 0.62629300
vt 0.26468000 0.62966502
vt 0.27045700 0.62997103
vt 0.27022099 0.62763000
vt 0.26481399 0.62719703
vt 0.27045700 0.62997103
vt 0.27619499 0.62962198
vt 0.27554300 0.62742901
vt 0.27022099 0.62763000
vt 0.27055401 0.63105500
vt 0.27651301 0.63063300
vt 0.27619499 0.62962198
vt 0.27045700 0.62997103
vt 0.27651301 0.63063300
vt 0.28236800 0.62944198
vt 0.28178799 0.62852699
vt 0.27619499 0.62962198
vt 0.27619499 0.62962198
vt 0.28178799 0.62852699
vt 0.28066701 0.62649101
vt 0.27554300 0.62742901
vt 0.27554300 0.62742901
vt 0.27524099 0.62627602
vt 0.27010399 0.62641299
vt 0.27022099 0.62763000
vt 0.28066701 0.62649101
vt 0.28016800 0.62540299
vt 0.27524099 0.62627602
vt 0.27554300 0.62742901
vt 0.28178799 0.62852699
vt 0.28717801 0.62666798
vt 0.28557000 0.62482297
vt 0.28066701 0.62649101
vt 0.28557000 0.62482297
vt 0.28486601 0.62380898
vt 0.28016800 0.62540299
vt 0.28066701 0.62649101
vt 0.28016800 0.62540299
vt 0.27972901 0.62435699
vt 0.27497199 0.62517297
vt 0.27524099 0.62627602
vt 0.28486601 0.62380898
vt 0.28425100 0.62282902
vt 0.27972901 0.62435699
vt 0.28016800 0.62540299
vt 0.29017699 0.62243003
vt 0.28927201 0.62150598
vt 0.28486601 0.62380898
vt 0.28557000 0.62482297
vt 0.28927201 0.62150598
vt 0.28847799 0.62060601
vt 0.28425100 0.62282902
vt 0.28486601 0.62380898
vt 0.28847799 0.62060601
vt 0.28782099 0.61981201
vt 0.28374201 0.62196302
vt 0.28425100 0.62282902
vt 0.28425100 0.62282902
vt 0.28374201 0.62196302
vt 0.27936599 0.62343502
vt 0.27972901 0.62435699
vt 0.28330699 0.62121099
vt 0.28374201 0.62196302
vt 0.28782099 0.61981201
vt 0.28726801 0.61912602
vt 0.27905700 0.62264198
vt 0.27936599 0.62343502
vt 0.28374201 0.62196302
vt 0.28330699 0.62121099
vt 0.29229701 0.61767799
vt 0.29149401 0.61697698
vt 0.28782099 0.61981201
vt 0.28847799 0.62060601
vt 0.28726801 0.61912602
vt 0.28782099 0.61981201
vt 0.29149401 0.61697698
vt 0.29082099 0.61637998
vt 0.28651500 0.61817598
vt 0.28726801 0.61912602
vt 0.29082099 0.61637998
vt 0.28993300 0.61560303
vt 0.28266200 0.62013602
vt 0.28330699 0.62121099
vt 0.28726801 0.61912602
vt 0.28651500 0.61817598
vt 0.28993300 0.61560303
vt 0.29082099 0.61637998
vt 0.29382700 0.61295801
vt 0.29270801 0.61230397
vt 0.29082099 0.61637998
vt 0.29149401 0.61697698
vt 0.29462400 0.61345100
vt 0.29382700 0.61295801
vt 0.29382700 0.61295801
vt 0.29462400 0.61345100
vt 0.29707801 0.60930699
vt 0.29617801 0.60894197
vt 0.29270801 0.61230397
vt 0.29382700 0.61295801
vt 0.29617801 0.60894197
vt 0.29487100 0.60842103
vt 0.29617801 0.60894197
vt 0.29707801 0.60930699
vt 0.29869899 0.60469401
vt 0.29774401 0.60448903
vt 0.29487100 0.60842103
vt 0.29617801 0.60894197
vt 0.29774401 0.60448903
vt 0.29642999 0.60418701
vt 0.29066199 0.61123103
vt 0.29270801 0.61230397
vt 0.29487100 0.60842103
vt 0.29244199 0.60747200
vt 0.29244199 0.60747200
vt 0.29487100 0.60842103
vt 0.29642999 0.60418701
vt 0.29412001 0.60357499
vt 0.29412001 0.60357499
vt 0.29642999 0.60418701
vt 0.29710200 0.59976399
vt 0.29497701 0.59971201
vt 0.29642999 0.60418701
vt 0.29774401 0.60448903
vt 0.29837900 0.59979498
vt 0.29710200 0.59976399
vt 0.29710200 0.59976399
vt 0.29837900 0.59979498
vt 0.29797399 0.59507501
vt 0.29664600 0.59531301
vt 0.29497701 0.59971201
vt 0.29710200 0.59976399
vt 0.29664600 0.59531301
vt 0.29430899 0.59581202
vt 0.29241899 0.59965003
vt 0.29497701 0.59971201
vt 0.29430899 0.59581202
vt 0.29067799 0.59700000
vt 0.29055199 0.60221100
vt 0.29412001 0.60357499
vt 0.29497701 0.59971201
vt 0.29241899 0.59965003
vt 0.29241899 0.59965003
vt 0.29067799 0.59700000
vt 0.28589499 0.59949201
vt 0.29055199 0.60221100
vt 0.29055199 0.60221100
vt 0.28589499 0.59949201
vt 0.28178200 0.60347998
vt 0.28829101 0.60589200
vt 0.28829101 0.60589200
vt 0.29244199 0.60747200
vt 0.29412001 0.60357499
vt 0.29055199 0.60221100
vt 0.28714800 0.60989499
vt 0.28829101 0.60589200
vt 0.28178200 0.60347998
vt 0.28181499 0.60885000
vt 0.28714800 0.60989499
vt 0.29066199 0.61123103
vt 0.29244199 0.60747200
vt 0.28829101 0.60589200
vt 0.28589499 0.59949201
vt 0.28197700 0.59530997
vt 0.26961899 0.59910703
vt 0.28178200 0.60347998
vt 0.28181499 0.60885000
vt 0.28178200 0.60347998
vt 0.26961899 0.59910703
vt 0.27590501 0.60923702
vt 0.28661001 0.61278099
vt 0.28714800 0.60989499
vt 0.28181499 0.60885000
vt 0.28347701 0.61346698
vt 0.28347701 0.61346698
vt 0.28181499 0.60885000
vt 0.27590501 0.60923702
vt 0.27929300 0.61469400
vt 0.27225199 0.61292100
vt 0.27590501 0.60923702
vt 0.26961899 0.59910703
vt 0.26754701 0.61001998
vt 0.27575701 0.61676002
vt 0.27929300 0.61469400
vt 0.27590501 0.60923702
vt 0.27225199 0.61292100
vt 0.27575701 0.61676002
vt 0.27766401 0.61968702
vt 0.28143501 0.61814201
vt 0.27929300 0.61469400
vt 0.27929300 0.61469400
vt 0.28143501 0.61814201
vt 0.28522500 0.61645198
vt 0.28347701 0.61346698
vt 0.27766401 0.61968702
vt 0.27859101 0.62156898
vt 0.28266200 0.62013602
vt 0.28143501 0.61814201
vt 0.28143501 0.61814201
vt 0.28266200 0.62013602
vt 0.28651500 0.61817598
vt 0.28522500 0.61645198
vt 0.28347701 0.61346698
vt 0.28522500 0.61645198
vt 0.28843901 0.61431998
vt 0.28661001 0.61278099
vt 0.28522500 0.61645198
vt 0.28651500 0.61817598
vt 0.28993300 0.61560303
vt 0.28843901 0.61431998
vt 0.28843901 0.61431998
vt 0.28993300 0.61560303
vt 0.29270801 0.61230397
vt 0.29066199 0.61123103
vt 0.28661001 0.61278099
vt 0.28843901 0.61431998
vt 0.29066199 0.61123103
vt 0.28714800 0.60989499
vt 0.27859101 0.62156898
vt 0.27905700 0.62264198
vt 0.28330699 0.62121099
vt 0.28266200 0.62013602
vt 0.27432501 0.62230903
vt 0.27457100 0.62337703
vt 0.27905700 0.62264198
vt 0.27859101 0.62156898
vt 0.27391201 0.62054098
vt 0.27432501 0.62230903
vt 0.27859101 0.62156898
vt 0.27766401 0.61968702
vt 0.27457100 0.62337703
vt 0.27475199 0.62420398
vt 0.27936599 0.62343502
vt 0.27905700 0.62264198
vt 0.26987201 0.62336397
vt 0.26992601 0.62423599
vt 0.27475199 0.62420398
vt 0.27457100 0.62337703
vt 0.26982799 0.62219900
vt 0.26987201 0.62336397
vt 0.27457100 0.62337703
vt 0.27432501 0.62230903
vt 0.26510599 0.62274897
vt 0.26502901 0.62365502
vt 0.26992601 0.62423599
vt 0.26987201 0.62336397
vt 0.26525399 0.62151402
vt 0.26510599 0.62274897
vt 0.26987201 0.62336397
vt 0.26982799 0.62219900
vt 0.26986399 0.62017900
vt 0.26982799 0.62219900
vt 0.27432501 0.62230903
vt 0.27391201 0.62054098
vt 0.26560199 0.61931098
vt 0.26525399 0.62151402
vt 0.26982799 0.62219900
vt 0.26986399 0.62017900
vt 0.26158401 0.61869699
vt 0.26093900 0.62059802
vt 0.26525399 0.62151402
vt 0.26560199 0.61931098
vt 0.26093900 0.62059802
vt 0.26057801 0.62173402
vt 0.26510599 0.62274897
vt 0.26525399 0.62151402
vt 0.26230401 0.61566401
vt 0.26158401 0.61869699
vt 0.26560199 0.61931098
vt 0.26630801 0.61565202
vt 0.26630801 0.61565202
vt 0.26560199 0.61931098
vt 0.26986399 0.62017900
vt 0.27042601 0.61704397
vt 0.27042601 0.61704397
vt 0.27225199 0.61292100
vt 0.26754701 0.61001998
vt 0.26630801 0.61565202
vt 0.26230401 0.61566401
vt 0.26630801 0.61565202
vt 0.26754701 0.61001998
vt 0.26262301 0.61144900
vt 0.27042601 0.61704397
vt 0.26986399 0.62017900
vt 0.27391201 0.62054098
vt 0.27341700 0.61840200
vt 0.27341700 0.61840200
vt 0.27575701 0.61676002
vt 0.27225199 0.61292100
vt 0.27042601 0.61704397
vt 0.27341700 0.61840200
vt 0.27391201 0.62054098
vt 0.27766401 0.61968702
vt 0.27575701 0.61676002
vt 0.25957099 0.61618203
vt 0.25832799 0.61800998
vt 0.26158401 0.61869699
vt 0.26230401 0.61566401
vt 0.25957099 0.61618203
vt 0.26230401 0.61566401
vt 0.26262301 0.61144900
vt 0.25868100 0.61432701
vt 0.26262301 0.61144900
vt 0.26754701 0.61001998
vt 0.26961899 0.59910703
vt 0.26175299 0.60766202
vt 0.25868100 0.61432701
vt 0.26262301 0.61144900
vt 0.26175299 0.60766202
vt 0.25736701 0.61228698
vt 0.25868100 0.61432701
vt 0.25611499 0.61676598
vt 0.25832799 0.61800998
vt 0.25957099 0.61618203
vt 0.25736701 0.61228698
vt 0.25447699 0.61536902
vt 0.25611499 0.61676598
vt 0.25868100 0.61432701
vt 0.25392100 0.61101002
vt 0.25212100 0.61256403
vt 0.25447699 0.61536902
vt 0.25736701 0.61228698
vt 0.26175299 0.60766202
vt 0.25477999 0.60848403
vt 0.25392100 0.61101002
vt 0.25736701 0.61228698
vt 0.25212100 0.61256403
vt 0.25392100 0.61101002
vt 0.25477999 0.60848403
vt 0.25202700 0.60984898
vt 0.25447699 0.61536902
vt 0.25212100 0.61256403
vt 0.25047901 0.61396700
vt 0.25273001 0.61726999
vt 0.25047901 0.61396700
vt 0.25212100 0.61256403
vt 0.25202700 0.60984898
vt 0.25007901 0.61097002
vt 0.25447699 0.61536902
vt 0.25273001 0.61726999
vt 0.25460401 0.61842799
vt 0.25611499 0.61676598
vt 0.25611499 0.61676598
vt 0.25460401 0.61842799
vt 0.25727901 0.61954403
vt 0.25832799 0.61800998
vt 0.25832799 0.61800998
vt 0.25727901 0.61954403
vt 0.26093900 0.62059802
vt 0.26158401 0.61869699
vt 0.25727901 0.61954403
vt 0.25669301 0.62055498
vt 0.26057801 0.62173402
vt 0.26093900 0.62059802
vt 0.26057801 0.62173402
vt 0.26035500 0.62264103
vt 0.26502901 0.62365502
vt 0.26510599 0.62274897
vt 0.27000299 0.62525201
vt 0.26992601 0.62423599
vt 0.26502901 0.62365502
vt 0.26495501 0.62471098
vt 0.26495501 0.62471098
vt 0.26502901 0.62365502
vt 0.26035500 0.62264103
vt 0.26012000 0.62372100
vt 0.26488301 0.62592101
vt 0.26495501 0.62471098
vt 0.26012000 0.62372100
vt 0.25986299 0.62496901
vt 0.27010399 0.62641299
vt 0.27000299 0.62525201
vt 0.26495501 0.62471098
vt 0.26488301 0.62592101
vt 0.27524099 0.62627602
vt 0.27497199 0.62517297
vt 0.27000299 0.62525201
vt 0.27010399 0.62641299
vt 0.27497199 0.62517297
vt 0.27475199 0.62420398
vt 0.26992601 0.62423599
vt 0.27000299 0.62525201
vt 0.27972901 0.62435699
vt 0.27936599 0.62343502
vt 0.27475199 0.62420398
vt 0.27497199 0.62517297
vt 0.27022099 0.62763000
vt 0.27010399 0.62641299
vt 0.26488301 0.62592101
vt 0.26481399 0.62719703
vt 0.26481399 0.62719703
vt 0.26488301 0.62592101
vt 0.25986299 0.62496901
vt 0.25960499 0.62629300
vt 0.28226700 0.58994299
vt 0.27637199 0.58927202
vt 0.26961899 0.59910703
vt 0.28197700 0.59530997
vt 0.27289000 0.58540797
vt 0.26803899 0.58809203
vt 0.26961899 0.59910703
vt 0.27637199 0.58927202
vt 0.26316401 0.58643299
vt 0.26212499 0.59019601
vt 0.26961899 0.59910703
vt 0.26803899 0.58809203
vt 0.27126101 0.58118802
vt 0.26706001 0.58238500
vt 0.26803899 0.58809203
vt 0.27289000 0.58540797
vt 0.26303700 0.58218300
vt 0.26316401 0.58643299
vt 0.26803899 0.58809203
vt 0.26706001 0.58238500
vt 0.26031101 0.58153498
vt 0.25932601 0.58336401
vt 0.26316401 0.58643299
vt 0.26303700 0.58218300
vt 0.26706001 0.58238500
vt 0.26653099 0.57867801
vt 0.26245999 0.57909900
vt 0.26303700 0.58218300
vt 0.26303700 0.58218300
vt 0.26245999 0.57909900
vt 0.25914699 0.57963699
vt 0.26031101 0.58153498
vt 0.26653099 0.57867801
vt 0.26629201 0.57644898
vt 0.26190701 0.57715702
vt 0.26245999 0.57909900
vt 0.27085099 0.57801801
vt 0.27091599 0.57599002
vt 0.26629201 0.57644898
vt 0.26653099 0.57867801
vt 0.27126101 0.58118802
vt 0.27085099 0.57801801
vt 0.26653099 0.57867801
vt 0.26706001 0.58238500
vt 0.26629201 0.57644898
vt 0.26620501 0.57520097
vt 0.26160100 0.57599598
vt 0.26190701 0.57715702
vt 0.27432400 0.57997501
vt 0.27492699 0.57785600
vt 0.27085099 0.57801801
vt 0.27126101 0.58118802
vt 0.27492699 0.57785600
vt 0.27542901 0.57610601
vt 0.27091599 0.57599002
vt 0.27085099 0.57801801
vt 0.27864099 0.57889700
vt 0.27966300 0.57705998
vt 0.27542901 0.57610601
vt 0.27492699 0.57785600
vt 0.27658799 0.58173400
vt 0.27864099 0.57889700
vt 0.27492699 0.57785600
vt 0.27432400 0.57997501
vt 0.27432400 0.57997501
vt 0.27126101 0.58118802
vt 0.27289000 0.58540797
vt 0.27658799 0.58173400
vt 0.28002700 0.58397502
vt 0.28233901 0.58063000
vt 0.27864099 0.57889700
vt 0.27658799 0.58173400
vt 0.27658799 0.58173400
vt 0.27289000 0.58540797
vt 0.27637199 0.58927202
vt 0.28002700 0.58397502
vt 0.28415301 0.58540601
vt 0.28604701 0.58250701
vt 0.28233901 0.58063000
vt 0.28002700 0.58397502
vt 0.28415301 0.58540601
vt 0.28002700 0.58397502
vt 0.27637199 0.58927202
vt 0.28226700 0.58994299
vt 0.28725299 0.58624601
vt 0.28415301 0.58540601
vt 0.28226700 0.58994299
vt 0.28764901 0.58915699
vt 0.28725299 0.58624601
vt 0.28915599 0.58479702
vt 0.28604701 0.58250701
vt 0.28415301 0.58540601
vt 0.28915599 0.58479702
vt 0.29071301 0.58358800
vt 0.28742200 0.58084601
vt 0.28604701 0.58250701
vt 0.28604701 0.58250701
vt 0.28742200 0.58084601
vt 0.28366500 0.57869601
vt 0.28233901 0.58063000
vt 0.28742200 0.58084601
vt 0.28822100 0.57993400
vt 0.28436401 0.57765299
vt 0.28366500 0.57869601
vt 0.29071301 0.58358800
vt 0.29163799 0.58285499
vt 0.28822100 0.57993400
vt 0.28742200 0.58084601
vt 0.28233901 0.58063000
vt 0.28366500 0.57869601
vt 0.27966300 0.57705998
vt 0.27864099 0.57889700
vt 0.29122701 0.58799303
vt 0.29332399 0.58701998
vt 0.29071301 0.58358800
vt 0.28915599 0.58479702
vt 0.29332399 0.58701998
vt 0.29447401 0.58642203
vt 0.29163799 0.58285499
vt 0.29071301 0.58358800
vt 0.29163799 0.58285499
vt 0.29234001 0.58229101
vt 0.28880799 0.57927501
vt 0.28822100 0.57993400
vt 0.29447401 0.58642203
vt 0.29529601 0.58596802
vt 0.29234001 0.58229101
vt 0.29163799 0.58285499
vt 0.29529601 0.59100598
vt 0.29662600 0.59055001
vt 0.29447401 0.58642203
vt 0.29332399 0.58701998
vt 0.29662600 0.59055001
vt 0.29754400 0.59022897
vt 0.29529601 0.58596802
vt 0.29447401 0.58642203
vt 0.29664600 0.59531301
vt 0.29797399 0.59507501
vt 0.29662600 0.59055001
vt 0.29529601 0.59100598
vt 0.29797399 0.59507501
vt 0.29893801 0.59491700
vt 0.29754400 0.59022897
vt 0.29662600 0.59055001
vt 0.29430899 0.59581202
vt 0.29664600 0.59531301
vt 0.29529601 0.59100598
vt 0.29282200 0.59183598
vt 0.29282200 0.59183598
vt 0.29529601 0.59100598
vt 0.29332399 0.58701998
vt 0.29122701 0.58799303
vt 0.29067799 0.59700000
vt 0.29430899 0.59581202
vt 0.29282200 0.59183598
vt 0.28859699 0.59321398
vt 0.28859699 0.59321398
vt 0.29282200 0.59183598
vt 0.29122701 0.58799303
vt 0.28764901 0.58915699
vt 0.28764901 0.58915699
vt 0.29122701 0.58799303
vt 0.28915599 0.58479702
vt 0.28725299 0.58624601
vt 0.28764901 0.58915699
vt 0.28226700 0.58994299
vt 0.28197700 0.59530997
vt 0.28859699 0.59321398
vt 0.29067799 0.59700000
vt 0.28859699 0.59321398
vt 0.28197700 0.59530997
vt 0.28589499 0.59949201
vt 0.29861400 0.58985800
vt 0.29754400 0.59022897
vt 0.29893801 0.59491700
vt 0.30007401 0.59473699
vt 0.29626101 0.58543497
vt 0.29529601 0.58596802
vt 0.29754400 0.59022897
vt 0.29861400 0.58985800
vt 0.29987901 0.58943498
vt 0.29861400 0.58985800
vt 0.30007401 0.59473699
vt 0.30140999 0.59453303
vt 0.29741099 0.58483100
vt 0.29626101 0.58543497
vt 0.29861400 0.58985800
vt 0.29987901 0.58943498
vt 0.30126801 0.58900601
vt 0.29987901 0.58943498
vt 0.30140999 0.59453303
vt 0.30286300 0.59432501
vt 0.29868901 0.58421600
vt 0.29741099 0.58483100
vt 0.29987901 0.58943498
vt 0.30126801 0.58900601
vt 0.29418099 0.58088303
vt 0.29317799 0.58162999
vt 0.29626101 0.58543497
vt 0.29741099 0.58483100
vt 0.30140999 0.59453303
vt 0.30007401 0.59473699
vt 0.30050400 0.59984702
vt 0.30186099 0.59987998
vt 0.30286300 0.59432501
vt 0.30140999 0.59453303
vt 0.30186099 0.59987998
vt 0.30333099 0.59991598
vt 0.30579901 0.59399003
vt 0.30414900 0.58829200
vt 0.30126801 0.58900601
vt 0.30286300 0.59432501
vt 0.30626100 0.59998798
vt 0.30579901 0.59399003
vt 0.30286300 0.59432501
vt 0.30333099 0.59991598
vt 0.30550599 0.60595500
vt 0.30626100 0.59998798
vt 0.30333099 0.59991598
vt 0.30259100 0.60547602
vt 0.30333099 0.59991598
vt 0.30186099 0.59987998
vt 0.30114999 0.60519898
vt 0.30259100 0.60547602
vt 0.30357999 0.61156499
vt 0.30550599 0.60595500
vt 0.30259100 0.60547602
vt 0.30073699 0.61071098
vt 0.30259100 0.60547602
vt 0.30114999 0.60519898
vt 0.29937100 0.61021399
vt 0.30073699 0.61071098
vt 0.30684599 0.60613400
vt 0.30759299 0.60001999
vt 0.30626100 0.59998798
vt 0.30550599 0.60595500
vt 0.30492401 0.61187899
vt 0.30684599 0.60613400
vt 0.30550599 0.60595500
vt 0.30357999 0.61156499
vt 0.30061001 0.61652702
vt 0.30357999 0.61156499
vt 0.30073699 0.61071098
vt 0.29792699 0.61536700
vt 0.30192599 0.61695701
vt 0.30492401 0.61187899
vt 0.30357999 0.61156499
vt 0.30061001 0.61652702
vt 0.29677799 0.62068897
vt 0.30061001 0.61652702
vt 0.29792699 0.61536700
vt 0.29435199 0.61928803
vt 0.29800999 0.62122399
vt 0.30192599 0.61695701
vt 0.30061001 0.61652702
vt 0.29677799 0.62068897
vt 0.29792699 0.61536700
vt 0.29668099 0.61469001
vt 0.29326200 0.61847299
vt 0.29435199 0.61928803
vt 0.30073699 0.61071098
vt 0.29937100 0.61021399
vt 0.29668099 0.61469001
vt 0.29792699 0.61536700
vt 0.29668099 0.61469001
vt 0.29556301 0.61403102
vt 0.29229701 0.61767799
vt 0.29326200 0.61847299
vt 0.29937100 0.61021399
vt 0.29812801 0.60973102
vt 0.29556301 0.61403102
vt 0.29668099 0.61469001
vt 0.30114999 0.60519898
vt 0.29982501 0.60492897
vt 0.29812801 0.60973102
vt 0.29937100 0.61021399
vt 0.29982501 0.60492897
vt 0.29869899 0.60469401
vt 0.29707801 0.60930699
vt 0.29812801 0.60973102
vt 0.29812801 0.60973102
vt 0.29707801 0.60930699
vt 0.29462400 0.61345100
vt 0.29556301 0.61403102
vt 0.30186099 0.59987998
vt 0.30050400 0.59984702
vt 0.29982501 0.60492897
vt 0.30114999 0.60519898
vt 0.30050400 0.59984702
vt 0.29934999 0.59981900
vt 0.29869899 0.60469401
vt 0.29982501 0.60492897
vt 0.29774401 0.60448903
vt 0.29869899 0.60469401
vt 0.29934999 0.59981900
vt 0.29837900 0.59979498
vt 0.29837900 0.59979498
vt 0.29934999 0.59981900
vt 0.29893801 0.59491700
vt 0.29797399 0.59507501
vt 0.30007401 0.59473699
vt 0.29893801 0.59491700
vt 0.29934999 0.59981900
vt 0.30050400 0.59984702
vt 0.29556301 0.61403102
vt 0.29462400 0.61345100
vt 0.29149401 0.61697698
vt 0.29229701 0.61767799
vt 0.29326200 0.61847299
vt 0.29229701 0.61767799
vt 0.28847799 0.62060601
vt 0.28927201 0.62150598
vt 0.29435199 0.61928803
vt 0.29326200 0.61847299
vt 0.28927201 0.62150598
vt 0.29017699 0.62243003
vt 0.29223600 0.62405699
vt 0.29677799 0.62068897
vt 0.29435199 0.61928803
vt 0.29017699 0.62243003
vt 0.28717801 0.62666798
vt 0.29223600 0.62405699
vt 0.29017699 0.62243003
vt 0.28557000 0.62482297
vt 0.28802299 0.62745899
vt 0.29330599 0.62471199
vt 0.29223600 0.62405699
vt 0.28717801 0.62666798
vt 0.29330599 0.62471199
vt 0.29800999 0.62122399
vt 0.29677799 0.62068897
vt 0.29223600 0.62405699
vt 0.29429200 0.62525100
vt 0.29913101 0.62164599
vt 0.29800999 0.62122399
vt 0.29330599 0.62471199
vt 0.28880599 0.62813401
vt 0.29429200 0.62525100
vt 0.29330599 0.62471199
vt 0.28802299 0.62745899
vt 0.28290600 0.63024497
vt 0.28880599 0.62813401
vt 0.28802299 0.62745899
vt 0.28236800 0.62944198
vt 0.28236800 0.62944198
vt 0.28802299 0.62745899
vt 0.28717801 0.62666798
vt 0.28178799 0.62852699
vt 0.28334600 0.63088000
vt 0.28944400 0.62865698
vt 0.28880599 0.62813401
vt 0.28290600 0.63024497
vt 0.28944400 0.62865698
vt 0.29508999 0.62565500
vt 0.29429200 0.62525100
vt 0.28880599 0.62813401
vt 0.28944400 0.62865698
vt 0.28986499 0.62899703
vt 0.29561201 0.62591499
vt 0.29508999 0.62565500
vt 0.28334600 0.63088000
vt 0.28363800 0.63129699
vt 0.28986499 0.62899703
vt 0.28944400 0.62865698
vt 0.27704000 0.63224500
vt 0.27719900 0.63271803
vt 0.28363800 0.63129699
vt 0.28334600 0.63088000
vt 0.27704000 0.63224500
vt 0.28334600 0.63088000
vt 0.28290600 0.63024497
vt 0.27680400 0.63152999
vt 0.27070299 0.63279498
vt 0.27704000 0.63224500
vt 0.27680400 0.63152999
vt 0.27063501 0.63202202
vt 0.27070299 0.63279498
vt 0.27076101 0.63330299
vt 0.27719900 0.63271803
vt 0.27704000 0.63224500
vt 0.27063501 0.63202202
vt 0.27680400 0.63152999
vt 0.27651301 0.63063300
vt 0.27055401 0.63105500
vt 0.27680400 0.63152999
vt 0.28290600 0.63024497
vt 0.28236800 0.62944198
vt 0.27651301 0.63063300
vt 0.26439399 0.63273001
vt 0.27070299 0.63279498
vt 0.27063501 0.63202202
vt 0.26446000 0.63187897
vt 0.27719900 0.63271803
vt 0.27728999 0.63298798
vt 0.28380200 0.63153499
vt 0.28363800 0.63129699
vt 0.27076101 0.63330299
vt 0.27079701 0.63359201
vt 0.27728999 0.63298798
vt 0.27719900 0.63271803
vt 0.26443201 0.63328600
vt 0.26445901 0.63359702
vt 0.27079701 0.63359201
vt 0.27076101 0.63330299
vt 0.26439399 0.63273001
vt 0.26443201 0.63328600
vt 0.27076101 0.63330299
vt 0.27070299 0.63279498
vt 0.25817499 0.63239300
vt 0.25838199 0.63306803
vt 0.26443201 0.63328600
vt 0.26439399 0.63273001
vt 0.25838199 0.63306803
vt 0.25847501 0.63343197
vt 0.26445901 0.63359702
vt 0.26443201 0.63328600
vt 0.26445901 0.63359702
vt 0.26437300 0.63383597
vt 0.27081099 0.63376802
vt 0.27079701 0.63359201
vt 0.25847501 0.63343197
vt 0.25812900 0.63387102
vt 0.26437300 0.63383597
vt 0.26445901 0.63359702
vt 0.00756400 0.51099497
vt 0.00832400 0.51115000
vt 0.00527000 0.50554299
vt 0.00495300 0.50555700
vt 0.00495300 0.50555700
vt 0.00527000 0.50554299
vt 0.00327300 0.49924901
vt 0.00307700 0.49928999
vt 0.00307700 0.49928999
vt 0.00327300 0.49924901
vt 0.00249900 0.49244899
vt 0.00231700 0.49246299
vt 0.27079701 0.63359201
vt 0.27081099 0.63376802
vt 0.27733999 0.63314497
vt 0.27728999 0.63298798
vt 0.00231700 0.49246299
vt 0.00249900 0.49244899
vt 0.00307500 0.48534900
vt 0.00289500 0.48532799
vt 0.27728999 0.63298798
vt 0.27733999 0.63314497
vt 0.28388399 0.63167500
vt 0.28380200 0.63153499
vt 0.00289500 0.48532799
vt 0.00307500 0.48534900
vt 0.00489300 0.47838899
vt 0.00472300 0.47833800
vt 0.28380200 0.63153499
vt 0.28388399 0.63167500
vt 0.29021001 0.62930501
vt 0.29009801 0.62918901
vt 0.28363800 0.63129699
vt 0.28380200 0.63153499
vt 0.29009801 0.62918901
vt 0.28986499 0.62899703
vt 0.29009801 0.62918901
vt 0.29021001 0.62930501
vt 0.29603299 0.62614399
vt 0.29589900 0.62605798
vt 0.28986499 0.62899703
vt 0.29009801 0.62918901
vt 0.29589900 0.62605798
vt 0.29561201 0.62591499
vt 0.29561201 0.62591499
vt 0.29589900 0.62605798
vt 0.30093500 0.62225199
vt 0.30061701 0.62214899
vt 0.29589900 0.62605798
vt 0.29603299 0.62614399
vt 0.30108199 0.62230802
vt 0.30093500 0.62225199
vt 0.29508999 0.62565500
vt 0.29561201 0.62591499
vt 0.30061701 0.62214899
vt 0.30002901 0.62195402
vt 0.30002901 0.62195402
vt 0.30061701 0.62214899
vt 0.30465800 0.61767799
vt 0.30404499 0.61752898
vt 0.30061701 0.62214899
vt 0.30093500 0.62225199
vt 0.30498901 0.61775398
vt 0.30465800 0.61767799
vt 0.30002901 0.62195402
vt 0.30404499 0.61752898
vt 0.30310601 0.61729002
vt 0.29913101 0.62164599
vt 0.29508999 0.62565500
vt 0.30002901 0.62195402
vt 0.29913101 0.62164599
vt 0.29429200 0.62525100
vt 0.29913101 0.62164599
vt 0.30310601 0.61729002
vt 0.30192599 0.61695701
vt 0.29800999 0.62122399
vt 0.30310601 0.61729002
vt 0.30611199 0.61212099
vt 0.30492401 0.61187899
vt 0.30192599 0.61695701
vt 0.30404499 0.61752898
vt 0.30704999 0.61229402
vt 0.30611199 0.61212099
vt 0.30310601 0.61729002
vt 0.30704999 0.61229402
vt 0.30893800 0.60637200
vt 0.30801901 0.60627300
vt 0.30611199 0.61212099
vt 0.30611199 0.61212099
vt 0.30801901 0.60627300
vt 0.30684599 0.60613400
vt 0.30492401 0.61187899
vt 0.30704999 0.61229402
vt 0.30766001 0.61240101
vt 0.30953699 0.60643399
vt 0.30893800 0.60637200
vt 0.30404499 0.61752898
vt 0.30465800 0.61767799
vt 0.30766001 0.61240101
vt 0.30704999 0.61229402
vt 0.30465800 0.61767799
vt 0.30498901 0.61775398
vt 0.30799001 0.61245298
vt 0.30766001 0.61240101
vt 0.30766001 0.61240101
vt 0.30799001 0.61245298
vt 0.30986199 0.60646302
vt 0.30953699 0.60643399
vt 0.30799001 0.61245298
vt 0.30814299 0.61247200
vt 0.31001601 0.60647398
vt 0.30986199 0.60646302
vt 0.30498901 0.61775398
vt 0.30513901 0.61778802
vt 0.30814299 0.61247200
vt 0.30799001 0.61245298
vt 0.30093500 0.62225199
vt 0.30108199 0.62230802
vt 0.30513901 0.61778802
vt 0.30498901 0.61775398
vt 0.01613600 0.46297401
vt 0.01624100 0.46310201
vt 0.02144800 0.46069500
vt 0.02137400 0.46054900
vt 0.01149600 0.46674201
vt 0.01162800 0.46684700
vt 0.01624100 0.46310201
vt 0.01613600 0.46297401
vt 0.00764000 0.47198200
vt 0.00779400 0.47206101
vt 0.01162800 0.46684700
vt 0.01149600 0.46674201
vt 0.01182900 0.46711299
vt 0.01162800 0.46684700
vt 0.00779400 0.47206101
vt 0.00804600 0.47227201
vt 0.01638400 0.46342301
vt 0.01624100 0.46310201
vt 0.01162800 0.46684700
vt 0.01182900 0.46711299
vt 0.01926600 0.47418100
vt 0.02179600 0.47212601
vt 0.01638400 0.46342301
vt 0.01182900 0.46711299
vt 0.01688300 0.47743899
vt 0.01926600 0.47418100
vt 0.01182900 0.46711299
vt 0.00804600 0.47227201
vt 0.01483900 0.48194900
vt 0.01688300 0.47743899
vt 0.00804600 0.47227201
vt 0.00518000 0.47853699
vt 0.00804600 0.47227201
vt 0.00779400 0.47206101
vt 0.00489300 0.47838899
vt 0.00518000 0.47853699
vt 0.01352100 0.48709500
vt 0.01483900 0.48194900
vt 0.00518000 0.47853699
vt 0.00337800 0.48541701
vt 0.00518000 0.47853699
vt 0.00489300 0.47838899
vt 0.00307500 0.48534900
vt 0.00337800 0.48541701
vt 0.00472300 0.47833800
vt 0.00489300 0.47838899
vt 0.00779400 0.47206101
vt 0.00764000 0.47198200
vt 0.01312200 0.49218199
vt 0.01352100 0.48709500
vt 0.00337800 0.48541701
vt 0.00280700 0.49242800
vt 0.00337800 0.48541701
vt 0.00307500 0.48534900
vt 0.00249900 0.49244899
vt 0.00280700 0.49242800
vt 0.01366800 0.49682501
vt 0.01312200 0.49218199
vt 0.00280700 0.49242800
vt 0.00358700 0.49914101
vt 0.00280700 0.49242800
vt 0.00249900 0.49244899
vt 0.00327300 0.49924901
vt 0.00358700 0.49914101
vt 0.01507000 0.50100899
vt 0.01366800 0.49682501
vt 0.00358700 0.49914101
vt 0.00564900 0.50535500
vt 0.00358700 0.49914101
vt 0.00327300 0.49924901
vt 0.00527000 0.50554299
vt 0.00564900 0.50535500
vt 0.01707000 0.50452501
vt 0.01507000 0.50100899
vt 0.00564900 0.50535500
vt 0.00889300 0.51084298
vt 0.00564900 0.50535500
vt 0.00527000 0.50554299
vt 0.00832400 0.51115000
vt 0.00889300 0.51084298
vt 0.00889300 0.51084298
vt 0.00832400 0.51115000
vt 0.01262500 0.51615602
vt 0.01323600 0.51518101
vt 0.01944300 0.50708002
vt 0.01707000 0.50452501
vt 0.00889300 0.51084298
vt 0.01323600 0.51518101
vt 0.01323600 0.51518101
vt 0.01262500 0.51615602
vt 0.01833600 0.51863402
vt 0.01842800 0.51778603
vt 0.02237500 0.50888503
vt 0.01944300 0.50708002
vt 0.01323600 0.51518101
vt 0.01842800 0.51778603
vt 0.02600500 0.51023602
vt 0.02237500 0.50888503
vt 0.01842800 0.51778603
vt 0.02369500 0.51920801
vt 0.02995400 0.51111501
vt 0.02600500 0.51023602
vt 0.02369500 0.51920801
vt 0.02886100 0.51995200
vt 0.03389700 0.51139998
vt 0.02995400 0.51111501
vt 0.02886100 0.51995200
vt 0.03393600 0.52017599
vt 0.03778900 0.51113701
vt 0.03389700 0.51139998
vt 0.03393600 0.52017599
vt 0.03898900 0.51985300
vt 0.04161700 0.51025403
vt 0.03778900 0.51113701
vt 0.03898900 0.51985300
vt 0.04410500 0.51900101
vt 0.04508800 0.50881398
vt 0.04161700 0.51025403
vt 0.04410500 0.51900101
vt 0.04929600 0.51744998
vt 0.04787200 0.50687701
vt 0.04508800 0.50881398
vt 0.04929600 0.51744998
vt 0.05437900 0.51469898
vt 0.05011400 0.50421101
vt 0.04787200 0.50687701
vt 0.05437900 0.51469898
vt 0.05856900 0.51022202
vt 0.05199800 0.50058699
vt 0.05011400 0.50421101
vt 0.05856900 0.51022202
vt 0.06163700 0.50461501
vt 0.05327400 0.49629599
vt 0.05199800 0.50058699
vt 0.06163700 0.50461501
vt 0.06351400 0.49830401
vt 0.05370500 0.49158400
vt 0.05327400 0.49629599
vt 0.06351400 0.49830401
vt 0.06409600 0.49152100
vt 0.05316600 0.48645800
vt 0.05370500 0.49158400
vt 0.06409600 0.49152100
vt 0.06330900 0.48447400
vt 0.05169000 0.48131201
vt 0.05316600 0.48645800
vt 0.06330900 0.48447400
vt 0.06127900 0.47760400
vt 0.04950600 0.47686800
vt 0.05169000 0.48131201
vt 0.06127900 0.47760400
vt 0.05819300 0.47140500
vt 0.04701800 0.47369000
vt 0.04950600 0.47686800
vt 0.05819300 0.47140500
vt 0.05422100 0.46636301
vt 0.04441800 0.47172400
vt 0.04701800 0.47369000
vt 0.05422100 0.46636301
vt 0.04952900 0.46282801
vt 0.04133000 0.47043699
vt 0.04441800 0.47172400
vt 0.04952900 0.46282801
vt 0.04428800 0.46065101
vt 0.03748900 0.46969101
vt 0.04133000 0.47043699
vt 0.04428800 0.46065101
vt 0.03867700 0.45956501
vt 0.03306400 0.46950799
vt 0.03748900 0.46969101
vt 0.03867700 0.45956501
vt 0.03288200 0.45932600
vt 0.02864800 0.46984801
vt 0.03306400 0.46950799
vt 0.03288200 0.45932600
vt 0.02710100 0.45977399
vt 0.02483600 0.47073001
vt 0.02864800 0.46984801
vt 0.02710100 0.45977399
vt 0.02153700 0.46106201
vt 0.02179600 0.47212601
vt 0.02483600 0.47073001
vt 0.02153700 0.46106201
vt 0.01638400 0.46342301
vt 0.02153700 0.46106201
vt 0.02144800 0.46069500
vt 0.01624100 0.46310201
vt 0.01638400 0.46342301
vt 0.02710100 0.45977399
vt 0.02705600 0.45938301
vt 0.02144800 0.46069500
vt 0.02153700 0.46106201
vt 0.02137400 0.46054900
vt 0.02144800 0.46069500
vt 0.02705600 0.45938301
vt 0.02701700 0.45922500
vt 0.02701700 0.45922500
vt 0.02705600 0.45938301
vt 0.03287500 0.45892701
vt 0.03287200 0.45876399
vt 0.03288200 0.45932600
vt 0.03287500 0.45892701
vt 0.02705600 0.45938301
vt 0.02710100 0.45977399
vt 0.30986199 0.60646302
vt 0.31001601 0.60647398
vt 0.31073201 0.60009700
vt 0.31057701 0.60009402
vt 0.31057701 0.60009402
vt 0.31073201 0.60009700
vt 0.31032899 0.59369302
vt 0.31017399 0.59369498
vt 0.03287200 0.45876399
vt 0.03287500 0.45892701
vt 0.03870800 0.45917100
vt 0.03874100 0.45901200
vt 0.30953699 0.60643399
vt 0.30986199 0.60646302
vt 0.31057701 0.60009402
vt 0.31025401 0.60008597
vt 0.31025401 0.60008597
vt 0.31057701 0.60009402
vt 0.31017399 0.59369498
vt 0.30984899 0.59370899
vt 0.30893800 0.60637200
vt 0.30953699 0.60643399
vt 0.31025401 0.60008597
vt 0.30966100 0.60007101
vt 0.30966100 0.60007101
vt 0.31025401 0.60008597
vt 0.30984899 0.59370899
vt 0.30924699 0.59374201
vt 0.30893800 0.60637200
vt 0.30966100 0.60007101
vt 0.30875301 0.60004902
vt 0.30801901 0.60627300
vt 0.30966100 0.60007101
vt 0.30924699 0.59374201
vt 0.30832499 0.59379500
vt 0.30875301 0.60004902
vt 0.30924699 0.59374201
vt 0.30765101 0.58773500
vt 0.30670699 0.58786100
vt 0.30832499 0.59379500
vt 0.30924699 0.59374201
vt 0.30984899 0.59370899
vt 0.30826601 0.58765799
vt 0.30765101 0.58773500
vt 0.30765101 0.58773500
vt 0.30490801 0.58235800
vt 0.30395800 0.58254999
vt 0.30670699 0.58786100
vt 0.30765101 0.58773500
vt 0.30826601 0.58765799
vt 0.30552700 0.58223897
vt 0.30490801 0.58235800
vt 0.30984899 0.59370899
vt 0.31017399 0.59369498
vt 0.30859900 0.58762199
vt 0.30826601 0.58765799
vt 0.30826601 0.58765799
vt 0.30859900 0.58762199
vt 0.30586100 0.58218002
vt 0.30552700 0.58223897
vt 0.30552700 0.58223897
vt 0.30586100 0.58218002
vt 0.30203500 0.57748699
vt 0.30171201 0.57757401
vt 0.30490801 0.58235800
vt 0.30552700 0.58223897
vt 0.30171201 0.57757401
vt 0.30111501 0.57773900
vt 0.30111501 0.57773900
vt 0.30171201 0.57757401
vt 0.29689899 0.57356298
vt 0.29636300 0.57379597
vt 0.30171201 0.57757401
vt 0.30203500 0.57748699
vt 0.29719201 0.57343501
vt 0.29689899 0.57356298
vt 0.29636300 0.57379597
vt 0.29689899 0.57356298
vt 0.29130900 0.57019597
vt 0.29087099 0.57051498
vt 0.29689899 0.57356298
vt 0.29719201 0.57343501
vt 0.29155099 0.57001501
vt 0.29130900 0.57019597
vt 0.29719201 0.57343501
vt 0.29733101 0.57335502
vt 0.29166901 0.56990498
vt 0.29155099 0.57001501
vt 0.30203500 0.57748699
vt 0.30218500 0.57743800
vt 0.29733101 0.57335502
vt 0.29719201 0.57343501
vt 0.05858900 0.47110099
vt 0.05843700 0.47118601
vt 0.06156200 0.47744599
vt 0.06173100 0.47738901
vt 0.05454200 0.46597999
vt 0.05441300 0.46608999
vt 0.05843700 0.47118601
vt 0.05858900 0.47110099
vt 0.04976200 0.46237001
vt 0.04966100 0.46250200
vt 0.05441300 0.46608999
vt 0.05454200 0.46597999
vt 0.30586100 0.58218002
vt 0.30601299 0.58215398
vt 0.30218500 0.57743800
vt 0.30203500 0.57748699
vt 0.04443200 0.46013200
vt 0.04436400 0.46028101
vt 0.04966100 0.46250200
vt 0.04976200 0.46237001
vt 0.30859900 0.58762199
vt 0.30875200 0.58761001
vt 0.30601299 0.58215398
vt 0.30586100 0.58218002
vt 0.31017399 0.59369498
vt 0.31032899 0.59369302
vt 0.30875200 0.58761001
vt 0.30859900 0.58762199
vt 0.03874100 0.45901200
vt 0.03870800 0.45917100
vt 0.04436400 0.46028101
vt 0.04443200 0.46013200
vt 0.04428800 0.46065101
vt 0.04436400 0.46028101
vt 0.03870800 0.45917100
vt 0.03867700 0.45956501
vt 0.04952900 0.46282801
vt 0.04966100 0.46250200
vt 0.04436400 0.46028101
vt 0.04428800 0.46065101
vt 0.03867700 0.45956501
vt 0.03870800 0.45917100
vt 0.03287500 0.45892701
vt 0.03288200 0.45932600
vt 0.05422100 0.46636301
vt 0.05441300 0.46608999
vt 0.04966100 0.46250200
vt 0.04952900 0.46282801
vt 0.05819300 0.47140500
vt 0.05843700 0.47118601
vt 0.05441300 0.46608999
vt 0.05422100 0.46636301
vt 0.06127900 0.47760400
vt 0.06156200 0.47744599
vt 0.05843700 0.47118601
vt 0.05819300 0.47140500
vt 0.06330900 0.48447400
vt 0.06361300 0.48439601
vt 0.06156200 0.47744599
vt 0.06127900 0.47760400
vt 0.06173100 0.47738901
vt 0.06156200 0.47744599
vt 0.06361300 0.48439601
vt 0.06379300 0.48436999
vt 0.06409600 0.49152100
vt 0.06440600 0.49153200
vt 0.06361300 0.48439601
vt 0.06330900 0.48447400
vt 0.06379300 0.48436999
vt 0.06361300 0.48439601
vt 0.06440600 0.49153200
vt 0.06459000 0.49154100
vt 0.28537601 0.56735301
vt 0.28546500 0.56721699
vt 0.27899700 0.56541401
vt 0.27893999 0.56556797
vt 0.29155099 0.57001501
vt 0.29166901 0.56990498
vt 0.28546500 0.56721699
vt 0.28537601 0.56735301
vt 0.28520000 0.56758302
vt 0.28537601 0.56735301
vt 0.27893999 0.56556797
vt 0.27883399 0.56583297
vt 0.29130900 0.57019597
vt 0.29155099 0.57001501
vt 0.28537601 0.56735301
vt 0.28520000 0.56758302
vt 0.28488699 0.56798500
vt 0.28520000 0.56758302
vt 0.27883399 0.56583297
vt 0.27865201 0.56629801
vt 0.29087099 0.57051498
vt 0.29130900 0.57019597
vt 0.28520000 0.56758302
vt 0.28488699 0.56798500
vt 0.27865201 0.56629801
vt 0.27883399 0.56583297
vt 0.27242300 0.56491500
vt 0.27233899 0.56541997
vt 0.27883399 0.56583297
vt 0.27893999 0.56556797
vt 0.27247599 0.56462699
vt 0.27242300 0.56491500
vt 0.27233899 0.56541997
vt 0.27242300 0.56491500
vt 0.26608700 0.56459397
vt 0.26601899 0.56514901
vt 0.27242300 0.56491500
vt 0.27247599 0.56462699
vt 0.26613200 0.56428498
vt 0.26608700 0.56459397
vt 0.27247599 0.56462699
vt 0.27249900 0.56445199
vt 0.26605901 0.56404102
vt 0.26613200 0.56428498
vt 0.27893999 0.56556797
vt 0.27899700 0.56541401
vt 0.27249900 0.56445199
vt 0.27247599 0.56462699
vt 0.06403000 0.49843800
vt 0.06383300 0.49840301
vt 0.06202400 0.50479198
vt 0.06234200 0.50479603
vt 0.06459000 0.49154100
vt 0.06440600 0.49153200
vt 0.06383300 0.49840301
vt 0.06403000 0.49843800
vt 0.06163700 0.50461501
vt 0.06202400 0.50479198
vt 0.06383300 0.49840301
vt 0.06351400 0.49830401
vt 0.06351400 0.49830401
vt 0.06383300 0.49840301
vt 0.06440600 0.49153200
vt 0.06409600 0.49152100
vt 0.05856900 0.51022202
vt 0.05914800 0.51051098
vt 0.06202400 0.50479198
vt 0.06163700 0.50461501
vt 0.06234200 0.50479603
vt 0.06202400 0.50479198
vt 0.05914800 0.51051098
vt 0.05990300 0.51033098
vt 0.05990300 0.51033098
vt 0.05914800 0.51051098
vt 0.05501900 0.51565099
vt 0.05748900 0.51457500
vt 0.05437900 0.51469898
vt 0.05501900 0.51565099
vt 0.05914800 0.51051098
vt 0.05856900 0.51022202
vt 0.26613200 0.56428498
vt 0.26605901 0.56404102
vt 0.25980699 0.56365597
vt 0.26012799 0.56411600
vt 0.26012799 0.56411600
vt 0.25980699 0.56365597
vt 0.25433901 0.56261998
vt 0.25491300 0.56357002
vt 0.05748900 0.51457500
vt 0.05501900 0.51565099
vt 0.05348200 0.51825202
vt 0.05613700 0.51740801
vt 0.25491300 0.56357002
vt 0.25433901 0.56261998
vt 0.25114399 0.56079000
vt 0.25119299 0.56229502
vt 0.25119299 0.56229502
vt 0.25114399 0.56079000
vt 0.24951400 0.55898798
vt 0.24865600 0.56024098
vt 0.05613700 0.51740801
vt 0.05348200 0.51825202
vt 0.05314500 0.52042800
vt 0.05573300 0.51978701
vt 0.05348200 0.51825202
vt 0.04923400 0.51956397
vt 0.04920800 0.52137899
vt 0.05314500 0.52042800
vt 0.05501900 0.51565099
vt 0.04941100 0.51828998
vt 0.04923400 0.51956397
vt 0.05348200 0.51825202
vt 0.04941100 0.51828998
vt 0.04417900 0.51969600
vt 0.04426200 0.52071202
vt 0.04923400 0.51956397
vt 0.04923400 0.51956397
vt 0.04426200 0.52071202
vt 0.04441500 0.52232599
vt 0.04920800 0.52137899
vt 0.04929600 0.51744998
vt 0.04941100 0.51828998
vt 0.05501900 0.51565099
vt 0.05437900 0.51469898
vt 0.04410500 0.51900101
vt 0.04417900 0.51969600
vt 0.04941100 0.51828998
vt 0.04929600 0.51744998
vt 0.04417900 0.51969600
vt 0.03903100 0.52050197
vt 0.03911700 0.52145398
vt 0.04426200 0.52071202
vt 0.03898900 0.51985300
vt 0.03903100 0.52050197
vt 0.04417900 0.51969600
vt 0.04410500 0.51900101
vt 0.03393600 0.52017599
vt 0.03394200 0.52081603
vt 0.03903100 0.52050197
vt 0.03898900 0.51985300
vt 0.03903100 0.52050197
vt 0.03394200 0.52081603
vt 0.03395000 0.52175200
vt 0.03911700 0.52145398
vt 0.04426200 0.52071202
vt 0.03911700 0.52145398
vt 0.03924900 0.52299601
vt 0.04441500 0.52232599
vt 0.03911700 0.52145398
vt 0.03395000 0.52175200
vt 0.03396600 0.52327502
vt 0.03924900 0.52299601
vt 0.03394200 0.52081603
vt 0.02883100 0.52060503
vt 0.02876300 0.52156198
vt 0.03395000 0.52175200
vt 0.03395000 0.52175200
vt 0.02876300 0.52156198
vt 0.02866200 0.52311403
vt 0.03396600 0.52327502
vt 0.03396600 0.52327502
vt 0.02866200 0.52311403
vt 0.02851600 0.52553701
vt 0.03399300 0.52565598
vt 0.03924900 0.52299601
vt 0.03396600 0.52327502
vt 0.03399300 0.52565598
vt 0.03944500 0.52540302
vt 0.03399300 0.52565598
vt 0.02851600 0.52553701
vt 0.02803300 0.54738700
vt 0.03422800 0.54742098
vt 0.03944500 0.52540302
vt 0.03399300 0.52565598
vt 0.03422800 0.54742098
vt 0.04041600 0.54728901
vt 0.04441500 0.52232599
vt 0.03924900 0.52299601
vt 0.03944500 0.52540302
vt 0.04472800 0.52480000
vt 0.04472800 0.52480000
vt 0.03944500 0.52540302
vt 0.04041600 0.54728901
vt 0.04632700 0.54700100
vt 0.04041600 0.54728901
vt 0.04068100 0.55496901
vt 0.04675000 0.55470598
vt 0.04632700 0.54700100
vt 0.03422800 0.54742098
vt 0.03431200 0.55512798
vt 0.04068100 0.55496901
vt 0.04041600 0.54728901
vt 0.34776700 0.60856599
vt 0.34780100 0.60237199
vt 0.34006101 0.60226703
vt 0.34006101 0.60865098
vt 0.34780100 0.60237199
vt 0.34793401 0.59644902
vt 0.34022999 0.59618801
vt 0.34006101 0.60226703
vt 0.34793401 0.59644902
vt 0.34815899 0.59120703
vt 0.34046501 0.59084803
vt 0.34022999 0.59618801
vt 0.04632700 0.54700100
vt 0.04675000 0.55470598
vt 0.05210500 0.55436897
vt 0.05156900 0.54664600
vt 0.05156900 0.54664600
vt 0.05210500 0.55436897
vt 0.05625900 0.55405301
vt 0.05566900 0.54632300
vt 0.34815899 0.59120703
vt 0.34838799 0.58711499
vt 0.34067500 0.58670801
vt 0.34046501 0.59084803
vt 0.05343600 0.52325201
vt 0.04953600 0.52399498
vt 0.05156900 0.54664600
vt 0.05566900 0.54632300
vt 0.04953600 0.52399498
vt 0.04472800 0.52480000
vt 0.04632700 0.54700100
vt 0.05156900 0.54664600
vt 0.05314500 0.52042800
vt 0.04920800 0.52137899
vt 0.04953600 0.52399498
vt 0.05343600 0.52325201
vt 0.04920800 0.52137899
vt 0.04441500 0.52232599
vt 0.04472800 0.52480000
vt 0.04953600 0.52399498
vt 0.05573300 0.51978701
vt 0.05314500 0.52042800
vt 0.05343600 0.52325201
vt 0.05600400 0.52279198
vt 0.05600400 0.52279198
vt 0.05343600 0.52325201
vt 0.05566900 0.54632300
vt 0.05825100 0.54610002
vt 0.24647599 0.55716997
vt 0.24774000 0.55629498
vt 0.23504201 0.53049397
vt 0.23367301 0.53116298
vt 0.24865600 0.56024098
vt 0.24951400 0.55898798
vt 0.24774000 0.55629498
vt 0.24647599 0.55716997
vt 0.24833600 0.56060201
vt 0.24865600 0.56024098
vt 0.24647599 0.55716997
vt 0.24608500 0.55742502
vt 0.24608500 0.55742502
vt 0.24647599 0.55716997
vt 0.23367301 0.53116298
vt 0.23326699 0.53135997
vt 0.22972700 0.52298403
vt 0.22932801 0.52317798
vt 0.23326699 0.53135997
vt 0.23367301 0.53116298
vt 0.23107100 0.52232999
vt 0.22972700 0.52298403
vt 0.23367301 0.53116298
vt 0.23504201 0.53049397
vt 0.24547000 0.55773997
vt 0.24608500 0.55742502
vt 0.23326699 0.53135997
vt 0.23269500 0.53163499
vt 0.22932801 0.52317798
vt 0.22876300 0.52345097
vt 0.23269500 0.53163499
vt 0.23326699 0.53135997
vt 0.08520200 0.52319998
vt 0.08481400 0.52300102
vt 0.08076100 0.53095102
vt 0.08115600 0.53115302
vt 0.08575100 0.52348101
vt 0.08520200 0.52319998
vt 0.08115600 0.53115302
vt 0.08171200 0.53143603
vt 0.06799600 0.55647999
vt 0.06859400 0.55680299
vt 0.08171200 0.53143603
vt 0.08115600 0.53115302
vt 0.06761700 0.55622101
vt 0.06799600 0.55647999
vt 0.08115600 0.53115302
vt 0.08076100 0.53095102
vt 0.08481400 0.52300102
vt 0.08350800 0.52232999
vt 0.07943000 0.53026599
vt 0.08076100 0.53095102
vt 0.06639500 0.55533302
vt 0.06761700 0.55622101
vt 0.08076100 0.53095102
vt 0.07943000 0.53026599
vt 0.06458900 0.55793798
vt 0.06540400 0.55919099
vt 0.06761700 0.55622101
vt 0.06639500 0.55533302
vt 0.06540400 0.55919099
vt 0.06571100 0.55955303
vt 0.06799600 0.55647999
vt 0.06761700 0.55622101
vt 0.06294200 0.55967200
vt 0.06286000 0.56115198
vt 0.06540400 0.55919099
vt 0.06458900 0.55793798
vt 0.06286000 0.56115198
vt 0.06311600 0.56158799
vt 0.06571100 0.55955303
vt 0.06540400 0.55919099
vt 0.37646899 0.58858103
vt 0.37723300 0.58589399
vt 0.37486300 0.58637202
vt 0.37429899 0.58898097
vt 0.37429899 0.58898097
vt 0.37486300 0.58637202
vt 0.37185201 0.58619100
vt 0.37146401 0.58876902
vt 0.37902999 0.58696002
vt 0.38002801 0.58444899
vt 0.37723300 0.58589399
vt 0.37646899 0.58858103
vt 0.05975300 0.56139803
vt 0.05916500 0.56232297
vt 0.06286000 0.56115198
vt 0.06294200 0.55967200
vt 0.37902999 0.58696002
vt 0.37646899 0.58858103
vt 0.37527800 0.59288299
vt 0.37655300 0.59267098
vt 0.37646899 0.58858103
vt 0.37429899 0.58898097
vt 0.37345600 0.59295601
vt 0.37527800 0.59288299
vt 0.37655300 0.59267098
vt 0.37527800 0.59288299
vt 0.37425500 0.59790999
vt 0.37527800 0.59797102
vt 0.37527800 0.59288299
vt 0.37345600 0.59295601
vt 0.37262899 0.59779400
vt 0.37425500 0.59790999
vt 0.37740099 0.59276199
vt 0.37655300 0.59267098
vt 0.37527800 0.59797102
vt 0.37597999 0.59802902
vt 0.38000500 0.58757001
vt 0.37902999 0.58696002
vt 0.37655300 0.59267098
vt 0.37740099 0.59276199
vt 0.37597999 0.59802902
vt 0.37527800 0.59797102
vt 0.37458301 0.60316598
vt 0.37523600 0.60319602
vt 0.37527800 0.59797102
vt 0.37425500 0.59790999
vt 0.37362599 0.60309798
vt 0.37458301 0.60316598
vt 0.38495201 0.60033900
vt 0.38630301 0.59670901
vt 0.37740099 0.59276199
vt 0.37597999 0.59802902
vt 0.38407299 0.60428703
vt 0.38495201 0.60033900
vt 0.37597999 0.59802902
vt 0.37523600 0.60319602
vt 0.37523600 0.60319602
vt 0.37458301 0.60316598
vt 0.37437299 0.60827702
vt 0.37501299 0.60827100
vt 0.38378900 0.60823101
vt 0.38407299 0.60428703
vt 0.37523600 0.60319602
vt 0.37501299 0.60827100
vt 0.38405201 0.61212301
vt 0.38378900 0.60823101
vt 0.37501299 0.60827100
vt 0.37533599 0.61332399
vt 0.38493600 0.61595100
vt 0.38405201 0.61212301
vt 0.37533599 0.61332399
vt 0.37619001 0.61843997
vt 0.37533599 0.61332399
vt 0.37468699 0.61336601
vt 0.37549400 0.61851400
vt 0.37619001 0.61843997
vt 0.37501299 0.60827100
vt 0.37437299 0.60827702
vt 0.37468699 0.61336601
vt 0.37533599 0.61332399
vt 0.37468699 0.61336601
vt 0.37373599 0.61345297
vt 0.37447801 0.61859697
vt 0.37549400 0.61851400
vt 0.37437299 0.60827702
vt 0.37343699 0.60828602
vt 0.37373599 0.61345297
vt 0.37468699 0.61336601
vt 0.37343699 0.60828602
vt 0.37191299 0.60830098
vt 0.37219301 0.61358398
vt 0.37373599 0.61345297
vt 0.37373599 0.61345297
vt 0.37219301 0.61358398
vt 0.37286401 0.61875099
vt 0.37447801 0.61859697
vt 0.37549400 0.61851400
vt 0.37447801 0.61859697
vt 0.37562701 0.62357002
vt 0.37690100 0.62374598
vt 0.37447801 0.61859697
vt 0.37286401 0.61875099
vt 0.37381101 0.62354398
vt 0.37562701 0.62357002
vt 0.37690100 0.62374598
vt 0.37562701 0.62357002
vt 0.37694001 0.62781698
vt 0.37954101 0.62935400
vt 0.37562701 0.62357002
vt 0.37381101 0.62354398
vt 0.37476301 0.62748098
vt 0.37694001 0.62781698
vt 0.37774101 0.62363100
vt 0.37690100 0.62374598
vt 0.37954101 0.62935400
vt 0.38049200 0.62871403
vt 0.37619001 0.61843997
vt 0.37549400 0.61851400
vt 0.37690100 0.62374598
vt 0.37774101 0.62363100
vt 0.38831401 0.62220597
vt 0.38637701 0.61942101
vt 0.37774101 0.62363100
vt 0.38049200 0.62871403
vt 0.38637701 0.61942101
vt 0.38493600 0.61595100
vt 0.37619001 0.61843997
vt 0.37774101 0.62363100
vt 0.39098001 0.62444597
vt 0.38831401 0.62220597
vt 0.38049200 0.62871403
vt 0.38497099 0.63290298
vt 0.39460599 0.62633002
vt 0.39098001 0.62444597
vt 0.38497099 0.63290298
vt 0.39057899 0.63597202
vt 0.39889699 0.62760597
vt 0.39460599 0.62633002
vt 0.39057899 0.63597202
vt 0.39689001 0.63784599
vt 0.40360901 0.62803602
vt 0.39889699 0.62760597
vt 0.39689001 0.63784599
vt 0.40367401 0.63842702
vt 0.39057899 0.63597202
vt 0.39040199 0.63635701
vt 0.39679199 0.63816500
vt 0.39689001 0.63784599
vt 0.39689001 0.63784599
vt 0.39679199 0.63816500
vt 0.40366301 0.63873798
vt 0.40367401 0.63842702
vt 0.40365499 0.63892102
vt 0.40366301 0.63873798
vt 0.39679199 0.63816500
vt 0.39675599 0.63836300
vt 0.39675599 0.63836300
vt 0.39679199 0.63816500
vt 0.39040199 0.63635701
vt 0.39039800 0.63667601
vt 0.39039800 0.63667601
vt 0.39040199 0.63635701
vt 0.38468200 0.63348299
vt 0.38486201 0.63423699
vt 0.38497099 0.63290298
vt 0.38468200 0.63348299
vt 0.39040199 0.63635701
vt 0.39057899 0.63597202
vt 0.38486201 0.63423699
vt 0.38468200 0.63348299
vt 0.37954101 0.62935400
vt 0.38061699 0.63182402
vt 0.38049200 0.62871403
vt 0.37954101 0.62935400
vt 0.38468200 0.63348299
vt 0.38497099 0.63290298
vt 0.04835000 0.63153100
vt 0.04843000 0.63177001
vt 0.05463300 0.63193899
vt 0.05429900 0.63149500
vt 0.05429900 0.63149500
vt 0.05463300 0.63193899
vt 0.06008000 0.63275802
vt 0.05947400 0.63184100
vt 0.06331300 0.63442701
vt 0.06319700 0.63294601
vt 0.05947400 0.63184100
vt 0.06008000 0.63275802
vt 0.37694001 0.62781698
vt 0.37778401 0.63047200
vt 0.38061699 0.63182402
vt 0.37954101 0.62935400
vt 0.05440000 0.63113499
vt 0.05429900 0.63149500
vt 0.05947400 0.63184100
vt 0.05971900 0.63140702
vt 0.06319700 0.63294601
vt 0.06344400 0.63250500
vt 0.05971900 0.63140702
vt 0.05947400 0.63184100
vt 0.06578900 0.63484699
vt 0.06608500 0.63447702
vt 0.06344400 0.63250500
vt 0.06319700 0.63294601
vt 0.06501000 0.63612199
vt 0.06578900 0.63484699
vt 0.06319700 0.63294601
vt 0.06331300 0.63442701
vt 0.06344400 0.63250500
vt 0.06456200 0.63192701
vt 0.06104500 0.63045502
vt 0.05971900 0.63140702
vt 0.06608500 0.63447702
vt 0.06683300 0.63404602
vt 0.06456200 0.63192701
vt 0.06344400 0.63250500
vt 0.06809900 0.63341701
vt 0.06644400 0.63114101
vt 0.06456200 0.63192701
vt 0.06683300 0.63404602
vt 0.06644400 0.63114101
vt 0.06495300 0.62941903
vt 0.06104500 0.63045502
vt 0.06456200 0.63192701
vt 0.06967300 0.63266200
vt 0.06843300 0.63032699
vt 0.06644400 0.63114101
vt 0.06809900 0.63341701
vt 0.06843300 0.63032699
vt 0.06747200 0.62851697
vt 0.06495300 0.62941903
vt 0.06644400 0.63114101
vt 0.06495300 0.62941903
vt 0.06390400 0.62782902
vt 0.05987300 0.62881100
vt 0.06104500 0.63045502
vt 0.06747200 0.62851697
vt 0.06668300 0.62689197
vt 0.06390400 0.62782902
vt 0.06495300 0.62941903
vt 0.07693900 0.62685603
vt 0.07615100 0.62517899
vt 0.06747200 0.62851697
vt 0.06843300 0.63032699
vt 0.07004100 0.63658297
vt 0.06809900 0.63341701
vt 0.06683300 0.63404602
vt 0.06903700 0.63713199
vt 0.07138100 0.63585901
vt 0.06967300 0.63266200
vt 0.06809900 0.63341701
vt 0.07004100 0.63658297
vt 0.06967300 0.63266200
vt 0.07794200 0.62901598
vt 0.07693900 0.62685603
vt 0.06843300 0.63032699
vt 0.07933900 0.63204497
vt 0.07794200 0.62901598
vt 0.06967300 0.63266200
vt 0.07138100 0.63585901
vt 0.09178300 0.65682799
vt 0.07933900 0.63204497
vt 0.07138100 0.63585901
vt 0.08517900 0.66060102
vt 0.08517900 0.66060102
vt 0.07138100 0.63585901
vt 0.07004100 0.63658297
vt 0.08391600 0.66130102
vt 0.08517900 0.66060102
vt 0.08391600 0.66130102
vt 0.08824300 0.66908801
vt 0.08947200 0.66838998
vt 0.09577400 0.66471201
vt 0.09178300 0.65682799
vt 0.08517900 0.66060102
vt 0.08947200 0.66838998
vt 0.07933900 0.63204497
vt 0.09178300 0.65682799
vt 0.09352900 0.65550703
vt 0.08163300 0.63211101
vt 0.09763500 0.66374397
vt 0.09352900 0.65550703
vt 0.09178300 0.65682799
vt 0.09577400 0.66471201
vt 0.22225399 0.66951698
vt 0.22676000 0.66182500
vt 0.22024500 0.65786499
vt 0.21603100 0.66566700
vt 0.22024500 0.65786499
vt 0.21853100 0.65649301
vt 0.21418799 0.66464800
vt 0.21603100 0.66566700
vt 0.21853100 0.65649301
vt 0.21732000 0.65451598
vt 0.21199299 0.66344500
vt 0.21418799 0.66464800
vt 0.09985200 0.66260302
vt 0.09478800 0.65357101
vt 0.09352900 0.65550703
vt 0.09763500 0.66374397
vt 0.23104300 0.63339001
vt 0.21728300 0.65125400
vt 0.21732000 0.65451598
vt 0.21853100 0.65649301
vt 0.23333900 0.63338500
vt 0.23104300 0.63339001
vt 0.21853100 0.65649301
vt 0.22024500 0.65786499
vt 0.23481300 0.63039303
vt 0.23212300 0.63055998
vt 0.23104300 0.63339001
vt 0.23333900 0.63338500
vt 0.23212300 0.63055998
vt 0.21781600 0.64777797
vt 0.21728300 0.65125400
vt 0.23104300 0.63339001
vt 0.21199299 0.66344500
vt 0.21732000 0.65451598
vt 0.21728300 0.65125400
vt 0.21392800 0.65652698
vt 0.24121800 0.63740498
vt 0.23333900 0.63338500
vt 0.22024500 0.65786499
vt 0.22676000 0.66182500
vt 0.24121800 0.63740498
vt 0.24300900 0.63424498
vt 0.23481300 0.63039303
vt 0.23333900 0.63338500
vt 0.24121800 0.63740498
vt 0.24254200 0.63816398
vt 0.24456701 0.63504100
vt 0.24300900 0.63424498
vt 0.24121800 0.63740498
vt 0.22676000 0.66182500
vt 0.22800800 0.66255999
vt 0.24254200 0.63816398
vt 0.22800800 0.66255999
vt 0.22676000 0.66182500
vt 0.22225399 0.66951698
vt 0.22346701 0.67024899
vt 0.24254200 0.63816398
vt 0.22800800 0.66255999
vt 0.22893600 0.66310602
vt 0.24353400 0.63874000
vt 0.22893600 0.66310602
vt 0.22800800 0.66255999
vt 0.22346701 0.67024899
vt 0.22437200 0.67079198
vt 0.08391600 0.66130102
vt 0.08297500 0.66182202
vt 0.08732600 0.66960597
vt 0.08824300 0.66908801
vt 0.22437200 0.67079198
vt 0.22490200 0.67110902
vt 0.22947100 0.66342402
vt 0.22893600 0.66310602
vt 0.08678900 0.66990900
vt 0.08732600 0.66960597
vt 0.08297500 0.66182202
vt 0.08243300 0.66212499
vt 0.06903700 0.63713199
vt 0.06845300 0.63747299
vt 0.08243300 0.66212499
vt 0.08297500 0.66182202
vt 0.08391600 0.66130102
vt 0.07004100 0.63658297
vt 0.06903700 0.63713199
vt 0.08297500 0.66182202
vt 0.08640900 0.67012298
vt 0.08678900 0.66990900
vt 0.08243300 0.66212499
vt 0.08204700 0.66234201
vt 0.08204700 0.66234201
vt 0.08243300 0.66212499
vt 0.06845300 0.63747299
vt 0.06808500 0.63774300
vt 0.06689800 0.63866800
vt 0.08074900 0.66307598
vt 0.08204700 0.66234201
vt 0.06808500 0.63774300
vt 0.08513100 0.67084402
vt 0.08640900 0.67012298
vt 0.08204700 0.66234201
vt 0.08074900 0.66307598
vt 0.34112400 0.63059598
vt 0.34132800 0.63320100
vt 0.34909001 0.63259101
vt 0.34886700 0.63000703
vt 0.37193900 0.62777197
vt 0.34886700 0.63000703
vt 0.34909001 0.63259101
vt 0.37239999 0.63033998
vt 0.37193900 0.62777197
vt 0.37239999 0.63033998
vt 0.37540501 0.63006800
vt 0.37476301 0.62748098
vt 0.06689800 0.63866800
vt 0.06808500 0.63774300
vt 0.06578900 0.63484699
vt 0.06501000 0.63612199
vt 0.37476301 0.62748098
vt 0.37540501 0.63006800
vt 0.37778401 0.63047200
vt 0.37694001 0.62781698
vt 0.37381101 0.62354398
vt 0.37119600 0.62387300
vt 0.37193900 0.62777197
vt 0.37476301 0.62748098
vt 0.37119600 0.62387300
vt 0.34854001 0.62590802
vt 0.34886700 0.63000703
vt 0.37193900 0.62777197
vt 0.37039000 0.61906397
vt 0.34818700 0.62066603
vt 0.34854001 0.62590802
vt 0.37119600 0.62387300
vt 0.37286401 0.61875099
vt 0.37039000 0.61906397
vt 0.37119600 0.62387300
vt 0.37381101 0.62354398
vt 0.37219301 0.61358398
vt 0.36978701 0.61378098
vt 0.37039000 0.61906397
vt 0.37286401 0.61875099
vt 0.34818700 0.62066603
vt 0.37039000 0.61906397
vt 0.36978701 0.61378098
vt 0.34790000 0.61475402
vt 0.34818700 0.62066603
vt 0.34790000 0.61475402
vt 0.34022099 0.61501902
vt 0.34048301 0.62108499
vt 0.34854001 0.62590802
vt 0.34818700 0.62066603
vt 0.34048301 0.62108499
vt 0.34081700 0.62643999
vt 0.34790000 0.61475402
vt 0.34776700 0.60856599
vt 0.34006101 0.60865098
vt 0.34022099 0.61501902
vt 0.36953199 0.60832900
vt 0.34776700 0.60856599
vt 0.34790000 0.61475402
vt 0.36978701 0.61378098
vt 0.36965099 0.60285199
vt 0.34780100 0.60237199
vt 0.34776700 0.60856599
vt 0.36953199 0.60832900
vt 0.37207401 0.60299700
vt 0.36965099 0.60285199
vt 0.36953199 0.60832900
vt 0.37191299 0.60830098
vt 0.37191299 0.60830098
vt 0.36953199 0.60832900
vt 0.36978701 0.61378098
vt 0.37219301 0.61358398
vt 0.37362599 0.60309798
vt 0.37207401 0.60299700
vt 0.37191299 0.60830098
vt 0.37343699 0.60828602
vt 0.37425500 0.59790999
vt 0.37262899 0.59779400
vt 0.37207401 0.60299700
vt 0.37362599 0.60309798
vt 0.37262899 0.59779400
vt 0.37013799 0.59753603
vt 0.36965099 0.60285199
vt 0.37207401 0.60299700
vt 0.37458301 0.60316598
vt 0.37362599 0.60309798
vt 0.37343699 0.60828602
vt 0.37437299 0.60827702
vt 0.37345600 0.59295601
vt 0.37082499 0.59269398
vt 0.37013799 0.59753603
vt 0.37262899 0.59779400
vt 0.34780100 0.60237199
vt 0.36965099 0.60285199
vt 0.37013799 0.59753603
vt 0.34793401 0.59644902
vt 0.37082499 0.59269398
vt 0.34815899 0.59120703
vt 0.34793401 0.59644902
vt 0.37013799 0.59753603
vt 0.37429899 0.58898097
vt 0.37146401 0.58876902
vt 0.37082499 0.59269398
vt 0.37345600 0.59295601
vt 0.37146401 0.58876902
vt 0.34838799 0.58711499
vt 0.34815899 0.59120703
vt 0.37082499 0.59269398
vt 0.37146401 0.58876902
vt 0.37185201 0.58619100
vt 0.34854600 0.58453500
vt 0.34838799 0.58711499
vt 0.34081599 0.58411300
vt 0.34067500 0.58670801
vt 0.34838799 0.58711499
vt 0.34854600 0.58453500
vt 0.02211000 0.54725099
vt 0.02184700 0.55495900
vt 0.02792600 0.55512798
vt 0.02803300 0.54738700
vt 0.02803300 0.54738700
vt 0.02792600 0.55512798
vt 0.03431200 0.55512798
vt 0.03422800 0.54742098
vt 0.02803300 0.54738700
vt 0.02851600 0.52553701
vt 0.02320000 0.52504897
vt 0.02211000 0.54725099
vt 0.02320000 0.52504897
vt 0.01835900 0.52436203
vt 0.01686800 0.54702502
vt 0.02211000 0.54725099
vt 0.01686800 0.54702502
vt 0.01650400 0.55472201
vt 0.02184700 0.55495900
vt 0.02211000 0.54725099
vt 0.01277300 0.54679799
vt 0.01236600 0.55450398
vt 0.01650400 0.55472201
vt 0.01686800 0.54702502
vt 0.01835900 0.52436203
vt 0.01443500 0.52372199
vt 0.01277300 0.54679799
vt 0.01686800 0.54702502
vt 0.02345900 0.52255797
vt 0.01862100 0.52173001
vt 0.01835900 0.52436203
vt 0.02320000 0.52504897
vt 0.01862100 0.52173001
vt 0.01464700 0.52088702
vt 0.01443500 0.52372199
vt 0.01835900 0.52436203
vt 0.01185600 0.52333301
vt 0.01443500 0.52372199
vt 0.01464700 0.52088702
vt 0.01203800 0.52032298
vt 0.01019600 0.54663700
vt 0.01277300 0.54679799
vt 0.01443500 0.52372199
vt 0.01185600 0.52333301
vt 0.01854800 0.51990902
vt 0.01424700 0.51871699
vt 0.01464700 0.52088702
vt 0.01862100 0.52173001
vt 0.01203800 0.52032298
vt 0.01464700 0.52088702
vt 0.01424700 0.51871699
vt 0.01155900 0.51795298
vt 0.01155900 0.51795298
vt 0.01424700 0.51871699
vt 0.01262500 0.51615602
vt 0.01011600 0.51515800
vt 0.01833600 0.51863402
vt 0.01262500 0.51615602
vt 0.01424700 0.51871699
vt 0.01854800 0.51990902
vt 0.02363600 0.51990902
vt 0.01833600 0.51863402
vt 0.01854800 0.51990902
vt 0.02357600 0.52093297
vt 0.02357600 0.52093297
vt 0.01854800 0.51990902
vt 0.01862100 0.52173001
vt 0.02345900 0.52255797
vt 0.02876300 0.52156198
vt 0.02357600 0.52093297
vt 0.02345900 0.52255797
vt 0.02866200 0.52311403
vt 0.02883100 0.52060503
vt 0.02363600 0.51990902
vt 0.02357600 0.52093297
vt 0.02876300 0.52156198
vt 0.01842800 0.51778603
vt 0.01833600 0.51863402
vt 0.02363600 0.51990902
vt 0.02369500 0.51920801
vt 0.02369500 0.51920801
vt 0.02363600 0.51990902
vt 0.02883100 0.52060503
vt 0.02886100 0.51995200
vt 0.02886100 0.51995200
vt 0.02883100 0.52060503
vt 0.03394200 0.52081603
vt 0.03393600 0.52017599
vt 0.02866200 0.52311403
vt 0.02345900 0.52255797
vt 0.02320000 0.52504897
vt 0.02851600 0.52553701
vt 0.24684900 0.63653201
vt 0.24759901 0.63783097
vt 0.24934600 0.63617200
vt 0.24949700 0.63468701
vt 0.24949700 0.63468701
vt 0.24934600 0.63617200
vt 0.25263399 0.63457298
vt 0.25326401 0.63366401
vt 0.25326401 0.63366401
vt 0.25263399 0.63457298
vt 0.25812900 0.63387102
vt 0.25847501 0.63343197
vt 0.01011600 0.51515800
vt 0.01262500 0.51615602
vt 0.00832400 0.51115000
vt 0.00756400 0.51099497
vt 0.24926101 0.63423800
vt 0.24949700 0.63468701
vt 0.25326401 0.63366401
vt 0.25302699 0.63322097
vt 0.25302699 0.63322097
vt 0.25326401 0.63366401
vt 0.25847501 0.63343197
vt 0.25838199 0.63306803
vt 0.24815100 0.63363200
vt 0.24926101 0.63423800
vt 0.25302699 0.63322097
vt 0.25171700 0.63223499
vt 0.25171700 0.63223499
vt 0.25302699 0.63322097
vt 0.25838199 0.63306803
vt 0.25817499 0.63239300
vt 0.24582100 0.63570201
vt 0.24656101 0.63615400
vt 0.24926101 0.63423800
vt 0.24815100 0.63363200
vt 0.24656101 0.63615400
vt 0.24684900 0.63653201
vt 0.24949700 0.63468701
vt 0.24926101 0.63423800
vt 0.24353400 0.63874000
vt 0.24411100 0.63909698
vt 0.24656101 0.63615400
vt 0.24582100 0.63570201
vt 0.24411100 0.63909698
vt 0.24447300 0.63937700
vt 0.24684900 0.63653201
vt 0.24656101 0.63615400
vt 0.24447300 0.63937700
vt 0.24563900 0.64033502
vt 0.24759901 0.63783097
vt 0.24684900 0.63653201
vt 0.22947100 0.66342402
vt 0.22985201 0.66365099
vt 0.24447300 0.63937700
vt 0.24411100 0.63909698
vt 0.22985201 0.66365099
vt 0.23113500 0.66441900
vt 0.24563900 0.64033502
vt 0.24447300 0.63937700
vt 0.22490200 0.67110902
vt 0.22527801 0.67133301
vt 0.22985201 0.66365099
vt 0.22947100 0.66342402
vt 0.22527801 0.67133301
vt 0.22653900 0.67208898
vt 0.23113500 0.66441900
vt 0.22985201 0.66365099
vt 0.00977200 0.55436403
vt 0.01236600 0.55450398
vt 0.01277300 0.54679799
vt 0.01019600 0.54663700
vt 0.24353400 0.63874000
vt 0.22893600 0.66310602
vt 0.22947100 0.66342402
vt 0.24411100 0.63909698
vt 0.24254200 0.63816398
vt 0.24353400 0.63874000
vt 0.24582100 0.63570201
vt 0.24456701 0.63504100
vt 0.24456701 0.63504100
vt 0.24582100 0.63570201
vt 0.24815100 0.63363200
vt 0.24628200 0.63279903
vt 0.24300900 0.63424498
vt 0.24456701 0.63504100
vt 0.24628200 0.63279903
vt 0.24430799 0.63193601
vt 0.24430799 0.63193601
vt 0.24628200 0.63279903
vt 0.24781799 0.63110602
vt 0.24531201 0.63014299
vt 0.24628200 0.63279903
vt 0.24815100 0.63363200
vt 0.25171700 0.63223499
vt 0.24781799 0.63110602
vt 0.24531201 0.63014299
vt 0.24781799 0.63110602
vt 0.24890600 0.62953502
vt 0.24614000 0.62853402
vt 0.24781799 0.63110602
vt 0.25171700 0.63223499
vt 0.25293201 0.63060898
vt 0.24890600 0.62953502
vt 0.25171700 0.63223499
vt 0.25817499 0.63239300
vt 0.25841901 0.63135499
vt 0.25293201 0.63060898
vt 0.25817499 0.63239300
vt 0.26439399 0.63273001
vt 0.26446000 0.63187897
vt 0.25841901 0.63135499
vt 0.34886700 0.63000703
vt 0.34854001 0.62590802
vt 0.34081700 0.62643999
vt 0.34112400 0.63059598
vt 0.06808500 0.63774300
vt 0.06845300 0.63747299
vt 0.06608500 0.63447702
vt 0.06578900 0.63484699
vt 0.06845300 0.63747299
vt 0.06903700 0.63713199
vt 0.06683300 0.63404602
vt 0.06608500 0.63447702
vt 0.10076300 0.65761298
vt 0.09810800 0.65566200
vt 0.09985200 0.66260302
vt 0.10215000 0.66156799
vt 0.09985200 0.66260302
vt 0.09810800 0.65566200
vt 0.09491400 0.65032798
vt 0.09478800 0.65357101
vt 0.09810800 0.65566200
vt 0.09745600 0.65148503
vt 0.09448100 0.64685798
vt 0.09491400 0.65032798
vt 0.09993800 0.65392703
vt 0.09745600 0.65148503
vt 0.09810800 0.65566200
vt 0.10076300 0.65761298
vt 0.10271500 0.65504700
vt 0.09993800 0.65392703
vt 0.10076300 0.65761298
vt 0.10347300 0.65785700
vt 0.10347300 0.65785700
vt 0.10076300 0.65761298
vt 0.10215000 0.66156799
vt 0.10454800 0.66048700
vt 0.09948700 0.65059203
vt 0.09993800 0.65392703
vt 0.10271500 0.65504700
vt 0.10219700 0.65208900
vt 0.10333600 0.65191698
vt 0.10219700 0.65208900
vt 0.10271500 0.65504700
vt 0.10389300 0.65474302
vt 0.10298900 0.64906102
vt 0.10189900 0.64905101
vt 0.10219700 0.65208900
vt 0.10333600 0.65191698
vt 0.10189900 0.64905101
vt 0.09926900 0.64742202
vt 0.09948700 0.65059203
vt 0.10219700 0.65208900
vt 0.10189900 0.64905101
vt 0.10184800 0.64597100
vt 0.09925900 0.64419299
vt 0.09926900 0.64742202
vt 0.09491400 0.65032798
vt 0.09448100 0.64685798
vt 0.08062800 0.62925500
vt 0.08163300 0.63211101
vt 0.08163300 0.63211101
vt 0.09352900 0.65550703
vt 0.09478800 0.65357101
vt 0.09491400 0.65032798
vt 0.07794200 0.62901598
vt 0.07933900 0.63204497
vt 0.08163300 0.63211101
vt 0.08062800 0.62925500
vt 0.05462000 0.63046902
vt 0.05440000 0.63113499
vt 0.05971900 0.63140702
vt 0.06104500 0.63045502
vt 0.06104500 0.63045502
vt 0.05987300 0.62881100
vt 0.05440000 0.62943298
vt 0.05462000 0.63046902
vt 0.04838400 0.63122302
vt 0.04835000 0.63153100
vt 0.05429900 0.63149500
vt 0.05440000 0.63113499
vt 0.04205400 0.63139200
vt 0.04203600 0.63156599
vt 0.04843000 0.63177001
vt 0.04835000 0.63153100
vt 0.04209600 0.63110501
vt 0.04205400 0.63139200
vt 0.04835000 0.63153100
vt 0.04838400 0.63122302
vt 0.03561700 0.63065398
vt 0.03556400 0.63081002
vt 0.04203600 0.63156599
vt 0.04205400 0.63139200
vt 0.03571300 0.63038802
vt 0.03561700 0.63065398
vt 0.04205400 0.63139200
vt 0.04209600 0.63110501
vt 0.38630301 0.59670901
vt 0.38810700 0.59377700
vt 0.38000500 0.58757001
vt 0.37740099 0.59276199
vt 0.38810700 0.59377700
vt 0.39066201 0.59140301
vt 0.38434300 0.58322698
vt 0.38000500 0.58757001
vt 0.39066201 0.59140301
vt 0.39417699 0.58940297
vt 0.38983101 0.57998198
vt 0.38434300 0.58322698
vt 0.39417699 0.58940297
vt 0.39836100 0.58800000
vt 0.39604399 0.57791901
vt 0.38983101 0.57998198
vt 0.39604399 0.57791901
vt 0.39593500 0.57760400
vt 0.38964200 0.57960302
vt 0.38983101 0.57998198
vt 0.38983101 0.57998198
vt 0.38964200 0.57960302
vt 0.38403600 0.58265799
vt 0.38434300 0.58322698
vt 0.38434300 0.58322698
vt 0.38403600 0.58265799
vt 0.37902999 0.58696002
vt 0.38000500 0.58757001
vt 0.06311600 0.56158799
vt 0.06424900 0.56214201
vt 0.06647300 0.55996501
vt 0.06571100 0.55955303
vt 0.06571100 0.55955303
vt 0.06647300 0.55996501
vt 0.06859400 0.55680299
vt 0.06799600 0.55647999
vt 0.05916500 0.56232297
vt 0.05941700 0.56275398
vt 0.06311600 0.56158799
vt 0.06286000 0.56115198
vt 0.06647300 0.55996501
vt 0.06424900 0.56214201
vt 0.06615300 0.56288803
vt 0.06776000 0.56056201
vt 0.06859400 0.55680299
vt 0.06647300 0.55996501
vt 0.06776000 0.56056201
vt 0.06962200 0.55732399
vt 0.06962200 0.55732399
vt 0.08267600 0.53192103
vt 0.08171200 0.53143603
vt 0.06859400 0.55680299
vt 0.07099200 0.55801201
vt 0.08397300 0.53257197
vt 0.08267600 0.53192103
vt 0.06962200 0.55732399
vt 0.06962200 0.55732399
vt 0.06776000 0.56056201
vt 0.06936100 0.56128103
vt 0.07099200 0.55801201
vt 0.08267600 0.53192103
vt 0.08397300 0.53257197
vt 0.08793900 0.52461398
vt 0.08668700 0.52396399
vt 0.08171200 0.53143603
vt 0.08267600 0.53192103
vt 0.08668700 0.52396399
vt 0.08575100 0.52348101
vt 0.23170400 0.53210700
vt 0.23269500 0.53163499
vt 0.22876300 0.52345097
vt 0.22780000 0.52392101
vt 0.23036900 0.53274000
vt 0.23170400 0.53210700
vt 0.22780000 0.52392101
vt 0.22651000 0.52455503
vt 0.22651000 0.52455503
vt 0.21986800 0.52791798
vt 0.22328800 0.53607202
vt 0.23036900 0.53274000
vt 0.09085600 0.53599900
vt 0.09438900 0.52805299
vt 0.08793900 0.52461398
vt 0.08397300 0.53257197
vt 0.09627300 0.52890801
vt 0.09438900 0.52805299
vt 0.09085600 0.53599900
vt 0.09267800 0.53722298
vt 0.22328800 0.53607202
vt 0.21986800 0.52791798
vt 0.21793300 0.52874798
vt 0.22141001 0.53727603
vt 0.09267800 0.53722298
vt 0.09085600 0.53599900
vt 0.07910300 0.56163400
vt 0.08142700 0.56147999
vt 0.07910300 0.56163400
vt 0.09085600 0.53599900
vt 0.08397300 0.53257197
vt 0.07099200 0.55801201
vt 0.07910300 0.56163400
vt 0.07779000 0.56476003
vt 0.08051000 0.56442600
vt 0.08142700 0.56147999
vt 0.07910300 0.56163400
vt 0.07099200 0.55801201
vt 0.06936100 0.56128103
vt 0.07779000 0.56476003
vt 0.07779000 0.56476003
vt 0.06936100 0.56128103
vt 0.06817100 0.56366098
vt 0.07683700 0.56698501
vt 0.07779000 0.56476003
vt 0.07683700 0.56698501
vt 0.07978400 0.56663400
vt 0.08051000 0.56442600
vt 0.07683700 0.56698501
vt 0.06817100 0.56366098
vt 0.06724200 0.56550503
vt 0.07608200 0.56870902
vt 0.07683700 0.56698501
vt 0.07608200 0.56870902
vt 0.07908800 0.56845200
vt 0.07978400 0.56663400
vt 0.06776000 0.56056201
vt 0.06615300 0.56288803
vt 0.06817100 0.56366098
vt 0.06936100 0.56128103
vt 0.06615300 0.56288803
vt 0.06469200 0.56464899
vt 0.06724200 0.56550503
vt 0.06817100 0.56366098
vt 0.06724200 0.56550503
vt 0.06648000 0.56715602
vt 0.07538100 0.57026398
vt 0.07608200 0.56870902
vt 0.06469200 0.56464899
vt 0.06367000 0.56626397
vt 0.06648000 0.56715602
vt 0.06724200 0.56550503
vt 0.07538100 0.57026398
vt 0.06648000 0.56715602
vt 0.06582300 0.56868303
vt 0.07469700 0.57169902
vt 0.06367000 0.56626397
vt 0.06294800 0.56776500
vt 0.06582300 0.56868303
vt 0.06648000 0.56715602
vt 0.06294800 0.56776500
vt 0.06237800 0.56918401
vt 0.06521600 0.57010698
vt 0.06582300 0.56868303
vt 0.07978400 0.56663400
vt 0.07908800 0.56845200
vt 0.09371000 0.55253297
vt 0.09391900 0.54923898
vt 0.08051000 0.56442600
vt 0.07978400 0.56663400
vt 0.09391900 0.54923898
vt 0.09411300 0.54589099
vt 0.09692800 0.54451901
vt 0.09391900 0.54923898
vt 0.09371000 0.55253297
vt 0.09693600 0.54781401
vt 0.09706200 0.54101801
vt 0.09411300 0.54589099
vt 0.09391900 0.54923898
vt 0.09692800 0.54451901
vt 0.09741000 0.53680801
vt 0.09425100 0.54232401
vt 0.09411300 0.54589099
vt 0.09706200 0.54101801
vt 0.08142700 0.56147999
vt 0.08051000 0.56442600
vt 0.09411300 0.54589099
vt 0.09425100 0.54232401
vt 0.09741000 0.53680801
vt 0.09706200 0.54101801
vt 0.09983900 0.53847098
vt 0.10038600 0.53480601
vt 0.09706200 0.54101801
vt 0.09692800 0.54451901
vt 0.09962200 0.54180598
vt 0.09983900 0.53847098
vt 0.10038600 0.53480601
vt 0.09983900 0.53847098
vt 0.10260900 0.53756398
vt 0.10317900 0.53458500
vt 0.09983900 0.53847098
vt 0.09962200 0.54180598
vt 0.10229600 0.54059899
vt 0.10260900 0.53756398
vt 0.09692800 0.54451901
vt 0.09693600 0.54781401
vt 0.09963300 0.54500401
vt 0.09962200 0.54180598
vt 0.09962200 0.54180598
vt 0.09963300 0.54500401
vt 0.10227500 0.54362702
vt 0.10229600 0.54059899
vt 0.10570300 0.54299098
vt 0.10566500 0.54022801
vt 0.10229600 0.54059899
vt 0.10227500 0.54362702
vt 0.10229600 0.54059899
vt 0.10566500 0.54022801
vt 0.10583200 0.53749502
vt 0.10260900 0.53756398
vt 0.10227500 0.54362702
vt 0.10252400 0.54670501
vt 0.10595900 0.54570597
vt 0.10570300 0.54299098
vt 0.09963300 0.54500401
vt 0.09986700 0.54829699
vt 0.10252400 0.54670501
vt 0.10227500 0.54362702
vt 0.10651300 0.54029101
vt 0.10566500 0.54022801
vt 0.10570300 0.54299098
vt 0.10648600 0.54291600
vt 0.10648600 0.54291600
vt 0.10570300 0.54299098
vt 0.10595900 0.54570597
vt 0.10677600 0.54546303
vt 0.11079100 0.54475999
vt 0.11062600 0.54273403
vt 0.10648600 0.54291600
vt 0.10677600 0.54546303
vt 0.11062600 0.54273403
vt 0.11071000 0.54055703
vt 0.10651300 0.54029101
vt 0.10648600 0.54291600
vt 0.10673400 0.53765702
vt 0.10583200 0.53749502
vt 0.10566500 0.54022801
vt 0.10651300 0.54029101
vt 0.11093500 0.53820199
vt 0.10673400 0.53765702
vt 0.10651300 0.54029101
vt 0.11071000 0.54055703
vt 0.10706900 0.53515500
vt 0.10673400 0.53765702
vt 0.11093500 0.53820199
vt 0.11122400 0.53610599
vt 0.11122400 0.53610599
vt 0.11165900 0.53459698
vt 0.10769800 0.53284103
vt 0.10706900 0.53515500
vt 0.20268500 0.53619599
vt 0.20696101 0.53534299
vt 0.20636000 0.53298998
vt 0.20225400 0.53465402
vt 0.10769800 0.53284103
vt 0.10692600 0.53253198
vt 0.10623200 0.53493202
vt 0.10706900 0.53515500
vt 0.20696101 0.53534299
vt 0.20782401 0.53512901
vt 0.20715700 0.53269202
vt 0.20636000 0.53298998
vt 0.20268500 0.53619599
vt 0.20295700 0.53830898
vt 0.20725600 0.53782398
vt 0.20696101 0.53534299
vt 0.20725600 0.53782398
vt 0.20819400 0.53767401
vt 0.20782401 0.53512901
vt 0.20696101 0.53534299
vt 0.20747100 0.54041803
vt 0.20835800 0.54037797
vt 0.20819400 0.53767401
vt 0.20725600 0.53782398
vt 0.20295700 0.53830898
vt 0.20319299 0.54067600
vt 0.20747100 0.54041803
vt 0.20725600 0.53782398
vt 0.20319299 0.54067600
vt 0.20329100 0.54289001
vt 0.20751700 0.54306102
vt 0.20747100 0.54041803
vt 0.20329100 0.54289001
vt 0.20309800 0.54497302
vt 0.20723701 0.54566997
vt 0.20751700 0.54306102
vt 0.20309800 0.54497302
vt 0.20266201 0.54702801
vt 0.20657100 0.54829699
vt 0.20723701 0.54566997
vt 0.20723701 0.54566997
vt 0.20809300 0.54595202
vt 0.20833600 0.54316801
vt 0.20751700 0.54306102
vt 0.20657100 0.54829699
vt 0.20745599 0.54873401
vt 0.20809300 0.54595202
vt 0.20723701 0.54566997
vt 0.20542499 0.55096400
vt 0.20620500 0.55149299
vt 0.20745599 0.54873401
vt 0.20657100 0.54829699
vt 0.20266201 0.54702801
vt 0.20191801 0.54895401
vt 0.20542499 0.55096400
vt 0.20657100 0.54829699
vt 0.20069399 0.55063999
vt 0.20346500 0.55344498
vt 0.20542499 0.55096400
vt 0.20191801 0.54895401
vt 0.20346500 0.55344498
vt 0.20405400 0.55407500
vt 0.20620500 0.55149299
vt 0.20542499 0.55096400
vt 0.20620500 0.55149299
vt 0.20842201 0.55276102
vt 0.20977999 0.54967499
vt 0.20745599 0.54873401
vt 0.20604600 0.55575299
vt 0.20842201 0.55276102
vt 0.20620500 0.55149299
vt 0.20405400 0.55407500
vt 0.20604600 0.55575299
vt 0.20884600 0.55915898
vt 0.21152200 0.55543202
vt 0.20842201 0.55276102
vt 0.20401099 0.56172699
vt 0.20884600 0.55915898
vt 0.20604600 0.55575299
vt 0.20243800 0.55822802
vt 0.20095100 0.55627900
vt 0.20243800 0.55822802
vt 0.20604600 0.55575299
vt 0.20405400 0.55407500
vt 0.19934601 0.56310701
vt 0.20401099 0.56172699
vt 0.20243800 0.55822802
vt 0.19830000 0.55988503
vt 0.19724900 0.55792099
vt 0.19830000 0.55988503
vt 0.20243800 0.55822802
vt 0.20095100 0.55627900
vt 0.20054799 0.55548900
vt 0.20095100 0.55627900
vt 0.20405400 0.55407500
vt 0.20346500 0.55344498
vt 0.19699199 0.55703801
vt 0.19724900 0.55792099
vt 0.20095100 0.55627900
vt 0.20054799 0.55548900
vt 0.19317700 0.55827498
vt 0.19333100 0.55911702
vt 0.19724900 0.55792099
vt 0.19699199 0.55703801
vt 0.19830000 0.55988503
vt 0.19724900 0.55792099
vt 0.19333100 0.55911702
vt 0.19412100 0.56107199
vt 0.19412100 0.56107199
vt 0.19333100 0.55911702
vt 0.18937799 0.55997699
vt 0.18999401 0.56192899
vt 0.18931700 0.55917799
vt 0.18937799 0.55997699
vt 0.19333100 0.55911702
vt 0.19317700 0.55827498
vt 0.18999401 0.56192899
vt 0.18937799 0.55997699
vt 0.18543200 0.56055099
vt 0.18592000 0.56254798
vt 0.18543901 0.55967897
vt 0.18543200 0.56055099
vt 0.18937799 0.55997699
vt 0.18931700 0.55917799
vt 0.18860100 0.55526501
vt 0.18505000 0.55575103
vt 0.18543901 0.55967897
vt 0.18931700 0.55917799
vt 0.18860100 0.55526501
vt 0.18931700 0.55917799
vt 0.19317700 0.55827498
vt 0.19212800 0.55454499
vt 0.19317700 0.55827498
vt 0.19699199 0.55703801
vt 0.19559100 0.55345303
vt 0.19212800 0.55454499
vt 0.19699199 0.55703801
vt 0.20054799 0.55548900
vt 0.19858100 0.55212599
vt 0.19559100 0.55345303
vt 0.19858100 0.55212599
vt 0.20054799 0.55548900
vt 0.20346500 0.55344498
vt 0.20069399 0.55063999
vt 0.18505000 0.55575103
vt 0.18123101 0.55606002
vt 0.18148100 0.55997598
vt 0.18543901 0.55967897
vt 0.18123101 0.55606002
vt 0.17726400 0.55618399
vt 0.17746700 0.56026602
vt 0.18148100 0.55997598
vt 0.17726400 0.55618399
vt 0.17338800 0.55619901
vt 0.17345300 0.56045502
vt 0.17746700 0.56026602
vt 0.16945700 0.55626398
vt 0.16939700 0.56042302
vt 0.17345300 0.56045502
vt 0.17338800 0.55619901
vt 0.16522600 0.56032997
vt 0.16939700 0.56042302
vt 0.16945700 0.55626398
vt 0.16524900 0.55627698
vt 0.16524900 0.55627698
vt 0.16097000 0.55622500
vt 0.16100600 0.56040698
vt 0.16522600 0.56032997
vt 0.16522600 0.56032997
vt 0.16521899 0.56134403
vt 0.16936000 0.56134897
vt 0.16939700 0.56042302
vt 0.16100600 0.56040698
vt 0.16103600 0.56133699
vt 0.16521899 0.56134403
vt 0.16522600 0.56032997
vt 0.16097000 0.55622500
vt 0.15685201 0.55615503
vt 0.15682600 0.56046098
vt 0.16100600 0.56040698
vt 0.15682600 0.56046098
vt 0.15683700 0.56131798
vt 0.16103600 0.56133699
vt 0.16100600 0.56040698
vt 0.16101800 0.56418300
vt 0.16527900 0.56401497
vt 0.16521899 0.56134403
vt 0.16103600 0.56133699
vt 0.15674500 0.56430602
vt 0.16101800 0.56418300
vt 0.16103600 0.56133699
vt 0.15683700 0.56131798
vt 0.15674500 0.56430602
vt 0.15683700 0.56131798
vt 0.15263900 0.56126702
vt 0.15248100 0.56436503
vt 0.15265100 0.56034797
vt 0.15263900 0.56126702
vt 0.15683700 0.56131798
vt 0.15682600 0.56046098
vt 0.15248100 0.56436503
vt 0.15263900 0.56126702
vt 0.14847600 0.56119603
vt 0.14825401 0.56435603
vt 0.14845701 0.56021899
vt 0.14847600 0.56119603
vt 0.15263900 0.56126702
vt 0.15265100 0.56034797
vt 0.15685201 0.55615503
vt 0.15273900 0.55619001
vt 0.15265100 0.56034797
vt 0.15682600 0.56046098
vt 0.14845701 0.56021899
vt 0.15265100 0.56034797
vt 0.15273900 0.55619001
vt 0.14849900 0.55619401
vt 0.14821599 0.56707197
vt 0.15246600 0.56710899
vt 0.15248100 0.56436503
vt 0.14825401 0.56435603
vt 0.15246600 0.56710899
vt 0.15675101 0.56707197
vt 0.15674500 0.56430602
vt 0.15248100 0.56436503
vt 0.14400600 0.56698102
vt 0.14821599 0.56707197
vt 0.14825401 0.56435603
vt 0.14407501 0.56428897
vt 0.14392801 0.56948298
vt 0.14816400 0.56959099
vt 0.14821599 0.56707197
vt 0.14400600 0.56698102
vt 0.14816400 0.56959099
vt 0.15243299 0.56965202
vt 0.15246600 0.56710899
vt 0.14821599 0.56707197
vt 0.14816400 0.56959099
vt 0.14392801 0.56948298
vt 0.14392200 0.56967998
vt 0.14816000 0.56978703
vt 0.15243299 0.56965202
vt 0.14816400 0.56959099
vt 0.14816000 0.56978703
vt 0.15243199 0.56985003
vt 0.15243299 0.56965202
vt 0.15673700 0.56962001
vt 0.15675101 0.56707197
vt 0.15246600 0.56710899
vt 0.15673700 0.56962001
vt 0.15243299 0.56965202
vt 0.15243199 0.56985003
vt 0.15673700 0.56981802
vt 0.15243199 0.56985003
vt 0.14816000 0.56978703
vt 0.14813700 0.57084602
vt 0.15242600 0.57089198
vt 0.15673700 0.56981802
vt 0.15243199 0.56985003
vt 0.15242600 0.57089198
vt 0.15674201 0.57090300
vt 0.16104899 0.56960398
vt 0.15673700 0.56962001
vt 0.15673700 0.56981802
vt 0.16105001 0.56980300
vt 0.16105001 0.56980300
vt 0.15673700 0.56981802
vt 0.15674201 0.57090300
vt 0.16106400 0.57084602
vt 0.15674900 0.57209998
vt 0.16108100 0.57206303
vt 0.16106400 0.57084602
vt 0.15674201 0.57090300
vt 0.15242501 0.57211000
vt 0.15674900 0.57209998
vt 0.15674201 0.57090300
vt 0.15242600 0.57089198
vt 0.15675400 0.57318801
vt 0.16109900 0.57313699
vt 0.16108100 0.57206303
vt 0.15674900 0.57209998
vt 0.15241800 0.57315999
vt 0.15675400 0.57318801
vt 0.15674900 0.57209998
vt 0.15242501 0.57211000
vt 0.15675300 0.57338798
vt 0.16110100 0.57333797
vt 0.16109900 0.57313699
vt 0.15675400 0.57318801
vt 0.15241601 0.57335901
vt 0.15675300 0.57338798
vt 0.15675400 0.57318801
vt 0.15241800 0.57315999
vt 0.14810801 0.57331401
vt 0.15241601 0.57335901
vt 0.15241800 0.57315999
vt 0.14811100 0.57311499
vt 0.14811100 0.57311499
vt 0.15241800 0.57315999
vt 0.15242501 0.57211000
vt 0.14812399 0.57204902
vt 0.15675300 0.57338798
vt 0.15241601 0.57335901
vt 0.15237200 0.57568902
vt 0.15672299 0.57568800
vt 0.15241601 0.57335901
vt 0.14810801 0.57331401
vt 0.14804500 0.57561398
vt 0.15237200 0.57568902
vt 0.14382900 0.57321799
vt 0.14810801 0.57331401
vt 0.14811100 0.57311499
vt 0.14383399 0.57301801
vt 0.14810801 0.57331401
vt 0.14382900 0.57321799
vt 0.14374000 0.57550597
vt 0.14804500 0.57561398
vt 0.14804500 0.57561398
vt 0.14374000 0.57550597
vt 0.14373399 0.57570702
vt 0.14804100 0.57581401
vt 0.15237200 0.57568902
vt 0.14804500 0.57561398
vt 0.14804100 0.57581401
vt 0.15237100 0.57588798
vt 0.14382900 0.57321799
vt 0.13957800 0.57308400
vt 0.13945800 0.57534403
vt 0.14374000 0.57550597
vt 0.14374000 0.57550597
vt 0.13945800 0.57534403
vt 0.13945000 0.57554799
vt 0.14373399 0.57570702
vt 0.14804100 0.57581401
vt 0.14373399 0.57570702
vt 0.14369699 0.57678598
vt 0.14801501 0.57688802
vt 0.13957800 0.57308400
vt 0.13534699 0.57286000
vt 0.13519700 0.57516003
vt 0.13945800 0.57534403
vt 0.13534699 0.57286000
vt 0.13957800 0.57308400
vt 0.13958600 0.57288200
vt 0.13535801 0.57265902
vt 0.13957800 0.57308400
vt 0.14382900 0.57321799
vt 0.14383399 0.57301801
vt 0.13958600 0.57288200
vt 0.13535801 0.57265902
vt 0.13958600 0.57288200
vt 0.13963200 0.57179302
vt 0.13542600 0.57158703
vt 0.13958600 0.57288200
vt 0.14383399 0.57301801
vt 0.14385800 0.57195002
vt 0.13963200 0.57179302
vt 0.13963200 0.57179302
vt 0.14385800 0.57195002
vt 0.14388400 0.57074201
vt 0.13967501 0.57059699
vt 0.13542600 0.57158703
vt 0.13963200 0.57179302
vt 0.13967501 0.57059699
vt 0.13549601 0.57037801
vt 0.13549601 0.57037801
vt 0.13131800 0.57010001
vt 0.13121700 0.57132697
vt 0.13542600 0.57158703
vt 0.13114201 0.57238299
vt 0.13535801 0.57265902
vt 0.13542600 0.57158703
vt 0.13121700 0.57132697
vt 0.12698001 0.57096797
vt 0.13121700 0.57132697
vt 0.13131800 0.57010001
vt 0.12709500 0.56975102
vt 0.12688200 0.57207501
vt 0.13114201 0.57238299
vt 0.13121700 0.57132697
vt 0.12698001 0.57096797
vt 0.12269700 0.57054102
vt 0.12698001 0.57096797
vt 0.12709500 0.56975102
vt 0.12282700 0.56928301
vt 0.12720500 0.56864899
vt 0.12294600 0.56818599
vt 0.12282700 0.56928301
vt 0.12709500 0.56975102
vt 0.13139801 0.56905699
vt 0.12720500 0.56864899
vt 0.12709500 0.56975102
vt 0.13131800 0.57010001
vt 0.13112800 0.57258397
vt 0.13534699 0.57286000
vt 0.13535801 0.57265902
vt 0.13114201 0.57238299
vt 0.13555200 0.56931800
vt 0.13139801 0.56905699
vt 0.13131800 0.57010001
vt 0.13549601 0.57037801
vt 0.13972101 0.56951499
vt 0.13555200 0.56931800
vt 0.13549601 0.57037801
vt 0.13967501 0.57059699
vt 0.14392200 0.56967998
vt 0.13972101 0.56951499
vt 0.13967501 0.57059699
vt 0.14388400 0.57074201
vt 0.14385800 0.57195002
vt 0.14812399 0.57204902
vt 0.14813700 0.57084602
vt 0.14388400 0.57074201
vt 0.14816000 0.56978703
vt 0.14392200 0.56967998
vt 0.14388400 0.57074201
vt 0.14813700 0.57084602
vt 0.14812399 0.57204902
vt 0.15242501 0.57211000
vt 0.15242600 0.57089198
vt 0.14813700 0.57084602
vt 0.14383399 0.57301801
vt 0.14811100 0.57311499
vt 0.14812399 0.57204902
vt 0.14385800 0.57195002
vt 0.15237100 0.57588798
vt 0.14804100 0.57581401
vt 0.14801501 0.57688802
vt 0.15236001 0.57694399
vt 0.14800200 0.57810700
vt 0.15235600 0.57817602
vt 0.15236001 0.57694399
vt 0.14801501 0.57688802
vt 0.15672299 0.57588899
vt 0.15237100 0.57588798
vt 0.15236001 0.57694399
vt 0.15672299 0.57698399
vt 0.15672299 0.57698399
vt 0.15236001 0.57694399
vt 0.15235600 0.57817602
vt 0.15672700 0.57819301
vt 0.15234400 0.57923698
vt 0.15672500 0.57929200
vt 0.15672700 0.57819301
vt 0.15235600 0.57817602
vt 0.14798801 0.57918501
vt 0.15234400 0.57923698
vt 0.15235600 0.57817602
vt 0.14800200 0.57810700
vt 0.15672700 0.57819301
vt 0.16110700 0.57818401
vt 0.16109399 0.57695401
vt 0.15672299 0.57698399
vt 0.15672500 0.57929200
vt 0.16111700 0.57927001
vt 0.16110700 0.57818401
vt 0.15672700 0.57819301
vt 0.15234099 0.57943898
vt 0.15672299 0.57949400
vt 0.15672500 0.57929200
vt 0.15234400 0.57923698
vt 0.15672299 0.57949400
vt 0.16111800 0.57947201
vt 0.16111700 0.57927001
vt 0.15672500 0.57929200
vt 0.16111800 0.57947201
vt 0.15672299 0.57949400
vt 0.15668200 0.58216798
vt 0.16109100 0.58220398
vt 0.15672299 0.57949400
vt 0.15234099 0.57943898
vt 0.15228400 0.58215702
vt 0.15668200 0.58216798
vt 0.15234099 0.57943898
vt 0.14798400 0.57938600
vt 0.14791000 0.58207703
vt 0.15228400 0.58215702
vt 0.14798400 0.57938600
vt 0.15234099 0.57943898
vt 0.15234400 0.57923698
vt 0.14798801 0.57918501
vt 0.15668200 0.58216798
vt 0.15228400 0.58215702
vt 0.15228200 0.58235800
vt 0.15668000 0.58237100
vt 0.15228400 0.58215702
vt 0.14791000 0.58207703
vt 0.14790601 0.58227903
vt 0.15228200 0.58235800
vt 0.14791000 0.58207703
vt 0.14355400 0.58197498
vt 0.14354800 0.58217901
vt 0.14790601 0.58227903
vt 0.16109100 0.58220398
vt 0.15668200 0.58216798
vt 0.15668000 0.58237100
vt 0.16109100 0.58240801
vt 0.16548499 0.58217400
vt 0.16109100 0.58220398
vt 0.16109100 0.58240801
vt 0.16548701 0.58237702
vt 0.16549601 0.57942599
vt 0.16111800 0.57947201
vt 0.16109100 0.58220398
vt 0.16548499 0.58217400
vt 0.16986699 0.58212501
vt 0.16548499 0.58217400
vt 0.16548701 0.58237702
vt 0.16987000 0.58232999
vt 0.16986001 0.57937402
vt 0.16549601 0.57942599
vt 0.16548499 0.58217400
vt 0.16986699 0.58212501
vt 0.16987000 0.58232999
vt 0.16548701 0.58237702
vt 0.16549900 0.58346802
vt 0.16989000 0.58342999
vt 0.16548701 0.58237702
vt 0.16109100 0.58240801
vt 0.16109100 0.58347601
vt 0.16549900 0.58346802
vt 0.17424700 0.58203298
vt 0.16986699 0.58212501
vt 0.16987000 0.58232999
vt 0.17425101 0.58224201
vt 0.17425101 0.58224201
vt 0.16987000 0.58232999
vt 0.16989000 0.58342999
vt 0.17427400 0.58337301
vt 0.17863800 0.58194798
vt 0.17424700 0.58203298
vt 0.17425101 0.58224201
vt 0.17864300 0.58215702
vt 0.17864300 0.58215702
vt 0.17425101 0.58224201
vt 0.17427400 0.58337301
vt 0.17866400 0.58327597
vt 0.18304600 0.58183098
vt 0.17863800 0.58194798
vt 0.17864300 0.58215702
vt 0.18305300 0.58204103
vt 0.18305300 0.58204103
vt 0.17864300 0.58215702
vt 0.17866400 0.58327597
vt 0.18308701 0.58315301
vt 0.18753600 0.58162498
vt 0.18304600 0.58183098
vt 0.18305300 0.58204103
vt 0.18754600 0.58184302
vt 0.18754600 0.58184302
vt 0.18305300 0.58204103
vt 0.18308701 0.58315301
vt 0.18759300 0.58302402
vt 0.19215900 0.58163601
vt 0.18754600 0.58184302
vt 0.18759300 0.58302402
vt 0.19220801 0.58282697
vt 0.19214700 0.58141297
vt 0.18753600 0.58162498
vt 0.18754600 0.58184302
vt 0.19215900 0.58163601
vt 0.18759300 0.58302402
vt 0.18308701 0.58315301
vt 0.18313400 0.58445400
vt 0.18763700 0.58432502
vt 0.18763700 0.58432502
vt 0.19225100 0.58419299
vt 0.19220801 0.58282697
vt 0.18759300 0.58302402
vt 0.19225100 0.58419299
vt 0.19702400 0.58400100
vt 0.19696100 0.58260399
vt 0.19220801 0.58282697
vt 0.19690201 0.58138400
vt 0.19215900 0.58163601
vt 0.19220801 0.58282697
vt 0.19696100 0.58260399
vt 0.18766400 0.58550400
vt 0.19229500 0.58538902
vt 0.19225100 0.58419299
vt 0.18763700 0.58432502
vt 0.19229500 0.58538902
vt 0.19707900 0.58522803
vt 0.19702400 0.58400100
vt 0.19225100 0.58419299
vt 0.19702400 0.58400100
vt 0.20181599 0.58382100
vt 0.20173500 0.58233202
vt 0.19696100 0.58260399
vt 0.19707900 0.58522803
vt 0.20192800 0.58500898
vt 0.20181599 0.58382100
vt 0.19702400 0.58400100
vt 0.20192800 0.58500898
vt 0.20675300 0.58405101
vt 0.20532501 0.58319700
vt 0.20181599 0.58382100
vt 0.20522000 0.58249599
vt 0.20173500 0.58233202
vt 0.20181599 0.58382100
vt 0.20532501 0.58319700
vt 0.20678601 0.58146799
vt 0.20172399 0.58110499
vt 0.20173500 0.58233202
vt 0.20522000 0.58249599
vt 0.20172399 0.58110499
vt 0.19690201 0.58138400
vt 0.19696100 0.58260399
vt 0.20173500 0.58233202
vt 0.20699200 0.58117700
vt 0.20172600 0.58086598
vt 0.20172399 0.58110499
vt 0.20678601 0.58146799
vt 0.20172600 0.58086598
vt 0.19688900 0.58115399
vt 0.19690201 0.58138400
vt 0.20172399 0.58110499
vt 0.19688900 0.58115399
vt 0.19214700 0.58141297
vt 0.19215900 0.58163601
vt 0.19690201 0.58138400
vt 0.19200000 0.57843798
vt 0.19214700 0.58141297
vt 0.19688900 0.58115399
vt 0.19671400 0.57806402
vt 0.19671400 0.57806402
vt 0.19688900 0.58115399
vt 0.20172600 0.58086598
vt 0.20157100 0.57761502
vt 0.19671400 0.57806402
vt 0.20157100 0.57761502
vt 0.20153999 0.57737797
vt 0.19669400 0.57783598
vt 0.19200000 0.57843798
vt 0.19671400 0.57806402
vt 0.19669400 0.57783598
vt 0.19198400 0.57821703
vt 0.18742900 0.57874501
vt 0.18753600 0.58162498
vt 0.19214700 0.58141297
vt 0.19200000 0.57843798
vt 0.18742900 0.57874501
vt 0.19200000 0.57843798
vt 0.19198400 0.57821703
vt 0.18741600 0.57852799
vt 0.19198400 0.57821703
vt 0.19669400 0.57783598
vt 0.19658101 0.57663000
vt 0.19188701 0.57704198
vt 0.18741600 0.57852799
vt 0.19198400 0.57821703
vt 0.19188701 0.57704198
vt 0.18734699 0.57736403
vt 0.18295200 0.57872802
vt 0.18741600 0.57852799
vt 0.18734699 0.57736403
vt 0.18290000 0.57762498
vt 0.18296200 0.57893699
vt 0.18742900 0.57874501
vt 0.18741600 0.57852799
vt 0.18295200 0.57872802
vt 0.18734699 0.57736403
vt 0.19188701 0.57704198
vt 0.19178399 0.57570398
vt 0.18725900 0.57608199
vt 0.18725900 0.57608199
vt 0.18282200 0.57634097
vt 0.18290000 0.57762498
vt 0.18734699 0.57736403
vt 0.17857200 0.57892400
vt 0.18295200 0.57872802
vt 0.18290000 0.57762498
vt 0.17852201 0.57781500
vt 0.18282200 0.57634097
vt 0.17846100 0.57656002
vt 0.17852201 0.57781500
vt 0.18290000 0.57762498
vt 0.18717100 0.57492203
vt 0.18276200 0.57524699
vt 0.18282200 0.57634097
vt 0.18725900 0.57608199
vt 0.18276200 0.57524699
vt 0.17841800 0.57545799
vt 0.17846100 0.57656002
vt 0.18282200 0.57634097
vt 0.17846100 0.57656002
vt 0.17413500 0.57673001
vt 0.17418100 0.57796198
vt 0.17852201 0.57781500
vt 0.17841800 0.57545799
vt 0.17409600 0.57561398
vt 0.17413500 0.57673001
vt 0.17846100 0.57656002
vt 0.17840900 0.57525098
vt 0.17408900 0.57541001
vt 0.17409600 0.57561398
vt 0.17841800 0.57545799
vt 0.18274900 0.57503903
vt 0.17840900 0.57525098
vt 0.17841800 0.57545799
vt 0.18276200 0.57524699
vt 0.17403699 0.57300299
vt 0.17408900 0.57541001
vt 0.17840900 0.57525098
vt 0.17831799 0.57278299
vt 0.17831799 0.57278299
vt 0.17840900 0.57525098
vt 0.18274900 0.57503903
vt 0.18261001 0.57250702
vt 0.17403699 0.57300299
vt 0.17831799 0.57278299
vt 0.17830700 0.57257903
vt 0.17403001 0.57280099
vt 0.17831799 0.57278299
vt 0.18261001 0.57250702
vt 0.18259600 0.57230300
vt 0.17830700 0.57257903
vt 0.17403001 0.57280099
vt 0.17830700 0.57257903
vt 0.17824000 0.57149303
vt 0.17398299 0.57169700
vt 0.17830700 0.57257903
vt 0.18259600 0.57230300
vt 0.18251801 0.57122499
vt 0.17824000 0.57149303
vt 0.17816199 0.57026398
vt 0.17392600 0.57048398
vt 0.17398299 0.57169700
vt 0.17824000 0.57149303
vt 0.18241400 0.56997401
vt 0.17816199 0.57026398
vt 0.17824000 0.57149303
vt 0.18251801 0.57122499
vt 0.18672299 0.56960201
vt 0.18241400 0.56997401
vt 0.18251801 0.57122499
vt 0.18684800 0.57084799
vt 0.18259600 0.57230300
vt 0.18695299 0.57198203
vt 0.18684800 0.57084799
vt 0.18251801 0.57122499
vt 0.18695299 0.57198203
vt 0.19139500 0.57151502
vt 0.19125199 0.57037300
vt 0.18684800 0.57084799
vt 0.18684800 0.57084799
vt 0.19125199 0.57037300
vt 0.19109701 0.56908000
vt 0.18672299 0.56960201
vt 0.19125199 0.57037300
vt 0.19580001 0.56976098
vt 0.19560000 0.56843501
vt 0.19109701 0.56908000
vt 0.19139500 0.57151502
vt 0.19597501 0.57093501
vt 0.19580001 0.56976098
vt 0.19125199 0.57037300
vt 0.18697201 0.57219303
vt 0.19142000 0.57173002
vt 0.19139500 0.57151502
vt 0.18695299 0.57198203
vt 0.19142000 0.57173002
vt 0.19600500 0.57115799
vt 0.19597501 0.57093501
vt 0.19139500 0.57151502
vt 0.19600500 0.57115799
vt 0.20078000 0.57045501
vt 0.20073400 0.57022202
vt 0.19597501 0.57093501
vt 0.19597501 0.57093501
vt 0.20073400 0.57022202
vt 0.20048900 0.56904000
vt 0.19580001 0.56976098
vt 0.20078000 0.57045501
vt 0.20581000 0.56912202
vt 0.20565400 0.56886399
vt 0.20073400 0.57022202
vt 0.20073400 0.57022202
vt 0.20565400 0.56886399
vt 0.20446301 0.56799901
vt 0.20048900 0.56904000
vt 0.20581000 0.56912202
vt 0.20662500 0.56710398
vt 0.20623501 0.56719702
vt 0.20565400 0.56886399
vt 0.20565400 0.56886399
vt 0.20623501 0.56719702
vt 0.20482799 0.56750202
vt 0.20446301 0.56799901
vt 0.20078000 0.57045501
vt 0.20109400 0.57330000
vt 0.20624800 0.57314199
vt 0.20581000 0.56912202
vt 0.20624800 0.57314199
vt 0.20109400 0.57330000
vt 0.20111001 0.57353801
vt 0.20616999 0.57342899
vt 0.20776500 0.57482100
vt 0.20624800 0.57314199
vt 0.20616999 0.57342899
vt 0.20732699 0.57485300
vt 0.20616999 0.57342899
vt 0.20111001 0.57353801
vt 0.20121500 0.57474202
vt 0.20530701 0.57460803
vt 0.20732699 0.57485300
vt 0.20616999 0.57342899
vt 0.20530701 0.57460803
vt 0.20581201 0.57497299
vt 0.20530701 0.57460803
vt 0.20536099 0.57541901
vt 0.20581201 0.57497299
vt 0.20137200 0.57617402
vt 0.20536099 0.57541901
vt 0.20530701 0.57460803
vt 0.20121500 0.57474202
vt 0.20643499 0.57639098
vt 0.20732699 0.57485300
vt 0.20581201 0.57497299
vt 0.20536099 0.57541901
vt 0.20111001 0.57353801
vt 0.19632800 0.57406902
vt 0.19645000 0.57526302
vt 0.20121500 0.57474202
vt 0.19658101 0.57663000
vt 0.20137200 0.57617402
vt 0.20121500 0.57474202
vt 0.19645000 0.57526302
vt 0.19669400 0.57783598
vt 0.20153999 0.57737797
vt 0.20137200 0.57617402
vt 0.19658101 0.57663000
vt 0.20153999 0.57737797
vt 0.20643499 0.57639098
vt 0.20536099 0.57541901
vt 0.20137200 0.57617402
vt 0.20157100 0.57761502
vt 0.20655701 0.57665902
vt 0.20643499 0.57639098
vt 0.20153999 0.57737797
vt 0.20655701 0.57665902
vt 0.20776500 0.57482100
vt 0.20732699 0.57485300
vt 0.20643499 0.57639098
vt 0.20157100 0.57761502
vt 0.20172600 0.58086598
vt 0.20699200 0.58117700
vt 0.20655701 0.57665902
vt 0.20694201 0.58432198
vt 0.20699200 0.58117700
vt 0.20678601 0.58146799
vt 0.20675300 0.58405101
vt 0.20195299 0.58524400
vt 0.20201799 0.58875799
vt 0.20719799 0.58914399
vt 0.20694201 0.58432198
vt 0.20195299 0.58524400
vt 0.20694201 0.58432198
vt 0.20675300 0.58405101
vt 0.20192800 0.58500898
vt 0.19708800 0.58545899
vt 0.20195299 0.58524400
vt 0.20192800 0.58500898
vt 0.19707900 0.58522803
vt 0.19708800 0.58545899
vt 0.19712700 0.58884102
vt 0.20201799 0.58875799
vt 0.20195299 0.58524400
vt 0.20201799 0.58875799
vt 0.19712700 0.58884102
vt 0.19712900 0.58907402
vt 0.20200901 0.58899897
vt 0.20719799 0.58914399
vt 0.20201799 0.58875799
vt 0.20200901 0.58899897
vt 0.20699500 0.58943403
vt 0.20699500 0.58943403
vt 0.20200901 0.58899897
vt 0.20197999 0.59024501
vt 0.20545401 0.59044099
vt 0.20718101 0.59226000
vt 0.20719799 0.58914399
vt 0.20699500 0.58943403
vt 0.20698500 0.59198701
vt 0.20698500 0.59198701
vt 0.20699500 0.58943403
vt 0.20545401 0.59044099
vt 0.20555900 0.59114200
vt 0.20545401 0.59044099
vt 0.20197999 0.59024501
vt 0.20203599 0.59177297
vt 0.20555900 0.59114200
vt 0.20212699 0.59301001
vt 0.20698500 0.59198701
vt 0.20555900 0.59114200
vt 0.20203599 0.59177297
vt 0.19708601 0.59301102
vt 0.20212699 0.59301001
vt 0.20203599 0.59177297
vt 0.19710700 0.59174800
vt 0.19708000 0.59324801
vt 0.20215000 0.59325403
vt 0.20212699 0.59301001
vt 0.19708601 0.59301102
vt 0.20215000 0.59325403
vt 0.20718101 0.59226000
vt 0.20698500 0.59198701
vt 0.20212699 0.59301001
vt 0.19226500 0.59304303
vt 0.19708000 0.59324801
vt 0.19708601 0.59301102
vt 0.19227199 0.59281999
vt 0.19227199 0.59281999
vt 0.19708601 0.59301102
vt 0.19710700 0.59174800
vt 0.19229600 0.59162802
vt 0.18767600 0.59293598
vt 0.19226500 0.59304303
vt 0.19227199 0.59281999
vt 0.18768001 0.59271801
vt 0.18768001 0.59271801
vt 0.19227199 0.59281999
vt 0.19229600 0.59162802
vt 0.18769500 0.59153998
vt 0.19226500 0.59304303
vt 0.19205900 0.59622002
vt 0.19678400 0.59702200
vt 0.19708000 0.59324801
vt 0.18767600 0.59293598
vt 0.18759000 0.59608901
vt 0.19205900 0.59622002
vt 0.19226500 0.59304303
vt 0.18318699 0.59286398
vt 0.18767600 0.59293598
vt 0.18768001 0.59271801
vt 0.18318801 0.59265298
vt 0.18318699 0.59286398
vt 0.18313700 0.59606099
vt 0.18759000 0.59608901
vt 0.18767600 0.59293598
vt 0.17876101 0.59287500
vt 0.18318699 0.59286398
vt 0.18318801 0.59265298
vt 0.17876101 0.59266400
vt 0.17876101 0.59287500
vt 0.17872000 0.59601998
vt 0.18313700 0.59606099
vt 0.18318699 0.59286398
vt 0.18313700 0.59606099
vt 0.17872000 0.59601998
vt 0.17871900 0.59623098
vt 0.18313600 0.59627402
vt 0.18759000 0.59608901
vt 0.18313700 0.59606099
vt 0.18313600 0.59627402
vt 0.18758599 0.59630299
vt 0.18758599 0.59630299
vt 0.18313600 0.59627402
vt 0.18312600 0.59724498
vt 0.18756600 0.59730399
vt 0.18313600 0.59627402
vt 0.17871900 0.59623098
vt 0.17870900 0.59720999
vt 0.18312600 0.59724498
vt 0.17872000 0.59601998
vt 0.17430501 0.59598202
vt 0.17430300 0.59619302
vt 0.17871900 0.59623098
vt 0.17871900 0.59623098
vt 0.17430300 0.59619302
vt 0.17429601 0.59717703
vt 0.17870900 0.59720999
vt 0.17430300 0.59619302
vt 0.16987699 0.59616899
vt 0.16987300 0.59713799
vt 0.17429601 0.59717703
vt 0.17430501 0.59598202
vt 0.16987801 0.59596097
vt 0.16987699 0.59616899
vt 0.17430300 0.59619302
vt 0.17429601 0.59717703
vt 0.16987300 0.59713799
vt 0.16987200 0.59735000
vt 0.17429399 0.59739202
vt 0.17870900 0.59720999
vt 0.17429601 0.59717703
vt 0.17429399 0.59739202
vt 0.17870700 0.59742498
vt 0.16987699 0.59616899
vt 0.16544700 0.59615099
vt 0.16544500 0.59710997
vt 0.16987300 0.59713799
vt 0.16987300 0.59713799
vt 0.16544500 0.59710997
vt 0.16544300 0.59731799
vt 0.16987200 0.59735000
vt 0.16544700 0.59615099
vt 0.16102099 0.59613597
vt 0.16101401 0.59708101
vt 0.16544500 0.59710997
vt 0.16544500 0.59710997
vt 0.16101401 0.59708101
vt 0.16101301 0.59728998
vt 0.16544300 0.59731799
vt 0.16544300 0.59731799
vt 0.16101301 0.59728998
vt 0.16100501 0.59824401
vt 0.16543600 0.59827298
vt 0.16987200 0.59735000
vt 0.16544300 0.59731799
vt 0.16543600 0.59827298
vt 0.16986400 0.59831297
vt 0.16101301 0.59728998
vt 0.15655901 0.59725702
vt 0.15655500 0.59820700
vt 0.16100501 0.59824401
vt 0.16101401 0.59708101
vt 0.15656000 0.59704602
vt 0.15655901 0.59725702
vt 0.16101301 0.59728998
vt 0.15209100 0.59817499
vt 0.15655500 0.59820700
vt 0.15655901 0.59725702
vt 0.15210000 0.59721702
vt 0.15656000 0.59704602
vt 0.15210199 0.59700799
vt 0.15210000 0.59721702
vt 0.15655901 0.59725702
vt 0.15210199 0.59700799
vt 0.14766601 0.59695601
vt 0.14766300 0.59716398
vt 0.15210000 0.59721702
vt 0.14764699 0.59811801
vt 0.15209100 0.59817499
vt 0.15210000 0.59721702
vt 0.14766300 0.59716398
vt 0.14764500 0.59832799
vt 0.15208900 0.59838498
vt 0.15209100 0.59817499
vt 0.14764699 0.59811801
vt 0.15208900 0.59838498
vt 0.15655400 0.59841597
vt 0.15655500 0.59820700
vt 0.15209100 0.59817499
vt 0.15208000 0.59933501
vt 0.15654799 0.59938502
vt 0.15655400 0.59841597
vt 0.15208900 0.59838498
vt 0.14763699 0.59928799
vt 0.15208000 0.59933501
vt 0.15208900 0.59838498
vt 0.14764500 0.59832799
vt 0.14321300 0.59827697
vt 0.14764500 0.59832799
vt 0.14764699 0.59811801
vt 0.14321600 0.59806502
vt 0.14320400 0.59924698
vt 0.14763699 0.59928799
vt 0.14764500 0.59832799
vt 0.14321300 0.59827697
vt 0.14763500 0.59949398
vt 0.15207700 0.59953898
vt 0.15208000 0.59933501
vt 0.14763699 0.59928799
vt 0.14320099 0.59945500
vt 0.14763500 0.59949398
vt 0.14763699 0.59928799
vt 0.14320400 0.59924698
vt 0.13877501 0.59940201
vt 0.14320099 0.59945500
vt 0.14320400 0.59924698
vt 0.13877800 0.59919101
vt 0.13877800 0.59919101
vt 0.14320400 0.59924698
vt 0.14321300 0.59827697
vt 0.13879301 0.59820700
vt 0.13436501 0.59911197
vt 0.13877800 0.59919101
vt 0.13879301 0.59820700
vt 0.13438600 0.59813499
vt 0.13436100 0.59932297
vt 0.13877501 0.59940201
vt 0.13877800 0.59919101
vt 0.13436501 0.59911197
vt 0.13879301 0.59820700
vt 0.14321300 0.59827697
vt 0.14321600 0.59806502
vt 0.13879600 0.59799200
vt 0.13438600 0.59813499
vt 0.13879301 0.59820700
vt 0.13879600 0.59799200
vt 0.13439000 0.59792000
vt 0.12994801 0.59900999
vt 0.13436501 0.59911197
vt 0.13438600 0.59813499
vt 0.12997100 0.59803599
vt 0.12997100 0.59803599
vt 0.13438600 0.59813499
vt 0.13439000 0.59792000
vt 0.12997600 0.59782100
vt 0.13881300 0.59702897
vt 0.13440600 0.59694999
vt 0.13439000 0.59792000
vt 0.13879600 0.59799200
vt 0.13440600 0.59694999
vt 0.13000099 0.59684098
vt 0.12997600 0.59782100
vt 0.13439000 0.59792000
vt 0.13000099 0.59684098
vt 0.12556200 0.59671402
vt 0.12552500 0.59769702
vt 0.12997600 0.59782100
vt 0.12551901 0.59791601
vt 0.12997100 0.59803599
vt 0.12997600 0.59782100
vt 0.12552500 0.59769702
vt 0.12556200 0.59671402
vt 0.12117700 0.59653300
vt 0.12111600 0.59756702
vt 0.12552500 0.59769702
vt 0.12109900 0.59777802
vt 0.12551901 0.59791601
vt 0.12552500 0.59769702
vt 0.12111600 0.59756702
vt 0.12101300 0.59874803
vt 0.12548700 0.59892100
vt 0.12551901 0.59791601
vt 0.12109900 0.59777802
vt 0.12548700 0.59892100
vt 0.12994801 0.59900999
vt 0.12997100 0.59803599
vt 0.12551901 0.59791601
vt 0.12099100 0.59895903
vt 0.12548099 0.59913802
vt 0.12548700 0.59892100
vt 0.12101300 0.59874803
vt 0.12548099 0.59913802
vt 0.12994300 0.59922099
vt 0.12994801 0.59900999
vt 0.12548700 0.59892100
vt 0.11635300 0.59790301
vt 0.12101300 0.59874803
vt 0.12109900 0.59777802
vt 0.11760000 0.59728998
vt 0.11615300 0.59812897
vt 0.12099100 0.59895903
vt 0.12101300 0.59874803
vt 0.11635300 0.59790301
vt 0.12548099 0.59913802
vt 0.12099100 0.59895903
vt 0.12075200 0.60215098
vt 0.12535700 0.60229200
vt 0.12099100 0.59895903
vt 0.11615300 0.59812897
vt 0.11590400 0.60196102
vt 0.12075200 0.60215098
vt 0.11645400 0.59560001
vt 0.11615300 0.59812897
vt 0.11635300 0.59790301
vt 0.11659800 0.59583998
vt 0.11615300 0.59812897
vt 0.11645400 0.59560001
vt 0.11653500 0.59191000
vt 0.11153500 0.59076899
vt 0.11085600 0.60203898
vt 0.11590400 0.60196102
vt 0.11590400 0.60196102
vt 0.11085600 0.60203898
vt 0.11088100 0.60228002
vt 0.11590000 0.60219902
vt 0.12075200 0.60215098
vt 0.11590400 0.60196102
vt 0.11590000 0.60219902
vt 0.12074400 0.60237598
vt 0.12074400 0.60237598
vt 0.11590000 0.60219902
vt 0.11589000 0.60346299
vt 0.12071500 0.60357100
vt 0.11590000 0.60219902
vt 0.11088100 0.60228002
vt 0.11098700 0.60349703
vt 0.11589000 0.60346299
vt 0.11088100 0.60228002
vt 0.10611800 0.60332000
vt 0.10752200 0.60414201
vt 0.11098700 0.60349703
vt 0.11085600 0.60203898
vt 0.10592300 0.60305399
vt 0.10611800 0.60332000
vt 0.11088100 0.60228002
vt 0.10592300 0.60305399
vt 0.10592200 0.60611701
vt 0.10612000 0.60583001
vt 0.10611800 0.60332000
vt 0.10611800 0.60332000
vt 0.10612000 0.60583001
vt 0.10763000 0.60483098
vt 0.10752200 0.60414201
vt 0.10763000 0.60483098
vt 0.11105600 0.60500300
vt 0.11098700 0.60349703
vt 0.10752200 0.60414201
vt 0.10612000 0.60583001
vt 0.11103700 0.60623300
vt 0.11105600 0.60500300
vt 0.10763000 0.60483098
vt 0.11105600 0.60500300
vt 0.11588200 0.60489202
vt 0.11589000 0.60346299
vt 0.11098700 0.60349703
vt 0.11103700 0.60623300
vt 0.11588100 0.60613298
vt 0.11588200 0.60489202
vt 0.11105600 0.60500300
vt 0.11103000 0.60647100
vt 0.11588300 0.60636503
vt 0.11588100 0.60613298
vt 0.11103700 0.60623300
vt 0.10592200 0.60611701
vt 0.11103000 0.60647100
vt 0.11103700 0.60623300
vt 0.10612000 0.60583001
vt 0.11103000 0.60647100
vt 0.10592200 0.60611701
vt 0.10618300 0.61075801
vt 0.11109800 0.60984701
vt 0.11588300 0.60636503
vt 0.11103000 0.60647100
vt 0.11109800 0.60984701
vt 0.11591600 0.60964203
vt 0.11588300 0.60636503
vt 0.12067700 0.60636598
vt 0.12067800 0.60614097
vt 0.11588100 0.60613298
vt 0.12067700 0.60636598
vt 0.11588300 0.60636503
vt 0.11591600 0.60964203
vt 0.12067500 0.60951501
vt 0.12067500 0.60951501
vt 0.11591600 0.60964203
vt 0.11592400 0.60987097
vt 0.12068000 0.60973799
vt 0.11591600 0.60964203
vt 0.11109800 0.60984701
vt 0.11112300 0.61007899
vt 0.11592400 0.60987097
vt 0.12068000 0.60973799
vt 0.11592400 0.60987097
vt 0.11597300 0.61108798
vt 0.12071600 0.61093003
vt 0.11592400 0.60987097
vt 0.11112300 0.61007899
vt 0.11123200 0.61125100
vt 0.11597300 0.61108798
vt 0.12531400 0.60943300
vt 0.12067500 0.60951501
vt 0.12068000 0.60973799
vt 0.12531599 0.60965300
vt 0.12531599 0.60965300
vt 0.12068000 0.60973799
vt 0.12071600 0.61093003
vt 0.12533100 0.61083901
vt 0.12074700 0.61228800
vt 0.12534800 0.61214298
vt 0.12533100 0.61083901
vt 0.12071600 0.61093003
vt 0.11602700 0.61247200
vt 0.12074700 0.61228800
vt 0.12071600 0.61093003
vt 0.11597300 0.61108798
vt 0.11607800 0.61367899
vt 0.12078300 0.61347300
vt 0.12074700 0.61228800
vt 0.11602700 0.61247200
vt 0.12078300 0.61347300
vt 0.12538099 0.61332297
vt 0.12534800 0.61214298
vt 0.12074700 0.61228800
vt 0.12538099 0.61332297
vt 0.12987900 0.61318898
vt 0.12985900 0.61207497
vt 0.12534800 0.61214298
vt 0.12534800 0.61214298
vt 0.12985900 0.61207497
vt 0.12985399 0.61076999
vt 0.12533100 0.61083901
vt 0.12079200 0.61369503
vt 0.12538800 0.61354101
vt 0.12538099 0.61332297
vt 0.12078300 0.61347300
vt 0.12538800 0.61354101
vt 0.12988301 0.61339998
vt 0.12987900 0.61318898
vt 0.12538099 0.61332297
vt 0.12538800 0.61354101
vt 0.12079200 0.61369503
vt 0.12089200 0.61644500
vt 0.12544701 0.61621702
vt 0.12988301 0.61339998
vt 0.12538800 0.61354101
vt 0.12544701 0.61621702
vt 0.12992600 0.61610699
vt 0.13430300 0.61333799
vt 0.12988301 0.61339998
vt 0.12992600 0.61610699
vt 0.13434400 0.61598003
vt 0.12988301 0.61339998
vt 0.13430300 0.61333799
vt 0.13429999 0.61312801
vt 0.12987900 0.61318898
vt 0.13870500 0.61332202
vt 0.13430300 0.61333799
vt 0.13434400 0.61598003
vt 0.13875601 0.61589903
vt 0.13430300 0.61333799
vt 0.13870500 0.61332202
vt 0.13870400 0.61311197
vt 0.13429999 0.61312801
vt 0.12987900 0.61318898
vt 0.13429999 0.61312801
vt 0.13429500 0.61200702
vt 0.12985900 0.61207497
vt 0.13429999 0.61312801
vt 0.13870400 0.61311197
vt 0.13869800 0.61197603
vt 0.13429500 0.61200702
vt 0.13869300 0.61072302
vt 0.13428500 0.61073500
vt 0.13429500 0.61200702
vt 0.13869800 0.61197603
vt 0.13428500 0.61073500
vt 0.12985399 0.61076999
vt 0.12985900 0.61207497
vt 0.13429500 0.61200702
vt 0.14312300 0.61070597
vt 0.13869300 0.61072302
vt 0.13869800 0.61197603
vt 0.14311400 0.61196601
vt 0.13870400 0.61311197
vt 0.14312400 0.61307597
vt 0.14311400 0.61196601
vt 0.13869800 0.61197603
vt 0.13868999 0.60958201
vt 0.13427199 0.60961503
vt 0.13428500 0.61073500
vt 0.13869300 0.61072302
vt 0.14313200 0.60959202
vt 0.13868999 0.60958201
vt 0.13869300 0.61072302
vt 0.14312300 0.61070597
vt 0.14313200 0.60938501
vt 0.13868900 0.60937101
vt 0.13868999 0.60958201
vt 0.14313200 0.60959202
vt 0.13868900 0.60937101
vt 0.13427100 0.60940498
vt 0.13427199 0.60961503
vt 0.13868999 0.60958201
vt 0.13427100 0.60940498
vt 0.12984300 0.60944003
vt 0.12984399 0.60965300
vt 0.13427199 0.60961503
vt 0.13427199 0.60961503
vt 0.12984399 0.60965300
vt 0.12985399 0.61076999
vt 0.13428500 0.61073500
vt 0.12984300 0.60944003
vt 0.12531400 0.60943300
vt 0.12531599 0.60965300
vt 0.12984399 0.60965300
vt 0.12984399 0.60965300
vt 0.12531599 0.60965300
vt 0.12533100 0.61083901
vt 0.12985399 0.61076999
vt 0.12982100 0.60638303
vt 0.12530699 0.60639101
vt 0.12531400 0.60943300
vt 0.12984300 0.60944003
vt 0.13427000 0.60642302
vt 0.12982100 0.60638303
vt 0.12984300 0.60944003
vt 0.13427100 0.60940498
vt 0.12530699 0.60639101
vt 0.12067700 0.60636598
vt 0.12067500 0.60951501
vt 0.12531400 0.60943300
vt 0.12067700 0.60636598
vt 0.12530699 0.60639101
vt 0.12530801 0.60617101
vt 0.12067800 0.60614097
vt 0.12530699 0.60639101
vt 0.12982100 0.60638303
vt 0.12982200 0.60617101
vt 0.12530801 0.60617101
vt 0.12067800 0.60614097
vt 0.12530801 0.60617101
vt 0.12531500 0.60499001
vt 0.12069500 0.60494101
vt 0.12530801 0.60617101
vt 0.12982200 0.60617101
vt 0.12983100 0.60505301
vt 0.12531500 0.60499001
vt 0.12982100 0.60638303
vt 0.13427000 0.60642302
vt 0.13427100 0.60621202
vt 0.12982200 0.60617101
vt 0.12982200 0.60617101
vt 0.13427100 0.60621202
vt 0.13428500 0.60508198
vt 0.12983100 0.60505301
vt 0.13427000 0.60642302
vt 0.13871901 0.60645199
vt 0.13871901 0.60623997
vt 0.13427100 0.60621202
vt 0.13427100 0.60621202
vt 0.13871901 0.60623997
vt 0.13872200 0.60509598
vt 0.13428500 0.60508198
vt 0.13871901 0.60645199
vt 0.14314801 0.60644501
vt 0.14314900 0.60623699
vt 0.13871901 0.60623997
vt 0.13871901 0.60623997
vt 0.14314900 0.60623699
vt 0.14314801 0.60512799
vt 0.13872200 0.60509598
vt 0.14314701 0.60386997
vt 0.13872001 0.60383600
vt 0.13872200 0.60509598
vt 0.14314801 0.60512799
vt 0.13872001 0.60383600
vt 0.13428400 0.60380000
vt 0.13428500 0.60508198
vt 0.13872200 0.60509598
vt 0.14316501 0.60276097
vt 0.13873000 0.60269099
vt 0.13872001 0.60383600
vt 0.14314701 0.60386997
vt 0.13873000 0.60269099
vt 0.13428700 0.60267198
vt 0.13428400 0.60380000
vt 0.13872001 0.60383600
vt 0.13428700 0.60267198
vt 0.12984800 0.60263199
vt 0.12983300 0.60374701
vt 0.13428400 0.60380000
vt 0.13428400 0.60380000
vt 0.12983300 0.60374701
vt 0.12983100 0.60505301
vt 0.13428500 0.60508198
vt 0.12984800 0.60263199
vt 0.12535000 0.60250902
vt 0.12532400 0.60368800
vt 0.12983300 0.60374701
vt 0.12983300 0.60374701
vt 0.12532400 0.60368800
vt 0.12531500 0.60499001
vt 0.12983100 0.60505301
vt 0.12535000 0.60250902
vt 0.12074400 0.60237598
vt 0.12071500 0.60357100
vt 0.12532400 0.60368800
vt 0.12532400 0.60368800
vt 0.12071500 0.60357100
vt 0.12069500 0.60494101
vt 0.12531500 0.60499001
vt 0.11588200 0.60489202
vt 0.12069500 0.60494101
vt 0.12071500 0.60357100
vt 0.11589000 0.60346299
vt 0.11588100 0.60613298
vt 0.12067800 0.60614097
vt 0.12069500 0.60494101
vt 0.11588200 0.60489202
vt 0.12985200 0.60241902
vt 0.12535700 0.60229200
vt 0.12535000 0.60250902
vt 0.12984800 0.60263199
vt 0.12535700 0.60229200
vt 0.12075200 0.60215098
vt 0.12074400 0.60237598
vt 0.12535000 0.60250902
vt 0.12994300 0.59922099
vt 0.12548099 0.59913802
vt 0.12535700 0.60229200
vt 0.12985200 0.60241902
vt 0.13428900 0.60246098
vt 0.12985200 0.60241902
vt 0.12984800 0.60263199
vt 0.13428700 0.60267198
vt 0.13436100 0.59932297
vt 0.12994300 0.59922099
vt 0.12985200 0.60241902
vt 0.13428900 0.60246098
vt 0.13873200 0.60247999
vt 0.13428900 0.60246098
vt 0.13428700 0.60267198
vt 0.13873000 0.60269099
vt 0.13877501 0.59940201
vt 0.13436100 0.59932297
vt 0.13428900 0.60246098
vt 0.13873200 0.60247999
vt 0.12994300 0.59922099
vt 0.13436100 0.59932297
vt 0.13436501 0.59911197
vt 0.12994801 0.59900999
vt 0.14316700 0.60255301
vt 0.13873200 0.60247999
vt 0.13873000 0.60269099
vt 0.14316501 0.60276097
vt 0.13873200 0.60247999
vt 0.14316700 0.60255301
vt 0.14320099 0.59945500
vt 0.13877501 0.59940201
vt 0.14316700 0.60255301
vt 0.14760301 0.60259998
vt 0.14763500 0.59949398
vt 0.14320099 0.59945500
vt 0.14760301 0.60259998
vt 0.14316700 0.60255301
vt 0.14316501 0.60276097
vt 0.14760099 0.60280597
vt 0.14760099 0.60280597
vt 0.14316501 0.60276097
vt 0.14314701 0.60386997
vt 0.14758500 0.60391003
vt 0.15204400 0.60286599
vt 0.14760099 0.60280597
vt 0.14758500 0.60391003
vt 0.15203500 0.60394502
vt 0.15204500 0.60266298
vt 0.14760301 0.60259998
vt 0.14760099 0.60280597
vt 0.15204400 0.60286599
vt 0.15649800 0.60286099
vt 0.15204400 0.60286599
vt 0.15203500 0.60394502
vt 0.15649100 0.60397798
vt 0.15649900 0.60265398
vt 0.15204500 0.60266298
vt 0.15204400 0.60286599
vt 0.15649800 0.60286099
vt 0.14760301 0.60259998
vt 0.15204500 0.60266298
vt 0.15207700 0.59953898
vt 0.14763500 0.59949398
vt 0.15204500 0.60266298
vt 0.15649900 0.60265398
vt 0.15654600 0.59959197
vt 0.15207700 0.59953898
vt 0.15654600 0.59959197
vt 0.15649900 0.60265398
vt 0.16096801 0.60271800
vt 0.16099501 0.59960097
vt 0.16096801 0.60271800
vt 0.15649900 0.60265398
vt 0.15649800 0.60286099
vt 0.16096599 0.60292202
vt 0.16099501 0.59960097
vt 0.16096801 0.60271800
vt 0.16541500 0.60275000
vt 0.16542000 0.59964597
vt 0.16541500 0.60275000
vt 0.16096801 0.60271800
vt 0.16096599 0.60292202
vt 0.16541301 0.60295600
vt 0.16542000 0.59964597
vt 0.16541500 0.60275000
vt 0.16984500 0.60279000
vt 0.16984600 0.59969902
vt 0.16984500 0.60279000
vt 0.16541500 0.60275000
vt 0.16541301 0.60295600
vt 0.16984300 0.60299700
vt 0.16984300 0.60299700
vt 0.16541301 0.60295600
vt 0.16540700 0.60405803
vt 0.16983700 0.60410500
vt 0.16541301 0.60295600
vt 0.16096599 0.60292202
vt 0.16095600 0.60400403
vt 0.16540700 0.60405803
vt 0.16983700 0.60410500
vt 0.16540700 0.60405803
vt 0.16540299 0.60530698
vt 0.16982999 0.60535997
vt 0.16540700 0.60405803
vt 0.16095600 0.60400403
vt 0.16095400 0.60526401
vt 0.16540299 0.60530698
vt 0.16094400 0.60634500
vt 0.16538499 0.60640800
vt 0.16540299 0.60530698
vt 0.16095400 0.60526401
vt 0.16538499 0.60640800
vt 0.16980800 0.60646600
vt 0.16982999 0.60535997
vt 0.16540299 0.60530698
vt 0.16980800 0.60646600
vt 0.17420800 0.60655099
vt 0.17422700 0.60541898
vt 0.16982999 0.60535997
vt 0.16982999 0.60535997
vt 0.17422700 0.60541898
vt 0.17423800 0.60417199
vt 0.16983700 0.60410500
vt 0.17420800 0.60655099
vt 0.17857800 0.60661602
vt 0.17859501 0.60550702
vt 0.17422700 0.60541898
vt 0.17422700 0.60541898
vt 0.17859501 0.60550702
vt 0.17861800 0.60424799
vt 0.17423800 0.60417199
vt 0.17425600 0.60303903
vt 0.16984300 0.60299700
vt 0.16983700 0.60410500
vt 0.17423800 0.60417199
vt 0.17864500 0.60313398
vt 0.17425600 0.60303903
vt 0.17423800 0.60417199
vt 0.17861800 0.60424799
vt 0.18303700 0.60321498
vt 0.17864500 0.60313398
vt 0.17861800 0.60424799
vt 0.18301500 0.60431898
vt 0.17859501 0.60550702
vt 0.18297499 0.60560602
vt 0.18301500 0.60431898
vt 0.17861800 0.60424799
vt 0.18297499 0.60560602
vt 0.18742301 0.60571200
vt 0.18745901 0.60443097
vt 0.18301500 0.60431898
vt 0.18748400 0.60327202
vt 0.18303700 0.60321498
vt 0.18301500 0.60431898
vt 0.18745901 0.60443097
vt 0.18303999 0.60300601
vt 0.17864899 0.60292500
vt 0.17864500 0.60313398
vt 0.18303700 0.60321498
vt 0.18748800 0.60305703
vt 0.18303999 0.60300601
vt 0.18303700 0.60321498
vt 0.18748400 0.60327202
vt 0.19201100 0.60314798
vt 0.18748800 0.60305703
vt 0.18748400 0.60327202
vt 0.19200601 0.60336798
vt 0.19200601 0.60336798
vt 0.18748400 0.60327202
vt 0.18745901 0.60443097
vt 0.19196101 0.60453397
vt 0.19670001 0.60330600
vt 0.19201100 0.60314798
vt 0.19200601 0.60336798
vt 0.19667099 0.60352898
vt 0.19667099 0.60352898
vt 0.19200601 0.60336798
vt 0.19196101 0.60453397
vt 0.19656099 0.60467201
vt 0.19656099 0.60467201
vt 0.19196101 0.60453397
vt 0.19192600 0.60587299
vt 0.19647600 0.60612601
vt 0.19196101 0.60453397
vt 0.18745901 0.60443097
vt 0.18742301 0.60571200
vt 0.19192600 0.60587299
vt 0.19188599 0.60703301
vt 0.19645800 0.60727298
vt 0.19647600 0.60612601
vt 0.19192600 0.60587299
vt 0.18738499 0.60687298
vt 0.19188599 0.60703301
vt 0.19192600 0.60587299
vt 0.18742301 0.60571200
vt 0.18737701 0.60708702
vt 0.19187599 0.60724998
vt 0.19188599 0.60703301
vt 0.18738499 0.60687298
vt 0.19187599 0.60724998
vt 0.19645600 0.60749400
vt 0.19645800 0.60727298
vt 0.19188599 0.60703301
vt 0.19645800 0.60727298
vt 0.20140500 0.60701102
vt 0.20002200 0.60606802
vt 0.19647600 0.60612601
vt 0.19645600 0.60749400
vt 0.20158400 0.60728002
vt 0.20140500 0.60701102
vt 0.19645800 0.60727298
vt 0.20158400 0.60728002
vt 0.20166700 0.60448098
vt 0.20147499 0.60472101
vt 0.20140500 0.60701102
vt 0.20140500 0.60701102
vt 0.20147499 0.60472101
vt 0.20014200 0.60541397
vt 0.20002200 0.60606802
vt 0.20166700 0.60448098
vt 0.19670001 0.60330600
vt 0.19667099 0.60352898
vt 0.20147499 0.60472101
vt 0.20147499 0.60472101
vt 0.19667099 0.60352898
vt 0.19656099 0.60467201
vt 0.20014200 0.60541397
vt 0.20014200 0.60541397
vt 0.19656099 0.60467201
vt 0.19647600 0.60612601
vt 0.20002200 0.60606802
vt 0.19678400 0.59702200
vt 0.19682699 0.59958398
vt 0.19670001 0.60330600
vt 0.20166700 0.60448098
vt 0.20215000 0.59325403
vt 0.19708000 0.59324801
vt 0.20215000 0.59325403
vt 0.20166700 0.60448098
vt 0.20158400 0.60728002
vt 0.20114800 0.61158001
vt 0.20110799 0.61442500
vt 0.20054901 0.61816698
vt 0.20146900 0.61990798
vt 0.20699300 0.62083501
vt 0.20718101 0.59226000
vt 0.19197799 0.60001999
vt 0.19201100 0.60314798
vt 0.19670001 0.60330600
vt 0.19682699 0.59958398
vt 0.19682699 0.59958398
vt 0.19678400 0.59702200
vt 0.19661599 0.59725100
vt 0.19664900 0.59934503
vt 0.19197799 0.60001999
vt 0.19682699 0.59958398
vt 0.19664900 0.59934503
vt 0.19197100 0.59981000
vt 0.18751800 0.59994000
vt 0.19197799 0.60001999
vt 0.19197100 0.59981000
vt 0.18752199 0.59972501
vt 0.18751800 0.59994000
vt 0.18748800 0.60305703
vt 0.19201100 0.60314798
vt 0.19197799 0.60001999
vt 0.18308800 0.59983200
vt 0.18303999 0.60300601
vt 0.18748800 0.60305703
vt 0.18751800 0.59994000
vt 0.18308800 0.59983200
vt 0.18751800 0.59994000
vt 0.18752199 0.59972501
vt 0.18309100 0.59962302
vt 0.18752199 0.59972501
vt 0.19197100 0.59981000
vt 0.19194999 0.59884101
vt 0.18754099 0.59872299
vt 0.18309100 0.59962302
vt 0.18752199 0.59972501
vt 0.18754099 0.59872299
vt 0.18310399 0.59865499
vt 0.17868599 0.59980100
vt 0.18308800 0.59983200
vt 0.18309100 0.59962302
vt 0.17868800 0.59959102
vt 0.17868800 0.59959102
vt 0.18309100 0.59962302
vt 0.18310399 0.59865499
vt 0.17869300 0.59861201
vt 0.18310399 0.59865499
vt 0.18754099 0.59872299
vt 0.18754500 0.59850401
vt 0.18310700 0.59843999
vt 0.17869300 0.59861201
vt 0.18310399 0.59865499
vt 0.18310700 0.59843999
vt 0.17869499 0.59839702
vt 0.18756300 0.59752297
vt 0.18312301 0.59745997
vt 0.18310700 0.59843999
vt 0.18754500 0.59850401
vt 0.18312301 0.59745997
vt 0.17870700 0.59742498
vt 0.17869499 0.59839702
vt 0.18310700 0.59843999
vt 0.17428100 0.59835601
vt 0.17869499 0.59839702
vt 0.17870700 0.59742498
vt 0.17429399 0.59739202
vt 0.17427900 0.59857100
vt 0.17869300 0.59861201
vt 0.17869499 0.59839702
vt 0.17428100 0.59835601
vt 0.17429399 0.59739202
vt 0.16987200 0.59735000
vt 0.16986400 0.59831297
vt 0.17428100 0.59835601
vt 0.16986100 0.59852499
vt 0.17427900 0.59857100
vt 0.17428100 0.59835601
vt 0.16986400 0.59831297
vt 0.16984800 0.59949201
vt 0.17426801 0.59955603
vt 0.17427900 0.59857100
vt 0.16986100 0.59852499
vt 0.17426801 0.59955603
vt 0.17868800 0.59959102
vt 0.17869300 0.59861201
vt 0.17427900 0.59857100
vt 0.17426500 0.59976703
vt 0.17868599 0.59980100
vt 0.17868800 0.59959102
vt 0.17426801 0.59955603
vt 0.16984600 0.59969902
vt 0.17426500 0.59976703
vt 0.17426801 0.59955603
vt 0.16984800 0.59949201
vt 0.16542000 0.59964597
vt 0.16984600 0.59969902
vt 0.16984800 0.59949201
vt 0.16542201 0.59944099
vt 0.16542201 0.59944099
vt 0.16984800 0.59949201
vt 0.16986100 0.59852499
vt 0.16543400 0.59847999
vt 0.16984600 0.59969902
vt 0.16984500 0.60279000
vt 0.17426001 0.60282898
vt 0.17426500 0.59976703
vt 0.16099501 0.59960097
vt 0.16542000 0.59964597
vt 0.16542201 0.59944099
vt 0.16099700 0.59939700
vt 0.16099700 0.59939700
vt 0.16542201 0.59944099
vt 0.16543400 0.59847999
vt 0.16100401 0.59845299
vt 0.16100401 0.59845299
vt 0.16543400 0.59847999
vt 0.16543600 0.59827298
vt 0.16100501 0.59824401
vt 0.16543400 0.59847999
vt 0.16986100 0.59852499
vt 0.16986400 0.59831297
vt 0.16543600 0.59827298
vt 0.15655400 0.59841597
vt 0.16100401 0.59845299
vt 0.16100501 0.59824401
vt 0.15655500 0.59820700
vt 0.15654799 0.59938502
vt 0.16099700 0.59939700
vt 0.16100401 0.59845299
vt 0.15655400 0.59841597
vt 0.15654600 0.59959197
vt 0.16099501 0.59960097
vt 0.16099700 0.59939700
vt 0.15654799 0.59938502
vt 0.15207700 0.59953898
vt 0.15654600 0.59959197
vt 0.15654799 0.59938502
vt 0.15208000 0.59933501
vt 0.17426500 0.59976703
vt 0.17426001 0.60282898
vt 0.17864899 0.60292500
vt 0.17868599 0.59980100
vt 0.17868599 0.59980100
vt 0.17864899 0.60292500
vt 0.18303999 0.60300601
vt 0.18308800 0.59983200
vt 0.17864899 0.60292500
vt 0.17426001 0.60282898
vt 0.17425600 0.60303903
vt 0.17864500 0.60313398
vt 0.17426001 0.60282898
vt 0.16984500 0.60279000
vt 0.16984300 0.60299700
vt 0.17425600 0.60303903
vt 0.18312600 0.59724498
vt 0.17870900 0.59720999
vt 0.17870700 0.59742498
vt 0.18312301 0.59745997
vt 0.18756600 0.59730399
vt 0.18312600 0.59724498
vt 0.18312301 0.59745997
vt 0.18756300 0.59752297
vt 0.19195700 0.59759301
vt 0.18756300 0.59752297
vt 0.18754500 0.59850401
vt 0.19194800 0.59863102
vt 0.19197100 0.59737903
vt 0.18756600 0.59730399
vt 0.18756300 0.59752297
vt 0.19195700 0.59759301
vt 0.19204000 0.59642798
vt 0.18758599 0.59630299
vt 0.18756600 0.59730399
vt 0.19197100 0.59737903
vt 0.19661599 0.59725100
vt 0.19204000 0.59642798
vt 0.19197100 0.59737903
vt 0.19555999 0.59785002
vt 0.19555999 0.59785002
vt 0.19197100 0.59737903
vt 0.19195700 0.59759301
vt 0.19544700 0.59799099
vt 0.19546500 0.59862602
vt 0.19664900 0.59934503
vt 0.19661599 0.59725100
vt 0.19555999 0.59785002
vt 0.19538400 0.59848398
vt 0.19546500 0.59862602
vt 0.19555999 0.59785002
vt 0.19544700 0.59799099
vt 0.19544700 0.59799099
vt 0.19195700 0.59759301
vt 0.19194800 0.59863102
vt 0.19538400 0.59848398
vt 0.19194999 0.59884101
vt 0.19546500 0.59862602
vt 0.19538400 0.59848398
vt 0.19194800 0.59863102
vt 0.18754099 0.59872299
vt 0.19194999 0.59884101
vt 0.19194800 0.59863102
vt 0.18754500 0.59850401
vt 0.19197100 0.59981000
vt 0.19664900 0.59934503
vt 0.19546500 0.59862602
vt 0.19194999 0.59884101
vt 0.19678400 0.59702200
vt 0.19205900 0.59622002
vt 0.19204000 0.59642798
vt 0.19661599 0.59725100
vt 0.19205900 0.59622002
vt 0.18759000 0.59608901
vt 0.18758599 0.59630299
vt 0.19204000 0.59642798
vt 0.19645600 0.60749400
vt 0.19629399 0.61056101
vt 0.20114800 0.61158001
vt 0.20158400 0.60728002
vt 0.20110799 0.61442500
vt 0.20114800 0.61158001
vt 0.20096201 0.61182100
vt 0.20092499 0.61415601
vt 0.20114800 0.61158001
vt 0.19629399 0.61056101
vt 0.19626500 0.61077499
vt 0.20096201 0.61182100
vt 0.19187599 0.60724998
vt 0.19174400 0.61024803
vt 0.19629399 0.61056101
vt 0.19645600 0.60749400
vt 0.19629399 0.61056101
vt 0.19174400 0.61024803
vt 0.19173101 0.61046398
vt 0.19626500 0.61077499
vt 0.20096201 0.61182100
vt 0.19626500 0.61077499
vt 0.19614200 0.61186498
vt 0.19962101 0.61254102
vt 0.19626500 0.61077499
vt 0.19173101 0.61046398
vt 0.19165801 0.61160803
vt 0.19614200 0.61186498
vt 0.19174400 0.61024803
vt 0.18727100 0.61005002
vt 0.18726300 0.61026299
vt 0.19173101 0.61046398
vt 0.19173101 0.61046398
vt 0.18726300 0.61026299
vt 0.18721600 0.61141002
vt 0.19165801 0.61160803
vt 0.18726300 0.61026299
vt 0.18286200 0.61012203
vt 0.18282300 0.61121500
vt 0.18721600 0.61141002
vt 0.18727100 0.61005002
vt 0.18286900 0.60991400
vt 0.18286200 0.61012203
vt 0.18726300 0.61026299
vt 0.18737701 0.60708702
vt 0.18727100 0.61005002
vt 0.19174400 0.61024803
vt 0.19187599 0.60724998
vt 0.18294200 0.60691702
vt 0.18286900 0.60991400
vt 0.18727100 0.61005002
vt 0.18737701 0.60708702
vt 0.18294200 0.60691702
vt 0.18737701 0.60708702
vt 0.18738499 0.60687298
vt 0.18294799 0.60670602
vt 0.17857400 0.60682303
vt 0.18294200 0.60691702
vt 0.18294799 0.60670602
vt 0.17857800 0.60661602
vt 0.17857400 0.60682303
vt 0.17850301 0.60976201
vt 0.18286900 0.60991400
vt 0.18294200 0.60691702
vt 0.17420501 0.60676003
vt 0.17411800 0.60964501
vt 0.17850301 0.60976201
vt 0.17857400 0.60682303
vt 0.17420501 0.60676003
vt 0.17857400 0.60682303
vt 0.17857800 0.60661602
vt 0.17420800 0.60655099
vt 0.17857800 0.60661602
vt 0.18294799 0.60670602
vt 0.18297499 0.60560602
vt 0.17859501 0.60550702
vt 0.16980501 0.60667300
vt 0.16973600 0.60958600
vt 0.17411800 0.60964501
vt 0.17420501 0.60676003
vt 0.16980501 0.60667300
vt 0.17420501 0.60676003
vt 0.17420800 0.60655099
vt 0.16980800 0.60646600
vt 0.16538200 0.60661298
vt 0.16534500 0.60954601
vt 0.16973600 0.60958600
vt 0.16980501 0.60667300
vt 0.16538200 0.60661298
vt 0.16980501 0.60667300
vt 0.16980800 0.60646600
vt 0.16538499 0.60640800
vt 0.16094200 0.60655099
vt 0.16093400 0.60950601
vt 0.16534500 0.60954601
vt 0.16538200 0.60661298
vt 0.16094200 0.60655099
vt 0.16538200 0.60661298
vt 0.16538499 0.60640800
vt 0.16094400 0.60634500
vt 0.15647300 0.60653800
vt 0.15648100 0.60944003
vt 0.16093400 0.60950601
vt 0.16094200 0.60655099
vt 0.15647300 0.60653800
vt 0.16094200 0.60655099
vt 0.16094400 0.60634500
vt 0.15647399 0.60633099
vt 0.15647399 0.60633099
vt 0.16094400 0.60634500
vt 0.16095400 0.60526401
vt 0.15648299 0.60521102
vt 0.15201899 0.60627502
vt 0.15647399 0.60633099
vt 0.15648299 0.60521102
vt 0.15202700 0.60519898
vt 0.15201800 0.60648102
vt 0.15647300 0.60653800
vt 0.15647399 0.60633099
vt 0.15201899 0.60627502
vt 0.14758199 0.60626400
vt 0.15201899 0.60627502
vt 0.15202700 0.60519898
vt 0.14758401 0.60516000
vt 0.14758199 0.60646802
vt 0.15201800 0.60648102
vt 0.15201899 0.60627502
vt 0.14758199 0.60626400
vt 0.14756800 0.60941398
vt 0.15200800 0.60944003
vt 0.15201800 0.60648102
vt 0.14758199 0.60646802
vt 0.15200800 0.60944003
vt 0.15648100 0.60944003
vt 0.15647300 0.60653800
vt 0.15201800 0.60648102
vt 0.15200800 0.60944003
vt 0.14756800 0.60941398
vt 0.14756700 0.60961902
vt 0.15200700 0.60964400
vt 0.15648100 0.60944003
vt 0.15200800 0.60944003
vt 0.15200700 0.60964400
vt 0.15647900 0.60964698
vt 0.15647900 0.60964698
vt 0.15200700 0.60964400
vt 0.15200301 0.61072701
vt 0.15647100 0.61076498
vt 0.15200700 0.60964400
vt 0.14756700 0.60961902
vt 0.14755800 0.61071903
vt 0.15200301 0.61072701
vt 0.15200800 0.61198598
vt 0.15646400 0.61199498
vt 0.15647100 0.61076498
vt 0.15200301 0.61072701
vt 0.14755499 0.61196703
vt 0.15200800 0.61198598
vt 0.15200301 0.61072701
vt 0.14755800 0.61071903
vt 0.14755900 0.61307102
vt 0.15200400 0.61306602
vt 0.15200800 0.61198598
vt 0.14755499 0.61196703
vt 0.15200400 0.61306602
vt 0.15645900 0.61310798
vt 0.15646400 0.61199498
vt 0.15200800 0.61198598
vt 0.15645900 0.61310798
vt 0.16089000 0.61310798
vt 0.16089900 0.61203599
vt 0.15646400 0.61199498
vt 0.16092101 0.61078501
vt 0.15647100 0.61076498
vt 0.15646400 0.61199498
vt 0.16089900 0.61203599
vt 0.16533700 0.61084199
vt 0.16092101 0.61078501
vt 0.16089900 0.61203599
vt 0.16531301 0.61207998
vt 0.16089000 0.61310798
vt 0.16529401 0.61317199
vt 0.16531301 0.61207998
vt 0.16089900 0.61203599
vt 0.15645801 0.61331397
vt 0.16088800 0.61330998
vt 0.16089000 0.61310798
vt 0.15645900 0.61310798
vt 0.16088800 0.61330998
vt 0.16529199 0.61337602
vt 0.16529401 0.61317199
vt 0.16089000 0.61310798
vt 0.16529401 0.61317199
vt 0.16967900 0.61322898
vt 0.16970401 0.61213201
vt 0.16531301 0.61207998
vt 0.16529199 0.61337602
vt 0.16967499 0.61343402
vt 0.16967900 0.61322898
vt 0.16529401 0.61317199
vt 0.16529199 0.61337602
vt 0.16526300 0.61596799
vt 0.16963500 0.61601502
vt 0.16967499 0.61343402
vt 0.16088800 0.61330998
vt 0.16086400 0.61592501
vt 0.16526300 0.61596799
vt 0.16529199 0.61337602
vt 0.16967499 0.61343402
vt 0.17403001 0.61354899
vt 0.17403600 0.61334097
vt 0.16967900 0.61322898
vt 0.16967499 0.61343402
vt 0.16963500 0.61601502
vt 0.17399500 0.61609298
vt 0.17403001 0.61354899
vt 0.17399500 0.61609298
vt 0.16963500 0.61601502
vt 0.16963200 0.61621898
vt 0.17398900 0.61629897
vt 0.16963500 0.61601502
vt 0.16526300 0.61596799
vt 0.16526100 0.61616999
vt 0.16963200 0.61621898
vt 0.16963200 0.61621898
vt 0.16526100 0.61616999
vt 0.16525400 0.61725599
vt 0.16962101 0.61731398
vt 0.17398900 0.61629897
vt 0.16963200 0.61621898
vt 0.16962101 0.61731398
vt 0.17395900 0.61741400
vt 0.16526300 0.61596799
vt 0.16086400 0.61592501
vt 0.16086200 0.61612999
vt 0.16526100 0.61616999
vt 0.16526100 0.61616999
vt 0.16086200 0.61612999
vt 0.16085300 0.61720401
vt 0.16525400 0.61725599
vt 0.16086400 0.61592501
vt 0.15642101 0.61587799
vt 0.15642001 0.61608201
vt 0.16086200 0.61612999
vt 0.16086200 0.61612999
vt 0.15642001 0.61608201
vt 0.15641800 0.61719400
vt 0.16085300 0.61720401
vt 0.15642001 0.61608201
vt 0.15198000 0.61610401
vt 0.15198000 0.61718100
vt 0.15641800 0.61719400
vt 0.15642101 0.61587799
vt 0.15198000 0.61589903
vt 0.15198000 0.61610401
vt 0.15642001 0.61608201
vt 0.15198000 0.61589903
vt 0.15642101 0.61587799
vt 0.15645801 0.61331397
vt 0.15200301 0.61327100
vt 0.15645801 0.61331397
vt 0.15642101 0.61587799
vt 0.16086400 0.61592501
vt 0.16088800 0.61330998
vt 0.15200301 0.61327100
vt 0.15645801 0.61331397
vt 0.15645900 0.61310798
vt 0.15200400 0.61306602
vt 0.14756000 0.61327499
vt 0.15200301 0.61327100
vt 0.15200400 0.61306602
vt 0.14755900 0.61307102
vt 0.14756100 0.61588901
vt 0.15198000 0.61589903
vt 0.15200301 0.61327100
vt 0.14756000 0.61327499
vt 0.14312500 0.61328399
vt 0.14756000 0.61327499
vt 0.14755900 0.61307102
vt 0.14312400 0.61307597
vt 0.14315800 0.61588901
vt 0.14756100 0.61588901
vt 0.14756000 0.61327499
vt 0.14312500 0.61328399
vt 0.14312400 0.61307597
vt 0.14755900 0.61307102
vt 0.14755499 0.61196703
vt 0.14311400 0.61196601
vt 0.13870500 0.61332202
vt 0.14312500 0.61328399
vt 0.14312400 0.61307597
vt 0.13870400 0.61311197
vt 0.14756100 0.61588901
vt 0.14315800 0.61588901
vt 0.14315900 0.61609501
vt 0.14756100 0.61609203
vt 0.15198000 0.61589903
vt 0.14756100 0.61588901
vt 0.14756100 0.61609203
vt 0.15198000 0.61610401
vt 0.15198000 0.61610401
vt 0.14756100 0.61609203
vt 0.14755601 0.61718601
vt 0.15198000 0.61718100
vt 0.14756100 0.61609203
vt 0.14315900 0.61609501
vt 0.14315601 0.61719799
vt 0.14755601 0.61718601
vt 0.14315900 0.61609501
vt 0.13875800 0.61610901
vt 0.13877000 0.61724001
vt 0.14315601 0.61719799
vt 0.14315800 0.61588901
vt 0.13875601 0.61589903
vt 0.13875800 0.61610901
vt 0.14315900 0.61609501
vt 0.13875601 0.61589903
vt 0.13434400 0.61598003
vt 0.13434900 0.61619002
vt 0.13875800 0.61610901
vt 0.13875800 0.61610901
vt 0.13434900 0.61619002
vt 0.13438000 0.61731100
vt 0.13877000 0.61724001
vt 0.13875601 0.61589903
vt 0.14315800 0.61588901
vt 0.14312500 0.61328399
vt 0.13870500 0.61332202
vt 0.13877000 0.61724001
vt 0.13438000 0.61731100
vt 0.13440000 0.61857897
vt 0.13877700 0.61848301
vt 0.14315601 0.61719799
vt 0.13877000 0.61724001
vt 0.13877700 0.61848301
vt 0.14315300 0.61844701
vt 0.13434900 0.61619002
vt 0.12993200 0.61631799
vt 0.12996501 0.61742800
vt 0.13438000 0.61731100
vt 0.13000500 0.61871701
vt 0.13440000 0.61857897
vt 0.13438000 0.61731100
vt 0.12996501 0.61742800
vt 0.13004300 0.61981702
vt 0.13442200 0.61969399
vt 0.13440000 0.61857897
vt 0.13000500 0.61871701
vt 0.13442200 0.61969399
vt 0.13879500 0.61961001
vt 0.13877700 0.61848301
vt 0.13440000 0.61857897
vt 0.13005100 0.62002701
vt 0.13442700 0.61990201
vt 0.13442200 0.61969399
vt 0.13004300 0.61981702
vt 0.13442700 0.61990201
vt 0.13879900 0.61981797
vt 0.13879500 0.61961001
vt 0.13442200 0.61969399
vt 0.12562400 0.62003303
vt 0.13004300 0.61981702
vt 0.13000500 0.61871701
vt 0.12556300 0.61887598
vt 0.12563600 0.62024599
vt 0.13005100 0.62002701
vt 0.13004300 0.61981702
vt 0.12562400 0.62003303
vt 0.13005100 0.62002701
vt 0.12563600 0.62024599
vt 0.12575699 0.62238097
vt 0.13015100 0.62218601
vt 0.13442700 0.61990201
vt 0.13005100 0.62002701
vt 0.13015100 0.62218601
vt 0.13448900 0.62202799
vt 0.13015100 0.62218601
vt 0.12575699 0.62238097
vt 0.12577000 0.62259400
vt 0.13015901 0.62239200
vt 0.13448900 0.62202799
vt 0.13015100 0.62218601
vt 0.13015901 0.62239200
vt 0.13449501 0.62223399
vt 0.13883699 0.62190402
vt 0.13448900 0.62202799
vt 0.13449501 0.62223399
vt 0.13884100 0.62211102
vt 0.13879900 0.61981797
vt 0.13442700 0.61990201
vt 0.13448900 0.62202799
vt 0.13883699 0.62190402
vt 0.13883699 0.62190402
vt 0.14320301 0.62185401
vt 0.14316900 0.61975300
vt 0.13879900 0.61981797
vt 0.14320301 0.62185401
vt 0.13883699 0.62190402
vt 0.13884100 0.62211102
vt 0.14320500 0.62205899
vt 0.14320301 0.62185401
vt 0.14757600 0.62183303
vt 0.14756900 0.61972499
vt 0.14316900 0.61975300
vt 0.14757600 0.62183303
vt 0.14320301 0.62185401
vt 0.14320500 0.62205899
vt 0.14757700 0.62203598
vt 0.15196900 0.62182301
vt 0.14757600 0.62183303
vt 0.14757700 0.62203598
vt 0.15197000 0.62202603
vt 0.14757600 0.62183303
vt 0.15196900 0.62182301
vt 0.15198000 0.61970598
vt 0.14756900 0.61972499
vt 0.15638299 0.62180501
vt 0.15196900 0.62182301
vt 0.15197000 0.62202603
vt 0.15638299 0.62200803
vt 0.15196900 0.62182301
vt 0.15638299 0.62180501
vt 0.15640500 0.61973101
vt 0.15198000 0.61970598
vt 0.14756900 0.61972499
vt 0.15198000 0.61970598
vt 0.15198000 0.61950302
vt 0.14756800 0.61952102
vt 0.15198000 0.61970598
vt 0.15640500 0.61973101
vt 0.15640600 0.61952603
vt 0.15198000 0.61950302
vt 0.14756800 0.61952102
vt 0.15198000 0.61950302
vt 0.15198000 0.61843097
vt 0.14755900 0.61842501
vt 0.15198000 0.61950302
vt 0.15640600 0.61952603
vt 0.15640800 0.61841702
vt 0.15198000 0.61843097
vt 0.15640600 0.61952603
vt 0.16082700 0.61952198
vt 0.16083400 0.61845100
vt 0.15640800 0.61841702
vt 0.15640500 0.61973101
vt 0.16082600 0.61972499
vt 0.16082700 0.61952198
vt 0.15640600 0.61952603
vt 0.15198000 0.61843097
vt 0.15640800 0.61841702
vt 0.15641800 0.61719400
vt 0.15198000 0.61718100
vt 0.16085300 0.61720401
vt 0.15641800 0.61719400
vt 0.15640800 0.61841702
vt 0.16083400 0.61845100
vt 0.16525400 0.61725599
vt 0.16085300 0.61720401
vt 0.16083400 0.61845100
vt 0.16522899 0.61848700
vt 0.16082700 0.61952198
vt 0.16521101 0.61957097
vt 0.16522899 0.61848700
vt 0.16083400 0.61845100
vt 0.16522899 0.61848700
vt 0.16958900 0.61855203
vt 0.16962101 0.61731398
vt 0.16525400 0.61725599
vt 0.16521101 0.61957097
vt 0.16956200 0.61964297
vt 0.16958900 0.61855203
vt 0.16522899 0.61848700
vt 0.16520800 0.61977202
vt 0.16955701 0.61984700
vt 0.16956200 0.61964297
vt 0.16521101 0.61957097
vt 0.16082600 0.61972499
vt 0.16520800 0.61977202
vt 0.16521101 0.61957097
vt 0.16082700 0.61952198
vt 0.16082600 0.61972499
vt 0.16079900 0.62183702
vt 0.16518401 0.62186599
vt 0.16520800 0.61977202
vt 0.16520800 0.61977202
vt 0.16518401 0.62186599
vt 0.16953699 0.62193102
vt 0.16955701 0.61984700
vt 0.16953699 0.62193102
vt 0.16518401 0.62186599
vt 0.16518199 0.62206697
vt 0.16953300 0.62213397
vt 0.16518401 0.62186599
vt 0.16079900 0.62183702
vt 0.16079800 0.62203997
vt 0.16518199 0.62206697
vt 0.16518199 0.62206697
vt 0.16079800 0.62203997
vt 0.16079301 0.62310702
vt 0.16517501 0.62315202
vt 0.16953300 0.62213397
vt 0.16518199 0.62206697
vt 0.16517501 0.62315202
vt 0.16951901 0.62322003
vt 0.16079800 0.62203997
vt 0.15638299 0.62200803
vt 0.15638299 0.62311399
vt 0.16079301 0.62310702
vt 0.16079900 0.62183702
vt 0.15638299 0.62180501
vt 0.15638299 0.62200803
vt 0.16079800 0.62203997
vt 0.15638299 0.62200803
vt 0.15197000 0.62202603
vt 0.15197100 0.62309402
vt 0.15638299 0.62311399
vt 0.15198299 0.62433499
vt 0.15638199 0.62433100
vt 0.15638299 0.62311399
vt 0.15197100 0.62309402
vt 0.15638199 0.62433100
vt 0.16078800 0.62434798
vt 0.16079301 0.62310702
vt 0.15638299 0.62311399
vt 0.15198500 0.62539899
vt 0.15638100 0.62543201
vt 0.15638199 0.62433100
vt 0.15198299 0.62433499
vt 0.15638100 0.62543201
vt 0.16078299 0.62541503
vt 0.16078800 0.62434798
vt 0.15638199 0.62433100
vt 0.16078800 0.62434798
vt 0.16517100 0.62437898
vt 0.16517501 0.62315202
vt 0.16079301 0.62310702
vt 0.16078299 0.62541503
vt 0.16515300 0.62545902
vt 0.16517100 0.62437898
vt 0.16078800 0.62434798
vt 0.15638000 0.62563598
vt 0.16078199 0.62561601
vt 0.16078299 0.62541503
vt 0.15638100 0.62543201
vt 0.16078199 0.62561601
vt 0.16515100 0.62566102
vt 0.16515300 0.62545902
vt 0.16078299 0.62541503
vt 0.16515100 0.62566102
vt 0.16947700 0.62572998
vt 0.16948099 0.62552899
vt 0.16515300 0.62545902
vt 0.16515300 0.62545902
vt 0.16948099 0.62552899
vt 0.16950700 0.62444800
vt 0.16517100 0.62437898
vt 0.16077501 0.62782198
vt 0.16512500 0.62785900
vt 0.16515100 0.62566102
vt 0.16078199 0.62561601
vt 0.16512500 0.62785900
vt 0.16943300 0.62791300
vt 0.16947700 0.62572998
vt 0.16515100 0.62566102
vt 0.16943300 0.62791300
vt 0.17368899 0.62800002
vt 0.17375401 0.62584299
vt 0.16947700 0.62572998
vt 0.16947700 0.62572998
vt 0.17375401 0.62584299
vt 0.17375800 0.62563998
vt 0.16948099 0.62552899
vt 0.17353199 0.63067901
vt 0.17368899 0.62800002
vt 0.16943300 0.62791300
vt 0.16932800 0.63056999
vt 0.16943300 0.62791300
vt 0.16512500 0.62785900
vt 0.16506600 0.63048702
vt 0.16932800 0.63056999
vt 0.16937000 0.63164401
vt 0.16932800 0.63056999
vt 0.16506600 0.63048702
vt 0.16507700 0.63163298
vt 0.17355500 0.63168103
vt 0.17353199 0.63067901
vt 0.16932800 0.63056999
vt 0.16937000 0.63164401
vt 0.17770199 0.63188797
vt 0.17768900 0.63084298
vt 0.17353199 0.63067901
vt 0.17355500 0.63168103
vt 0.17768900 0.63084298
vt 0.17790100 0.62811297
vt 0.17368899 0.62800002
vt 0.17353199 0.63067901
vt 0.18181001 0.63105601
vt 0.18207499 0.62827802
vt 0.17790100 0.62811297
vt 0.17768900 0.63084298
vt 0.18185499 0.63213801
vt 0.18181001 0.63105601
vt 0.17768900 0.63084298
vt 0.17770199 0.63188797
vt 0.18595301 0.63233501
vt 0.18590400 0.63132900
vt 0.18181001 0.63105601
vt 0.18185499 0.63213801
vt 0.18590400 0.63132900
vt 0.18625000 0.62854397
vt 0.18207499 0.62827802
vt 0.18181001 0.63105601
vt 0.18590400 0.63132900
vt 0.18999700 0.63171101
vt 0.19045100 0.62888902
vt 0.18625000 0.62854397
vt 0.18998200 0.63265699
vt 0.18999700 0.63171101
vt 0.18590400 0.63132900
vt 0.18595301 0.63233501
vt 0.19404900 0.63329297
vt 0.19415100 0.63228703
vt 0.18999700 0.63171101
vt 0.18998200 0.63265699
vt 0.18999700 0.63171101
vt 0.19415100 0.63228703
vt 0.19476099 0.62932402
vt 0.19045100 0.62888902
vt 0.18625000 0.62854397
vt 0.19045100 0.62888902
vt 0.19062901 0.62671900
vt 0.18638600 0.62639397
vt 0.19045100 0.62888902
vt 0.19476099 0.62932402
vt 0.19493300 0.62707800
vt 0.19062901 0.62671900
vt 0.19415100 0.63228703
vt 0.19843601 0.63314801
vt 0.19945200 0.62980503
vt 0.19476099 0.62932402
vt 0.19476099 0.62932402
vt 0.19945200 0.62980503
vt 0.19963101 0.62700099
vt 0.19493300 0.62707800
vt 0.19493300 0.62707800
vt 0.19963101 0.62700099
vt 0.19957200 0.62674999
vt 0.19494000 0.62686700
vt 0.19062901 0.62671900
vt 0.19493300 0.62707800
vt 0.19494000 0.62686700
vt 0.19064499 0.62651402
vt 0.19963101 0.62700099
vt 0.20086800 0.62571400
vt 0.20051999 0.62567103
vt 0.19957200 0.62674999
vt 0.19945200 0.62980503
vt 0.20464300 0.63129002
vt 0.20611800 0.62699300
vt 0.20086800 0.62571400
vt 0.19963101 0.62700099
vt 0.20086800 0.62571400
vt 0.19991501 0.62411100
vt 0.19980700 0.62435198
vt 0.20051999 0.62567103
vt 0.20146900 0.61990798
vt 0.20017500 0.62129599
vt 0.19991501 0.62411100
vt 0.20086800 0.62571400
vt 0.20611800 0.62699300
vt 0.20699300 0.62083501
vt 0.19957200 0.62674999
vt 0.20051999 0.62567103
vt 0.19906300 0.62552100
vt 0.19879401 0.62584400
vt 0.20051999 0.62567103
vt 0.19980700 0.62435198
vt 0.19884200 0.62513500
vt 0.19906300 0.62552100
vt 0.19991501 0.62411100
vt 0.19527300 0.62325799
vt 0.19524500 0.62346703
vt 0.19980700 0.62435198
vt 0.19980700 0.62435198
vt 0.19524500 0.62346703
vt 0.19511700 0.62451798
vt 0.19884200 0.62513500
vt 0.19884200 0.62513500
vt 0.19879401 0.62584400
vt 0.19906300 0.62552100
vt 0.19499999 0.62581199
vt 0.19879401 0.62584400
vt 0.19884200 0.62513500
vt 0.19511700 0.62451798
vt 0.19072901 0.62542498
vt 0.19499999 0.62581199
vt 0.19511700 0.62451798
vt 0.19081999 0.62417799
vt 0.19524500 0.62346703
vt 0.19091500 0.62308502
vt 0.19081999 0.62417799
vt 0.19511700 0.62451798
vt 0.19494000 0.62686700
vt 0.19957200 0.62674999
vt 0.19879401 0.62584400
vt 0.19499999 0.62581199
vt 0.19064499 0.62651402
vt 0.19494000 0.62686700
vt 0.19499999 0.62581199
vt 0.19072901 0.62542498
vt 0.18647601 0.62509000
vt 0.19072901 0.62542498
vt 0.19081999 0.62417799
vt 0.18655799 0.62387502
vt 0.18640000 0.62619001
vt 0.19064499 0.62651402
vt 0.19072901 0.62542498
vt 0.18647601 0.62509000
vt 0.18218400 0.62590301
vt 0.18640000 0.62619001
vt 0.18647601 0.62509000
vt 0.18223700 0.62485099
vt 0.18223700 0.62485099
vt 0.18647601 0.62509000
vt 0.18655799 0.62387502
vt 0.18231000 0.62361598
vt 0.17798699 0.62573898
vt 0.18218400 0.62590301
vt 0.18223700 0.62485099
vt 0.17801900 0.62466800
vt 0.17801900 0.62466800
vt 0.18223700 0.62485099
vt 0.18231000 0.62361598
vt 0.17807201 0.62344903
vt 0.17378600 0.62454200
vt 0.17801900 0.62466800
vt 0.17807201 0.62344903
vt 0.17381801 0.62333000
vt 0.17375800 0.62563998
vt 0.17798699 0.62573898
vt 0.17801900 0.62466800
vt 0.17378600 0.62454200
vt 0.16948099 0.62552899
vt 0.17375800 0.62563998
vt 0.17378600 0.62454200
vt 0.16950700 0.62444800
vt 0.16950700 0.62444800
vt 0.17378600 0.62454200
vt 0.17381801 0.62333000
vt 0.16951901 0.62322003
vt 0.16517100 0.62437898
vt 0.16950700 0.62444800
vt 0.16951901 0.62322003
vt 0.16517501 0.62315202
vt 0.17384800 0.62222499
vt 0.16953300 0.62213397
vt 0.16951901 0.62322003
vt 0.17381801 0.62333000
vt 0.17811701 0.62237102
vt 0.17384800 0.62222499
vt 0.17381801 0.62333000
vt 0.17807201 0.62344903
vt 0.17812499 0.62216902
vt 0.17385399 0.62202001
vt 0.17384800 0.62222499
vt 0.17811701 0.62237102
vt 0.17385399 0.62202001
vt 0.16953699 0.62193102
vt 0.16953300 0.62213397
vt 0.17384800 0.62222499
vt 0.17388900 0.61996198
vt 0.17385399 0.62202001
vt 0.17812499 0.62216902
vt 0.17819700 0.62008601
vt 0.16955701 0.61984700
vt 0.16953699 0.62193102
vt 0.17385399 0.62202001
vt 0.17388900 0.61996198
vt 0.16955701 0.61984700
vt 0.17388900 0.61996198
vt 0.17389400 0.61975598
vt 0.16956200 0.61964297
vt 0.17388900 0.61996198
vt 0.17819700 0.62008601
vt 0.17820400 0.61988199
vt 0.17389400 0.61975598
vt 0.17819700 0.62008601
vt 0.17812499 0.62216902
vt 0.18237001 0.62235099
vt 0.18246800 0.62024301
vt 0.17819700 0.62008601
vt 0.18246800 0.62024301
vt 0.18247800 0.62004000
vt 0.17820400 0.61988199
vt 0.17389400 0.61975598
vt 0.17820400 0.61988199
vt 0.17823599 0.61878902
vt 0.17392600 0.61864102
vt 0.17820400 0.61988199
vt 0.18247800 0.62004000
vt 0.18252701 0.61896998
vt 0.17823599 0.61878902
vt 0.17823599 0.61878902
vt 0.18252701 0.61896998
vt 0.18257301 0.61771297
vt 0.17826900 0.61754698
vt 0.17392600 0.61864102
vt 0.17823599 0.61878902
vt 0.17826900 0.61754698
vt 0.17395900 0.61741400
vt 0.16958900 0.61855203
vt 0.17392600 0.61864102
vt 0.17395900 0.61741400
vt 0.16962101 0.61731398
vt 0.16956200 0.61964297
vt 0.17389400 0.61975598
vt 0.17392600 0.61864102
vt 0.16958900 0.61855203
vt 0.17831500 0.61645103
vt 0.17398900 0.61629897
vt 0.17395900 0.61741400
vt 0.17826900 0.61754698
vt 0.18262100 0.61663401
vt 0.17831500 0.61645103
vt 0.17826900 0.61754698
vt 0.18257301 0.61771297
vt 0.18695500 0.61682302
vt 0.18262100 0.61663401
vt 0.18257301 0.61771297
vt 0.18689400 0.61794698
vt 0.18252701 0.61896998
vt 0.18683100 0.61918199
vt 0.18689400 0.61794698
vt 0.18257301 0.61771297
vt 0.19133700 0.61709100
vt 0.18695500 0.61682302
vt 0.18689400 0.61794698
vt 0.19124900 0.61820900
vt 0.18683100 0.61918199
vt 0.19116400 0.61948299
vt 0.19124900 0.61820900
vt 0.18689400 0.61794698
vt 0.19116400 0.61948299
vt 0.19551900 0.61987299
vt 0.19564900 0.61856502
vt 0.19124900 0.61820900
vt 0.19578899 0.61747801
vt 0.19133700 0.61709100
vt 0.19124900 0.61820900
vt 0.19564900 0.61856502
vt 0.19135199 0.61688000
vt 0.18696600 0.61661297
vt 0.18695500 0.61682302
vt 0.19133700 0.61709100
vt 0.19581901 0.61726302
vt 0.19135199 0.61688000
vt 0.19133700 0.61709100
vt 0.19578899 0.61747801
vt 0.19151600 0.61426902
vt 0.19135199 0.61688000
vt 0.19581901 0.61726302
vt 0.19599900 0.61460000
vt 0.18709899 0.61402601
vt 0.18696600 0.61661297
vt 0.19135199 0.61688000
vt 0.19151600 0.61426902
vt 0.19151600 0.61426902
vt 0.19599900 0.61460000
vt 0.19600300 0.61438298
vt 0.19153000 0.61405700
vt 0.18709899 0.61402601
vt 0.19151600 0.61426902
vt 0.19153000 0.61405700
vt 0.18711001 0.61381602
vt 0.19599900 0.61460000
vt 0.20110799 0.61442500
vt 0.20092499 0.61415601
vt 0.19600300 0.61438298
vt 0.19599900 0.61460000
vt 0.19581901 0.61726302
vt 0.20054901 0.61816698
vt 0.20110799 0.61442500
vt 0.19153000 0.61405700
vt 0.19600300 0.61438298
vt 0.19604100 0.61326599
vt 0.19159301 0.61291999
vt 0.19600300 0.61438298
vt 0.20092499 0.61415601
vt 0.19950600 0.61320299
vt 0.19604100 0.61326599
vt 0.20092499 0.61415601
vt 0.20096201 0.61182100
vt 0.19962101 0.61254102
vt 0.19950600 0.61320299
vt 0.19604100 0.61326599
vt 0.19950600 0.61320299
vt 0.19962101 0.61254102
vt 0.19614200 0.61186498
vt 0.19159301 0.61291999
vt 0.19604100 0.61326599
vt 0.19614200 0.61186498
vt 0.19165801 0.61160803
vt 0.18711001 0.61381602
vt 0.19153000 0.61405700
vt 0.19159301 0.61291999
vt 0.18716601 0.61267298
vt 0.18716601 0.61267298
vt 0.19159301 0.61291999
vt 0.19165801 0.61160803
vt 0.18721600 0.61141002
vt 0.18277401 0.61249101
vt 0.18716601 0.61267298
vt 0.18721600 0.61141002
vt 0.18282300 0.61121500
vt 0.18273100 0.61358202
vt 0.18711001 0.61381602
vt 0.18716601 0.61267298
vt 0.18277401 0.61249101
vt 0.17838600 0.61344397
vt 0.18273100 0.61358202
vt 0.18277401 0.61249101
vt 0.17841201 0.61233801
vt 0.17841201 0.61233801
vt 0.18277401 0.61249101
vt 0.18282300 0.61121500
vt 0.17845900 0.61108100
vt 0.17403600 0.61334097
vt 0.17838600 0.61344397
vt 0.17841201 0.61233801
vt 0.17406300 0.61221999
vt 0.17406300 0.61221999
vt 0.17841201 0.61233801
vt 0.17845900 0.61108100
vt 0.17409100 0.61098200
vt 0.18286200 0.61012203
vt 0.17849700 0.60996997
vt 0.17845900 0.61108100
vt 0.18282300 0.61121500
vt 0.17849700 0.60996997
vt 0.17411400 0.60985398
vt 0.17409100 0.61098200
vt 0.17845900 0.61108100
vt 0.17411400 0.60985398
vt 0.16973300 0.60979199
vt 0.16972400 0.61088902
vt 0.17409100 0.61098200
vt 0.16970401 0.61213201
vt 0.17406300 0.61221999
vt 0.17409100 0.61098200
vt 0.16972400 0.61088902
vt 0.17411800 0.60964501
vt 0.16973600 0.60958600
vt 0.16973300 0.60979199
vt 0.17411400 0.60985398
vt 0.17850301 0.60976201
vt 0.17411800 0.60964501
vt 0.17411400 0.60985398
vt 0.17849700 0.60996997
vt 0.16973600 0.60958600
vt 0.16534500 0.60954601
vt 0.16534300 0.60974997
vt 0.16973300 0.60979199
vt 0.16973300 0.60979199
vt 0.16534300 0.60974997
vt 0.16533700 0.61084199
vt 0.16972400 0.61088902
vt 0.16534500 0.60954601
vt 0.16093400 0.60950601
vt 0.16093200 0.60970998
vt 0.16534300 0.60974997
vt 0.16534300 0.60974997
vt 0.16093200 0.60970998
vt 0.16092101 0.61078501
vt 0.16533700 0.61084199
vt 0.16531301 0.61207998
vt 0.16970401 0.61213201
vt 0.16972400 0.61088902
vt 0.16533700 0.61084199
vt 0.16093400 0.60950601
vt 0.15648100 0.60944003
vt 0.15647900 0.60964698
vt 0.16093200 0.60970998
vt 0.16093200 0.60970998
vt 0.15647900 0.60964698
vt 0.15647100 0.61076498
vt 0.16092101 0.61078501
vt 0.16967900 0.61322898
vt 0.17403600 0.61334097
vt 0.17406300 0.61221999
vt 0.16970401 0.61213201
vt 0.18286900 0.60991400
vt 0.17850301 0.60976201
vt 0.17849700 0.60996997
vt 0.18286200 0.61012203
vt 0.17403001 0.61354899
vt 0.17837900 0.61365098
vt 0.17838600 0.61344397
vt 0.17403600 0.61334097
vt 0.17837900 0.61365098
vt 0.18272200 0.61378998
vt 0.18273100 0.61358202
vt 0.17838600 0.61344397
vt 0.17837900 0.61365098
vt 0.17832300 0.61624497
vt 0.18263000 0.61642897
vt 0.18272200 0.61378998
vt 0.17403001 0.61354899
vt 0.17399500 0.61609298
vt 0.17832300 0.61624497
vt 0.17837900 0.61365098
vt 0.18263000 0.61642897
vt 0.17832300 0.61624497
vt 0.17831500 0.61645103
vt 0.18262100 0.61663401
vt 0.17832300 0.61624497
vt 0.17399500 0.61609298
vt 0.17398900 0.61629897
vt 0.17831500 0.61645103
vt 0.18696600 0.61661297
vt 0.18263000 0.61642897
vt 0.18262100 0.61663401
vt 0.18695500 0.61682302
vt 0.18272200 0.61378998
vt 0.18263000 0.61642897
vt 0.18696600 0.61661297
vt 0.18709899 0.61402601
vt 0.18272200 0.61378998
vt 0.18709899 0.61402601
vt 0.18711001 0.61381602
vt 0.18273100 0.61358202
vt 0.20054901 0.61816698
vt 0.19581901 0.61726302
vt 0.19578899 0.61747801
vt 0.20042901 0.61840600
vt 0.20146900 0.61990798
vt 0.20054901 0.61816698
vt 0.20042901 0.61840600
vt 0.20108700 0.61985499
vt 0.20042901 0.61840600
vt 0.19578899 0.61747801
vt 0.19564900 0.61856502
vt 0.19938999 0.61925399
vt 0.20108700 0.61985499
vt 0.20042901 0.61840600
vt 0.19938999 0.61925399
vt 0.19972999 0.61968398
vt 0.20017500 0.62129599
vt 0.20146900 0.61990798
vt 0.20108700 0.61985499
vt 0.20011400 0.62104398
vt 0.20011400 0.62104398
vt 0.20108700 0.61985499
vt 0.19972999 0.61968398
vt 0.19932500 0.62001902
vt 0.19938999 0.61925399
vt 0.19932500 0.62001902
vt 0.19972999 0.61968398
vt 0.19551900 0.61987299
vt 0.19932500 0.62001902
vt 0.19938999 0.61925399
vt 0.19564900 0.61856502
vt 0.19544500 0.62094802
vt 0.20011400 0.62104398
vt 0.19932500 0.62001902
vt 0.19551900 0.61987299
vt 0.19108699 0.62059098
vt 0.19544500 0.62094802
vt 0.19551900 0.61987299
vt 0.19116400 0.61948299
vt 0.19543400 0.62116098
vt 0.20017500 0.62129599
vt 0.20011400 0.62104398
vt 0.19544500 0.62094802
vt 0.19107100 0.62079901
vt 0.19543400 0.62116098
vt 0.19544500 0.62094802
vt 0.19108699 0.62059098
vt 0.18674900 0.62050599
vt 0.19107100 0.62079901
vt 0.19108699 0.62059098
vt 0.18676201 0.62029898
vt 0.18676201 0.62029898
vt 0.19108699 0.62059098
vt 0.19116400 0.61948299
vt 0.18683100 0.61918199
vt 0.18247800 0.62004000
vt 0.18676201 0.62029898
vt 0.18683100 0.61918199
vt 0.18252701 0.61896998
vt 0.18246800 0.62024301
vt 0.18674900 0.62050599
vt 0.18676201 0.62029898
vt 0.18247800 0.62004000
vt 0.18246800 0.62024301
vt 0.18237001 0.62235099
vt 0.18664099 0.62256700
vt 0.18674900 0.62050599
vt 0.18674900 0.62050599
vt 0.18664099 0.62256700
vt 0.19093101 0.62287903
vt 0.19107100 0.62079901
vt 0.18664099 0.62256700
vt 0.18237001 0.62235099
vt 0.18236101 0.62255299
vt 0.18662900 0.62277299
vt 0.19093101 0.62287903
vt 0.18664099 0.62256700
vt 0.18662900 0.62277299
vt 0.19091500 0.62308502
vt 0.19527300 0.62325799
vt 0.19093101 0.62287903
vt 0.19091500 0.62308502
vt 0.19524500 0.62346703
vt 0.19107100 0.62079901
vt 0.19093101 0.62287903
vt 0.19527300 0.62325799
vt 0.19543400 0.62116098
vt 0.19543400 0.62116098
vt 0.19527300 0.62325799
vt 0.19991501 0.62411100
vt 0.20017500 0.62129599
vt 0.19091500 0.62308502
vt 0.18662900 0.62277299
vt 0.18655799 0.62387502
vt 0.19081999 0.62417799
vt 0.18662900 0.62277299
vt 0.18236101 0.62255299
vt 0.18231000 0.62361598
vt 0.18655799 0.62387502
vt 0.18237001 0.62235099
vt 0.17812499 0.62216902
vt 0.17811701 0.62237102
vt 0.18236101 0.62255299
vt 0.18236101 0.62255299
vt 0.17811701 0.62237102
vt 0.17807201 0.62344903
vt 0.18231000 0.62361598
vt 0.17375401 0.62584299
vt 0.17798100 0.62594002
vt 0.17798699 0.62573898
vt 0.17375800 0.62563998
vt 0.17798100 0.62594002
vt 0.18217400 0.62610197
vt 0.18218400 0.62590301
vt 0.17798699 0.62573898
vt 0.17790100 0.62811297
vt 0.18207499 0.62827802
vt 0.18217400 0.62610197
vt 0.17798100 0.62594002
vt 0.17368899 0.62800002
vt 0.17790100 0.62811297
vt 0.17798100 0.62594002
vt 0.17375401 0.62584299
vt 0.18207499 0.62827802
vt 0.18625000 0.62854397
vt 0.18638600 0.62639397
vt 0.18217400 0.62610197
vt 0.18217400 0.62610197
vt 0.18638600 0.62639397
vt 0.18640000 0.62619001
vt 0.18218400 0.62590301
vt 0.18638600 0.62639397
vt 0.19062901 0.62671900
vt 0.19064499 0.62651402
vt 0.18640000 0.62619001
vt 0.20464300 0.63129002
vt 0.19945200 0.62980503
vt 0.19843601 0.63314801
vt 0.20267700 0.63469201
vt 0.20629500 0.63712198
vt 0.20925000 0.63405800
vt 0.20464300 0.63129002
vt 0.20267700 0.63469201
vt 0.20219900 0.63571203
vt 0.20267700 0.63469201
vt 0.19843601 0.63314801
vt 0.19820300 0.63423902
vt 0.20549400 0.63794303
vt 0.20629500 0.63712198
vt 0.20267700 0.63469201
vt 0.20219900 0.63571203
vt 0.20756300 0.64082003
vt 0.20862700 0.64021701
vt 0.20629500 0.63712198
vt 0.20549400 0.63794303
vt 0.20019500 0.63935399
vt 0.20245700 0.64090198
vt 0.20549400 0.63794303
vt 0.20219900 0.63571203
vt 0.20245700 0.64090198
vt 0.20367301 0.64276701
vt 0.20756300 0.64082003
vt 0.20549400 0.63794303
vt 0.20367301 0.64276701
vt 0.20430499 0.64489001
vt 0.20861501 0.64387798
vt 0.20756300 0.64082003
vt 0.20861501 0.64387798
vt 0.20980400 0.64346498
vt 0.20862700 0.64021701
vt 0.20756300 0.64082003
vt 0.20430499 0.64489001
vt 0.20455199 0.64713800
vt 0.20904100 0.64683700
vt 0.20861501 0.64387798
vt 0.20455199 0.64713800
vt 0.20447201 0.64938802
vt 0.20902100 0.64970303
vt 0.20904100 0.64683700
vt 0.20902100 0.64970303
vt 0.21010700 0.64972103
vt 0.21018501 0.64664102
vt 0.20904100 0.64683700
vt 0.20904100 0.64683700
vt 0.21018501 0.64664102
vt 0.20980400 0.64346498
vt 0.20861501 0.64387798
vt 0.20408900 0.65177798
vt 0.20864899 0.65256000
vt 0.20902100 0.64970303
vt 0.20447201 0.64938802
vt 0.20864899 0.65256000
vt 0.20977999 0.65275902
vt 0.21010700 0.64972103
vt 0.20902100 0.64970303
vt 0.20806800 0.65538597
vt 0.20923699 0.65571702
vt 0.20977999 0.65275902
vt 0.20864899 0.65256000
vt 0.20350499 0.65432101
vt 0.20806800 0.65538597
vt 0.20864899 0.65256000
vt 0.20408900 0.65177798
vt 0.20977999 0.65275902
vt 0.21267700 0.65139598
vt 0.21298000 0.64821202
vt 0.21010700 0.64972103
vt 0.19696200 0.63811201
vt 0.20019500 0.63935399
vt 0.20219900 0.63571203
vt 0.19820300 0.63423902
vt 0.19325100 0.63722497
vt 0.19696200 0.63811201
vt 0.19820300 0.63423902
vt 0.19404900 0.63329297
vt 0.19820300 0.63423902
vt 0.19843601 0.63314801
vt 0.19415100 0.63228703
vt 0.19404900 0.63329297
vt 0.19325100 0.63722497
vt 0.19404900 0.63329297
vt 0.18998200 0.63265699
vt 0.18947899 0.63673699
vt 0.18998200 0.63265699
vt 0.18595301 0.63233501
vt 0.18570000 0.63639498
vt 0.18947899 0.63673699
vt 0.18167099 0.63616800
vt 0.18570000 0.63639498
vt 0.18595301 0.63233501
vt 0.18185499 0.63213801
vt 0.17750400 0.63608700
vt 0.18167099 0.63616800
vt 0.18185499 0.63213801
vt 0.17770199 0.63188797
vt 0.17344099 0.63605303
vt 0.17750400 0.63608700
vt 0.17770199 0.63188797
vt 0.17355500 0.63168103
vt 0.16934501 0.63589102
vt 0.17344099 0.63605303
vt 0.17355500 0.63168103
vt 0.16937000 0.63164401
vt 0.16502000 0.63576901
vt 0.16934501 0.63589102
vt 0.16937000 0.63164401
vt 0.16507700 0.63163298
vt 0.16063900 0.63575298
vt 0.16502000 0.63576901
vt 0.16507700 0.63163298
vt 0.16073801 0.63149899
vt 0.16063900 0.63575298
vt 0.16073801 0.63149899
vt 0.15642500 0.63137698
vt 0.15638401 0.63577902
vt 0.15642500 0.63137698
vt 0.15208200 0.63142103
vt 0.15211000 0.63569802
vt 0.15638401 0.63577902
vt 0.14768501 0.63564801
vt 0.15211000 0.63569802
vt 0.15208200 0.63142103
vt 0.14769500 0.63147002
vt 0.14768501 0.63564801
vt 0.14769500 0.63147002
vt 0.14335100 0.63140100
vt 0.14330500 0.63570201
vt 0.14330500 0.63570201
vt 0.14335100 0.63140100
vt 0.13910100 0.63136703
vt 0.13915600 0.63579899
vt 0.13504000 0.63578802
vt 0.13915600 0.63579899
vt 0.13910100 0.63136703
vt 0.13488001 0.63151997
vt 0.14335100 0.63140100
vt 0.14340100 0.63030702
vt 0.13913000 0.63034099
vt 0.13910100 0.63136703
vt 0.13910100 0.63136703
vt 0.13913000 0.63034099
vt 0.13489600 0.63044697
vt 0.13488001 0.63151997
vt 0.13488001 0.63151997
vt 0.13489600 0.63044697
vt 0.13068700 0.63062400
vt 0.13064000 0.63173902
vt 0.13488001 0.63151997
vt 0.13064000 0.63173902
vt 0.13081200 0.63584697
vt 0.13504000 0.63578802
vt 0.13064000 0.63173902
vt 0.13068700 0.63062400
vt 0.12649401 0.63089299
vt 0.12644900 0.63193297
vt 0.13081200 0.63584697
vt 0.13064000 0.63173902
vt 0.12644900 0.63193297
vt 0.12671100 0.63607401
vt 0.12671100 0.63607401
vt 0.12644900 0.63193297
vt 0.12233200 0.63227999
vt 0.12286200 0.63643599
vt 0.11901700 0.63694602
vt 0.12286200 0.63643599
vt 0.12233200 0.63227999
vt 0.11820700 0.63296998
vt 0.11523500 0.63780302
vt 0.11901700 0.63694602
vt 0.11820700 0.63296998
vt 0.11406400 0.63393998
vt 0.11523500 0.63780302
vt 0.11406400 0.63393998
vt 0.11008400 0.63526303
vt 0.11196300 0.63894999
vt 0.11196300 0.63894999
vt 0.11008400 0.63526303
vt 0.10671800 0.63735402
vt 0.10966200 0.64040399
vt 0.10840800 0.64222199
vt 0.10966200 0.64040399
vt 0.10671800 0.63735402
vt 0.10456200 0.64018500
vt 0.11008400 0.63526303
vt 0.10965100 0.63422602
vt 0.10594400 0.63648897
vt 0.10671800 0.63735402
vt 0.10671800 0.63735402
vt 0.10594400 0.63648897
vt 0.10350300 0.63953698
vt 0.10456200 0.64018500
vt 0.10594400 0.63648897
vt 0.10350600 0.63361698
vt 0.10075000 0.63719398
vt 0.10350300 0.63953698
vt 0.10965100 0.63422602
vt 0.10816800 0.63127398
vt 0.10350600 0.63361698
vt 0.10594400 0.63648897
vt 0.11384900 0.63285500
vt 0.11301500 0.63023502
vt 0.10816800 0.63127398
vt 0.10965100 0.63422602
vt 0.11406400 0.63393998
vt 0.11384900 0.63285500
vt 0.10965100 0.63422602
vt 0.11008400 0.63526303
vt 0.11820700 0.63296998
vt 0.11809500 0.63194603
vt 0.11384900 0.63285500
vt 0.11406400 0.63393998
vt 0.11809500 0.63194603
vt 0.11752600 0.62947297
vt 0.11301500 0.63023502
vt 0.11384900 0.63285500
vt 0.11752600 0.62947297
vt 0.11722900 0.62718898
vt 0.11267200 0.62783402
vt 0.11301500 0.63023502
vt 0.11301500 0.63023502
vt 0.11267200 0.62783402
vt 0.10771100 0.62818098
vt 0.10816800 0.63127398
vt 0.11267200 0.62783402
vt 0.11722900 0.62718898
vt 0.11720200 0.62697297
vt 0.11264800 0.62760597
vt 0.10771100 0.62818098
vt 0.11267200 0.62783402
vt 0.11264800 0.62760597
vt 0.10776000 0.62791002
vt 0.12188100 0.62891400
vt 0.12166100 0.62668699
vt 0.11722900 0.62718898
vt 0.11752600 0.62947297
vt 0.11722900 0.62718898
vt 0.12166100 0.62668699
vt 0.12164000 0.62647700
vt 0.11720200 0.62697297
vt 0.11720200 0.62697297
vt 0.12164000 0.62647700
vt 0.12153600 0.62535501
vt 0.11706100 0.62583202
vt 0.11264800 0.62760597
vt 0.11720200 0.62697297
vt 0.11706100 0.62583202
vt 0.11250100 0.62646002
vt 0.12166100 0.62668699
vt 0.12601499 0.62632197
vt 0.12599900 0.62611502
vt 0.12164000 0.62647700
vt 0.12164000 0.62647700
vt 0.12599900 0.62611502
vt 0.12591800 0.62498599
vt 0.12153600 0.62535501
vt 0.12601499 0.62632197
vt 0.13032800 0.62602502
vt 0.13031700 0.62581998
vt 0.12599900 0.62611502
vt 0.12599900 0.62611502
vt 0.13031700 0.62581998
vt 0.13026600 0.62474298
vt 0.12591800 0.62498599
vt 0.13032800 0.62602502
vt 0.13461700 0.62587601
vt 0.13461100 0.62567198
vt 0.13031700 0.62581998
vt 0.13031700 0.62581998
vt 0.13461100 0.62567198
vt 0.13458300 0.62457901
vt 0.13026600 0.62474298
vt 0.13026600 0.62474298
vt 0.13458300 0.62457901
vt 0.13453400 0.62333399
vt 0.13020700 0.62347901
vt 0.12591800 0.62498599
vt 0.13026600 0.62474298
vt 0.13020700 0.62347901
vt 0.12584201 0.62373400
vt 0.13015901 0.62239200
vt 0.12577000 0.62259400
vt 0.12584201 0.62373400
vt 0.13020700 0.62347901
vt 0.13449501 0.62223399
vt 0.13015901 0.62239200
vt 0.13020700 0.62347901
vt 0.13453400 0.62333399
vt 0.12153600 0.62535501
vt 0.12591800 0.62498599
vt 0.12584201 0.62373400
vt 0.12142600 0.62406600
vt 0.12577000 0.62259400
vt 0.12132000 0.62292898
vt 0.12142600 0.62406600
vt 0.12584201 0.62373400
vt 0.12575699 0.62238097
vt 0.12130100 0.62271500
vt 0.12132000 0.62292898
vt 0.12577000 0.62259400
vt 0.12130100 0.62271500
vt 0.11675300 0.62314701
vt 0.11677600 0.62336600
vt 0.12132000 0.62292898
vt 0.12132000 0.62292898
vt 0.11677600 0.62336600
vt 0.11691200 0.62452298
vt 0.12142600 0.62406600
vt 0.12115000 0.62053198
vt 0.11656100 0.62090600
vt 0.11675300 0.62314701
vt 0.12130100 0.62271500
vt 0.12563600 0.62024599
vt 0.12115000 0.62053198
vt 0.12130100 0.62271500
vt 0.12575699 0.62238097
vt 0.11656100 0.62090600
vt 0.12115000 0.62053198
vt 0.12113400 0.62031502
vt 0.11654100 0.62068403
vt 0.12115000 0.62053198
vt 0.12563600 0.62024599
vt 0.12562400 0.62003303
vt 0.12113400 0.62031502
vt 0.12113400 0.62031502
vt 0.12562400 0.62003303
vt 0.12556300 0.61887598
vt 0.12105800 0.61915803
vt 0.11654100 0.62068403
vt 0.12113400 0.62031502
vt 0.12105800 0.61915803
vt 0.11644000 0.61950803
vt 0.11187100 0.62136799
vt 0.11656100 0.62090600
vt 0.11654100 0.62068403
vt 0.11185800 0.62113500
vt 0.11185800 0.62113500
vt 0.11654100 0.62068403
vt 0.11644000 0.61950803
vt 0.11176000 0.61996198
vt 0.11644000 0.61950803
vt 0.12105800 0.61915803
vt 0.12098100 0.61783099
vt 0.11633300 0.61816001
vt 0.11176000 0.61996198
vt 0.11644000 0.61950803
vt 0.11633300 0.61816001
vt 0.11162000 0.61855900
vt 0.12090500 0.61666399
vt 0.11623700 0.61697000
vt 0.11633300 0.61816001
vt 0.12098100 0.61783099
vt 0.11623700 0.61697000
vt 0.11146000 0.61737198
vt 0.11162000 0.61855900
vt 0.11633300 0.61816001
vt 0.11162000 0.61855900
vt 0.10770700 0.61930901
vt 0.10775800 0.62010700
vt 0.11176000 0.61996198
vt 0.11146000 0.61737198
vt 0.10662700 0.61834699
vt 0.10770700 0.61930901
vt 0.11162000 0.61855900
vt 0.11143000 0.61713898
vt 0.10650000 0.61808199
vt 0.10662700 0.61834699
vt 0.11146000 0.61737198
vt 0.11622100 0.61674398
vt 0.11143000 0.61713898
vt 0.11146000 0.61737198
vt 0.11623700 0.61697000
vt 0.11131300 0.61416501
vt 0.10611100 0.61384702
vt 0.10650000 0.61808199
vt 0.11143000 0.61713898
vt 0.11608800 0.61390698
vt 0.11131300 0.61416501
vt 0.11143000 0.61713898
vt 0.11622100 0.61674398
vt 0.10611100 0.61384702
vt 0.11131300 0.61416501
vt 0.11131600 0.61392897
vt 0.10631700 0.61356097
vt 0.11131300 0.61416501
vt 0.11608800 0.61390698
vt 0.11607800 0.61367899
vt 0.11131600 0.61392897
vt 0.10631700 0.61356097
vt 0.11131600 0.61392897
vt 0.11130700 0.61272198
vt 0.10786400 0.61255300
vt 0.11131600 0.61392897
vt 0.11607800 0.61367899
vt 0.11602700 0.61247200
vt 0.11130700 0.61272198
vt 0.10618300 0.61075801
vt 0.10611100 0.61384702
vt 0.10631700 0.61356097
vt 0.10636700 0.61102498
vt 0.10776300 0.61186498
vt 0.10636700 0.61102498
vt 0.10631700 0.61356097
vt 0.10786400 0.61255300
vt 0.11123200 0.61125100
vt 0.10776300 0.61186498
vt 0.10786400 0.61255300
vt 0.11130700 0.61272198
vt 0.11112300 0.61007899
vt 0.10636700 0.61102498
vt 0.10776300 0.61186498
vt 0.11123200 0.61125100
vt 0.11130700 0.61272198
vt 0.11602700 0.61247200
vt 0.11597300 0.61108798
vt 0.11123200 0.61125100
vt 0.11109800 0.60984701
vt 0.10618300 0.61075801
vt 0.10636700 0.61102498
vt 0.11112300 0.61007899
vt 0.10612900 0.57399303
vt 0.10010100 0.57323599
vt 0.10030800 0.62052500
vt 0.10537400 0.61995399
vt 0.10650000 0.61808199
vt 0.10611100 0.61384702
vt 0.10618300 0.61075801
vt 0.10592200 0.60611701
vt 0.10592300 0.60305399
vt 0.11608800 0.61390698
vt 0.12079200 0.61369503
vt 0.12078300 0.61347300
vt 0.11607800 0.61367899
vt 0.12079200 0.61369503
vt 0.11608800 0.61390698
vt 0.11622100 0.61674398
vt 0.12089200 0.61644500
vt 0.12089200 0.61644500
vt 0.11622100 0.61674398
vt 0.11623700 0.61697000
vt 0.12090500 0.61666399
vt 0.12544701 0.61621702
vt 0.12089200 0.61644500
vt 0.12090500 0.61666399
vt 0.12545501 0.61643398
vt 0.12545501 0.61643398
vt 0.12090500 0.61666399
vt 0.12098100 0.61783099
vt 0.12550300 0.61759597
vt 0.12992600 0.61610699
vt 0.12544701 0.61621702
vt 0.12545501 0.61643398
vt 0.12993200 0.61631799
vt 0.12993200 0.61631799
vt 0.12545501 0.61643398
vt 0.12550300 0.61759597
vt 0.12996501 0.61742800
vt 0.12105800 0.61915803
vt 0.12556300 0.61887598
vt 0.12550300 0.61759597
vt 0.12098100 0.61783099
vt 0.12556300 0.61887598
vt 0.13000500 0.61871701
vt 0.12996501 0.61742800
vt 0.12550300 0.61759597
vt 0.13434400 0.61598003
vt 0.12992600 0.61610699
vt 0.12993200 0.61631799
vt 0.13434900 0.61619002
vt 0.10650000 0.61808199
vt 0.10537400 0.61995399
vt 0.10579400 0.61990899
vt 0.10662700 0.61834699
vt 0.10030800 0.62052500
vt 0.10040400 0.62868899
vt 0.10622200 0.62679797
vt 0.10717400 0.62481499
vt 0.10684900 0.62154001
vt 0.10537400 0.61995399
vt 0.10537400 0.61995399
vt 0.10684900 0.62154001
vt 0.10692400 0.62126100
vt 0.10579400 0.61990899
vt 0.10662700 0.61834699
vt 0.10579400 0.61990899
vt 0.10726400 0.61975801
vt 0.10770700 0.61930901
vt 0.10579400 0.61990899
vt 0.10692400 0.62126100
vt 0.10775800 0.62010700
vt 0.10726400 0.61975801
vt 0.10775800 0.62010700
vt 0.10770700 0.61930901
vt 0.10726400 0.61975801
vt 0.10692400 0.62126100
vt 0.11185800 0.62113500
vt 0.11176000 0.61996198
vt 0.10775800 0.62010700
vt 0.10684900 0.62154001
vt 0.11187100 0.62136799
vt 0.11185800 0.62113500
vt 0.10692400 0.62126100
vt 0.11187100 0.62136799
vt 0.10684900 0.62154001
vt 0.10717400 0.62481499
vt 0.11207100 0.62370002
vt 0.11656100 0.62090600
vt 0.11187100 0.62136799
vt 0.11207100 0.62370002
vt 0.11675300 0.62314701
vt 0.11207100 0.62370002
vt 0.10717400 0.62481499
vt 0.10730900 0.62507099
vt 0.11210800 0.62392598
vt 0.11675300 0.62314701
vt 0.11207100 0.62370002
vt 0.11210800 0.62392598
vt 0.11677600 0.62336600
vt 0.11210800 0.62392598
vt 0.10730900 0.62507099
vt 0.10843100 0.62596297
vt 0.11231100 0.62508303
vt 0.11677600 0.62336600
vt 0.11210800 0.62392598
vt 0.11231100 0.62508303
vt 0.11691200 0.62452298
vt 0.11231100 0.62508303
vt 0.10843100 0.62596297
vt 0.10852800 0.62676698
vt 0.11250100 0.62646002
vt 0.11250100 0.62646002
vt 0.11706100 0.62583202
vt 0.11691200 0.62452298
vt 0.11231100 0.62508303
vt 0.11706100 0.62583202
vt 0.12153600 0.62535501
vt 0.12142600 0.62406600
vt 0.11691200 0.62452298
vt 0.10776000 0.62791002
vt 0.11264800 0.62760597
vt 0.11250100 0.62646002
vt 0.10852800 0.62676698
vt 0.10662200 0.62671202
vt 0.10776000 0.62791002
vt 0.10852800 0.62676698
vt 0.10804800 0.62644398
vt 0.10852800 0.62676698
vt 0.10843100 0.62596297
vt 0.10804800 0.62644398
vt 0.10622200 0.62679797
vt 0.10771100 0.62818098
vt 0.10776000 0.62791002
vt 0.10662200 0.62671202
vt 0.10717400 0.62481499
vt 0.10622200 0.62679797
vt 0.10662200 0.62671202
vt 0.10730900 0.62507099
vt 0.10730900 0.62507099
vt 0.10662200 0.62671202
vt 0.10804800 0.62644398
vt 0.10843100 0.62596297
vt 0.10040400 0.62868899
vt 0.10350600 0.63361698
vt 0.10816800 0.63127398
vt 0.10771100 0.62818098
vt 0.10622200 0.62679797
vt 0.10030800 0.62052500
vt 0.09445300 0.61971599
vt 0.09378200 0.62574500
vt 0.10040400 0.62868899
vt 0.10350600 0.63361698
vt 0.10040400 0.62868899
vt 0.09789100 0.63404399
vt 0.10075000 0.63719398
vt 0.09789100 0.63404399
vt 0.10040400 0.62868899
vt 0.09378200 0.62574500
vt 0.09325000 0.63014698
vt 0.09378200 0.62574500
vt 0.09445300 0.61971599
vt 0.07857600 0.61285001
vt 0.07698600 0.61641598
vt 0.07486900 0.61815101
vt 0.07676400 0.62060899
vt 0.09325000 0.63014698
vt 0.09378200 0.62574500
vt 0.07698600 0.61641598
vt 0.09321500 0.63376701
vt 0.09325000 0.63014698
vt 0.07676400 0.62060899
vt 0.07758200 0.62214500
vt 0.07676400 0.62060899
vt 0.07486900 0.61815101
vt 0.07262200 0.61897397
vt 0.07403800 0.62098998
vt 0.07486900 0.61815101
vt 0.07698600 0.61641598
vt 0.07579200 0.61538398
vt 0.07403100 0.61711901
vt 0.07698600 0.61641598
vt 0.07857600 0.61285001
vt 0.07706500 0.61218798
vt 0.07579200 0.61538398
vt 0.07706500 0.61218798
vt 0.07857600 0.61285001
vt 0.07871400 0.58120799
vt 0.07718300 0.58189702
vt 0.09430400 0.57405800
vt 0.07871400 0.58120799
vt 0.07857600 0.61285001
vt 0.09445300 0.61971599
vt 0.07871400 0.58120799
vt 0.07706200 0.57761198
vt 0.07586000 0.57867599
vt 0.07718300 0.58189702
vt 0.09369800 0.56789601
vt 0.07706200 0.57761198
vt 0.07871400 0.58120799
vt 0.09430400 0.57405800
vt 0.10042600 0.56482202
vt 0.09369800 0.56789601
vt 0.09430400 0.57405800
vt 0.10010100 0.57323599
vt 0.10030800 0.62052500
vt 0.10010100 0.57323599
vt 0.09430400 0.57405800
vt 0.09445300 0.61971599
vt 0.10720000 0.56730700
vt 0.10042600 0.56482202
vt 0.10010100 0.57323599
vt 0.10612900 0.57399303
vt 0.11346900 0.57034701
vt 0.11253700 0.56869298
vt 0.10720000 0.56730700
vt 0.10612900 0.57399303
vt 0.11176600 0.57494098
vt 0.11310600 0.57353801
vt 0.10720000 0.56730700
vt 0.10903500 0.56235200
vt 0.10430000 0.55945700
vt 0.10042600 0.56482202
vt 0.11253700 0.56869298
vt 0.11384400 0.56741101
vt 0.11420300 0.56405997
vt 0.10903500 0.56235200
vt 0.10720000 0.56730700
vt 0.11420300 0.56405997
vt 0.11512700 0.56085002
vt 0.11069800 0.55905098
vt 0.10903500 0.56235200
vt 0.11893800 0.56480402
vt 0.11950500 0.56193900
vt 0.11512700 0.56085002
vt 0.11420300 0.56405997
vt 0.11310600 0.57353801
vt 0.11176600 0.57494098
vt 0.11215600 0.57499802
vt 0.11316400 0.57379401
vt 0.11176600 0.57494098
vt 0.11269200 0.57671303
vt 0.11281700 0.57647198
vt 0.11215600 0.57499802
vt 0.11747600 0.57767701
vt 0.11269200 0.57671303
vt 0.11209500 0.58067101
vt 0.11725900 0.58050698
vt 0.11269200 0.57671303
vt 0.11747600 0.57767701
vt 0.11750800 0.57745999
vt 0.11281700 0.57647198
vt 0.11215600 0.57499802
vt 0.11281700 0.57647198
vt 0.11387900 0.57562202
vt 0.11353800 0.57518297
vt 0.11281700 0.57647198
vt 0.11750800 0.57745999
vt 0.11766400 0.57636100
vt 0.11387900 0.57562202
vt 0.11387900 0.57562202
vt 0.11395400 0.57484603
vt 0.11353800 0.57518297
vt 0.11781500 0.57503599
vt 0.11395400 0.57484603
vt 0.11387900 0.57562202
vt 0.11766400 0.57636100
vt 0.11790800 0.57394499
vt 0.11316400 0.57379401
vt 0.11395400 0.57484603
vt 0.11781500 0.57503599
vt 0.11316400 0.57379401
vt 0.11215600 0.57499802
vt 0.11353800 0.57518297
vt 0.11395400 0.57484603
vt 0.11792300 0.57372802
vt 0.11310600 0.57353801
vt 0.11316400 0.57379401
vt 0.11790800 0.57394499
vt 0.12233400 0.57418400
vt 0.11792300 0.57372802
vt 0.11790800 0.57394499
vt 0.12231300 0.57439399
vt 0.12231300 0.57439399
vt 0.11790800 0.57394499
vt 0.11781500 0.57503599
vt 0.12221100 0.57550901
vt 0.11816000 0.57134801
vt 0.11346900 0.57034701
vt 0.11310600 0.57353801
vt 0.11792300 0.57372802
vt 0.12665300 0.57478797
vt 0.12231300 0.57439399
vt 0.12221100 0.57550901
vt 0.12656300 0.57590902
vt 0.12221100 0.57550901
vt 0.11781500 0.57503599
vt 0.11766400 0.57636100
vt 0.12210000 0.57679099
vt 0.12210000 0.57679099
vt 0.12646700 0.57714802
vt 0.12656300 0.57590902
vt 0.12221100 0.57550901
vt 0.13087000 0.57618999
vt 0.12656300 0.57590902
vt 0.12646700 0.57714802
vt 0.13079301 0.57744199
vt 0.12199100 0.57791501
vt 0.12638600 0.57827401
vt 0.12646700 0.57714802
vt 0.12210000 0.57679099
vt 0.12638600 0.57827401
vt 0.13072900 0.57852101
vt 0.13079301 0.57744199
vt 0.12646700 0.57714802
vt 0.13072900 0.57852101
vt 0.13502100 0.57877100
vt 0.13508300 0.57768101
vt 0.13079301 0.57744199
vt 0.12197200 0.57812703
vt 0.12637199 0.57848501
vt 0.12638600 0.57827401
vt 0.12199100 0.57791501
vt 0.11747600 0.57767701
vt 0.12197200 0.57812703
vt 0.12199100 0.57791501
vt 0.11750800 0.57745999
vt 0.11750800 0.57745999
vt 0.12199100 0.57791501
vt 0.12210000 0.57679099
vt 0.11766400 0.57636100
vt 0.12197200 0.57812703
vt 0.11747600 0.57767701
vt 0.11725900 0.58050698
vt 0.12178400 0.58087897
vt 0.12637199 0.57848501
vt 0.12197200 0.57812703
vt 0.12178400 0.58087897
vt 0.12622200 0.58119500
vt 0.12178400 0.58087897
vt 0.11725900 0.58050698
vt 0.11725300 0.58072603
vt 0.12176700 0.58109301
vt 0.11725900 0.58050698
vt 0.11209500 0.58067101
vt 0.11228000 0.58094299
vt 0.11725300 0.58072603
vt 0.09814900 0.55915999
vt 0.09322000 0.56333399
vt 0.09369800 0.56789601
vt 0.10042600 0.56482202
vt 0.09814900 0.55915999
vt 0.10042600 0.56482202
vt 0.10430000 0.55945700
vt 0.10163300 0.55557799
vt 0.07405400 0.57695103
vt 0.07586000 0.57867599
vt 0.07706200 0.57761198
vt 0.07489500 0.57588398
vt 0.13884100 0.62211102
vt 0.13449501 0.62223399
vt 0.13453400 0.62333399
vt 0.13886400 0.62323397
vt 0.13458300 0.62457901
vt 0.13889000 0.62446398
vt 0.13886400 0.62323397
vt 0.13453400 0.62333399
vt 0.14320500 0.62205899
vt 0.13884100 0.62211102
vt 0.13886400 0.62323397
vt 0.14320900 0.62315100
vt 0.14320900 0.62315100
vt 0.13886400 0.62323397
vt 0.13889000 0.62446398
vt 0.14322400 0.62438899
vt 0.13461100 0.62567198
vt 0.13891500 0.62557900
vt 0.13889000 0.62446398
vt 0.13458300 0.62457901
vt 0.13891500 0.62557900
vt 0.14324300 0.62547898
vt 0.14322400 0.62438899
vt 0.13889000 0.62446398
vt 0.14324300 0.62547898
vt 0.14760400 0.62544203
vt 0.14759199 0.62435502
vt 0.14322400 0.62438899
vt 0.14757700 0.62312400
vt 0.14320900 0.62315100
vt 0.14322400 0.62438899
vt 0.14759199 0.62435502
vt 0.14759199 0.62435502
vt 0.15198299 0.62433499
vt 0.15197100 0.62309402
vt 0.14757700 0.62312400
vt 0.14760400 0.62544203
vt 0.15198500 0.62539899
vt 0.15198299 0.62433499
vt 0.14759199 0.62435502
vt 0.14324600 0.62568301
vt 0.14760600 0.62564498
vt 0.14760400 0.62544203
vt 0.14324300 0.62547898
vt 0.14760600 0.62564498
vt 0.15198500 0.62559903
vt 0.15198500 0.62539899
vt 0.14760400 0.62544203
vt 0.15199199 0.62782401
vt 0.15198500 0.62559903
vt 0.14760600 0.62564498
vt 0.14761600 0.62785202
vt 0.14761600 0.62785202
vt 0.14760600 0.62564498
vt 0.14324600 0.62568301
vt 0.14326900 0.62789899
vt 0.14761600 0.62785202
vt 0.14771400 0.63030702
vt 0.15206499 0.63030797
vt 0.15199199 0.62782401
vt 0.14326900 0.62789899
vt 0.14340100 0.63030702
vt 0.14771400 0.63030702
vt 0.14761600 0.62785202
vt 0.14340100 0.63030702
vt 0.14326900 0.62789899
vt 0.13895200 0.62797397
vt 0.13913000 0.63034099
vt 0.14326900 0.62789899
vt 0.14324600 0.62568301
vt 0.13891999 0.62578398
vt 0.13895200 0.62797397
vt 0.13489600 0.63044697
vt 0.13913000 0.63034099
vt 0.13895200 0.62797397
vt 0.13467900 0.62808102
vt 0.13895200 0.62797397
vt 0.13891999 0.62578398
vt 0.13461700 0.62587601
vt 0.13467900 0.62808102
vt 0.13461700 0.62587601
vt 0.13891999 0.62578398
vt 0.13891500 0.62557900
vt 0.13461100 0.62567198
vt 0.13891999 0.62578398
vt 0.14324600 0.62568301
vt 0.14324300 0.62547898
vt 0.13891500 0.62557900
vt 0.13467900 0.62808102
vt 0.13461700 0.62587601
vt 0.13032800 0.62602502
vt 0.13042700 0.62824702
vt 0.13042700 0.62824702
vt 0.13068700 0.63062400
vt 0.13489600 0.63044697
vt 0.13467900 0.62808102
vt 0.13042700 0.62824702
vt 0.12616400 0.62852597
vt 0.12649401 0.63089299
vt 0.13068700 0.63062400
vt 0.13042700 0.62824702
vt 0.13032800 0.62602502
vt 0.12601499 0.62632197
vt 0.12616400 0.62852597
vt 0.12616400 0.62852597
vt 0.12188100 0.62891400
vt 0.12230700 0.63130498
vt 0.12649401 0.63089299
vt 0.12616400 0.62852597
vt 0.12601499 0.62632197
vt 0.12166100 0.62668699
vt 0.12188100 0.62891400
vt 0.12230700 0.63130498
vt 0.12188100 0.62891400
vt 0.11752600 0.62947297
vt 0.11809500 0.63194603
vt 0.12644900 0.63193297
vt 0.12649401 0.63089299
vt 0.12230700 0.63130498
vt 0.12233200 0.63227999
vt 0.12233200 0.63227999
vt 0.12230700 0.63130498
vt 0.11809500 0.63194603
vt 0.11820700 0.63296998
vt 0.14769500 0.63147002
vt 0.14771400 0.63030702
vt 0.14340100 0.63030702
vt 0.14335100 0.63140100
vt 0.15639099 0.62782902
vt 0.15638000 0.62563598
vt 0.15198500 0.62559903
vt 0.15199199 0.62782401
vt 0.15642600 0.63034600
vt 0.15639099 0.62782902
vt 0.15199199 0.62782401
vt 0.15206499 0.63030797
vt 0.15642500 0.63137698
vt 0.15642600 0.63034600
vt 0.15206499 0.63030797
vt 0.15208200 0.63142103
vt 0.15208200 0.63142103
vt 0.15206499 0.63030797
vt 0.14771400 0.63030702
vt 0.14769500 0.63147002
vt 0.16073801 0.63149899
vt 0.16076200 0.63041198
vt 0.15642600 0.63034600
vt 0.15642500 0.63137698
vt 0.16076200 0.63041198
vt 0.16077501 0.62782198
vt 0.15639099 0.62782902
vt 0.15642600 0.63034600
vt 0.16506600 0.63048702
vt 0.16512500 0.62785900
vt 0.16077501 0.62782198
vt 0.16076200 0.63041198
vt 0.16507700 0.63163298
vt 0.16506600 0.63048702
vt 0.16076200 0.63041198
vt 0.16073801 0.63149899
vt 0.15639099 0.62782902
vt 0.16077501 0.62782198
vt 0.16078199 0.62561601
vt 0.15638000 0.62563598
vt 0.15198500 0.62559903
vt 0.15638000 0.62563598
vt 0.15638100 0.62543201
vt 0.15198500 0.62539899
vt 0.14757700 0.62203598
vt 0.14320500 0.62205899
vt 0.14320900 0.62315100
vt 0.14757700 0.62312400
vt 0.15197000 0.62202603
vt 0.14757700 0.62203598
vt 0.14757700 0.62312400
vt 0.15197100 0.62309402
vt 0.15640500 0.61973101
vt 0.15638299 0.62180501
vt 0.16079900 0.62183702
vt 0.16082600 0.61972499
vt 0.14316900 0.61975300
vt 0.14756900 0.61972499
vt 0.14756800 0.61952102
vt 0.14316800 0.61954802
vt 0.14316800 0.61954802
vt 0.14756800 0.61952102
vt 0.14755900 0.61842501
vt 0.14315300 0.61844701
vt 0.14755900 0.61842501
vt 0.15198000 0.61843097
vt 0.15198000 0.61718100
vt 0.14755601 0.61718601
vt 0.14755601 0.61718601
vt 0.14315601 0.61719799
vt 0.14315300 0.61844701
vt 0.14755900 0.61842501
vt 0.13879500 0.61961001
vt 0.14316800 0.61954802
vt 0.14315300 0.61844701
vt 0.13877700 0.61848301
vt 0.13879900 0.61981797
vt 0.14316900 0.61975300
vt 0.14316800 0.61954802
vt 0.13879500 0.61961001
vt 0.14755800 0.61071903
vt 0.14312300 0.61070597
vt 0.14311400 0.61196601
vt 0.14755499 0.61196703
vt 0.14756700 0.60961902
vt 0.14313200 0.60959202
vt 0.14312300 0.61070597
vt 0.14755800 0.61071903
vt 0.14756800 0.60941398
vt 0.14313200 0.60938501
vt 0.14313200 0.60959202
vt 0.14756700 0.60961902
vt 0.14313200 0.60938501
vt 0.14756800 0.60941398
vt 0.14758199 0.60646802
vt 0.14314801 0.60644501
vt 0.13868900 0.60937101
vt 0.14313200 0.60938501
vt 0.14314801 0.60644501
vt 0.13871901 0.60645199
vt 0.14314801 0.60644501
vt 0.14758199 0.60646802
vt 0.14758199 0.60626400
vt 0.14314900 0.60623699
vt 0.14314900 0.60623699
vt 0.14758199 0.60626400
vt 0.14758401 0.60516000
vt 0.14314801 0.60512799
vt 0.14758401 0.60516000
vt 0.15202700 0.60519898
vt 0.15203500 0.60394502
vt 0.14758500 0.60391003
vt 0.14758500 0.60391003
vt 0.14314701 0.60386997
vt 0.14314801 0.60512799
vt 0.14758401 0.60516000
vt 0.15649100 0.60397798
vt 0.15203500 0.60394502
vt 0.15202700 0.60519898
vt 0.15648299 0.60521102
vt 0.16095600 0.60400403
vt 0.15649100 0.60397798
vt 0.15648299 0.60521102
vt 0.16095400 0.60526401
vt 0.16096599 0.60292202
vt 0.15649800 0.60286099
vt 0.15649100 0.60397798
vt 0.16095600 0.60400403
vt 0.18294799 0.60670602
vt 0.18738499 0.60687298
vt 0.18742301 0.60571200
vt 0.18297499 0.60560602
vt 0.13871901 0.60645199
vt 0.13427000 0.60642302
vt 0.13427100 0.60940498
vt 0.13868900 0.60937101
vt 0.12119300 0.59206498
vt 0.11653500 0.59191000
vt 0.11645400 0.59560001
vt 0.12116500 0.59517097
vt 0.12116500 0.59517097
vt 0.11645400 0.59560001
vt 0.11659800 0.59583998
vt 0.12117100 0.59537798
vt 0.12569401 0.59217298
vt 0.12119300 0.59206498
vt 0.12116500 0.59517097
vt 0.12560400 0.59527999
vt 0.12560400 0.59527999
vt 0.12116500 0.59517097
vt 0.12117100 0.59537798
vt 0.12559800 0.59549499
vt 0.12117100 0.59537798
vt 0.11659800 0.59583998
vt 0.11758700 0.59651601
vt 0.12117700 0.59632099
vt 0.12559800 0.59549499
vt 0.12117100 0.59537798
vt 0.12117700 0.59632099
vt 0.12556900 0.59649497
vt 0.13003400 0.59565800
vt 0.12559800 0.59549499
vt 0.12556900 0.59649497
vt 0.13000700 0.59662598
vt 0.13004000 0.59544802
vt 0.12560400 0.59527999
vt 0.12559800 0.59549499
vt 0.13003400 0.59565800
vt 0.12556900 0.59649497
vt 0.12117700 0.59632099
vt 0.12117700 0.59653300
vt 0.12556200 0.59671402
vt 0.13000700 0.59662598
vt 0.12556900 0.59649497
vt 0.12556200 0.59671402
vt 0.13000099 0.59684098
vt 0.13442700 0.59576201
vt 0.13003400 0.59565800
vt 0.13000700 0.59662598
vt 0.13440999 0.59673500
vt 0.13440999 0.59673500
vt 0.13000700 0.59662598
vt 0.13000099 0.59684098
vt 0.13440600 0.59694999
vt 0.13883300 0.59582800
vt 0.13442700 0.59576201
vt 0.13440999 0.59673500
vt 0.13881600 0.59681302
vt 0.13881600 0.59681302
vt 0.13440999 0.59673500
vt 0.13440600 0.59694999
vt 0.13881300 0.59702897
vt 0.13443100 0.59555203
vt 0.13004000 0.59544802
vt 0.13003400 0.59565800
vt 0.13442700 0.59576201
vt 0.13883699 0.59561700
vt 0.13443100 0.59555203
vt 0.13442700 0.59576201
vt 0.13883300 0.59582800
vt 0.13889299 0.59255099
vt 0.13450199 0.59243101
vt 0.13443100 0.59555203
vt 0.13883699 0.59561700
vt 0.13450199 0.59243101
vt 0.13011800 0.59227502
vt 0.13004000 0.59544802
vt 0.13443100 0.59555203
vt 0.13011800 0.59227502
vt 0.12569401 0.59217298
vt 0.12560400 0.59527999
vt 0.13004000 0.59544802
vt 0.13450199 0.59243101
vt 0.13889299 0.59255099
vt 0.13889700 0.59234202
vt 0.13450800 0.59222299
vt 0.13889299 0.59255099
vt 0.14328700 0.59262198
vt 0.14329000 0.59241599
vt 0.13889700 0.59234202
vt 0.14328700 0.59262198
vt 0.13889299 0.59255099
vt 0.13883699 0.59561700
vt 0.14326200 0.59571499
vt 0.13450800 0.59222299
vt 0.13889700 0.59234202
vt 0.13892099 0.59121400
vt 0.13454799 0.59110802
vt 0.13889700 0.59234202
vt 0.14329000 0.59241599
vt 0.14330401 0.59131199
vt 0.13892099 0.59121400
vt 0.14328700 0.59262198
vt 0.14770600 0.59268701
vt 0.14770900 0.59248197
vt 0.14329000 0.59241599
vt 0.14329000 0.59241599
vt 0.14770900 0.59248197
vt 0.14772099 0.59138298
vt 0.14330401 0.59131199
vt 0.13892099 0.59121400
vt 0.14330401 0.59131199
vt 0.14333799 0.59006101
vt 0.13895100 0.58997101
vt 0.14330401 0.59131199
vt 0.14772099 0.59138298
vt 0.14774200 0.59014100
vt 0.14333799 0.59006101
vt 0.14772099 0.59138298
vt 0.15216100 0.59145498
vt 0.15216599 0.59020197
vt 0.14774200 0.59014100
vt 0.14770900 0.59248197
vt 0.15214901 0.59253299
vt 0.15216100 0.59145498
vt 0.14772099 0.59138298
vt 0.15217900 0.58912700
vt 0.14776701 0.58904803
vt 0.14774200 0.59014100
vt 0.15216599 0.59020197
vt 0.14776701 0.58904803
vt 0.14336801 0.58895999
vt 0.14333799 0.59006101
vt 0.14774200 0.59014100
vt 0.15218100 0.58892399
vt 0.14777000 0.58884400
vt 0.14776701 0.58904803
vt 0.15217900 0.58912700
vt 0.15661401 0.58914298
vt 0.15217900 0.58912700
vt 0.15216599 0.59020197
vt 0.15660600 0.59025598
vt 0.15661600 0.58893698
vt 0.15218100 0.58892399
vt 0.15217900 0.58912700
vt 0.15661401 0.58914298
vt 0.15224600 0.58593899
vt 0.14785200 0.58588701
vt 0.14777000 0.58884400
vt 0.15218100 0.58892399
vt 0.15666901 0.58600998
vt 0.15224600 0.58593899
vt 0.15218100 0.58892399
vt 0.15661600 0.58893698
vt 0.16106300 0.58899498
vt 0.15661600 0.58893698
vt 0.15661401 0.58914298
vt 0.16106200 0.58920002
vt 0.16106200 0.58920002
vt 0.15661401 0.58914298
vt 0.15660600 0.59025598
vt 0.16105700 0.59027702
vt 0.15660600 0.59148401
vt 0.16105101 0.59153098
vt 0.16105700 0.59027702
vt 0.15660600 0.59025598
vt 0.15216100 0.59145498
vt 0.15660600 0.59148401
vt 0.15660600 0.59025598
vt 0.15216599 0.59020197
vt 0.16105101 0.59153098
vt 0.16548800 0.59153003
vt 0.16549000 0.59028602
vt 0.16105700 0.59027702
vt 0.15659700 0.59259701
vt 0.16104500 0.59260899
vt 0.16105101 0.59153098
vt 0.15660600 0.59148401
vt 0.16104500 0.59260899
vt 0.16548000 0.59263003
vt 0.16548800 0.59153003
vt 0.16105101 0.59153098
vt 0.16548800 0.59153003
vt 0.16991100 0.59154099
vt 0.16990200 0.59028602
vt 0.16549000 0.59028602
vt 0.16548000 0.59263003
vt 0.16990100 0.59264803
vt 0.16991100 0.59154099
vt 0.16548800 0.59153003
vt 0.16104400 0.59281301
vt 0.16548000 0.59283501
vt 0.16548000 0.59263003
vt 0.16104500 0.59260899
vt 0.16548000 0.59283501
vt 0.16990000 0.59285498
vt 0.16990100 0.59264803
vt 0.16548000 0.59263003
vt 0.16990000 0.59285498
vt 0.16548000 0.59283501
vt 0.16544800 0.59594601
vt 0.16987801 0.59596097
vt 0.16548000 0.59283501
vt 0.16104400 0.59281301
vt 0.16102301 0.59593099
vt 0.16544800 0.59594601
vt 0.16104400 0.59281301
vt 0.15659501 0.59280199
vt 0.15657000 0.59587002
vt 0.16102301 0.59593099
vt 0.15659501 0.59280199
vt 0.16104400 0.59281301
vt 0.16104500 0.59260899
vt 0.15659700 0.59259701
vt 0.16544800 0.59594601
vt 0.16102301 0.59593099
vt 0.16102099 0.59613597
vt 0.16544700 0.59615099
vt 0.16102301 0.59593099
vt 0.15657000 0.59587002
vt 0.15656801 0.59607702
vt 0.16102099 0.59613597
vt 0.15657000 0.59587002
vt 0.15211301 0.59585702
vt 0.15211099 0.59606200
vt 0.15656801 0.59607702
vt 0.15659501 0.59280199
vt 0.15214600 0.59273899
vt 0.15211301 0.59585702
vt 0.15657000 0.59587002
vt 0.15211301 0.59585702
vt 0.14768501 0.59579200
vt 0.14768200 0.59599602
vt 0.15211099 0.59606200
vt 0.15214600 0.59273899
vt 0.14770600 0.59268701
vt 0.14768501 0.59579200
vt 0.15211301 0.59585702
vt 0.14770600 0.59268701
vt 0.15214600 0.59273899
vt 0.15214901 0.59253299
vt 0.14770900 0.59248197
vt 0.15214600 0.59273899
vt 0.15659501 0.59280199
vt 0.15659700 0.59259701
vt 0.15214901 0.59253299
vt 0.15214901 0.59253299
vt 0.15659700 0.59259701
vt 0.15660600 0.59148401
vt 0.15216100 0.59145498
vt 0.14770600 0.59268701
vt 0.14328700 0.59262198
vt 0.14326200 0.59571499
vt 0.14768501 0.59579200
vt 0.14768501 0.59579200
vt 0.14326200 0.59571499
vt 0.14325801 0.59592301
vt 0.14768200 0.59599602
vt 0.15211099 0.59606200
vt 0.14768200 0.59599602
vt 0.14766601 0.59695601
vt 0.15210199 0.59700799
vt 0.14768200 0.59599602
vt 0.14325801 0.59592301
vt 0.14323901 0.59688997
vt 0.14766601 0.59695601
vt 0.14325801 0.59592301
vt 0.13883300 0.59582800
vt 0.13881600 0.59681302
vt 0.14323901 0.59688997
vt 0.14326200 0.59571499
vt 0.13883699 0.59561700
vt 0.13883300 0.59582800
vt 0.14325801 0.59592301
vt 0.14766601 0.59695601
vt 0.14323901 0.59688997
vt 0.14323500 0.59710199
vt 0.14766300 0.59716398
vt 0.14323901 0.59688997
vt 0.13881600 0.59681302
vt 0.13881300 0.59702897
vt 0.14323500 0.59710199
vt 0.14321600 0.59806502
vt 0.14764699 0.59811801
vt 0.14766300 0.59716398
vt 0.14323500 0.59710199
vt 0.13879600 0.59799200
vt 0.14321600 0.59806502
vt 0.14323500 0.59710199
vt 0.13881300 0.59702897
vt 0.15656801 0.59607702
vt 0.15211099 0.59606200
vt 0.15210199 0.59700799
vt 0.15656000 0.59704602
vt 0.16102099 0.59613597
vt 0.15656801 0.59607702
vt 0.15656000 0.59704602
vt 0.16101401 0.59708101
vt 0.16987801 0.59596097
vt 0.16544800 0.59594601
vt 0.16544700 0.59615099
vt 0.16987699 0.59616899
vt 0.17432500 0.59289801
vt 0.16990000 0.59285498
vt 0.16987801 0.59596097
vt 0.17430501 0.59598202
vt 0.16990000 0.59285498
vt 0.17432500 0.59289801
vt 0.17432600 0.59268701
vt 0.16990100 0.59264803
vt 0.17432500 0.59289801
vt 0.17876101 0.59287500
vt 0.17876101 0.59266400
vt 0.17432600 0.59268701
vt 0.17432500 0.59289801
vt 0.17430501 0.59598202
vt 0.17872000 0.59601998
vt 0.17876101 0.59287500
vt 0.16990100 0.59264803
vt 0.17432600 0.59268701
vt 0.17432700 0.59154499
vt 0.16991100 0.59154099
vt 0.17432600 0.59268701
vt 0.17876101 0.59266400
vt 0.17875201 0.59153903
vt 0.17432700 0.59154499
vt 0.17876101 0.59266400
vt 0.18318801 0.59265298
vt 0.18319000 0.59154099
vt 0.17875201 0.59153903
vt 0.14336801 0.58895999
vt 0.13897900 0.58884102
vt 0.13895100 0.58997101
vt 0.14333799 0.59006101
vt 0.13454799 0.59110802
vt 0.13892099 0.59121400
vt 0.13895100 0.58997101
vt 0.13457599 0.58984399
vt 0.12117700 0.59632099
vt 0.11758700 0.59651601
vt 0.11768900 0.59665900
vt 0.12117700 0.59653300
vt 0.11659800 0.59583998
vt 0.11635300 0.59790301
vt 0.11760000 0.59728998
vt 0.11758700 0.59651601
vt 0.11768900 0.59665900
vt 0.11758700 0.59651601
vt 0.11760000 0.59728998
vt 0.11769200 0.59715098
vt 0.11769200 0.59715098
vt 0.12111600 0.59756702
vt 0.12117700 0.59653300
vt 0.11768900 0.59665900
vt 0.11760000 0.59728998
vt 0.12109900 0.59777802
vt 0.12111600 0.59756702
vt 0.11769200 0.59715098
vt 0.11153500 0.59076899
vt 0.11653500 0.59191000
vt 0.11656200 0.59168798
vt 0.11172900 0.59052598
vt 0.18318801 0.59265298
vt 0.18768001 0.59271801
vt 0.18769500 0.59153998
vt 0.18319000 0.59154099
vt 0.19712700 0.58884102
vt 0.19233800 0.58884299
vt 0.19233701 0.58906800
vt 0.19712900 0.58907402
vt 0.19230200 0.58561403
vt 0.19233800 0.58884299
vt 0.19712700 0.58884102
vt 0.19708800 0.58545899
vt 0.18766800 0.58572102
vt 0.18770701 0.58883399
vt 0.19233800 0.58884299
vt 0.19230200 0.58561403
vt 0.19233800 0.58884299
vt 0.18770701 0.58883399
vt 0.18770801 0.58905399
vt 0.19233701 0.58906800
vt 0.18316300 0.58578199
vt 0.18317901 0.58890802
vt 0.18770701 0.58883399
vt 0.18766800 0.58572102
vt 0.18770701 0.58883399
vt 0.18317901 0.58890802
vt 0.18318100 0.58912098
vt 0.18770801 0.58905399
vt 0.18766800 0.58572102
vt 0.19230200 0.58561403
vt 0.19229500 0.58538902
vt 0.18766400 0.58550400
vt 0.18316300 0.58578199
vt 0.18766800 0.58572102
vt 0.18766400 0.58550400
vt 0.18315899 0.58556902
vt 0.17873400 0.58587903
vt 0.17873700 0.58892602
vt 0.18317901 0.58890802
vt 0.18316300 0.58578199
vt 0.17873400 0.58587903
vt 0.18316300 0.58578199
vt 0.18315899 0.58556902
vt 0.17873000 0.58566898
vt 0.17873000 0.58566898
vt 0.18315899 0.58556902
vt 0.18313400 0.58445400
vt 0.17870200 0.58454698
vt 0.18315899 0.58556902
vt 0.18766400 0.58550400
vt 0.18763700 0.58432502
vt 0.18313400 0.58445400
vt 0.18308701 0.58315301
vt 0.17866400 0.58327597
vt 0.17870200 0.58454698
vt 0.18313400 0.58445400
vt 0.17431900 0.58575499
vt 0.17873000 0.58566898
vt 0.17870200 0.58454698
vt 0.17430300 0.58462101
vt 0.17866400 0.58327597
vt 0.17427400 0.58337301
vt 0.17430300 0.58462101
vt 0.17870200 0.58454698
vt 0.16991100 0.58467901
vt 0.17430300 0.58462101
vt 0.17427400 0.58337301
vt 0.16989000 0.58342999
vt 0.16991299 0.58578199
vt 0.17431900 0.58575499
vt 0.17430300 0.58462101
vt 0.16991100 0.58467901
vt 0.17432199 0.58596498
vt 0.17873400 0.58587903
vt 0.17873000 0.58566898
vt 0.17431900 0.58575499
vt 0.16991401 0.58598900
vt 0.17432199 0.58596498
vt 0.17431900 0.58575499
vt 0.16991299 0.58578199
vt 0.16551100 0.58579999
vt 0.16991299 0.58578199
vt 0.16991100 0.58467901
vt 0.16551299 0.58470601
vt 0.17432199 0.58596498
vt 0.17430900 0.58893698
vt 0.17873700 0.58892602
vt 0.17873400 0.58587903
vt 0.17432199 0.58596498
vt 0.16991401 0.58598900
vt 0.16989300 0.58897299
vt 0.17430900 0.58893698
vt 0.16551299 0.58470601
vt 0.16991100 0.58467901
vt 0.16989000 0.58342999
vt 0.16549900 0.58346802
vt 0.16110100 0.58472198
vt 0.16551299 0.58470601
vt 0.16549900 0.58346802
vt 0.16109100 0.58347601
vt 0.18317901 0.58890802
vt 0.17873700 0.58892602
vt 0.17873800 0.58913600
vt 0.18318100 0.58912098
vt 0.19230200 0.58561403
vt 0.19708800 0.58545899
vt 0.19707900 0.58522803
vt 0.19229500 0.58538902
vt 0.20522000 0.58249599
vt 0.20532501 0.58319700
vt 0.20675300 0.58405101
vt 0.20678601 0.58146799
vt 0.19188701 0.57704198
vt 0.19658101 0.57663000
vt 0.19645000 0.57526302
vt 0.19178399 0.57570398
vt 0.19632800 0.57406902
vt 0.19168299 0.57453901
vt 0.19178399 0.57570398
vt 0.19645000 0.57526302
vt 0.19168299 0.57453901
vt 0.18717100 0.57492203
vt 0.18725900 0.57608199
vt 0.19178399 0.57570398
vt 0.19630300 0.57384402
vt 0.19166300 0.57432002
vt 0.19168299 0.57453901
vt 0.19632800 0.57406902
vt 0.19166300 0.57432002
vt 0.18715400 0.57470900
vt 0.18717100 0.57492203
vt 0.19168299 0.57453901
vt 0.18697201 0.57219303
vt 0.18715400 0.57470900
vt 0.19166300 0.57432002
vt 0.19142000 0.57173002
vt 0.19142000 0.57173002
vt 0.19166300 0.57432002
vt 0.19630300 0.57384402
vt 0.19600500 0.57115799
vt 0.19600500 0.57115799
vt 0.19630300 0.57384402
vt 0.20109400 0.57330000
vt 0.20078000 0.57045501
vt 0.20109400 0.57330000
vt 0.19630300 0.57384402
vt 0.19632800 0.57406902
vt 0.20111001 0.57353801
vt 0.18715400 0.57470900
vt 0.18274900 0.57503903
vt 0.18276200 0.57524699
vt 0.18717100 0.57492203
vt 0.18261001 0.57250702
vt 0.18274900 0.57503903
vt 0.18715400 0.57470900
vt 0.18697201 0.57219303
vt 0.18261001 0.57250702
vt 0.18697201 0.57219303
vt 0.18695299 0.57198203
vt 0.18259600 0.57230300
vt 0.20048900 0.56904000
vt 0.20446301 0.56799901
vt 0.20432900 0.56718498
vt 0.20023599 0.56762898
vt 0.20432900 0.56718498
vt 0.20446301 0.56799901
vt 0.20482799 0.56750202
vt 0.20623501 0.56719702
vt 0.20507801 0.56599998
vt 0.20432900 0.56718498
vt 0.20482799 0.56750202
vt 0.20507801 0.56599998
vt 0.20004600 0.56645501
vt 0.20023599 0.56762898
vt 0.20432900 0.56718498
vt 0.19580001 0.56976098
vt 0.20048900 0.56904000
vt 0.20023599 0.56762898
vt 0.19560000 0.56843501
vt 0.20004600 0.56645501
vt 0.19541299 0.56727898
vt 0.19560000 0.56843501
vt 0.20023599 0.56762898
vt 0.20001200 0.56622303
vt 0.19537701 0.56705999
vt 0.19541299 0.56727898
vt 0.20004600 0.56645501
vt 0.20512301 0.56571901
vt 0.20001200 0.56622303
vt 0.20004600 0.56645501
vt 0.20507801 0.56599998
vt 0.19537701 0.56705999
vt 0.20001200 0.56622303
vt 0.19934601 0.56310701
vt 0.19484399 0.56414801
vt 0.20001200 0.56622303
vt 0.20512301 0.56571901
vt 0.20401099 0.56172699
vt 0.19934601 0.56310701
vt 0.19092201 0.56774300
vt 0.19537701 0.56705999
vt 0.19484399 0.56414801
vt 0.19051801 0.56493300
vt 0.19537701 0.56705999
vt 0.19092201 0.56774300
vt 0.19095100 0.56795299
vt 0.19541299 0.56727898
vt 0.18658000 0.56827003
vt 0.19092201 0.56774300
vt 0.19051801 0.56493300
vt 0.18628500 0.56550801
vt 0.19092201 0.56774300
vt 0.18658000 0.56827003
vt 0.18660299 0.56847697
vt 0.19095100 0.56795299
vt 0.19095100 0.56795299
vt 0.18660299 0.56847697
vt 0.18672299 0.56960201
vt 0.19109701 0.56908000
vt 0.19541299 0.56727898
vt 0.19095100 0.56795299
vt 0.19109701 0.56908000
vt 0.19560000 0.56843501
vt 0.18660299 0.56847697
vt 0.18233000 0.56891203
vt 0.18241400 0.56997401
vt 0.18672299 0.56960201
vt 0.18658000 0.56827003
vt 0.18231399 0.56870902
vt 0.18233000 0.56891203
vt 0.18660299 0.56847697
vt 0.18233000 0.56891203
vt 0.17810400 0.56918597
vt 0.17816199 0.57026398
vt 0.18241400 0.56997401
vt 0.18231399 0.56870902
vt 0.17809400 0.56898499
vt 0.17810400 0.56918597
vt 0.18233000 0.56891203
vt 0.17809400 0.56898499
vt 0.18231399 0.56870902
vt 0.18210299 0.56594700
vt 0.17794800 0.56625801
vt 0.18231399 0.56870902
vt 0.18658000 0.56827003
vt 0.18628500 0.56550801
vt 0.18210299 0.56594700
vt 0.18210299 0.56594700
vt 0.18628500 0.56550801
vt 0.18592000 0.56254798
vt 0.18185000 0.56299001
vt 0.17794800 0.56625801
vt 0.18210299 0.56594700
vt 0.18185000 0.56299001
vt 0.17777300 0.56331903
vt 0.18628500 0.56550801
vt 0.19051801 0.56493300
vt 0.18999401 0.56192899
vt 0.18592000 0.56254798
vt 0.18592000 0.56254798
vt 0.18543200 0.56055099
vt 0.18146600 0.56092399
vt 0.18185000 0.56299001
vt 0.17386800 0.56918597
vt 0.17809400 0.56898499
vt 0.17794800 0.56625801
vt 0.17377800 0.56649798
vt 0.17377800 0.56649798
vt 0.17794800 0.56625801
vt 0.17777300 0.56331903
vt 0.17366500 0.56358403
vt 0.18185000 0.56299001
vt 0.18146600 0.56092399
vt 0.17747299 0.56116700
vt 0.17777300 0.56331903
vt 0.17344201 0.56130701
vt 0.17366500 0.56358403
vt 0.17777300 0.56331903
vt 0.17747299 0.56116700
vt 0.17366500 0.56358403
vt 0.16950200 0.56381100
vt 0.16957100 0.56670702
vt 0.17377800 0.56649798
vt 0.16950200 0.56381100
vt 0.17366500 0.56358403
vt 0.17344201 0.56130701
vt 0.16936000 0.56134897
vt 0.16939700 0.56042302
vt 0.16936000 0.56134897
vt 0.17344201 0.56130701
vt 0.17345300 0.56045502
vt 0.17345300 0.56045502
vt 0.17344201 0.56130701
vt 0.17747299 0.56116700
vt 0.17746700 0.56026602
vt 0.16521899 0.56134403
vt 0.16527900 0.56401497
vt 0.16950200 0.56381100
vt 0.16936000 0.56134897
vt 0.16950200 0.56381100
vt 0.16527900 0.56401497
vt 0.16532101 0.56687701
vt 0.16957100 0.56670702
vt 0.16527900 0.56401497
vt 0.16101800 0.56418300
vt 0.16104101 0.56699997
vt 0.16532101 0.56687701
vt 0.16532101 0.56687701
vt 0.16104101 0.56699997
vt 0.16104899 0.56960398
vt 0.16534500 0.56951803
vt 0.16957100 0.56670702
vt 0.16532101 0.56687701
vt 0.16534500 0.56951803
vt 0.16962200 0.56937897
vt 0.16534500 0.56951803
vt 0.16104899 0.56960398
vt 0.16105001 0.56980300
vt 0.16534901 0.56971699
vt 0.16962200 0.56937897
vt 0.16534500 0.56951803
vt 0.16534901 0.56971699
vt 0.16962799 0.56957901
vt 0.16534901 0.56971699
vt 0.16105001 0.56980300
vt 0.16106400 0.57084602
vt 0.16538000 0.57078701
vt 0.16962799 0.56957901
vt 0.16534901 0.56971699
vt 0.16538000 0.57078701
vt 0.16967100 0.57065099
vt 0.16540700 0.57200402
vt 0.16971201 0.57186902
vt 0.16967100 0.57065099
vt 0.16538000 0.57078701
vt 0.16108100 0.57206303
vt 0.16540700 0.57200402
vt 0.16538000 0.57078701
vt 0.16106400 0.57084602
vt 0.16542900 0.57305402
vt 0.16974001 0.57294703
vt 0.16971201 0.57186902
vt 0.16540700 0.57200402
vt 0.16109900 0.57313699
vt 0.16542900 0.57305402
vt 0.16540700 0.57200402
vt 0.16108100 0.57206303
vt 0.16110100 0.57333797
vt 0.16543201 0.57325399
vt 0.16542900 0.57305402
vt 0.16109900 0.57313699
vt 0.16543201 0.57325399
vt 0.16974500 0.57314801
vt 0.16974001 0.57294703
vt 0.16542900 0.57305402
vt 0.16974500 0.57314801
vt 0.17403699 0.57300299
vt 0.17403001 0.57280099
vt 0.16974001 0.57294703
vt 0.16974001 0.57294703
vt 0.17403001 0.57280099
vt 0.17398299 0.57169700
vt 0.16971201 0.57186902
vt 0.17403699 0.57300299
vt 0.16974500 0.57314801
vt 0.16977200 0.57555401
vt 0.17408900 0.57541001
vt 0.16974500 0.57314801
vt 0.16543201 0.57325399
vt 0.16543800 0.57564598
vt 0.16977200 0.57555401
vt 0.16977200 0.57555401
vt 0.16543800 0.57564598
vt 0.16544101 0.57584703
vt 0.16977701 0.57575703
vt 0.17408900 0.57541001
vt 0.16977200 0.57555401
vt 0.16977701 0.57575703
vt 0.17409600 0.57561398
vt 0.16977701 0.57575703
vt 0.16544101 0.57584703
vt 0.16546100 0.57692999
vt 0.16980900 0.57684398
vt 0.17409600 0.57561398
vt 0.16977701 0.57575703
vt 0.16980900 0.57684398
vt 0.17413500 0.57673001
vt 0.16984200 0.57807899
vt 0.17418100 0.57796198
vt 0.17413500 0.57673001
vt 0.16980900 0.57684398
vt 0.16548300 0.57816201
vt 0.16984200 0.57807899
vt 0.16980900 0.57684398
vt 0.16546100 0.57692999
vt 0.16549499 0.57922298
vt 0.16985700 0.57916999
vt 0.16984200 0.57807899
vt 0.16548300 0.57816201
vt 0.16985700 0.57916999
vt 0.17421401 0.57908303
vt 0.17418100 0.57796198
vt 0.16984200 0.57807899
vt 0.17421401 0.57908303
vt 0.17857200 0.57892400
vt 0.17852201 0.57781500
vt 0.17418100 0.57796198
vt 0.16986001 0.57937402
vt 0.17421900 0.57928902
vt 0.17421401 0.57908303
vt 0.16985700 0.57916999
vt 0.17421900 0.57928902
vt 0.17858000 0.57913101
vt 0.17857200 0.57892400
vt 0.17421401 0.57908303
vt 0.17421900 0.57928902
vt 0.17424700 0.58203298
vt 0.17863800 0.58194798
vt 0.17858000 0.57913101
vt 0.17421900 0.57928902
vt 0.16986001 0.57937402
vt 0.16986699 0.58212501
vt 0.17424700 0.58203298
vt 0.16549601 0.57942599
vt 0.16986001 0.57937402
vt 0.16985700 0.57916999
vt 0.16549499 0.57922298
vt 0.17858000 0.57913101
vt 0.17863800 0.58194798
vt 0.18304600 0.58183098
vt 0.18296200 0.57893699
vt 0.17858000 0.57913101
vt 0.18296200 0.57893699
vt 0.18295200 0.57872802
vt 0.17857200 0.57892400
vt 0.18296200 0.57893699
vt 0.18304600 0.58183098
vt 0.18753600 0.58162498
vt 0.18742900 0.57874501
vt 0.16111800 0.57947201
vt 0.16549601 0.57942599
vt 0.16549499 0.57922298
vt 0.16111700 0.57927001
vt 0.16111700 0.57927001
vt 0.16549499 0.57922298
vt 0.16548300 0.57816201
vt 0.16110700 0.57818401
vt 0.16110700 0.57818401
vt 0.16548300 0.57816201
vt 0.16546100 0.57692999
vt 0.16109399 0.57695401
vt 0.16544101 0.57584703
vt 0.16108800 0.57589799
vt 0.16109399 0.57695401
vt 0.16546100 0.57692999
vt 0.16108800 0.57589799
vt 0.15672299 0.57588899
vt 0.15672299 0.57698399
vt 0.16109399 0.57695401
vt 0.16543800 0.57564598
vt 0.16108800 0.57569599
vt 0.16108800 0.57589799
vt 0.16544101 0.57584703
vt 0.16108800 0.57569599
vt 0.15672299 0.57568800
vt 0.15672299 0.57588899
vt 0.16108800 0.57589799
vt 0.15672299 0.57568800
vt 0.15237200 0.57568902
vt 0.15237100 0.57588798
vt 0.15672299 0.57588899
vt 0.16110100 0.57333797
vt 0.15675300 0.57338798
vt 0.15672299 0.57568800
vt 0.16108800 0.57569599
vt 0.16543201 0.57325399
vt 0.16110100 0.57333797
vt 0.16108800 0.57569599
vt 0.16543800 0.57564598
vt 0.16971201 0.57186902
vt 0.17398299 0.57169700
vt 0.17392600 0.57048398
vt 0.16967100 0.57065099
vt 0.17387600 0.56938601
vt 0.16962799 0.56957901
vt 0.16967100 0.57065099
vt 0.17392600 0.57048398
vt 0.17810400 0.56918597
vt 0.17387600 0.56938601
vt 0.17392600 0.57048398
vt 0.17816199 0.57026398
vt 0.17386800 0.56918597
vt 0.16962200 0.56937897
vt 0.16962799 0.56957901
vt 0.17387600 0.56938601
vt 0.17809400 0.56898499
vt 0.17386800 0.56918597
vt 0.17387600 0.56938601
vt 0.17810400 0.56918597
vt 0.17377800 0.56649798
vt 0.16957100 0.56670702
vt 0.16962200 0.56937897
vt 0.17386800 0.56918597
vt 0.16104101 0.56699997
vt 0.15675101 0.56707197
vt 0.15673700 0.56962001
vt 0.16104899 0.56960398
vt 0.16101800 0.56418300
vt 0.15674500 0.56430602
vt 0.15675101 0.56707197
vt 0.16104101 0.56699997
vt 0.17746700 0.56026602
vt 0.17747299 0.56116700
vt 0.18146600 0.56092399
vt 0.18148100 0.55997598
vt 0.18148100 0.55997598
vt 0.18146600 0.56092399
vt 0.18543200 0.56055099
vt 0.18543901 0.55967897
vt 0.19051801 0.56493300
vt 0.19484399 0.56414801
vt 0.19412100 0.56107199
vt 0.18999401 0.56192899
vt 0.19484399 0.56414801
vt 0.19934601 0.56310701
vt 0.19830000 0.55988503
vt 0.19412100 0.56107199
vt 0.20662500 0.56710398
vt 0.20512301 0.56571901
vt 0.20507801 0.56599998
vt 0.20623501 0.56719702
vt 0.20745599 0.54873401
vt 0.20977999 0.54967499
vt 0.21049900 0.54661399
vt 0.20809300 0.54595202
vt 0.20751700 0.54306102
vt 0.20833600 0.54316801
vt 0.20835800 0.54037797
vt 0.20747100 0.54041803
vt 0.21065199 0.53458899
vt 0.21000500 0.53165299
vt 0.20715700 0.53269202
vt 0.20782401 0.53512901
vt 0.10317900 0.53458500
vt 0.10623200 0.53493202
vt 0.10692600 0.53253198
vt 0.10404100 0.53173602
vt 0.10141400 0.53095901
vt 0.10038600 0.53480601
vt 0.10317900 0.53458500
vt 0.10404100 0.53173602
vt 0.21065199 0.53458899
vt 0.21352901 0.53473401
vt 0.21266501 0.53077799
vt 0.21000500 0.53165299
vt 0.09855400 0.52993101
vt 0.09741000 0.53680801
vt 0.10038600 0.53480601
vt 0.10141400 0.53095901
vt 0.21352901 0.53473401
vt 0.21656400 0.53677100
vt 0.21559100 0.52973998
vt 0.21266501 0.53077799
vt 0.21559100 0.52973998
vt 0.21656400 0.53677100
vt 0.21969000 0.54241800
vt 0.22001600 0.53910601
vt 0.22141001 0.53727603
vt 0.21793300 0.52874798
vt 0.21559100 0.52973998
vt 0.22001600 0.53910601
vt 0.09855400 0.52993101
vt 0.09627300 0.52890801
vt 0.09267800 0.53722298
vt 0.09401100 0.53905499
vt 0.09855400 0.52993101
vt 0.09401100 0.53905499
vt 0.09425100 0.54232401
vt 0.09741000 0.53680801
vt 0.09401100 0.53905499
vt 0.09267800 0.53722298
vt 0.08142700 0.56147999
vt 0.09425100 0.54232401
vt 0.10583200 0.53749502
vt 0.10623200 0.53493202
vt 0.10317900 0.53458500
vt 0.10260900 0.53756398
vt 0.10706900 0.53515500
vt 0.10623200 0.53493202
vt 0.10583200 0.53749502
vt 0.10673400 0.53765702
vt 0.10677600 0.54546303
vt 0.10743400 0.54802299
vt 0.11123500 0.54676700
vt 0.11079100 0.54475999
vt 0.11123500 0.54676700
vt 0.10743400 0.54802299
vt 0.10854900 0.55062699
vt 0.11197900 0.54865998
vt 0.11319600 0.55033100
vt 0.11197900 0.54865998
vt 0.10854900 0.55062699
vt 0.11046300 0.55307198
vt 0.10743400 0.54802299
vt 0.10658500 0.54840899
vt 0.10779300 0.55109900
vt 0.10854900 0.55062699
vt 0.11528800 0.55182600
vt 0.11319600 0.55033100
vt 0.11046300 0.55307198
vt 0.11331800 0.55513102
vt 0.10677600 0.54546303
vt 0.10595900 0.54570597
vt 0.10658500 0.54840899
vt 0.10743400 0.54802299
vt 0.23170400 0.53210700
vt 0.24441300 0.55824602
vt 0.24547000 0.55773997
vt 0.23269500 0.53163499
vt 0.05625900 0.55405301
vt 0.05886000 0.55385000
vt 0.05825100 0.54610002
vt 0.05566900 0.54632300
vt 0.24755400 0.56100398
vt 0.24833600 0.56060201
vt 0.24608500 0.55742502
vt 0.24547000 0.55773997
vt 0.25092399 0.56273103
vt 0.25119299 0.56229502
vt 0.24865600 0.56024098
vt 0.24833600 0.56060201
vt 0.25464800 0.56399900
vt 0.25491300 0.56357002
vt 0.25119299 0.56229502
vt 0.25092399 0.56273103
vt 0.26001301 0.56447500
vt 0.26012799 0.56411600
vt 0.25491300 0.56357002
vt 0.25464800 0.56399900
vt 0.26608700 0.56459397
vt 0.26613200 0.56428498
vt 0.26012799 0.56411600
vt 0.26001301 0.56447500
vt 0.30111501 0.57773900
vt 0.29636300 0.57379597
vt 0.29554701 0.57416099
vt 0.30020201 0.57800198
vt 0.30490801 0.58235800
vt 0.30111501 0.57773900
vt 0.30020201 0.57800198
vt 0.30395800 0.58254999
vt 0.30670699 0.58786100
vt 0.30395800 0.58254999
vt 0.30276200 0.58282501
vt 0.30550799 0.58804399
vt 0.30832499 0.59379500
vt 0.30670699 0.58786100
vt 0.30550799 0.58804399
vt 0.30714700 0.59387702
vt 0.30550799 0.58804399
vt 0.30276200 0.58282501
vt 0.30142701 0.58319002
vt 0.30414900 0.58829200
vt 0.30714700 0.59387702
vt 0.30550799 0.58804399
vt 0.30414900 0.58829200
vt 0.30579901 0.59399003
vt 0.30875301 0.60004902
vt 0.30832499 0.59379500
vt 0.30714700 0.59387702
vt 0.30759299 0.60001999
vt 0.30759299 0.60001999
vt 0.30714700 0.59387702
vt 0.30579901 0.59399003
vt 0.30626100 0.59998798
vt 0.30801901 0.60627300
vt 0.30875301 0.60004902
vt 0.30759299 0.60001999
vt 0.30684599 0.60613400
vt 0.30414900 0.58829200
vt 0.30142701 0.58319002
vt 0.29868901 0.58421600
vt 0.30126801 0.58900601
vt 0.29317799 0.58162999
vt 0.29234001 0.58229101
vt 0.29529601 0.58596802
vt 0.29626101 0.58543497
vt 0.28950399 0.57851398
vt 0.28880799 0.57927501
vt 0.29234001 0.58229101
vt 0.29317799 0.58162999
vt 0.23890400 0.62247503
vt 0.23819201 0.62373102
vt 0.24685401 0.62704098
vt 0.24751000 0.62565100
vt 0.24035700 0.62048799
vt 0.23890400 0.62247503
vt 0.24751000 0.62565100
vt 0.24885499 0.62293798
vt 0.23619600 0.62204200
vt 0.23890400 0.62247503
vt 0.24035700 0.62048799
vt 0.23812801 0.61962497
vt 0.23890400 0.62247503
vt 0.23619600 0.62204200
vt 0.23534800 0.62355000
vt 0.23819201 0.62373102
vt 0.23619600 0.62204200
vt 0.21957600 0.63111299
vt 0.21949200 0.63470399
vt 0.23534800 0.62355000
vt 0.21917900 0.62675899
vt 0.21957600 0.63111299
vt 0.23619600 0.62204200
vt 0.23812801 0.61962497
vt 0.23604099 0.61785901
vt 0.24035700 0.62048799
vt 0.24105300 0.61945701
vt 0.23898301 0.61860800
vt 0.23812801 0.61962497
vt 0.23812801 0.61962497
vt 0.23898301 0.61860800
vt 0.23725000 0.61684501
vt 0.23604099 0.61785901
vt 0.21863399 0.62081999
vt 0.21917900 0.62675899
vt 0.23604099 0.61785901
vt 0.23449600 0.61427099
vt 0.23604099 0.61785901
vt 0.23725000 0.61684501
vt 0.23601900 0.61362702
vt 0.23449600 0.61427099
vt 0.23725000 0.61684501
vt 0.23810101 0.61577803
vt 0.23710801 0.61296701
vt 0.23601900 0.61362702
vt 0.23898301 0.61860800
vt 0.23964401 0.61729902
vt 0.23810101 0.61577803
vt 0.23725000 0.61684501
vt 0.23964401 0.61729902
vt 0.24003901 0.61536098
vt 0.23874100 0.61474502
vt 0.23810101 0.61577803
vt 0.23810101 0.61577803
vt 0.23874100 0.61474502
vt 0.23832300 0.61247700
vt 0.23710801 0.61296701
vt 0.24003600 0.61245102
vt 0.23832300 0.61247700
vt 0.23874100 0.61474502
vt 0.24003901 0.61536098
vt 0.24167199 0.61801898
vt 0.24208701 0.61579299
vt 0.24003901 0.61536098
vt 0.23964401 0.61729902
vt 0.24033099 0.58444399
vt 0.23859000 0.58434200
vt 0.23832300 0.61247700
vt 0.24003600 0.61245102
vt 0.23710801 0.61296701
vt 0.23832300 0.61247700
vt 0.23859000 0.58434200
vt 0.23736300 0.58379000
vt 0.24044999 0.58148903
vt 0.23909900 0.58205199
vt 0.23859000 0.58434200
vt 0.24033099 0.58444399
vt 0.23736300 0.58379000
vt 0.23859000 0.58434200
vt 0.23909900 0.58205199
vt 0.23848200 0.58096403
vt 0.24044999 0.58148903
vt 0.24012700 0.57948703
vt 0.23848200 0.58096403
vt 0.23909900 0.58205199
vt 0.24012700 0.57948703
vt 0.23950499 0.57810497
vt 0.23764800 0.57982701
vt 0.23848200 0.58096403
vt 0.23626401 0.58307201
vt 0.23736300 0.58379000
vt 0.23848200 0.58096403
vt 0.23764800 0.57982701
vt 0.24223800 0.57886398
vt 0.24167100 0.57734799
vt 0.23950499 0.57810497
vt 0.24012700 0.57948703
vt 0.24167100 0.57734799
vt 0.24100401 0.57623798
vt 0.23866799 0.57700801
vt 0.23950499 0.57810497
vt 0.23950499 0.57810497
vt 0.23866799 0.57700801
vt 0.23644200 0.57872999
vt 0.23764800 0.57982701
vt 0.23677100 0.57439899
vt 0.22018600 0.56382197
vt 0.21964499 0.56853300
vt 0.23644200 0.57872999
vt 0.23866799 0.57700801
vt 0.23960599 0.57409602
vt 0.23677100 0.57439899
vt 0.23866799 0.57700801
vt 0.24100401 0.57623798
vt 0.23472500 0.58235699
vt 0.23626401 0.58307201
vt 0.23764800 0.57982701
vt 0.23644200 0.57872999
vt 0.21964499 0.56853300
vt 0.21899000 0.57487100
vt 0.23472500 0.58235699
vt 0.23644200 0.57872999
vt 0.23472500 0.58235699
vt 0.21899000 0.57487100
vt 0.21863399 0.62081999
vt 0.23449600 0.61427099
vt 0.23449600 0.61427099
vt 0.23601900 0.61362702
vt 0.23626401 0.58307201
vt 0.23472500 0.58235699
vt 0.23601900 0.61362702
vt 0.23710801 0.61296701
vt 0.23736300 0.58379000
vt 0.23626401 0.58307201
vt 0.24100401 0.57623798
vt 0.24167100 0.57734799
vt 0.25051701 0.57557499
vt 0.24981800 0.57418603
vt 0.24100401 0.57623798
vt 0.24981800 0.57418603
vt 0.24860600 0.57133001
vt 0.23960599 0.57409602
vt 0.23894200 0.57275599
vt 0.23597400 0.57277399
vt 0.23677100 0.57439899
vt 0.23960599 0.57409602
vt 0.24860600 0.57133001
vt 0.24801899 0.56987202
vt 0.23894200 0.57275599
vt 0.23960599 0.57409602
vt 0.25095600 0.56900001
vt 0.24801899 0.56987202
vt 0.24860600 0.57133001
vt 0.25150400 0.57045197
vt 0.25025600 0.56746203
vt 0.24738400 0.56830698
vt 0.24801899 0.56987202
vt 0.25095600 0.56900001
vt 0.23894200 0.57275599
vt 0.24801899 0.56987202
vt 0.24738400 0.56830698
vt 0.23827399 0.57128102
vt 0.24738400 0.56830698
vt 0.24664600 0.56661397
vt 0.23759200 0.56968498
vt 0.23827399 0.57128102
vt 0.24925500 0.56580102
vt 0.24664600 0.56661397
vt 0.24738400 0.56830698
vt 0.25025600 0.56746203
vt 0.25439000 0.56662297
vt 0.25025600 0.56746203
vt 0.25095600 0.56900001
vt 0.25500900 0.56808197
vt 0.24664600 0.56661397
vt 0.24574400 0.56471997
vt 0.23686200 0.56791198
vt 0.23759200 0.56968498
vt 0.23686200 0.56791198
vt 0.23386900 0.56748497
vt 0.23453499 0.56935501
vt 0.23759200 0.56968498
vt 0.23759200 0.56968498
vt 0.23453499 0.56935501
vt 0.23522399 0.57110602
vt 0.23827399 0.57128102
vt 0.23386900 0.56748497
vt 0.21983200 0.54943401
vt 0.21994799 0.55277699
vt 0.23453499 0.56935501
vt 0.23453499 0.56935501
vt 0.21994799 0.55277699
vt 0.22010900 0.55628997
vt 0.23522399 0.57110602
vt 0.23597400 0.57277399
vt 0.23522399 0.57110602
vt 0.22010900 0.55628997
vt 0.22027400 0.55994302
vt 0.23827399 0.57128102
vt 0.23522399 0.57110602
vt 0.23597400 0.57277399
vt 0.23894200 0.57275599
vt 0.22027400 0.55994302
vt 0.22018600 0.56382197
vt 0.23677100 0.57439899
vt 0.23597400 0.57277399
vt 0.21668100 0.54791999
vt 0.21645001 0.55138600
vt 0.22010900 0.55628997
vt 0.21994799 0.55277699
vt 0.21679600 0.54459602
vt 0.21668100 0.54791999
vt 0.21994799 0.55277699
vt 0.21983200 0.54943401
vt 0.25500900 0.56808197
vt 0.25095600 0.56900001
vt 0.25150400 0.57045197
vt 0.25543699 0.56948501
vt 0.26025701 0.56742001
vt 0.25500900 0.56808197
vt 0.25543699 0.56948501
vt 0.26048800 0.56869602
vt 0.25051701 0.57557499
vt 0.24167100 0.57734799
vt 0.24223800 0.57886398
vt 0.25120401 0.57689899
vt 0.24105300 0.61945701
vt 0.24167199 0.61801898
vt 0.23964401 0.61729902
vt 0.23898301 0.61860800
vt 0.24105300 0.61945701
vt 0.24961101 0.62163001
vt 0.25035200 0.62038100
vt 0.24167199 0.61801898
vt 0.24738801 0.61624402
vt 0.24208701 0.61579299
vt 0.24167199 0.61801898
vt 0.25035200 0.62038100
vt 0.25105301 0.61927998
vt 0.25211799 0.62261498
vt 0.25272900 0.62138098
vt 0.25035200 0.62038100
vt 0.24961101 0.62163001
vt 0.24035700 0.62048799
vt 0.24885499 0.62293798
vt 0.24961101 0.62163001
vt 0.24105300 0.61945701
vt 0.07403800 0.62098998
vt 0.07262200 0.61897397
vt 0.06409500 0.62125701
vt 0.06537900 0.62398797
vt 0.07090600 0.61100602
vt 0.07097900 0.61425501
vt 0.07303000 0.61385900
vt 0.07308100 0.61095798
vt 0.07308100 0.61095798
vt 0.07303000 0.61385900
vt 0.07433500 0.61326402
vt 0.07478700 0.61101002
vt 0.06254500 0.57554603
vt 0.07134700 0.57765502
vt 0.07193200 0.57617003
vt 0.06324900 0.57425398
vt 0.04688300 0.61366302
vt 0.04276400 0.61496198
vt 0.04325900 0.61808699
vt 0.04751100 0.61731201
vt 0.04276400 0.61496198
vt 0.04688300 0.61366302
vt 0.04576400 0.60804498
vt 0.04103500 0.61083102
vt 0.03976600 0.61624902
vt 0.04276400 0.61496198
vt 0.04103500 0.61083102
vt 0.03747600 0.61457199
vt 0.04276400 0.61496198
vt 0.03976600 0.61624902
vt 0.03923100 0.61836398
vt 0.04325900 0.61808699
vt 0.04325900 0.61808699
vt 0.03923100 0.61836398
vt 0.03878400 0.62011099
vt 0.04325400 0.62009501
vt 0.03976600 0.61624902
vt 0.03747600 0.61457199
vt 0.03552300 0.61743897
vt 0.03923100 0.61836398
vt 0.03923100 0.61836398
vt 0.03552300 0.61743897
vt 0.03456300 0.61928803
vt 0.03878400 0.62011099
vt 0.03747600 0.61457199
vt 0.03400700 0.61244798
vt 0.03181100 0.61582702
vt 0.03552300 0.61743897
vt 0.03552300 0.61743897
vt 0.03181100 0.61582702
vt 0.03055200 0.61778098
vt 0.03456300 0.61928803
vt 0.03878400 0.62011099
vt 0.03456300 0.61928803
vt 0.03407900 0.62034398
vt 0.03851800 0.62116599
vt 0.03456300 0.61928803
vt 0.03055200 0.61778098
vt 0.02988900 0.61883402
vt 0.03407900 0.62034398
vt 0.03181100 0.61582702
vt 0.02808300 0.61407101
vt 0.02676700 0.61575502
vt 0.03055200 0.61778098
vt 0.03055200 0.61778098
vt 0.02676700 0.61575502
vt 0.02600000 0.61668199
vt 0.02988900 0.61883402
vt 0.02988900 0.61883402
vt 0.02600000 0.61668199
vt 0.02543700 0.61735201
vt 0.02944100 0.61957198
vt 0.03407900 0.62034398
vt 0.02988900 0.61883402
vt 0.02944100 0.61957198
vt 0.03375500 0.62112498
vt 0.02476800 0.61812598
vt 0.02891800 0.62042099
vt 0.02944100 0.61957198
vt 0.02543700 0.61735201
vt 0.02600000 0.61668199
vt 0.02253100 0.61388201
vt 0.02185100 0.61446100
vt 0.02543700 0.61735201
vt 0.02103900 0.61514002
vt 0.02476800 0.61812598
vt 0.02543700 0.61735201
vt 0.02185100 0.61446100
vt 0.02253100 0.61388201
vt 0.01961900 0.61042303
vt 0.01881800 0.61089599
vt 0.02185100 0.61446100
vt 0.01787500 0.61145198
vt 0.02103900 0.61514002
vt 0.02185100 0.61446100
vt 0.01881800 0.61089599
vt 0.01541900 0.60713100
vt 0.01787500 0.61145198
vt 0.01881800 0.61089599
vt 0.01647000 0.60673302
vt 0.01961900 0.61042303
vt 0.01737100 0.60638899
vt 0.01647000 0.60673302
vt 0.01881800 0.61089599
vt 0.02074400 0.60979801
vt 0.01867800 0.60589999
vt 0.01737100 0.60638899
vt 0.01961900 0.61042303
vt 0.02342800 0.61312902
vt 0.02074400 0.60979801
vt 0.01961900 0.61042303
vt 0.02253100 0.61388201
vt 0.02279700 0.60877597
vt 0.02110900 0.60500902
vt 0.01867800 0.60589999
vt 0.02074400 0.60979801
vt 0.02493800 0.61188698
vt 0.02279700 0.60877597
vt 0.02074400 0.60979801
vt 0.02342800 0.61312902
vt 0.02676700 0.61575502
vt 0.02342800 0.61312902
vt 0.02253100 0.61388201
vt 0.02600000 0.61668199
vt 0.02808300 0.61407101
vt 0.02493800 0.61188698
vt 0.02342800 0.61312902
vt 0.02676700 0.61575502
vt 0.02678500 0.61039799
vt 0.02631100 0.60752302
vt 0.02279700 0.60877597
vt 0.02493800 0.61188698
vt 0.02988000 0.61114401
vt 0.02678500 0.61039799
vt 0.02493800 0.61188698
vt 0.02808300 0.61407101
vt 0.03400700 0.61244798
vt 0.02988000 0.61114401
vt 0.02808300 0.61407101
vt 0.03181100 0.61582702
vt 0.02678500 0.61039799
vt 0.02988000 0.61114401
vt 0.03162400 0.60659599
vt 0.02631100 0.60752302
vt 0.02988000 0.61114401
vt 0.03400700 0.61244798
vt 0.03748300 0.60710001
vt 0.03162400 0.60659599
vt 0.02631100 0.60752302
vt 0.03162400 0.60659599
vt 0.03176600 0.60126799
vt 0.02526000 0.60352701
vt 0.02631100 0.60752302
vt 0.02526000 0.60352701
vt 0.02110900 0.60500902
vt 0.02279700 0.60877597
vt 0.02309200 0.59982902
vt 0.02526000 0.60352701
vt 0.03176600 0.60126799
vt 0.02776800 0.59722799
vt 0.02526000 0.60352701
vt 0.02309200 0.59982902
vt 0.01952400 0.60110801
vt 0.02110900 0.60500902
vt 0.02110900 0.60500902
vt 0.01952400 0.60110801
vt 0.01722000 0.60166597
vt 0.01867800 0.60589999
vt 0.02309200 0.59982902
vt 0.02129400 0.59724897
vt 0.01875600 0.59725797
vt 0.01952400 0.60110801
vt 0.01952400 0.60110801
vt 0.01875600 0.59725797
vt 0.01664700 0.59726501
vt 0.01722000 0.60166597
vt 0.01867800 0.60589999
vt 0.01722000 0.60166597
vt 0.01591000 0.60193902
vt 0.01737100 0.60638899
vt 0.01722000 0.60166597
vt 0.01664700 0.59726501
vt 0.01537900 0.59726900
vt 0.01591000 0.60193902
vt 0.01591000 0.60193902
vt 0.01537900 0.59726900
vt 0.01441600 0.59727198
vt 0.01495900 0.60212201
vt 0.01737100 0.60638899
vt 0.01591000 0.60193902
vt 0.01495900 0.60212201
vt 0.01647000 0.60673302
vt 0.01327000 0.59727502
vt 0.01383700 0.60233200
vt 0.01495900 0.60212201
vt 0.01441600 0.59727198
vt 0.01383700 0.60233200
vt 0.01541900 0.60713100
vt 0.01647000 0.60673302
vt 0.01495900 0.60212201
vt 0.01192400 0.59728003
vt 0.01251700 0.60257101
vt 0.01383700 0.60233200
vt 0.01327000 0.59727502
vt 0.01380500 0.59221601
vt 0.01327000 0.59727502
vt 0.01441600 0.59727198
vt 0.01492800 0.59241802
vt 0.01248400 0.59198499
vt 0.01192400 0.59728003
vt 0.01327000 0.59727502
vt 0.01380500 0.59221601
vt 0.01104700 0.59174901
vt 0.01046500 0.59728402
vt 0.01192400 0.59728003
vt 0.01248400 0.59198499
vt 0.01411100 0.58696300
vt 0.01248400 0.59198499
vt 0.01380500 0.59221601
vt 0.01535600 0.58740801
vt 0.01274200 0.58650702
vt 0.01104700 0.59174901
vt 0.01248400 0.59198499
vt 0.01411100 0.58696300
vt 0.00990000 0.58573800
vt 0.00814300 0.59135300
vt 0.01104700 0.59174901
vt 0.01274200 0.58650702
vt 0.01540200 0.58181298
vt 0.01270900 0.58073598
vt 0.00990000 0.58573800
vt 0.01274200 0.58650702
vt 0.01540200 0.58181298
vt 0.01274200 0.58650702
vt 0.01411100 0.58696300
vt 0.01665600 0.58244902
vt 0.01883800 0.57782602
vt 0.01540200 0.58181298
vt 0.01665600 0.58244902
vt 0.01994200 0.57860398
vt 0.01639400 0.57650399
vt 0.01270900 0.58073598
vt 0.01540200 0.58181298
vt 0.01883800 0.57782602
vt 0.01665600 0.58244902
vt 0.01411100 0.58696300
vt 0.01535600 0.58740801
vt 0.01778200 0.58307302
vt 0.01994200 0.57860398
vt 0.01665600 0.58244902
vt 0.01778200 0.58307302
vt 0.02092000 0.57936603
vt 0.02289200 0.57459497
vt 0.01883800 0.57782602
vt 0.01994200 0.57860398
vt 0.02381500 0.57548702
vt 0.00855800 0.58546197
vt 0.00990000 0.58573800
vt 0.01270900 0.58073598
vt 0.01139300 0.58034599
vt 0.01139300 0.58034599
vt 0.01270900 0.58073598
vt 0.01639400 0.57650399
vt 0.01515800 0.57600802
vt 0.01515800 0.57600802
vt 0.01639400 0.57650399
vt 0.02080500 0.57303900
vt 0.01972500 0.57241899
vt 0.02080500 0.57303900
vt 0.01639400 0.57650399
vt 0.01883800 0.57782602
vt 0.02289200 0.57459497
vt 0.01972500 0.57241899
vt 0.02080500 0.57303900
vt 0.02574700 0.57030898
vt 0.02488800 0.56954902
vt 0.02739300 0.57209402
vt 0.02574700 0.57030898
vt 0.02080500 0.57303900
vt 0.02289200 0.57459497
vt 0.02488800 0.56954902
vt 0.02574700 0.57030898
vt 0.03103900 0.56831402
vt 0.03043800 0.56742400
vt 0.03103900 0.56831402
vt 0.02574700 0.57030898
vt 0.02739300 0.57209402
vt 0.03220900 0.57030201
vt 0.03043800 0.56742400
vt 0.03103900 0.56831402
vt 0.03655400 0.56706899
vt 0.03620800 0.56607598
vt 0.03655400 0.56706899
vt 0.03103900 0.56831402
vt 0.03220900 0.57030201
vt 0.03726400 0.56922501
vt 0.03220900 0.57030201
vt 0.02739300 0.57209402
vt 0.02811900 0.57307899
vt 0.03273400 0.57136703
vt 0.02409200 0.56890202
vt 0.02488800 0.56954902
vt 0.03043800 0.56742400
vt 0.02988200 0.56664300
vt 0.02988200 0.56664300
vt 0.03043800 0.56742400
vt 0.03620800 0.56607598
vt 0.03589400 0.56519502
vt 0.03620800 0.56607598
vt 0.03655400 0.56706899
vt 0.04223300 0.56655598
vt 0.04210500 0.56548297
vt 0.03589400 0.56519502
vt 0.03620800 0.56607598
vt 0.04210500 0.56548297
vt 0.04199600 0.56452602
vt 0.02942800 0.56602597
vt 0.02988200 0.56664300
vt 0.03589400 0.56519502
vt 0.03563900 0.56449199
vt 0.03563900 0.56449199
vt 0.03589400 0.56519502
vt 0.04199600 0.56452602
vt 0.04190500 0.56376302
vt 0.04190500 0.56376302
vt 0.04199600 0.56452602
vt 0.04812300 0.56448001
vt 0.04816100 0.56363398
vt 0.04199600 0.56452602
vt 0.04210500 0.56548297
vt 0.04803800 0.56552899
vt 0.04812300 0.56448001
vt 0.04812300 0.56448001
vt 0.04803800 0.56552899
vt 0.05380500 0.56600600
vt 0.05413400 0.56480300
vt 0.04210500 0.56548297
vt 0.04223300 0.56655598
vt 0.04797400 0.56668299
vt 0.04803800 0.56552899
vt 0.04190500 0.56376302
vt 0.04183300 0.56326097
vt 0.03546800 0.56402898
vt 0.03563900 0.56449199
vt 0.04816100 0.56363398
vt 0.04810600 0.56308401
vt 0.04183300 0.56326097
vt 0.04190500 0.56376302
vt 0.04183300 0.56326097
vt 0.04178700 0.56297600
vt 0.03537000 0.56376398
vt 0.03546800 0.56402898
vt 0.04810600 0.56308401
vt 0.04806900 0.56277698
vt 0.04178700 0.56297600
vt 0.04183300 0.56326097
vt 0.03546800 0.56402898
vt 0.03537000 0.56376398
vt 0.02895800 0.56538999
vt 0.02912700 0.56562102
vt 0.03563900 0.56449199
vt 0.03546800 0.56402898
vt 0.02912700 0.56562102
vt 0.02942800 0.56602597
vt 0.02942800 0.56602597
vt 0.02912700 0.56562102
vt 0.02301900 0.56807500
vt 0.02344500 0.56840098
vt 0.02912700 0.56562102
vt 0.02895800 0.56538999
vt 0.02278300 0.56789201
vt 0.02301900 0.56807500
vt 0.02895800 0.56538999
vt 0.02887200 0.56525302
vt 0.02266800 0.56778002
vt 0.02278300 0.56789201
vt 0.02278300 0.56789201
vt 0.02266800 0.56778002
vt 0.01698200 0.57107598
vt 0.01711800 0.57115698
vt 0.02301900 0.56807500
vt 0.02278300 0.56789201
vt 0.01711800 0.57115698
vt 0.01740500 0.57129103
vt 0.01711800 0.57115698
vt 0.01698200 0.57107598
vt 0.01208200 0.57501799
vt 0.01223000 0.57506901
vt 0.01740500 0.57129103
vt 0.01711800 0.57115698
vt 0.01223000 0.57506901
vt 0.01254800 0.57516301
vt 0.01793200 0.57153398
vt 0.01740500 0.57129103
vt 0.01254800 0.57516301
vt 0.01313600 0.57533902
vt 0.02344500 0.56840098
vt 0.02301900 0.56807500
vt 0.01740500 0.57129103
vt 0.01793200 0.57153398
vt 0.01793200 0.57153398
vt 0.01873300 0.57191300
vt 0.02409200 0.56890202
vt 0.02344500 0.56840098
vt 0.01313600 0.57533902
vt 0.01403500 0.57562000
vt 0.01873300 0.57191300
vt 0.01793200 0.57153398
vt 0.01403500 0.57562000
vt 0.01515800 0.57600802
vt 0.01972500 0.57241899
vt 0.01873300 0.57191300
vt 0.01873300 0.57191300
vt 0.01972500 0.57241899
vt 0.02488800 0.56954902
vt 0.02409200 0.56890202
vt 0.02344500 0.56840098
vt 0.02409200 0.56890202
vt 0.02988200 0.56664300
vt 0.02942800 0.56602597
vt 0.01223000 0.57506901
vt 0.01208200 0.57501799
vt 0.00818400 0.57960999
vt 0.00833500 0.57963902
vt 0.42320099 0.58196402
vt 0.42312199 0.58211899
vt 0.42833599 0.58594900
vt 0.42844200 0.58581698
vt 0.42844200 0.58581698
vt 0.42833599 0.58594900
vt 0.43208301 0.59056002
vt 0.43221101 0.59045500
vt 0.43221101 0.59045500
vt 0.43208301 0.59056002
vt 0.43449000 0.59576499
vt 0.43463600 0.59569103
vt 0.41684499 0.57905000
vt 0.41679400 0.57922000
vt 0.42312199 0.58211899
vt 0.42320099 0.58196402
vt 0.40985399 0.57722402
vt 0.40983501 0.57740402
vt 0.41679400 0.57922000
vt 0.41684499 0.57905000
vt 0.41664600 0.57950699
vt 0.41679400 0.57922000
vt 0.40983501 0.57740402
vt 0.40976599 0.57770699
vt 0.04223300 0.56655598
vt 0.03655400 0.56706899
vt 0.03726400 0.56922501
vt 0.04253700 0.56887001
vt 0.04791800 0.56913799
vt 0.04797400 0.56668299
vt 0.04223300 0.56655598
vt 0.04253700 0.56887001
vt 0.02739300 0.57209402
vt 0.02289200 0.57459497
vt 0.02381500 0.57548702
vt 0.02811900 0.57307899
vt 0.01535600 0.58740801
vt 0.01380500 0.59221601
vt 0.01492800 0.59241802
vt 0.01640900 0.58779901
vt 0.01537900 0.59726900
vt 0.01588100 0.59259599
vt 0.01492800 0.59241802
vt 0.01441600 0.59727198
vt 0.01588100 0.59259599
vt 0.01731200 0.58813697
vt 0.01640900 0.58779901
vt 0.01492800 0.59241802
vt 0.01664700 0.59726501
vt 0.01719200 0.59285998
vt 0.01588100 0.59259599
vt 0.01537900 0.59726900
vt 0.01719200 0.59285998
vt 0.01862200 0.58861703
vt 0.01731200 0.58813697
vt 0.01588100 0.59259599
vt 0.01949900 0.59340298
vt 0.02105700 0.58949202
vt 0.01862200 0.58861703
vt 0.01719200 0.59285998
vt 0.01875600 0.59725797
vt 0.01949900 0.59340298
vt 0.01719200 0.59285998
vt 0.01664700 0.59726501
vt 0.02307600 0.59465802
vt 0.02521800 0.59094602
vt 0.02105700 0.58949202
vt 0.01949900 0.59340298
vt 0.02129400 0.59724897
vt 0.02307600 0.59465802
vt 0.01949900 0.59340298
vt 0.01875600 0.59725797
vt 0.02129400 0.59724897
vt 0.02309200 0.59982902
vt 0.02776800 0.59722799
vt 0.02307600 0.59465802
vt 0.02307600 0.59465802
vt 0.02776800 0.59722799
vt 0.03173900 0.59315997
vt 0.02521800 0.59094602
vt 0.02624200 0.58694398
vt 0.02521800 0.59094602
vt 0.03173900 0.59315997
vt 0.03156000 0.58783400
vt 0.02521800 0.59094602
vt 0.02624200 0.58694398
vt 0.02272000 0.58571500
vt 0.02105700 0.58949202
vt 0.02624200 0.58694398
vt 0.02669500 0.58406597
vt 0.02484000 0.58258998
vt 0.02272000 0.58571500
vt 0.02669500 0.58406597
vt 0.02624200 0.58694398
vt 0.03156000 0.58783400
vt 0.02978500 0.58329898
vt 0.03747600 0.61457199
vt 0.04103500 0.61083102
vt 0.03748300 0.60710001
vt 0.03400700 0.61244798
vt 0.03851800 0.62116599
vt 0.03407900 0.62034398
vt 0.03375500 0.62112498
vt 0.03832100 0.62198400
vt 0.04325400 0.62009501
vt 0.03878400 0.62011099
vt 0.03851800 0.62116599
vt 0.04318500 0.62125099
vt 0.03746900 0.62517101
vt 0.04275000 0.62548101
vt 0.04289100 0.62427402
vt 0.03779300 0.62403202
vt 0.00938400 0.61474401
vt 0.00877300 0.61488003
vt 0.01268700 0.61940098
vt 0.01327500 0.61922097
vt 0.00877300 0.61488003
vt 0.00844300 0.61494797
vt 0.01237000 0.61949700
vt 0.01268700 0.61940098
vt 0.00590500 0.60957903
vt 0.00557700 0.60962498
vt 0.00844300 0.61494797
vt 0.00877300 0.61488003
vt 0.00651300 0.60948598
vt 0.00590500 0.60957903
vt 0.00877300 0.61488003
vt 0.00938400 0.61474401
vt 0.00416900 0.60361999
vt 0.00384600 0.60364199
vt 0.00557700 0.60962498
vt 0.00590500 0.60957903
vt 0.00476400 0.60357100
vt 0.00416900 0.60361999
vt 0.00590500 0.60957903
vt 0.00651300 0.60948598
vt 0.00418100 0.59730297
vt 0.00359300 0.59730500
vt 0.00416900 0.60361999
vt 0.00476400 0.60357100
vt 0.00359300 0.59730500
vt 0.00327200 0.59730601
vt 0.00384600 0.60364199
vt 0.00416900 0.60361999
vt 0.00384600 0.60364199
vt 0.00369300 0.60364902
vt 0.00542500 0.60964000
vt 0.00557700 0.60962498
vt 0.00472700 0.59103400
vt 0.00413200 0.59098899
vt 0.00359300 0.59730500
vt 0.00418100 0.59730297
vt 0.00476400 0.60357100
vt 0.00567900 0.60349202
vt 0.00508200 0.59730101
vt 0.00418100 0.59730297
vt 0.00651300 0.60948598
vt 0.00744700 0.60933501
vt 0.00567900 0.60349202
vt 0.00476400 0.60357100
vt 0.00744700 0.60933501
vt 0.00863200 0.60912001
vt 0.00684500 0.60337901
vt 0.00567900 0.60349202
vt 0.42378899 0.63251299
vt 0.42400900 0.63275701
vt 0.42910200 0.62873000
vt 0.42882901 0.62853801
vt 0.41759199 0.63560402
vt 0.41775000 0.63588703
vt 0.42400900 0.63275701
vt 0.42378899 0.63251299
vt 0.03040900 0.57666099
vt 0.03440700 0.57512498
vt 0.03391500 0.57407302
vt 0.02973900 0.57561302
vt 0.12454600 0.55883300
vt 0.12449500 0.55959499
vt 0.12842099 0.56014901
vt 0.12840199 0.55931801
vt 0.12840199 0.55931801
vt 0.12842099 0.56014901
vt 0.13235299 0.56052399
vt 0.13232800 0.55961698
vt 0.13232800 0.55961698
vt 0.13235299 0.56052399
vt 0.13631099 0.56080300
vt 0.13630800 0.55993700
vt 0.14355400 0.58197498
vt 0.13922700 0.58183402
vt 0.13922000 0.58203900
vt 0.14354800 0.58217901
vt 0.14354800 0.58217901
vt 0.13922000 0.58203900
vt 0.13918300 0.58315301
vt 0.14351401 0.58327001
vt 0.13922000 0.58203900
vt 0.13490200 0.58188403
vt 0.13486201 0.58298498
vt 0.13918300 0.58315301
vt 0.13922700 0.58183402
vt 0.13491000 0.58167899
vt 0.13490200 0.58188403
vt 0.13922000 0.58203900
vt 0.13914400 0.58438301
vt 0.14349499 0.58450800
vt 0.14351401 0.58327001
vt 0.13918300 0.58315301
vt 0.13480200 0.58423603
vt 0.13914400 0.58438301
vt 0.13918300 0.58315301
vt 0.13486201 0.58298498
vt 0.13486201 0.58298498
vt 0.13052100 0.58277798
vt 0.13044700 0.58405203
vt 0.13480200 0.58423603
vt 0.13039500 0.58514500
vt 0.13475201 0.58534098
vt 0.13480200 0.58423603
vt 0.13044700 0.58405203
vt 0.13475201 0.58534098
vt 0.13911000 0.58550501
vt 0.13914400 0.58438301
vt 0.13480200 0.58423603
vt 0.13038599 0.58535498
vt 0.13474400 0.58554798
vt 0.13475201 0.58534098
vt 0.13039500 0.58514500
vt 0.13474400 0.58554798
vt 0.13910399 0.58571303
vt 0.13911000 0.58550501
vt 0.13475201 0.58534098
vt 0.12598801 0.58516800
vt 0.13038599 0.58535498
vt 0.13039500 0.58514500
vt 0.12599801 0.58495599
vt 0.12599801 0.58495599
vt 0.13039500 0.58514500
vt 0.13044700 0.58405203
vt 0.12605900 0.58381200
vt 0.13038599 0.58535498
vt 0.12598801 0.58516800
vt 0.12584600 0.58816200
vt 0.13025600 0.58838701
vt 0.12598801 0.58516800
vt 0.12151300 0.58492202
vt 0.12135600 0.58797598
vt 0.12584600 0.58816200
vt 0.12151300 0.58492202
vt 0.12598801 0.58516800
vt 0.12599801 0.58495599
vt 0.12152700 0.58470601
vt 0.12584600 0.58816200
vt 0.12135600 0.58797598
vt 0.12134600 0.58819300
vt 0.12583700 0.58837700
vt 0.12152700 0.58470601
vt 0.12599801 0.58495599
vt 0.12605900 0.58381200
vt 0.12161200 0.58355701
vt 0.11180100 0.58822101
vt 0.11172900 0.59052598
vt 0.11307400 0.58982199
vt 0.11319300 0.58916301
vt 0.11172900 0.59052598
vt 0.11656200 0.59168798
vt 0.11666900 0.59054601
vt 0.11307400 0.58982199
vt 0.50289500 0.43997300
vt 0.50289500 0.43930301
vt 0.50269598 0.43869200
vt 0.50232601 0.43823400
vt 0.50184399 0.43799800
vt 0.50132197 0.43801999
vt 0.50084001 0.43829700
vt 0.50047100 0.43878701
vt 0.50027102 0.43941501
vt 0.50027102 0.44008499
vt 0.50046998 0.44069600
vt 0.50083899 0.44115400
vt 0.50132102 0.44139001
vt 0.50184298 0.44136700
vt 0.50232601 0.44109100
vt 0.50269502 0.44060099
vt 0.52098399 0.43910301
vt 0.52042401 0.43928400
vt 0.52042401 0.44135401
vt 0.52098501 0.44117299
vt 0.52042401 0.43928400
vt 0.51976502 0.43932000
vt 0.51976597 0.44139001
vt 0.52042401 0.44135401
vt 0.51976502 0.43932000
vt 0.51911002 0.43920600
vt 0.51911098 0.44127601
vt 0.51976597 0.44139001
vt 0.20240501 0.17829899
vt 0.20203499 0.17878900
vt 0.20155300 0.17906600
vt 0.20103200 0.17908899
vt 0.20054901 0.17885301
vt 0.20017999 0.17839400
vt 0.19998100 0.17778400
vt 0.19998100 0.17711399
vt 0.20018101 0.17648600
vt 0.20055000 0.17599601
vt 0.20103200 0.17571899
vt 0.20155400 0.17569600
vt 0.20203599 0.17593201
vt 0.20240501 0.17639101
vt 0.20260499 0.17700100
vt 0.20260499 0.17767200
vt 0.51911002 0.43920600
vt 0.51855701 0.43895900
vt 0.51855701 0.44103000
vt 0.51911098 0.44127601
vt 0.51374900 0.01256500
vt 0.51314002 0.01264800
vt 0.51314002 0.01018000
vt 0.51374900 0.01009700
vt 0.51314002 0.01264800
vt 0.51246899 0.01266300
vt 0.51247001 0.01019500
vt 0.51314002 0.01018000
vt 0.51246899 0.01266300
vt 0.51183897 0.01260900
vt 0.51183897 0.01014100
vt 0.51247001 0.01019500
vt 0.51183897 0.01260900
vt 0.51134503 0.01249400
vt 0.51134503 0.01002600
vt 0.51183897 0.01014100
vt 0.51855803 0.20943600
vt 0.51911801 0.20925599
vt 0.51911801 0.21132600
vt 0.51855803 0.21150599
vt 0.51911801 0.20925599
vt 0.51977599 0.20922001
vt 0.51977599 0.21129000
vt 0.51911801 0.21132600
vt 0.51977599 0.20922001
vt 0.52043200 0.20933300
vt 0.52043200 0.21140400
vt 0.51977599 0.21129000
vt 0.52043200 0.20933300
vt 0.52098501 0.20958000
vt 0.52098501 0.21165000
vt 0.52043200 0.21140400
vt 0.50953603 0.47930601
vt 0.51014501 0.47922501
vt 0.51014501 0.47675601
vt 0.50953603 0.47683901
vt 0.51014501 0.47922501
vt 0.51081502 0.47920901
vt 0.51081502 0.47674099
vt 0.51014501 0.47675601
vt 0.51081502 0.47920901
vt 0.51144600 0.47926301
vt 0.51144499 0.47679499
vt 0.51081502 0.47674099
vt 0.51144600 0.47926301
vt 0.51194000 0.47937801
vt 0.51194000 0.47691000
vt 0.51144499 0.47679499
vt 0.21526800 0.51869798
vt 0.21470800 0.51887798
vt 0.21470800 0.52094901
vt 0.21526800 0.52076900
vt 0.20803200 0.13063800
vt 0.20803200 0.12996800
vt 0.20783301 0.12935700
vt 0.20746399 0.12889899
vt 0.20698100 0.12866300
vt 0.20645900 0.12868600
vt 0.20597699 0.12896299
vt 0.20560800 0.12945201
vt 0.20540801 0.13008000
vt 0.20540801 0.13075000
vt 0.20560700 0.13136099
vt 0.20597599 0.13181899
vt 0.20645800 0.13205500
vt 0.20698000 0.13203301
vt 0.20746300 0.13175599
vt 0.20783199 0.13126600
vt 0.21470800 0.51887798
vt 0.21404999 0.51891398
vt 0.21404999 0.52098501
vt 0.21470800 0.52094901
vt 0.50269502 0.45507199
vt 0.50232601 0.45556200
vt 0.50184399 0.45583901
vt 0.50132102 0.45586199
vt 0.50084001 0.45562601
vt 0.50046998 0.45516801
vt 0.50027102 0.45455700
vt 0.50027102 0.45388699
vt 0.50047100 0.45325899
vt 0.50084001 0.45276901
vt 0.50132197 0.45249200
vt 0.50184399 0.45247000
vt 0.50232702 0.45270601
vt 0.50269598 0.45316401
vt 0.50289500 0.45377401
vt 0.50289500 0.45444500
vt 0.21404999 0.51891398
vt 0.21339400 0.51880097
vt 0.21339400 0.52087098
vt 0.21404999 0.52098501
vt 0.21339400 0.51880097
vt 0.21284100 0.51855397
vt 0.21284100 0.52062398
vt 0.21339400 0.52087098
vt 0.51374900 0.46300000
vt 0.51314002 0.46308300
vt 0.51314002 0.46061400
vt 0.51374900 0.46053201
vt 0.51314002 0.46308300
vt 0.51246899 0.46309799
vt 0.51247001 0.46062899
vt 0.51314002 0.46061400
vt 0.51246899 0.46309799
vt 0.51183897 0.46304399
vt 0.51183897 0.46057600
vt 0.51247001 0.46062899
vt 0.51183897 0.46304399
vt 0.51134503 0.46292901
vt 0.51134503 0.46046099
vt 0.51183897 0.46057600
vt 0.22731300 0.51876998
vt 0.22787300 0.51858997
vt 0.22787300 0.52065998
vt 0.22731300 0.52083999
vt 0.22787300 0.51858997
vt 0.22853200 0.51855397
vt 0.22853100 0.52062398
vt 0.22787300 0.52065998
vt 0.22853200 0.51855397
vt 0.22918700 0.51866800
vt 0.22918700 0.52073801
vt 0.22853100 0.52062398
vt 0.22918700 0.51866800
vt 0.22973999 0.51891398
vt 0.22973999 0.52098501
vt 0.22918700 0.52073801
vt 0.04824700 0.51548600
vt 0.04885600 0.51540399
vt 0.04885600 0.51293600
vt 0.04824700 0.51301700
vt 0.04885600 0.51540399
vt 0.04952700 0.51538903
vt 0.04952700 0.51292098
vt 0.04885600 0.51293600
vt 0.04952700 0.51538903
vt 0.05015700 0.51544303
vt 0.05015700 0.51297402
vt 0.04952700 0.51292098
vt 0.05015700 0.51544303
vt 0.05065100 0.51555800
vt 0.05065100 0.51308900
vt 0.05015700 0.51297402
vt 0.22250400 0.52231598
vt 0.22194301 0.52249700
vt 0.22194400 0.52456701
vt 0.22250400 0.52438599
vt 0.50470400 0.46168101
vt 0.50470400 0.46101001
vt 0.50450402 0.46039999
vt 0.50413603 0.45994201
vt 0.50365299 0.45970601
vt 0.50313199 0.45972800
vt 0.50264901 0.46000499
vt 0.50228000 0.46049500
vt 0.50208002 0.46112299
vt 0.50208002 0.46179301
vt 0.50227898 0.46240401
vt 0.50264800 0.46286201
vt 0.50313002 0.46309799
vt 0.50365198 0.46307600
vt 0.50413501 0.46279800
vt 0.50450402 0.46230900
vt 0.22194301 0.52249700
vt 0.22128500 0.52253199
vt 0.22128600 0.52460301
vt 0.22194400 0.52456701
vt 0.50269502 0.49306101
vt 0.50232601 0.49355099
vt 0.50184298 0.49382800
vt 0.50132102 0.49384999
vt 0.50083899 0.49361399
vt 0.50046998 0.49315599
vt 0.50027102 0.49254599
vt 0.50027102 0.49187499
vt 0.50047100 0.49124801
vt 0.50084001 0.49075800
vt 0.50132197 0.49048099
vt 0.50184399 0.49045900
vt 0.50232601 0.49069399
vt 0.50269598 0.49115300
vt 0.50289500 0.49176401
vt 0.50289500 0.49243400
vt 0.22128500 0.52253199
vt 0.22063001 0.52241898
vt 0.22063001 0.52448899
vt 0.22128600 0.52460301
vt 0.22063001 0.52241898
vt 0.22007599 0.52217197
vt 0.22007699 0.52424300
vt 0.22063001 0.52448899
vt 0.48661399 0.26220399
vt 0.48600501 0.26228601
vt 0.48600501 0.25981799
vt 0.48661399 0.25973499
vt 0.48600501 0.26228601
vt 0.48533499 0.26230100
vt 0.48533499 0.25983301
vt 0.48600501 0.25981799
vt 0.48533499 0.26230100
vt 0.48470399 0.26224700
vt 0.48470399 0.25977901
vt 0.48533499 0.25983301
vt 0.48470399 0.26224700
vt 0.48421001 0.26213199
vt 0.48421001 0.25966400
vt 0.48470399 0.25977901
vt 0.51674801 0.45545599
vt 0.51730901 0.45527601
vt 0.51730901 0.45734599
vt 0.51674801 0.45752701
vt 0.51730901 0.45527601
vt 0.51796699 0.45524001
vt 0.51796699 0.45730999
vt 0.51730901 0.45734599
vt 0.51796699 0.45524001
vt 0.51862198 0.45535401
vt 0.51862198 0.45742401
vt 0.51796699 0.45730999
vt 0.51862198 0.45535401
vt 0.51917601 0.45560101
vt 0.51917601 0.45767099
vt 0.51862198 0.45742401
vt 0.50049198 0.07952400
vt 0.50110000 0.07944100
vt 0.50110000 0.07697300
vt 0.50049102 0.07705500
vt 0.50110000 0.07944100
vt 0.50177097 0.07942600
vt 0.50177002 0.07695800
vt 0.50110000 0.07697300
vt 0.50177097 0.07942600
vt 0.50240099 0.07948000
vt 0.50240099 0.07701200
vt 0.50177002 0.07695800
vt 0.50240099 0.07948000
vt 0.50289500 0.07959500
vt 0.50289500 0.07712700
vt 0.50240099 0.07701200
vt 0.51917601 0.42101401
vt 0.51861501 0.42119399
vt 0.51861501 0.42326400
vt 0.51917601 0.42308399
vt 0.07055000 0.01848100
vt 0.07055000 0.01781100
vt 0.07035000 0.01720000
vt 0.06998100 0.01674200
vt 0.06949800 0.01650600
vt 0.06897700 0.01652900
vt 0.06849500 0.01680600
vt 0.06812600 0.01729600
vt 0.06792600 0.01792400
vt 0.06792600 0.01859400
vt 0.06812600 0.01920500
vt 0.06849500 0.01966300
vt 0.06897700 0.01989900
vt 0.06949900 0.01987600
vt 0.06998200 0.01959800
vt 0.07035000 0.01910800
vt 0.51861501 0.42119399
vt 0.51795697 0.42122999
vt 0.51795697 0.42330000
vt 0.51861501 0.42326400
vt 0.24582100 0.23799500
vt 0.24545200 0.23848499
vt 0.24496900 0.23876201
vt 0.24444801 0.23878500
vt 0.24396500 0.23854899
vt 0.24359600 0.23809101
vt 0.24339700 0.23748000
vt 0.24339700 0.23681000
vt 0.24359600 0.23618200
vt 0.24396500 0.23569199
vt 0.24444801 0.23541500
vt 0.24496999 0.23539300
vt 0.24545200 0.23562799
vt 0.24582100 0.23608600
vt 0.24602100 0.23669700
vt 0.24602100 0.23736700
vt 0.51795697 0.42122999
vt 0.51730198 0.42111599
vt 0.51730102 0.42318600
vt 0.51795697 0.42330000
vt 0.51730198 0.42111599
vt 0.51674902 0.42086899
vt 0.51674902 0.42293900
vt 0.51730102 0.42318600
vt 0.51374900 0.22421600
vt 0.51314002 0.22429800
vt 0.51314002 0.22182900
vt 0.51374900 0.22174700
vt 0.51314002 0.22429800
vt 0.51247001 0.22431301
vt 0.51246899 0.22184400
vt 0.51314002 0.22182900
vt 0.51247001 0.22431301
vt 0.51183897 0.22425900
vt 0.51183897 0.22179100
vt 0.51246899 0.22184400
vt 0.51183897 0.22425900
vt 0.51134503 0.22414400
vt 0.51134503 0.22167601
vt 0.51183897 0.22179100
vt 0.23454800 0.51876998
vt 0.23510900 0.51858997
vt 0.23510900 0.52065998
vt 0.23454800 0.52083999
vt 0.23510900 0.51858997
vt 0.23576701 0.51855397
vt 0.23576701 0.52062398
vt 0.23510900 0.52065998
vt 0.23576701 0.51855397
vt 0.23642200 0.51866800
vt 0.23642300 0.52073801
vt 0.23576701 0.52062398
vt 0.23642200 0.51866800
vt 0.23697600 0.51891398
vt 0.23697600 0.52098501
vt 0.23642300 0.52073801
vt 0.31416699 0.26222900
vt 0.31477499 0.26214701
vt 0.31477499 0.25967899
vt 0.31416601 0.25976101
vt 0.31477499 0.26214701
vt 0.31544599 0.26213199
vt 0.31544599 0.25966400
vt 0.31477499 0.25967899
vt 0.31544599 0.26213199
vt 0.31607601 0.26218599
vt 0.31607601 0.25971800
vt 0.31544599 0.25966400
vt 0.31607601 0.26218599
vt 0.31657100 0.26230100
vt 0.31657100 0.25983301
vt 0.31607601 0.25971800
vt 0.19356000 0.52412498
vt 0.19300000 0.52430600
vt 0.19300000 0.52637601
vt 0.19356000 0.52619499
vt 0.50470400 0.46891701
vt 0.50470400 0.46824601
vt 0.50450402 0.46763599
vt 0.50413603 0.46717799
vt 0.50365299 0.46694201
vt 0.50313199 0.46696401
vt 0.50264901 0.46724200
vt 0.50228000 0.46773100
vt 0.50208002 0.46835899
vt 0.50208002 0.46902901
vt 0.50227898 0.46963999
vt 0.50264800 0.47009799
vt 0.50313002 0.47033301
vt 0.50365198 0.47031200
vt 0.50413501 0.47003400
vt 0.50450402 0.46954501
vt 0.19300000 0.52430600
vt 0.19234100 0.52434099
vt 0.19234200 0.52641201
vt 0.19300000 0.52637601
vt 0.01969900 0.04624300
vt 0.01933000 0.04673300
vt 0.01884800 0.04701000
vt 0.01832600 0.04703300
vt 0.01784400 0.04679700
vt 0.01747500 0.04633900
vt 0.01727400 0.04572900
vt 0.01727500 0.04505800
vt 0.01747400 0.04443100
vt 0.01784300 0.04394100
vt 0.01832600 0.04366300
vt 0.01884700 0.04364100
vt 0.01933000 0.04387700
vt 0.01969900 0.04433500
vt 0.01989900 0.04494500
vt 0.01989900 0.04561500
vt 0.19234100 0.52434099
vt 0.19168600 0.52422702
vt 0.19168700 0.52629799
vt 0.19234200 0.52641201
vt 0.19168600 0.52422702
vt 0.19113301 0.52398098
vt 0.19113301 0.52605200
vt 0.19168700 0.52629799
vt 0.51013100 0.48832601
vt 0.50952202 0.48840699
vt 0.50952202 0.48594001
vt 0.51013100 0.48585701
vt 0.50952202 0.48840699
vt 0.50885201 0.48842299
vt 0.50885099 0.48595500
vt 0.50952202 0.48594001
vt 0.50885201 0.48842299
vt 0.50822097 0.48836899
vt 0.50822097 0.48590100
vt 0.50885099 0.48595500
vt 0.50822097 0.48836899
vt 0.50772703 0.48825401
vt 0.50772703 0.48578599
vt 0.50822097 0.48590100
vt 0.25625601 0.52057898
vt 0.25681701 0.52039897
vt 0.25681701 0.52247000
vt 0.25625601 0.52265000
vt 0.25681701 0.52039897
vt 0.25747499 0.52036297
vt 0.25747499 0.52243400
vt 0.25681701 0.52247000
vt 0.25747499 0.52036297
vt 0.25813001 0.52047700
vt 0.25813001 0.52254701
vt 0.25747499 0.52243400
vt 0.25813001 0.52047700
vt 0.25868300 0.52072400
vt 0.25868300 0.52279401
vt 0.25813001 0.52254701
vt 0.50953603 0.45398101
vt 0.51014501 0.45389900
vt 0.51014400 0.45143101
vt 0.50953603 0.45151299
vt 0.51014501 0.45389900
vt 0.51081598 0.45388401
vt 0.51081502 0.45141500
vt 0.51014400 0.45143101
vt 0.51081598 0.45388401
vt 0.51144600 0.45393699
vt 0.51144600 0.45146900
vt 0.51081502 0.45141500
vt 0.51144600 0.45393699
vt 0.51194000 0.45405301
vt 0.51194000 0.45158499
vt 0.51144600 0.45146900
vt 0.51917499 0.43005800
vt 0.51861501 0.43023801
vt 0.51861501 0.43230900
vt 0.51917601 0.43212900
vt 0.50470299 0.44720900
vt 0.50470400 0.44653901
vt 0.50450498 0.44592801
vt 0.50413603 0.44547001
vt 0.50365400 0.44523400
vt 0.50313199 0.44525599
vt 0.50264901 0.44553301
vt 0.50228000 0.44602299
vt 0.50207901 0.44665000
vt 0.50207901 0.44732100
vt 0.50227797 0.44793099
vt 0.50264698 0.44838899
vt 0.50312901 0.44862601
vt 0.50365102 0.44860300
vt 0.50413400 0.44832700
vt 0.50450301 0.44783700
vt 0.51861501 0.43023801
vt 0.51795602 0.43027499
vt 0.51795697 0.43234500
vt 0.51861501 0.43230900
vt 0.09567500 0.29045600
vt 0.09530600 0.29094601
vt 0.09482300 0.29122299
vt 0.09430100 0.29124501
vt 0.09381900 0.29100901
vt 0.09345000 0.29055101
vt 0.09325100 0.28994000
vt 0.09325200 0.28927001
vt 0.09345200 0.28864199
vt 0.09382100 0.28815201
vt 0.09430400 0.28787601
vt 0.09482500 0.28785300
vt 0.09530700 0.28808999
vt 0.09567700 0.28854701
vt 0.09587600 0.28915799
vt 0.09587600 0.28982800
vt 0.51795602 0.43027499
vt 0.51730102 0.43016100
vt 0.51730198 0.43223101
vt 0.51795697 0.43234500
vt 0.51730102 0.43016100
vt 0.51674801 0.42991400
vt 0.51674801 0.43198499
vt 0.51730198 0.43223101
vt 0.22431301 0.51546001
vt 0.22370400 0.51554298
vt 0.22370400 0.51307398
vt 0.22431301 0.51299202
vt 0.22370400 0.51554298
vt 0.22303399 0.51555800
vt 0.22303399 0.51309001
vt 0.22370400 0.51307398
vt 0.22303399 0.51555800
vt 0.22240300 0.51550400
vt 0.22240300 0.51303601
vt 0.22303399 0.51309001
vt 0.22240300 0.51550400
vt 0.22190900 0.51538903
vt 0.22190900 0.51292098
vt 0.22240300 0.51303601
vt 0.52036703 0.22933400
vt 0.52092701 0.22915401
vt 0.52092701 0.23122400
vt 0.52036703 0.23140401
vt 0.52092701 0.22915401
vt 0.52158499 0.22911800
vt 0.52158499 0.23118900
vt 0.52092701 0.23122400
vt 0.52158499 0.22911800
vt 0.52224100 0.22923200
vt 0.52224100 0.23130199
vt 0.52158499 0.23118900
vt 0.52224100 0.22923200
vt 0.52279401 0.22947800
vt 0.52279401 0.23154899
vt 0.52224100 0.23130199
vt 0.26170599 0.51367700
vt 0.26231501 0.51359499
vt 0.26231501 0.51112700
vt 0.26170599 0.51120901
vt 0.26231501 0.51359499
vt 0.26298600 0.51358002
vt 0.26298600 0.51111197
vt 0.26231501 0.51112700
vt 0.26298600 0.51358002
vt 0.26361600 0.51363403
vt 0.26361600 0.51116598
vt 0.26298600 0.51111197
vt 0.26361600 0.51363403
vt 0.26411000 0.51374900
vt 0.26411000 0.51128000
vt 0.26361600 0.51116598
vt 0.83686697 0.42276499
vt 0.83583897 0.42484400
vt 0.83842099 0.42598200
vt 0.83933699 0.42415899
vt 0.83503401 0.42699900
vt 0.83768898 0.42787901
vt 0.83842099 0.42598200
vt 0.83583897 0.42484400
vt 0.83714598 0.42983299
vt 0.83768898 0.42787901
vt 0.83503401 0.42699900
vt 0.83440000 0.42920601
vt 0.83679700 0.43183300
vt 0.83714598 0.42983299
vt 0.83440000 0.42920601
vt 0.83399701 0.43148100
vt 0.83664501 0.43385801
vt 0.83679700 0.43183300
vt 0.83399701 0.43148100
vt 0.83383298 0.43378499
vt 0.83669198 0.43588501
vt 0.83664501 0.43385801
vt 0.83383298 0.43378499
vt 0.83390898 0.43607801
vt 0.83693600 0.43789899
vt 0.83669198 0.43588501
vt 0.83390898 0.43607801
vt 0.83415997 0.43835899
vt 0.83737701 0.43988499
vt 0.83693600 0.43789899
vt 0.83415997 0.43835899
vt 0.83464903 0.44062200
vt 0.83415997 0.43835899
vt 0.83390898 0.43607801
vt 0.83294302 0.43613601
vt 0.83317202 0.43851200
vt 0.83366901 0.44088700
vt 0.83464903 0.44062200
vt 0.83415997 0.43835899
vt 0.83317202 0.43851200
vt 0.83536899 0.44282600
vt 0.83464903 0.44062200
vt 0.83366901 0.44088700
vt 0.83442497 0.44319499
vt 0.83801198 0.44182199
vt 0.83737701 0.43988499
vt 0.83464903 0.44062200
vt 0.83536899 0.44282600
vt 0.83883399 0.44368801
vt 0.83801198 0.44182199
vt 0.83536899 0.44282600
vt 0.83631200 0.44493100
vt 0.83442497 0.44319499
vt 0.83542401 0.44537300
vt 0.83631200 0.44493100
vt 0.83536899 0.44282600
vt 0.83542401 0.44537300
vt 0.83653998 0.44750100
vt 0.83741802 0.44696400
vt 0.83631200 0.44493100
vt 0.83983201 0.44547400
vt 0.83883399 0.44368801
vt 0.83631200 0.44493100
vt 0.83741802 0.44696400
vt 0.83411902 0.44338199
vt 0.83523601 0.44548699
vt 0.83542401 0.44537300
vt 0.83442497 0.44319499
vt 0.83523601 0.44548699
vt 0.83622998 0.44768599
vt 0.83653998 0.44750100
vt 0.83542401 0.44537300
vt 0.83790898 0.44952801
vt 0.83873701 0.44888899
vt 0.83741802 0.44696400
vt 0.83653998 0.44750100
vt 0.83790898 0.44952801
vt 0.83653998 0.44750100
vt 0.83622998 0.44768599
vt 0.83766103 0.44976300
vt 0.83949500 0.45139399
vt 0.83790898 0.44952801
vt 0.83766103 0.44976300
vt 0.83927798 0.45169801
vt 0.84025300 0.45066801
vt 0.83873701 0.44888899
vt 0.83790898 0.44952801
vt 0.83949500 0.45139399
vt 0.84233302 0.44872001
vt 0.84100097 0.44715801
vt 0.83873701 0.44888899
vt 0.84025300 0.45066801
vt 0.84100097 0.44715801
vt 0.83983201 0.44547400
vt 0.83741802 0.44696400
vt 0.83873701 0.44888899
vt 0.84381199 0.45014501
vt 0.84233302 0.44872001
vt 0.84025300 0.45066801
vt 0.84193802 0.45226899
vt 0.84542400 0.45142499
vt 0.84381199 0.45014501
vt 0.84193802 0.45226899
vt 0.84374899 0.45373699
vt 0.84126002 0.45304599
vt 0.84193802 0.45226899
vt 0.84025300 0.45066801
vt 0.83949500 0.45139399
vt 0.84374899 0.45373699
vt 0.84193802 0.45226899
vt 0.84126002 0.45304599
vt 0.84311700 0.45460200
vt 0.84517199 0.45596501
vt 0.84571803 0.45502201
vt 0.84374899 0.45373699
vt 0.84311700 0.45460200
vt 0.84715700 0.45254201
vt 0.84542400 0.45142499
vt 0.84374899 0.45373699
vt 0.84571803 0.45502201
vt 0.84781200 0.45609301
vt 0.84571803 0.45502201
vt 0.84517199 0.45596501
vt 0.84736800 0.45708999
vt 0.84899402 0.45348099
vt 0.84715700 0.45254201
vt 0.84571803 0.45502201
vt 0.84781200 0.45609301
vt 0.85091501 0.45423400
vt 0.84899402 0.45348099
vt 0.84781200 0.45609301
vt 0.85000002 0.45692900
vt 0.85289901 0.45479700
vt 0.85091501 0.45423400
vt 0.85000002 0.45692900
vt 0.85224599 0.45758599
vt 0.85492998 0.45515901
vt 0.85289901 0.45479700
vt 0.85224599 0.45758599
vt 0.85456300 0.45800599
vt 0.85698700 0.45531401
vt 0.85492998 0.45515901
vt 0.85456300 0.45800599
vt 0.85690999 0.45817599
vt 0.85904801 0.45526499
vt 0.85698700 0.45531401
vt 0.85690999 0.45817599
vt 0.85924798 0.45810300
vt 0.86109400 0.45501700
vt 0.85904801 0.45526499
vt 0.85924798 0.45810300
vt 0.86157000 0.45783901
vt 0.86310601 0.45456499
vt 0.86109400 0.45501700
vt 0.86157000 0.45783901
vt 0.86386800 0.45732999
vt 0.86506200 0.45391199
vt 0.86310601 0.45456499
vt 0.86386800 0.45732999
vt 0.86609900 0.45657900
vt 0.86694300 0.45306799
vt 0.86506200 0.45391199
vt 0.86609900 0.45657900
vt 0.86822802 0.45560399
vt 0.86873102 0.45204899
vt 0.86694300 0.45306799
vt 0.86822802 0.45560399
vt 0.87026399 0.45445901
vt 0.86652601 0.45767900
vt 0.86874098 0.45664200
vt 0.86822802 0.45560399
vt 0.86609900 0.45657900
vt 0.86874098 0.45664200
vt 0.87088901 0.45547700
vt 0.87026399 0.45445901
vt 0.86822802 0.45560399
vt 0.87040800 0.45085400
vt 0.86873102 0.45204899
vt 0.87026399 0.45445901
vt 0.87217897 0.45310000
vt 0.87291801 0.45405501
vt 0.87217897 0.45310000
vt 0.87026399 0.45445901
vt 0.87088901 0.45547700
vt 0.86884201 0.45684999
vt 0.87104601 0.45582500
vt 0.87088901 0.45547700
vt 0.86874098 0.45664200
vt 0.87291801 0.45405501
vt 0.87088901 0.45547700
vt 0.87104601 0.45582500
vt 0.87311703 0.45434201
vt 0.87393802 0.45154700
vt 0.87217897 0.45310000
vt 0.87291801 0.45405501
vt 0.87477499 0.45241600
vt 0.87477499 0.45241600
vt 0.87291801 0.45405501
vt 0.87311703 0.45434201
vt 0.87505001 0.45266899
vt 0.87104601 0.45582500
vt 0.87194699 0.45612001
vt 0.87350202 0.45489499
vt 0.87311703 0.45434201
vt 0.87311703 0.45434201
vt 0.87350202 0.45489499
vt 0.87505901 0.45365801
vt 0.87505001 0.45266899
vt 0.87641001 0.45060399
vt 0.87477499 0.45241600
vt 0.87505001 0.45266899
vt 0.87657899 0.45075801
vt 0.87597698 0.45223999
vt 0.87684900 0.45098701
vt 0.87657899 0.45075801
vt 0.87505001 0.45266899
vt 0.87592798 0.45300800
vt 0.87597698 0.45223999
vt 0.87505001 0.45266899
vt 0.87505901 0.45365801
vt 0.87647200 0.45205900
vt 0.87713498 0.45123401
vt 0.87684900 0.45098701
vt 0.87597698 0.45223999
vt 0.87654799 0.45243701
vt 0.87647200 0.45205900
vt 0.87597698 0.45223999
vt 0.87592798 0.45300800
vt 0.87686998 0.45246699
vt 0.87654799 0.45243701
vt 0.87592798 0.45300800
vt 0.87662101 0.45291501
vt 0.87662101 0.45291501
vt 0.87592798 0.45300800
vt 0.87505901 0.45365801
vt 0.87597698 0.45374101
vt 0.87713498 0.45123401
vt 0.87647200 0.45205900
vt 0.87654799 0.45243701
vt 0.87686998 0.45246699
vt 0.87761700 0.45170000
vt 0.87824601 0.45083699
vt 0.87819397 0.45049500
vt 0.87783200 0.45045701
vt 0.87761700 0.45170000
vt 0.87686998 0.45246699
vt 0.87662101 0.45291501
vt 0.87776297 0.45186299
vt 0.87824601 0.45083699
vt 0.87761700 0.45170000
vt 0.87776297 0.45186299
vt 0.87861699 0.45055199
vt 0.87776297 0.45186299
vt 0.87662101 0.45291501
vt 0.87597698 0.45374101
vt 0.87785500 0.45199099
vt 0.87861699 0.45055199
vt 0.87776297 0.45186299
vt 0.87785500 0.45199099
vt 0.87927002 0.44984001
vt 0.87819397 0.45049500
vt 0.87824601 0.45083699
vt 0.87861699 0.45055199
vt 0.87863600 0.44981101
vt 0.87863600 0.44981101
vt 0.87861699 0.45055199
vt 0.87927002 0.44984001
vt 0.87911302 0.44887200
vt 0.87785500 0.45199099
vt 0.87804699 0.45221499
vt 0.87962198 0.45009100
vt 0.87927002 0.44984001
vt 0.87927002 0.44984001
vt 0.87962198 0.45009100
vt 0.88102400 0.44778401
vt 0.88062102 0.44750899
vt 0.87911302 0.44887200
vt 0.87927002 0.44984001
vt 0.88062102 0.44750899
vt 0.88006800 0.44714999
vt 0.87820202 0.44896200
vt 0.87911302 0.44887200
vt 0.88006800 0.44714999
vt 0.87952799 0.44680700
vt 0.87792897 0.44994301
vt 0.87863600 0.44981101
vt 0.87911302 0.44887200
vt 0.87820202 0.44896200
vt 0.87684900 0.45098701
vt 0.87792897 0.44994301
vt 0.87820202 0.44896200
vt 0.87657899 0.45075801
vt 0.87793201 0.44870800
vt 0.87641001 0.45060399
vt 0.87657899 0.45075801
vt 0.87820202 0.44896200
vt 0.87924600 0.44662800
vt 0.87793201 0.44870800
vt 0.87820202 0.44896200
vt 0.87952799 0.44680700
vt 0.88032198 0.44442099
vt 0.87924600 0.44662800
vt 0.87952799 0.44680700
vt 0.88066298 0.44454101
vt 0.87952799 0.44680700
vt 0.88006800 0.44714999
vt 0.88102502 0.44542101
vt 0.88066298 0.44454101
vt 0.88158101 0.44450000
vt 0.88135099 0.44379300
vt 0.88066298 0.44454101
vt 0.88102502 0.44542101
vt 0.88135099 0.44379300
vt 0.88168103 0.44231901
vt 0.88134700 0.44221500
vt 0.88066298 0.44454101
vt 0.88066298 0.44454101
vt 0.88134700 0.44221500
vt 0.88113397 0.44214401
vt 0.88032198 0.44442099
vt 0.87920803 0.44394401
vt 0.87818402 0.44603100
vt 0.87924600 0.44662800
vt 0.88032198 0.44442099
vt 0.88032198 0.44442099
vt 0.88113397 0.44214401
vt 0.88000703 0.44178000
vt 0.87920803 0.44394401
vt 0.88134700 0.44221500
vt 0.88215297 0.43994501
vt 0.88181603 0.43983099
vt 0.88113397 0.44214401
vt 0.88113397 0.44214401
vt 0.88181603 0.43983099
vt 0.88063699 0.43956599
vt 0.88000703 0.44178000
vt 0.87734902 0.44090399
vt 0.87661999 0.44281101
vt 0.87920803 0.44394401
vt 0.88000703 0.44178000
vt 0.87789297 0.43894401
vt 0.87734902 0.44090399
vt 0.88000703 0.44178000
vt 0.88063699 0.43956599
vt 0.88224298 0.43742701
vt 0.88103902 0.43729299
vt 0.88063699 0.43956599
vt 0.88181603 0.43983099
vt 0.87824303 0.43694299
vt 0.87789297 0.43894401
vt 0.88063699 0.43956599
vt 0.88103902 0.43729299
vt 0.87839502 0.43491900
vt 0.87824303 0.43694299
vt 0.88103902 0.43729299
vt 0.88120401 0.43499401
vt 0.87834901 0.43289301
vt 0.87839502 0.43491900
vt 0.88120401 0.43499401
vt 0.88113302 0.43270299
vt 0.87810802 0.43088299
vt 0.87834901 0.43289301
vt 0.88113302 0.43270299
vt 0.88087797 0.43042201
vt 0.88087797 0.43042201
vt 0.88113302 0.43270299
vt 0.88230097 0.43259001
vt 0.88205701 0.43019801
vt 0.88230097 0.43259001
vt 0.88113302 0.43270299
vt 0.88120401 0.43499401
vt 0.88240802 0.43499401
vt 0.88154399 0.42781600
vt 0.88039201 0.42816600
vt 0.88087797 0.43042201
vt 0.88205701 0.43019801
vt 0.87766802 0.42890099
vt 0.87810802 0.43088299
vt 0.88087797 0.43042201
vt 0.88039201 0.42816600
vt 0.87967300 0.42596900
vt 0.88039201 0.42816600
vt 0.88154399 0.42781600
vt 0.88077599 0.42550299
vt 0.87703598 0.42696899
vt 0.87766802 0.42890099
vt 0.88039201 0.42816600
vt 0.87967300 0.42596900
vt 0.87703598 0.42696899
vt 0.87967300 0.42596900
vt 0.87873501 0.42386201
vt 0.87621599 0.42510501
vt 0.87873501 0.42386201
vt 0.87762398 0.42183101
vt 0.87521398 0.42332500
vt 0.87621599 0.42510501
vt 0.87762398 0.42183101
vt 0.87630099 0.41990501
vt 0.87403703 0.42164400
vt 0.87521398 0.42332500
vt 0.87630099 0.41990501
vt 0.87478000 0.41812301
vt 0.87269801 0.42008099
vt 0.87403703 0.42164400
vt 0.87478000 0.41812301
vt 0.87308502 0.41651201
vt 0.87120700 0.41865501
vt 0.87269801 0.42008099
vt 0.87308502 0.41651201
vt 0.87125301 0.41504300
vt 0.86958402 0.41737500
vt 0.87120700 0.41865501
vt 0.87125301 0.41504300
vt 0.86926901 0.41376501
vt 0.86783999 0.41626099
vt 0.86958402 0.41737500
vt 0.86982697 0.41273800
vt 0.86926901 0.41376501
vt 0.87125301 0.41504300
vt 0.87191999 0.41407701
vt 0.87125301 0.41504300
vt 0.87308502 0.41651201
vt 0.87382001 0.41562599
vt 0.87191999 0.41407701
vt 0.87396598 0.41543800
vt 0.87216198 0.41377300
vt 0.87191999 0.41407701
vt 0.87382001 0.41562599
vt 0.86982697 0.41273800
vt 0.87191999 0.41407701
vt 0.87216198 0.41377300
vt 0.86999202 0.41241601
vt 0.86716098 0.41270599
vt 0.86926901 0.41376501
vt 0.86982697 0.41273800
vt 0.86760199 0.41164300
vt 0.86760199 0.41164300
vt 0.86982697 0.41273800
vt 0.86999202 0.41241601
vt 0.86771399 0.41126999
vt 0.86771399 0.41126999
vt 0.86537498 0.41059899
vt 0.86530298 0.41082299
vt 0.86760199 0.41164300
vt 0.86760199 0.41164300
vt 0.86530298 0.41082299
vt 0.86497301 0.41188201
vt 0.86716098 0.41270599
vt 0.86716098 0.41270599
vt 0.86497301 0.41188201
vt 0.86407399 0.41458100
vt 0.86599600 0.41532600
vt 0.86926901 0.41376501
vt 0.86716098 0.41270599
vt 0.86599600 0.41532600
vt 0.86783999 0.41626099
vt 0.86407399 0.41458100
vt 0.86497301 0.41188201
vt 0.86272502 0.41124400
vt 0.86209297 0.41402701
vt 0.86272502 0.41124400
vt 0.86041898 0.41084000
vt 0.86006898 0.41367301
vt 0.86209297 0.41402701
vt 0.86296201 0.41014600
vt 0.86053801 0.40972999
vt 0.86041898 0.41084000
vt 0.86272502 0.41124400
vt 0.86530298 0.41082299
vt 0.86296201 0.41014600
vt 0.86272502 0.41124400
vt 0.86497301 0.41188201
vt 0.86041898 0.41084000
vt 0.85808802 0.41067901
vt 0.85802299 0.41352499
vt 0.86006898 0.41367301
vt 0.86053801 0.40972999
vt 0.85808998 0.40958101
vt 0.85808802 0.41067901
vt 0.86041898 0.41084000
vt 0.86307901 0.40978199
vt 0.86057198 0.40938100
vt 0.86053801 0.40972999
vt 0.86296201 0.41014600
vt 0.86057198 0.40938100
vt 0.85805303 0.40920401
vt 0.85808998 0.40958101
vt 0.86053801 0.40972999
vt 0.85808998 0.40958101
vt 0.85567701 0.40970200
vt 0.85577101 0.41075900
vt 0.85808802 0.41067901
vt 0.85805303 0.40920401
vt 0.85565799 0.40947199
vt 0.85567701 0.40970200
vt 0.85808998 0.40958101
vt 0.85711098 0.40884900
vt 0.85563600 0.40911701
vt 0.85565799 0.40947199
vt 0.85805303 0.40920401
vt 0.86057198 0.40938100
vt 0.86063403 0.40871200
vt 0.85868001 0.40849099
vt 0.85805303 0.40920401
vt 0.85764301 0.40833801
vt 0.85711098 0.40884900
vt 0.85805303 0.40920401
vt 0.85868001 0.40849099
vt 0.85683298 0.40830100
vt 0.85664499 0.40862501
vt 0.85711098 0.40884900
vt 0.85764301 0.40833801
vt 0.85664499 0.40862501
vt 0.85561001 0.40873700
vt 0.85563600 0.40911701
vt 0.85711098 0.40884900
vt 0.85563600 0.40911701
vt 0.85412598 0.40908399
vt 0.85323799 0.40958399
vt 0.85565799 0.40947199
vt 0.85561001 0.40873700
vt 0.85456198 0.40878800
vt 0.85412598 0.40908399
vt 0.85563600 0.40911701
vt 0.85430998 0.40849799
vt 0.85456198 0.40878800
vt 0.85561001 0.40873700
vt 0.85664499 0.40862501
vt 0.85683298 0.40830100
vt 0.85659701 0.40804800
vt 0.85553497 0.40805399
vt 0.85448098 0.40821099
vt 0.85456198 0.40878800
vt 0.85430998 0.40849799
vt 0.85349202 0.40866300
vt 0.85412598 0.40908399
vt 0.85430998 0.40849799
vt 0.85448098 0.40821099
vt 0.85398197 0.40814599
vt 0.85349202 0.40866300
vt 0.85349202 0.40866300
vt 0.85398197 0.40814599
vt 0.85295701 0.40816900
vt 0.85246801 0.40897799
vt 0.85412598 0.40908399
vt 0.85349202 0.40866300
vt 0.85246801 0.40897799
vt 0.85323799 0.40958399
vt 0.85246801 0.40897799
vt 0.85295701 0.40816900
vt 0.85035801 0.40882400
vt 0.85057199 0.40950000
vt 0.85323799 0.40958399
vt 0.85246801 0.40897799
vt 0.85057199 0.40950000
vt 0.85077500 0.41015199
vt 0.85565799 0.40947199
vt 0.85323799 0.40958399
vt 0.85327297 0.40996099
vt 0.85567701 0.40970200
vt 0.85088003 0.41049099
vt 0.85327297 0.40996099
vt 0.85323799 0.40958399
vt 0.85077500 0.41015199
vt 0.84855902 0.41128099
vt 0.85088003 0.41049099
vt 0.85077500 0.41015199
vt 0.84838098 0.41094100
vt 0.85077500 0.41015199
vt 0.85057199 0.40950000
vt 0.84868401 0.41002500
vt 0.84838098 0.41094100
vt 0.84855902 0.41128099
vt 0.84895903 0.41226900
vt 0.85118002 0.41152799
vt 0.85088003 0.41049099
vt 0.85088003 0.41049099
vt 0.85118002 0.41152799
vt 0.85346198 0.41102499
vt 0.85327297 0.40996099
vt 0.84855902 0.41128099
vt 0.84636903 0.41231400
vt 0.84683901 0.41323400
vt 0.84895903 0.41226900
vt 0.84838098 0.41094100
vt 0.84626800 0.41210499
vt 0.84636903 0.41231400
vt 0.84855902 0.41128099
vt 0.84626800 0.41210499
vt 0.84407598 0.41313401
vt 0.84424299 0.41348201
vt 0.84636903 0.41231400
vt 0.84636903 0.41231400
vt 0.84424299 0.41348201
vt 0.84479898 0.41437301
vt 0.84683901 0.41323400
vt 0.84611797 0.41178301
vt 0.84471297 0.41232401
vt 0.84407598 0.41313401
vt 0.84626800 0.41210499
vt 0.84737599 0.41096801
vt 0.84611797 0.41178301
vt 0.84626800 0.41210499
vt 0.84838098 0.41094100
vt 0.84595197 0.41143501
vt 0.84500700 0.41187999
vt 0.84471297 0.41232401
vt 0.84611797 0.41178301
vt 0.84686297 0.41093600
vt 0.84595197 0.41143501
vt 0.84611797 0.41178301
vt 0.84737599 0.41096801
vt 0.84595197 0.41143501
vt 0.84686297 0.41093600
vt 0.84691298 0.41055301
vt 0.84659600 0.41039401
vt 0.84561902 0.41079900
vt 0.84471101 0.41134900
vt 0.84466398 0.41169500
vt 0.84500700 0.41187999
vt 0.84691298 0.41055301
vt 0.84686297 0.41093600
vt 0.84737599 0.41096801
vt 0.84767002 0.41027799
vt 0.84659600 0.41039401
vt 0.84691298 0.41055301
vt 0.84767002 0.41027799
vt 0.84695798 0.41008401
vt 0.84767002 0.41027799
vt 0.84737599 0.41096801
vt 0.84838098 0.41094100
vt 0.84868401 0.41002500
vt 0.84695798 0.41008401
vt 0.84767002 0.41027799
vt 0.84868401 0.41002500
vt 0.84779799 0.40958500
vt 0.84561902 0.41079900
vt 0.84659600 0.41039401
vt 0.84695798 0.41008401
vt 0.84549701 0.41059300
vt 0.84549701 0.41059300
vt 0.84695798 0.41008401
vt 0.84779799 0.40958500
vt 0.84539801 0.41043800
vt 0.85057199 0.40950000
vt 0.85035801 0.40882400
vt 0.84779799 0.40958500
vt 0.84868401 0.41002500
vt 0.85035801 0.40882400
vt 0.85019499 0.40832901
vt 0.84765399 0.40913999
vt 0.84779799 0.40958500
vt 0.84779799 0.40958500
vt 0.84765399 0.40913999
vt 0.84524500 0.41016299
vt 0.84539801 0.41043800
vt 0.84680098 0.40693599
vt 0.84418499 0.40808001
vt 0.84524500 0.41016299
vt 0.84765399 0.40913999
vt 0.84953201 0.40606400
vt 0.84680098 0.40693599
vt 0.84765399 0.40913999
vt 0.85019499 0.40832901
vt 0.85233802 0.40546200
vt 0.84953201 0.40606400
vt 0.85019499 0.40832901
vt 0.85280102 0.40773401
vt 0.85295701 0.40816900
vt 0.85280102 0.40773401
vt 0.85019499 0.40832901
vt 0.85035801 0.40882400
vt 0.85518098 0.40511799
vt 0.85233802 0.40546200
vt 0.85280102 0.40773401
vt 0.85541201 0.40737399
vt 0.85545999 0.40766999
vt 0.85541201 0.40737399
vt 0.85280102 0.40773401
vt 0.85295701 0.40816900
vt 0.85804498 0.40732700
vt 0.85804200 0.40504199
vt 0.85518098 0.40511799
vt 0.85541201 0.40737399
vt 0.85801703 0.40777600
vt 0.85804498 0.40732700
vt 0.85541201 0.40737399
vt 0.85545999 0.40766999
vt 0.85398197 0.40814599
vt 0.85549700 0.40783301
vt 0.85545999 0.40766999
vt 0.85295701 0.40816900
vt 0.85549700 0.40783301
vt 0.85704899 0.40790701
vt 0.85801703 0.40777600
vt 0.85545999 0.40766999
vt 0.85553497 0.40805399
vt 0.85659701 0.40804800
vt 0.85704899 0.40790701
vt 0.85549700 0.40783301
vt 0.85448098 0.40821099
vt 0.85553497 0.40805399
vt 0.85549700 0.40783301
vt 0.85398197 0.40814599
vt 0.85659701 0.40804800
vt 0.85683298 0.40830100
vt 0.85764301 0.40833801
vt 0.85704899 0.40790701
vt 0.85704899 0.40790701
vt 0.85764301 0.40833801
vt 0.85868001 0.40849099
vt 0.85801703 0.40777600
vt 0.86063403 0.40871200
vt 0.86069399 0.40801701
vt 0.85801703 0.40777600
vt 0.85868001 0.40849099
vt 0.86069399 0.40801701
vt 0.86073101 0.40750599
vt 0.85804498 0.40732700
vt 0.85801703 0.40777600
vt 0.86337101 0.40836400
vt 0.86339700 0.40790299
vt 0.86073101 0.40750599
vt 0.86069399 0.40801701
vt 0.86260098 0.40893200
vt 0.86337101 0.40836400
vt 0.86069399 0.40801701
vt 0.86063403 0.40871200
vt 0.86307901 0.40978199
vt 0.86260098 0.40893200
vt 0.86063403 0.40871200
vt 0.86057198 0.40938100
vt 0.86367601 0.40901899
vt 0.86433399 0.40871799
vt 0.86337101 0.40836400
vt 0.86260098 0.40893200
vt 0.86409903 0.40965000
vt 0.86367601 0.40901899
vt 0.86260098 0.40893200
vt 0.86307901 0.40978199
vt 0.86461800 0.40953699
vt 0.86449802 0.40916699
vt 0.86367601 0.40901899
vt 0.86409903 0.40965000
vt 0.86449802 0.40916699
vt 0.86477101 0.40896299
vt 0.86433399 0.40871799
vt 0.86367601 0.40901899
vt 0.86433399 0.40871799
vt 0.86586899 0.40899000
vt 0.86590201 0.40882599
vt 0.86337101 0.40836400
vt 0.86477101 0.40896299
vt 0.86581397 0.40921000
vt 0.86586899 0.40899000
vt 0.86433399 0.40871799
vt 0.86561298 0.40988600
vt 0.86662298 0.41017601
vt 0.86692798 0.40993899
vt 0.86680901 0.40960699
vt 0.86581397 0.40921000
vt 0.86477101 0.40896299
vt 0.86449802 0.40916699
vt 0.86461800 0.40953699
vt 0.86581397 0.40921000
vt 0.86680901 0.40960699
vt 0.86728901 0.40964699
vt 0.86586899 0.40899000
vt 0.86680901 0.40960699
vt 0.86692798 0.40993899
vt 0.86767101 0.41028500
vt 0.86728901 0.40964699
vt 0.86692798 0.40993899
vt 0.86662298 0.41017601
vt 0.86697203 0.41056800
vt 0.86767101 0.41028500
vt 0.86728901 0.40964699
vt 0.86767101 0.41028500
vt 0.86857998 0.41083100
vt 0.86824697 0.40989000
vt 0.86767101 0.41028500
vt 0.86697203 0.41056800
vt 0.86771399 0.41126999
vt 0.86857998 0.41083100
vt 0.86662298 0.41017601
vt 0.86561298 0.40988600
vt 0.86549097 0.41025600
vt 0.86697203 0.41056800
vt 0.86697203 0.41056800
vt 0.86549097 0.41025600
vt 0.86537498 0.41059899
vt 0.86771399 0.41126999
vt 0.86561298 0.40988600
vt 0.86461800 0.40953699
vt 0.86409903 0.40965000
vt 0.86549097 0.41025600
vt 0.86549097 0.41025600
vt 0.86409903 0.40965000
vt 0.86307901 0.40978199
vt 0.86537498 0.41059899
vt 0.86537498 0.41059899
vt 0.86307901 0.40978199
vt 0.86296201 0.41014600
vt 0.86530298 0.41082299
vt 0.87031001 0.41179600
vt 0.87063700 0.41114700
vt 0.86824697 0.40989000
vt 0.86857998 0.41083100
vt 0.86999202 0.41241601
vt 0.87031001 0.41179600
vt 0.86857998 0.41083100
vt 0.86771399 0.41126999
vt 0.86824697 0.40989000
vt 0.86844999 0.40946901
vt 0.86597598 0.40852800
vt 0.86590201 0.40882599
vt 0.87063700 0.41114700
vt 0.87086803 0.41066501
vt 0.86844999 0.40946901
vt 0.86824697 0.40989000
vt 0.86586899 0.40899000
vt 0.86728901 0.40964699
vt 0.86824697 0.40989000
vt 0.86590201 0.40882599
vt 0.86590201 0.40882599
vt 0.86597598 0.40852800
vt 0.86339700 0.40790299
vt 0.86337101 0.40836400
vt 0.86656702 0.40638399
vt 0.86377800 0.40567401
vt 0.86339700 0.40790299
vt 0.86597598 0.40852800
vt 0.86927700 0.40738001
vt 0.86656702 0.40638399
vt 0.86597598 0.40852800
vt 0.86844999 0.40946901
vt 0.86675501 0.40576500
vt 0.86391199 0.40503299
vt 0.86377800 0.40567401
vt 0.86656702 0.40638399
vt 0.86951798 0.40677899
vt 0.86675501 0.40576500
vt 0.86656702 0.40638399
vt 0.86927700 0.40738001
vt 0.87217999 0.40807599
vt 0.86951798 0.40677899
vt 0.86927700 0.40738001
vt 0.87188101 0.40866500
vt 0.87188101 0.40866500
vt 0.86927700 0.40738001
vt 0.86844999 0.40946901
vt 0.87086803 0.41066501
vt 0.87470901 0.40962401
vt 0.87217999 0.40807599
vt 0.87188101 0.40866500
vt 0.87433898 0.41019699
vt 0.87433898 0.41019699
vt 0.87188101 0.40866500
vt 0.87086803 0.41066501
vt 0.87316000 0.41207701
vt 0.87659699 0.41196400
vt 0.87433898 0.41019699
vt 0.87316000 0.41207701
vt 0.87526500 0.41367400
vt 0.87704301 0.41142699
vt 0.87470901 0.40962401
vt 0.87433898 0.41019699
vt 0.87659699 0.41196400
vt 0.87930602 0.40885401
vt 0.87669402 0.40679699
vt 0.87470901 0.40962401
vt 0.87704301 0.41142699
vt 0.87669402 0.40679699
vt 0.87385601 0.40498000
vt 0.87217999 0.40807599
vt 0.87470901 0.40962401
vt 0.87385601 0.40498000
vt 0.87078398 0.40363601
vt 0.86951798 0.40677899
vt 0.87217999 0.40807599
vt 0.87078398 0.40363601
vt 0.86768001 0.40257701
vt 0.86675501 0.40576500
vt 0.86951798 0.40677899
vt 0.86768001 0.40257701
vt 0.86452502 0.40180001
vt 0.86391199 0.40503299
vt 0.86675501 0.40576500
vt 0.86452502 0.40180001
vt 0.86131501 0.40132201
vt 0.86099797 0.40455699
vt 0.86391199 0.40503299
vt 0.86391199 0.40503299
vt 0.86099797 0.40455699
vt 0.86092001 0.40523800
vt 0.86377800 0.40567401
vt 0.86099797 0.40455699
vt 0.85805202 0.40435800
vt 0.85804200 0.40504199
vt 0.86092001 0.40523800
vt 0.86131501 0.40132201
vt 0.85810697 0.40118301
vt 0.85805202 0.40435800
vt 0.86099797 0.40455699
vt 0.85810697 0.40118301
vt 0.85491401 0.40122199
vt 0.85512203 0.40444800
vt 0.85805202 0.40435800
vt 0.85805202 0.40435800
vt 0.85512203 0.40444800
vt 0.85518098 0.40511799
vt 0.85804200 0.40504199
vt 0.85491401 0.40122199
vt 0.85171801 0.40158999
vt 0.85221797 0.40481600
vt 0.85512203 0.40444800
vt 0.85518098 0.40511799
vt 0.85512203 0.40444800
vt 0.85221797 0.40481600
vt 0.85233802 0.40546200
vt 0.85221797 0.40481600
vt 0.84936398 0.40545100
vt 0.84953201 0.40606400
vt 0.85233802 0.40546200
vt 0.85171801 0.40158999
vt 0.84856600 0.40225700
vt 0.84936398 0.40545100
vt 0.85221797 0.40481600
vt 0.84856600 0.40225700
vt 0.84546798 0.40318400
vt 0.84658301 0.40633699
vt 0.84936398 0.40545100
vt 0.84546798 0.40318400
vt 0.84239602 0.40437099
vt 0.84391201 0.40749300
vt 0.84658301 0.40633699
vt 0.84239602 0.40437099
vt 0.83952397 0.40602300
vt 0.84135801 0.40890199
vt 0.84391201 0.40749300
vt 0.84391201 0.40749300
vt 0.84135801 0.40890199
vt 0.84170198 0.40947801
vt 0.84418499 0.40808001
vt 0.84658301 0.40633699
vt 0.84391201 0.40749300
vt 0.84418499 0.40808001
vt 0.84680098 0.40693599
vt 0.84524500 0.41016299
vt 0.84418499 0.40808001
vt 0.84170198 0.40947801
vt 0.84299701 0.41149801
vt 0.84170198 0.40947801
vt 0.83938199 0.41113400
vt 0.84085798 0.41305599
vt 0.84299701 0.41149801
vt 0.84135801 0.40890199
vt 0.83896101 0.41058600
vt 0.83938199 0.41113400
vt 0.84170198 0.40947801
vt 0.83896101 0.41058600
vt 0.83674800 0.41251001
vt 0.83724302 0.41301399
vt 0.83938199 0.41113400
vt 0.83938199 0.41113400
vt 0.83724302 0.41301399
vt 0.83887100 0.41479400
vt 0.84085798 0.41305599
vt 0.83724302 0.41301399
vt 0.83530700 0.41507500
vt 0.83708698 0.41666600
vt 0.83887100 0.41479400
vt 0.83674800 0.41251001
vt 0.83477098 0.41465101
vt 0.83530700 0.41507500
vt 0.83724302 0.41301399
vt 0.83436900 0.41010001
vt 0.83217299 0.41253000
vt 0.83477098 0.41465101
vt 0.83674800 0.41251001
vt 0.83683997 0.40792501
vt 0.83436900 0.41010001
vt 0.83674800 0.41251001
vt 0.83896101 0.41058600
vt 0.83952397 0.40602300
vt 0.83683997 0.40792501
vt 0.83896101 0.41058600
vt 0.84135801 0.40890199
vt 0.83217299 0.41253000
vt 0.83026999 0.41516000
vt 0.83304000 0.41697299
vt 0.83477098 0.41465101
vt 0.83026999 0.41516000
vt 0.82864302 0.41794801
vt 0.83154100 0.41945499
vt 0.83304000 0.41697299
vt 0.82864302 0.41794801
vt 0.82727700 0.42085999
vt 0.83027202 0.42206800
vt 0.83154100 0.41945499
vt 0.82924098 0.42478600
vt 0.83027202 0.42206800
vt 0.82727700 0.42085999
vt 0.82616198 0.42387801
vt 0.82846099 0.42761701
vt 0.82924098 0.42478600
vt 0.82616198 0.42387801
vt 0.82531798 0.42700100
vt 0.82846099 0.42761701
vt 0.82909501 0.42776099
vt 0.82983500 0.42497599
vt 0.82924098 0.42478600
vt 0.82983500 0.42497599
vt 0.83085197 0.42230400
vt 0.83027202 0.42206800
vt 0.82924098 0.42478600
vt 0.82983500 0.42497599
vt 0.82909501 0.42776099
vt 0.83144099 0.42834100
vt 0.83207703 0.42580000
vt 0.83085197 0.42230400
vt 0.82983500 0.42497599
vt 0.83207703 0.42580000
vt 0.83302301 0.42336699
vt 0.83233303 0.42592701
vt 0.83207703 0.42580000
vt 0.83144099 0.42834100
vt 0.83184600 0.42842600
vt 0.83337599 0.42364100
vt 0.83302301 0.42336699
vt 0.83207703 0.42580000
vt 0.83233303 0.42592701
vt 0.83247697 0.42599300
vt 0.83311599 0.42461401
vt 0.83337599 0.42364100
vt 0.83233303 0.42592701
vt 0.83218700 0.42750701
vt 0.83247697 0.42599300
vt 0.83233303 0.42592701
vt 0.83184600 0.42842600
vt 0.83232898 0.42924300
vt 0.83184600 0.42842600
vt 0.83147001 0.43108100
vt 0.83208698 0.43118501
vt 0.83243197 0.42818600
vt 0.83218700 0.42750701
vt 0.83184600 0.42842600
vt 0.83232898 0.42924300
vt 0.83184600 0.42842600
vt 0.83144099 0.42834100
vt 0.83101201 0.43099701
vt 0.83147001 0.43108100
vt 0.83147001 0.43108100
vt 0.83101201 0.43099701
vt 0.83080202 0.43368801
vt 0.83120698 0.43375099
vt 0.83208698 0.43118501
vt 0.83147001 0.43108100
vt 0.83120698 0.43375099
vt 0.83185500 0.43312401
vt 0.83120698 0.43375099
vt 0.83080202 0.43368801
vt 0.83082300 0.43633801
vt 0.83109403 0.43630499
vt 0.83131301 0.43473801
vt 0.83170003 0.43416101
vt 0.83185500 0.43312401
vt 0.83120698 0.43375099
vt 0.83123797 0.43628100
vt 0.83131301 0.43473801
vt 0.83120698 0.43375099
vt 0.83109403 0.43630499
vt 0.83152503 0.43779299
vt 0.83123797 0.43628100
vt 0.83109403 0.43630499
vt 0.83156002 0.43880901
vt 0.83109403 0.43630499
vt 0.83082300 0.43633801
vt 0.83117199 0.43895900
vt 0.83156002 0.43880901
vt 0.83198798 0.43829200
vt 0.83152503 0.43779299
vt 0.83156002 0.43880901
vt 0.83228499 0.43930799
vt 0.83228499 0.43930799
vt 0.83156002 0.43880901
vt 0.83218098 0.44141701
vt 0.83278000 0.44119999
vt 0.83156002 0.43880901
vt 0.83117199 0.43895900
vt 0.83174002 0.44159001
vt 0.83218098 0.44141701
vt 0.82844597 0.43647200
vt 0.82877702 0.43937999
vt 0.83117199 0.43895900
vt 0.83082300 0.43633801
vt 0.82877702 0.43937999
vt 0.82940698 0.44224200
vt 0.83174002 0.44159001
vt 0.83117199 0.43895900
vt 0.83218098 0.44141701
vt 0.83174002 0.44159001
vt 0.83253300 0.44415799
vt 0.83292001 0.44399101
vt 0.82940698 0.44224200
vt 0.83029699 0.44502100
vt 0.83253300 0.44415799
vt 0.83174002 0.44159001
vt 0.83029699 0.44502100
vt 0.82940698 0.44224200
vt 0.82878798 0.44240099
vt 0.82969803 0.44522399
vt 0.82940698 0.44224200
vt 0.82877702 0.43937999
vt 0.82813901 0.43948799
vt 0.82878798 0.44240099
vt 0.82969803 0.44522399
vt 0.82878798 0.44240099
vt 0.82565397 0.44318700
vt 0.82664698 0.44630399
vt 0.82878798 0.44240099
vt 0.82813901 0.43948799
vt 0.82495397 0.43997401
vt 0.82565397 0.44318700
vt 0.82813901 0.43948799
vt 0.82777101 0.43652001
vt 0.82458901 0.43670401
vt 0.82495397 0.43997401
vt 0.82813901 0.43948799
vt 0.82877702 0.43937999
vt 0.82844597 0.43647200
vt 0.82777101 0.43652001
vt 0.82777101 0.43652001
vt 0.82771099 0.43353000
vt 0.82458901 0.43345299
vt 0.82458901 0.43670401
vt 0.82844597 0.43647200
vt 0.82838899 0.43355301
vt 0.82771099 0.43353000
vt 0.82777101 0.43652001
vt 0.82838899 0.43355301
vt 0.82844597 0.43647200
vt 0.83082300 0.43633801
vt 0.83080202 0.43368801
vt 0.82861298 0.43063799
vt 0.82838899 0.43355301
vt 0.83080202 0.43368801
vt 0.83101201 0.43099701
vt 0.82838899 0.43355301
vt 0.82861298 0.43063799
vt 0.82795000 0.43055001
vt 0.82771099 0.43353000
vt 0.83144099 0.42834100
vt 0.82909501 0.42776099
vt 0.82861298 0.43063799
vt 0.83101201 0.43099701
vt 0.82861298 0.43063799
vt 0.82909501 0.42776099
vt 0.82846099 0.42761701
vt 0.82795000 0.43055001
vt 0.82771099 0.43353000
vt 0.82795000 0.43055001
vt 0.82478201 0.43021700
vt 0.82458901 0.43345299
vt 0.82795000 0.43055001
vt 0.82846099 0.42761701
vt 0.82531798 0.42700100
vt 0.82478201 0.43021700
vt 0.83085102 0.44792601
vt 0.82969803 0.44522399
vt 0.82664698 0.44630399
vt 0.82789999 0.44930801
vt 0.83226103 0.45050201
vt 0.83085102 0.44792601
vt 0.82789999 0.44930801
vt 0.82942599 0.45219001
vt 0.83226103 0.45050201
vt 0.83284599 0.45018101
vt 0.83144099 0.44767001
vt 0.83085102 0.44792601
vt 0.83144099 0.44767001
vt 0.83029699 0.44502100
vt 0.82969803 0.44522399
vt 0.83085102 0.44792601
vt 0.83029699 0.44502100
vt 0.83144099 0.44767001
vt 0.83352900 0.44658101
vt 0.83253300 0.44415799
vt 0.83144099 0.44767001
vt 0.83284599 0.45018101
vt 0.83482897 0.44886401
vt 0.83352900 0.44658101
vt 0.83482897 0.44886401
vt 0.83284599 0.45018101
vt 0.83448899 0.45255101
vt 0.83634800 0.45105901
vt 0.83448899 0.45255101
vt 0.83284599 0.45018101
vt 0.83226103 0.45050201
vt 0.83392298 0.45294499
vt 0.83634597 0.45475101
vt 0.83448899 0.45255101
vt 0.83392298 0.45294499
vt 0.83582199 0.45521399
vt 0.83448899 0.45255101
vt 0.83634597 0.45475101
vt 0.83804798 0.45311499
vt 0.83634800 0.45105901
vt 0.83839703 0.45674500
vt 0.83634597 0.45475101
vt 0.83582199 0.45521399
vt 0.83793700 0.45726201
vt 0.83634597 0.45475101
vt 0.83839703 0.45674500
vt 0.83988601 0.45497000
vt 0.83804798 0.45311499
vt 0.83839703 0.45674500
vt 0.84064001 0.45851800
vt 0.84195101 0.45658401
vt 0.83988601 0.45497000
vt 0.84024900 0.45906901
vt 0.84064001 0.45851800
vt 0.83839703 0.45674500
vt 0.83793700 0.45726201
vt 0.84064001 0.45851800
vt 0.84305602 0.46007401
vt 0.84419399 0.45803300
vt 0.84195101 0.45658401
vt 0.84305602 0.46007401
vt 0.84064001 0.45851800
vt 0.84024900 0.45906901
vt 0.84272701 0.46064499
vt 0.84272701 0.46064499
vt 0.84024900 0.45906901
vt 0.83826298 0.46177801
vt 0.84101599 0.46353999
vt 0.84024900 0.45906901
vt 0.83793700 0.45726201
vt 0.83568698 0.45975399
vt 0.83826298 0.46177801
vt 0.83793700 0.45726201
vt 0.83582199 0.45521399
vt 0.83333099 0.45746201
vt 0.83568698 0.45975399
vt 0.83582199 0.45521399
vt 0.83392298 0.45294499
vt 0.83123702 0.45492399
vt 0.83333099 0.45746201
vt 0.83392298 0.45294499
vt 0.83226103 0.45050201
vt 0.82942599 0.45219001
vt 0.83123702 0.45492399
vt 0.84534001 0.46197999
vt 0.84272701 0.46064499
vt 0.84101599 0.46353999
vt 0.84391302 0.46506000
vt 0.84807003 0.46304700
vt 0.84534001 0.46197999
vt 0.84391302 0.46506000
vt 0.84696501 0.46635699
vt 0.84561700 0.46138901
vt 0.84305602 0.46007401
vt 0.84272701 0.46064499
vt 0.84534001 0.46197999
vt 0.84829402 0.46242699
vt 0.84561700 0.46138901
vt 0.84534001 0.46197999
vt 0.84807003 0.46304700
vt 0.85089397 0.46384001
vt 0.84807003 0.46304700
vt 0.84696501 0.46635699
vt 0.85018700 0.46716899
vt 0.85089397 0.46384001
vt 0.85106099 0.46317899
vt 0.84829402 0.46242699
vt 0.84807003 0.46304700
vt 0.84829402 0.46242699
vt 0.85106099 0.46317899
vt 0.85153300 0.46097401
vt 0.84898603 0.46028501
vt 0.84561700 0.46138901
vt 0.84829402 0.46242699
vt 0.84898603 0.46028501
vt 0.84655899 0.45928100
vt 0.84675401 0.45885301
vt 0.84655899 0.45928100
vt 0.84898603 0.46028501
vt 0.84906101 0.45997801
vt 0.84906101 0.45997801
vt 0.84898603 0.46028501
vt 0.85153300 0.46097401
vt 0.85156602 0.46049601
vt 0.85153300 0.46097401
vt 0.85106099 0.46317899
vt 0.85389400 0.46365401
vt 0.85418397 0.46142101
vt 0.85156602 0.46049601
vt 0.85153300 0.46097401
vt 0.85418397 0.46142101
vt 0.85423100 0.46089101
vt 0.85389400 0.46365401
vt 0.85675198 0.46386400
vt 0.85685498 0.46164399
vt 0.85418397 0.46142101
vt 0.85423100 0.46089101
vt 0.85418397 0.46142101
vt 0.85685498 0.46164399
vt 0.85690999 0.46117499
vt 0.85234201 0.45991600
vt 0.85156602 0.46049601
vt 0.85423100 0.46089101
vt 0.85430300 0.46017399
vt 0.85430300 0.46017399
vt 0.85423100 0.46089101
vt 0.85690999 0.46117499
vt 0.85627002 0.46042100
vt 0.85690999 0.46117499
vt 0.85685498 0.46164399
vt 0.85948801 0.46163100
vt 0.85947198 0.46131900
vt 0.85947102 0.46113300
vt 0.85791701 0.46103400
vt 0.85690999 0.46117499
vt 0.85947198 0.46131900
vt 0.85791701 0.46103400
vt 0.85733801 0.46057600
vt 0.85627002 0.46042100
vt 0.85690999 0.46117499
vt 0.85437500 0.45948499
vt 0.85430300 0.46017399
vt 0.85627002 0.46042100
vt 0.85691702 0.45969501
vt 0.85733801 0.46057600
vt 0.85788703 0.46005499
vt 0.85691702 0.45969501
vt 0.85627002 0.46042100
vt 0.85931897 0.45921800
vt 0.85688001 0.45931301
vt 0.85691702 0.45969501
vt 0.85934103 0.45944700
vt 0.85688001 0.45931301
vt 0.85441202 0.45912901
vt 0.85437500 0.45948499
vt 0.85691702 0.45969501
vt 0.85788703 0.46005499
vt 0.85937798 0.45979801
vt 0.85934103 0.45944700
vt 0.85691702 0.45969501
vt 0.85817403 0.46061400
vt 0.85837102 0.46028200
vt 0.85788703 0.46005499
vt 0.85733801 0.46057600
vt 0.85837102 0.46028200
vt 0.85941702 0.46017799
vt 0.85937798 0.45979801
vt 0.85788703 0.46005499
vt 0.85937798 0.45979801
vt 0.86089098 0.45985201
vt 0.86177403 0.45936599
vt 0.85934103 0.45944700
vt 0.85941702 0.46017799
vt 0.86046302 0.46013999
vt 0.86089098 0.45985201
vt 0.85937798 0.45979801
vt 0.85941702 0.46017799
vt 0.85837102 0.46028200
vt 0.85817403 0.46061400
vt 0.85839599 0.46088499
vt 0.85946500 0.46089000
vt 0.86052001 0.46074101
vt 0.86070800 0.46044299
vt 0.86046302 0.46013999
vt 0.86046302 0.46013999
vt 0.86070800 0.46044299
vt 0.86150801 0.46029499
vt 0.86089098 0.45985201
vt 0.86070800 0.46044299
vt 0.86052001 0.46074101
vt 0.86099702 0.46082699
vt 0.86150801 0.46029499
vt 0.86052001 0.46074101
vt 0.85946500 0.46089000
vt 0.85947102 0.46113300
vt 0.86099702 0.46082699
vt 0.85946500 0.46089000
vt 0.85839599 0.46088499
vt 0.85791701 0.46103400
vt 0.85947102 0.46113300
vt 0.86099702 0.46082699
vt 0.85947102 0.46113300
vt 0.85947198 0.46131900
vt 0.86198801 0.46083400
vt 0.85839599 0.46088499
vt 0.85817403 0.46061400
vt 0.85733801 0.46057600
vt 0.85791701 0.46103400
vt 0.86150801 0.46029499
vt 0.86099702 0.46082699
vt 0.86198801 0.46083400
vt 0.86252099 0.45999900
vt 0.86198801 0.46083400
vt 0.86210102 0.46129000
vt 0.86472702 0.46070200
vt 0.86460400 0.46018401
vt 0.86252099 0.45999900
vt 0.86198801 0.46083400
vt 0.86460400 0.46018401
vt 0.86443102 0.45948401
vt 0.85947198 0.46131900
vt 0.85948801 0.46163100
vt 0.86210102 0.46129000
vt 0.86198801 0.46083400
vt 0.86244702 0.46346501
vt 0.86526901 0.46282801
vt 0.86472702 0.46070200
vt 0.86210102 0.46129000
vt 0.85960400 0.46380800
vt 0.86244702 0.46346501
vt 0.86210102 0.46129000
vt 0.85948801 0.46163100
vt 0.86526901 0.46282801
vt 0.86244702 0.46346501
vt 0.86257702 0.46413600
vt 0.86545700 0.46346501
vt 0.86257702 0.46413600
vt 0.86244702 0.46346501
vt 0.85960400 0.46380800
vt 0.85966003 0.46450299
vt 0.86257702 0.46413600
vt 0.85966003 0.46450299
vt 0.85986799 0.46784100
vt 0.86312699 0.46750101
vt 0.86545700 0.46346501
vt 0.86257702 0.46413600
vt 0.86312699 0.46750101
vt 0.86640000 0.46683601
vt 0.85966003 0.46450299
vt 0.85672802 0.46458000
vt 0.85664201 0.46784401
vt 0.85986799 0.46784100
vt 0.85672802 0.46458000
vt 0.85379398 0.46434599
vt 0.85341901 0.46767101
vt 0.85664201 0.46784401
vt 0.85379398 0.46434599
vt 0.85089397 0.46384001
vt 0.85018700 0.46716899
vt 0.85341901 0.46767101
vt 0.85675198 0.46386400
vt 0.85389400 0.46365401
vt 0.85379398 0.46434599
vt 0.85672802 0.46458000
vt 0.85389400 0.46365401
vt 0.85106099 0.46317899
vt 0.85089397 0.46384001
vt 0.85379398 0.46434599
vt 0.85960400 0.46380800
vt 0.85675198 0.46386400
vt 0.85672802 0.46458000
vt 0.85966003 0.46450299
vt 0.85675198 0.46386400
vt 0.85960400 0.46380800
vt 0.85948801 0.46163100
vt 0.85685498 0.46164399
vt 0.86825299 0.46253100
vt 0.86545700 0.46346501
vt 0.86640000 0.46683601
vt 0.86952001 0.46568799
vt 0.87092799 0.46134299
vt 0.86825299 0.46253100
vt 0.86952001 0.46568799
vt 0.87248999 0.46432301
vt 0.87347800 0.45988700
vt 0.87092799 0.46134299
vt 0.87248999 0.46432301
vt 0.87533897 0.46270001
vt 0.87589902 0.45816699
vt 0.87347800 0.45988700
vt 0.87533897 0.46270001
vt 0.87804198 0.46078500
vt 0.87813503 0.45619300
vt 0.87589902 0.45816699
vt 0.87804198 0.46078500
vt 0.88053000 0.45857599
vt 0.88014001 0.45401299
vt 0.87813503 0.45619300
vt 0.88053000 0.45857599
vt 0.88274199 0.45611501
vt 0.88189799 0.45164099
vt 0.88014001 0.45401299
vt 0.88274199 0.45611501
vt 0.88466698 0.45345101
vt 0.88341600 0.44910499
vt 0.88189799 0.45164099
vt 0.88466698 0.45345101
vt 0.88631701 0.45062399
vt 0.88283098 0.44881600
vt 0.88132298 0.45128801
vt 0.88189799 0.45164099
vt 0.88341600 0.44910499
vt 0.88189799 0.45164099
vt 0.88132298 0.45128801
vt 0.87959200 0.45358601
vt 0.88014001 0.45401299
vt 0.88132298 0.45128801
vt 0.88283098 0.44881600
vt 0.88102400 0.44778401
vt 0.87962198 0.45009100
vt 0.87959200 0.45358601
vt 0.88132298 0.45128801
vt 0.87962198 0.45009100
vt 0.87804699 0.45221499
vt 0.87959200 0.45358601
vt 0.87763101 0.45569301
vt 0.87813503 0.45619300
vt 0.88014001 0.45401299
vt 0.87763101 0.45569301
vt 0.87959200 0.45358601
vt 0.87804699 0.45221499
vt 0.87621200 0.45413300
vt 0.87597698 0.45374101
vt 0.87621200 0.45413300
vt 0.87804699 0.45221499
vt 0.87785500 0.45199099
vt 0.87545598 0.45760900
vt 0.87763101 0.45569301
vt 0.87621200 0.45413300
vt 0.87417400 0.45590499
vt 0.87389398 0.45547301
vt 0.87417400 0.45590499
vt 0.87621200 0.45413300
vt 0.87597698 0.45374101
vt 0.87350202 0.45489499
vt 0.87389398 0.45547301
vt 0.87597698 0.45374101
vt 0.87505901 0.45365801
vt 0.87174398 0.45710400
vt 0.87199199 0.45748901
vt 0.87417400 0.45590499
vt 0.87389398 0.45547301
vt 0.87194699 0.45612001
vt 0.87174398 0.45710400
vt 0.87389398 0.45547301
vt 0.87350202 0.45489499
vt 0.87113601 0.45679599
vt 0.87085003 0.45749000
vt 0.87174398 0.45710400
vt 0.87194699 0.45612001
vt 0.87085003 0.45749000
vt 0.86955899 0.45837200
vt 0.86961102 0.45854300
vt 0.87174398 0.45710400
vt 0.86961102 0.45854300
vt 0.86971998 0.45883200
vt 0.87199199 0.45748901
vt 0.87174398 0.45710400
vt 0.87199199 0.45748901
vt 0.87311500 0.45930901
vt 0.87545598 0.45760900
vt 0.87417400 0.45590499
vt 0.87063301 0.46075201
vt 0.87311500 0.45930901
vt 0.87199199 0.45748901
vt 0.86971998 0.45883200
vt 0.87347800 0.45988700
vt 0.87311500 0.45930901
vt 0.87063301 0.46075201
vt 0.87092799 0.46134299
vt 0.87545598 0.45760900
vt 0.87311500 0.45930901
vt 0.87347800 0.45988700
vt 0.87589902 0.45816699
vt 0.87763101 0.45569301
vt 0.87545598 0.45760900
vt 0.87589902 0.45816699
vt 0.87813503 0.45619300
vt 0.86801702 0.46192801
vt 0.87063301 0.46075201
vt 0.86971998 0.45883200
vt 0.86728901 0.45987800
vt 0.87063301 0.46075201
vt 0.86801702 0.46192801
vt 0.86825299 0.46253100
vt 0.87092799 0.46134299
vt 0.86801702 0.46192801
vt 0.86526901 0.46282801
vt 0.86545700 0.46346501
vt 0.86825299 0.46253100
vt 0.86526901 0.46282801
vt 0.86801702 0.46192801
vt 0.86728901 0.45987800
vt 0.86472702 0.46070200
vt 0.86460400 0.46018401
vt 0.86472702 0.46070200
vt 0.86728901 0.45987800
vt 0.86719602 0.45941299
vt 0.86719602 0.45941299
vt 0.86728901 0.45987800
vt 0.86971998 0.45883200
vt 0.86961102 0.45854300
vt 0.86443102 0.45948401
vt 0.86460400 0.46018401
vt 0.86719602 0.45941299
vt 0.86634898 0.45895499
vt 0.86955899 0.45837200
vt 0.86809301 0.45888901
vt 0.86719602 0.45941299
vt 0.86961102 0.45854300
vt 0.86809301 0.45888901
vt 0.86739999 0.45868799
vt 0.86634898 0.45895499
vt 0.86719602 0.45941299
vt 0.86739999 0.45868799
vt 0.86772400 0.45798600
vt 0.86669397 0.45802301
vt 0.86634898 0.45895499
vt 0.86426097 0.45881301
vt 0.86443102 0.45948401
vt 0.86634898 0.45895499
vt 0.86669397 0.45802301
vt 0.86848801 0.45856500
vt 0.86818999 0.45839900
vt 0.86739999 0.45868799
vt 0.86809301 0.45888901
vt 0.86818999 0.45839900
vt 0.86825502 0.45801100
vt 0.86772400 0.45798600
vt 0.86739999 0.45868799
vt 0.86772400 0.45798600
vt 0.86900699 0.45716399
vt 0.86884201 0.45684999
vt 0.86669397 0.45802301
vt 0.86825502 0.45801100
vt 0.86918300 0.45750600
vt 0.86900699 0.45716399
vt 0.86772400 0.45798600
vt 0.86900699 0.45716399
vt 0.87041497 0.45662600
vt 0.87104601 0.45582500
vt 0.86884201 0.45684999
vt 0.86918300 0.45750600
vt 0.87012899 0.45706299
vt 0.87041497 0.45662600
vt 0.86900699 0.45716399
vt 0.86669397 0.45802301
vt 0.86884201 0.45684999
vt 0.86874098 0.45664200
vt 0.86652601 0.45767900
vt 0.86918300 0.45750600
vt 0.86825502 0.45801100
vt 0.86818999 0.45839900
vt 0.86848801 0.45856500
vt 0.86947501 0.45815000
vt 0.87038797 0.45759800
vt 0.87045902 0.45724899
vt 0.87012899 0.45706299
vt 0.87012899 0.45706299
vt 0.87045902 0.45724899
vt 0.87113601 0.45679599
vt 0.87041497 0.45662600
vt 0.87045902 0.45724899
vt 0.87038797 0.45759800
vt 0.87085003 0.45749000
vt 0.87113601 0.45679599
vt 0.87038797 0.45759800
vt 0.86947501 0.45815000
vt 0.86955899 0.45837200
vt 0.87085003 0.45749000
vt 0.86947501 0.45815000
vt 0.86848801 0.45856500
vt 0.86809301 0.45888901
vt 0.86955899 0.45837200
vt 0.87041497 0.45662600
vt 0.87113601 0.45679599
vt 0.87194699 0.45612001
vt 0.87104601 0.45582500
vt 0.86177403 0.45936599
vt 0.86252099 0.45999900
vt 0.86443102 0.45948401
vt 0.86426097 0.45881301
vt 0.86417198 0.45846599
vt 0.86174798 0.45898399
vt 0.86177403 0.45936599
vt 0.86426097 0.45881301
vt 0.86652601 0.45767900
vt 0.86417198 0.45846599
vt 0.86426097 0.45881301
vt 0.86669397 0.45802301
vt 0.86609900 0.45657900
vt 0.86386800 0.45732999
vt 0.86417198 0.45846599
vt 0.86652601 0.45767900
vt 0.86417198 0.45846599
vt 0.86386800 0.45732999
vt 0.86157000 0.45783901
vt 0.86174798 0.45898399
vt 0.86174798 0.45898399
vt 0.85931897 0.45921800
vt 0.85934103 0.45944700
vt 0.86177403 0.45936599
vt 0.86157000 0.45783901
vt 0.85924798 0.45810300
vt 0.85931897 0.45921800
vt 0.86174798 0.45898399
vt 0.85931897 0.45921800
vt 0.85924798 0.45810300
vt 0.85690999 0.45817599
vt 0.85688001 0.45931301
vt 0.86089098 0.45985201
vt 0.86150801 0.46029499
vt 0.86252099 0.45999900
vt 0.86177403 0.45936599
vt 0.88410199 0.44620401
vt 0.88283098 0.44881600
vt 0.88341600 0.44910499
vt 0.88469601 0.44644201
vt 0.88283098 0.44881600
vt 0.88410199 0.44620401
vt 0.88221902 0.44535801
vt 0.88102400 0.44778401
vt 0.88062102 0.44750899
vt 0.88102400 0.44778401
vt 0.88221902 0.44535801
vt 0.88186902 0.44511300
vt 0.88186902 0.44511300
vt 0.88221902 0.44535801
vt 0.88317198 0.44287601
vt 0.88291699 0.44277301
vt 0.88410199 0.44620401
vt 0.88511801 0.44348899
vt 0.88317198 0.44287601
vt 0.88221902 0.44535801
vt 0.88280100 0.44271401
vt 0.88216197 0.44412699
vt 0.88186902 0.44511300
vt 0.88291699 0.44277301
vt 0.88006800 0.44714999
vt 0.88062102 0.44750899
vt 0.88186902 0.44511300
vt 0.88102502 0.44542101
vt 0.88216197 0.44412699
vt 0.88158101 0.44450000
vt 0.88102502 0.44542101
vt 0.88186902 0.44511300
vt 0.88222802 0.44363099
vt 0.88193703 0.44374201
vt 0.88158101 0.44450000
vt 0.88216197 0.44412699
vt 0.88261902 0.44263801
vt 0.88222802 0.44363099
vt 0.88216197 0.44412699
vt 0.88280100 0.44271401
vt 0.88203400 0.44242999
vt 0.88173503 0.44343701
vt 0.88193703 0.44374201
vt 0.88222802 0.44363099
vt 0.88261902 0.44263801
vt 0.88287300 0.44160500
vt 0.88271201 0.44132799
vt 0.88237798 0.44144499
vt 0.88193703 0.44374201
vt 0.88173503 0.44343701
vt 0.88135099 0.44379300
vt 0.88158101 0.44450000
vt 0.88173503 0.44343701
vt 0.88203400 0.44242999
vt 0.88168103 0.44231901
vt 0.88135099 0.44379300
vt 0.88203400 0.44242999
vt 0.88237798 0.44144499
vt 0.88227302 0.44094101
vt 0.88168103 0.44231901
vt 0.88168103 0.44231901
vt 0.88227302 0.44094101
vt 0.88215297 0.43994501
vt 0.88134700 0.44221500
vt 0.88237798 0.44144499
vt 0.88271201 0.44132799
vt 0.88285601 0.44052500
vt 0.88227302 0.44094101
vt 0.88227302 0.44094101
vt 0.88285601 0.44052500
vt 0.88293397 0.43947300
vt 0.88215297 0.43994501
vt 0.88224298 0.43742701
vt 0.88181603 0.43983099
vt 0.88215297 0.43994501
vt 0.88256198 0.43745801
vt 0.88215297 0.43994501
vt 0.88293397 0.43947300
vt 0.88316798 0.43751800
vt 0.88256198 0.43745801
vt 0.88293397 0.43947300
vt 0.88341498 0.44025299
vt 0.88378900 0.43757600
vt 0.88316798 0.43751800
vt 0.88285601 0.44052500
vt 0.88309801 0.44118899
vt 0.88341498 0.44025299
vt 0.88293397 0.43947300
vt 0.88316798 0.43751800
vt 0.88378900 0.43757600
vt 0.88404799 0.43488199
vt 0.88340300 0.43555900
vt 0.88256198 0.43745801
vt 0.88316798 0.43751800
vt 0.88340300 0.43555900
vt 0.88276201 0.43494600
vt 0.88357800 0.43450499
vt 0.88311601 0.43398100
vt 0.88276201 0.43494600
vt 0.88340300 0.43555900
vt 0.88396400 0.43389800
vt 0.88357800 0.43450499
vt 0.88340300 0.43555900
vt 0.88404799 0.43488199
vt 0.88403201 0.43233699
vt 0.88396400 0.43389800
vt 0.88404799 0.43488199
vt 0.88415301 0.43230501
vt 0.88404799 0.43488199
vt 0.88445199 0.43490100
vt 0.88441998 0.43224099
vt 0.88415301 0.43230501
vt 0.88378900 0.43757600
vt 0.88424999 0.43761301
vt 0.88445199 0.43490100
vt 0.88404799 0.43488199
vt 0.88650000 0.43487799
vt 0.88642401 0.43198800
vt 0.88441998 0.43224099
vt 0.88445199 0.43490100
vt 0.88629502 0.43779001
vt 0.88650000 0.43487799
vt 0.88445199 0.43490100
vt 0.88424999 0.43761301
vt 0.88341498 0.44025299
vt 0.88382298 0.44029799
vt 0.88424999 0.43761301
vt 0.88378900 0.43757600
vt 0.88382298 0.44029799
vt 0.88584298 0.44067901
vt 0.88629502 0.43779001
vt 0.88424999 0.43761301
vt 0.88511801 0.44348899
vt 0.88584298 0.44067901
vt 0.88382298 0.44029799
vt 0.88317198 0.44287601
vt 0.88291699 0.44277301
vt 0.88317198 0.44287601
vt 0.88382298 0.44029799
vt 0.88341498 0.44025299
vt 0.88629502 0.43779001
vt 0.88584298 0.44067901
vt 0.88648200 0.44081500
vt 0.88697600 0.43787101
vt 0.88648200 0.44081500
vt 0.88584298 0.44067901
vt 0.88511801 0.44348899
vt 0.88573200 0.44367799
vt 0.88511801 0.44348899
vt 0.88410199 0.44620401
vt 0.88469601 0.44644201
vt 0.88573200 0.44367799
vt 0.88648200 0.44081500
vt 0.88573200 0.44367799
vt 0.88881898 0.44459701
vt 0.88963997 0.44143501
vt 0.88573200 0.44367799
vt 0.88469601 0.44644201
vt 0.88770002 0.44766599
vt 0.88881898 0.44459701
vt 0.88469601 0.44644201
vt 0.88341600 0.44910499
vt 0.88631701 0.45062399
vt 0.88770002 0.44766599
vt 0.88697600 0.43787101
vt 0.88648200 0.44081500
vt 0.88963997 0.44143501
vt 0.89014602 0.43820101
vt 0.88718301 0.43489000
vt 0.88697600 0.43787101
vt 0.89014602 0.43820101
vt 0.89029998 0.43496600
vt 0.88650000 0.43487799
vt 0.88629502 0.43779001
vt 0.88697600 0.43787101
vt 0.88718301 0.43489000
vt 0.88709301 0.43193001
vt 0.88718301 0.43489000
vt 0.89029998 0.43496600
vt 0.89026397 0.43174601
vt 0.88642401 0.43198800
vt 0.88650000 0.43487799
vt 0.88718301 0.43489000
vt 0.88709301 0.43193001
vt 0.88607103 0.42912200
vt 0.88642401 0.43198800
vt 0.88709301 0.43193001
vt 0.88671499 0.42900199
vt 0.88671499 0.42900199
vt 0.88709301 0.43193001
vt 0.89026397 0.43174601
vt 0.88988298 0.42852801
vt 0.88642401 0.43198800
vt 0.88607103 0.42912200
vt 0.88407099 0.42960501
vt 0.88441998 0.43224099
vt 0.88607103 0.42912200
vt 0.88545698 0.42630300
vt 0.88348597 0.42697799
vt 0.88407099 0.42960501
vt 0.88545698 0.42630300
vt 0.88607103 0.42912200
vt 0.88671499 0.42900199
vt 0.88606697 0.42613700
vt 0.88458300 0.42357501
vt 0.88545698 0.42630300
vt 0.88606697 0.42613700
vt 0.88517898 0.42336401
vt 0.88545698 0.42630300
vt 0.88458300 0.42357501
vt 0.88268501 0.42442399
vt 0.88348597 0.42697799
vt 0.88304597 0.42719001
vt 0.88348597 0.42697799
vt 0.88268501 0.42442399
vt 0.88230097 0.42462200
vt 0.88368499 0.42979601
vt 0.88407099 0.42960501
vt 0.88348597 0.42697799
vt 0.88304597 0.42719001
vt 0.88458300 0.42357501
vt 0.88346702 0.42096800
vt 0.88167900 0.42201400
vt 0.88268501 0.42442399
vt 0.88230097 0.42462200
vt 0.88268501 0.42442399
vt 0.88167900 0.42201400
vt 0.88145202 0.42221099
vt 0.88244301 0.42744899
vt 0.88304597 0.42719001
vt 0.88230097 0.42462200
vt 0.88193297 0.42555800
vt 0.88133901 0.42231700
vt 0.88185102 0.42378601
vt 0.88230097 0.42462200
vt 0.88145202 0.42221099
vt 0.88185102 0.42378601
vt 0.88169903 0.42452699
vt 0.88193297 0.42555800
vt 0.88230097 0.42462200
vt 0.88169903 0.42452699
vt 0.88105798 0.42425901
vt 0.88108999 0.42529801
vt 0.88193297 0.42555800
vt 0.88185197 0.42768899
vt 0.88244301 0.42744899
vt 0.88193297 0.42555800
vt 0.88108999 0.42529801
vt 0.88077599 0.42550299
vt 0.88154399 0.42781600
vt 0.88185197 0.42768899
vt 0.88108999 0.42529801
vt 0.88105798 0.42425901
vt 0.88027000 0.42300701
vt 0.87996000 0.42318901
vt 0.88108999 0.42529801
vt 0.88108999 0.42529801
vt 0.87996000 0.42318901
vt 0.87976402 0.42331299
vt 0.88077599 0.42550299
vt 0.88077599 0.42550299
vt 0.87976402 0.42331299
vt 0.87873501 0.42386201
vt 0.87967300 0.42596900
vt 0.87976402 0.42331299
vt 0.87862301 0.42118001
vt 0.87762398 0.42183101
vt 0.87873501 0.42386201
vt 0.87996000 0.42318901
vt 0.87894398 0.42098099
vt 0.87862301 0.42118001
vt 0.87976402 0.42331299
vt 0.87862301 0.42118001
vt 0.87722999 0.41915101
vt 0.87630099 0.41990501
vt 0.87762398 0.42183101
vt 0.87894398 0.42098099
vt 0.87748700 0.41890699
vt 0.87722999 0.41915101
vt 0.87862301 0.42118001
vt 0.87894398 0.42098099
vt 0.87918401 0.41999599
vt 0.87798399 0.41843700
vt 0.87748700 0.41890699
vt 0.87972999 0.42158699
vt 0.87986201 0.42081299
vt 0.87918401 0.41999599
vt 0.87894398 0.42098099
vt 0.88027000 0.42300701
vt 0.87972999 0.42158699
vt 0.87894398 0.42098099
vt 0.87996000 0.42318901
vt 0.88015902 0.42185900
vt 0.88032103 0.42149600
vt 0.87986201 0.42081299
vt 0.87972999 0.42158699
vt 0.88059998 0.42281100
vt 0.88015902 0.42185900
vt 0.87972999 0.42158699
vt 0.88027000 0.42300701
vt 0.88059998 0.42281100
vt 0.88108301 0.42372301
vt 0.88143700 0.42375201
vt 0.88156497 0.42342201
vt 0.88116503 0.42243999
vt 0.88063401 0.42153099
vt 0.88032103 0.42149600
vt 0.88015902 0.42185900
vt 0.88032103 0.42149600
vt 0.88063401 0.42153099
vt 0.88049901 0.42104399
vt 0.87986201 0.42081299
vt 0.88063401 0.42153099
vt 0.88116503 0.42243999
vt 0.88133901 0.42231700
vt 0.88049901 0.42104399
vt 0.87986201 0.42081299
vt 0.88049901 0.42104399
vt 0.88007301 0.42009500
vt 0.87918401 0.41999599
vt 0.88049901 0.42104399
vt 0.88133901 0.42231700
vt 0.88145202 0.42221099
vt 0.88007301 0.42009500
vt 0.88145202 0.42221099
vt 0.88167900 0.42201400
vt 0.88037801 0.41973799
vt 0.88007301 0.42009500
vt 0.88007301 0.42009500
vt 0.88037801 0.41973799
vt 0.87885201 0.41755700
vt 0.87849200 0.41793901
vt 0.87918401 0.41999599
vt 0.88007301 0.42009500
vt 0.87849200 0.41793901
vt 0.87798399 0.41843700
vt 0.87798399 0.41843700
vt 0.87849200 0.41793901
vt 0.87681699 0.41585201
vt 0.87678301 0.41687700
vt 0.87849200 0.41793901
vt 0.87885201 0.41755700
vt 0.87713599 0.41551501
vt 0.87681699 0.41585201
vt 0.88048100 0.41614300
vt 0.87864000 0.41395700
vt 0.87713599 0.41551501
vt 0.87885201 0.41755700
vt 0.88037801 0.41973799
vt 0.88209301 0.41848901
vt 0.88048100 0.41614300
vt 0.87885201 0.41755700
vt 0.87681699 0.41585201
vt 0.87713599 0.41551501
vt 0.87526500 0.41367400
vt 0.87509799 0.41394001
vt 0.87864000 0.41395700
vt 0.87659699 0.41196400
vt 0.87526500 0.41367400
vt 0.87713599 0.41551501
vt 0.88104302 0.41573501
vt 0.87916398 0.41347000
vt 0.87864000 0.41395700
vt 0.88048100 0.41614300
vt 0.87916398 0.41347000
vt 0.87704301 0.41142699
vt 0.87659699 0.41196400
vt 0.87864000 0.41395700
vt 0.88167697 0.41117099
vt 0.87930602 0.40885401
vt 0.87704301 0.41142699
vt 0.87916398 0.41347000
vt 0.88375801 0.41373101
vt 0.88167697 0.41117099
vt 0.87916398 0.41347000
vt 0.88104302 0.41573501
vt 0.88553500 0.41646901
vt 0.88375801 0.41373101
vt 0.88104302 0.41573501
vt 0.88267398 0.41815701
vt 0.88267398 0.41815701
vt 0.88104302 0.41573501
vt 0.88048100 0.41614300
vt 0.88209301 0.41848901
vt 0.88701898 0.41933700
vt 0.88553500 0.41646901
vt 0.88267398 0.41815701
vt 0.88405198 0.42070299
vt 0.88405198 0.42070299
vt 0.88267398 0.41815701
vt 0.88209301 0.41848901
vt 0.88346702 0.42096800
vt 0.88517898 0.42336401
vt 0.88405198 0.42070299
vt 0.88346702 0.42096800
vt 0.88458300 0.42357501
vt 0.88822901 0.42230701
vt 0.88701898 0.41933700
vt 0.88405198 0.42070299
vt 0.88517898 0.42336401
vt 0.88606697 0.42613700
vt 0.88919097 0.42537299
vt 0.88822901 0.42230701
vt 0.88517898 0.42336401
vt 0.88671499 0.42900199
vt 0.88988298 0.42852801
vt 0.88919097 0.42537299
vt 0.88606697 0.42613700
vt 0.88346702 0.42096800
vt 0.88209301 0.41848901
vt 0.88037801 0.41973799
vt 0.88167900 0.42201400
vt 0.87509799 0.41394001
vt 0.87526500 0.41367400
vt 0.87316000 0.41207701
vt 0.87296802 0.41251701
vt 0.87501198 0.41408801
vt 0.87605202 0.41525999
vt 0.87681699 0.41585201
vt 0.87509799 0.41394001
vt 0.87371701 0.41323400
vt 0.87501198 0.41408801
vt 0.87509799 0.41394001
vt 0.87296802 0.41251701
vt 0.87300098 0.41327000
vt 0.87371701 0.41323400
vt 0.87296802 0.41251701
vt 0.87204498 0.41277000
vt 0.87204498 0.41277000
vt 0.87296802 0.41251701
vt 0.87063700 0.41114700
vt 0.87031001 0.41179600
vt 0.87296802 0.41251701
vt 0.87316000 0.41207701
vt 0.87086803 0.41066501
vt 0.87063700 0.41114700
vt 0.87314898 0.41404000
vt 0.87300098 0.41327000
vt 0.87204498 0.41277000
vt 0.87216198 0.41377300
vt 0.87216198 0.41377300
vt 0.87204498 0.41277000
vt 0.87031001 0.41179600
vt 0.86999202 0.41241601
vt 0.87366802 0.41413200
vt 0.87369800 0.41373000
vt 0.87300098 0.41327000
vt 0.87314898 0.41404000
vt 0.87369800 0.41373000
vt 0.87402499 0.41363701
vt 0.87371701 0.41323400
vt 0.87300098 0.41327000
vt 0.87419802 0.41515601
vt 0.87314898 0.41404000
vt 0.87216198 0.41377300
vt 0.87396598 0.41543800
vt 0.87444699 0.41484901
vt 0.87366802 0.41413200
vt 0.87314898 0.41404000
vt 0.87419802 0.41515601
vt 0.87444699 0.41484901
vt 0.87525803 0.41551200
vt 0.87562102 0.41539899
vt 0.87563401 0.41503599
vt 0.87488103 0.41427499
vt 0.87402499 0.41363701
vt 0.87369800 0.41373000
vt 0.87366802 0.41413200
vt 0.87525803 0.41551200
vt 0.87444699 0.41484901
vt 0.87419802 0.41515601
vt 0.87543201 0.41601899
vt 0.87562102 0.41539899
vt 0.87525803 0.41551200
vt 0.87543201 0.41601899
vt 0.87616497 0.41601500
vt 0.87563401 0.41503599
vt 0.87562102 0.41539899
vt 0.87616497 0.41601500
vt 0.87605202 0.41525999
vt 0.87616497 0.41601500
vt 0.87543201 0.41601899
vt 0.87585002 0.41697001
vt 0.87678301 0.41687700
vt 0.87605202 0.41525999
vt 0.87616497 0.41601500
vt 0.87678301 0.41687700
vt 0.87681699 0.41585201
vt 0.87748700 0.41890699
vt 0.87798399 0.41843700
vt 0.87678301 0.41687700
vt 0.87585002 0.41697001
vt 0.87585002 0.41697001
vt 0.87396598 0.41543800
vt 0.87382001 0.41562599
vt 0.87561703 0.41728199
vt 0.87543201 0.41601899
vt 0.87419802 0.41515601
vt 0.87396598 0.41543800
vt 0.87585002 0.41697001
vt 0.87748700 0.41890699
vt 0.87585002 0.41697001
vt 0.87561703 0.41728199
vt 0.87722999 0.41915101
vt 0.87561703 0.41728199
vt 0.87382001 0.41562599
vt 0.87308502 0.41651201
vt 0.87478000 0.41812301
vt 0.87722999 0.41915101
vt 0.87561703 0.41728199
vt 0.87478000 0.41812301
vt 0.87630099 0.41990501
vt 0.87488103 0.41427499
vt 0.87563401 0.41503599
vt 0.87605202 0.41525999
vt 0.87501198 0.41408801
vt 0.87402499 0.41363701
vt 0.87488103 0.41427499
vt 0.87501198 0.41408801
vt 0.87371701 0.41323400
vt 0.88116503 0.42243999
vt 0.88156497 0.42342201
vt 0.88185102 0.42378601
vt 0.88133901 0.42231700
vt 0.88156497 0.42342201
vt 0.88143700 0.42375201
vt 0.88169903 0.42452699
vt 0.88185102 0.42378601
vt 0.88143700 0.42375201
vt 0.88108301 0.42372301
vt 0.88105798 0.42425901
vt 0.88169903 0.42452699
vt 0.88108301 0.42372301
vt 0.88059998 0.42281100
vt 0.88027000 0.42300701
vt 0.88105798 0.42425901
vt 0.88154399 0.42781600
vt 0.88205701 0.43019801
vt 0.88240999 0.43013901
vt 0.88185197 0.42768899
vt 0.88240999 0.43013901
vt 0.88295501 0.42933899
vt 0.88244301 0.42744899
vt 0.88185197 0.42768899
vt 0.88205701 0.43019801
vt 0.88230097 0.43259001
vt 0.88252300 0.43255600
vt 0.88240999 0.43013901
vt 0.88287097 0.43250901
vt 0.88289601 0.43099499
vt 0.88240999 0.43013901
vt 0.88252300 0.43255600
vt 0.88289601 0.43099499
vt 0.88327599 0.43034300
vt 0.88295501 0.42933899
vt 0.88240999 0.43013901
vt 0.88295501 0.42933899
vt 0.88368499 0.42979601
vt 0.88304597 0.42719001
vt 0.88244301 0.42744899
vt 0.88327599 0.43034300
vt 0.88374400 0.43082201
vt 0.88368499 0.42979601
vt 0.88295501 0.42933899
vt 0.88374400 0.43082201
vt 0.88403201 0.43233699
vt 0.88415301 0.43230501
vt 0.88368499 0.42979601
vt 0.88415301 0.43230501
vt 0.88441998 0.43224099
vt 0.88407099 0.42960501
vt 0.88368499 0.42979601
vt 0.88344598 0.43114701
vt 0.88369602 0.43131301
vt 0.88374400 0.43082201
vt 0.88327599 0.43034300
vt 0.88369602 0.43131301
vt 0.88384402 0.43236601
vt 0.88403201 0.43233699
vt 0.88374400 0.43082201
vt 0.88384402 0.43236601
vt 0.88384700 0.43343499
vt 0.88396400 0.43389800
vt 0.88403201 0.43233699
vt 0.88323700 0.43245900
vt 0.88333499 0.43349800
vt 0.88362902 0.43367699
vt 0.88384700 0.43343499
vt 0.88384402 0.43236601
vt 0.88369602 0.43131301
vt 0.88344598 0.43114701
vt 0.88318300 0.43141100
vt 0.88384700 0.43343499
vt 0.88362902 0.43367699
vt 0.88357800 0.43450499
vt 0.88396400 0.43389800
vt 0.88362902 0.43367699
vt 0.88333499 0.43349800
vt 0.88311601 0.43398100
vt 0.88357800 0.43450499
vt 0.88333499 0.43349800
vt 0.88323700 0.43245900
vt 0.88287097 0.43250901
vt 0.88311601 0.43398100
vt 0.88323700 0.43245900
vt 0.88318300 0.43141100
vt 0.88289601 0.43099499
vt 0.88287097 0.43250901
vt 0.88311601 0.43398100
vt 0.88287097 0.43250901
vt 0.88252300 0.43255600
vt 0.88276201 0.43494600
vt 0.88318300 0.43141100
vt 0.88344598 0.43114701
vt 0.88327599 0.43034300
vt 0.88289601 0.43099499
vt 0.88230097 0.43259001
vt 0.88240802 0.43499401
vt 0.88276201 0.43494600
vt 0.88252300 0.43255600
vt 0.88240802 0.43499401
vt 0.88224298 0.43742701
vt 0.88256198 0.43745801
vt 0.88276201 0.43494600
vt 0.88120401 0.43499401
vt 0.88103902 0.43729299
vt 0.88224298 0.43742701
vt 0.88240802 0.43499401
vt 0.88309801 0.44118899
vt 0.88280100 0.44271401
vt 0.88291699 0.44277301
vt 0.88341498 0.44025299
vt 0.88287300 0.44160500
vt 0.88261902 0.44263801
vt 0.88280100 0.44271401
vt 0.88309801 0.44118899
vt 0.88271201 0.44132799
vt 0.88287300 0.44160500
vt 0.88309801 0.44118899
vt 0.88285601 0.44052500
vt 0.85186702 0.45903501
vt 0.85234201 0.45991600
vt 0.85430300 0.46017399
vt 0.85437500 0.45948499
vt 0.85441202 0.45912901
vt 0.85197902 0.45866999
vt 0.85186702 0.45903501
vt 0.85437500 0.45948499
vt 0.85690999 0.45817599
vt 0.85456300 0.45800599
vt 0.85441202 0.45912901
vt 0.85688001 0.45931301
vt 0.85441202 0.45912901
vt 0.85456300 0.45800599
vt 0.85224599 0.45758599
vt 0.85197902 0.45866999
vt 0.84964901 0.45794600
vt 0.85197902 0.45866999
vt 0.85224599 0.45758599
vt 0.85000002 0.45692900
vt 0.84958798 0.45816699
vt 0.85186702 0.45903501
vt 0.85197902 0.45866999
vt 0.84964901 0.45794600
vt 0.84736800 0.45708999
vt 0.84964901 0.45794600
vt 0.85000002 0.45692900
vt 0.84781200 0.45609301
vt 0.84726900 0.45746100
vt 0.84958798 0.45816699
vt 0.84964901 0.45794600
vt 0.84736800 0.45708999
vt 0.84802997 0.45816800
vt 0.84949303 0.45850399
vt 0.84958798 0.45816699
vt 0.84726900 0.45746100
vt 0.84949303 0.45850399
vt 0.85087103 0.45914000
vt 0.85186702 0.45903501
vt 0.84958798 0.45816699
vt 0.84938902 0.45886999
vt 0.85036898 0.45924100
vt 0.85087103 0.45914000
vt 0.84949303 0.45850399
vt 0.84839100 0.45856300
vt 0.84938902 0.45886999
vt 0.84949303 0.45850399
vt 0.84802997 0.45816800
vt 0.84809399 0.45879799
vt 0.84839100 0.45856300
vt 0.84802997 0.45816800
vt 0.84734201 0.45844501
vt 0.84734201 0.45844501
vt 0.84802997 0.45816800
vt 0.84726900 0.45746100
vt 0.84642297 0.45789301
vt 0.84938902 0.45886999
vt 0.84839100 0.45856300
vt 0.84809399 0.45879799
vt 0.84820700 0.45914000
vt 0.84919000 0.45955801
vt 0.85021597 0.45982799
vt 0.85049099 0.45961800
vt 0.85036898 0.45924100
vt 0.84820700 0.45914000
vt 0.84809399 0.45879799
vt 0.84734201 0.45844501
vt 0.84771597 0.45910001
vt 0.84919000 0.45955801
vt 0.84820700 0.45914000
vt 0.84771597 0.45910001
vt 0.84911400 0.45979500
vt 0.85021597 0.45982799
vt 0.84919000 0.45955801
vt 0.84911400 0.45979500
vt 0.85063201 0.46009600
vt 0.85049099 0.45961800
vt 0.85021597 0.45982799
vt 0.85063201 0.46009600
vt 0.85128897 0.45979500
vt 0.85063201 0.46009600
vt 0.84911400 0.45979500
vt 0.84906101 0.45997801
vt 0.85156602 0.46049601
vt 0.85128897 0.45979500
vt 0.85063201 0.46009600
vt 0.85156602 0.46049601
vt 0.85234201 0.45991600
vt 0.85087103 0.45914000
vt 0.85128897 0.45979500
vt 0.85234201 0.45991600
vt 0.85186702 0.45903501
vt 0.85036898 0.45924100
vt 0.85049099 0.45961800
vt 0.85128897 0.45979500
vt 0.85087103 0.45914000
vt 0.84911400 0.45979500
vt 0.84771597 0.45910001
vt 0.84675401 0.45885301
vt 0.84906101 0.45997801
vt 0.84771597 0.45910001
vt 0.84734201 0.45844501
vt 0.84642297 0.45789301
vt 0.84675401 0.45885301
vt 0.84440798 0.45754901
vt 0.84419399 0.45803300
vt 0.84655899 0.45928100
vt 0.84675401 0.45885301
vt 0.84471500 0.45690301
vt 0.84440798 0.45754901
vt 0.84675401 0.45885301
vt 0.84642297 0.45789301
vt 0.84501702 0.45628500
vt 0.84471500 0.45690301
vt 0.84642297 0.45789301
vt 0.84726900 0.45746100
vt 0.84289098 0.45490000
vt 0.84302002 0.45590201
vt 0.84471500 0.45690301
vt 0.84501702 0.45628500
vt 0.84302002 0.45590201
vt 0.84212798 0.45614299
vt 0.84440798 0.45754901
vt 0.84471500 0.45690301
vt 0.84194499 0.45461500
vt 0.84210002 0.45537999
vt 0.84302002 0.45590201
vt 0.84289098 0.45490000
vt 0.84210002 0.45537999
vt 0.84140700 0.45540801
vt 0.84212798 0.45614299
vt 0.84302002 0.45590201
vt 0.84517199 0.45596501
vt 0.84311700 0.45460200
vt 0.84289098 0.45490000
vt 0.84501702 0.45628500
vt 0.84311700 0.45460200
vt 0.84126002 0.45304599
vt 0.84112799 0.45322901
vt 0.84289098 0.45490000
vt 0.84091800 0.45350200
vt 0.84194499 0.45461500
vt 0.84289098 0.45490000
vt 0.84112799 0.45322901
vt 0.83971298 0.45263600
vt 0.84091800 0.45350200
vt 0.84112799 0.45322901
vt 0.83927798 0.45169801
vt 0.84126002 0.45304599
vt 0.83949500 0.45139399
vt 0.83927798 0.45169801
vt 0.84112799 0.45322901
vt 0.83989900 0.45313501
vt 0.84069198 0.45379701
vt 0.84091800 0.45350200
vt 0.83971298 0.45263600
vt 0.84069198 0.45379701
vt 0.84145200 0.45451400
vt 0.84194499 0.45461500
vt 0.84091800 0.45350200
vt 0.84069198 0.45379701
vt 0.83989900 0.45313501
vt 0.83955401 0.45323700
vt 0.83954400 0.45359400
vt 0.84028500 0.45435300
vt 0.84111798 0.45499599
vt 0.84143400 0.45490700
vt 0.84145200 0.45451400
vt 0.84145200 0.45451400
vt 0.84143400 0.45490700
vt 0.84210002 0.45537999
vt 0.84194499 0.45461500
vt 0.84143400 0.45490700
vt 0.84111798 0.45499599
vt 0.84140700 0.45540801
vt 0.84210002 0.45537999
vt 0.84111798 0.45499599
vt 0.84028500 0.45435300
vt 0.84014100 0.45454800
vt 0.84140700 0.45540801
vt 0.84140700 0.45540801
vt 0.84014100 0.45454800
vt 0.84004402 0.45470601
vt 0.84212798 0.45614299
vt 0.84028500 0.45435300
vt 0.83954400 0.45359400
vt 0.83912098 0.45337400
vt 0.84014100 0.45454800
vt 0.84014100 0.45454800
vt 0.83912098 0.45337400
vt 0.83835399 0.45278600
vt 0.84004402 0.45470601
vt 0.83835399 0.45278600
vt 0.83804798 0.45311499
vt 0.83988601 0.45497000
vt 0.84004402 0.45470601
vt 0.84004402 0.45470601
vt 0.83988601 0.45497000
vt 0.84195101 0.45658401
vt 0.84212798 0.45614299
vt 0.83718199 0.45021501
vt 0.83669502 0.45069200
vt 0.83835399 0.45278600
vt 0.83837301 0.45177299
vt 0.83669502 0.45069200
vt 0.83634800 0.45105901
vt 0.83804798 0.45311499
vt 0.83835399 0.45278600
vt 0.83912098 0.45337400
vt 0.83900201 0.45262799
vt 0.83837301 0.45177299
vt 0.83835399 0.45278600
vt 0.83900201 0.45262799
vt 0.83971298 0.45263600
vt 0.83927798 0.45169801
vt 0.83837301 0.45177299
vt 0.83766103 0.44976300
vt 0.83718199 0.45021501
vt 0.83837301 0.45177299
vt 0.83927798 0.45169801
vt 0.83600301 0.44865000
vt 0.83512902 0.44852501
vt 0.83669502 0.45069200
vt 0.83718199 0.45021501
vt 0.83622998 0.44768599
vt 0.83600301 0.44865000
vt 0.83718199 0.45021501
vt 0.83766103 0.44976300
vt 0.83547300 0.44706199
vt 0.83534801 0.44781801
vt 0.83600301 0.44865000
vt 0.83622998 0.44768599
vt 0.83534801 0.44781801
vt 0.83472300 0.44757199
vt 0.83512902 0.44852501
vt 0.83600301 0.44865000
vt 0.83512902 0.44852501
vt 0.83375901 0.44640100
vt 0.83352900 0.44658101
vt 0.83482897 0.44886401
vt 0.83512902 0.44852501
vt 0.83482897 0.44886401
vt 0.83634800 0.45105901
vt 0.83669502 0.45069200
vt 0.83472300 0.44757199
vt 0.83389002 0.44629499
vt 0.83375901 0.44640100
vt 0.83512902 0.44852501
vt 0.83460301 0.44708201
vt 0.83407998 0.44617099
vt 0.83389002 0.44629499
vt 0.83472300 0.44757199
vt 0.83490998 0.44712600
vt 0.83460301 0.44708201
vt 0.83472300 0.44757199
vt 0.83534801 0.44781801
vt 0.83462799 0.44583201
vt 0.83415198 0.44492301
vt 0.83380997 0.44487700
vt 0.83368403 0.44519401
vt 0.83407998 0.44617099
vt 0.83460301 0.44708201
vt 0.83490998 0.44712600
vt 0.83506000 0.44677800
vt 0.83506000 0.44677800
vt 0.83490998 0.44712600
vt 0.83534801 0.44781801
vt 0.83547300 0.44706199
vt 0.83462799 0.44583201
vt 0.83506000 0.44677800
vt 0.83547300 0.44706199
vt 0.83494103 0.44565299
vt 0.83415198 0.44492301
vt 0.83462799 0.44583201
vt 0.83494103 0.44565299
vt 0.83416700 0.44440001
vt 0.83416700 0.44440001
vt 0.83494103 0.44565299
vt 0.83523601 0.44548699
vt 0.83411902 0.44338199
vt 0.83494103 0.44565299
vt 0.83547300 0.44706199
vt 0.83622998 0.44768599
vt 0.83523601 0.44548699
vt 0.83380997 0.44487700
vt 0.83415198 0.44492301
vt 0.83416700 0.44440001
vt 0.83353603 0.44411099
vt 0.83353603 0.44411099
vt 0.83416700 0.44440001
vt 0.83411902 0.44338199
vt 0.83328700 0.44308800
vt 0.83442497 0.44319499
vt 0.83366901 0.44088700
vt 0.83336401 0.44099599
vt 0.83411902 0.44338199
vt 0.83336401 0.44099599
vt 0.83278000 0.44119999
vt 0.83328700 0.44308800
vt 0.83411902 0.44338199
vt 0.83338702 0.44483200
vt 0.83353603 0.44411099
vt 0.83328700 0.44308800
vt 0.83292001 0.44399101
vt 0.83278000 0.44119999
vt 0.83218098 0.44141701
vt 0.83292001 0.44399101
vt 0.83328700 0.44308800
vt 0.83282602 0.43854901
vt 0.83228499 0.43930799
vt 0.83278000 0.44119999
vt 0.83336401 0.44099599
vt 0.83389002 0.44629499
vt 0.83338702 0.44483200
vt 0.83292001 0.44399101
vt 0.83375901 0.44640100
vt 0.83375901 0.44640100
vt 0.83292001 0.44399101
vt 0.83253300 0.44415799
vt 0.83352900 0.44658101
vt 0.83368403 0.44519401
vt 0.83380997 0.44487700
vt 0.83353603 0.44411099
vt 0.83338702 0.44483200
vt 0.83407998 0.44617099
vt 0.83368403 0.44519401
vt 0.83338702 0.44483200
vt 0.83389002 0.44629499
vt 0.83366901 0.44088700
vt 0.83317202 0.43851200
vt 0.83282602 0.43854901
vt 0.83336401 0.44099599
vt 0.83317202 0.43851200
vt 0.83294302 0.43613601
vt 0.83272803 0.43615401
vt 0.83282602 0.43854901
vt 0.83236498 0.43766901
vt 0.83198798 0.43829200
vt 0.83228499 0.43930799
vt 0.83282602 0.43854901
vt 0.83239502 0.43617600
vt 0.83236498 0.43766901
vt 0.83282602 0.43854901
vt 0.83272803 0.43615401
vt 0.83294302 0.43613601
vt 0.83283800 0.43375301
vt 0.83249199 0.43377599
vt 0.83272803 0.43615401
vt 0.83215702 0.43470800
vt 0.83239502 0.43617600
vt 0.83272803 0.43615401
vt 0.83249199 0.43377599
vt 0.83194798 0.43516999
vt 0.83204401 0.43619999
vt 0.83239502 0.43617600
vt 0.83215702 0.43470800
vt 0.83204401 0.43619999
vt 0.83209300 0.43723699
vt 0.83236498 0.43766901
vt 0.83239502 0.43617600
vt 0.83204401 0.43619999
vt 0.83194798 0.43516999
vt 0.83166403 0.43497300
vt 0.83144403 0.43519801
vt 0.83144599 0.43625501
vt 0.83158898 0.43730399
vt 0.83183903 0.43748099
vt 0.83209300 0.43723699
vt 0.83209300 0.43723699
vt 0.83183903 0.43748099
vt 0.83198798 0.43829200
vt 0.83236498 0.43766901
vt 0.83183903 0.43748099
vt 0.83158898 0.43730399
vt 0.83152503 0.43779299
vt 0.83198798 0.43829200
vt 0.83158898 0.43730399
vt 0.83144599 0.43625501
vt 0.83123797 0.43628100
vt 0.83152503 0.43779299
vt 0.83144599 0.43625501
vt 0.83144403 0.43519801
vt 0.83131301 0.43473801
vt 0.83123797 0.43628100
vt 0.83144403 0.43519801
vt 0.83166403 0.43497300
vt 0.83170003 0.43416101
vt 0.83131301 0.43473801
vt 0.83166403 0.43497300
vt 0.83194798 0.43516999
vt 0.83215702 0.43470800
vt 0.83170003 0.43416101
vt 0.83170003 0.43416101
vt 0.83215702 0.43470800
vt 0.83249199 0.43377599
vt 0.83185500 0.43312401
vt 0.83283800 0.43375301
vt 0.83300501 0.43133801
vt 0.83268899 0.43128499
vt 0.83249199 0.43377599
vt 0.83268899 0.43128499
vt 0.83208698 0.43118501
vt 0.83185500 0.43312401
vt 0.83249199 0.43377599
vt 0.83310598 0.42881900
vt 0.83232898 0.42924300
vt 0.83208698 0.43118501
vt 0.83268899 0.43128499
vt 0.83300501 0.43133801
vt 0.83343399 0.42895600
vt 0.83310598 0.42881900
vt 0.83268899 0.43128499
vt 0.83391500 0.42658401
vt 0.83310598 0.42881900
vt 0.83343399 0.42895600
vt 0.83411801 0.42667100
vt 0.83360201 0.42645401
vt 0.83301198 0.42780200
vt 0.83310598 0.42881900
vt 0.83391500 0.42658401
vt 0.83301198 0.42780200
vt 0.83243197 0.42818600
vt 0.83232898 0.42924300
vt 0.83310598 0.42881900
vt 0.83292502 0.42728400
vt 0.83259600 0.42738199
vt 0.83243197 0.42818600
vt 0.83301198 0.42780200
vt 0.83326799 0.42631701
vt 0.83292502 0.42728400
vt 0.83301198 0.42780200
vt 0.83360201 0.42645401
vt 0.83393002 0.42499700
vt 0.83360201 0.42645401
vt 0.83391500 0.42658401
vt 0.83458900 0.42428800
vt 0.83356202 0.42532700
vt 0.83326799 0.42631701
vt 0.83360201 0.42645401
vt 0.83393002 0.42499700
vt 0.83326799 0.42631701
vt 0.83356202 0.42532700
vt 0.83336502 0.42500800
vt 0.83306903 0.42510200
vt 0.83268201 0.42607200
vt 0.83242798 0.42709500
vt 0.83259600 0.42738199
vt 0.83292502 0.42728400
vt 0.83336502 0.42500800
vt 0.83356202 0.42532700
vt 0.83393002 0.42499700
vt 0.83369797 0.42427701
vt 0.83306903 0.42510200
vt 0.83336502 0.42500800
vt 0.83369797 0.42427701
vt 0.83311599 0.42461401
vt 0.83369797 0.42427701
vt 0.83393002 0.42499700
vt 0.83458900 0.42428800
vt 0.83422297 0.42338201
vt 0.83311599 0.42461401
vt 0.83369797 0.42427701
vt 0.83422297 0.42338201
vt 0.83337599 0.42364100
vt 0.83268201 0.42607200
vt 0.83306903 0.42510200
vt 0.83311599 0.42461401
vt 0.83247697 0.42599300
vt 0.83516002 0.42168701
vt 0.83459902 0.42129701
vt 0.83337599 0.42364100
vt 0.83422297 0.42338201
vt 0.83570600 0.42205501
vt 0.83516002 0.42168701
vt 0.83422297 0.42338201
vt 0.83458900 0.42428800
vt 0.83492303 0.42442599
vt 0.83599001 0.42224699
vt 0.83570600 0.42205501
vt 0.83458900 0.42428800
vt 0.83458900 0.42428800
vt 0.83391500 0.42658401
vt 0.83411801 0.42667100
vt 0.83492303 0.42442599
vt 0.83492303 0.42442599
vt 0.83411801 0.42667100
vt 0.83503401 0.42699900
vt 0.83583897 0.42484400
vt 0.83583897 0.42484400
vt 0.83686697 0.42276499
vt 0.83599001 0.42224699
vt 0.83492303 0.42442599
vt 0.83411801 0.42667100
vt 0.83343399 0.42895600
vt 0.83440000 0.42920601
vt 0.83503401 0.42699900
vt 0.83599001 0.42224699
vt 0.83728999 0.42019501
vt 0.83702397 0.41992801
vt 0.83570600 0.42205501
vt 0.83686697 0.42276499
vt 0.83811003 0.42080000
vt 0.83728999 0.42019501
vt 0.83599001 0.42224699
vt 0.83811003 0.42080000
vt 0.83686697 0.42276499
vt 0.83933699 0.42415899
vt 0.84042799 0.42243201
vt 0.83879399 0.41832000
vt 0.83728999 0.42019501
vt 0.83811003 0.42080000
vt 0.83954501 0.41898000
vt 0.83954501 0.41898000
vt 0.83811003 0.42080000
vt 0.84042799 0.42243201
vt 0.84168601 0.42081901
vt 0.84309798 0.41932800
vt 0.84112298 0.41727600
vt 0.83954501 0.41898000
vt 0.84168601 0.42081901
vt 0.84288400 0.41572899
vt 0.84112298 0.41727600
vt 0.84309798 0.41932800
vt 0.84465301 0.41797701
vt 0.84223700 0.41489899
vt 0.84040499 0.41652799
vt 0.84112298 0.41727600
vt 0.84288400 0.41572899
vt 0.84040499 0.41652799
vt 0.83879399 0.41832000
vt 0.83954501 0.41898000
vt 0.84112298 0.41727600
vt 0.84012699 0.41627100
vt 0.83863199 0.41815999
vt 0.83879399 0.41832000
vt 0.84040499 0.41652799
vt 0.84202302 0.41461200
vt 0.84012699 0.41627100
vt 0.84040499 0.41652799
vt 0.84223700 0.41489899
vt 0.84424299 0.41348201
vt 0.84223700 0.41489899
vt 0.84288400 0.41572899
vt 0.84479898 0.41437301
vt 0.84407598 0.41313401
vt 0.84202302 0.41461200
vt 0.84223700 0.41489899
vt 0.84424299 0.41348201
vt 0.84407598 0.41313401
vt 0.84314603 0.41284099
vt 0.84160697 0.41406000
vt 0.84202302 0.41461200
vt 0.84202302 0.41461200
vt 0.84160697 0.41406000
vt 0.84008300 0.41527900
vt 0.84012699 0.41627100
vt 0.84314603 0.41284099
vt 0.84329301 0.41186899
vt 0.84117401 0.41348299
vt 0.84160697 0.41406000
vt 0.84160697 0.41406000
vt 0.84117401 0.41348299
vt 0.83913898 0.41518301
vt 0.84008300 0.41527900
vt 0.83925599 0.41591001
vt 0.83923000 0.41667801
vt 0.84012699 0.41627100
vt 0.84008300 0.41527900
vt 0.83855402 0.41598800
vt 0.83925599 0.41591001
vt 0.84008300 0.41527900
vt 0.83913898 0.41518301
vt 0.84117401 0.41348299
vt 0.84085798 0.41305599
vt 0.83887100 0.41479400
vt 0.83913898 0.41518301
vt 0.83913898 0.41518301
vt 0.83887100 0.41479400
vt 0.83708698 0.41666600
vt 0.83730000 0.41688800
vt 0.83743000 0.41701299
vt 0.83855402 0.41598800
vt 0.83913898 0.41518301
vt 0.83730000 0.41688800
vt 0.83833700 0.41642201
vt 0.83867103 0.41645899
vt 0.83925599 0.41591001
vt 0.83855402 0.41598800
vt 0.83760899 0.41716999
vt 0.83833700 0.41642201
vt 0.83855402 0.41598800
vt 0.83743000 0.41701299
vt 0.83699000 0.41802099
vt 0.83760899 0.41716999
vt 0.83743000 0.41701299
vt 0.83660102 0.41830701
vt 0.83660102 0.41830701
vt 0.83743000 0.41701299
vt 0.83730000 0.41688800
vt 0.83592403 0.41900900
vt 0.83811200 0.41765100
vt 0.83875501 0.41684201
vt 0.83867103 0.41645899
vt 0.83833700 0.41642201
vt 0.83760899 0.41716999
vt 0.83699000 0.41802099
vt 0.83705997 0.41836599
vt 0.83742303 0.41841599
vt 0.83705997 0.41836599
vt 0.83699000 0.41802099
vt 0.83660102 0.41830701
vt 0.83660299 0.41905099
vt 0.83742303 0.41841599
vt 0.83705997 0.41836599
vt 0.83660299 0.41905099
vt 0.83731401 0.41893801
vt 0.83660299 0.41905099
vt 0.83660102 0.41830701
vt 0.83592403 0.41900900
vt 0.83610702 0.41998699
vt 0.83731401 0.41893801
vt 0.83660299 0.41905099
vt 0.83610702 0.41998699
vt 0.83702397 0.41992801
vt 0.83811200 0.41765100
vt 0.83742303 0.41841599
vt 0.83731401 0.41893801
vt 0.83838201 0.41791499
vt 0.83838201 0.41791499
vt 0.83731401 0.41893801
vt 0.83702397 0.41992801
vt 0.83863199 0.41815999
vt 0.83923000 0.41667801
vt 0.83838201 0.41791499
vt 0.83863199 0.41815999
vt 0.84012699 0.41627100
vt 0.83875501 0.41684201
vt 0.83811200 0.41765100
vt 0.83838201 0.41791499
vt 0.83923000 0.41667801
vt 0.83867103 0.41645899
vt 0.83875501 0.41684201
vt 0.83923000 0.41667801
vt 0.83925599 0.41591001
vt 0.83863199 0.41815999
vt 0.83702397 0.41992801
vt 0.83728999 0.42019501
vt 0.83879399 0.41832000
vt 0.83702397 0.41992801
vt 0.83610702 0.41998699
vt 0.83516002 0.42168701
vt 0.83570600 0.42205501
vt 0.83610702 0.41998699
vt 0.83592403 0.41900900
vt 0.83459902 0.42129701
vt 0.83516002 0.42168701
vt 0.83592403 0.41900900
vt 0.83555698 0.41874501
vt 0.83419299 0.42099801
vt 0.83459902 0.42129701
vt 0.83730000 0.41688800
vt 0.83708698 0.41666600
vt 0.83555698 0.41874501
vt 0.83592403 0.41900900
vt 0.83360100 0.41732201
vt 0.83211303 0.41974100
vt 0.83419299 0.42099801
vt 0.83555698 0.41874501
vt 0.83708698 0.41666600
vt 0.83530700 0.41507500
vt 0.83360100 0.41732201
vt 0.83555698 0.41874501
vt 0.83477098 0.41465101
vt 0.83304000 0.41697299
vt 0.83360100 0.41732201
vt 0.83530700 0.41507500
vt 0.83304000 0.41697299
vt 0.83154100 0.41945499
vt 0.83211303 0.41974100
vt 0.83360100 0.41732201
vt 0.83211303 0.41974100
vt 0.83085197 0.42230400
vt 0.83302301 0.42336699
vt 0.83419299 0.42099801
vt 0.83154100 0.41945499
vt 0.83027202 0.42206800
vt 0.83085197 0.42230400
vt 0.83211303 0.41974100
vt 0.83459902 0.42129701
vt 0.83419299 0.42099801
vt 0.83302301 0.42336699
vt 0.83337599 0.42364100
vt 0.84397203 0.41215801
vt 0.84422398 0.41147101
vt 0.84329301 0.41186899
vt 0.84314603 0.41284099
vt 0.84471297 0.41232401
vt 0.84397203 0.41215801
vt 0.84314603 0.41284099
vt 0.84407598 0.41313401
vt 0.84466398 0.41169500
vt 0.84471101 0.41134900
vt 0.84422398 0.41147101
vt 0.84397203 0.41215801
vt 0.84500700 0.41187999
vt 0.84466398 0.41169500
vt 0.84397203 0.41215801
vt 0.84471297 0.41232401
vt 0.84471101 0.41134900
vt 0.84561902 0.41079900
vt 0.84549701 0.41059300
vt 0.84422398 0.41147101
vt 0.84422398 0.41147101
vt 0.84549701 0.41059300
vt 0.84539801 0.41043800
vt 0.84329301 0.41186899
vt 0.84329301 0.41186899
vt 0.84299701 0.41149801
vt 0.84085798 0.41305599
vt 0.84117401 0.41348299
vt 0.84539801 0.41043800
vt 0.84524500 0.41016299
vt 0.84299701 0.41149801
vt 0.84329301 0.41186899
vt 0.84479898 0.41437301
vt 0.84288400 0.41572899
vt 0.84465301 0.41797701
vt 0.84632897 0.41678599
vt 0.84683901 0.41323400
vt 0.84479898 0.41437301
vt 0.84632897 0.41678599
vt 0.84811503 0.41576901
vt 0.84895903 0.41226900
vt 0.84683901 0.41323400
vt 0.84811503 0.41576901
vt 0.84999001 0.41492999
vt 0.85118002 0.41152799
vt 0.84895903 0.41226900
vt 0.84999001 0.41492999
vt 0.85193801 0.41428000
vt 0.85346198 0.41102499
vt 0.85118002 0.41152799
vt 0.85193801 0.41428000
vt 0.85394001 0.41383001
vt 0.85577101 0.41075900
vt 0.85346198 0.41102499
vt 0.85394001 0.41383001
vt 0.85597497 0.41358000
vt 0.85346198 0.41102499
vt 0.85577101 0.41075900
vt 0.85567701 0.40970200
vt 0.85327297 0.40996099
vt 0.85802299 0.41352499
vt 0.85808802 0.41067901
vt 0.85577101 0.41075900
vt 0.85597497 0.41358000
vt 0.83242798 0.42709500
vt 0.83268201 0.42607200
vt 0.83247697 0.42599300
vt 0.83218700 0.42750701
vt 0.83259600 0.42738199
vt 0.83242798 0.42709500
vt 0.83218700 0.42750701
vt 0.83243197 0.42818600
vt 0.83300501 0.43133801
vt 0.83399701 0.43148100
vt 0.83440000 0.42920601
vt 0.83343399 0.42895600
vt 0.83383298 0.43378499
vt 0.83399701 0.43148100
vt 0.83300501 0.43133801
vt 0.83283800 0.43375301
vt 0.83294302 0.43613601
vt 0.83390898 0.43607801
vt 0.83383298 0.43378499
vt 0.83283800 0.43375301
vt 0.83954400 0.45359400
vt 0.83955401 0.45323700
vt 0.83900201 0.45262799
vt 0.83912098 0.45337400
vt 0.83955401 0.45323700
vt 0.83989900 0.45313501
vt 0.83971298 0.45263600
vt 0.83900201 0.45262799
vt 0.84212798 0.45614299
vt 0.84195101 0.45658401
vt 0.84419399 0.45803300
vt 0.84440798 0.45754901
vt 0.84736800 0.45708999
vt 0.84517199 0.45596501
vt 0.84501702 0.45628500
vt 0.84726900 0.45746100
vt 0.84305602 0.46007401
vt 0.84561700 0.46138901
vt 0.84655899 0.45928100
vt 0.84419399 0.45803300
vt 0.84936398 0.40545100
vt 0.84658301 0.40633699
vt 0.84680098 0.40693599
vt 0.84953201 0.40606400
vt 0.86092001 0.40523800
vt 0.85804200 0.40504199
vt 0.85804498 0.40732700
vt 0.86073101 0.40750599
vt 0.86377800 0.40567401
vt 0.86092001 0.40523800
vt 0.86073101 0.40750599
vt 0.86339700 0.40790299
vt 0.87661999 0.44281101
vt 0.87570798 0.44464299
vt 0.87818402 0.44603100
vt 0.87920803 0.44394401
vt 0.87570798 0.44464299
vt 0.87462002 0.44637701
vt 0.87694699 0.44800499
vt 0.87818402 0.44603100
vt 0.87462002 0.44637701
vt 0.87336498 0.44799799
vt 0.87551701 0.44983399
vt 0.87694699 0.44800499
vt 0.87694699 0.44800499
vt 0.87551701 0.44983399
vt 0.87641001 0.45060399
vt 0.87793201 0.44870800
vt 0.87924600 0.44662800
vt 0.87818402 0.44603100
vt 0.87694699 0.44800499
vt 0.87793201 0.44870800
vt 0.87641001 0.45060399
vt 0.87551701 0.44983399
vt 0.87393802 0.45154700
vt 0.87477499 0.45241600
vt 0.87336498 0.44799799
vt 0.87195700 0.44949701
vt 0.87393802 0.45154700
vt 0.87551701 0.44983399
vt 0.87195700 0.44949701
vt 0.87040800 0.45085400
vt 0.87217897 0.45310000
vt 0.87393802 0.45154700
vt 0.87713498 0.45123401
vt 0.87783200 0.45045701
vt 0.87792897 0.44994301
vt 0.87684900 0.45098701
vt 0.87783200 0.45045701
vt 0.87819397 0.45049500
vt 0.87863600 0.44981101
vt 0.87792897 0.44994301
f 1880/1 4/2 1/3
f 1880/1 1/3 2/4
f 2/5 1/6 3/7
f 2/5 3/7 1885/8
f 1/9 5/10 7/11
f 1/9 7/11 3/12
f 4/13 6/14 5/15
f 4/13 5/15 1/16
f 6/17 9/18 8/19
f 6/17 8/19 5/20
f 5/21 8/22 10/23
f 5/21 10/23 7/24
f 9/25 12/26 11/27
f 9/25 11/27 8/28
f 8/29 11/30 13/31
f 8/29 13/31 10/32
f 12/33 15/34 14/35
f 12/33 14/35 11/36
f 11/37 14/38 16/39
f 11/37 16/39 13/40
f 15/41 20/42 17/43
f 15/41 17/43 14/44
f 14/45 17/46 19/47
f 14/45 19/47 16/48
f 20/49 22/50 18/51
f 20/49 18/51 17/52
f 17/53 18/54 2752/55
f 17/53 2752/55 19/56
f 2808/57 21/58 20/59
f 2808/57 20/59 15/60
f 21/61 23/62 22/63
f 21/61 22/63 20/64
f 23/65 27/66 24/67
f 23/65 24/67 22/68
f 22/69 24/70 25/71
f 22/69 25/71 18/72
f 24/73 26/74 2748/75
f 24/73 2748/75 25/76
f 27/77 28/78 26/79
f 27/77 26/79 24/80
f 29/81 32/82 28/83
f 29/81 28/83 27/84
f 30/85 29/86 27/87
f 30/85 27/87 23/88
f 29/89 30/90 2806/91
f 29/89 2806/91 31/92
f 32/93 29/94 31/95
f 32/93 31/95 34/96
f 32/97 33/98 2745/99
f 32/97 2745/99 28/100
f 33/101 32/102 34/103
f 33/101 34/103 36/104
f 36/105 34/106 35/107
f 36/105 35/107 38/108
f 34/109 31/110 2807/111
f 34/109 2807/111 35/112
f 2744/113 33/114 36/115
f 2744/113 36/115 37/116
f 37/117 36/118 38/119
f 37/117 38/119 39/120
f 39/121 38/122 40/123
f 39/121 40/123 43/124
f 38/125 35/126 42/127
f 38/125 42/127 40/128
f 41/129 44/130 43/131
f 41/129 43/131 40/132
f 1768/133 41/134 40/135
f 1768/133 40/135 42/136
f 44/137 46/138 45/139
f 44/137 45/139 43/140
f 48/141 39/142 43/143
f 48/141 43/143 45/144
f 46/145 3096/146 47/147
f 46/145 47/147 45/148
f 45/149 47/150 49/151
f 45/149 49/151 48/152
f 52/153 50/154 48/155
f 52/153 48/155 49/156
f 50/157 37/158 39/159
f 50/157 39/159 48/160
f 51/161 2744/162 37/163
f 51/161 37/163 50/164
f 54/165 51/166 50/167
f 54/165 50/167 52/168
f 53/169 52/170 49/171
f 53/169 49/171 3099/172
f 55/173 54/174 52/175
f 55/173 52/175 53/176
f 54/177 55/178 59/179
f 54/177 59/179 56/180
f 51/181 54/182 56/183
f 51/181 56/183 57/184
f 57/185 56/186 58/187
f 57/185 58/187 2740/188
f 56/189 59/190 60/191
f 56/189 60/191 58/192
f 59/193 61/194 64/195
f 59/193 64/195 60/196
f 55/197 62/198 61/199
f 55/197 61/199 59/200
f 62/201 3106/202 63/203
f 62/201 63/203 61/204
f 61/205 63/206 66/207
f 61/205 66/207 64/208
f 60/209 64/210 65/211
f 60/209 65/211 2783/212
f 64/213 66/214 68/215
f 64/213 68/215 65/216
f 63/217 3109/218 67/219
f 63/217 67/219 66/220
f 66/221 67/222 69/223
f 66/221 69/223 68/224
f 68/225 69/226 71/227
f 68/225 71/227 70/228
f 65/229 68/230 70/231
f 65/229 70/231 72/232
f 76/233 73/234 70/235
f 76/233 70/235 71/236
f 73/237 74/238 72/239
f 73/237 72/239 70/240
f 75/241 2726/242 74/243
f 75/241 74/243 73/244
f 77/245 75/246 73/247
f 77/245 73/247 76/248
f 79/249 77/250 76/251
f 79/249 76/251 78/252
f 78/253 76/254 71/255
f 78/253 71/255 81/256
f 2710/257 79/258 78/259
f 2710/257 78/259 80/260
f 80/261 78/262 81/263
f 80/261 81/263 82/264
f 83/265 85/266 82/267
f 83/265 82/267 81/268
f 69/269 83/270 81/271
f 69/269 81/271 71/272
f 67/273 84/274 83/275
f 67/273 83/275 69/276
f 84/277 87/278 85/279
f 84/277 85/279 83/280
f 85/281 86/282 3111/283
f 85/281 3111/283 82/284
f 87/285 88/286 86/287
f 87/285 86/287 85/288
f 89/289 92/290 88/291
f 89/289 88/291 87/292
f 90/293 89/294 87/295
f 90/293 87/295 84/296
f 3108/297 91/298 89/299
f 3108/297 89/299 90/300
f 91/301 94/302 92/303
f 91/301 92/303 89/304
f 92/305 93/306 3110/307
f 92/305 3110/307 88/308
f 2638/309 1970/310 1963/311
f 2638/309 1963/311 93/312
f 2638/309 93/312 92/313
f 2638/309 92/313 94/314
f 2638/309 94/314 95/315
f 2638/309 95/315 2645/316
f 2638/309 2645/316 2639/317
f 94/318 91/319 99/320
f 94/318 99/320 96/321
f 95/322 94/323 96/324
f 95/322 96/324 97/325
f 106/326 97/327 96/328
f 106/326 96/328 98/329
f 96/330 99/331 101/332
f 96/330 101/332 98/333
f 91/334 3108/335 100/336
f 91/334 100/336 99/337
f 99/338 100/339 102/340
f 99/338 102/340 101/341
f 103/342 106/343 98/344
f 103/342 98/344 101/345
f 105/346 103/347 101/348
f 105/346 101/348 102/349
f 104/350 97/351 106/352
f 104/350 106/352 103/353
f 107/354 104/355 103/356
f 107/354 103/356 105/357
f 111/358 107/359 105/360
f 111/358 105/360 108/361
f 108/362 105/363 102/364
f 108/362 102/364 110/365
f 113/366 111/367 108/368
f 113/366 108/368 109/369
f 109/370 108/371 110/372
f 109/370 110/372 3102/373
f 112/374 2666/375 107/376
f 112/374 107/376 111/377
f 115/378 112/379 111/380
f 115/378 111/380 113/381
f 114/382 113/383 109/384
f 114/382 109/384 3100/385
f 116/386 115/387 113/388
f 116/386 113/388 114/389
f 120/390 117/391 115/392
f 120/390 115/392 116/393
f 117/394 118/395 112/396
f 117/394 112/396 115/397
f 118/398 117/399 119/400
f 118/398 119/400 2662/401
f 117/402 120/403 121/404
f 117/402 121/404 119/405
f 120/406 122/407 123/408
f 120/406 123/408 121/409
f 122/410 120/411 116/412
f 122/410 116/412 124/413
f 122/414 125/415 128/416
f 122/414 128/416 123/417
f 125/418 122/419 124/420
f 125/418 124/420 126/421
f 127/422 125/423 126/424
f 127/422 126/424 1766/425
f 125/426 127/427 129/428
f 125/426 129/428 128/429
f 128/430 129/431 131/432
f 128/430 131/432 130/433
f 123/434 128/435 130/436
f 123/434 130/436 133/437
f 1752/438 132/439 130/440
f 1752/438 130/440 131/441
f 133/442 130/443 132/444
f 133/442 132/444 135/445
f 121/446 123/447 133/448
f 121/446 133/448 134/449
f 134/450 133/451 135/452
f 134/450 135/452 137/453
f 136/454 139/455 137/456
f 136/454 137/456 135/457
f 1729/458 136/459 135/460
f 1729/458 135/460 132/461
f 137/462 138/463 2663/464
f 137/462 2663/464 134/465
f 139/466 141/467 138/468
f 139/466 138/468 137/469
f 1728/470 140/471 139/472
f 1728/470 139/472 136/473
f 140/474 143/475 141/476
f 140/474 141/476 139/477
f 143/478 145/479 142/480
f 143/478 142/480 141/481
f 141/482 142/483 2660/484
f 141/482 2660/484 138/485
f 1731/486 144/487 143/488
f 1731/486 143/488 140/489
f 144/490 147/491 145/492
f 144/490 145/492 143/493
f 145/494 146/495 2656/496
f 145/494 2656/496 142/497
f 147/498 149/499 146/500
f 147/498 146/500 145/501
f 147/502 144/503 1742/504
f 147/502 1742/504 148/505
f 149/506 147/507 148/508
f 149/506 148/508 151/509
f 149/510 150/511 2657/512
f 149/510 2657/512 146/513
f 150/514 149/515 151/516
f 150/514 151/516 153/517
f 151/518 148/519 1743/520
f 151/518 1743/520 152/521
f 153/522 151/523 152/524
f 153/522 152/524 155/525
f 154/526 153/527 155/528
f 154/526 155/528 157/529
f 2668/530 150/531 153/532
f 2668/530 153/532 154/533
f 1745/534 156/535 155/536
f 1745/534 155/536 152/537
f 156/538 158/539 157/540
f 156/538 157/540 155/541
f 160/542 154/543 157/544
f 160/542 157/544 159/545
f 157/546 158/547 159/548
f 162/549 160/550 159/551
f 162/549 159/551 158/552
f 163/553 161/554 160/555
f 163/553 160/555 162/556
f 161/557 2668/558 154/559
f 161/557 154/559 160/560
f 166/561 163/562 162/563
f 166/561 162/563 164/564
f 164/565 162/566 158/567
f 164/565 158/567 156/568
f 165/569 164/570 156/571
f 165/569 156/571 1745/572
f 168/573 166/574 164/575
f 168/573 164/575 165/576
f 166/577 167/578 2642/579
f 166/577 2642/579 163/580
f 168/581 170/582 167/583
f 168/581 167/583 166/584
f 169/585 171/586 170/587
f 169/585 170/587 168/588
f 169/589 168/590 165/591
f 169/589 165/591 1746/592
f 171/593 175/594 172/595
f 171/593 172/595 170/596
f 170/597 172/598 174/599
f 170/597 174/599 167/600
f 172/601 173/602 214/603
f 172/601 214/603 174/604
f 175/605 176/606 173/607
f 175/605 173/607 172/608
f 177/609 178/610 176/611
f 177/609 176/611 175/612
f 180/613 177/614 175/615
f 180/613 175/615 171/616
f 179/617 195/618 178/619
f 179/617 178/619 177/620
f 181/621 179/622 177/623
f 181/621 177/623 180/624
f 184/625 181/626 180/627
f 184/625 180/627 182/628
f 182/629 180/630 171/631
f 182/629 171/631 169/632
f 182/633 169/634 1746/635
f 182/633 1746/635 183/636
f 184/637 182/638 183/639
f 184/637 183/639 185/640
f 186/641 184/642 185/643
f 186/641 185/643 187/644
f 186/645 189/646 181/647
f 186/645 181/647 184/648
f 188/649 186/650 187/651
f 188/649 187/651 1749/652
f 186/653 188/654 190/655
f 186/653 190/655 189/656
f 189/657 191/658 179/659
f 189/657 179/659 181/660
f 189/661 190/662 192/663
f 189/661 192/663 191/664
f 192/665 196/666 193/667
f 192/665 193/667 191/668
f 191/669 193/670 195/671
f 191/669 195/671 179/672
f 204/673 195/674 193/675
f 204/673 193/675 194/676
f 194/677 193/678 196/679
f 194/677 196/679 198/680
f 1701/681 197/682 196/683
f 1701/681 196/683 192/684
f 198/685 196/686 197/687
f 198/685 197/687 199/688
f 200/689 198/690 199/691
f 200/689 199/691 201/692
f 202/693 194/694 198/695
f 202/693 198/695 200/696
f 202/697 203/698 204/699
f 202/697 204/699 194/700
f 203/701 205/702 206/703
f 203/701 206/703 204/704
f 207/705 208/706 206/707
f 207/705 206/707 205/708
f 210/709 208/710 207/711
f 210/709 207/711 209/712
f 213/713 210/714 209/715
f 213/713 209/715 211/716
f 212/717 215/718 213/719
f 212/717 213/719 211/720
f 213/721 214/722 173/723
f 213/721 173/723 210/724
f 215/725 217/726 214/727
f 215/725 214/727 213/728
f 2909/729 216/730 215/731
f 2909/729 215/731 212/732
f 216/733 219/734 217/735
f 216/733 217/735 215/736
f 217/737 219/738 220/739
f 217/737 220/739 218/740
f 174/741 214/742 217/743
f 174/741 217/743 218/744
f 221/745 224/746 220/747
f 221/745 220/747 219/748
f 222/749 221/750 219/751
f 222/749 219/751 216/752
f 2908/753 223/754 221/755
f 2908/753 221/755 222/756
f 226/757 224/758 221/759
f 226/757 221/759 223/760
f 2641/761 220/762 224/763
f 2641/761 224/763 225/764
f 227/765 225/766 224/767
f 227/765 224/767 226/768
f 231/769 227/770 226/771
f 231/769 226/771 228/772
f 226/773 223/774 230/775
f 226/773 230/775 228/776
f 232/777 231/778 228/779
f 232/777 228/779 229/780
f 228/781 230/782 1621/783
f 228/781 1621/783 229/784
f 236/785 233/786 231/787
f 236/785 231/787 232/788
f 233/789 234/790 227/791
f 233/789 227/791 231/792
f 233/793 235/794 246/795
f 233/793 246/795 234/796
f 236/797 238/798 235/799
f 236/797 235/799 233/800
f 237/801 236/802 232/803
f 237/801 232/803 1616/804
f 237/805 239/806 238/807
f 237/805 238/807 236/808
f 241/809 240/810 238/811
f 241/809 238/811 239/812
f 240/813 243/814 235/815
f 240/813 235/815 238/816
f 1599/817 242/818 240/819
f 1599/817 240/819 241/820
f 242/821 244/822 243/823
f 242/821 243/823 240/824
f 243/825 245/826 246/827
f 243/825 246/827 235/828
f 244/829 248/830 245/831
f 244/829 245/831 243/832
f 246/833 245/834 247/835
f 246/833 247/835 2633/836
f 246/833 2633/836 2635/837
f 245/838 248/839 250/840
f 245/838 250/840 247/841
f 1605/842 249/843 248/844
f 1605/842 248/844 244/845
f 249/846 252/847 250/848
f 249/846 250/848 248/849
f 251/850 601/851 247/852
f 251/850 247/852 250/853
f 252/854 253/855 251/856
f 252/854 251/856 250/857
f 252/858 249/859 256/860
f 252/858 256/860 254/861
f 252/862 254/863 257/864
f 252/862 257/864 253/865
f 254/866 256/867 353/868
f 254/866 353/868 255/869
f 254/870 255/871 258/872
f 254/870 258/872 257/873
f 257/874 258/875 262/876
f 257/874 262/876 259/877
f 253/878 257/879 259/880
f 253/878 259/880 261/881
f 261/882 259/883 260/884
f 261/882 260/884 587/885
f 259/886 262/887 264/888
f 259/886 264/888 260/889
f 262/890 263/891 265/892
f 262/890 265/892 264/893
f 258/894 347/895 263/896
f 258/894 263/896 262/897
f 269/898 266/899 264/900
f 269/898 264/900 265/901
f 266/902 267/903 260/904
f 266/902 260/904 264/905
f 268/906 586/907 267/908
f 268/906 267/908 266/909
f 270/910 268/911 266/912
f 270/910 266/912 269/913
f 272/914 270/915 269/916
f 272/914 269/916 271/917
f 271/918 269/919 265/920
f 271/918 265/920 273/921
f 275/922 272/923 271/924
f 275/922 271/924 274/925
f 274/926 271/927 273/928
f 274/926 273/928 276/929
f 280/930 275/931 274/932
f 280/930 274/932 277/933
f 277/934 274/935 276/936
f 277/934 276/936 278/937
f 279/938 277/939 278/940
f 279/938 278/940 339/941
f 281/942 280/943 277/944
f 281/942 277/944 279/945
f 284/946 282/947 280/948
f 284/946 280/948 281/949
f 282/950 285/951 275/952
f 282/950 275/952 280/953
f 283/954 286/955 285/956
f 283/954 285/956 282/957
f 310/958 283/959 282/960
f 310/958 282/960 284/961
f 286/962 288/963 287/964
f 286/962 287/964 285/965
f 285/966 287/967 272/968
f 285/966 272/968 275/969
f 288/970 290/971 289/972
f 288/970 289/972 287/973
f 287/974 289/975 270/976
f 287/974 270/976 272/977
f 289/978 291/979 268/980
f 289/978 268/980 270/981
f 290/982 293/983 291/984
f 290/982 291/984 289/985
f 293/986 294/987 292/988
f 293/986 292/988 291/989
f 291/990 292/991 586/992
f 291/990 586/992 268/993
f 293/994 290/995 296/996
f 293/994 296/996 294/997
f 294/998 295/999 581/1000
f 294/998 581/1000 292/1001
f 294/1002 296/1003 298/1004
f 294/1002 298/1004 295/1005
f 290/1006 288/1007 297/1008
f 290/1006 297/1008 296/1009
f 296/1010 297/1011 300/1012
f 296/1010 300/1012 298/1013
f 299/1014 580/1015 295/1016
f 299/1014 295/1016 298/1017
f 299/1018 298/1019 300/1020
f 299/1018 300/1020 302/1021
f 299/1018 302/1021 572/1022
f 309/1023 306/1024 300/1025
f 309/1023 300/1025 297/1026
f 2972/1027 301/1028 300/1029
f 2972/1027 300/1029 303/1030
f 565/1031 302/1032 300/1033
f 565/1031 300/1033 301/1034
f 3003/1035 303/1036 300/1037
f 3003/1035 300/1037 304/1038
f 3078/1039 304/1040 300/1041
f 3078/1039 300/1041 305/1042
f 307/1043 305/1044 300/1045
f 307/1043 300/1045 306/1046
f 311/1047 307/1048 306/1049
f 311/1047 306/1049 308/1050
f 310/1051 308/1052 306/1053
f 310/1051 306/1053 309/1054
f 286/1055 309/1056 297/1057
f 286/1055 297/1057 288/1058
f 283/1059 310/1060 309/1061
f 283/1059 309/1061 286/1062
f 308/1063 310/1064 284/1065
f 308/1063 284/1065 312/1066
f 311/1067 308/1068 312/1069
f 311/1067 312/1069 314/1070
f 314/1071 312/1072 313/1073
f 314/1071 313/1073 316/1074
f 312/1075 284/1076 281/1077
f 312/1075 281/1077 313/1078
f 3082/1079 311/1080 314/1081
f 3082/1079 314/1081 315/1082
f 315/1083 314/1084 316/1085
f 315/1083 316/1085 318/1086
f 318/1087 316/1088 317/1089
f 318/1087 317/1089 319/1090
f 316/1091 313/1092 3095/1093
f 316/1091 3095/1093 317/1094
f 320/1095 318/1096 319/1097
f 320/1095 319/1097 323/1098
f 322/1099 315/1100 318/1101
f 322/1099 318/1101 320/1102
f 3076/1103 322/1104 320/1105
f 3076/1103 320/1105 321/1106
f 321/1107 320/1108 323/1109
f 321/1107 323/1109 324/1110
f 323/1111 319/1112 328/1113
f 323/1111 328/1113 325/1114
f 324/1115 323/1116 325/1117
f 324/1115 325/1117 326/1118
f 327/1119 3071/1120 326/1121
f 327/1119 326/1121 325/1122
f 329/1123 327/1124 325/1125
f 329/1123 325/1125 328/1126
f 332/1127 329/1128 328/1129
f 332/1127 328/1129 330/1130
f 319/1131 317/1132 330/1133
f 319/1131 330/1133 328/1134
f 317/1135 3095/1136 331/1137
f 317/1135 331/1137 330/1138
f 334/1139 332/1140 330/1141
f 334/1139 330/1141 331/1142
f 333/1143 3029/1144 329/1145
f 333/1143 329/1145 332/1146
f 335/1147 333/1148 332/1149
f 335/1147 332/1149 334/1150
f 337/1151 335/1152 334/1153
f 337/1151 334/1153 336/1154
f 336/1155 334/1156 331/1157
f 336/1155 331/1157 339/1158
f 341/1159 337/1160 336/1161
f 341/1159 336/1161 338/1162
f 338/1163 336/1164 339/1165
f 338/1163 339/1165 278/1166
f 3095/1167 279/1168 339/1169
f 3095/1167 339/1169 331/1170
f 340/1171 338/1172 278/1173
f 340/1171 278/1173 276/1174
f 343/1175 341/1176 338/1177
f 343/1175 338/1177 340/1178
f 342/1179 3041/1180 337/1181
f 342/1179 337/1181 341/1182
f 344/1183 342/1184 341/1185
f 344/1183 341/1185 343/1186
f 346/1187 344/1188 343/1189
f 346/1187 343/1189 345/1190
f 345/1191 343/1192 340/1193
f 345/1191 340/1193 348/1194
f 349/1195 346/1196 345/1197
f 349/1195 345/1197 347/1198
f 347/1199 345/1200 348/1201
f 347/1199 348/1201 263/1202
f 348/1203 340/1204 276/1205
f 348/1203 276/1205 273/1206
f 263/1207 348/1208 273/1209
f 263/1207 273/1209 265/1210
f 255/1211 349/1212 347/1213
f 255/1211 347/1213 258/1214
f 353/1215 350/1216 349/1217
f 353/1215 349/1217 255/1218
f 350/1219 352/1220 346/1221
f 350/1219 346/1221 349/1222
f 3050/1223 352/1224 350/1225
f 3050/1223 350/1225 351/1226
f 351/1227 350/1228 353/1229
f 351/1227 353/1229 354/1230
f 354/1231 353/1232 256/1233
f 354/1231 256/1233 355/1234
f 356/1235 354/1236 355/1237
f 356/1235 355/1237 357/1238
f 358/1239 351/1240 354/1241
f 358/1239 354/1241 356/1242
f 359/1243 356/1244 357/1245
f 359/1243 357/1245 362/1246
f 363/1247 358/1248 356/1249
f 363/1247 356/1249 359/1250
f 360/1251 359/1252 361/1253
f 360/1251 361/1253 1579/1254
f 359/1255 360/1256 365/1257
f 359/1255 365/1257 363/1258
f 361/1259 359/1260 362/1261
f 361/1259 362/1261 1602/1262
f 364/1263 3049/1264 358/1265
f 364/1263 358/1265 363/1266
f 363/1267 365/1268 366/1269
f 363/1267 366/1269 364/1270
f 360/1271 369/1272 367/1273
f 360/1271 367/1273 365/1274
f 365/1275 367/1276 368/1277
f 365/1275 368/1277 366/1278
f 367/1279 370/1280 373/1281
f 367/1279 373/1281 368/1282
f 369/1283 371/1284 370/1285
f 369/1283 370/1285 367/1286
f 371/1287 1393/1288 372/1289
f 371/1287 372/1289 370/1290
f 370/1291 372/1292 374/1293
f 370/1291 374/1293 373/1294
f 368/1295 373/1296 375/1297
f 368/1295 375/1297 377/1298
f 373/1299 374/1300 376/1301
f 373/1299 376/1301 375/1302
f 375/1303 376/1304 381/1305
f 375/1303 381/1305 378/1306
f 377/1307 375/1308 378/1309
f 377/1307 378/1309 380/1310
f 378/1311 381/1312 382/1313
f 378/1311 382/1313 379/1314
f 380/1315 378/1316 379/1317
f 380/1315 379/1317 3056/1318
f 385/1319 382/1320 381/1321
f 385/1319 381/1321 383/1322
f 383/1323 381/1324 376/1325
f 383/1323 376/1325 384/1326
f 387/1327 386/1328 383/1329
f 387/1327 383/1329 384/1330
f 386/1331 388/1332 385/1333
f 386/1331 385/1333 383/1334
f 388/1335 389/1336 390/1337
f 388/1335 390/1337 385/1338
f 389/1339 391/1340 393/1341
f 389/1339 393/1341 390/1342
f 391/1343 392/1344 395/1345
f 391/1343 395/1345 393/1346
f 393/1347 394/1348 3069/1349
f 393/1347 3069/1349 390/1350
f 395/1351 396/1352 394/1353
f 395/1351 394/1353 393/1354
f 397/1355 398/1356 396/1357
f 397/1355 396/1357 395/1358
f 392/1359 399/1360 397/1361
f 392/1359 397/1361 395/1362
f 400/1363 402/1364 398/1365
f 400/1363 398/1365 397/1366
f 399/1367 403/1368 400/1369
f 399/1367 400/1369 397/1370
f 401/1371 449/1372 402/1373
f 401/1371 402/1373 400/1374
f 403/1375 404/1376 401/1377
f 403/1375 401/1377 400/1378
f 404/1379 405/1380 406/1381
f 404/1379 406/1381 401/1382
f 405/1383 407/1384 408/1385
f 405/1383 408/1385 406/1386
f 407/1387 409/1388 410/1389
f 407/1387 410/1389 408/1390
f 409/1391 411/1392 412/1393
f 409/1391 412/1393 410/1394
f 411/1395 413/1396 414/1397
f 411/1395 414/1397 412/1398
f 413/1399 415/1400 416/1401
f 413/1399 416/1401 414/1402
f 415/1403 417/1404 418/1405
f 415/1403 418/1405 416/1406
f 417/1407 419/1408 421/1409
f 417/1407 421/1409 418/1410
f 419/1411 420/1412 422/1413
f 419/1411 422/1413 421/1414
f 421/1415 423/1416 424/1417
f 421/1415 424/1417 418/1418
f 422/1419 425/1420 423/1421
f 422/1419 423/1421 421/1422
f 428/1423 424/1424 423/1425
f 428/1423 423/1425 426/1426
f 426/1427 423/1428 425/1429
f 426/1427 425/1429 427/1430
f 429/1431 426/1432 427/1433
f 429/1431 427/1433 430/1434
f 432/1435 428/1436 426/1437
f 432/1435 426/1437 429/1438
f 431/1439 429/1440 430/1441
f 431/1439 430/1441 512/1442
f 433/1443 432/1444 429/1445
f 433/1443 429/1445 431/1446
f 435/1447 434/1448 432/1449
f 435/1447 432/1449 433/1450
f 434/1451 437/1452 428/1453
f 434/1451 428/1453 432/1454
f 3084/1455 436/1456 434/1457
f 3084/1455 434/1457 435/1458
f 436/1459 439/1460 437/1461
f 436/1459 437/1461 434/1462
f 439/1463 440/1464 438/1465
f 439/1463 438/1465 437/1466
f 437/1467 438/1468 424/1469
f 437/1467 424/1469 428/1470
f 441/1471 444/1472 440/1473
f 441/1471 440/1473 439/1474
f 443/1475 441/1476 439/1477
f 443/1475 439/1477 436/1478
f 3087/1479 442/1480 441/1481
f 3087/1479 441/1481 443/1482
f 442/1483 445/1484 444/1485
f 442/1483 444/1485 441/1486
f 412/1487 444/1488 445/1489
f 412/1487 445/1489 410/1490
f 414/1491 440/1492 444/1493
f 414/1491 444/1493 412/1494
f 410/1495 445/1496 446/1497
f 410/1495 446/1497 408/1498
f 447/1499 446/1500 445/1501
f 447/1499 445/1501 442/1502
f 450/1503 448/1504 446/1505
f 450/1503 446/1505 447/1506
f 408/1507 446/1508 448/1509
f 408/1507 448/1509 406/1510
f 452/1511 449/1512 448/1513
f 452/1511 448/1513 450/1514
f 406/1515 448/1516 449/1517
f 406/1515 449/1517 401/1518
f 451/1519 450/1520 447/1521
f 451/1519 447/1521 3092/1522
f 454/1523 452/1524 450/1525
f 454/1523 450/1525 451/1526
f 453/1527 402/1528 449/1529
f 453/1527 449/1529 452/1530
f 456/1531 453/1532 452/1533
f 456/1531 452/1533 454/1534
f 455/1535 454/1536 451/1537
f 455/1535 451/1537 3091/1538
f 458/1539 456/1540 454/1541
f 458/1539 454/1541 455/1542
f 457/1543 3068/1544 453/1545
f 457/1543 453/1545 456/1546
f 460/1547 457/1548 456/1549
f 460/1547 456/1549 458/1550
f 462/1551 460/1552 458/1553
f 462/1551 458/1553 459/1554
f 459/1555 458/1556 455/1557
f 459/1555 455/1557 470/1558
f 461/1559 3061/1560 457/1561
f 461/1559 457/1561 460/1562
f 463/1563 461/1564 460/1565
f 463/1563 460/1565 462/1566
f 462/1567 464/1568 465/1569
f 462/1567 465/1569 463/1570
f 459/1571 467/1572 464/1573
f 459/1571 464/1573 462/1574
f 464/1575 466/1576 3031/1577
f 464/1575 3031/1577 465/1578
f 467/1579 468/1580 466/1581
f 467/1579 466/1581 464/1582
f 469/1583 472/1584 468/1585
f 469/1583 468/1585 467/1586
f 470/1587 469/1588 467/1589
f 470/1587 467/1589 459/1590
f 3093/1591 471/1592 469/1593
f 3093/1591 469/1593 470/1594
f 471/1595 474/1596 472/1597
f 471/1595 472/1597 469/1598
f 472/1599 473/1600 3024/1601
f 472/1599 3024/1601 468/1602
f 474/1603 476/1604 473/1605
f 474/1603 473/1605 472/1606
f 3094/1607 475/1608 474/1609
f 3094/1607 474/1609 471/1610
f 475/1611 478/1612 476/1613
f 475/1611 476/1613 474/1614
f 473/1615 476/1616 477/1617
f 473/1615 477/1617 3022/1618
f 476/1619 478/1620 480/1621
f 476/1619 480/1621 477/1622
f 479/1623 482/1624 480/1625
f 479/1623 480/1625 478/1626
f 498/1627 479/1628 478/1629
f 498/1627 478/1629 475/1630
f 477/1631 480/1632 481/1633
f 477/1631 481/1633 3019/1634
f 480/1635 482/1636 484/1637
f 480/1635 484/1637 481/1638
f 482/1639 483/1640 486/1641
f 482/1639 486/1641 484/1642
f 482/1643 479/1644 496/1645
f 482/1643 496/1645 483/1646
f 481/1647 484/1648 485/1649
f 481/1647 485/1649 3016/1650
f 484/1651 486/1652 487/1653
f 484/1651 487/1653 485/1654
f 486/1655 488/1656 489/1657
f 486/1655 489/1657 487/1658
f 483/1659 491/1660 488/1661
f 483/1659 488/1661 486/1662
f 488/1663 490/1664 2988/1665
f 488/1663 2988/1665 489/1666
f 491/1667 492/1668 490/1669
f 491/1667 490/1669 488/1670
f 494/1671 492/1672 491/1673
f 494/1671 491/1673 493/1674
f 493/1675 491/1676 483/1677
f 493/1675 483/1677 496/1678
f 505/1679 494/1680 493/1681
f 505/1679 493/1681 495/1682
f 495/1683 493/1684 496/1685
f 495/1683 496/1685 497/1686
f 497/1687 496/1688 479/1689
f 497/1687 479/1689 498/1690
f 499/1691 497/1692 498/1693
f 499/1691 498/1693 500/1694
f 502/1695 495/1696 497/1697
f 502/1695 497/1697 499/1698
f 501/1699 499/1700 500/1701
f 501/1699 500/1701 3088/1702
f 503/1703 502/1704 499/1705
f 503/1703 499/1705 501/1706
f 504/1707 505/1708 495/1709
f 504/1707 495/1709 502/1710
f 507/1711 504/1712 502/1713
f 507/1711 502/1713 503/1714
f 506/1715 535/1716 505/1717
f 506/1715 505/1717 504/1718
f 508/1719 506/1720 504/1721
f 508/1719 504/1721 507/1722
f 503/1723 3084/1724 435/1725
f 503/1723 435/1725 507/1726
f 507/1727 435/1728 433/1729
f 507/1727 433/1729 508/1730
f 509/1731 510/1732 506/1733
f 509/1731 506/1733 508/1734
f 508/1735 433/1736 431/1737
f 508/1735 431/1737 509/1738
f 511/1739 513/1740 510/1741
f 511/1739 510/1741 509/1742
f 509/1743 431/1744 512/1745
f 509/1743 512/1745 511/1746
f 511/1747 512/1748 515/1749
f 511/1747 515/1749 514/1750
f 514/1751 516/1752 513/1753
f 514/1751 513/1753 511/1754
f 514/1755 515/1756 518/1757
f 514/1755 518/1757 517/1758
f 517/1759 520/1760 516/1761
f 517/1759 516/1761 514/1762
f 517/1763 518/1764 1568/1765
f 517/1763 1568/1765 519/1766
f 519/1767 521/1768 520/1769
f 519/1767 520/1769 517/1770
f 521/1771 524/1772 522/1773
f 521/1771 522/1773 520/1774
f 520/1775 522/1776 523/1777
f 520/1775 523/1777 516/1778
f 522/1779 525/1780 528/1781
f 522/1779 528/1781 523/1782
f 524/1783 527/1784 525/1785
f 524/1783 525/1785 522/1786
f 527/1787 630/1788 526/1789
f 527/1787 526/1789 525/1790
f 525/1791 526/1792 529/1793
f 525/1791 529/1793 528/1794
f 523/1795 528/1796 530/1797
f 523/1795 530/1797 533/1798
f 528/1799 529/1800 531/1801
f 528/1799 531/1801 530/1802
f 530/1803 531/1804 538/1805
f 530/1803 538/1805 532/1806
f 533/1807 530/1808 532/1809
f 533/1807 532/1809 534/1810
f 513/1811 533/1812 534/1813
f 513/1811 534/1813 510/1814
f 516/1815 523/1816 533/1817
f 516/1815 533/1817 513/1818
f 510/1819 534/1820 535/1821
f 510/1819 535/1821 506/1822
f 534/1823 532/1824 536/1825
f 534/1823 536/1825 535/1826
f 535/1827 536/1828 494/1829
f 535/1827 494/1829 505/1830
f 494/1831 536/1832 537/1833
f 494/1831 537/1833 492/1834
f 532/1835 538/1836 537/1837
f 532/1835 537/1837 536/1838
f 537/1839 538/1840 541/1841
f 537/1839 541/1841 539/1842
f 492/1843 537/1844 539/1845
f 492/1843 539/1845 490/1846
f 539/1847 541/1848 543/1849
f 539/1847 543/1849 540/1850
f 490/1851 539/1852 540/1853
f 490/1851 540/1853 2988/1854
f 538/1855 531/1856 542/1857
f 538/1855 542/1857 541/1858
f 541/1859 542/1860 545/1861
f 541/1859 545/1861 543/1862
f 540/1863 543/1864 544/1865
f 540/1863 544/1865 2985/1866
f 543/1867 545/1868 546/1869
f 543/1867 546/1869 544/1870
f 545/1871 547/1872 550/1873
f 545/1871 550/1873 546/1874
f 542/1875 548/1876 547/1877
f 542/1875 547/1877 545/1878
f 548/1879 633/1880 549/1881
f 548/1879 549/1881 547/1882
f 547/1883 549/1884 552/1885
f 547/1883 552/1885 550/1886
f 551/1887 3083/1888 546/1889
f 551/1887 546/1889 550/1890
f 554/1891 551/1892 550/1893
f 554/1891 550/1893 552/1894
f 549/1895 632/1896 553/1897
f 549/1895 553/1897 552/1898
f 555/1899 554/1900 552/1901
f 555/1899 552/1901 553/1902
f 559/1903 556/1904 554/1905
f 559/1903 554/1905 555/1906
f 556/1907 558/1908 551/1909
f 556/1907 551/1909 554/1910
f 557/1911 2973/1912 558/1913
f 557/1911 558/1913 556/1914
f 561/1915 557/1916 556/1917
f 561/1915 556/1917 559/1918
f 562/1919 561/1920 559/1921
f 562/1919 559/1921 560/1922
f 560/1923 559/1924 555/1925
f 560/1923 555/1925 637/1926
f 566/1927 563/1928 561/1929
f 566/1927 561/1929 562/1930
f 563/1931 564/1932 557/1933
f 563/1931 557/1933 561/1934
f 563/1935 565/1936 301/1937
f 563/1935 301/1937 564/1938
f 566/1939 567/1940 565/1941
f 566/1939 565/1941 563/1942
f 567/1943 566/1944 562/1945
f 567/1943 562/1945 568/1946
f 567/1947 569/1948 302/1949
f 567/1947 302/1949 565/1950
f 569/1951 567/1952 568/1953
f 569/1951 568/1953 570/1954
f 569/1955 571/1956 572/1957
f 569/1955 572/1957 302/1958
f 571/1959 569/1960 570/1961
f 571/1959 570/1961 573/1962
f 573/1963 575/1964 572/1965
f 573/1963 572/1965 571/1966
f 574/1967 576/1968 575/1969
f 574/1967 575/1969 573/1970
f 573/1971 570/1972 641/1973
f 573/1971 641/1973 574/1974
f 577/1975 575/1976 576/1977
f 577/1975 576/1977 578/1978
f 572/1979 575/1980 577/1981
f 572/1979 577/1981 299/1982
f 578/1983 582/1984 579/1985
f 578/1983 579/1985 577/1986
f 577/1987 579/1988 580/1989
f 577/1987 580/1989 299/1990
f 295/1991 580/1992 579/1993
f 295/1991 579/1993 581/1994
f 581/1995 579/1996 582/1997
f 581/1995 582/1997 584/1998
f 583/1999 585/2000 584/2001
f 583/1999 584/2001 582/2002
f 591/2003 583/2004 582/2005
f 591/2003 582/2005 578/2006
f 586/2007 584/2008 585/2009
f 586/2007 585/2009 267/2010
f 292/2011 581/2012 584/2013
f 292/2011 584/2013 586/2014
f 267/2015 585/2016 587/2017
f 267/2015 587/2017 260/2018
f 587/2019 585/2020 583/2021
f 587/2019 583/2021 588/2022
f 261/2023 587/2024 588/2025
f 261/2023 588/2025 589/2026
f 261/2023 589/2026 602/2027
f 588/2028 590/2029 593/2030
f 588/2028 593/2030 589/2031
f 590/2032 588/2033 583/2034
f 590/2032 583/2034 591/2035
f 645/2036 592/2037 590/2038
f 645/2036 590/2038 591/2039
f 593/2040 590/2041 592/2042
f 593/2040 592/2042 594/2043
f 595/2044 593/2045 594/2046
f 595/2044 594/2046 597/2047
f 589/2048 593/2049 595/2050
f 589/2048 595/2050 598/2051
f 598/2052 595/2053 596/2054
f 598/2052 596/2054 599/2055
f 596/2056 595/2057 597/2058
f 596/2056 597/2058 609/2059
f 589/2060 598/2061 600/2062
f 589/2060 600/2062 602/2063
f 598/2064 599/2065 603/2066
f 598/2064 603/2066 600/2067
f 602/2068 600/2069 601/2070
f 602/2068 601/2070 251/2071
f 600/2072 603/2073 604/2074
f 600/2072 604/2074 601/2075
f 606/2076 604/2077 603/2078
f 606/2076 603/2078 605/2079
f 605/2080 603/2081 599/2082
f 605/2080 599/2082 596/2083
f 607/2084 608/2085 606/2086
f 607/2084 606/2086 605/2087
f 596/2088 609/2089 607/2090
f 596/2088 607/2090 605/2091
f 612/2092 608/2093 607/2094
f 612/2092 607/2094 610/2095
f 610/2096 607/2097 609/2098
f 610/2096 609/2098 611/2099
f 613/2100 610/2101 611/2102
f 613/2100 611/2102 615/2103
f 614/2104 612/2105 610/2106
f 614/2104 610/2106 613/2107
f 619/2108 614/2109 613/2110
f 619/2108 613/2110 616/2111
f 616/2112 613/2113 615/2114
f 616/2112 615/2114 617/2115
f 618/2116 616/2117 617/2118
f 618/2116 617/2118 644/2119
f 618/2116 644/2119 643/2120
f 618/2121 621/2122 619/2123
f 618/2121 619/2123 616/2124
f 620/2125 2630/2126 614/2127
f 620/2125 614/2127 619/2128
f 619/2129 621/2130 622/2131
f 619/2129 622/2131 620/2132
f 626/2133 622/2134 621/2135
f 626/2133 621/2135 623/2136
f 623/2137 621/2138 618/2139
f 623/2137 618/2139 625/2140
f 624/2141 623/2142 625/2143
f 624/2141 625/2143 634/2144
f 628/2145 626/2146 623/2147
f 628/2145 623/2147 624/2148
f 627/2149 626/2150 628/2151
f 627/2149 628/2151 629/2152
f 652/2153 622/2154 626/2155
f 652/2153 626/2155 627/2156
f 630/2157 628/2158 624/2159
f 630/2157 624/2159 631/2160
f 629/2161 628/2162 630/2163
f 629/2161 630/2163 527/2164
f 526/2165 630/2166 631/2167
f 526/2165 631/2167 633/2168
f 631/2169 624/2170 634/2171
f 631/2169 634/2171 632/2172
f 633/2173 631/2174 632/2175
f 633/2173 632/2175 549/2176
f 529/2177 526/2178 633/2179
f 529/2177 633/2179 548/2180
f 632/2181 634/2182 635/2183
f 632/2181 635/2183 553/2184
f 634/2185 625/2186 636/2187
f 634/2185 636/2187 635/2188
f 638/2189 637/2190 635/2191
f 638/2189 635/2191 636/2192
f 637/2193 555/2194 553/2195
f 637/2193 553/2195 635/2196
f 639/2197 560/2198 637/2199
f 639/2197 637/2199 638/2200
f 640/2201 638/2202 636/2203
f 640/2201 636/2203 643/2204
f 641/2205 639/2206 638/2207
f 641/2205 638/2207 640/2208
f 574/2209 641/2210 640/2211
f 574/2209 640/2211 642/2212
f 644/2213 642/2214 640/2215
f 644/2213 640/2215 643/2216
f 625/2217 618/2218 643/2219
f 625/2217 643/2219 636/2220
f 592/2221 644/2222 617/2223
f 592/2221 617/2223 594/2224
f 644/2225 592/2226 645/2227
f 644/2225 645/2227 642/2228
f 642/2229 645/2230 576/2231
f 642/2229 576/2231 574/2232
f 578/2233 576/2234 645/2235
f 578/2233 645/2235 591/2236
f 570/2237 568/2238 639/2239
f 570/2237 639/2239 641/2240
f 568/2241 562/2242 560/2243
f 568/2241 560/2243 639/2244
f 648/2245 627/2246 629/2247
f 648/2245 629/2247 646/2248
f 646/2249 629/2250 527/2251
f 646/2249 527/2251 524/2252
f 649/2253 648/2254 646/2255
f 649/2253 646/2255 647/2256
f 647/2257 646/2258 524/2259
f 647/2257 524/2259 521/2260
f 651/2261 650/2262 648/2263
f 651/2261 648/2263 649/2264
f 650/2265 652/2266 627/2267
f 650/2265 627/2267 648/2268
f 651/2269 656/2270 653/2271
f 651/2269 653/2271 650/2272
f 654/2273 652/2274 650/2275
f 654/2273 650/2275 653/2276
f 654/2277 653/2278 655/2279
f 654/2277 655/2279 2629/2280
f 653/2281 656/2282 658/2283
f 653/2281 658/2283 655/2284
f 651/2285 1456/2286 657/2287
f 651/2285 657/2287 656/2288
f 656/2289 657/2290 660/2291
f 656/2289 660/2291 658/2292
f 658/2293 660/2294 661/2295
f 658/2293 661/2295 659/2296
f 655/2297 658/2298 659/2299
f 655/2297 659/2299 675/2300
f 657/2301 663/2302 662/2303
f 657/2301 662/2303 660/2304
f 660/2305 662/2306 665/2307
f 660/2305 665/2307 661/2308
f 663/2309 1459/2310 664/2311
f 663/2309 664/2311 662/2312
f 662/2313 664/2314 666/2315
f 662/2313 666/2315 665/2316
f 669/2317 667/2318 665/2319
f 669/2317 665/2319 666/2320
f 667/2321 670/2322 661/2323
f 667/2321 661/2323 665/2324
f 671/2325 670/2326 667/2327
f 671/2325 667/2327 668/2328
f 668/2329 667/2330 669/2331
f 668/2329 669/2331 1563/2332
f 670/2333 672/2334 659/2335
f 670/2333 659/2335 661/2336
f 673/2337 672/2338 670/2339
f 673/2337 670/2339 671/2340
f 677/2341 674/2342 672/2343
f 677/2341 672/2343 673/2344
f 672/2345 674/2346 675/2347
f 672/2345 675/2347 659/2348
f 674/2349 676/2350 2628/2351
f 674/2349 2628/2351 675/2352
f 678/2353 676/2354 674/2355
f 678/2353 674/2355 677/2356
f 679/2357 680/2358 678/2359
f 679/2357 678/2359 677/2360
f 681/2361 679/2362 677/2363
f 681/2361 677/2363 673/2364
f 684/2365 680/2366 679/2367
f 684/2365 679/2367 682/2368
f 682/2369 679/2370 681/2371
f 682/2369 681/2371 685/2372
f 683/2373 682/2374 685/2375
f 683/2373 685/2375 687/2376
f 684/2377 682/2378 683/2379
f 684/2377 683/2379 2532/2380
f 685/2381 681/2382 1566/2383
f 685/2381 1566/2383 686/2384
f 687/2385 685/2386 686/2387
f 687/2385 686/2387 688/2388
f 689/2389 688/2390 686/2391
f 689/2389 686/2391 690/2392
f 691/2393 689/2394 690/2395
f 691/2393 690/2395 692/2396
f 691/2397 692/2398 695/2399
f 691/2397 695/2399 693/2400
f 693/2401 695/2402 697/2403
f 693/2401 697/2403 694/2404
f 695/2405 696/2406 698/2407
f 695/2405 698/2407 697/2408
f 692/2409 1564/2410 696/2411
f 692/2409 696/2411 695/2412
f 697/2413 698/2414 702/2415
f 697/2413 702/2415 699/2416
f 697/2417 699/2418 700/2419
f 697/2417 700/2419 694/2420
f 699/2421 701/2422 2487/2423
f 699/2421 2487/2423 700/2424
f 699/2425 702/2426 703/2427
f 699/2425 703/2427 701/2428
f 704/2429 707/2430 703/2431
f 704/2429 703/2431 702/2432
f 705/2433 704/2434 702/2435
f 705/2433 702/2435 698/2436
f 1470/2437 706/2438 704/2439
f 1470/2437 704/2439 705/2440
f 706/2441 709/2442 707/2443
f 706/2441 707/2443 704/2444
f 709/2445 711/2446 708/2447
f 709/2445 708/2447 707/2448
f 707/2449 708/2450 2486/2451
f 707/2449 2486/2451 703/2452
f 706/2453 1475/2454 710/2455
f 706/2453 710/2455 709/2456
f 709/2457 710/2458 713/2459
f 709/2457 713/2459 711/2460
f 711/2461 712/2462 734/2463
f 711/2461 734/2463 708/2464
f 711/2465 713/2466 714/2467
f 711/2465 714/2467 712/2468
f 716/2469 714/2470 713/2471
f 716/2469 713/2471 715/2472
f 715/2473 713/2474 710/2475
f 715/2473 710/2475 717/2476
f 721/2477 716/2478 715/2479
f 721/2477 715/2479 718/2480
f 718/2481 715/2482 717/2483
f 718/2481 717/2483 719/2484
f 720/2485 718/2486 719/2487
f 720/2485 719/2487 1477/2488
f 718/2489 720/2490 722/2491
f 718/2489 722/2491 721/2492
f 722/2493 724/2494 723/2495
f 722/2493 723/2495 721/2496
f 723/2497 726/2498 716/2499
f 723/2497 716/2499 721/2500
f 950/2501 725/2502 723/2503
f 950/2501 723/2503 724/2504
f 725/2505 727/2506 726/2507
f 725/2505 726/2507 723/2508
f 727/2509 729/2510 728/2511
f 727/2509 728/2511 726/2512
f 726/2513 728/2514 714/2515
f 726/2513 714/2515 716/2516
f 730/2517 728/2518 729/2519
f 730/2517 729/2519 731/2520
f 712/2521 714/2522 728/2523
f 712/2521 728/2523 730/2524
f 712/2525 730/2526 732/2527
f 712/2525 732/2527 734/2528
f 730/2529 731/2530 735/2531
f 730/2529 735/2531 732/2532
f 732/2533 735/2534 736/2535
f 732/2533 736/2535 733/2536
f 734/2537 732/2538 733/2539
f 734/2537 733/2539 2483/2540
f 735/2541 737/2542 738/2543
f 735/2541 738/2543 736/2544
f 731/2545 740/2546 737/2547
f 731/2545 737/2547 735/2548
f 737/2549 739/2550 2472/2551
f 737/2549 2472/2551 738/2552
f 740/2553 742/2554 739/2555
f 740/2553 739/2555 737/2556
f 731/2557 729/2558 741/2559
f 731/2557 741/2559 740/2560
f 740/2561 741/2562 743/2563
f 740/2561 743/2563 742/2564
f 745/2565 742/2566 743/2567
f 745/2565 743/2567 747/2568
f 2469/2569 739/2570 742/2571
f 2469/2569 742/2571 744/2572
f 746/2573 744/2574 742/2575
f 746/2573 742/2575 745/2576
f 2789/2577 746/2578 745/2579
f 2789/2577 745/2579 748/2580
f 2789/2577 748/2580 749/2581
f 2789/2577 749/2581 1871/2582
f 2789/2577 1871/2582 1872/2583
f 2789/2577 1872/2583 1873/2584
f 2789/2577 1873/2584 1874/2585
f 750/2586 748/2587 745/2588
f 750/2586 745/2588 747/2589
f 748/2590 751/2591 753/2592
f 748/2590 753/2592 1856/2593
f 748/2590 1856/2593 1857/2594
f 748/2590 1857/2594 749/2595
f 751/2596 748/2597 750/2598
f 751/2596 750/2598 752/2599
f 755/2600 751/2601 752/2602
f 755/2600 752/2602 757/2603
f 2826/2604 753/2605 751/2606
f 2826/2604 751/2606 754/2607
f 2826/2604 754/2607 1658/2608
f 754/2609 751/2610 755/2611
f 754/2609 755/2611 756/2612
f 756/2613 755/2614 758/2615
f 756/2613 758/2615 761/2616
f 758/2617 755/2618 757/2619
f 758/2617 757/2619 760/2620
f 759/2621 758/2622 760/2623
f 759/2621 760/2623 2963/2624
f 761/2625 758/2626 759/2627
f 761/2625 759/2627 763/2628
f 1654/2629 756/2630 761/2631
f 1654/2629 761/2631 762/2632
f 762/2633 761/2634 763/2635
f 762/2633 763/2635 764/2636
f 763/2637 759/2638 767/2639
f 763/2637 767/2639 765/2640
f 764/2641 763/2642 765/2643
f 764/2641 765/2643 768/2644
f 768/2645 765/2646 766/2647
f 768/2645 766/2647 770/2648
f 765/2649 767/2650 779/2651
f 765/2649 779/2651 766/2652
f 764/2653 768/2654 769/2655
f 764/2653 769/2655 1646/2656
f 768/2657 770/2658 771/2659
f 768/2657 771/2659 769/2660
f 770/2661 772/2662 773/2663
f 770/2661 773/2663 771/2664
f 770/2665 766/2666 775/2667
f 770/2665 775/2667 772/2668
f 773/2669 772/2670 774/2671
f 773/2669 774/2671 1636/2672
f 772/2673 775/2674 776/2675
f 772/2673 776/2675 774/2676
f 775/2677 777/2678 778/2679
f 775/2677 778/2679 776/2680
f 766/2681 779/2682 777/2683
f 766/2681 777/2683 775/2684
f 778/2685 777/2686 780/2687
f 778/2685 780/2687 782/2688
f 777/2689 779/2690 781/2691
f 777/2689 781/2691 780/2692
f 783/2693 780/2694 781/2695
f 783/2693 781/2695 785/2696
f 786/2697 782/2698 780/2699
f 786/2697 780/2699 783/2700
f 784/2701 783/2702 785/2703
f 784/2701 785/2703 2959/2704
f 788/2705 786/2706 783/2707
f 788/2705 783/2707 784/2708
f 787/2709 2900/2710 782/2711
f 787/2709 782/2711 786/2712
f 788/2713 789/2714 787/2715
f 788/2713 787/2715 786/2716
f 790/2717 791/2718 789/2719
f 790/2717 789/2719 788/2720
f 793/2721 790/2722 788/2723
f 793/2721 788/2723 784/2724
f 1587/2725 791/2726 790/2727
f 1587/2725 790/2727 792/2728
f 792/2729 790/2730 793/2731
f 792/2729 793/2731 795/2732
f 2959/2733 794/2734 793/2735
f 2959/2733 793/2735 784/2736
f 795/2737 793/2738 794/2739
f 795/2737 794/2739 797/2740
f 2911/2741 792/2742 795/2743
f 2911/2741 795/2743 796/2744
f 796/2745 795/2746 797/2747
f 796/2745 797/2747 799/2748
f 797/2749 794/2750 2956/2751
f 797/2749 2956/2751 798/2752
f 799/2753 797/2754 798/2755
f 799/2753 798/2755 801/2756
f 799/2757 800/2758 2912/2759
f 799/2757 2912/2759 796/2760
f 801/2761 802/2762 800/2763
f 801/2761 800/2763 799/2764
f 804/2765 806/2766 802/2767
f 804/2765 802/2767 801/2768
f 801/2769 798/2770 2957/2771
f 801/2769 2957/2771 803/2772
f 804/2773 801/2774 803/2775
f 804/2773 803/2775 807/2776
f 805/2777 804/2778 807/2779
f 805/2777 807/2779 809/2780
f 805/2781 1318/2782 806/2783
f 805/2781 806/2783 804/2784
f 807/2785 803/2786 2965/2787
f 807/2785 2965/2787 808/2788
f 809/2789 807/2790 808/2791
f 809/2789 808/2791 811/2792
f 1317/2793 805/2794 809/2795
f 1317/2793 809/2795 810/2796
f 810/2797 809/2798 811/2799
f 810/2797 811/2799 813/2800
f 811/2801 808/2802 875/2803
f 811/2801 875/2803 812/2804
f 813/2805 811/2806 812/2807
f 813/2805 812/2807 814/2808
f 818/2809 810/2810 813/2811
f 818/2809 813/2811 815/2812
f 815/2813 813/2814 814/2815
f 815/2813 814/2815 816/2816
f 817/2817 815/2818 816/2819
f 817/2817 816/2819 871/2820
f 820/2821 818/2822 815/2823
f 820/2821 815/2823 817/2824
f 819/2825 1317/2826 810/2827
f 819/2825 810/2827 818/2828
f 821/2829 819/2830 818/2831
f 821/2829 818/2831 820/2832
f 824/2833 821/2834 820/2835
f 824/2833 820/2835 822/2836
f 822/2837 820/2838 817/2839
f 822/2837 817/2839 825/2840
f 1293/2841 824/2842 822/2843
f 1293/2841 822/2843 823/2844
f 823/2845 822/2846 825/2847
f 823/2845 825/2847 827/2848
f 825/2849 817/2850 871/2851
f 825/2849 871/2851 826/2852
f 827/2853 825/2854 826/2855
f 827/2853 826/2855 828/2856
f 829/2857 827/2858 828/2859
f 829/2857 828/2859 832/2860
f 831/2861 823/2862 827/2863
f 831/2861 827/2863 829/2864
f 830/2865 829/2866 832/2867
f 830/2865 832/2867 833/2868
f 2914/2869 831/2870 829/2871
f 2914/2869 829/2871 830/2872
f 833/2873 832/2874 834/2875
f 833/2873 834/2875 835/2876
f 832/2877 828/2878 837/2879
f 832/2877 837/2879 834/2880
f 834/2881 836/2882 1108/2883
f 834/2881 1108/2883 835/2884
f 837/2885 839/2886 836/2887
f 837/2885 836/2887 834/2888
f 828/2889 826/2890 838/2891
f 828/2889 838/2891 837/2892
f 838/2893 841/2894 839/2895
f 838/2893 839/2895 837/2896
f 839/2897 840/2898 2919/2899
f 839/2897 2919/2899 836/2900
f 841/2901 843/2902 840/2903
f 841/2901 840/2903 839/2904
f 842/2905 844/2906 843/2907
f 842/2905 843/2907 841/2908
f 870/2909 842/2910 841/2911
f 870/2909 841/2911 838/2912
f 844/2913 848/2914 845/2915
f 844/2913 845/2915 843/2916
f 843/2917 845/2918 846/2919
f 843/2917 846/2919 840/2920
f 1085/2921 846/2922 845/2923
f 1085/2921 845/2923 847/2924
f 847/2925 845/2926 848/2927
f 847/2925 848/2927 850/2928
f 872/2929 849/2930 848/2931
f 872/2929 848/2931 844/2932
f 850/2933 848/2934 849/2935
f 850/2933 849/2935 852/2936
f 851/2937 850/2938 852/2939
f 851/2937 852/2939 853/2940
f 1087/2941 847/2942 850/2943
f 1087/2941 850/2943 851/2944
f 853/2945 852/2946 854/2947
f 853/2945 854/2947 855/2948
f 852/2949 849/2950 857/2951
f 852/2949 857/2951 854/2952
f 855/2953 854/2954 856/2955
f 855/2953 856/2955 1071/2956
f 854/2957 857/2958 859/2959
f 854/2957 859/2959 856/2960
f 858/2961 857/2962 849/2963
f 858/2961 849/2963 872/2964
f 861/2965 859/2966 857/2967
f 861/2965 857/2967 858/2968
f 856/2969 859/2970 860/2971
f 856/2969 860/2971 890/2972
f 862/2973 860/2974 859/2975
f 862/2973 859/2975 861/2976
f 863/2977 861/2978 858/2979
f 863/2977 858/2979 866/2980
f 865/2981 862/2982 861/2983
f 865/2981 861/2983 863/2984
f 874/2985 865/2986 863/2987
f 874/2985 863/2987 864/2988
f 864/2989 863/2990 866/2991
f 864/2989 866/2991 868/2992
f 866/2993 858/2994 872/2995
f 866/2993 872/2995 867/2996
f 868/2997 866/2998 867/2999
f 868/2997 867/2999 869/3000
f 814/3001 812/3002 864/3003
f 814/3001 864/3003 868/3004
f 816/3005 814/3006 868/3007
f 816/3005 868/3007 869/3008
f 869/3009 867/3010 842/3011
f 869/3009 842/3011 870/3012
f 871/3013 816/3014 869/3015
f 871/3013 869/3015 870/3016
f 826/3017 871/3018 870/3019
f 826/3017 870/3019 838/3020
f 867/3021 872/3022 844/3023
f 867/3021 844/3023 842/3024
f 876/3025 873/3026 865/3027
f 876/3025 865/3027 874/3028
f 873/3029 886/3030 862/3031
f 873/3029 862/3031 865/3032
f 812/3033 875/3034 874/3035
f 812/3033 874/3035 864/3036
f 875/3037 877/3038 876/3039
f 875/3037 876/3039 874/3040
f 877/3041 879/3042 878/3043
f 877/3041 878/3043 876/3044
f 878/3045 881/3046 873/3047
f 878/3045 873/3047 876/3048
f 879/3049 2951/3050 880/3051
f 879/3049 880/3051 878/3052
f 880/3053 882/3054 881/3055
f 880/3053 881/3055 878/3056
f 881/3057 883/3058 886/3059
f 881/3057 886/3059 873/3060
f 882/3061 885/3062 883/3063
f 882/3061 883/3063 881/3064
f 883/3065 884/3066 887/3067
f 883/3065 887/3067 886/3068
f 885/3069 914/3070 884/3071
f 885/3069 884/3071 883/3072
f 886/3073 887/3074 860/3075
f 886/3073 860/3075 862/3076
f 890/3077 860/3078 887/3079
f 890/3077 887/3079 888/3080
f 888/3081 887/3082 884/3083
f 888/3081 884/3083 889/3084
f 891/3085 888/3086 889/3087
f 891/3085 889/3087 894/3088
f 893/3089 890/3090 888/3091
f 893/3089 888/3091 891/3092
f 1067/3093 893/3094 891/3095
f 1067/3093 891/3095 892/3096
f 892/3097 891/3098 894/3099
f 892/3097 894/3099 896/3100
f 894/3101 889/3102 913/3103
f 894/3101 913/3103 895/3104
f 896/3105 894/3106 895/3107
f 896/3105 895/3107 898/3108
f 1068/3109 892/3110 896/3111
f 1068/3109 896/3111 897/3112
f 897/3113 896/3114 898/3115
f 897/3113 898/3115 900/3116
f 898/3117 895/3118 910/3119
f 898/3117 910/3119 899/3120
f 902/3121 900/3122 898/3123
f 902/3121 898/3123 899/3124
f 897/3125 900/3126 901/3127
f 897/3125 901/3127 1065/3128
f 902/3129 903/3130 901/3131
f 902/3129 901/3131 900/3132
f 905/3133 903/3134 902/3135
f 905/3133 902/3135 899/3136
f 903/3137 904/3138 1044/3139
f 903/3137 1044/3139 1008/3140
f 903/3137 1008/3140 901/3141
f 905/3142 906/3143 904/3144
f 905/3142 904/3144 903/3145
f 907/3146 905/3147 899/3148
f 907/3146 899/3148 910/3149
f 907/3150 908/3151 906/3152
f 907/3150 906/3152 905/3153
f 909/3154 923/3155 908/3156
f 909/3154 908/3156 907/3157
f 909/3158 907/3159 910/3160
f 909/3158 910/3160 911/3161
f 895/3162 913/3163 911/3164
f 895/3162 911/3164 910/3165
f 913/3166 914/3167 912/3168
f 913/3166 912/3168 911/3169
f 912/3170 915/3171 918/3172
f 912/3170 918/3172 909/3173
f 912/3170 909/3173 911/3174
f 889/3175 884/3176 914/3177
f 889/3175 914/3177 913/3178
f 912/3179 914/3180 885/3181
f 912/3179 885/3181 917/3182
f 912/3179 917/3182 915/3183
f 915/3184 916/3185 919/3186
f 915/3184 919/3186 918/3187
f 915/3188 917/3189 2940/3190
f 915/3188 2940/3190 916/3191
f 909/3192 918/3193 920/3194
f 909/3192 920/3194 923/3195
f 918/3196 919/3197 922/3198
f 918/3196 922/3198 920/3199
f 926/3200 924/3201 923/3202
f 926/3200 923/3202 920/3203
f 926/3200 920/3203 921/3204
f 920/3205 922/3206 2934/3207
f 920/3205 2934/3207 921/3208
f 924/3209 925/3210 908/3211
f 924/3209 908/3211 923/3212
f 925/3213 924/3214 927/3215
f 925/3213 927/3215 929/3216
f 924/3217 926/3218 928/3219
f 924/3217 928/3219 927/3220
f 927/3221 928/3222 933/3223
f 927/3221 933/3223 930/3224
f 929/3225 927/3226 930/3227
f 929/3225 930/3227 932/3228
f 930/3229 933/3230 935/3231
f 930/3229 935/3231 931/3232
f 932/3233 930/3234 931/3235
f 932/3233 931/3235 1052/3236
f 934/3237 933/3238 928/3239
f 934/3237 928/3239 2968/3240
f 937/3241 935/3242 933/3243
f 937/3241 933/3243 934/3244
f 938/3245 936/3246 935/3247
f 938/3245 935/3247 937/3248
f 931/3249 935/3250 936/3251
f 931/3249 936/3251 1053/3252
f 939/3253 937/3254 934/3255
f 939/3253 934/3255 941/3256
f 940/3257 938/3258 937/3259
f 940/3257 937/3259 939/3260
f 944/3261 940/3262 939/3263
f 944/3261 939/3263 942/3264
f 942/3265 939/3266 941/3267
f 942/3265 941/3267 945/3268
f 943/3269 956/3270 944/3271
f 943/3269 944/3271 942/3272
f 947/3273 943/3274 942/3275
f 947/3273 942/3275 945/3276
f 945/3277 941/3278 2969/3279
f 945/3277 2969/3279 946/3280
f 948/3281 947/3282 945/3283
f 948/3281 945/3283 946/3284
f 949/3285 952/3286 943/3287
f 949/3285 943/3287 947/3288
f 950/3289 949/3290 947/3291
f 950/3289 947/3291 948/3292
f 724/3293 951/3294 949/3295
f 724/3293 949/3295 950/3296
f 951/3297 953/3298 952/3299
f 951/3297 952/3299 949/3300
f 953/3301 955/3302 954/3303
f 953/3301 954/3303 952/3304
f 952/3305 954/3306 956/3307
f 952/3305 956/3307 943/3308
f 955/3309 958/3310 957/3311
f 955/3309 957/3311 954/3312
f 954/3313 957/3314 960/3315
f 954/3313 960/3315 956/3316
f 958/3317 1155/3318 959/3319
f 958/3317 959/3319 957/3320
f 957/3321 959/3322 962/3323
f 957/3321 962/3323 960/3324
f 956/3325 960/3326 961/3327
f 956/3325 961/3327 944/3328
f 960/3329 962/3330 963/3331
f 960/3329 963/3331 961/3332
f 962/3333 964/3334 967/3335
f 962/3333 967/3335 963/3336
f 959/3337 965/3338 964/3339
f 959/3337 964/3339 962/3340
f 965/3341 1143/3342 966/3343
f 965/3341 966/3343 964/3344
f 964/3345 966/3346 969/3347
f 964/3345 969/3347 967/3348
f 967/3349 968/3350 1058/3351
f 967/3349 1058/3351 963/3352
f 969/3353 971/3354 968/3355
f 969/3353 968/3355 967/3356
f 966/3357 1138/3358 970/3359
f 966/3357 970/3359 969/3360
f 970/3361 973/3362 971/3363
f 970/3361 971/3363 969/3364
f 971/3365 972/3366 1059/3367
f 971/3365 1059/3367 968/3368
f 973/3369 975/3370 972/3371
f 973/3369 972/3371 971/3372
f 1136/3373 974/3374 973/3375
f 1136/3373 973/3375 970/3376
f 974/3377 976/3378 975/3379
f 974/3377 975/3379 973/3380
f 976/3381 980/3382 977/3383
f 976/3381 977/3383 975/3384
f 975/3385 977/3386 979/3387
f 975/3385 979/3387 972/3388
f 978/3389 977/3390 980/3391
f 978/3389 980/3391 982/3392
f 1024/3393 979/3394 977/3395
f 1024/3393 977/3395 978/3396
f 1135/3397 981/3398 980/3399
f 1135/3397 980/3399 976/3400
f 982/3401 980/3402 981/3403
f 982/3401 981/3403 984/3404
f 983/3405 982/3406 984/3407
f 983/3405 984/3407 985/3408
f 1017/3409 978/3410 982/3411
f 1017/3409 982/3411 983/3412
f 985/3413 984/3414 986/3415
f 985/3413 986/3415 988/3416
f 984/3417 981/3418 987/3419
f 984/3417 987/3419 986/3420
f 986/3421 987/3422 990/3423
f 986/3421 990/3423 989/3424
f 988/3425 986/3426 989/3427
f 988/3425 989/3427 992/3428
f 989/3429 990/3430 1133/3431
f 989/3429 1133/3431 991/3432
f 992/3433 989/3434 991/3435
f 992/3433 991/3435 994/3436
f 1020/3437 988/3438 992/3439
f 1020/3437 992/3439 993/3440
f 993/3441 992/3442 994/3443
f 993/3441 994/3443 995/3444
f 995/3445 994/3446 996/3447
f 995/3445 996/3447 999/3448
f 994/3449 991/3450 997/3451
f 994/3449 997/3451 996/3452
f 996/3453 997/3454 1094/3455
f 996/3453 1094/3455 998/3456
f 999/3457 996/3458 998/3459
f 999/3457 998/3459 1000/3460
f 1001/3461 999/3462 1000/3463
f 1001/3461 1000/3463 1002/3464
f 1003/3465 995/3466 999/3467
f 1003/3465 999/3467 1001/3468
f 1001/3469 1002/3470 1004/3471
f 1001/3469 1004/3471 1003/3472
f 1003/3473 1004/3474 1007/3475
f 1003/3473 1007/3475 1005/3476
f 1005/3477 993/3478 995/3479
f 1005/3477 995/3479 1003/3480
f 1006/3481 1005/3482 1007/3483
f 1006/3481 1007/3483 1009/3484
f 1006/3485 1020/3486 993/3487
f 1006/3485 993/3487 1005/3488
f 1004/3489 1060/3490 1008/3491
f 1004/3489 1008/3491 1007/3492
f 1009/3493 1007/3494 1008/3495
f 1009/3493 1008/3495 1011/3496
f 1021/3497 1006/3498 1009/3499
f 1021/3497 1009/3499 1010/3500
f 1010/3501 1009/3502 1011/3503
f 1010/3501 1011/3503 1013/3504
f 1012/3505 1011/3506 1008/3507
f 1012/3505 1008/3507 1037/3508
f 1014/3509 1013/3510 1011/3511
f 1014/3509 1011/3511 1012/3512
f 1014/3513 1016/3514 1015/3515
f 1014/3513 1015/3515 1013/3516
f 1013/3517 1015/3518 1018/3519
f 1013/3517 1018/3519 1010/3520
f 1016/3521 1022/3522 1017/3523
f 1016/3521 1017/3523 1015/3524
f 1015/3525 1017/3526 983/3527
f 1015/3525 983/3527 1018/3528
f 1010/3529 1018/3530 1019/3531
f 1010/3529 1019/3531 1021/3532
f 1018/3533 983/3534 985/3535
f 1018/3533 985/3535 1019/3536
f 1019/3537 985/3538 988/3539
f 1019/3537 988/3539 1020/3540
f 1021/3541 1019/3542 1020/3543
f 1021/3541 1020/3543 1006/3544
f 1022/3545 1024/3546 978/3547
f 1022/3545 978/3547 1017/3548
f 1023/3549 1025/3550 1024/3551
f 1023/3549 1024/3551 1022/3552
f 1041/3553 1023/3554 1022/3555
f 1041/3553 1022/3555 1016/3556
f 1025/3557 1026/3558 979/3559
f 1025/3557 979/3559 1024/3560
f 1027/3561 1028/3562 1026/3563
f 1027/3561 1026/3563 1025/3564
f 1030/3565 1027/3566 1025/3567
f 1030/3565 1025/3567 1023/3568
f 1029/3569 1054/3570 1028/3571
f 1029/3569 1028/3571 1027/3572
f 1032/3573 1029/3574 1027/3575
f 1032/3573 1027/3575 1030/3576
f 1031/3577 1030/3578 1023/3579
f 1031/3577 1023/3579 1041/3580
f 1034/3581 1032/3582 1030/3583
f 1034/3581 1030/3583 1031/3584
f 1035/3585 1033/3586 1032/3587
f 1035/3585 1032/3587 1034/3588
f 1033/3589 1053/3590 1029/3591
f 1033/3589 1029/3591 1032/3592
f 1038/3593 1035/3594 1034/3595
f 1038/3593 1034/3595 1036/3596
f 1036/3597 1034/3598 1031/3599
f 1036/3597 1031/3599 1039/3600
f 1039/3601 1012/3602 1037/3603
f 1039/3601 1037/3603 1036/3604
f 1038/3605 1036/3606 1037/3607
f 1038/3605 1037/3607 1043/3608
f 1039/3609 1031/3610 1041/3611
f 1039/3609 1041/3611 1040/3612
f 1040/3613 1014/3614 1012/3615
f 1040/3613 1012/3615 1039/3616
f 1040/3617 1041/3618 1016/3619
f 1040/3617 1016/3619 1014/3620
f 1042/3621 1051/3622 1035/3623
f 1042/3621 1035/3623 1038/3624
f 1042/3625 1038/3626 1043/3627
f 1042/3625 1043/3627 1045/3628
f 1043/3629 1037/3630 1008/3631
f 1043/3629 1008/3631 1044/3632
f 1045/3633 1043/3634 1044/3635
f 1045/3633 1044/3635 1047/3636
f 1045/3637 1046/3638 1051/3639
f 1045/3637 1051/3639 1042/3640
f 1047/3641 1048/3642 1046/3643
f 1047/3641 1046/3643 1045/3644
f 1049/3645 1050/3646 1048/3647
f 1049/3645 1048/3647 1047/3648
f 1044/3649 904/3650 1049/3651
f 1044/3649 1049/3651 1047/3652
f 1050/3653 1049/3654 904/3655
f 1050/3653 904/3655 906/3656
f 1048/3657 1050/3658 925/3659
f 1048/3657 925/3659 929/3660
f 925/3661 1050/3662 906/3663
f 925/3661 906/3663 908/3664
f 1048/3665 929/3666 932/3667
f 1048/3665 932/3667 1046/3668
f 1046/3669 932/3670 1052/3671
f 1046/3669 1052/3671 1051/3672
f 1051/3673 1052/3674 1033/3675
f 1051/3673 1033/3675 1035/3676
f 1052/3677 931/3678 1053/3679
f 1052/3677 1053/3679 1033/3680
f 1053/3681 936/3682 1054/3683
f 1053/3681 1054/3683 1029/3684
f 1057/3685 1028/3686 1054/3687
f 1057/3685 1054/3687 1055/3688
f 1055/3689 1054/3690 936/3691
f 1055/3689 936/3691 938/3692
f 1056/3693 1055/3694 938/3695
f 1056/3693 938/3695 940/3696
f 1058/3697 1057/3698 1055/3699
f 1058/3697 1055/3699 1056/3700
f 968/3701 1059/3702 1057/3703
f 968/3701 1057/3703 1058/3704
f 1059/3705 1026/3706 1028/3707
f 1059/3705 1028/3707 1057/3708
f 972/3709 979/3710 1026/3711
f 972/3709 1026/3711 1059/3712
f 963/3713 1058/3714 1056/3715
f 963/3713 1056/3715 961/3716
f 961/3717 1056/3718 940/3719
f 961/3717 940/3719 944/3720
f 1080/3721 1061/3722 1008/3723
f 1080/3721 1008/3723 1060/3724
f 1063/3725 1062/3726 1008/3727
f 1063/3725 1008/3727 1061/3728
f 1065/3729 901/3730 1008/3731
f 1065/3729 1008/3731 1062/3732
f 1072/3733 1064/3734 1062/3735
f 1072/3733 1062/3735 1063/3736
f 1066/3737 1065/3738 1062/3739
f 1066/3737 1062/3739 1064/3740
f 1068/3741 897/3742 1065/3743
f 1068/3741 1065/3743 1066/3744
f 1064/3745 1069/3746 1067/3747
f 1064/3745 1067/3747 1066/3748
f 1066/3749 1067/3750 892/3751
f 1066/3749 892/3751 1068/3752
f 1069/3753 1071/3754 893/3755
f 1069/3753 893/3755 1067/3756
f 1070/3757 855/3758 1071/3759
f 1070/3757 1071/3759 1069/3760
f 1072/3761 1070/3762 1069/3763
f 1072/3761 1069/3763 1064/3764
f 1071/3765 856/3766 890/3767
f 1071/3765 890/3767 893/3768
f 1075/3769 1073/3770 1070/3771
f 1075/3769 1070/3771 1072/3772
f 1073/3773 853/3774 855/3775
f 1073/3773 855/3775 1070/3776
f 1074/3777 851/3778 853/3779
f 1074/3777 853/3779 1073/3780
f 1076/3781 1074/3782 1073/3783
f 1076/3781 1073/3783 1075/3784
f 1075/3785 1072/3786 1063/3787
f 1075/3785 1063/3787 1076/3788
f 1077/3789 1078/3790 1074/3791
f 1077/3789 1074/3791 1076/3792
f 1076/3793 1063/3794 1061/3795
f 1076/3793 1061/3795 1077/3796
f 1079/3797 1082/3798 1078/3799
f 1079/3797 1078/3799 1077/3800
f 1079/3801 1077/3802 1061/3803
f 1079/3801 1061/3803 1080/3804
f 1081/3805 1079/3806 1080/3807
f 1081/3805 1080/3807 1100/3808
f 1081/3809 1083/3810 1082/3811
f 1081/3809 1082/3811 1079/3812
f 1083/3813 1086/3814 1084/3815
f 1083/3813 1084/3815 1082/3816
f 1082/3817 1084/3818 1087/3819
f 1082/3817 1087/3819 1078/3820
f 1084/3821 1085/3822 847/3823
f 1084/3821 847/3823 1087/3824
f 1086/3825 1089/3826 1085/3827
f 1086/3825 1085/3827 1084/3828
f 1078/3829 1087/3830 851/3831
f 1078/3829 851/3831 1074/3832
f 1099/3833 1088/3834 1086/3835
f 1099/3833 1086/3835 1083/3836
f 1088/3837 1091/3838 1089/3839
f 1088/3837 1089/3839 1086/3840
f 1089/3841 1090/3842 846/3843
f 1089/3841 846/3843 1085/3844
f 1091/3845 1092/3846 1090/3847
f 1091/3845 1090/3847 1089/3848
f 1096/3849 1093/3850 1091/3851
f 1096/3849 1091/3851 1088/3852
f 1093/3853 1095/3854 1092/3855
f 1093/3853 1092/3855 1091/3856
f 998/3857 1094/3858 1093/3859
f 998/3857 1093/3859 1096/3860
f 1094/3861 1101/3862 1095/3863
f 1094/3861 1095/3863 1093/3864
f 1000/3865 998/3866 1096/3867
f 1000/3865 1096/3867 1097/3868
f 1097/3869 1096/3870 1088/3871
f 1097/3869 1088/3871 1099/3872
f 1002/3873 1000/3874 1097/3875
f 1002/3873 1097/3875 1098/3876
f 1098/3877 1097/3878 1099/3879
f 1098/3877 1099/3879 1100/3880
f 1100/3881 1099/3882 1083/3883
f 1100/3881 1083/3883 1081/3884
f 1100/3885 1080/3886 1060/3887
f 1100/3885 1060/3887 1098/3888
f 1002/3889 1098/3890 1060/3891
f 1002/3889 1060/3891 1004/3892
f 1102/3893 1095/3894 1101/3895
f 1102/3893 1101/3895 1103/3896
f 1104/3897 1092/3898 1095/3899
f 1104/3897 1095/3899 1102/3900
f 1105/3901 1102/3902 1103/3903
f 1105/3901 1103/3903 1107/3904
f 1108/3905 1104/3906 1102/3907
f 1108/3905 1102/3907 1105/3908
f 1106/3909 1105/3910 1107/3911
f 1106/3909 1107/3911 1110/3912
f 835/3913 1108/3914 1105/3915
f 835/3913 1105/3915 1106/3916
f 836/3917 2919/3918 1104/3919
f 836/3917 1104/3919 1108/3920
f 1107/3921 1103/3922 1132/3923
f 1107/3921 1132/3923 1109/3924
f 1110/3925 1107/3926 1109/3927
f 1110/3925 1109/3927 1112/3928
f 1111/3929 2916/3930 1106/3931
f 1111/3929 1106/3931 1110/3932
f 1113/3933 1111/3934 1110/3935
f 1113/3933 1110/3935 1112/3936
f 1117/3937 1113/3938 1112/3939
f 1117/3937 1112/3939 1114/3940
f 1112/3941 1109/3942 1116/3943
f 1112/3941 1116/3943 1114/3944
f 1119/3945 1117/3946 1114/3947
f 1119/3945 1114/3947 1115/3948
f 1114/3949 1116/3950 1129/3951
f 1114/3949 1129/3951 1115/3952
f 1118/3953 2918/3954 1113/3955
f 1118/3953 1113/3955 1117/3956
f 1120/3957 1118/3958 1117/3959
f 1120/3957 1117/3959 1119/3960
f 1121/3961 1119/3962 1115/3963
f 1121/3961 1115/3963 1124/3964
f 1123/3965 1120/3966 1119/3967
f 1123/3965 1119/3967 1121/3968
f 1122/3969 1121/3970 1124/3971
f 1122/3969 1124/3971 1125/3972
f 1140/3973 1123/3974 1121/3975
f 1140/3973 1121/3975 1122/3976
f 1124/3977 1126/3978 1127/3979
f 1124/3977 1127/3979 1125/3980
f 1115/3981 1129/3982 1126/3983
f 1115/3981 1126/3983 1124/3984
f 1126/3985 1128/3986 1135/3987
f 1126/3985 1135/3987 1127/3988
f 1129/3989 1130/3990 1128/3991
f 1129/3989 1128/3991 1126/3992
f 1116/3993 1131/3994 1130/3995
f 1116/3993 1130/3995 1129/3996
f 1131/3997 1133/3998 990/3999
f 1131/3997 990/3999 1130/4000
f 1130/4001 990/4002 987/4003
f 1130/4001 987/4003 1128/4004
f 1109/4005 1132/4006 1131/4007
f 1109/4005 1131/4007 1116/4008
f 1132/4009 1134/4010 1133/4011
f 1132/4009 1133/4011 1131/4012
f 991/4013 1133/4014 1134/4015
f 991/4013 1134/4015 997/4016
f 997/4017 1134/4018 1101/4019
f 997/4017 1101/4019 1094/4020
f 1103/4021 1101/4022 1134/4023
f 1103/4021 1134/4023 1132/4024
f 1128/4025 987/4026 981/4027
f 1128/4025 981/4027 1135/4028
f 1127/4029 1135/4030 976/4031
f 1127/4029 976/4031 974/4032
f 1125/4033 1127/4034 974/4035
f 1125/4033 974/4035 1136/4036
f 1137/4037 1122/4038 1125/4039
f 1137/4037 1125/4039 1136/4040
f 1138/4041 1137/4042 1136/4043
f 1138/4041 1136/4043 970/4044
f 1142/4045 1139/4046 1137/4047
f 1142/4045 1137/4047 1138/4048
f 1139/4049 1140/4050 1122/4051
f 1139/4049 1122/4051 1137/4052
f 1141/4053 1184/4054 1140/4055
f 1141/4053 1140/4055 1139/4056
f 1144/4057 1141/4058 1139/4059
f 1144/4057 1139/4059 1142/4060
f 1145/4061 1144/4062 1142/4063
f 1145/4061 1142/4063 1143/4064
f 1143/4065 1142/4066 1138/4067
f 1143/4065 1138/4067 966/4068
f 1149/4069 1146/4070 1144/4071
f 1149/4069 1144/4071 1145/4072
f 1146/4073 1147/4074 1141/4075
f 1146/4073 1141/4075 1144/4076
f 1146/4077 1148/4078 1179/4079
f 1146/4077 1179/4079 1147/4080
f 1149/4081 1150/4082 1148/4083
f 1149/4081 1148/4083 1146/4084
f 1151/4085 1153/4086 1150/4087
f 1151/4085 1150/4087 1149/4088
f 1151/4089 1149/4090 1145/4091
f 1151/4089 1145/4091 1154/4092
f 1152/4093 1151/4094 1154/4095
f 1152/4093 1154/4095 1155/4096
f 1152/4097 1157/4098 1153/4099
f 1152/4097 1153/4099 1151/4100
f 1155/4101 1154/4102 965/4103
f 1155/4101 965/4103 959/4104
f 1154/4105 1145/4106 1143/4107
f 1154/4105 1143/4107 965/4108
f 1160/4109 1152/4110 1155/4111
f 1160/4109 1155/4111 958/4112
f 1153/4113 1156/4114 1174/4115
f 1153/4113 1174/4115 1150/4116
f 1157/4117 1158/4118 1156/4119
f 1157/4117 1156/4119 1153/4120
f 1159/4121 1162/4122 1158/4123
f 1159/4121 1158/4123 1157/4124
f 1160/4125 1159/4126 1157/4127
f 1160/4125 1157/4127 1152/4128
f 1557/4129 1161/4130 1159/4131
f 1557/4129 1159/4131 1160/4132
f 1161/4133 1163/4134 1162/4135
f 1161/4133 1162/4135 1159/4136
f 1162/4137 1164/4138 1167/4139
f 1162/4137 1167/4139 1158/4140
f 1163/4141 1165/4142 1164/4143
f 1163/4141 1164/4143 1162/4144
f 1165/4145 1218/4146 1166/4147
f 1165/4145 1166/4147 1164/4148
f 1164/4149 1166/4150 1168/4151
f 1164/4149 1168/4151 1167/4152
f 1167/4153 1168/4154 1170/4155
f 1167/4153 1170/4155 1169/4156
f 1158/4157 1167/4158 1169/4159
f 1158/4157 1169/4159 1156/4160
f 1169/4161 1170/4162 1172/4163
f 1169/4161 1172/4163 1171/4164
f 1156/4165 1169/4166 1171/4167
f 1156/4165 1171/4167 1174/4168
f 1171/4169 1172/4170 1209/4171
f 1171/4169 1209/4171 1173/4172
f 1174/4173 1171/4174 1173/4175
f 1174/4173 1173/4175 1175/4176
f 1150/4177 1174/4178 1175/4179
f 1150/4177 1175/4179 1148/4180
f 1175/4181 1173/4182 1178/4183
f 1175/4181 1178/4183 1176/4184
f 1148/4185 1175/4186 1176/4187
f 1148/4185 1176/4187 1179/4188
f 1179/4189 1176/4190 1177/4191
f 1179/4189 1177/4191 1180/4192
f 1176/4193 1178/4194 1198/4195
f 1176/4193 1198/4195 1177/4196
f 1147/4197 1179/4198 1180/4199
f 1147/4197 1180/4199 1182/4200
f 1182/4201 1180/4202 1181/4203
f 1182/4201 1181/4203 1183/4204
f 1180/4205 1177/4206 1195/4207
f 1180/4205 1195/4207 1181/4208
f 1182/4209 1183/4210 1185/4211
f 1182/4209 1185/4211 1184/4212
f 1147/4213 1182/4214 1184/4215
f 1147/4213 1184/4215 1141/4216
f 1184/4217 1185/4218 1123/4219
f 1184/4217 1123/4219 1140/4220
f 1185/4221 1186/4222 1120/4223
f 1185/4221 1120/4223 1123/4224
f 1183/4225 1188/4226 1186/4227
f 1183/4225 1186/4227 1185/4228
f 1188/4229 1189/4230 1187/4231
f 1188/4229 1187/4231 1186/4232
f 1186/4233 1187/4234 1118/4235
f 1186/4233 1118/4235 1120/4236
f 1188/4237 1190/4238 1191/4239
f 1188/4237 1191/4239 1189/4240
f 1183/4241 1181/4242 1190/4243
f 1183/4241 1190/4243 1188/4244
f 1181/4245 1195/4246 1192/4247
f 1181/4245 1192/4247 1190/4248
f 1190/4249 1192/4250 1193/4251
f 1190/4249 1193/4251 1191/4252
f 1192/4253 1194/4254 1271/4255
f 1192/4253 1271/4255 1193/4256
f 1195/4257 1196/4258 1194/4259
f 1195/4257 1194/4259 1192/4260
f 1177/4261 1198/4262 1196/4263
f 1177/4261 1196/4263 1195/4264
f 1196/4265 1197/4266 1268/4267
f 1196/4265 1268/4267 1194/4268
f 1198/4269 1199/4270 1197/4271
f 1198/4269 1197/4271 1196/4272
f 1178/4273 1200/4274 1199/4275
f 1178/4273 1199/4275 1198/4276
f 1201/4277 1199/4278 1200/4279
f 1201/4277 1200/4279 1204/4280
f 1202/4281 1197/4282 1199/4283
f 1202/4281 1199/4283 1201/4284
f 1203/4285 1267/4286 1202/4287
f 1203/4285 1202/4287 1201/4288
f 1205/4289 1203/4290 1201/4291
f 1205/4289 1201/4291 1204/4292
f 1207/4293 1205/4294 1204/4295
f 1207/4293 1204/4295 1206/4296
f 1204/4297 1200/4298 1209/4299
f 1204/4297 1209/4299 1206/4300
f 1210/4301 1207/4302 1206/4303
f 1210/4301 1206/4303 1208/4304
f 1206/4305 1209/4306 1172/4307
f 1206/4305 1172/4307 1208/4308
f 1173/4309 1209/4310 1200/4311
f 1173/4309 1200/4311 1178/4312
f 1212/4313 1210/4314 1208/4315
f 1212/4313 1208/4315 1211/4316
f 1208/4317 1172/4318 1170/4319
f 1208/4317 1170/4319 1211/4320
f 1214/4321 1212/4322 1211/4323
f 1214/4321 1211/4323 1213/4324
f 1211/4325 1170/4326 1168/4327
f 1211/4325 1168/4327 1213/4328
f 1216/4329 1214/4330 1213/4331
f 1216/4329 1213/4331 1215/4332
f 1213/4333 1168/4334 1166/4335
f 1213/4333 1166/4335 1215/4336
f 1219/4337 1216/4338 1215/4339
f 1219/4337 1215/4339 1217/4340
f 1215/4341 1166/4342 1218/4343
f 1215/4341 1218/4343 1217/4344
f 1217/4345 1218/4346 1221/4347
f 1217/4345 1221/4347 1220/4348
f 1223/4349 1219/4350 1217/4351
f 1223/4349 1217/4351 1220/4352
f 1220/4353 1221/4354 1533/4355
f 1220/4353 1533/4355 1222/4356
f 1224/4357 1223/4358 1220/4359
f 1224/4357 1220/4359 1222/4360
f 1225/4361 1224/4362 1222/4363
f 1225/4361 1222/4363 1226/4364
f 1227/4365 1225/4366 1226/4367
f 1227/4365 1226/4367 1228/4368
f 1229/4369 1227/4370 1228/4371
f 1229/4369 1228/4371 1230/4372
f 1231/4373 1229/4374 1230/4375
f 1231/4373 1230/4375 1232/4376
f 1233/4377 1231/4378 1232/4379
f 1233/4377 1232/4379 1234/4380
f 1235/4381 1233/4382 1234/4383
f 1235/4381 1234/4383 1236/4384
f 1237/4385 1235/4386 1236/4387
f 1237/4385 1236/4387 1238/4388
f 1239/4389 1237/4390 1238/4391
f 1239/4389 1238/4391 1240/4392
f 1241/4393 1239/4394 1240/4395
f 1241/4393 1240/4395 1242/4396
f 1243/4397 1241/4398 1242/4399
f 1243/4397 1242/4399 1244/4400
f 1245/4401 1243/4402 1244/4403
f 1245/4401 1244/4403 1246/4404
f 1247/4405 1245/4406 1246/4407
f 1247/4405 1246/4407 1248/4408
f 1249/4409 1247/4410 1248/4411
f 1249/4409 1248/4411 1250/4412
f 1251/4413 1249/4414 1250/4415
f 1251/4413 1250/4415 1252/4416
f 1253/4417 1251/4418 1252/4419
f 1253/4417 1252/4419 1254/4420
f 1255/4421 1253/4422 1254/4423
f 1255/4421 1254/4423 1256/4424
f 1257/4425 1255/4426 1256/4427
f 1257/4425 1256/4427 1258/4428
f 1259/4429 1257/4430 1258/4431
f 1259/4429 1258/4431 1260/4432
f 1261/4433 1259/4434 1260/4435
f 1261/4433 1260/4435 1262/4436
f 1263/4437 1261/4438 1262/4439
f 1263/4437 1262/4439 1264/4440
f 1265/4441 1263/4442 1264/4443
f 1265/4441 1264/4443 1266/4444
f 1267/4445 1265/4446 1266/4447
f 1267/4445 1266/4447 1202/4448
f 1266/4449 1268/4450 1197/4451
f 1266/4449 1197/4451 1202/4452
f 1264/4453 1269/4454 1268/4455
f 1264/4453 1268/4455 1266/4456
f 1194/4457 1268/4458 1269/4459
f 1194/4457 1269/4459 1271/4460
f 1271/4461 1269/4462 1270/4463
f 1271/4461 1270/4463 1272/4464
f 1262/4465 1270/4466 1269/4467
f 1262/4465 1269/4467 1264/4468
f 1193/4469 1271/4470 1272/4471
f 1193/4469 1272/4471 1274/4472
f 1274/4473 1272/4474 1273/4475
f 1274/4473 1273/4475 1275/4476
f 1272/4477 1270/4478 1306/4479
f 1272/4477 1306/4479 1273/4480
f 1191/4481 1193/4482 1274/4483
f 1191/4481 1274/4483 1276/4484
f 1276/4485 1274/4486 1275/4487
f 1276/4485 1275/4487 1277/4488
f 1189/4489 1191/4490 1276/4491
f 1189/4489 1276/4491 1278/4492
f 1278/4493 1276/4494 1277/4495
f 1278/4493 1277/4495 1280/4496
f 1189/4497 1278/4498 1279/4499
f 1189/4497 1279/4499 1187/4500
f 1278/4501 1280/4502 1281/4503
f 1278/4501 1281/4503 1279/4504
f 1280/4505 1282/4506 1283/4507
f 1280/4505 1283/4507 1281/4508
f 1280/4509 1277/4510 1285/4511
f 1280/4509 1285/4511 1282/4512
f 1282/4513 1284/4514 2914/4515
f 1282/4513 2914/4515 1283/4516
f 1282/4517 1285/4518 1287/4519
f 1282/4517 1287/4519 1284/4520
f 1277/4521 1275/4522 1286/4523
f 1277/4521 1286/4523 1285/4524
f 1285/4525 1286/4526 1288/4527
f 1285/4525 1288/4527 1287/4528
f 1287/4529 1288/4530 1291/4531
f 1287/4529 1291/4531 1289/4532
f 1284/4533 1287/4534 1289/4535
f 1284/4533 1289/4535 1290/4536
f 1290/4537 1289/4538 1292/4539
f 1290/4537 1292/4539 1293/4540
f 1289/4541 1291/4542 1295/4543
f 1289/4541 1295/4543 1292/4544
f 1293/4545 1292/4546 1294/4547
f 1293/4545 1294/4547 824/4548
f 1292/4549 1295/4550 1296/4551
f 1292/4549 1296/4551 1294/4552
f 1295/4553 1297/4554 1298/4555
f 1295/4553 1298/4555 1296/4556
f 1291/4557 1300/4558 1297/4559
f 1291/4557 1297/4559 1295/4560
f 1297/4561 1299/4562 1307/4563
f 1297/4561 1307/4563 1298/4564
f 1300/4565 1301/4566 1299/4567
f 1300/4565 1299/4567 1297/4568
f 1302/4569 1303/4570 1301/4571
f 1302/4569 1301/4571 1300/4572
f 1288/4573 1302/4574 1300/4575
f 1288/4573 1300/4575 1291/4576
f 1304/4577 1305/4578 1303/4579
f 1304/4577 1303/4579 1302/4580
f 1286/4581 1304/4582 1302/4583
f 1286/4581 1302/4583 1288/4584
f 1275/4585 1273/4586 1304/4587
f 1275/4585 1304/4587 1286/4588
f 1273/4589 1306/4590 1305/4591
f 1273/4589 1305/4591 1304/4592
f 1258/4593 1305/4594 1306/4595
f 1258/4593 1306/4595 1260/4596
f 1256/4597 1303/4598 1305/4599
f 1256/4597 1305/4599 1258/4600
f 1260/4601 1306/4602 1270/4603
f 1260/4601 1270/4603 1262/4604
f 1254/4605 1301/4606 1303/4607
f 1254/4605 1303/4607 1256/4608
f 1252/4609 1299/4610 1301/4611
f 1252/4609 1301/4611 1254/4612
f 1250/4613 1307/4614 1299/4615
f 1250/4613 1299/4615 1252/4616
f 1248/4617 1308/4618 1307/4619
f 1248/4617 1307/4619 1250/4620
f 1298/4621 1307/4622 1308/4623
f 1298/4621 1308/4623 1310/4624
f 1246/4625 1309/4626 1308/4627
f 1246/4625 1308/4627 1248/4628
f 1310/4629 1308/4630 1309/4631
f 1310/4629 1309/4631 1311/4632
f 1312/4633 1310/4634 1311/4635
f 1312/4633 1311/4635 1313/4636
f 1296/4637 1298/4638 1310/4639
f 1296/4637 1310/4639 1312/4640
f 1314/4641 1312/4642 1313/4643
f 1314/4641 1313/4643 1315/4644
f 1294/4645 1296/4646 1312/4647
f 1294/4645 1312/4647 1314/4648
f 821/4649 1314/4650 1315/4651
f 821/4649 1315/4651 819/4652
f 824/4653 1294/4654 1314/4655
f 824/4653 1314/4655 821/4656
f 819/4657 1315/4658 1316/4659
f 819/4657 1316/4659 1317/4660
f 1315/4661 1313/4662 1319/4663
f 1315/4661 1319/4663 1316/4664
f 1317/4665 1316/4666 1318/4667
f 1317/4665 1318/4667 805/4668
f 1316/4669 1319/4670 1320/4671
f 1316/4669 1320/4671 1318/4672
f 1319/4673 1321/4674 1322/4675
f 1319/4673 1322/4675 1320/4676
f 1313/4677 1311/4678 1321/4679
f 1313/4677 1321/4679 1319/4680
f 1321/4681 1323/4682 1324/4683
f 1321/4681 1324/4683 1322/4684
f 1311/4685 1309/4686 1323/4687
f 1311/4685 1323/4687 1321/4688
f 1242/4689 1324/4690 1323/4691
f 1242/4689 1323/4691 1244/4692
f 1244/4693 1323/4694 1309/4695
f 1244/4693 1309/4695 1246/4696
f 1240/4697 1325/4698 1324/4699
f 1240/4697 1324/4699 1242/4700
f 1322/4701 1324/4702 1325/4703
f 1322/4701 1325/4703 1327/4704
f 1327/4705 1325/4706 1326/4707
f 1327/4705 1326/4707 1329/4708
f 1238/4709 1326/4710 1325/4711
f 1238/4709 1325/4711 1240/4712
f 1320/4713 1322/4714 1327/4715
f 1320/4713 1327/4715 1328/4716
f 1328/4717 1327/4718 1329/4719
f 1328/4717 1329/4719 1330/4720
f 1329/4721 1326/4722 1334/4723
f 1329/4721 1334/4723 1331/4724
f 1330/4725 1329/4726 1331/4727
f 1330/4725 1331/4727 1332/4728
f 1332/4729 1331/4730 1333/4731
f 1332/4729 1333/4731 1371/4732
f 1331/4733 1334/4734 1335/4735
f 1331/4733 1335/4735 1333/4736
f 1334/4737 1336/4738 1338/4739
f 1334/4737 1338/4739 1335/4740
f 1326/4741 1339/4742 1336/4743
f 1326/4741 1336/4743 1334/4744
f 1339/4745 1340/4746 1337/4747
f 1339/4745 1337/4747 1336/4748
f 1336/4749 1337/4750 2913/4751
f 1336/4749 2913/4751 1338/4752
f 1236/4753 1339/4754 1326/4755
f 1236/4753 1326/4755 1238/4756
f 1234/4757 1340/4758 1339/4759
f 1234/4757 1339/4759 1236/4760
f 1340/4761 1341/4762 1343/4763
f 1340/4761 1343/4763 1337/4764
f 1232/4765 1341/4766 1340/4767
f 1232/4765 1340/4767 1234/4768
f 1230/4769 1342/4770 1341/4771
f 1230/4769 1341/4771 1232/4772
f 1341/4773 1342/4774 1345/4775
f 1341/4773 1345/4775 1343/4776
f 1337/4777 1343/4778 1344/4779
f 1337/4777 1344/4779 2913/4780
f 1343/4781 1345/4782 1347/4783
f 1343/4781 1347/4783 1344/4784
f 1342/4785 1537/4786 1346/4787
f 1342/4785 1346/4787 1345/4788
f 1345/4789 1346/4790 1348/4791
f 1345/4789 1348/4791 1347/4792
f 1347/4793 1348/4794 1351/4795
f 1347/4793 1351/4795 1349/4796
f 1344/4797 1347/4798 1349/4799
f 1344/4797 1349/4799 1352/4800
f 1349/4801 1351/4802 1518/4803
f 1349/4801 1518/4803 1350/4804
f 1352/4805 1349/4806 1350/4807
f 1352/4805 1350/4807 1354/4808
f 2913/4809 1344/4810 1352/4811
f 2913/4809 1352/4811 1353/4812
f 1353/4813 1352/4814 1354/4815
f 1353/4813 1354/4815 1355/4816
f 1354/4817 1356/4818 1359/4819
f 1354/4817 1359/4819 1355/4820
f 1350/4821 1357/4822 1356/4823
f 1350/4821 1356/4823 1354/4824
f 1507/4825 1358/4826 1356/4827
f 1507/4825 1356/4827 1357/4828
f 1358/4829 1360/4830 1359/4831
f 1358/4829 1359/4831 1356/4832
f 1360/4833 1363/4834 1361/4835
f 1360/4833 1361/4835 1359/4836
f 1355/4837 1359/4838 1361/4839
f 1355/4837 1361/4839 1364/4840
f 1364/4841 1361/4842 1362/4843
f 1364/4841 1362/4843 1365/4844
f 1363/4845 1517/4846 1362/4847
f 1363/4845 1362/4847 1361/4848
f 1367/4849 1366/4850 1364/4851
f 1367/4849 1364/4851 1365/4852
f 1366/4853 1353/4854 1355/4855
f 1366/4853 1355/4855 1364/4856
f 1335/4857 1338/4858 1366/4859
f 1335/4857 1366/4859 1367/4860
f 1338/4861 2913/4862 1353/4863
f 1338/4861 1353/4863 1366/4864
f 1333/4865 1335/4866 1367/4867
f 1333/4865 1367/4867 1368/4868
f 1368/4869 1367/4870 1365/4871
f 1368/4869 1365/4871 1369/4872
f 1370/4873 1368/4874 1369/4875
f 1370/4873 1369/4875 1373/4876
f 1371/4877 1333/4878 1368/4879
f 1371/4877 1368/4879 1370/4880
f 2912/4881 1371/4882 1370/4883
f 2912/4881 1370/4883 1372/4884
f 1372/4885 1370/4886 1373/4887
f 1372/4885 1373/4887 1375/4888
f 1374/4889 1377/4890 1375/4891
f 1374/4889 1375/4891 1373/4892
f 2910/4893 1374/4894 1373/4895
f 2910/4893 1373/4895 1369/4896
f 2911/4897 1372/4898 1375/4899
f 2911/4897 1375/4899 1376/4900
f 1377/4901 1378/4902 1376/4903
f 1377/4901 1376/4903 1375/4904
f 1377/4905 1374/4906 1382/4907
f 1377/4905 1382/4907 1379/4908
f 1378/4909 1377/4910 1379/4911
f 1378/4909 1379/4911 1380/4912
f 1381/4913 1581/4914 1380/4915
f 1381/4913 1380/4915 1379/4916
f 1384/4917 1381/4918 1379/4919
f 1384/4917 1379/4919 1382/4920
f 1374/4921 2910/4922 1383/4923
f 1374/4921 1383/4923 1382/4924
f 1385/4925 1384/4926 1382/4927
f 1385/4925 1382/4927 1383/4928
f 1389/4929 1386/4930 1384/4931
f 1389/4929 1384/4931 1385/4932
f 1386/4933 1388/4934 1381/4935
f 1386/4933 1381/4935 1384/4936
f 1391/4937 1387/4938 1386/4939
f 1391/4937 1386/4939 1389/4940
f 1387/4941 1579/4942 1388/4943
f 1387/4941 1388/4943 1386/4944
f 1392/4945 1391/4946 1389/4947
f 1392/4945 1389/4947 1390/4948
f 1390/4949 1389/4950 1385/4951
f 1390/4949 1385/4951 1516/4952
f 1393/4953 371/4954 1391/4955
f 1393/4953 1391/4955 1392/4956
f 371/4957 369/4958 1387/4959
f 371/4957 1387/4959 1391/4960
f 1393/4961 1392/4962 1394/4963
f 1393/4961 1394/4963 1397/4964
f 1392/4965 1390/4966 1396/4967
f 1392/4965 1396/4967 1394/4968
f 1397/4969 1394/4970 1395/4971
f 1397/4969 1395/4971 1399/4972
f 1394/4973 1396/4974 1512/4975
f 1394/4973 1512/4975 1395/4976
f 1398/4977 1397/4978 1399/4979
f 1398/4977 1399/4979 1401/4980
f 1573/4981 1393/4982 1397/4983
f 1573/4981 1397/4983 1398/4984
f 1401/4985 1399/4986 1400/4987
f 1401/4985 1400/4987 1403/4988
f 1399/4989 1395/4990 1513/4991
f 1399/4989 1513/4991 1400/4992
f 1402/4993 1571/4994 1398/4995
f 1402/4993 1398/4995 1401/4996
f 1405/4997 1402/4998 1401/4999
f 1405/4997 1401/4999 1403/5000
f 1403/5001 1400/5002 1413/5003
f 1403/5001 1413/5003 1404/5004
f 1406/5005 1405/5006 1403/5007
f 1406/5005 1403/5007 1404/5008
f 1407/5009 1406/5010 1404/5011
f 1407/5009 1404/5011 1409/5012
f 1408/5013 1407/5014 1409/5015
f 1408/5013 1409/5015 1410/5016
f 1409/5017 1411/5018 1412/5019
f 1409/5017 1412/5019 1410/5020
f 1404/5021 1413/5022 1411/5023
f 1404/5021 1411/5023 1409/5024
f 1411/5025 1414/5026 1417/5027
f 1411/5025 1417/5027 1412/5028
f 1413/5029 1415/5030 1414/5031
f 1413/5029 1414/5031 1411/5032
f 1415/5033 1510/5034 1416/5035
f 1415/5033 1416/5035 1414/5036
f 1414/5037 1416/5038 1418/5039
f 1414/5037 1418/5039 1417/5040
f 1412/5041 1417/5042 1419/5043
f 1412/5041 1419/5043 1422/5044
f 1417/5045 1418/5046 1421/5047
f 1417/5045 1421/5047 1419/5048
f 1422/5049 1419/5050 1420/5051
f 1422/5049 1420/5051 1423/5052
f 1419/5053 1421/5054 1498/5055
f 1419/5053 1498/5055 1420/5056
f 1424/5057 1422/5058 1423/5059
f 1424/5057 1423/5059 1425/5060
f 1410/5061 1412/5062 1422/5063
f 1410/5061 1422/5063 1424/5064
f 1427/5065 1426/5066 1424/5067
f 1427/5065 1424/5067 1425/5068
f 1426/5069 1408/5070 1410/5071
f 1426/5069 1410/5071 1424/5072
f 1428/5073 1427/5074 1425/5075
f 1428/5073 1425/5075 1429/5076
f 1430/5077 1428/5078 1429/5079
f 1430/5077 1429/5079 1431/5080
f 1432/5081 1430/5082 1431/5083
f 1432/5081 1431/5083 1433/5084
f 420/5085 1432/5086 1433/5087
f 420/5085 1433/5087 422/5088
f 1431/5089 1436/5090 1434/5091
f 1431/5089 1434/5091 1433/5092
f 1433/5093 1434/5094 425/5095
f 1433/5093 425/5095 422/5096
f 427/5097 425/5098 1434/5099
f 427/5097 1434/5099 1435/5100
f 1435/5101 1434/5102 1436/5103
f 1435/5101 1436/5103 1437/5104
f 1437/5105 1436/5106 1438/5107
f 1437/5105 1438/5107 1439/5108
f 1429/5109 1438/5110 1436/5111
f 1429/5109 1436/5111 1431/5112
f 1439/5113 1438/5114 1423/5115
f 1439/5113 1423/5115 1441/5116
f 1425/5117 1423/5118 1438/5119
f 1425/5117 1438/5119 1429/5120
f 1569/5121 1437/5122 1439/5123
f 1569/5121 1439/5123 1440/5124
f 1440/5125 1439/5126 1441/5127
f 1440/5125 1441/5127 1443/5128
f 1442/5129 1445/5130 1443/5131
f 1442/5129 1443/5131 1441/5132
f 1420/5133 1442/5134 1441/5135
f 1420/5133 1441/5135 1423/5136
f 1568/5137 1440/5138 1443/5139
f 1568/5137 1443/5139 1444/5140
f 1445/5141 1447/5142 1444/5143
f 1445/5141 1444/5143 1443/5144
f 1446/5145 1448/5146 1447/5147
f 1446/5145 1447/5147 1445/5148
f 1497/5149 1446/5150 1445/5151
f 1497/5149 1445/5151 1442/5152
f 1447/5153 1449/5154 1451/5155
f 1447/5153 1451/5155 1444/5156
f 1448/5157 1450/5158 1449/5159
f 1448/5157 1449/5159 1447/5160
f 1454/5161 1452/5162 1449/5163
f 1454/5161 1449/5163 1450/5164
f 1452/5165 1455/5166 1451/5167
f 1452/5165 1451/5167 1449/5168
f 1458/5169 1453/5170 1452/5171
f 1458/5169 1452/5171 1454/5172
f 1453/5173 1456/5174 1455/5175
f 1453/5173 1455/5175 1452/5176
f 1455/5177 649/5178 647/5179
f 1455/5177 647/5179 1451/5180
f 1456/5181 651/5182 649/5183
f 1456/5181 649/5183 1455/5184
f 663/5185 657/5186 1456/5187
f 663/5185 1456/5187 1453/5188
f 1457/5189 1454/5190 1450/5191
f 1457/5189 1450/5191 1486/5192
f 1460/5193 1458/5194 1454/5195
f 1460/5193 1454/5195 1457/5196
f 1458/5197 1459/5198 663/5199
f 1458/5197 663/5199 1453/5200
f 1461/5201 1459/5202 1458/5203
f 1461/5201 1458/5203 1460/5204
f 1465/5205 1461/5206 1460/5207
f 1465/5205 1460/5207 1462/5208
f 1462/5209 1460/5210 1457/5211
f 1462/5209 1457/5211 1463/5212
f 1462/5213 1463/5214 1482/5215
f 1462/5213 1482/5215 1464/5216
f 1467/5217 1465/5218 1462/5219
f 1467/5217 1462/5219 1464/5220
f 1461/5221 1465/5222 1466/5223
f 1461/5221 1466/5223 1567/5224
f 1469/5225 1466/5226 1465/5227
f 1469/5225 1465/5227 1467/5228
f 1464/5229 1479/5230 1468/5231
f 1464/5229 1468/5231 1467/5232
f 1468/5233 1471/5234 1469/5235
f 1468/5233 1469/5235 1467/5236
f 1471/5237 1472/5238 1470/5239
f 1471/5237 1470/5239 1469/5240
f 1470/5241 1559/5242 1466/5243
f 1470/5241 1466/5243 1469/5244
f 1473/5245 1475/5246 1472/5247
f 1473/5245 1472/5247 1471/5248
f 1474/5249 1473/5250 1471/5251
f 1474/5249 1471/5251 1468/5252
f 719/5253 717/5254 1473/5255
f 719/5253 1473/5255 1474/5256
f 717/5257 710/5258 1475/5259
f 717/5257 1475/5259 1473/5260
f 1470/5261 1472/5262 1475/5263
f 1470/5261 1475/5263 706/5264
f 1476/5265 1474/5266 1468/5267
f 1476/5265 1468/5267 1479/5268
f 1476/5269 1477/5270 719/5271
f 1476/5269 719/5271 1474/5272
f 1476/5273 1478/5274 1554/5275
f 1476/5273 1554/5275 1477/5276
f 1476/5277 1479/5278 1480/5279
f 1476/5277 1480/5279 1478/5280
f 1480/5281 1479/5282 1464/5283
f 1480/5281 1464/5283 1482/5284
f 1478/5285 1480/5286 1481/5287
f 1478/5285 1481/5287 1553/5288
f 1481/5289 1480/5290 1482/5291
f 1481/5289 1482/5291 1483/5292
f 1463/5293 1485/5294 1483/5295
f 1463/5293 1483/5295 1482/5296
f 1483/5297 1484/5298 1551/5299
f 1483/5297 1551/5299 1481/5300
f 1484/5301 1483/5302 1485/5303
f 1484/5301 1485/5303 1487/5304
f 1486/5305 1488/5306 1487/5307
f 1486/5305 1487/5307 1485/5308
f 1463/5309 1457/5310 1486/5311
f 1463/5309 1486/5311 1485/5312
f 1491/5313 1484/5314 1487/5315
f 1491/5313 1487/5315 1489/5316
f 1489/5317 1487/5318 1488/5319
f 1489/5317 1488/5319 1490/5320
f 1495/5321 1492/5322 1489/5323
f 1495/5321 1489/5323 1490/5324
f 1493/5325 1491/5326 1489/5327
f 1493/5325 1489/5327 1492/5328
f 1558/5329 1493/5330 1492/5331
f 1558/5329 1492/5331 1494/5332
f 1496/5333 1494/5334 1492/5335
f 1496/5333 1492/5335 1495/5336
f 1496/5337 1495/5338 1497/5339
f 1496/5337 1497/5339 1498/5340
f 1495/5341 1490/5342 1446/5343
f 1495/5341 1446/5343 1497/5344
f 1498/5345 1497/5346 1442/5347
f 1498/5345 1442/5347 1420/5348
f 1421/5349 1499/5350 1496/5351
f 1421/5349 1496/5351 1498/5352
f 1499/5353 1500/5354 1494/5355
f 1499/5353 1494/5355 1496/5356
f 1501/5357 1503/5358 1500/5359
f 1501/5357 1500/5359 1499/5360
f 1418/5361 1501/5362 1499/5363
f 1418/5361 1499/5363 1421/5364
f 1416/5365 1502/5366 1501/5367
f 1416/5365 1501/5367 1418/5368
f 1503/5369 1501/5370 1502/5371
f 1503/5369 1502/5371 1505/5372
f 1503/5373 1505/5374 1506/5375
f 1503/5373 1506/5375 1504/5376
f 1500/5377 1503/5378 1504/5379
f 1500/5377 1504/5379 1522/5380
f 1505/5381 1507/5382 1357/5383
f 1505/5381 1357/5383 1506/5384
f 1508/5385 1507/5386 1505/5387
f 1508/5385 1505/5387 1502/5388
f 1509/5389 1358/5390 1507/5391
f 1509/5389 1507/5391 1508/5392
f 1511/5393 1509/5394 1508/5395
f 1511/5393 1508/5395 1510/5396
f 1510/5397 1508/5398 1502/5399
f 1510/5397 1502/5399 1416/5400
f 1513/5401 1511/5402 1510/5403
f 1513/5401 1510/5403 1415/5404
f 1395/5405 1512/5406 1511/5407
f 1395/5405 1511/5407 1513/5408
f 1512/5409 1514/5410 1509/5411
f 1512/5409 1509/5411 1511/5412
f 1400/5413 1513/5414 1415/5415
f 1400/5413 1415/5415 1413/5416
f 1396/5417 1515/5418 1514/5419
f 1396/5417 1514/5419 1512/5420
f 1358/5421 1509/5422 1514/5423
f 1358/5421 1514/5423 1360/5424
f 1515/5425 1363/5426 1360/5427
f 1515/5425 1360/5427 1514/5428
f 1390/5429 1516/5430 1515/5431
f 1390/5429 1515/5431 1396/5432
f 1516/5433 1517/5434 1363/5435
f 1516/5433 1363/5435 1515/5436
f 1516/5437 1385/5438 1383/5439
f 1516/5437 1383/5439 1517/5440
f 2910/5441 1362/5442 1517/5443
f 2910/5441 1517/5443 1383/5444
f 1519/5445 1504/5446 1506/5447
f 1519/5445 1506/5447 1518/5448
f 1518/5449 1506/5450 1357/5451
f 1518/5449 1357/5451 1350/5452
f 1518/5453 1351/5454 1520/5455
f 1518/5453 1520/5455 1519/5456
f 1520/5457 1524/5458 1521/5459
f 1520/5457 1521/5459 1519/5460
f 1521/5461 1522/5462 1504/5463
f 1521/5461 1504/5463 1519/5464
f 1523/5465 1558/5466 1522/5467
f 1523/5465 1522/5467 1521/5468
f 1524/5469 1526/5470 1523/5471
f 1524/5469 1523/5471 1521/5472
f 1535/5473 1525/5474 1524/5475
f 1535/5473 1524/5475 1520/5476
f 1525/5477 1528/5478 1526/5479
f 1525/5477 1526/5479 1524/5480
f 1527/5481 1526/5482 1528/5483
f 1527/5481 1528/5483 1529/5484
f 1552/5485 1523/5486 1526/5487
f 1552/5485 1526/5487 1527/5488
f 1532/5489 1530/5490 1528/5491
f 1532/5489 1528/5491 1525/5492
f 1529/5493 1528/5494 1530/5495
f 1529/5493 1530/5495 1531/5496
f 1531/5497 1530/5498 1221/5499
f 1531/5497 1221/5499 1539/5500
f 1533/5501 1221/5502 1530/5503
f 1533/5501 1530/5503 1532/5504
f 1536/5505 1533/5506 1532/5507
f 1536/5505 1532/5507 1534/5508
f 1534/5509 1532/5510 1525/5511
f 1534/5509 1525/5511 1535/5512
f 1346/5513 1534/5514 1535/5515
f 1346/5513 1535/5515 1348/5516
f 1537/5517 1536/5518 1534/5519
f 1537/5517 1534/5519 1346/5520
f 1222/5521 1533/5522 1536/5523
f 1222/5521 1536/5523 1226/5524
f 1226/5525 1536/5526 1537/5527
f 1226/5525 1537/5527 1228/5528
f 1228/5529 1537/5530 1342/5531
f 1228/5529 1342/5531 1230/5532
f 1348/5533 1535/5534 1520/5535
f 1348/5533 1520/5535 1351/5536
f 1548/5537 1529/5538 1531/5539
f 1548/5537 1531/5539 1538/5540
f 1538/5541 1531/5542 1539/5543
f 1538/5541 1539/5543 1540/5544
f 1540/5545 1539/5546 1165/5547
f 1540/5545 1165/5547 1163/5548
f 1539/5549 1221/5550 1218/5551
f 1539/5549 1218/5551 1165/5552
f 1543/5553 1538/5554 1540/5555
f 1543/5553 1540/5555 1541/5556
f 1541/5557 1540/5558 1163/5559
f 1541/5557 1163/5559 1161/5560
f 1544/5561 1543/5562 1541/5563
f 1544/5561 1541/5563 1542/5564
f 1542/5565 1541/5566 1161/5567
f 1542/5565 1161/5567 1557/5568
f 1546/5569 1545/5570 1543/5571
f 1546/5569 1543/5571 1544/5572
f 1545/5573 1548/5574 1538/5575
f 1545/5573 1538/5575 1543/5576
f 1553/5577 1547/5578 1545/5579
f 1553/5577 1545/5579 1546/5580
f 1547/5581 1549/5582 1548/5583
f 1547/5581 1548/5583 1545/5584
f 1549/5585 1527/5586 1529/5587
f 1549/5585 1529/5587 1548/5588
f 1551/5589 1550/5590 1549/5591
f 1551/5589 1549/5591 1547/5592
f 1550/5593 1552/5594 1527/5595
f 1550/5593 1527/5595 1549/5596
f 1484/5597 1491/5598 1550/5599
f 1484/5597 1550/5599 1551/5600
f 1491/5601 1493/5602 1552/5603
f 1491/5601 1552/5603 1550/5604
f 1493/5605 1558/5606 1523/5607
f 1493/5605 1523/5607 1552/5608
f 1553/5609 1481/5610 1551/5611
f 1553/5609 1551/5611 1547/5612
f 1478/5613 1553/5614 1546/5615
f 1478/5613 1546/5615 1554/5616
f 1554/5617 1546/5618 1544/5619
f 1554/5617 1544/5619 1555/5620
f 1477/5621 1554/5622 1555/5623
f 1477/5621 1555/5623 720/5624
f 720/5625 1555/5626 1556/5627
f 720/5625 1556/5627 722/5628
f 1555/5629 1544/5630 1542/5631
f 1555/5629 1542/5631 1556/5632
f 722/5633 1556/5634 951/5635
f 722/5633 951/5635 724/5636
f 1556/5637 1542/5638 953/5639
f 1556/5637 953/5639 951/5640
f 1542/5641 1557/5642 955/5643
f 1542/5641 955/5643 953/5644
f 1557/5645 1160/5646 958/5647
f 1557/5645 958/5647 955/5648
f 1494/5649 1500/5650 1522/5651
f 1494/5649 1522/5651 1558/5652
f 1490/5653 1488/5654 1448/5655
f 1490/5653 1448/5655 1446/5656
f 1488/5657 1486/5658 1450/5659
f 1488/5657 1450/5659 1448/5660
f 1562/5661 1560/5662 1470/5663
f 1562/5661 1470/5663 705/5664
f 1470/5665 1560/5666 1561/5667
f 1470/5665 1561/5667 1559/5668
f 1560/5669 669/5670 666/5671
f 1560/5669 666/5671 1561/5672
f 1563/5673 669/5674 1560/5675
f 1563/5673 1560/5675 1562/5676
f 1564/5677 1563/5678 1562/5679
f 1564/5677 1562/5679 696/5680
f 696/5681 1562/5682 705/5683
f 696/5681 705/5683 698/5684
f 668/5685 1563/5686 1564/5687
f 668/5685 1564/5687 1565/5688
f 690/5689 1565/5690 1564/5691
f 690/5689 1564/5691 692/5692
f 686/5693 1566/5694 1565/5695
f 686/5693 1565/5695 690/5696
f 1566/5697 671/5698 668/5699
f 1566/5697 668/5699 1565/5700
f 1566/5701 681/5702 673/5703
f 1566/5701 673/5703 671/5704
f 1561/5705 666/5706 664/5707
f 1561/5705 664/5707 1567/5708
f 1567/5709 1466/5710 1559/5711
f 1567/5709 1559/5711 1561/5712
f 1459/5713 1461/5714 1567/5715
f 1459/5713 1567/5715 664/5716
f 519/5717 1568/5718 1444/5719
f 519/5717 1444/5719 1451/5720
f 1451/5721 647/5722 521/5723
f 1451/5721 521/5723 519/5724
f 518/5725 1569/5726 1440/5727
f 518/5725 1440/5727 1568/5728
f 1570/5729 1435/5730 1437/5731
f 1570/5729 1437/5731 1569/5732
f 515/5733 1570/5734 1569/5735
f 515/5733 1569/5735 518/5736
f 430/5737 427/5738 1435/5739
f 430/5737 1435/5739 1570/5740
f 512/5741 430/5742 1570/5743
f 512/5741 1570/5743 515/5744
f 1571/5745 1572/5746 1573/5747
f 1571/5745 1573/5747 1398/5748
f 1572/5749 1574/5750 1575/5751
f 1572/5749 1575/5751 1573/5752
f 1574/5753 1576/5754 1577/5755
f 1574/5753 1577/5755 1575/5756
f 1576/5757 387/5758 384/5759
f 1576/5757 384/5759 1577/5760
f 384/5761 376/5762 374/5763
f 384/5761 374/5763 1577/5764
f 1577/5765 374/5766 372/5767
f 1577/5765 372/5767 1575/5768
f 1575/5769 372/5770 1393/5771
f 1575/5769 1393/5771 1573/5772
f 1579/5773 361/5774 1578/5775
f 1579/5773 1578/5775 1388/5776
f 1388/5777 1578/5778 1581/5779
f 1388/5777 1581/5779 1381/5780
f 369/5781 360/5782 1579/5783
f 369/5781 1579/5783 1387/5784
f 1578/5785 361/5786 1602/5787
f 1578/5785 1602/5787 1580/5788
f 1581/5789 1578/5790 1580/5791
f 1581/5789 1580/5791 1582/5792
f 1582/5793 1584/5794 1380/5795
f 1582/5793 1380/5795 1581/5796
f 1583/5797 1585/5798 1584/5799
f 1583/5797 1584/5799 1582/5800
f 1582/5801 1580/5802 1596/5803
f 1582/5801 1596/5803 1583/5804
f 1584/5805 1585/5806 1588/5807
f 1584/5805 1588/5807 1586/5808
f 1380/5809 1584/5810 1586/5811
f 1380/5809 1586/5811 1378/5812
f 1587/5813 1376/5814 1378/5815
f 1587/5813 1378/5815 1586/5816
f 791/5817 1587/5818 1586/5819
f 791/5817 1586/5819 1588/5820
f 1588/5821 1589/5822 789/5823
f 1588/5821 789/5823 791/5824
f 1591/5825 1589/5826 1588/5827
f 1591/5825 1588/5827 1585/5828
f 1590/5829 1589/5830 1591/5831
f 1590/5829 1591/5831 1592/5832
f 789/5833 1589/5834 1590/5835
f 789/5833 1590/5835 787/5836
f 1592/5837 1591/5838 1593/5839
f 1592/5837 1593/5839 1594/5840
f 1593/5841 1591/5842 1585/5843
f 1593/5841 1585/5843 1583/5844
f 1593/5845 1595/5846 1597/5847
f 1593/5845 1597/5847 1594/5848
f 1593/5849 1583/5850 1596/5851
f 1593/5849 1596/5851 1595/5852
f 1595/5853 1596/5854 1601/5855
f 1595/5853 1601/5855 1598/5856
f 1595/5857 1598/5858 1600/5859
f 1595/5857 1600/5859 1597/5860
f 1598/5861 1601/5862 1603/5863
f 1598/5861 1603/5863 1599/5864
f 1598/5865 1599/5866 241/5867
f 1598/5865 241/5867 1600/5868
f 1580/5869 1602/5870 1601/5871
f 1580/5869 1601/5871 1596/5872
f 1602/5873 362/5874 1603/5875
f 1602/5873 1603/5875 1601/5876
f 1603/5877 1604/5878 242/5879
f 1603/5877 242/5879 1599/5880
f 362/5881 357/5882 1604/5883
f 362/5881 1604/5883 1603/5884
f 242/5885 1604/5886 1605/5887
f 242/5885 1605/5887 244/5888
f 357/5889 355/5890 1605/5891
f 357/5889 1605/5891 1604/5892
f 355/5893 256/5894 249/5895
f 355/5893 249/5895 1605/5896
f 1600/5897 241/5898 239/5899
f 1600/5897 239/5899 1606/5900
f 1597/5901 1600/5902 1606/5903
f 1597/5901 1606/5903 1608/5904
f 1607/5905 1606/5906 239/5907
f 1607/5905 239/5907 237/5908
f 1610/5909 1608/5910 1606/5911
f 1610/5909 1606/5911 1607/5912
f 1611/5913 1609/5914 1608/5915
f 1611/5913 1608/5915 1610/5916
f 1594/5917 1597/5918 1608/5919
f 1594/5917 1608/5919 1609/5920
f 1611/5921 1610/5922 1612/5923
f 1611/5921 1612/5923 1613/5924
f 1610/5925 1607/5926 1615/5927
f 1610/5925 1615/5927 1612/5928
f 1613/5929 1612/5930 1614/5931
f 1613/5929 1614/5931 2897/5932
f 1612/5933 1615/5934 1617/5935
f 1612/5933 1617/5935 1614/5936
f 1607/5937 237/5938 1616/5939
f 1607/5937 1616/5939 1615/5940
f 1615/5941 1616/5942 1619/5943
f 1615/5941 1619/5943 1617/5944
f 1620/5945 1618/5946 1617/5947
f 1620/5945 1617/5947 1619/5948
f 1617/5949 1618/5950 2902/5951
f 1617/5949 2902/5951 1614/5952
f 1619/5953 229/5954 1621/5955
f 1619/5953 1621/5955 1620/5956
f 1616/5957 232/5958 229/5959
f 1616/5957 229/5959 1619/5960
f 1625/5961 1618/5962 1620/5963
f 1625/5961 1620/5963 1622/5964
f 1622/5965 1620/5966 1621/5967
f 1622/5965 1621/5967 1623/5968
f 2903/5969 1624/5970 1622/5971
f 2903/5969 1622/5971 1623/5972
f 1624/5973 1627/5974 1625/5975
f 1624/5973 1625/5975 1622/5976
f 1626/5977 2902/5978 1618/5979
f 1626/5977 1618/5979 1625/5980
f 1628/5981 1626/5982 1625/5983
f 1628/5981 1625/5983 1627/5984
f 1630/5985 1626/5986 1628/5987
f 1630/5985 1628/5987 1629/5988
f 1629/5989 1631/5990 1633/5991
f 1629/5989 1633/5991 1630/5992
f 1632/5993 1635/5994 1633/5995
f 1632/5993 1633/5995 1631/5996
f 1633/5997 1634/5998 2895/5999
f 1633/5997 2895/5999 1630/6000
f 1635/6001 1636/6002 1634/6003
f 1635/6001 1634/6003 1633/6004
f 1632/6005 1639/6006 1637/6007
f 1632/6005 1637/6007 1635/6008
f 1637/6009 773/6010 1636/6011
f 1637/6009 1636/6011 1635/6012
f 1638/6013 771/6014 773/6015
f 1638/6013 773/6015 1637/6016
f 1639/6017 1640/6018 1638/6019
f 1639/6017 1638/6019 1637/6020
f 1640/6021 1641/6022 1642/6023
f 1640/6021 1642/6023 1638/6024
f 1641/6025 1643/6026 1645/6027
f 1641/6025 1645/6027 1642/6028
f 1643/6029 1644/6030 1647/6031
f 1643/6029 1647/6031 1645/6032
f 1645/6033 1646/6034 769/6035
f 1645/6033 769/6035 1642/6036
f 1647/6037 1648/6038 1646/6039
f 1647/6037 1646/6039 1645/6040
f 1649/6041 1652/6042 1648/6043
f 1649/6041 1648/6043 1647/6044
f 1644/6045 1650/6046 1649/6047
f 1644/6045 1649/6047 1647/6048
f 1676/6049 1651/6050 1649/6051
f 1676/6049 1649/6051 1650/6052
f 1651/6053 1653/6054 1652/6055
f 1651/6053 1652/6055 1649/6056
f 1652/6057 1654/6058 762/6059
f 1652/6057 762/6059 1648/6060
f 1655/6061 1654/6062 1652/6063
f 1655/6061 1652/6063 1653/6064
f 1655/6065 754/6066 756/6067
f 1655/6065 756/6067 1654/6068
f 1658/6069 754/6070 1655/6071
f 1658/6069 1655/6071 1656/6072
f 1659/6073 1656/6074 1655/6075
f 1659/6073 1655/6075 1653/6076
f 2825/6077 1658/6078 1656/6079
f 2825/6077 1656/6079 1657/6080
f 1661/6081 1657/6082 1656/6083
f 1661/6081 1656/6083 1659/6084
f 1660/6085 1659/6086 1653/6087
f 1660/6085 1653/6087 1651/6088
f 1662/6089 1661/6090 1659/6091
f 1662/6089 1659/6091 1660/6092
f 1665/6093 1663/6094 1661/6095
f 1665/6093 1661/6095 1662/6096
f 1657/6097 1661/6098 1663/6099
f 1657/6097 1663/6099 1664/6100
f 1664/6101 1663/6102 1666/6103
f 1664/6101 1666/6103 1667/6104
f 1669/6105 1666/6106 1663/6107
f 1669/6105 1663/6107 1665/6108
f 1667/6109 1666/6110 1668/6111
f 1667/6109 1668/6111 2842/6112
f 1670/6113 1668/6114 1666/6115
f 1670/6113 1666/6115 1669/6116
f 1671/6117 1672/6118 1670/6119
f 1671/6117 1670/6119 1669/6120
f 1671/6121 1669/6122 1665/6123
f 1671/6121 1665/6123 1673/6124
f 1665/6125 1662/6126 1674/6127
f 1665/6125 1674/6127 1673/6128
f 1662/6129 1660/6130 1675/6131
f 1662/6129 1675/6131 1674/6132
f 1675/6133 1660/6134 1651/6135
f 1675/6133 1651/6135 1676/6136
f 1672/6137 1677/6138 1678/6139
f 1672/6137 1678/6139 1670/6140
f 1677/6141 1679/6142 1680/6143
f 1677/6141 1680/6143 1678/6144
f 1679/6145 1681/6146 1682/6147
f 1679/6145 1682/6147 1680/6148
f 1683/6149 1684/6150 1682/6151
f 1683/6149 1682/6151 1681/6152
f 1687/6153 1684/6154 1683/6155
f 1687/6153 1683/6155 1685/6156
f 1685/6157 1686/6158 1689/6159
f 1685/6157 1689/6159 1687/6160
f 1687/6161 1688/6162 2849/6163
f 1687/6161 2849/6163 1684/6164
f 1689/6165 1691/6166 1688/6167
f 1689/6165 1688/6167 1687/6168
f 1686/6169 1699/6170 1690/6171
f 1686/6169 1690/6171 1689/6172
f 1690/6173 1693/6174 1691/6175
f 1690/6173 1691/6175 1689/6176
f 1692/6177 2851/6178 1688/6179
f 1692/6177 1688/6179 1691/6180
f 1694/6181 1692/6182 1691/6183
f 1694/6181 1691/6183 1693/6184
f 1694/6185 1693/6186 1695/6187
f 1694/6185 1695/6187 1696/6188
f 1697/6189 1695/6190 1693/6191
f 1697/6189 1693/6191 1690/6192
f 1696/6193 1695/6194 197/6195
f 1696/6193 197/6195 1701/6196
f 199/6197 197/6198 1695/6199
f 199/6197 1695/6199 1697/6200
f 1699/6201 1698/6202 1697/6203
f 1699/6201 1697/6203 1690/6204
f 199/6205 1697/6206 1698/6207
f 199/6205 1698/6207 201/6208
f 1702/6209 1700/6210 1696/6211
f 1702/6209 1696/6211 1701/6212
f 1700/6213 2893/6214 1694/6215
f 1700/6213 1694/6215 1696/6216
f 190/6217 1702/6218 1701/6219
f 190/6217 1701/6219 192/6220
f 188/6221 1703/6222 1702/6223
f 188/6221 1702/6223 190/6224
f 1703/6225 1705/6226 1700/6227
f 1703/6225 1700/6227 1702/6228
f 1703/6229 188/6230 1749/6231
f 1703/6229 1749/6231 1704/6232
f 1705/6233 1703/6234 1704/6235
f 1705/6233 1704/6235 1707/6236
f 1705/6237 1706/6238 2893/6239
f 1705/6237 2893/6239 1700/6240
f 1706/6241 1705/6242 1707/6243
f 1706/6241 1707/6243 1709/6244
f 1707/6245 1704/6246 1748/6247
f 1707/6245 1748/6247 1708/6248
f 1709/6249 1707/6250 1708/6251
f 1709/6249 1708/6251 1711/6252
f 2855/6253 1706/6254 1709/6255
f 2855/6253 1709/6255 1710/6256
f 1710/6257 1709/6258 1711/6259
f 1710/6257 1711/6259 1712/6260
f 1713/6261 1714/6262 1712/6263
f 1713/6261 1712/6263 1711/6264
f 1715/6265 1713/6266 1711/6267
f 1715/6265 1711/6267 1708/6268
f 1716/6269 1718/6270 1714/6271
f 1716/6269 1714/6271 1713/6272
f 1719/6273 1716/6274 1713/6275
f 1719/6273 1713/6275 1715/6276
f 1717/6277 2889/6278 1718/6279
f 1717/6277 1718/6279 1716/6280
f 1721/6281 1717/6282 1716/6283
f 1721/6281 1716/6283 1719/6284
f 1723/6285 1721/6286 1719/6287
f 1723/6285 1719/6287 1720/6288
f 1720/6289 1719/6290 1715/6291
f 1720/6289 1715/6291 1750/6292
f 1717/6293 1721/6294 1722/6295
f 1717/6293 1722/6295 2888/6296
f 1721/6297 1723/6298 1725/6299
f 1721/6297 1725/6299 1722/6300
f 1724/6301 1723/6302 1720/6303
f 1724/6301 1720/6303 1734/6304
f 1723/6305 1724/6306 1727/6307
f 1723/6305 1727/6307 1725/6308
f 1725/6309 1727/6310 1729/6311
f 1725/6309 1729/6311 1726/6312
f 1722/6313 1725/6314 1726/6315
f 1722/6313 1726/6315 1751/6316
f 1724/6317 1730/6318 1728/6319
f 1724/6317 1728/6319 1727/6320
f 1727/6321 1728/6322 136/6323
f 1727/6321 136/6323 1729/6324
f 1726/6325 1729/6326 132/6327
f 1726/6325 132/6327 1752/6328
f 1730/6329 1731/6330 140/6331
f 1730/6329 140/6331 1728/6332
f 1731/6333 1730/6334 1732/6335
f 1731/6333 1732/6335 1733/6336
f 1730/6337 1724/6338 1734/6339
f 1730/6337 1734/6339 1732/6340
f 1733/6341 1732/6342 1735/6343
f 1733/6341 1735/6343 1738/6344
f 1732/6345 1734/6346 1736/6347
f 1732/6345 1736/6347 1735/6348
f 1735/6349 1736/6350 1747/6351
f 1735/6349 1747/6351 1737/6352
f 1738/6353 1735/6354 1737/6355
f 1738/6353 1737/6355 1739/6356
f 1739/6357 1741/6358 1740/6359
f 1739/6357 1740/6359 1738/6360
f 1742/6361 1733/6362 1738/6363
f 1742/6361 1738/6363 1740/6364
f 1743/6365 1740/6366 1741/6367
f 1743/6365 1741/6367 1744/6368
f 148/6369 1742/6370 1740/6371
f 148/6369 1740/6371 1743/6372
f 152/6373 1743/6374 1744/6375
f 152/6373 1744/6375 1745/6376
f 1746/6377 165/6378 1745/6379
f 1746/6377 1745/6379 1744/6380
f 183/6381 1746/6382 1744/6383
f 183/6381 1744/6383 1741/6384
f 144/6385 1731/6386 1733/6387
f 144/6385 1733/6387 1742/6388
f 185/6389 183/6390 1741/6391
f 185/6389 1741/6391 1739/6392
f 187/6393 185/6394 1739/6395
f 187/6393 1739/6395 1737/6396
f 1749/6397 187/6398 1737/6399
f 1749/6397 1737/6399 1747/6400
f 1736/6401 1750/6402 1748/6403
f 1736/6401 1748/6403 1747/6404
f 1704/6405 1749/6406 1747/6407
f 1704/6405 1747/6407 1748/6408
f 1750/6409 1715/6410 1708/6411
f 1750/6409 1708/6411 1748/6412
f 1734/6413 1720/6414 1750/6415
f 1734/6413 1750/6415 1736/6416
f 1751/6417 1726/6418 1752/6419
f 1751/6417 1752/6419 1753/6420
f 131/6421 1755/6422 1753/6423
f 131/6421 1753/6423 1752/6424
f 2887/6425 1751/6426 1753/6427
f 2887/6425 1753/6427 1754/6428
f 1754/6429 1753/6430 1755/6431
f 1754/6429 1755/6431 1757/6432
f 1756/6433 1759/6434 1757/6435
f 1756/6433 1757/6435 1755/6436
f 129/6437 1756/6438 1755/6439
f 129/6437 1755/6439 131/6440
f 1757/6441 1758/6442 2884/6443
f 1757/6441 2884/6443 1754/6444
f 1759/6445 1760/6446 1758/6447
f 1759/6445 1758/6447 1757/6448
f 1764/6449 1761/6450 1759/6451
f 1764/6449 1759/6451 1756/6452
f 1761/6453 1762/6454 1760/6455
f 1761/6453 1760/6455 1759/6456
f 1762/6457 1761/6458 1763/6459
f 1762/6457 1763/6459 1767/6460
f 1761/6461 1764/6462 1765/6463
f 1761/6461 1765/6463 1763/6464
f 1764/6465 127/6466 1766/6467
f 1764/6465 1766/6467 1765/6468
f 127/6469 1764/6470 1756/6471
f 127/6469 1756/6471 129/6472
f 1763/6473 1765/6474 44/6475
f 1763/6473 44/6475 41/6476
f 1765/6477 1766/6478 46/6479
f 1765/6477 46/6479 44/6480
f 1766/6481 126/6482 3096/6483
f 1766/6481 3096/6483 46/6484
f 1767/6485 1763/6486 41/6487
f 1767/6485 41/6487 1768/6488
f 1769/6489 1767/6490 1768/6491
f 1769/6489 1768/6491 1772/6492
f 1771/6493 1762/6494 1767/6495
f 1771/6493 1767/6495 1769/6496
f 1770/6497 1769/6498 1772/6499
f 1770/6497 1772/6499 1774/6500
f 2881/6501 1771/6502 1769/6503
f 2881/6501 1769/6503 1770/6504
f 1774/6505 1772/6506 1773/6507
f 1774/6505 1773/6507 1775/6508
f 1772/6509 1768/6510 42/6511
f 1772/6509 42/6511 1773/6512
f 1777/6513 1770/6514 1774/6515
f 1777/6513 1774/6515 1776/6516
f 1776/6517 1774/6518 1775/6519
f 1776/6517 1775/6519 1778/6520
f 1780/6521 1777/6522 1776/6523
f 1780/6521 1776/6523 1779/6524
f 1779/6525 1776/6526 1778/6527
f 1779/6525 1778/6527 1781/6528
f 1783/6529 1780/6530 1779/6531
f 1783/6529 1779/6531 1782/6532
f 1782/6533 1779/6534 1781/6535
f 1782/6533 1781/6535 1784/6536
f 1787/6537 1783/6538 1782/6539
f 1787/6537 1782/6539 1785/6540
f 1785/6541 1782/6542 1784/6543
f 1785/6541 1784/6543 1788/6544
f 1786/6545 1785/6546 1788/6547
f 1786/6545 1788/6547 1790/6548
f 1806/6549 1787/6550 1785/6551
f 1806/6549 1785/6551 1786/6552
f 1788/6553 1784/6554 2800/6555
f 1788/6553 2800/6555 1789/6556
f 1789/6557 1792/6558 1790/6559
f 1789/6557 1790/6559 1788/6560
f 1792/6561 1794/6562 1791/6563
f 1792/6561 1791/6563 1790/6564
f 1804/6565 1786/6566 1790/6567
f 1804/6565 1790/6567 1791/6568
f 2795/6569 1793/6570 1792/6571
f 2795/6569 1792/6571 1789/6572
f 1793/6573 1795/6574 1794/6575
f 1793/6573 1794/6575 1792/6576
f 1794/6577 1796/6578 1799/6579
f 1794/6577 1799/6579 1791/6580
f 1795/6581 1797/6582 1796/6583
f 1795/6581 1796/6583 1794/6584
f 1797/6585 1875/6586 1798/6587
f 1797/6585 1798/6587 1796/6588
f 1800/6589 1799/6590 1796/6591
f 1800/6589 1796/6591 1798/6592
f 1802/6593 1801/6594 1799/6595
f 1802/6593 1799/6595 1800/6596
f 1801/6597 1804/6598 1791/6599
f 1801/6597 1791/6599 1799/6600
f 1872/6601 1803/6602 1801/6603
f 1872/6601 1801/6603 1802/6604
f 1803/6605 1805/6606 1804/6607
f 1803/6605 1804/6607 1801/6608
f 1805/6609 1806/6610 1786/6611
f 1805/6609 1786/6611 1804/6612
f 1810/6613 1806/6614 1805/6615
f 1810/6613 1805/6615 1807/6616
f 1807/6617 1805/6618 1803/6619
f 1807/6617 1803/6619 1809/6620
f 1807/6621 1809/6622 1869/6623
f 1807/6621 1869/6623 1808/6624
f 1810/6625 1807/6626 1808/6627
f 1810/6625 1808/6627 1812/6628
f 1811/6629 1787/6630 1806/6631
f 1811/6629 1806/6631 1810/6632
f 1811/6633 1810/6634 1812/6635
f 1811/6633 1812/6635 1814/6636
f 1812/6637 1808/6638 1868/6639
f 1812/6637 1868/6639 1813/6640
f 1814/6641 1812/6642 1813/6643
f 1814/6641 1813/6643 1816/6644
f 1815/6645 1814/6646 1816/6647
f 1815/6645 1816/6647 1818/6648
f 2882/6649 1811/6650 1814/6651
f 2882/6649 1814/6651 1815/6652
f 1816/6653 1813/6654 2810/6655
f 1816/6653 2810/6655 1817/6656
f 1817/6657 1820/6658 1818/6659
f 1817/6657 1818/6659 1816/6660
f 2878/6661 1815/6662 1818/6663
f 2878/6661 1818/6663 1819/6664
f 1820/6665 1822/6666 1819/6667
f 1820/6665 1819/6667 1818/6668
f 2812/6669 1821/6670 1820/6671
f 2812/6669 1820/6671 1817/6672
f 1821/6673 1824/6674 1822/6675
f 1821/6673 1822/6675 1820/6676
f 1822/6677 1823/6678 2876/6679
f 1822/6677 2876/6679 1819/6680
f 1824/6681 1825/6682 1823/6683
f 1824/6681 1823/6683 1822/6684
f 1826/6685 1827/6686 1825/6687
f 1826/6685 1825/6687 1824/6688
f 1828/6689 1826/6690 1824/6691
f 1828/6689 1824/6691 1821/6692
f 1830/6693 1827/6694 1826/6695
f 1830/6693 1826/6695 1829/6696
f 1829/6697 1826/6698 1828/6699
f 1829/6697 1828/6699 1831/6700
f 1830/6701 1829/6702 1832/6703
f 1830/6701 1832/6703 1833/6704
f 1829/6705 1831/6706 1834/6707
f 1829/6705 1834/6707 1832/6708
f 1833/6709 1832/6710 1835/6711
f 1833/6709 1835/6711 1837/6712
f 1832/6713 1834/6714 1838/6715
f 1832/6713 1838/6715 1835/6716
f 1836/6717 2890/6718 1837/6719
f 1836/6717 1837/6719 1835/6720
f 1839/6721 1836/6722 1835/6723
f 1839/6721 1835/6723 1838/6724
f 1842/6725 1839/6726 1838/6727
f 1842/6725 1838/6727 1840/6728
f 1834/6729 1841/6730 1840/6731
f 1834/6729 1840/6731 1838/6732
f 1841/6733 1846/6734 1843/6735
f 1841/6733 1843/6735 1840/6736
f 1840/6737 1843/6738 1845/6739
f 1840/6737 1845/6739 1842/6740
f 1843/6741 1844/6742 2821/6743
f 1843/6741 2821/6743 1845/6744
f 1846/6745 1848/6746 1844/6747
f 1846/6745 1844/6747 1843/6748
f 2816/6749 1847/6750 1846/6751
f 2816/6749 1846/6751 1841/6752
f 1847/6753 1849/6754 1848/6755
f 1847/6753 1848/6755 1846/6756
f 1849/6757 1851/6758 1850/6759
f 1849/6757 1850/6759 1848/6760
f 1848/6761 1850/6762 1852/6763
f 1848/6761 1852/6763 1844/6764
f 1851/6765 1856/6766 1853/6767
f 1851/6765 1853/6767 1850/6768
f 1850/6769 1853/6770 1855/6771
f 1850/6769 1855/6771 1852/6772
f 1856/6773 753/6774 1854/6775
f 1856/6773 1854/6775 1853/6776
f 1853/6777 1854/6778 2818/6779
f 1853/6777 2818/6779 1855/6780
f 1851/6781 1858/6782 1857/6783
f 1851/6781 1857/6783 1856/6784
f 1857/6785 1858/6786 1860/6787
f 1857/6785 1860/6787 1859/6788
f 749/6789 1857/6790 1859/6791
f 749/6789 1859/6791 1861/6792
f 1859/6793 1860/6794 1864/6795
f 1859/6793 1864/6795 1862/6796
f 1861/6797 1859/6798 1862/6799
f 1861/6797 1862/6799 1865/6800
f 1862/6801 1863/6802 1865/6803
f 1867/6804 1863/6805 1862/6806
f 1867/6804 1862/6806 1864/6807
f 1870/6808 1861/6809 1865/6810
f 1870/6808 1865/6810 1863/6811
f 1860/6812 2809/6813 1866/6814
f 1860/6812 1866/6814 1864/6815
f 1868/6816 1867/6817 1864/6818
f 1868/6816 1864/6818 1866/6819
f 1808/6820 1869/6821 1867/6822
f 1808/6820 1867/6822 1868/6823
f 1869/6824 1870/6825 1863/6826
f 1869/6824 1863/6826 1867/6827
f 1809/6828 1871/6829 1870/6830
f 1809/6828 1870/6830 1869/6831
f 1871/6832 749/6833 1861/6834
f 1871/6832 1861/6834 1870/6835
f 1809/6836 1803/6837 1872/6838
f 1809/6836 1872/6838 1871/6839
f 1873/6840 1872/6841 1802/6842
f 1873/6840 1802/6842 1875/6843
f 1876/6844 1878/6845 1874/6846
f 1876/6844 1874/6846 1873/6847
f 1876/6848 1873/6849 1875/6850
f 1876/6848 1875/6850 1797/6851
f 1877/6852 1876/6853 1797/6854
f 1877/6852 1797/6854 1795/6855
f 1877/6856 1879/6857 1878/6858
f 1877/6856 1878/6858 1876/6859
f 1878/6860 1879/6861 4/6862
f 1878/6860 4/6862 1880/6863
f 1874/6864 1878/6865 1880/6866
f 1874/6864 1880/6866 1881/6867
f 1881/6868 1880/6869 2/6870
f 1881/6868 2/6870 1883/6871
f 2789/6872 1874/6873 1881/6874
f 2789/6872 1881/6874 1882/6875
f 1882/6876 1881/6877 1883/6878
f 1882/6876 1883/6878 1884/6879
f 1883/6880 2/6881 1885/6882
f 1883/6880 1885/6882 1884/6883
f 1886/6884 1882/6885 1884/6886
f 1886/6884 1884/6886 1885/6887
f 1888/6888 1886/6889 1885/6890
f 1888/6888 1885/6890 3/6891
f 1889/6892 1887/6893 1886/6894
f 1889/6892 1886/6894 1888/6895
f 1887/6896 2789/6897 1882/6898
f 1887/6896 1882/6898 1886/6899
f 1892/6900 1889/6901 1888/6902
f 1892/6900 1888/6902 1890/6903
f 1890/6904 1888/6905 3/6906
f 1890/6904 3/6906 7/6907
f 1894/6908 1892/6909 1890/6910
f 1894/6908 1890/6910 1891/6911
f 1891/6912 1890/6913 7/6914
f 1891/6912 7/6914 10/6915
f 1892/6916 1893/6917 2119/6918
f 1892/6916 2119/6918 1889/6919
f 1894/6920 1895/6921 1893/6922
f 1894/6920 1893/6922 1892/6923
f 1896/6924 1894/6925 1891/6926
f 1896/6924 1891/6926 1897/6927
f 1896/6928 1899/6929 1895/6930
f 1896/6928 1895/6930 1894/6931
f 1898/6932 1896/6933 1897/6934
f 1898/6932 1897/6934 2782/6935
f 1898/6936 1900/6937 1899/6938
f 1898/6936 1899/6938 1896/6939
f 1899/6940 1900/6941 1904/6942
f 1899/6940 1904/6942 1901/6943
f 1895/6944 1899/6945 1901/6946
f 1895/6944 1901/6946 1902/6947
f 1902/6948 1901/6949 1903/6950
f 1902/6948 1903/6950 2154/6951
f 1901/6952 1904/6953 1905/6954
f 1901/6952 1905/6954 1903/6955
f 1900/6956 1908/6957 1906/6958
f 1900/6956 1906/6958 1904/6959
f 1904/6960 1906/6961 1909/6962
f 1904/6960 1909/6962 1905/6963
f 1906/6964 1907/6965 1911/6966
f 1906/6964 1911/6966 1909/6967
f 1908/6968 2779/6969 1907/6970
f 1908/6968 1907/6970 1906/6971
f 1909/6972 1911/6973 1912/6974
f 1909/6972 1912/6974 1910/6975
f 1905/6976 1909/6977 1910/6978
f 1905/6976 1910/6978 2135/6979
f 1907/6980 1914/6981 1913/6982
f 1907/6980 1913/6982 1911/6983
f 1911/6984 1913/6985 1916/6986
f 1911/6984 1916/6986 1912/6987
f 1914/6988 2761/6989 1915/6990
f 1914/6988 1915/6990 1913/6991
f 1913/6992 1915/6993 1918/6994
f 1913/6992 1918/6994 1916/6995
f 1916/6996 1918/6997 1919/6998
f 1916/6996 1919/6998 1917/6999
f 1912/7000 1916/7001 1917/7002
f 1912/7000 1917/7002 2137/7003
f 1918/7004 1920/7005 1921/7006
f 1918/7004 1921/7006 1919/7007
f 1915/7008 1922/7009 1920/7010
f 1915/7008 1920/7010 1918/7011
f 1926/7012 1921/7013 1920/7014
f 1926/7012 1920/7014 1923/7015
f 1922/7016 1924/7017 1923/7018
f 1922/7016 1923/7018 1920/7019
f 1924/7020 2773/7021 1925/7022
f 1924/7020 1925/7022 1923/7023
f 1927/7024 1926/7025 1923/7026
f 1927/7024 1923/7026 1925/7027
f 1931/7028 1928/7029 1926/7030
f 1931/7028 1926/7030 1927/7031
f 1928/7032 1929/7033 1921/7034
f 1928/7032 1921/7034 1926/7035
f 1930/7036 2148/7037 1929/7038
f 1930/7036 1929/7038 1928/7039
f 1933/7040 1930/7041 1928/7042
f 1933/7040 1928/7042 1931/7043
f 1932/7044 1931/7045 1927/7046
f 1932/7044 1927/7046 2777/7047
f 1935/7048 1933/7049 1931/7050
f 1935/7048 1931/7050 1932/7051
f 1934/7052 2065/7053 1930/7054
f 1934/7052 1930/7054 1933/7055
f 1936/7056 1934/7057 1933/7058
f 1936/7056 1933/7058 1935/7059
f 1939/7060 1936/7061 1935/7062
f 1939/7060 1935/7062 1937/7063
f 1937/7064 1935/7065 1932/7066
f 1937/7064 1932/7066 1940/7067
f 1938/7068 1937/7069 1940/7070
f 1938/7068 1940/7070 1942/7071
f 2055/7072 1939/7073 1937/7074
f 2055/7072 1937/7074 1938/7075
f 1940/7076 1932/7077 2777/7078
f 1940/7076 2777/7078 1941/7079
f 1942/7080 1940/7081 1941/7082
f 1942/7080 1941/7082 1944/7083
f 1955/7084 1938/7085 1942/7086
f 1955/7084 1942/7086 1943/7087
f 1943/7088 1942/7089 1944/7090
f 1943/7088 1944/7090 1946/7091
f 2778/7092 1945/7093 1944/7094
f 2778/7092 1944/7094 1941/7095
f 1945/7096 1947/7097 1946/7098
f 1945/7096 1946/7098 1944/7099
f 1947/7100 1949/7101 1948/7102
f 1947/7100 1948/7102 1946/7103
f 1951/7104 1943/7105 1946/7106
f 1951/7104 1946/7106 1948/7107
f 1949/7108 2784/7109 1950/7110
f 1949/7108 1950/7110 1948/7111
f 1952/7112 1951/7113 1948/7114
f 1952/7112 1948/7114 1950/7115
f 1956/7116 1953/7117 1951/7118
f 1956/7116 1951/7118 1952/7119
f 1953/7120 1955/7121 1943/7122
f 1953/7120 1943/7122 1951/7123
f 1958/7124 1954/7125 1953/7126
f 1958/7124 1953/7126 1956/7127
f 1954/7128 2052/7129 1955/7130
f 1954/7128 1955/7130 1953/7131
f 1957/7132 1956/7133 1952/7134
f 1957/7132 1952/7134 2786/7135
f 1960/7136 1958/7137 1956/7138
f 1960/7136 1956/7138 1957/7139
f 1954/7140 1958/7141 1959/7142
f 1954/7140 1959/7142 2050/7143
f 1958/7144 1960/7145 1962/7146
f 1958/7144 1962/7146 1959/7147
f 1961/7148 1960/7149 1957/7150
f 1961/7148 1957/7150 2711/7151
f 1960/7152 1961/7153 2710/7154
f 1960/7152 2710/7154 93/7155
f 1960/7152 93/7155 1963/7156
f 1960/7152 1963/7156 1962/7157
f 1962/7158 1963/7159 1967/7160
f 1962/7158 1967/7160 1964/7161
f 1959/7162 1962/7163 1964/7164
f 1959/7162 1964/7164 1965/7165
f 1965/7166 1964/7167 1966/7168
f 1965/7166 1966/7168 2048/7169
f 1964/7170 1967/7171 1968/7172
f 1964/7170 1968/7172 1966/7173
f 1967/7174 1969/7175 1972/7176
f 1967/7174 1972/7176 1968/7177
f 1963/7178 1970/7179 1969/7180
f 1963/7178 1969/7180 1967/7181
f 1970/7182 1979/7183 1971/7184
f 1970/7182 1971/7184 1969/7185
f 1969/7186 1971/7187 1973/7188
f 1969/7186 1973/7188 1972/7189
f 1973/7190 1974/7191 1968/7192
f 1973/7190 1968/7192 1972/7193
f 1971/7194 1976/7195 1974/7196
f 1971/7194 1974/7196 1973/7197
f 1974/7198 1975/7199 1966/7200
f 1974/7198 1966/7200 1968/7201
f 1976/7202 1977/7203 1975/7204
f 1976/7202 1975/7204 1974/7205
f 1978/7206 1981/7207 1977/7208
f 1978/7206 1977/7208 1976/7209
f 1979/7210 1978/7211 1976/7212
f 1979/7210 1976/7212 1971/7213
f 1978/7214 1979/7215 2596/7216
f 1978/7214 2596/7216 1980/7217
f 1981/7218 1978/7219 1980/7220
f 1981/7218 1980/7220 1983/7221
f 1981/7222 1982/7223 2027/7224
f 1981/7222 2027/7224 1977/7225
f 1982/7226 1981/7227 1983/7228
f 1982/7226 1983/7228 1984/7229
f 1984/7230 1983/7231 1985/7232
f 1984/7230 1985/7232 1988/7233
f 1983/7234 1980/7235 1987/7236
f 1983/7234 1987/7236 1985/7237
f 1988/7238 1985/7239 1986/7240
f 1988/7238 1986/7240 1990/7241
f 1985/7242 1987/7243 2595/7244
f 1985/7242 2595/7244 1986/7245
f 2024/7246 1984/7247 1988/7248
f 2024/7246 1988/7248 1989/7249
f 1989/7250 1988/7251 1990/7252
f 1989/7250 1990/7252 1991/7253
f 1992/7254 1995/7255 1991/7256
f 1992/7254 1991/7256 1990/7257
f 1994/7258 1992/7259 1990/7260
f 1994/7258 1990/7260 1986/7261
f 2590/7262 1993/7263 1992/7264
f 2590/7262 1992/7264 1994/7265
f 1993/7266 1997/7267 1995/7268
f 1993/7266 1995/7268 1992/7269
f 1997/7270 1998/7271 1996/7272
f 1997/7270 1996/7272 1995/7273
f 1995/7274 1996/7275 2022/7276
f 1995/7274 2022/7276 1991/7277
f 2000/7278 1999/7279 1997/7280
f 2000/7278 1997/7280 1993/7281
f 1999/7282 2002/7283 1998/7284
f 1999/7282 1998/7284 1997/7285
f 1999/7286 2000/7287 2597/7288
f 1999/7286 2597/7288 2001/7289
f 2002/7290 1999/7291 2001/7292
f 2002/7290 2001/7292 2003/7293
f 2004/7294 2002/7295 2003/7296
f 2004/7294 2003/7296 2005/7297
f 2002/7298 2004/7299 2007/7300
f 2002/7298 2007/7300 1998/7301
f 2006/7302 2004/7303 2005/7304
f 2006/7302 2005/7304 2256/7305
f 2004/7306 2006/7307 2008/7308
f 2004/7306 2008/7308 2007/7309
f 1998/7310 2007/7311 2009/7312
f 1998/7310 2009/7312 1996/7313
f 2007/7314 2008/7315 2011/7316
f 2007/7314 2011/7316 2009/7317
f 2013/7318 2010/7319 2009/7320
f 2013/7318 2009/7320 2011/7321
f 2010/7322 2022/7323 1996/7324
f 2010/7322 1996/7324 2009/7325
f 2014/7326 2013/7327 2011/7328
f 2014/7326 2011/7328 2012/7329
f 2008/7330 2247/7331 2012/7332
f 2008/7330 2012/7332 2011/7333
f 2015/7334 2018/7335 2010/7336
f 2015/7334 2010/7336 2013/7337
f 2016/7338 2015/7339 2013/7340
f 2016/7338 2013/7340 2014/7341
f 2706/7342 2017/7343 2015/7344
f 2706/7342 2015/7344 2016/7345
f 2017/7346 2019/7347 2018/7348
f 2017/7346 2018/7348 2015/7349
f 2019/7350 2021/7351 2020/7352
f 2019/7350 2020/7352 2018/7353
f 2018/7354 2020/7355 2022/7356
f 2018/7354 2022/7356 2010/7357
f 2021/7358 2024/7359 1989/7360
f 2021/7358 1989/7360 2020/7361
f 2020/7362 1989/7363 1991/7364
f 2020/7362 1991/7364 2022/7365
f 2023/7366 2025/7367 2024/7368
f 2023/7366 2024/7368 2021/7369
f 2032/7370 2023/7371 2021/7372
f 2032/7370 2021/7372 2019/7373
f 2025/7374 1982/7375 1984/7376
f 2025/7374 1984/7376 2024/7377
f 1982/7378 2025/7379 2026/7380
f 1982/7378 2026/7380 2027/7381
f 2025/7382 2023/7383 2029/7384
f 2025/7382 2029/7384 2026/7385
f 2027/7386 2026/7387 2028/7388
f 2027/7386 2028/7388 2049/7389
f 2026/7390 2029/7391 2030/7392
f 2026/7390 2030/7392 2028/7393
f 2023/7394 2032/7395 2031/7396
f 2023/7394 2031/7396 2029/7397
f 2029/7398 2031/7399 2033/7400
f 2029/7398 2033/7400 2030/7401
f 2032/7402 2035/7403 2034/7404
f 2032/7402 2034/7404 2031/7405
f 2031/7406 2034/7407 2037/7408
f 2031/7406 2037/7408 2033/7409
f 2035/7410 2707/7411 2036/7412
f 2035/7410 2036/7412 2034/7413
f 2034/7414 2036/7415 2038/7416
f 2034/7414 2038/7416 2037/7417
f 2040/7418 2039/7419 2037/7420
f 2040/7418 2037/7420 2038/7421
f 2039/7422 2042/7423 2033/7424
f 2039/7422 2033/7424 2037/7425
f 2058/7426 2041/7427 2039/7428
f 2058/7426 2039/7428 2040/7429
f 2041/7430 2043/7431 2042/7432
f 2041/7430 2042/7432 2039/7433
f 2043/7434 2045/7435 2044/7436
f 2043/7434 2044/7436 2042/7437
f 2042/7438 2044/7439 2030/7440
f 2042/7438 2030/7440 2033/7441
f 2045/7442 2047/7443 2046/7444
f 2045/7442 2046/7444 2044/7445
f 2044/7446 2046/7447 2028/7448
f 2044/7446 2028/7448 2030/7449
f 2047/7450 1965/7451 2048/7452
f 2047/7450 2048/7452 2046/7453
f 2046/7454 2048/7455 2049/7456
f 2046/7454 2049/7456 2028/7457
f 1975/7458 2049/7459 2048/7460
f 1975/7458 2048/7460 1966/7461
f 1977/7462 2027/7463 2049/7464
f 1977/7462 2049/7464 1975/7465
f 2051/7466 2050/7467 2047/7468
f 2051/7466 2047/7468 2045/7469
f 2050/7470 1959/7471 1965/7472
f 2050/7470 1965/7472 2047/7473
f 2052/7474 1954/7475 2050/7476
f 2052/7474 2050/7476 2051/7477
f 2053/7478 2051/7479 2045/7480
f 2053/7478 2045/7480 2043/7481
f 2055/7482 2052/7483 2051/7484
f 2055/7482 2051/7484 2053/7485
f 2054/7486 2053/7487 2043/7488
f 2054/7486 2043/7488 2041/7489
f 1939/7490 2055/7491 2053/7492
f 1939/7490 2053/7492 2054/7493
f 2052/7494 2055/7495 1938/7496
f 2052/7494 1938/7496 1955/7497
f 2056/7498 2054/7499 2041/7500
f 2056/7498 2041/7500 2058/7501
f 2054/7502 2056/7503 1936/7504
f 2054/7502 1936/7504 1939/7505
f 2056/7506 2057/7507 1934/7508
f 2056/7506 1934/7508 1936/7509
f 2057/7510 2056/7511 2058/7512
f 2057/7510 2058/7512 2059/7513
f 2059/7514 2058/7515 2040/7516
f 2059/7514 2040/7516 2060/7517
f 2061/7518 2059/7519 2060/7520
f 2061/7518 2060/7520 2062/7521
f 2064/7522 2057/7523 2059/7524
f 2064/7522 2059/7524 2061/7525
f 2063/7526 2061/7527 2062/7528
f 2063/7526 2062/7528 2709/7529
f 2066/7530 2064/7531 2061/7532
f 2066/7530 2061/7532 2063/7533
f 2057/7534 2064/7535 2065/7536
f 2057/7534 2065/7536 1934/7537
f 2064/7538 2066/7539 2067/7540
f 2064/7538 2067/7540 2065/7541
f 2067/7542 2066/7543 2068/7544
f 2067/7542 2068/7544 2069/7545
f 2068/7546 2066/7547 2063/7548
f 2068/7546 2063/7548 2070/7549
f 2069/7550 2068/7551 2071/7552
f 2069/7550 2071/7552 2072/7553
f 2071/7554 2068/7555 2070/7556
f 2071/7554 2070/7556 2074/7557
f 2072/7558 2071/7559 2073/7560
f 2072/7558 2073/7560 2144/7561
f 2073/7562 2071/7563 2074/7564
f 2073/7562 2074/7564 2075/7565
f 2075/7566 2074/7567 2076/7568
f 2075/7566 2076/7568 2077/7569
f 2074/7570 2070/7571 2078/7572
f 2074/7570 2078/7572 2076/7573
f 2077/7574 2076/7575 2079/7576
f 2077/7574 2079/7576 2082/7577
f 2076/7578 2078/7579 2080/7580
f 2076/7578 2080/7580 2079/7581
f 2193/7582 2081/7583 2079/7584
f 2193/7582 2079/7584 2080/7585
f 2081/7586 2083/7587 2082/7588
f 2081/7586 2082/7588 2079/7589
f 2083/7590 2085/7591 2084/7592
f 2083/7590 2084/7592 2082/7593
f 2082/7594 2084/7595 2087/7596
f 2082/7594 2087/7596 2077/7597
f 2085/7598 2184/7599 2086/7600
f 2085/7598 2086/7600 2084/7601
f 2084/7602 2086/7603 2089/7604
f 2084/7602 2089/7604 2087/7605
f 2088/7606 2075/7607 2077/7608
f 2088/7606 2077/7608 2087/7609
f 2090/7610 2088/7611 2087/7612
f 2090/7610 2087/7612 2089/7613
f 2094/7614 2090/7615 2089/7616
f 2094/7614 2089/7616 2091/7617
f 2086/7618 2092/7619 2091/7620
f 2086/7618 2091/7620 2089/7621
f 2092/7622 2105/7623 2093/7624
f 2092/7622 2093/7624 2091/7625
f 2096/7626 2094/7627 2091/7628
f 2096/7626 2091/7628 2093/7629
f 2095/7630 2151/7631 2090/7632
f 2095/7630 2090/7632 2094/7633
f 2097/7634 2095/7635 2094/7636
f 2097/7634 2094/7636 2096/7637
f 2099/7638 2097/7639 2096/7640
f 2099/7638 2096/7640 2098/7641
f 2098/7642 2096/7643 2093/7644
f 2098/7642 2093/7644 2101/7645
f 2117/7646 2099/7647 2098/7648
f 2117/7646 2098/7648 2100/7649
f 2100/7650 2098/7651 2101/7652
f 2100/7650 2101/7652 2102/7653
f 2102/7654 2101/7655 2103/7656
f 2102/7654 2103/7656 2104/7657
f 2101/7658 2093/7659 2105/7660
f 2101/7658 2105/7660 2103/7661
f 2106/7662 2109/7663 2104/7664
f 2106/7662 2104/7664 2103/7665
f 2107/7666 2106/7667 2103/7668
f 2107/7666 2103/7668 2105/7669
f 2178/7670 2108/7671 2106/7672
f 2178/7670 2106/7672 2107/7673
f 2108/7674 2110/7675 2109/7676
f 2108/7674 2109/7676 2106/7677
f 2109/7678 2111/7679 2113/7680
f 2109/7678 2113/7680 2104/7681
f 2110/7682 2112/7683 2111/7684
f 2110/7682 2111/7684 2109/7685
f 2112/7686 2115/7687 2114/7688
f 2112/7686 2114/7688 2111/7689
f 2111/7690 2114/7691 2116/7692
f 2111/7690 2116/7692 2113/7693
f 2115/7694 2117/7695 2100/7696
f 2115/7694 2100/7696 2114/7697
f 2114/7698 2100/7699 2102/7700
f 2114/7698 2102/7700 2116/7701
f 2116/7702 2102/7703 2104/7704
f 2116/7702 2104/7704 2113/7705
f 2119/7706 2118/7707 2117/7708
f 2119/7706 2117/7708 2115/7709
f 2119/7706 2115/7709 1887/7710
f 2119/7706 1887/7710 1889/7711
f 1887/7712 2115/7713 2112/7714
f 1887/7712 2112/7714 2164/7715
f 1887/7712 2164/7715 2165/7716
f 1887/7712 2165/7716 2442/7717
f 1887/7712 2442/7717 2443/7718
f 1887/7712 2443/7718 746/7719
f 1887/7712 746/7719 2789/7720
f 2121/7721 2099/7722 2117/7723
f 2121/7721 2117/7723 2118/7724
f 2118/7725 2119/7726 2158/7727
f 2118/7725 2158/7727 2120/7728
f 2121/7729 2118/7730 2120/7731
f 2121/7729 2120/7731 2122/7732
f 2123/7733 2121/7734 2122/7735
f 2123/7733 2122/7735 2125/7736
f 2123/7737 2097/7738 2099/7739
f 2123/7737 2099/7739 2121/7740
f 2124/7741 2095/7742 2097/7743
f 2124/7741 2097/7743 2123/7744
f 2124/7745 2123/7746 2125/7747
f 2124/7745 2125/7747 2127/7748
f 2125/7749 2122/7750 2163/7751
f 2125/7749 2163/7751 2126/7752
f 2127/7753 2125/7754 2126/7755
f 2127/7753 2126/7755 2129/7756
f 2150/7757 2124/7758 2127/7759
f 2150/7757 2127/7759 2128/7760
f 2128/7761 2127/7762 2129/7763
f 2128/7761 2129/7763 2130/7764
f 2129/7765 2126/7766 2132/7767
f 2129/7765 2132/7767 2131/7768
f 2130/7769 2129/7770 2131/7771
f 2130/7769 2131/7771 2134/7772
f 2152/7773 2133/7774 2131/7775
f 2152/7773 2131/7775 2132/7776
f 2133/7777 2135/7778 2134/7779
f 2133/7777 2134/7779 2131/7780
f 2136/7781 2134/7782 2135/7783
f 2136/7781 2135/7783 1910/7784
f 2138/7785 2130/7786 2134/7787
f 2138/7785 2134/7787 2136/7788
f 1910/7789 1912/7790 2137/7791
f 1910/7789 2137/7791 2136/7792
f 2139/7793 2138/7794 2136/7795
f 2139/7793 2136/7795 2137/7796
f 2142/7797 2140/7798 2138/7799
f 2142/7797 2138/7799 2139/7800
f 2140/7801 2128/7802 2130/7803
f 2140/7801 2130/7803 2138/7804
f 2141/7805 2150/7806 2128/7807
f 2141/7805 2128/7807 2140/7808
f 2144/7809 2141/7810 2140/7811
f 2144/7809 2140/7811 2142/7812
f 2072/7813 2144/7814 2142/7815
f 2072/7813 2142/7815 2143/7816
f 2143/7817 2142/7818 2139/7819
f 2143/7817 2139/7819 2146/7820
f 2144/7821 2073/7822 2149/7823
f 2144/7821 2149/7823 2141/7824
f 2069/7825 2072/7826 2143/7827
f 2069/7825 2143/7827 2145/7828
f 2145/7829 2143/7830 2146/7831
f 2145/7829 2146/7831 2147/7832
f 2147/7833 2146/7834 1917/7835
f 2147/7833 1917/7835 1919/7836
f 2146/7837 2139/7838 2137/7839
f 2146/7837 2137/7839 1917/7840
f 1929/7841 2147/7842 1919/7843
f 1929/7841 1919/7843 1921/7844
f 2148/7845 2145/7846 2147/7847
f 2148/7845 2147/7847 1929/7848
f 2067/7849 2069/7850 2145/7851
f 2067/7849 2145/7851 2148/7852
f 2065/7853 2067/7854 2148/7855
f 2065/7853 2148/7855 1930/7856
f 2141/7857 2149/7858 2151/7859
f 2141/7857 2151/7859 2150/7860
f 2150/7861 2151/7862 2095/7863
f 2150/7861 2095/7863 2124/7864
f 2151/7865 2149/7866 2088/7867
f 2151/7865 2088/7867 2090/7868
f 2149/7869 2073/7870 2075/7871
f 2149/7869 2075/7871 2088/7872
f 1903/7873 1905/7874 2135/7875
f 1903/7873 2135/7875 2133/7876
f 2154/7877 1903/7878 2133/7879
f 2154/7877 2133/7879 2152/7880
f 2153/7881 2152/7882 2132/7883
f 2153/7881 2132/7883 2162/7884
f 2155/7885 2154/7886 2152/7887
f 2155/7885 2152/7887 2153/7888
f 2156/7889 1902/7890 2154/7891
f 2156/7889 2154/7891 2155/7892
f 2158/7893 2156/7894 2155/7895
f 2158/7893 2155/7895 2157/7896
f 2157/7897 2155/7898 2153/7899
f 2157/7897 2153/7899 2160/7900
f 2159/7901 2120/7902 2158/7903
f 2159/7901 2158/7903 2157/7904
f 2161/7905 2159/7906 2157/7907
f 2161/7905 2157/7907 2160/7908
f 2160/7909 2153/7910 2162/7911
f 2160/7909 2162/7911 2161/7912
f 2163/7913 2159/7914 2161/7915
f 2163/7913 2161/7915 2162/7916
f 2126/7917 2163/7918 2162/7919
f 2126/7917 2162/7919 2132/7920
f 2122/7921 2120/7922 2159/7923
f 2122/7921 2159/7923 2163/7924
f 2119/7925 1893/7926 2156/7927
f 2119/7925 2156/7927 2158/7928
f 1893/7929 1895/7930 1902/7931
f 1893/7929 1902/7931 2156/7932
f 2110/7933 2167/7934 2164/7935
f 2110/7933 2164/7935 2112/7936
f 2165/7937 2164/7938 2166/7939
f 2165/7937 2166/7939 2415/7940
f 2164/7941 2167/7942 2169/7943
f 2164/7941 2169/7943 2166/7944
f 2108/7945 2168/7946 2167/7947
f 2108/7945 2167/7947 2110/7948
f 2167/7949 2168/7950 2171/7951
f 2167/7949 2171/7951 2169/7952
f 2166/7953 2169/7954 2170/7955
f 2166/7953 2170/7955 2417/7956
f 2169/7957 2171/7958 2172/7959
f 2169/7957 2172/7959 2170/7960
f 2168/7961 2176/7962 2173/7963
f 2168/7961 2173/7963 2171/7964
f 2171/7965 2173/7966 2174/7967
f 2171/7965 2174/7967 2172/7968
f 2173/7969 2175/7970 2423/7971
f 2173/7969 2423/7971 2174/7972
f 2176/7973 2177/7974 2175/7975
f 2176/7973 2175/7975 2173/7976
f 2178/7977 2176/7978 2168/7979
f 2178/7977 2168/7979 2108/7980
f 2179/7981 2177/7982 2176/7983
f 2179/7981 2176/7983 2178/7984
f 2179/7985 2178/7986 2107/7987
f 2179/7985 2107/7987 2180/7988
f 2181/7989 2179/7990 2180/7991
f 2181/7989 2180/7991 2184/7992
f 2181/7993 2182/7994 2177/7995
f 2181/7993 2177/7995 2179/7996
f 2183/7997 2185/7998 2182/7999
f 2183/7997 2182/7999 2181/8000
f 2183/8001 2181/8002 2184/8003
f 2183/8001 2184/8003 2085/8004
f 2184/8005 2180/8006 2092/8007
f 2184/8005 2092/8007 2086/8008
f 2186/8009 2187/8010 2185/8011
f 2186/8009 2185/8011 2183/8012
f 2186/8013 2183/8014 2085/8015
f 2186/8013 2085/8015 2083/8016
f 2188/8017 2189/8018 2187/8019
f 2188/8017 2187/8019 2186/8020
f 2188/8021 2186/8022 2083/8023
f 2188/8021 2083/8023 2081/8024
f 2190/8025 2191/8026 2189/8027
f 2190/8025 2189/8027 2188/8028
f 2190/8029 2188/8030 2081/8031
f 2190/8029 2081/8031 2193/8032
f 2192/8033 2203/8034 2191/8035
f 2192/8033 2191/8035 2190/8036
f 2192/8037 2190/8038 2193/8039
f 2192/8037 2193/8039 2194/8040
f 2194/8041 2193/8042 2080/8043
f 2194/8041 2080/8043 2195/8044
f 2196/8045 2194/8046 2195/8047
f 2196/8045 2195/8047 2197/8048
f 2199/8049 2192/8050 2194/8051
f 2199/8049 2194/8051 2196/8052
f 2198/8053 2196/8054 2197/8055
f 2198/8053 2197/8055 2708/8056
f 2200/8057 2199/8058 2196/8059
f 2200/8057 2196/8059 2198/8060
f 2202/8061 2201/8062 2199/8063
f 2202/8061 2199/8063 2200/8064
f 2201/8065 2203/8066 2192/8067
f 2201/8065 2192/8067 2199/8068
f 2201/8069 2202/8070 2206/8071
f 2201/8069 2206/8071 2204/8072
f 2203/8073 2201/8074 2204/8075
f 2203/8073 2204/8075 2205/8076
f 2205/8077 2204/8078 2207/8079
f 2205/8077 2207/8079 2208/8080
f 2204/8081 2206/8082 2209/8083
f 2204/8081 2209/8083 2207/8084
f 2210/8085 2213/8086 2208/8087
f 2210/8085 2208/8087 2207/8088
f 2211/8089 2210/8090 2207/8091
f 2211/8089 2207/8091 2209/8092
f 2246/8093 2212/8094 2210/8095
f 2246/8093 2210/8095 2211/8096
f 2212/8097 2214/8098 2213/8099
f 2212/8097 2213/8099 2210/8100
f 2214/8101 2218/8102 2215/8103
f 2214/8101 2215/8103 2213/8104
f 2216/8105 2208/8106 2213/8107
f 2216/8105 2213/8107 2215/8108
f 2435/8109 2216/8110 2215/8111
f 2435/8109 2215/8111 2217/8112
f 2218/8113 2220/8114 2217/8115
f 2218/8113 2217/8115 2215/8116
f 2241/8117 2219/8118 2218/8119
f 2241/8117 2218/8119 2214/8120
f 2219/8121 2222/8122 2220/8123
f 2219/8121 2220/8123 2218/8124
f 2220/8125 2221/8126 2436/8127
f 2220/8125 2436/8127 2217/8128
f 2222/8129 2224/8130 2221/8131
f 2222/8129 2221/8131 2220/8132
f 2222/8133 2223/8134 2226/8135
f 2222/8133 2226/8135 2224/8136
f 2219/8137 2234/8138 2223/8139
f 2219/8137 2223/8139 2222/8140
f 2224/8141 2225/8142 2437/8143
f 2224/8141 2437/8143 2221/8144
f 2224/8145 2226/8146 2227/8147
f 2224/8145 2227/8147 2225/8148
f 2227/8149 2226/8150 2228/8151
f 2227/8149 2228/8151 2230/8152
f 2226/8153 2223/8154 2231/8155
f 2226/8153 2231/8155 2228/8156
f 2228/8157 2231/8158 2232/8159
f 2228/8157 2232/8159 2229/8160
f 2230/8161 2228/8162 2229/8163
f 2230/8161 2229/8163 2394/8164
f 2223/8165 2234/8166 2233/8167
f 2223/8165 2233/8167 2231/8168
f 2231/8169 2233/8170 2235/8171
f 2231/8169 2235/8171 2232/8172
f 2234/8173 2239/8174 2236/8175
f 2234/8173 2236/8175 2233/8176
f 2233/8177 2236/8178 2237/8179
f 2233/8177 2237/8179 2235/8180
f 2236/8181 2238/8182 2705/8183
f 2236/8181 2705/8183 2237/8184
f 2239/8185 2240/8186 2238/8187
f 2239/8185 2238/8187 2236/8188
f 2240/8189 2239/8190 2241/8191
f 2240/8189 2241/8191 2242/8192
f 2241/8193 2239/8194 2234/8195
f 2241/8193 2234/8195 2219/8196
f 2242/8197 2241/8198 2214/8199
f 2242/8197 2214/8199 2212/8200
f 2243/8201 2242/8202 2212/8203
f 2243/8201 2212/8203 2246/8204
f 2245/8205 2240/8206 2242/8207
f 2245/8205 2242/8207 2243/8208
f 2244/8209 2243/8210 2246/8211
f 2244/8209 2246/8211 2247/8212
f 2248/8213 2245/8214 2243/8215
f 2248/8213 2243/8215 2244/8216
f 2247/8217 2246/8218 2211/8219
f 2247/8217 2211/8219 2012/8220
f 2006/8221 2244/8222 2247/8223
f 2006/8221 2247/8223 2008/8224
f 2245/8225 2248/8226 2251/8227
f 2245/8225 2251/8227 2249/8228
f 2240/8229 2245/8230 2249/8231
f 2240/8229 2249/8231 2238/8232
f 2238/8233 2249/8234 2250/8235
f 2238/8233 2250/8235 2705/8236
f 2249/8237 2251/8238 2252/8239
f 2249/8237 2252/8239 2250/8240
f 2251/8241 2253/8242 2255/8243
f 2251/8241 2255/8243 2252/8244
f 2248/8245 2256/8246 2253/8247
f 2248/8245 2253/8247 2251/8248
f 2256/8249 2005/8250 2254/8251
f 2256/8249 2254/8251 2253/8252
f 2253/8253 2254/8254 2258/8255
f 2253/8253 2258/8255 2255/8256
f 2256/8257 2248/8258 2244/8259
f 2256/8257 2244/8259 2006/8260
f 2255/8261 2258/8262 2260/8263
f 2255/8261 2260/8263 2257/8264
f 2252/8265 2255/8266 2257/8267
f 2252/8265 2257/8267 2704/8268
f 2254/8269 2600/8270 2259/8271
f 2254/8269 2259/8271 2258/8272
f 2261/8273 2260/8274 2258/8275
f 2261/8273 2258/8275 2259/8276
f 2265/8277 2262/8278 2260/8279
f 2265/8277 2260/8279 2261/8280
f 2262/8281 2264/8282 2257/8283
f 2262/8281 2257/8283 2260/8284
f 2267/8285 2263/8286 2262/8287
f 2267/8285 2262/8287 2265/8288
f 2263/8289 2275/8290 2264/8291
f 2263/8289 2264/8291 2262/8292
f 2266/8293 2265/8294 2261/8295
f 2266/8293 2261/8295 2602/8296
f 2268/8297 2267/8298 2265/8299
f 2268/8297 2265/8299 2266/8300
f 2267/8301 2268/8302 2270/8303
f 2267/8301 2270/8303 2269/8304
f 2263/8305 2267/8306 2269/8307
f 2263/8305 2269/8307 2272/8308
f 2269/8309 2270/8310 2562/8311
f 2269/8309 2562/8311 2271/8312
f 2272/8313 2269/8314 2271/8315
f 2272/8313 2271/8315 2273/8316
f 2274/8317 2272/8318 2273/8319
f 2274/8317 2273/8319 2276/8320
f 2275/8321 2263/8322 2272/8323
f 2275/8321 2272/8323 2274/8324
f 2274/8325 2277/8326 2278/8327
f 2274/8325 2278/8327 2275/8328
f 2277/8329 2274/8330 2276/8331
f 2277/8329 2276/8331 2279/8332
f 2277/8333 2280/8334 2282/8335
f 2277/8333 2282/8335 2278/8336
f 2280/8337 2277/8338 2279/8339
f 2280/8337 2279/8339 2281/8340
f 2283/8341 2280/8342 2281/8343
f 2283/8341 2281/8343 2285/8344
f 2280/8345 2283/8346 2286/8347
f 2280/8345 2286/8347 2282/8348
f 2284/8349 2283/8350 2285/8351
f 2284/8349 2285/8351 2310/8352
f 2283/8353 2284/8354 2287/8355
f 2283/8353 2287/8355 2286/8356
f 2282/8357 2286/8358 2288/8359
f 2282/8357 2288/8359 2290/8360
f 2286/8361 2287/8362 2291/8363
f 2286/8361 2291/8363 2288/8364
f 2290/8365 2288/8366 2289/8367
f 2290/8365 2289/8367 2703/8368
f 2288/8369 2291/8370 2293/8371
f 2288/8369 2293/8371 2289/8372
f 2291/8373 2292/8374 2294/8375
f 2291/8373 2294/8375 2293/8376
f 2287/8377 2300/8378 2292/8379
f 2287/8377 2292/8379 2291/8380
f 2289/8381 2293/8382 2237/8383
f 2289/8381 2237/8383 2705/8384
f 2235/8385 2237/8386 2293/8387
f 2235/8385 2293/8387 2294/8388
f 2232/8389 2235/8390 2294/8391
f 2232/8389 2294/8391 2295/8392
f 2292/8393 2297/8394 2295/8395
f 2292/8393 2295/8395 2294/8396
f 2295/8397 2296/8398 2229/8399
f 2295/8397 2229/8399 2232/8400
f 2297/8401 2298/8402 2296/8403
f 2297/8401 2296/8403 2295/8404
f 2299/8405 2301/8406 2298/8407
f 2299/8405 2298/8407 2297/8408
f 2300/8409 2299/8410 2297/8411
f 2300/8409 2297/8411 2292/8412
f 2300/8413 2304/8414 2302/8415
f 2300/8413 2302/8415 2299/8416
f 2299/8417 2302/8418 2303/8419
f 2299/8417 2303/8419 2301/8420
f 2303/8421 2302/8422 2305/8423
f 2303/8421 2305/8423 2307/8424
f 2302/8425 2304/8426 2308/8427
f 2302/8425 2308/8427 2305/8428
f 2305/8429 2308/8430 2309/8431
f 2305/8429 2309/8431 2306/8432
f 2307/8433 2305/8434 2306/8435
f 2307/8433 2306/8435 2379/8436
f 2308/8437 2310/8438 2311/8439
f 2308/8437 2311/8439 2309/8440
f 2304/8441 2284/8442 2310/8443
f 2304/8441 2310/8443 2308/8444
f 2310/8445 2285/8446 2312/8447
f 2310/8445 2312/8447 2311/8448
f 2314/8449 2313/8450 2311/8451
f 2314/8449 2311/8451 2312/8452
f 2313/8453 2316/8454 2309/8455
f 2313/8453 2309/8455 2311/8456
f 2678/8457 2315/8458 2313/8459
f 2678/8457 2313/8459 2314/8460
f 2315/8461 2318/8462 2316/8463
f 2315/8461 2316/8463 2313/8464
f 2316/8465 2317/8466 2306/8467
f 2316/8465 2306/8467 2309/8468
f 2318/8469 2320/8470 2317/8471
f 2318/8469 2317/8471 2316/8472
f 2701/8473 2319/8474 2318/8475
f 2701/8473 2318/8475 2315/8476
f 2319/8477 2322/8478 2320/8479
f 2319/8477 2320/8479 2318/8480
f 2322/8481 2324/8482 2321/8483
f 2322/8481 2321/8483 2320/8484
f 2320/8485 2321/8486 2378/8487
f 2320/8485 2378/8487 2317/8488
f 2700/8489 2323/8490 2322/8491
f 2700/8489 2322/8491 2319/8492
f 2323/8493 2326/8494 2324/8495
f 2323/8493 2324/8495 2322/8496
f 2326/8497 2327/8498 2325/8499
f 2326/8497 2325/8499 2324/8500
f 2324/8501 2325/8502 2376/8503
f 2324/8501 2376/8503 2321/8504
f 2331/8505 2327/8506 2326/8507
f 2331/8505 2326/8507 2328/8508
f 2326/8509 2323/8510 2329/8511
f 2326/8509 2329/8511 2328/8512
f 2330/8513 2328/8514 2329/8515
f 2330/8513 2329/8515 2500/8516
f 2332/8517 2331/8518 2328/8519
f 2332/8517 2328/8519 2330/8520
f 2335/8521 2333/8522 2331/8523
f 2335/8521 2331/8523 2332/8524
f 2333/8525 2334/8526 2327/8527
f 2333/8525 2327/8527 2331/8528
f 2336/8529 2338/8530 2334/8531
f 2336/8529 2334/8531 2333/8532
f 2337/8533 2336/8534 2333/8535
f 2337/8533 2333/8535 2335/8536
f 2341/8537 2339/8538 2336/8539
f 2341/8537 2336/8539 2337/8540
f 2339/8541 2340/8542 2338/8543
f 2339/8541 2338/8543 2336/8544
f 2339/8545 2342/8546 2345/8547
f 2339/8545 2345/8547 2340/8548
f 2344/8549 2342/8550 2339/8551
f 2344/8549 2339/8551 2341/8552
f 2492/8553 2343/8554 2342/8555
f 2492/8553 2342/8555 2344/8556
f 2342/8557 2343/8558 2347/8559
f 2342/8557 2347/8559 2345/8560
f 2340/8561 2345/8562 2346/8563
f 2340/8561 2346/8563 2467/8564
f 2345/8565 2347/8566 2349/8567
f 2345/8565 2349/8567 2346/8568
f 2343/8569 2468/8570 2348/8571
f 2343/8569 2348/8571 2347/8572
f 2347/8573 2348/8574 2351/8575
f 2347/8573 2351/8575 2349/8576
f 2349/8577 2351/8578 2352/8579
f 2349/8577 2352/8579 2350/8580
f 2346/8581 2349/8582 2350/8583
f 2346/8581 2350/8583 2365/8584
f 2351/8585 2353/8586 2355/8587
f 2351/8585 2355/8587 2352/8588
f 2348/8589 2469/8590 744/8591
f 2348/8589 744/8591 2353/8592
f 2348/8589 2353/8592 2351/8593
f 2353/8594 2354/8595 2357/8596
f 2353/8594 2357/8596 2355/8597
f 2443/8598 2464/8599 2354/8600
f 2443/8598 2354/8600 2353/8601
f 2443/8598 2353/8601 744/8602
f 2443/8598 744/8602 746/8603
f 2352/8604 2355/8605 2356/8606
f 2352/8604 2356/8606 2360/8607
f 2355/8608 2357/8609 2359/8610
f 2355/8608 2359/8610 2356/8611
f 2354/8612 2462/8613 2358/8614
f 2354/8612 2358/8614 2357/8615
f 2357/8616 2358/8617 2361/8618
f 2357/8616 2361/8618 2359/8619
f 2359/8620 2360/8621 2356/8622
f 2363/8623 2360/8624 2359/8625
f 2363/8623 2359/8625 2361/8626
f 2364/8627 2363/8628 2361/8629
f 2364/8627 2361/8629 2362/8630
f 2358/8631 2461/8632 2362/8633
f 2358/8631 2362/8633 2361/8634
f 2350/8635 2352/8636 2360/8637
f 2350/8635 2360/8637 2363/8638
f 2365/8639 2350/8640 2363/8641
f 2365/8639 2363/8641 2364/8642
f 2366/8643 2364/8644 2362/8645
f 2366/8643 2362/8645 2368/8646
f 2367/8647 2365/8648 2364/8649
f 2367/8647 2364/8649 2366/8650
f 2370/8651 2367/8652 2366/8653
f 2370/8651 2366/8653 2369/8654
f 2369/8655 2366/8656 2368/8657
f 2369/8655 2368/8657 2371/8658
f 2374/8659 2370/8660 2369/8661
f 2374/8659 2369/8661 2372/8662
f 2372/8663 2369/8664 2371/8665
f 2372/8663 2371/8665 2373/8666
f 2375/8667 2372/8668 2373/8669
f 2375/8667 2373/8669 2377/8670
f 2376/8671 2374/8672 2372/8673
f 2376/8671 2372/8673 2375/8674
f 2321/8675 2376/8676 2375/8677
f 2321/8675 2375/8677 2378/8678
f 2378/8679 2375/8680 2377/8681
f 2378/8679 2377/8681 2379/8682
f 2317/8683 2378/8684 2379/8685
f 2317/8683 2379/8685 2306/8686
f 2380/8687 2307/8688 2379/8689
f 2380/8687 2379/8689 2377/8690
f 2381/8691 2380/8692 2377/8693
f 2381/8691 2377/8693 2373/8694
f 2383/8695 2382/8696 2380/8697
f 2383/8695 2380/8697 2381/8698
f 2382/8699 2303/8700 2307/8701
f 2382/8699 2307/8701 2380/8702
f 2384/8703 2382/8704 2383/8705
f 2384/8703 2383/8705 2386/8706
f 2301/8707 2303/8708 2382/8709
f 2301/8707 2382/8709 2384/8710
f 2301/8711 2384/8712 2385/8713
f 2301/8711 2385/8713 2298/8714
f 2384/8715 2386/8716 2388/8717
f 2384/8715 2388/8717 2385/8718
f 2386/8719 2383/8720 2458/8721
f 2386/8719 2458/8721 2387/8722
f 2386/8723 2387/8724 2389/8725
f 2386/8723 2389/8725 2388/8726
f 2385/8727 2388/8728 2390/8729
f 2385/8727 2390/8729 2393/8730
f 2388/8731 2389/8732 2391/8733
f 2388/8731 2391/8733 2390/8734
f 2390/8735 2391/8736 2396/8737
f 2390/8735 2396/8737 2392/8738
f 2393/8739 2390/8740 2392/8741
f 2393/8739 2392/8741 2394/8742
f 2296/8743 2393/8744 2394/8745
f 2296/8743 2394/8745 2229/8746
f 2298/8747 2385/8748 2393/8749
f 2298/8747 2393/8749 2296/8750
f 2395/8751 2230/8752 2394/8753
f 2395/8751 2394/8753 2392/8754
f 2397/8755 2395/8756 2392/8757
f 2397/8755 2392/8757 2396/8758
f 2399/8759 2397/8760 2396/8761
f 2399/8759 2396/8761 2398/8762
f 2391/8763 2400/8764 2398/8765
f 2391/8763 2398/8765 2396/8766
f 2404/8767 2399/8768 2398/8769
f 2404/8767 2398/8769 2401/8770
f 2400/8771 2402/8772 2401/8773
f 2400/8771 2401/8773 2398/8774
f 2402/8775 2450/8776 2403/8777
f 2402/8775 2403/8777 2401/8778
f 2405/8779 2404/8780 2401/8781
f 2405/8779 2401/8781 2403/8782
f 2406/8783 2408/8784 2399/8785
f 2406/8783 2399/8785 2404/8786
f 2407/8787 2406/8788 2404/8789
f 2407/8787 2404/8789 2405/8790
f 2409/8791 2406/8792 2407/8793
f 2409/8791 2407/8793 2412/8794
f 2411/8795 2408/8796 2406/8797
f 2411/8795 2406/8797 2409/8798
f 2409/8799 2412/8800 2413/8801
f 2409/8799 2413/8801 2410/8802
f 2411/8803 2409/8804 2410/8805
f 2411/8803 2410/8805 2420/8806
f 2412/8807 2165/8808 2415/8809
f 2412/8807 2415/8809 2413/8810
f 2412/8811 2407/8812 2442/8813
f 2412/8811 2442/8813 2165/8814
f 2410/8815 2413/8816 2414/8817
f 2410/8815 2414/8817 2418/8818
f 2413/8819 2415/8820 2416/8821
f 2413/8819 2416/8821 2414/8822
f 2415/8823 2166/8824 2417/8825
f 2415/8823 2417/8825 2416/8826
f 2414/8827 2416/8828 2417/8829
f 2414/8827 2417/8829 2170/8830
f 2418/8831 2414/8832 2170/8833
f 2418/8831 2170/8833 2172/8834
f 2420/8835 2410/8836 2418/8837
f 2420/8835 2418/8837 2419/8838
f 2419/8839 2418/8840 2172/8841
f 2419/8839 2172/8841 2174/8842
f 2421/8843 2419/8844 2174/8845
f 2421/8843 2174/8845 2423/8846
f 2422/8847 2420/8848 2419/8849
f 2422/8847 2419/8849 2421/8850
f 2425/8851 2422/8852 2421/8853
f 2425/8851 2421/8853 2424/8854
f 2424/8855 2421/8856 2423/8857
f 2424/8855 2423/8857 2427/8858
f 2437/8859 2425/8860 2424/8861
f 2437/8859 2424/8861 2426/8862
f 2426/8863 2424/8864 2427/8865
f 2426/8863 2427/8865 2429/8866
f 2175/8867 2428/8868 2427/8869
f 2175/8867 2427/8869 2423/8870
f 2428/8871 2431/8872 2429/8873
f 2428/8871 2429/8873 2427/8874
f 2431/8875 2432/8876 2430/8877
f 2431/8875 2430/8877 2429/8878
f 2436/8879 2426/8880 2429/8881
f 2436/8879 2429/8881 2430/8882
f 2185/8883 2187/8884 2432/8885
f 2185/8883 2432/8885 2431/8886
f 2182/8887 2185/8888 2431/8889
f 2182/8887 2431/8889 2428/8890
f 2187/8891 2189/8892 2433/8893
f 2187/8891 2433/8893 2432/8894
f 2432/8895 2433/8896 2435/8897
f 2432/8895 2435/8897 2430/8898
f 2189/8899 2191/8900 2434/8901
f 2189/8899 2434/8901 2433/8902
f 2433/8903 2434/8904 2216/8905
f 2433/8903 2216/8905 2435/8906
f 2217/8907 2436/8908 2430/8909
f 2217/8907 2430/8909 2435/8910
f 2191/8911 2203/8912 2205/8913
f 2191/8911 2205/8913 2434/8914
f 2434/8915 2205/8916 2208/8917
f 2434/8915 2208/8917 2216/8918
f 2221/8919 2437/8920 2426/8921
f 2221/8919 2426/8921 2436/8922
f 2177/8923 2182/8924 2428/8925
f 2177/8923 2428/8925 2175/8926
f 2225/8927 2438/8928 2425/8929
f 2225/8927 2425/8929 2437/8930
f 2438/8931 2439/8932 2422/8933
f 2438/8931 2422/8933 2425/8934
f 2438/8935 2440/8936 2441/8937
f 2438/8935 2441/8937 2439/8938
f 2225/8939 2227/8940 2440/8941
f 2225/8939 2440/8941 2438/8942
f 2441/8943 2440/8944 2395/8945
f 2441/8943 2395/8945 2397/8946
f 2440/8947 2227/8948 2230/8949
f 2440/8947 2230/8949 2395/8950
f 2408/8951 2441/8952 2397/8953
f 2408/8951 2397/8953 2399/8954
f 2439/8955 2441/8956 2408/8957
f 2439/8955 2408/8957 2411/8958
f 2439/8959 2411/8960 2420/8961
f 2439/8959 2420/8961 2422/8962
f 2442/8963 2407/8964 2405/8965
f 2442/8963 2405/8965 2444/8966
f 2443/8967 2442/8968 2444/8969
f 2443/8967 2444/8969 2446/8970
f 2444/8971 2405/8972 2403/8973
f 2444/8971 2403/8973 2445/8974
f 2446/8975 2444/8976 2445/8977
f 2446/8975 2445/8977 2448/8978
f 2464/8979 2443/8980 2446/8981
f 2464/8979 2446/8981 2447/8982
f 2447/8983 2446/8984 2448/8985
f 2447/8983 2448/8985 2449/8986
f 2445/8987 2449/8988 2448/8989
f 2450/8990 2449/8991 2445/8992
f 2450/8990 2445/8992 2403/8993
f 2451/8994 2447/8995 2449/8996
f 2451/8994 2449/8996 2450/8997
f 2453/8998 2451/8999 2450/9000
f 2453/8998 2450/9000 2402/9001
f 2452/9002 2464/9003 2447/9004
f 2452/9002 2447/9004 2451/9005
f 2454/9006 2452/9007 2451/9008
f 2454/9006 2451/9008 2453/9009
f 2456/9010 2454/9011 2453/9012
f 2456/9010 2453/9012 2455/9013
f 2455/9014 2453/9015 2402/9016
f 2455/9014 2402/9016 2400/9017
f 2389/9018 2455/9019 2400/9020
f 2389/9018 2400/9020 2391/9021
f 2387/9022 2456/9023 2455/9024
f 2387/9022 2455/9024 2389/9025
f 2387/9026 2458/9027 2457/9028
f 2387/9026 2457/9028 2456/9029
f 2456/9030 2457/9031 2460/9032
f 2456/9030 2460/9032 2454/9033
f 2457/9034 2458/9035 2463/9036
f 2457/9034 2463/9036 2459/9037
f 2460/9038 2457/9039 2459/9040
f 2460/9038 2459/9040 2461/9041
f 2462/9042 2460/9043 2461/9044
f 2462/9042 2461/9044 2358/9045
f 2454/9046 2460/9047 2462/9048
f 2454/9046 2462/9048 2452/9049
f 2452/9050 2462/9051 2354/9052
f 2452/9050 2354/9052 2464/9053
f 2461/9054 2459/9055 2368/9056
f 2461/9054 2368/9056 2362/9057
f 2459/9058 2463/9059 2371/9060
f 2459/9058 2371/9060 2368/9061
f 2458/9062 2383/9063 2381/9064
f 2458/9062 2381/9064 2463/9065
f 2463/9066 2381/9067 2373/9068
f 2463/9066 2373/9068 2371/9069
f 2325/9070 2465/9071 2374/9072
f 2325/9070 2374/9072 2376/9073
f 2465/9074 2466/9075 2370/9076
f 2465/9074 2370/9076 2374/9077
f 2334/9078 2338/9079 2466/9080
f 2334/9078 2466/9080 2465/9081
f 2327/9082 2334/9083 2465/9084
f 2327/9082 2465/9084 2325/9085
f 2338/9086 2340/9087 2467/9088
f 2338/9086 2467/9088 2466/9089
f 2466/9090 2467/9091 2367/9092
f 2466/9090 2367/9092 2370/9093
f 2467/9094 2346/9095 2365/9096
f 2467/9094 2365/9096 2367/9097
f 2469/9098 2348/9099 2468/9100
f 2469/9098 2468/9100 2470/9101
f 2472/9102 739/9103 2469/9104
f 2472/9102 2469/9104 2470/9105
f 2471/9106 2470/9107 2468/9108
f 2471/9106 2468/9108 2491/9109
f 2473/9110 2472/9111 2470/9112
f 2473/9110 2470/9112 2471/9113
f 2475/9114 738/9115 2472/9116
f 2475/9114 2472/9116 2473/9117
f 2488/9118 2474/9119 2473/9120
f 2488/9118 2473/9120 2471/9121
f 2474/9122 2477/9123 2475/9124
f 2474/9122 2475/9124 2473/9125
f 2477/9126 2478/9127 2476/9128
f 2477/9126 2476/9128 2475/9129
f 2476/9130 736/9131 738/9132
f 2476/9130 738/9132 2475/9133
f 2478/9134 2479/9135 2481/9136
f 2478/9134 2481/9136 2476/9137
f 2479/9138 2480/9139 2482/9140
f 2479/9138 2482/9140 2481/9141
f 2482/9142 2483/9143 733/9144
f 2482/9142 733/9144 2481/9145
f 2481/9146 733/9147 736/9148
f 2481/9146 736/9148 2476/9149
f 2485/9150 2484/9151 2482/9152
f 2485/9150 2482/9152 2480/9153
f 2484/9154 2486/9155 2483/9156
f 2484/9154 2483/9156 2482/9157
f 701/9158 703/9159 2486/9160
f 701/9158 2486/9160 2484/9161
f 2487/9162 701/9163 2484/9164
f 2487/9162 2484/9164 2485/9165
f 2486/9166 708/9167 734/9168
f 2486/9166 734/9168 2483/9169
f 2489/9170 2488/9171 2471/9172
f 2489/9170 2471/9172 2491/9173
f 2490/9174 2489/9175 2491/9176
f 2490/9174 2491/9176 2492/9177
f 2491/9178 2468/9179 2343/9180
f 2491/9178 2343/9180 2492/9181
f 2490/9182 2492/9183 2344/9184
f 2490/9182 2344/9184 2493/9185
f 2344/9186 2341/9187 2494/9188
f 2344/9186 2494/9188 2493/9189
f 2495/9190 2494/9191 2341/9192
f 2495/9190 2341/9192 2337/9193
f 2496/9194 2495/9195 2337/9196
f 2496/9194 2337/9196 2335/9197
f 2497/9198 2496/9199 2335/9200
f 2497/9198 2335/9200 2332/9201
f 2498/9202 2497/9203 2332/9204
f 2498/9202 2332/9204 2330/9205
f 2499/9206 2498/9207 2330/9208
f 2499/9206 2330/9208 2500/9209
f 2501/9210 2499/9211 2500/9212
f 2501/9210 2500/9212 2502/9213
f 2501/9214 2502/9215 2504/9216
f 2501/9214 2504/9216 2503/9217
f 2504/9218 2506/9219 2505/9220
f 2504/9218 2505/9220 2503/9221
f 2507/9222 2505/9223 2506/9224
f 2507/9222 2506/9224 2508/9225
f 2507/9226 2508/9227 2510/9228
f 2507/9226 2510/9228 2509/9229
f 2509/9230 2510/9231 2513/9232
f 2509/9230 2513/9232 2511/9233
f 2512/9234 2511/9235 2513/9236
f 2512/9234 2513/9236 2515/9237
f 2510/9238 2686/9239 2514/9240
f 2510/9238 2514/9240 2513/9241
f 2513/9242 2514/9243 2516/9244
f 2513/9242 2516/9244 2515/9245
f 2515/9246 2516/9247 2518/9248
f 2515/9246 2518/9248 2517/9249
f 2515/9250 2517/9251 2520/9252
f 2515/9250 2520/9252 2512/9253
f 2517/9254 2518/9255 2693/9256
f 2517/9254 2693/9256 2519/9257
f 2520/9258 2517/9259 2519/9260
f 2520/9258 2519/9260 2521/9261
f 2521/9262 2519/9263 2523/9264
f 2521/9262 2523/9264 2522/9265
f 2524/9266 2522/9267 2523/9268
f 2524/9266 2523/9268 2525/9269
f 2526/9270 2524/9271 2525/9272
f 2526/9270 2525/9272 2527/9273
f 2526/9274 2527/9275 2529/9276
f 2526/9274 2529/9276 2528/9277
f 2528/9278 2529/9279 2531/9280
f 2528/9278 2531/9280 2530/9281
f 2532/9282 2530/9283 2531/9284
f 2532/9282 2531/9284 684/9285
f 2529/9286 2535/9287 2533/9288
f 2529/9286 2533/9288 2531/9289
f 2531/9290 2533/9291 680/9292
f 2531/9290 680/9292 684/9293
f 2533/9294 2534/9295 678/9296
f 2533/9294 678/9296 680/9297
f 2535/9298 2536/9299 2534/9300
f 2535/9298 2534/9300 2533/9301
f 2537/9302 2539/9303 2536/9304
f 2537/9302 2536/9304 2535/9305
f 2527/9306 2537/9307 2535/9308
f 2527/9306 2535/9308 2529/9309
f 2525/9310 2538/9311 2537/9312
f 2525/9310 2537/9312 2527/9313
f 2538/9314 2540/9315 2539/9316
f 2538/9314 2539/9316 2537/9317
f 2540/9318 2544/9319 2541/9320
f 2540/9318 2541/9320 2539/9321
f 2539/9322 2541/9323 2543/9324
f 2539/9322 2543/9324 2536/9325
f 2541/9326 2544/9327 2546/9328
f 2541/9326 2546/9328 2542/9329
f 2543/9330 2541/9331 2542/9332
f 2543/9330 2542/9332 2621/9333
f 2694/9334 2545/9335 2544/9336
f 2694/9334 2544/9336 2540/9337
f 2544/9338 2545/9339 2548/9340
f 2544/9338 2548/9340 2546/9341
f 2546/9342 2548/9343 2549/9344
f 2546/9342 2549/9344 2547/9345
f 2542/9346 2546/9347 2547/9348
f 2542/9346 2547/9348 2617/9349
f 2545/9350 2551/9351 2550/9352
f 2545/9350 2550/9352 2548/9353
f 2548/9354 2550/9355 2552/9356
f 2548/9354 2552/9356 2549/9357
f 2551/9358 2554/9359 2553/9360
f 2551/9358 2553/9360 2550/9361
f 2550/9362 2553/9363 2556/9364
f 2550/9362 2556/9364 2552/9365
f 2554/9366 2690/9367 2555/9368
f 2554/9366 2555/9368 2553/9369
f 2553/9370 2555/9371 2557/9372
f 2553/9370 2557/9372 2556/9373
f 2556/9374 2557/9375 2559/9376
f 2556/9374 2559/9376 2558/9377
f 2552/9378 2556/9379 2558/9380
f 2552/9378 2558/9380 2560/9381
f 2271/9382 2562/9383 2560/9384
f 2271/9382 2560/9384 2558/9385
f 2273/9386 2271/9387 2558/9388
f 2273/9386 2558/9388 2559/9389
f 2549/9390 2552/9391 2560/9392
f 2549/9390 2560/9392 2561/9393
f 2562/9394 2563/9395 2561/9396
f 2562/9394 2561/9396 2560/9397
f 2270/9398 2565/9399 2563/9400
f 2270/9398 2563/9400 2562/9401
f 2565/9402 2566/9403 2564/9404
f 2565/9402 2564/9404 2563/9405
f 2563/9406 2564/9407 2618/9408
f 2563/9406 2618/9408 2561/9409
f 2567/9410 2568/9411 2566/9412
f 2567/9410 2566/9412 2565/9413
f 2268/9414 2567/9415 2565/9416
f 2268/9414 2565/9416 2270/9417
f 2568/9418 2567/9419 2569/9420
f 2568/9418 2569/9420 2571/9421
f 2567/9422 2268/9423 2266/9424
f 2567/9422 2266/9424 2569/9425
f 2569/9426 2266/9427 2602/9428
f 2569/9426 2602/9428 2570/9429
f 2571/9430 2569/9431 2570/9432
f 2571/9430 2570/9432 2573/9433
f 2611/9434 2568/9435 2571/9436
f 2611/9434 2571/9436 2572/9437
f 2572/9438 2571/9439 2573/9440
f 2572/9438 2573/9440 2574/9441
f 2573/9442 2570/9443 2577/9444
f 2573/9442 2577/9444 2575/9445
f 2574/9446 2573/9447 2575/9448
f 2574/9446 2575/9448 2578/9449
f 2598/9450 2576/9451 2575/9452
f 2598/9450 2575/9452 2577/9453
f 2576/9454 2580/9455 2578/9456
f 2576/9454 2578/9456 2575/9457
f 2578/9458 2579/9459 2609/9460
f 2578/9458 2609/9460 2574/9461
f 2580/9462 2581/9463 2579/9464
f 2580/9462 2579/9464 2578/9465
f 2582/9466 2583/9467 2581/9468
f 2582/9466 2581/9468 2580/9469
f 2584/9470 2582/9471 2580/9472
f 2584/9470 2580/9472 2576/9473
f 2585/9474 2586/9475 2583/9476
f 2585/9474 2583/9476 2582/9477
f 2587/9478 2585/9479 2582/9480
f 2587/9478 2582/9480 2584/9481
f 2586/9482 2585/9483 2588/9484
f 2586/9482 2588/9484 2591/9485
f 2585/9486 2587/9487 2590/9488
f 2585/9486 2590/9488 2588/9489
f 2591/9490 2588/9491 2589/9492
f 2591/9490 2589/9492 2593/9493
f 2588/9494 2590/9495 1994/9496
f 2588/9494 1994/9496 2589/9497
f 2596/9498 2586/9499 2591/9500
f 2596/9498 2591/9500 2592/9501
f 2594/9502 2592/9503 2591/9504
f 2594/9502 2591/9504 2593/9505
f 2595/9506 2594/9507 2593/9508
f 2595/9506 2593/9508 2589/9509
f 1987/9510 2592/9511 2594/9512
f 1987/9510 2594/9512 2595/9513
f 2589/9514 1994/9515 1986/9516
f 2589/9514 1986/9516 2595/9517
f 1980/9518 2596/9519 2592/9520
f 1980/9518 2592/9520 1987/9521
f 2638/9522 2636/9523 2604/9524
f 2638/9522 2604/9524 2603/9525
f 2638/9522 2603/9525 2583/9526
f 2638/9522 2583/9526 2586/9527
f 2638/9522 2586/9527 2596/9528
f 2638/9522 2596/9528 1979/9529
f 2638/9522 1979/9529 1970/9530
f 2587/9531 2000/9532 1993/9533
f 2587/9531 1993/9533 2590/9534
f 2000/9535 2587/9536 2584/9537
f 2000/9535 2584/9537 2597/9538
f 2597/9539 2584/9540 2576/9541
f 2597/9539 2576/9541 2598/9542
f 2001/9543 2597/9544 2598/9545
f 2001/9543 2598/9545 2599/9546
f 2599/9547 2598/9548 2577/9549
f 2599/9547 2577/9549 2601/9550
f 2003/9551 2001/9552 2599/9553
f 2003/9551 2599/9553 2600/9554
f 2600/9555 2599/9556 2601/9557
f 2600/9555 2601/9557 2259/9558
f 2570/9559 2602/9560 2601/9561
f 2570/9559 2601/9561 2577/9562
f 2602/9563 2261/9564 2259/9565
f 2602/9563 2259/9565 2601/9566
f 2005/9567 2003/9568 2600/9569
f 2005/9567 2600/9569 2254/9570
f 2583/9571 2603/9572 2606/9573
f 2583/9571 2606/9573 2581/9574
f 2604/9575 2624/9576 2623/9577
f 2604/9575 2623/9577 2610/9578
f 2604/9575 2610/9578 2605/9579
f 2604/9575 2605/9579 2603/9580
f 2603/9581 2605/9582 2607/9583
f 2603/9581 2607/9583 2606/9584
f 2581/9585 2606/9586 2608/9587
f 2581/9585 2608/9587 2579/9588
f 2606/9589 2607/9590 2609/9591
f 2606/9589 2609/9591 2608/9592
f 2609/9593 2579/9594 2608/9595
f 2607/9596 2572/9597 2574/9598
f 2607/9596 2574/9598 2609/9599
f 2605/9600 2611/9601 2572/9602
f 2605/9600 2572/9602 2607/9603
f 2611/9604 2605/9605 2610/9606
f 2611/9604 2610/9606 2612/9607
f 2568/9608 2611/9609 2612/9610
f 2568/9608 2612/9610 2566/9611
f 2612/9612 2610/9613 2614/9614
f 2612/9612 2614/9614 2613/9615
f 2566/9616 2612/9617 2613/9618
f 2566/9616 2613/9618 2564/9619
f 2613/9620 2614/9621 2616/9622
f 2613/9620 2616/9622 2615/9623
f 2564/9624 2613/9625 2615/9626
f 2564/9624 2615/9626 2618/9627
f 2615/9628 2616/9629 2619/9630
f 2615/9628 2619/9630 2617/9631
f 2617/9632 2547/9633 2618/9634
f 2617/9632 2618/9634 2615/9635
f 2547/9636 2549/9637 2561/9638
f 2547/9636 2561/9638 2618/9639
f 2621/9640 2542/9641 2617/9642
f 2621/9640 2617/9642 2619/9643
f 2622/9644 2621/9645 2619/9646
f 2622/9644 2619/9646 2620/9647
f 2619/9648 2616/9649 2620/9650
f 2623/9651 2543/9652 2621/9653
f 2623/9651 2621/9653 2622/9654
f 2610/9655 2623/9656 2622/9657
f 2610/9655 2622/9657 2614/9658
f 2614/9659 2622/9660 2620/9661
f 2614/9659 2620/9661 2616/9662
f 2624/9663 2534/9664 2536/9665
f 2624/9663 2536/9665 2543/9666
f 2624/9663 2543/9666 2623/9667
f 2604/9668 2626/9669 2625/9670
f 2604/9668 2625/9670 2624/9671
f 2534/9672 2624/9673 676/9674
f 2534/9672 676/9674 678/9675
f 676/9676 2624/9677 2625/9678
f 676/9676 2625/9678 2628/9679
f 2625/9680 2626/9681 2631/9682
f 2625/9680 2631/9682 2627/9683
f 2630/9684 2629/9685 2628/9686
f 2630/9684 2628/9686 2625/9687
f 2630/9684 2625/9687 2627/9688
f 675/9689 2628/9690 2629/9691
f 675/9689 2629/9691 655/9692
f 2629/9693 2630/9694 620/9695
f 2629/9693 620/9695 654/9696
f 2630/9697 2627/9698 612/9699
f 2630/9697 612/9699 614/9700
f 2627/9701 2631/9702 608/9703
f 2627/9701 608/9703 612/9704
f 608/9705 2631/9706 2632/9707
f 608/9705 2632/9707 606/9708
f 2634/9709 2632/9710 2631/9711
f 2634/9709 2631/9711 2626/9712
f 2632/9713 2633/9714 604/9715
f 2632/9713 604/9715 606/9716
f 2635/9717 2633/9718 2632/9719
f 2635/9717 2632/9719 2634/9720
f 2637/9721 2635/9722 2634/9723
f 2637/9721 2634/9723 2636/9724
f 2604/9725 2636/9726 2634/9727
f 2604/9725 2634/9727 2626/9728
f 2640/9729 2637/9730 2636/9731
f 2640/9729 2636/9731 2638/9732
f 2668/9733 161/9734 2640/9735
f 2668/9733 2640/9735 2638/9736
f 2668/9733 2638/9736 2639/9737
f 2668/9733 2639/9737 2644/9738
f 2640/9739 2641/9740 225/9741
f 2640/9739 225/9741 2637/9742
f 161/9743 163/9744 2642/9745
f 161/9743 2642/9745 2641/9746
f 161/9743 2641/9746 2640/9747
f 2642/9748 218/9749 220/9750
f 2642/9748 220/9750 2641/9751
f 167/9752 174/9753 218/9754
f 167/9752 218/9754 2642/9755
f 2644/9756 2639/9757 2643/9758
f 2644/9756 2643/9758 2654/9759
f 2639/9760 2645/9761 2647/9762
f 2639/9760 2647/9762 2643/9763
f 2646/9764 2645/9765 95/9766
f 2646/9764 95/9766 2667/9767
f 2645/9768 2646/9769 2648/9770
f 2645/9768 2648/9770 2647/9771
f 2643/9772 2647/9773 2649/9774
f 2643/9772 2649/9774 2650/9775
f 2647/9776 2648/9777 2651/9778
f 2647/9776 2651/9778 2649/9779
f 2649/9780 2652/9781 2650/9782
f 2653/9783 2652/9784 2649/9785
f 2653/9783 2649/9785 2651/9786
f 2655/9787 2654/9788 2652/9789
f 2655/9787 2652/9789 2653/9790
f 2654/9791 2643/9792 2650/9793
f 2654/9791 2650/9793 2652/9794
f 2657/9795 2644/9796 2654/9797
f 2657/9795 2654/9797 2655/9798
f 146/9799 2657/9800 2655/9801
f 146/9799 2655/9801 2656/9802
f 2656/9803 2655/9804 2653/9805
f 2656/9803 2653/9805 2658/9806
f 150/9807 2668/9808 2644/9809
f 150/9807 2644/9809 2657/9810
f 142/9811 2656/9812 2658/9813
f 142/9811 2658/9813 2660/9814
f 2658/9815 2653/9816 2651/9817
f 2658/9815 2651/9817 2659/9818
f 2659/9819 2661/9820 2660/9821
f 2659/9819 2660/9821 2658/9822
f 138/9823 2660/9824 2661/9825
f 138/9823 2661/9825 2663/9826
f 2664/9827 2662/9828 2661/9829
f 2664/9827 2661/9829 2659/9830
f 2662/9831 119/9832 2663/9833
f 2662/9831 2663/9833 2661/9834
f 119/9835 121/9836 134/9837
f 119/9835 134/9837 2663/9838
f 2665/9839 118/9840 2662/9841
f 2665/9839 2662/9841 2664/9842
f 2646/9843 2665/9844 2664/9845
f 2646/9843 2664/9845 2648/9846
f 2648/9847 2664/9848 2659/9849
f 2648/9847 2659/9849 2651/9850
f 2665/9851 2646/9852 2667/9853
f 2665/9851 2667/9853 2666/9854
f 118/9855 2665/9856 2666/9857
f 118/9855 2666/9857 112/9858
f 2666/9859 2667/9860 104/9861
f 2666/9859 104/9861 107/9862
f 2667/9863 95/9864 97/9865
f 2667/9863 97/9865 104/9866
f 234/9867 246/9868 2635/9869
f 234/9867 2635/9869 2637/9870
f 234/9871 2637/9872 225/9873
f 234/9871 225/9873 227/9874
f 601/9875 604/9876 2633/9877
f 601/9875 2633/9877 247/9878
f 2276/9879 2273/9880 2559/9881
f 2276/9879 2559/9881 2669/9882
f 2557/9883 2671/9884 2669/9885
f 2557/9883 2669/9885 2559/9886
f 2279/9887 2276/9888 2669/9889
f 2279/9887 2669/9889 2670/9890
f 2670/9891 2669/9892 2671/9893
f 2670/9891 2671/9893 2673/9894
f 2555/9895 2672/9896 2671/9897
f 2555/9895 2671/9897 2557/9898
f 2672/9899 2674/9900 2673/9901
f 2672/9899 2673/9901 2671/9902
f 2674/9903 2677/9904 2675/9905
f 2674/9903 2675/9905 2673/9906
f 2676/9907 2670/9908 2673/9909
f 2676/9907 2673/9909 2675/9910
f 2675/9911 2314/9912 2312/9913
f 2675/9911 2312/9913 2676/9914
f 2677/9915 2678/9916 2314/9917
f 2677/9915 2314/9917 2675/9918
f 2681/9919 2679/9920 2677/9921
f 2681/9919 2677/9921 2674/9922
f 2679/9923 2680/9924 2678/9925
f 2679/9923 2678/9925 2677/9926
f 2684/9927 2680/9928 2679/9929
f 2684/9927 2679/9929 2682/9930
f 2682/9931 2679/9932 2681/9933
f 2682/9931 2681/9933 2685/9934
f 2682/9935 2683/9936 2697/9937
f 2682/9935 2697/9937 2684/9938
f 2685/9939 2686/9940 2683/9941
f 2685/9939 2683/9941 2682/9942
f 2686/9943 2685/9944 2687/9945
f 2686/9943 2687/9945 2514/9946
f 2685/9947 2681/9948 2689/9949
f 2685/9947 2689/9949 2687/9950
f 2516/9951 2514/9952 2687/9953
f 2516/9951 2687/9953 2688/9954
f 2687/9955 2689/9956 2690/9957
f 2687/9955 2690/9957 2688/9958
f 2690/9959 2689/9960 2672/9961
f 2690/9959 2672/9961 2555/9962
f 2689/9963 2681/9964 2674/9965
f 2689/9963 2674/9965 2672/9966
f 2688/9967 2690/9968 2554/9969
f 2688/9967 2554/9969 2691/9970
f 2691/9971 2518/9972 2516/9973
f 2691/9971 2516/9973 2688/9974
f 2691/9975 2692/9976 2693/9977
f 2691/9975 2693/9977 2518/9978
f 2691/9979 2554/9980 2551/9981
f 2691/9979 2551/9981 2692/9982
f 2692/9983 2694/9984 2695/9985
f 2692/9983 2695/9985 2693/9986
f 2692/9987 2551/9988 2545/9989
f 2692/9987 2545/9989 2694/9990
f 2695/9991 2694/9992 2540/9993
f 2695/9991 2540/9993 2538/9994
f 2519/9995 2693/9996 2695/9997
f 2519/9995 2695/9997 2523/9998
f 2523/9999 2695/10000 2538/10001
f 2523/9999 2538/10001 2525/10002
f 2508/10003 2683/10004 2686/10005
f 2508/10003 2686/10005 2510/10006
f 2696/10007 2701/10008 2680/10009
f 2696/10007 2680/10009 2684/10010
f 2698/10011 2696/10012 2684/10013
f 2698/10011 2684/10013 2697/10014
f 2504/10015 2698/10016 2697/10017
f 2504/10015 2697/10017 2506/10018
f 2506/10019 2697/10020 2683/10021
f 2506/10019 2683/10021 2508/10022
f 2502/10023 2699/10024 2698/10025
f 2502/10023 2698/10025 2504/10026
f 2699/10027 2700/10028 2696/10029
f 2699/10027 2696/10029 2698/10030
f 2329/10031 2323/10032 2700/10033
f 2329/10031 2700/10033 2699/10034
f 2500/10035 2329/10036 2699/10037
f 2500/10035 2699/10037 2502/10038
f 2696/10039 2700/10040 2319/10041
f 2696/10039 2319/10041 2701/10042
f 2680/10043 2701/10044 2315/10045
f 2680/10043 2315/10045 2678/10046
f 2281/10047 2279/10048 2670/10049
f 2281/10047 2670/10049 2676/10050
f 2285/10051 2281/10052 2676/10053
f 2285/10051 2676/10053 2312/10054
f 2287/10055 2284/10056 2304/10057
f 2287/10055 2304/10057 2300/10058
f 2278/10059 2282/10060 2290/10061
f 2278/10059 2290/10061 2702/10062
f 2702/10063 2290/10064 2703/10065
f 2702/10063 2703/10065 2704/10066
f 2703/10067 2289/10068 2705/10069
f 2703/10067 2705/10069 2250/10070
f 2250/10071 2252/10072 2704/10073
f 2250/10071 2704/10073 2703/10074
f 2264/10075 2702/10076 2704/10077
f 2264/10075 2704/10077 2257/10078
f 2275/10079 2278/10080 2702/10081
f 2275/10079 2702/10081 2264/10082
f 2209/10083 2014/10084 2012/10085
f 2209/10083 2012/10085 2211/10086
f 2206/10087 2016/10088 2014/10089
f 2206/10087 2014/10089 2209/10090
f 2202/10091 2706/10092 2016/10093
f 2202/10091 2016/10093 2206/10094
f 2706/10095 2202/10096 2200/10097
f 2706/10095 2200/10097 2707/10098
f 2017/10099 2706/10100 2707/10101
f 2017/10099 2707/10101 2035/10102
f 2707/10103 2200/10104 2198/10105
f 2707/10103 2198/10105 2036/10106
f 2036/10107 2198/10108 2708/10109
f 2036/10107 2708/10109 2038/10110
f 2708/10111 2197/10112 2062/10113
f 2708/10111 2062/10113 2060/10114
f 2060/10115 2040/10116 2038/10117
f 2060/10115 2038/10117 2708/10118
f 2709/10119 2062/10120 2197/10121
f 2709/10119 2197/10121 2195/10122
f 2078/10123 2709/10124 2195/10125
f 2078/10123 2195/10125 2080/10126
f 2070/10127 2063/10128 2709/10129
f 2070/10127 2709/10129 2078/10130
f 2180/10131 2107/10132 2105/10133
f 2180/10131 2105/10133 2092/10134
f 2035/10135 2032/10136 2019/10137
f 2035/10135 2019/10137 2017/10138
f 79/10139 2710/10140 1961/10141
f 79/10139 1961/10141 2712/10142
f 2712/10143 1961/10144 2711/10145
f 2712/10143 2711/10145 2714/10146
f 77/10147 79/10148 2712/10149
f 77/10147 2712/10149 2713/10150
f 2713/10151 2712/10152 2714/10153
f 2713/10151 2714/10153 2716/10154
f 2714/10155 2711/10156 2785/10157
f 2714/10155 2785/10157 2715/10158
f 2716/10159 2714/10160 2715/10161
f 2716/10159 2715/10161 2718/10162
f 2717/10163 2716/10164 2718/10165
f 2717/10163 2718/10165 2719/10166
f 2727/10167 2713/10168 2716/10169
f 2727/10167 2716/10169 2717/10170
f 2718/10171 2715/10172 2784/10173
f 2718/10171 2784/10173 1949/10174
f 2719/10175 2718/10176 1949/10177
f 2719/10175 1949/10177 1947/10178
f 2722/10179 2717/10180 2719/10181
f 2722/10179 2719/10181 2720/10182
f 2720/10183 2719/10184 1947/10185
f 2720/10183 1947/10185 1945/10186
f 2723/10187 2722/10188 2720/10189
f 2723/10187 2720/10189 2721/10190
f 2721/10191 2720/10192 1945/10193
f 2721/10191 1945/10193 2778/10194
f 2724/10195 2727/10196 2717/10197
f 2724/10195 2717/10197 2722/10198
f 2725/10199 2724/10200 2722/10201
f 2725/10199 2722/10201 2723/10202
f 2728/10203 2726/10204 2724/10205
f 2728/10203 2724/10205 2725/10206
f 2726/10207 75/10208 2727/10209
f 2726/10207 2727/10209 2724/10210
f 75/10211 77/10212 2713/10213
f 75/10211 2713/10213 2727/10214
f 2726/10215 2728/10216 2730/10217
f 2726/10215 2730/10217 74/10218
f 2728/10219 2729/10220 2732/10221
f 2728/10219 2732/10221 2730/10222
f 2729/10223 2728/10224 2725/10225
f 2729/10223 2725/10225 2771/10226
f 74/10227 2730/10228 2731/10229
f 74/10227 2731/10229 72/10230
f 2730/10231 2732/10232 2734/10233
f 2730/10231 2734/10233 2731/10234
f 2729/10235 2768/10236 2733/10237
f 2729/10235 2733/10237 2732/10238
f 2732/10239 2733/10240 2736/10241
f 2732/10239 2736/10241 2734/10242
f 2731/10243 2734/10244 2735/10245
f 2731/10243 2735/10245 2783/10246
f 2734/10247 2736/10248 2738/10249
f 2734/10247 2738/10249 2735/10250
f 2736/10251 2737/10252 2739/10253
f 2736/10251 2739/10253 2738/10254
f 2733/10255 2769/10256 2737/10257
f 2733/10255 2737/10257 2736/10258
f 2741/10259 2740/10260 2738/10261
f 2741/10259 2738/10261 2739/10262
f 2740/10263 58/10264 2735/10265
f 2740/10263 2735/10265 2738/10266
f 2743/10267 57/10268 2740/10269
f 2743/10267 2740/10269 2741/10270
f 2742/10271 2741/10272 2739/10273
f 2742/10271 2739/10273 2746/10274
f 2745/10275 2743/10276 2741/10277
f 2745/10275 2741/10277 2742/10278
f 2744/10279 51/10280 57/10281
f 2744/10279 57/10281 2743/10282
f 33/10283 2744/10284 2743/10285
f 33/10283 2743/10285 2745/10286
f 28/10287 2745/10288 2742/10289
f 28/10287 2742/10289 26/10290
f 26/10291 2742/10292 2746/10293
f 26/10291 2746/10293 2748/10294
f 2747/10295 2749/10296 2748/10297
f 2747/10295 2748/10297 2746/10298
f 2737/10299 2747/10300 2746/10301
f 2737/10299 2746/10301 2739/10302
f 2749/10303 2751/10304 25/10305
f 2749/10303 25/10305 2748/10306
f 2770/10307 2750/10308 2749/10309
f 2770/10307 2749/10309 2747/10310
f 2750/10311 2753/10312 2751/10313
f 2750/10311 2751/10313 2749/10314
f 2751/10315 2752/10316 18/10317
f 2751/10315 18/10317 25/10318
f 2753/10319 2754/10320 2752/10321
f 2753/10319 2752/10321 2751/10322
f 2758/10323 2755/10324 2753/10325
f 2758/10323 2753/10325 2750/10326
f 2755/10327 2756/10328 2754/10329
f 2755/10327 2754/10329 2753/10330
f 2756/10331 2755/10332 2757/10333
f 2756/10331 2757/10333 2779/10334
f 2755/10335 2758/10336 2760/10337
f 2755/10335 2760/10337 2757/10338
f 2758/10339 2759/10340 2762/10341
f 2758/10339 2762/10341 2760/10342
f 2759/10343 2758/10344 2750/10345
f 2759/10343 2750/10345 2770/10346
f 2757/10347 2760/10348 2761/10349
f 2757/10347 2761/10349 1914/10350
f 2760/10351 2762/10352 2763/10353
f 2760/10351 2763/10353 2761/10354
f 2762/10355 2764/10356 2765/10357
f 2762/10355 2765/10357 2763/10358
f 2759/10359 2767/10360 2764/10361
f 2759/10359 2764/10361 2762/10362
f 2764/10363 2766/10364 2772/10365
f 2764/10363 2772/10365 2765/10366
f 2767/10367 2768/10368 2766/10369
f 2767/10367 2766/10369 2764/10370
f 2768/10371 2767/10372 2769/10373
f 2768/10371 2769/10373 2733/10374
f 2767/10375 2759/10376 2770/10377
f 2767/10375 2770/10377 2769/10378
f 2769/10379 2770/10380 2747/10381
f 2769/10379 2747/10381 2737/10382
f 2768/10383 2729/10384 2771/10385
f 2768/10383 2771/10385 2766/10386
f 2766/10387 2771/10388 2774/10389
f 2766/10387 2774/10389 2772/10390
f 2765/10391 2772/10392 2773/10393
f 2765/10391 2773/10393 1924/10394
f 2772/10395 2774/10396 2775/10397
f 2772/10395 2775/10397 2773/10398
f 2774/10399 2723/10400 2721/10401
f 2774/10399 2721/10401 2775/10402
f 2771/10403 2725/10404 2723/10405
f 2771/10403 2723/10405 2774/10406
f 2773/10407 2775/10408 2776/10409
f 2773/10407 2776/10409 1925/10410
f 2775/10411 2721/10412 2778/10413
f 2775/10411 2778/10413 2776/10414
f 2777/10415 1927/10416 1925/10417
f 2777/10415 1925/10417 2776/10418
f 1941/10419 2777/10420 2776/10421
f 1941/10419 2776/10421 2778/10422
f 2763/10423 2765/10424 1924/10425
f 2763/10423 1924/10425 1922/10426
f 2761/10427 2763/10428 1922/10429
f 2761/10427 1922/10429 1915/10430
f 2779/10431 2757/10432 1914/10433
f 2779/10431 1914/10433 1907/10434
f 2780/10435 2756/10436 2779/10437
f 2780/10435 2779/10437 1908/10438
f 2756/10439 2780/10440 2781/10441
f 2756/10439 2781/10441 2754/10442
f 2780/10443 1898/10444 2782/10445
f 2780/10443 2782/10445 2781/10446
f 2780/10447 1908/10448 1900/10449
f 2780/10447 1900/10449 1898/10450
f 2754/10451 2781/10452 19/10453
f 2754/10451 19/10453 2752/10454
f 2781/10455 2782/10456 16/10457
f 2781/10455 16/10457 19/10458
f 2782/10459 1897/10460 13/10461
f 2782/10459 13/10461 16/10462
f 58/10463 60/10464 2783/10465
f 58/10463 2783/10465 2735/10466
f 72/10467 2731/10468 2783/10469
f 72/10467 2783/10469 65/10470
f 2715/10471 2785/10472 2787/10473
f 2715/10471 2787/10473 2784/10474
f 2711/10475 1957/10476 2786/10477
f 2711/10475 2786/10477 2785/10478
f 2787/10479 2785/10480 2786/10481
f 2787/10479 2786/10481 2788/10482
f 2788/10483 1950/10484 2784/10485
f 2788/10483 2784/10485 2787/10486
f 2786/10487 1952/10488 1950/10489
f 2786/10487 1950/10489 2788/10490
f 93/10491 2710/10492 80/10493
f 93/10491 80/10493 3110/10494
f 1897/10495 1891/10496 10/10497
f 1897/10495 10/10497 13/10498
f 1879/10499 2790/10500 6/10501
f 1879/10499 6/10501 4/10502
f 2791/10503 2790/10504 1879/10505
f 2791/10503 1879/10505 1877/10506
f 2794/10507 2792/10508 2790/10509
f 2794/10507 2790/10509 2791/10510
f 2790/10511 2792/10512 9/10513
f 2790/10511 9/10513 6/10514
f 2796/10515 2793/10516 2792/10517
f 2796/10515 2792/10517 2794/10518
f 2792/10519 2793/10520 12/10521
f 2792/10519 12/10521 9/10522
f 2794/10523 2791/10524 1793/10525
f 2794/10523 1793/10525 2795/10526
f 2796/10527 2794/10528 2795/10529
f 2796/10527 2795/10529 2798/10530
f 2797/10531 2808/10532 2793/10533
f 2797/10531 2793/10533 2796/10534
f 2797/10535 2796/10536 2798/10537
f 2797/10535 2798/10537 2799/10538
f 2799/10539 2798/10540 2800/10541
f 2799/10539 2800/10541 2801/10542
f 2798/10543 2795/10544 1789/10545
f 2798/10543 1789/10545 2800/10546
f 1784/10547 1781/10548 2801/10549
f 1784/10547 2801/10549 2800/10550
f 2804/10551 2799/10552 2801/10553
f 2804/10551 2801/10553 2802/10554
f 1781/10555 1778/10556 2802/10557
f 1781/10555 2802/10557 2801/10558
f 2803/10559 2802/10560 1778/10561
f 2803/10559 1778/10561 1775/10562
f 2806/10563 2804/10564 2802/10565
f 2806/10563 2802/10565 2803/10566
f 2805/10567 2797/10568 2799/10569
f 2805/10567 2799/10569 2804/10570
f 30/10571 2805/10572 2804/10573
f 30/10571 2804/10573 2806/10574
f 31/10575 2806/10576 2803/10577
f 31/10575 2803/10577 2807/10578
f 2805/10579 21/10580 2808/10581
f 2805/10579 2808/10581 2797/10582
f 2805/10583 30/10584 23/10585
f 2805/10583 23/10585 21/10586
f 2807/10587 2803/10588 1775/10589
f 2807/10587 1775/10589 1773/10590
f 35/10591 2807/10592 1773/10593
f 35/10591 1773/10593 42/10594
f 2793/10595 2808/10596 15/10597
f 2793/10595 15/10597 12/10598
f 2791/10599 1877/10600 1795/10601
f 2791/10599 1795/10601 1793/10602
f 1800/10603 1798/10604 1875/10605
f 1800/10603 1875/10605 1802/10606
f 1813/10607 1868/10608 1866/10609
f 1813/10607 1866/10609 2810/10610
f 2809/10611 2811/10612 2810/10613
f 2809/10611 2810/10613 1866/10614
f 2811/10615 2812/10616 1817/10617
f 2811/10615 1817/10617 2810/10618
f 2815/10619 2813/10620 2811/10621
f 2815/10619 2811/10621 2809/10622
f 2813/10623 2814/10624 2812/10625
f 2813/10623 2812/10625 2811/10626
f 2816/10627 2814/10628 2813/10629
f 2816/10627 2813/10629 1847/10630
f 1847/10631 2813/10632 2815/10633
f 1847/10631 2815/10633 1849/10634
f 1849/10635 2815/10636 1858/10637
f 1849/10635 1858/10637 1851/10638
f 1858/10639 2815/10640 2809/10641
f 1858/10639 2809/10641 1860/10642
f 2814/10643 1828/10644 1821/10645
f 2814/10643 1821/10645 2812/10646
f 1831/10647 1828/10648 2814/10649
f 1831/10647 2814/10649 2816/10650
f 1831/10651 2816/10652 1841/10653
f 1831/10651 1841/10653 1834/10654
f 1852/10655 1855/10656 2817/10657
f 1852/10655 2817/10657 2820/10658
f 2817/10659 1855/10660 2818/10661
f 1854/10662 2819/10663 2817/10664
f 1854/10662 2817/10664 2818/10665
f 2819/10666 2822/10667 2820/10668
f 2819/10666 2820/10668 2817/10669
f 1844/10670 1852/10671 2820/10672
f 1844/10670 2820/10672 2821/10673
f 2822/10674 2823/10675 2821/10676
f 2822/10674 2821/10676 2820/10677
f 2824/10678 2827/10679 2823/10680
f 2824/10678 2823/10680 2822/10681
f 2826/10682 2824/10683 2822/10684
f 2826/10682 2822/10684 2819/10685
f 2827/10686 2824/10687 2825/10688
f 2827/10686 2825/10688 2828/10689
f 2824/10690 2826/10691 1658/10692
f 2824/10690 1658/10692 2825/10693
f 2829/10694 2827/10695 2828/10696
f 2829/10694 2828/10696 2830/10697
f 2827/10698 2829/10699 2832/10700
f 2827/10698 2832/10700 2823/10701
f 2831/10702 2829/10703 2830/10704
f 2831/10702 2830/10704 2841/10705
f 2829/10706 2831/10707 2833/10708
f 2829/10706 2833/10708 2832/10709
f 2832/10710 2833/10711 1842/10712
f 2832/10710 1842/10712 1845/10713
f 2823/10714 2832/10715 1845/10716
f 2823/10714 1845/10716 2821/10717
f 2833/10718 2834/10719 1839/10720
f 2833/10718 1839/10720 1842/10721
f 2831/10722 2836/10723 2834/10724
f 2831/10722 2834/10724 2833/10725
f 2834/10726 2835/10727 1836/10728
f 2834/10726 1836/10728 1839/10729
f 2836/10730 2837/10731 2835/10732
f 2836/10730 2835/10732 2834/10733
f 2837/10734 2836/10735 2838/10736
f 2837/10734 2838/10736 2840/10737
f 2836/10738 2831/10739 2841/10740
f 2836/10738 2841/10740 2838/10741
f 2838/10742 2841/10743 2842/10744
f 2838/10742 2842/10744 2839/10745
f 2840/10746 2838/10747 2839/10748
f 2840/10746 2839/10748 2844/10749
f 2841/10750 2830/10751 1667/10752
f 2841/10750 1667/10752 2842/10753
f 2842/10754 1668/10755 2894/10756
f 2842/10754 2894/10756 2839/10757
f 2892/10758 2837/10759 2840/10760
f 2892/10758 2840/10760 2843/10761
f 2843/10762 2840/10763 2844/10764
f 2843/10762 2844/10764 2846/10765
f 2839/10766 2894/10767 2845/10768
f 2839/10766 2845/10768 2844/10769
f 2848/10770 2846/10771 2844/10772
f 2848/10770 2844/10772 2845/10773
f 2846/10774 2847/10775 2850/10776
f 2846/10774 2850/10776 2843/10777
f 2847/10778 2846/10779 2848/10780
f 2847/10778 2848/10780 2849/10781
f 1684/10782 2849/10783 2848/10784
f 1684/10782 2848/10784 1682/10785
f 1682/10786 2848/10787 2845/10788
f 1682/10786 2845/10788 1680/10789
f 1688/10790 2851/10791 2847/10792
f 1688/10790 2847/10792 2849/10793
f 2847/10794 2851/10795 2852/10796
f 2847/10794 2852/10796 2850/10797
f 2851/10798 1692/10799 2853/10800
f 2851/10798 2853/10800 2852/10801
f 2852/10802 2853/10803 2855/10804
f 2852/10802 2855/10804 2854/10805
f 2850/10806 2852/10807 2854/10808
f 2850/10806 2854/10808 2856/10809
f 2854/10810 2855/10811 1710/10812
f 2854/10810 1710/10812 2857/10813
f 2856/10814 2854/10815 2857/10816
f 2856/10814 2857/10816 2858/10817
f 2857/10818 1710/10819 1712/10820
f 2857/10818 1712/10820 2859/10821
f 2858/10822 2857/10823 2859/10824
f 2858/10822 2859/10824 2860/10825
f 2861/10826 2862/10827 2860/10828
f 2861/10826 2860/10828 2859/10829
f 1714/10830 2861/10831 2859/10832
f 1714/10830 2859/10832 1712/10833
f 2863/10834 2865/10835 2862/10836
f 2863/10834 2862/10836 2861/10837
f 1718/10838 2863/10839 2861/10840
f 1718/10838 2861/10840 1714/10841
f 2889/10842 2864/10843 2863/10844
f 2889/10842 2863/10844 1718/10845
f 2864/10846 2866/10847 2865/10848
f 2864/10846 2865/10848 2863/10849
f 2866/10850 1830/10851 1833/10852
f 2866/10850 1833/10852 2865/10853
f 2865/10854 1833/10855 1837/10856
f 2865/10854 1837/10856 2862/10857
f 1830/10858 2866/10859 2867/10860
f 1830/10858 2867/10860 1827/10861
f 2866/10862 2864/10863 2868/10864
f 2866/10862 2868/10864 2867/10865
f 2867/10866 2868/10867 2870/10868
f 2867/10866 2870/10868 2869/10869
f 1827/10870 2867/10871 2869/10872
f 1827/10870 2869/10872 1825/10873
f 2869/10874 2870/10875 2872/10876
f 2869/10874 2872/10876 2871/10877
f 1825/10878 2869/10879 2871/10880
f 1825/10878 2871/10880 1823/10881
f 2873/10882 2876/10883 1823/10884
f 2873/10882 1823/10884 2871/10885
f 2874/10886 2873/10887 2871/10888
f 2874/10886 2871/10888 2872/10889
f 2883/10890 2875/10891 2873/10892
f 2883/10890 2873/10892 2874/10893
f 2875/10894 2877/10895 2876/10896
f 2875/10894 2876/10896 2873/10897
f 2877/10898 2878/10899 1819/10900
f 2877/10898 1819/10900 2876/10901
f 2881/10902 2879/10903 2877/10904
f 2881/10902 2877/10904 2875/10905
f 2879/10906 2880/10907 2878/10908
f 2879/10906 2878/10908 2877/10909
f 2879/10910 1777/10911 1780/10912
f 2879/10910 1780/10912 2880/10913
f 2879/10914 2881/10915 1770/10916
f 2879/10914 1770/10916 1777/10917
f 1771/10918 2881/10919 2875/10920
f 1771/10918 2875/10920 2883/10921
f 2880/10922 1780/10923 1783/10924
f 2880/10922 1783/10924 2882/10925
f 2880/10926 2882/10927 1815/10928
f 2880/10926 1815/10928 2878/10929
f 2882/10930 1783/10931 1787/10932
f 2882/10930 1787/10932 1811/10933
f 1762/10934 1771/10935 2883/10936
f 1762/10934 2883/10936 1760/10937
f 1760/10938 2883/10939 2874/10940
f 1760/10938 2874/10940 1758/10941
f 1758/10942 2874/10943 2872/10944
f 1758/10942 2872/10944 2884/10945
f 2870/10946 2885/10947 2884/10948
f 2870/10946 2884/10948 2872/10949
f 2885/10950 2887/10951 1754/10952
f 2885/10950 1754/10952 2884/10953
f 2868/10954 2886/10955 2885/10956
f 2868/10954 2885/10956 2870/10957
f 2886/10958 2888/10959 2887/10960
f 2886/10958 2887/10960 2885/10961
f 2888/10962 1722/10963 1751/10964
f 2888/10962 1751/10964 2887/10965
f 2889/10966 1717/10967 2888/10968
f 2889/10966 2888/10968 2886/10969
f 2864/10970 2889/10971 2886/10972
f 2864/10970 2886/10972 2868/10973
f 2862/10974 1837/10975 2890/10976
f 2862/10974 2890/10976 2860/10977
f 2891/10978 2858/10979 2860/10980
f 2891/10978 2860/10980 2890/10981
f 2835/10982 2891/10983 2890/10984
f 2835/10982 2890/10984 1836/10985
f 2892/10986 2856/10987 2858/10988
f 2892/10986 2858/10988 2891/10989
f 2837/10990 2892/10991 2891/10992
f 2837/10990 2891/10992 2835/10993
f 2843/10994 2850/10995 2856/10996
f 2843/10994 2856/10996 2892/10997
f 2853/10998 2893/10999 1706/11000
f 2853/10998 1706/11000 2855/11001
f 1692/11002 1694/11003 2893/11004
f 1692/11002 2893/11004 2853/11005
f 1680/11006 2845/11007 2894/11008
f 1680/11006 2894/11008 1678/11009
f 1678/11010 2894/11011 1668/11012
f 1678/11010 1668/11012 1670/11013
f 2830/11014 2828/11015 1664/11016
f 2830/11014 1664/11016 1667/11017
f 2828/11018 2825/11019 1657/11020
f 2828/11018 1657/11020 1664/11021
f 753/11022 2826/11023 2819/11024
f 753/11022 2819/11024 1854/11025
f 1648/11026 762/11027 764/11028
f 1648/11026 764/11028 1646/11029
f 1642/11030 769/11031 771/11032
f 1642/11030 771/11032 1638/11033
f 774/11034 2896/11035 1634/11036
f 774/11034 1634/11036 1636/11037
f 2897/11038 2895/11039 1634/11040
f 2897/11038 1634/11040 2896/11041
f 2898/11042 1613/11043 2897/11044
f 2898/11042 2897/11044 2896/11045
f 774/11046 776/11047 2898/11048
f 774/11046 2898/11048 2896/11049
f 2899/11050 1611/11051 1613/11052
f 2899/11050 1613/11052 2898/11053
f 776/11054 778/11055 2899/11056
f 776/11054 2899/11056 2898/11057
f 2899/11058 778/11059 782/11060
f 2899/11058 782/11060 2900/11061
f 787/11062 1590/11063 2899/11064
f 787/11062 2899/11064 2900/11065
f 2899/11066 1590/11067 1592/11068
f 2899/11066 1592/11068 2901/11069
f 2899/11070 2901/11071 1609/11072
f 2899/11070 1609/11072 1611/11073
f 2901/11074 1592/11075 1594/11076
f 2901/11074 1594/11076 1609/11077
f 2902/11078 2895/11079 2897/11080
f 2902/11078 2897/11080 1614/11081
f 1630/11082 2895/11083 2902/11084
f 1630/11082 2902/11084 1626/11085
f 1623/11086 2905/11087 2904/11088
f 1623/11086 2904/11088 2903/11089
f 2904/11090 2905/11091 2908/11092
f 2904/11090 2908/11092 2906/11093
f 2907/11094 2906/11095 2908/11096
f 2907/11094 2908/11096 222/11097
f 2905/11098 230/11099 223/11100
f 2905/11098 223/11100 2908/11101
f 2909/11102 2907/11103 222/11104
f 2909/11102 222/11104 216/11105
f 1623/11106 1621/11107 230/11108
f 1623/11106 230/11108 2905/11109
f 1587/11110 792/11111 2911/11112
f 1587/11110 2911/11112 1376/11113
f 1362/11114 2910/11115 1369/11116
f 1362/11114 1369/11116 1365/11117
f 796/11118 2912/11119 1372/11120
f 796/11118 1372/11120 2911/11121
f 800/11122 1332/11123 1371/11124
f 800/11122 1371/11124 2912/11125
f 802/11126 1330/11127 1332/11128
f 802/11126 1332/11128 800/11129
f 806/11130 1328/11131 1330/11132
f 806/11130 1330/11132 802/11133
f 1318/11134 1320/11135 1328/11136
f 1318/11134 1328/11136 806/11137
f 1290/11138 1293/11139 823/11140
f 1290/11138 823/11140 831/11141
f 1284/11142 1290/11143 831/11144
f 1284/11142 831/11144 2914/11145
f 1283/11146 2914/11147 830/11148
f 1283/11146 830/11148 2915/11149
f 1281/11150 1283/11151 2915/11152
f 1281/11150 2915/11152 2917/11153
f 2915/11154 830/11155 833/11156
f 2915/11154 833/11156 2916/11157
f 2917/11158 2915/11159 2916/11160
f 2917/11158 2916/11160 1111/11161
f 1279/11162 1281/11163 2917/11164
f 1279/11162 2917/11164 2918/11165
f 2918/11166 2917/11167 1111/11168
f 2918/11166 1111/11168 1113/11169
f 1187/11170 1279/11171 2918/11172
f 1187/11170 2918/11172 1118/11173
f 2916/11174 833/11175 835/11176
f 2916/11174 835/11176 1106/11177
f 2919/11178 1090/11179 1092/11180
f 2919/11178 1092/11180 1104/11181
f 840/11182 846/11183 1090/11184
f 840/11182 1090/11184 2919/11185
f 2920/11186 725/11187 950/11188
f 2920/11186 950/11188 948/11189
f 2921/11190 2920/11191 948/11192
f 2921/11190 948/11192 946/11193
f 2922/11194 2920/11195 2921/11196
f 2922/11194 2921/11196 2923/11197
f 2920/11198 2922/11199 727/11200
f 2920/11198 727/11200 725/11201
f 2922/11202 741/11203 729/11204
f 2922/11202 729/11204 727/11205
f 743/11206 741/11207 2922/11208
f 743/11206 2922/11208 2923/11209
f 743/11206 2923/11209 2925/11210
f 2921/11211 2967/11212 2924/11213
f 2921/11211 2924/11213 2923/11214
f 2923/11215 2924/11216 2927/11217
f 2923/11215 2927/11217 2925/11218
f 747/11219 743/11220 2925/11221
f 747/11219 2925/11221 2926/11222
f 2925/11223 2927/11224 2928/11225
f 2925/11223 2928/11225 2926/11226
f 2927/11227 2929/11228 2931/11229
f 2927/11227 2931/11229 2928/11230
f 2924/11231 2930/11232 2929/11233
f 2924/11231 2929/11233 2927/11234
f 2930/11235 2934/11236 2932/11237
f 2930/11235 2932/11237 2929/11238
f 2929/11239 2932/11240 2933/11241
f 2929/11239 2933/11241 2931/11242
f 922/11243 2933/11244 2932/11245
f 922/11243 2932/11245 2934/11246
f 2966/11247 921/11248 2934/11249
f 2966/11247 2934/11249 2930/11250
f 919/11251 2935/11252 2933/11253
f 919/11251 2933/11253 922/11254
f 2931/11255 2933/11256 2935/11257
f 2931/11255 2935/11257 2936/11258
f 916/11259 2937/11260 2935/11261
f 916/11259 2935/11261 919/11262
f 2936/11263 2935/11264 2937/11265
f 2936/11263 2937/11265 2938/11266
f 916/11267 2940/11268 2938/11269
f 916/11267 2938/11269 2937/11270
f 2940/11271 2941/11272 2939/11273
f 2940/11271 2939/11273 2938/11274
f 2948/11275 2936/11276 2938/11277
f 2948/11275 2938/11277 2939/11278
f 917/11279 2942/11280 2941/11281
f 917/11279 2941/11281 2940/11282
f 2942/11283 2945/11284 2943/11285
f 2942/11283 2943/11285 2941/11286
f 2941/11287 2943/11288 2946/11289
f 2941/11287 2946/11289 2939/11290
f 2944/11291 757/11292 752/11293
f 2944/11291 752/11293 2946/11294
f 2944/11291 2946/11294 2943/11295
f 2949/11296 2944/11297 2943/11298
f 2949/11296 2943/11298 2945/11299
f 2947/11300 2948/11301 2939/11302
f 2947/11300 2939/11302 2946/11303
f 752/11304 750/11305 2947/11306
f 752/11304 2947/11306 2946/11307
f 2947/11308 750/11309 747/11310
f 2947/11308 747/11310 2926/11311
f 2926/11312 2928/11313 2948/11314
f 2926/11312 2948/11314 2947/11315
f 2928/11316 2931/11317 2936/11318
f 2928/11316 2936/11318 2948/11319
f 2945/11320 2942/11321 882/11322
f 2945/11320 882/11322 880/11323
f 2945/11324 880/11325 2951/11326
f 2945/11324 2951/11326 2949/11327
f 2950/11328 2964/11329 2944/11330
f 2950/11328 2944/11330 2949/11331
f 2951/11332 2952/11333 2950/11334
f 2951/11332 2950/11334 2949/11335
f 2953/11336 2952/11337 2951/11338
f 2953/11336 2951/11338 879/11339
f 2957/11340 2954/11341 2952/11342
f 2957/11340 2952/11342 2953/11343
f 2950/11344 2952/11345 2954/11346
f 2950/11344 2954/11346 2955/11347
f 2954/11348 2956/11349 2958/11350
f 2954/11348 2958/11350 2955/11351
f 798/11352 2956/11353 2954/11354
f 798/11352 2954/11354 2957/11355
f 803/11356 2957/11357 2953/11358
f 803/11356 2953/11358 2965/11359
f 2956/11360 794/11361 2959/11362
f 2956/11360 2959/11362 2958/11363
f 2959/11364 785/11365 2960/11366
f 2959/11364 2960/11366 2958/11367
f 2958/11368 2960/11369 2962/11370
f 2958/11368 2962/11370 2955/11371
f 785/11372 781/11373 2961/11374
f 785/11372 2961/11374 2960/11375
f 2960/11376 2961/11377 2963/11378
f 2960/11376 2963/11378 2962/11379
f 2964/11380 2962/11381 2963/11382
f 2964/11380 2963/11382 760/11383
f 2955/11384 2962/11385 2964/11386
f 2955/11384 2964/11386 2950/11387
f 760/11388 757/11389 2944/11390
f 760/11388 2944/11390 2964/11391
f 767/11392 759/11393 2963/11394
f 767/11392 2963/11394 2961/11395
f 779/11396 767/11397 2961/11398
f 779/11396 2961/11398 781/11399
f 2965/11400 2953/11401 879/11402
f 2965/11400 879/11402 877/11403
f 808/11404 2965/11405 877/11406
f 808/11404 877/11406 875/11407
f 882/11408 2942/11409 917/11410
f 882/11408 917/11410 885/11411
f 2967/11412 2966/11413 2930/11414
f 2967/11412 2930/11414 2924/11415
f 2967/11416 2969/11417 2968/11418
f 2967/11416 2968/11418 2966/11419
f 926/11420 921/11421 2966/11422
f 926/11420 2966/11422 2968/11423
f 926/11420 2968/11423 928/11424
f 941/11425 934/11426 2968/11427
f 941/11425 2968/11427 2969/11428
f 2921/11429 946/11430 2969/11431
f 2921/11429 2969/11431 2967/11432
f 654/11433 620/11434 622/11435
f 654/11433 622/11435 652/11436
f 594/11437 617/11438 615/11439
f 594/11437 615/11439 597/11440
f 597/11441 615/11442 611/11443
f 597/11441 611/11443 609/11444
f 261/11445 602/11446 251/11447
f 261/11445 251/11447 253/11448
f 564/11449 2970/11450 2973/11451
f 564/11449 2973/11451 557/11452
f 2970/11453 564/11454 301/11455
f 2970/11453 301/11455 2972/11456
f 2971/11457 2970/11458 2972/11459
f 2971/11457 2972/11459 2977/11460
f 2970/11461 2971/11462 2974/11463
f 2970/11461 2974/11463 2973/11464
f 2973/11465 2974/11466 2975/11467
f 2973/11465 2975/11467 558/11468
f 2971/11469 2977/11470 2976/11471
f 2971/11469 2976/11471 2974/11472
f 2974/11473 2976/11474 2979/11475
f 2974/11473 2979/11475 2975/11476
f 2977/11477 3002/11478 2978/11479
f 2977/11477 2978/11479 2976/11480
f 2976/11481 2978/11482 2981/11483
f 2976/11481 2981/11483 2979/11484
f 2975/11485 2979/11486 2980/11487
f 2975/11485 2980/11487 3083/11488
f 2979/11489 2981/11490 2983/11491
f 2979/11489 2983/11491 2980/11492
f 2978/11493 3000/11494 2982/11495
f 2978/11493 2982/11495 2981/11496
f 2981/11497 2982/11498 2984/11499
f 2981/11497 2984/11499 2983/11500
f 2983/11501 2984/11502 2986/11503
f 2983/11501 2986/11503 2985/11504
f 2980/11505 2983/11506 2985/11507
f 2980/11505 2985/11507 544/11508
f 2988/11509 540/11510 2985/11511
f 2988/11509 2985/11511 2986/11512
f 2984/11513 2989/11514 2987/11515
f 2984/11513 2987/11515 2986/11516
f 489/11517 2988/11518 2986/11519
f 489/11517 2986/11519 2987/11520
f 2989/11521 2992/11522 2990/11523
f 2989/11521 2990/11523 2987/11524
f 487/11525 489/11526 2987/11527
f 487/11525 2987/11527 2990/11528
f 485/11529 487/11530 2990/11531
f 485/11529 2990/11531 2991/11532
f 2992/11533 2993/11534 2991/11535
f 2992/11533 2991/11535 2990/11536
f 2994/11537 2995/11538 2993/11539
f 2994/11537 2993/11539 2992/11540
f 2997/11541 2994/11542 2992/11543
f 2997/11541 2992/11543 2989/11544
f 2996/11545 3007/11546 2995/11547
f 2996/11545 2995/11547 2994/11548
f 2998/11549 2996/11550 2994/11551
f 2998/11549 2994/11551 2997/11552
f 2982/11553 2997/11554 2989/11555
f 2982/11553 2989/11555 2984/11556
f 3000/11557 2998/11558 2997/11559
f 3000/11557 2997/11559 2982/11560
f 2999/11561 3004/11562 2996/11563
f 2999/11561 2996/11563 2998/11564
f 3001/11565 2999/11566 2998/11567
f 3001/11565 2998/11567 3000/11568
f 3002/11569 3001/11570 3000/11571
f 3002/11569 3000/11571 2978/11572
f 2999/11573 3001/11574 3003/11575
f 2999/11573 3003/11575 3004/11576
f 3001/11577 3002/11578 303/11579
f 3001/11577 303/11579 3003/11580
f 3004/11581 3003/11582 304/11583
f 3004/11581 304/11583 3005/11584
f 3004/11585 3005/11586 3007/11587
f 3004/11585 3007/11587 2996/11588
f 3006/11589 3005/11590 304/11591
f 3006/11589 304/11591 3078/11592
f 3005/11593 3006/11594 3008/11595
f 3005/11593 3008/11595 3007/11596
f 3007/11597 3008/11598 3010/11599
f 3007/11597 3010/11599 2995/11600
f 3006/11601 3080/11602 3009/11603
f 3006/11601 3009/11603 3008/11604
f 3008/11605 3009/11606 3011/11607
f 3008/11605 3011/11607 3010/11608
f 2995/11609 3010/11610 3012/11611
f 2995/11609 3012/11611 2993/11612
f 3010/11613 3011/11614 3013/11615
f 3010/11613 3013/11615 3012/11616
f 3012/11617 3013/11618 3015/11619
f 3012/11617 3015/11619 3014/11620
f 2993/11621 3012/11622 3014/11623
f 2993/11621 3014/11623 2991/11624
f 3017/11625 3016/11626 3014/11627
f 3017/11625 3014/11627 3015/11628
f 3016/11629 485/11630 2991/11631
f 3016/11629 2991/11631 3014/11632
f 3019/11633 481/11634 3016/11635
f 3019/11633 3016/11635 3017/11636
f 3018/11637 3017/11638 3015/11639
f 3018/11637 3015/11639 3072/11640
f 3020/11641 3019/11642 3017/11643
f 3020/11641 3017/11643 3018/11644
f 3022/11645 477/11646 3019/11647
f 3022/11645 3019/11647 3020/11648
f 3021/11649 3020/11650 3018/11651
f 3021/11649 3018/11651 3071/11652
f 3023/11653 3022/11654 3020/11655
f 3023/11653 3020/11655 3021/11656
f 3024/11657 473/11658 3022/11659
f 3024/11657 3022/11659 3023/11660
f 3025/11661 3027/11662 3024/11663
f 3025/11661 3024/11663 3023/11664
f 3025/11665 3023/11666 3021/11667
f 3025/11665 3021/11667 3028/11668
f 3026/11669 3025/11670 3028/11671
f 3026/11669 3028/11671 3029/11672
f 3030/11673 3027/11674 3025/11675
f 3030/11673 3025/11675 3026/11676
f 3028/11677 3021/11678 3071/11679
f 3028/11677 3071/11679 327/11680
f 3029/11681 3028/11682 327/11683
f 3029/11681 327/11683 329/11684
f 3034/11685 3026/11686 3029/11687
f 3034/11685 3029/11687 333/11688
f 468/11689 3024/11690 3027/11691
f 468/11689 3027/11691 466/11692
f 466/11693 3027/11694 3030/11695
f 466/11693 3030/11695 3031/11696
f 3031/11697 3030/11698 3032/11699
f 3031/11697 3032/11699 3033/11700
f 3032/11701 3030/11702 3026/11703
f 3032/11701 3026/11703 3034/11704
f 3033/11705 3032/11706 3035/11707
f 3033/11705 3035/11707 3036/11708
f 3037/11709 3035/11710 3032/11711
f 3037/11709 3032/11711 3034/11712
f 3036/11713 3035/11714 3038/11715
f 3036/11713 3038/11715 3040/11716
f 3038/11717 3035/11718 3037/11719
f 3038/11717 3037/11719 3041/11720
f 3040/11721 3038/11722 3039/11723
f 3040/11721 3039/11723 3043/11724
f 3039/11725 3038/11726 3041/11727
f 3039/11725 3041/11727 342/11728
f 3041/11729 3037/11730 335/11731
f 3041/11729 335/11731 337/11732
f 3066/11733 3036/11734 3040/11735
f 3066/11733 3040/11735 3042/11736
f 3042/11737 3040/11738 3043/11739
f 3042/11737 3043/11739 3045/11740
f 3043/11741 3039/11742 3070/11743
f 3043/11741 3070/11743 3044/11744
f 3045/11745 3043/11746 3044/11747
f 3045/11745 3044/11747 3047/11748
f 3054/11749 3042/11750 3045/11751
f 3054/11749 3045/11751 3046/11752
f 3046/11753 3045/11754 3047/11755
f 3046/11753 3047/11755 3048/11756
f 3048/11757 3047/11758 3049/11759
f 3048/11757 3049/11759 364/11760
f 3047/11761 3044/11762 3050/11763
f 3047/11761 3050/11763 3049/11764
f 3049/11765 3050/11766 351/11767
f 3049/11765 351/11767 358/11768
f 3044/11769 3070/11770 352/11771
f 3044/11769 352/11771 3050/11772
f 3048/11773 3051/11774 3052/11775
f 3048/11773 3052/11775 3046/11776
f 364/11777 366/11778 3051/11779
f 364/11777 3051/11779 3048/11780
f 3051/11781 377/11782 380/11783
f 3051/11781 380/11783 3052/11784
f 366/11785 368/11786 377/11787
f 366/11785 377/11787 3051/11788
f 3052/11789 380/11790 3056/11791
f 3052/11789 3056/11791 3053/11792
f 3046/11793 3052/11794 3053/11795
f 3046/11793 3053/11795 3054/11796
f 3054/11797 3053/11798 3055/11799
f 3054/11797 3055/11799 3064/11800
f 3053/11801 3056/11802 3057/11803
f 3053/11801 3057/11803 3055/11804
f 3056/11805 379/11806 3058/11807
f 3056/11805 3058/11807 3057/11808
f 3057/11809 3058/11810 3060/11811
f 3057/11809 3060/11811 3059/11812
f 3055/11813 3057/11814 3059/11815
f 3055/11813 3059/11815 3062/11816
f 3059/11817 3060/11818 3067/11819
f 3059/11817 3067/11819 3061/11820
f 3062/11821 3059/11822 3061/11823
f 3062/11821 3061/11823 461/11824
f 3063/11825 3062/11826 461/11827
f 3063/11825 461/11827 463/11828
f 3064/11829 3055/11830 3062/11831
f 3064/11829 3062/11831 3063/11832
f 3063/11833 3065/11834 3066/11835
f 3063/11833 3066/11835 3064/11836
f 463/11837 465/11838 3065/11839
f 463/11837 3065/11839 3063/11840
f 465/11841 3031/11842 3033/11843
f 465/11841 3033/11843 3065/11844
f 3065/11845 3033/11846 3036/11847
f 3065/11845 3036/11847 3066/11848
f 3064/11849 3066/11850 3042/11851
f 3064/11849 3042/11851 3054/11852
f 3061/11853 3067/11854 3068/11855
f 3061/11853 3068/11855 457/11856
f 3060/11857 394/11858 396/11859
f 3060/11857 396/11859 3067/11860
f 3067/11861 396/11862 398/11863
f 3067/11861 398/11863 3068/11864
f 3068/11865 398/11866 402/11867
f 3068/11865 402/11867 453/11868
f 3058/11869 3069/11870 394/11871
f 3058/11869 394/11871 3060/11872
f 379/11873 382/11874 3069/11875
f 379/11873 3069/11875 3058/11876
f 390/11877 3069/11878 382/11879
f 390/11877 382/11879 385/11880
f 3070/11881 3039/11882 342/11883
f 3070/11881 342/11883 344/11884
f 346/11885 352/11886 3070/11887
f 346/11885 3070/11887 344/11888
f 3037/11889 3034/11890 333/11891
f 3037/11889 333/11891 335/11892
f 3071/11893 3018/11894 3072/11895
f 3071/11893 3072/11895 326/11896
f 3013/11897 3073/11898 3072/11899
f 3013/11897 3072/11899 3015/11900
f 3073/11901 324/11902 326/11903
f 3073/11901 326/11903 3072/11904
f 3011/11905 3074/11906 3073/11907
f 3011/11905 3073/11907 3013/11908
f 3074/11909 321/11910 324/11911
f 3074/11909 324/11911 3073/11912
f 3075/11913 3076/11914 321/11915
f 3075/11913 321/11915 3074/11916
f 3009/11917 3075/11918 3074/11919
f 3009/11917 3074/11919 3011/11920
f 3077/11921 3079/11922 3076/11923
f 3077/11921 3076/11923 3075/11924
f 3080/11925 3077/11926 3075/11927
f 3080/11925 3075/11927 3009/11928
f 3080/11929 3006/11930 3078/11931
f 3080/11929 3078/11931 3077/11932
f 3077/11933 3078/11934 305/11935
f 3077/11933 305/11935 3079/11936
f 3081/11937 3079/11938 305/11939
f 3081/11937 305/11939 307/11940
f 3079/11941 3081/11942 322/11943
f 3079/11941 322/11943 3076/11944
f 3081/11945 3082/11946 315/11947
f 3081/11945 315/11947 322/11948
f 3082/11949 3081/11950 307/11951
f 3082/11949 307/11951 311/11952
f 2977/11953 2972/11954 303/11955
f 2977/11953 303/11955 3002/11956
f 3083/11957 2980/11958 544/11959
f 3083/11957 544/11959 546/11960
f 558/11961 2975/11962 3083/11963
f 558/11961 3083/11963 551/11964
f 531/11965 529/11966 548/11967
f 531/11965 548/11967 542/11968
f 501/11969 3085/11970 3084/11971
f 501/11969 3084/11971 503/11972
f 3085/11973 443/11974 436/11975
f 3085/11973 436/11975 3084/11976
f 3086/11977 3087/11978 443/11979
f 3086/11977 443/11979 3085/11980
f 3088/11981 3086/11982 3085/11983
f 3088/11981 3085/11983 501/11984
f 3089/11985 3092/11986 3087/11987
f 3089/11985 3087/11987 3086/11988
f 3090/11989 3089/11990 3086/11991
f 3090/11989 3086/11991 3088/11992
f 3093/11993 3091/11994 3089/11995
f 3093/11993 3089/11995 3090/11996
f 3091/11997 451/11998 3092/11999
f 3091/11997 3092/11999 3089/12000
f 3092/12001 447/12002 442/12003
f 3092/12001 442/12003 3087/12004
f 470/12005 455/12006 3091/12007
f 470/12005 3091/12007 3093/12008
f 3090/12009 3094/12010 471/12011
f 3090/12009 471/12011 3093/12012
f 3088/12013 500/12014 3094/12015
f 3088/12013 3094/12015 3090/12016
f 500/12017 498/12018 475/12019
f 500/12017 475/12019 3094/12020
f 416/12021 438/12022 440/12023
f 416/12021 440/12023 414/12024
f 418/12025 424/12026 438/12027
f 418/12025 438/12027 416/12028
f 313/12029 281/12030 279/12031
f 313/12029 279/12031 3095/12032
f 210/12033 173/12034 176/12035
f 210/12033 176/12035 208/12036
f 208/12037 176/12038 178/12039
f 208/12037 178/12039 206/12040
f 206/12041 178/12042 195/12043
f 206/12041 195/12043 204/12044
f 126/12045 124/12046 3097/12047
f 126/12045 3097/12047 3096/12048
f 3096/12049 3097/12050 3098/12051
f 3096/12049 3098/12051 47/12052
f 3097/12053 114/12054 3100/12055
f 3097/12053 3100/12055 3098/12056
f 124/12057 116/12058 114/12059
f 124/12057 114/12059 3097/12060
f 3099/12061 49/12062 47/12063
f 3099/12061 47/12063 3098/12064
f 3101/12065 3099/12066 3098/12067
f 3101/12065 3098/12067 3100/12068
f 3100/12069 109/12070 3102/12071
f 3100/12069 3102/12071 3101/12072
f 3104/12073 3103/12074 3101/12075
f 3104/12073 3101/12075 3102/12076
f 3103/12077 53/12078 3099/12079
f 3103/12077 3099/12079 3101/12080
f 3106/12081 62/12082 3103/12083
f 3106/12081 3103/12083 3104/12084
f 62/12085 55/12086 53/12087
f 62/12085 53/12087 3103/12088
f 3107/12089 3106/12090 3104/12091
f 3107/12089 3104/12091 3105/12092
f 3105/12093 3104/12094 3102/12095
f 3105/12093 3102/12095 110/12096
f 3106/12097 3107/12098 3109/12099
f 3106/12097 3109/12099 63/12100
f 3107/12101 3108/12102 90/12103
f 3107/12101 90/12103 3109/12104
f 3108/12105 3107/12106 3105/12107
f 3108/12105 3105/12107 100/12108
f 3109/12109 90/12110 84/12111
f 3109/12109 84/12111 67/12112
f 100/12113 3105/12114 110/12115
f 100/12113 110/12115 102/12116
f 88/12117 3110/12118 3111/12119
f 88/12117 3111/12119 86/12120
f 3110/12121 80/12122 82/12123
f 3110/12121 82/12123 3111/12124
f 4102/12701 3306/12702 3304/12703
f 4102/12701 3304/12703 3305/12704
f 3308/12705 3307/12706 3304/12707
f 3308/12705 3304/12707 3306/12708
f 3309/12709 3307/12710 3308/12711
f 3309/12709 3308/12711 3310/12712
f 3311/12713 3309/12714 3310/12715
f 3311/12713 3310/12715 3312/12716
f 3313/12717 3311/12718 3312/12719
f 3313/12717 3312/12719 3314/12720
f 3315/12721 3313/12722 3314/12723
f 3315/12721 3314/12723 3316/12724
f 3317/12725 3315/12726 3316/12727
f 3317/12725 3316/12727 3319/12728
f 3318/12729 3317/12730 3319/12731
f 3318/12729 3319/12731 3321/12732
f 3319/12733 3316/12734 4063/12735
f 3319/12733 4063/12735 3320/12736
f 3322/12737 3321/12738 3319/12739
f 3322/12737 3319/12739 3320/12740
f 3323/12741 3321/12742 3322/12743
f 3323/12741 3322/12743 3325/12744
f 3324/12745 3318/12746 3321/12747
f 3324/12745 3321/12747 3323/12748
f 3328/12749 3324/12750 3323/12751
f 3328/12749 3323/12751 3326/12752
f 3325/12753 3329/12754 3326/12755
f 3325/12753 3326/12755 3323/12756
f 3329/12757 3331/12758 3327/12759
f 3329/12757 3327/12759 3326/12760
f 3340/12761 3328/12762 3326/12763
f 3340/12761 3326/12763 3327/12764
f 4052/12765 3330/12766 3329/12767
f 4052/12765 3329/12767 3325/12768
f 3330/12769 3332/12770 3331/12771
f 3330/12769 3331/12771 3329/12772
f 3333/12773 3336/12774 3327/12775
f 3333/12773 3327/12775 3331/12776
f 3333/12777 3331/12778 3332/12779
f 3333/12777 3332/12779 3334/12780
f 3335/12781 3333/12782 3334/12783
f 3335/12781 3334/12783 4018/12784
f 3337/12785 3336/12786 3333/12787
f 3337/12785 3333/12787 3335/12788
f 3339/12789 3338/12790 3336/12791
f 3339/12789 3336/12791 3337/12792
f 3338/12793 3340/12794 3327/12795
f 3338/12793 3327/12795 3336/12796
f 3341/12797 3339/12798 3337/12799
f 3341/12797 3337/12799 3343/12800
f 3342/12801 3341/12802 3343/12803
f 3342/12801 3343/12803 3345/12804
f 3344/12805 3343/12806 3337/12807
f 3344/12805 3337/12807 3335/12808
f 3345/12809 3343/12810 3344/12811
f 3345/12809 3344/12811 3346/12812
f 3348/12813 3347/12814 3345/12815
f 3348/12813 3345/12815 3346/12816
f 3350/12817 3342/12818 3345/12819
f 3350/12817 3345/12819 3347/12820
f 3349/12821 3347/12822 3348/12823
f 3349/12821 3348/12823 3987/12824
f 3351/12825 3350/12826 3347/12827
f 3351/12825 3347/12827 3349/12828
f 3352/12829 3351/12830 3349/12831
f 3352/12829 3349/12831 3353/12832
f 3354/12833 3352/12834 3353/12835
f 3354/12833 3353/12835 3355/12836
f 3356/12837 3354/12838 3355/12839
f 3356/12837 3355/12839 3357/12840
f 3358/12841 3356/12842 3357/12843
f 3358/12841 3357/12843 3359/12844
f 3360/12845 3358/12846 3359/12847
f 3360/12845 3359/12847 3361/12848
f 3362/12849 3360/12850 3361/12851
f 3362/12849 3361/12851 3363/12852
f 3364/12853 3362/12854 3363/12855
f 3364/12853 3363/12855 3365/12856
f 3366/12857 3364/12858 3365/12859
f 3366/12857 3365/12859 3367/12860
f 3368/12861 3366/12862 3367/12863
f 3368/12861 3367/12863 3370/12864
f 3369/12865 3368/12866 3370/12867
f 3369/12865 3370/12867 3372/12868
f 3820/12869 3371/12870 3370/12871
f 3820/12869 3370/12871 3367/12872
f 3371/12873 3374/12874 3372/12875
f 3371/12873 3372/12875 3370/12876
f 4180/12877 3369/12878 3372/12879
f 4180/12877 3372/12879 3373/12880
f 3376/12881 3373/12882 3372/12883
f 3376/12881 3372/12883 3374/12884
f 3808/12885 3375/12886 3374/12887
f 3808/12885 3374/12887 3371/12888
f 3376/12889 3374/12890 3375/12891
f 3376/12889 3375/12891 3378/12892
f 4178/12893 3373/12894 3376/12895
f 4178/12893 3376/12895 3377/12896
f 3377/12897 3376/12898 3378/12899
f 3377/12897 3378/12899 3380/12900
f 3375/12901 3786/12902 3379/12903
f 3375/12901 3379/12903 3378/12904
f 3378/12905 3379/12906 3382/12907
f 3378/12905 3382/12907 3380/12908
f 4177/12909 3377/12910 3380/12911
f 4177/12909 3380/12911 3381/12912
f 3383/12913 3384/12914 3381/12915
f 3383/12913 3381/12915 3380/12916
f 3386/12917 3383/12918 3380/12919
f 3386/12917 3380/12919 3382/12920
f 3385/12921 4183/12922 3384/12923
f 3385/12921 3384/12923 3383/12924
f 3388/12925 3385/12926 3383/12927
f 3388/12925 3383/12927 3386/12928
f 3389/12929 3388/12930 3386/12931
f 3389/12929 3386/12931 3387/12932
f 3387/12933 3386/12934 3382/12935
f 3387/12933 3382/12935 3783/12936
f 4183/12937 3385/12938 3388/12939
f 4183/12937 3388/12939 3389/12940
f 4183/12937 3389/12940 3390/12941
f 4183/12937 3390/12941 3391/12942
f 4183/12937 3391/12942 4182/12943
f 4183/12937 4182/12943 4181/12944
f 3390/12945 3389/12946 3387/12947
f 3390/12945 3387/12947 3392/12948
f 3391/12949 3390/12950 3392/12951
f 3391/12949 3392/12951 3394/12952
f 3392/12953 3387/12954 3783/12955
f 3392/12953 3783/12955 3393/12956
f 3394/12957 3392/12958 3393/12959
f 3394/12957 3393/12959 3396/12960
f 4182/12961 3391/12962 3394/12963
f 4182/12961 3394/12963 3395/12964
f 3395/12965 3394/12966 3396/12967
f 3395/12965 3396/12967 3399/12968
f 3393/12969 3780/12970 3397/12971
f 3393/12969 3397/12971 3396/12972
f 3396/12973 3397/12974 3823/12975
f 3396/12973 3823/12975 3398/12976
f 3399/12977 3396/12978 3398/12979
f 3399/12977 3398/12979 3400/12980
f 3401/12981 3399/12982 3400/12983
f 3401/12981 3400/12983 3404/12984
f 3402/12985 3395/12986 3399/12987
f 3402/12985 3399/12987 3401/12988
f 3384/12989 3402/12990 3401/12991
f 3384/12989 3401/12991 3381/12992
f 3403/12993 4177/12994 3381/12995
f 3403/12993 3381/12995 3401/12996
f 3405/12997 3403/12998 3401/12999
f 3405/12997 3401/12999 3404/13000
f 3410/13001 3405/13002 3404/13003
f 3410/13001 3404/13003 3406/13004
f 3404/13005 3400/13006 3407/13007
f 3404/13005 3407/13007 3406/13008
f 3829/13009 3408/13010 3406/13011
f 3829/13009 3406/13011 3407/13012
f 3408/13013 3837/13014 3409/13015
f 3408/13013 3409/13015 3406/13016
f 3406/13017 3409/13018 3412/13019
f 3406/13017 3412/13019 3410/13020
f 3411/13021 4172/13022 3405/13023
f 3411/13021 3405/13023 3410/13024
f 3410/13025 3412/13026 3414/13027
f 3410/13025 3414/13027 3411/13028
f 3409/13029 3840/13030 3413/13031
f 3409/13029 3413/13031 3412/13032
f 3412/13033 3413/13034 3416/13035
f 3412/13033 3416/13035 3414/13036
f 3415/13037 4170/13038 3411/13039
f 3415/13037 3411/13039 3414/13040
f 3418/13041 3415/13042 3414/13043
f 3418/13041 3414/13043 3416/13044
f 3979/13045 3417/13046 3416/13047
f 3979/13045 3416/13047 3413/13048
f 3419/13049 3418/13050 3416/13051
f 3419/13049 3416/13051 3417/13052
f 3420/13053 3419/13054 3417/13055
f 3420/13053 3417/13055 3421/13056
f 3422/13057 3420/13058 3421/13059
f 3422/13057 3421/13059 3424/13060
f 3423/13061 3422/13062 3424/13063
f 3423/13061 3424/13063 3426/13064
f 3426/13065 3424/13066 3425/13067
f 3426/13065 3425/13067 3427/13068
f 3425/13069 3424/13070 3421/13071
f 3425/13069 3421/13071 3978/13072
f 3429/13073 3428/13074 3426/13075
f 3429/13073 3426/13075 3427/13076
f 3431/13077 3423/13078 3426/13079
f 3431/13077 3426/13079 3428/13080
f 3430/13081 3428/13082 3429/13083
f 3430/13081 3429/13083 3893/13084
f 3432/13085 3431/13086 3428/13087
f 3432/13085 3428/13087 3430/13088
f 3432/13089 3430/13090 3434/13091
f 3432/13089 3434/13091 3433/13092
f 3434/13093 3436/13094 3435/13095
f 3434/13093 3435/13095 3433/13096
f 3436/13097 3438/13098 3437/13099
f 3436/13097 3437/13099 3435/13100
f 3438/13101 3440/13102 3439/13103
f 3438/13101 3439/13103 3437/13104
f 3440/13105 3442/13106 3441/13107
f 3440/13105 3441/13107 3439/13108
f 3442/13109 3445/13110 3443/13111
f 3442/13109 3443/13111 3441/13112
f 3445/13113 3446/13114 3444/13115
f 3445/13113 3444/13115 3443/13116
f 3450/13117 3446/13118 3445/13119
f 3450/13117 3445/13119 3447/13120
f 3445/13121 3442/13122 3448/13123
f 3445/13121 3448/13123 3447/13124
f 3953/13125 3449/13126 3447/13127
f 3953/13125 3447/13127 3448/13128
f 3450/13129 3447/13130 3449/13131
f 3450/13129 3449/13131 3451/13132
f 3455/13133 3446/13134 3450/13135
f 3455/13133 3450/13135 3452/13136
f 3452/13137 3450/13138 3451/13139
f 3452/13137 3451/13139 3453/13140
f 3453/13141 3553/13142 3454/13143
f 3453/13141 3454/13143 3452/13144
f 3452/13145 3454/13146 3456/13147
f 3452/13145 3456/13147 3455/13148
f 3455/13149 3456/13150 3458/13151
f 3455/13149 3458/13151 3457/13152
f 3446/13153 3455/13154 3457/13155
f 3446/13153 3457/13155 3444/13156
f 3458/13157 3456/13158 3461/13159
f 3458/13157 3461/13159 3459/13160
f 3461/13161 3463/13162 3460/13163
f 3461/13161 3460/13163 3459/13164
f 3462/13165 3465/13166 3463/13167
f 3462/13165 3463/13167 3461/13168
f 3454/13169 3462/13170 3461/13171
f 3454/13169 3461/13171 3456/13172
f 3463/13173 3464/13174 4163/13175
f 3463/13173 4163/13175 3460/13176
f 3465/13177 3467/13178 3464/13179
f 3465/13177 3464/13179 3463/13180
f 3536/13181 3466/13182 3465/13183
f 3536/13181 3465/13183 3462/13184
f 3466/13185 3469/13186 3467/13187
f 3466/13185 3467/13187 3465/13188
f 3467/13189 3468/13190 4162/13191
f 3467/13189 4162/13191 3464/13192
f 3469/13193 3470/13194 3468/13195
f 3469/13193 3468/13195 3467/13196
f 3472/13197 3475/13198 3470/13199
f 3472/13197 3470/13199 3469/13200
f 3466/13201 3534/13202 3471/13203
f 3466/13201 3471/13203 3469/13204
f 3473/13205 3472/13206 3469/13207
f 3473/13205 3469/13207 3471/13208
f 3530/13209 3474/13210 3472/13211
f 3530/13209 3472/13211 3473/13212
f 3474/13213 3477/13214 3475/13215
f 3474/13213 3475/13215 3472/13216
f 3475/13217 3476/13218 3486/13219
f 3475/13217 3486/13219 3470/13220
f 3477/13221 3478/13222 3476/13223
f 3477/13221 3476/13223 3475/13224
f 3479/13225 3478/13226 3477/13227
f 3479/13225 3477/13227 3474/13228
f 3479/13225 3474/13228 3530/13229
f 3479/13225 3530/13229 3529/13230
f 3479/13225 3529/13230 3528/13231
f 3479/13225 3528/13231 3480/13232
f 3478/13233 3479/13234 3481/13235
f 3478/13233 3481/13235 3476/13236
f 3479/13237 3480/13238 3482/13239
f 3479/13237 3482/13239 3481/13240
f 3481/13241 3482/13242 3484/13243
f 3481/13241 3484/13243 3483/13244
f 3476/13245 3481/13246 3483/13247
f 3476/13245 3483/13247 3486/13248
f 3483/13249 3484/13250 3512/13251
f 3483/13249 3512/13251 3485/13252
f 3486/13253 3483/13254 3485/13255
f 3486/13253 3485/13255 3488/13256
f 3470/13257 3486/13258 3487/13259
f 3470/13257 3487/13259 3468/13260
f 3490/13261 3487/13262 3486/13263
f 3490/13261 3486/13263 3488/13264
f 3492/13265 3490/13266 3488/13267
f 3492/13265 3488/13267 3489/13268
f 3488/13269 3485/13270 3508/13271
f 3488/13269 3508/13271 3489/13272
f 3492/13273 3493/13274 3491/13275
f 3492/13273 3491/13275 3490/13276
f 3490/13277 3491/13278 4161/13279
f 3490/13277 4161/13279 3487/13280
f 3492/13281 3494/13282 3496/13283
f 3492/13281 3496/13283 3493/13284
f 3489/13285 3497/13286 3494/13287
f 3489/13285 3494/13287 3492/13288
f 3497/13289 3498/13290 3495/13291
f 3497/13289 3495/13291 3494/13292
f 3494/13293 3495/13294 4154/13295
f 3494/13293 4154/13295 3496/13296
f 3499/13297 3500/13298 3498/13299
f 3499/13297 3498/13299 3497/13300
f 3501/13301 3499/13302 3497/13303
f 3501/13301 3497/13303 3489/13304
f 3502/13305 3503/13306 3500/13307
f 3502/13305 3500/13307 3499/13308
f 3504/13309 3502/13310 3499/13311
f 3504/13309 3499/13311 3501/13312
f 3502/13313 3504/13314 3505/13315
f 3502/13313 3505/13315 3506/13316
f 3502/13313 3506/13316 4153/13317
f 3502/13313 4153/13317 4152/13318
f 3502/13313 4152/13318 4151/13319
f 3502/13313 4151/13319 3503/13320
f 3505/13321 3504/13322 3501/13323
f 3505/13321 3501/13323 3507/13324
f 3506/13325 3505/13326 3507/13327
f 3506/13325 3507/13327 3509/13328
f 3507/13329 3501/13330 3489/13331
f 3507/13329 3489/13331 3508/13332
f 3509/13333 3507/13334 3508/13335
f 3509/13333 3508/13335 3511/13336
f 4153/13337 3506/13338 3509/13339
f 4153/13337 3509/13339 3510/13340
f 3510/13341 3509/13342 3511/13343
f 3510/13341 3511/13343 3513/13344
f 3485/13345 3512/13346 3511/13347
f 3485/13345 3511/13347 3508/13348
f 3512/13349 3517/13350 3514/13351
f 3512/13349 3514/13351 3511/13352
f 3511/13353 3514/13354 3515/13355
f 3511/13353 3515/13355 3513/13356
f 3516/13357 3600/13358 3515/13359
f 3516/13357 3515/13359 3514/13360
f 3518/13361 3516/13362 3514/13363
f 3518/13361 3514/13363 3517/13364
f 3520/13365 3518/13366 3517/13367
f 3520/13365 3517/13367 3519/13368
f 3484/13369 3519/13370 3517/13371
f 3484/13369 3517/13371 3512/13372
f 3522/13373 3520/13374 3519/13375
f 3522/13373 3519/13375 3521/13376
f 3524/13377 3521/13378 3519/13379
f 3524/13377 3519/13379 3484/13380
f 3523/13381 3587/13382 3522/13383
f 3523/13381 3522/13383 3521/13384
f 3525/13385 3523/13386 3521/13387
f 3525/13385 3521/13387 3524/13388
f 3482/13389 3526/13390 3524/13391
f 3482/13389 3524/13391 3484/13392
f 3526/13393 3527/13394 3525/13395
f 3526/13393 3525/13395 3524/13396
f 3528/13397 3529/13398 3527/13399
f 3528/13397 3527/13399 3526/13400
f 3480/13401 3528/13402 3526/13403
f 3480/13401 3526/13403 3482/13404
f 3529/13405 3530/13406 3473/13407
f 3529/13405 3473/13407 3527/13408
f 3527/13409 3473/13410 3471/13411
f 3527/13409 3471/13411 3525/13412
f 3534/13413 3531/13414 3525/13415
f 3534/13413 3525/13415 3471/13416
f 3531/13417 3532/13418 3523/13419
f 3531/13417 3523/13419 3525/13420
f 3533/13421 3561/13422 3532/13423
f 3533/13421 3532/13423 3531/13424
f 3535/13425 3533/13426 3531/13427
f 3535/13425 3531/13427 3534/13428
f 3536/13429 3535/13430 3534/13431
f 3536/13429 3534/13431 3466/13432
f 3537/13433 3540/13434 3533/13435
f 3537/13433 3533/13435 3535/13436
f 3538/13437 3537/13438 3535/13439
f 3538/13437 3535/13439 3536/13440
f 3554/13441 3539/13442 3537/13443
f 3554/13441 3537/13443 3538/13444
f 3539/13445 3542/13446 3540/13447
f 3539/13445 3540/13447 3537/13448
f 3540/13449 3541/13450 3559/13451
f 3540/13449 3559/13451 3533/13452
f 3542/13453 3543/13454 3541/13455
f 3542/13453 3541/13455 3540/13456
f 3552/13457 3547/13458 3546/13459
f 3552/13457 3546/13459 3544/13460
f 3552/13457 3544/13460 3543/13461
f 3552/13457 3543/13461 3542/13462
f 3552/13457 3542/13462 3539/13463
f 3552/13457 3539/13463 3554/13464
f 3543/13465 3544/13466 3545/13467
f 3543/13465 3545/13467 3541/13468
f 3544/13469 3546/13470 3548/13471
f 3544/13469 3548/13471 3545/13472
f 3546/13473 3547/13474 3550/13475
f 3546/13473 3550/13475 3548/13476
f 3545/13477 3548/13478 3549/13479
f 3545/13477 3549/13479 3556/13480
f 3548/13481 3550/13482 3453/13483
f 3548/13481 3453/13483 3549/13484
f 3547/13485 3552/13486 3551/13487
f 3547/13485 3551/13487 3550/13488
f 3550/13489 3551/13490 3553/13491
f 3550/13489 3553/13491 3453/13492
f 3552/13493 3554/13494 3538/13495
f 3552/13493 3538/13495 3551/13496
f 3551/13497 3538/13498 3536/13499
f 3551/13497 3536/13499 3553/13500
f 3553/13501 3536/13502 3462/13503
f 3553/13501 3462/13503 3454/13504
f 3555/13505 3558/13506 3556/13507
f 3555/13505 3556/13507 3549/13508
f 3451/13509 3555/13510 3549/13511
f 3451/13509 3549/13511 3453/13512
f 3556/13513 3557/13514 3560/13515
f 3556/13513 3560/13515 3559/13516
f 3558/13517 3569/13518 3557/13519
f 3558/13517 3557/13519 3556/13520
f 3541/13521 3545/13522 3556/13523
f 3541/13521 3556/13523 3559/13524
f 3559/13525 3560/13526 3561/13527
f 3559/13525 3561/13527 3533/13528
f 3562/13529 3563/13530 3561/13531
f 3562/13529 3561/13531 3560/13532
f 3565/13533 3562/13534 3560/13535
f 3565/13533 3560/13535 3557/13536
f 3564/13537 3582/13538 3563/13539
f 3564/13537 3563/13539 3562/13540
f 3566/13541 3564/13542 3562/13543
f 3566/13541 3562/13543 3565/13544
f 3568/13545 3566/13546 3565/13547
f 3568/13545 3565/13547 3567/13548
f 3567/13549 3565/13550 3557/13551
f 3567/13549 3557/13551 3569/13552
f 3573/13553 3568/13554 3567/13555
f 3573/13553 3567/13555 3570/13556
f 3570/13557 3567/13558 3569/13559
f 3570/13557 3569/13559 3571/13560
f 3572/13561 3570/13562 3571/13563
f 3572/13561 3571/13563 3918/13564
f 3574/13565 3573/13566 3570/13567
f 3574/13565 3570/13567 3572/13568
f 3576/13569 3575/13570 3573/13571
f 3576/13569 3573/13571 3574/13572
f 3575/13573 3577/13574 3568/13575
f 3575/13573 3568/13575 3573/13576
f 3577/13577 3578/13578 3566/13579
f 3577/13577 3566/13579 3568/13580
f 3578/13581 3579/13582 3564/13583
f 3578/13581 3564/13583 3566/13584
f 3579/13585 3580/13586 3582/13587
f 3579/13585 3582/13587 3564/13588
f 3580/13589 3581/13590 3583/13591
f 3580/13589 3583/13591 3582/13592
f 3582/13593 3583/13594 3584/13595
f 3582/13593 3584/13595 3563/13596
f 3583/13597 3585/13598 3587/13599
f 3583/13597 3587/13599 3584/13600
f 3581/13601 3586/13602 3585/13603
f 3581/13601 3585/13603 3583/13604
f 3586/13605 3589/13606 3588/13607
f 3586/13605 3588/13607 3585/13608
f 3585/13609 3588/13610 3522/13611
f 3585/13609 3522/13611 3587/13612
f 3589/13613 3592/13614 3590/13615
f 3589/13613 3590/13615 3588/13616
f 3522/13617 3588/13618 3590/13619
f 3522/13617 3590/13619 3520/13620
f 3590/13621 3591/13622 3518/13623
f 3590/13621 3518/13623 3520/13624
f 3592/13625 3593/13626 3591/13627
f 3592/13625 3591/13627 3590/13628
f 3593/13629 3594/13630 3595/13631
f 3593/13629 3595/13631 3591/13632
f 3594/13633 3596/13634 3598/13635
f 3594/13633 3598/13635 3595/13636
f 3596/13637 3597/13638 3599/13639
f 3596/13637 3599/13639 3598/13640
f 3598/13641 3599/13642 3601/13643
f 3598/13641 3601/13643 3600/13644
f 3595/13645 3598/13646 3600/13647
f 3595/13645 3600/13647 3516/13648
f 3515/13649 3600/13650 3601/13651
f 3515/13649 3601/13651 3602/13652
f 3601/13653 3603/13654 3605/13655
f 3601/13653 3605/13655 3602/13656
f 3599/13657 3604/13658 3603/13659
f 3599/13657 3603/13659 3601/13660
f 3604/13661 3609/13662 3606/13663
f 3604/13661 3606/13663 3603/13664
f 3603/13665 3606/13666 3607/13667
f 3603/13665 3607/13667 3605/13668
f 3606/13669 3608/13670 4145/13671
f 3606/13669 4145/13671 3607/13672
f 3609/13673 3610/13674 3608/13675
f 3609/13673 3608/13675 3606/13676
f 3611/13677 3612/13678 3610/13679
f 3611/13677 3610/13679 3609/13680
f 3613/13681 3611/13682 3609/13683
f 3613/13681 3609/13683 3604/13684
f 3597/13685 3613/13686 3604/13687
f 3597/13685 3604/13687 3599/13688
f 3612/13689 3614/13690 3615/13691
f 3612/13689 3615/13691 3610/13692
f 3614/13693 3616/13694 3617/13695
f 3614/13693 3617/13695 3615/13696
f 3616/13697 3618/13698 3619/13699
f 3616/13697 3619/13699 3617/13700
f 3622/13701 3619/13702 3618/13703
f 3622/13701 3618/13703 3620/13704
f 3623/13705 3622/13706 3620/13707
f 3623/13705 3620/13707 3621/13708
f 3623/13709 3625/13710 3624/13711
f 3623/13709 3624/13711 3622/13712
f 3624/13713 3626/13714 3619/13715
f 3624/13713 3619/13715 3622/13716
f 3624/13717 3625/13718 3628/13719
f 3624/13717 3628/13719 3627/13720
f 3626/13721 3624/13722 3627/13723
f 3626/13721 3627/13723 3629/13724
f 3630/13725 3627/13726 3628/13727
f 3630/13725 3628/13727 3633/13728
f 3631/13729 3629/13730 3627/13731
f 3631/13729 3627/13731 3630/13732
f 3632/13733 4094/13734 3631/13735
f 3632/13733 3631/13735 3630/13736
f 3635/13737 3632/13738 3630/13739
f 3635/13737 3630/13739 3633/13740
f 3634/13741 3633/13742 3636/13743
f 3634/13741 3636/13743 3638/13744
f 4085/13745 3635/13746 3633/13747
f 4085/13745 3633/13747 3634/13748
f 3633/13749 3628/13750 3637/13751
f 3633/13749 3637/13751 3636/13752
f 3636/13753 3637/13754 3640/13755
f 3636/13753 3640/13755 3639/13756
f 3638/13757 3636/13758 3639/13759
f 3638/13757 3639/13759 3641/13760
f 3639/13761 3640/13762 3645/13763
f 3639/13761 3645/13763 3643/13764
f 3642/13765 4076/13766 3641/13767
f 3642/13765 3641/13767 3639/13768
f 3644/13769 3642/13770 3639/13771
f 3644/13769 3639/13771 3643/13772
f 3649/13773 3644/13774 3643/13775
f 3649/13773 3643/13775 3646/13776
f 3643/13777 3645/13778 3650/13779
f 3643/13777 3650/13779 3646/13780
f 4072/13781 3649/13782 3646/13783
f 4072/13781 3646/13783 3647/13784
f 3647/13785 3646/13786 3648/13787
f 3647/13785 3648/13787 4056/13788
f 3646/13789 3650/13790 3652/13791
f 3646/13789 3652/13791 3648/13792
f 3664/13793 3651/13794 3650/13795
f 3664/13793 3650/13795 3645/13796
f 3651/13797 3654/13798 3652/13799
f 3651/13797 3652/13799 3650/13800
f 3648/13801 3652/13802 3653/13803
f 3648/13801 3653/13803 4055/13804
f 3654/13805 3655/13806 3653/13807
f 3654/13805 3653/13807 3652/13808
f 3655/13809 3654/13810 3656/13811
f 3655/13809 3656/13811 3657/13812
f 3654/13813 3651/13814 3659/13815
f 3654/13813 3659/13815 3656/13816
f 3657/13817 3656/13818 3658/13819
f 3657/13817 3658/13819 3670/13820
f 3656/13821 3659/13822 3660/13823
f 3656/13821 3660/13823 3658/13824
f 3659/13825 3661/13826 3662/13827
f 3659/13825 3662/13827 3660/13828
f 3659/13829 3651/13830 3664/13831
f 3659/13829 3664/13831 3661/13832
f 3661/13833 3663/13834 3669/13835
f 3661/13833 3669/13835 3662/13836
f 3664/13837 3665/13838 3663/13839
f 3664/13837 3663/13839 3661/13840
f 3665/13841 3664/13842 3645/13843
f 3665/13841 3645/13843 3640/13844
f 3666/13845 3665/13846 3640/13847
f 3666/13845 3640/13847 3637/13848
f 3665/13849 3666/13850 3667/13851
f 3665/13849 3667/13851 3663/13852
f 3628/13853 3625/13854 3666/13855
f 3628/13853 3666/13855 3637/13856
f 3666/13857 3625/13858 3623/13859
f 3666/13857 3623/13859 3667/13860
f 3663/13861 3667/13862 3668/13863
f 3663/13861 3668/13863 3669/13864
f 3667/13865 3623/13866 3621/13867
f 3667/13865 3621/13867 3668/13868
f 3673/13869 3657/13870 3670/13871
f 3673/13869 3670/13871 3671/13872
f 3674/13873 3673/13874 3671/13875
f 3674/13873 3671/13875 3672/13876
f 3674/13877 3677/13878 3675/13879
f 3674/13877 3675/13879 3673/13880
f 3675/13881 3655/13882 3657/13883
f 3675/13881 3657/13883 3673/13884
f 3655/13885 3675/13886 3676/13887
f 3655/13885 3676/13887 3653/13888
f 3675/13889 3677/13890 3678/13891
f 3675/13889 3678/13891 3676/13892
f 3678/13893 3677/13894 3679/13895
f 3678/13893 3679/13895 3681/13896
f 3679/13897 3677/13898 3674/13899
f 3679/13897 3674/13899 3680/13900
f 3682/13901 3679/13902 3680/13903
f 3682/13901 3680/13903 3683/13904
f 3679/13905 3682/13906 3684/13907
f 3679/13905 3684/13907 3681/13908
f 3685/13909 3682/13910 3683/13911
f 3685/13909 3683/13911 3687/13912
f 3682/13913 3685/13914 3686/13915
f 3682/13913 3686/13915 3684/13916
f 3685/13917 3688/13918 3689/13919
f 3685/13917 3689/13919 3686/13920
f 3691/13921 3688/13922 3685/13923
f 3691/13921 3685/13923 3687/13924
f 3688/13925 3690/13926 4169/13927
f 3688/13925 4169/13927 3689/13928
f 3690/13929 3688/13930 3691/13931
f 3690/13929 3691/13931 3692/13932
f 3692/13933 3691/13934 3693/13935
f 3692/13933 3693/13935 3694/13936
f 3691/13937 3687/13938 3695/13939
f 3691/13937 3695/13939 3693/13940
f 3687/13941 3683/13942 3696/13943
f 3687/13941 3696/13943 3695/13944
f 3683/13945 3680/13946 3697/13947
f 3683/13945 3697/13947 3696/13948
f 3680/13949 3674/13950 3672/13951
f 3680/13949 3672/13951 3697/13952
f 3700/13953 3692/13954 3694/13955
f 3700/13953 3694/13955 3698/13956
f 3702/13957 3700/13958 3698/13959
f 3702/13957 3698/13959 3699/13960
f 3701/13961 3690/13962 3692/13963
f 3701/13961 3692/13963 3700/13964
f 3704/13965 3701/13966 3700/13967
f 3704/13965 3700/13967 3702/13968
f 3703/13969 3702/13970 3699/13971
f 3703/13969 3699/13971 3757/13972
f 3703/13973 3705/13974 3704/13975
f 3703/13973 3704/13975 3702/13976
f 3704/13977 3705/13978 3709/13979
f 3704/13977 3709/13979 3706/13980
f 3701/13981 3704/13982 3706/13983
f 3701/13981 3706/13983 3707/13984
f 4007/13985 3707/13986 3706/13987
f 4007/13985 3706/13987 3708/13988
f 3708/13989 3706/13990 3709/13991
f 3708/13989 3709/13991 3710/13992
f 3709/13993 3705/13994 3712/13995
f 3709/13993 3712/13995 3711/13996
f 3710/13997 3709/13998 3711/13999
f 3710/13997 3711/13999 3714/14000
f 3712/14001 3759/14002 3713/14003
f 3712/14001 3713/14003 3711/14004
f 3714/14005 3711/14006 3713/14007
f 3714/14005 3713/14007 3716/14008
f 4005/14009 3710/14010 3714/14011
f 4005/14009 3714/14011 3715/14012
f 3715/14013 3714/14014 3716/14015
f 3715/14013 3716/14015 3719/14016
f 3716/14017 3713/14018 3744/14019
f 3716/14017 3744/14019 3717/14020
f 3737/14021 3718/14022 3716/14023
f 3737/14021 3716/14023 3717/14024
f 3718/14025 3720/14026 3719/14027
f 3718/14025 3719/14027 3716/14028
f 3724/14029 3715/14030 3719/14031
f 3724/14029 3719/14031 3721/14032
f 3720/14033 3725/14034 3721/14035
f 3720/14033 3721/14035 3719/14036
f 3821/14037 3722/14038 3721/14039
f 3821/14037 3721/14039 3723/14040
f 3722/14041 3984/14042 3724/14043
f 3722/14041 3724/14043 3721/14044
f 3725/14045 3727/14046 3723/14047
f 3725/14045 3723/14047 3721/14048
f 3738/14049 3726/14050 3725/14051
f 3738/14049 3725/14051 3720/14052
f 3726/14053 3729/14054 3727/14055
f 3726/14053 3727/14055 3725/14056
f 3727/14057 3728/14058 3817/14059
f 3727/14057 3817/14059 3723/14060
f 3729/14061 3730/14062 3728/14063
f 3729/14061 3728/14063 3727/14064
f 3729/14065 3726/14066 3738/14067
f 3729/14065 3738/14067 3736/14068
f 3729/14065 3736/14068 3735/14069
f 3729/14065 3735/14069 3733/14070
f 3729/14065 3733/14070 3731/14071
f 3729/14065 3731/14071 3730/14072
f 3730/14073 3731/14074 3732/14075
f 3730/14073 3732/14075 3728/14076
f 3731/14077 3733/14078 3734/14079
f 3731/14077 3734/14079 3732/14080
f 3733/14081 3735/14082 3737/14083
f 3733/14081 3737/14083 3734/14084
f 3735/14085 3736/14086 3718/14087
f 3735/14085 3718/14087 3737/14088
f 3734/14089 3737/14090 3717/14091
f 3734/14089 3717/14091 3739/14092
f 3736/14093 3738/14094 3720/14095
f 3736/14093 3720/14095 3718/14096
f 3732/14097 3734/14098 3739/14099
f 3732/14097 3739/14099 3741/14100
f 3739/14101 3742/14102 3743/14103
f 3739/14101 3743/14103 3740/14104
f 3741/14105 3739/14106 3740/14107
f 3741/14105 3740/14107 3800/14108
f 3717/14109 3744/14110 3742/14111
f 3717/14109 3742/14111 3739/14112
f 3745/14113 3746/14114 3743/14115
f 3745/14113 3743/14115 3742/14116
f 3747/14117 3745/14118 3742/14119
f 3747/14117 3742/14119 3744/14120
f 3746/14121 3745/14122 3748/14123
f 3746/14121 3748/14123 3750/14124
f 3748/14125 3745/14126 3747/14127
f 3748/14125 3747/14127 3749/14128
f 3748/14129 3749/14130 3753/14131
f 3748/14129 3753/14131 3751/14132
f 3750/14133 3748/14134 3751/14135
f 3750/14133 3751/14135 3752/14136
f 3749/14137 3755/14138 3754/14139
f 3749/14137 3754/14139 3753/14140
f 3755/14141 3758/14142 3756/14143
f 3755/14141 3756/14143 3754/14144
f 3758/14145 3703/14146 3757/14147
f 3758/14145 3757/14147 3756/14148
f 3759/14149 3712/14150 3758/14151
f 3759/14149 3758/14151 3755/14152
f 3712/14153 3705/14154 3703/14155
f 3712/14153 3703/14155 3758/14156
f 3747/14157 3759/14158 3755/14159
f 3747/14157 3755/14159 3749/14160
f 3759/14161 3747/14162 3744/14163
f 3759/14161 3744/14163 3713/14164
f 3761/14165 3750/14166 3752/14167
f 3761/14165 3752/14167 3760/14168
f 3763/14169 3761/14170 3760/14171
f 3763/14169 3760/14171 3762/14172
f 3765/14173 3763/14174 3762/14175
f 3765/14173 3762/14175 3764/14176
f 3767/14177 3765/14178 3764/14179
f 3767/14177 3764/14179 3766/14180
f 3769/14181 3767/14182 3766/14183
f 3769/14181 3766/14183 3768/14184
f 3771/14185 3769/14186 3768/14187
f 3771/14185 3768/14187 3770/14188
f 3774/14189 3771/14190 3770/14191
f 3774/14189 3770/14191 3772/14192
f 3775/14193 3774/14194 3772/14195
f 3775/14193 3772/14195 3773/14196
f 3777/14197 3776/14198 3774/14199
f 3777/14197 3774/14199 3775/14200
f 3774/14201 3776/14202 3778/14203
f 3774/14201 3778/14203 3771/14204
f 3776/14205 3777/14206 3823/14207
f 3776/14205 3823/14207 3397/14208
f 3778/14209 3776/14210 3397/14211
f 3778/14209 3397/14211 3780/14212
f 3778/14213 3779/14214 3769/14215
f 3778/14213 3769/14215 3771/14216
f 3779/14217 3778/14218 3780/14219
f 3779/14217 3780/14219 3781/14220
f 3783/14221 3781/14222 3780/14223
f 3783/14221 3780/14223 3393/14224
f 3793/14225 3779/14226 3781/14227
f 3793/14225 3781/14227 3782/14228
f 3784/14229 3782/14230 3781/14231
f 3784/14229 3781/14231 3783/14232
f 3379/14233 3784/14234 3783/14235
f 3379/14233 3783/14235 3382/14236
f 3785/14237 3789/14238 3782/14239
f 3785/14237 3782/14239 3784/14240
f 3786/14241 3785/14242 3784/14243
f 3786/14241 3784/14243 3379/14244
f 3811/14245 3787/14246 3785/14247
f 3811/14245 3785/14247 3786/14248
f 3787/14249 3815/14250 3788/14251
f 3787/14249 3788/14251 3785/14252
f 3788/14253 3790/14254 3789/14255
f 3788/14253 3789/14255 3785/14256
f 3789/14257 3791/14258 3793/14259
f 3789/14257 3793/14259 3782/14260
f 3792/14261 3791/14262 3789/14263
f 3792/14261 3789/14263 3790/14264
f 3765/14265 3791/14266 3792/14267
f 3765/14265 3792/14267 3763/14268
f 3793/14269 3791/14270 3765/14271
f 3793/14269 3765/14271 3767/14272
f 3779/14273 3793/14274 3767/14275
f 3779/14273 3767/14275 3769/14276
f 3794/14277 3792/14278 3790/14279
f 3794/14277 3790/14279 3795/14280
f 3792/14281 3794/14282 3761/14283
f 3792/14281 3761/14283 3763/14284
f 3794/14285 3746/14286 3750/14287
f 3794/14285 3750/14287 3761/14288
f 3746/14289 3794/14290 3795/14291
f 3746/14289 3795/14291 3743/14292
f 3740/14293 3743/14294 3795/14295
f 3740/14293 3795/14295 3796/14296
f 3796/14297 3795/14298 3790/14299
f 3796/14297 3790/14299 3788/14300
f 3800/14301 3740/14302 3796/14303
f 3800/14301 3796/14303 3798/14304
f 3815/14305 3797/14306 3796/14307
f 3815/14305 3796/14307 3788/14308
f 3797/14309 3801/14310 3798/14311
f 3797/14309 3798/14311 3796/14312
f 3801/14313 3803/14314 3799/14315
f 3801/14313 3799/14315 3798/14316
f 3816/14317 3800/14318 3798/14319
f 3816/14317 3798/14319 3799/14320
f 3814/14321 3802/14322 3801/14323
f 3814/14321 3801/14323 3797/14324
f 3802/14325 3804/14326 3803/14327
f 3802/14325 3803/14327 3801/14328
f 3803/14329 3805/14330 3808/14331
f 3803/14329 3808/14331 3799/14332
f 3804/14333 3807/14334 3805/14335
f 3804/14333 3805/14335 3803/14336
f 3805/14337 3806/14338 3375/14339
f 3805/14337 3375/14339 3808/14340
f 3807/14341 3809/14342 3806/14343
f 3807/14341 3806/14343 3805/14344
f 3799/14345 3808/14346 3371/14347
f 3799/14345 3371/14347 3820/14348
f 3807/14349 3804/14350 3802/14351
f 3807/14349 3802/14351 3814/14352
f 3807/14349 3814/14352 3813/14353
f 3807/14349 3813/14353 3812/14354
f 3807/14349 3812/14354 3810/14355
f 3807/14349 3810/14355 3809/14356
f 3809/14357 3810/14358 3811/14359
f 3809/14357 3811/14359 3806/14360
f 3810/14361 3812/14362 3787/14363
f 3810/14361 3787/14363 3811/14364
f 3812/14365 3813/14366 3815/14367
f 3812/14365 3815/14367 3787/14368
f 3813/14369 3814/14370 3797/14371
f 3813/14369 3797/14371 3815/14372
f 3806/14373 3811/14374 3786/14375
f 3806/14373 3786/14375 3375/14376
f 3817/14377 3741/14378 3800/14379
f 3817/14377 3800/14379 3816/14380
f 3818/14381 3819/14382 3817/14383
f 3818/14381 3817/14383 3816/14384
f 3820/14385 3818/14386 3816/14387
f 3820/14385 3816/14387 3799/14388
f 3367/14389 3365/14390 3818/14391
f 3367/14389 3818/14391 3820/14392
f 3818/14393 3365/14394 3363/14395
f 3818/14393 3363/14395 3819/14396
f 3819/14397 3821/14398 3723/14399
f 3819/14397 3723/14399 3817/14400
f 3363/14401 3361/14402 3821/14403
f 3363/14401 3821/14403 3819/14404
f 3821/14405 3361/14406 3359/14407
f 3821/14405 3359/14407 3722/14408
f 3728/14409 3732/14410 3741/14411
f 3728/14409 3741/14411 3817/14412
f 3822/14413 3777/14414 3775/14415
f 3822/14413 3775/14415 3863/14416
f 3777/14417 3822/14418 3824/14419
f 3777/14417 3824/14419 3823/14420
f 3398/14421 3823/14422 3824/14423
f 3398/14421 3824/14423 3826/14424
f 3826/14425 3824/14426 3825/14427
f 3826/14425 3825/14427 3827/14428
f 3822/14429 3860/14430 3825/14431
f 3822/14429 3825/14431 3824/14432
f 3830/14433 3828/14434 3826/14435
f 3830/14433 3826/14435 3827/14436
f 3400/14437 3398/14438 3826/14439
f 3400/14437 3826/14439 3407/14440
f 3828/14441 3829/14442 3407/14443
f 3828/14441 3407/14443 3826/14444
f 3831/14445 3833/14446 3829/14447
f 3831/14445 3829/14447 3828/14448
f 3832/14449 3831/14450 3828/14451
f 3832/14449 3828/14451 3830/14452
f 3835/14453 3834/14454 3833/14455
f 3835/14453 3833/14455 3831/14456
f 3835/14453 3831/14456 3832/14457
f 3835/14453 3832/14457 3981/14458
f 3835/14453 3981/14458 3982/14459
f 3835/14453 3982/14459 3836/14460
f 3833/14461 3834/14462 3408/14463
f 3833/14461 3408/14463 3829/14464
f 3834/14465 3835/14466 3837/14467
f 3834/14465 3837/14467 3408/14468
f 3835/14469 3836/14470 3838/14471
f 3835/14469 3838/14471 3837/14472
f 3837/14473 3838/14474 3840/14475
f 3837/14473 3840/14475 3409/14476
f 3836/14477 3982/14478 3839/14479
f 3836/14477 3839/14479 3838/14480
f 3838/14481 3839/14482 3842/14483
f 3838/14481 3842/14483 3840/14484
f 3979/14485 3413/14486 3840/14487
f 3979/14485 3840/14487 3841/14488
f 3840/14489 3842/14490 3844/14491
f 3840/14489 3844/14491 3841/14492
f 3842/14493 3843/14494 3845/14495
f 3842/14493 3845/14495 3844/14496
f 3839/14497 3980/14498 3843/14499
f 3839/14497 3843/14499 3842/14500
f 3844/14501 3845/14502 3849/14503
f 3844/14501 3849/14503 3846/14504
f 3841/14505 3844/14506 3846/14507
f 3841/14505 3846/14507 3847/14508
f 3848/14509 3973/14510 3847/14511
f 3848/14509 3847/14511 3846/14512
f 3850/14513 3848/14514 3846/14515
f 3850/14513 3846/14515 3849/14516
f 3968/14517 3850/14518 3849/14519
f 3968/14517 3849/14519 3851/14520
f 3849/14521 3852/14522 3853/14523
f 3849/14521 3853/14523 3851/14524
f 3845/14525 3855/14526 3852/14527
f 3845/14525 3852/14527 3849/14528
f 3854/14529 3873/14530 3853/14531
f 3854/14529 3853/14531 3852/14532
f 3856/14533 3854/14534 3852/14535
f 3856/14533 3852/14535 3855/14536
f 3843/14537 3857/14538 3855/14539
f 3843/14537 3855/14539 3845/14540
f 3857/14541 3858/14542 3856/14543
f 3857/14541 3856/14543 3855/14544
f 3860/14545 3858/14546 3857/14547
f 3860/14545 3857/14547 3825/14548
f 3827/14549 3825/14550 3857/14551
f 3827/14549 3857/14551 3843/14552
f 3856/14553 3858/14554 3859/14555
f 3856/14553 3859/14555 3868/14556
f 3859/14557 3858/14558 3860/14559
f 3859/14557 3860/14559 3861/14560
f 3860/14561 3822/14562 3863/14563
f 3860/14561 3863/14563 3861/14564
f 3859/14565 3861/14566 3862/14567
f 3859/14565 3862/14567 3865/14568
f 3861/14569 3863/14570 3864/14571
f 3861/14569 3864/14571 3862/14572
f 3863/14573 3775/14574 3773/14575
f 3863/14573 3773/14575 3864/14576
f 3868/14577 3859/14578 3865/14579
f 3868/14577 3865/14579 3866/14580
f 3869/14581 3868/14582 3866/14583
f 3869/14581 3866/14583 3867/14584
f 3854/14585 3856/14586 3868/14587
f 3854/14585 3868/14587 3869/14588
f 3870/14589 3869/14590 3867/14591
f 3870/14589 3867/14591 3872/14592
f 3873/14593 3854/14594 3869/14595
f 3873/14593 3869/14595 3870/14596
f 3874/14597 3873/14598 3870/14599
f 3874/14597 3870/14599 3871/14600
f 3871/14601 3870/14602 3872/14603
f 3871/14601 3872/14603 3933/14604
f 3873/14605 3874/14606 3875/14607
f 3873/14605 3875/14607 3853/14608
f 3874/14609 3876/14610 3879/14611
f 3874/14609 3879/14611 3875/14612
f 3876/14613 3874/14614 3871/14615
f 3876/14613 3871/14615 3878/14616
f 3877/14617 3876/14618 3878/14619
f 3877/14617 3878/14619 3930/14620
f 3876/14621 3877/14622 3881/14623
f 3876/14621 3881/14623 3879/14624
f 3880/14625 3879/14626 3881/14627
f 3880/14625 3881/14627 3883/14628
f 3965/14629 3875/14630 3879/14631
f 3965/14629 3879/14631 3880/14632
f 3877/14633 3928/14634 3882/14635
f 3877/14633 3882/14635 3881/14636
f 3883/14637 3881/14638 3882/14639
f 3883/14637 3882/14639 3884/14640
f 3888/14641 3880/14642 3883/14643
f 3888/14641 3883/14643 3886/14644
f 3909/14645 3885/14646 3883/14647
f 3909/14645 3883/14647 3884/14648
f 3885/14649 3887/14650 3886/14651
f 3885/14649 3886/14651 3883/14652
f 3887/14653 3891/14654 3889/14655
f 3887/14653 3889/14655 3886/14656
f 3890/14657 3888/14658 3886/14659
f 3890/14657 3886/14659 3889/14660
f 3893/14661 3429/14662 3890/14663
f 3893/14661 3890/14663 3889/14664
f 3891/14665 3902/14666 3892/14667
f 3891/14665 3892/14667 3889/14668
f 3889/14669 3892/14670 3894/14671
f 3889/14669 3894/14671 3893/14672
f 3893/14673 3894/14674 3434/14675
f 3893/14673 3434/14675 3430/14676
f 3894/14677 3895/14678 3436/14679
f 3894/14677 3436/14679 3434/14680
f 3892/14681 3897/14682 3895/14683
f 3892/14681 3895/14683 3894/14684
f 3895/14685 3896/14686 3438/14687
f 3895/14685 3438/14687 3436/14688
f 3897/14689 3898/14690 3896/14691
f 3897/14689 3896/14691 3895/14692
f 3897/14693 3899/14694 3914/14695
f 3897/14693 3914/14695 3898/14696
f 3900/14697 3901/14698 3899/14699
f 3900/14697 3899/14699 3897/14700
f 3902/14701 3900/14702 3897/14703
f 3902/14701 3897/14703 3892/14704
f 3903/14705 3905/14706 3901/14707
f 3903/14705 3901/14707 3900/14708
f 3904/14709 3903/14710 3900/14711
f 3904/14709 3900/14711 3902/14712
f 3904/14713 3959/14714 3958/14715
f 3904/14713 3958/14715 3957/14716
f 3904/14713 3957/14716 3907/14717
f 3904/14713 3907/14717 3906/14718
f 3904/14713 3906/14718 3905/14719
f 3904/14713 3905/14719 3903/14720
f 3905/14721 3906/14722 3908/14723
f 3905/14721 3908/14723 3901/14724
f 3906/14725 3907/14726 3909/14727
f 3906/14725 3909/14727 3908/14728
f 3901/14729 3908/14730 3910/14731
f 3901/14729 3910/14731 3899/14732
f 3908/14733 3909/14734 3884/14735
f 3908/14733 3884/14735 3910/14736
f 3884/14737 3882/14738 3911/14739
f 3884/14737 3911/14739 3910/14740
f 3910/14741 3911/14742 3915/14743
f 3910/14741 3915/14743 3912/14744
f 3899/14745 3910/14746 3912/14747
f 3899/14745 3912/14747 3914/14748
f 3914/14749 3912/14750 3913/14751
f 3914/14749 3913/14751 3951/14752
f 3912/14753 3915/14754 3917/14755
f 3912/14753 3917/14755 3913/14756
f 3916/14757 3919/14758 3917/14759
f 3916/14757 3917/14759 3915/14760
f 3911/14761 3926/14762 3916/14763
f 3911/14761 3916/14763 3915/14764
f 3913/14765 3917/14766 3918/14767
f 3913/14765 3918/14767 3934/14768
f 3919/14769 3572/14770 3918/14771
f 3919/14769 3918/14771 3917/14772
f 3922/14773 3920/14774 3919/14775
f 3922/14773 3919/14775 3916/14776
f 3920/14777 3574/14778 3572/14779
f 3920/14777 3572/14779 3919/14780
f 3921/14781 3576/14782 3574/14783
f 3921/14781 3574/14783 3920/14784
f 3923/14785 3921/14786 3920/14787
f 3923/14785 3920/14787 3922/14788
f 3925/14789 3923/14790 3922/14791
f 3925/14789 3922/14791 3924/14792
f 3924/14793 3922/14794 3916/14795
f 3924/14793 3916/14795 3926/14796
f 3929/14797 3925/14798 3924/14799
f 3929/14797 3924/14799 3927/14800
f 3927/14801 3924/14802 3926/14803
f 3927/14801 3926/14803 3928/14804
f 3930/14805 3927/14806 3928/14807
f 3930/14805 3928/14807 3877/14808
f 3931/14809 3929/14810 3927/14811
f 3931/14809 3927/14811 3930/14812
f 3878/14813 3932/14814 3931/14815
f 3878/14813 3931/14815 3930/14816
f 3871/14817 3933/14818 3932/14819
f 3871/14817 3932/14819 3878/14820
f 3928/14821 3926/14822 3911/14823
f 3928/14821 3911/14823 3882/14824
f 3934/14825 3918/14826 3571/14827
f 3934/14825 3571/14827 3936/14828
f 3935/14829 3950/14830 3913/14831
f 3935/14829 3913/14831 3934/14832
f 3937/14833 3935/14834 3934/14835
f 3937/14833 3934/14835 3936/14836
f 3939/14837 3937/14838 3936/14839
f 3939/14837 3936/14839 3938/14840
f 3938/14841 3936/14842 3558/14843
f 3938/14841 3558/14843 3555/14844
f 3936/14845 3571/14846 3569/14847
f 3936/14845 3569/14847 3558/14848
f 3941/14849 3939/14850 3938/14851
f 3941/14849 3938/14851 3449/14852
f 3449/14853 3938/14854 3555/14855
f 3449/14853 3555/14855 3451/14856
f 3943/14857 3940/14858 3939/14859
f 3943/14857 3939/14859 3941/14860
f 3940/14861 3956/14862 3937/14863
f 3940/14861 3937/14863 3939/14864
f 3942/14865 3941/14866 3449/14867
f 3942/14865 3449/14867 3953/14868
f 3944/14869 3943/14870 3941/14871
f 3944/14869 3941/14871 3942/14872
f 3944/14873 3945/14874 3947/14875
f 3944/14873 3947/14875 3948/14876
f 3944/14873 3948/14876 3955/14877
f 3944/14873 3955/14877 3956/14878
f 3944/14873 3956/14878 3940/14879
f 3944/14873 3940/14879 3943/14880
f 3945/14881 3944/14882 3942/14883
f 3945/14881 3942/14883 3946/14884
f 3947/14885 3945/14886 3946/14887
f 3947/14885 3946/14887 3949/14888
f 3948/14889 3947/14890 3949/14891
f 3948/14889 3949/14891 3950/14892
f 3949/14893 3946/14894 3952/14895
f 3949/14893 3952/14895 3951/14896
f 3950/14897 3949/14898 3951/14899
f 3950/14897 3951/14899 3913/14900
f 3898/14901 3914/14902 3951/14903
f 3898/14901 3951/14903 3952/14904
f 3952/14905 3953/14906 3448/14907
f 3952/14905 3448/14907 3954/14908
f 3946/14909 3942/14910 3953/14911
f 3946/14909 3953/14911 3952/14912
f 3898/14913 3952/14914 3954/14915
f 3898/14913 3954/14915 3896/14916
f 3954/14917 3448/14918 3442/14919
f 3954/14917 3442/14919 3440/14920
f 3896/14921 3954/14922 3440/14923
f 3896/14921 3440/14923 3438/14924
f 3955/14925 3948/14926 3950/14927
f 3955/14925 3950/14927 3935/14928
f 3956/14929 3955/14930 3935/14931
f 3956/14929 3935/14931 3937/14932
f 3907/14933 3957/14934 3885/14935
f 3907/14933 3885/14935 3909/14936
f 3957/14937 3958/14938 3887/14939
f 3957/14937 3887/14939 3885/14940
f 3958/14941 3959/14942 3891/14943
f 3958/14941 3891/14943 3887/14944
f 3959/14945 3904/14946 3902/14947
f 3959/14945 3902/14947 3891/14948
f 3429/14949 3427/14950 3960/14951
f 3429/14949 3960/14951 3890/14952
f 3960/14953 3963/14954 3888/14955
f 3960/14953 3888/14955 3890/14956
f 3427/14957 3425/14958 3961/14959
f 3427/14957 3961/14959 3960/14960
f 3976/14961 3962/14962 3960/14963
f 3976/14961 3960/14963 3961/14964
f 3962/14965 3964/14966 3963/14967
f 3962/14965 3963/14967 3960/14968
f 3963/14969 3965/14970 3880/14971
f 3963/14969 3880/14971 3888/14972
f 3964/14973 3966/14974 3965/14975
f 3964/14973 3965/14975 3963/14976
f 3966/14977 3968/14978 3851/14979
f 3966/14977 3851/14979 3965/14980
f 3851/14981 3853/14982 3875/14983
f 3851/14981 3875/14983 3965/14984
f 3977/14985 3967/14986 3966/14987
f 3977/14985 3966/14987 3964/14988
f 3967/14989 3969/14990 3968/14991
f 3967/14989 3968/14991 3966/14992
f 3969/14993 3970/14994 3850/14995
f 3969/14993 3850/14995 3968/14996
f 3974/14997 3972/14998 3971/14999
f 3974/14997 3971/14999 3970/15000
f 3974/14997 3970/15000 3969/15001
f 3974/14997 3969/15001 3967/15002
f 3974/14997 3967/15002 3977/15003
f 3974/14997 3977/15003 3975/15004
f 3970/15005 3971/15006 3848/15007
f 3970/15005 3848/15007 3850/15008
f 3971/15009 3972/15010 3973/15011
f 3971/15009 3973/15011 3848/15012
f 3972/15013 3974/15014 3976/15015
f 3972/15013 3976/15015 3973/15016
f 3974/15017 3975/15018 3962/15019
f 3974/15017 3962/15019 3976/15020
f 3973/15021 3976/15022 3961/15023
f 3973/15021 3961/15023 3847/15024
f 3975/15025 3977/15026 3964/15027
f 3975/15025 3964/15027 3962/15028
f 3425/15029 3978/15030 3847/15031
f 3425/15029 3847/15031 3961/15032
f 3978/15033 3979/15034 3841/15035
f 3978/15033 3841/15035 3847/15036
f 3421/15037 3417/15038 3979/15039
f 3421/15037 3979/15039 3978/15040
f 3980/15041 3830/15042 3827/15043
f 3980/15041 3827/15043 3843/15044
f 3981/15045 3832/15046 3830/15047
f 3981/15045 3830/15047 3980/15048
f 3982/15049 3981/15050 3980/15051
f 3982/15049 3980/15051 3839/15052
f 3983/15053 4005/15054 3715/15055
f 3983/15053 3715/15055 3724/15056
f 3984/15057 3985/15058 3983/15059
f 3984/15057 3983/15059 3724/15060
f 3359/15061 3357/15062 3984/15063
f 3359/15061 3984/15063 3722/15064
f 3984/15065 3357/15066 3355/15067
f 3984/15065 3355/15067 3985/15068
f 3986/15069 3985/15070 3355/15071
f 3986/15069 3355/15071 3353/15072
f 3988/15073 3983/15074 3985/15075
f 3988/15073 3985/15075 3986/15076
f 3987/15077 3986/15078 3353/15079
f 3987/15077 3353/15079 3349/15080
f 3989/15081 3988/15082 3986/15083
f 3989/15081 3986/15083 3987/15084
f 3993/15085 3990/15086 3988/15087
f 3993/15085 3988/15087 3989/15088
f 3990/15089 3991/15090 3983/15091
f 3990/15089 3983/15091 3988/15092
f 3992/15093 4006/15094 3991/15095
f 3992/15093 3991/15095 3990/15096
f 3995/15097 3992/15098 3990/15099
f 3995/15097 3990/15099 3993/15100
f 3996/15101 3995/15102 3993/15103
f 3996/15101 3993/15103 3994/15104
f 3994/15105 3993/15106 3989/15107
f 3994/15105 3989/15107 4009/15108
f 3992/15109 3995/15110 3996/15111
f 3992/15109 3996/15111 3997/15112
f 3992/15109 3997/15112 3999/15113
f 3992/15109 3999/15113 4001/15114
f 3992/15109 4001/15114 4002/15115
f 3992/15109 4002/15115 4006/15116
f 3997/15117 3996/15118 3994/15119
f 3997/15117 3994/15119 3998/15120
f 3999/15121 3997/15122 3998/15123
f 3999/15121 3998/15123 4000/15124
f 4001/15125 3999/15126 4000/15127
f 4001/15125 4000/15127 4003/15128
f 4002/15129 4001/15130 4003/15131
f 4002/15129 4003/15131 4004/15132
f 4003/15133 4000/15134 3708/15135
f 4003/15133 3708/15135 3710/15136
f 4004/15137 4003/15138 3710/15139
f 4004/15137 3710/15139 4005/15140
f 3991/15141 4004/15142 4005/15143
f 3991/15141 4005/15143 3983/15144
f 4006/15145 4002/15146 4004/15147
f 4006/15145 4004/15147 3991/15148
f 4000/15149 3998/15150 4007/15151
f 4000/15149 4007/15151 3708/15152
f 3998/15153 3994/15154 4009/15155
f 3998/15153 4009/15155 4007/15156
f 4008/15157 4169/15158 3707/15159
f 4008/15157 3707/15159 4007/15160
f 4010/15161 4008/15162 4007/15163
f 4010/15161 4007/15163 4009/15164
f 4011/15165 4010/15166 4009/15167
f 4011/15165 4009/15167 3989/15168
f 4015/15169 4012/15170 4010/15171
f 4015/15169 4010/15171 4011/15172
f 4012/15173 4014/15174 4008/15175
f 4012/15173 4008/15175 4010/15176
f 4016/15177 4013/15178 4012/15179
f 4016/15177 4012/15179 4015/15180
f 4013/15181 4027/15182 4014/15183
f 4013/15181 4014/15183 4012/15184
f 3348/15185 3346/15186 4015/15187
f 3348/15185 4015/15187 4011/15188
f 3346/15189 3344/15190 4017/15191
f 3346/15189 4017/15191 4015/15192
f 4019/15193 4016/15194 4015/15195
f 4019/15193 4015/15195 4017/15196
f 4020/15197 4019/15198 4017/15199
f 4020/15197 4017/15199 4018/15200
f 3344/15201 3335/15202 4018/15203
f 3344/15201 4018/15203 4017/15204
f 4022/15205 4021/15206 4019/15207
f 4022/15205 4019/15207 4020/15208
f 4021/15209 4023/15210 4016/15211
f 4021/15209 4016/15211 4019/15212
f 4021/15213 4022/15214 4167/15215
f 4021/15213 4167/15215 4168/15216
f 4021/15213 4168/15216 4026/15217
f 4021/15213 4026/15217 4025/15218
f 4021/15213 4025/15218 4024/15219
f 4021/15213 4024/15219 4023/15220
f 4023/15221 4024/15222 4013/15223
f 4023/15221 4013/15223 4016/15224
f 4024/15225 4025/15226 4027/15227
f 4024/15225 4027/15227 4013/15228
f 4025/15229 4026/15230 4028/15231
f 4025/15229 4028/15231 4027/15232
f 4027/15233 4028/15234 4030/15235
f 4027/15233 4030/15235 4014/15236
f 4026/15237 4168/15238 4029/15239
f 4026/15237 4029/15239 4028/15240
f 4028/15241 4029/15242 4031/15243
f 4028/15241 4031/15243 4030/15244
f 4031/15245 3684/15246 3686/15247
f 4031/15245 3686/15247 4030/15248
f 4030/15249 3686/15250 3689/15251
f 4030/15249 3689/15251 4014/15252
f 4035/15253 4032/15254 4031/15255
f 4035/15253 4031/15255 4033/15256
f 4032/15257 3681/15258 3684/15259
f 4032/15257 3684/15259 4031/15260
f 4029/15261 4034/15262 4033/15263
f 4029/15261 4033/15263 4031/15264
f 4034/15265 4020/15266 4018/15267
f 4034/15265 4018/15267 4033/15268
f 3334/15269 4035/15270 4033/15271
f 3334/15269 4033/15271 4018/15272
f 4036/15273 4038/15274 4032/15275
f 4036/15273 4032/15275 4035/15276
f 3332/15277 4036/15278 4035/15279
f 3332/15277 4035/15279 3334/15280
f 4046/15281 4037/15282 4036/15283
f 4046/15281 4036/15283 3332/15284
f 4037/15285 4040/15286 4038/15287
f 4037/15285 4038/15287 4036/15288
f 4038/15289 4039/15290 3676/15291
f 4038/15289 3676/15291 3678/15292
f 4038/15293 3678/15294 3681/15295
f 4038/15293 3681/15295 4032/15296
f 4040/15297 4041/15298 4039/15299
f 4040/15297 4039/15299 4038/15300
f 4042/15301 4043/15302 4041/15303
f 4042/15301 4041/15303 4040/15304
f 4044/15305 4042/15306 4040/15307
f 4044/15305 4040/15307 4037/15308
f 4047/15309 4048/15310 4059/15311
f 4047/15309 4059/15311 4058/15312
f 4047/15309 4058/15312 4043/15313
f 4047/15309 4043/15313 4042/15314
f 4047/15309 4042/15314 4044/15315
f 4047/15309 4044/15315 4045/15316
f 4045/15317 4044/15318 4037/15319
f 4045/15317 4037/15319 4046/15320
f 4047/15321 4045/15322 4046/15323
f 4047/15321 4046/15323 4049/15324
f 4048/15325 4047/15326 4049/15327
f 4048/15325 4049/15327 4050/15328
f 4050/15329 4049/15330 3330/15331
f 4050/15329 3330/15331 4052/15332
f 4049/15333 4046/15334 3332/15335
f 4049/15333 3332/15335 3330/15336
f 4059/15337 4048/15338 4050/15339
f 4059/15337 4050/15339 4051/15340
f 4051/15341 4050/15342 4052/15343
f 4051/15341 4052/15343 4054/15344
f 3325/15345 3322/15346 4053/15347
f 3325/15345 4053/15347 4052/15348
f 4053/15349 4056/15350 4054/15351
f 4053/15349 4054/15351 4052/15352
f 4057/15353 4051/15354 4054/15355
f 4057/15353 4054/15355 4055/15356
f 4056/15357 3648/15358 4055/15359
f 4056/15357 4055/15359 4054/15360
f 4060/15361 3647/15362 4056/15363
f 4060/15361 4056/15363 4053/15364
f 4041/15365 4057/15366 4055/15367
f 4041/15365 4055/15367 4039/15368
f 4039/15369 4055/15370 3653/15371
f 4039/15369 3653/15371 3676/15372
f 4058/15373 4059/15374 4051/15375
f 4058/15373 4051/15375 4057/15376
f 4043/15377 4058/15378 4057/15379
f 4043/15377 4057/15379 4041/15380
f 3322/15381 3320/15382 4060/15383
f 3322/15381 4060/15383 4053/15384
f 3320/15385 4063/15386 4062/15387
f 3320/15385 4062/15387 4060/15388
f 4061/15389 4072/15390 3647/15391
f 4061/15389 3647/15391 4060/15392
f 4065/15393 4061/15394 4060/15395
f 4065/15393 4060/15395 4062/15396
f 4063/15397 4077/15398 4064/15399
f 4063/15397 4064/15399 4062/15400
f 4066/15401 4065/15402 4062/15403
f 4066/15401 4062/15403 4064/15404
f 4068/15405 4067/15406 4065/15407
f 4068/15405 4065/15407 4066/15408
f 4067/15409 4069/15410 4061/15411
f 4067/15409 4061/15411 4065/15412
f 4067/15413 4068/15414 4075/15415
f 4067/15413 4075/15415 4074/15416
f 4067/15413 4074/15416 4073/15417
f 4067/15413 4073/15417 4071/15418
f 4067/15413 4071/15418 4070/15419
f 4067/15413 4070/15419 4069/15420
f 4069/15421 4070/15422 4072/15423
f 4069/15421 4072/15423 4061/15424
f 4070/15425 4071/15426 3649/15427
f 4070/15425 3649/15427 4072/15428
f 4071/15429 4073/15430 3644/15431
f 4071/15429 3644/15431 3649/15432
f 4073/15433 4074/15434 3642/15435
f 4073/15433 3642/15435 3644/15436
f 4074/15437 4075/15438 4076/15439
f 4074/15437 4076/15439 3642/15440
f 4075/15441 4068/15442 4066/15443
f 4075/15441 4066/15443 4076/15444
f 4076/15445 4066/15446 4064/15447
f 4076/15445 4064/15447 3641/15448
f 4077/15449 4079/15450 4078/15451
f 4077/15449 4078/15451 4064/15452
f 4078/15453 3638/15454 3641/15455
f 4078/15453 3641/15455 4064/15456
f 4080/15457 3634/15458 3638/15459
f 4080/15457 3638/15459 4078/15460
f 4079/15461 4081/15462 4080/15463
f 4079/15461 4080/15463 4078/15464
f 4082/15465 4080/15466 4081/15467
f 4082/15465 4081/15467 4100/15468
f 4086/15469 4083/15470 4080/15471
f 4086/15469 4080/15471 4082/15472
f 4083/15473 4085/15474 3634/15475
f 4083/15473 3634/15475 4080/15476
f 4084/15477 4166/15478 4085/15479
f 4084/15477 4085/15479 4083/15480
f 4088/15481 4084/15482 4083/15483
f 4088/15481 4083/15483 4086/15484
f 4087/15485 4086/15486 4082/15487
f 4087/15485 4082/15487 4096/15488
f 4089/15489 4088/15490 4086/15491
f 4089/15489 4086/15491 4087/15492
f 4088/15493 4089/15494 4090/15495
f 4088/15493 4090/15495 4091/15496
f 4088/15493 4091/15496 4164/15497
f 4088/15493 4164/15497 4165/15498
f 4088/15493 4165/15498 4166/15499
f 4088/15493 4166/15499 4084/15500
f 4090/15501 4089/15502 4087/15503
f 4090/15501 4087/15503 4092/15504
f 4091/15505 4090/15506 4092/15507
f 4091/15505 4092/15507 4094/15508
f 4092/15509 4087/15510 4096/15511
f 4092/15509 4096/15511 4093/15512
f 4094/15513 4092/15514 4093/15515
f 4094/15513 4093/15515 3631/15516
f 4164/15517 4091/15518 4094/15519
f 4164/15517 4094/15519 3632/15520
f 4095/15521 4142/15522 3631/15523
f 4095/15521 3631/15523 4093/15524
f 4097/15525 4095/15526 4093/15527
f 4097/15525 4093/15527 4096/15528
f 4098/15529 4099/15530 4097/15531
f 4098/15529 4097/15531 4096/15532
f 4096/15533 4082/15534 4100/15535
f 4096/15533 4100/15535 4098/15536
f 4098/15537 4100/15538 3308/15539
f 4098/15537 3308/15539 3306/15540
f 3306/15541 4102/15542 4099/15543
f 3306/15541 4099/15543 4098/15544
f 4100/15545 4081/15546 3310/15547
f 4100/15545 3310/15547 3308/15548
f 4099/15549 4101/15550 4134/15551
f 4099/15549 4134/15551 4097/15552
f 4102/15553 4103/15554 4101/15555
f 4102/15553 4101/15555 4099/15556
f 4103/15557 4102/15558 3305/15559
f 4103/15557 3305/15559 4105/15560
f 4112/15561 4101/15562 4103/15563
f 4112/15561 4103/15563 4104/15564
f 4104/15565 4103/15566 4105/15567
f 4104/15565 4105/15567 4106/15568
f 4107/15569 4109/15570 4104/15571
f 4107/15569 4104/15571 4106/15572
f 4110/15573 4109/15574 4107/15575
f 4110/15573 4107/15575 4108/15576
f 4114/15577 4111/15578 4109/15579
f 4114/15577 4109/15579 4110/15580
f 4111/15581 4112/15582 4104/15583
f 4111/15581 4104/15583 4109/15584
f 4113/15585 4136/15586 4112/15587
f 4113/15585 4112/15587 4111/15588
f 4115/15589 4113/15590 4111/15591
f 4115/15589 4111/15591 4114/15592
f 3495/15593 4114/15594 4110/15595
f 3495/15593 4110/15595 4154/15596
f 3498/15597 4115/15598 4114/15599
f 3498/15597 4114/15599 3495/15600
f 3498/15601 4118/15602 4116/15603
f 3498/15601 4116/15603 4115/15604
f 4115/15605 4116/15606 4119/15607
f 4115/15605 4119/15607 4113/15608
f 4118/15609 4148/15610 4117/15611
f 4118/15609 4117/15611 4116/15612
f 4116/15613 4117/15614 4121/15615
f 4116/15613 4121/15615 4119/15616
f 4120/15617 4137/15618 4113/15619
f 4120/15617 4113/15619 4119/15620
f 4123/15621 4120/15622 4119/15623
f 4123/15621 4119/15623 4121/15624
f 4117/15625 3605/15626 3607/15627
f 4117/15625 3607/15627 4121/15628
f 4121/15629 3607/15630 4145/15631
f 4121/15629 4145/15631 4122/15632
f 4125/15633 4123/15634 4121/15635
f 4125/15633 4121/15635 4122/15636
f 4124/15637 4140/15638 4120/15639
f 4124/15637 4120/15639 4123/15640
f 4127/15641 4124/15642 4123/15643
f 4127/15641 4123/15643 4125/15644
f 4128/15645 4127/15646 4125/15647
f 4128/15645 4125/15647 4126/15648
f 4126/15649 4125/15650 4122/15651
f 4126/15649 4122/15651 4141/15652
f 4138/15653 4139/15654 4140/15655
f 4138/15653 4140/15655 4124/15656
f 4138/15653 4124/15656 4127/15657
f 4138/15653 4127/15657 4128/15658
f 4138/15653 4128/15658 4129/15659
f 4138/15653 4129/15659 4130/15660
f 4129/15661 4128/15662 4126/15663
f 4129/15661 4126/15663 4131/15664
f 4130/15665 4129/15666 4131/15667
f 4130/15665 4131/15667 4133/15668
f 4131/15669 4126/15670 4141/15671
f 4131/15669 4141/15671 4132/15672
f 4133/15673 4131/15674 4132/15675
f 4133/15673 4132/15675 4134/15676
f 4138/15677 4130/15678 4133/15679
f 4138/15677 4133/15679 4135/15680
f 4135/15681 4133/15682 4134/15683
f 4135/15681 4134/15683 4136/15684
f 4137/15685 4135/15686 4136/15687
f 4137/15685 4136/15687 4113/15688
f 4139/15689 4138/15690 4135/15691
f 4139/15689 4135/15691 4137/15692
f 4140/15693 4139/15694 4137/15695
f 4140/15693 4137/15695 4120/15696
f 4136/15697 4134/15698 4101/15699
f 4136/15697 4101/15699 4112/15700
f 4134/15701 4132/15702 4095/15703
f 4134/15701 4095/15703 4097/15704
f 4132/15705 4141/15706 4142/15707
f 4132/15705 4142/15707 4095/15708
f 4141/15709 4143/15710 4144/15711
f 4141/15709 4144/15711 4142/15712
f 4122/15713 4145/15714 4143/15715
f 4122/15713 4143/15715 4141/15716
f 4146/15717 4147/15718 4144/15719
f 4146/15717 4144/15719 4143/15720
f 4145/15721 3608/15722 4146/15723
f 4145/15721 4146/15723 4143/15724
f 3610/15725 3615/15726 4146/15727
f 3610/15725 4146/15727 3608/15728
f 3615/15729 3617/15730 4147/15731
f 3615/15729 4147/15731 4146/15732
f 4147/15733 3626/15734 3629/15735
f 4147/15733 3629/15735 4144/15736
f 3617/15737 3619/15738 3626/15739
f 3617/15737 3626/15739 4147/15740
f 4142/15741 4144/15742 3629/15743
f 4142/15741 3629/15743 3631/15744
f 4149/15745 4150/15746 4148/15747
f 4149/15745 4148/15747 4118/15748
f 3500/15749 4149/15750 4118/15751
f 3500/15749 4118/15751 3498/15752
f 4151/15753 4152/15754 4150/15755
f 4151/15753 4150/15755 4149/15756
f 3503/15757 4151/15758 4149/15759
f 3503/15757 4149/15759 3500/15760
f 4152/15761 4153/15762 3510/15763
f 4152/15761 3510/15763 4150/15764
f 4150/15765 3510/15766 3513/15767
f 4150/15765 3513/15767 4148/15768
f 4148/15769 3602/15770 3605/15771
f 4148/15769 3605/15771 4117/15772
f 3513/15773 3515/15774 3602/15775
f 3513/15773 3602/15775 4148/15776
f 4154/15777 4110/15778 4108/15779
f 4154/15777 4108/15779 4155/15780
f 3496/15781 4154/15782 4155/15783
f 3496/15781 4155/15783 4156/15784
f 3493/15785 3496/15786 4156/15787
f 3493/15785 4156/15787 4157/15788
f 3491/15789 3493/15790 4157/15791
f 3491/15789 4157/15791 4158/15792
f 4161/15793 3491/15794 4158/15795
f 4161/15793 4158/15795 4159/15796
f 4162/15797 4161/15798 4159/15799
f 4162/15797 4159/15799 4160/15800
f 4161/15801 4162/15802 3468/15803
f 4161/15801 3468/15803 3487/15804
f 4163/15805 3464/15806 4162/15807
f 4163/15805 4162/15807 4160/15808
f 4165/15809 4164/15810 3632/15811
f 4165/15809 3632/15811 3635/15812
f 4166/15813 4165/15814 3635/15815
f 4166/15813 3635/15815 4085/15816
f 4079/15817 3312/15818 3310/15819
f 4079/15817 3310/15819 4081/15820
f 3314/15821 3312/15822 4079/15823
f 3314/15821 4079/15823 4077/15824
f 4063/15825 3316/15826 3314/15827
f 4063/15825 3314/15827 4077/15828
f 4168/15829 4167/15830 4034/15831
f 4168/15829 4034/15831 4029/15832
f 4167/15833 4022/15834 4020/15835
f 4167/15833 4020/15835 4034/15836
f 4014/15837 3689/15838 4169/15839
f 4014/15837 4169/15839 4008/15840
f 3987/15841 3348/15842 4011/15843
f 3987/15841 4011/15843 3989/15844
f 3690/15845 3701/15846 3707/15847
f 3690/15845 3707/15847 4169/15848
f 3591/15849 3595/15850 3516/15851
f 3591/15849 3516/15851 3518/15852
f 3584/15853 3587/15854 3523/15855
f 3584/15853 3523/15855 3532/15856
f 3563/15857 3584/15858 3532/15859
f 3563/15857 3532/15859 3561/15860
f 4170/15861 4171/15862 4172/15863
f 4170/15861 4172/15863 3411/15864
f 4171/15865 4173/15866 4175/15867
f 4171/15865 4175/15867 4172/15868
f 4173/15869 4174/15870 4176/15871
f 4173/15869 4176/15871 4175/15872
f 4175/15873 4176/15874 4177/15875
f 4175/15873 4177/15875 3403/15876
f 3405/15877 4172/15878 4175/15879
f 3405/15877 4175/15879 3403/15880
f 4177/15881 4176/15882 4178/15883
f 4177/15881 4178/15883 3377/15884
f 4174/15885 4179/15886 4178/15887
f 4174/15885 4178/15887 4176/15888
f 4179/15889 4180/15890 3373/15891
f 4179/15889 3373/15891 4178/15892
f 4183/15893 4181/15894 3402/15895
f 4183/15893 3402/15895 3384/15896
f 4181/15897 4182/15898 3395/15899
f 4181/15897 3395/15899 3402/15900
