# Hand1_R__Rubber: 1494 tris
v 0.01375133 -0.06696656 0.00611595
v 0.01321007 -0.06812831 0.01051214
v 0.01484837 -0.06753855 0.00695134
v 0.01423423 -0.06736092 0.00290136
v 0.00693583 -0.06631954 0.00437835
v 0.00007059 -0.06569670 0.00264184
v 0.00574882 -0.06742415 0.00862308
v 0.00769896 -0.06673945 0.00122777
v 0.00111132 -0.06614264 -0.00043120
v 0.00808061 -0.06836657 -0.00087002
v 0.00155573 -0.06777456 -0.00251002
v 0.01455202 -0.06898117 0.00079084
v 0.00807374 -0.07094759 -0.00178520
v 0.01460783 -0.07156409 -0.00010904
v 0.00765515 -0.07436932 -0.00138456
v 0.00148580 -0.07034524 -0.00344135
v 0.00079452 -0.07372861 -0.00311679
v 0.00003941 -0.07079666 -0.00318977
v 0.00009561 -0.06824570 -0.00220333
v -0.00061907 -0.07403374 -0.00300711
v -0.00128179 -0.07227172 -0.00190559
v -0.00127340 -0.06971237 -0.00078674
v -0.00179908 -0.07531380 -0.00198375
v -0.00421268 -0.07649468 0.00179034
v -0.00429063 -0.07376818 0.00322281
v -0.00450632 -0.07940238 0.00122162
v -0.01595697 -0.09504717 0.01804821
v -0.01568271 -0.09818214 0.01584215
v -0.01628832 -0.09132697 0.02069733
v -0.01624162 -0.09567170 0.01867069
v -0.01624867 -0.09589236 0.01898644
v -0.01657589 -0.09194378 0.02133721
v -0.01595758 -0.09880538 0.01643135
v -0.01598121 -0.09903978 0.01679639
v -0.01575532 -0.10089351 0.01494362
v -0.01579942 -0.10116446 0.01536741
v -0.01549689 -0.10028039 0.01439454
v -0.01555622 -0.10206650 0.01413642
v -0.01561606 -0.10237272 0.01460892
v -0.01523882 -0.10260389 0.01383976
v -0.01531326 -0.10146591 0.01361936
v -0.00527343 -0.08230091 0.00163418
v -0.01500442 -0.10201564 0.01333512
v -0.01439399 -0.10223991 0.01337557
v -0.00301146 -0.07884185 -0.00088452
v -0.00208954 -0.07802599 -0.00151666
v -0.00072195 -0.07802739 -0.00138864
v 0.00676847 -0.07875232 0.00051835
v -0.01239505 -0.10252575 0.01381936
v -0.01261924 -0.10309555 0.01432151
v 0.00028603 -0.10371646 0.01703260
v 0.00010361 -0.10428842 0.01754396
v 0.01286392 -0.10487091 0.02023430
v 0.01421636 -0.07941454 0.00240529
v 0.01272138 -0.10544859 0.02075696
v 0.01482885 -0.10495283 0.02079600
v 0.01544633 -0.07965427 0.00293655
v 0.01541398 -0.10483929 0.02105906
v 0.01468786 -0.10553976 0.02132211
v 0.01445456 -0.10584739 0.02178772
v 0.01527543 -0.10543657 0.02158843
v 0.01504191 -0.10574304 0.02204445
v 0.01550237 -0.10494989 0.02202273
v 0.01527633 -0.10524118 0.02245403
v 0.01549545 -0.10379442 0.02287862
v 0.01564115 -0.10433951 0.02147959
v 0.01596925 -0.08427372 0.00702772
v 0.01563855 -0.10317021 0.02230053
v 0.01547691 -0.10107435 0.02375382
v 0.01599937 -0.08130608 0.00642834
v 0.01521163 -0.09793930 0.02596220
v 0.01532770 -0.10170891 0.02437509
v 0.01513382 -0.10192818 0.02469790
v 0.01505511 -0.09857675 0.02661654
v 0.01472674 -0.09484779 0.02928465
v 0.01487284 -0.09878164 0.02688939
v 0.01454935 -0.09506469 0.02952763
v 0.01421333 -0.09136808 0.03219616
v 0.01439222 -0.09111673 0.03195472
v 0.01392054 -0.08827735 0.03446958
v 0.01370206 -0.08623158 0.03601426
v 0.01410745 -0.08797754 0.03420120
v 0.01390448 -0.08587879 0.03569643
v 0.01426088 -0.08739904 0.03354808
v 0.01455123 -0.09050798 0.03128344
v 0.01405276 -0.08533797 0.03507486
v 0.01516903 -0.07226895 0.01322965
v 0.01553185 -0.07349676 0.01053661
v 0.01485265 -0.07225304 0.01622575
v 0.01513806 -0.06880248 0.00860355
v 0.01477657 -0.06947580 0.01234708
v 0.01553011 -0.06952041 0.00567374
v 0.01582960 -0.07130012 0.00355669
v 0.01526820 -0.06802497 0.00383396
v 0.01557185 -0.06968260 0.00172681
v 0.01564674 -0.07224638 0.00077363
v 0.01592446 -0.07386971 0.00246368
v 0.01556991 -0.07553633 0.00110476
v 0.01588431 -0.07695604 0.00250620
v 0.01446664 -0.07499861 0.00035605
v 0.01580495 -0.08058877 0.00389336
v 0.01597616 -0.07836900 0.00691660
v 0.01583564 -0.07563646 0.00833348
v 0.01488795 -0.09421960 0.02861235
v 0.01443778 -0.06855723 0.01114276
v 0.01442884 -0.07212074 0.01789912
v 0.01353782 -0.08364326 0.03622434
v 0.01459682 -0.07334995 0.01931486
v 0.01401524 -0.07158813 0.01730444
v 0.01258473 -0.07128268 0.01686090
v 0.01292857 -0.08341763 0.03618404
v 0.01278713 -0.08392108 0.03676399
v 0.01094797 -0.08313729 0.03574682
v 0.01080383 -0.08364112 0.03632474
v -0.00174194 -0.08194745 0.03253248
v 0.00390899 -0.07046810 0.01467240
v -0.00189788 -0.08244972 0.03310713
v -0.01449757 -0.08077465 0.02928310
v -0.00480802 -0.06966713 0.01244286
v -0.01634397 -0.08069834 0.02874845
v -0.01467804 -0.08127430 0.02985283
v -0.01657210 -0.08119336 0.02930722
v -0.01469585 -0.08172915 0.03030093
v -0.00201043 -0.08289557 0.03353191
v -0.01662376 -0.08164079 0.02974554
v -0.01719436 -0.08174486 0.02948014
v -0.01713618 -0.08130828 0.02905084
v -0.01740910 -0.08222138 0.02902569
v -0.01735694 -0.08180998 0.02861928
v -0.01738405 -0.08334592 0.02811982
v -0.01734856 -0.08297823 0.02776046
v -0.01719576 -0.08538929 0.02656851
v -0.01717879 -0.08507466 0.02625720
v -0.01690769 -0.08847969 0.02429364
v -0.01690501 -0.08821322 0.02400903
v -0.01657472 -0.09217546 0.02162436
v -0.01661919 -0.08761682 0.02337068
v -0.00470137 -0.07161806 0.00539828
v -0.01690221 -0.08450818 0.02563704
v -0.01708841 -0.08244735 0.02716775
v -0.00545025 -0.07035469 0.00799395
v -0.00659226 -0.07026168 0.01078035
v -0.00263330 -0.06715242 0.00409108
v -0.00420968 -0.06771256 0.00752496
v -0.00170930 -0.06792010 0.00129646
v -0.00138234 -0.06603129 0.00282953
v -0.00035259 -0.06657420 -0.00013333
v -0.00319054 -0.06691997 0.00666545
v -0.00175713 -0.06673831 0.00671113
v -0.00627523 -0.06970333 0.01215115
v -0.00699600 -0.07013084 0.01245719
v -0.00802275 -0.07124883 0.01356972
v -0.01689784 -0.08081539 0.02849291
v -0.01711160 -0.08130732 0.02805074
v 0.01058699 -0.08407651 0.03672221
v 0.01255825 -0.08435090 0.03715695
v 0.01316923 -0.08456515 0.03719200
v 0.01348839 -0.08509122 0.03687272
v 0.01339594 -0.08414558 0.03680560
v 0.01370732 -0.08469531 0.03650974
v 0.01385181 -0.08418299 0.03591576
v 0.01528514 -0.10405044 0.02326121
v 0.01249983 -0.10575651 0.02122812
v -0.00005054 -0.10460208 0.01803203
v -0.01270479 -0.10341589 0.01482725
v -0.01469578 -0.10314077 0.01438484
v -0.01462340 -0.10281803 0.01387864
v -0.01530643 -0.10292500 0.01433768
v 0.00928473 -0.10030358 0.04788344
v 0.00966326 -0.09816080 0.04717790
v 0.00975744 -0.10268444 0.04515019
v 0.00829904 -0.10144317 0.05128924
v 0.00795476 -0.10998012 0.04950490
v 0.00861105 -0.09816933 0.05125879
v 0.00719524 -0.10107693 0.05537111
v 0.00763062 -0.09864123 0.05454672
v 0.00646964 -0.10548417 0.05657673
v 0.00646043 -0.10067405 0.05732387
v 0.00584578 -0.10058198 0.05765951
v 0.00569178 -0.10407022 0.05910087
v 0.00695017 -0.09887594 0.05605123
v 0.00734626 -0.09786645 0.05485402
v 0.00634037 -0.09888187 0.05632377
v 0.00672371 -0.09788193 0.05511516
v 0.00480258 -0.09867472 0.05596219
v 0.00499634 -0.09768930 0.05477956
v 0.00437605 -0.09860488 0.05557334
v 0.00432405 -0.10039144 0.05730577
v 0.00354682 -0.10364671 0.05917631
v 0.00392388 -0.10037283 0.05677517
v 0.00315768 -0.10378177 0.05855069
v 0.00416042 -0.10197302 0.05403904
v 0.00334239 -0.10462872 0.05643205
v 0.00508070 -0.10047949 0.05081856
v 0.00270622 -0.10183805 0.05367384
v 0.00451963 -0.09835607 0.05402591
v 0.00532301 -0.09786374 0.05064342
v 0.00461334 -0.09768760 0.05350026
v 0.00448889 -0.09796794 0.05489317
v -0.00745163 -0.09638749 0.05017816
v 0.00540403 -0.09707064 0.05021880
v -0.00656877 -0.09577922 0.04692145
v 0.00647704 -0.09712418 0.04591721
v -0.00547938 -0.09582502 0.04261518
v 0.00637457 -0.09783759 0.04645735
v 0.00739204 -0.09879893 0.04170344
v 0.00724059 -0.09953445 0.04242555
v 0.00795216 -0.10197993 0.03833379
v -0.00456307 -0.09749576 0.03839719
v -0.00400237 -0.10067615 0.03502672
v -0.01678091 -0.09655423 0.03556410
v -0.01621976 -0.09973549 0.03219408
v -0.01713803 -0.09727114 0.03623369
v -0.01769533 -0.09488496 0.03977609
v -0.01879556 -0.09484026 0.04406937
v -0.01800466 -0.09557756 0.04026525
v -0.01848405 -0.09809965 0.04110539
v -0.01908277 -0.09560689 0.04444252
v -0.01942525 -0.09821861 0.04464721
v -0.02007514 -0.09608614 0.04777547
v -0.02041340 -0.09972447 0.04784226
v -0.02072695 -0.09628387 0.04919571
v -0.01977282 -0.09544593 0.04730115
v -0.02037311 -0.09567523 0.04857564
v -0.02071484 -0.09530616 0.04824832
v -0.00779815 -0.09660960 0.05146618
v -0.00767487 -0.09620106 0.05113147
v -0.00201043 -0.08289557 0.03353191
v -0.01469585 -0.08172915 0.03030093
v 0.01058699 -0.08407651 0.03672221
v 0.01255825 -0.08435090 0.03715695
v 0.01316923 -0.08456515 0.03719200
v 0.01348839 -0.08509122 0.03687272
v 0.00802139 -0.09754136 0.05341186
v 0.01370206 -0.08623158 0.03601426
v 0.00898689 -0.09694116 0.05022735
v 0.01391988 -0.08827720 0.03446922
v 0.01005352 -0.09701620 0.04605798
v 0.01421333 -0.09136808 0.03219616
v 0.01094835 -0.09868827 0.04192269
v 0.01454935 -0.09506469 0.02952763
v 0.01150222 -0.10184534 0.03858696
v 0.01487284 -0.09878164 0.02688939
v 0.01160297 -0.10604744 0.03665346
v 0.01513382 -0.10192818 0.02469790
v 0.01125994 -0.11057414 0.03635088
v 0.01528514 -0.10405044 0.02326121
v 0.01056250 -0.11465117 0.03754856
v 0.01527633 -0.10524118 0.02245403
v 0.00980310 -0.11757476 0.03907028
v 0.01504191 -0.10574304 0.02204445
v 0.00921755 -0.11890885 0.03978945
v 0.01445456 -0.10584739 0.02178772
v 0.00862236 -0.11922039 0.03983499
v 0.01249983 -0.10575651 0.02122812
v -0.00005054 -0.10460208 0.01803203
v 0.00690726 -0.11916444 0.03940263
v 0.00669956 -0.11999150 0.04069955
v 0.00637935 -0.11923699 0.03967011
v -0.00576304 -0.11768330 0.03574795
v -0.01880259 -0.11677934 0.03286964
v -0.00590480 -0.11788467 0.03623165
v -0.00564404 -0.11670122 0.03563211
v -0.01847900 -0.11693689 0.03334204
v -0.01796392 -0.11574294 0.03275631
v -0.01884919 -0.11736701 0.03409311
v -0.01939447 -0.11756973 0.03406975
v -0.01829904 -0.11601894 0.03349592
v -0.01943719 -0.11799240 0.03610239
v -0.01999952 -0.11834562 0.03607226
v -0.02044895 -0.11867899 0.03982640
v -0.01904197 -0.11493621 0.03688538
v -0.01815916 -0.11227289 0.03452510
v -0.02002986 -0.11644236 0.04007972
v -0.01758967 -0.11507579 0.03725562
v -0.01857749 -0.11658170 0.04045171
v -0.01670633 -0.11241095 0.03489513
v -0.01606215 -0.10899402 0.03372664
v -0.01575386 -0.10534402 0.03393133
v -0.01751453 -0.10885583 0.03335770
v -0.01682181 -0.10885803 0.03075358
v -0.01720709 -0.10520742 0.03356153
v -0.01650086 -0.10442368 0.03111131
v -0.01728322 -0.10188215 0.03510506
v -0.01657706 -0.10028805 0.03292228
v -0.01773172 -0.09938594 0.03775455
v -0.01583073 -0.10201759 0.03547509
v -0.01627888 -0.09952133 0.03812561
v -0.01703133 -0.09823411 0.04147705
v -0.01797304 -0.09835359 0.04501970
v -0.01896084 -0.09985941 0.04821578
v -0.01984420 -0.10252434 0.05057628
v -0.02129626 -0.10238788 0.05020249
v -0.02048909 -0.10594111 0.05174440
v -0.02079642 -0.10959045 0.05153996
v -0.02194061 -0.10580413 0.05136984
v -0.02224828 -0.10945326 0.05116611
v -0.02273722 -0.10564908 0.05358037
v -0.02333871 -0.10554182 0.05390312
v -0.02198199 -0.10144798 0.05216579
v -0.02307397 -0.11010378 0.05329163
v -0.02300493 -0.11417677 0.05151743
v -0.02370695 -0.11016950 0.05365961
v -0.02360972 -0.11438611 0.05173510
v -0.02521360 -0.11002620 0.05322986
v -0.02484640 -0.10541835 0.05346869
v -0.02556887 -0.10987505 0.05258081
v -0.02511671 -0.11421996 0.05131586
v -0.02456115 -0.11735546 0.04798096
v -0.02549423 -0.11390570 0.05082971
v -0.02522574 -0.11278125 0.04929283
v -0.02494959 -0.11683395 0.04759701
v -0.02457562 -0.11429317 0.04603259
v -0.02406901 -0.11844990 0.04355376
v -0.02363837 -0.11899017 0.04375089
v -0.02402646 -0.11654725 0.04319552
v -0.02296131 -0.11834440 0.03921068
v -0.02250957 -0.11897753 0.03931148
v -0.02306883 -0.11538387 0.03965887
v -0.02195598 -0.11765079 0.03549805
v -0.02136671 -0.11696220 0.03343236
v -0.02152242 -0.11815977 0.03572392
v -0.02195487 -0.11555187 0.03517332
v -0.02143598 -0.11144469 0.03423325
v -0.02130787 -0.11549177 0.03264826
v -0.02088806 -0.11472466 0.03127557
v -0.02074720 -0.11241090 0.03116723
v -0.02031783 -0.11178336 0.02970653
v -0.02007399 -0.10844341 0.02991086
v -0.02063997 -0.10847726 0.03212688
v -0.01964793 -0.10770406 0.02850076
v -0.01976317 -0.10407419 0.03028205
v -0.01983888 -0.09997594 0.03208135
v -0.01930418 -0.10317753 0.02880367
v -0.02067964 -0.10509639 0.03351757
v -0.02291649 -0.10711315 0.04166464
v -0.02044611 -0.10137470 0.03395782
v -0.02114949 -0.09981381 0.03730029
v -0.02162242 -0.09743376 0.04003373
v -0.02039437 -0.09698152 0.03536080
v -0.02124461 -0.09529072 0.03932777
v -0.01995916 -0.09581824 0.03407362
v -0.01940494 -0.09897542 0.03073721
v -0.01690769 -0.08847969 0.02429364
v -0.02085365 -0.09414629 0.03820824
v -0.01719576 -0.08538929 0.02656851
v -0.02189339 -0.09407336 0.04238533
v -0.01738405 -0.08334592 0.02811982
v -0.02266972 -0.09469118 0.04561711
v -0.02226894 -0.09530173 0.04341605
v -0.02306052 -0.09579113 0.04675198
v -0.02258093 -0.09857557 0.04344656
v -0.02349625 -0.09822662 0.04757712
v -0.02371627 -0.09787146 0.04966008
v -0.02420302 -0.10263568 0.04878659
v -0.02499078 -0.10571313 0.05095474
v -0.02448157 -0.10126766 0.05143773
v -0.02409992 -0.10110950 0.05210613
v -0.02522548 -0.10545431 0.05285981
v -0.02332846 -0.09787314 0.05025027
v -0.02259066 -0.10121947 0.05253826
v -0.02181331 -0.09796515 0.05066707
v -0.02129213 -0.09625495 0.04933446
v -0.02121287 -0.09804151 0.05039056
v -0.02282915 -0.09617337 0.04891597
v -0.02322551 -0.09607361 0.04838707
v -0.02241421 -0.09517617 0.04771470
v -0.01662446 -0.08164063 0.02974517
v -0.02282596 -0.09506491 0.04719171
v -0.01719436 -0.08174486 0.02948014
v -0.01740910 -0.08222138 0.02902569
v -0.02503281 -0.10915883 0.04970937
v -0.01657472 -0.09217546 0.02162436
v -0.01624867 -0.09589236 0.01898644
v -0.01598121 -0.09903978 0.01679639
v -0.01579942 -0.10116446 0.01536741
v -0.01561606 -0.10237272 0.01460892
v -0.01530643 -0.10292500 0.01433768
v -0.02095341 -0.11610697 0.03212670
v -0.01469578 -0.10314077 0.01438484
v -0.01270479 -0.10341589 0.01482725
v -0.02051519 -0.11651458 0.03243561
v -0.02094083 -0.11738033 0.03373034
v -0.02099296 -0.11917253 0.03968152
v -0.02212483 -0.11918312 0.04413442
v -0.02156910 -0.11877548 0.04418110
v -0.02305142 -0.11753857 0.04838270
v -0.02244782 -0.11713887 0.04825393
v -0.02172368 -0.11527483 0.04697310
v -0.02217189 -0.11277881 0.04962187
v -0.02027199 -0.11541375 0.04734652
v -0.02097134 -0.11656112 0.04362227
v -0.01951954 -0.11670097 0.04399508
v -0.02072027 -0.11291672 0.04999587
v -0.01611994 -0.10397716 0.03024889
v -0.01647573 -0.10858059 0.02996659
v -0.00390211 -0.10491869 0.03308198
v 0.00805201 -0.10622150 0.03638858
v -0.00425940 -0.10952428 0.03280506
v 0.00769538 -0.11082241 0.03611059
v -0.00497128 -0.11372254 0.03407276
v 0.00699873 -0.11500994 0.03738043
v -0.01719788 -0.11277194 0.03122007
v -0.01754152 -0.11291241 0.03204567
v 0.00686292 -0.11517310 0.03825257
v 0.00641802 -0.11799486 0.03896927
v 0.00629218 -0.11829513 0.03975379
v 0.00625172 -0.11969310 0.04047763
v 0.00550379 -0.11724664 0.04316497
v 0.00569877 -0.12032479 0.04248967
v 0.00632186 -0.11459095 0.04077197
v 0.00404973 -0.11711628 0.04279754
v 0.00458352 -0.11874026 0.04638548
v 0.00312911 -0.11860960 0.04601873
v 0.00370098 -0.11884355 0.04994383
v 0.00469146 -0.12101295 0.04621171
v 0.00358202 -0.12111088 0.05056815
v 0.00514483 -0.12159969 0.04632068
v 0.00613831 -0.12077280 0.04271144
v 0.00401329 -0.12161050 0.05077287
v 0.00666438 -0.12168717 0.04672082
v 0.00765106 -0.12086852 0.04313279
v 0.00553580 -0.12169909 0.05116013
v 0.00721123 -0.12114587 0.04687405
v 0.00822039 -0.12045318 0.04316255
v 0.00609391 -0.12125132 0.05121439
v 0.00760381 -0.11823235 0.04744904
v 0.00873629 -0.11840198 0.04296802
v 0.00655650 -0.11938739 0.05096308
v 0.00607791 -0.11713979 0.05381782
v 0.00522068 -0.11963568 0.05525938
v 0.00535750 -0.11562167 0.05705974
v 0.00562137 -0.11200561 0.05749496
v 0.00466803 -0.11670698 0.05848999
v 0.00405746 -0.11692888 0.05872510
v 0.00460069 -0.11267661 0.06024280
v 0.00396061 -0.11273512 0.06063912
v 0.00493744 -0.10825574 0.06052045
v 0.00432755 -0.10812799 0.06087803
v 0.00559207 -0.10855260 0.05872112
v 0.00507403 -0.10381913 0.05951547
v 0.00279875 -0.10796904 0.06054122
v 0.00241336 -0.10798500 0.05996830
v 0.00243117 -0.11259687 0.06029806
v 0.00206987 -0.11243879 0.05967700
v 0.00252862 -0.11681276 0.05837344
v 0.00214586 -0.11651196 0.05790518
v 0.00308674 -0.11996595 0.05502117
v 0.00269586 -0.11947294 0.05463987
v 0.00461306 -0.12006428 0.05539018
v 0.00299056 -0.11754105 0.05329768
v 0.00153621 -0.11741013 0.05293268
v 0.00256110 -0.11503113 0.05593649
v 0.00110573 -0.11489995 0.05557186
v 0.00247647 -0.11169625 0.05745859
v 0.00275102 -0.10804289 0.05763274
v 0.00102194 -0.11156348 0.05709482
v 0.00129645 -0.10791011 0.05726894
v 0.00188768 -0.10449527 0.05606706
v 0.00224671 -0.11871366 0.04957824
v 0.00944397 -0.11431228 0.04207598
v 0.00938327 -0.11834186 0.04044300
v 0.00880827 -0.11976437 0.04109615
v 0.01013308 -0.11527870 0.03900925
v 0.01083321 -0.11131324 0.03776059
v 0.01026718 -0.11134717 0.03997667
v 0.01114472 -0.10694418 0.03813216
v 0.01022797 -0.10796718 0.04136778
v 0.01106859 -0.10284596 0.03993039
v 0.01046178 -0.10424469 0.04180793
v 0.01051351 -0.09985149 0.04321095
v 0.00822739 -0.12008925 0.04113864
v 0.00486798 -0.11445986 0.04040441
v 0.00545950 -0.11104421 0.03920244
v 0.00573368 -0.10739063 0.03937727
v 0.00691320 -0.11117687 0.03957130
v 0.00718749 -0.10752422 0.03974553
v 0.00755568 -0.11111979 0.03694810
v 0.00787681 -0.10668764 0.03730291
v 0.00780164 -0.10255237 0.03911354
v 0.00710308 -0.10418861 0.04126752
v 0.00565020 -0.10405446 0.04089953
v 0.00667367 -0.10167871 0.04390636
v 0.00596322 -0.10037619 0.04726025
v 0.00521937 -0.10154398 0.04353939
v 0.00450894 -0.10024147 0.04689324
v 0.00362680 -0.10034472 0.05045263
v -0.02361227 -0.11143371 0.04388929
v -0.02452267 -0.11134898 0.04365769
v -0.02321078 -0.11108671 0.04243485
v -0.02392804 -0.11274108 0.04465575
v -0.02397392 -0.11424370 0.04428496
v -0.02483868 -0.11265705 0.04442430
v -0.02488384 -0.11415985 0.04405385
v -0.02463266 -0.11497684 0.04276318
v -0.02423015 -0.11463019 0.04130845
v -0.02372170 -0.11506106 0.04299396
v -0.02332046 -0.11471487 0.04153964
v -0.02300375 -0.11340685 0.04077344
v -0.02295859 -0.11190416 0.04114386
v -0.02391437 -0.11332284 0.04054194
v -0.02386917 -0.11182016 0.04091239
v -0.02412139 -0.11100279 0.04220339
v 0.00608909 -0.10758626 0.05635225
v 0.00649030 -0.10724005 0.05489797
v 0.00699946 -0.10767108 0.05658387
v 0.00577305 -0.10889442 0.05711888
v 0.00572789 -0.11039712 0.05674845
v 0.00668363 -0.10897843 0.05735035
v 0.00663779 -0.11048097 0.05697951
v 0.00688998 -0.11129842 0.05568852
v 0.00729127 -0.11095213 0.05423425
v 0.00597907 -0.11121421 0.05545776
v 0.00638157 -0.11086756 0.05400303
v 0.00669736 -0.10956021 0.05323652
v 0.00674221 -0.10805722 0.05360764
v 0.00760794 -0.10964421 0.05346799
v 0.00765316 -0.10814144 0.05383843
v 0.00740095 -0.10732408 0.05512943
v 0.00668200 -0.11424714 0.05158307
v 0.00708353 -0.11390014 0.05012865
v 0.00759262 -0.11433116 0.05181457
v 0.00636621 -0.11555449 0.05234958
v 0.00632035 -0.11705713 0.05197875
v 0.00727590 -0.11563917 0.05258077
v 0.00723074 -0.11714186 0.05221035
v 0.00748289 -0.11795931 0.05091934
v 0.00788442 -0.11761231 0.04946492
v 0.00657223 -0.11787428 0.05068846
v 0.00697378 -0.11752828 0.04923347
v 0.00728982 -0.11622012 0.04846684
v 0.00733568 -0.11471759 0.04883765
v 0.00820019 -0.11630494 0.04869846
v 0.00824608 -0.11480232 0.04906925
v 0.00799419 -0.11398517 0.05035954
v 0.00874257 -0.10949750 0.04520636
v 0.00914406 -0.10915049 0.04375192
v 0.00965290 -0.10958231 0.04543795
v 0.00842679 -0.11080485 0.04597286
v 0.00838092 -0.11230748 0.04560203
v 0.00933643 -0.11088951 0.04620403
v 0.00929128 -0.11239221 0.04583361
v 0.00954314 -0.11320945 0.04454333
v 0.00994474 -0.11286337 0.04308829
v 0.00863252 -0.11312544 0.04431184
v 0.00903405 -0.11277844 0.04285742
v 0.00935076 -0.11147042 0.04209121
v 0.00939570 -0.10996845 0.04246175
v 0.01026073 -0.11155529 0.04232172
v 0.01030661 -0.11005266 0.04269251
v 0.01005443 -0.10923531 0.04398353
v 0.00814933 -0.10283641 0.04997625
v 0.00855090 -0.10249042 0.04852122
v 0.00905999 -0.10292143 0.05020713
v 0.00783325 -0.10414456 0.05074285
v 0.00778811 -0.10564727 0.05037238
v 0.00874398 -0.10422950 0.05097374
v 0.00869837 -0.10573133 0.05060279
v 0.00895000 -0.10654929 0.04931262
v 0.00935181 -0.10620248 0.04785751
v 0.00804030 -0.10646472 0.04908140
v 0.00844177 -0.10611770 0.04762700
v 0.00875756 -0.10481035 0.04686049
v 0.00880279 -0.10330757 0.04723093
v 0.00966829 -0.10489529 0.04709138
v 0.00971345 -0.10339259 0.04746181
v 0.00946148 -0.10257442 0.04875269
v -0.02420521 -0.10477292 0.04865848
v -0.02511513 -0.10468907 0.04842737
v -0.02380324 -0.10442680 0.04720453
v -0.02452122 -0.10608100 0.04942509
v -0.02456640 -0.10758369 0.04905461
v -0.02543159 -0.10599617 0.04919348
v -0.02547677 -0.10749896 0.04882307
v -0.02522487 -0.10831612 0.04753274
v -0.02482365 -0.10796991 0.04607846
v -0.02431454 -0.10840094 0.04776433
v -0.02391274 -0.10805412 0.04630922
v -0.02359691 -0.10674678 0.04554274
v -0.02355172 -0.10524400 0.04591315
v -0.02450764 -0.10666184 0.04531185
v -0.02446175 -0.10515922 0.04568263
v -0.02471366 -0.10434205 0.04697297
v -0.02155174 -0.10668406 0.03751255
v -0.02246243 -0.10659913 0.03728168
v -0.02115046 -0.10633787 0.03605825
v -0.02186775 -0.10799223 0.03827913
v -0.02191291 -0.10949493 0.03790871
v -0.02277844 -0.10790720 0.03804829
v -0.02282331 -0.10941020 0.03767711
v -0.02257142 -0.11022735 0.03638682
v -0.02216991 -0.10988034 0.03493244
v -0.02166175 -0.11031201 0.03661806
v -0.02125993 -0.10996521 0.03516291
v -0.02094346 -0.10865801 0.03439682
v -0.02089828 -0.10715522 0.03476723
v -0.02185412 -0.10857298 0.03416594
v -0.02180897 -0.10707029 0.03453636
v -0.02206013 -0.10625321 0.03582702
v -0.02214420 -0.10002415 0.04228223
v -0.02305486 -0.09993913 0.04205135
v -0.02174271 -0.09967714 0.04082779
v -0.02246068 -0.10133134 0.04304836
v -0.02250582 -0.10283405 0.04267789
v -0.02337069 -0.10124647 0.04281783
v -0.02341657 -0.10274909 0.04244704
v -0.02316433 -0.10356647 0.04115600
v -0.02276311 -0.10322026 0.03970172
v -0.02225396 -0.10365129 0.04138761
v -0.02185247 -0.10330428 0.03993317
v -0.02153637 -0.10199712 0.03916600
v -0.02149082 -0.10049429 0.03953750
v -0.02244704 -0.10191210 0.03893512
v -0.02240118 -0.10040957 0.03930592
v -0.02265309 -0.09959240 0.04059625
v 0.02157527 -0.06270154 0.08748272
v 0.02107452 -0.06268787 0.08733731
v 0.02149691 -0.06250401 0.08767549
v 0.03303724 -0.06382942 0.08991920
v 0.03306686 -0.06364217 0.09013540
v 0.03354745 -0.06391460 0.08998933
v 0.03394201 -0.06404228 0.08997472
v 0.03373784 -0.06375357 0.09022692
v 0.03400412 -0.06284059 0.08939888
v 0.03431846 -0.06394170 0.09020605
v 0.03472043 -0.06417795 0.09007531
v 0.03458474 -0.06302871 0.08937800
v 0.03498664 -0.06326419 0.08924721
v 0.03514861 -0.06351202 0.08902618
v 0.03488205 -0.06442498 0.08985494
v 0.03850546 -0.08986831 0.06104164
v 0.03840247 -0.09008899 0.06076460
v 0.03823890 -0.09078127 0.06187040
v 0.03813702 -0.09100268 0.06159300
v 0.03768960 -0.09070834 0.06177351
v 0.03761197 -0.09087643 0.06156376
v 0.03433804 -0.06438989 0.08971856
v 0.03421448 -0.06420187 0.08988621
v 0.03737315 -0.09098613 0.06136571
v 0.03700167 -0.09103871 0.06118867
v 0.03778507 -0.09116405 0.06130210
v 0.03805135 -0.09025106 0.06047405
v 0.03723832 -0.09124155 0.06104148
v 0.03750452 -0.09032776 0.06021338
v 0.03657920 -0.09122255 0.06085056
v 0.02500978 -0.09008428 0.05839167
v 0.03650057 -0.09102420 0.06104391
v 0.03684540 -0.09030876 0.06002245
v 0.02527531 -0.08917139 0.05756333
v 0.02460452 -0.08905923 0.05747104
v 0.02402386 -0.08887109 0.05749190
v 0.02433899 -0.08997212 0.05829938
v 0.02452919 -0.08981186 0.05853774
v 0.02375837 -0.08978399 0.05832015
v 0.02413490 -0.08968420 0.05855164
v 0.02335651 -0.08954851 0.05845096
v 0.02386207 -0.08952381 0.05864070
v 0.02319383 -0.08930155 0.05867184
v 0.02362204 -0.08863561 0.05762262
v 0.02346000 -0.08838781 0.05784372
v 0.02010314 -0.06203147 0.08582826
v 0.02020616 -0.06181082 0.08610521
v 0.01983769 -0.06294517 0.08665666
v 0.01993988 -0.06272381 0.08693326
v 0.02038730 -0.06301813 0.08675274
v 0.02046466 -0.06285000 0.08696331
v 0.02373851 -0.08933573 0.05880845
v 0.02070371 -0.06273957 0.08716050
v 0.02029104 -0.06256249 0.08722395
v 0.02083859 -0.06248491 0.08748487
v 0.02055725 -0.06164872 0.08639585
v 0.02110412 -0.06157202 0.08665654
v 0.02176312 -0.06159024 0.08684739
v 0.03333302 -0.06272841 0.08930728
v 0.02503868 -0.08989711 0.05860749
v 0.04153423 -0.06950890 0.09623104
v 0.04177307 -0.06961286 0.09505817
v 0.04124612 -0.07078672 0.09699310
v 0.04148311 -0.06818570 0.09707463
v 0.04092655 -0.06944627 0.09910831
v 0.04187439 -0.06770727 0.09545346
v 0.04145012 -0.06625387 0.09807108
v 0.04191022 -0.06575140 0.09613744
v 0.04072923 -0.06735700 0.10095180
v 0.04154183 -0.06403805 0.09852206
v 0.04195232 -0.06381488 0.09669237
v 0.04166370 -0.06203477 0.09859629
v 0.04093192 -0.06451184 0.10116593
v 0.04121251 -0.06195765 0.10074986
v 0.04030619 -0.06443950 0.10410034
v 0.04074217 -0.06157947 0.10309918
v 0.03945494 -0.06952451 0.10592150
v 0.03997087 -0.06272722 0.10633886
v 0.03939628 -0.06454765 0.10827982
v 0.03981038 -0.06074074 0.10777685
v 0.04037696 -0.06068554 0.10514295
v 0.04055596 -0.05914780 0.10460844
v 0.04013552 -0.05993456 0.10651425
v 0.04016012 -0.05885595 0.10657238
v 0.04009966 -0.05801030 0.10660037
v 0.03972353 -0.05923640 0.10847899
v 0.03924515 -0.06002504 0.11039243
v 0.03961409 -0.05831712 0.10875162
v 0.03910640 -0.05905386 0.11080733
v 0.03942342 -0.05790565 0.10881408
v 0.03754050 -0.05756171 0.10843362
v 0.03890030 -0.05863729 0.11093743
v 0.03992694 -0.05761376 0.10657839
v 0.04039265 -0.05777656 0.10431414
v 0.03805013 -0.05726376 0.10617348
v 0.03775252 -0.05732306 0.10610271
v 0.03852041 -0.05741614 0.10389169
v 0.03893637 -0.05789611 0.10171034
v 0.03821993 -0.05748322 0.10382878
v 0.03796494 -0.05785461 0.10383031
v 0.03863536 -0.05796973 0.10164655
v 0.03898800 -0.05861862 0.09968543
v 0.03836943 -0.05836596 0.10167572
v 0.03873384 -0.05897546 0.09967560
v 0.03716292 -0.06137207 0.10355719
v 0.03739271 -0.06176595 0.10221344
v 0.03477619 -0.06114376 0.10306390
v 0.03689608 -0.06121902 0.10494155
v 0.03450915 -0.06099147 0.10444903
v 0.03660069 -0.06131214 0.10632610
v 0.03628567 -0.06164883 0.10766875
v 0.03751800 -0.05766390 0.10603218
v 0.03421377 -0.06108460 0.10583358
v 0.03389898 -0.06142053 0.10717537
v 0.03357467 -0.06198917 0.10843417
v 0.03325001 -0.06277309 0.10957157
v 0.03596164 -0.06221671 0.10892671
v 0.03563701 -0.06300142 0.11006415
v 0.03650919 -0.05872291 0.11026886
v 0.03599833 -0.05979756 0.11218329
v 0.03702526 -0.05797687 0.10819724
v 0.03671811 -0.05835911 0.11048835
v 0.03724560 -0.05761921 0.10835094
v 0.03700992 -0.05830416 0.11058445
v 0.03619137 -0.05949390 0.11243907
v 0.03647972 -0.05945216 0.11254638
v 0.03568758 -0.06099287 0.11411964
v 0.03597134 -0.06096853 0.11423776
v 0.03522452 -0.06281724 0.11545317
v 0.03551302 -0.06121333 0.11381997
v 0.03506988 -0.06298742 0.11507613
v 0.03532220 -0.06397640 0.11104558
v 0.03502713 -0.06511386 0.11184029
v 0.03293553 -0.06374887 0.11055224
v 0.03264021 -0.06488631 0.11134777
v 0.03237277 -0.06615096 0.11193280
v 0.03214226 -0.06750532 0.11228965
v 0.03475978 -0.06637929 0.11242538
v 0.03452918 -0.06773287 0.11278217
v 0.03467684 -0.06501653 0.11597606
v 0.03481669 -0.06488874 0.11640977
v 0.03434578 -0.06718011 0.11654324
v 0.03409908 -0.06940416 0.11667984
v 0.03447962 -0.06711828 0.11696497
v 0.03422910 -0.06942583 0.11707817
v 0.03475329 -0.06713300 0.11711321
v 0.03667925 -0.06732860 0.11735997
v 0.03450144 -0.06945270 0.11722714
v 0.03509255 -0.06488886 0.11655660
v 0.03550352 -0.06280581 0.11558791
v 0.03701398 -0.06511415 0.11681135
v 0.03741794 -0.06305849 0.11586323
v 0.03729309 -0.06528073 0.11645424
v 0.03696213 -0.06742637 0.11701315
v 0.03767851 -0.06327092 0.11556494
v 0.03760111 -0.06567049 0.11551172
v 0.03726688 -0.06767416 0.11613128
v 0.03799586 -0.06637986 0.11375721
v 0.03794578 -0.06372336 0.11476687
v 0.03829120 -0.06431968 0.11326733
v 0.03831624 -0.06209264 0.11375117
v 0.03847553 -0.06283471 0.11298321
v 0.03811375 -0.06151518 0.11432182
v 0.03875783 -0.06093413 0.11223632
v 0.03859758 -0.06011518 0.11270314
v 0.03883996 -0.06243551 0.11155886
v 0.03878985 -0.06477887 0.11094050
v 0.03933467 -0.06178021 0.10958607
v 0.03853511 -0.06750622 0.11096221
v 0.03796547 -0.06961549 0.11258557
v 0.03738105 -0.07097637 0.11447549
v 0.03817382 -0.07176333 0.11074159
v 0.03761095 -0.06829587 0.11462793
v 0.03731161 -0.06963460 0.11531129
v 0.03702088 -0.06963971 0.11635185
v 0.03671520 -0.06963562 0.11714320
v 0.03692654 -0.07161388 0.11591369
v 0.03689201 -0.07367755 0.11516523
v 0.03657615 -0.07184717 0.11678023
v 0.03651152 -0.07398874 0.11610873
v 0.03627730 -0.07191100 0.11713169
v 0.03643040 -0.06962340 0.11746917
v 0.03434400 -0.07175870 0.11689815
v 0.03620183 -0.07408167 0.11648454
v 0.03426611 -0.07393636 0.11625717
v 0.03617916 -0.07601475 0.11569828
v 0.03647906 -0.07596641 0.11535372
v 0.03424466 -0.07586576 0.11546440
v 0.03618825 -0.07757986 0.11493109
v 0.03425774 -0.07742666 0.11468315
v 0.03621263 -0.07869264 0.11429898
v 0.03646964 -0.07760494 0.11464296
v 0.03648029 -0.07876845 0.11405195
v 0.03677234 -0.07759382 0.11394185
v 0.03674672 -0.07888803 0.11346330
v 0.03715218 -0.07752931 0.11264778
v 0.03683318 -0.07577090 0.11449428
v 0.03731358 -0.07534681 0.11289260
v 0.03742074 -0.07298742 0.11344494
v 0.03795316 -0.07474142 0.11044276
v 0.03763233 -0.07746528 0.11069808
v 0.03857833 -0.07474449 0.10765086
v 0.03888532 -0.07645643 0.10546571
v 0.03810046 -0.07775814 0.10850378
v 0.03844448 -0.07862172 0.10653903
v 0.03783172 -0.07976153 0.10884298
v 0.03820610 -0.08030695 0.10687887
v 0.03772220 -0.08101419 0.10877785
v 0.03743205 -0.07934122 0.11077251
v 0.03705537 -0.07906954 0.11239252
v 0.03735474 -0.08050629 0.11059486
v 0.03703063 -0.08006044 0.11204792
v 0.03736607 -0.08124167 0.11020281
v 0.03772140 -0.08178496 0.10842441
v 0.03743013 -0.08183121 0.10963024
v 0.03706150 -0.08073066 0.11159492
v 0.03712809 -0.08131099 0.11101276
v 0.03680324 -0.08037521 0.11250907
v 0.03656177 -0.08016389 0.11301837
v 0.03675947 -0.07975148 0.11300417
v 0.03687088 -0.08094851 0.11192185
v 0.04040506 -0.11075165 0.08017609
v 0.03662989 -0.08073335 0.11242865
v 0.03636735 -0.08062211 0.11264632
v 0.04020100 -0.11089527 0.08030279
v 0.03993801 -0.11095643 0.08033576
v 0.03972680 -0.11219453 0.07871895
v 0.03947118 -0.11225998 0.07874982
v 0.03739369 -0.11547175 0.07435645
v 0.03992785 -0.11204180 0.07859936
v 0.04010483 -0.11176936 0.07836398
v 0.03758489 -0.11532208 0.07422976
v 0.03746649 -0.11577021 0.07369710
v 0.03776090 -0.11505606 0.07398553
v 0.03764486 -0.11551873 0.07343812
v 0.03794368 -0.11464221 0.07359453
v 0.03783053 -0.11512638 0.07302403
v 0.03815190 -0.11405205 0.07303445
v 0.04028670 -0.11134424 0.07798502
v 0.04049254 -0.11073953 0.07743988
v 0.04076847 -0.11008681 0.07952691
v 0.04097734 -0.10950618 0.07895718
v 0.04058427 -0.11049220 0.07992566
v 0.04122781 -0.10872039 0.07819620
v 0.03778290 -0.08237916 0.10785787
v 0.03818678 -0.08278995 0.10582224
v 0.03863985 -0.08289904 0.10364739
v 0.03812445 -0.08220057 0.10639037
v 0.03811739 -0.08145961 0.10676494
v 0.03857484 -0.08231497 0.10422409
v 0.03907075 -0.08198845 0.10204177
v 0.03855122 -0.08160540 0.10466552
v 0.03903149 -0.08125581 0.10256567
v 0.03858575 -0.08055898 0.10498451
v 0.03866123 -0.07937595 0.10517894
v 0.03902238 -0.08012696 0.10313271
v 0.03950676 -0.07929107 0.10123969
v 0.03900018 -0.07850026 0.10398794
v 0.03948664 -0.07739602 0.10221245
v 0.03998097 -0.07671113 0.10020406
v 0.03947580 -0.07454359 0.10357659
v 0.04007616 -0.07427869 0.10087795
v 0.04035698 -0.07151677 0.10083087
v 0.04054546 -0.07477187 0.09844558
v 0.04085971 -0.07267762 0.09793360
v 0.04083029 -0.07549408 0.09677235
v 0.04033578 -0.07631685 0.09871430
v 0.04044496 -0.07716993 0.09780793
v 0.04054669 -0.07797123 0.09695774
v 0.03999691 -0.07835409 0.09936591
v 0.04005571 -0.07939780 0.09860816
v 0.03954175 -0.08048480 0.10052346
v 0.04011919 -0.08008813 0.09799174
v 0.04062459 -0.07858367 0.09630730
v 0.04018951 -0.08066945 0.09739121
v 0.03959297 -0.08123229 0.09993521
v 0.03966183 -0.08182148 0.09933879
v 0.03913786 -0.08257640 0.10145404
v 0.04234663 -0.10496813 0.07467548
v 0.04185061 -0.10611763 0.07324964
v 0.04281714 -0.10336746 0.07320514
v 0.04191393 -0.10643457 0.07603475
v 0.04153625 -0.10770106 0.07722362
v 0.04141987 -0.10759879 0.07459299
v 0.04104475 -0.10888603 0.07575953
v 0.03908407 -0.11095450 0.07014203
v 0.03898393 -0.11154397 0.06946012
v 0.03870770 -0.11222868 0.07132319
v 0.03951722 -0.10948272 0.06878879
v 0.03998665 -0.10787790 0.06732219
v 0.03941898 -0.11008858 0.06808926
v 0.03989006 -0.10849494 0.06661080
v 0.04076450 -0.12155290 0.05588211
v 0.04127415 -0.12025951 0.05408314
v 0.04103395 -0.12410803 0.05315314
v 0.04026869 -0.12252954 0.05776114
v 0.04052381 -0.12497836 0.05514907
v 0.03980804 -0.12314891 0.05964025
v 0.03940059 -0.12338440 0.06144145
v 0.04004425 -0.12545345 0.05718494
v 0.03860505 -0.11279569 0.07066521
v 0.03829453 -0.11379699 0.07165518
v 0.03804201 -0.11456304 0.07243524
v 0.03840072 -0.11325682 0.07228375
v 0.04073984 -0.10992870 0.07670595
v 0.03904754 -0.12329880 0.06309701
v 0.03874790 -0.12299765 0.06452264
v 0.03923520 -0.12519715 0.06106782
v 0.03929106 -0.12640491 0.05980374
v 0.03961368 -0.12551097 0.05917869
v 0.03891326 -0.12459890 0.06277053
v 0.03893529 -0.12555803 0.06182030
v 0.03868729 -0.12397971 0.06400570
v 0.03862183 -0.12435433 0.06382080
v 0.03851123 -0.12273443 0.06552311
v 0.03833660 -0.12276679 0.06592955
v 0.03816314 -0.12289517 0.06603669
v 0.03727551 -0.11591351 0.07383235
v 0.03794594 -0.12295703 0.06606518
v 0.03848931 -0.12464825 0.06368272
v 0.03828592 -0.12476833 0.06362496
v 0.03883979 -0.12604097 0.06139658
v 0.03922023 -0.12702693 0.05916613
v 0.03865157 -0.12622363 0.06123452
v 0.03674841 -0.12615726 0.06088778
v 0.03904410 -0.12726464 0.05890762
v 0.03947021 -0.12787290 0.05662318
v 0.03715108 -0.12721909 0.05850546
v 0.02817307 -0.12634037 0.05659919
v 0.03758572 -0.12784817 0.05616753
v 0.03805927 -0.12801804 0.05386275
v 0.02860893 -0.12696861 0.05425997
v 0.02908165 -0.12713777 0.05195484
v 0.01963138 -0.12608909 0.05235211
v 0.02010544 -0.12625826 0.05004576
v 0.01919627 -0.12546076 0.05469162
v 0.01916410 -0.12603576 0.05225261
v 0.01963689 -0.12620573 0.04994754
v 0.01872918 -0.12540836 0.05458967
v 0.01728748 -0.12569106 0.05190714
v 0.01775264 -0.12584549 0.04964841
v 0.01705813 -0.12537498 0.05214857
v 0.01686214 -0.12508270 0.05419198
v 0.01664437 -0.12480745 0.05436718
v 0.01647004 -0.12404157 0.05651986
v 0.01832714 -0.12434569 0.05697220
v 0.01610537 -0.12258620 0.05890985
v 0.01626950 -0.12382166 0.05659899
v 0.01592229 -0.12242859 0.05888547
v 0.01610338 -0.12331271 0.05696722
v 0.01591959 -0.12233724 0.05788395
v 0.01580319 -0.12211003 0.05896954
v 0.01644056 -0.12415771 0.05494674
v 0.01620542 -0.12293237 0.05617312
v 0.01683264 -0.12463133 0.05286154
v 0.01656997 -0.12324467 0.05427933
v 0.01727932 -0.12469115 0.05072967
v 0.01777180 -0.12430869 0.04858958
v 0.01751723 -0.12550030 0.04993191
v 0.01699825 -0.12318663 0.05228468
v 0.01664989 -0.12087130 0.05471840
v 0.01747825 -0.12271141 0.05024989
v 0.01798728 -0.12184039 0.04825433
v 0.01711017 -0.12025285 0.05283826
v 0.01559428 -0.10924347 0.06448857
v 0.01760579 -0.11927461 0.05095910
v 0.01602898 -0.10778904 0.06311679
v 0.01811521 -0.11798200 0.04916099
v 0.01649998 -0.10619460 0.06163826
v 0.01850570 -0.12061511 0.04638306
v 0.01861731 -0.11641713 0.04752380
v 0.01698861 -0.10452521 0.06011407
v 0.01909105 -0.11463069 0.04612114
v 0.01901063 -0.11907277 0.04472116
v 0.01948189 -0.11726288 0.04334414
v 0.01932232 -0.12079800 0.04291877
v 0.01957855 -0.12172282 0.04198112
v 0.01979153 -0.11897187 0.04155757
v 0.01881525 -0.12232474 0.04459905
v 0.01829073 -0.12350764 0.04651712
v 0.01906989 -0.12324260 0.04366995
v 0.01931555 -0.12363099 0.04332234
v 0.01854278 -0.12440367 0.04561460
v 0.01801766 -0.12516824 0.04773148
v 0.01878599 -0.12478331 0.04527945
v 0.02068167 -0.12515317 0.04552071
v 0.01825758 -0.12553383 0.04741606
v 0.02014928 -0.12590237 0.04768060
v 0.02061707 -0.12595500 0.04777854
v 0.02115005 -0.12520581 0.04561713
v 0.02959403 -0.12683441 0.04968790
v 0.03012701 -0.12608527 0.04752650
v 0.03857130 -0.12771385 0.05159647
v 0.04044006 -0.12771646 0.05213285
v 0.03910373 -0.12696546 0.04943662
v 0.03963685 -0.12580905 0.04746448
v 0.04096875 -0.12696597 0.04999554
v 0.04112204 -0.12662442 0.05041409
v 0.04149823 -0.12581284 0.04803837
v 0.04165029 -0.12546408 0.04846899
v 0.04200778 -0.12429484 0.04634565
v 0.04215828 -0.12394345 0.04678161
v 0.04247528 -0.12245610 0.04499358
v 0.04014908 -0.12428347 0.04576219
v 0.04061959 -0.12243365 0.04440321
v 0.03117255 -0.12340250 0.04385119
v 0.03164306 -0.12155268 0.04249222
v 0.02219599 -0.12252153 0.04194029
v 0.03066040 -0.12492888 0.04555354
v 0.02168364 -0.12404869 0.04364341
v 0.02121478 -0.12399676 0.04354846
v 0.02172698 -0.12247114 0.04184626
v 0.02219752 -0.12062137 0.04048720
v 0.01982403 -0.12211307 0.04163003
v 0.02029229 -0.12027422 0.04027835
v 0.02070384 -0.11819474 0.03930480
v 0.02004735 -0.11988813 0.04062714
v 0.02045945 -0.11782048 0.03964480
v 0.02080046 -0.11561101 0.03906358
v 0.02020645 -0.11692909 0.04055141
v 0.02055160 -0.11476082 0.03993026
v 0.01990217 -0.11526566 0.04229192
v 0.01951954 -0.11270153 0.04499804
v 0.02025561 -0.11316977 0.04159670
v 0.02052763 -0.11106522 0.04129204
v 0.01988730 -0.11071576 0.04418944
v 0.01837014 -0.09970956 0.05584193
v 0.02017674 -0.10875770 0.04373273
v 0.01874067 -0.09838790 0.05471189
v 0.02037840 -0.10690933 0.04364344
v 0.01904018 -0.09730375 0.05381085
v 0.02050771 -0.10523258 0.04385931
v 0.02070767 -0.10903417 0.04139221
v 0.02080477 -0.10713821 0.04184886
v 0.02097771 -0.11039599 0.03995154
v 0.02081249 -0.11255656 0.03972514
v 0.02121247 -0.11110709 0.03920835
v 0.02105272 -0.10831621 0.04058033
v 0.02127612 -0.10889844 0.03993893
v 0.02104749 -0.10633310 0.04156856
v 0.02125176 -0.10670934 0.04107992
v 0.02083564 -0.10545318 0.04257154
v 0.02096083 -0.10439608 0.04290475
v 0.02114356 -0.10449731 0.04262220
v 0.02082829 -0.10424548 0.04327643
v 0.02078727 -0.10237901 0.04462264
v 0.01983236 -0.09504945 0.05206619
v 0.02066259 -0.10280475 0.04461064
v 0.02095973 -0.10224378 0.04452255
v 0.02002048 -0.09488361 0.05195574
v 0.02117726 -0.10218621 0.04449004
v 0.02308686 -0.10223693 0.04481038
v 0.02024475 -0.09480929 0.05192270
v 0.02136484 -0.10452221 0.04252620
v 0.02148010 -0.10683528 0.04091561
v 0.02327460 -0.10459959 0.04283464
v 0.02374426 -0.10464103 0.04292860
v 0.02339003 -0.10695779 0.04120258
v 0.02385969 -0.10699923 0.04129654
v 0.02342109 -0.10929359 0.03997562
v 0.02336206 -0.11161962 0.03917718
v 0.02389043 -0.10933676 0.04006870
v 0.02151044 -0.10911698 0.03971318
v 0.02145120 -0.11139051 0.03893849
v 0.02129668 -0.11367281 0.03860979
v 0.02105516 -0.11334783 0.03891140
v 0.02320659 -0.11394771 0.03882998
v 0.02104341 -0.11596494 0.03873857
v 0.02295282 -0.11627288 0.03894858
v 0.02342188 -0.11632093 0.03904172
v 0.02261067 -0.11852653 0.03951126
v 0.02308087 -0.11857527 0.03960395
v 0.03205720 -0.11945702 0.04151572
v 0.02266685 -0.12067173 0.04058053
v 0.03239828 -0.11720343 0.04095354
v 0.04103278 -0.12033886 0.04342719
v 0.04288696 -0.12037741 0.04402010
v 0.04137457 -0.11808519 0.04286529
v 0.04322614 -0.11814684 0.04345462
v 0.04162838 -0.11575996 0.04274670
v 0.04178373 -0.11343108 0.04309383
v 0.03265190 -0.11487665 0.04083482
v 0.04347940 -0.11585465 0.04332583
v 0.04363524 -0.11556929 0.04371123
v 0.04363424 -0.11357239 0.04365373
v 0.04379152 -0.11332861 0.04400861
v 0.04369245 -0.11129893 0.04442884
v 0.04184276 -0.11110509 0.04389227
v 0.04385289 -0.11111944 0.04473828
v 0.04366163 -0.10901734 0.04563027
v 0.04181181 -0.10877005 0.04511919
v 0.04382285 -0.10892936 0.04587794
v 0.04354606 -0.10670425 0.04724166
v 0.04371058 -0.10671697 0.04741945
v 0.04335848 -0.10436825 0.04920551
v 0.04169663 -0.10641192 0.04675064
v 0.03272051 -0.10552688 0.04483966
v 0.04150888 -0.10404846 0.04872624
v 0.04070613 -0.09669670 0.05615959
v 0.03253343 -0.10316332 0.04681562
v 0.02355719 -0.10227753 0.04490457
v 0.03168380 -0.09580640 0.05423905
v 0.03163888 -0.09535363 0.05472348
v 0.02266138 -0.09491611 0.05231858
v 0.02250530 -0.09445263 0.05277905
v 0.02218170 -0.09487424 0.05222152
v 0.02200040 -0.09440878 0.05267723
v 0.01960932 -0.09067072 0.05603345
v 0.02001247 -0.09433655 0.05236948
v 0.01680440 -0.09051786 0.05555268
v 0.01978600 -0.09440763 0.05240503
v 0.01654772 -0.09058342 0.05558407
v 0.01959574 -0.09456587 0.05252297
v 0.01634690 -0.09073538 0.05570280
v 0.01942142 -0.09484659 0.05275200
v 0.01965995 -0.09534480 0.05227928
v 0.01924081 -0.09528386 0.05311816
v 0.01616973 -0.09100854 0.05593905
v 0.01534867 -0.08960243 0.05722484
v 0.01598817 -0.09143373 0.05631721
v 0.01578229 -0.09203840 0.05686244
v 0.01516976 -0.09004738 0.05758241
v 0.01496722 -0.09067616 0.05810225
v 0.01130235 -0.06172162 0.08755730
v 0.01136393 -0.06035029 0.08818194
v 0.01124364 -0.06348273 0.08687809
v 0.01122280 -0.06118641 0.08817902
v 0.01116251 -0.06295382 0.08750371
v 0.01109763 -0.06084531 0.08892901
v 0.01128698 -0.05980494 0.08879571
v 0.01118034 -0.05939702 0.08948696
v 0.01138421 -0.05889234 0.08922882
v 0.01129077 -0.05843793 0.08987718
v 0.01153235 -0.05837309 0.08949481
v 0.01145871 -0.05944392 0.08862118
v 0.01160745 -0.05892757 0.08889099
v 0.01552475 -0.08931697 0.05700319
v 0.01572722 -0.08915694 0.05689331
v 0.01598894 -0.08908889 0.05686820
v 0.01898385 -0.08925630 0.05739155
v 0.01182521 -0.05868859 0.08904534
v 0.01447790 -0.05873465 0.08963562
v 0.01174806 -0.05813361 0.08964752
v 0.01392398 -0.05815907 0.09012206
v 0.01166246 -0.05764767 0.09026515
v 0.01365158 -0.05769197 0.09066605
v 0.01144540 -0.05789550 0.09012081
v 0.01153972 -0.05716178 0.09106246
v 0.01131589 -0.05743358 0.09094131
v 0.01346315 -0.05720436 0.09144286
v 0.01135229 -0.05660723 0.09220064
v 0.01326621 -0.05663448 0.09258285
v 0.01111452 -0.05692448 0.09212627
v 0.01107803 -0.05595128 0.09379188
v 0.01072692 -0.05530443 0.09574517
v 0.01299425 -0.05596314 0.09417188
v 0.01081994 -0.05633092 0.09378399
v 0.01055654 -0.05723797 0.09388889
v 0.01045765 -0.05571925 0.09577800
v 0.01016525 -0.05672045 0.09598921
v 0.01005497 -0.05520569 0.09792717
v 0.00960982 -0.05501076 0.10011843
v 0.00979160 -0.05612133 0.09806852
v 0.01031284 -0.05481756 0.09791922
v 0.00984756 -0.05465461 0.10018456
v 0.01222804 -0.05483012 0.09830222
v 0.01264449 -0.05530996 0.09612198
v 0.01250954 -0.05495449 0.09836289
v 0.01175777 -0.05467774 0.10058401
v 0.01124818 -0.05497568 0.10284417
v 0.01204179 -0.05479349 0.10063758
v 0.01153517 -0.05509046 0.10288514
v 0.01221726 -0.05517487 0.10065414
v 0.01266827 -0.05536594 0.09845305
v 0.01242271 -0.05896568 0.10069416
v 0.01172792 -0.05548829 0.10281962
v 0.01121515 -0.05623476 0.10489173
v 0.01208667 -0.05919925 0.10205323
v 0.01447265 -0.05941899 0.10255463
v 0.01174358 -0.05967044 0.10334684
v 0.01412972 -0.05989098 0.10384822
v 0.01140450 -0.06036656 0.10453561
v 0.01070094 -0.05730899 0.10680566
v 0.01379052 -0.06058632 0.10503693
v 0.01107859 -0.06126597 0.10558386
v 0.01077683 -0.06234005 0.10646054
v 0.01021235 -0.05872510 0.10844200
v 0.01346429 -0.06148568 0.10608597
v 0.01316217 -0.06256068 0.10696162
v 0.01289332 -0.06377763 0.10763799
v 0.01050734 -0.06355790 0.10713659
v 0.01266445 -0.06510111 0.10809493
v 0.01248436 -0.06649093 0.10831887
v 0.01027918 -0.06488128 0.10759380
v 0.00904839 -0.06469152 0.11116560
v 0.01009831 -0.06627120 0.10781755
v 0.00997129 -0.06768401 0.10780105
v 0.00879869 -0.06691596 0.11130116
v 0.00865868 -0.06913704 0.11094153
v 0.00851837 -0.06689627 0.11161303
v 0.00836345 -0.06919446 0.11127707
v 0.00820904 -0.06686589 0.11163763
v 0.00876893 -0.06458951 0.11149988
v 0.00846164 -0.06454607 0.11152399
v 0.00910674 -0.06235989 0.11094496
v 0.00880093 -0.06230272 0.11096741
v 0.00951382 -0.06028846 0.10998807
v 0.00938280 -0.06252840 0.11059882
v 0.00977253 -0.06049884 0.10969851
v 0.00997633 -0.05846343 0.10865348
v 0.00921120 -0.06021978 0.10999846
v 0.00733812 -0.06009949 0.10946830
v 0.00967894 -0.05838170 0.10864824
v 0.01018810 -0.05686604 0.10695720
v 0.00779743 -0.05829006 0.10814500
v 0.00762363 -0.05851640 0.10784073
v 0.00829807 -0.05680401 0.10647913
v 0.00882021 -0.05567826 0.10454322
v 0.00810438 -0.05711519 0.10622070
v 0.00860988 -0.05605344 0.10432441
v 0.00799496 -0.05790831 0.10569701
v 0.00791490 -0.05939343 0.10498506
v 0.00847187 -0.05699799 0.10385077
v 0.00756483 -0.05906717 0.10721376
v 0.00718324 -0.06069755 0.10822686
v 0.00759322 -0.05979664 0.10641850
v 0.00736610 -0.06127758 0.10669352
v 0.00777210 -0.06172797 0.10434671
v 0.00704985 -0.06333532 0.10717865
v 0.00668586 -0.06525379 0.10805411
v 0.00682783 -0.06264343 0.10897005
v 0.00748239 -0.06445120 0.10436153
v 0.00831362 -0.06646103 0.09930152
v 0.00694617 -0.06656396 0.10599116
v 0.00710109 -0.06870734 0.10413657
v 0.00645366 -0.06793377 0.10790077
v 0.00616214 -0.06858743 0.10937376
v 0.00645772 -0.06994158 0.10686310
v 0.00642929 -0.06659650 0.10874658
v 0.00626950 -0.06661502 0.10981449
v 0.00622516 -0.06663684 0.11066204
v 0.00650403 -0.06464832 0.10959208
v 0.00646897 -0.06442637 0.11053073
v 0.00660023 -0.06437030 0.11096548
v 0.00679666 -0.06228108 0.10997148
v 0.00693417 -0.06215512 0.11041643
v 0.00718538 -0.06027173 0.10908256
v 0.00635106 -0.06666425 0.11107524
v 0.00619722 -0.06895199 0.11073758
v 0.00608295 -0.06884721 0.11029780
v 0.00612098 -0.07112271 0.11009004
v 0.00805231 -0.06917178 0.11130891
v 0.00797454 -0.07135023 0.11066801
v 0.00795309 -0.07327964 0.10987523
v 0.00828748 -0.07137244 0.11062907
v 0.00859238 -0.07128584 0.11027219
v 0.00826424 -0.07331384 0.10984032
v 0.00827341 -0.07488980 0.10906750
v 0.00855948 -0.07326994 0.10951817
v 0.00989044 -0.07040885 0.10705546
v 0.00854863 -0.07491495 0.10880882
v 0.00994003 -0.07163832 0.10634884
v 0.00856976 -0.07608141 0.10822966
v 0.01004780 -0.07272887 0.10544778
v 0.00868255 -0.07684158 0.10779288
v 0.00831005 -0.07601347 0.10843625
v 0.00842601 -0.07677129 0.10795004
v 0.00800291 -0.07595947 0.10844970
v 0.00810808 -0.07673280 0.10793148
v 0.00613250 -0.07573363 0.10790486
v 0.00796550 -0.07484142 0.10909375
v 0.00610741 -0.07462090 0.10853669
v 0.00596653 -0.07460440 0.10815921
v 0.00609832 -0.07305581 0.10930389
v 0.00597698 -0.07296581 0.10886955
v 0.00601248 -0.07098854 0.10962575
v 0.00604234 -0.07274184 0.10794827
v 0.00633678 -0.07229930 0.10630790
v 0.00610981 -0.07064986 0.10862182
v 0.00597972 -0.07456493 0.10739597
v 0.00617306 -0.07448127 0.10606227
v 0.00595485 -0.07585905 0.10691772
v 0.00597822 -0.07576784 0.10756777
v 0.00607558 -0.07602240 0.10580677
v 0.00596760 -0.07672249 0.10645858
v 0.00600985 -0.07656441 0.10705095
v 0.00601134 -0.07734622 0.10596358
v 0.00605158 -0.07701322 0.10546235
v 0.00608167 -0.07768353 0.10500915
v 0.00626366 -0.07744845 0.10398520
v 0.00633990 -0.07628259 0.10416323
v 0.00657231 -0.07795013 0.10215533
v 0.00627419 -0.07818308 0.10359271
v 0.00633826 -0.07877261 0.10302024
v 0.00657226 -0.07872081 0.10180219
v 0.00695334 -0.07913403 0.09976381
v 0.00663372 -0.07931500 0.10123563
v 0.01036070 -0.10649442 0.07244863
v 0.00701567 -0.07972340 0.09919578
v 0.01058989 -0.10570709 0.07168187
v 0.00746624 -0.07983280 0.09702069
v 0.01089541 -0.10468719 0.07070988
v 0.00796414 -0.07950930 0.09482737
v 0.00740115 -0.07924788 0.09759733
v 0.00789711 -0.07892216 0.09541515
v 0.00737683 -0.07853840 0.09803848
v 0.00694628 -0.07839306 0.10013848
v 0.00741211 -0.07749274 0.09835790
v 0.00785820 -0.07818954 0.09593827
v 0.00836768 -0.07741862 0.09389586
v 0.00784799 -0.07706077 0.09650581
v 0.00782654 -0.07543397 0.09736132
v 0.00833320 -0.07622478 0.09461300
v 0.00831233 -0.07432982 0.09558548
v 0.00882331 -0.07528781 0.09273921
v 0.00880658 -0.07364493 0.09357716
v 0.00888242 -0.07633158 0.09198076
v 0.00927132 -0.07410364 0.09118131
v 0.00916206 -0.07324978 0.09208763
v 0.00937297 -0.07490416 0.09033107
v 0.00965594 -0.07242788 0.09014546
v 0.00981817 -0.07311609 0.08906498
v 0.01001386 -0.07045062 0.08937634
v 0.00937111 -0.07170569 0.09181870
v 0.00890327 -0.07121230 0.09425163
v 0.00968610 -0.06961133 0.09130690
v 0.01007204 -0.06772057 0.09036540
v 0.00918591 -0.06845025 0.09420432
v 0.00975615 -0.06637963 0.09248213
v 0.01031204 -0.06511918 0.09044809
v 0.00957974 -0.06429282 0.09433036
v 0.00984238 -0.06145377 0.09455676
v 0.01030091 -0.06318971 0.09144892
v 0.01044976 -0.06098025 0.09191284
v 0.01076073 -0.06268722 0.08951600
v 0.01102561 -0.06265591 0.08828497
v 0.01086088 -0.06075619 0.09008336
v 0.01070415 -0.06464146 0.08882726
v 0.01094333 -0.06466617 0.08769041
v 0.01059900 -0.06654672 0.08843047
v 0.01036007 -0.06644195 0.08960328
v 0.01035178 -0.06846152 0.08870713
v 0.01079867 -0.06678801 0.08738218
v 0.01054864 -0.06894905 0.08755825
v 0.01091425 -0.06718008 0.08665350
v 0.01099282 -0.06771991 0.08603587
v 0.01066234 -0.06942321 0.08680083
v 0.01107212 -0.06498872 0.08693604
v 0.01115172 -0.06551983 0.08631512
v 0.01472318 -0.09151210 0.05880905
v 0.01553579 -0.09284918 0.05759657
v 0.01442085 -0.09257974 0.05972992
v 0.01523048 -0.09389272 0.05854204
v 0.01404865 -0.09388676 0.06087516
v 0.01074017 -0.06997384 0.08617981
v 0.01485571 -0.09517904 0.05970951
v 0.01361919 -0.09538349 0.06220236
v 0.01040178 -0.07218291 0.08675180
v 0.01442426 -0.09666029 0.06105259
v 0.01315167 -0.09700303 0.06365303
v 0.01395541 -0.09827119 0.06251287
v 0.01266404 -0.09868098 0.06516849
v 0.00999069 -0.07425192 0.08772516
v 0.00952365 -0.07608677 0.08907462
v 0.00991555 -0.07368766 0.08834152
v 0.00945095 -0.07551658 0.08968056
v 0.01032374 -0.07162326 0.08737498
v 0.01021158 -0.07108466 0.08815221
v 0.00894476 -0.07702118 0.09136469
v 0.00841925 -0.07816520 0.09330854
v 0.00901535 -0.07760248 0.09076344
v 0.01217631 -0.10035359 0.06669140
v 0.00848854 -0.07875521 0.09271140
v 0.01170548 -0.10195423 0.06816254
v 0.01127248 -0.10341988 0.06952248
v 0.01251083 -0.10323101 0.06701205
v 0.01207934 -0.10471226 0.06835511
v 0.01577258 -0.10714757 0.06374150
v 0.01297941 -0.10162089 0.06555261
v 0.01346762 -0.09994646 0.06403238
v 0.01624201 -0.10554275 0.06227490
v 0.01673022 -0.10387002 0.06075299
v 0.01721738 -0.10219214 0.05923653
v 0.01768563 -0.10057602 0.05778278
v 0.01747617 -0.10284470 0.05860024
v 0.01794229 -0.10121748 0.05715725
v 0.01811605 -0.09908535 0.05644839
v 0.01848893 -0.09778692 0.05529522
v 0.01879185 -0.09672878 0.05436457
v 0.01903687 -0.09590321 0.05364736
v 0.01928197 -0.09644884 0.05312389
v 0.01948225 -0.09580284 0.05262232
v 0.02058718 -0.10380682 0.04426905
v 0.01534038 -0.10861852 0.06509426
v 0.01496334 -0.10989280 0.06627506
v 0.01170438 -0.10599935 0.06952345
v 0.01521515 -0.11049454 0.06569179
v 0.01465971 -0.11092216 0.06723615
v 0.01490800 -0.11149633 0.06668227
v 0.01443174 -0.11171903 0.06799164
v 0.01140242 -0.10704336 0.07046933
v 0.01117699 -0.10785581 0.07120752
v 0.01102928 -0.10846680 0.07176516
v 0.01428152 -0.11231466 0.06856413
v 0.01096000 -0.10890263 0.07216679
v 0.01021016 -0.10708053 0.07303008
v 0.01013848 -0.10749722 0.07345416
v 0.00614904 -0.07826372 0.10442730
v 0.01015034 -0.10777542 0.07374344
v 0.00608000 -0.07791945 0.10537594
v 0.01097217 -0.10919375 0.07244385
v 0.01025520 -0.10795005 0.07393643
v 0.01107546 -0.10937645 0.07262791
v 0.01046583 -0.10805742 0.07407029
v 0.00613192 -0.07773311 0.10594516
v 0.00630029 -0.07766485 0.10625478
v 0.00606127 -0.07716391 0.10653473
v 0.00622739 -0.07709595 0.10684348
v 0.00834808 -0.07731096 0.10748796
v 0.00617175 -0.07650517 0.10736687
v 0.00889447 -0.07791435 0.10702794
v 0.00870001 -0.07729018 0.10758716
v 0.00895653 -0.07731925 0.10749734
v 0.00924432 -0.07766525 0.10737419
v 0.01017273 -0.07793947 0.10737484
v 0.00947629 -0.07762544 0.10735479
v 0.01032135 -0.07785366 0.10737985
v 0.00968750 -0.07776147 0.10695566
v 0.00992393 -0.07809230 0.10608794
v 0.00918551 -0.07747986 0.10706902
v 0.01049600 -0.07796996 0.10699067
v 0.02176506 -0.07900528 0.10945193
v 0.01071510 -0.07829422 0.10612549
v 0.02191322 -0.07932421 0.10856747
v 0.01100127 -0.07880631 0.10473221
v 0.01135283 -0.07936398 0.10291682
v 0.01021871 -0.07860670 0.10469552
v 0.02215678 -0.07983387 0.10716531
v 0.03331224 -0.08086143 0.10959838
v 0.02248631 -0.08039154 0.10534646
v 0.03361971 -0.08141830 0.10777605
v 0.02288889 -0.08082137 0.10325090
v 0.03401306 -0.08184981 0.10568043
v 0.01176401 -0.07979298 0.10082109
v 0.02335031 -0.08095006 0.10101806
v 0.03447322 -0.08197934 0.10344888
v 0.01222760 -0.07992000 0.09858647
v 0.02385702 -0.08063626 0.09878039
v 0.03497946 -0.08166629 0.10121268
v 0.01273455 -0.07960542 0.09634794
v 0.02438802 -0.07988134 0.09663347
v 0.03551018 -0.08091216 0.09906661
v 0.01326575 -0.07884977 0.09420026
v 0.02492013 -0.07872158 0.09466501
v 0.03604241 -0.07975315 0.09709822
v 0.01379821 -0.07769080 0.09223115
v 0.02543248 -0.07719442 0.09296190
v 0.03655468 -0.07822519 0.09539505
v 0.01431048 -0.07616283 0.09052797
v 0.02590425 -0.07534376 0.09160164
v 0.03702645 -0.07637457 0.09403479
v 0.01478118 -0.07431226 0.08916823
v 0.02631739 -0.07325243 0.09062234
v 0.03743966 -0.07428400 0.09305555
v 0.01519511 -0.07222082 0.08818913
v 0.02665938 -0.07101217 0.09005321
v 0.03778193 -0.07204379 0.09248571
v 0.01553679 -0.06998055 0.08762080
v 0.02691292 -0.06871453 0.08992178
v 0.03803606 -0.06974620 0.09235277
v 0.01579022 -0.06768271 0.08749187
v 0.02707161 -0.06645641 0.09022295
v 0.03819565 -0.06748816 0.09265164
v 0.01594654 -0.06542473 0.08779469
v 0.02715338 -0.06436138 0.09080909
v 0.03828668 -0.06539395 0.09323629
v 0.01602078 -0.06332873 0.08838217
v 0.02718647 -0.06255770 0.09149833
v 0.03834231 -0.06359270 0.09392844
v 0.01603142 -0.06152341 0.08906866
v 0.02719753 -0.06117464 0.09210894
v 0.03839532 -0.06221295 0.09454771
v 0.01599982 -0.06013712 0.08967024
v 0.02720964 -0.06030462 0.09249244
v 0.01594096 -0.05926176 0.09003454
v 0.03847832 -0.06134748 0.09495034
v 0.02723784 -0.05988966 0.09263981
v 0.03862038 -0.06093574 0.09513269
v 0.01585449 -0.05884288 0.09014668
v 0.02729885 -0.05984123 0.09257080
v 0.03885171 -0.06088641 0.09512305
v 0.01574596 -0.05879602 0.09001864
v 0.02747651 -0.06012047 0.09227447
v 0.03926943 -0.06117127 0.09490228
v 0.01568327 -0.05906961 0.08964746
v 0.03125265 -0.09046046 0.05999685
v 0.04253546 -0.09157301 0.06239832
v 0.01997057 -0.08934706 0.05759563
v 0.03138207 -0.09182568 0.05853251
v 0.02050520 -0.09075253 0.05621734
v 0.04225886 -0.09289801 0.06084761
v 0.04499405 -0.09329079 0.06154587
v 0.04077187 -0.09625558 0.05666762
v 0.04269113 -0.09656778 0.05718999
v 0.04286614 -0.09667789 0.05731183
v 0.04257439 -0.09700514 0.05666967
v 0.04274820 -0.09711893 0.05678688
v 0.04352983 -0.10446386 0.04932101
v 0.04284111 -0.09731332 0.05695697
v 0.04295916 -0.09686440 0.05749029
v 0.04285473 -0.09762622 0.05721039
v 0.04361925 -0.10462508 0.04947577
v 0.04377972 -0.10664040 0.04775539
v 0.04365576 -0.10506716 0.04949879
v 0.04367478 -0.10607785 0.04917704
v 0.04377675 -0.10650245 0.04815560
v 0.04382903 -0.10771477 0.04745883
v 0.04387912 -0.10857915 0.04642247
v 0.04383360 -0.10940382 0.04674404
v 0.04364448 -0.10750854 0.04877790
v 0.04375102 -0.11130139 0.04629054
v 0.04390298 -0.11056419 0.04543808
v 0.04383613 -0.11264465 0.04481075
v 0.04367269 -0.11480506 0.04458421
v 0.04357398 -0.11333202 0.04619152
v 0.04341145 -0.11700934 0.04479012
v 0.04330192 -0.11543662 0.04649616
v 0.04337975 -0.11783175 0.04386297
v 0.04306669 -0.11917839 0.04541053
v 0.04303883 -0.12004202 0.04444436
v 0.04294778 -0.11753261 0.04719111
v 0.04265168 -0.12122037 0.04641663
v 0.04262668 -0.12210963 0.04542668
v 0.04252778 -0.11952984 0.04824262
v 0.04218296 -0.12304643 0.04777884
v 0.04167572 -0.12457327 0.04945731
v 0.04205734 -0.12134040 0.04961999
v 0.04177562 -0.11869464 0.05244745
v 0.04155202 -0.12288196 0.05128253
v 0.04224944 -0.11690896 0.05104484
v 0.04037822 -0.10682568 0.06508561
v 0.04047414 -0.10620432 0.06580171
v 0.04086519 -0.10514511 0.06357328
v 0.04133239 -0.10351786 0.06212989
v 0.04096197 -0.10452730 0.06428380
v 0.04329475 -0.10115618 0.06875105
v 0.04142955 -0.10291207 0.06282982
v 0.04185966 -0.10142137 0.06149623
v 0.04376424 -0.09954614 0.06728941
v 0.04425975 -0.09839733 0.06871681
v 0.04419569 -0.09806489 0.06594633
v 0.04468921 -0.09690060 0.06738961
v 0.04457018 -0.09677854 0.06477957
v 0.04487233 -0.09573377 0.06383282
v 0.04223353 -0.10012207 0.06034249
v 0.04506192 -0.09559284 0.06624280
v 0.04216622 -0.07078696 0.09266334
v 0.04536093 -0.09452555 0.06532158
v 0.04232204 -0.06858566 0.09294125
v 0.04558303 -0.09368726 0.06461045
v 0.04239285 -0.06654688 0.09350024
v 0.04509804 -0.09492139 0.06309392
v 0.04572824 -0.09305207 0.06407843
v 0.04579487 -0.09259644 0.06369738
v 0.04524630 -0.09431109 0.06253735
v 0.04239454 -0.06478022 0.09416660
v 0.04234372 -0.06339745 0.09476769
v 0.04231495 -0.06424501 0.09478830
v 0.04231168 -0.06601801 0.09412585
v 0.04226677 -0.06285208 0.09538145
v 0.04218879 -0.06390397 0.09553873
v 0.04217474 -0.06572007 0.09490720
v 0.04215938 -0.06244425 0.09607242
v 0.04197500 -0.06217303 0.09706898
v 0.04208264 -0.06146692 0.09642276
v 0.04194678 -0.06089620 0.09660471
v 0.04217608 -0.06192132 0.09577441
v 0.04193432 -0.06106924 0.09730427
v 0.04169556 -0.06068488 0.09860718
v 0.04181797 -0.06043418 0.09742548
v 0.04161688 -0.05992511 0.09860973
v 0.04161977 -0.06012084 0.09745665
v 0.04174069 -0.06060606 0.09665944
v 0.04143238 -0.05956625 0.09859486
v 0.03973613 -0.05978794 0.09702563
v 0.03955876 -0.05921973 0.09817144
v 0.03978939 -0.06026196 0.09621889
v 0.03944126 -0.05983412 0.09693232
v 0.03926376 -0.05927929 0.09808286
v 0.03947764 -0.06027878 0.09614194
v 0.03921950 -0.06006467 0.09682158
v 0.03925387 -0.06045950 0.09603131
v 0.03902956 -0.05956711 0.09800975
v 0.03771660 -0.06322127 0.09981270
v 0.03532995 -0.06299375 0.09931947
v 0.03780079 -0.06423892 0.09882770
v 0.03909789 -0.06095154 0.09581721
v 0.03757964 -0.06238841 0.10095287
v 0.03519291 -0.06216008 0.10045957
v 0.03500571 -0.06153760 0.10172086
v 0.03898803 -0.06188767 0.09544257
v 0.03892582 -0.06119430 0.09529846
v 0.03883228 -0.06207475 0.09489226
v 0.03907768 -0.06075376 0.09550859
v 0.03931616 -0.06063608 0.09557486
v 0.03967769 -0.06069048 0.09559282
v 0.04182250 -0.06109171 0.09604032
v 0.04189224 -0.06164587 0.09543696
v 0.04203285 -0.06137308 0.09597834
v 0.04210546 -0.06192781 0.09537438
v 0.04567325 -0.09210219 0.06325894
v 0.04225058 -0.06247290 0.09516677
v 0.04578042 -0.09229232 0.06343535
v 0.04530262 -0.09358417 0.06185845
v 0.04519936 -0.09340149 0.06167430
v 0.04531510 -0.09387533 0.06213471
v 0.04297078 -0.09716358 0.05775791
v 0.04290323 -0.09761140 0.05814774
v 0.04279014 -0.09809561 0.05757725
v 0.04275731 -0.09823625 0.05868946
v 0.04253321 -0.09906427 0.05941152
v 0.04264715 -0.09874721 0.05809097
v 0.04242723 -0.09960366 0.05878218
v 0.04213008 -0.10068914 0.05968420
v 0.04353478 -0.10918710 0.04856552
v 0.04333465 -0.11103604 0.04865544
v 0.04304494 -0.11299413 0.04911286
v 0.04176031 -0.10201075 0.06081452
v 0.04267821 -0.11497983 0.04992104
v 0.04546128 -0.09198712 0.06313288
v 0.03877090 -0.06346465 0.09427778
v 0.03890590 -0.06334638 0.09488440
v 0.03871169 -0.06526999 0.09358960
v 0.03862074 -0.06735633 0.09300214
v 0.03883399 -0.06519088 0.09422871
v 0.03875121 -0.06724681 0.09361673
v 0.03780080 -0.06670098 0.09743783
v 0.03782957 -0.06541113 0.09802853
v 0.03541387 -0.06647343 0.09694530
v 0.03771659 -0.06807054 0.09707575
v 0.03532959 -0.06784219 0.09658316
v 0.03757807 -0.06947698 0.09695237
v 0.03519145 -0.06924946 0.09645905
v 0.03860505 -0.06941264 0.09329309
v 0.03739187 -0.07087925 0.09707056
v 0.03835299 -0.07161068 0.09346201
v 0.03500489 -0.07065090 0.09657788
v 0.03716099 -0.07223278 0.09742806
v 0.03477434 -0.07200526 0.09693482
v 0.03801402 -0.07377305 0.09405618
v 0.03689392 -0.07349745 0.09801231
v 0.03659862 -0.07463569 0.09880788
v 0.03761656 -0.07582459 0.09497484
v 0.03450769 -0.07326979 0.09752005
v 0.03421157 -0.07440736 0.09831528
v 0.03389714 -0.07538316 0.09929596
v 0.03628407 -0.07561068 0.09978849
v 0.03357245 -0.07616708 0.10043345
v 0.03324817 -0.07673571 0.10169217
v 0.03595938 -0.07639460 0.10092598
v 0.03615353 -0.08016062 0.09984933
v 0.03563510 -0.07696324 0.10218469
v 0.03532039 -0.07729996 0.10352654
v 0.03563850 -0.08093337 0.10191801
v 0.03515062 -0.08127625 0.10405336
v 0.03541757 -0.08146853 0.10153243
v 0.03491391 -0.08178564 0.10375431
v 0.03594628 -0.08071138 0.09939745
v 0.03647696 -0.07955949 0.09743301
v 0.03667320 -0.07906643 0.09791450
v 0.03698690 -0.07804345 0.09573539
v 0.03716793 -0.07762838 0.09625059
v 0.03745552 -0.07619883 0.09438529
v 0.03786736 -0.07411271 0.09341335
v 0.03820833 -0.07188340 0.09283909
v 0.03846259 -0.06959985 0.09270158
v 0.03445722 -0.08165437 0.10597170
v 0.03471234 -0.08111634 0.10619786
v 0.03406596 -0.08122066 0.10806119
v 0.03376010 -0.08066899 0.10988771
v 0.03432962 -0.08065646 0.10825882
v 0.03475864 -0.07723993 0.10629645
v 0.03401451 -0.08014251 0.11012178
v 0.03452839 -0.07684619 0.10763930
v 0.03379866 -0.07970693 0.11160862
v 0.03434117 -0.07622369 0.10890048
v 0.03371584 -0.07943071 0.11258185
v 0.03356179 -0.08017030 0.11131053
v 0.03349047 -0.07985578 0.11223005
v 0.03311127 -0.08035420 0.11100952
v 0.03303439 -0.08004064 0.11191238
v 0.03308719 -0.07993503 0.11236892
v 0.03327957 -0.08002082 0.11248027
v 0.02170425 -0.07889394 0.10987431
v 0.03355214 -0.07972741 0.11272107
v 0.03375123 -0.07974727 0.11291000
v 0.03376759 -0.07930121 0.11312303
v 0.03383330 -0.07856107 0.11359812
v 0.03394622 -0.07927584 0.11337283
v 0.03424563 -0.07930106 0.11348671
v 0.03399542 -0.07853626 0.11389558
v 0.03427601 -0.07854215 0.11403412
v 0.03398320 -0.07741706 0.11453219
v 0.03383710 -0.07739977 0.11418367
v 0.03397335 -0.07584198 0.11530478
v 0.03384784 -0.07575634 0.11489396
v 0.03399715 -0.07390127 0.11609458
v 0.03388342 -0.07377357 0.11564815
v 0.03407387 -0.07172319 0.11674287
v 0.03395532 -0.07162573 0.11631888
v 0.03420446 -0.07054158 0.11277698
v 0.03412025 -0.07191114 0.11241490
v 0.03181745 -0.07031325 0.11228440
v 0.03434262 -0.06913430 0.11290101
v 0.03195570 -0.06890676 0.11240849
v 0.03173324 -0.07168277 0.11192232
v 0.03170455 -0.07297342 0.11133167
v 0.03409120 -0.07320096 0.11182491
v 0.03173329 -0.07414485 0.11053236
v 0.03411991 -0.07437239 0.11102568
v 0.03181716 -0.07516245 0.10954815
v 0.03420422 -0.07539082 0.11004076
v 0.03195444 -0.07599539 0.10840719
v 0.03214141 -0.07661862 0.10714676
v 0.03237199 -0.07701239 0.10580321
v 0.03263800 -0.07716475 0.10441851
v 0.03293338 -0.07707163 0.10303396
v 0.03502493 -0.07739232 0.10491103
v 0.03410227 -0.07984049 0.11296140
v 0.03625007 -0.07946438 0.11376121
v 0.03651193 -0.07956501 0.11353513
v 0.03630160 -0.08005399 0.11323701
v 0.03368510 -0.08035009 0.11229668
v 0.02189195 -0.07930321 0.10967076
v 0.03694238 -0.11078219 0.07981875
v 0.03666520 -0.11210719 0.07826956
v 0.02565808 -0.10967504 0.07742293
v 0.02578722 -0.11104023 0.07595930
v 0.01437390 -0.10856869 0.07502719
v 0.01490818 -0.10997334 0.07364955
v 0.01009807 -0.07825637 0.10704446
v 0.01339151 -0.10846539 0.07481226
v 0.01401616 -0.10987914 0.07345383
v 0.01128083 -0.10948719 0.07275636
v 0.01640783 -0.11361864 0.07009880
v 0.01690911 -0.11367415 0.07021160
v 0.01448853 -0.11330814 0.06957484
v 0.01658819 -0.11408498 0.06964358
v 0.01760869 -0.12105089 0.06187417
v 0.01472085 -0.11378089 0.06912797
v 0.01706480 -0.11413774 0.06975007
v 0.01807567 -0.12110311 0.06197863
v 0.02608879 -0.11502249 0.07166676
v 0.02705302 -0.12198272 0.06388477
v 0.03511231 -0.11590740 0.07358245
v 0.02604320 -0.11456986 0.07215083
v 0.03517797 -0.11546548 0.07409042
v 0.03716664 -0.11553932 0.07439677
v 0.03705026 -0.11597751 0.07387580
v 0.03603076 -0.12286321 0.06579018
v 0.03637551 -0.12468488 0.06332291
v 0.02739804 -0.12380446 0.06141679
v 0.02777095 -0.12527684 0.05898166
v 0.01842066 -0.12292479 0.05951073
v 0.01879396 -0.12439806 0.05707486
v 0.01795451 -0.12287328 0.05940661
v 0.01576469 -0.12077499 0.06134980
v 0.01454771 -0.11367739 0.06900116
v 0.01559311 -0.12067584 0.06123828
v 0.01431319 -0.11320147 0.06945043
v 0.01445815 -0.11350712 0.06880568
v 0.01445039 -0.11323734 0.06850621
v 0.01550490 -0.12052074 0.06107570
v 0.01422153 -0.11302359 0.06926246
v 0.01421181 -0.11273909 0.06897891
v 0.01551812 -0.12047287 0.06063511
v 0.01573920 -0.12172185 0.05912756
v 0.01566038 -0.12072738 0.05961471
v 0.01591018 -0.12102284 0.05817983
v 0.01452340 -0.11283352 0.06806938
v 0.01467710 -0.11226469 0.06746745
v 0.01624500 -0.12110729 0.05651980
v 0.02172670 -0.07898051 0.10992738
v 0.03544288 -0.06518281 0.09753515
v 0.03541386 -0.06401137 0.09833518
v 0.03928693 -0.05854919 0.09976055
v 0.04115886 -0.05891022 0.10018628
v 0.04080704 -0.05826346 0.10213929
v 0.04132202 -0.05933152 0.10026816
v 0.04134742 -0.06026702 0.10043491
v 0.04095724 -0.05872011 0.10226203
v 0.04094799 -0.05974878 0.10253368
v 0.04054840 -0.05820571 0.10440889
v 0.04211365 -0.06773281 0.09431667
v 0.04197223 -0.06985431 0.09400886
v 0.04224244 -0.06805533 0.09356230
v 0.04208868 -0.07024706 0.09328044
v 0.04183673 -0.07248938 0.09342773
v 0.04172225 -0.07201534 0.09418495
v 0.04149813 -0.07468943 0.09400188
v 0.04191448 -0.07304001 0.09280679
v 0.04157539 -0.07524918 0.09337850
v 0.04116515 -0.07731887 0.09435212
v 0.04069781 -0.07915370 0.09570238
v 0.04379251 -0.10001690 0.07016677
v 0.04108919 -0.07675392 0.09496814
v 0.04099177 -0.07618236 0.09569157
v 0.04138593 -0.07415086 0.09477910
v 0.04118825 -0.07351679 0.09600324
v 0.04152609 -0.07152772 0.09533410
v 0.04330487 -0.10169485 0.07168223
v 0.04280752 -0.10283150 0.07026914
v 0.04231970 -0.10450681 0.07178863
v 0.04115093 -0.12575613 0.05137620
v 0.04063145 -0.12655799 0.05345022
v 0.04013898 -0.12694045 0.05559031
v 0.04059699 -0.12738974 0.05253103
v 0.04009597 -0.12772175 0.05473297
v 0.03963739 -0.12759573 0.05694806
v 0.03993505 -0.12802732 0.05436514
v 0.03969075 -0.12687996 0.05772155
v 0.01481549 -0.05852571 0.09002235
v 0.01500820 -0.05861928 0.09012643
v 0.01426452 -0.05817475 0.09025600
v 0.01395776 -0.05777155 0.09072184
v 0.01448178 -0.05833957 0.09029046
v 0.01461986 -0.05880976 0.09014615
v 0.01416869 -0.05799621 0.09070701
v 0.01430250 -0.05851723 0.09055691
v 0.01395531 -0.05758239 0.09145626
v 0.01374078 -0.05708051 0.09263727
v 0.01375523 -0.05730877 0.09147602
v 0.01366281 -0.06136326 0.09436578
v 0.01350052 -0.06044608 0.09543648
v 0.01377050 -0.06245303 0.09346466
v 0.01604887 -0.06158300 0.09486710
v 0.01615651 -0.06267277 0.09396597
v 0.01588657 -0.06066582 0.09593781
v 0.01567447 -0.05994915 0.09714307
v 0.01541834 -0.05945430 0.09844821
v 0.01328846 -0.05972942 0.09664176
v 0.01344510 -0.05648826 0.09430055
v 0.01303232 -0.05923457 0.09794679
v 0.01307844 -0.05587824 0.09629978
v 0.01274084 -0.05897734 0.09931183
v 0.01512682 -0.05919710 0.09981323
v 0.01480845 -0.05918538 0.10119628
v 0.01292644 -0.05544081 0.09618132
v 0.01327876 -0.05608968 0.09422089
v 0.01355433 -0.05675110 0.09261920
v 0.01620512 -0.06390228 0.09325978
v 0.01381981 -0.06368246 0.09275874
v 0.01619523 -0.06523440 0.09277068
v 0.01380922 -0.06501466 0.09226937
v 0.01612509 -0.06662783 0.09251454
v 0.01373908 -0.06640809 0.09201323
v 0.01599831 -0.06804067 0.09249732
v 0.01361230 -0.06782093 0.09199601
v 0.01581736 -0.06942981 0.09272101
v 0.01343135 -0.06921005 0.09221969
v 0.01558925 -0.07075318 0.09317823
v 0.01320323 -0.07053346 0.09267682
v 0.01531944 -0.07197099 0.09385508
v 0.01293370 -0.07175128 0.09335295
v 0.01501732 -0.07304599 0.09473073
v 0.01263202 -0.07282616 0.09422969
v 0.01469208 -0.07394450 0.09577921
v 0.01230607 -0.07372476 0.09527790
v 0.01435293 -0.07464065 0.09696806
v 0.01196695 -0.07442089 0.09646666
v 0.01400999 -0.07511261 0.09826165
v 0.01162394 -0.07489290 0.09776032
v 0.01367391 -0.07534620 0.09962071
v 0.01335582 -0.07533453 0.10100305
v 0.01128790 -0.07512648 0.09911940
v 0.01073139 -0.07887736 0.09886334
v 0.01096977 -0.07511477 0.10050172
v 0.01067829 -0.07485758 0.10186676
v 0.01028896 -0.07871943 0.10100803
v 0.00988591 -0.07826098 0.10306626
v 0.01050820 -0.07930593 0.10088385
v 0.01098651 -0.07959335 0.10078903
v 0.01096816 -0.07943452 0.09866601
v 0.01009617 -0.07887451 0.10296975
v 0.00973684 -0.07832072 0.10478656
v 0.01057477 -0.07916461 0.10288188
v 0.00943335 -0.07781220 0.10618777
v 0.00951333 -0.07774296 0.10491788
v 0.00918850 -0.07729720 0.10638182
v 0.01042215 -0.07436274 0.10317180
v 0.01020978 -0.07364602 0.10437788
v 0.01280821 -0.07458245 0.10367313
v 0.01259579 -0.07386578 0.10487919
v 0.01306355 -0.07507739 0.10236778
v 0.01243306 -0.07294870 0.10594880
v 0.01232578 -0.07185802 0.10685097
v 0.01227646 -0.07062858 0.10755688
v 0.01228745 -0.06929720 0.10804551
v 0.01235727 -0.06790375 0.10830245
v 0.00990139 -0.06907747 0.10754418
v 0.00892211 -0.07700237 0.10731463
v 0.01144991 -0.07971939 0.09855686
v 0.01147211 -0.07911429 0.09644239
v 0.01121938 -0.07853290 0.09672716
v 0.01200101 -0.07835635 0.09430663
v 0.01195646 -0.07940398 0.09631907
v 0.01248711 -0.07864828 0.09417281
v 0.01301997 -0.07748838 0.09220464
v 0.01253138 -0.07720443 0.09234299
v 0.01353224 -0.07596042 0.09050146
v 0.01304226 -0.07568753 0.09064479
v 0.01400326 -0.07410989 0.08914092
v 0.01351017 -0.07384300 0.08929441
v 0.01441723 -0.07201926 0.08816197
v 0.01475854 -0.06977989 0.08759261
v 0.01392178 -0.07175766 0.08832333
v 0.01359448 -0.07137097 0.08886592
v 0.01426295 -0.06952820 0.08775078
v 0.01393392 -0.06920850 0.08827275
v 0.01451678 -0.06724618 0.08761490
v 0.01501162 -0.06748297 0.08746276
v 0.01467059 -0.06500371 0.08791811
v 0.01418552 -0.06701200 0.08810555
v 0.01432784 -0.06484645 0.08843016
v 0.01438952 -0.06279027 0.08904089
v 0.01474087 -0.06291699 0.08850529
v 0.01440420 -0.06094161 0.08968697
v 0.01474617 -0.06110791 0.08918435
v 0.01437698 -0.05947185 0.09022290
v 0.01470282 -0.05970801 0.08977832
v 0.01520700 -0.05994072 0.08963653
v 0.01513151 -0.05905873 0.09000365
v 0.01524708 -0.06132855 0.08903575
v 0.01524015 -0.06313337 0.08835068
v 0.01516848 -0.06522738 0.08776496
v 0.01319804 -0.07342244 0.08978416
v 0.01274945 -0.07522626 0.09105983
v 0.01225397 -0.07666440 0.09272345
v 0.01173508 -0.07775926 0.09465871
v 0.01099513 -0.05912509 0.09048317
v 0.01114242 -0.05804025 0.09075877
v 0.01068391 -0.05898763 0.09201054
v 0.01090291 -0.05765599 0.09206140
v 0.01023493 -0.05891021 0.09416496
v 0.00977915 -0.05853362 0.09651734
v 0.00923378 -0.06138356 0.09749453
v 0.00945029 -0.05764284 0.09856861
v 0.00895165 -0.05967650 0.09974450
v 0.00925321 -0.05689649 0.09994954
v 0.00940954 -0.05583116 0.10003532
v 0.00888560 -0.05769868 0.10120234
v 0.00838874 -0.05873567 0.10300744
v 0.00896071 -0.05621057 0.10193970
v 0.00912062 -0.05531712 0.10227000
v 0.00934333 -0.05494660 0.10241986
v 0.00834384 -0.06149265 0.10167844
v 0.00830405 -0.07147795 0.09694981
v 0.00771503 -0.07339058 0.09883949
v 0.00742883 -0.07168029 0.10102942
v 0.00727411 -0.07555508 0.09991276
v 0.00695105 -0.07469395 0.10188226
v 0.00703578 -0.07724031 0.10025261
v 0.00748684 -0.07630894 0.09855190
v 0.00668153 -0.07669744 0.10222126
v 0.00654090 -0.07440661 0.10408907
v 0.00686358 -0.07168334 0.10383368
v 0.01071828 -0.05571723 0.10499523
v 0.01100808 -0.05582946 0.10502348
v 0.01048170 -0.05696508 0.10697355
v 0.03283592 -0.10788504 0.04320749
v 0.03286695 -0.11022089 0.04198062
v 0.03280729 -0.11254776 0.04118197
v 0.02383148 -0.11166355 0.03927032
v 0.02367616 -0.11399320 0.03892323
v 0.03837777 -0.05976224 0.11287398
v 0.03787720 -0.06124907 0.11453991
v 0.02743860 -0.08306030 0.10735892
v 0.02794806 -0.08314560 0.10742876
v 0.02746739 -0.08287237 0.10757478
v 0.01597663 -0.08193245 0.10492244
v 0.01589804 -0.08173486 0.10511594
v 0.01547553 -0.08191794 0.10477768
v 0.01510432 -0.08197055 0.10459993
v 0.01523892 -0.08171586 0.10492502
v 0.01497343 -0.08262875 0.10575326
v 0.01469240 -0.08179259 0.10466354
v 0.01442589 -0.08270635 0.10549245
v 0.01434125 -0.08195471 0.10437298
v 0.01423830 -0.08217534 0.10409595
v 0.01486598 -0.08208008 0.10440288
v 0.01407501 -0.08286769 0.10520104
v 0.01397284 -0.08308904 0.10492435
v 0.01732887 -0.10944466 0.07693946
v 0.01749124 -0.10969159 0.07671938
v 0.01759507 -0.10853087 0.07611136
v 0.01813952 -0.10856584 0.07624882
v 0.01775677 -0.10877870 0.07589104
v 0.01815835 -0.10901410 0.07576104
v 0.01826265 -0.10875398 0.07608009
v 0.01853547 -0.10891438 0.07599092
v 0.01892975 -0.10904204 0.07597702
v 0.01943989 -0.10912643 0.07604709
v 0.01873925 -0.10920227 0.07573946
v 0.01941039 -0.10931445 0.07583096
v 0.01847403 -0.11011519 0.07656700
v 0.01914486 -0.11022734 0.07665930
v 0.01789314 -0.10992702 0.07658858
v 0.03071428 -0.11136566 0.07911819
v 0.03137336 -0.11138466 0.07930910
v 0.03098057 -0.11045267 0.07829015
v 0.03090186 -0.11025433 0.07848358
v 0.03163956 -0.11047087 0.07848100
v 0.03218644 -0.11039417 0.07874169
v 0.03140295 -0.11026879 0.07862833
v 0.03177341 -0.11021628 0.07880579
v 0.03201251 -0.11010666 0.07900313
v 0.03209065 -0.10993843 0.07921390
v 0.03253724 -0.11023202 0.07903304
v 0.03264023 -0.11001139 0.07931008
v 0.03227179 -0.11114572 0.07986143
v 0.03237368 -0.11092435 0.08013883
v 0.03192016 -0.11130716 0.07956973
v 0.02901717 -0.08456884 0.10812272
v 0.02928341 -0.08365586 0.10729466
v 0.02885556 -0.08432182 0.10834309
v 0.02845370 -0.08408639 0.10847380
v 0.02912171 -0.08340803 0.10751497
v 0.02871982 -0.08317260 0.10764577
v 0.02861584 -0.08343275 0.10732593
v 0.02873869 -0.08362087 0.10715790
v 0.02834262 -0.08327328 0.10741415
v 0.02813893 -0.08298443 0.10766735
v 0.02787276 -0.08389823 0.10849537
v 0.02720194 -0.08378607 0.10840317
v 0.01563176 -0.08264784 0.10594399
v 0.01478788 -0.08224829 0.10419213
v 0.04001707 -0.06209568 0.10507796
v 0.04001654 -0.06350147 0.10442935
v 0.04093536 -0.06218572 0.10527342
v 0.03976779 -0.06154768 0.10650490
v 0.03941449 -0.06217882 0.10787311
v 0.04068561 -0.06163784 0.10669936
v 0.04033278 -0.06226886 0.10806856
v 0.04008284 -0.06370899 0.10857817
v 0.04008211 -0.06511556 0.10793033
v 0.03916424 -0.06361895 0.10838340
v 0.03916382 -0.06502552 0.10773487
v 0.03941385 -0.06557343 0.10630821
v 0.03976636 -0.06494160 0.10493958
v 0.04033139 -0.06566356 0.10650338
v 0.04068500 -0.06503245 0.10513438
v 0.04093487 -0.06359151 0.10462483
v 0.03828488 -0.06804308 0.11047161
v 0.03828506 -0.06944880 0.10982338
v 0.03920349 -0.06813314 0.11066637
v 0.03803588 -0.06749513 0.11189784
v 0.03768302 -0.06812612 0.11326713
v 0.03895418 -0.06758516 0.11209341
v 0.03860131 -0.06821616 0.11346259
v 0.03835069 -0.06965719 0.11397196
v 0.03835091 -0.07106288 0.11332364
v 0.03743312 -0.06956628 0.11377665
v 0.03743266 -0.07097287 0.11312810
v 0.03768166 -0.07152085 0.11170187
v 0.03803448 -0.07088981 0.11033266
v 0.03859991 -0.07161086 0.11189741
v 0.03895282 -0.07097986 0.11052814
v 0.03920264 -0.06953890 0.11001857
v 0.03900003 -0.07365311 0.10451504
v 0.03899954 -0.07505888 0.10386644
v 0.03991758 -0.07374321 0.10471031
v 0.03875025 -0.07310442 0.10594094
v 0.03839742 -0.07373622 0.10731027
v 0.03966858 -0.07319524 0.10613654
v 0.03931576 -0.07382628 0.10750575
v 0.03906582 -0.07526641 0.10801535
v 0.03906536 -0.07667298 0.10736680
v 0.03814752 -0.07517640 0.10781978
v 0.03814668 -0.07658214 0.10717197
v 0.03839599 -0.07713015 0.10574494
v 0.03874961 -0.07649905 0.10437605
v 0.03931436 -0.07722096 0.10594056
v 0.03966722 -0.07658996 0.10457128
v 0.03991780 -0.07514893 0.10406199
v 0.04073139 -0.06770498 0.09912104
v 0.04073071 -0.06911155 0.09847322
v 0.04164981 -0.06779582 0.09931657
v 0.04048212 -0.06715700 0.10054798
v 0.04012854 -0.06778809 0.10191689
v 0.04140081 -0.06724784 0.10074280
v 0.04104723 -0.06787896 0.10211172
v 0.04079697 -0.06931906 0.10262201
v 0.04079656 -0.07072565 0.10197348
v 0.03987868 -0.06922905 0.10242655
v 0.03987815 -0.07063484 0.10177795
v 0.04012790 -0.07118270 0.10035200
v 0.04048076 -0.07055171 0.09898271
v 0.04104584 -0.07127366 0.10054654
v 0.04139937 -0.07064174 0.09917748
v 0.04164927 -0.06920161 0.09866797
v 0.00957714 -0.05910093 0.09860691
v 0.00865881 -0.05901090 0.09841143
v 0.00957661 -0.06050673 0.09795830
v 0.00932708 -0.05855302 0.10003365
v 0.00897421 -0.05918405 0.10140284
v 0.00840954 -0.05846292 0.09983838
v 0.00805593 -0.05909401 0.10120738
v 0.00780602 -0.06053416 0.10171689
v 0.00780557 -0.06194076 0.10106834
v 0.00872435 -0.06062498 0.10191250
v 0.00872382 -0.06203077 0.10126389
v 0.00897286 -0.06257874 0.09983767
v 0.00932648 -0.06194763 0.09846867
v 0.00805532 -0.06248862 0.09964240
v 0.00840814 -0.06185762 0.09827320
v 0.00865801 -0.06041669 0.09776354
v 0.00784492 -0.06504833 0.10400065
v 0.00692734 -0.06495823 0.10380546
v 0.00784446 -0.06645493 0.10335210
v 0.00759592 -0.06450038 0.10542688
v 0.00724301 -0.06513137 0.10679615
v 0.00667731 -0.06441032 0.10523212
v 0.00632476 -0.06504136 0.10660061
v 0.00607455 -0.06648147 0.10711092
v 0.00607409 -0.06788806 0.10646237
v 0.00699319 -0.06657233 0.10730573
v 0.00699239 -0.06797809 0.10665794
v 0.00724170 -0.06852607 0.10523090
v 0.00759453 -0.06789508 0.10386170
v 0.00632337 -0.06843606 0.10503543
v 0.00667667 -0.06780493 0.10366723
v 0.00692681 -0.06636402 0.10315686
v 0.00855932 -0.07065843 0.09804378
v 0.00764179 -0.07056832 0.09784862
v 0.00855954 -0.07206415 0.09739547
v 0.00831032 -0.07011048 0.09947002
v 0.00795746 -0.07074147 0.10083931
v 0.00739176 -0.07002042 0.09927527
v 0.00703890 -0.07065143 0.10064456
v 0.00678895 -0.07209159 0.10115406
v 0.00678854 -0.07349816 0.10050552
v 0.00770764 -0.07218243 0.10134888
v 0.00770680 -0.07358819 0.10070107
v 0.00795610 -0.07413617 0.09927404
v 0.00830893 -0.07350518 0.09790484
v 0.00703754 -0.07404614 0.09907929
v 0.00739104 -0.07341424 0.09771032
v 0.00764098 -0.07197409 0.09720072
v 0.01029155 -0.06471104 0.09265005
v 0.00937291 -0.06462019 0.09245524
v 0.01029071 -0.06611680 0.09200224
v 0.01004224 -0.06416303 0.09407708
v 0.00968866 -0.06479415 0.09544599
v 0.00912386 -0.06407222 0.09388146
v 0.00877033 -0.06470411 0.09525052
v 0.00852043 -0.06614427 0.09576003
v 0.00851958 -0.06755003 0.09511222
v 0.00943872 -0.06623430 0.09595559
v 0.00943827 -0.06764087 0.09530704
v 0.00968727 -0.06818884 0.09388081
v 0.01004088 -0.06755773 0.09251181
v 0.00876964 -0.06809794 0.09368548
v 0.00912251 -0.06746692 0.09231629
v 0.00937245 -0.06602679 0.09180669
v -0.01563752 -0.05666379 0.07956079
v -0.01613830 -0.05664933 0.07941534
v -0.01571588 -0.05646547 0.07975344
v -0.00417563 -0.05779088 0.08199721
v -0.00414677 -0.05760373 0.08221313
v -0.00366613 -0.05787613 0.08206707
v -0.00327154 -0.05800384 0.08205237
v -0.00347563 -0.05771592 0.08230463
v -0.00289501 -0.05790406 0.08228376
v -0.00320942 -0.05680215 0.08147652
v -0.00388048 -0.05669075 0.08138508
v -0.00262884 -0.05699027 0.08145574
v -0.00222687 -0.05722653 0.08132500
v -0.00249315 -0.05813951 0.08215305
v -0.00206494 -0.05747358 0.08110383
v 0.00129152 -0.08382908 0.05312005
v -0.00233047 -0.05838647 0.08193217
v -0.00287543 -0.05835223 0.08179627
v 0.00102555 -0.08474209 0.05394730
v 0.00047565 -0.08466911 0.05385193
v 0.00092315 -0.08496421 0.05367146
v 0.00118868 -0.08405132 0.05284313
v 0.00039831 -0.08483723 0.05364146
v 0.00057144 -0.08512485 0.05337971
v 0.00015960 -0.08494769 0.05344338
v 0.00083772 -0.08421186 0.05255166
v 0.00002469 -0.08520235 0.05311910
v -0.00063443 -0.08518335 0.05292817
v -0.00021192 -0.08500026 0.05326643
v 0.00029074 -0.08429014 0.05229191
v -0.00036807 -0.08427117 0.05210018
v -0.01193797 -0.08313297 0.04964029
v -0.01260906 -0.08302079 0.04954880
v -0.01220350 -0.08404586 0.05046863
v -0.01287448 -0.08393449 0.05037711
v -0.01217463 -0.08385874 0.05068454
v -0.01268437 -0.08377341 0.05061541
v -0.00071294 -0.08498656 0.05312173
v -0.01307865 -0.08364576 0.05062931
v -0.01335144 -0.08348617 0.05071852
v -0.01345514 -0.08374634 0.05039797
v -0.01385707 -0.08351010 0.05052872
v -0.01318969 -0.08283265 0.04956957
v -0.01359158 -0.08259722 0.04970037
v -0.01375348 -0.08235017 0.04992145
v -0.01711033 -0.05599381 0.07790597
v -0.01401972 -0.08326315 0.05074952
v -0.01737586 -0.05690671 0.07873431
v -0.01347468 -0.08329817 0.05088547
v -0.01682627 -0.05697966 0.07883048
v -0.01674888 -0.05681155 0.07904096
v -0.01727369 -0.05668536 0.07901100
v -0.01650978 -0.05670191 0.07923830
v -0.01692175 -0.05652395 0.07930190
v -0.01637495 -0.05644647 0.07956253
v -0.01665622 -0.05561106 0.07847356
v -0.01700741 -0.05577238 0.07818295
v -0.01610942 -0.05553357 0.07873419
v -0.01545035 -0.05555258 0.07892510
v -0.00299875 -0.05816423 0.08196329
v 0.00432096 -0.06347048 0.08830798
v 0.00455980 -0.06357445 0.08713511
v 0.00403293 -0.06474911 0.08907010
v 0.00426957 -0.06214726 0.08915228
v 0.00371297 -0.06340782 0.09118605
v 0.00466120 -0.06166966 0.08753045
v 0.00423685 -0.06021545 0.09014801
v 0.00469671 -0.05971374 0.08821523
v 0.00351576 -0.06131936 0.09302951
v 0.00432836 -0.05800041 0.09059977
v 0.00445012 -0.05599632 0.09067402
v 0.00371838 -0.05847340 0.09324358
v 0.00473945 -0.05777635 0.08877038
v 0.00497560 -0.05786634 0.08761572
v 0.00476142 -0.05613459 0.08914671
v 0.00494662 -0.05640652 0.08815050
v 0.00472074 -0.05503080 0.08938200
v 0.00486913 -0.05542925 0.08850055
v 0.00448198 -0.05464644 0.09068492
v 0.00460470 -0.05439576 0.08950242
v 0.00440330 -0.05388666 0.09068746
v 0.00440622 -0.05408240 0.08953429
v 0.00473398 -0.05485847 0.08868277
v 0.00452719 -0.05456842 0.08873723
v 0.00481934 -0.05533544 0.08805614
v 0.00489188 -0.05588937 0.08745212
v 0.00460896 -0.05505327 0.08811797
v 0.00496253 -0.05588288 0.08785205
v 0.00503700 -0.05643446 0.08724450
v 0.00505327 -0.05681444 0.08745925
v 0.00513022 -0.05735979 0.08684548
v 0.00510140 -0.05820657 0.08686595
v 0.00518096 -0.05874177 0.08624434
v 0.00509809 -0.05997954 0.08620358
v 0.00517927 -0.06050844 0.08557798
v 0.00496222 -0.05968156 0.08698443
v 0.00502889 -0.06201690 0.08563995
v 0.00490007 -0.06169434 0.08639440
v 0.00487510 -0.06420862 0.08535818
v 0.00510877 -0.06254725 0.08501819
v 0.00814706 -0.08848708 0.05740004
v 0.00495343 -0.06474842 0.08474128
v 0.00470093 -0.06700160 0.08488444
v 0.00784841 -0.08955520 0.05832062
v 0.00747593 -0.09086223 0.05946658
v 0.00735683 -0.09073937 0.05685648
v 0.00698183 -0.09202647 0.05802480
v 0.00765854 -0.08969610 0.05591135
v 0.00501997 -0.09408363 0.05242016
v 0.00531957 -0.09302503 0.05148913
v 0.00491613 -0.09464991 0.05176262
v 0.00464677 -0.09538208 0.05357414
v 0.00454664 -0.09597151 0.05289223
v 0.00421663 -0.09687273 0.05490782
v 0.00655038 -0.09350772 0.05936788
v 0.00411883 -0.09747942 0.05420757
v 0.00374810 -0.09848888 0.05636227
v 0.00365156 -0.09910591 0.05565090
v 0.00326063 -0.10016668 0.05787953
v 0.00608183 -0.09511859 0.06082736
v 0.00559366 -0.09679307 0.06234761
v 0.00657892 -0.09397846 0.06224453
v 0.00704640 -0.09235816 0.06079372
v 0.00609140 -0.09565726 0.06375997
v 0.00395157 -0.07128046 0.08642987
v 0.00387639 -0.07071620 0.08704621
v 0.00348426 -0.07311528 0.08778003
v 0.00436184 -0.06921074 0.08545616
v 0.00428455 -0.06865102 0.08607962
v 0.00417235 -0.06811240 0.08685684
v 0.00462314 -0.06645094 0.08550547
v 0.00450870 -0.06597688 0.08626260
v 0.00431254 -0.06548926 0.08741175
v 0.00475868 -0.06381587 0.08608651
v 0.00397467 -0.06747835 0.08808098
v 0.00361670 -0.06945562 0.08885009
v 0.00364616 -0.06663918 0.09001125
v 0.00314372 -0.06547837 0.09290781
v 0.00333196 -0.06873423 0.09052338
v 0.00286258 -0.06824022 0.09295569
v 0.00312298 -0.07027831 0.09079224
v 0.00323141 -0.07113149 0.08988558
v 0.00276747 -0.07067344 0.09228186
v 0.00227309 -0.07135755 0.09429010
v 0.00278412 -0.07231556 0.09144385
v 0.00284244 -0.07335941 0.09068510
v 0.00229322 -0.07325265 0.09331735
v 0.00232845 -0.07444636 0.09260049
v 0.00180888 -0.07408930 0.09521051
v 0.00178663 -0.07246261 0.09606572
v 0.00137220 -0.07452056 0.09706217
v 0.00181802 -0.07521815 0.09464338
v 0.00133767 -0.07556693 0.09674317
v 0.00185717 -0.07594998 0.09411951
v 0.00136129 -0.07627650 0.09630175
v 0.00192428 -0.07653793 0.09353179
v 0.00237939 -0.07519383 0.09201295
v 0.00290564 -0.07404972 0.09006939
v 0.00244856 -0.07578309 0.09141574
v 0.00297624 -0.07463102 0.08946815
v 0.00513351 -0.09892956 0.06675424
v 0.00470007 -0.10039614 0.06811322
v 0.00463702 -0.10007923 0.06532740
v 0.00560328 -0.09732904 0.06528362
v 0.00510583 -0.09846834 0.06386710
v 0.00277278 -0.10183943 0.05940066
v 0.00230335 -0.10344425 0.06086727
v 0.00267620 -0.10245652 0.05868928
v 0.00316435 -0.10078726 0.05716409
v 0.00406032 -0.11422191 0.04616167
v 0.00220547 -0.10405094 0.06016709
v 0.00355063 -0.11551444 0.04796060
v 0.00177105 -0.10550544 0.06153816
v 0.00305482 -0.11649112 0.04983963
v 0.00139177 -0.10675728 0.06274217
v 0.00187020 -0.10491608 0.06222051
v 0.00149442 -0.10619031 0.06340016
v 0.00420628 -0.10156039 0.06667075
v 0.00383163 -0.10284747 0.06783830
v 0.00352633 -0.10389106 0.06878378
v 0.00432239 -0.10166263 0.06930209
v 0.00142701 -0.07686054 0.09572532
v 0.00401453 -0.10268201 0.07027316
v 0.00376379 -0.10346779 0.07103486
v 0.00097348 -0.07675150 0.09789927
v 0.00057038 -0.07634062 0.09993510
v 0.00091091 -0.07616210 0.09846802
v 0.00050813 -0.07574652 0.10050135
v 0.00090381 -0.07542114 0.09884268
v 0.00099331 -0.07426839 0.09895681
v 0.00050900 -0.07497655 0.10085485
v 0.00061814 -0.07372306 0.10092072
v 0.00014230 -0.07446860 0.10267215
v 0.00021847 -0.07330275 0.10285025
v -0.00018292 -0.07402197 0.10412557
v 0.00015280 -0.07520323 0.10227975
v 0.00021686 -0.07579277 0.10170718
v -0.00015204 -0.07469300 0.10367270
v -0.00008549 -0.07527252 0.10309050
v -0.00041034 -0.07433673 0.10458681
v -0.00034242 -0.07491011 0.10399889
v -0.00065177 -0.07412547 0.10509603
v -0.00045411 -0.07371306 0.10508191
v -0.00046683 -0.07284956 0.10554095
v -0.00070161 -0.07352654 0.10561278
v -0.00073297 -0.07273005 0.10612889
v -0.00096348 -0.07342591 0.10583886
v -0.00100087 -0.07265497 0.10637678
v -0.00296764 -0.07326261 0.10556365
v -0.00091190 -0.07401632 0.10531481
v -0.00311119 -0.07380282 0.10503911
v -0.00084622 -0.07458369 0.10472406
v -0.00058358 -0.07469568 0.10450636
v 0.00272415 -0.10491800 0.07241424
v -0.00352744 -0.07431159 0.10437400
v -0.00027148 -0.10474376 0.07189723
v -0.01532132 -0.07326476 0.10174770
v -0.00393317 -0.07398311 0.10455836
v -0.00412565 -0.07389647 0.10444684
v -0.00346231 -0.07370880 0.10498765
v -0.01548687 -0.07294206 0.10200512
v -0.02704076 -0.07190182 0.09945265
v -0.01550925 -0.07285627 0.10195211
v -0.02689183 -0.07181601 0.09945686
v -0.01544812 -0.07296764 0.10152894
v -0.00417911 -0.07400297 0.10399018
v -0.02671749 -0.07193229 0.09906848
v -0.01530035 -0.07328576 0.10064522
v -0.00410219 -0.07431654 0.10308724
v -0.02649844 -0.07225578 0.09820315
v -0.01505676 -0.07379542 0.09924296
v -0.00390130 -0.07482296 0.10167604
v -0.02621227 -0.07276786 0.09680987
v -0.01472727 -0.07435307 0.09742421
v -0.00359379 -0.07538063 0.09985385
v -0.02585996 -0.07332544 0.09499476
v -0.01432430 -0.07478373 0.09532790
v -0.00320021 -0.07581141 0.09775738
v -0.02544917 -0.07375536 0.09289810
v -0.01386326 -0.07491159 0.09309581
v -0.00273960 -0.07594082 0.09552691
v -0.02498597 -0.07388155 0.09066422
v -0.01335652 -0.07459779 0.09085804
v -0.00223405 -0.07562863 0.09329049
v -0.02447903 -0.07356695 0.08842569
v -0.01282555 -0.07384292 0.08871122
v -0.00170336 -0.07487374 0.09114427
v -0.02394775 -0.07281211 0.08627807
v -0.01229345 -0.07268311 0.08674276
v -0.00117117 -0.07371471 0.08917597
v -0.02341536 -0.07165235 0.08430890
v -0.01178110 -0.07115596 0.08503964
v -0.00065886 -0.07218677 0.08747270
v -0.02290309 -0.07012439 0.08260572
v -0.01130933 -0.06930532 0.08367938
v -0.00018706 -0.07033691 0.08611259
v -0.02243208 -0.06827384 0.08124517
v -0.01089619 -0.06721397 0.08270009
v 0.00022612 -0.06824559 0.08513321
v -0.02201839 -0.06618318 0.08026694
v -0.01055420 -0.06497373 0.08213095
v 0.00056866 -0.06600537 0.08456265
v -0.02167675 -0.06394208 0.07969845
v -0.01030066 -0.06267607 0.08199952
v 0.00082251 -0.06370776 0.08443042
v -0.02142305 -0.06164430 0.07956882
v -0.01014193 -0.06041797 0.08230061
v 0.00098207 -0.06144972 0.08472938
v -0.02126700 -0.05938628 0.07987235
v -0.01005949 -0.05832285 0.08288711
v 0.00107318 -0.05935631 0.08531409
v -0.02119279 -0.05729028 0.08045991
v -0.01002711 -0.05651926 0.08357607
v 0.00112876 -0.05755426 0.08600609
v -0.02118212 -0.05548497 0.08114631
v -0.01001594 -0.05513698 0.08418665
v 0.00118185 -0.05617529 0.08662541
v -0.02121344 -0.05409870 0.08174718
v -0.01000393 -0.05426617 0.08457018
v -0.02127261 -0.05322331 0.08211228
v 0.00126581 -0.05530897 0.08702756
v -0.00997574 -0.05385121 0.08471754
v 0.00140680 -0.05489730 0.08721043
v -0.02135905 -0.05280443 0.08222433
v -0.00991473 -0.05380276 0.08464854
v 0.00163817 -0.05484797 0.08720069
v -0.02146758 -0.05275757 0.08209629
v -0.00973699 -0.05408280 0.08435227
v 0.00205596 -0.05513361 0.08697998
v -0.02152991 -0.05303200 0.08172446
v -0.00596093 -0.08442206 0.05207461
v 0.00532159 -0.08553454 0.05447679
v -0.01724294 -0.08330941 0.04967345
v -0.00583187 -0.08578645 0.05061092
v -0.01670843 -0.08471409 0.04829509
v 0.00504531 -0.08685962 0.05292529
v -0.00557459 -0.08931604 0.04680122
v 0.00355820 -0.09021633 0.04874532
v -0.00552979 -0.08976796 0.04631681
v -0.01470781 -0.08841407 0.04485781
v -0.01521244 -0.08837024 0.04475528
v -0.01455189 -0.08887770 0.04439555
v -0.01365640 -0.09623909 0.03698234
v -0.01503177 -0.08883665 0.04429926
v -0.01696880 -0.08877085 0.04400038
v -0.01412598 -0.09619845 0.03688844
v -0.01393890 -0.09856200 0.03491248
v -0.01603633 -0.09614777 0.03656781
v -0.01625378 -0.09620614 0.03660038
v -0.01584800 -0.09848368 0.03460426
v -0.01606929 -0.09845879 0.03470016
v -0.01573318 -0.10079687 0.03299258
v -0.01596108 -0.10067081 0.03315798
v -0.01570311 -0.10307855 0.03179086
v -0.01382353 -0.10091936 0.03328026
v -0.01379251 -0.10325516 0.03205340
v -0.01335356 -0.10096164 0.03337356
v -0.01346862 -0.09860255 0.03500665
v -0.00437767 -0.10184665 0.03528526
v -0.01332246 -0.10329824 0.03214675
v -0.00434665 -0.10418245 0.03405840
v -0.01338231 -0.10562590 0.03134887
v -0.00440658 -0.10650935 0.03326046
v -0.01353711 -0.10795485 0.03100021
v -0.01385153 -0.10558119 0.03125496
v -0.01576239 -0.10535208 0.03101627
v -0.01400727 -0.10790925 0.03090847
v -0.01591711 -0.10763515 0.03068834
v -0.01426097 -0.11023527 0.03102713
v -0.01616970 -0.10992644 0.03081736
v -0.01379141 -0.11028252 0.03111870
v -0.01460206 -0.11248881 0.03158931
v -0.01650967 -0.11215711 0.03138264
v -0.01413300 -0.11253686 0.03168245
v -0.01501599 -0.11458374 0.03256504
v -0.01692098 -0.11423586 0.03235534
v -0.01548658 -0.11643276 0.03392396
v -0.01454674 -0.11463330 0.03265831
v -0.00557054 -0.11551425 0.03457000
v -0.01501780 -0.11648387 0.03401884
v -0.00604132 -0.11736404 0.03592969
v -0.01553023 -0.11801023 0.03572190
v -0.00655347 -0.11889042 0.03763203
v -0.01606382 -0.11916739 0.03769563
v -0.01599881 -0.11795833 0.03562625
v -0.01653192 -0.11911474 0.03759850
v -0.01789832 -0.11759253 0.03540084
v -0.01738983 -0.11607465 0.03370853
v -0.01814362 -0.11720497 0.03574780
v -0.01842780 -0.11874565 0.03735801
v -0.01867108 -0.11836521 0.03769310
v -0.01895558 -0.11949533 0.03949483
v -0.01706459 -0.11986391 0.03975910
v -0.01946127 -0.11980703 0.04172689
v -0.01919593 -0.11912981 0.03980927
v -0.01969656 -0.11946265 0.04201047
v -0.01944199 -0.11827108 0.04066814
v -0.01993454 -0.11865274 0.04280817
v -0.01973562 -0.11667295 0.04232838
v -0.01892286 -0.11746920 0.03859490
v -0.01922575 -0.11580264 0.04033318
v -0.01839830 -0.11628631 0.03667675
v -0.01789048 -0.11475947 0.03499676
v -0.01870741 -0.11457660 0.03846185
v -0.01909838 -0.11194361 0.04123877
v -0.01820257 -0.11303517 0.03679820
v -0.01859597 -0.11037876 0.03960079
v -0.01773138 -0.11122452 0.03542112
v -0.01731169 -0.10922725 0.03437041
v -0.01812251 -0.10859225 0.03819883
v -0.01742180 -0.11293347 0.03363454
v -0.01716652 -0.11384967 0.03270563
v -0.01700733 -0.11089143 0.03262996
v -0.01666226 -0.10872241 0.03200876
v -0.01675434 -0.11178282 0.03172335
v -0.01641310 -0.10957262 0.03114127
v -0.01615835 -0.10731020 0.03098923
v -0.01600026 -0.10506937 0.03128639
v -0.01640107 -0.10651813 0.03180283
v -0.01668593 -0.10502679 0.03336973
v -0.01623584 -0.10435756 0.03202923
v -0.01616083 -0.10227778 0.03265802
v -0.01650619 -0.10299575 0.03347071
v -0.01683413 -0.10087083 0.03572070
v -0.01640902 -0.10110055 0.03392741
v -0.01670576 -0.09919500 0.03593705
v -0.01637764 -0.09941477 0.03464852
v -0.01616602 -0.10029547 0.03364639
v -0.01662637 -0.09776838 0.03634673
v -0.01638529 -0.09820709 0.03535421
v -0.01625276 -0.09835764 0.03498252
v -0.01655099 -0.09676631 0.03668841
v -0.01642628 -0.09634062 0.03670032
v -0.01755363 -0.08930640 0.04435705
v -0.01738122 -0.08901101 0.04414395
v -0.01779178 -0.08880898 0.04482903
v -0.01773126 -0.08976520 0.04470015
v -0.01793162 -0.09041044 0.04520166
v -0.01797274 -0.08924542 0.04519584
v -0.02122466 -0.08539519 0.04839526
v -0.01817623 -0.08986469 0.04572613
v -0.02143126 -0.08599995 0.04894011
v -0.01842091 -0.09069104 0.04644269
v -0.01817262 -0.09126521 0.04588881
v -0.02167807 -0.08681070 0.04967504
v -0.01872434 -0.09174850 0.04737219
v -0.01909753 -0.09304695 0.04852616
v -0.02198307 -0.08785432 0.05061972
v -0.01847281 -0.09235026 0.04678963
v -0.01884341 -0.09367197 0.04791974
v -0.01703712 -0.10271924 0.03581122
v -0.01732656 -0.10467730 0.03626793
v -0.01695719 -0.10713129 0.03367468
v -0.01769393 -0.10666395 0.03707579
v -0.01927137 -0.09517827 0.04923496
v -0.01973741 -0.09680626 0.05067801
v -0.01952764 -0.09453760 0.04985975
v -0.02278939 -0.09062109 0.05313030
v -0.01999589 -0.09615377 0.05131350
v -0.02048364 -0.09783155 0.05283147
v -0.02325822 -0.09223194 0.05459049
v -0.02374631 -0.09390722 0.05611080
v -0.02406191 -0.09096458 0.05573080
v -0.02359443 -0.08934429 0.05427999
v -0.02454982 -0.09264256 0.05724697
v -0.02722210 -0.06821339 0.07980311
v -0.02768984 -0.07004911 0.08115243
v -0.02681148 -0.06614450 0.07882875
v -0.02729771 -0.06764924 0.08041848
v -0.02776262 -0.06947813 0.08175831
v -0.02739537 -0.06707765 0.08114264
v -0.02688905 -0.06558473 0.07945293
v -0.02700125 -0.06504611 0.08023014
v -0.02655018 -0.06338468 0.07887807
v -0.02666493 -0.06291061 0.07963600
v -0.02647235 -0.06393533 0.07825705
v -0.02629853 -0.06114154 0.07873145
v -0.02641491 -0.06074957 0.07945992
v -0.02614146 -0.05895025 0.07901379
v -0.02622072 -0.06168147 0.07811352
v -0.02606182 -0.05948139 0.07839278
v -0.02279242 -0.08654132 0.05180689
v -0.02249060 -0.08547443 0.05088758
v -0.02316489 -0.08784836 0.05295284
v -0.02235779 -0.08914140 0.05178734
v -0.02224605 -0.08463779 0.05017921
v -0.02204382 -0.08400898 0.04966017
v -0.02596990 -0.05744428 0.07895574
v -0.02591122 -0.05568317 0.07963505
v -0.02605103 -0.05691538 0.07958137
v -0.02618797 -0.05661746 0.08036272
v -0.02598975 -0.05514790 0.08025623
v -0.02611583 -0.05480764 0.08100672
v -0.02592581 -0.05376640 0.08087365
v -0.02603312 -0.05335938 0.08156467
v -0.02584878 -0.05431256 0.08025994
v -0.02582908 -0.05285391 0.08130585
v -0.02592272 -0.05240026 0.08195498
v -0.02568091 -0.05233467 0.08157175
v -0.02575486 -0.05340547 0.08069892
v -0.02560609 -0.05288913 0.08096864
v -0.02168883 -0.08327857 0.04908095
v -0.02148636 -0.08311854 0.04897107
v -0.02086660 -0.08469773 0.04778062
v -0.02186491 -0.08356398 0.04930260
v -0.02104284 -0.08497003 0.04801628
v -0.02066555 -0.08454500 0.04766103
v -0.01761784 -0.08852748 0.04460074
v -0.01742786 -0.08836921 0.04448351
v -0.01720081 -0.08829813 0.04444645
v -0.01719307 -0.08884517 0.04403342
v -0.02040918 -0.08447946 0.04763045
v -0.01760395 -0.08463234 0.04811042
v -0.02122464 -0.08305044 0.04894596
v -0.01822966 -0.08321866 0.04946937
v -0.02538761 -0.05265005 0.08112337
v -0.02273540 -0.05269623 0.08171265
v -0.02546548 -0.05209517 0.08172517
v -0.02555112 -0.05160920 0.08234289
v -0.02328959 -0.05212062 0.08219980
v -0.02294902 -0.05213631 0.08233365
v -0.02356160 -0.05165435 0.08274305
v -0.02325578 -0.05173310 0.08279949
v -0.02375011 -0.05116594 0.08351980
v -0.02567385 -0.05112333 0.08314019
v -0.02394733 -0.05059603 0.08466050
v -0.02345834 -0.05127029 0.08355376
v -0.02325752 -0.05154385 0.08353418
v -0.02365920 -0.05071265 0.08469685
v -0.02393470 -0.05005202 0.08629860
v -0.02347248 -0.05104209 0.08471421
v -0.02376840 -0.05045061 0.08637835
v -0.02371274 -0.05440766 0.08751342
v -0.02355076 -0.05532481 0.08644352
v -0.02392508 -0.05369094 0.08871941
v -0.02132700 -0.05462737 0.08801555
v -0.02153910 -0.05391070 0.08922081
v -0.02116471 -0.05554455 0.08694484
v -0.02105706 -0.05663432 0.08604371
v -0.02344276 -0.05641461 0.08554160
v -0.02100838 -0.05786464 0.08533758
v -0.02339337 -0.05764484 0.08483575
v -0.02101835 -0.05919595 0.08484842
v -0.02340436 -0.05897622 0.08434711
v -0.02108848 -0.06058938 0.08459229
v -0.02347422 -0.06036967 0.08409016
v -0.02121526 -0.06200222 0.08457506
v -0.02139621 -0.06339134 0.08479875
v -0.02360127 -0.06178248 0.08407375
v -0.02302775 -0.06097358 0.08018250
v -0.02378219 -0.06317160 0.08429735
v -0.02401027 -0.06449579 0.08475462
v -0.02327938 -0.06317006 0.08034979
v -0.02361871 -0.06533336 0.08094293
v -0.02295054 -0.06349056 0.07982859
v -0.02329176 -0.06571922 0.08040099
v -0.02245503 -0.06374145 0.07967035
v -0.02269676 -0.06120772 0.07969255
v -0.02254212 -0.05896596 0.07999611
v -0.02220196 -0.06144453 0.07954051
v -0.02204509 -0.05918894 0.07984270
v -0.02197342 -0.05709492 0.08042843
v -0.02247267 -0.05687852 0.08058295
v -0.02196650 -0.05529010 0.08111349
v -0.02200658 -0.05390227 0.08171427
v -0.02246662 -0.05506937 0.08126229
v -0.02280937 -0.05490316 0.08176472
v -0.02251045 -0.05366959 0.08185526
v -0.02283651 -0.05343418 0.08230069
v -0.02259363 -0.05277209 0.08222395
v -0.02291104 -0.05247879 0.08263456
v -0.02208203 -0.05302026 0.08208130
v -0.02273180 -0.05230110 0.08236820
v -0.02304488 -0.05195776 0.08278475
v -0.02220435 -0.05258077 0.08220365
v -0.02239781 -0.05248726 0.08209938
v -0.02282402 -0.05675183 0.08111854
v -0.02288574 -0.05880800 0.08050791
v -0.02279635 -0.06598081 0.08023972
v -0.02321024 -0.06807223 0.08121873
v -0.02368133 -0.06992199 0.08257921
v -0.02370258 -0.06780525 0.08137240
v -0.02401522 -0.06738403 0.08186111
v -0.02417120 -0.06964989 0.08272251
v -0.02468141 -0.07116589 0.08442094
v -0.02446413 -0.06918781 0.08313758
v -0.02495960 -0.07062596 0.08480120
v -0.02458152 -0.06678772 0.08630735
v -0.02219550 -0.06700745 0.08680877
v -0.02490750 -0.06768632 0.08735565
v -0.02427912 -0.06571274 0.08543099
v -0.02189382 -0.06593257 0.08593203
v -0.02162421 -0.06471552 0.08525595
v -0.02252149 -0.06790605 0.08785696
v -0.02524662 -0.06838244 0.08854441
v -0.02547845 -0.07172084 0.08673637
v -0.02286061 -0.06860218 0.08904572
v -0.02558960 -0.06885443 0.08983798
v -0.02320354 -0.06907417 0.09033931
v -0.02592536 -0.06908804 0.09119635
v -0.02599415 -0.07249448 0.08880482
v -0.02648215 -0.07283892 0.09094100
v -0.02574076 -0.07307573 0.08852041
v -0.02525707 -0.07336554 0.08839673
v -0.02624514 -0.07339608 0.09074294
v -0.02521261 -0.07231791 0.08638436
v -0.02472646 -0.07260984 0.08625056
v -0.02419360 -0.07144996 0.08428239
v -0.02576366 -0.07368094 0.09063461
v -0.02670537 -0.07326750 0.09296160
v -0.02692458 -0.07268099 0.09308569
v -0.02711661 -0.07283599 0.09504770
v -0.02622675 -0.07355493 0.09286598
v -0.02663873 -0.07312697 0.09495969
v -0.02699486 -0.07256825 0.09677327
v -0.02747669 -0.07228229 0.09686422
v -0.02728936 -0.07205387 0.09816497
v -0.02777986 -0.07177455 0.09826487
v -0.02752532 -0.07172293 0.09903369
v -0.02802731 -0.07144131 0.09914706
v -0.02773650 -0.07158692 0.09943274
v -0.02825590 -0.07128153 0.09957463
v -0.02796926 -0.07162680 0.09945184
v -0.02851355 -0.07125175 0.09966491
v -0.02831898 -0.07187668 0.09910566
v -0.03091324 -0.07162638 0.09833244
v -0.02886545 -0.07127251 0.09956562
v -0.02382234 -0.10242695 0.06689075
v -0.02711519 -0.07221797 0.09912141
v -0.02283968 -0.10253024 0.06710496
v -0.01155571 -0.10363737 0.06950147
v -0.02230541 -0.10393488 0.06572732
v -0.02030447 -0.10763570 0.06228938
v -0.01142637 -0.10500178 0.06803707
v -0.02319762 -0.10384147 0.06553237
v -0.02080595 -0.10758097 0.06217735
v -0.02593275 -0.10344873 0.06483413
v -0.02272525 -0.10727052 0.06165339
v -0.02674728 -0.10201890 0.06614906
v -0.02613736 -0.10333795 0.06470597
v -0.02290038 -0.10716306 0.06152821
v -0.02695865 -0.10191162 0.06601491
v -0.02624137 -0.10315535 0.06452154
v -0.02625386 -0.10286415 0.06424527
v -0.02299233 -0.10698512 0.06134095
v -0.02706352 -0.10173699 0.06582193
v -0.03113353 -0.07188100 0.09745360
v -0.02707510 -0.10145881 0.06553193
v -0.02700362 -0.10104286 0.06510862
v -0.03106449 -0.07222529 0.09650496
v -0.03113190 -0.07164505 0.09708690
v -0.03087528 -0.07273416 0.09509791
v -0.03057985 -0.07327653 0.09331337
v -0.03093855 -0.07214534 0.09567081
v -0.03094988 -0.07140998 0.09606286
v -0.03064131 -0.07268235 0.09387994
v -0.03026024 -0.07309558 0.09184156
v -0.03064118 -0.07191246 0.09423314
v -0.03053204 -0.07065899 0.09429901
v -0.03026655 -0.07235453 0.09221642
v -0.03017779 -0.07120186 0.09233036
v -0.02983666 -0.07250075 0.09011629
v -0.02980115 -0.07145429 0.09043485
v -0.02935537 -0.07215109 0.08801602
v -0.02981234 -0.07321023 0.08967514
v -0.02974733 -0.07379433 0.08909844
v -0.02931642 -0.07288372 0.08749281
v -0.02879401 -0.07212678 0.08538549
v -0.02924931 -0.07347166 0.08690509
v -0.02872502 -0.07271679 0.08478915
v -0.02594079 -0.09738146 0.06159945
v -0.02631844 -0.09864876 0.06278836
v -0.02513452 -0.09867383 0.06043359
v -0.02550779 -0.09591580 0.06023951
v -0.02470295 -0.09719338 0.05909059
v -0.02503762 -0.09431436 0.05876983
v -0.02819822 -0.07156406 0.08284120
v -0.02423358 -0.09558254 0.05762887
v -0.02097193 -0.09950347 0.05435332
v -0.02144135 -0.10110834 0.05581993
v -0.02071388 -0.10015613 0.05371674
v -0.02118496 -0.10174976 0.05519521
v -0.02022467 -0.09848680 0.05219105
v -0.01960780 -0.11323622 0.04303689
v -0.02161938 -0.10320426 0.05656628
v -0.02187348 -0.10258005 0.05717275
v -0.02199871 -0.10445611 0.05777028
v -0.02010369 -0.11421439 0.04491675
v -0.02056370 -0.11483291 0.04679618
v -0.02096847 -0.11506970 0.04859756
v -0.02021561 -0.11714821 0.04436318
v -0.02064382 -0.11720701 0.04635788
v -0.02100781 -0.11689476 0.04825025
v -0.02038122 -0.11859287 0.04494004
v -0.02077303 -0.11811927 0.04702452
v -0.02015546 -0.11933655 0.04422636
v -0.01992638 -0.11965259 0.04398563
v -0.02056918 -0.11876901 0.04644488
v -0.02094406 -0.11778322 0.04867668
v -0.02035172 -0.11904428 0.04627047
v -0.01848468 -0.11936994 0.04666817
v -0.02074351 -0.11800318 0.04859755
v -0.02110790 -0.11654779 0.05098684
v -0.01888641 -0.11830725 0.04904989
v -0.01841963 -0.11835962 0.04915264
v -0.01925912 -0.11683408 0.05148425
v -0.01879261 -0.11688643 0.05158771
v -0.01960482 -0.11501325 0.05395200
v -0.02144886 -0.11473655 0.05342749
v -0.02062572 -0.10804656 0.06172205
v -0.01913784 -0.11506547 0.05405647
v -0.01016010 -0.11594592 0.05596187
v -0.02014907 -0.10809927 0.06182855
v -0.01112480 -0.10898409 0.06374453
v -0.00210022 -0.10986889 0.06565971
v -0.01117038 -0.10853141 0.06422860
v -0.00203558 -0.10942704 0.06616810
v -0.00054800 -0.10606957 0.07034658
v -0.00004694 -0.10950093 0.06647454
v 0.00225759 -0.10622153 0.07082758
v 0.00018017 -0.10943411 0.06643428
v -0.00016333 -0.10993906 0.06595357
v 0.00006196 -0.10987512 0.06591003
v 0.00073263 -0.11691866 0.05814224
v -0.00118280 -0.11682478 0.05786787
v 0.00094986 -0.11685675 0.05811366
v 0.00107260 -0.11872991 0.05570202
v 0.00127583 -0.11861066 0.05576047
v 0.00143763 -0.12018441 0.05331295
v -0.00083702 -0.11864637 0.05540017
v -0.00046443 -0.12011878 0.05296585
v -0.00981555 -0.11776602 0.05349457
v -0.00944256 -0.11923921 0.05105950
v -0.00904052 -0.12030193 0.04867697
v -0.00860494 -0.12093015 0.04633846
v -0.00006278 -0.12118067 0.05058396
v -0.01801759 -0.11942234 0.04677012
v -0.01758249 -0.12005068 0.04443061
v -0.01804910 -0.11999816 0.04432965
v -0.01710835 -0.12022061 0.04212432
v -0.01659679 -0.11991654 0.03985703
v -0.00813112 -0.12110005 0.04403297
v -0.01757639 -0.12016733 0.04202453
v -0.00761983 -0.12079600 0.04176640
v 0.00084540 -0.12197963 0.04594125
v 0.00037261 -0.12180966 0.04824632
v 0.00272176 -0.12198891 0.04644212
v 0.00135751 -0.12167624 0.04367502
v 0.00188985 -0.12092701 0.04151511
v 0.00322722 -0.12167798 0.04421092
v 0.00338343 -0.12135136 0.04460872
v 0.00375488 -0.12092751 0.04207403
v 0.00390899 -0.12058667 0.04249293
v 0.00428443 -0.11977519 0.04011692
v 0.00479391 -0.11825644 0.03842404
v 0.00242298 -0.11977064 0.03954297
v 0.00443642 -0.11942563 0.04054748
v 0.00446193 -0.11853562 0.04153586
v 0.00494476 -0.11790582 0.03885945
v 0.00496908 -0.11700797 0.03985733
v 0.00541281 -0.11607122 0.03750517
v 0.00582566 -0.11400348 0.03652312
v 0.00526216 -0.11641760 0.03707236
v 0.00543789 -0.11518277 0.03849518
v 0.00585281 -0.11313994 0.03748902
v 0.00531398 -0.11349219 0.04032117
v 0.00573450 -0.11149420 0.03926809
v 0.00503616 -0.11087055 0.04312182
v 0.00484347 -0.11530199 0.04169848
v 0.00456242 -0.11265704 0.04452449
v 0.00433842 -0.11684353 0.04336031
v 0.00382007 -0.11806957 0.04523163
v 0.00393789 -0.11971843 0.04345504
v 0.00330994 -0.11893990 0.04722755
v 0.00283066 -0.11941502 0.04926272
v 0.00341816 -0.12051958 0.04552720
v 0.00292541 -0.12090202 0.04766800
v 0.00247818 -0.12084152 0.04979881
v 0.00288269 -0.12168340 0.04680995
v 0.00242387 -0.12155810 0.04902590
v 0.00225641 -0.12183525 0.04870173
v 0.00200671 -0.12098930 0.05124396
v 0.00183024 -0.12122623 0.05098612
v 0.00162592 -0.12000255 0.05347507
v 0.00207719 -0.12036645 0.05188223
v 0.00202133 -0.11915869 0.05314630
v 0.00172173 -0.11951959 0.05389799
v 0.00140852 -0.11831596 0.05589787
v 0.00169947 -0.11856124 0.05484908
v 0.00147449 -0.11794122 0.05608368
v 0.00153462 -0.11695924 0.05659962
v 0.00061733 -0.10908881 0.06510106
v 0.00129796 -0.11669607 0.05760009
v 0.00183355 -0.11725958 0.05517543
v 0.00082850 -0.10852545 0.06451307
v 0.00218679 -0.11734674 0.05352000
v 0.00108122 -0.10775862 0.06373224
v 0.00240017 -0.11947334 0.05125652
v 0.00259409 -0.11710969 0.05171868
v 0.00118724 -0.10721918 0.06436148
v 0.00093867 -0.10801448 0.06511157
v 0.00327899 -0.10470113 0.06951756
v 0.00073118 -0.10860451 0.06567183
v 0.00054731 -0.10901766 0.06606330
v 0.00307319 -0.10530660 0.07006285
v 0.00355488 -0.10404836 0.07160468
v 0.00289156 -0.10573098 0.07044095
v 0.00337041 -0.10445373 0.07200414
v 0.00271434 -0.10600415 0.07067718
v 0.00251352 -0.10615611 0.07079591
v 0.00319147 -0.10471320 0.07225386
v 0.00037134 -0.10928369 0.06630745
v 0.00025298 -0.10973257 0.06577493
v 0.00112301 -0.11672835 0.05800732
v 0.00043158 -0.10948032 0.06551509
v 0.00298749 -0.10485762 0.07238061
v 0.00546465 -0.10894145 0.04199873
v 0.00583135 -0.10695569 0.04119063
v 0.00612185 -0.10499756 0.04073341
v 0.00608813 -0.10939897 0.03857470
v 0.00636011 -0.10729361 0.03827001
v 0.00619864 -0.11097082 0.03686810
v 0.00616690 -0.11179328 0.03594104
v 0.00645913 -0.10876668 0.03666190
v 0.00662254 -0.10660626 0.03688852
v 0.00642137 -0.10953083 0.03578972
v 0.00626592 -0.10981703 0.03540358
v 0.00657765 -0.10729016 0.03608709
v 0.00663901 -0.10508098 0.03681677
v 0.00642064 -0.10753396 0.03573150
v 0.00457053 -0.10739353 0.03517087
v 0.00647960 -0.10526040 0.03650690
v 0.00462896 -0.10506744 0.03597081
v 0.00644777 -0.10297893 0.03770876
v 0.00459852 -0.10273165 0.03719617
v 0.00660897 -0.10289090 0.03795642
v 0.00633250 -0.10066582 0.03931934
v 0.00649702 -0.10067859 0.03949713
v 0.00614492 -0.09832982 0.04128318
v 0.00448307 -0.10037349 0.03882832
v -0.00449341 -0.09948842 0.03691812
v 0.00429537 -0.09801083 0.04080407
v 0.00349329 -0.09065816 0.04823764
v -0.00468012 -0.09712494 0.03889331
v 0.00536080 -0.09096670 0.04874743
v 0.00553457 -0.09107973 0.04886449
v 0.00547718 -0.09052851 0.04926840
v 0.00565251 -0.09063870 0.04938945
v 0.00778140 -0.08725148 0.05362304
v 0.00824773 -0.08594873 0.05521055
v 0.00798570 -0.08736229 0.05375200
v 0.00845970 -0.08606380 0.05533661
v 0.00808906 -0.08754573 0.05393612
v 0.00856687 -0.08625388 0.05551302
v 0.00810147 -0.08783613 0.05421233
v 0.00574580 -0.09082523 0.04956720
v 0.00575691 -0.09112511 0.04983638
v 0.00562819 -0.09127402 0.04903497
v 0.00640565 -0.09858670 0.04155344
v 0.00564106 -0.09158702 0.04928809
v 0.00557654 -0.09205717 0.04965502
v 0.00644219 -0.09902873 0.04157647
v 0.00646122 -0.10003946 0.04125472
v 0.00656354 -0.10046485 0.04023263
v 0.00661555 -0.10167719 0.03953658
v 0.00656616 -0.10060197 0.03983307
v 0.00666526 -0.10254074 0.03850096
v 0.00668969 -0.10452579 0.03751505
v 0.00662008 -0.10336620 0.03882187
v 0.00643096 -0.10147091 0.04085572
v 0.00653818 -0.10526287 0.03836860
v 0.00632122 -0.10314867 0.04064320
v 0.00521336 -0.09356524 0.05086066
v 0.00543348 -0.09270802 0.05016867
v 0.00554337 -0.09219703 0.05076788
v 0.00788417 -0.08888292 0.05517239
v 0.00568956 -0.09157220 0.05022544
v 0.00803302 -0.08827267 0.05461431
v 0.00851476 -0.08701448 0.05615616
v 0.00858167 -0.08655882 0.05577440
v 0.00837050 -0.08764875 0.05668770
v 0.00631663 -0.09842630 0.04139804
v 0.00467869 -0.05560743 0.08751461
v 0.00441510 -0.10972156 0.03482368
v 0.00416136 -0.11204759 0.03494232
v -0.00456139 -0.10883825 0.03291180
v -0.00481500 -0.11116503 0.03303052
v -0.00515660 -0.11341937 0.03359427
v 0.00381973 -0.11430112 0.03550603
v 0.00340571 -0.11639520 0.03648170
v 0.00567308 -0.11433896 0.03609859
v 0.00601368 -0.11210914 0.03553194
v 0.00293521 -0.11824501 0.03784068
v -0.00708678 -0.12004761 0.03960506
v -0.02249218 -0.10774317 0.06120681
v -0.02266587 -0.10763899 0.06107893
v -0.02275544 -0.10746867 0.06088345
v -0.02162055 -0.11463664 0.05331600
v -0.02129118 -0.11639096 0.05096322
v -0.02170866 -0.11448230 0.05315340
v -0.02169543 -0.11443443 0.05271280
v -0.02141044 -0.11607084 0.05104718
v -0.02111016 -0.11727432 0.04904492
v -0.02147427 -0.11568421 0.05120531
v -0.02129379 -0.11629806 0.04996097
v -0.02155325 -0.11468819 0.05169234
v -0.02268979 -0.10679590 0.06014642
v -0.02130348 -0.11498364 0.05025756
v -0.02253675 -0.10622627 0.05954594
v -0.02278184 -0.10568063 0.06006941
v -0.02230586 -0.10545785 0.05876076
v -0.02255415 -0.10488368 0.05931463
v -0.02581116 -0.10100495 0.06254710
v -0.02225016 -0.10385515 0.05835289
v -0.02550889 -0.09996093 0.06160043
v -0.02662322 -0.09966852 0.06376064
v -0.02603679 -0.10181814 0.06328606
v -0.02618458 -0.10242832 0.06384364
v -0.02685288 -0.10045596 0.06452640
v -0.02293131 -0.10627616 0.06064220
v -0.02300169 -0.10670145 0.06105675
v -0.02276347 -0.10719887 0.06058469
v -0.03019715 -0.07368486 0.09127371
v -0.02826843 -0.07098355 0.08344170
v -0.02833119 -0.07029312 0.08405850
v -0.02784029 -0.06886574 0.08240802
v -0.02884585 -0.07138018 0.08597352
v -0.02839026 -0.06924936 0.08481696
v -0.02794222 -0.06806519 0.08325898
v -0.02888037 -0.07018635 0.08669076
v -0.02840668 -0.06760649 0.08565410
v -0.02830999 -0.06517388 0.08632858
v -0.02890125 -0.06829137 0.08766323
v -0.02805112 -0.06721216 0.08416464
v -0.02784215 -0.06566725 0.08389565
v -0.02752747 -0.06357288 0.08338465
v -0.02755763 -0.06638944 0.08222321
v -0.02719968 -0.06441217 0.08145399
v -0.02686179 -0.06242306 0.08078487
v -0.02661458 -0.06050827 0.08050822
v -0.02714074 -0.06168203 0.08244334
v -0.02745739 -0.06034118 0.08455978
v -0.02685347 -0.06040351 0.08168094
v -0.02690150 -0.05908073 0.08252574
v -0.02691263 -0.05715127 0.08352658
v -0.02650942 -0.05860299 0.08090500
v -0.02645277 -0.05664955 0.08159380
v -0.02627024 -0.05862772 0.07976815
v -0.02635261 -0.05471852 0.08216116
v -0.02621833 -0.05308743 0.08256088
v -0.02676350 -0.05494183 0.08398978
v -0.02737119 -0.05541532 0.08663450
v -0.02652888 -0.05294909 0.08408848
v -0.02630988 -0.05161745 0.08413934
v -0.02697861 -0.05287177 0.08624261
v -0.02743367 -0.05249505 0.08859536
v -0.02665695 -0.05120030 0.08596668
v -0.02639277 -0.05029318 0.08586199
v -0.02704821 -0.05068278 0.08806692
v -0.02675505 -0.04968149 0.08785600
v -0.02742186 -0.05008368 0.09014623
v -0.02776325 -0.05160439 0.09064626
v -0.02715829 -0.04916727 0.09000411
v -0.02780400 -0.04979269 0.09211297
v -0.02825286 -0.05017211 0.09401744
v -0.02760367 -0.04897309 0.09219623
v -0.02796029 -0.05085882 0.09202733
v -0.02832718 -0.05166014 0.09328028
v -0.02826188 -0.05363805 0.09182215
v -0.02882475 -0.05269802 0.09508524
v -0.02886962 -0.05545498 0.09375614
v -0.02929859 -0.05335576 0.09706286
v -0.02874161 -0.05096033 0.09592856
v -0.02921861 -0.05186983 0.09777475
v -0.02860361 -0.05001576 0.09640220
v -0.02809256 -0.04927948 0.09434699
v -0.02910919 -0.05107673 0.09829844
v -0.02839329 -0.04964059 0.09662101
v -0.02891550 -0.05076555 0.09855687
v -0.02649521 -0.04967958 0.09707302
v -0.02787024 -0.04890814 0.09449760
v -0.02596535 -0.04893723 0.09492181
v -0.02736570 -0.04861618 0.09226149
v -0.02545580 -0.04863928 0.09266175
v -0.02690073 -0.04877911 0.08999695
v -0.02648665 -0.04926597 0.08782290
v -0.02498553 -0.04879167 0.09037995
v -0.02456908 -0.04927150 0.08819972
v -0.02470328 -0.04891592 0.09044091
v -0.02428713 -0.04940236 0.08825906
v -0.02454519 -0.04932827 0.09053075
v -0.02517175 -0.04875585 0.09271536
v -0.02567836 -0.04905201 0.09496278
v -0.02499631 -0.04913641 0.09273188
v -0.02479086 -0.05292722 0.09277190
v -0.02548562 -0.04944981 0.09489727
v -0.02512690 -0.05316080 0.09413097
v -0.02599810 -0.05019634 0.09696866
v -0.02546987 -0.05363279 0.09542454
v -0.02651232 -0.05127054 0.09888259
v -0.02620509 -0.04979183 0.09710048
v -0.02673187 -0.05092662 0.09905129
v -0.02723641 -0.05242568 0.10073157
v -0.02702543 -0.05082759 0.09903484
v -0.02753387 -0.05234314 0.10072627
v -0.02800236 -0.05418132 0.10207620
v -0.02941539 -0.05225150 0.10022303
v -0.02958990 -0.05247795 0.09991837
v -0.02987533 -0.05406181 0.10154601
v -0.03027937 -0.05611666 0.10249408
v -0.03002818 -0.05423327 0.10116029
v -0.03041688 -0.05624263 0.10204913
v -0.03003029 -0.05465910 0.10030451
v -0.03038574 -0.05660497 0.10104779
v -0.02984664 -0.05523983 0.09877160
v -0.02964866 -0.05302949 0.09929156
v -0.02962031 -0.05375818 0.09849615
v -0.03016368 -0.05729687 0.09925630
v -0.02944069 -0.05568943 0.09642465
v -0.02973087 -0.05841275 0.09643847
v -0.03026728 -0.06052631 0.09806887
v -0.02889964 -0.06042261 0.09137846
v -0.02802766 -0.06241180 0.08628207
v -0.02763372 -0.05825518 0.08640807
v -0.02797975 -0.05534512 0.08957218
v -0.02890881 -0.06543941 0.08902783
v -0.02978470 -0.06564184 0.09310707
v -0.03011146 -0.06266882 0.09621379
v -0.03034920 -0.06564480 0.09591163
v -0.03075546 -0.06390393 0.09894010
v -0.03110344 -0.06461143 0.10069876
v -0.03075915 -0.06189522 0.09997880
v -0.03087671 -0.06626163 0.09838570
v -0.03117048 -0.06670329 0.10002630
v -0.03104039 -0.06844362 0.09813998
v -0.03123384 -0.06852647 0.09947372
v -0.03067264 -0.06836816 0.09616673
v -0.03113796 -0.06998395 0.09788443
v -0.03125872 -0.06982057 0.09899546
v -0.03116199 -0.07097474 0.09754010
v -0.03087292 -0.07024405 0.09624126
v -0.03124597 -0.07068404 0.09853633
v -0.03120368 -0.07052594 0.09912861
v -0.03120220 -0.07130774 0.09804123
v -0.03115230 -0.07112546 0.09861248
v -0.03108158 -0.07169544 0.09802297
v -0.03098615 -0.07105749 0.09892114
v -0.03104174 -0.07046752 0.09944468
v -0.02910517 -0.07069440 0.10000843
v -0.03108068 -0.06969599 0.09998186
v -0.02921066 -0.06992104 0.10052745
v -0.03110612 -0.06858245 0.10061435
v -0.03123504 -0.06972942 0.09964472
v -0.03124672 -0.06856598 0.10023615
v -0.03123659 -0.06692735 0.10094730
v -0.03120105 -0.06495009 0.10170341
v -0.03111521 -0.06701734 0.10138154
v -0.02926048 -0.06724119 0.10195298
v -0.03109176 -0.06508494 0.10216813
v -0.02923903 -0.06531175 0.10274575
v -0.03101553 -0.06291423 0.10281557
v -0.02916118 -0.06313410 0.10338671
v -0.03086251 -0.06062579 0.10315298
v -0.03113051 -0.06280953 0.10237551
v -0.03098809 -0.06059841 0.10273898
v -0.03105132 -0.06254976 0.10145147
v -0.03094406 -0.06057656 0.10189223
v -0.03078416 -0.06055885 0.10082429
v -0.03070950 -0.05860987 0.10166973
v -0.03074452 -0.05838872 0.10260853
v -0.03052771 -0.05921534 0.10013185
v -0.03061330 -0.05833182 0.10304313
v -0.02875182 -0.05850840 0.10360170
v -0.02900445 -0.06082822 0.10371543
v -0.02844433 -0.05855108 0.10357682
v -0.02841264 -0.05626426 0.10304515
v -0.02810655 -0.05632146 0.10302199
v -0.02783077 -0.05648994 0.10267656
v -0.02769974 -0.05425000 0.10206581
v -0.02744104 -0.05446038 0.10177625
v -0.02700090 -0.05268665 0.10051893
v -0.02643635 -0.05630242 0.09853754
v -0.02405065 -0.05652213 0.09903965
v -0.02613423 -0.05522742 0.09766189
v -0.02670623 -0.05751944 0.09921433
v -0.02432014 -0.05773996 0.09971570
v -0.02693431 -0.05884361 0.09967160
v -0.02816518 -0.05865306 0.10324334
v -0.02454826 -0.05906336 0.10017293
v -0.02711526 -0.06023275 0.09989529
v -0.02472921 -0.06045248 0.10039661
v -0.02724197 -0.06164559 0.09987799
v -0.02841484 -0.06087748 0.10337881
v -0.02855485 -0.06309859 0.10301919
v -0.02869520 -0.06085781 0.10369077
v -0.02885009 -0.06315598 0.10335472
v -0.02892601 -0.06533477 0.10270687
v -0.02894925 -0.06727616 0.10191812
v -0.02862088 -0.06524741 0.10234914
v -0.02731218 -0.06303901 0.09962193
v -0.02865409 -0.06723149 0.10159591
v -0.02866490 -0.06887649 0.10088647
v -0.02732210 -0.06437032 0.09913279
v -0.02493672 -0.06459095 0.09963388
v -0.02727346 -0.06560065 0.09842664
v -0.02488741 -0.06582038 0.09892797
v -0.02716577 -0.06669042 0.09752552
v -0.02477976 -0.06691015 0.09802683
v -0.02864373 -0.07004374 0.10030747
v -0.02700375 -0.06760757 0.09645553
v -0.02829138 -0.07096472 0.09939243
v -0.02802496 -0.07125953 0.09845954
v -0.02853094 -0.07080390 0.09987068
v -0.02878654 -0.07073275 0.10002725
v -0.02890356 -0.06997499 0.10051398
v -0.02893937 -0.06885206 0.10114558
v -0.02924807 -0.06880299 0.10117150
v -0.02770012 -0.07170531 0.09699560
v -0.02732766 -0.07222250 0.09514400
v -0.02679142 -0.06832427 0.09524955
v -0.02440537 -0.06854400 0.09575087
v -0.02653525 -0.06881911 0.09394442
v -0.02415002 -0.06903894 0.09444553
v -0.02624377 -0.06907632 0.09257938
v -0.02385771 -0.06929608 0.09308071
v -0.02353966 -0.06930775 0.09169846
v -0.02461778 -0.06782731 0.09695693
v -0.02492612 -0.06325875 0.10012325
v -0.02485627 -0.06186530 0.10038010
v -0.02374897 -0.05544725 0.09816291
v -0.02580900 -0.05432892 0.09661331
v -0.02342298 -0.05454865 0.09711472
v -0.02308382 -0.05385253 0.09592587
v -0.02274089 -0.05338054 0.09463228
v -0.02240481 -0.05314695 0.09327322
v -0.02208672 -0.05315862 0.09189088
v -0.02447273 -0.05293889 0.09138957
v -0.02179520 -0.05341585 0.09052586
v -0.02418050 -0.05319603 0.09002482
v -0.02413482 -0.04983982 0.08837672
v -0.03026244 -0.06865630 0.09396007
v -0.02993938 -0.06951744 0.09199057
v -0.02949854 -0.06735213 0.09091724
v -0.02972634 -0.07027130 0.09062891
v -0.02938672 -0.06939555 0.08943827
v -0.02936554 -0.07102232 0.08858347
v -0.02421853 -0.04992460 0.08624981
v -0.02613483 -0.04991274 0.08586989
v -0.02586128 -0.05056877 0.08427838
v -0.02609877 -0.05088605 0.08420330
v -0.02589764 -0.05139513 0.08301896
v -0.02576809 -0.05185786 0.08219861
v -0.02607084 -0.05200183 0.08283571
v -0.01593736 -0.10286081 0.03201668
v -0.01763531 -0.11568436 0.03405962
v 0.00246418 -0.05465281 0.08767061
v 0.00257592 -0.05422432 0.08829660
v 0.00210285 -0.05459767 0.08765178
v 0.00226489 -0.05424102 0.08822002
v 0.00186413 -0.05471530 0.08758623
v 0.00171224 -0.05515586 0.08737619
v 0.00204112 -0.05442178 0.08810928
v 0.00200603 -0.05402700 0.08889928
v 0.00188434 -0.05491307 0.08789485
v 0.00050408 -0.05718276 0.09188993
v 0.00177520 -0.05584913 0.08752059
v 0.00058804 -0.05820116 0.09090578
v 0.00169243 -0.05730872 0.08696211
v 0.00161874 -0.05603629 0.08696991
v 0.00155731 -0.05742618 0.08635551
v 0.00149811 -0.05923155 0.08566733
v 0.00140747 -0.06131792 0.08507908
v 0.00162041 -0.05915244 0.08630645
v 0.00153766 -0.06120835 0.08569438
v 0.00058733 -0.06066334 0.08951553
v 0.00061631 -0.05937271 0.09010547
v -0.00179967 -0.06043498 0.08902295
v 0.00050304 -0.06203207 0.08915339
v 0.00036488 -0.06343937 0.08902937
v -0.00188388 -0.06180452 0.08866087
v -0.00202212 -0.06321102 0.08853679
v -0.00220868 -0.06461245 0.08865562
v -0.00243920 -0.06596682 0.08901248
v 0.00017832 -0.06484078 0.08914820
v 0.00113941 -0.06557224 0.08553975
v -0.00005228 -0.06619437 0.08950500
v 0.00080048 -0.06773459 0.08613383
v -0.00031888 -0.06745970 0.09009038
v -0.00270588 -0.06723137 0.08959780
v -0.00061496 -0.06859724 0.09088562
v 0.00040298 -0.06978612 0.08705258
v -0.00004561 -0.07158996 0.08832825
v 0.00024189 -0.07016037 0.08646301
v -0.00022642 -0.07200504 0.08781232
v 0.00065409 -0.06807430 0.08549029
v 0.00099550 -0.06584486 0.08491712
v 0.00124904 -0.06356139 0.08477923
v 0.00139155 -0.06337501 0.08537089
v -0.00073654 -0.07352185 0.08951081
v -0.00126703 -0.07467300 0.09147438
v -0.00054034 -0.07302801 0.08999216
v -0.00092951 -0.06957224 0.09186623
v -0.00105899 -0.07412209 0.09192656
v -0.00157500 -0.07489571 0.09399581
v -0.00125409 -0.07035696 0.09300369
v -0.00364114 -0.07012862 0.09251109
v -0.00157840 -0.07092560 0.09426249
v -0.00396541 -0.07069724 0.09376991
v -0.00189319 -0.07126151 0.09560428
v -0.00206292 -0.07523778 0.09613102
v -0.00218857 -0.07135466 0.09698883
v -0.00428019 -0.07103318 0.09511170
v -0.00457558 -0.07112630 0.09649625
v -0.00484156 -0.07097394 0.09788087
v -0.00245466 -0.07120149 0.09837348
v -0.00507213 -0.07058017 0.09922441
v -0.00268516 -0.07080772 0.09971695
v -0.00525906 -0.06995772 0.10048499
v -0.00287241 -0.07018524 0.10097822
v -0.00539610 -0.06912405 0.10162510
v -0.00548029 -0.06810640 0.10261010
v -0.00300933 -0.06935235 0.10211841
v -0.00349668 -0.07339217 0.10465908
v -0.00338025 -0.07252262 0.10567577
v -0.00309328 -0.06833475 0.10310268
v -0.00337644 -0.07136132 0.10626132
v -0.00312207 -0.06716254 0.10390185
v -0.00550899 -0.06693499 0.10340932
v -0.00309329 -0.06587267 0.10449255
v -0.00336570 -0.06971787 0.10697161
v -0.00332941 -0.06773500 0.10772617
v -0.00323939 -0.06980423 0.10738287
v -0.00323037 -0.07137864 0.10660993
v -0.00321643 -0.06786281 0.10817232
v -0.00296817 -0.06982722 0.10754242
v -0.00294716 -0.06789791 0.10833411
v -0.00103434 -0.06997708 0.10777608
v -0.00295583 -0.07138821 0.10676089
v -0.00102533 -0.07154139 0.10700883
v -0.00293757 -0.07250367 0.10611186
v -0.00321816 -0.07249779 0.10597332
v -0.00326725 -0.07323817 0.10545054
v -0.00344567 -0.07326276 0.10519997
v -0.00366133 -0.07368975 0.10479878
v -0.00372311 -0.07381736 0.10430780
v -0.00365175 -0.07413188 0.10338819
v -0.00345340 -0.07463132 0.10196551
v -0.00341416 -0.07366836 0.10368664
v -0.00319904 -0.07410404 0.10219943
v -0.00288313 -0.07461870 0.10033691
v -0.00314759 -0.07518224 0.10013884
v -0.00250120 -0.07507787 0.09827551
v -0.00275632 -0.07561595 0.09804936
v -0.00229960 -0.07574799 0.09583201
v -0.00179601 -0.07543006 0.09361018
v -0.00074391 -0.07156649 0.10672061
v -0.00044112 -0.07155618 0.10601956
v -0.00073452 -0.06992796 0.10743146
v -0.00038009 -0.06973248 0.10657121
v -0.00070203 -0.06795027 0.10818638
v -0.00101171 -0.06804320 0.10856219
v -0.00063664 -0.06580863 0.10885817
v -0.00032118 -0.06763988 0.10724223
v 0.00020727 -0.06694976 0.10552264
v -0.00028700 -0.06557543 0.10799134
v 0.00016748 -0.06493792 0.10655323
v -0.00019266 -0.06360126 0.10842950
v 0.00009803 -0.06359612 0.10738902
v -0.00049834 -0.06359717 0.10922085
v 0.00005331 -0.06163570 0.10820901
v -0.00025145 -0.06138791 0.10909088
v 0.00039741 -0.06225742 0.10670557
v 0.00038753 -0.05963203 0.10758945
v 0.00007951 -0.05924228 0.10853197
v 0.00078227 -0.06034141 0.10583484
v 0.00073259 -0.05768574 0.10684386
v 0.00107770 -0.05828201 0.10534512
v 0.00110294 -0.05605421 0.10582818
v 0.00046493 -0.05723246 0.10764267
v 0.00090025 -0.05547751 0.10639961
v 0.00020475 -0.05702084 0.10794021
v -0.00170974 -0.05676738 0.10766484
v -0.00019928 -0.05907572 0.10888828
v 0.00066363 -0.05521061 0.10661764
v 0.00116458 -0.05372459 0.10495096
v -0.00124223 -0.05493005 0.10631548
v -0.00073355 -0.05341373 0.10462331
v -0.00152572 -0.05495444 0.10619666
v -0.00198905 -0.05677876 0.10753090
v -0.00170048 -0.05517565 0.10589776
v -0.00102146 -0.05345535 0.10451709
v -0.00121493 -0.05375914 0.10426022
v -0.00049547 -0.05232066 0.10256608
v 0.00003210 -0.05158154 0.10042873
v -0.00020365 -0.05226571 0.10266218
v -0.00070408 -0.05268448 0.10234579
v -0.00125182 -0.05617904 0.10100441
v -0.00018828 -0.05193842 0.10027488
v -0.00092759 -0.05561041 0.09974568
v 0.00030442 -0.05162545 0.09810991
v 0.00053894 -0.05128461 0.09818044
v -0.00061280 -0.05527450 0.09840389
v 0.00075136 -0.05181616 0.09590804
v 0.00115616 -0.05232754 0.09375265
v -0.00031742 -0.05518135 0.09701934
v 0.00100638 -0.05144477 0.09590642
v 0.00130683 -0.05137769 0.09596942
v 0.00142178 -0.05193128 0.09372428
v 0.00177516 -0.05258009 0.09176334
v 0.00172279 -0.05185766 0.09378808
v 0.00359422 -0.05222491 0.09421731
v 0.00207335 -0.05251074 0.09183828
v 0.00394529 -0.05287177 0.09226401
v 0.00234526 -0.05318209 0.09024923
v 0.00421962 -0.05352853 0.09067283
v 0.00252258 -0.05374950 0.08910327
v 0.00205018 -0.05324084 0.09016059
v 0.00181601 -0.05352864 0.09008739
v 0.00222846 -0.05379558 0.08901025
v 0.00152034 -0.05293780 0.09175339
v 0.00036606 -0.05634994 0.09303060
v -0.00202059 -0.05612241 0.09253737
v 0.00017917 -0.05572748 0.09429109
v -0.00005066 -0.05533362 0.09563492
v -0.00220788 -0.05549916 0.09379849
v -0.00243739 -0.05510529 0.09514163
v -0.00270443 -0.05495302 0.09652676
v -0.00299981 -0.05504614 0.09791131
v -0.00331460 -0.05538208 0.09925310
v -0.00363887 -0.05595072 0.10051181
v -0.00396357 -0.05673464 0.10164930
v -0.00427804 -0.05771041 0.10262997
v -0.00157656 -0.05696297 0.10214189
v -0.00189099 -0.05793876 0.10312257
v -0.00218636 -0.05907621 0.10391808
v -0.00245376 -0.06034084 0.10450303
v -0.00214367 -0.05694896 0.10715377
v -0.00457306 -0.05884789 0.10342470
v -0.00484041 -0.06011332 0.10400979
v -0.00507128 -0.06146687 0.10436730
v -0.00525757 -0.06286831 0.10448542
v -0.00268428 -0.06169523 0.10485988
v -0.00286776 -0.06114166 0.10862089
v -0.00287088 -0.06309663 0.10497880
v -0.00300908 -0.06450313 0.10485463
v -0.00311442 -0.06336649 0.10875764
v -0.00325822 -0.06558726 0.10839653
v -0.00298448 -0.06338738 0.10915591
v -0.00271186 -0.06341427 0.10930417
v -0.00313940 -0.06568476 0.10881981
v -0.00273387 -0.06108061 0.10904277
v -0.00246026 -0.06109452 0.10919085
v -0.00239689 -0.05885029 0.10848750
v -0.00212103 -0.05885038 0.10863433
v -0.00253572 -0.05897802 0.10805326
v -0.00053425 -0.06129095 0.10943776
v -0.00078314 -0.06358495 0.10954681
v -0.00093627 -0.06587257 0.10920943
v -0.00286887 -0.06572013 0.10897616
v -0.00539601 -0.06427558 0.10436211
v -0.00548002 -0.06564437 0.10399926
v -0.00188289 -0.05695522 0.09139739
v -0.00179870 -0.05797286 0.09041239
v -0.00177062 -0.05914517 0.08961295
v 0.00410919 -0.05329298 0.09234619
v 0.00413384 -0.05422857 0.09251264
v 0.00374367 -0.05268166 0.09433977
v 0.00333486 -0.05216727 0.09648653
v 0.00373441 -0.05371033 0.09461142
v 0.00352862 -0.05554100 0.09517682
v 0.00334241 -0.05310933 0.09668608
v 0.00294658 -0.05281748 0.09865002
v 0.00316338 -0.05464709 0.09722069
v 0.00292269 -0.05389601 0.09859227
v 0.00275737 -0.05668955 0.09841664
v 0.00259684 -0.05470229 0.09985450
v 0.00309273 -0.05840186 0.09617804
v 0.00218345 -0.05850910 0.10035784
v 0.00224167 -0.06348609 0.09799843
v 0.00157628 -0.05874042 0.10301824
v 0.00212113 -0.05574176 0.10166371
v 0.00203165 -0.05398740 0.10247022
v 0.00162650 -0.05639787 0.10363656
v 0.00154499 -0.05489559 0.10431423
v 0.00126199 -0.05679626 0.10506085
v 0.00138401 -0.05407672 0.10478087
v 0.00189282 -0.05301541 0.10288506
v 0.00168676 -0.05259884 0.10301507
v 0.00240051 -0.05227867 0.10082935
v 0.00251070 -0.05319785 0.10055701
v 0.00288609 -0.05197185 0.09867810
v 0.00220988 -0.05186718 0.10089172
v 0.00271336 -0.05157528 0.09865612
v 0.00032696 -0.05152326 0.10051126
v 0.00083682 -0.05122534 0.09825039
v 0.00317939 -0.05173814 0.09639107
v 0.00132229 -0.06146767 0.10304023
v 0.00075189 -0.06357701 0.10466330
v 0.00096032 -0.06572566 0.10281938
v 0.00074029 -0.06870286 0.10252077
v 0.00010079 -0.06930827 0.10497054
v 0.00136474 -0.06870602 0.09972860
v 0.00041879 -0.07142684 0.10277573
v 0.00088700 -0.07172050 0.10058149
v -0.00006140 -0.07149086 0.10472552
v -0.00015813 -0.07303187 0.10447031
v 0.00123090 -0.07258327 0.09861678
v 0.00144769 -0.07333748 0.09725659
v 0.00167185 -0.07041877 0.09754342
v 0.00226261 -0.06850596 0.09565358
v 0.00399893 -0.05591918 0.09282759
v -0.00331644 -0.06934469 0.09137370
v -0.00300197 -0.06836890 0.09039293
v 0.00341180 -0.07254512 0.08838524
v 0.00333311 -0.07193279 0.08903548
v 0.00377822 -0.07014392 0.08776922
v -0.00977498 -0.07702188 0.09943667
v -0.00926473 -0.07710703 0.09950671
v -0.00974532 -0.07683461 0.09965278
v -0.02123694 -0.07589398 0.09700019
v -0.02131522 -0.07569646 0.09719289
v -0.02173765 -0.07588030 0.09685469
v -0.02210925 -0.07593212 0.09667768
v -0.02197434 -0.07567746 0.09700197
v -0.02223979 -0.07659111 0.09783036
v -0.02252109 -0.07575492 0.09674135
v -0.02278662 -0.07666781 0.09756969
v -0.02287233 -0.07591624 0.09645072
v -0.02313853 -0.07682922 0.09727870
v -0.02297520 -0.07613767 0.09617376
v -0.02234752 -0.07604241 0.09648068
v -0.02242558 -0.07621063 0.09626984
v -0.01907406 -0.10252738 0.06832659
v -0.01961871 -0.10249320 0.06818989
v -0.01895121 -0.10271550 0.06815857
v -0.01867764 -0.10287581 0.06806969
v -0.01945681 -0.10274025 0.06796881
v -0.01972234 -0.10365314 0.06879715
v -0.01905491 -0.10297572 0.06783802
v -0.01847430 -0.10316382 0.06781714
v -0.01932036 -0.10388942 0.06866641
v -0.01873975 -0.10407752 0.06864554
v -0.01806893 -0.10418967 0.06873784
v -0.01780352 -0.10327598 0.06790943
v -0.00649958 -0.10532718 0.07119667
v -0.00584050 -0.10534619 0.07138758
v -0.00623330 -0.10441420 0.07036863
v -0.00631201 -0.10421585 0.07056205
v -0.00557422 -0.10443320 0.07055953
v -0.00502743 -0.10435569 0.07082016
v -0.00581091 -0.10423031 0.07070681
v -0.00543943 -0.10417773 0.07088385
v -0.00520136 -0.10406818 0.07108161
v -0.00512294 -0.10389998 0.07129167
v -0.00467627 -0.10419442 0.07111086
v -0.00494180 -0.10510731 0.07193920
v -0.00457332 -0.10397294 0.07138775
v -0.00793013 -0.07761740 0.09937231
v -0.00483960 -0.10488592 0.07221580
v -0.00819559 -0.07853109 0.10020071
v -0.00835803 -0.07828340 0.10042073
v -0.00875988 -0.07804792 0.10055155
v -0.00809175 -0.07737042 0.09959269
v -0.00849372 -0.07713414 0.09972342
v -0.00859774 -0.07739433 0.09940367
v -0.00887093 -0.07723481 0.09949181
v -0.00847489 -0.07758245 0.09923565
v -0.00907434 -0.07694599 0.09974430
v -0.00934054 -0.07785978 0.10057240
v -0.01001160 -0.07774760 0.10048083
v -0.02158075 -0.07660935 0.09802123
v -0.00529371 -0.10526868 0.07164821
v -0.01777389 -0.10308876 0.06812563
v -0.01828410 -0.10300360 0.06805550
v -0.01988499 -0.10340618 0.06901794
v -0.02324073 -0.07705056 0.09700210
v 0.00280353 -0.05605724 0.09715560
v 0.00280299 -0.05746303 0.09650700
v 0.00372178 -0.05614725 0.09735115
v 0.00255453 -0.05550926 0.09858184
v 0.00220162 -0.05614028 0.09995111
v 0.00347282 -0.05559930 0.09877729
v 0.00311920 -0.05623038 0.10014629
v 0.00286938 -0.05767134 0.10065587
v 0.00286885 -0.05907714 0.10000726
v 0.00195097 -0.05758051 0.10046033
v 0.00195099 -0.05898698 0.09981279
v 0.00220031 -0.05953498 0.09838586
v 0.00255313 -0.05890396 0.09701666
v 0.00311856 -0.05962499 0.09858141
v 0.00347142 -0.05899400 0.09721212
v 0.00372137 -0.05755384 0.09670262
v 0.00107233 -0.06200456 0.10254892
v 0.00107152 -0.06341035 0.10190103
v 0.00199062 -0.06209460 0.10274438
v 0.00082305 -0.06145658 0.10397587
v 0.00046944 -0.06208767 0.10534487
v 0.00174059 -0.06154669 0.10417103
v 0.00138808 -0.06217851 0.10553967
v 0.00113790 -0.06361864 0.10604990
v 0.00113737 -0.06502444 0.10540129
v 0.00021962 -0.06352863 0.10585444
v 0.00021909 -0.06493442 0.10520583
v 0.00046808 -0.06548237 0.10377960
v 0.00082166 -0.06485129 0.10241069
v 0.00138665 -0.06557244 0.10397435
v 0.00173995 -0.06494130 0.10260615
v 0.00199021 -0.06350119 0.10209585
v 0.00178645 -0.06761464 0.09659277
v 0.00178597 -0.06902045 0.09594419
v 0.00270506 -0.06770470 0.09678754
v 0.00153746 -0.06706669 0.09801901
v 0.00118388 -0.06769778 0.09938792
v 0.00245504 -0.06715679 0.09821419
v 0.00210218 -0.06778781 0.09958348
v 0.00185235 -0.06922874 0.10009305
v 0.00185182 -0.07063454 0.09944445
v 0.00093394 -0.06913793 0.09989752
v 0.00093349 -0.07054453 0.09924897
v 0.00118323 -0.07109239 0.09782303
v 0.00153614 -0.07046139 0.09645376
v 0.00210082 -0.07118251 0.09801822
v 0.00245439 -0.07055140 0.09664930
v 0.00270433 -0.06911127 0.09613970
v 0.00351793 -0.06166734 0.09119874
v 0.00351815 -0.06307304 0.09055043
v 0.00443626 -0.06175735 0.09139422
v 0.00326865 -0.06111934 0.09262569
v 0.00291579 -0.06175036 0.09399498
v 0.00418726 -0.06120940 0.09282045
v 0.00383436 -0.06184040 0.09418972
v 0.00358378 -0.06328145 0.09469901
v 0.00358298 -0.06468721 0.09405122
v 0.00266589 -0.06319049 0.09450449
v 0.00266543 -0.06459708 0.09385594
v 0.00291471 -0.06514509 0.09242900
v 0.00326718 -0.06451326 0.09106045
v 0.00383304 -0.06523510 0.09262447
v 0.00418587 -0.06460410 0.09125527
v 0.00443569 -0.06316317 0.09074570
v -0.02763642 -0.05306248 0.09068465
v -0.02855476 -0.05297245 0.09048917
v -0.02763688 -0.05446908 0.09003610
v -0.02788547 -0.05251451 0.09211086
v -0.02823897 -0.05314640 0.09347984
v -0.02880403 -0.05242447 0.09191612
v -0.02915686 -0.05305546 0.09328532
v -0.02940747 -0.05449649 0.09379469
v -0.02940725 -0.05590221 0.09314637
v -0.02848890 -0.05458655 0.09398944
v -0.02848971 -0.05599232 0.09334154
v -0.02823969 -0.05654023 0.09191489
v -0.02788678 -0.05590921 0.09054562
v -0.02915825 -0.05645017 0.09172014
v -0.02880539 -0.05581917 0.09035085
v -0.02855557 -0.05437821 0.08984128
v -0.02936782 -0.05901058 0.09607874
v -0.03028620 -0.05891977 0.09588312
v -0.02936835 -0.06041638 0.09543013
v -0.02961757 -0.05846270 0.09750468
v -0.02997044 -0.05909373 0.09887387
v -0.03053519 -0.05837180 0.09730935
v -0.03088880 -0.05900291 0.09867835
v -0.03113863 -0.06044384 0.09918792
v -0.03113947 -0.06184961 0.09854011
v -0.03022038 -0.06053385 0.09938347
v -0.03022086 -0.06193966 0.09873488
v -0.02997187 -0.06248762 0.09730865
v -0.02961826 -0.06185653 0.09593965
v -0.03089017 -0.06239761 0.09711308
v -0.03053659 -0.06176650 0.09574417
v -0.03028665 -0.06032635 0.09523457
v -0.02865350 -0.06461989 0.09012182
v -0.02957175 -0.06452988 0.08992627
v -0.02865395 -0.06602648 0.08947327
v -0.02890249 -0.06407193 0.09154805
v -0.02925607 -0.06470302 0.09291696
v -0.02982106 -0.06398187 0.09135331
v -0.03017440 -0.06461301 0.09272149
v -0.03042462 -0.06605312 0.09323180
v -0.03042503 -0.06745971 0.09258327
v -0.02950593 -0.06614398 0.09342663
v -0.02950674 -0.06754975 0.09277873
v -0.02925747 -0.06809772 0.09135179
v -0.02890385 -0.06746664 0.08998279
v -0.03017501 -0.06800762 0.09115651
v -0.02982214 -0.06737660 0.08978733
v -0.02957228 -0.06593567 0.08927767
v -0.02692202 -0.05867259 0.08472779
v -0.02784059 -0.05858252 0.08453304
v -0.02692256 -0.06007838 0.08407918
v -0.02717130 -0.05812459 0.08615473
v -0.02752416 -0.05875560 0.08752402
v -0.02808963 -0.05803458 0.08595926
v -0.02844246 -0.05866557 0.08732846
v -0.02869239 -0.06010572 0.08783806
v -0.02869285 -0.06151232 0.08718951
v -0.02777473 -0.06019663 0.08803331
v -0.02777527 -0.06160242 0.08738470
v -0.02752524 -0.06215033 0.08595805
v -0.02717269 -0.06151929 0.08458955
v -0.02844385 -0.06206027 0.08576328
v -0.02809094 -0.06142928 0.08439401
v -0.02784037 -0.05998822 0.08388473
v -0.01948732 -0.06197478 -0.00046594
v -0.02002858 -0.06313653 0.00393025
v -0.01839028 -0.06254678 0.00036945
v -0.01900439 -0.06236906 -0.00368054
v -0.02630223 -0.06132716 -0.00220438
v -0.03316783 -0.06070409 -0.00394013
v -0.02748925 -0.06243176 0.00204036
v -0.02554009 -0.06174670 -0.00535460
v -0.03212711 -0.06115014 -0.00701320
v -0.02515801 -0.06337470 -0.00745193
v -0.03168289 -0.06278269 -0.00909193
v -0.01868660 -0.06398931 -0.00579107
v -0.02516503 -0.06595505 -0.00836829
v -0.01863057 -0.06657151 -0.00669105
v -0.02558348 -0.06937745 -0.00796646
v -0.03175228 -0.06535284 -0.01002403
v -0.03244415 -0.06873682 -0.00969864
v -0.03319925 -0.06580488 -0.00977166
v -0.03314279 -0.06325310 -0.00878534
v -0.03385747 -0.06904114 -0.00958912
v -0.03451986 -0.06727933 -0.00848831
v -0.03451180 -0.06471978 -0.00736876
v -0.03503716 -0.07032141 -0.00856647
v -0.03745134 -0.07150289 -0.00479155
v -0.03752926 -0.06877629 -0.00335909
v -0.03774532 -0.07441054 -0.00536136
v -0.04919563 -0.09005526 0.01146632
v -0.04892140 -0.09319032 0.00926028
v -0.04952698 -0.08633505 0.01411544
v -0.04947994 -0.09068000 0.01208810
v -0.04948733 -0.09090044 0.01240455
v -0.04981455 -0.08695186 0.01475533
v -0.04919672 -0.09381259 0.00984898
v -0.04921991 -0.09404796 0.01021452
v -0.04899464 -0.09590146 0.00836138
v -0.04903755 -0.09617203 0.00878475
v -0.04873556 -0.09528849 0.00781266
v -0.04879433 -0.09707408 0.00755372
v -0.04885472 -0.09738082 0.00802704
v -0.04847693 -0.09761147 0.00725706
v -0.04855193 -0.09647400 0.00703747
v -0.03851207 -0.07730902 -0.00494772
v -0.04824286 -0.09702302 0.00675313
v -0.04763282 -0.09724732 0.00679253
v -0.03625010 -0.07384997 -0.00746642
v -0.03532817 -0.07303411 -0.00809856
v -0.03396036 -0.07303479 -0.00797065
v -0.02647016 -0.07376045 -0.00606354
v -0.04563352 -0.09753322 0.00723738
v -0.04585771 -0.09810301 0.00773953
v -0.03295208 -0.09872405 0.01044990
v -0.03313509 -0.09929662 0.01096210
v -0.02037455 -0.09987840 0.01365233
v -0.01902208 -0.07442205 -0.00417671
v -0.02051706 -0.10045599 0.01417497
v -0.01840960 -0.09996023 0.01421402
v -0.01779235 -0.07466249 -0.00364529
v -0.01782469 -0.09984742 0.01447719
v -0.01855081 -0.10054788 0.01474023
v -0.01878414 -0.10085560 0.01520586
v -0.01796297 -0.10044499 0.01500584
v -0.01819653 -0.10075045 0.01546247
v -0.01773607 -0.09995729 0.01544075
v -0.01796214 -0.10024867 0.01587206
v -0.01774322 -0.09880255 0.01629675
v -0.01759729 -0.09934691 0.01489761
v -0.01726917 -0.07928113 0.00044572
v -0.01760012 -0.09817833 0.01571866
v -0.01776178 -0.09608257 0.01717195
v -0.01723873 -0.07631369 -0.00015433
v -0.01802703 -0.09294742 0.01938032
v -0.01791144 -0.09671615 0.01779273
v -0.01810484 -0.09693631 0.01811602
v -0.01818334 -0.09358414 0.02003460
v -0.01851195 -0.08985599 0.02270279
v -0.01836559 -0.09378904 0.02030741
v -0.01868908 -0.09007208 0.02294564
v -0.01902510 -0.08637548 0.02561417
v -0.01884646 -0.08612494 0.02537285
v -0.01931834 -0.08328377 0.02788709
v -0.01953659 -0.08123969 0.02943238
v -0.01913042 -0.08298441 0.02761839
v -0.01933395 -0.08088618 0.02911444
v -0.01897755 -0.08240643 0.02696609
v -0.01868745 -0.08551619 0.02470158
v -0.01918567 -0.08034536 0.02849287
v -0.01806962 -0.06727717 0.00664776
v -0.01770623 -0.06850438 0.00395389
v -0.01838598 -0.06726117 0.00964385
v -0.01810056 -0.06381062 0.00202165
v -0.01846208 -0.06448402 0.00576519
v -0.01770856 -0.06452862 -0.00090811
v -0.01740881 -0.06630753 -0.00302532
v -0.01797020 -0.06303239 -0.00274805
v -0.01766657 -0.06469000 -0.00485516
v -0.01759166 -0.06725380 -0.00580838
v -0.01731395 -0.06887713 -0.00411833
v -0.01766841 -0.07054477 -0.00547784
v -0.01735410 -0.07196346 -0.00407581
v -0.01877143 -0.07000624 -0.00622667
v -0.01743368 -0.07559691 -0.00268854
v -0.01726254 -0.07337722 0.00033469
v -0.01740299 -0.07064459 0.00175158
v -0.01835071 -0.08922772 0.02203047
v -0.01880088 -0.06356546 0.00456087
v -0.01880978 -0.06712887 0.01131723
v -0.01970026 -0.07865086 0.02964164
v -0.01864138 -0.06835662 0.01273279
v -0.01922317 -0.06659553 0.01072244
v -0.02065413 -0.06628911 0.01027840
v -0.02030985 -0.07842502 0.02960205
v -0.02045107 -0.07892775 0.03018189
v -0.02229045 -0.07814467 0.02916483
v -0.02243434 -0.07864769 0.02974263
v -0.03498036 -0.07695482 0.02595048
v -0.02932941 -0.06547550 0.00809039
v -0.03513633 -0.07745719 0.02652514
v -0.04773576 -0.07578129 0.02270099
v -0.03804643 -0.06467451 0.00586085
v -0.04958239 -0.07570570 0.02216645
v -0.04791646 -0.07628166 0.02327083
v -0.04981124 -0.07620054 0.02272488
v -0.04793402 -0.07673570 0.02371881
v -0.03524863 -0.07790222 0.02694980
v -0.04986255 -0.07664820 0.02316246
v -0.05043279 -0.07675222 0.02289814
v -0.05037483 -0.07631636 0.02246895
v -0.05064697 -0.07722822 0.02244287
v -0.05059536 -0.07681733 0.02203728
v -0.05062292 -0.07835241 0.02153736
v -0.05058678 -0.07798476 0.02117832
v -0.05043363 -0.08039614 0.01998569
v -0.05041722 -0.08008201 0.01967520
v -0.05014587 -0.08348624 0.01771152
v -0.05014344 -0.08322059 0.01742704
v -0.04981339 -0.08718354 0.01504252
v -0.04985768 -0.08262416 0.01678870
v -0.03793999 -0.06662618 -0.00118362
v -0.05014063 -0.07951554 0.01905504
v -0.05032630 -0.07745418 0.02058497
v -0.03868832 -0.06536228 0.00141123
v -0.03983059 -0.06527009 0.00419775
v -0.03587263 -0.06216037 -0.00249121
v -0.03744808 -0.06271995 0.00094294
v -0.03494770 -0.06292750 -0.00528555
v -0.03462063 -0.06103961 -0.00375309
v -0.03359098 -0.06158160 -0.00671535
v -0.03642894 -0.06192736 0.00008344
v -0.03499553 -0.06174571 0.00012912
v -0.03951386 -0.06471143 0.00556924
v -0.04023441 -0.06513822 0.00587517
v -0.04126116 -0.06625621 0.00698771
v -0.05013626 -0.07582275 0.02191091
v -0.05034980 -0.07631396 0.02146864
v -0.02265144 -0.07908389 0.03014022
v -0.02068018 -0.07935829 0.03057496
v -0.02006919 -0.07957254 0.03061001
v -0.01974978 -0.08009780 0.03029061
v -0.01984223 -0.07915216 0.03022349
v -0.01953055 -0.07970218 0.02992693
v -0.01938663 -0.07919037 0.02933381
v -0.01795299 -0.09905804 0.01667856
v -0.02073863 -0.10076390 0.01464618
v -0.03328920 -0.09961019 0.01145015
v -0.04594290 -0.09842348 0.00824455
v -0.04793445 -0.09814887 0.00780296
v -0.04786210 -0.09782622 0.00729677
v -0.04854513 -0.09793319 0.00775581
v -0.02449613 -0.10450568 0.03862450
v -0.02409464 -0.10415868 0.03717006
v -0.02358555 -0.10458969 0.03885598
v -0.02481192 -0.10581303 0.03939101
v -0.02485776 -0.10731558 0.03902017
v -0.02390224 -0.10589761 0.03962217
v -0.02394743 -0.10740040 0.03925176
v -0.02369521 -0.10821776 0.03796076
v -0.02329372 -0.10787075 0.03650632
v -0.02460561 -0.10813302 0.03772916
v -0.02420410 -0.10778601 0.03627478
v -0.02388831 -0.10647866 0.03550828
v -0.02384242 -0.10497604 0.03587906
v -0.02297795 -0.10656339 0.03573986
v -0.02293209 -0.10506085 0.03611065
v -0.02318395 -0.10424361 0.03740093
v -0.02395363 -0.09531198 0.04130087
v -0.02357540 -0.09316890 0.04059602
v -0.02348067 -0.09769202 0.03856750
v -0.02493963 -0.09645126 0.04470737
v -0.02528392 -0.10498821 0.04292304
v -0.02462764 -0.09317751 0.04467694
v -0.02604346 -0.09608511 0.04878926
v -0.02560808 -0.09364940 0.04796487
v -0.02676872 -0.10049246 0.04999419
v -0.02677779 -0.09568070 0.05074178
v -0.02739267 -0.09558934 0.05107754
v -0.02754644 -0.09907686 0.05251879
v -0.02628802 -0.09388249 0.04946913
v -0.02589241 -0.09287453 0.04827215
v -0.02689830 -0.09388995 0.04974190
v -0.02651465 -0.09289031 0.04853260
v -0.02843586 -0.09368208 0.04938022
v -0.02824155 -0.09269615 0.04819677
v -0.02886239 -0.09361224 0.04899136
v -0.02891440 -0.09539880 0.05072379
v -0.02969163 -0.09865407 0.05259434
v -0.02931456 -0.09538019 0.05019319
v -0.02907828 -0.09698119 0.04745718
v -0.03008102 -0.09878994 0.05196884
v -0.03082487 -0.10299163 0.05338622
v -0.02989598 -0.09963710 0.04984949
v -0.03048712 -0.10305044 0.05105010
v -0.03135077 -0.09950263 0.04948509
v -0.03194200 -0.10291747 0.05068697
v -0.03053248 -0.09684622 0.04709198
v -0.02961255 -0.09535265 0.04387045
v -0.02815766 -0.09548788 0.04423599
v -0.02872972 -0.09524956 0.04031136
v -0.02727548 -0.09538438 0.04067839
v -0.02801896 -0.09655228 0.03695681
v -0.02758917 -0.09906240 0.03431729
v -0.02656503 -0.09668690 0.03732450
v -0.02599754 -0.09454202 0.03584290
v -0.02613559 -0.09919671 0.03468565
v -0.02543681 -0.09755976 0.03253156
v -0.02605096 -0.10253160 0.03316355
v -0.02536164 -0.10169502 0.03072093
v -0.02632548 -0.10618497 0.03298943
v -0.02750471 -0.10239902 0.03279475
v -0.02777918 -0.10605231 0.03262057
v -0.02837048 -0.10946723 0.03382244
v -0.02691685 -0.10959914 0.03419012
v -0.02918895 -0.11212437 0.03621568
v -0.02773492 -0.11225483 0.03658312
v -0.03010890 -0.11361794 0.03943726
v -0.02865517 -0.11374836 0.03980362
v -0.03099175 -0.11372102 0.04299628
v -0.02953770 -0.11385164 0.04336197
v -0.03170220 -0.11241850 0.04635017
v -0.03024780 -0.11254934 0.04671511
v -0.03213298 -0.10990802 0.04899004
v -0.03067759 -0.11003922 0.04935463
v -0.03221645 -0.10657176 0.05051223
v -0.03076199 -0.10670361 0.05087663
v -0.03116884 -0.10744696 0.05309515
v -0.03109348 -0.11151989 0.05132297
v -0.03080707 -0.10760351 0.05371598
v -0.02927807 -0.10774320 0.05405726
v -0.03043970 -0.10297640 0.05395925
v -0.03071006 -0.11182084 0.05179158
v -0.03015139 -0.11497352 0.04843850
v -0.02918123 -0.11193696 0.05214324
v -0.02862568 -0.11507244 0.04880838
v -0.02857065 -0.11171506 0.05190813
v -0.02801779 -0.11464304 0.04867742
v -0.02788119 -0.11062976 0.05047788
v -0.02863799 -0.10768469 0.05366094
v -0.02761804 -0.10701362 0.05091274
v -0.02830123 -0.10326382 0.05393859
v -0.02891068 -0.10313462 0.05429596
v -0.02764638 -0.10355996 0.05213915
v -0.02816420 -0.09882577 0.05293339
v -0.02716082 -0.11214787 0.04723594
v -0.02668292 -0.11439541 0.04438086
v -0.02563432 -0.11323993 0.04086637
v -0.02714444 -0.11625962 0.04463183
v -0.02602746 -0.11615397 0.04029219
v -0.02770258 -0.11670748 0.04457758
v -0.02922543 -0.11661868 0.04419103
v -0.02657409 -0.11669454 0.04013886
v -0.02809356 -0.11660809 0.03973812
v -0.02558763 -0.11587662 0.03655093
v -0.02501774 -0.11546077 0.03657987
v -0.02501130 -0.11509735 0.03455678
v -0.02710016 -0.11578017 0.03612948
v -0.02753969 -0.11533216 0.03590770
v -0.02653912 -0.11499960 0.03411769
v -0.02633143 -0.11417254 0.03282076
v -0.02698643 -0.11470067 0.03389499
v -0.02685911 -0.11424436 0.03308814
v -0.02694628 -0.11330251 0.03317182
v -0.02682044 -0.11300224 0.03238730
v -0.02637577 -0.11018120 0.03167071
v -0.02623995 -0.11001805 0.03079856
v -0.02568279 -0.10612716 0.03036617
v -0.02554308 -0.10582979 0.02952862
v -0.03749878 -0.10453221 0.02622282
v -0.02518635 -0.10122991 0.02980602
v -0.02528595 -0.09698752 0.03175110
v -0.03714078 -0.09992678 0.02650011
v -0.04935833 -0.09898553 0.02366635
v -0.03724104 -0.09568424 0.02844484
v -0.04945894 -0.09474278 0.02561174
v -0.03780152 -0.09250313 0.03181521
v -0.02584640 -0.09380631 0.03512146
v -0.03871782 -0.09083238 0.03603319
v -0.05001961 -0.09156230 0.02898220
v -0.05037647 -0.09227849 0.02965171
v -0.05093402 -0.08989312 0.03319423
v -0.05124310 -0.09058491 0.03368326
v -0.05203448 -0.08984673 0.03748690
v -0.05301148 -0.09045399 0.04071928
v -0.03980721 -0.09078658 0.04033946
v -0.05232121 -0.09061423 0.03786054
v -0.05266392 -0.09322668 0.03806533
v -0.05331358 -0.09109348 0.04119349
v -0.05365129 -0.09473129 0.04125946
v -0.05396528 -0.09129213 0.04261313
v -0.05445131 -0.09304884 0.04380857
v -0.05453058 -0.09126228 0.04275247
v -0.05361122 -0.09068278 0.04199295
v -0.05395328 -0.09031350 0.04166634
v -0.04103660 -0.09161695 0.04488420
v -0.04091298 -0.09120862 0.04454878
v -0.04069029 -0.09139556 0.04359629
v -0.02874955 -0.09297531 0.04831119
v -0.02862504 -0.09269597 0.04691774
v -0.02871881 -0.09336343 0.04744393
v -0.02783466 -0.09207882 0.04363694
v -0.02676107 -0.09213176 0.03933452
v -0.02791543 -0.09287111 0.04406144
v -0.02686412 -0.09284578 0.03987549
v -0.03524831 -0.07790242 0.02694914
v -0.04793402 -0.07673570 0.02371881
v -0.02265144 -0.07908389 0.03014022
v -0.02068018 -0.07935829 0.03057496
v -0.02006919 -0.07957254 0.03061001
v -0.01974978 -0.08009780 0.03029061
v -0.02521793 -0.09254930 0.04682964
v -0.01953659 -0.08123969 0.02943238
v -0.02425177 -0.09194925 0.04364547
v -0.01931834 -0.08328377 0.02788709
v -0.02318514 -0.09202430 0.03947611
v -0.01902510 -0.08637548 0.02561417
v -0.02229034 -0.09369646 0.03534083
v -0.01868908 -0.09007208 0.02294564
v -0.02173589 -0.09685294 0.03200427
v -0.01836559 -0.09378904 0.02030741
v -0.02163570 -0.10105555 0.03007159
v -0.01810484 -0.09693631 0.01811602
v -0.02197842 -0.10558244 0.02976835
v -0.01795299 -0.09905804 0.01667856
v -0.02267618 -0.10965927 0.03096670
v -0.01796214 -0.10024867 0.01587206
v -0.02343560 -0.11258285 0.03248846
v -0.01819653 -0.10075045 0.01546247
v -0.02402116 -0.11391705 0.03320760
v -0.01878389 -0.10085479 0.01520574
v -0.02461635 -0.11422858 0.03325314
v -0.02073863 -0.10076390 0.01464618
v -0.03328920 -0.09961019 0.01145015
v -0.03900117 -0.11269088 0.02916527
v -0.04594323 -0.09842327 0.00824526
v -0.05204105 -0.11178670 0.02628766
v -0.04793445 -0.09814887 0.00780296
v -0.05375357 -0.11152295 0.02585305
v -0.04854513 -0.09793319 0.00775581
v -0.05419213 -0.11111513 0.02554484
v -0.04885472 -0.09738082 0.00802704
v -0.05412674 -0.10973273 0.02469371
v -0.04903755 -0.09617203 0.00878475
v -0.05355620 -0.10679174 0.02312396
v -0.04921991 -0.09404796 0.01021452
v -0.04948733 -0.09090044 0.01240455
v -0.05288568 -0.10271158 0.02191915
v -0.05331266 -0.10345148 0.02332898
v -0.05254265 -0.09818498 0.02222170
v -0.05264339 -0.09398278 0.02415522
v -0.05300162 -0.09908155 0.02370007
v -0.05307794 -0.09498405 0.02549843
v -0.05391831 -0.10010446 0.02693570
v -0.05615487 -0.10212151 0.03508207
v -0.05368456 -0.09638205 0.02737583
v -0.05387847 -0.10348469 0.02554496
v -0.05467443 -0.10645204 0.02765128
v -0.05519355 -0.11055994 0.02859146
v -0.05398591 -0.10741907 0.02458537
v -0.05454657 -0.11049983 0.02606643
v -0.05460517 -0.11196955 0.02685039
v -0.05417955 -0.11238849 0.02714849
v -0.05519467 -0.11265886 0.02891618
v -0.05476088 -0.11316712 0.02914195
v -0.05619978 -0.11335174 0.03262871
v -0.05574826 -0.11398560 0.03272962
v -0.05630730 -0.11039121 0.03307689
v -0.05730737 -0.11345817 0.03697118
v -0.05818783 -0.11184057 0.04101493
v -0.05687723 -0.11399765 0.03716785
v -0.05726517 -0.11155541 0.03661367
v -0.05781430 -0.10930122 0.03945072
v -0.05846421 -0.10778858 0.04271086
v -0.05873336 -0.10891288 0.04424738
v -0.05827127 -0.10416616 0.04312739
v -0.05822968 -0.10071959 0.04437230
v -0.05880675 -0.10488178 0.04599800
v -0.05846394 -0.10046164 0.04627783
v -0.05845207 -0.10503353 0.04664789
v -0.05808486 -0.10042568 0.04688671
v -0.05835518 -0.10922729 0.04473389
v -0.05694542 -0.10517683 0.04707763
v -0.05657717 -0.10054915 0.04732115
v -0.05684819 -0.10939344 0.04515312
v -0.05631209 -0.10511132 0.04670895
v -0.05624339 -0.10918410 0.04493546
v -0.05548652 -0.10445987 0.04458403
v -0.05597568 -0.10065641 0.04699840
v -0.05517907 -0.10081146 0.04478786
v -0.05522019 -0.09645450 0.04558368
v -0.05582911 -0.09622681 0.04595628
v -0.05453471 -0.09739521 0.04362052
v -0.05308240 -0.09753086 0.04399418
v -0.05372756 -0.10094844 0.04516247
v -0.05219954 -0.09486756 0.04163392
v -0.05121123 -0.09336013 0.03843760
v -0.05026968 -0.09324238 0.03489450
v -0.05172239 -0.09310793 0.03452280
v -0.04951722 -0.09452961 0.03154302
v -0.04906940 -0.09702567 0.02889321
v -0.05097038 -0.09439401 0.03117267
v -0.05052189 -0.09689023 0.02852318
v -0.05044579 -0.10021558 0.02697967
v -0.04981573 -0.09529612 0.02634040
v -0.04973956 -0.09943185 0.02452945
v -0.05006026 -0.10386539 0.02417160
v -0.04971418 -0.10358794 0.02338461
v -0.05078002 -0.10791975 0.02546367
v -0.05075324 -0.10386399 0.02677584
v -0.05139764 -0.10728024 0.02794316
v -0.04930060 -0.10400137 0.02714466
v -0.04994502 -0.10741903 0.02831326
v -0.04899323 -0.10035194 0.02734908
v -0.05082813 -0.11008315 0.03067365
v -0.05181618 -0.11158977 0.03386985
v -0.05228069 -0.10994437 0.03030353
v -0.05153750 -0.11102629 0.02691394
v -0.05267569 -0.11299974 0.02952040
v -0.05326855 -0.11145043 0.03349785
v -0.05368764 -0.11368705 0.03324454
v -0.05421003 -0.11156918 0.03704040
v -0.05496215 -0.11028217 0.04039113
v -0.05275767 -0.11170852 0.03741240
v -0.05480728 -0.11378302 0.03759840
v -0.05536355 -0.11419127 0.03755257
v -0.05568604 -0.11214539 0.04167184
v -0.05628931 -0.11254530 0.04179990
v -0.05779930 -0.11236299 0.04139832
v -0.05423167 -0.11418058 0.03309970
v -0.05323791 -0.11335399 0.02948970
v -0.05263315 -0.11257780 0.02748788
v -0.05208787 -0.11237508 0.02751125
v -0.05171772 -0.11194506 0.02676019
v -0.05120238 -0.11075030 0.02617434
v -0.03914349 -0.11289276 0.02964978
v -0.03888251 -0.11170858 0.02905014
v -0.03821044 -0.10872975 0.02749041
v -0.05043659 -0.10778011 0.02463822
v -0.05351012 -0.11042130 0.04076384
v -0.05395873 -0.10792405 0.04341390
v -0.05403515 -0.10459859 0.04495815
v -0.05541010 -0.10778534 0.04303978
v -0.05733837 -0.09611683 0.04552414
v -0.05505176 -0.09297248 0.04408509
v -0.05656666 -0.09287967 0.04366816
v -0.05606734 -0.09117990 0.04233387
v -0.05695461 -0.09287972 0.04307749
v -0.05646395 -0.09108094 0.04180508
v -0.05673436 -0.09323417 0.04099443
v -0.05772028 -0.09627580 0.04485587
v -0.05744114 -0.09764322 0.04220391
v -0.05629896 -0.09079847 0.04017000
v -0.05581937 -0.09358291 0.03686457
v -0.05486109 -0.09244183 0.03345185
v -0.05550763 -0.09030989 0.03683418
v -0.05513152 -0.08908090 0.03580267
v -0.05448330 -0.09029888 0.03274591
v -0.05409234 -0.08915444 0.03162637
v -0.05363303 -0.09198959 0.02877892
v -0.05438819 -0.09482197 0.03071842
v -0.05319760 -0.09082559 0.02749163
v -0.05014587 -0.08348624 0.01771152
v -0.04981339 -0.08718354 0.01504252
v -0.05043363 -0.08039614 0.01998569
v -0.05062292 -0.07835241 0.02153736
v -0.05064730 -0.07722801 0.02244358
v -0.05590818 -0.08969850 0.03903516
v -0.05043279 -0.07675222 0.02289814
v -0.05606407 -0.09007246 0.04060902
v -0.04986185 -0.07664836 0.02316284
v -0.05565270 -0.09018349 0.04113269
v -0.02443019 -0.11477175 0.03451418
v -0.02385542 -0.11334997 0.03386114
v -0.02450243 -0.11341017 0.03638618
v -0.02310563 -0.11028689 0.03242740
v -0.02379448 -0.10931966 0.03549401
v -0.02240516 -0.10632164 0.03117803
v -0.02297094 -0.10635476 0.03339399
v -0.02209397 -0.10195238 0.03155031
v -0.02301017 -0.10297475 0.03478514
v -0.02217008 -0.09785406 0.03334852
v -0.02277691 -0.09925288 0.03522607
v -0.02272485 -0.09485990 0.03662838
v -0.02854726 -0.11602113 0.03962986
v -0.02965670 -0.11611906 0.04398631
v -0.03054283 -0.11448103 0.04805802
v -0.02714962 -0.10259444 0.04977040
v -0.02674815 -0.10224742 0.04831600
v -0.02623889 -0.10267938 0.05000129
v -0.02746541 -0.10390179 0.05053691
v -0.02751126 -0.10540432 0.05016611
v -0.02655472 -0.10398672 0.05076778
v -0.02660060 -0.10548935 0.05039699
v -0.02634870 -0.10630651 0.04910666
v -0.02594723 -0.10595949 0.04765226
v -0.02725907 -0.10622178 0.04887512
v -0.02685781 -0.10587549 0.04742079
v -0.02654110 -0.10456758 0.04665455
v -0.02649591 -0.10306479 0.04702496
v -0.02563140 -0.10465215 0.04688577
v -0.02558554 -0.10314962 0.04725657
v -0.02583740 -0.10233237 0.04854685
v -0.02655646 -0.10925451 0.04500111
v -0.02615487 -0.10890852 0.04354614
v -0.02564646 -0.10933939 0.04523163
v -0.02687320 -0.11056251 0.04576736
v -0.02691834 -0.11206522 0.04539689
v -0.02596247 -0.11064746 0.04599825
v -0.02600739 -0.11214944 0.04562767
v -0.02575579 -0.11296740 0.04433748
v -0.02535395 -0.11262060 0.04288239
v -0.02666615 -0.11288268 0.04410590
v -0.02626468 -0.11253566 0.04265150
v -0.02594889 -0.11122831 0.04188500
v -0.02590300 -0.10972568 0.04225578
v -0.02503794 -0.11131253 0.04211578
v -0.02499275 -0.10980974 0.04248619
v -0.02524427 -0.10899254 0.04377757
v -0.02508904 -0.09784480 0.04339368
v -0.02468757 -0.09749778 0.04193928
v -0.02417868 -0.09792952 0.04362526
v -0.02540509 -0.09915286 0.04416027
v -0.02545002 -0.10065483 0.04378974
v -0.02449447 -0.09923687 0.04439176
v -0.02454033 -0.10073951 0.04402094
v -0.02428811 -0.10155687 0.04272994
v -0.02388689 -0.10121066 0.04127566
v -0.02519907 -0.10147265 0.04249915
v -0.02479657 -0.10112600 0.04104442
v -0.02448055 -0.09981793 0.04027781
v -0.02443533 -0.09831515 0.04064824
v -0.02357016 -0.09990266 0.04050941
v -0.02352500 -0.09839997 0.04087983
v -0.02377686 -0.09758272 0.04217011
v -0.05744389 -0.09978098 0.04207661
v -0.05835333 -0.09969559 0.04184527
v -0.05704208 -0.09943417 0.04062150
v -0.05775968 -0.10108833 0.04284312
v -0.05780465 -0.10259029 0.04247256
v -0.05867030 -0.10100432 0.04261162
v -0.05871523 -0.10250629 0.04224109
v -0.05846326 -0.10332446 0.04095021
v -0.05806177 -0.10297746 0.03949577
v -0.05755266 -0.10340848 0.04118164
v -0.05715119 -0.10306146 0.03972724
v -0.05683536 -0.10175412 0.03896076
v -0.05678995 -0.10025061 0.03933106
v -0.05774599 -0.10167011 0.03872927
v -0.05769990 -0.10016675 0.03909999
v -0.05795234 -0.09935011 0.04039109
v -0.05685065 -0.10644207 0.03730673
v -0.05776138 -0.10635713 0.03707583
v -0.05644916 -0.10609507 0.03585228
v -0.05716644 -0.10774942 0.03807323
v -0.05721228 -0.10925197 0.03770239
v -0.05807714 -0.10766439 0.03784233
v -0.05812303 -0.10916702 0.03747154
v -0.05787079 -0.10998439 0.03618050
v -0.05746957 -0.10963818 0.03472622
v -0.05696046 -0.11006921 0.03641209
v -0.05655895 -0.10972219 0.03495771
v -0.05624283 -0.10841505 0.03419050
v -0.05619727 -0.10691222 0.03456199
v -0.05715286 -0.10833027 0.03395998
v -0.05710767 -0.10682749 0.03433039
v -0.05735954 -0.10601033 0.03562075
v -0.05479044 -0.10169221 0.03093069
v -0.05570077 -0.10160740 0.03069910
v -0.05438858 -0.10134542 0.02947556
v -0.05510623 -0.10299956 0.03169720
v -0.05515207 -0.10450211 0.03132636
v -0.05601681 -0.10291556 0.03146573
v -0.05606201 -0.10441825 0.03109528
v -0.05581013 -0.10523551 0.02980496
v -0.05540829 -0.10488870 0.02834987
v -0.05489988 -0.10531956 0.03003537
v -0.05449863 -0.10497327 0.02858108
v -0.05418192 -0.10366536 0.02781484
v -0.05413673 -0.10216257 0.02818525
v -0.05509225 -0.10358054 0.02758325
v -0.05504731 -0.10207857 0.02795378
v -0.05529931 -0.10126048 0.02924467
v -0.05538335 -0.09503133 0.03569987
v -0.05629327 -0.09494748 0.03546875
v -0.05498138 -0.09468520 0.03424591
v -0.05569913 -0.09633868 0.03646637
v -0.05574452 -0.09784220 0.03609603
v -0.05660946 -0.09625386 0.03623478
v -0.05665491 -0.09775736 0.03586446
v -0.05640304 -0.09857462 0.03457414
v -0.05600123 -0.09822781 0.03311903
v -0.05549230 -0.09865956 0.03480503
v -0.05509083 -0.09831254 0.03335063
v -0.05477505 -0.09700519 0.03258412
v -0.05472989 -0.09550249 0.03295455
v -0.05568540 -0.09692047 0.03235255
v -0.05563954 -0.09541783 0.03272337
v -0.05589176 -0.09460047 0.03401437
v 0.05113690 -0.07256670 0.01353546
v 0.05059483 -0.07372737 0.01793188
v 0.05223393 -0.07313869 0.01437089
v 0.05161973 -0.07296005 0.01032146
v 0.04432166 -0.07191888 0.01179773
v 0.03745574 -0.07129588 0.01006090
v 0.04313439 -0.07302431 0.01604258
v 0.04508413 -0.07233863 0.00864680
v 0.03849609 -0.07174171 0.00698853
v 0.04546612 -0.07396569 0.00655007
v 0.03894123 -0.07337369 0.00491006
v 0.05193785 -0.07458050 0.00821023
v 0.04545887 -0.07654676 0.00563381
v 0.05199365 -0.07716341 0.00731039
v 0.04504097 -0.07996864 0.00603487
v 0.03887137 -0.07594538 0.00397818
v 0.03817976 -0.07932854 0.00430346
v 0.03742452 -0.07639593 0.00422924
v 0.03748109 -0.07384482 0.00521680
v 0.03676644 -0.07963287 0.00441297
v 0.03610405 -0.07787106 0.00551378
v 0.03611120 -0.07531217 0.00663311
v 0.03558676 -0.08091314 0.00543562
v 0.03317290 -0.08209483 0.00920982
v 0.03309520 -0.07936752 0.01064218
v 0.03287883 -0.08500156 0.00864061
v 0.02142828 -0.10064712 0.02546838
v 0.02170253 -0.10378208 0.02326237
v 0.02109718 -0.09692611 0.02811738
v 0.02114422 -0.10127105 0.02609003
v 0.02113717 -0.10149170 0.02640578
v 0.02080961 -0.09754292 0.02875726
v 0.02142760 -0.10440457 0.02385033
v 0.02140430 -0.10463892 0.02421644
v 0.02162985 -0.10649270 0.02236264
v 0.02158640 -0.10676380 0.02278679
v 0.02188825 -0.10587958 0.02181350
v 0.02182890 -0.10766577 0.02155539
v 0.02176946 -0.10797186 0.02202897
v 0.02214633 -0.10820308 0.02125872
v 0.02207158 -0.10706488 0.02103909
v 0.03211122 -0.08790160 0.00905344
v 0.02238075 -0.10761483 0.02075414
v 0.02299113 -0.10783908 0.02079457
v 0.03437438 -0.08444119 0.00653484
v 0.03529597 -0.08362512 0.00590342
v 0.03666389 -0.08362673 0.00603073
v 0.04415359 -0.08435148 0.00793740
v 0.02499007 -0.10812502 0.02123834
v 0.02476555 -0.10869461 0.02174120
v 0.03767118 -0.10931563 0.02445158
v 0.03748839 -0.10988748 0.02496367
v 0.05024978 -0.11047033 0.02765370
v 0.05160145 -0.08501379 0.00982435
v 0.05010623 -0.11104756 0.02817668
v 0.05221394 -0.11055208 0.02821505
v 0.05283087 -0.08525403 0.01035643
v 0.05279949 -0.11043841 0.02847914
v 0.05207374 -0.11113910 0.02874150
v 0.05184037 -0.11144681 0.02920710
v 0.05266055 -0.11103583 0.02900744
v 0.05242740 -0.11134226 0.02946454
v 0.05288718 -0.11054885 0.02944243
v 0.05266181 -0.11084039 0.02987412
v 0.05288127 -0.10939374 0.03029804
v 0.05302666 -0.10993863 0.02889967
v 0.05335507 -0.08987303 0.01444715
v 0.05302373 -0.10876939 0.02971955
v 0.05286172 -0.10667342 0.03117356
v 0.05338494 -0.08690621 0.01384789
v 0.05259744 -0.10353862 0.03338162
v 0.05271284 -0.10730808 0.03179408
v 0.05251966 -0.10752752 0.03211727
v 0.05243993 -0.10417571 0.03403631
v 0.05211254 -0.10044721 0.03670404
v 0.05225795 -0.10438091 0.03430840
v 0.05193518 -0.10066402 0.03694700
v 0.05159915 -0.09696742 0.03961553
v 0.05177779 -0.09671688 0.03937421
v 0.05130570 -0.09387654 0.04188860
v 0.05108722 -0.09183077 0.04343328
v 0.05149252 -0.09357679 0.04162025
v 0.05128969 -0.09147872 0.04311668
v 0.05164564 -0.09299800 0.04096783
v 0.05193633 -0.09610725 0.03870246
v 0.05143824 -0.09093710 0.04249495
v 0.05255391 -0.07786894 0.02064878
v 0.05291697 -0.07909593 0.01795562
v 0.05223791 -0.07785289 0.02364595
v 0.05252353 -0.07440160 0.01602369
v 0.05216143 -0.07507577 0.01976625
v 0.05291486 -0.07511945 0.01309351
v 0.05321510 -0.07689924 0.01097679
v 0.05265403 -0.07362431 0.01125335
v 0.05295708 -0.07528252 0.00914707
v 0.05303199 -0.07784631 0.00819384
v 0.05330934 -0.07946969 0.00988281
v 0.05295550 -0.08113647 0.00852427
v 0.05326911 -0.08255500 0.00992591
v 0.05185248 -0.08059794 0.00777543
v 0.05318964 -0.08618947 0.01131266
v 0.05336164 -0.08396822 0.01433670
v 0.05322080 -0.08123563 0.01575255
v 0.05227344 -0.09981873 0.03603243
v 0.05182333 -0.07415737 0.01856231
v 0.05181442 -0.07772079 0.02531866
v 0.05092361 -0.08924270 0.04364373
v 0.05198194 -0.07894921 0.02673395
v 0.05140073 -0.07718726 0.02472454
v 0.04996983 -0.07688185 0.02427995
v 0.05031413 -0.08901779 0.04360354
v 0.05017190 -0.08952015 0.04418377
v 0.04833378 -0.08873663 0.04316619
v 0.04818931 -0.08924025 0.04374482
v 0.03564315 -0.08754673 0.03995147
v 0.04129482 -0.07606745 0.02209178
v 0.03548692 -0.08804880 0.04052686
v 0.02288787 -0.08637388 0.03670321
v 0.03257672 -0.07526618 0.01986262
v 0.02104081 -0.08629733 0.03616813
v 0.02270775 -0.08687375 0.03727219
v 0.02081297 -0.08679263 0.03672624
v 0.02268894 -0.08732814 0.03772061
v 0.03537464 -0.08849484 0.04095095
v 0.02076135 -0.08723999 0.03716451
v 0.02019145 -0.08734422 0.03689948
v 0.02024894 -0.08690748 0.03646981
v 0.01997599 -0.08782067 0.03644467
v 0.02002818 -0.08740917 0.03603824
v 0.02000106 -0.08894521 0.03553887
v 0.02003724 -0.08857757 0.03517985
v 0.02018938 -0.09098859 0.03398751
v 0.02020670 -0.09067380 0.03367725
v 0.02047709 -0.09407866 0.03171336
v 0.02048079 -0.09381267 0.03142839
v 0.02081110 -0.09777480 0.02904375
v 0.02076589 -0.09321609 0.03078970
v 0.03268451 -0.07721742 0.01281767
v 0.02048290 -0.09010736 0.03305605
v 0.02029736 -0.08804679 0.03458715
v 0.03193553 -0.07595411 0.01541337
v 0.03079284 -0.07586096 0.01819935
v 0.03475187 -0.07275161 0.01151009
v 0.03317589 -0.07331272 0.01494445
v 0.03567560 -0.07352009 0.00871564
v 0.03600349 -0.07163063 0.01024890
v 0.03703298 -0.07217434 0.00728620
v 0.03419526 -0.07251941 0.01408484
v 0.03562844 -0.07233847 0.01413062
v 0.03111057 -0.07530266 0.01957055
v 0.03038876 -0.07572991 0.01987690
v 0.02936307 -0.07684818 0.02098908
v 0.02048798 -0.08641475 0.03591225
v 0.02027320 -0.08690641 0.03547046
v 0.04797247 -0.08967564 0.04414229
v 0.04994401 -0.08995032 0.04457638
v 0.05055376 -0.09016494 0.04461183
v 0.05087420 -0.09069057 0.04429210
v 0.05078142 -0.08974471 0.04422568
v 0.05109243 -0.09029449 0.04392874
v 0.05123735 -0.08978313 0.04333530
v 0.05267023 -0.10964969 0.03068026
v 0.04988496 -0.11135567 0.02864715
v 0.03733481 -0.11020294 0.02545165
v 0.02468037 -0.10901517 0.02224625
v 0.02269005 -0.10874010 0.02180422
v 0.02276242 -0.10841746 0.02129799
v 0.02207873 -0.10852428 0.02175667
v 0.04667028 -0.10590373 0.05530296
v 0.04704815 -0.10376071 0.05459699
v 0.04714326 -0.10828378 0.05256955
v 0.04568484 -0.10704251 0.05870864
v 0.04534058 -0.11557946 0.05692426
v 0.04599684 -0.10376877 0.05867817
v 0.04458067 -0.10667615 0.06279123
v 0.04501640 -0.10424067 0.06196610
v 0.04385543 -0.11108351 0.06399612
v 0.04384621 -0.10627349 0.06474324
v 0.04433596 -0.10447527 0.06347063
v 0.04323154 -0.10618141 0.06507892
v 0.04307723 -0.10966946 0.06652095
v 0.04232259 -0.11385494 0.06793945
v 0.04245947 -0.10941836 0.06693555
v 0.04171333 -0.11372743 0.06829740
v 0.04093228 -0.10924584 0.06659641
v 0.04170985 -0.10599079 0.06472512
v 0.04018454 -0.11356849 0.06796058
v 0.04054350 -0.10938122 0.06597008
v 0.03979915 -0.11358444 0.06738766
v 0.04130866 -0.10597181 0.06419486
v 0.04072725 -0.11022872 0.06385115
v 0.04154552 -0.10757229 0.06145809
v 0.04013656 -0.11364304 0.06505225
v 0.03927316 -0.11009441 0.06348712
v 0.03868154 -0.11350929 0.06468796
v 0.04009073 -0.10743783 0.06109369
v 0.04101193 -0.10594391 0.05787167
v 0.04246554 -0.10607948 0.05823770
v 0.04189443 -0.10584061 0.05431330
v 0.04334808 -0.10597619 0.05467935
v 0.04260494 -0.10714413 0.05095887
v 0.04303476 -0.10965416 0.04831933
v 0.04405820 -0.10727850 0.05132617
v 0.04462636 -0.10513387 0.04984496
v 0.04448891 -0.10978795 0.04868688
v 0.04457327 -0.11312364 0.04716494
v 0.04518641 -0.10815134 0.04653328
v 0.04533729 -0.10757911 0.04575278
v 0.04526231 -0.11228677 0.04472298
v 0.04543781 -0.11182093 0.04380796
v 0.04494116 -0.11671891 0.04436821
v 0.04429870 -0.11677600 0.04699136
v 0.04508119 -0.11642174 0.04352999
v 0.04424772 -0.12077207 0.04567226
v 0.04370731 -0.12019016 0.04819209
v 0.04438401 -0.12060980 0.04480060
v 0.04367800 -0.12389446 0.04717318
v 0.04363662 -0.12529308 0.04789679
v 0.04288937 -0.12284679 0.05058444
v 0.04380381 -0.12359428 0.04638867
v 0.04376514 -0.12483640 0.04708951
v 0.03174152 -0.12230136 0.04305162
v 0.03148076 -0.12348482 0.04365115
v 0.01942095 -0.12134293 0.04017542
v 0.03241360 -0.11932254 0.04149185
v 0.03312518 -0.11512397 0.04022485
v 0.02018757 -0.11837116 0.03864017
v 0.02091006 -0.11418001 0.03738597
v 0.01984396 -0.11851164 0.03946572
v 0.01908585 -0.12161894 0.04091499
v 0.02056299 -0.11445701 0.03817325
v 0.01922600 -0.11787208 0.04194411
v 0.01834258 -0.12053601 0.04430516
v 0.01987105 -0.11445599 0.04077715
v 0.02067878 -0.11801013 0.04231413
v 0.01979559 -0.12067575 0.04467578
v 0.02132336 -0.11459316 0.04114668
v 0.02163102 -0.11094403 0.04135041
v 0.02155451 -0.10761755 0.04289526
v 0.02017870 -0.11080685 0.04098092
v 0.02088396 -0.11002276 0.03853101
v 0.02010227 -0.10748130 0.04252510
v 0.02080877 -0.10588740 0.04034161
v 0.01965411 -0.10498530 0.04517389
v 0.02024780 -0.10287050 0.04365303
v 0.01890175 -0.10369900 0.04852476
v 0.02110628 -0.10512053 0.04554459
v 0.02035447 -0.10383346 0.04889642
v 0.01941245 -0.10395275 0.05243975
v 0.01796028 -0.10381777 0.05206727
v 0.01842493 -0.10545885 0.05563516
v 0.01754128 -0.10812349 0.05799632
v 0.01697239 -0.10532392 0.05526160
v 0.01608928 -0.10798804 0.05762198
v 0.01617199 -0.10364152 0.05780963
v 0.01731031 -0.10168538 0.05519553
v 0.01665886 -0.10188323 0.05661504
v 0.01761228 -0.10104512 0.05472015
v 0.01830303 -0.10120623 0.05186190
v 0.01858953 -0.10043956 0.05148834
v 0.01938116 -0.10117692 0.04768458
v 0.01969015 -0.10048411 0.04719614
v 0.03190643 -0.10142437 0.05003453
v 0.02060465 -0.10215439 0.04298360
v 0.02116500 -0.10533457 0.03961377
v 0.03282241 -0.10309490 0.04581725
v 0.03338312 -0.10627529 0.04244678
v 0.04477680 -0.10439800 0.04912315
v 0.04386286 -0.10272353 0.05333657
v 0.04278926 -0.10267059 0.05763899
v 0.04375931 -0.10343665 0.05387710
v 0.04270880 -0.10346308 0.05806282
v 0.04190478 -0.10395527 0.06144492
v 0.04199910 -0.10328703 0.06091967
v 0.04176161 -0.10420504 0.06299282
v 0.04218780 -0.10427468 0.06338238
v 0.04187367 -0.10356692 0.06231286
v 0.04238212 -0.10328874 0.06219893
v 0.02958730 -0.10220873 0.05888628
v 0.01701198 -0.10127453 0.05599461
v 0.02971094 -0.10180042 0.05855082
v 0.02993385 -0.10198664 0.05759822
v 0.03081671 -0.10137837 0.05434150
v 0.01667064 -0.10090531 0.05566836
v 0.03537464 -0.08849484 0.04095095
v 0.04797247 -0.08967564 0.04414229
v 0.02268894 -0.08732814 0.03772061
v 0.02076135 -0.08723999 0.03716451
v 0.02019145 -0.08734422 0.03689948
v 0.01497085 -0.10077545 0.05513371
v 0.01455915 -0.10066412 0.05461067
v 0.01455666 -0.10177274 0.05633530
v 0.01405733 -0.10347250 0.05766964
v 0.01609363 -0.10185439 0.05675384
v 0.01415997 -0.10167277 0.05580710
v 0.01432529 -0.10139050 0.05417131
v 0.01366954 -0.10347082 0.05707940
v 0.01388931 -0.10382680 0.05499657
v 0.01290419 -0.10686710 0.05885711
v 0.01328460 -0.10670930 0.05952590
v 0.01318279 -0.10823505 0.05620592
v 0.01216033 -0.11105368 0.06027913
v 0.01253938 -0.11101781 0.06088802
v 0.01239435 -0.11131244 0.05837372
v 0.01181624 -0.11547425 0.05999975
v 0.01235241 -0.11475878 0.05712956
v 0.01217154 -0.11562540 0.06064887
v 0.01189057 -0.11950480 0.05824939
v 0.01226805 -0.11981905 0.05873553
v 0.01216003 -0.11838069 0.05671221
v 0.01243620 -0.12243339 0.05501638
v 0.01282466 -0.12295481 0.05540032
v 0.01280918 -0.11989216 0.05345224
v 0.01331682 -0.12404925 0.05097307
v 0.01374673 -0.12458946 0.05116985
v 0.01335879 -0.12214722 0.05061567
v 0.01442349 -0.12394338 0.04663033
v 0.01542953 -0.12324994 0.04291808
v 0.01487555 -0.12457671 0.04673047
v 0.01431698 -0.12098322 0.04707823
v 0.01446931 -0.11271259 0.04908398
v 0.01543064 -0.12115102 0.04259335
v 0.01607795 -0.12109111 0.04006763
v 0.01594883 -0.11704368 0.04165291
v 0.01663839 -0.11801107 0.03858668
v 0.01674512 -0.11407653 0.03954589
v 0.01731115 -0.11404260 0.03732981
v 0.01670619 -0.11069574 0.04093690
v 0.01693938 -0.10697385 0.04137786
v 0.01762233 -0.10967334 0.03770209
v 0.01754623 -0.10557512 0.03950035
v 0.01808130 -0.10877677 0.03622372
v 0.01798086 -0.10457487 0.03815656
v 0.01773789 -0.11330350 0.03592010
v 0.02113717 -0.10149170 0.02640578
v 0.02140430 -0.10463892 0.02421644
v 0.02081110 -0.09777480 0.02904375
v 0.02047709 -0.09407866 0.03171336
v 0.01742665 -0.10141759 0.04149300
v 0.02018938 -0.09098859 0.03398751
v 0.01653111 -0.09974537 0.04562792
v 0.02000106 -0.08894521 0.03553887
v 0.01549238 -0.09967280 0.04980472
v 0.01997599 -0.08782067 0.03644467
v 0.01471506 -0.10029026 0.05303685
v 0.01511617 -0.10090102 0.05083508
v 0.01614085 -0.10088997 0.04674783
v 0.01480419 -0.10417478 0.05086551
v 0.01576236 -0.10303276 0.04745339
v 0.01623607 -0.10541397 0.04471978
v 0.01699144 -0.10258086 0.04278017
v 0.02158640 -0.10676380 0.02278679
v 0.02176946 -0.10797186 0.02202897
v 0.01706733 -0.11738265 0.03712551
v 0.01649745 -0.12032380 0.03869561
v 0.01643152 -0.12170698 0.03954579
v 0.01601818 -0.12256220 0.04085143
v 0.01687060 -0.12211401 0.03985499
v 0.02207873 -0.10852428 0.02175667
v 0.02269005 -0.10874010 0.02180422
v 0.02468037 -0.10901517 0.02224625
v 0.01858197 -0.12237913 0.04028942
v 0.03733481 -0.11020294 0.02545165
v 0.03162255 -0.12328346 0.04316741
v 0.04988496 -0.11135567 0.02864715
v 0.05184037 -0.11144681 0.02920710
v 0.04429275 -0.12476355 0.04682273
v 0.04408441 -0.12559048 0.04811926
v 0.04600762 -0.12482033 0.04725517
v 0.04660336 -0.12450828 0.04720881
v 0.04561322 -0.12568859 0.04855800
v 0.04619411 -0.12536370 0.04851550
v 0.04503608 -0.12646918 0.05055308
v 0.04560532 -0.12605318 0.05058167
v 0.04352319 -0.12637279 0.05013054
v 0.04404922 -0.12728615 0.05414053
v 0.04253041 -0.12719985 0.05374014
v 0.04292093 -0.12729827 0.05857910
v 0.04459707 -0.12674521 0.05429340
v 0.04347904 -0.12685050 0.05863337
v 0.04498964 -0.12383169 0.05486840
v 0.04612176 -0.12400120 0.05038810
v 0.04394160 -0.12498666 0.05838207
v 0.04346373 -0.12273914 0.06123717
v 0.04260577 -0.12523495 0.06267837
v 0.04274298 -0.12122081 0.06447980
v 0.04205352 -0.12230612 0.06591005
v 0.04300646 -0.11760489 0.06491395
v 0.04198650 -0.11827596 0.06766215
v 0.04297753 -0.11415173 0.06614123
v 0.04134640 -0.11833446 0.06805851
v 0.03981625 -0.11819616 0.06771704
v 0.04144269 -0.12252883 0.06614528
v 0.04199865 -0.12566443 0.06280971
v 0.03991356 -0.12241268 0.06579254
v 0.04047257 -0.12556530 0.06244051
v 0.03953067 -0.12211094 0.06532493
v 0.03994624 -0.12063032 0.06335553
v 0.04008143 -0.12507310 0.06205934
v 0.03945532 -0.11803802 0.06709707
v 0.03986229 -0.11729560 0.06487794
v 0.03840776 -0.11716283 0.06451417
v 0.03849153 -0.12049929 0.06299125
v 0.03892198 -0.12300956 0.06035208
v 0.04037636 -0.12314038 0.06071707
v 0.03963182 -0.12431283 0.05699726
v 0.04051458 -0.12420882 0.05343880
v 0.04108681 -0.12444289 0.05736318
v 0.04096750 -0.12671000 0.05798825
v 0.04196902 -0.12433940 0.05380554
v 0.04207704 -0.12661310 0.05363118
v 0.04308459 -0.12592411 0.04990906
v 0.04139806 -0.12720956 0.05819257
v 0.04143557 -0.12271562 0.05021689
v 0.04225379 -0.12005919 0.04782381
v 0.04284475 -0.11664416 0.04662262
v 0.04311946 -0.11299005 0.04679668
v 0.04682947 -0.11991141 0.04949604
v 0.04676815 -0.12394185 0.04786210
v 0.04751858 -0.12087783 0.04642931
v 0.04718763 -0.12317453 0.04649013
v 0.04794800 -0.12025029 0.04496863
v 0.05266181 -0.11084039 0.02987412
v 0.05267023 -0.10964969 0.03068026
v 0.05242740 -0.11134226 0.02946454
v 0.05251966 -0.10752752 0.03211727
v 0.05225795 -0.10438091 0.03430840
v 0.04864576 -0.11617346 0.04377029
v 0.04898880 -0.11164678 0.04407282
v 0.04821879 -0.11691338 0.04518007
v 0.04765301 -0.11694651 0.04739603
v 0.04853053 -0.11254351 0.04555157
v 0.04761311 -0.11356635 0.04878683
v 0.04845416 -0.10844611 0.04734988
v 0.04888805 -0.10744468 0.04600632
v 0.04784756 -0.10984411 0.04922735
v 0.04789838 -0.10545149 0.05063006
v 0.04833384 -0.10428740 0.04934276
v 0.05159915 -0.09696742 0.03961553
v 0.04743932 -0.10261554 0.05347739
v 0.04637237 -0.10254030 0.05764742
v 0.05130570 -0.09387654 0.04188860
v 0.05108722 -0.09183077 0.04343328
v 0.05087420 -0.09069057 0.04429210
v 0.05055376 -0.09016494 0.04461183
v 0.04540654 -0.10314056 0.06083087
v 0.04473151 -0.10346631 0.06227420
v 0.04410880 -0.10348110 0.06253419
v 0.04994401 -0.08995032 0.04457638
v 0.04372582 -0.10448100 0.06374388
v 0.05193518 -0.10066402 0.03694700
v 0.01799137 -0.12316908 0.04148907
v 0.01890682 -0.12253623 0.04076141
v 0.01853632 -0.12296615 0.04151315
v 0.01794832 -0.12359154 0.04352242
v 0.01738605 -0.12394577 0.04349175
v 0.01693688 -0.12427834 0.04724573
v 0.01581648 -0.12437565 0.05160055
v 0.01735564 -0.12204150 0.04749975
v 0.01639205 -0.12477319 0.04710182
v 0.01526042 -0.12478308 0.05155457
v 0.01433439 -0.12313791 0.05580206
v 0.01377610 -0.11998547 0.05915442
v 0.01493767 -0.12273802 0.05567396
v 0.01566212 -0.12087418 0.05439247
v 0.01437986 -0.11977576 0.05893708
v 0.01521361 -0.11837797 0.05704190
v 0.01431183 -0.11570313 0.06071099
v 0.01513751 -0.11505271 0.05858545
v 0.01367884 -0.11576895 0.06107894
v 0.01464826 -0.11124824 0.06100041
v 0.01404613 -0.11114183 0.06132223
v 0.01544495 -0.11140430 0.05878928
v 0.01540277 -0.10704696 0.05958549
v 0.01479445 -0.10681868 0.05995721
v 0.01557142 -0.10356422 0.05808679
v 0.01689668 -0.11154055 0.05916378
v 0.01658902 -0.11518969 0.05896005
v 0.01666530 -0.11851689 0.05741531
v 0.01711382 -0.12101310 0.05476588
v 0.01786559 -0.12230016 0.05141403
v 0.01880766 -0.12218089 0.04787072
v 0.01641416 -0.12216026 0.05104230
v 0.01586317 -0.12375993 0.04314337
v 0.01644373 -0.12298012 0.04115012
v 0.03348306 -0.11051788 0.04050098
v 0.02126517 -0.10957634 0.03766789
v 0.04347454 -0.11318549 0.06377233
v 0.04387612 -0.11283940 0.06231733
v 0.04438527 -0.11327043 0.06400322
v 0.04315783 -0.11449340 0.06453856
v 0.04311298 -0.11599640 0.06416744
v 0.04406878 -0.11457762 0.06476935
v 0.04402356 -0.11608040 0.06439891
v 0.04427547 -0.11689756 0.06310858
v 0.04467706 -0.11655157 0.06165362
v 0.04336487 -0.11681355 0.06287715
v 0.04376636 -0.11646654 0.06142271
v 0.04408214 -0.11515919 0.06065621
v 0.04412798 -0.11365664 0.06102705
v 0.04499310 -0.11524341 0.06088699
v 0.04503801 -0.11374142 0.06125757
v 0.04478674 -0.11292341 0.06254882
v 0.04406713 -0.11984643 0.05900209
v 0.04446860 -0.11949940 0.05754769
v 0.04497749 -0.11993115 0.05923366
v 0.04375131 -0.12115377 0.05976857
v 0.04370615 -0.12265646 0.05939814
v 0.04466170 -0.12123850 0.06000017
v 0.04461584 -0.12274114 0.05962934
v 0.04486773 -0.12355829 0.05833905
v 0.04526953 -0.12321147 0.05688394
v 0.04395803 -0.12347372 0.05810782
v 0.04435928 -0.12312742 0.05665353
v 0.04467562 -0.12181955 0.05588621
v 0.04472051 -0.12031657 0.05625735
v 0.04558602 -0.12190428 0.05611781
v 0.04563117 -0.12040159 0.05648824
v 0.04537898 -0.11958414 0.05777922
v 0.04612734 -0.11509656 0.05262606
v 0.04652962 -0.11475063 0.05117144
v 0.04703803 -0.11518149 0.05285693
v 0.04581133 -0.11640463 0.05339267
v 0.04576614 -0.11790742 0.05302226
v 0.04672224 -0.11648884 0.05362343
v 0.04667708 -0.11799164 0.05325298
v 0.04692826 -0.11880863 0.05196231
v 0.04733055 -0.11846270 0.05050769
v 0.04601834 -0.11872478 0.05173120
v 0.04641986 -0.11837777 0.05027682
v 0.04673564 -0.11707042 0.04951032
v 0.04678080 -0.11556772 0.04988074
v 0.04764655 -0.11715462 0.04974108
v 0.04769142 -0.11565173 0.05011224
v 0.04743956 -0.11483449 0.05140251
v 0.04553489 -0.10843656 0.05739573
v 0.04593636 -0.10808954 0.05594133
v 0.04644547 -0.10852056 0.05762720
v 0.04521911 -0.10974391 0.05816223
v 0.04517318 -0.11124653 0.05779142
v 0.04612874 -0.10982857 0.05839345
v 0.04608391 -0.11133147 0.05802231
v 0.04633582 -0.11214863 0.05673198
v 0.04673726 -0.11180170 0.05527759
v 0.04542540 -0.11206389 0.05650042
v 0.04582694 -0.11171689 0.05504600
v 0.04614272 -0.11040954 0.05427950
v 0.04618856 -0.10890699 0.05465034
v 0.04705305 -0.11049435 0.05451109
v 0.04709893 -0.10899173 0.05488188
v 0.04684703 -0.10817456 0.05617221
v 0.01318061 -0.11037229 0.05607781
v 0.01226965 -0.11028807 0.05584702
v 0.01358186 -0.11002599 0.05462352
v 0.01286460 -0.11168036 0.05684442
v 0.01281872 -0.11318298 0.05647363
v 0.01195387 -0.11159542 0.05661353
v 0.01190871 -0.11309811 0.05624310
v 0.01216021 -0.11391540 0.05495174
v 0.01256147 -0.11356911 0.05349740
v 0.01307056 -0.11400013 0.05518332
v 0.01347243 -0.11365333 0.05372819
v 0.01378891 -0.11234614 0.05296206
v 0.01383374 -0.11084324 0.05333320
v 0.01287818 -0.11226120 0.05273117
v 0.01292335 -0.11075841 0.05310162
v 0.01267150 -0.10994126 0.05439194
v 0.01377353 -0.11703316 0.05130862
v 0.01286283 -0.11694813 0.05107772
v 0.01417502 -0.11668615 0.04985418
v 0.01345682 -0.11834108 0.05207486
v 0.01341189 -0.11984305 0.05170433
v 0.01254679 -0.11825630 0.05184434
v 0.01250127 -0.11975904 0.05147283
v 0.01275290 -0.12057700 0.05018266
v 0.01315462 -0.12022927 0.04872812
v 0.01366354 -0.12066102 0.05041411
v 0.01406535 -0.12031421 0.04895901
v 0.01438136 -0.11900614 0.04819240
v 0.01442677 -0.11750505 0.04856341
v 0.01347040 -0.11892192 0.04796161
v 0.01351633 -0.11741930 0.04833242
v 0.01326442 -0.11660214 0.04962275
v 0.01583407 -0.11228350 0.04493189
v 0.01492315 -0.11219929 0.04470113
v 0.01623537 -0.11193722 0.04347758
v 0.01551736 -0.11359142 0.04569813
v 0.01547217 -0.11509420 0.04532771
v 0.01460737 -0.11350665 0.04546763
v 0.01456151 -0.11500918 0.04509683
v 0.01481371 -0.11582663 0.04380584
v 0.01521497 -0.11548034 0.04235151
v 0.01572408 -0.11591136 0.04403738
v 0.01612555 -0.11556434 0.04258298
v 0.01644134 -0.11425699 0.04181648
v 0.01648719 -0.11275446 0.04218728
v 0.01553098 -0.11417227 0.04158490
v 0.01557686 -0.11266964 0.04195569
v 0.01532496 -0.11185248 0.04324602
v 0.01524059 -0.10562314 0.04970189
v 0.01433023 -0.10553842 0.04947031
v 0.01564243 -0.10527633 0.04824680
v 0.01492480 -0.10693049 0.05046839
v 0.01487892 -0.10843312 0.05009760
v 0.01401422 -0.10684649 0.05023692
v 0.01396925 -0.10834845 0.04986637
v 0.01422122 -0.10916663 0.04857549
v 0.01462271 -0.10881961 0.04712105
v 0.01513114 -0.10925047 0.04880660
v 0.01553238 -0.10890428 0.04735229
v 0.01584912 -0.10759627 0.04658604
v 0.01589427 -0.10609358 0.04695646
v 0.01493876 -0.10751155 0.04635446
v 0.01498367 -0.10600957 0.04672503
v 0.01473170 -0.10519139 0.04801591
v -0.03027863 -0.05067317 0.09011291
v -0.03027909 -0.05207974 0.08946436
v -0.02935999 -0.05076402 0.09030771
v -0.03052763 -0.05012519 0.09153914
v -0.03088124 -0.05075630 0.09290814
v -0.02960930 -0.05021601 0.09173474
v -0.02996288 -0.05084712 0.09310366
v -0.03021282 -0.05228724 0.09361326
v -0.03021327 -0.05369384 0.09296472
v -0.03113111 -0.05219724 0.09341770
v -0.03113161 -0.05360302 0.09276911
v -0.03088186 -0.05415091 0.09134317
v -0.03052903 -0.05351989 0.08997397
v -0.02996428 -0.05424182 0.09153848
v -0.02961074 -0.05360993 0.09016942
v -0.02936084 -0.05216978 0.08965991
v -0.02876122 -0.05808643 0.08126529
v -0.02852241 -0.05819040 0.08009251
v -0.02904925 -0.05936505 0.08202741
v -0.02881260 -0.05676320 0.08210959
v -0.02936893 -0.05802377 0.08414265
v -0.02842097 -0.05628561 0.08048776
v -0.02884535 -0.05483140 0.08310541
v -0.02838475 -0.05432960 0.08117281
v -0.02956644 -0.05593530 0.08598691
v -0.02875352 -0.05261636 0.08355636
v -0.02936371 -0.05309012 0.08620094
v -0.02834264 -0.05239308 0.08172774
v -0.02863196 -0.05061305 0.08363138
v -0.02832074 -0.05075054 0.08210402
v -0.02860018 -0.04926238 0.08364222
v -0.02908323 -0.05053513 0.08578489
v -0.02894792 -0.04884532 0.08546920
v -0.02955349 -0.05015774 0.08813427
v -0.02934735 -0.04832710 0.08756797
v -0.02998916 -0.05301782 0.08913464
v -0.02991882 -0.04926303 0.09017797
v -0.03032448 -0.05130551 0.09137315
v -0.02973939 -0.04772610 0.08964273
v -0.03015938 -0.04851273 0.09154962
v -0.03048496 -0.04931905 0.09281115
v -0.03013522 -0.04743424 0.09160667
v -0.03057137 -0.04781458 0.09351437
v -0.03019571 -0.04658859 0.09163474
v -0.03068164 -0.04689460 0.09378665
v -0.02974729 -0.04678320 0.08944382
v -0.03036879 -0.04619121 0.09161342
v -0.02990276 -0.04635408 0.08934836
v -0.03224525 -0.04584205 0.09120775
v -0.03087227 -0.04648310 0.09384901
v -0.03275511 -0.04613996 0.09346861
v -0.03139535 -0.04721554 0.09597251
v -0.03328580 -0.04688163 0.09561948
v -0.03118902 -0.04763136 0.09584156
v -0.03191757 -0.04834051 0.09790827
v -0.03381562 -0.04803043 0.09758067
v -0.03241814 -0.04982733 0.09957420
v -0.03169787 -0.04869264 0.09773746
v -0.03218190 -0.05009342 0.09935691
v -0.03153716 -0.04951151 0.09727154
v -0.03145566 -0.05101379 0.09659387
v -0.03105023 -0.04860335 0.09542681
v -0.03197922 -0.05067013 0.09878549
v -0.03182012 -0.05141297 0.09801830
v -0.03234957 -0.05230165 0.09980116
v -0.03200446 -0.05289792 0.09830243
v -0.03261715 -0.05184918 0.10060003
v -0.03269428 -0.05424875 0.10054611
v -0.03302878 -0.05625242 0.10116639
v -0.03300258 -0.05385897 0.10148934
v -0.03229961 -0.05495735 0.09879144
v -0.03268468 -0.05687411 0.09966295
v -0.03175988 -0.05608357 0.09599754
v -0.03084050 -0.05810202 0.09095575
v -0.03150589 -0.05335632 0.09597554
v -0.03232989 -0.05819376 0.09761988
v -0.03291474 -0.05955384 0.09951053
v -0.03212186 -0.06034157 0.09577670
v -0.03234154 -0.06331960 0.09547744
v -0.03287491 -0.06156567 0.09847997
v -0.03340336 -0.06225579 0.10019955
v -0.03298132 -0.06392496 0.09792792
v -0.03346152 -0.06434829 0.09952883
v -0.03314331 -0.06610680 0.09768214
v -0.03266340 -0.06604275 0.09573306
v -0.03324033 -0.06764778 0.09742764
v -0.03352332 -0.06617207 0.09897688
v -0.03354902 -0.06746547 0.09849828
v -0.03382613 -0.06618239 0.09967802
v -0.03381663 -0.06454467 0.10038885
v -0.03410713 -0.06615813 0.09996541
v -0.03381517 -0.06734593 0.09908622
v -0.03378353 -0.06814248 0.09856940
v -0.03408275 -0.06727093 0.09933331
v -0.03601976 -0.06711958 0.09906919
v -0.03404461 -0.06804256 0.09879582
v -0.03604975 -0.06787932 0.09852105
v -0.03399378 -0.06863226 0.09827134
v -0.03619338 -0.06841875 0.09799645
v -0.03392803 -0.06920041 0.09768065
v -0.03373389 -0.06874216 0.09805342
v -0.03366550 -0.06931162 0.09746298
v -0.03349254 -0.06895265 0.09754414
v -0.03353623 -0.06832972 0.09803930
v -0.03342387 -0.06952590 0.09695651
v -0.03323396 -0.06930894 0.09662932
v -0.03326503 -0.06863869 0.09708296
v -0.03292932 -0.06981995 0.09523715
v -0.03316762 -0.06988922 0.09604789
v -0.03286534 -0.07040868 0.09466451
v -0.02971075 -0.09907043 0.06496115
v -0.02952699 -0.09866515 0.06456131
v -0.03019063 -0.10034771 0.06339838
v -0.02989021 -0.09932922 0.06520972
v -0.03036734 -0.10062017 0.06363305
v -0.03009447 -0.09947362 0.06533719
v -0.03035769 -0.09953555 0.06537102
v -0.03056840 -0.10077291 0.06375264
v -0.03290202 -0.10405088 0.05939172
v -0.03082402 -0.10083835 0.06378351
v -0.03363000 -0.10068555 0.06330325
v -0.03312856 -0.10411770 0.05943047
v -0.03324514 -0.10455667 0.05891027
v -0.03511723 -0.10404385 0.05912412
v -0.04425250 -0.10314897 0.05718610
v -0.03518211 -0.10448568 0.05861635
v -0.03426494 -0.11144231 0.05082538
v -0.04420641 -0.10360085 0.05670046
v -0.04324239 -0.11056187 0.04891926
v -0.05323028 -0.10271594 0.05478555
v -0.05338628 -0.10225326 0.05524608
v -0.05370732 -0.10266334 0.05467798
v -0.05221954 -0.10968147 0.04701235
v -0.05187483 -0.11150313 0.04454516
v -0.05268644 -0.10963005 0.04690795
v -0.05453080 -0.10935332 0.04638423
v -0.05234134 -0.11145083 0.04444170
v -0.05196843 -0.11292323 0.04200658
v -0.05419004 -0.11116534 0.04394435
v -0.05437281 -0.11100776 0.04391916
v -0.05382545 -0.11261991 0.04155429
v -0.05343399 -0.11366099 0.03922791
v -0.05402627 -0.11239997 0.04163414
v -0.05365121 -0.11338499 0.03940156
v -0.05419246 -0.11189027 0.04200231
v -0.05385525 -0.11273603 0.03998198
v -0.05437562 -0.11091564 0.04291768
v -0.05449230 -0.11068837 0.04400397
v -0.05455621 -0.11030099 0.04416205
v -0.05479051 -0.10909988 0.04611019
v -0.05477736 -0.10905120 0.04566954
v -0.05583724 -0.10208624 0.05384015
v -0.05470245 -0.10925341 0.04627266
v -0.05574740 -0.10225653 0.05403492
v -0.05557410 -0.10235988 0.05416354
v -0.05598192 -0.10178061 0.05448419
v -0.05607445 -0.10160261 0.05429844
v -0.05921896 -0.09795467 0.05766190
v -0.05580745 -0.10188720 0.05461082
v -0.05388787 -0.10219773 0.05513408
v -0.05901466 -0.09806548 0.05779086
v -0.05627922 -0.09845824 0.05848829
v -0.05982919 -0.09663559 0.05910578
v -0.05690390 -0.09704448 0.05984682
v -0.06004029 -0.09652833 0.05897092
v -0.06399516 -0.06624226 0.09128906
v -0.06416377 -0.06631129 0.09098030
v -0.06140090 -0.06649257 0.09206228
v -0.06406837 -0.06567335 0.09187856
v -0.06423449 -0.06574132 0.09156981
v -0.06194764 -0.06588837 0.09252295
v -0.06412393 -0.06508337 0.09240201
v -0.06218736 -0.06531026 0.09296576
v -0.06428552 -0.06514260 0.09208529
v -0.06416287 -0.06431182 0.09293919
v -0.06418796 -0.06319911 0.09357103
v -0.06431723 -0.06434527 0.09260205
v -0.06229285 -0.06453689 0.09348478
v -0.06198575 -0.06459085 0.09347131
v -0.06233025 -0.06341884 0.09412883
v -0.06202156 -0.06346792 0.09410291
v -0.06234266 -0.06185704 0.09491031
v -0.06419704 -0.06163402 0.09433822
v -0.06232090 -0.05992764 0.09570227
v -0.06203112 -0.06189205 0.09487465
v -0.06200819 -0.05995062 0.09566419
v -0.06173627 -0.06184735 0.09455324
v -0.06174673 -0.06349318 0.09384315
v -0.06170301 -0.05986405 0.09530661
v -0.06040420 -0.05898697 0.09209016
v -0.06039404 -0.05765488 0.09257845
v -0.05801890 -0.05920680 0.09259120
v -0.06035564 -0.06021651 0.09138397
v -0.06024764 -0.06130631 0.09048205
v -0.05796959 -0.06043625 0.09188529
v -0.05786194 -0.06152603 0.09098416
v -0.05769958 -0.06244399 0.08991351
v -0.05748724 -0.06316071 0.08870753
v -0.06008566 -0.06222347 0.08941215
v -0.06110688 -0.06587542 0.09141616
v -0.05987322 -0.06294097 0.08820613
v -0.06078204 -0.06632120 0.08995222
v -0.05961716 -0.06343501 0.08690104
v -0.05723115 -0.06365475 0.08740235
v -0.05932596 -0.06369220 0.08553671
v -0.06040954 -0.06683840 0.08810054
v -0.06000642 -0.06729767 0.08604237
v -0.06019881 -0.06745186 0.08800503
v -0.05978729 -0.06788340 0.08591823
v -0.06055861 -0.06689816 0.08982084
v -0.05972092 -0.06774284 0.08791703
v -0.05930887 -0.06817158 0.08582337
v -0.06007702 -0.06718490 0.08973064
v -0.05894207 -0.06794211 0.08795216
v -0.05929374 -0.06738363 0.08976758
v -0.04780915 -0.06896899 0.09038074
v -0.05853137 -0.06837124 0.08585543
v -0.05806781 -0.06849824 0.08362091
v -0.04740650 -0.06939963 0.08828524
v -0.03628233 -0.07042811 0.09071477
v -0.04694519 -0.06952754 0.08605243
v -0.03582173 -0.07055752 0.08848430
v -0.04643844 -0.06921372 0.08381467
v -0.03531550 -0.07024444 0.08624811
v -0.05756095 -0.06818286 0.08138231
v -0.04590779 -0.06845884 0.08166854
v -0.03478552 -0.06949045 0.08410175
v -0.05702994 -0.06742800 0.07923540
v -0.04537529 -0.06729986 0.07969944
v -0.03425337 -0.06833064 0.08213330
v -0.05649756 -0.06626822 0.07726622
v -0.04486298 -0.06577190 0.07799617
v -0.03374026 -0.06680339 0.08043047
v -0.05598529 -0.06474029 0.07556305
v -0.04439124 -0.06392126 0.07663600
v -0.03326924 -0.06495285 0.07906992
v -0.05551344 -0.06289043 0.07420285
v -0.04397799 -0.06183073 0.07565667
v -0.03285504 -0.06286146 0.07809011
v -0.05510029 -0.06079911 0.07322355
v -0.04363610 -0.05958965 0.07508756
v -0.03251356 -0.06062132 0.07751995
v -0.05475857 -0.05855882 0.07265512
v -0.04338284 -0.05729199 0.07495683
v -0.03225939 -0.05832374 0.07738702
v -0.05450522 -0.05626021 0.07252613
v -0.04322410 -0.05503390 0.07525792
v -0.03209971 -0.05606650 0.07768595
v -0.05434842 -0.05400210 0.07282995
v -0.04314158 -0.05293955 0.07584447
v -0.03200898 -0.05397225 0.07827139
v -0.05427496 -0.05190616 0.07341722
v -0.04310844 -0.05113589 0.07653372
v -0.03195332 -0.05217099 0.07896345
v -0.05426428 -0.05010088 0.07410362
v -0.04309782 -0.04975293 0.07714324
v -0.03190031 -0.05079123 0.07958271
v -0.05429560 -0.04871461 0.07470448
v -0.04308503 -0.04888203 0.07752697
v -0.05435476 -0.04783922 0.07506958
v -0.03181635 -0.04992492 0.07998486
v -0.04305761 -0.04846716 0.07767413
v -0.03167497 -0.04951405 0.08016699
v -0.05444085 -0.04742115 0.07518098
v -0.04299680 -0.04841949 0.07760590
v -0.03144316 -0.04946460 0.08015834
v -0.05454946 -0.04737350 0.07505288
v -0.04281915 -0.04869873 0.07730957
v -0.03102521 -0.04974949 0.07993685
v -0.05461210 -0.04764788 0.07468185
v -0.03904280 -0.07903882 0.04503130
v -0.02775997 -0.08015139 0.04743268
v -0.05032489 -0.07792540 0.04263008
v -0.03891375 -0.08040321 0.04356761
v -0.04979066 -0.07933005 0.04125243
v -0.02803688 -0.08147642 0.04588278
v -0.03865683 -0.08393198 0.03975857
v -0.03861168 -0.08438478 0.03927351
v -0.04778938 -0.08303090 0.03781371
v -0.02952395 -0.08483314 0.04170273
v -0.02760470 -0.08514535 0.04222510
v -0.02958856 -0.08527500 0.04119425
v -0.02772105 -0.08558354 0.04170404
v -0.02878689 -0.09262685 0.03376143
v -0.02693733 -0.09294583 0.03424054
v -0.03776241 -0.09174089 0.03185075
v -0.02859911 -0.09499031 0.03178574
v -0.02674941 -0.09528267 0.03227605
v -0.03757539 -0.09410445 0.02987478
v -0.02848378 -0.09734766 0.03015362
v -0.03745994 -0.09646261 0.02824263
v -0.02845272 -0.09968352 0.02892667
v -0.02663423 -0.09759493 0.03066541
v -0.02660231 -0.09987726 0.02946362
v -0.02647294 -0.09750776 0.03091314
v -0.02644290 -0.09969783 0.02977348
v -0.02641635 -0.09715758 0.03145687
v -0.02658496 -0.09529463 0.03245378
v -0.02651575 -0.09521882 0.03278978
v -0.02676563 -0.09304228 0.03435540
v -0.02667657 -0.09320347 0.03451094
v -0.02754752 -0.08569730 0.04182196
v -0.02745401 -0.08589084 0.04199236
v -0.02742938 -0.08525549 0.04234615
v -0.02733636 -0.08544204 0.04252461
v -0.02509638 -0.08197985 0.04670946
v -0.02530068 -0.08186909 0.04658050
v -0.02462245 -0.08068056 0.04829401
v -0.02499317 -0.08216174 0.04689346
v -0.02451528 -0.08087069 0.04847042
v -0.02498033 -0.08245377 0.04716908
v -0.02450048 -0.08117563 0.04873180
v -0.02732474 -0.08574117 0.04279222
v -0.02504913 -0.08288948 0.04757171
v -0.02739252 -0.08618977 0.04318291
v -0.02456739 -0.08163124 0.04911356
v -0.02519696 -0.08349965 0.04812938
v -0.02471165 -0.08226556 0.04964511
v -0.02542303 -0.08431296 0.04886725
v -0.02753844 -0.08681462 0.04372463
v -0.02776153 -0.08764257 0.04444617
v -0.02764833 -0.08732561 0.04312543
v -0.02786853 -0.08818202 0.04381736
v -0.02750562 -0.08667398 0.04261243
v -0.02665103 -0.09608695 0.03381238
v -0.02676105 -0.09776469 0.03360057
v -0.02646219 -0.09798222 0.03177923
v -0.02662076 -0.09465551 0.03421138
v -0.02664006 -0.09364475 0.03453383
v -0.02646671 -0.09629322 0.03249394
v -0.02651872 -0.09508087 0.03318999
v -0.02744075 -0.08620461 0.04224485
v -0.02654409 -0.09987889 0.03132597
v -0.02639258 -0.09914181 0.03047242
v -0.02645973 -0.10122229 0.02984589
v -0.02662315 -0.10338270 0.02961928
v -0.02650404 -0.10190624 0.02904296
v -0.02666056 -0.10414769 0.02874644
v -0.02666164 -0.10214998 0.02868888
v -0.02681609 -0.10443308 0.02836024
v -0.02851175 -0.10200955 0.02812824
v -0.02866718 -0.10433759 0.02778106
v -0.03748826 -0.10112541 0.02621632
v -0.03742856 -0.09879929 0.02701512
v -0.04646400 -0.10024194 0.02430473
v -0.03764366 -0.10345426 0.02586918
v -0.04661931 -0.10257164 0.02395765
v -0.03789733 -0.10578104 0.02598788
v -0.02892093 -0.10666361 0.02789970
v -0.04687369 -0.10489851 0.02407608
v -0.03823861 -0.10803540 0.02655094
v -0.04721494 -0.10715363 0.02463918
v -0.03865256 -0.11013028 0.02752668
v -0.02926228 -0.10891716 0.02846270
v -0.02967623 -0.11101204 0.02943844
v -0.02740893 -0.10895501 0.02905526
v -0.02725627 -0.10862033 0.02947985
v -0.02781985 -0.11103364 0.03002904
v -0.02706860 -0.10672517 0.02848933
v -0.02691531 -0.10641006 0.02889848
v -0.02688329 -0.10558767 0.02982483
v -0.02699388 -0.10401501 0.03153137
v -0.02722920 -0.10775598 0.03044569
v -0.02734771 -0.10611103 0.03222553
v -0.02764409 -0.10979877 0.03145176
v -0.02766846 -0.11068717 0.03046214
v -0.02776772 -0.10810826 0.03327704
v -0.02811294 -0.11162401 0.03281400
v -0.02862010 -0.11315165 0.03449254
v -0.02823856 -0.10991799 0.03465505
v -0.02813722 -0.11252186 0.03181604
v -0.02828812 -0.11287248 0.03138072
v -0.02864553 -0.11404247 0.03350422
v -0.02917331 -0.11520268 0.03545033
v -0.02879728 -0.11439125 0.03307280
v -0.02932684 -0.11554357 0.03502991
v -0.03065866 -0.11438746 0.03249891
v -0.03014650 -0.11286108 0.03079656
v -0.03963542 -0.11350725 0.03058878
v -0.03119217 -0.11554304 0.03447180
v -0.04016913 -0.11466361 0.03256243
v -0.03172479 -0.11629224 0.03663242
v -0.04070179 -0.11541276 0.03472314
v -0.03223663 -0.11659565 0.03889794
v -0.02985477 -0.11629401 0.03716752
v -0.03036046 -0.11660572 0.03939958
v -0.02969891 -0.11596736 0.03756621
v -0.03019879 -0.11630006 0.03976769
v -0.02966414 -0.11513559 0.03848459
v -0.03015661 -0.11551804 0.04062468
v -0.02977208 -0.11355592 0.04018424
v -0.02914442 -0.11433439 0.03641243
v -0.02926222 -0.11268557 0.03818902
v -0.02953131 -0.11013127 0.04091734
v -0.02874360 -0.11145956 0.03631699
v -0.02902170 -0.10883789 0.03911834
v -0.02851959 -0.10727307 0.03748116
v -0.03040563 -0.09707409 0.05164605
v -0.02991724 -0.09540405 0.05012000
v -0.03030904 -0.09645705 0.05235744
v -0.03087672 -0.09866772 0.05312452
v -0.03077860 -0.09806106 0.05382397
v -0.03131083 -0.10012225 0.05449480
v -0.03002732 -0.11110868 0.04279713
v -0.03169042 -0.10137406 0.05569961
v -0.03121171 -0.09953283 0.05517723
v -0.03158738 -0.10080787 0.05635685
v -0.02887559 -0.09617715 0.05962738
v -0.02838184 -0.09501290 0.06106993
v -0.02924996 -0.09746430 0.06079422
v -0.02844485 -0.09469600 0.05828403
v -0.02794831 -0.09354717 0.05971101
v -0.02797571 -0.09308594 0.05682316
v -0.02747831 -0.09194583 0.05823953
v -0.02748816 -0.09141064 0.05530438
v -0.02699049 -0.09027403 0.05671667
v -0.02700034 -0.08973539 0.05378478
v -0.02982096 -0.09478352 0.05083545
v -0.02933372 -0.09310645 0.04931904
v -0.02942998 -0.09372356 0.04860696
v -0.02886523 -0.09148956 0.04786444
v -0.02843504 -0.08999966 0.04653090
v -0.02653156 -0.08812450 0.05232456
v -0.02896307 -0.09209624 0.04716428
v -0.02761755 -0.10355822 0.03495616
v -0.02853518 -0.09058914 0.04584900
v -0.02816568 -0.08926750 0.04471938
v -0.02725065 -0.10157173 0.03414729
v -0.02696015 -0.09961361 0.03369007
v -0.02672150 -0.10191049 0.03122593
v -0.02806192 -0.08870046 0.04537687
v -0.02572538 -0.08535618 0.04981387
v -0.02610006 -0.08664325 0.05098150
v -0.02523375 -0.08417200 0.05127803
v -0.02493481 -0.08310391 0.05035674
v -0.02812848 -0.05936440 0.07769788
v -0.02560622 -0.08547903 0.05242399
v -0.02838090 -0.06161836 0.07784110
v -0.02603471 -0.08697565 0.05375075
v -0.02871999 -0.06382752 0.07841283
v -0.02650297 -0.08859527 0.05520124
v -0.02913062 -0.06589641 0.07938719
v -0.02959766 -0.06773125 0.08073665
v -0.02920552 -0.06533217 0.08000282
v -0.02930393 -0.06476065 0.08072669
v -0.02967012 -0.06716109 0.08134186
v -0.02879756 -0.06326775 0.07903700
v -0.02890948 -0.06272915 0.07981350
v -0.02845865 -0.06106770 0.07846205
v -0.02820677 -0.05882460 0.07831470
v -0.02857340 -0.06059363 0.07921998
v -0.02832342 -0.05843260 0.07904388
v -0.02876959 -0.06010599 0.08036921
v -0.02910744 -0.06209510 0.08103836
v -0.02943491 -0.06125583 0.08296821
v -0.02946549 -0.06407156 0.08180741
v -0.02974996 -0.06335017 0.08347999
v -0.02985081 -0.06574740 0.08284299
v -0.02974806 -0.06654864 0.08199238
v -0.02995893 -0.06489428 0.08374886
v -0.03029800 -0.06693228 0.08440124
v -0.03031441 -0.06528941 0.08523838
v -0.03023976 -0.06797533 0.08364243
v -0.03078890 -0.06786937 0.08627473
v -0.03080906 -0.06597429 0.08724758
v -0.03075367 -0.06906310 0.08555788
v -0.03127332 -0.06870523 0.08816784
v -0.03129525 -0.06707854 0.08902225
v -0.03170972 -0.06913651 0.09001879
v -0.03126390 -0.06983410 0.08760000
v -0.03174456 -0.07018286 0.08970059
v -0.03122495 -0.07056672 0.08707690
v -0.03115717 -0.07115377 0.08648941
v -0.03070179 -0.06980970 0.08496976
v -0.03172091 -0.07089243 0.08925908
v -0.03165512 -0.07147725 0.08868271
v -0.03217102 -0.07077805 0.09142465
v -0.03257407 -0.07036246 0.09345869
v -0.03217839 -0.07003709 0.09180002
v -0.03210872 -0.07136743 0.09085660
v -0.02906738 -0.09729876 0.06322988
v -0.03251182 -0.07095654 0.09289243
v -0.02931812 -0.09808453 0.06399158
v -0.02980292 -0.09931788 0.06247428
v -0.03214322 -0.10263124 0.05806820
v -0.02955586 -0.09850783 0.06174121
v -0.03000876 -0.09992259 0.06301942
v -0.03235074 -0.10322126 0.05862855
v -0.03246459 -0.10370556 0.05805778
v -0.03253430 -0.10363444 0.05901922
v -0.03271058 -0.10390048 0.05926417
v -0.03265062 -0.10409709 0.05847253
v -0.03178391 -0.11131364 0.05055688
v -0.03282863 -0.10434940 0.05873086
v -0.03195866 -0.11134519 0.05096325
v -0.03301996 -0.10449191 0.05886676
v -0.03213208 -0.11147356 0.05107040
v -0.03234928 -0.11153542 0.05109889
v -0.03180611 -0.11322743 0.04871720
v -0.03145520 -0.11462003 0.04643216
v -0.03167370 -0.11293270 0.04885532
v -0.03200958 -0.11334751 0.04865952
v -0.03391928 -0.11326315 0.04835771
v -0.03164452 -0.11480196 0.04627046
v -0.03125172 -0.11584300 0.04394286
v -0.03354665 -0.11473552 0.04592330
v -0.03314493 -0.11579822 0.04354147
v -0.04252447 -0.11385601 0.04401615
v -0.04212274 -0.11491870 0.04163443
v -0.05150193 -0.11297557 0.04211004
v -0.04289710 -0.11238364 0.04645057
v -0.05109930 -0.11403835 0.03972601
v -0.05066412 -0.11466750 0.03738655
v -0.05156698 -0.11398590 0.03962556
v -0.05113113 -0.11461414 0.03728634
v -0.05065841 -0.11478331 0.03498121
v -0.05300833 -0.11426938 0.03694238
v -0.05254357 -0.11442300 0.03468428
v -0.05323709 -0.11395336 0.03718230
v -0.05346329 -0.11320885 0.03789671
v -0.05277858 -0.11407863 0.03496715
v -0.05227757 -0.11374663 0.03276522
v -0.05301648 -0.11326953 0.03576492
v -0.05252401 -0.11288702 0.03362482
v -0.05329756 -0.11176495 0.03731992
v -0.05364540 -0.10944891 0.03975206
v -0.05372584 -0.11182299 0.03931457
v -0.05281733 -0.11128896 0.03528427
v -0.05230777 -0.11041863 0.03328986
v -0.05318570 -0.10883037 0.03787343
v -0.05470091 -0.09782181 0.04952226
v -0.05269001 -0.10785294 0.03599433
v -0.05426659 -0.09636656 0.04815122
v -0.05218035 -0.10655960 0.03419536
v -0.05379503 -0.09477280 0.04667375
v -0.05178911 -0.10919262 0.03141773
v -0.05167825 -0.10499473 0.03255817
v -0.05330657 -0.09310357 0.04514776
v -0.05120471 -0.10320903 0.03115626
v -0.05128486 -0.10765114 0.02975559
v -0.05081359 -0.10584125 0.02837856
v -0.05097309 -0.10937542 0.02795495
v -0.05071647 -0.11030108 0.02701656
v -0.05050401 -0.10755025 0.02659198
v -0.05148024 -0.11090311 0.02963349
v -0.05200477 -0.11208600 0.03155156
v -0.05122533 -0.11182100 0.02870368
v -0.05098026 -0.11220933 0.02835758
v -0.05175272 -0.11298204 0.03064904
v -0.05150982 -0.11336165 0.03031469
v -0.04961383 -0.11373155 0.03055515
v -0.05203753 -0.11411207 0.03245157
v -0.05014689 -0.11447988 0.03271650
v -0.04967843 -0.11453336 0.03281298
v -0.04914584 -0.11378339 0.03065232
v -0.05019038 -0.11483660 0.03508100
v -0.04121311 -0.11571605 0.03698957
v -0.04168689 -0.11554695 0.03929521
v -0.03270935 -0.11642643 0.04120306
v -0.03082561 -0.11645127 0.04165842
v -0.03065843 -0.11617409 0.04198330
v -0.03060412 -0.11545751 0.04275620
v -0.03107520 -0.11560612 0.04420062
v -0.03100504 -0.11498324 0.04483968
v -0.03136049 -0.11413638 0.04685544
v -0.03106054 -0.11377631 0.04610311
v -0.03124859 -0.11187713 0.04813293
v -0.03068205 -0.11409014 0.04421397
v -0.03138283 -0.11317722 0.04780647
v -0.03160746 -0.11255799 0.04904041
v -0.03154733 -0.11157606 0.04955625
v -0.03089515 -0.11196356 0.04647674
v -0.03025125 -0.11403185 0.04221937
v -0.03048702 -0.11172718 0.04467576
v -0.03200066 -0.10237537 0.05668887
v -0.03225311 -0.10314223 0.05746900
v -0.03189468 -0.10183598 0.05731821
v -0.04861217 -0.11262704 0.02867864
v -0.04809951 -0.11109991 0.02697472
v -0.04908075 -0.11257514 0.02858299
v -0.04856860 -0.11104876 0.02688064
v -0.04809801 -0.10919975 0.02552172
v -0.05047082 -0.11069059 0.02666479
v -0.05000328 -0.10885185 0.02531273
v -0.05024814 -0.10846651 0.02566157
v -0.04959168 -0.10677312 0.02433931
v -0.04925163 -0.10454325 0.02377409
v -0.04983604 -0.10639886 0.02467922
v -0.04768407 -0.10710482 0.02454598
v -0.04734298 -0.10485124 0.02398380
v -0.04708928 -0.10252527 0.02386514
v -0.04693380 -0.10019718 0.02421233
v -0.04899880 -0.10225119 0.02364421
v -0.04884439 -0.09996809 0.02397293
v -0.04924036 -0.10192621 0.02394590
v -0.04949510 -0.10418863 0.02409794
v -0.04948307 -0.10113414 0.02475949
v -0.04908257 -0.09968535 0.02424385
v -0.04901963 -0.09747680 0.02497405
v -0.04931815 -0.09897354 0.02498669
v -0.04958811 -0.09761252 0.02642742
v -0.04924274 -0.09689459 0.02561473
v -0.04949100 -0.09571656 0.02688406
v -0.04924828 -0.09491146 0.02660376
v -0.04904298 -0.09528763 0.02611470
v -0.04945982 -0.09403156 0.02760594
v -0.04933474 -0.09297365 0.02793918
v -0.04950819 -0.09095738 0.02965703
v -0.04915127 -0.09307480 0.02765681
v -0.04946755 -0.09282307 0.02831157
v -0.04963317 -0.09138309 0.02964583
v -0.05063587 -0.08392236 0.03731440
v -0.04970835 -0.09238439 0.02930339
v -0.04978802 -0.09381098 0.02889442
v -0.05081274 -0.08438107 0.03765779
v -0.05105387 -0.08386212 0.03815283
v -0.05101350 -0.08502719 0.03815836
v -0.05125789 -0.08448066 0.03868197
v -0.05125458 -0.08588120 0.03884546
v -0.05155508 -0.08696622 0.03974708
v -0.05150287 -0.08530703 0.03939933
v -0.04991639 -0.09548681 0.02867807
v -0.05011872 -0.09733607 0.02876714
v -0.04976824 -0.09964277 0.02632719
v -0.05040848 -0.09929410 0.02922465
v -0.05192566 -0.08828788 0.04087710
v -0.05003943 -0.10174802 0.02663220
v -0.05077593 -0.10127995 0.03003246
v -0.05235326 -0.08979506 0.04219167
v -0.05039338 -0.10384328 0.02732628
v -0.05008907 -0.10550746 0.02558593
v -0.04974426 -0.10333842 0.02496542
v -0.05281971 -0.09142221 0.04363535
v -0.05260981 -0.08915436 0.04281717
v -0.05587120 -0.08523861 0.04608706
v -0.05217970 -0.08766371 0.04148358
v -0.05307810 -0.09077048 0.04427101
v -0.05634039 -0.08684868 0.04754791
v -0.05356562 -0.09244752 0.04578812
v -0.05405344 -0.09412108 0.04730930
v -0.05682789 -0.08852397 0.04906671
v -0.05763163 -0.08726007 0.05020374
v -0.05731575 -0.09019928 0.05058629
v -0.05811944 -0.08893187 0.05172659
v -0.05778454 -0.09181012 0.05204650
v -0.05821528 -0.09329128 0.05338986
v -0.05452291 -0.09572589 0.04877599
v -0.05858996 -0.09053253 0.05319693
v -0.05902261 -0.09199901 0.05455622
v -0.06180727 -0.06733268 0.07774647
v -0.06127958 -0.06618063 0.07579888
v -0.06187613 -0.06674347 0.07834288
v -0.06233151 -0.06808754 0.07986243
v -0.06282953 -0.06841021 0.08205578
v -0.06239862 -0.06749959 0.08045015
v -0.06243753 -0.06676778 0.08097340
v -0.06289453 -0.06782610 0.08263248
v -0.06334236 -0.06771223 0.08479895
v -0.06291858 -0.06711665 0.08307292
v -0.06334867 -0.06697120 0.08517381
v -0.06288334 -0.06607016 0.08339218
v -0.06280853 -0.06488718 0.08358624
v -0.06325959 -0.06581856 0.08528695
v -0.06244738 -0.06563900 0.08154015
v -0.06246884 -0.06401221 0.08239566
v -0.06196233 -0.06480226 0.07964736
v -0.06198245 -0.06290719 0.08062011
v -0.06192734 -0.06599597 0.07893113
v -0.06147218 -0.06386527 0.07777358
v -0.06148887 -0.06222237 0.07861143
v -0.06141339 -0.06490900 0.07701583
v -0.06102440 -0.06268108 0.07621630
v -0.06092240 -0.06348241 0.07536540
v -0.06063951 -0.06100536 0.07517974
v -0.06113331 -0.06182805 0.07712197
v -0.06092358 -0.06028304 0.07685326
v -0.06060937 -0.05818880 0.07634126
v -0.06139209 -0.05979055 0.07928595
v -0.06110952 -0.05702771 0.07923858
v -0.06199068 -0.06005529 0.08198435
v -0.06198173 -0.05503926 0.08433583
v -0.06258073 -0.06196800 0.08387457
v -0.06302157 -0.06413331 0.08494790
v -0.06286653 -0.06025854 0.08606375
v -0.06343142 -0.06026066 0.08886904
v -0.06334462 -0.06327217 0.08691740
v -0.06361384 -0.06527566 0.08725560
v -0.06375447 -0.06298483 0.08912341
v -0.06395483 -0.06485993 0.08919788
v -0.06412231 -0.06305948 0.09109660
v -0.06395861 -0.06087751 0.09134232
v -0.06431520 -0.06314302 0.09243139
v -0.06422007 -0.06460059 0.09084182
v -0.06434063 -0.06443645 0.09195208
v -0.06424391 -0.06559062 0.09049672
v -0.06432816 -0.06529990 0.09149366
v -0.06421370 -0.06626174 0.09004349
v -0.06403207 -0.06602584 0.08902019
v -0.06372267 -0.06652823 0.08719074
v -0.06402074 -0.06676120 0.08862815
v -0.06395712 -0.06735085 0.08805459
v -0.06372350 -0.06729822 0.08683727
v -0.06366205 -0.06789240 0.08627071
v -0.05993439 -0.09507354 0.05748238
v -0.06327900 -0.06830154 0.08423040
v -0.05970512 -0.09428526 0.05671736
v -0.05889307 -0.09562166 0.05550382
v -0.05940003 -0.09326553 0.05574428
v -0.05859072 -0.09457849 0.05455720
v -0.05533176 -0.09847194 0.05130882
v -0.05495531 -0.09719762 0.05012953
v -0.05508023 -0.09907366 0.05072626
v -0.05563607 -0.09950044 0.05227136
v -0.05538770 -0.10007542 0.05171754
v -0.05586373 -0.10029735 0.05302605
v -0.05601284 -0.10089371 0.05359818
v -0.05911838 -0.09643492 0.05624199
v -0.05561887 -0.10084376 0.05250344
v -0.05577171 -0.10141266 0.05310314
v -0.05438503 -0.10960120 0.04321355
v -0.05405049 -0.10968563 0.04155423
v -0.05408980 -0.11151073 0.04120684
v -0.05463518 -0.10930496 0.04464908
v -0.05584539 -0.10181562 0.05354142
v -0.05608357 -0.10131821 0.05401339
v -0.05933569 -0.09748170 0.05720205
v -0.05926621 -0.09704509 0.05679965
v -0.06015698 -0.09607551 0.05848856
v -0.05932293 -0.09777288 0.05747761
v -0.06014543 -0.09635368 0.05877865
v -0.06421564 -0.06649766 0.09041099
v -0.06428412 -0.06592363 0.09099786
v -0.06414673 -0.06684116 0.08946228
v -0.06008553 -0.09565960 0.05806534
v -0.06432891 -0.06318183 0.09319348
v -0.06425266 -0.06131915 0.09298363
v -0.06431869 -0.06154401 0.09390468
v -0.06418562 -0.05922726 0.09365608
v -0.06428288 -0.05956675 0.09466008
v -0.06413321 -0.05716564 0.09440808
v -0.06383689 -0.05851969 0.09189771
v -0.06384125 -0.05651186 0.09293618
v -0.06319363 -0.05728469 0.08917111
v -0.06334945 -0.05514215 0.09102618
v -0.06281303 -0.05302861 0.08939579
v -0.06360949 -0.05383200 0.09308843
v -0.06386606 -0.05517471 0.09378090
v -0.06324549 -0.05191356 0.09221296
v -0.06379139 -0.05322575 0.09462633
v -0.06402592 -0.05519244 0.09484875
v -0.06382668 -0.05300457 0.09556584
v -0.06346679 -0.05122154 0.09400474
v -0.06349797 -0.05085922 0.09500606
v -0.06311237 -0.04927574 0.09326188
v -0.06311034 -0.04884913 0.09411760
v -0.06292852 -0.04985572 0.09172820
v -0.06273054 -0.04764538 0.09224815
v -0.06229969 -0.04648563 0.09073154
v -0.06267177 -0.04709383 0.09287497
v -0.06270212 -0.04837485 0.09145280
v -0.06238043 -0.04797165 0.09001936
v -0.06252363 -0.05030538 0.08938176
v -0.06190663 -0.04731391 0.08804183
v -0.06195178 -0.05007085 0.08671345
v -0.06140933 -0.04627680 0.08623771
v -0.06182349 -0.04557621 0.08888515
v -0.06133430 -0.04478787 0.08697501
v -0.06168548 -0.04463165 0.08935879
v -0.06117470 -0.04389535 0.08730429
v -0.06219098 -0.04569340 0.09125509
v -0.06147543 -0.04425646 0.08957831
v -0.06199769 -0.04538142 0.09151415
v -0.05957736 -0.04429543 0.09003032
v -0.06095203 -0.04352482 0.08745424
v -0.06044776 -0.04323286 0.08521885
v -0.05904750 -0.04355310 0.08787911
v -0.05876043 -0.04366869 0.08792014
v -0.05853763 -0.04325519 0.08561825
v -0.05825361 -0.04337176 0.08567194
v -0.05806767 -0.04340756 0.08333725
v -0.05778542 -0.04353181 0.08339821
v -0.05998280 -0.04339577 0.08295431
v -0.05765092 -0.04388742 0.08115622
v -0.05956849 -0.04388189 0.08077940
v -0.05730040 -0.04454052 0.07920640
v -0.05736932 -0.04401826 0.08121634
v -0.05701582 -0.04466784 0.07925548
v -0.05721697 -0.04445571 0.08133402
v -0.05685055 -0.04506648 0.07933565
v -0.05762706 -0.04394418 0.08348734
v -0.05726258 -0.04781269 0.08298218
v -0.05700727 -0.04830683 0.08167680
v -0.05755453 -0.04755560 0.08434622
v -0.05487727 -0.04803253 0.08348322
v -0.05462126 -0.04852657 0.08217811
v -0.05516852 -0.04777534 0.08484753
v -0.05548696 -0.04776284 0.08623052
v -0.05787302 -0.04754310 0.08572920
v -0.05582304 -0.04799642 0.08758958
v -0.05820906 -0.04777666 0.08708827
v -0.05616570 -0.04846843 0.08888246
v -0.05855175 -0.04824867 0.08838114
v -0.05650513 -0.04916452 0.09007203
v -0.05889119 -0.04894479 0.08957070
v -0.05683105 -0.05006393 0.09112028
v -0.05921639 -0.04984329 0.09061920
v -0.05713250 -0.05113801 0.09199616
v -0.05951851 -0.05091827 0.09149485
v -0.05740234 -0.05235583 0.09267310
v -0.05763042 -0.05367921 0.09313024
v -0.05978832 -0.05213609 0.09217170
v -0.06091265 -0.05110582 0.09563316
v -0.06001648 -0.05345947 0.09262891
v -0.06124695 -0.05326975 0.09619992
v -0.06019712 -0.05484864 0.09285180
v -0.05781137 -0.05506835 0.09335393
v -0.06032417 -0.05626145 0.09283540
v -0.06149701 -0.05549334 0.09633612
v -0.06163667 -0.05771525 0.09597585
v -0.06177702 -0.05547447 0.09664744
v -0.06193128 -0.05777177 0.09631160
v -0.06208634 -0.05544410 0.09667204
v -0.06152642 -0.05316774 0.09653419
v -0.06183370 -0.05312428 0.09655830
v -0.06118871 -0.05093732 0.09597930
v -0.06149452 -0.05088015 0.09600175
v -0.06078159 -0.04886589 0.09502232
v -0.06031825 -0.04704157 0.09368807
v -0.06108350 -0.04879712 0.09503298
v -0.06052312 -0.04907702 0.09473361
v -0.06008306 -0.04730251 0.09347624
v -0.05959446 -0.04588641 0.09183989
v -0.05908022 -0.04481302 0.08992601
v -0.05981402 -0.04554247 0.09200859
v -0.06010730 -0.04544348 0.09199143
v -0.05928728 -0.04440770 0.09005787
v -0.06061595 -0.04695979 0.09368363
v -0.06249746 -0.04686815 0.09318039
v -0.06295749 -0.04867767 0.09450332
v -0.06336148 -0.05073332 0.09545153
v -0.06369547 -0.05294767 0.09600045
v -0.06394440 -0.05524167 0.09610959
v -0.06407031 -0.05521426 0.09569628
v -0.06409742 -0.05753010 0.09577218
v -0.06421268 -0.05742538 0.09533283
v -0.06417393 -0.05970079 0.09512545
v -0.06224336 -0.05774996 0.09634403
v -0.05856741 -0.04406652 0.08785391
v -0.05807815 -0.04375232 0.08568838
v -0.05793816 -0.05648119 0.09333671
v -0.05800802 -0.05787464 0.09307986
v -0.05440885 -0.04924329 0.08097205
v -0.05679490 -0.04902355 0.08047073
v -0.05424679 -0.05016123 0.07990221
v -0.05663209 -0.04994139 0.07940117
v -0.05413884 -0.05125103 0.07900027
v -0.05652485 -0.05103129 0.07849896
v -0.05408956 -0.05248048 0.07829445
v -0.05647553 -0.05226074 0.07779306
v -0.05410051 -0.05381186 0.07780573
v -0.05648652 -0.05359211 0.07730443
v -0.05417029 -0.05520611 0.07754895
v -0.05655639 -0.05498557 0.07704747
v -0.05429736 -0.05661890 0.07753244
v -0.05668337 -0.05639916 0.07703113
v -0.05447800 -0.05800807 0.07775533
v -0.05686330 -0.05778824 0.07725429
v -0.05470612 -0.05933145 0.07821256
v -0.05709217 -0.05911171 0.07771123
v -0.05497592 -0.06054927 0.07888941
v -0.05736123 -0.06032944 0.07838837
v -0.05527737 -0.06162337 0.07976529
v -0.05560333 -0.06252275 0.08081363
v -0.05766342 -0.06140363 0.07926397
v -0.05754624 -0.06380451 0.07609496
v -0.05798930 -0.06230301 0.08031223
v -0.05832873 -0.06299911 0.08150179
v -0.05804172 -0.06524265 0.07775859
v -0.05856037 -0.06633673 0.07969299
v -0.05776325 -0.06578262 0.07737762
v -0.05829480 -0.06693380 0.07934170
v -0.05727544 -0.06606666 0.07723907
v -0.05725312 -0.06426581 0.07567912
v -0.05676313 -0.06453870 0.07553580
v -0.05678480 -0.06242115 0.07432981
v -0.05629215 -0.06268816 0.07417534
v -0.05709733 -0.06200073 0.07481849
v -0.05637288 -0.06033584 0.07335793
v -0.05670014 -0.05994916 0.07390054
v -0.05587814 -0.06059752 0.07319630
v -0.05603241 -0.05810647 0.07278510
v -0.05636148 -0.05778677 0.07330716
v -0.05553721 -0.05835733 0.07262767
v -0.05577866 -0.05582365 0.07264915
v -0.05528303 -0.05606116 0.07249735
v -0.05562401 -0.05358189 0.07295271
v -0.05610984 -0.05559027 0.07313987
v -0.05596783 -0.05342471 0.07346528
v -0.05590591 -0.05136776 0.07407514
v -0.05555448 -0.05149525 0.07353960
v -0.05589122 -0.04951909 0.07472122
v -0.05554874 -0.04968606 0.07421974
v -0.05591836 -0.04805011 0.07525720
v -0.05559253 -0.04828627 0.07481262
v -0.05599291 -0.04709471 0.07559115
v -0.05567551 -0.04738802 0.07518054
v -0.05612704 -0.04657366 0.07574205
v -0.05633797 -0.04634900 0.07575687
v -0.05581395 -0.04691700 0.07532550
v -0.05633959 -0.04616056 0.07649154
v -0.05655456 -0.04565879 0.07767157
v -0.05654022 -0.04588622 0.07651035
v -0.05683230 -0.04578183 0.07647719
v -0.05674029 -0.04532929 0.07765377
v -0.05702876 -0.04521183 0.07761817
v -0.05894308 -0.04518547 0.07723503
v -0.05875565 -0.04574006 0.07609684
v -0.05918092 -0.04550195 0.07716060
v -0.05921667 -0.04452863 0.07882639
v -0.05947492 -0.04490904 0.07881929
v -0.05973910 -0.04581618 0.07892398
v -0.05983720 -0.04429737 0.08081330
v -0.06024036 -0.04378393 0.08296147
v -0.06013036 -0.04529867 0.08102422
v -0.06051547 -0.04711177 0.08155201
v -0.06050302 -0.04469950 0.08310309
v -0.06088607 -0.04440937 0.08507033
v -0.06084505 -0.04622110 0.08360291
v -0.06134407 -0.04825393 0.08477955
v -0.06104137 -0.04547463 0.08498412
v -0.06106191 -0.04996097 0.08252948
v -0.06045335 -0.05003121 0.07959181
v -0.06006048 -0.04748768 0.07919920
v -0.05984565 -0.04955772 0.07694709
v -0.06071561 -0.05287109 0.07936467
v -0.05999479 -0.05176716 0.07648389
v -0.06053920 -0.05495790 0.07751644
v -0.05998288 -0.05369731 0.07548338
v -0.06022288 -0.05629870 0.07540081
v -0.05993559 -0.05502018 0.07463840
v -0.05994369 -0.05703898 0.07374148
v -0.05969600 -0.05512408 0.07346582
v -0.06028158 -0.05902809 0.07441060
v -0.05974710 -0.05752650 0.07259332
v -0.06008315 -0.05966203 0.07318675
v -0.05963235 -0.05800057 0.07183539
v -0.05949708 -0.05536547 0.07241724
v -0.05938035 -0.05575825 0.07168811
v -0.05935233 -0.05324440 0.07272552
v -0.05922355 -0.05356695 0.07197116
v -0.05927013 -0.05123336 0.07332003
v -0.05959128 -0.05321891 0.07386151
v -0.05953462 -0.05126548 0.07455030
v -0.05943446 -0.04933444 0.07511767
v -0.05929978 -0.04770323 0.07551846
v -0.05919799 -0.04942354 0.07396403
v -0.05907183 -0.04976458 0.07321360
v -0.05911531 -0.04797525 0.07452206
v -0.05900761 -0.04838310 0.07383030
v -0.05900488 -0.04701616 0.07491228
v -0.05891116 -0.04747059 0.07426321
v -0.05884993 -0.04647376 0.07515511
v -0.05915299 -0.04661770 0.07579301
v -0.05897944 -0.04601183 0.07597561
v -0.05939203 -0.04623334 0.07709664
v -0.05961103 -0.04756498 0.07704579
v -0.05876299 -0.04695135 0.07452911
v -0.05863327 -0.04622510 0.07530019
v -0.05664375 -0.04627025 0.07570035
v -0.05854736 -0.04671109 0.07468176
v -0.05846976 -0.04726595 0.07408067
v -0.05637147 -0.04673655 0.07515639
v -0.05581680 -0.04731204 0.07467024
v -0.05603109 -0.04675299 0.07529101
v -0.05547988 -0.04710397 0.07505674
v -0.05528650 -0.04719667 0.07516095
v -0.05516418 -0.04763617 0.07503860
v -0.05508873 -0.04851815 0.07467157
v -0.05504858 -0.04990679 0.07407085
v -0.05505531 -0.05171086 0.07338502
v -0.05512726 -0.05380484 0.07280001
v -0.05131082 -0.07783455 0.04242620
v -0.05068618 -0.07924831 0.04106777
v -0.05430655 -0.07766642 0.04190251
v -0.05349133 -0.07909619 0.04058785
v -0.05456823 -0.07773530 0.04192776
v -0.05868824 -0.04750503 0.07392594
v -0.05477105 -0.07789452 0.04203830
v -0.05374778 -0.07916095 0.04061838
v -0.05050981 -0.08298520 0.03744015
v -0.05394808 -0.07931357 0.04073825
v -0.05412507 -0.07958601 0.04097363
v -0.05069925 -0.08314415 0.03755844
v -0.05087406 -0.08342495 0.03778636
v -0.05046310 -0.08362780 0.03710065
v -0.05027503 -0.08346117 0.03699006
v -0.04933603 -0.09082212 0.02955774
v -0.05005001 -0.08338675 0.03695731
v -0.04811409 -0.08345263 0.03725668
v -0.05028300 -0.08291490 0.03740395
v -0.04911858 -0.09076375 0.02952517
v -0.04720792 -0.09081446 0.02984500
v -0.04892987 -0.09310050 0.02756088
v -0.04881544 -0.09541285 0.02594995
v -0.04702085 -0.09317802 0.02786904
v -0.04655052 -0.09321932 0.02796336
v -0.04690579 -0.09553534 0.02623763
v -0.04687482 -0.09787115 0.02501075
v -0.04643582 -0.09557763 0.02633092
v -0.04640472 -0.09791423 0.02510412
v -0.04878530 -0.09769534 0.02474829
v -0.04673865 -0.09085507 0.02993970
v -0.04763413 -0.08349367 0.03735290
v -0.04829432 -0.08298704 0.03771198
v -0.05430689 -0.08001114 0.04135261
v -0.05494600 -0.07818067 0.04225949
v -0.05893098 -0.04892846 0.07321723
v -0.05512574 -0.07862493 0.04261672
v -0.05532832 -0.07925374 0.04313654
v -0.05899224 -0.05029979 0.07259190
v -0.05905207 -0.05206018 0.07191305
v -0.05914372 -0.05409729 0.07134938
v -0.05913312 -0.05153208 0.07253873
v -0.05557224 -0.08009041 0.04384342
v -0.05930285 -0.05629817 0.07107099
v -0.05587465 -0.08115727 0.04476424
v -0.05955456 -0.05855122 0.07121446
v -0.05624705 -0.08246511 0.04591025
v -0.05989366 -0.06076040 0.07178608
v -0.05997096 -0.06020065 0.07240954
v -0.06030394 -0.06283009 0.07275979
v -0.05667588 -0.08396094 0.04723767
v -0.05714379 -0.08558135 0.04868751
v -0.06077204 -0.06466500 0.07410976
v -0.06037982 -0.06226592 0.07337586
v -0.06047728 -0.06169354 0.07409925
v -0.06084446 -0.06409486 0.07471488
v -0.06135062 -0.06559943 0.07639903
v -0.05543975 -0.08375737 0.04474398
v -0.05506533 -0.08247027 0.04357716
v -0.05475972 -0.08142671 0.04263088
v -0.05180663 -0.08636446 0.04032953
v -0.05451250 -0.08061584 0.04189702
v -0.05883693 -0.04802217 0.07365628
v -0.06068581 -0.04358897 0.08515353
v -0.05780866 -0.06722573 0.07920790
v -0.05833927 -0.06798142 0.08135407
v -0.05882288 -0.06769241 0.08147780
v -0.05884555 -0.06829685 0.08359115
v -0.05932734 -0.06801196 0.08370027
v -0.05956434 -0.06745479 0.08389834
v -0.05907638 -0.06711036 0.08176224
v -0.05900747 -0.06370470 0.08415373
v -0.05867171 -0.06347112 0.08279537
v -0.05662149 -0.06392444 0.08465513
v -0.05628569 -0.06369085 0.08329678
v -0.05693994 -0.06391193 0.08603812
v -0.05594272 -0.06321887 0.08200310
v -0.04762904 -0.10924929 0.02561570
v -0.03912298 -0.11198090 0.02888572
v -0.02875921 -0.09627941 0.06225801
v -0.03208861 -0.06888436 0.09191343
v -0.03257319 -0.06959247 0.09381218
v -0.03246397 -0.06833978 0.09387811
v -0.03293994 -0.06908450 0.09562947
v -0.03286373 -0.06791866 0.09580758
v -0.03219519 -0.06633642 0.09353881
v -0.03171736 -0.06332275 0.09268598
v -0.03185122 -0.06720000 0.09157416
v -0.03163423 -0.06795343 0.09021321
v -0.03140959 -0.06503460 0.09050103
v -0.03081958 -0.06312189 0.08861091
v -0.03021850 -0.06285689 0.08591265
v -0.02993846 -0.06009431 0.08586512
v -0.03017632 -0.06866567 0.08302599
v -0.03063364 -0.07039900 0.08437307
v -0.03010596 -0.06924698 0.08242548
v -0.02818179 -0.05631032 0.07935091
v -0.02811995 -0.05429751 0.07994173
v -0.02805300 -0.05663288 0.07859655
v -0.02798372 -0.05459632 0.07916024
v -0.02797336 -0.05716398 0.07797565
v -0.02790263 -0.05512442 0.07853458
v -0.02790117 -0.05335851 0.07920168
v -0.02795195 -0.05197574 0.07980278
v -0.02798080 -0.05282250 0.07982334
v -0.02802858 -0.05143039 0.08041575
v -0.02810657 -0.05248229 0.08057303
v -0.02813553 -0.05102247 0.08110780
v -0.02821302 -0.05004520 0.08145786
v -0.02834818 -0.04947439 0.08164007
v -0.02811935 -0.05049884 0.08080864
v -0.02836114 -0.04964675 0.08233859
v -0.02847663 -0.04901240 0.08246006
v -0.02867886 -0.04850261 0.08364476
v -0.02867558 -0.04869915 0.08249094
v -0.03055957 -0.04836544 0.08206057
v -0.02855466 -0.04918440 0.08169373
v -0.02886253 -0.04814447 0.08363013
v -0.02913687 -0.04748771 0.08522131
v -0.03073689 -0.04779803 0.08320653
v -0.03100880 -0.04712668 0.08479557
v -0.03103087 -0.04785750 0.08311753
v -0.03085369 -0.04841153 0.08196755
v -0.03126617 -0.04814458 0.08304478
v -0.03130664 -0.04719683 0.08471999
v -0.03156150 -0.04755376 0.08470989
v -0.03166001 -0.04654803 0.08668092
v -0.03192591 -0.04694428 0.08671001
v -0.03207576 -0.04606070 0.08886372
v -0.03135928 -0.04647437 0.08674543
v -0.02948766 -0.04684088 0.08717390
v -0.03177532 -0.04599363 0.08892671
v -0.02933818 -0.04729760 0.08729626
v -0.02897289 -0.04790970 0.08530354
v -0.03233071 -0.04643289 0.08886540
v -0.03254320 -0.04590053 0.09113774
v -0.03304974 -0.04619749 0.09338523
v -0.03277773 -0.04624137 0.09106720
v -0.03369496 -0.04989040 0.09136119
v -0.03327015 -0.04655436 0.09323147
v -0.03378615 -0.04730121 0.09530315
v -0.03400975 -0.05022633 0.09270298
v -0.03433402 -0.05079496 0.09396181
v -0.03639668 -0.04999878 0.09221046
v -0.03672103 -0.05056663 0.09346912
v -0.03608197 -0.04966206 0.09086861
v -0.03578658 -0.04956894 0.08948406
v -0.03551947 -0.04972202 0.08809899
v -0.03339958 -0.04979728 0.08997664
v -0.03313254 -0.04994957 0.08859152
v -0.03290299 -0.05034341 0.08724839
v -0.03271575 -0.05096670 0.08598725
v -0.03528969 -0.05011589 0.08675514
v -0.03510275 -0.05073834 0.08549467
v -0.03496505 -0.05157115 0.08435469
v -0.03257800 -0.05179948 0.08484729
v -0.03488086 -0.05258880 0.08336969
v -0.03249385 -0.05281712 0.08386238
v -0.03485279 -0.05376110 0.08257025
v -0.03246586 -0.05398865 0.08306278
v -0.03488109 -0.05505082 0.08198055
v -0.03249487 -0.05527927 0.08247293
v -0.03496605 -0.05642046 0.08161818
v -0.03257916 -0.05664801 0.08211080
v -0.03510347 -0.05782766 0.08149445
v -0.03271654 -0.05805522 0.08198697
v -0.03529079 -0.05922917 0.08161300
v -0.03290386 -0.05945672 0.08210552
v -0.03552138 -0.06058275 0.08196979
v -0.03313441 -0.06081108 0.08246246
v -0.03578799 -0.06184808 0.08255518
v -0.03340106 -0.06207563 0.08304770
v -0.03608380 -0.06298566 0.08334960
v -0.03369683 -0.06321320 0.08384214
v -0.03639863 -0.06396061 0.08433103
v -0.03672298 -0.06474535 0.08546776
v -0.03401162 -0.06418897 0.08482361
v -0.03362246 -0.06764473 0.08294955
v -0.03433601 -0.06497289 0.08596030
v -0.03414111 -0.06873882 0.08488395
v -0.03466059 -0.06554150 0.08721982
v -0.03704729 -0.06531319 0.08672644
v -0.03497538 -0.06587743 0.08856161
v -0.03465689 -0.06951166 0.08695235
v -0.03514504 -0.06985450 0.08908841
v -0.03487789 -0.07004604 0.08656671
v -0.03538109 -0.07036381 0.08878972
v -0.03434923 -0.06928890 0.08443171
v -0.03381874 -0.06813778 0.08246814
v -0.03330861 -0.06662098 0.08076965
v -0.03283998 -0.06477634 0.07941954
v -0.03312781 -0.06620588 0.08128557
v -0.03267886 -0.06440290 0.08000925
v -0.03228163 -0.06235133 0.07909121
v -0.03242805 -0.06269102 0.07844776
v -0.03194277 -0.06018818 0.07849707
v -0.03169063 -0.05799093 0.07832820
v -0.03208660 -0.06046159 0.07787449
v -0.03183278 -0.05817817 0.07773589
v -0.03167463 -0.05593465 0.07803645
v -0.03154454 -0.05582429 0.07865178
v -0.03158378 -0.05384750 0.07862393
v -0.03146176 -0.05376836 0.07926375
v -0.03152449 -0.05204296 0.07931217
v -0.03138973 -0.05192467 0.07991941
v -0.03146315 -0.05065226 0.07992650
v -0.03136985 -0.04977258 0.08033355
v -0.03130688 -0.05046585 0.08047795
v -0.03119781 -0.04952902 0.08085215
v -0.03104076 -0.04903775 0.08106587
v -0.03081699 -0.04885699 0.08117661
v -0.03107585 -0.04864297 0.08185587
v -0.03121767 -0.04933207 0.08054288
v -0.03097855 -0.04921352 0.08060937
v -0.03061722 -0.04926867 0.08062820
v -0.02847320 -0.04966920 0.08107527
v -0.03050623 -0.04884024 0.08125390
v -0.02826250 -0.04995142 0.08101264
v -0.02840339 -0.05022416 0.08047197
v -0.02483446 -0.08056548 0.04816804
v -0.02818997 -0.05050535 0.08040862
v -0.02804508 -0.05105122 0.08020186
v -0.03583852 -0.07023184 0.09100669
v -0.03622951 -0.06979815 0.09309546
v -0.03558313 -0.06969381 0.09123213
v -0.03527045 -0.06597058 0.08994536
v -0.03596533 -0.06923461 0.09329424
v -0.03628123 -0.06871995 0.09515677
v -0.03553677 -0.06581821 0.09133087
v -0.03792378 -0.06558985 0.09083828
v -0.03576727 -0.06542441 0.09267434
v -0.03595432 -0.06480118 0.09393484
v -0.03815432 -0.06519608 0.09218174
v -0.03834124 -0.06457363 0.09344232
v -0.03847821 -0.06374074 0.09458248
v -0.03856247 -0.06272230 0.09556742
v -0.03609128 -0.06396829 0.09507500
v -0.03657879 -0.06800888 0.09761647
v -0.03646208 -0.06713936 0.09863245
v -0.03617547 -0.06295064 0.09606000
v -0.03645827 -0.06597805 0.09921800
v -0.03620342 -0.06177913 0.09685951
v -0.03859042 -0.06155078 0.09636693
v -0.03617519 -0.06048860 0.09744916
v -0.03644761 -0.06433379 0.09992822
v -0.03641131 -0.06235093 0.10068279
v -0.03632158 -0.06442014 0.10034019
v -0.03629853 -0.06247950 0.10112970
v -0.03605035 -0.06444312 0.10049975
v -0.03631248 -0.06599532 0.09956732
v -0.03629925 -0.06711442 0.09893029
v -0.03603774 -0.06600414 0.09971751
v -0.03634916 -0.06785413 0.09840717
v -0.03652786 -0.06787869 0.09815730
v -0.03654415 -0.06832551 0.09794433
v -0.03674352 -0.06830568 0.09775612
v -0.03701537 -0.06859899 0.09751570
v -0.03660956 -0.06892828 0.09733139
v -0.04856906 -0.06755795 0.09496245
v -0.03720788 -0.06851237 0.09740426
v -0.04859117 -0.06747218 0.09490873
v -0.03726100 -0.06861890 0.09694671
v -0.04853032 -0.06758352 0.09448627
v -0.03718442 -0.06893244 0.09604466
v -0.03680495 -0.06843407 0.09726448
v -0.03673395 -0.06874776 0.09634552
v -0.03649636 -0.06828427 0.09664398
v -0.03653529 -0.06924726 0.09492205
v -0.03698315 -0.06943970 0.09463272
v -0.04813892 -0.06841209 0.09220044
v -0.03667572 -0.06999655 0.09281047
v -0.04838219 -0.06790245 0.09360190
v -0.05958036 -0.06687167 0.09115978
v -0.06037155 -0.06666974 0.09112231
v -0.05979968 -0.06654815 0.09202581
v -0.05997402 -0.06643188 0.09241419
v -0.06060712 -0.06633962 0.09199029
v -0.06110919 -0.06605720 0.09210359
v -0.06081873 -0.06620275 0.09239016
v -0.06105149 -0.06624266 0.09240926
v -0.06133809 -0.06589740 0.09253196
v -0.06161313 -0.06541976 0.09282801
v -0.06159575 -0.06586759 0.09262224
v -0.06186865 -0.06534942 0.09298464
v -0.06137357 -0.06558058 0.09234976
v -0.06172485 -0.06465953 0.09326429
v -0.06012268 -0.06651771 0.09240927
v -0.06019738 -0.06683384 0.09207874
v -0.05592156 -0.09714699 0.06006159
v -0.04840351 -0.06788064 0.09470504
v -0.04463742 -0.09825335 0.06245742
v -0.04450848 -0.09961933 0.06099456
v -0.03335340 -0.09936050 0.06485394
v -0.05538720 -0.09855244 0.05868402
v -0.06086206 -0.06639041 0.09122220
v -0.03602934 -0.06251381 0.10129143
v -0.03411653 -0.06459299 0.10073341
v -0.03409382 -0.06265991 0.10151957
v -0.03378413 -0.06256698 0.10114376
v -0.03401837 -0.06048926 0.10216680
v -0.03371846 -0.06042536 0.10181484
v -0.03386531 -0.05820083 0.10250413
v -0.03595077 -0.06033606 0.10193277
v -0.03622154 -0.06030145 0.10177717
v -0.03579403 -0.05803017 0.10226148
v -0.03554215 -0.05571045 0.10214746
v -0.03606665 -0.05800328 0.10211322
v -0.03619631 -0.05798241 0.10171424
v -0.03581604 -0.05569651 0.10200008
v -0.03594985 -0.05575834 0.10157826
v -0.03547905 -0.05346619 0.10144481
v -0.03520280 -0.05346712 0.10159090
v -0.03561788 -0.05359392 0.10101057
v -0.03507113 -0.05139547 0.10048827
v -0.03522578 -0.05156565 0.10011122
v -0.03479182 -0.05138409 0.10062221
v -0.03460780 -0.04957113 0.09915402
v -0.03478233 -0.04979159 0.09885427
v -0.03410353 -0.04807205 0.09747445
v -0.03432411 -0.04954598 0.09927208
v -0.03429708 -0.04837505 0.09721753
v -0.03357762 -0.04693658 0.09552338
v -0.03465841 -0.05157891 0.09509839
v -0.03704534 -0.05135136 0.09460587
v -0.03497315 -0.05255467 0.09607988
v -0.03526822 -0.05369215 0.09687459
v -0.03736020 -0.05232632 0.09558728
v -0.03765514 -0.05346460 0.09638207
v -0.03792258 -0.05472922 0.09696710
v -0.03815243 -0.05608271 0.09732419
v -0.03553565 -0.05495677 0.09745963
v -0.03576573 -0.05631101 0.09781757
v -0.03595274 -0.05771257 0.09793532
v -0.03609126 -0.05911904 0.09781195
v -0.03833974 -0.05748421 0.09744274
v -0.03847791 -0.05889151 0.09731871
v -0.03856212 -0.06026105 0.09695664
v -0.03633965 -0.06020306 0.10135414
v -0.03287745 -0.05163676 0.10089750
v -0.03328137 -0.05369241 0.10184565
v -0.03361614 -0.05590688 0.10239436
v -0.03333331 -0.05600385 0.10204740
v -0.03358016 -0.05821388 0.10217751
v -0.03327455 -0.05821719 0.10138610
v -0.03336883 -0.06019214 0.10094800
v -0.03298406 -0.05821283 0.10034640
v -0.03765738 -0.06574303 0.08945284
v -0.03736200 -0.06564991 0.08806829
v -0.02804613 -0.10548656 0.03607920
v -0.03089836 -0.05312584 0.09331450
v -0.03096075 -0.05035771 0.09462030
v -0.04285687 -0.07163778 0.09239320
v -0.04234666 -0.07172296 0.09246333
v -0.04282725 -0.07145053 0.09260941
v -0.05431875 -0.07051067 0.08995678
v -0.05439746 -0.07031232 0.09015021
v -0.05481985 -0.07049618 0.08981203
v -0.05519137 -0.07054876 0.08963507
v -0.05505654 -0.07029332 0.08995930
v -0.05532199 -0.07120701 0.09078770
v -0.05560334 -0.07037082 0.08969867
v -0.05586875 -0.07128449 0.09052708
v -0.05595453 -0.07053212 0.08940806
v -0.05622069 -0.07144590 0.09023619
v -0.05605740 -0.07075357 0.08913110
v -0.05542941 -0.07065834 0.08943723
v -0.05550783 -0.07082653 0.08922717
v -0.05215558 -0.09714497 0.06128257
v -0.05270061 -0.09710995 0.06114662
v -0.05203273 -0.09733309 0.06111455
v -0.05175955 -0.09749256 0.06102641
v -0.05253868 -0.09735700 0.06092545
v -0.05280422 -0.09826989 0.06175378
v -0.05213675 -0.09759323 0.06079480
v -0.05155613 -0.09778138 0.06077392
v -0.05240228 -0.09850612 0.06162313
v -0.05182166 -0.09869427 0.06160226
v -0.05115060 -0.09880646 0.06169384
v -0.05088515 -0.09789276 0.06086544
v -0.03958149 -0.09994396 0.06415340
v -0.03892249 -0.09996216 0.06434425
v -0.03931529 -0.09903017 0.06332529
v -0.03939361 -0.09883266 0.06351798
v -0.03865621 -0.09904918 0.06351620
v -0.03810942 -0.09897167 0.06377683
v -0.03889318 -0.09884626 0.06366418
v -0.03852130 -0.09879451 0.06384048
v -0.03828295 -0.09868499 0.06403753
v -0.03820512 -0.09851674 0.06424910
v -0.03775822 -0.09881035 0.06406744
v -0.03802368 -0.09972404 0.06489583
v -0.03765531 -0.09858891 0.06434442
v -0.04101206 -0.07223335 0.09232894
v -0.03792151 -0.09950270 0.06517252
v -0.04127751 -0.07314702 0.09315734
v -0.04144024 -0.07289928 0.09337807
v -0.04184209 -0.07266382 0.09350889
v -0.04117399 -0.07198629 0.09255011
v -0.04157585 -0.07175084 0.09268082
v -0.04167955 -0.07201104 0.09236027
v -0.04195313 -0.07185071 0.09244914
v -0.04155674 -0.07219916 0.09219234
v -0.04215647 -0.07156269 0.09270169
v -0.04242275 -0.07247568 0.09352974
v -0.04309353 -0.07236352 0.09343746
v -0.05466287 -0.07122601 0.09097862
v -0.03837562 -0.09988546 0.06460493
v -0.05085549 -0.09770554 0.06108156
v -0.05136574 -0.09762034 0.06101151
v -0.05296697 -0.09802213 0.06197461
v -0.05632286 -0.07166724 0.08995950
v -0.04871941 -0.05127974 0.07251738
v -0.04922046 -0.05126525 0.07237264
v -0.04879804 -0.05108139 0.07271074
v -0.03725745 -0.05240763 0.07495386
v -0.03722862 -0.05221970 0.07516963
v -0.03674799 -0.05249210 0.07502357
v -0.03635366 -0.05262058 0.07500982
v -0.03655779 -0.05233186 0.07526193
v -0.03597721 -0.05251998 0.07524115
v -0.03629151 -0.05141887 0.07443389
v -0.03696233 -0.05130672 0.07434158
v -0.03571062 -0.05160702 0.07441230
v -0.03530875 -0.05184250 0.07428160
v -0.03557500 -0.05275548 0.07510955
v -0.03514710 -0.05208950 0.07406113
v -0.03179035 -0.07844590 0.04607674
v -0.03541256 -0.05300320 0.07488953
v -0.03595732 -0.05296820 0.07475286
v -0.03205652 -0.07935969 0.04690476
v -0.03260614 -0.07928674 0.04680868
v -0.03215880 -0.07958023 0.04662810
v -0.03189327 -0.07866734 0.04579976
v -0.03268349 -0.07945481 0.04659821
v -0.03251063 -0.07974245 0.04633717
v -0.03292258 -0.07956448 0.04640087
v -0.03224446 -0.07882865 0.04550915
v -0.03305718 -0.07981917 0.04607579
v -0.03371650 -0.07980090 0.04588563
v -0.03329407 -0.07961706 0.04622383
v -0.03279090 -0.07890614 0.04524774
v -0.03345033 -0.07888711 0.04505761
v -0.04502019 -0.07774894 0.04259763
v -0.04569097 -0.07763678 0.04250535
v -0.04528565 -0.07866261 0.04342603
v -0.04595643 -0.07855045 0.04333374
v -0.04525685 -0.07847468 0.04364188
v -0.04576624 -0.07839021 0.04357210
v -0.03379489 -0.07960258 0.04607836
v -0.04616087 -0.07826172 0.04358666
v -0.04643339 -0.07810214 0.04367515
v -0.04653736 -0.07836231 0.04335531
v -0.04693922 -0.07812685 0.04348612
v -0.04627191 -0.07744862 0.04252691
v -0.04667381 -0.07721316 0.04265771
v -0.04683542 -0.07696614 0.04287808
v -0.05019221 -0.05060976 0.07086257
v -0.04710166 -0.07787911 0.04370615
v -0.05045774 -0.05152265 0.07169090
v -0.04655695 -0.07791411 0.04384280
v -0.04990813 -0.05159561 0.07178698
v -0.04983077 -0.05142748 0.07199755
v -0.05035550 -0.05130209 0.07196765
v -0.04959195 -0.05131783 0.07219560
v -0.05000391 -0.05113987 0.07225920
v -0.04945704 -0.05106317 0.07251989
v -0.04973838 -0.05022698 0.07143086
v -0.05008930 -0.05038832 0.07113955
v -0.04919158 -0.05014950 0.07169150
v -0.04853251 -0.05016850 0.07188240
v -0.03608091 -0.05278018 0.07492060
v -0.03200984 -0.05662048 0.09550624
v -0.03201030 -0.05802708 0.09485769
v -0.03109218 -0.05671139 0.09570148
v -0.03225987 -0.05607260 0.09693289
v -0.03261265 -0.05670439 0.09830224
v -0.03134122 -0.05616344 0.09712770
v -0.03169409 -0.05679443 0.09849699
v -0.03194399 -0.05823458 0.09900650
v -0.03194473 -0.05964115 0.09835867
v -0.03286256 -0.05814452 0.09881175
v -0.03286309 -0.05955033 0.09816315
v -0.03261410 -0.06009829 0.09673692
v -0.03226052 -0.05946720 0.09536801
v -0.03169545 -0.06018914 0.09693172
v -0.03134258 -0.05955814 0.09556254
v -0.03109197 -0.05811711 0.09505317
v -0.03129545 -0.06223060 0.08954938
v -0.03129614 -0.06363717 0.08890157
v -0.03037704 -0.06232141 0.08974492
v -0.03154472 -0.06168262 0.09097633
v -0.03189834 -0.06231370 0.09234533
v -0.03062715 -0.06177272 0.09117151
v -0.03097965 -0.06240454 0.09254015
v -0.03122988 -0.06384467 0.09305036
v -0.03123037 -0.06525046 0.09240177
v -0.03214817 -0.06375463 0.09285490
v -0.03214870 -0.06516045 0.09220630
v -0.03189971 -0.06570841 0.09078007
v -0.03154613 -0.06507732 0.08941115
v -0.03098110 -0.06579847 0.09097483
v -0.03062780 -0.06516733 0.08960663
v -0.03037758 -0.06372723 0.08909631
v -0.02956424 -0.05628329 0.08415606
v -0.02956478 -0.05768908 0.08350745
v -0.02864564 -0.05637332 0.08435082
v -0.02981324 -0.05573531 0.08558229
v -0.03016610 -0.05636632 0.08695158
v -0.02889491 -0.05582534 0.08577776
v -0.02924852 -0.05645642 0.08714676
v -0.02949839 -0.05789736 0.08765632
v -0.02949892 -0.05930317 0.08700782
v -0.03041676 -0.05780654 0.08746080
v -0.03041678 -0.05921302 0.08681335
v -0.03016747 -0.05976103 0.08538632
v -0.02981464 -0.05913001 0.08401711
v -0.02924917 -0.05985103 0.08558188
v -0.02889631 -0.05922004 0.08421259
v -0.02864640 -0.05777989 0.08370307
v -0.06071855 -0.04767915 0.08364199
v -0.06163691 -0.04758833 0.08344648
v -0.06071904 -0.04908493 0.08299341
v -0.06096754 -0.04713119 0.08506823
v -0.06132112 -0.04776228 0.08643714
v -0.06188591 -0.04704035 0.08487271
v -0.06223941 -0.04767226 0.08624168
v -0.06248963 -0.04911236 0.08675200
v -0.06249016 -0.05051815 0.08610339
v -0.06157106 -0.04920243 0.08694674
v -0.06157152 -0.05060902 0.08629820
v -0.06132248 -0.05115697 0.08487198
v -0.06096886 -0.05052589 0.08350298
v -0.06224014 -0.05106606 0.08467674
v -0.06188728 -0.05043505 0.08330745
v -0.06163737 -0.04899492 0.08279793
v -0.06244971 -0.05362648 0.08903534
v -0.06336832 -0.05353642 0.08884058
v -0.06245052 -0.05503224 0.08838745
v -0.06269974 -0.05307857 0.09046199
v -0.06305261 -0.05370959 0.09183118
v -0.06361803 -0.05298854 0.09026643
v -0.06397089 -0.05361955 0.09163572
v -0.06422080 -0.05505970 0.09214524
v -0.06422134 -0.05646549 0.09149663
v -0.06330255 -0.05514971 0.09234078
v -0.06330296 -0.05655631 0.09169226
v -0.06305396 -0.05710428 0.09026602
v -0.06270110 -0.05647327 0.08889673
v -0.06397230 -0.05701425 0.09007055
v -0.06361876 -0.05638236 0.08870149
v -0.06336886 -0.05494221 0.08819197
v -0.06173529 -0.05923660 0.08307840
v -0.06265393 -0.05914575 0.08288360
v -0.06173613 -0.06064236 0.08243060
v -0.06198535 -0.05868868 0.08450514
v -0.06233817 -0.05931970 0.08587435
v -0.06290293 -0.05859777 0.08430983
v -0.06325658 -0.05922888 0.08567881
v -0.06350641 -0.06066982 0.08618839
v -0.06350721 -0.06207558 0.08554060
v -0.06258811 -0.06075982 0.08638395
v -0.06258857 -0.06216642 0.08573540
v -0.06233957 -0.06271440 0.08430917
v -0.06198604 -0.06208251 0.08294011
v -0.06325791 -0.06262358 0.08411357
v -0.06290433 -0.06199247 0.08274465
v -0.06265442 -0.06055232 0.08223514
v -0.06000419 -0.05328848 0.07768510
v -0.06092252 -0.05319844 0.07748963
v -0.06000465 -0.05469505 0.07703656
v -0.06025319 -0.05274050 0.07911133
v -0.06060669 -0.05337239 0.08048030
v -0.06117180 -0.05265044 0.07891657
v -0.06152462 -0.05328145 0.08028577
v -0.06177524 -0.05472248 0.08079515
v -0.06177502 -0.05612818 0.08014683
v -0.06085663 -0.05481254 0.08098991
v -0.06085744 -0.05621830 0.08034202
v -0.06060742 -0.05676621 0.07891536
v -0.06025455 -0.05613520 0.07754607
v -0.06152602 -0.05667616 0.07872060
v -0.06117312 -0.05604514 0.07735132
v -0.06092329 -0.05460420 0.07684175
vt 0.85895097 0.25329101
vt 0.85727900 0.25749800
vt 0.84786898 0.24813899
vt 0.84873801 0.24362700
vt 0.84873801 0.24362700
vt 0.86139500 0.22502300
vt 0.87320602 0.23398800
vt 0.85895097 0.25329101
vt 0.84873801 0.24362700
vt 0.84786898 0.24813899
vt 0.83955801 0.24269100
vt 0.84034997 0.23769300
vt 0.84034997 0.23769300
vt 0.85241300 0.21819600
vt 0.86139500 0.22502300
vt 0.84873801 0.24362700
vt 0.86139500 0.22502300
vt 0.87605202 0.20775799
vt 0.88810599 0.21500000
vt 0.87320602 0.23398800
vt 0.86809200 0.20125800
vt 0.87605202 0.20775799
vt 0.86139500 0.22502300
vt 0.85241300 0.21819600
vt 0.84470701 0.21233600
vt 0.86214203 0.19357800
vt 0.86809200 0.20125800
vt 0.85241300 0.21819600
vt 0.83135903 0.23400800
vt 0.84470701 0.21233600
vt 0.85241300 0.21819600
vt 0.84034997 0.23769300
vt 0.05880900 0.38961300
vt 0.05621600 0.39904299
vt 0.03308300 0.38960299
vt 0.03743400 0.38089201
vt 0.01775600 0.36912200
vt 0.03743400 0.38089201
vt 0.03308300 0.38960299
vt 0.01177500 0.37685901
vt 0.03743400 0.38089201
vt 0.01775600 0.36912200
vt 0.02279300 0.35925201
vt 0.04274900 0.37024200
vt 0.06366500 0.37965000
vt 0.05880900 0.38961300
vt 0.03743400 0.38089201
vt 0.04274900 0.37024200
vt 0.05621600 0.39904299
vt 0.05880900 0.38961300
vt 0.06386100 0.38932499
vt 0.06235200 0.39898899
vt 0.06386100 0.38932499
vt 0.05880900 0.38961300
vt 0.06366500 0.37965000
vt 0.06824200 0.37979600
vt 0.06235200 0.39898899
vt 0.06386100 0.38932499
vt 0.07106600 0.38624400
vt 0.07165900 0.39633301
vt 0.06386100 0.38932499
vt 0.06824200 0.37979600
vt 0.07364300 0.37646699
vt 0.07106600 0.38624400
vt 0.07165900 0.39633301
vt 0.07106600 0.38624400
vt 0.08886200 0.37471101
vt 0.09219300 0.38489899
vt 0.07106600 0.38624400
vt 0.07364300 0.37646699
vt 0.08854200 0.36464199
vt 0.08886200 0.37471101
vt 0.08886200 0.37471101
vt 0.15865800 0.31557101
vt 0.16659699 0.32891399
vt 0.09219300 0.38489899
vt 0.15194800 0.30441299
vt 0.15865800 0.31557101
vt 0.08886200 0.37471101
vt 0.08854200 0.36464199
vt 0.15865800 0.31557101
vt 0.15194800 0.30441299
vt 0.15425199 0.30238801
vt 0.16110601 0.31359500
vt 0.16659699 0.32891399
vt 0.15865800 0.31557101
vt 0.16110601 0.31359500
vt 0.16911399 0.32698399
vt 0.16223700 0.31293201
vt 0.17015000 0.32628000
vt 0.16911399 0.32698399
vt 0.16110601 0.31359500
vt 0.15555200 0.30166101
vt 0.16223700 0.31293201
vt 0.16110601 0.31359500
vt 0.15425199 0.30238801
vt 0.15093300 0.29409301
vt 0.15555200 0.30166101
vt 0.15425199 0.30238801
vt 0.14945100 0.29503399
vt 0.15194800 0.30441299
vt 0.14738099 0.29713100
vt 0.14945100 0.29503399
vt 0.15425199 0.30238801
vt 0.14800800 0.28985301
vt 0.15093300 0.29409301
vt 0.14945100 0.29503399
vt 0.14647700 0.29118499
vt 0.14738099 0.29713100
vt 0.14475000 0.29326501
vt 0.14647700 0.29118499
vt 0.14945100 0.29503399
vt 0.14495400 0.28952599
vt 0.14626300 0.28794500
vt 0.14800800 0.28985301
vt 0.14647700 0.29118499
vt 0.14495400 0.28952599
vt 0.14647700 0.29118499
vt 0.14475000 0.29326501
vt 0.14338000 0.29152700
vt 0.14475000 0.29326501
vt 0.14738099 0.29713100
vt 0.09152500 0.35484201
vt 0.14475000 0.29326501
vt 0.09152500 0.35484201
vt 0.08002600 0.36581001
vt 0.14338000 0.29152700
vt 0.14337000 0.28812101
vt 0.14495400 0.28952599
vt 0.14338000 0.29152700
vt 0.14171200 0.29019800
vt 0.08002600 0.36581001
vt 0.07620900 0.36803201
vt 0.14171200 0.29019800
vt 0.14338000 0.29152700
vt 0.06824200 0.37979600
vt 0.07620900 0.36803201
vt 0.08002600 0.36581001
vt 0.07364300 0.37646699
vt 0.07364300 0.37646699
vt 0.08002600 0.36581001
vt 0.09152500 0.35484201
vt 0.08854200 0.36464199
vt 0.13594800 0.28640401
vt 0.14171200 0.29019800
vt 0.07620900 0.36803201
vt 0.07197600 0.36663499
vt 0.06366500 0.37965000
vt 0.07197600 0.36663499
vt 0.07620900 0.36803201
vt 0.06824200 0.37979600
vt 0.04983500 0.35602799
vt 0.07197600 0.36663499
vt 0.06366500 0.37965000
vt 0.04274900 0.37024200
vt 0.04983500 0.35602799
vt 0.09548900 0.26429901
vt 0.13594800 0.28640401
vt 0.07197600 0.36663499
vt 0.14171200 0.29019800
vt 0.13594800 0.28640401
vt 0.13750100 0.28411299
vt 0.14337000 0.28812101
vt 0.13594800 0.28640401
vt 0.09548900 0.26429901
vt 0.09673200 0.26180500
vt 0.13750100 0.28411299
vt 0.05383500 0.24543300
vt 0.05473200 0.24281500
vt 0.09673200 0.26180500
vt 0.09548900 0.26429901
vt 0.04983500 0.35602799
vt 0.02819200 0.34478199
vt 0.05383500 0.24543300
vt 0.09548900 0.26429901
vt 0.04740900 0.24313700
vt 0.05383500 0.24543300
vt 0.02819200 0.34478199
vt 0.02456700 0.34225801
vt 0.05383500 0.24543300
vt 0.04740900 0.24313700
vt 0.04807300 0.24056301
vt 0.05473200 0.24281500
vt 0.02404200 0.33786899
vt 0.04534300 0.24260300
vt 0.04740900 0.24313700
vt 0.02456700 0.34225801
vt 0.04807300 0.24056301
vt 0.04740900 0.24313700
vt 0.04534300 0.24260300
vt 0.04599700 0.24014200
vt 0.04882700 0.23859701
vt 0.05572800 0.24093100
vt 0.05473200 0.24281500
vt 0.04807300 0.24056301
vt 0.04882700 0.23859701
vt 0.04807300 0.24056301
vt 0.04599700 0.24014200
vt 0.04647400 0.23814300
vt 0.04599700 0.24014200
vt 0.04534300 0.24260300
vt 0.04312900 0.24255399
vt 0.04375500 0.23992200
vt 0.04647400 0.23814300
vt 0.04599700 0.24014200
vt 0.04375500 0.23992200
vt 0.04390000 0.23789699
vt 0.03875200 0.23810700
vt 0.04390000 0.23789699
vt 0.04375500 0.23992200
vt 0.03889000 0.23986000
vt 0.04312900 0.24255399
vt 0.03845800 0.24277601
vt 0.03889000 0.23986000
vt 0.04375500 0.23992200
vt 0.02589300 0.32208899
vt 0.03845800 0.24277601
vt 0.04312900 0.24255399
vt 0.02589300 0.32208899
vt 0.04312900 0.24255399
vt 0.04534300 0.24260300
vt 0.02404200 0.33786899
vt 0.02989100 0.24350300
vt 0.03845800 0.24277601
vt 0.02589300 0.32208899
vt 0.01985500 0.33036801
vt 0.03845800 0.24277601
vt 0.02989100 0.24350300
vt 0.03012600 0.24044301
vt 0.03889000 0.23986000
vt 0.01161800 0.33616900
vt 0.01693900 0.24484800
vt 0.02989100 0.24350300
vt 0.01985500 0.33036801
vt 0.02989100 0.24350300
vt 0.01693900 0.24484800
vt 0.01704700 0.24170300
vt 0.03012600 0.24044301
vt 0.01689800 0.24039499
vt 0.02992600 0.23896401
vt 0.03012600 0.24044301
vt 0.01704700 0.24170300
vt 0.02992600 0.23896401
vt 0.03875200 0.23810700
vt 0.03889000 0.23986000
vt 0.03012600 0.24044301
vt 0.00147100 0.24209400
vt 0.01689800 0.24039499
vt 0.01704700 0.24170300
vt 0.00153000 0.24335000
vt 0.01693900 0.24484800
vt 0.00150100 0.24652299
vt 0.00153000 0.24335000
vt 0.01704700 0.24170300
vt 0.89067101 0.35519201
vt 0.87730002 0.36356401
vt 0.87668103 0.36244601
vt 0.89009500 0.35396999
vt 0.90194601 0.34810799
vt 0.89067101 0.35519201
vt 0.89009500 0.35396999
vt 0.90131497 0.34670100
vt 0.90951699 0.34322500
vt 0.90194601 0.34810799
vt 0.90131497 0.34670100
vt 0.90869498 0.34160799
vt 0.88866299 0.35113800
vt 0.89984602 0.34401399
vt 0.90131497 0.34670100
vt 0.89009500 0.35396999
vt 0.89984602 0.34401399
vt 0.90716702 0.33914000
vt 0.90869498 0.34160799
vt 0.90131497 0.34670100
vt 0.89984602 0.34401399
vt 0.88866299 0.35113800
vt 0.84672302 0.27113801
vt 0.85693401 0.27163601
vt 0.86622101 0.27577201
vt 0.90716702 0.33914000
vt 0.89984602 0.34401399
vt 0.85693401 0.27163601
vt 0.84040302 0.25062999
vt 0.84970403 0.25437301
vt 0.85693401 0.27163601
vt 0.84672302 0.27113801
vt 0.84970403 0.25437301
vt 0.85884899 0.26205301
vt 0.86622101 0.27577201
vt 0.85693401 0.27163601
vt 0.84786898 0.24813899
vt 0.85727900 0.25749800
vt 0.85884899 0.26205301
vt 0.84970403 0.25437301
vt 0.83955801 0.24269100
vt 0.84786898 0.24813899
vt 0.84970403 0.25437301
vt 0.84040302 0.25062999
vt 0.83006299 0.25026301
vt 0.84040302 0.25062999
vt 0.84672302 0.27113801
vt 0.83611900 0.27398899
vt 0.83003300 0.24019299
vt 0.83955801 0.24269100
vt 0.84040302 0.25062999
vt 0.83006299 0.25026301
vt 0.84034997 0.23769300
vt 0.83955801 0.24269100
vt 0.83003300 0.24019299
vt 0.83135903 0.23400800
vt 0.00816700 0.37195399
vt 0.01498200 0.36493799
vt 0.01775600 0.36912200
vt 0.01177500 0.37685901
vt 0.01498200 0.36493799
vt 0.00816700 0.37195399
vt 0.00469300 0.36292499
vt 0.01311100 0.35732800
vt 0.01775600 0.36912200
vt 0.01498200 0.36493799
vt 0.01996100 0.35570401
vt 0.02279300 0.35925201
vt 0.01996100 0.35570401
vt 0.01498200 0.36493799
vt 0.01311100 0.35732800
vt 0.01937200 0.34938401
vt 0.01996100 0.35570401
vt 0.02456700 0.34225801
vt 0.02819200 0.34478199
vt 0.02279300 0.35925201
vt 0.02456700 0.34225801
vt 0.01996100 0.35570401
vt 0.01937200 0.34938401
vt 0.02404200 0.33786899
vt 0.02819200 0.34478199
vt 0.04983500 0.35602799
vt 0.04274900 0.37024200
vt 0.02279300 0.35925201
vt 0.01937200 0.34938401
vt 0.01311100 0.35732800
vt 0.01161800 0.33616900
vt 0.01985500 0.33036801
vt 0.02404200 0.33786899
vt 0.01937200 0.34938401
vt 0.01985500 0.33036801
vt 0.02589300 0.32208899
vt 0.01311100 0.35732800
vt 0.00469300 0.36292499
vt 0.00147100 0.33963799
vt 0.01161800 0.33616900
vt 0.00150100 0.24652299
vt 0.01693900 0.24484800
vt 0.01161800 0.33616900
vt 0.00147100 0.33963799
vt 0.84672302 0.27113801
vt 0.88866299 0.35113800
vt 0.87528700 0.35953701
vt 0.83611900 0.27398899
vt 0.87528700 0.35953701
vt 0.88866299 0.35113800
vt 0.89009500 0.35396999
vt 0.87668103 0.36244601
vt 0.85727900 0.25749800
vt 0.87145299 0.27456200
vt 0.87169802 0.27748999
vt 0.85884899 0.26205301
vt 0.85884899 0.26205301
vt 0.87169802 0.27748999
vt 0.87416703 0.28302801
vt 0.86622101 0.27577201
vt 0.91287398 0.33485100
vt 0.87169802 0.27748999
vt 0.87145299 0.27456200
vt 0.91438103 0.33336100
vt 0.91287398 0.33485100
vt 0.91110498 0.33630100
vt 0.87416703 0.28302801
vt 0.87169802 0.27748999
vt 0.87426198 0.27039501
vt 0.87145299 0.27456200
vt 0.85727900 0.25749800
vt 0.85895097 0.25329101
vt 0.91924399 0.32837999
vt 0.91438103 0.33336100
vt 0.87145299 0.27456200
vt 0.87426198 0.27039501
vt 0.91602498 0.33545601
vt 0.91434199 0.33691001
vt 0.91287398 0.33485100
vt 0.91438103 0.33336100
vt 0.91438103 0.33336100
vt 0.91924399 0.32837999
vt 0.92117602 0.33040199
vt 0.91602498 0.33545601
vt 0.91924399 0.32837999
vt 0.94987702 0.29203001
vt 0.95205402 0.29384100
vt 0.92117602 0.33040199
vt 0.94987702 0.29203001
vt 0.91924399 0.32837999
vt 0.87426198 0.27039501
vt 0.89134097 0.24771100
vt 0.97671402 0.25256401
vt 0.94987702 0.29203001
vt 0.89134097 0.24771100
vt 0.90873700 0.22508000
vt 0.97671402 0.25256401
vt 0.97907001 0.25405100
vt 0.95205402 0.29384100
vt 0.94987702 0.29203001
vt 0.90873700 0.22508000
vt 0.91193599 0.22135100
vt 0.97997200 0.24693900
vt 0.97671402 0.25256401
vt 0.97671402 0.25256401
vt 0.97997200 0.24693900
vt 0.98240399 0.24798800
vt 0.97907001 0.25405100
vt 0.98430997 0.24919300
vt 0.98075598 0.25562501
vt 0.97907001 0.25405100
vt 0.98240399 0.24798800
vt 0.98075598 0.25562501
vt 0.95378900 0.29532099
vt 0.95205402 0.29384100
vt 0.97907001 0.25405100
vt 0.98332500 0.24604800
vt 0.98531300 0.24699600
vt 0.98430997 0.24919300
vt 0.98240399 0.24798800
vt 0.98440897 0.24397500
vt 0.98636299 0.24461600
vt 0.98531300 0.24699600
vt 0.98332500 0.24604800
vt 0.98812699 0.23973200
vt 0.98636299 0.24461600
vt 0.98440897 0.24397500
vt 0.98635501 0.23937200
vt 0.99081802 0.23114900
vt 0.98812699 0.23973200
vt 0.98635501 0.23937200
vt 0.98930103 0.23091599
vt 0.99463803 0.21841399
vt 0.99081802 0.23114900
vt 0.98930103 0.23091599
vt 0.99331403 0.21818499
vt 0.99913901 0.20331900
vt 0.99463803 0.21841399
vt 0.99331403 0.21818499
vt 0.99790198 0.20302200
vt 0.98632598 0.23021799
vt 0.99021000 0.21756200
vt 0.99331403 0.21818499
vt 0.98930103 0.23091599
vt 0.99021000 0.21756200
vt 0.99473399 0.20245300
vt 0.99790198 0.20302200
vt 0.99331403 0.21818499
vt 0.99473399 0.20245300
vt 0.99021000 0.21756200
vt 0.90204298 0.19847800
vt 0.90196902 0.18751000
vt 0.90523899 0.20817800
vt 0.90204298 0.19847800
vt 0.99021000 0.21756200
vt 0.98632598 0.23021799
vt 0.98357397 0.23855700
vt 0.98632598 0.23021799
vt 0.98930103 0.23091599
vt 0.98635501 0.23937200
vt 0.98632598 0.23021799
vt 0.98357397 0.23855700
vt 0.91169298 0.21601801
vt 0.90523899 0.20817800
vt 0.88668603 0.20580700
vt 0.88060701 0.19784200
vt 0.90204298 0.19847800
vt 0.90523899 0.20817800
vt 0.89651603 0.21257199
vt 0.88668603 0.20580700
vt 0.90523899 0.20817800
vt 0.91169298 0.21601801
vt 0.89171398 0.21226799
vt 0.88019103 0.20569800
vt 0.88668603 0.20580700
vt 0.89651603 0.21257199
vt 0.88019103 0.20569800
vt 0.87273198 0.19914000
vt 0.88060701 0.19784200
vt 0.88668603 0.20580700
vt 0.87605202 0.20775799
vt 0.86809200 0.20125800
vt 0.87273198 0.19914000
vt 0.88019103 0.20569800
vt 0.89171398 0.21226799
vt 0.88810599 0.21500000
vt 0.87605202 0.20775799
vt 0.88019103 0.20569800
vt 0.91193599 0.22135100
vt 0.90873700 0.22508000
vt 0.88810599 0.21500000
vt 0.89171398 0.21226799
vt 0.91193599 0.22135100
vt 0.89171398 0.21226799
vt 0.89651603 0.21257199
vt 0.91480201 0.22083201
vt 0.91480201 0.22083201
vt 0.98095399 0.24518099
vt 0.97997200 0.24693900
vt 0.91193599 0.22135100
vt 0.92078900 0.22173600
vt 0.98187900 0.24309801
vt 0.98095399 0.24518099
vt 0.91480201 0.22083201
vt 0.91480201 0.22083201
vt 0.89651603 0.21257199
vt 0.91169298 0.21601801
vt 0.92078900 0.22173600
vt 0.98440897 0.24397500
vt 0.98332500 0.24604800
vt 0.98095399 0.24518099
vt 0.98187900 0.24309801
vt 0.98332500 0.24604800
vt 0.98240399 0.24798800
vt 0.97997200 0.24693900
vt 0.98095399 0.24518099
vt 0.98187900 0.24309801
vt 0.98357397 0.23855700
vt 0.98635501 0.23937200
vt 0.98440897 0.24397500
vt 0.91169298 0.21601801
vt 0.98357397 0.23855700
vt 0.98187900 0.24309801
vt 0.92078900 0.22173600
vt 0.88810599 0.21500000
vt 0.90873700 0.22508000
vt 0.89134097 0.24771100
vt 0.87320602 0.23398800
vt 0.87273198 0.19914000
vt 0.86809200 0.20125800
vt 0.86214203 0.19357800
vt 0.86778998 0.19062500
vt 0.87273198 0.19914000
vt 0.86778998 0.19062500
vt 0.87750500 0.18797800
vt 0.88060701 0.19784200
vt 0.88060701 0.19784200
vt 0.87750500 0.18797800
vt 0.90196902 0.18751000
vt 0.90204298 0.19847800
vt 0.92299998 0.33176500
vt 0.92117602 0.33040199
vt 0.95205402 0.29384100
vt 0.95378900 0.29532099
vt 0.92299998 0.33176500
vt 0.91766900 0.33699599
vt 0.91602498 0.33545601
vt 0.92117602 0.33040199
vt 0.91602498 0.33545601
vt 0.91766900 0.33699599
vt 0.91578698 0.33857799
vt 0.91434199 0.33691001
vt 0.91434199 0.33691001
vt 0.91578698 0.33857799
vt 0.91376299 0.34022501
vt 0.91262501 0.33851099
vt 0.91434199 0.33691001
vt 0.91262501 0.33851099
vt 0.91110498 0.33630100
vt 0.91287398 0.33485100
vt 0.91376299 0.34022501
vt 0.90951699 0.34322500
vt 0.90869498 0.34160799
vt 0.91262501 0.33851099
vt 0.90716702 0.33914000
vt 0.91110498 0.33630100
vt 0.91262501 0.33851099
vt 0.90869498 0.34160799
vt 0.91110498 0.33630100
vt 0.90716702 0.33914000
vt 0.86622101 0.27577201
vt 0.87416703 0.28302801
vt 0.85895097 0.25329101
vt 0.87320602 0.23398800
vt 0.89134097 0.24771100
vt 0.87426198 0.27039501
vt 0.05572800 0.24093100
vt 0.09768100 0.25990701
vt 0.09673200 0.26180500
vt 0.05473200 0.24281500
vt 0.13840701 0.28218499
vt 0.13750100 0.28411299
vt 0.09673200 0.26180500
vt 0.09768100 0.25990701
vt 0.13840701 0.28218499
vt 0.14448699 0.28633800
vt 0.14337000 0.28812101
vt 0.13750100 0.28411299
vt 0.14337000 0.28812101
vt 0.14448699 0.28633800
vt 0.14626300 0.28794500
vt 0.14495400 0.28952599
vt 0.09152500 0.35484201
vt 0.14738099 0.29713100
vt 0.15194800 0.30441299
vt 0.08854200 0.36464199
vt 0.28392199 0.23650800
vt 0.28437200 0.23387200
vt 0.28690499 0.23449101
vt 0.28536701 0.23738401
vt 0.28139901 0.23748700
vt 0.28392199 0.23650800
vt 0.28536701 0.23738401
vt 0.28292599 0.23929600
vt 0.28392199 0.23650800
vt 0.28139901 0.23748700
vt 0.27844399 0.23210999
vt 0.28437200 0.23387200
vt 0.27916801 0.23953900
vt 0.27659899 0.23766200
vt 0.27844399 0.23210999
vt 0.28139901 0.23748700
vt 0.27916801 0.23953900
vt 0.28139901 0.23748700
vt 0.28292599 0.23929600
vt 0.28072399 0.24054000
vt 0.27966601 0.24109000
vt 0.27815500 0.24064200
vt 0.27916801 0.23953900
vt 0.28072399 0.24054000
vt 0.27815500 0.24064200
vt 0.27570701 0.23950499
vt 0.27659899 0.23766200
vt 0.27916801 0.23953900
vt 0.27936000 0.24145100
vt 0.27783999 0.24102999
vt 0.27815500 0.24064200
vt 0.27966601 0.24109000
vt 0.27783999 0.24102999
vt 0.27540699 0.23995700
vt 0.27570701 0.23950499
vt 0.27815500 0.24064200
vt 0.28082901 0.24118100
vt 0.27966601 0.24109000
vt 0.28072399 0.24054000
vt 0.28191099 0.24065000
vt 0.28053701 0.24160799
vt 0.27936000 0.24145100
vt 0.27966601 0.24109000
vt 0.28082901 0.24118100
vt 0.27783999 0.24102999
vt 0.27936000 0.24145100
vt 0.27915701 0.24262901
vt 0.27747601 0.24215800
vt 0.27915701 0.24262901
vt 0.27936000 0.24145100
vt 0.28053701 0.24160799
vt 0.28034699 0.24296400
vt 0.27915701 0.24262901
vt 0.28034699 0.24296400
vt 0.28001100 0.24329200
vt 0.27924699 0.24309100
vt 0.27747601 0.24215800
vt 0.27915701 0.24262901
vt 0.27924699 0.24309100
vt 0.27747601 0.24269199
vt 0.27484500 0.24096100
vt 0.27540699 0.23995700
vt 0.27783999 0.24102999
vt 0.27747601 0.24215800
vt 0.27484500 0.24096100
vt 0.27747601 0.24215800
vt 0.27747601 0.24269199
vt 0.27458599 0.24147999
vt 0.58916599 0.65172398
vt 0.58692002 0.64810699
vt 0.59004599 0.64686197
vt 0.59096402 0.65030301
vt 0.58692002 0.64810699
vt 0.58611703 0.64568800
vt 0.58715802 0.64431798
vt 0.59004599 0.64686197
vt 0.59096402 0.65030301
vt 0.59004599 0.64686197
vt 0.59143400 0.64682198
vt 0.59216702 0.64961898
vt 0.59084201 0.64351600
vt 0.59004599 0.64686197
vt 0.58715802 0.64431798
vt 0.58934200 0.64184499
vt 0.59004599 0.64686197
vt 0.59084201 0.64351600
vt 0.59200197 0.64399898
vt 0.59143400 0.64682198
vt 0.58934200 0.64184499
vt 0.58715802 0.64431798
vt 0.58714598 0.64346999
vt 0.58917600 0.64113599
vt 0.58611703 0.64568800
vt 0.58617800 0.64461702
vt 0.58714598 0.64346999
vt 0.58715802 0.64431798
vt 0.58617800 0.64461702
vt 0.58031398 0.63275599
vt 0.58167499 0.63247502
vt 0.58714598 0.64346999
vt 0.58491302 0.63180500
vt 0.58917600 0.64113599
vt 0.58714598 0.64346999
vt 0.58167499 0.63247502
vt 0.58917600 0.64113599
vt 0.58491302 0.63180500
vt 0.58853698 0.63105500
vt 0.59147900 0.63895601
vt 0.59159398 0.63953799
vt 0.58934200 0.64184499
vt 0.58917600 0.64113599
vt 0.59147900 0.63895601
vt 0.59147900 0.63895601
vt 0.58853698 0.63105500
vt 0.59178501 0.63038301
vt 0.59380198 0.63748902
vt 0.59393901 0.63807797
vt 0.59159398 0.63953799
vt 0.59147900 0.63895601
vt 0.59380198 0.63748902
vt 0.59633100 0.63714898
vt 0.59393901 0.63807797
vt 0.59380198 0.63748902
vt 0.59621400 0.63660097
vt 0.59380198 0.63748902
vt 0.59178501 0.63038301
vt 0.59479302 0.62976098
vt 0.59621400 0.63660097
vt 0.58853698 0.63105500
vt 0.58811003 0.62258202
vt 0.59081298 0.62300700
vt 0.59178501 0.63038301
vt 0.59081298 0.62300700
vt 0.59337401 0.62285697
vt 0.59479302 0.62976098
vt 0.59178501 0.63038301
vt 0.59070402 0.62241298
vt 0.59326100 0.62230802
vt 0.59337401 0.62285697
vt 0.59081298 0.62300700
vt 0.58798701 0.62200302
vt 0.59070402 0.62241298
vt 0.59081298 0.62300700
vt 0.58811003 0.62258202
vt 0.58514899 0.62147403
vt 0.58811003 0.62258202
vt 0.58853698 0.63105500
vt 0.58491302 0.63180500
vt 0.58502001 0.62075901
vt 0.58798701 0.62200302
vt 0.58811003 0.62258202
vt 0.58514899 0.62147403
vt 0.58827198 0.62018299
vt 0.59069902 0.62084103
vt 0.59070402 0.62241298
vt 0.58798701 0.62200302
vt 0.58571202 0.61859000
vt 0.58827198 0.62018299
vt 0.58798701 0.62200302
vt 0.58502001 0.62075901
vt 0.58365798 0.61583400
vt 0.58571202 0.61859000
vt 0.58502001 0.62075901
vt 0.58203799 0.61934602
vt 0.58203799 0.61934602
vt 0.58502001 0.62075901
vt 0.58514899 0.62147403
vt 0.58236599 0.62012398
vt 0.58365798 0.61583400
vt 0.58203799 0.61934602
vt 0.58054101 0.61849999
vt 0.58031398 0.61597103
vt 0.58203799 0.61934602
vt 0.58236599 0.62012398
vt 0.58102399 0.61945403
vt 0.58054101 0.61849999
vt 0.58102399 0.61945403
vt 0.58236599 0.62012398
vt 0.58167499 0.63247502
vt 0.58031398 0.63275599
vt 0.58236599 0.62012398
vt 0.58514899 0.62147403
vt 0.58491302 0.63180500
vt 0.58167499 0.63247502
vt 0.27923900 0.26401201
vt 0.27999699 0.26379201
vt 0.28033999 0.26412600
vt 0.27915201 0.26447499
vt 0.28034201 0.25349700
vt 0.28033999 0.26412600
vt 0.27999699 0.26379201
vt 0.27991101 0.25349700
vt 0.28034699 0.24296400
vt 0.28034201 0.25349700
vt 0.27991101 0.25349700
vt 0.28001100 0.24329200
vt 0.29845601 0.26416299
vt 0.28033999 0.26412600
vt 0.28034201 0.25349700
vt 0.29851201 0.25352600
vt 0.29851201 0.25352600
vt 0.28034201 0.25349700
vt 0.28034699 0.24296400
vt 0.29845500 0.24296500
vt 0.28053701 0.24160799
vt 0.29843000 0.24136800
vt 0.29845500 0.24296500
vt 0.28034699 0.24296400
vt 0.29843000 0.24136800
vt 0.28053701 0.24160799
vt 0.28082901 0.24118100
vt 0.29842299 0.24086399
vt 0.28082901 0.24118100
vt 0.28191099 0.24065000
vt 0.29843000 0.24032401
vt 0.29842299 0.24086399
vt 0.28411600 0.23951900
vt 0.29844999 0.23917900
vt 0.29843000 0.24032401
vt 0.28191099 0.24065000
vt 0.28659099 0.23750401
vt 0.29844001 0.23707999
vt 0.29844999 0.23917900
vt 0.28411600 0.23951900
vt 0.28825900 0.23450799
vt 0.29830399 0.23385300
vt 0.29844001 0.23707999
vt 0.28659099 0.23750401
vt 0.28861901 0.23099400
vt 0.29795200 0.22998700
vt 0.29830399 0.23385300
vt 0.28825900 0.23450799
vt 0.28750601 0.22764100
vt 0.29745799 0.22613700
vt 0.29795200 0.22998700
vt 0.28861901 0.23099400
vt 0.28522700 0.22507800
vt 0.29689199 0.22296099
vt 0.29745799 0.22613700
vt 0.28750601 0.22764100
vt 0.28237200 0.22364500
vt 0.29644600 0.22091401
vt 0.29689199 0.22296099
vt 0.28522700 0.22507800
vt 0.27997199 0.22301801
vt 0.29617599 0.21980600
vt 0.29644600 0.22091401
vt 0.28237200 0.22364500
vt 0.29617599 0.21980600
vt 0.27997199 0.22301801
vt 0.27880001 0.22273199
vt 0.29604799 0.21928500
vt 0.27880001 0.22273199
vt 0.27842399 0.22237700
vt 0.29594100 0.21879099
vt 0.29604799 0.21928500
vt 0.29594100 0.21879099
vt 0.27842399 0.22237700
vt 0.27794200 0.22108901
vt 0.29562199 0.21722800
vt 0.27551800 0.21068899
vt 0.29348901 0.20695700
vt 0.29562199 0.21722800
vt 0.27794200 0.22108901
vt 0.27730599 0.22278900
vt 0.27684900 0.22168300
vt 0.27794200 0.22108901
vt 0.27842399 0.22237700
vt 0.27794200 0.22108901
vt 0.27684900 0.22168300
vt 0.27683100 0.22121200
vt 0.27752900 0.22084500
vt 0.27752900 0.22084500
vt 0.27509600 0.21080300
vt 0.27551800 0.21068899
vt 0.27794200 0.22108901
vt 0.27753800 0.28627899
vt 0.27794600 0.28602800
vt 0.27548099 0.29652101
vt 0.27505901 0.29640499
vt 0.27794600 0.28602800
vt 0.29562601 0.28989300
vt 0.29347199 0.30025801
vt 0.27548099 0.29652101
vt 0.60718101 0.63931602
vt 0.60788602 0.62708098
vt 0.60924500 0.62680501
vt 0.60852098 0.63998300
vt 0.60788602 0.62708098
vt 0.60241002 0.61603200
vt 0.60337502 0.61488700
vt 0.60924500 0.62680501
vt 0.60241002 0.61603200
vt 0.60239899 0.61518401
vt 0.60343802 0.61381698
vt 0.60337502 0.61488700
vt 0.27753800 0.28627899
vt 0.27684200 0.28589699
vt 0.27685601 0.28542501
vt 0.27794600 0.28602800
vt 0.27684200 0.28589699
vt 0.27520001 0.28511900
vt 0.27531701 0.28459600
vt 0.27685601 0.28542501
vt 0.60239899 0.61518401
vt 0.59951699 0.61264098
vt 0.60264403 0.61140400
vt 0.60343802 0.61381698
vt 0.27300799 0.28285399
vt 0.27531701 0.28459600
vt 0.27520001 0.28511900
vt 0.27264300 0.28330499
vt 0.60041600 0.60778302
vt 0.60264403 0.61140400
vt 0.59951699 0.61264098
vt 0.59861100 0.60919797
vt 0.59871697 0.61598200
vt 0.59951699 0.61264098
vt 0.60239899 0.61518401
vt 0.60021597 0.61764699
vt 0.59951699 0.61264098
vt 0.59871697 0.61598200
vt 0.59755898 0.61549902
vt 0.59813100 0.61267900
vt 0.59861100 0.60919797
vt 0.59951699 0.61264098
vt 0.59813100 0.61267900
vt 0.59740603 0.60987902
vt 0.59871697 0.61598200
vt 0.59694803 0.61840802
vt 0.59614497 0.61770999
vt 0.59755898 0.61549902
vt 0.59694803 0.61840802
vt 0.59501302 0.61998397
vt 0.59453797 0.61922699
vt 0.59614497 0.61770999
vt 0.59694803 0.61840802
vt 0.59871697 0.61598200
vt 0.60021597 0.61764699
vt 0.59797603 0.61994600
vt 0.59501302 0.61998397
vt 0.59694803 0.61840802
vt 0.59797603 0.61994600
vt 0.59565097 0.62140101
vt 0.59293997 0.62081498
vt 0.59501302 0.61998397
vt 0.59565097 0.62140101
vt 0.59326100 0.62230802
vt 0.59501302 0.61998397
vt 0.59293997 0.62081498
vt 0.59277099 0.61995697
vt 0.59453797 0.61922699
vt 0.59069902 0.62084103
vt 0.59293997 0.62081498
vt 0.59326100 0.62230802
vt 0.59070402 0.62241298
vt 0.59293997 0.62081498
vt 0.59069902 0.62084103
vt 0.59083998 0.61994302
vt 0.59277099 0.61995697
vt 0.59069902 0.62084103
vt 0.58827198 0.62018299
vt 0.58873898 0.61923897
vt 0.59083998 0.61994302
vt 0.58827198 0.62018299
vt 0.58571202 0.61859000
vt 0.58660197 0.61767602
vt 0.58873898 0.61923897
vt 0.58571202 0.61859000
vt 0.58365798 0.61583400
vt 0.58494800 0.61533499
vt 0.58660197 0.61767602
vt 0.58365798 0.61583400
vt 0.58315998 0.61229300
vt 0.58453703 0.61245197
vt 0.58494800 0.61533499
vt 0.58315998 0.61229300
vt 0.58434099 0.60897702
vt 0.58547598 0.60970497
vt 0.58453703 0.61245197
vt 0.58434099 0.60897702
vt 0.58673197 0.60652399
vt 0.58745003 0.60760498
vt 0.58547598 0.60970497
vt 0.58258200 0.60760802
vt 0.58561498 0.60466999
vt 0.58673197 0.60652399
vt 0.58434099 0.60897702
vt 0.58093601 0.61175299
vt 0.58258200 0.60760802
vt 0.58434099 0.60897702
vt 0.58315998 0.61229300
vt 0.27218199 0.26814601
vt 0.27026099 0.27084801
vt 0.26973200 0.27059600
vt 0.27180800 0.26777500
vt 0.27484301 0.26614499
vt 0.27218199 0.26814601
vt 0.27180800 0.26777500
vt 0.27458400 0.26562601
vt 0.58561498 0.60466999
vt 0.58931899 0.60307902
vt 0.58980000 0.60531300
vt 0.58673197 0.60652399
vt 0.27026099 0.27084801
vt 0.26932400 0.27399400
vt 0.26883000 0.27393901
vt 0.26973200 0.27059600
vt 0.27043900 0.27411601
vt 0.26932400 0.27399400
vt 0.27026099 0.27084801
vt 0.27124199 0.27134699
vt 0.27124199 0.27134699
vt 0.27026099 0.27084801
vt 0.27218199 0.26814601
vt 0.27295199 0.26893800
vt 0.27124199 0.27134699
vt 0.27295199 0.26893800
vt 0.27328900 0.26927501
vt 0.27167600 0.27157101
vt 0.27043900 0.27411601
vt 0.27124199 0.27134699
vt 0.27167600 0.27157101
vt 0.27087301 0.27416399
vt 0.27062199 0.27699399
vt 0.27043900 0.27411601
vt 0.27087301 0.27416399
vt 0.27109501 0.27687001
vt 0.27062199 0.27699399
vt 0.26955599 0.27726701
vt 0.26932400 0.27399400
vt 0.27043900 0.27411601
vt 0.27087301 0.27416399
vt 0.27167600 0.27157101
vt 0.27340099 0.27240199
vt 0.27205601 0.27429399
vt 0.27109501 0.27687001
vt 0.27087301 0.27416399
vt 0.27205601 0.27429399
vt 0.27295899 0.27643299
vt 0.27176899 0.27971700
vt 0.27062199 0.27699399
vt 0.27109501 0.27687001
vt 0.27217099 0.27946100
vt 0.27217099 0.27946100
vt 0.27109501 0.27687001
vt 0.27295899 0.27643299
vt 0.27322099 0.27879500
vt 0.27377599 0.28199601
vt 0.27176899 0.27971700
vt 0.27217099 0.27946100
vt 0.27416700 0.28162101
vt 0.27416700 0.28162101
vt 0.27217099 0.27946100
vt 0.27322099 0.27879500
vt 0.27543899 0.28001499
vt 0.27591801 0.28357399
vt 0.27377599 0.28199601
vt 0.27416700 0.28162101
vt 0.27630901 0.28326401
vt 0.27630901 0.28326401
vt 0.27416700 0.28162101
vt 0.27543899 0.28001499
vt 0.27753901 0.28240699
vt 0.27731100 0.28431800
vt 0.27591801 0.28357399
vt 0.27630901 0.28326401
vt 0.27768901 0.28403100
vt 0.27768901 0.28403100
vt 0.27630901 0.28326401
vt 0.27753901 0.28240699
vt 0.27884099 0.28372401
vt 0.27753901 0.28240699
vt 0.28016400 0.28088701
vt 0.28126299 0.28298399
vt 0.27884099 0.28372401
vt 0.27753901 0.28240699
vt 0.27543899 0.28001499
vt 0.27844501 0.27499500
vt 0.28016400 0.28088701
vt 0.27880499 0.28437299
vt 0.27768901 0.28403100
vt 0.27884099 0.28372401
vt 0.27997699 0.28408700
vt 0.27884099 0.28372401
vt 0.28126299 0.28298399
vt 0.28237700 0.28345901
vt 0.27997699 0.28408700
vt 0.28016400 0.28088701
vt 0.28284100 0.28047600
vt 0.28406301 0.28164399
vt 0.28126299 0.28298399
vt 0.28126299 0.28298399
vt 0.28406301 0.28164399
vt 0.28523099 0.28202599
vt 0.28237700 0.28345901
vt 0.28284100 0.28047600
vt 0.28385201 0.27800000
vt 0.28619200 0.27915201
vt 0.28406301 0.28164399
vt 0.28406301 0.28164399
vt 0.28619200 0.27915201
vt 0.28750899 0.27946201
vt 0.28523099 0.28202599
vt 0.28385201 0.27800000
vt 0.28549901 0.27576700
vt 0.28731000 0.27596501
vt 0.28619200 0.27915201
vt 0.28619200 0.27915201
vt 0.28731000 0.27596501
vt 0.28862199 0.27610800
vt 0.28750899 0.27946201
vt 0.28549901 0.27576700
vt 0.28385201 0.27800000
vt 0.27844501 0.27499500
vt 0.28437400 0.27323100
vt 0.28284100 0.28047600
vt 0.28016400 0.28088701
vt 0.27844501 0.27499500
vt 0.28385201 0.27800000
vt 0.28549901 0.27576700
vt 0.28437400 0.27323100
vt 0.28690699 0.27261201
vt 0.28731000 0.27596501
vt 0.28392199 0.27059501
vt 0.28437400 0.27323100
vt 0.27844501 0.27499500
vt 0.28139901 0.26961601
vt 0.28437400 0.27323100
vt 0.28392199 0.27059501
vt 0.28536800 0.26971900
vt 0.28690699 0.27261201
vt 0.28731000 0.27596501
vt 0.28690699 0.27261201
vt 0.28826100 0.27259400
vt 0.28862199 0.27610800
vt 0.28690699 0.27261201
vt 0.28536800 0.26971900
vt 0.28659099 0.26959801
vt 0.28826100 0.27259400
vt 0.28826100 0.27259400
vt 0.29830700 0.27324599
vt 0.29795501 0.27711299
vt 0.28862199 0.27610800
vt 0.28659099 0.26959801
vt 0.29844201 0.27001801
vt 0.29830700 0.27324599
vt 0.28826100 0.27259400
vt 0.28411499 0.26758400
vt 0.29845199 0.26791799
vt 0.29844201 0.27001801
vt 0.28659099 0.26959801
vt 0.28536800 0.26971900
vt 0.28292501 0.26780701
vt 0.28411499 0.26758400
vt 0.28659099 0.26959801
vt 0.28191000 0.26645300
vt 0.29843301 0.26677200
vt 0.29845199 0.26791799
vt 0.28411499 0.26758400
vt 0.28292501 0.26780701
vt 0.28072301 0.26656300
vt 0.28191000 0.26645300
vt 0.28411499 0.26758400
vt 0.28139901 0.26961601
vt 0.27916700 0.26756600
vt 0.28072301 0.26656300
vt 0.28292501 0.26780701
vt 0.28392199 0.27059501
vt 0.28139901 0.26961601
vt 0.28292501 0.26780701
vt 0.28536800 0.26971900
vt 0.27916700 0.26756600
vt 0.28139901 0.26961601
vt 0.27844501 0.27499500
vt 0.27659899 0.26944399
vt 0.27815300 0.26646301
vt 0.27966401 0.26601401
vt 0.28072301 0.26656300
vt 0.27916700 0.26756600
vt 0.27570599 0.26760000
vt 0.27815300 0.26646301
vt 0.27916700 0.26756600
vt 0.27659899 0.26944399
vt 0.27328900 0.26927501
vt 0.27570599 0.26760000
vt 0.27659899 0.26944399
vt 0.27416900 0.27015299
vt 0.27416900 0.27015299
vt 0.27659899 0.26944399
vt 0.27844501 0.27499500
vt 0.27340099 0.27240199
vt 0.27540600 0.26714900
vt 0.27783900 0.26607499
vt 0.27815300 0.26646301
vt 0.27570599 0.26760000
vt 0.27295199 0.26893800
vt 0.27540600 0.26714900
vt 0.27570599 0.26760000
vt 0.27328900 0.26927501
vt 0.27167600 0.27157101
vt 0.27328900 0.26927501
vt 0.27416900 0.27015299
vt 0.27340099 0.27240199
vt 0.27540600 0.26714900
vt 0.27484301 0.26614499
vt 0.27747300 0.26494801
vt 0.27783900 0.26607499
vt 0.27295199 0.26893800
vt 0.27218199 0.26814601
vt 0.27484301 0.26614499
vt 0.27540600 0.26714900
vt 0.27747300 0.26494801
vt 0.27484301 0.26614499
vt 0.27458400 0.26562601
vt 0.27747199 0.26441300
vt 0.27747199 0.26441300
vt 0.27923900 0.26401201
vt 0.27915201 0.26447499
vt 0.27747300 0.26494801
vt 0.27747300 0.26494801
vt 0.27915201 0.26447499
vt 0.27935800 0.26565301
vt 0.27783900 0.26607499
vt 0.58031398 0.61597103
vt 0.58093601 0.61175299
vt 0.58315998 0.61229300
vt 0.58365798 0.61583400
vt 0.27935800 0.26565301
vt 0.27915201 0.26447499
vt 0.28033999 0.26412600
vt 0.28053501 0.26549500
vt 0.27935800 0.26565301
vt 0.28053501 0.26549500
vt 0.28082699 0.26592201
vt 0.27966401 0.26601401
vt 0.27783900 0.26607499
vt 0.27935800 0.26565301
vt 0.27966401 0.26601401
vt 0.27815300 0.26646301
vt 0.28082699 0.26592201
vt 0.28053501 0.26549500
vt 0.29843199 0.26573700
vt 0.29842600 0.26623300
vt 0.29843199 0.26573700
vt 0.28053501 0.26549500
vt 0.28033999 0.26412600
vt 0.29845601 0.26416299
vt 0.29843301 0.26677200
vt 0.28191000 0.26645300
vt 0.28082699 0.26592201
vt 0.29842600 0.26623300
vt 0.27966401 0.26601401
vt 0.28082699 0.26592201
vt 0.28191000 0.26645300
vt 0.28072301 0.26656300
vt 0.27205601 0.27429399
vt 0.27340099 0.27240199
vt 0.27844501 0.27499500
vt 0.27295899 0.27643299
vt 0.28862199 0.27610800
vt 0.29795501 0.27711299
vt 0.29746300 0.28096399
vt 0.28750899 0.27946201
vt 0.28750899 0.27946201
vt 0.29746300 0.28096399
vt 0.29689699 0.28414100
vt 0.28523099 0.28202599
vt 0.28523099 0.28202599
vt 0.29689699 0.28414100
vt 0.29645199 0.28618801
vt 0.28237700 0.28345901
vt 0.28237700 0.28345901
vt 0.29645199 0.28618801
vt 0.29618299 0.28729701
vt 0.27997699 0.28408700
vt 0.27997699 0.28408700
vt 0.29618299 0.28729701
vt 0.29605499 0.28781801
vt 0.27880499 0.28437299
vt 0.27880499 0.28437299
vt 0.29605499 0.28781801
vt 0.29594800 0.28831199
vt 0.27842900 0.28472799
vt 0.27842900 0.28472799
vt 0.29594800 0.28831199
vt 0.29562601 0.28989300
vt 0.27794600 0.28602800
vt 0.27685601 0.28542501
vt 0.27731100 0.28431800
vt 0.27842900 0.28472799
vt 0.27794600 0.28602800
vt 0.27842900 0.28472799
vt 0.27731100 0.28431800
vt 0.27768901 0.28403100
vt 0.27880499 0.28437299
vt 0.27591801 0.28357399
vt 0.27731100 0.28431800
vt 0.27685601 0.28542501
vt 0.27531701 0.28459600
vt 0.27322099 0.27879500
vt 0.27295899 0.27643299
vt 0.27844501 0.27499500
vt 0.27543899 0.28001499
vt 0.27591801 0.28357399
vt 0.27531701 0.28459600
vt 0.27300799 0.28285399
vt 0.27377599 0.28199601
vt 0.27377599 0.28199601
vt 0.27300799 0.28285399
vt 0.27084500 0.28032300
vt 0.27176899 0.27971700
vt 0.27084500 0.28032300
vt 0.27300799 0.28285399
vt 0.27264300 0.28330499
vt 0.27039900 0.28060400
vt 0.26955599 0.27726701
vt 0.27084500 0.28032300
vt 0.27039900 0.28060400
vt 0.26898500 0.27739900
vt 0.27084500 0.28032300
vt 0.26955599 0.27726701
vt 0.27062199 0.27699399
vt 0.27176899 0.27971700
vt 0.26932400 0.27399400
vt 0.26955599 0.27726701
vt 0.26898500 0.27739900
vt 0.26883000 0.27393901
vt 0.59334803 0.60309702
vt 0.59728199 0.60461497
vt 0.59624100 0.60658902
vt 0.59309500 0.60524398
vt 0.58931899 0.60307902
vt 0.59334803 0.60309702
vt 0.59309500 0.60524398
vt 0.58980000 0.60531300
vt 0.58980000 0.60531300
vt 0.59309500 0.60524398
vt 0.59284902 0.60651797
vt 0.59003597 0.60648698
vt 0.59309500 0.60524398
vt 0.59624100 0.60658902
vt 0.59547198 0.60769701
vt 0.59284902 0.60651797
vt 0.59728199 0.60461497
vt 0.60041600 0.60778302
vt 0.59861100 0.60919797
vt 0.59624100 0.60658902
vt 0.59624100 0.60658902
vt 0.59861100 0.60919797
vt 0.59740603 0.60987902
vt 0.59547198 0.60769701
vt 0.58673197 0.60652399
vt 0.58980000 0.60531300
vt 0.59003597 0.60648698
vt 0.58745003 0.60760498
vt 0.59326100 0.62230802
vt 0.59565097 0.62140101
vt 0.59578598 0.62198800
vt 0.59337401 0.62285697
vt 0.59565097 0.62140101
vt 0.59797603 0.61994600
vt 0.59809202 0.62052703
vt 0.59578598 0.62198800
vt 0.59578598 0.62198800
vt 0.59809202 0.62052703
vt 0.60103899 0.62847602
vt 0.59779900 0.62914097
vt 0.59479302 0.62976098
vt 0.59337401 0.62285697
vt 0.59578598 0.62198800
vt 0.59779900 0.62914097
vt 0.59621400 0.63660097
vt 0.59479302 0.62976098
vt 0.59779900 0.62914097
vt 0.59876800 0.63643301
vt 0.59876800 0.63643301
vt 0.59779900 0.62914097
vt 0.60103899 0.62847602
vt 0.60145402 0.63685900
vt 0.60145402 0.63685900
vt 0.60103899 0.62847602
vt 0.60465503 0.62773800
vt 0.60440302 0.63796598
vt 0.60103899 0.62847602
vt 0.59809202 0.62052703
vt 0.60038197 0.61835599
vt 0.60465503 0.62773800
vt 0.60440302 0.63796598
vt 0.60465503 0.62773800
vt 0.60788602 0.62708098
vt 0.60718101 0.63931602
vt 0.60038197 0.61835599
vt 0.60241002 0.61603200
vt 0.60788602 0.62708098
vt 0.60465503 0.62773800
vt 0.59797603 0.61994600
vt 0.60021597 0.61764699
vt 0.60038197 0.61835599
vt 0.59809202 0.62052703
vt 0.60021597 0.61764699
vt 0.60239899 0.61518401
vt 0.60241002 0.61603200
vt 0.60038197 0.61835599
vt 0.60453099 0.63867700
vt 0.60157698 0.63743401
vt 0.60145402 0.63685900
vt 0.60440302 0.63796598
vt 0.60750699 0.64008999
vt 0.60453099 0.63867700
vt 0.60440302 0.63796598
vt 0.60718101 0.63931602
vt 0.60852098 0.63998300
vt 0.60899901 0.64093101
vt 0.60750699 0.64008999
vt 0.60718101 0.63931602
vt 0.60899901 0.64093101
vt 0.60923201 0.64345002
vt 0.60589200 0.64359301
vt 0.60750699 0.64008999
vt 0.60589200 0.64359301
vt 0.60383701 0.64084101
vt 0.60453099 0.63867700
vt 0.60750699 0.64008999
vt 0.60923201 0.64345002
vt 0.60862702 0.64766401
vt 0.60640001 0.64713198
vt 0.60589200 0.64359301
vt 0.60383701 0.64084101
vt 0.60589200 0.64359301
vt 0.60460401 0.64409202
vt 0.60294801 0.64175200
vt 0.60589200 0.64359301
vt 0.60640001 0.64713198
vt 0.60502100 0.64697498
vt 0.60460401 0.64409202
vt 0.60640001 0.64713198
vt 0.60522902 0.65046000
vt 0.60408998 0.64973700
vt 0.60502100 0.64697498
vt 0.60862702 0.64766401
vt 0.60699600 0.65182197
vt 0.60522902 0.65046000
vt 0.60640001 0.64713198
vt 0.27300400 0.22425400
vt 0.27084300 0.22678600
vt 0.27039701 0.22650500
vt 0.27263799 0.22380400
vt 0.27531099 0.22251201
vt 0.27300400 0.22425400
vt 0.27263799 0.22380400
vt 0.27519301 0.22199000
vt 0.27531099 0.22251201
vt 0.27591401 0.22353300
vt 0.27377200 0.22511201
vt 0.27300400 0.22425400
vt 0.27300400 0.22425400
vt 0.27377200 0.22511201
vt 0.27176601 0.22739100
vt 0.27084300 0.22678600
vt 0.27377200 0.22511201
vt 0.27591401 0.22353300
vt 0.27630499 0.22384299
vt 0.27416301 0.22548600
vt 0.27176601 0.22739100
vt 0.27377200 0.22511201
vt 0.27416301 0.22548600
vt 0.27216801 0.22764701
vt 0.27416301 0.22548600
vt 0.27630499 0.22384299
vt 0.27753499 0.22469901
vt 0.27543500 0.22709200
vt 0.27216801 0.22764701
vt 0.27416301 0.22548600
vt 0.27543500 0.22709200
vt 0.27321801 0.22831200
vt 0.27753499 0.22469901
vt 0.28016001 0.22621800
vt 0.27844399 0.23210999
vt 0.27543500 0.22709200
vt 0.27321801 0.22831200
vt 0.27543500 0.22709200
vt 0.27844399 0.23210999
vt 0.27295801 0.23067500
vt 0.27109301 0.23023900
vt 0.27216801 0.22764701
vt 0.27321801 0.22831200
vt 0.27295801 0.23067500
vt 0.27205500 0.23281400
vt 0.27295801 0.23067500
vt 0.27844399 0.23210999
vt 0.27340099 0.23470500
vt 0.27087200 0.23294400
vt 0.27109301 0.23023900
vt 0.27295801 0.23067500
vt 0.27205500 0.23281400
vt 0.27167699 0.23553599
vt 0.27087200 0.23294400
vt 0.27205500 0.23281400
vt 0.27340099 0.23470500
vt 0.27043799 0.23299199
vt 0.27062100 0.23011500
vt 0.27109301 0.23023900
vt 0.27087200 0.23294400
vt 0.27124301 0.23576000
vt 0.27043799 0.23299199
vt 0.27087200 0.23294400
vt 0.27167699 0.23553599
vt 0.27295300 0.23816900
vt 0.27124301 0.23576000
vt 0.27167699 0.23553599
vt 0.27329001 0.23783100
vt 0.27329001 0.23783100
vt 0.27167699 0.23553599
vt 0.27340099 0.23470500
vt 0.27417001 0.23695301
vt 0.27540699 0.23995700
vt 0.27295300 0.23816900
vt 0.27329001 0.23783100
vt 0.27570701 0.23950499
vt 0.27570701 0.23950499
vt 0.27329001 0.23783100
vt 0.27417001 0.23695301
vt 0.27659899 0.23766200
vt 0.27417001 0.23695301
vt 0.27340099 0.23470500
vt 0.27844399 0.23210999
vt 0.27659899 0.23766200
vt 0.27026099 0.23626000
vt 0.27124301 0.23576000
vt 0.27295300 0.23816900
vt 0.27218401 0.23896100
vt 0.27218401 0.23896100
vt 0.27295300 0.23816900
vt 0.27540699 0.23995700
vt 0.27484500 0.24096100
vt 0.27218401 0.23896100
vt 0.27484500 0.24096100
vt 0.27458599 0.24147999
vt 0.27181000 0.23933201
vt 0.27026099 0.23626000
vt 0.27218401 0.23896100
vt 0.27181000 0.23933201
vt 0.26973301 0.23651201
vt 0.26932400 0.23311500
vt 0.27043799 0.23299199
vt 0.27124301 0.23576000
vt 0.27026099 0.23626000
vt 0.26932400 0.23311500
vt 0.27026099 0.23626000
vt 0.26973301 0.23651201
vt 0.26883000 0.23316900
vt 0.26955500 0.22984201
vt 0.26932400 0.23311500
vt 0.26883000 0.23316900
vt 0.26898399 0.22971100
vt 0.26955500 0.22984201
vt 0.27062100 0.23011500
vt 0.27043799 0.23299199
vt 0.26932400 0.23311500
vt 0.27084300 0.22678600
vt 0.26955500 0.22984201
vt 0.26898399 0.22971100
vt 0.27039701 0.22650500
vt 0.27084300 0.22678600
vt 0.27176601 0.22739100
vt 0.27062100 0.23011500
vt 0.26955500 0.22984201
vt 0.27062100 0.23011500
vt 0.27176601 0.22739100
vt 0.27216801 0.22764701
vt 0.27109301 0.23023900
vt 0.60397202 0.65477300
vt 0.60027403 0.65637797
vt 0.59978402 0.65414602
vt 0.60284799 0.65292299
vt 0.60699600 0.65182197
vt 0.60397202 0.65477300
vt 0.60284799 0.65292299
vt 0.60522902 0.65046000
vt 0.60522902 0.65046000
vt 0.60284799 0.65292299
vt 0.60212499 0.65184402
vt 0.60408998 0.64973700
vt 0.60284799 0.65292299
vt 0.59978402 0.65414602
vt 0.59954399 0.65297198
vt 0.60212499 0.65184402
vt 0.59978402 0.65414602
vt 0.59649003 0.65422702
vt 0.59673101 0.65295303
vt 0.59954399 0.65297198
vt 0.60027403 0.65637797
vt 0.59624600 0.65637499
vt 0.59649003 0.65422702
vt 0.59978402 0.65414602
vt 0.59624600 0.65637499
vt 0.59231001 0.65487301
vt 0.59334099 0.65289599
vt 0.59649003 0.65422702
vt 0.59649003 0.65422702
vt 0.59334099 0.65289599
vt 0.59410501 0.65178502
vt 0.59673101 0.65295303
vt 0.59334099 0.65289599
vt 0.59096402 0.65030301
vt 0.59216702 0.64961898
vt 0.59410501 0.65178502
vt 0.59231001 0.65487301
vt 0.58916599 0.65172398
vt 0.59096402 0.65030301
vt 0.59334099 0.65289599
vt 0.28016001 0.22621800
vt 0.27753499 0.22469901
vt 0.27883700 0.22338200
vt 0.28125799 0.22412001
vt 0.27883700 0.22338200
vt 0.27753499 0.22469901
vt 0.27630499 0.22384299
vt 0.27768299 0.22307500
vt 0.27997199 0.22301801
vt 0.27883700 0.22338200
vt 0.27768299 0.22307500
vt 0.27880001 0.22273199
vt 0.28125799 0.22412001
vt 0.27883700 0.22338200
vt 0.27997199 0.22301801
vt 0.28237200 0.22364500
vt 0.28283700 0.22662801
vt 0.28016001 0.22621800
vt 0.28125799 0.22412001
vt 0.28405800 0.22545999
vt 0.28405800 0.22545999
vt 0.28125799 0.22412001
vt 0.28237200 0.22364500
vt 0.28522700 0.22507800
vt 0.28618801 0.22795101
vt 0.28405800 0.22545999
vt 0.28522700 0.22507800
vt 0.28750601 0.22764100
vt 0.28384900 0.22910400
vt 0.28283700 0.22662801
vt 0.28405800 0.22545999
vt 0.28618801 0.22795101
vt 0.28549600 0.23133600
vt 0.28384900 0.22910400
vt 0.28618801 0.22795101
vt 0.28730699 0.23113801
vt 0.28730699 0.23113801
vt 0.28618801 0.22795101
vt 0.28750601 0.22764100
vt 0.28861901 0.23099400
vt 0.28437200 0.23387200
vt 0.28549600 0.23133600
vt 0.28730699 0.23113801
vt 0.28690499 0.23449101
vt 0.28690499 0.23449101
vt 0.28730699 0.23113801
vt 0.28861901 0.23099400
vt 0.28825900 0.23450799
vt 0.28536701 0.23738401
vt 0.28690499 0.23449101
vt 0.28825900 0.23450799
vt 0.28659099 0.23750401
vt 0.28549600 0.23133600
vt 0.28437200 0.23387200
vt 0.27844399 0.23210999
vt 0.28384900 0.22910400
vt 0.28283700 0.22662801
vt 0.28384900 0.22910400
vt 0.27844399 0.23210999
vt 0.28016001 0.22621800
vt 0.27880001 0.22273199
vt 0.27768299 0.22307500
vt 0.27730599 0.22278900
vt 0.27842399 0.22237700
vt 0.27768299 0.22307500
vt 0.27630499 0.22384299
vt 0.27591401 0.22353300
vt 0.27730599 0.22278900
vt 0.27531099 0.22251201
vt 0.27684900 0.22168300
vt 0.27730599 0.22278900
vt 0.27591401 0.22353300
vt 0.27684900 0.22168300
vt 0.27531099 0.22251201
vt 0.27519301 0.22199000
vt 0.27683100 0.22121200
vt 0.60128200 0.63925201
vt 0.60383701 0.64084101
vt 0.60294801 0.64175200
vt 0.60080999 0.64019001
vt 0.59889501 0.63857299
vt 0.60128200 0.63925201
vt 0.60080999 0.64019001
vt 0.59876102 0.63945299
vt 0.60128200 0.63925201
vt 0.59889501 0.63857299
vt 0.59887803 0.63702297
vt 0.60157698 0.63743401
vt 0.60383701 0.64084101
vt 0.60128200 0.63925201
vt 0.60157698 0.63743401
vt 0.60453099 0.63867700
vt 0.60157698 0.63743401
vt 0.59887803 0.63702297
vt 0.59876800 0.63643301
vt 0.60145402 0.63685900
vt 0.59887803 0.63702297
vt 0.59633100 0.63714898
vt 0.59621400 0.63660097
vt 0.59876800 0.63643301
vt 0.59889501 0.63857299
vt 0.59666699 0.63863897
vt 0.59633100 0.63714898
vt 0.59887803 0.63702297
vt 0.59666699 0.63863897
vt 0.59459698 0.63951200
vt 0.59393901 0.63807797
vt 0.59633100 0.63714898
vt 0.59666699 0.63863897
vt 0.59889501 0.63857299
vt 0.59876102 0.63945299
vt 0.59685600 0.63949299
vt 0.59459698 0.63951200
vt 0.59666699 0.63863897
vt 0.59685600 0.63949299
vt 0.59508699 0.64028400
vt 0.59459698 0.63951200
vt 0.59261400 0.64108402
vt 0.59159398 0.63953799
vt 0.59393901 0.63807797
vt 0.59261400 0.64108402
vt 0.59459698 0.63951200
vt 0.59508699 0.64028400
vt 0.59341502 0.64178997
vt 0.59084201 0.64351600
vt 0.59261400 0.64108402
vt 0.59341502 0.64178997
vt 0.59200197 0.64399898
vt 0.59261400 0.64108402
vt 0.59084201 0.64351600
vt 0.58934200 0.64184499
vt 0.59159398 0.63953799
vt 0.28292599 0.23929600
vt 0.28536701 0.23738401
vt 0.28659099 0.23750401
vt 0.28411600 0.23951900
vt 0.28072399 0.24054000
vt 0.28292599 0.23929600
vt 0.28411600 0.23951900
vt 0.28191099 0.24065000
vt 0.02170800 0.38614199
vt 0.02170800 0.38870999
vt 0.02050900 0.38829699
vt 0.02033100 0.38685799
vt 0.01957400 0.38448200
vt 0.02170800 0.38614199
vt 0.02033100 0.38685799
vt 0.01922600 0.38582101
vt 0.47033301 0.20504400
vt 0.47033301 0.20679501
vt 0.46909600 0.20803200
vt 0.46734500 0.20803200
vt 0.46610799 0.20679399
vt 0.46610799 0.20504400
vt 0.46734500 0.20380600
vt 0.46909600 0.20380600
vt 0.01712400 0.38480601
vt 0.01957400 0.38448200
vt 0.01922600 0.38582101
vt 0.01776300 0.38587999
vt 0.02050900 0.38829699
vt 0.01949900 0.38931701
vt 0.01804100 0.38940600
vt 0.01701100 0.38834000
vt 0.01682100 0.38691100
vt 0.01776300 0.38587999
vt 0.01922600 0.38582101
vt 0.02033100 0.38685799
vt 0.01578400 0.38657501
vt 0.01712400 0.38480601
vt 0.01776300 0.38587999
vt 0.01682100 0.38691100
vt 0.01583800 0.38878500
vt 0.01578400 0.38657501
vt 0.01682100 0.38691100
vt 0.01701100 0.38834000
vt 0.01742500 0.39063001
vt 0.01583800 0.38878500
vt 0.01701100 0.38834000
vt 0.01804100 0.38940600
vt 0.02012500 0.39073899
vt 0.01742500 0.39063001
vt 0.01804100 0.38940600
vt 0.01949900 0.38931701
vt 0.02170800 0.38870999
vt 0.02012500 0.39073899
vt 0.01949900 0.38931701
vt 0.02050900 0.38829699
vt 0.29606399 0.48181701
vt 0.29730201 0.48058000
vt 0.29905200 0.48058000
vt 0.30028999 0.48181701
vt 0.30028999 0.48356801
vt 0.29905200 0.48480499
vt 0.29730201 0.48480499
vt 0.29606399 0.48356700
vt 0.29305401 0.43005300
vt 0.29179001 0.43047199
vt 0.29078400 0.42937601
vt 0.29141399 0.42819601
vt 0.29305401 0.43252799
vt 0.29188901 0.43194801
vt 0.29179001 0.43047199
vt 0.29305401 0.43005300
vt 0.29128000 0.43415400
vt 0.29086801 0.43296999
vt 0.29188901 0.43194801
vt 0.29305401 0.43252799
vt 0.29078400 0.42937601
vt 0.29179001 0.43047199
vt 0.29188901 0.43194801
vt 0.29086801 0.43296999
vt 0.28944200 0.43304101
vt 0.28846300 0.43195900
vt 0.28830600 0.43048000
vt 0.28931901 0.42941999
vt 0.28901699 0.43412399
vt 0.28944200 0.43304101
vt 0.29086801 0.43296999
vt 0.29128000 0.43415400
vt 0.28708899 0.43257201
vt 0.28846300 0.43195900
vt 0.28944200 0.43304101
vt 0.28901699 0.43412399
vt 0.28703499 0.42989799
vt 0.28830600 0.43048000
vt 0.28846300 0.43195900
vt 0.28708899 0.43257201
vt 0.28888500 0.42813000
vt 0.28931901 0.42941999
vt 0.28830600 0.43048000
vt 0.28703499 0.42989799
vt 0.29141399 0.42819601
vt 0.29078400 0.42937601
vt 0.28931901 0.42941999
vt 0.28888500 0.42813000
vt 0.26712099 0.42387101
vt 0.26712099 0.42212099
vt 0.26835799 0.42088300
vt 0.27010900 0.42088300
vt 0.27134600 0.42212099
vt 0.27134600 0.42387101
vt 0.27010900 0.42510900
vt 0.26835799 0.42510900
vt 0.40882799 0.07924900
vt 0.40777099 0.07890200
vt 0.40762100 0.07748400
vt 0.40876999 0.07702600
vt 0.40745699 0.08109100
vt 0.40680799 0.07994600
vt 0.40777099 0.07890200
vt 0.40882799 0.07924900
vt 0.40480801 0.08140400
vt 0.40531799 0.07990200
vt 0.40680799 0.07994600
vt 0.40745699 0.08109100
vt 0.40762100 0.07748400
vt 0.40777099 0.07890200
vt 0.40680799 0.07994600
vt 0.40531799 0.07990200
vt 0.40411201 0.07900800
vt 0.40402299 0.07756800
vt 0.40503800 0.07652200
vt 0.40652201 0.07649800
vt 0.40279999 0.07954800
vt 0.40411201 0.07900800
vt 0.40531799 0.07990200
vt 0.40480801 0.08140400
vt 0.40279999 0.07697800
vt 0.40402299 0.07756800
vt 0.40411201 0.07900800
vt 0.40279999 0.07954800
vt 0.40462199 0.07525700
vt 0.40503800 0.07652200
vt 0.40402299 0.07756800
vt 0.40279999 0.07697800
vt 0.40708801 0.07532500
vt 0.40652201 0.07649800
vt 0.40503800 0.07652200
vt 0.40462199 0.07525700
vt 0.40876999 0.07702600
vt 0.40762100 0.07748400
vt 0.40652201 0.07649800
vt 0.40708801 0.07532500
vt 0.27010900 0.46429899
vt 0.27134600 0.46553600
vt 0.27134600 0.46728700
vt 0.27010900 0.46852401
vt 0.26835799 0.46852401
vt 0.26712000 0.46728700
vt 0.26712000 0.46553600
vt 0.26835799 0.46429899
vt 0.34551400 0.41149199
vt 0.34416601 0.41220301
vt 0.34305900 0.41125301
vt 0.34336701 0.40996999
vt 0.34547099 0.41402999
vt 0.34429500 0.41360399
vt 0.34416601 0.41220301
vt 0.34551400 0.41149199
vt 0.34387901 0.41600299
vt 0.34323499 0.41461101
vt 0.34429500 0.41360399
vt 0.34547099 0.41402999
vt 0.34305900 0.41125301
vt 0.34416601 0.41220301
vt 0.34429500 0.41360399
vt 0.34323499 0.41461101
vt 0.34175500 0.41479099
vt 0.34068099 0.41380200
vt 0.34056601 0.41236901
vt 0.34156099 0.41132799
vt 0.34119499 0.41606399
vt 0.34175500 0.41479099
vt 0.34323499 0.41461101
vt 0.34387901 0.41600299
vt 0.33944201 0.41426200
vt 0.34068099 0.41380200
vt 0.34175500 0.41479099
vt 0.34119499 0.41606399
vt 0.33944201 0.41184101
vt 0.34056601 0.41236901
vt 0.34068099 0.41380200
vt 0.33944201 0.41426200
vt 0.34107700 0.41030100
vt 0.34156099 0.41132799
vt 0.34056601 0.41236901
vt 0.33944201 0.41184101
vt 0.34336701 0.40996999
vt 0.34305900 0.41125301
vt 0.34156099 0.41132799
vt 0.34107700 0.41030100
vt 0.28096300 0.47696200
vt 0.28220001 0.47819901
vt 0.28220001 0.47995001
vt 0.28096199 0.48118699
vt 0.27921200 0.48118699
vt 0.27797401 0.47995001
vt 0.27797401 0.47819901
vt 0.27921200 0.47696200
vt 0.38834399 0.12038100
vt 0.38810399 0.12177600
vt 0.38666701 0.12194300
vt 0.38592499 0.12094100
vt 0.39073899 0.12184600
vt 0.38926300 0.12265500
vt 0.38810399 0.12177600
vt 0.38834399 0.12038100
vt 0.39072001 0.12467300
vt 0.38937500 0.12411800
vt 0.38926300 0.12265500
vt 0.39073899 0.12184600
vt 0.38666701 0.12194300
vt 0.38810399 0.12177600
vt 0.38926300 0.12265500
vt 0.38937500 0.12411800
vt 0.38841400 0.12528600
vt 0.38696799 0.12544000
vt 0.38589400 0.12455700
vt 0.38583499 0.12312800
vt 0.38893300 0.12653500
vt 0.38841400 0.12528600
vt 0.38937500 0.12411800
vt 0.39072001 0.12467300
vt 0.38647100 0.12662800
vt 0.38696799 0.12544000
vt 0.38841400 0.12528600
vt 0.38893300 0.12653500
vt 0.38477099 0.12499400
vt 0.38589400 0.12455700
vt 0.38696799 0.12544000
vt 0.38647100 0.12662800
vt 0.38477099 0.12282200
vt 0.38583499 0.12312800
vt 0.38589400 0.12455700
vt 0.38477099 0.12499400
vt 0.38592499 0.12094100
vt 0.38666701 0.12194300
vt 0.38583499 0.12312800
vt 0.38477099 0.12282200
vt 0.32866901 0.41929400
vt 0.32888299 0.41689301
vt 0.33012500 0.41753501
vt 0.32985100 0.41897500
vt 0.32888299 0.41689301
vt 0.33072099 0.41541901
vt 0.33111599 0.41647601
vt 0.33012500 0.41753501
vt 0.46909600 0.33405301
vt 0.47033301 0.33529001
vt 0.47033301 0.33704001
vt 0.46909600 0.33827800
vt 0.46734500 0.33827800
vt 0.46610799 0.33704001
vt 0.46610799 0.33529001
vt 0.46734500 0.33405301
vt 0.33006701 0.42145199
vt 0.32866901 0.41929400
vt 0.32985100 0.41897500
vt 0.33077499 0.42005000
vt 0.33111599 0.41647601
vt 0.33251101 0.41656399
vt 0.33345801 0.41766101
vt 0.33337200 0.41916099
vt 0.33225101 0.42017600
vt 0.33077499 0.42005000
vt 0.32985100 0.41897500
vt 0.33012500 0.41753501
vt 0.33283201 0.42149100
vt 0.33006701 0.42145199
vt 0.33077499 0.42005000
vt 0.33225101 0.42017600
vt 0.33465999 0.41963500
vt 0.33283201 0.42149100
vt 0.33225101 0.42017600
vt 0.33337200 0.41916099
vt 0.33465999 0.41711700
vt 0.33465999 0.41963500
vt 0.33337200 0.41916099
vt 0.33345801 0.41766101
vt 0.33295599 0.41540501
vt 0.33465999 0.41711700
vt 0.33345801 0.41766101
vt 0.33251101 0.41656399
vt 0.33072099 0.41541901
vt 0.33295599 0.41540501
vt 0.33251101 0.41656399
vt 0.33111599 0.41647601
vt 0.27761799 0.39952099
vt 0.27985200 0.39903700
vt 0.27959001 0.40035000
vt 0.27817300 0.40047199
vt 0.27985200 0.39903700
vt 0.28220001 0.40047199
vt 0.28074399 0.40125501
vt 0.27959001 0.40035000
vt 0.01266300 0.42392999
vt 0.01266300 0.42568001
vt 0.01142500 0.42691800
vt 0.00967500 0.42691800
vt 0.00843700 0.42568001
vt 0.00843700 0.42392999
vt 0.00967500 0.42269200
vt 0.01142500 0.42269200
vt 0.27621901 0.40119299
vt 0.27761799 0.39952099
vt 0.27817300 0.40047199
vt 0.27735299 0.40164000
vt 0.28074399 0.40125501
vt 0.28084499 0.40274999
vt 0.27993199 0.40393001
vt 0.27847999 0.40400401
vt 0.27738401 0.40308201
vt 0.27735299 0.40164000
vt 0.27817300 0.40047199
vt 0.27959001 0.40035000
vt 0.27619001 0.40352100
vt 0.27621901 0.40119299
vt 0.27735299 0.40164000
vt 0.27738401 0.40308201
vt 0.27794501 0.40520999
vt 0.27619001 0.40352100
vt 0.27738401 0.40308201
vt 0.27847999 0.40400401
vt 0.28043500 0.40519500
vt 0.27794501 0.40520999
vt 0.27847999 0.40400401
vt 0.27993199 0.40393001
vt 0.28220001 0.40328601
vt 0.28043500 0.40519500
vt 0.27993199 0.40393001
vt 0.28084499 0.40274999
vt 0.28220001 0.40047199
vt 0.28220001 0.40328601
vt 0.28084499 0.40274999
vt 0.28074399 0.40125501
vt 0.38657400 0.37084001
vt 0.38483000 0.36895701
vt 0.38617599 0.36841801
vt 0.38707101 0.36959499
vt 0.38483000 0.36895701
vt 0.38475901 0.36614600
vt 0.38625199 0.36691701
vt 0.38617599 0.36841801
vt 0.47937801 0.07298900
vt 0.47937801 0.07473900
vt 0.47814101 0.07597700
vt 0.47639000 0.07597700
vt 0.47515300 0.07473900
vt 0.47515300 0.07298900
vt 0.47639000 0.07175100
vt 0.47814101 0.07175100
vt 0.38902199 0.37084001
vt 0.38657400 0.37084001
vt 0.38707101 0.36959499
vt 0.38847700 0.36967900
vt 0.38625199 0.36691701
vt 0.38739800 0.36598900
vt 0.38883001 0.36611101
vt 0.38967600 0.36724901
vt 0.38952199 0.36870801
vt 0.38847700 0.36967900
vt 0.38707101 0.36959499
vt 0.38617599 0.36841801
vt 0.39065599 0.36915401
vt 0.38902199 0.37084001
vt 0.38847700 0.36967900
vt 0.38952199 0.36870801
vt 0.39073899 0.36695799
vt 0.39065599 0.36915401
vt 0.38952199 0.36870801
vt 0.38967600 0.36724901
vt 0.38955000 0.36508900
vt 0.39073899 0.36695799
vt 0.38967600 0.36724901
vt 0.38883001 0.36611101
vt 0.38711300 0.36460000
vt 0.38955000 0.36508900
vt 0.38883001 0.36611101
vt 0.38739800 0.36598900
vt 0.38475901 0.36614600
vt 0.38711300 0.36460000
vt 0.38739800 0.36598900
vt 0.38625199 0.36691701
vt 0.60327703 0.82329398
vt 0.60213703 0.82041502
vt 0.60346103 0.82023501
vt 0.60515302 0.82308400
vt 0.60213703 0.82041502
vt 0.60275900 0.77057302
vt 0.60405803 0.77073598
vt 0.60346103 0.82023501
vt 0.60275900 0.77057302
vt 0.60379797 0.76773101
vt 0.60565197 0.76789498
vt 0.60405803 0.77073598
vt 0.60379797 0.76773101
vt 0.60531402 0.76537001
vt 0.60779601 0.76600599
vt 0.60565197 0.76789498
vt 0.60565197 0.76789498
vt 0.60975999 0.77064002
vt 0.60913199 0.77293599
vt 0.60405803 0.77073598
vt 0.60779601 0.76600599
vt 0.61053598 0.76911402
vt 0.60975999 0.77064002
vt 0.60565197 0.76789498
vt 0.60531402 0.76537001
vt 0.60701901 0.76364100
vt 0.60944402 0.76509601
vt 0.60779601 0.76600599
vt 0.60944402 0.76509601
vt 0.61141002 0.76822501
vt 0.61053598 0.76911402
vt 0.60779601 0.76600599
vt 0.73453301 0.81784397
vt 0.73396200 0.82007998
vt 0.73316598 0.82164198
vt 0.73228401 0.82253700
vt 0.73129898 0.82277900
vt 0.61181700 0.82289600
vt 0.61082798 0.82266098
vt 0.60994202 0.82177502
vt 0.60913599 0.82023102
vt 0.60854602 0.81801897
vt 0.60913199 0.77293599
vt 0.60975999 0.77064002
vt 0.61053598 0.76911402
vt 0.61141002 0.76822501
vt 0.61239600 0.76798099
vt 0.73166001 0.76759899
vt 0.73265302 0.76783001
vt 0.73354697 0.76871502
vt 0.73436201 0.77025998
vt 0.73496401 0.77247602
vt 0.61057401 0.76437902
vt 0.61239600 0.76798099
vt 0.61141002 0.76822501
vt 0.60944402 0.76509601
vt 0.61057401 0.76437902
vt 0.73343301 0.76397502
vt 0.73166001 0.76759899
vt 0.61239600 0.76798099
vt 0.73166001 0.76759899
vt 0.73343301 0.76397502
vt 0.73455799 0.76468199
vt 0.73265302 0.76783001
vt 0.60847700 0.76231802
vt 0.73545998 0.76198500
vt 0.73343301 0.76397502
vt 0.61057401 0.76437902
vt 0.73545998 0.76198500
vt 0.73690099 0.76323098
vt 0.73455799 0.76468199
vt 0.73343301 0.76397502
vt 0.60701901 0.76364100
vt 0.60847700 0.76231802
vt 0.61057401 0.76437902
vt 0.60944402 0.76509601
vt 0.73690099 0.76323098
vt 0.73862398 0.76486701
vt 0.73619503 0.76555699
vt 0.73455799 0.76468199
vt 0.73862398 0.76486701
vt 0.74022800 0.76716298
vt 0.73834801 0.76737899
vt 0.73619503 0.76555699
vt 0.73354697 0.76871502
vt 0.73619503 0.76555699
vt 0.73834801 0.76737899
vt 0.73436201 0.77025998
vt 0.73265302 0.76783001
vt 0.73455799 0.76468199
vt 0.73619503 0.76555699
vt 0.73354697 0.76871502
vt 0.73436201 0.77025998
vt 0.73834801 0.76737899
vt 0.74005598 0.77022499
vt 0.73496401 0.77247602
vt 0.74022800 0.76716298
vt 0.74136901 0.77004403
vt 0.74005598 0.77022499
vt 0.73834801 0.76737899
vt 0.74136901 0.77004403
vt 0.74107099 0.82026798
vt 0.73973900 0.82007498
vt 0.74005598 0.77022499
vt 0.74005598 0.77022499
vt 0.73973900 0.82007498
vt 0.73453301 0.81784397
vt 0.73496401 0.77247602
vt 0.73802203 0.82296002
vt 0.73396200 0.82007998
vt 0.73453301 0.81784397
vt 0.73973900 0.82007498
vt 0.73585999 0.82481200
vt 0.73316598 0.82164198
vt 0.73396200 0.82007998
vt 0.73802203 0.82296002
vt 0.74107099 0.82026798
vt 0.73991799 0.82316798
vt 0.73802203 0.82296002
vt 0.73973900 0.82007498
vt 0.73991799 0.82316798
vt 0.73831999 0.82549399
vt 0.73585999 0.82481200
vt 0.73802203 0.82296002
vt 0.73831999 0.82549399
vt 0.73659402 0.82717699
vt 0.73420501 0.82569700
vt 0.73585999 0.82481200
vt 0.73420501 0.82569700
vt 0.73228401 0.82253700
vt 0.73316598 0.82164198
vt 0.73585999 0.82481200
vt 0.73659402 0.82717699
vt 0.73513103 0.82846898
vt 0.73306799 0.82639998
vt 0.73420501 0.82569700
vt 0.73306799 0.82639998
vt 0.73129898 0.82277900
vt 0.73228401 0.82253700
vt 0.73420501 0.82569700
vt 0.73306799 0.82639998
vt 0.61003399 0.82648700
vt 0.61181700 0.82289600
vt 0.73129898 0.82277900
vt 0.60891700 0.82578301
vt 0.61082798 0.82266098
vt 0.61181700 0.82289600
vt 0.61003399 0.82648700
vt 0.60800999 0.82846999
vt 0.60657901 0.82722199
vt 0.60891700 0.82578301
vt 0.61003399 0.82648700
vt 0.73513103 0.82846898
vt 0.60800999 0.82846999
vt 0.61003399 0.82648700
vt 0.73306799 0.82639998
vt 0.60657901 0.82722199
vt 0.60487002 0.82558602
vt 0.60729003 0.82490700
vt 0.60891700 0.82578301
vt 0.60487002 0.82558602
vt 0.60327703 0.82329398
vt 0.60515302 0.82308400
vt 0.60729003 0.82490700
vt 0.60729003 0.82490700
vt 0.60994202 0.82177502
vt 0.61082798 0.82266098
vt 0.60891700 0.82578301
vt 0.60515302 0.82308400
vt 0.60913599 0.82023102
vt 0.60994202 0.82177502
vt 0.60729003 0.82490700
vt 0.60346103 0.82023501
vt 0.60854602 0.81801897
vt 0.60913599 0.82023102
vt 0.60515302 0.82308400
vt 0.60346103 0.82023501
vt 0.60405803 0.77073598
vt 0.60913199 0.77293599
vt 0.60854602 0.81801897
vt 0.14073899 0.40888599
vt 0.14179200 0.41182700
vt 0.14047199 0.41196901
vt 0.13883300 0.40904701
vt 0.14179200 0.41182700
vt 0.13997400 0.46195900
vt 0.13865900 0.46173501
vt 0.14047199 0.41196901
vt 0.13997400 0.46195900
vt 0.13876800 0.46475300
vt 0.13691700 0.46453100
vt 0.13865900 0.46173501
vt 0.13876800 0.46475300
vt 0.13722301 0.46698299
vt 0.13485000 0.46634701
vt 0.13691700 0.46453100
vt 0.13362800 0.45944700
vt 0.13865900 0.46173501
vt 0.13691700 0.46453100
vt 0.13301501 0.46165600
vt 0.13301501 0.46165600
vt 0.13691700 0.46453100
vt 0.13485000 0.46634701
vt 0.13212100 0.46325600
vt 0.13722301 0.46698299
vt 0.13558599 0.46863201
vt 0.13325401 0.46722201
vt 0.13485000 0.46634701
vt 0.13212100 0.46325600
vt 0.13485000 0.46634701
vt 0.13325401 0.46722201
vt 0.13119601 0.46413201
vt 0.13558599 0.46863201
vt 0.13418400 0.46991500
vt 0.13212800 0.46795899
vt 0.13325401 0.46722201
vt 0.13119601 0.46413201
vt 0.13325401 0.46722201
vt 0.13212800 0.46795899
vt 0.13020100 0.46434799
vt 0.13362800 0.45944700
vt 0.13301501 0.46165600
vt 0.13212100 0.46325600
vt 0.13119601 0.46413201
vt 0.13020100 0.46434799
vt 0.01159000 0.46424100
vt 0.01054500 0.46395299
vt 0.00967300 0.46303600
vt 0.00890100 0.46147501
vt 0.00828000 0.45912600
vt 0.00945500 0.41385201
vt 0.01004600 0.41166499
vt 0.01091600 0.41008601
vt 0.01178700 0.40922901
vt 0.01276700 0.40900400
vt 0.13207801 0.40911600
vt 0.13306800 0.40937099
vt 0.13394600 0.41028199
vt 0.13472900 0.41185999
vt 0.13527800 0.41410500
vt 0.13212800 0.46795899
vt 0.00971200 0.46786600
vt 0.01159000 0.46424100
vt 0.13020100 0.46434799
vt 0.00859100 0.46713799
vt 0.01054500 0.46395299
vt 0.01159000 0.46424100
vt 0.00971200 0.46786600
vt 0.13418400 0.46991500
vt 0.00759800 0.46993899
vt 0.00971200 0.46786600
vt 0.13212800 0.46795899
vt 0.00759800 0.46993899
vt 0.00611600 0.46861300
vt 0.00859100 0.46713799
vt 0.00971200 0.46786600
vt 0.00690000 0.46620601
vt 0.00967300 0.46303600
vt 0.01054500 0.46395299
vt 0.00859100 0.46713799
vt 0.00611600 0.46861300
vt 0.00435500 0.46686101
vt 0.00690000 0.46620601
vt 0.00859100 0.46713799
vt 0.00435500 0.46686101
vt 0.00278600 0.46442401
vt 0.00470100 0.46426401
vt 0.00690000 0.46620601
vt 0.00278600 0.46442401
vt 0.00174800 0.46146700
vt 0.00308600 0.46132299
vt 0.00470100 0.46426401
vt 0.00308600 0.46132299
vt 0.00828000 0.45912600
vt 0.00890100 0.46147501
vt 0.00470100 0.46426401
vt 0.00470100 0.46426401
vt 0.00890100 0.46147501
vt 0.00967300 0.46303600
vt 0.00690000 0.46620601
vt 0.00308600 0.46132299
vt 0.00448400 0.41161200
vt 0.00945500 0.41385201
vt 0.00828000 0.45912600
vt 0.00945500 0.41385201
vt 0.00448400 0.41161200
vt 0.00617400 0.40883300
vt 0.01004600 0.41166499
vt 0.00174800 0.46146700
vt 0.00319000 0.41141099
vt 0.00448400 0.41161200
vt 0.00308600 0.46132299
vt 0.00319000 0.41141099
vt 0.00433800 0.40863401
vt 0.00617400 0.40883300
vt 0.00448400 0.41161200
vt 0.00433800 0.40863401
vt 0.00584900 0.40639099
vt 0.00821600 0.40702400
vt 0.00617400 0.40883300
vt 0.01004600 0.41166499
vt 0.00617400 0.40883300
vt 0.00821600 0.40702400
vt 0.01091600 0.41008601
vt 0.00584900 0.40639099
vt 0.00749000 0.40472701
vt 0.00984500 0.40613201
vt 0.00821600 0.40702400
vt 0.00749000 0.40472701
vt 0.00890400 0.40344399
vt 0.01096000 0.40541500
vt 0.00984500 0.40613201
vt 0.01091600 0.41008601
vt 0.00821600 0.40702400
vt 0.00984500 0.40613201
vt 0.01178700 0.40922901
vt 0.01178700 0.40922901
vt 0.00984500 0.40613201
vt 0.01096000 0.40541500
vt 0.01276700 0.40900400
vt 0.01096000 0.40541500
vt 0.13391000 0.40551099
vt 0.13207801 0.40911600
vt 0.01276700 0.40900400
vt 0.13504300 0.40623200
vt 0.13306800 0.40937099
vt 0.13207801 0.40911600
vt 0.13391000 0.40551099
vt 0.13669500 0.40714499
vt 0.13394600 0.41028199
vt 0.13306800 0.40937099
vt 0.13504300 0.40623200
vt 0.13747400 0.40476999
vt 0.13918801 0.40650299
vt 0.13669500 0.40714499
vt 0.13504300 0.40623200
vt 0.13601100 0.40344399
vt 0.13747400 0.40476999
vt 0.13504300 0.40623200
vt 0.13391000 0.40551099
vt 0.13918801 0.40650299
vt 0.14073899 0.40888599
vt 0.13883300 0.40904701
vt 0.13669500 0.40714499
vt 0.00890400 0.40344399
vt 0.13601100 0.40344399
vt 0.13391000 0.40551099
vt 0.01096000 0.40541500
vt 0.13883300 0.40904701
vt 0.13472900 0.41185999
vt 0.13394600 0.41028199
vt 0.13669500 0.40714499
vt 0.14047199 0.41196901
vt 0.13527800 0.41410500
vt 0.13472900 0.41185999
vt 0.13883300 0.40904701
vt 0.14047199 0.41196901
vt 0.13865900 0.46173501
vt 0.13362800 0.45944700
vt 0.13527800 0.41410500
vt 0.48665601 0.56250203
vt 0.48553401 0.56275898
vt 0.48485801 0.56219500
vt 0.48604000 0.56138903
vt 0.48553401 0.56275898
vt 0.48528799 0.56384200
vt 0.48403099 0.56336200
vt 0.48485801 0.56219500
vt 0.48553401 0.56275898
vt 0.48665601 0.56250203
vt 0.48708600 0.56424499
vt 0.48528799 0.56384200
vt 0.48665601 0.56250203
vt 0.48817000 0.56200802
vt 0.48911101 0.56411499
vt 0.48708600 0.56424499
vt 0.48817000 0.56200802
vt 0.48665601 0.56250203
vt 0.48604000 0.56138903
vt 0.48740900 0.56071103
vt 0.48955199 0.56108701
vt 0.48817000 0.56200802
vt 0.48740900 0.56071103
vt 0.48870999 0.55998099
vt 0.48955199 0.56108701
vt 0.49067500 0.56275201
vt 0.48911101 0.56411499
vt 0.48817000 0.56200802
vt 0.49064201 0.56009001
vt 0.48955199 0.56108701
vt 0.48870999 0.55998099
vt 0.48977599 0.55932403
vt 0.49064201 0.56009001
vt 0.49178901 0.56121999
vt 0.49067500 0.56275201
vt 0.48955199 0.56108701
vt 0.49178901 0.56121999
vt 0.49316901 0.56229800
vt 0.49220601 0.56426901
vt 0.49067500 0.56275201
vt 0.49067500 0.56275201
vt 0.49220601 0.56426901
vt 0.49060300 0.56784701
vt 0.48911101 0.56411499
vt 0.49463499 0.56294900
vt 0.49418500 0.56458002
vt 0.49220601 0.56426901
vt 0.49316901 0.56229800
vt 0.49418500 0.56458002
vt 0.49425000 0.56649399
vt 0.49060300 0.56784701
vt 0.49220601 0.56426901
vt 0.49588299 0.56435502
vt 0.49625200 0.56578702
vt 0.49425000 0.56649399
vt 0.49418500 0.56458002
vt 0.49567801 0.56331098
vt 0.49588299 0.56435502
vt 0.49418500 0.56458002
vt 0.49463499 0.56294900
vt 0.49385101 0.56108898
vt 0.49517500 0.56192601
vt 0.49463499 0.56294900
vt 0.49316901 0.56229800
vt 0.49517500 0.56192601
vt 0.49625400 0.56283498
vt 0.49567801 0.56331098
vt 0.49463499 0.56294900
vt 0.49625400 0.56283498
vt 0.49696800 0.56400299
vt 0.49588299 0.56435502
vt 0.49567801 0.56331098
vt 0.49558401 0.56138003
vt 0.49670699 0.56246698
vt 0.49625400 0.56283498
vt 0.49517500 0.56192601
vt 0.49670699 0.56246698
vt 0.49756300 0.56372303
vt 0.49696800 0.56400299
vt 0.49625400 0.56283498
vt 0.49756300 0.56372303
vt 0.49818301 0.56511199
vt 0.49749899 0.56535202
vt 0.49696800 0.56400299
vt 0.49696800 0.56400299
vt 0.49749899 0.56535202
vt 0.49625200 0.56578702
vt 0.49588299 0.56435502
vt 0.49693999 0.56227601
vt 0.49784201 0.56357098
vt 0.49756300 0.56372303
vt 0.49670699 0.56246698
vt 0.49784201 0.56357098
vt 0.49849299 0.56499702
vt 0.49818301 0.56511199
vt 0.49756300 0.56372303
vt 0.49784201 0.56357098
vt 0.49693999 0.56227601
vt 0.49801999 0.56135398
vt 0.49905801 0.56283700
vt 0.49983001 0.56448698
vt 0.49849299 0.56499702
vt 0.49784201 0.56357098
vt 0.49905801 0.56283700
vt 0.49580100 0.56112802
vt 0.49693999 0.56227601
vt 0.49670699 0.56246698
vt 0.49558401 0.56138003
vt 0.49801999 0.56135398
vt 0.49693999 0.56227601
vt 0.49580100 0.56112802
vt 0.49675900 0.56005001
vt 0.49801999 0.56135398
vt 0.49675900 0.56005001
vt 0.49692100 0.55985600
vt 0.49821001 0.56119299
vt 0.49905801 0.56283700
vt 0.49801999 0.56135398
vt 0.49821001 0.56119299
vt 0.49927500 0.56271100
vt 0.49675900 0.56005001
vt 0.49534899 0.55893397
vt 0.49547800 0.55870998
vt 0.49692100 0.55985600
vt 0.49675900 0.56005001
vt 0.49580100 0.56112802
vt 0.49449301 0.56015801
vt 0.49534899 0.55893397
vt 0.49692100 0.55985600
vt 0.49547800 0.55870998
vt 0.49568701 0.55836600
vt 0.49717101 0.55957699
vt 0.49821001 0.56119299
vt 0.49692100 0.55985600
vt 0.49717101 0.55957699
vt 0.49847201 0.56096601
vt 0.49534899 0.55893397
vt 0.49391299 0.55805200
vt 0.49400300 0.55780602
vt 0.49547800 0.55870998
vt 0.49547800 0.55870998
vt 0.49400300 0.55780602
vt 0.49410900 0.55744803
vt 0.49568701 0.55836600
vt 0.57126999 0.28584301
vt 0.57176298 0.28806001
vt 0.56786197 0.28681099
vt 0.56754500 0.28551301
vt 0.57055199 0.28368601
vt 0.57126999 0.28584301
vt 0.56754500 0.28551301
vt 0.56698000 0.28431001
vt 0.56754500 0.28551301
vt 0.56786197 0.28681099
vt 0.56587899 0.28708801
vt 0.56565201 0.28615800
vt 0.56698000 0.28431001
vt 0.56754500 0.28551301
vt 0.56565201 0.28615800
vt 0.56525600 0.28527400
vt 0.56624502 0.28321201
vt 0.56698000 0.28431001
vt 0.56525600 0.28527400
vt 0.56470299 0.28447199
vt 0.56956202 0.28174499
vt 0.57055199 0.28368601
vt 0.56698000 0.28431001
vt 0.56624502 0.28321201
vt 0.56531900 0.28226599
vt 0.56624502 0.28321201
vt 0.56470299 0.28447199
vt 0.56401801 0.28378201
vt 0.56820297 0.28009999
vt 0.56956202 0.28174499
vt 0.56624502 0.28321201
vt 0.56531900 0.28226599
vt 0.56423497 0.28150100
vt 0.56531900 0.28226599
vt 0.56401801 0.28378201
vt 0.56321901 0.28322700
vt 0.56302601 0.28094101
vt 0.56423497 0.28150100
vt 0.56321901 0.28322700
vt 0.56233299 0.28282699
vt 0.56469601 0.27764601
vt 0.56654799 0.27873501
vt 0.56423497 0.28150100
vt 0.56302601 0.28094101
vt 0.56654799 0.27873501
vt 0.56820297 0.28009999
vt 0.56531900 0.28226599
vt 0.56423497 0.28150100
vt 0.50054002 0.56621498
vt 0.50006801 0.56440502
vt 0.50045401 0.56426603
vt 0.50090998 0.56616801
vt 0.50006801 0.56440502
vt 0.49927500 0.56271100
vt 0.49959201 0.56251103
vt 0.50045401 0.56426603
vt 0.49983001 0.56448698
vt 0.49905801 0.56283700
vt 0.49927500 0.56271100
vt 0.50006801 0.56440502
vt 0.50029302 0.56625199
vt 0.49983001 0.56448698
vt 0.50006801 0.56440502
vt 0.50054002 0.56621498
vt 0.50067502 0.56806397
vt 0.50054002 0.56621498
vt 0.50090998 0.56616801
vt 0.50101203 0.56807202
vt 0.50042701 0.56805903
vt 0.50029302 0.56625199
vt 0.50054002 0.56621498
vt 0.50067502 0.56806397
vt 0.50021499 0.56985903
vt 0.50042701 0.56805903
vt 0.50067502 0.56806397
vt 0.50046003 0.56990600
vt 0.50046003 0.56990600
vt 0.50067502 0.56806397
vt 0.50101203 0.56807202
vt 0.50082803 0.56996900
vt 0.56268102 0.27694499
vt 0.56469601 0.27764601
vt 0.56302601 0.28094101
vt 0.56172901 0.28060600
vt 0.56052899 0.27673799
vt 0.56268102 0.27694499
vt 0.56172901 0.28060600
vt 0.56038201 0.28051400
vt 0.56038201 0.28051400
vt 0.56172901 0.28060600
vt 0.56138700 0.28259599
vt 0.56041402 0.28254700
vt 0.56172901 0.28060600
vt 0.56302601 0.28094101
vt 0.56233299 0.28282699
vt 0.56138700 0.28259599
vt 0.55902803 0.28067601
vt 0.56038201 0.28051400
vt 0.56041402 0.28254700
vt 0.55944598 0.28268200
vt 0.55771703 0.28109899
vt 0.55902803 0.28067601
vt 0.55944598 0.28268200
vt 0.55852002 0.28300199
vt 0.55610001 0.27761301
vt 0.55830199 0.27697599
vt 0.55902803 0.28067601
vt 0.55771703 0.28109899
vt 0.55830199 0.27697599
vt 0.56052899 0.27673799
vt 0.56038201 0.28051400
vt 0.55902803 0.28067601
vt 0.49991000 0.57169503
vt 0.50046003 0.56990600
vt 0.50082803 0.56996900
vt 0.50028998 0.57185000
vt 0.49904501 0.57335198
vt 0.49991000 0.57169503
vt 0.50028998 0.57185000
vt 0.49935299 0.57356602
vt 0.55404001 0.27872401
vt 0.55610001 0.27761301
vt 0.55771703 0.28109899
vt 0.55649698 0.28177300
vt 0.49791500 0.57482302
vt 0.49904501 0.57335198
vt 0.49935299 0.57356602
vt 0.49816799 0.57506102
vt 0.49773201 0.57465398
vt 0.49883401 0.57321799
vt 0.49904501 0.57335198
vt 0.49791500 0.57482302
vt 0.49883401 0.57321799
vt 0.49967599 0.57160199
vt 0.49991000 0.57169503
vt 0.49904501 0.57335198
vt 0.49773201 0.57465398
vt 0.49669299 0.57368600
vt 0.49765000 0.57243198
vt 0.49883401 0.57321799
vt 0.49883401 0.57321799
vt 0.49765000 0.57243198
vt 0.49836299 0.57103503
vt 0.49967599 0.57160199
vt 0.49967599 0.57160199
vt 0.50021499 0.56985903
vt 0.50046003 0.56990600
vt 0.49991000 0.57169503
vt 0.49967599 0.57160199
vt 0.49836299 0.57103503
vt 0.49881500 0.56954700
vt 0.50021499 0.56985903
vt 0.49881500 0.56954700
vt 0.49836299 0.57103503
vt 0.49805701 0.57090700
vt 0.49851900 0.56947303
vt 0.49836299 0.57103503
vt 0.49765000 0.57243198
vt 0.49737799 0.57226801
vt 0.49805701 0.57090700
vt 0.49805701 0.57090700
vt 0.49737799 0.57226801
vt 0.49679601 0.57196200
vt 0.49738500 0.57063699
vt 0.49851900 0.56947303
vt 0.49805701 0.57090700
vt 0.49738500 0.57063699
vt 0.49789801 0.56930000
vt 0.49738500 0.57063699
vt 0.49679601 0.57196200
vt 0.49572700 0.57156301
vt 0.49615699 0.57014900
vt 0.49789801 0.56930000
vt 0.49738500 0.57063699
vt 0.49615699 0.57014900
vt 0.49686700 0.56886899
vt 0.49814299 0.56800997
vt 0.49789801 0.56930000
vt 0.49686700 0.56886899
vt 0.49741799 0.56799400
vt 0.49870101 0.56802201
vt 0.49851900 0.56947303
vt 0.49789801 0.56930000
vt 0.49814299 0.56800997
vt 0.49795401 0.56671000
vt 0.49814299 0.56800997
vt 0.49741799 0.56799400
vt 0.49690601 0.56709701
vt 0.49858099 0.56656402
vt 0.49870101 0.56802201
vt 0.49814299 0.56800997
vt 0.49795401 0.56671000
vt 0.49818301 0.56511199
vt 0.49858099 0.56656402
vt 0.49795401 0.56671000
vt 0.49749899 0.56535202
vt 0.49749899 0.56535202
vt 0.49795401 0.56671000
vt 0.49690601 0.56709701
vt 0.49625200 0.56578702
vt 0.49741799 0.56799400
vt 0.49686700 0.56886899
vt 0.49548000 0.56795198
vt 0.49690601 0.56709701
vt 0.49690601 0.56709701
vt 0.49548000 0.56795198
vt 0.49425000 0.56649399
vt 0.49625200 0.56578702
vt 0.49686700 0.56886899
vt 0.49615699 0.57014900
vt 0.49418801 0.56935602
vt 0.49548000 0.56795198
vt 0.49548000 0.56795198
vt 0.49418801 0.56935602
vt 0.49060300 0.56784701
vt 0.49425000 0.56649399
vt 0.49404100 0.57126600
vt 0.49204999 0.57148999
vt 0.49060300 0.56784701
vt 0.49418801 0.56935602
vt 0.49572700 0.57156301
vt 0.49404100 0.57126600
vt 0.49418801 0.56935602
vt 0.49615699 0.57014900
vt 0.49547699 0.57259798
vt 0.49441901 0.57291502
vt 0.49404100 0.57126600
vt 0.49572700 0.57156301
vt 0.49441901 0.57291502
vt 0.49292600 0.57350099
vt 0.49204999 0.57148999
vt 0.49404100 0.57126600
vt 0.49679601 0.57196200
vt 0.49603200 0.57309800
vt 0.49547699 0.57259798
vt 0.49572700 0.57156301
vt 0.49603200 0.57309800
vt 0.49491400 0.57396001
vt 0.49441901 0.57291502
vt 0.49547699 0.57259798
vt 0.49737799 0.57226801
vt 0.49646899 0.57348597
vt 0.49603200 0.57309800
vt 0.49679601 0.57196200
vt 0.49646899 0.57348597
vt 0.49529999 0.57452297
vt 0.49491400 0.57396001
vt 0.49603200 0.57309800
vt 0.49529999 0.57452297
vt 0.49395201 0.57539803
vt 0.49355501 0.57473898
vt 0.49491400 0.57396001
vt 0.49491400 0.57396001
vt 0.49355501 0.57473898
vt 0.49292600 0.57350099
vt 0.49441901 0.57291502
vt 0.49669299 0.57368600
vt 0.49550599 0.57478398
vt 0.49529999 0.57452297
vt 0.49646899 0.57348597
vt 0.49550599 0.57478398
vt 0.49415699 0.57569700
vt 0.49395201 0.57539803
vt 0.49529999 0.57452297
vt 0.49550599 0.57478398
vt 0.49669299 0.57368600
vt 0.49773201 0.57465398
vt 0.49641600 0.57590300
vt 0.49495900 0.57695699
vt 0.49415699 0.57569700
vt 0.49550599 0.57478398
vt 0.49641600 0.57590300
vt 0.49348599 0.57777601
vt 0.49280101 0.57641602
vt 0.49415699 0.57569700
vt 0.49495900 0.57695699
vt 0.49415699 0.57569700
vt 0.49280101 0.57641602
vt 0.49259400 0.57614499
vt 0.49395201 0.57539803
vt 0.49280101 0.57641602
vt 0.49160799 0.57692099
vt 0.49139899 0.57670599
vt 0.49259400 0.57614499
vt 0.49216899 0.57834101
vt 0.49160799 0.57692099
vt 0.49280101 0.57641602
vt 0.49348599 0.57777601
vt 0.49071300 0.57722700
vt 0.49160799 0.57692099
vt 0.49216899 0.57834101
vt 0.49116001 0.57868397
vt 0.49050400 0.57705098
vt 0.49139899 0.57670599
vt 0.49160799 0.57692099
vt 0.49071300 0.57722700
vt 0.49010199 0.57678503
vt 0.49099800 0.57630998
vt 0.49139899 0.57670599
vt 0.49050400 0.57705098
vt 0.49259400 0.57614499
vt 0.49139899 0.57670599
vt 0.49099800 0.57630998
vt 0.49219099 0.57557303
vt 0.48940799 0.57632601
vt 0.49030501 0.57559800
vt 0.49099800 0.57630998
vt 0.49010199 0.57678503
vt 0.49219099 0.57557303
vt 0.49099800 0.57630998
vt 0.49030501 0.57559800
vt 0.49149999 0.57451802
vt 0.49395201 0.57539803
vt 0.49259400 0.57614499
vt 0.49219099 0.57557303
vt 0.49355501 0.57473898
vt 0.49355501 0.57473898
vt 0.49219099 0.57557303
vt 0.49149999 0.57451802
vt 0.49292600 0.57350099
vt 0.49149999 0.57451802
vt 0.49045399 0.57293999
vt 0.49204999 0.57148999
vt 0.49292600 0.57350099
vt 0.49030501 0.57559800
vt 0.48925900 0.57455403
vt 0.49045399 0.57293999
vt 0.49149999 0.57451802
vt 0.48925900 0.57455403
vt 0.48791900 0.57357401
vt 0.48895100 0.57151002
vt 0.49045399 0.57293999
vt 0.49045399 0.57293999
vt 0.48895100 0.57151002
vt 0.49060300 0.56784701
vt 0.49204999 0.57148999
vt 0.48693299 0.57129300
vt 0.48688000 0.56928802
vt 0.49060300 0.56784701
vt 0.48895100 0.57151002
vt 0.48642701 0.57301497
vt 0.48693299 0.57129300
vt 0.48895100 0.57151002
vt 0.48791900 0.57357401
vt 0.48642701 0.57301497
vt 0.48791900 0.57357401
vt 0.48710200 0.57483703
vt 0.48576400 0.57410002
vt 0.48791900 0.57357401
vt 0.48925900 0.57455403
vt 0.48837000 0.57562399
vt 0.48710200 0.57483703
vt 0.48576400 0.57410002
vt 0.48710200 0.57483703
vt 0.48643401 0.57548201
vt 0.48512101 0.57466203
vt 0.48710200 0.57483703
vt 0.48837000 0.57562399
vt 0.48768401 0.57617098
vt 0.48643401 0.57548201
vt 0.48925900 0.57455403
vt 0.49030501 0.57559800
vt 0.48940799 0.57632601
vt 0.48837000 0.57562399
vt 0.48837000 0.57562399
vt 0.48940799 0.57632601
vt 0.48872301 0.57670498
vt 0.48768401 0.57617098
vt 0.48643401 0.57548201
vt 0.48768401 0.57617098
vt 0.48709500 0.57636499
vt 0.48585200 0.57571298
vt 0.48768401 0.57617098
vt 0.48872301 0.57670498
vt 0.48812699 0.57683903
vt 0.48709500 0.57636499
vt 0.48585200 0.57571298
vt 0.48709500 0.57636499
vt 0.48648301 0.57638103
vt 0.48524499 0.57573497
vt 0.48709500 0.57636499
vt 0.48812699 0.57683903
vt 0.48750699 0.57684600
vt 0.48648301 0.57638103
vt 0.48812699 0.57683903
vt 0.48872301 0.57670498
vt 0.48942700 0.57704300
vt 0.48883599 0.57714897
vt 0.48750699 0.57684600
vt 0.48812699 0.57683903
vt 0.48883599 0.57714897
vt 0.48820400 0.57716101
vt 0.48883599 0.57714897
vt 0.48942700 0.57704300
vt 0.48983401 0.57724297
vt 0.48925099 0.57733899
vt 0.48820400 0.57716101
vt 0.48883599 0.57714897
vt 0.48925099 0.57733899
vt 0.48861799 0.57737797
vt 0.48861799 0.57737797
vt 0.45595399 0.57667798
vt 0.45596299 0.57647300
vt 0.48820400 0.57716101
vt 0.48820400 0.57716101
vt 0.45596299 0.57647300
vt 0.45595801 0.57618099
vt 0.48750699 0.57684600
vt 0.48861799 0.57737797
vt 0.48925099 0.57733899
vt 0.48946199 0.57750797
vt 0.48882300 0.57757097
vt 0.48882300 0.57757097
vt 0.45592999 0.57687700
vt 0.45595399 0.57667798
vt 0.48861799 0.57737797
vt 0.45592999 0.57687700
vt 0.45435500 0.57695901
vt 0.45441300 0.57676500
vt 0.45595399 0.57667798
vt 0.45595399 0.57667798
vt 0.45441300 0.57676500
vt 0.45444599 0.57655603
vt 0.45596299 0.57647300
vt 0.45435500 0.57695901
vt 0.44960001 0.57732099
vt 0.44965801 0.57713300
vt 0.45441300 0.57676500
vt 0.45441300 0.57676500
vt 0.44965801 0.57713300
vt 0.44969699 0.57690698
vt 0.45444599 0.57655603
vt 0.44971901 0.57657200
vt 0.45445499 0.57625300
vt 0.45444599 0.57655603
vt 0.44969699 0.57690698
vt 0.45596299 0.57647300
vt 0.45444599 0.57655603
vt 0.45445499 0.57625300
vt 0.45595801 0.57618099
vt 0.44909501 0.57687598
vt 0.44969699 0.57690698
vt 0.44965801 0.57713300
vt 0.44906700 0.57709998
vt 0.44911000 0.57654399
vt 0.44971901 0.57657200
vt 0.44969699 0.57690698
vt 0.44909501 0.57687598
vt 0.44973400 0.57607800
vt 0.44971901 0.57657200
vt 0.44911000 0.57654399
vt 0.44911301 0.57604998
vt 0.45444801 0.57580400
vt 0.45445499 0.57625300
vt 0.44971901 0.57657200
vt 0.44973400 0.57607800
vt 0.44975001 0.57539302
vt 0.44973400 0.57607800
vt 0.44911301 0.57604998
vt 0.44911000 0.57536101
vt 0.44975001 0.57539302
vt 0.45443401 0.57517701
vt 0.45444801 0.57580400
vt 0.44973400 0.57607800
vt 0.45444801 0.57580400
vt 0.45443401 0.57517701
vt 0.45591301 0.57513601
vt 0.45594099 0.57574701
vt 0.45594099 0.57574701
vt 0.45595801 0.57618099
vt 0.45445499 0.57625300
vt 0.45444801 0.57580400
vt 0.48750699 0.57684600
vt 0.45595801 0.57618099
vt 0.45594099 0.57574701
vt 0.48648301 0.57638103
vt 0.48524499 0.57573497
vt 0.48648301 0.57638103
vt 0.45594099 0.57574701
vt 0.45591301 0.57513601
vt 0.45443401 0.57517701
vt 0.45441699 0.57433999
vt 0.45587999 0.57431602
vt 0.45591301 0.57513601
vt 0.48394099 0.57488298
vt 0.48524499 0.57573497
vt 0.45591301 0.57513601
vt 0.45587999 0.57431602
vt 0.48454499 0.57486498
vt 0.48585200 0.57571298
vt 0.48524499 0.57573497
vt 0.48394099 0.57488298
vt 0.45585099 0.57325900
vt 0.48271999 0.57380003
vt 0.48394099 0.57488298
vt 0.45587999 0.57431602
vt 0.48332399 0.57378799
vt 0.48454499 0.57486498
vt 0.48394099 0.57488298
vt 0.48271999 0.57380003
vt 0.48512101 0.57466203
vt 0.48643401 0.57548201
vt 0.48585200 0.57571298
vt 0.48454499 0.57486498
vt 0.48391899 0.57363898
vt 0.48512101 0.57466203
vt 0.48454499 0.57486498
vt 0.48332399 0.57378799
vt 0.48232001 0.57246900
vt 0.48332399 0.57378799
vt 0.48271999 0.57380003
vt 0.48170900 0.57247502
vt 0.48297000 0.57235003
vt 0.48391899 0.57363898
vt 0.48332399 0.57378799
vt 0.48232001 0.57246900
vt 0.48384300 0.57204199
vt 0.48461801 0.57324398
vt 0.48391899 0.57363898
vt 0.48297000 0.57235003
vt 0.48461801 0.57324398
vt 0.48576400 0.57410002
vt 0.48512101 0.57466203
vt 0.48391899 0.57363898
vt 0.48531801 0.57270902
vt 0.48642701 0.57301497
vt 0.48576400 0.57410002
vt 0.48461801 0.57324398
vt 0.48511899 0.57161701
vt 0.48531801 0.57270902
vt 0.48461801 0.57324398
vt 0.48384300 0.57204199
vt 0.48325101 0.57060301
vt 0.48384300 0.57204199
vt 0.48297000 0.57235003
vt 0.48226601 0.57086700
vt 0.48472399 0.57009798
vt 0.48511899 0.57161701
vt 0.48384300 0.57204199
vt 0.48325101 0.57060301
vt 0.48511899 0.57161701
vt 0.48472399 0.57009798
vt 0.48688000 0.56928802
vt 0.48693299 0.57129300
vt 0.48531801 0.57270902
vt 0.48511899 0.57161701
vt 0.48693299 0.57129300
vt 0.48642701 0.57301497
vt 0.48399800 0.56868201
vt 0.48472399 0.57009798
vt 0.48325101 0.57060301
vt 0.48272401 0.56911999
vt 0.48399800 0.56868201
vt 0.48558101 0.56773800
vt 0.48688000 0.56928802
vt 0.48472399 0.57009798
vt 0.48558101 0.56773800
vt 0.48694599 0.56624502
vt 0.49060300 0.56784701
vt 0.48688000 0.56928802
vt 0.48404101 0.56672502
vt 0.48482800 0.56534201
vt 0.48694599 0.56624502
vt 0.48558101 0.56773800
vt 0.48340499 0.56769001
vt 0.48404101 0.56672502
vt 0.48558101 0.56773800
vt 0.48399800 0.56868201
vt 0.48482800 0.56534201
vt 0.48404101 0.56672502
vt 0.48278600 0.56623203
vt 0.48337799 0.56477398
vt 0.48404101 0.56672502
vt 0.48340499 0.56769001
vt 0.48249099 0.56766999
vt 0.48278600 0.56623203
vt 0.48340499 0.56769001
vt 0.48399800 0.56868201
vt 0.48272401 0.56911999
vt 0.48249099 0.56766999
vt 0.48278600 0.56623203
vt 0.48249099 0.56766999
vt 0.48163301 0.56765199
vt 0.48186299 0.56603199
vt 0.48249099 0.56766999
vt 0.48272401 0.56911999
vt 0.48179200 0.56928098
vt 0.48163301 0.56765199
vt 0.48272401 0.56911999
vt 0.48325101 0.57060301
vt 0.48226601 0.57086700
vt 0.48179200 0.56928098
vt 0.48163301 0.56765199
vt 0.48179200 0.56928098
vt 0.48111501 0.56932598
vt 0.48097599 0.56763798
vt 0.48179200 0.56928098
vt 0.48226601 0.57086700
vt 0.48157501 0.57095802
vt 0.48111501 0.56932598
vt 0.48097599 0.56763798
vt 0.48111501 0.56932598
vt 0.48050001 0.56932199
vt 0.48036501 0.56762397
vt 0.48111501 0.56932598
vt 0.48157501 0.57095802
vt 0.48095900 0.57096100
vt 0.48050001 0.56932199
vt 0.48226601 0.57086700
vt 0.48297000 0.57235003
vt 0.48232001 0.57246900
vt 0.48157501 0.57095802
vt 0.48157501 0.57095802
vt 0.48232001 0.57246900
vt 0.48170900 0.57247502
vt 0.48095900 0.57096100
vt 0.48095900 0.57096100
vt 0.48170900 0.57247502
vt 0.45583501 0.57195199
vt 0.45583600 0.57044399
vt 0.48050001 0.56932199
vt 0.48095900 0.57096100
vt 0.45583600 0.57044399
vt 0.45585400 0.56880099
vt 0.45442900 0.57042599
vt 0.45445800 0.56877601
vt 0.45585400 0.56880099
vt 0.45583600 0.57044399
vt 0.45441100 0.57194501
vt 0.45442900 0.57042599
vt 0.45583600 0.57044399
vt 0.45583501 0.57195199
vt 0.48271999 0.57380003
vt 0.45585099 0.57325900
vt 0.45583501 0.57195199
vt 0.48170900 0.57247502
vt 0.45583501 0.57195199
vt 0.45585099 0.57325900
vt 0.45440701 0.57326698
vt 0.45441100 0.57194501
vt 0.45441100 0.57194501
vt 0.45440701 0.57326698
vt 0.44980699 0.57334000
vt 0.44984999 0.57195097
vt 0.44990000 0.57038200
vt 0.45442900 0.57042599
vt 0.45441100 0.57194501
vt 0.44984999 0.57195097
vt 0.44990000 0.57038200
vt 0.44984999 0.57195097
vt 0.44915301 0.57192099
vt 0.44919401 0.57035500
vt 0.44984999 0.57195097
vt 0.44980699 0.57334000
vt 0.44912401 0.57330799
vt 0.44915301 0.57192099
vt 0.44994900 0.56869900
vt 0.45445800 0.56877601
vt 0.45442900 0.57042599
vt 0.44990000 0.57038200
vt 0.44994900 0.56869900
vt 0.44990000 0.57038200
vt 0.44919401 0.57035500
vt 0.44923899 0.56867599
vt 0.44919401 0.57035500
vt 0.43759501 0.56940299
vt 0.43743801 0.56805199
vt 0.44923899 0.56867599
vt 0.44915301 0.57192099
vt 0.43787599 0.57068998
vt 0.43759501 0.56940299
vt 0.44919401 0.57035500
vt 0.43743801 0.56805199
vt 0.43759501 0.56940299
vt 0.43544999 0.56916100
vt 0.43524799 0.56790203
vt 0.43759501 0.56940299
vt 0.43787599 0.57068998
vt 0.43579701 0.57036799
vt 0.43544999 0.56916100
vt 0.43787599 0.57068998
vt 0.43829200 0.57187200
vt 0.43629700 0.57149398
vt 0.43579701 0.57036799
vt 0.44912401 0.57330799
vt 0.43829200 0.57187200
vt 0.43787599 0.57068998
vt 0.44915301 0.57192099
vt 0.43885699 0.57290900
vt 0.43829200 0.57187200
vt 0.44912401 0.57330799
vt 0.44911101 0.57445401
vt 0.43829200 0.57187200
vt 0.43885699 0.57290900
vt 0.43696100 0.57250398
vt 0.43629700 0.57149398
vt 0.44980699 0.57334000
vt 0.44977400 0.57448602
vt 0.44911101 0.57445401
vt 0.44912401 0.57330799
vt 0.44977400 0.57448602
vt 0.44975001 0.57539302
vt 0.44911000 0.57536101
vt 0.44911101 0.57445401
vt 0.44911000 0.57536101
vt 0.43954501 0.57378399
vt 0.43885699 0.57290900
vt 0.44911101 0.57445401
vt 0.44980699 0.57334000
vt 0.45440701 0.57326698
vt 0.45441699 0.57433999
vt 0.44977400 0.57448602
vt 0.44977400 0.57448602
vt 0.45441699 0.57433999
vt 0.45443401 0.57517701
vt 0.44975001 0.57539302
vt 0.45440701 0.57326698
vt 0.45585099 0.57325900
vt 0.45587999 0.57431602
vt 0.45441699 0.57433999
vt 0.44911301 0.57604998
vt 0.44028899 0.57448602
vt 0.43954501 0.57378399
vt 0.44911000 0.57536101
vt 0.43954501 0.57378399
vt 0.44028899 0.57448602
vt 0.43871799 0.57410401
vt 0.43778300 0.57338202
vt 0.43885699 0.57290900
vt 0.43954501 0.57378399
vt 0.43778300 0.57338202
vt 0.43696100 0.57250398
vt 0.43672901 0.57314700
vt 0.43580899 0.57225400
vt 0.43696100 0.57250398
vt 0.43778300 0.57338202
vt 0.43785599 0.57393599
vt 0.43672901 0.57314700
vt 0.43778300 0.57338202
vt 0.43871799 0.57410401
vt 0.43924800 0.57464099
vt 0.43785599 0.57393599
vt 0.43871799 0.57410401
vt 0.43953499 0.57458502
vt 0.44028899 0.57448602
vt 0.44085899 0.57498401
vt 0.43953499 0.57458502
vt 0.43871799 0.57410401
vt 0.43953499 0.57458502
vt 0.44085899 0.57498401
vt 0.44101501 0.57527298
vt 0.43924800 0.57464099
vt 0.44085899 0.57498401
vt 0.44911000 0.57654399
vt 0.44909501 0.57687598
vt 0.44101501 0.57527298
vt 0.44911000 0.57654399
vt 0.44085899 0.57498401
vt 0.44028899 0.57448602
vt 0.44911301 0.57604998
vt 0.44101501 0.57527298
vt 0.44909501 0.57687598
vt 0.44906700 0.57709998
vt 0.44097900 0.57544798
vt 0.43924800 0.57464099
vt 0.44101501 0.57527298
vt 0.44097900 0.57544798
vt 0.43902001 0.57471800
vt 0.44097900 0.57544798
vt 0.44906700 0.57709998
vt 0.44902501 0.57729101
vt 0.44093499 0.57561302
vt 0.43902001 0.57471800
vt 0.44097900 0.57544798
vt 0.44093499 0.57561302
vt 0.43890101 0.57483500
vt 0.43890101 0.57483500
vt 0.43726099 0.57397503
vt 0.43744501 0.57391101
vt 0.43902001 0.57471800
vt 0.43902001 0.57471800
vt 0.43744501 0.57391101
vt 0.43785599 0.57393599
vt 0.43924800 0.57464099
vt 0.43744501 0.57391101
vt 0.43620199 0.57305700
vt 0.43672901 0.57314700
vt 0.43785599 0.57393599
vt 0.43726099 0.57397503
vt 0.43597099 0.57307500
vt 0.43620199 0.57305700
vt 0.43744501 0.57391101
vt 0.43515500 0.57397300
vt 0.43597099 0.57307500
vt 0.43726099 0.57397503
vt 0.43655801 0.57505000
vt 0.43726099 0.57397503
vt 0.43890101 0.57483500
vt 0.43831301 0.57608402
vt 0.43655801 0.57505000
vt 0.43597099 0.57307500
vt 0.43496001 0.57212800
vt 0.43521801 0.57213902
vt 0.43620199 0.57305700
vt 0.43406099 0.57283503
vt 0.43496001 0.57212800
vt 0.43597099 0.57307500
vt 0.43515500 0.57397300
vt 0.42972800 0.57888901
vt 0.43515500 0.57397300
vt 0.43655801 0.57505000
vt 0.43154699 0.58071101
vt 0.42816600 0.57707900
vt 0.43406099 0.57283503
vt 0.43515500 0.57397300
vt 0.42972800 0.57888901
vt 0.43418100 0.57112801
vt 0.43496001 0.57212800
vt 0.43406099 0.57283503
vt 0.43322700 0.57166201
vt 0.42816600 0.57707900
vt 0.42688000 0.57516801
vt 0.43322700 0.57166201
vt 0.43406099 0.57283503
vt 0.41496000 0.01786700
vt 0.41406101 0.01903000
vt 0.40788400 0.01541400
vt 0.40909699 0.01348200
vt 0.41496000 0.01786700
vt 0.40909699 0.01348200
vt 0.41062301 0.01160000
vt 0.41609901 0.01675200
vt 0.41406101 0.01903000
vt 0.41496000 0.01786700
vt 0.41518399 0.01806800
vt 0.41430199 0.01919100
vt 0.41496000 0.01786700
vt 0.41609901 0.01675200
vt 0.41630399 0.01699400
vt 0.41518399 0.01806800
vt 0.41518399 0.01806800
vt 0.41604900 0.01880000
vt 0.41523999 0.01976300
vt 0.41430199 0.01919100
vt 0.41630399 0.01699400
vt 0.41708100 0.01789500
vt 0.41604900 0.01880000
vt 0.41518399 0.01806800
vt 0.41523999 0.01976300
vt 0.41604900 0.01880000
vt 0.41630399 0.01879800
vt 0.41551101 0.01975100
vt 0.41604900 0.01880000
vt 0.41708100 0.01789500
vt 0.41731000 0.01792000
vt 0.41630399 0.01879800
vt 0.41708100 0.01789500
vt 0.41838899 0.01703900
vt 0.41857001 0.01710800
vt 0.41731000 0.01792000
vt 0.41772199 0.01594000
vt 0.41838899 0.01703900
vt 0.41708100 0.01789500
vt 0.41630399 0.01699400
vt 0.41772199 0.01594000
vt 0.41949600 0.01497900
vt 0.42004201 0.01623400
vt 0.41838899 0.01703900
vt 0.41838899 0.01703900
vt 0.42004201 0.01623400
vt 0.42015600 0.01635300
vt 0.41857001 0.01710800
vt 0.41731000 0.01792000
vt 0.41857001 0.01710800
vt 0.41897801 0.01709500
vt 0.41783601 0.01784600
vt 0.41857001 0.01710800
vt 0.42015600 0.01635300
vt 0.42038000 0.01643600
vt 0.41897801 0.01709500
vt 0.41897801 0.01709500
vt 0.42038000 0.01643600
vt 0.42066401 0.01649900
vt 0.41983899 0.01695400
vt 0.41783601 0.01784600
vt 0.41897801 0.01709500
vt 0.41983899 0.01695400
vt 0.41888899 0.01764400
vt 0.41689399 0.01870300
vt 0.41783601 0.01784600
vt 0.41888899 0.01764400
vt 0.41804701 0.01849200
vt 0.41630399 0.01879800
vt 0.41731000 0.01792000
vt 0.41783601 0.01784600
vt 0.41689399 0.01870300
vt 0.41613799 0.01966200
vt 0.41689399 0.01870300
vt 0.41804701 0.01849200
vt 0.41735399 0.01947300
vt 0.41551101 0.01975100
vt 0.41630399 0.01879800
vt 0.41689399 0.01870300
vt 0.41613799 0.01966200
vt 0.41555300 0.02072400
vt 0.41613799 0.01966200
vt 0.41735399 0.01947300
vt 0.41682100 0.02057500
vt 0.41489801 0.02079500
vt 0.41551101 0.01975100
vt 0.41613799 0.01966200
vt 0.41555300 0.02072400
vt 0.41935000 0.01916000
vt 0.41889900 0.02032300
vt 0.41682100 0.02057500
vt 0.41735399 0.01947300
vt 0.41994199 0.01814700
vt 0.41935000 0.01916000
vt 0.41735399 0.01947300
vt 0.41804701 0.01849200
vt 0.41512701 0.02186400
vt 0.41555300 0.02072400
vt 0.41682100 0.02057500
vt 0.41643500 0.02176400
vt 0.41889900 0.02032300
vt 0.41857901 0.02159400
vt 0.41643500 0.02176400
vt 0.41682100 0.02057500
vt 0.41889900 0.02032300
vt 0.41935000 0.01916000
vt 0.43020999 0.01803600
vt 0.43019599 0.01942400
vt 0.43018901 0.02099100
vt 0.41857901 0.02159400
vt 0.41889900 0.02032300
vt 0.43019599 0.01942400
vt 0.41857901 0.02159400
vt 0.41837999 0.02293300
vt 0.41619301 0.02300900
vt 0.41643500 0.02176400
vt 0.43018401 0.02267000
vt 0.41837999 0.02293300
vt 0.41857901 0.02159400
vt 0.43018901 0.02099100
vt 0.43017799 0.02440000
vt 0.41830301 0.02430400
vt 0.41837999 0.02293300
vt 0.43018401 0.02267000
vt 0.41837999 0.02293300
vt 0.41830301 0.02430400
vt 0.41610101 0.02428200
vt 0.41619301 0.02300900
vt 0.41835600 0.02567800
vt 0.41830301 0.02430400
vt 0.43017799 0.02440000
vt 0.43016201 0.02613200
vt 0.41830301 0.02430400
vt 0.41835600 0.02567800
vt 0.41616899 0.02555700
vt 0.41610101 0.02428200
vt 0.41483501 0.02548600
vt 0.41475701 0.02426900
vt 0.41610101 0.02428200
vt 0.41616899 0.02555700
vt 0.41475701 0.02426900
vt 0.41485900 0.02305300
vt 0.41619301 0.02300900
vt 0.41610101 0.02428200
vt 0.41406101 0.02426100
vt 0.41417000 0.02307400
vt 0.41485900 0.02305300
vt 0.41475701 0.02426900
vt 0.41414601 0.02545100
vt 0.41406101 0.02426100
vt 0.41475701 0.02426900
vt 0.41483501 0.02548600
vt 0.41485900 0.02305300
vt 0.41512701 0.02186400
vt 0.41643500 0.02176400
vt 0.41619301 0.02300900
vt 0.41417000 0.02307400
vt 0.41445100 0.02191100
vt 0.41512701 0.02186400
vt 0.41485900 0.02305300
vt 0.41375899 0.02425900
vt 0.41387400 0.02307800
vt 0.41417000 0.02307400
vt 0.41406101 0.02426100
vt 0.41387400 0.02307800
vt 0.41415900 0.02192200
vt 0.41445100 0.02191100
vt 0.41417000 0.02307400
vt 0.41445100 0.02191100
vt 0.41489801 0.02079500
vt 0.41555300 0.02072400
vt 0.41512701 0.02186400
vt 0.41415900 0.02192200
vt 0.41461399 0.02080900
vt 0.41489801 0.02079500
vt 0.41445100 0.02191100
vt 0.41314000 0.02164900
vt 0.41415900 0.02192200
vt 0.41387400 0.02307800
vt 0.41284299 0.02294100
vt 0.41362801 0.02039200
vt 0.41461399 0.02080900
vt 0.41415900 0.02192200
vt 0.41314000 0.02164900
vt 0.41461399 0.02080900
vt 0.41523999 0.01976300
vt 0.41551101 0.01975100
vt 0.41489801 0.02079500
vt 0.41362801 0.02039200
vt 0.41430199 0.01919100
vt 0.41523999 0.01976300
vt 0.41461399 0.02080900
vt 0.41406101 0.01903000
vt 0.41430199 0.01919100
vt 0.41362801 0.02039200
vt 0.41336900 0.02027000
vt 0.41336900 0.02027000
vt 0.41362801 0.02039200
vt 0.41314000 0.02164900
vt 0.41287300 0.02156800
vt 0.40788400 0.01541400
vt 0.41406101 0.01903000
vt 0.41336900 0.02027000
vt 0.40682301 0.01740400
vt 0.41287300 0.02156800
vt 0.40600699 0.01953200
vt 0.40682301 0.01740400
vt 0.41336900 0.02027000
vt 0.42519301 0.57091898
vt 0.43213800 0.56915897
vt 0.43257600 0.57044500
vt 0.42595601 0.57307798
vt 0.43322700 0.57166201
vt 0.42688000 0.57516801
vt 0.42595601 0.57307798
vt 0.43257600 0.57044500
vt 0.43358800 0.57005697
vt 0.43418100 0.57112801
vt 0.43322700 0.57166201
vt 0.43257600 0.57044500
vt 0.43213800 0.56915897
vt 0.43317100 0.56892198
vt 0.43358800 0.57005697
vt 0.43257600 0.57044500
vt 0.43189800 0.56785399
vt 0.43292701 0.56775397
vt 0.43317100 0.56892198
vt 0.43213800 0.56915897
vt 0.42471400 0.56864798
vt 0.43189800 0.56785399
vt 0.43213800 0.56915897
vt 0.42519301 0.57091898
vt 0.43317100 0.56892198
vt 0.43292701 0.56775397
vt 0.43322301 0.56776899
vt 0.43346301 0.56894398
vt 0.43358800 0.57005697
vt 0.43317100 0.56892198
vt 0.43346301 0.56894398
vt 0.43387201 0.57008100
vt 0.43285000 0.56656897
vt 0.43292701 0.56775397
vt 0.43189800 0.56785399
vt 0.43182701 0.56654900
vt 0.43292701 0.56775397
vt 0.43285000 0.56656897
vt 0.43315300 0.56657499
vt 0.43322301 0.56776899
vt 0.43285000 0.56656897
vt 0.43297699 0.56538600
vt 0.43327501 0.56538498
vt 0.43315300 0.56657499
vt 0.43297699 0.56538600
vt 0.43285000 0.56656897
vt 0.43182701 0.56654900
vt 0.43194100 0.56523699
vt 0.42467901 0.56633103
vt 0.42495400 0.56405997
vt 0.43194100 0.56523699
vt 0.43182701 0.56654900
vt 0.42471400 0.56864798
vt 0.42467901 0.56633103
vt 0.43182701 0.56654900
vt 0.43189800 0.56785399
vt 0.41246301 0.02424600
vt 0.41254601 0.02559300
vt 0.40527999 0.02638600
vt 0.40522000 0.02405800
vt 0.41257101 0.02290000
vt 0.41246301 0.02424600
vt 0.40522000 0.02405800
vt 0.40546501 0.02176300
vt 0.41257101 0.02290000
vt 0.40546501 0.02176300
vt 0.40600699 0.01953200
vt 0.41287300 0.02156800
vt 0.41257101 0.02290000
vt 0.41284299 0.02294100
vt 0.41273701 0.02424900
vt 0.41246301 0.02424600
vt 0.41287300 0.02156800
vt 0.41314000 0.02164900
vt 0.41284299 0.02294100
vt 0.41257101 0.02290000
vt 0.41284299 0.02294100
vt 0.41387400 0.02307800
vt 0.41375899 0.02425900
vt 0.41273701 0.02424900
vt 0.41246301 0.02424600
vt 0.41273701 0.02424900
vt 0.41281599 0.02555600
vt 0.41254601 0.02559300
vt 0.41281599 0.02555600
vt 0.41273701 0.02424900
vt 0.41375899 0.02425900
vt 0.41385001 0.02544000
vt 0.41385001 0.02544000
vt 0.41375899 0.02425900
vt 0.41406101 0.02426100
vt 0.41414601 0.02545100
vt 0.41411200 0.02660100
vt 0.41385001 0.02544000
vt 0.41414601 0.02545100
vt 0.41440299 0.02661800
vt 0.41281599 0.02555600
vt 0.41385001 0.02544000
vt 0.41411200 0.02660100
vt 0.41308901 0.02685200
vt 0.41440299 0.02661800
vt 0.41414601 0.02545100
vt 0.41483501 0.02548600
vt 0.41507801 0.02668100
vt 0.41454199 0.02772500
vt 0.41411200 0.02660100
vt 0.41440299 0.02661800
vt 0.41482601 0.02774600
vt 0.41482601 0.02774600
vt 0.41440299 0.02661800
vt 0.41507801 0.02668100
vt 0.41547999 0.02783300
vt 0.41547999 0.02783300
vt 0.41507801 0.02668100
vt 0.41638601 0.02680900
vt 0.41674900 0.02801100
vt 0.41507801 0.02668100
vt 0.41483501 0.02548600
vt 0.41616899 0.02555700
vt 0.41638601 0.02680900
vt 0.41835600 0.02567800
vt 0.41853201 0.02702400
vt 0.41638601 0.02680900
vt 0.41616899 0.02555700
vt 0.41853201 0.02702400
vt 0.41883001 0.02830600
vt 0.41674900 0.02801100
vt 0.41638601 0.02680900
vt 0.41604301 0.02891300
vt 0.41547999 0.02783300
vt 0.41674900 0.02801100
vt 0.41726199 0.02912900
vt 0.41883001 0.02830600
vt 0.41926199 0.02948200
vt 0.41726199 0.02912900
vt 0.41674900 0.02801100
vt 0.43013299 0.02938100
vt 0.41883001 0.02830600
vt 0.41853201 0.02702400
vt 0.43014601 0.02781100
vt 0.43013099 0.03077100
vt 0.41926199 0.02948200
vt 0.41883001 0.02830600
vt 0.43013299 0.02938100
vt 0.41926199 0.02948200
vt 0.41984099 0.03051100
vt 0.41793999 0.03013100
vt 0.41726199 0.02912900
vt 0.41984099 0.03051100
vt 0.41926199 0.02948200
vt 0.43013099 0.03077100
vt 0.43013999 0.03192100
vt 0.43015799 0.03283300
vt 0.42054099 0.03137700
vt 0.41984099 0.03051100
vt 0.43013999 0.03192100
vt 0.41984099 0.03051100
vt 0.42054099 0.03137700
vt 0.41877401 0.03100000
vt 0.41793999 0.03013100
vt 0.41771600 0.03077700
vt 0.41678300 0.02989600
vt 0.41793999 0.03013100
vt 0.41877401 0.03100000
vt 0.41678300 0.02989600
vt 0.41604301 0.02891300
vt 0.41726199 0.02912900
vt 0.41793999 0.03013100
vt 0.41619101 0.02978800
vt 0.41541499 0.02880800
vt 0.41604301 0.02891300
vt 0.41678300 0.02989600
vt 0.41718701 0.03069300
vt 0.41619101 0.02978800
vt 0.41678300 0.02989600
vt 0.41771600 0.03077700
vt 0.41844299 0.03153500
vt 0.41718701 0.03069300
vt 0.41771600 0.03077700
vt 0.41885501 0.03155300
vt 0.41885501 0.03155300
vt 0.41771600 0.03077700
vt 0.41877401 0.03100000
vt 0.41971800 0.03170900
vt 0.42002901 0.03231700
vt 0.41844299 0.03153500
vt 0.41885501 0.03155300
vt 0.42025501 0.03223700
vt 0.42025501 0.03223700
vt 0.41885501 0.03155300
vt 0.41971800 0.03170900
vt 0.42054099 0.03217700
vt 0.42025501 0.03223700
vt 0.42202699 0.03284200
vt 0.42199400 0.03301900
vt 0.42002901 0.03231700
vt 0.42054099 0.03217700
vt 0.42186800 0.03255600
vt 0.42202699 0.03284200
vt 0.42025501 0.03223700
vt 0.42202699 0.03284200
vt 0.43017501 0.03435800
vt 0.43015200 0.03458500
vt 0.42199400 0.03301900
vt 0.42186800 0.03255600
vt 0.43018299 0.03402300
vt 0.43017501 0.03435800
vt 0.42202699 0.03284200
vt 0.42002901 0.03231700
vt 0.42199400 0.03301900
vt 0.42195100 0.03318400
vt 0.41991201 0.03243600
vt 0.42199400 0.03301900
vt 0.43015200 0.03458500
vt 0.43011299 0.03477800
vt 0.42195100 0.03318400
vt 0.42964000 0.03643100
vt 0.42150399 0.03460200
vt 0.42195100 0.03318400
vt 0.43011299 0.03477800
vt 0.42150399 0.03460200
vt 0.41934800 0.03369700
vt 0.41991201 0.03243600
vt 0.42195100 0.03318400
vt 0.41991201 0.03243600
vt 0.41826001 0.03160200
vt 0.41844299 0.03153500
vt 0.42002901 0.03231700
vt 0.41756800 0.03270200
vt 0.41826001 0.03160200
vt 0.41991201 0.03243600
vt 0.41934800 0.03369700
vt 0.41918999 0.03401700
vt 0.41934800 0.03369700
vt 0.42150399 0.03460200
vt 0.42138499 0.03496100
vt 0.41738099 0.03298400
vt 0.41756800 0.03270200
vt 0.41934800 0.03369700
vt 0.41918999 0.03401700
vt 0.41593900 0.03185400
vt 0.41615200 0.03161300
vt 0.41756800 0.03270200
vt 0.41738099 0.03298400
vt 0.41615200 0.03161300
vt 0.41695499 0.03071500
vt 0.41826001 0.03160200
vt 0.41756800 0.03270200
vt 0.41503999 0.03050100
vt 0.41593301 0.02978000
vt 0.41695499 0.03071500
vt 0.41615200 0.03161300
vt 0.41480699 0.03070000
vt 0.41503999 0.03050100
vt 0.41615200 0.03161300
vt 0.41593900 0.03185400
vt 0.41695499 0.03071500
vt 0.41593301 0.02978000
vt 0.41619101 0.02978800
vt 0.41718701 0.03069300
vt 0.41826001 0.03160200
vt 0.41695499 0.03071500
vt 0.41718701 0.03069300
vt 0.41844299 0.03153500
vt 0.41503999 0.03050100
vt 0.41418901 0.02933500
vt 0.41514301 0.02878900
vt 0.41593301 0.02978000
vt 0.41593301 0.02978000
vt 0.41514301 0.02878900
vt 0.41541499 0.02880800
vt 0.41619101 0.02978800
vt 0.41514301 0.02878900
vt 0.41454199 0.02772500
vt 0.41482601 0.02774600
vt 0.41541499 0.02880800
vt 0.41354901 0.02811500
vt 0.41454199 0.02772500
vt 0.41514301 0.02878900
vt 0.41418901 0.02933500
vt 0.41308901 0.02685200
vt 0.41411200 0.02660100
vt 0.41454199 0.02772500
vt 0.41354901 0.02811500
vt 0.41328999 0.02822800
vt 0.41354901 0.02811500
vt 0.41418901 0.02933500
vt 0.41393900 0.02948900
vt 0.41282099 0.02692700
vt 0.41308901 0.02685200
vt 0.41354901 0.02811500
vt 0.41328999 0.02822800
vt 0.41254601 0.02559300
vt 0.41281599 0.02555600
vt 0.41308901 0.02685200
vt 0.41282099 0.02692700
vt 0.41328999 0.02822800
vt 0.40633899 0.03099200
vt 0.40565300 0.02871300
vt 0.41282099 0.02692700
vt 0.41282099 0.02692700
vt 0.40565300 0.02871300
vt 0.40527999 0.02638600
vt 0.41254601 0.02559300
vt 0.42626500 0.55971098
vt 0.43277600 0.56268901
vt 0.43225300 0.56393403
vt 0.42552400 0.56186402
vt 0.42552400 0.56186402
vt 0.43225300 0.56393403
vt 0.43194100 0.56523699
vt 0.42495400 0.56405997
vt 0.43225300 0.56393403
vt 0.43327901 0.56422800
vt 0.43297699 0.56538600
vt 0.43194100 0.56523699
vt 0.43277600 0.56268901
vt 0.43375400 0.56311703
vt 0.43327901 0.56422800
vt 0.43225300 0.56393403
vt 0.43439499 0.56207597
vt 0.43375400 0.56311703
vt 0.43277600 0.56268901
vt 0.43346199 0.56149501
vt 0.42626500 0.55971098
vt 0.42738301 0.55773199
vt 0.43346199 0.56149501
vt 0.43277600 0.56268901
vt 0.42738301 0.55773199
vt 0.42873001 0.55590701
vt 0.43435699 0.56036198
vt 0.43346199 0.56149501
vt 0.43522000 0.56111699
vt 0.43439499 0.56207597
vt 0.43346199 0.56149501
vt 0.43435699 0.56036198
vt 0.43439499 0.56207597
vt 0.43522000 0.56111699
vt 0.43547699 0.56111801
vt 0.43466699 0.56206697
vt 0.43375400 0.56311703
vt 0.43439499 0.56207597
vt 0.43466699 0.56206697
vt 0.43403900 0.56310701
vt 0.43522000 0.56111699
vt 0.43627000 0.56022298
vt 0.43650001 0.56025100
vt 0.43547699 0.56111801
vt 0.43550399 0.55930603
vt 0.43627000 0.56022298
vt 0.43522000 0.56111699
vt 0.43435699 0.56036198
vt 0.43694299 0.55826998
vt 0.43759799 0.55938101
vt 0.43627000 0.56022298
vt 0.43550399 0.55930603
vt 0.43627000 0.56022298
vt 0.43759799 0.55938101
vt 0.43777901 0.55945402
vt 0.43650001 0.56025100
vt 0.43874499 0.55732501
vt 0.43927401 0.55859798
vt 0.43759799 0.55938101
vt 0.43694299 0.55826998
vt 0.43759799 0.55938101
vt 0.43927401 0.55859798
vt 0.43938699 0.55871999
vt 0.43777901 0.55945402
vt 0.44137400 0.55808002
vt 0.43938699 0.55871999
vt 0.43927401 0.55859798
vt 0.44133800 0.55791402
vt 0.44133800 0.55791402
vt 0.43927401 0.55859798
vt 0.43874499 0.55732501
vt 0.44093901 0.55646098
vt 0.43226999 0.55244702
vt 0.43461299 0.55092198
vt 0.43874499 0.55732501
vt 0.43694299 0.55826998
vt 0.43461299 0.55092198
vt 0.43724099 0.54954702
vt 0.44093901 0.55646098
vt 0.43874499 0.55732501
vt 0.44093901 0.55646098
vt 0.43724099 0.54954702
vt 0.44701299 0.54683501
vt 0.44904000 0.55497497
vt 0.44133800 0.55791402
vt 0.44093901 0.55646098
vt 0.44904000 0.55497497
vt 0.44948399 0.55660403
vt 0.41918999 0.03401700
vt 0.42138499 0.03496100
vt 0.41718501 0.04213900
vt 0.41453701 0.04053000
vt 0.41718501 0.04213900
vt 0.42138499 0.03496100
vt 0.42952999 0.03682800
vt 0.42733899 0.04506400
vt 0.44760200 0.54670501
vt 0.44962299 0.55493402
vt 0.44904000 0.55497497
vt 0.44701299 0.54683501
vt 0.43009999 0.03690300
vt 0.42793101 0.04522600
vt 0.42733899 0.04506400
vt 0.42952999 0.03682800
vt 0.42952999 0.03682800
vt 0.42964000 0.03643100
vt 0.43022400 0.03648300
vt 0.43009999 0.03690300
vt 0.42150399 0.03460200
vt 0.42964000 0.03643100
vt 0.42952999 0.03682800
vt 0.42138499 0.03496100
vt 0.43069601 0.03479400
vt 0.43022400 0.03648300
vt 0.42964000 0.03643100
vt 0.43011299 0.03477800
vt 0.43544099 0.03427900
vt 0.43488601 0.03634000
vt 0.43022400 0.03648300
vt 0.43069601 0.03479400
vt 0.43009999 0.03690300
vt 0.43022400 0.03648300
vt 0.43488601 0.03634000
vt 0.43468001 0.03706100
vt 0.43015200 0.03458500
vt 0.43075001 0.03460300
vt 0.43069601 0.03479400
vt 0.43011299 0.03477800
vt 0.43075001 0.03460300
vt 0.43549299 0.03408500
vt 0.43544099 0.03427900
vt 0.43069601 0.03479400
vt 0.43078300 0.03437500
vt 0.43551901 0.03387700
vt 0.43549299 0.03408500
vt 0.43075001 0.03460300
vt 0.43017501 0.03435800
vt 0.43078300 0.03437500
vt 0.43075001 0.03460300
vt 0.43015200 0.03458500
vt 0.43079600 0.03403600
vt 0.43551999 0.03357500
vt 0.43551901 0.03387700
vt 0.43078300 0.03437500
vt 0.43018299 0.03402300
vt 0.43079600 0.03403600
vt 0.43078300 0.03437500
vt 0.43017501 0.03435800
vt 0.43079901 0.03354000
vt 0.43079600 0.03403600
vt 0.43018299 0.03402300
vt 0.43017501 0.03352500
vt 0.43550101 0.03312900
vt 0.43551999 0.03357500
vt 0.43079600 0.03403600
vt 0.43079901 0.03354000
vt 0.43698201 0.03303700
vt 0.43700799 0.03346600
vt 0.43551999 0.03357500
vt 0.43550101 0.03312900
vt 0.43551999 0.03357500
vt 0.43700799 0.03346600
vt 0.43701801 0.03375500
vt 0.43551901 0.03387700
vt 0.43080100 0.03285100
vt 0.43547201 0.03250600
vt 0.43550101 0.03312900
vt 0.43079901 0.03354000
vt 0.43550101 0.03312900
vt 0.43547201 0.03250600
vt 0.43694100 0.03243000
vt 0.43698201 0.03303700
vt 0.46611801 0.03257400
vt 0.46736100 0.03319900
vt 0.43698201 0.03303700
vt 0.43694100 0.03243000
vt 0.46838799 0.03364600
vt 0.43700799 0.03346600
vt 0.43698201 0.03303700
vt 0.46736100 0.03319900
vt 0.46797100 0.03317300
vt 0.46900499 0.03363000
vt 0.46838799 0.03364600
vt 0.46736100 0.03319900
vt 0.46672201 0.03254200
vt 0.46797100 0.03317300
vt 0.46736100 0.03319900
vt 0.46611801 0.03257400
vt 0.46729901 0.03230400
vt 0.46855500 0.03297100
vt 0.46797100 0.03317300
vt 0.46672201 0.03254200
vt 0.46855500 0.03297100
vt 0.46959499 0.03348900
vt 0.46900499 0.03363000
vt 0.46797100 0.03317300
vt 0.47029901 0.03381800
vt 0.46971199 0.03392900
vt 0.46900499 0.03363000
vt 0.46959499 0.03348900
vt 0.46971199 0.03392900
vt 0.46908599 0.03394900
vt 0.46838799 0.03364600
vt 0.46900499 0.03363000
vt 0.47070599 0.03401500
vt 0.47012600 0.03411400
vt 0.46971199 0.03392900
vt 0.47029901 0.03381800
vt 0.47012600 0.03411400
vt 0.46949899 0.03415800
vt 0.46908599 0.03394900
vt 0.46971199 0.03392900
vt 0.46949899 0.03415800
vt 0.43701401 0.03395900
vt 0.43701801 0.03375500
vt 0.46908599 0.03394900
vt 0.43701801 0.03375500
vt 0.43700799 0.03346600
vt 0.46838799 0.03364600
vt 0.46908599 0.03394900
vt 0.43551901 0.03387700
vt 0.43701801 0.03375500
vt 0.43701401 0.03395900
vt 0.43549299 0.03408500
vt 0.46970400 0.03434700
vt 0.43699399 0.03415700
vt 0.43701401 0.03395900
vt 0.46949899 0.03415800
vt 0.43549299 0.03408500
vt 0.43701401 0.03395900
vt 0.43699399 0.03415700
vt 0.43544099 0.03427900
vt 0.43544099 0.03427900
vt 0.43699399 0.03415700
vt 0.43650800 0.03636600
vt 0.43488601 0.03634000
vt 0.43699399 0.03415700
vt 0.46970400 0.03434700
vt 0.47015300 0.03647500
vt 0.43650800 0.03636600
vt 0.47073400 0.03598400
vt 0.47015300 0.03647500
vt 0.46970400 0.03434700
vt 0.47033700 0.03428100
vt 0.47033700 0.03428100
vt 0.46970400 0.03434700
vt 0.46949899 0.03415800
vt 0.47012600 0.03411400
vt 0.47073400 0.03598400
vt 0.47033700 0.03428100
vt 0.47091600 0.03417500
vt 0.47130200 0.03570300
vt 0.47091600 0.03417500
vt 0.47033700 0.03428100
vt 0.47012600 0.03411400
vt 0.47070599 0.03401500
vt 0.47130200 0.03570300
vt 0.47091600 0.03417500
vt 0.47158301 0.03399400
vt 0.47203699 0.03545400
vt 0.47158301 0.03399400
vt 0.47091600 0.03417500
vt 0.47070599 0.03401500
vt 0.47137299 0.03381900
vt 0.47247800 0.03368200
vt 0.47158301 0.03399400
vt 0.47137299 0.03381900
vt 0.47226700 0.03346800
vt 0.47203699 0.03545400
vt 0.47158301 0.03399400
vt 0.47247800 0.03368200
vt 0.47304901 0.03510600
vt 0.47437000 0.03452800
vt 0.47304901 0.03510600
vt 0.47247800 0.03368200
vt 0.47367001 0.03316600
vt 0.47367001 0.03316600
vt 0.47247800 0.03368200
vt 0.47226700 0.03346800
vt 0.47345999 0.03289500
vt 0.47437000 0.03452800
vt 0.47367001 0.03316600
vt 0.47502401 0.03243000
vt 0.47584501 0.03368900
vt 0.47502401 0.03243000
vt 0.47367001 0.03316600
vt 0.47345999 0.03289500
vt 0.47481599 0.03213200
vt 0.47345999 0.03289500
vt 0.47226700 0.03346800
vt 0.47186199 0.03307400
vt 0.47305000 0.03232600
vt 0.47481599 0.03213200
vt 0.47345999 0.03289500
vt 0.47305000 0.03232600
vt 0.47441000 0.03147400
vt 0.47637001 0.03149700
vt 0.47502401 0.03243000
vt 0.47481599 0.03213200
vt 0.47615999 0.03123600
vt 0.47615999 0.03123600
vt 0.47481599 0.03213200
vt 0.47441000 0.03147400
vt 0.47576499 0.03067500
vt 0.47755000 0.03037600
vt 0.47637001 0.03149700
vt 0.47615999 0.03123600
vt 0.47732201 0.03017800
vt 0.47732201 0.03017800
vt 0.47615999 0.03123600
vt 0.47576499 0.03067500
vt 0.47687700 0.02979400
vt 0.47729999 0.03261100
vt 0.47637001 0.03149700
vt 0.47755000 0.03037600
vt 0.47860900 0.03133700
vt 0.47584501 0.03368900
vt 0.47502401 0.03243000
vt 0.47637001 0.03149700
vt 0.47729999 0.03261100
vt 0.47584501 0.03368900
vt 0.47729999 0.03261100
vt 0.47745699 0.03281200
vt 0.47596800 0.03391900
vt 0.47729999 0.03261100
vt 0.47860900 0.03133700
vt 0.47879499 0.03150400
vt 0.47745699 0.03281200
vt 0.47969800 0.02987400
vt 0.47860900 0.03133700
vt 0.47755000 0.03037600
vt 0.47849500 0.02910100
vt 0.47860900 0.03133700
vt 0.47969800 0.02987400
vt 0.47991300 0.03000700
vt 0.47879499 0.03150400
vt 0.47745699 0.03281200
vt 0.47879499 0.03150400
vt 0.47905299 0.03174100
vt 0.47770000 0.03310000
vt 0.47879499 0.03150400
vt 0.47991300 0.03000700
vt 0.48022601 0.03021800
vt 0.47905299 0.03174100
vt 0.56481600 0.32794699
vt 0.56296003 0.32964700
vt 0.56043100 0.32648799
vt 0.56154603 0.32554600
vt 0.56296003 0.32964700
vt 0.56083000 0.33078700
vt 0.55916899 0.32718199
vt 0.56043100 0.32648799
vt 0.47991300 0.03000700
vt 0.48075899 0.02832400
vt 0.48114401 0.02847500
vt 0.48022601 0.03021800
vt 0.56083000 0.33078700
vt 0.55855501 0.33143800
vt 0.55781299 0.32761601
vt 0.55916899 0.32718199
vt 0.55916899 0.32718199
vt 0.55781299 0.32761601
vt 0.55738401 0.32554299
vt 0.55834198 0.32521299
vt 0.56043100 0.32648799
vt 0.55916899 0.32718199
vt 0.55834198 0.32521299
vt 0.55921900 0.32470101
vt 0.55855501 0.33143800
vt 0.55625701 0.33168000
vt 0.55641401 0.32778201
vt 0.55781299 0.32761601
vt 0.55781299 0.32761601
vt 0.55641401 0.32778201
vt 0.55638403 0.32568201
vt 0.55738401 0.32554299
vt 0.55625701 0.33168000
vt 0.55403602 0.33146301
vt 0.55502301 0.32768399
vt 0.55641401 0.32778201
vt 0.55641401 0.32778201
vt 0.55502301 0.32768399
vt 0.55537802 0.32562900
vt 0.55638403 0.32568201
vt 0.55403602 0.33146301
vt 0.55195701 0.33073801
vt 0.55368400 0.32733801
vt 0.55502301 0.32768399
vt 0.55502301 0.32768399
vt 0.55368400 0.32733801
vt 0.55440199 0.32539001
vt 0.55537802 0.32562900
vt 0.55368400 0.32733801
vt 0.55243599 0.32675800
vt 0.55348599 0.32497501
vt 0.55440199 0.32539001
vt 0.55243599 0.32675800
vt 0.55131698 0.32596701
vt 0.55266201 0.32440099
vt 0.55348599 0.32497501
vt 0.55131698 0.32596701
vt 0.55036002 0.32498899
vt 0.55195397 0.32368800
vt 0.55266201 0.32440099
vt 0.55004603 0.32961300
vt 0.54833800 0.32820499
vt 0.55131698 0.32596701
vt 0.55243599 0.32675800
vt 0.54833800 0.32820499
vt 0.54693401 0.32650700
vt 0.55036002 0.32498899
vt 0.55131698 0.32596701
vt 0.55036002 0.32498899
vt 0.54960001 0.32385400
vt 0.55138302 0.32285801
vt 0.55195397 0.32368800
vt 0.54693401 0.32650700
vt 0.54590899 0.32450601
vt 0.54960001 0.32385400
vt 0.55036002 0.32498899
vt 0.47996101 0.01929100
vt 0.47885701 0.01778400
vt 0.47911701 0.01754900
vt 0.48027599 0.01908200
vt 0.47885701 0.01778400
vt 0.47753099 0.01646500
vt 0.47777599 0.01617900
vt 0.47911701 0.01754900
vt 0.47866899 0.01795000
vt 0.47737199 0.01666400
vt 0.47753099 0.01646500
vt 0.47885701 0.01778400
vt 0.47974500 0.01942100
vt 0.47866899 0.01795000
vt 0.47885701 0.01778400
vt 0.47996101 0.01929100
vt 0.48079199 0.02098100
vt 0.47996101 0.01929100
vt 0.48027599 0.01908200
vt 0.48117799 0.02083400
vt 0.48055401 0.02106800
vt 0.47974500 0.01942100
vt 0.47996101 0.01929100
vt 0.48079199 0.02098100
vt 0.48105299 0.02283700
vt 0.48055401 0.02106800
vt 0.48079199 0.02098100
vt 0.48130101 0.02279500
vt 0.48130101 0.02279500
vt 0.48079199 0.02098100
vt 0.48117799 0.02083400
vt 0.48167300 0.02274100
vt 0.55195701 0.33073801
vt 0.55004603 0.32961300
vt 0.55243599 0.32675800
vt 0.55368400 0.32733801
vt 0.48146999 0.02465500
vt 0.48130101 0.02279500
vt 0.48167300 0.02274100
vt 0.48180899 0.02465700
vt 0.48122001 0.02465400
vt 0.48105299 0.02283700
vt 0.48130101 0.02279500
vt 0.48146999 0.02465500
vt 0.48105299 0.02283700
vt 0.47963601 0.02311500
vt 0.47921801 0.02160600
vt 0.48055401 0.02106800
vt 0.48105299 0.02283700
vt 0.48122001 0.02465400
vt 0.47976199 0.02464800
vt 0.47963601 0.02311500
vt 0.48103699 0.02647000
vt 0.48122001 0.02465400
vt 0.48146999 0.02465500
vt 0.48128501 0.02651400
vt 0.48103699 0.02647000
vt 0.47962201 0.02618000
vt 0.47976199 0.02464800
vt 0.48122001 0.02465400
vt 0.47963601 0.02311500
vt 0.47976199 0.02464800
vt 0.47948200 0.02464700
vt 0.47933599 0.02318100
vt 0.47976199 0.02464800
vt 0.47962201 0.02618000
vt 0.47932300 0.02611000
vt 0.47948200 0.02464700
vt 0.48052201 0.02823500
vt 0.47919101 0.02768500
vt 0.47962201 0.02618000
vt 0.48103699 0.02647000
vt 0.47962201 0.02618000
vt 0.47919101 0.02768500
vt 0.47888201 0.02756000
vt 0.47932300 0.02611000
vt 0.47948200 0.02464700
vt 0.47932300 0.02611000
vt 0.47869599 0.02594600
vt 0.47892001 0.02464400
vt 0.47932300 0.02611000
vt 0.47888201 0.02756000
vt 0.47820100 0.02730000
vt 0.47869599 0.02594600
vt 0.47892001 0.02464400
vt 0.47869599 0.02594600
vt 0.47765201 0.02552900
vt 0.47819000 0.02464100
vt 0.47869599 0.02594600
vt 0.47820100 0.02730000
vt 0.47695899 0.02682800
vt 0.47765201 0.02552900
vt 0.47870699 0.02334000
vt 0.47892001 0.02464400
vt 0.47819000 0.02464100
vt 0.47766000 0.02374700
vt 0.47933599 0.02318100
vt 0.47948200 0.02464700
vt 0.47892001 0.02464400
vt 0.47870699 0.02334000
vt 0.47819000 0.02464100
vt 0.47765201 0.02552900
vt 0.47624201 0.02463200
vt 0.47766000 0.02374700
vt 0.47822499 0.02198200
vt 0.47870699 0.02334000
vt 0.47766000 0.02374700
vt 0.47697899 0.02244300
vt 0.47766000 0.02374700
vt 0.47624201 0.02463200
vt 0.47498199 0.02319000
vt 0.47697899 0.02244300
vt 0.47766501 0.02063600
vt 0.47822499 0.02198200
vt 0.47697899 0.02244300
vt 0.47658101 0.02101100
vt 0.47658101 0.02101100
vt 0.47697899 0.02244300
vt 0.47498199 0.02319000
vt 0.47488099 0.02127000
vt 0.47624201 0.02463200
vt 0.47496900 0.02606300
vt 0.47135001 0.02461000
vt 0.47498199 0.02319000
vt 0.47488099 0.02127000
vt 0.47498199 0.02319000
vt 0.47135001 0.02461000
vt 0.47288999 0.02099700
vt 0.47635400 0.01996600
vt 0.47658101 0.02101100
vt 0.47488099 0.02127000
vt 0.47529900 0.01962400
vt 0.47529900 0.01962400
vt 0.47488099 0.02127000
vt 0.47288999 0.02099700
vt 0.47381499 0.01900300
vt 0.47582000 0.01858500
vt 0.47692400 0.01947600
vt 0.47635400 0.01996600
vt 0.47529900 0.01962400
vt 0.47447199 0.01777400
vt 0.47582000 0.01858500
vt 0.47529900 0.01962400
vt 0.47381499 0.01900300
vt 0.47692400 0.01947600
vt 0.47766501 0.02063600
vt 0.47658101 0.02101100
vt 0.47635400 0.01996600
vt 0.47737101 0.01909600
vt 0.47825700 0.02034200
vt 0.47766501 0.02063600
vt 0.47692400 0.01947600
vt 0.47621900 0.01802800
vt 0.47737101 0.01909600
vt 0.47692400 0.01947600
vt 0.47582000 0.01858500
vt 0.47825700 0.02034200
vt 0.47890800 0.02172800
vt 0.47822499 0.02198200
vt 0.47766501 0.02063600
vt 0.47760201 0.01890000
vt 0.47853500 0.02018400
vt 0.47825700 0.02034200
vt 0.47737101 0.01909600
vt 0.47853500 0.02018400
vt 0.47921801 0.02160600
vt 0.47890800 0.02172800
vt 0.47825700 0.02034200
vt 0.47921801 0.02160600
vt 0.47963601 0.02311500
vt 0.47933599 0.02318100
vt 0.47890800 0.02172800
vt 0.47890800 0.02172800
vt 0.47933599 0.02318100
vt 0.47870699 0.02334000
vt 0.47822499 0.02198200
vt 0.48055401 0.02106800
vt 0.47921801 0.02160600
vt 0.47853500 0.02018400
vt 0.47974500 0.01942100
vt 0.47974500 0.01942100
vt 0.47853500 0.02018400
vt 0.47760201 0.01890000
vt 0.47866899 0.01795000
vt 0.47737199 0.01666400
vt 0.47866899 0.01795000
vt 0.47760201 0.01890000
vt 0.47643200 0.01776900
vt 0.47643200 0.01776900
vt 0.47760201 0.01890000
vt 0.47737101 0.01909600
vt 0.47621900 0.01802800
vt 0.47509500 0.01682400
vt 0.47643200 0.01776900
vt 0.47621900 0.01802800
vt 0.47488400 0.01712000
vt 0.47737199 0.01666400
vt 0.47643200 0.01776900
vt 0.47509500 0.01682400
vt 0.47592700 0.01557300
vt 0.47737199 0.01666400
vt 0.47592700 0.01557300
vt 0.47605100 0.01534400
vt 0.47753099 0.01646500
vt 0.47592700 0.01557300
vt 0.47509500 0.01682400
vt 0.47374800 0.01607700
vt 0.47446001 0.01472100
vt 0.47592700 0.01557300
vt 0.47446001 0.01472100
vt 0.47454399 0.01447200
vt 0.47605100 0.01534400
vt 0.47753099 0.01646500
vt 0.47605100 0.01534400
vt 0.47625300 0.01499300
vt 0.47777599 0.01617900
vt 0.47605100 0.01534400
vt 0.47454399 0.01447200
vt 0.47464100 0.01410800
vt 0.47625300 0.01499300
vt 0.47446001 0.01472100
vt 0.47314399 0.01413100
vt 0.47319201 0.01387200
vt 0.47454399 0.01447200
vt 0.47454399 0.01447200
vt 0.47319201 0.01387200
vt 0.47318101 0.01354500
vt 0.47464100 0.01410800
vt 0.54516000 0.32227901
vt 0.54463899 0.31998599
vt 0.54868603 0.32126701
vt 0.54901600 0.32261100
vt 0.54463899 0.31998599
vt 0.54439700 0.31792599
vt 0.54864299 0.31988400
vt 0.54868603 0.32126701
vt 0.54889601 0.31853899
vt 0.54864299 0.31988400
vt 0.54439700 0.31792599
vt 0.54440498 0.31641600
vt 0.47208601 0.01323000
vt 0.47318101 0.01354500
vt 0.47319201 0.01387200
vt 0.47215900 0.01351300
vt 0.54507399 0.31500199
vt 0.54889601 0.31853899
vt 0.54440498 0.31641600
vt 0.54455799 0.31540200
vt 0.47135299 0.01300300
vt 0.47208601 0.01323000
vt 0.47215900 0.01351300
vt 0.47143301 0.01325300
vt 0.47143301 0.01325300
vt 0.47215900 0.01351300
vt 0.47213501 0.01377400
vt 0.47140199 0.01351900
vt 0.47215900 0.01351300
vt 0.47319201 0.01387200
vt 0.47314399 0.01413100
vt 0.47213501 0.01377400
vt 0.47213501 0.01377400
vt 0.47166899 0.01523000
vt 0.47100401 0.01504300
vt 0.47140199 0.01351900
vt 0.47255999 0.01554900
vt 0.47166899 0.01523000
vt 0.47213501 0.01377400
vt 0.47314399 0.01413100
vt 0.47446001 0.01472100
vt 0.47374800 0.01607700
vt 0.47255999 0.01554900
vt 0.47314399 0.01413100
vt 0.47255999 0.01554900
vt 0.47374800 0.01607700
vt 0.47353601 0.01634500
vt 0.47234800 0.01576100
vt 0.47166899 0.01523000
vt 0.47255999 0.01554900
vt 0.47234800 0.01576100
vt 0.47145799 0.01540200
vt 0.47374800 0.01607700
vt 0.47509500 0.01682400
vt 0.47488400 0.01712000
vt 0.47353601 0.01634500
vt 0.47234800 0.01576100
vt 0.47353601 0.01634500
vt 0.47312099 0.01691100
vt 0.47194001 0.01615100
vt 0.47353601 0.01634500
vt 0.47488400 0.01712000
vt 0.47447199 0.01777400
vt 0.47312099 0.01691100
vt 0.47194001 0.01615100
vt 0.47312099 0.01691100
vt 0.47240800 0.01795300
vt 0.47123399 0.01685000
vt 0.47312099 0.01691100
vt 0.47447199 0.01777400
vt 0.47381499 0.01900300
vt 0.47240800 0.01795300
vt 0.47145799 0.01540200
vt 0.47234800 0.01576100
vt 0.47194001 0.01615100
vt 0.47105300 0.01566200
vt 0.47105300 0.01566200
vt 0.47194001 0.01615100
vt 0.47123399 0.01685000
vt 0.47035199 0.01610700
vt 0.47079301 0.01520100
vt 0.47145799 0.01540200
vt 0.47105300 0.01566200
vt 0.47038400 0.01539400
vt 0.47038400 0.01539400
vt 0.47105300 0.01566200
vt 0.47035199 0.01610700
vt 0.46967801 0.01571700
vt 0.47021401 0.01509700
vt 0.47079301 0.01520100
vt 0.47038400 0.01539400
vt 0.46979901 0.01527800
vt 0.46979901 0.01527800
vt 0.47038400 0.01539400
vt 0.46967801 0.01571700
vt 0.46908900 0.01557000
vt 0.46967801 0.01571700
vt 0.46863401 0.01622400
vt 0.46805200 0.01601700
vt 0.46908900 0.01557000
vt 0.47035199 0.01610700
vt 0.46930400 0.01678400
vt 0.46863401 0.01622400
vt 0.46967801 0.01571700
vt 0.46930400 0.01678400
vt 0.46802199 0.01753900
vt 0.46737200 0.01687900
vt 0.46863401 0.01622400
vt 0.46863401 0.01622400
vt 0.46737200 0.01687900
vt 0.46679801 0.01663500
vt 0.46805200 0.01601700
vt 0.46908900 0.01557000
vt 0.46805200 0.01601700
vt 0.46744299 0.01598500
vt 0.46847299 0.01554800
vt 0.46805200 0.01601700
vt 0.46679801 0.01663500
vt 0.46619299 0.01659800
vt 0.46744299 0.01598500
vt 0.46679801 0.01663500
vt 0.46547401 0.01744800
vt 0.46487299 0.01741400
vt 0.46619299 0.01659800
vt 0.46737200 0.01687900
vt 0.46604401 0.01766400
vt 0.46547401 0.01744800
vt 0.46679801 0.01663500
vt 0.46744299 0.01598500
vt 0.46619299 0.01659800
vt 0.43702799 0.01645700
vt 0.43707499 0.01585200
vt 0.46619299 0.01659800
vt 0.46487299 0.01741400
vt 0.43697000 0.01726900
vt 0.43702799 0.01645700
vt 0.46362799 0.01846300
vt 0.43690801 0.01831600
vt 0.43697000 0.01726900
vt 0.46487299 0.01741400
vt 0.46547401 0.01744800
vt 0.46423000 0.01849000
vt 0.46362799 0.01846300
vt 0.46487299 0.01741400
vt 0.46362799 0.01846300
vt 0.46258599 0.01975800
vt 0.43685099 0.01961200
vt 0.43690801 0.01831600
vt 0.46423000 0.01849000
vt 0.46319500 0.01978000
vt 0.46258599 0.01975800
vt 0.46362799 0.01846300
vt 0.46481901 0.01865400
vt 0.46384001 0.01991500
vt 0.46319500 0.01978000
vt 0.46423000 0.01849000
vt 0.46604401 0.01766400
vt 0.46481901 0.01865400
vt 0.46423000 0.01849000
vt 0.46547401 0.01744800
vt 0.46667099 0.01824000
vt 0.46550599 0.01906600
vt 0.46481901 0.01865400
vt 0.46604401 0.01766400
vt 0.46550599 0.01906600
vt 0.46470299 0.02024400
vt 0.46384001 0.01991500
vt 0.46481901 0.01865400
vt 0.46384001 0.01991500
vt 0.46309999 0.02137700
vt 0.46241301 0.02126700
vt 0.46319500 0.01978000
vt 0.46470299 0.02024400
vt 0.46407601 0.02166500
vt 0.46309999 0.02137700
vt 0.46384001 0.01991500
vt 0.46619099 0.01961600
vt 0.46596500 0.02070100
vt 0.46470299 0.02024400
vt 0.46550599 0.01906600
vt 0.46596500 0.02070100
vt 0.46553299 0.02220700
vt 0.46407601 0.02166500
vt 0.46470299 0.02024400
vt 0.46553299 0.02220700
vt 0.46477100 0.02360200
vt 0.46351099 0.02313100
vt 0.46407601 0.02166500
vt 0.46407601 0.02166500
vt 0.46351099 0.02313100
vt 0.46258599 0.02294600
vt 0.46309999 0.02137700
vt 0.46477100 0.02360200
vt 0.46415299 0.02457600
vt 0.46324101 0.02457100
vt 0.46351099 0.02313100
vt 0.46351099 0.02313100
vt 0.46324101 0.02457100
vt 0.46238399 0.02456700
vt 0.46258599 0.02294600
vt 0.46415299 0.02457600
vt 0.46476200 0.02555500
vt 0.46349701 0.02601400
vt 0.46324101 0.02457100
vt 0.46324101 0.02457100
vt 0.46349701 0.02601400
vt 0.46257001 0.02618900
vt 0.46238399 0.02456700
vt 0.46349701 0.02601400
vt 0.46404800 0.02748500
vt 0.46307001 0.02776400
vt 0.46257001 0.02618900
vt 0.46476200 0.02555500
vt 0.46551001 0.02695700
vt 0.46404800 0.02748500
vt 0.46349701 0.02601400
vt 0.46415299 0.02457600
vt 0.46477100 0.02360200
vt 0.46632701 0.02458600
vt 0.46476200 0.02555500
vt 0.46476200 0.02555500
vt 0.46632701 0.02458600
vt 0.46765000 0.02611300
vt 0.46551001 0.02695700
vt 0.46551001 0.02695700
vt 0.46592799 0.02846700
vt 0.46466100 0.02891200
vt 0.46404800 0.02748500
vt 0.46592799 0.02846700
vt 0.46551001 0.02695700
vt 0.46765000 0.02611300
vt 0.46773499 0.02811500
vt 0.46632701 0.02458600
vt 0.46766499 0.02307200
vt 0.47135001 0.02461000
vt 0.46765000 0.02611300
vt 0.46773499 0.02811500
vt 0.46765000 0.02611300
vt 0.47135001 0.02461000
vt 0.46975499 0.02830100
vt 0.46725601 0.02984200
vt 0.46773499 0.02811500
vt 0.46975499 0.02830100
vt 0.46875301 0.03037900
vt 0.46614400 0.02955400
vt 0.46592799 0.02846700
vt 0.46773499 0.02811500
vt 0.46725601 0.02984200
vt 0.47127900 0.02970900
vt 0.46975499 0.02830100
vt 0.47135001 0.02461000
vt 0.47285700 0.02823600
vt 0.47010499 0.03133900
vt 0.46875301 0.03037900
vt 0.46975499 0.02830100
vt 0.47127900 0.02970900
vt 0.46875301 0.03037900
vt 0.47010499 0.03133900
vt 0.46923101 0.03241700
vt 0.46795601 0.03165000
vt 0.46725601 0.02984200
vt 0.46875301 0.03037900
vt 0.46795601 0.03165000
vt 0.46661001 0.03093600
vt 0.46661001 0.03093600
vt 0.46795601 0.03165000
vt 0.46729901 0.03230400
vt 0.46597800 0.03150600
vt 0.46795601 0.03165000
vt 0.46923101 0.03241700
vt 0.46855500 0.03297100
vt 0.46729901 0.03230400
vt 0.46545401 0.03009800
vt 0.46661001 0.03093600
vt 0.46597800 0.03150600
vt 0.46476299 0.03050400
vt 0.46614400 0.02955400
vt 0.46725601 0.02984200
vt 0.46661001 0.03093600
vt 0.46545401 0.03009800
vt 0.46592799 0.02846700
vt 0.46614400 0.02955400
vt 0.46545401 0.03009800
vt 0.46466100 0.02891200
vt 0.46466100 0.02891200
vt 0.46545401 0.03009800
vt 0.46476299 0.03050400
vt 0.46379501 0.02923400
vt 0.46379501 0.02923400
vt 0.46476299 0.03050400
vt 0.46417201 0.03066200
vt 0.46314901 0.02936200
vt 0.46476299 0.03050400
vt 0.46597800 0.03150600
vt 0.46540600 0.03171700
vt 0.46417201 0.03066200
vt 0.46417201 0.03066200
vt 0.46540600 0.03171700
vt 0.46480501 0.03174400
vt 0.46356899 0.03068300
vt 0.46314901 0.02936200
vt 0.46417201 0.03066200
vt 0.46356899 0.03068300
vt 0.46254000 0.02937800
vt 0.46597800 0.03150600
vt 0.46729901 0.03230400
vt 0.46672201 0.03254200
vt 0.46540600 0.03171700
vt 0.46540600 0.03171700
vt 0.46672201 0.03254200
vt 0.46611801 0.03257400
vt 0.46480501 0.03174400
vt 0.46480501 0.03174400
vt 0.46611801 0.03257400
vt 0.43694100 0.03243000
vt 0.43689099 0.03161700
vt 0.46356899 0.03068300
vt 0.46480501 0.03174400
vt 0.43689099 0.03161700
vt 0.43684000 0.03056900
vt 0.43547201 0.03250600
vt 0.43543601 0.03167400
vt 0.43689099 0.03161700
vt 0.43694100 0.03243000
vt 0.43684000 0.03056900
vt 0.43689099 0.03161700
vt 0.43543601 0.03167400
vt 0.43540400 0.03060700
vt 0.46356899 0.03068300
vt 0.43684000 0.03056900
vt 0.43679699 0.02927100
vt 0.46254000 0.02937800
vt 0.43679699 0.02927100
vt 0.43684000 0.03056900
vt 0.43540400 0.03060700
vt 0.43538100 0.02929200
vt 0.46176600 0.02788000
vt 0.46254000 0.02937800
vt 0.43679699 0.02927100
vt 0.43676999 0.02777200
vt 0.43538100 0.02929200
vt 0.43536901 0.02778100
vt 0.43676999 0.02777200
vt 0.43679699 0.02927100
vt 0.46128201 0.02625200
vt 0.46176600 0.02788000
vt 0.43676999 0.02777200
vt 0.43675801 0.02614000
vt 0.43536901 0.02778100
vt 0.43536800 0.02613900
vt 0.43675801 0.02614000
vt 0.43676999 0.02777200
vt 0.43676001 0.02444000
vt 0.43675801 0.02614000
vt 0.43536800 0.02613900
vt 0.43537501 0.02443200
vt 0.46111900 0.02456100
vt 0.46128201 0.02625200
vt 0.43675801 0.02614000
vt 0.43676001 0.02444000
vt 0.46172899 0.02456400
vt 0.46189499 0.02624600
vt 0.46128201 0.02625200
vt 0.46111900 0.02456100
vt 0.46189499 0.02624600
vt 0.46238101 0.02786700
vt 0.46176600 0.02788000
vt 0.46128201 0.02625200
vt 0.46238399 0.02456700
vt 0.46257001 0.02618900
vt 0.46189499 0.02624600
vt 0.46172899 0.02456400
vt 0.46257001 0.02618900
vt 0.46307001 0.02776400
vt 0.46238101 0.02786700
vt 0.46189499 0.02624600
vt 0.46307001 0.02776400
vt 0.46379501 0.02923400
vt 0.46314901 0.02936200
vt 0.46238101 0.02786700
vt 0.46238101 0.02786700
vt 0.46314901 0.02936200
vt 0.46254000 0.02937800
vt 0.46176600 0.02788000
vt 0.46404800 0.02748500
vt 0.46466100 0.02891200
vt 0.46379501 0.02923400
vt 0.46307001 0.02776400
vt 0.46258599 0.02294600
vt 0.46238399 0.02456700
vt 0.46172899 0.02456400
vt 0.46191099 0.02288300
vt 0.46191099 0.02288300
vt 0.46172899 0.02456400
vt 0.46111900 0.02456100
vt 0.46129900 0.02287100
vt 0.46309999 0.02137700
vt 0.46258599 0.02294600
vt 0.46191099 0.02288300
vt 0.46241301 0.02126700
vt 0.46241301 0.02126700
vt 0.46191099 0.02288300
vt 0.46129900 0.02287100
vt 0.46179801 0.02124900
vt 0.46111900 0.02456100
vt 0.43676001 0.02444000
vt 0.43677700 0.02274100
vt 0.46129900 0.02287100
vt 0.46179801 0.02124900
vt 0.46129900 0.02287100
vt 0.43677700 0.02274100
vt 0.43680701 0.02110900
vt 0.46319500 0.01978000
vt 0.46241301 0.02126700
vt 0.46179801 0.02124900
vt 0.46258599 0.01975800
vt 0.46258599 0.01975800
vt 0.46179801 0.02124900
vt 0.43680701 0.02110900
vt 0.43685099 0.01961200
vt 0.43540701 0.02108500
vt 0.43543601 0.01957500
vt 0.43685099 0.01961200
vt 0.43680701 0.02110900
vt 0.43538800 0.02272600
vt 0.43540701 0.02108500
vt 0.43680701 0.02110900
vt 0.43677700 0.02274100
vt 0.43089399 0.01941600
vt 0.43543601 0.01957500
vt 0.43540701 0.02108500
vt 0.43089500 0.02098600
vt 0.43089500 0.02098600
vt 0.43540701 0.02108500
vt 0.43538800 0.02272600
vt 0.43089399 0.02266800
vt 0.43538800 0.02272600
vt 0.43537501 0.02443200
vt 0.43088901 0.02440500
vt 0.43089399 0.02266800
vt 0.43677700 0.02274100
vt 0.43676001 0.02444000
vt 0.43537501 0.02443200
vt 0.43538800 0.02272600
vt 0.43089500 0.02098600
vt 0.43089399 0.02266800
vt 0.43018401 0.02267000
vt 0.43018901 0.02099100
vt 0.43089399 0.02266800
vt 0.43088901 0.02440500
vt 0.43017799 0.02440000
vt 0.43018401 0.02267000
vt 0.43088901 0.02440500
vt 0.43087301 0.02614200
vt 0.43016201 0.02613200
vt 0.43017799 0.02440000
vt 0.43537501 0.02443200
vt 0.43536800 0.02613900
vt 0.43087301 0.02614200
vt 0.43088901 0.02440500
vt 0.43087301 0.02614200
vt 0.43536800 0.02613900
vt 0.43536901 0.02778100
vt 0.43085301 0.02782600
vt 0.43087301 0.02614200
vt 0.43085301 0.02782600
vt 0.43014601 0.02781100
vt 0.43016201 0.02613200
vt 0.43014601 0.02781100
vt 0.41853201 0.02702400
vt 0.41835600 0.02567800
vt 0.43016201 0.02613200
vt 0.43085301 0.02782600
vt 0.43083200 0.02939800
vt 0.43013299 0.02938100
vt 0.43014601 0.02781100
vt 0.43085301 0.02782600
vt 0.43536901 0.02778100
vt 0.43538100 0.02929200
vt 0.43083200 0.02939800
vt 0.43538100 0.02929200
vt 0.43540400 0.03060700
vt 0.43081599 0.03078900
vt 0.43083200 0.02939800
vt 0.43083200 0.02939800
vt 0.43081599 0.03078900
vt 0.43013099 0.03077100
vt 0.43013299 0.02938100
vt 0.43540400 0.03060700
vt 0.43543601 0.03167400
vt 0.43080601 0.03194000
vt 0.43081599 0.03078900
vt 0.43081599 0.03078900
vt 0.43080601 0.03194000
vt 0.43013999 0.03192100
vt 0.43013099 0.03077100
vt 0.43080601 0.03194000
vt 0.43080100 0.03285100
vt 0.43015799 0.03283300
vt 0.43013999 0.03192100
vt 0.43080601 0.03194000
vt 0.43543601 0.03167400
vt 0.43547201 0.03250600
vt 0.43080100 0.03285100
vt 0.43080100 0.03285100
vt 0.43079901 0.03354000
vt 0.43017501 0.03352500
vt 0.43015799 0.03283300
vt 0.43017501 0.03352500
vt 0.42129201 0.03206700
vt 0.42054099 0.03137700
vt 0.43015799 0.03283300
vt 0.43018299 0.03402300
vt 0.42186800 0.03255600
vt 0.42129201 0.03206700
vt 0.43017501 0.03352500
vt 0.42054099 0.03137700
vt 0.42129201 0.03206700
vt 0.41971800 0.03170900
vt 0.41877401 0.03100000
vt 0.42129201 0.03206700
vt 0.42186800 0.03255600
vt 0.42054099 0.03217700
vt 0.41971800 0.03170900
vt 0.43089399 0.01941600
vt 0.43089500 0.02098600
vt 0.43018901 0.02099100
vt 0.43019599 0.01942400
vt 0.43089399 0.01802600
vt 0.43089399 0.01941600
vt 0.43019599 0.01942400
vt 0.43020999 0.01803600
vt 0.43547300 0.01826200
vt 0.43543601 0.01957500
vt 0.43089399 0.01941600
vt 0.43089399 0.01802600
vt 0.43551701 0.01719600
vt 0.43547300 0.01826200
vt 0.43089399 0.01802600
vt 0.43089899 0.01687800
vt 0.43089899 0.01687800
vt 0.43089399 0.01802600
vt 0.43020999 0.01803600
vt 0.43023399 0.01688800
vt 0.43090400 0.01596900
vt 0.43089899 0.01687800
vt 0.43023399 0.01688800
vt 0.43026301 0.01597900
vt 0.43090400 0.01596900
vt 0.43556300 0.01636600
vt 0.43551701 0.01719600
vt 0.43089899 0.01687800
vt 0.43551701 0.01719600
vt 0.43556300 0.01636600
vt 0.43702799 0.01645700
vt 0.43697000 0.01726900
vt 0.43697000 0.01726900
vt 0.43690801 0.01831600
vt 0.43547300 0.01826200
vt 0.43551701 0.01719600
vt 0.43556300 0.01636600
vt 0.43559799 0.01574400
vt 0.43707499 0.01585200
vt 0.43702799 0.01645700
vt 0.43091199 0.01528100
vt 0.43559799 0.01574400
vt 0.43556300 0.01636600
vt 0.43090400 0.01596900
vt 0.43562201 0.01529900
vt 0.43559799 0.01574400
vt 0.43091199 0.01528100
vt 0.43091401 0.01478600
vt 0.43710601 0.01542300
vt 0.43707499 0.01585200
vt 0.43559799 0.01574400
vt 0.43562201 0.01529900
vt 0.46847299 0.01554800
vt 0.46744299 0.01598500
vt 0.43707499 0.01585200
vt 0.43710601 0.01542300
vt 0.46917301 0.01525200
vt 0.46847299 0.01554800
vt 0.43710601 0.01542300
vt 0.43711999 0.01513500
vt 0.43562400 0.01499800
vt 0.43711999 0.01513500
vt 0.43710601 0.01542300
vt 0.43562201 0.01529900
vt 0.46917301 0.01525200
vt 0.43711999 0.01513500
vt 0.43711701 0.01493100
vt 0.46958801 0.01504700
vt 0.43560001 0.01478900
vt 0.43711701 0.01493100
vt 0.43711999 0.01513500
vt 0.43562400 0.01499800
vt 0.43555000 0.01459600
vt 0.43709901 0.01473300
vt 0.43711701 0.01493100
vt 0.43560001 0.01478900
vt 0.46958801 0.01504700
vt 0.43711701 0.01493100
vt 0.43709901 0.01473300
vt 0.46979499 0.01486000
vt 0.46979499 0.01486000
vt 0.47042599 0.01493200
vt 0.47021401 0.01509700
vt 0.46958801 0.01504700
vt 0.46958801 0.01504700
vt 0.47021401 0.01509700
vt 0.46979901 0.01527800
vt 0.46917301 0.01525200
vt 0.47042599 0.01493200
vt 0.47100401 0.01504300
vt 0.47079301 0.01520100
vt 0.47021401 0.01509700
vt 0.47140199 0.01351900
vt 0.47100401 0.01504300
vt 0.47042599 0.01493200
vt 0.47083700 0.01323300
vt 0.47042599 0.01493200
vt 0.46979499 0.01486000
vt 0.47026101 0.01273700
vt 0.47083700 0.01323300
vt 0.47100401 0.01504300
vt 0.47166899 0.01523000
vt 0.47145799 0.01540200
vt 0.47079301 0.01520100
vt 0.47060600 0.01245800
vt 0.47093499 0.01294400
vt 0.47083700 0.01323300
vt 0.47026101 0.01273700
vt 0.47093499 0.01294400
vt 0.47143301 0.01325300
vt 0.47140199 0.01351900
vt 0.47083700 0.01323300
vt 0.47064599 0.01226700
vt 0.47090301 0.01271500
vt 0.47093499 0.01294400
vt 0.47060600 0.01245800
vt 0.47090301 0.01271500
vt 0.47135299 0.01300300
vt 0.47143301 0.01325300
vt 0.47093499 0.01294400
vt 0.47041199 0.01168600
vt 0.47060600 0.01245800
vt 0.47026101 0.01273700
vt 0.47005200 0.01177400
vt 0.47049001 0.01157000
vt 0.47064599 0.01226700
vt 0.47060600 0.01245800
vt 0.47041199 0.01168600
vt 0.54529500 0.31269199
vt 0.54536498 0.31362200
vt 0.54489899 0.31393400
vt 0.54486102 0.31288099
vt 0.54536498 0.31362200
vt 0.54527003 0.31431401
vt 0.54477298 0.31468701
vt 0.54489899 0.31393400
vt 0.54630703 0.31319800
vt 0.54624099 0.31379101
vt 0.54527003 0.31431401
vt 0.54536498 0.31362200
vt 0.54620999 0.31238601
vt 0.54630703 0.31319800
vt 0.54536498 0.31362200
vt 0.54529500 0.31269199
vt 0.54486102 0.31288099
vt 0.54439700 0.30151901
vt 0.54482299 0.30160400
vt 0.54529500 0.31269199
vt 0.54620999 0.31238601
vt 0.54529500 0.31269199
vt 0.54482299 0.30160400
vt 0.54572898 0.30175599
vt 0.54754400 0.31191599
vt 0.54620999 0.31238601
vt 0.54572898 0.30175599
vt 0.54711199 0.30197999
vt 0.54754400 0.31191599
vt 0.54764998 0.31263301
vt 0.54630703 0.31319800
vt 0.54620999 0.31238601
vt 0.54910398 0.31138599
vt 0.54918700 0.31202599
vt 0.54764998 0.31263301
vt 0.54754400 0.31191599
vt 0.54754400 0.31191599
vt 0.54711199 0.30197999
vt 0.54876202 0.30224499
vt 0.54910398 0.31138599
vt 0.54711199 0.30197999
vt 0.54572898 0.30175599
vt 0.54938698 0.29173401
vt 0.55049402 0.29264501
vt 0.54711199 0.30197999
vt 0.55049402 0.29264501
vt 0.55176997 0.29365501
vt 0.54876202 0.30224499
vt 0.54876202 0.30224499
vt 0.55176997 0.29365501
vt 0.55308098 0.29460001
vt 0.55050302 0.30251399
vt 0.54910398 0.31138599
vt 0.54876202 0.30224499
vt 0.55050302 0.30251399
vt 0.55069101 0.31091601
vt 0.55436701 0.29538500
vt 0.55221301 0.30276799
vt 0.55050302 0.30251399
vt 0.55308098 0.29460001
vt 0.55221301 0.30276799
vt 0.55220699 0.31056899
vt 0.55069101 0.31091601
vt 0.55050302 0.30251399
vt 0.55384803 0.30300099
vt 0.55221301 0.30276799
vt 0.55436701 0.29538500
vt 0.55562198 0.29598799
vt 0.55363399 0.31036001
vt 0.55220699 0.31056899
vt 0.55221301 0.30276799
vt 0.55384803 0.30300099
vt 0.55384803 0.30300099
vt 0.55562198 0.29598799
vt 0.55685699 0.29644099
vt 0.55542201 0.30321401
vt 0.55363399 0.31036001
vt 0.55384803 0.30300099
vt 0.55542201 0.30321401
vt 0.55499601 0.31026900
vt 0.55542201 0.30321401
vt 0.55685699 0.29644099
vt 0.55808300 0.29677200
vt 0.55695301 0.30341199
vt 0.55499601 0.31026900
vt 0.55542201 0.30321401
vt 0.55695301 0.30341199
vt 0.55630702 0.31027901
vt 0.55845898 0.30359700
vt 0.55695301 0.30341199
vt 0.55808300 0.29677200
vt 0.55931300 0.29698899
vt 0.55758101 0.31038699
vt 0.55630702 0.31027901
vt 0.55695301 0.30341199
vt 0.55845898 0.30359700
vt 0.55996299 0.30379301
vt 0.55845898 0.30359700
vt 0.55931300 0.29698899
vt 0.56055999 0.29707599
vt 0.55884200 0.31059301
vt 0.55758101 0.31038699
vt 0.55845898 0.30359700
vt 0.55996299 0.30379301
vt 0.55996299 0.30379301
vt 0.56055999 0.29707599
vt 0.56183201 0.29705399
vt 0.56149399 0.30398300
vt 0.55884200 0.31059301
vt 0.55996299 0.30379301
vt 0.56149399 0.30398300
vt 0.56011301 0.31090501
vt 0.56149399 0.30398300
vt 0.56183201 0.29705399
vt 0.56314403 0.29692200
vt 0.56307000 0.30416900
vt 0.56011301 0.31090501
vt 0.56149399 0.30398300
vt 0.56307000 0.30416900
vt 0.56140900 0.31133199
vt 0.56471002 0.30435300
vt 0.56307000 0.30416900
vt 0.56314403 0.29692200
vt 0.56450301 0.29666200
vt 0.56274301 0.31189999
vt 0.56140900 0.31133199
vt 0.56307000 0.30416900
vt 0.56471002 0.30435300
vt 0.56642801 0.30453500
vt 0.56471002 0.30435300
vt 0.56450301 0.29666200
vt 0.56593198 0.29624501
vt 0.56413299 0.31263900
vt 0.56274301 0.31189999
vt 0.56471002 0.30435300
vt 0.56642801 0.30453500
vt 0.56642801 0.30453500
vt 0.56593198 0.29624501
vt 0.56741899 0.29569599
vt 0.56818098 0.30470899
vt 0.56413299 0.31263900
vt 0.56642801 0.30453500
vt 0.56818098 0.30470899
vt 0.56556702 0.31352901
vt 0.56818098 0.30470899
vt 0.56741899 0.29569599
vt 0.56887698 0.29508501
vt 0.56984401 0.30486199
vt 0.56556702 0.31352901
vt 0.56818098 0.30470899
vt 0.56984401 0.30486199
vt 0.56696802 0.31448001
vt 0.57014102 0.29452500
vt 0.57123798 0.30498499
vt 0.56984401 0.30486199
vt 0.56887698 0.29508501
vt 0.57123798 0.30498499
vt 0.56816900 0.31531301
vt 0.56696802 0.31448001
vt 0.56984401 0.30486199
vt 0.57215202 0.30505899
vt 0.57123798 0.30498499
vt 0.57014102 0.29452500
vt 0.57101202 0.29412800
vt 0.56900102 0.31585899
vt 0.56816900 0.31531301
vt 0.57123798 0.30498499
vt 0.57215202 0.30505899
vt 0.56900102 0.31585899
vt 0.57215202 0.30505899
vt 0.57258499 0.30508000
vt 0.56938601 0.31615800
vt 0.57215202 0.30505899
vt 0.57101202 0.29412800
vt 0.57144201 0.29386601
vt 0.57258499 0.30508000
vt 0.49033400 0.54561698
vt 0.49022901 0.55542499
vt 0.49015301 0.55562401
vt 0.49025401 0.54565001
vt 0.47037801 0.03764600
vt 0.47010699 0.04700600
vt 0.47003001 0.04703600
vt 0.47029600 0.03752900
vt 0.48991600 0.54575199
vt 0.49025401 0.54565001
vt 0.49015301 0.55562401
vt 0.48979399 0.55592400
vt 0.46993500 0.03743800
vt 0.47029600 0.03752900
vt 0.47003001 0.04703600
vt 0.46968800 0.04713400
vt 0.48991600 0.54575199
vt 0.48979399 0.55592400
vt 0.45591399 0.55503601
vt 0.45394900 0.54561698
vt 0.46993500 0.03743800
vt 0.46968800 0.04713400
vt 0.43431199 0.04683200
vt 0.43638501 0.03714700
vt 0.45591399 0.55503601
vt 0.45422500 0.55507100
vt 0.45225200 0.54591298
vt 0.45394900 0.54561698
vt 0.43431199 0.04683200
vt 0.43259200 0.04643800
vt 0.43468001 0.03706100
vt 0.43638501 0.03714700
vt 0.45225200 0.54591298
vt 0.45422500 0.55507100
vt 0.44962299 0.55493402
vt 0.44760200 0.54670501
vt 0.43468001 0.03706100
vt 0.43259200 0.04643800
vt 0.42793101 0.04522600
vt 0.43009999 0.03690300
vt 0.45635799 0.55731797
vt 0.45478901 0.55716902
vt 0.45422500 0.55507100
vt 0.45591399 0.55503601
vt 0.45422500 0.55507100
vt 0.45478901 0.55716902
vt 0.45005900 0.55659902
vt 0.44962299 0.55493402
vt 0.44962299 0.55493402
vt 0.45005900 0.55659902
vt 0.44948399 0.55660403
vt 0.44904000 0.55497497
vt 0.45005900 0.55659902
vt 0.45478901 0.55716902
vt 0.45483899 0.55736500
vt 0.45010900 0.55678898
vt 0.45010900 0.55678898
vt 0.44951701 0.55679601
vt 0.44948399 0.55660403
vt 0.45005900 0.55659902
vt 0.44951701 0.55679601
vt 0.44137400 0.55808002
vt 0.44133800 0.55791402
vt 0.44948399 0.55660403
vt 0.44953501 0.55702102
vt 0.44140199 0.55825800
vt 0.44137400 0.55808002
vt 0.44951701 0.55679601
vt 0.45013800 0.55701602
vt 0.44953501 0.55702102
vt 0.44951701 0.55679601
vt 0.45010900 0.55678898
vt 0.45014399 0.55735302
vt 0.44953600 0.55735302
vt 0.44953501 0.55702102
vt 0.45013800 0.55701602
vt 0.44953600 0.55735302
vt 0.44123399 0.55853897
vt 0.44140199 0.55825800
vt 0.44953501 0.55702102
vt 0.44123399 0.55853897
vt 0.43989500 0.55887598
vt 0.43961099 0.55880803
vt 0.44140199 0.55825800
vt 0.44140199 0.55825800
vt 0.43961099 0.55880803
vt 0.43938699 0.55871999
vt 0.44137400 0.55808002
vt 0.44123399 0.55853897
vt 0.44064200 0.55900902
vt 0.43905801 0.55931902
vt 0.43989500 0.55887598
vt 0.44064200 0.55900902
vt 0.44123399 0.55853897
vt 0.44953600 0.55735302
vt 0.44951701 0.55784702
vt 0.43819001 0.55944699
vt 0.43961099 0.55880803
vt 0.43989500 0.55887598
vt 0.43905801 0.55931902
vt 0.44064200 0.55900902
vt 0.43986800 0.55967498
vt 0.43809199 0.55999702
vt 0.43905801 0.55931902
vt 0.43702999 0.56018502
vt 0.43819001 0.55944699
vt 0.43905801 0.55931902
vt 0.43809199 0.55999702
vt 0.43986800 0.55967498
vt 0.43914199 0.56051803
vt 0.43723199 0.56083602
vt 0.43809199 0.55999702
vt 0.43607101 0.56103098
vt 0.43702999 0.56018502
vt 0.43809199 0.55999702
vt 0.43723199 0.56083602
vt 0.43547699 0.56111801
vt 0.43650001 0.56025100
vt 0.43702999 0.56018502
vt 0.43607101 0.56103098
vt 0.43650001 0.56025100
vt 0.43777901 0.55945402
vt 0.43819001 0.55944699
vt 0.43702999 0.56018502
vt 0.43466699 0.56206697
vt 0.43547699 0.56111801
vt 0.43607101 0.56103098
vt 0.43529800 0.56198603
vt 0.43529800 0.56198603
vt 0.43607101 0.56103098
vt 0.43723199 0.56083602
vt 0.43652201 0.56181198
vt 0.43469599 0.56304401
vt 0.43529800 0.56198603
vt 0.43652201 0.56181198
vt 0.43597099 0.56291097
vt 0.43403900 0.56310701
vt 0.43466699 0.56206697
vt 0.43529800 0.56198603
vt 0.43469599 0.56304401
vt 0.43425199 0.56418198
vt 0.43469599 0.56304401
vt 0.43597099 0.56291097
vt 0.43556800 0.56410003
vt 0.43357301 0.56422102
vt 0.43403900 0.56310701
vt 0.43469599 0.56304401
vt 0.43425199 0.56418198
vt 0.43327501 0.56538498
vt 0.43357301 0.56422102
vt 0.43425199 0.56418198
vt 0.43396699 0.56537300
vt 0.43396699 0.56537300
vt 0.43425199 0.56418198
vt 0.43556800 0.56410003
vt 0.43530700 0.56534702
vt 0.43315300 0.56657499
vt 0.43327501 0.56538498
vt 0.43396699 0.56537300
vt 0.43384999 0.56659102
vt 0.43384999 0.56659102
vt 0.43396699 0.56537300
vt 0.43530700 0.56534702
vt 0.43519801 0.56662297
vt 0.43322301 0.56776899
vt 0.43315300 0.56657499
vt 0.43384999 0.56659102
vt 0.43391201 0.56781298
vt 0.43391201 0.56781298
vt 0.43384999 0.56659102
vt 0.43519801 0.56662297
vt 0.43524799 0.56790203
vt 0.43750101 0.56529999
vt 0.43740499 0.56667399
vt 0.43519801 0.56662297
vt 0.43530700 0.56534702
vt 0.43740499 0.56667399
vt 0.43743801 0.56805199
vt 0.43524799 0.56790203
vt 0.43519801 0.56662297
vt 0.43414000 0.56901598
vt 0.43391201 0.56781298
vt 0.43524799 0.56790203
vt 0.43544999 0.56916100
vt 0.44928199 0.56694502
vt 0.43740499 0.56667399
vt 0.43750101 0.56529999
vt 0.44931599 0.56521398
vt 0.43743801 0.56805199
vt 0.43740499 0.56667399
vt 0.44928199 0.56694502
vt 0.44923899 0.56867599
vt 0.44999400 0.56696099
vt 0.44994900 0.56869900
vt 0.44923899 0.56867599
vt 0.44928199 0.56694502
vt 0.45002601 0.56522298
vt 0.44999400 0.56696099
vt 0.44928199 0.56694502
vt 0.44931599 0.56521398
vt 0.44931599 0.56521398
vt 0.43750101 0.56529999
vt 0.43772101 0.56395900
vt 0.44934499 0.56353498
vt 0.45005101 0.56353998
vt 0.45002601 0.56522298
vt 0.44931599 0.56521398
vt 0.44934499 0.56353498
vt 0.45453301 0.56534499
vt 0.45449299 0.56705999
vt 0.44999400 0.56696099
vt 0.45002601 0.56522298
vt 0.45005101 0.56353998
vt 0.45457700 0.56369603
vt 0.45453301 0.56534499
vt 0.45002601 0.56522298
vt 0.45007199 0.56197000
vt 0.45005101 0.56353998
vt 0.44934499 0.56353498
vt 0.44937399 0.56196898
vt 0.45007199 0.56197000
vt 0.45462599 0.56217802
vt 0.45457700 0.56369603
vt 0.45005101 0.56353998
vt 0.45453301 0.56534499
vt 0.45457700 0.56369603
vt 0.45598301 0.56374002
vt 0.45592901 0.56538099
vt 0.45457700 0.56369603
vt 0.45462599 0.56217802
vt 0.45604801 0.56223297
vt 0.45598301 0.56374002
vt 0.45612201 0.56092799
vt 0.45604801 0.56223297
vt 0.45462599 0.56217802
vt 0.45468000 0.56085700
vt 0.45468000 0.56085700
vt 0.45462599 0.56217802
vt 0.45007199 0.56197000
vt 0.45008999 0.56058198
vt 0.45473701 0.55978602
vt 0.45468000 0.56085700
vt 0.45008999 0.56058198
vt 0.45010799 0.55943698
vt 0.45619699 0.55987400
vt 0.45612201 0.56092799
vt 0.45468000 0.56085700
vt 0.45473701 0.55978602
vt 0.48298600 0.56155699
vt 0.45612201 0.56092799
vt 0.45619699 0.55987400
vt 0.48425299 0.56052798
vt 0.48298600 0.56155699
vt 0.48191899 0.56283599
vt 0.45604801 0.56223297
vt 0.45612201 0.56092799
vt 0.48559201 0.55973297
vt 0.48425299 0.56052798
vt 0.45619699 0.55987400
vt 0.45626500 0.55905700
vt 0.45473701 0.55978602
vt 0.45479000 0.55895102
vt 0.45626500 0.55905700
vt 0.45619699 0.55987400
vt 0.48685700 0.55914199
vt 0.48559201 0.55973297
vt 0.45626500 0.55905700
vt 0.45631999 0.55844802
vt 0.45479000 0.55895102
vt 0.45483100 0.55832601
vt 0.45631999 0.55844802
vt 0.45626500 0.55905700
vt 0.48789999 0.55872202
vt 0.48685700 0.55914199
vt 0.45631999 0.55844802
vt 0.45635599 0.55801600
vt 0.45635599 0.55801600
vt 0.45631999 0.55844802
vt 0.45483100 0.55832601
vt 0.45485801 0.55787802
vt 0.48851901 0.55875599
vt 0.48746800 0.55918503
vt 0.48685700 0.55914199
vt 0.48789999 0.55872202
vt 0.48746800 0.55918503
vt 0.48619801 0.55978203
vt 0.48559201 0.55973297
vt 0.48685700 0.55914199
vt 0.48804799 0.55940402
vt 0.48676899 0.56003797
vt 0.48619801 0.55978203
vt 0.48746800 0.55918503
vt 0.48910901 0.55891597
vt 0.48804799 0.55940402
vt 0.48746800 0.55918503
vt 0.48851901 0.55875599
vt 0.48870999 0.55998099
vt 0.48740900 0.56071103
vt 0.48676899 0.56003797
vt 0.48804799 0.55940402
vt 0.48977599 0.55932403
vt 0.48870999 0.55998099
vt 0.48804799 0.55940402
vt 0.48910901 0.55891597
vt 0.48982701 0.55860901
vt 0.49048999 0.55889499
vt 0.48977599 0.55932403
vt 0.48910901 0.55891597
vt 0.48924100 0.55847698
vt 0.48982701 0.55860901
vt 0.48910901 0.55891597
vt 0.48851901 0.55875599
vt 0.49024200 0.55842698
vt 0.49090299 0.55864698
vt 0.49048999 0.55889499
vt 0.48982701 0.55860901
vt 0.48966399 0.55830503
vt 0.49024200 0.55842698
vt 0.48982701 0.55860901
vt 0.48924100 0.55847698
vt 0.49048999 0.55889499
vt 0.49136499 0.55940902
vt 0.49064201 0.56009001
vt 0.48977599 0.55932403
vt 0.49090299 0.55864698
vt 0.49178201 0.55903101
vt 0.49136499 0.55940902
vt 0.49048999 0.55889499
vt 0.49045900 0.55827397
vt 0.49111900 0.55848002
vt 0.49090299 0.55864698
vt 0.49024200 0.55842698
vt 0.49111900 0.55848002
vt 0.49200001 0.55882502
vt 0.49178201 0.55903101
vt 0.49090299 0.55864698
vt 0.49162900 0.55704403
vt 0.49111900 0.55848002
vt 0.49045900 0.55827397
vt 0.49090701 0.55676299
vt 0.49200001 0.55882502
vt 0.49111900 0.55848002
vt 0.49162900 0.55704403
vt 0.49262100 0.55743003
vt 0.49262100 0.55743003
vt 0.49162900 0.55704403
vt 0.49166101 0.55678600
vt 0.49267599 0.55717403
vt 0.49162900 0.55704403
vt 0.49090701 0.55676299
vt 0.49094900 0.55649900
vt 0.49166101 0.55678600
vt 0.49267599 0.55717403
vt 0.49166101 0.55678600
vt 0.49159899 0.55650198
vt 0.49267501 0.55685002
vt 0.49166101 0.55678600
vt 0.49094900 0.55649900
vt 0.49088100 0.55624700
vt 0.49159899 0.55650198
vt 0.57196802 0.29150099
vt 0.57180798 0.29247400
vt 0.57130802 0.29284799
vt 0.56765801 0.28944200
vt 0.57198501 0.29004899
vt 0.57196802 0.29150099
vt 0.56765801 0.28944200
vt 0.56790298 0.28814599
vt 0.56765801 0.28944200
vt 0.56714499 0.29061699
vt 0.56548297 0.28975600
vt 0.56579101 0.28892499
vt 0.56790298 0.28814599
vt 0.56765801 0.28944200
vt 0.56579101 0.28892499
vt 0.56592602 0.28802401
vt 0.56765801 0.28944200
vt 0.57130802 0.29284799
vt 0.57035202 0.29338801
vt 0.56714499 0.29061699
vt 0.56786197 0.28681099
vt 0.56790298 0.28814599
vt 0.56592602 0.28802401
vt 0.56587899 0.28708801
vt 0.57176298 0.28806001
vt 0.57198501 0.29004899
vt 0.56790298 0.28814599
vt 0.56786197 0.28681099
vt 0.57180798 0.29247400
vt 0.57159001 0.29315501
vt 0.57110900 0.29349700
vt 0.57130802 0.29284799
vt 0.57130802 0.29284799
vt 0.57110900 0.29349700
vt 0.57019699 0.29397199
vt 0.57035202 0.29338801
vt 0.57159001 0.29315501
vt 0.57144201 0.29386601
vt 0.57101202 0.29412800
vt 0.57110900 0.29349700
vt 0.57110900 0.29349700
vt 0.57101202 0.29412800
vt 0.57014102 0.29452500
vt 0.57019699 0.29397199
vt 0.49046400 0.55616498
vt 0.49015301 0.55562401
vt 0.49022901 0.55542499
vt 0.49044901 0.55593300
vt 0.49094900 0.55649900
vt 0.49046400 0.55616498
vt 0.49044901 0.55593300
vt 0.49088100 0.55624700
vt 0.49035299 0.55645198
vt 0.48979399 0.55592400
vt 0.49015301 0.55562401
vt 0.49046400 0.55616498
vt 0.49090701 0.55676299
vt 0.49035299 0.55645198
vt 0.49046400 0.55616498
vt 0.49094900 0.55649900
vt 0.49090701 0.55676299
vt 0.49045900 0.55827397
vt 0.48988199 0.55814499
vt 0.49035299 0.55645198
vt 0.48988199 0.55814499
vt 0.48924699 0.55805498
vt 0.48979399 0.55592400
vt 0.49035299 0.55645198
vt 0.48924699 0.55805498
vt 0.48988199 0.55814499
vt 0.48966399 0.55830503
vt 0.48903400 0.55823898
vt 0.48988199 0.55814499
vt 0.49045900 0.55827397
vt 0.49024200 0.55842698
vt 0.48966399 0.55830503
vt 0.48903400 0.55823898
vt 0.48966399 0.55830503
vt 0.48924100 0.55847698
vt 0.48861101 0.55843699
vt 0.48861101 0.55843699
vt 0.45637301 0.55772400
vt 0.45637301 0.55751902
vt 0.48903400 0.55823898
vt 0.48903400 0.55823898
vt 0.45637301 0.55751902
vt 0.45635799 0.55731797
vt 0.48924699 0.55805498
vt 0.48861101 0.55843699
vt 0.48924100 0.55847698
vt 0.48851901 0.55875599
vt 0.48789999 0.55872202
vt 0.48861101 0.55843699
vt 0.48789999 0.55872202
vt 0.45635599 0.55801600
vt 0.45637301 0.55772400
vt 0.45486200 0.55757499
vt 0.45637301 0.55772400
vt 0.45635599 0.55801600
vt 0.45485801 0.55787802
vt 0.45483899 0.55736500
vt 0.45637301 0.55751902
vt 0.45637301 0.55772400
vt 0.45486200 0.55757499
vt 0.45010900 0.55678898
vt 0.45483899 0.55736500
vt 0.45486200 0.55757499
vt 0.45013800 0.55701602
vt 0.45486200 0.55757499
vt 0.45485801 0.55787802
vt 0.45014399 0.55735302
vt 0.45013800 0.55701602
vt 0.45485801 0.55787802
vt 0.45483100 0.55832601
vt 0.45013800 0.55784601
vt 0.45014399 0.55735302
vt 0.45014399 0.55735302
vt 0.45013800 0.55784601
vt 0.44951701 0.55784702
vt 0.44953600 0.55735302
vt 0.45013800 0.55784601
vt 0.45483100 0.55832601
vt 0.45479000 0.55895102
vt 0.45012301 0.55852997
vt 0.45013800 0.55784601
vt 0.45012301 0.55852997
vt 0.44948301 0.55853301
vt 0.44951701 0.55784702
vt 0.45012301 0.55852997
vt 0.45479000 0.55895102
vt 0.45473701 0.55978602
vt 0.45010799 0.55943698
vt 0.45012301 0.55852997
vt 0.45010799 0.55943698
vt 0.44944400 0.55943900
vt 0.44948301 0.55853301
vt 0.44944400 0.55943900
vt 0.43914199 0.56051803
vt 0.43986800 0.55967498
vt 0.44948301 0.55853301
vt 0.44948301 0.55853301
vt 0.43986800 0.55967498
vt 0.44064200 0.55900902
vt 0.44951701 0.55784702
vt 0.44940600 0.56058401
vt 0.43853101 0.56152701
vt 0.43914199 0.56051803
vt 0.44944400 0.55943900
vt 0.45010799 0.55943698
vt 0.45008999 0.56058198
vt 0.44940600 0.56058401
vt 0.44944400 0.55943900
vt 0.43914199 0.56051803
vt 0.43853101 0.56152701
vt 0.43652201 0.56181198
vt 0.43723199 0.56083602
vt 0.43806100 0.56268698
vt 0.43853101 0.56152701
vt 0.44940600 0.56058401
vt 0.44937399 0.56196898
vt 0.43853101 0.56152701
vt 0.43806100 0.56268698
vt 0.43597099 0.56291097
vt 0.43652201 0.56181198
vt 0.44934499 0.56353498
vt 0.43772101 0.56395900
vt 0.43806100 0.56268698
vt 0.44937399 0.56196898
vt 0.43806100 0.56268698
vt 0.43772101 0.56395900
vt 0.43556800 0.56410003
vt 0.43597099 0.56291097
vt 0.43772101 0.56395900
vt 0.43750101 0.56529999
vt 0.43530700 0.56534702
vt 0.43556800 0.56410003
vt 0.45008999 0.56058198
vt 0.45007199 0.56197000
vt 0.44937399 0.56196898
vt 0.44940600 0.56058401
vt 0.45478901 0.55716902
vt 0.45635799 0.55731797
vt 0.45637301 0.55751902
vt 0.45483899 0.55736500
vt 0.48979399 0.55592400
vt 0.48924699 0.55805498
vt 0.45635799 0.55731797
vt 0.45591399 0.55503601
vt 0.56891000 0.29459101
vt 0.57019699 0.29397199
vt 0.57014102 0.29452500
vt 0.56887698 0.29508501
vt 0.56897902 0.29403201
vt 0.57035202 0.29338801
vt 0.57019699 0.29397199
vt 0.56891000 0.29459101
vt 0.56745499 0.29473799
vt 0.56897902 0.29403201
vt 0.56891000 0.29459101
vt 0.56744200 0.29525599
vt 0.56744200 0.29525599
vt 0.56891000 0.29459101
vt 0.56887698 0.29508501
vt 0.56741899 0.29569599
vt 0.56595999 0.29585400
vt 0.56744200 0.29525599
vt 0.56741899 0.29569599
vt 0.56593198 0.29624501
vt 0.56597298 0.29540500
vt 0.56745499 0.29473799
vt 0.56744200 0.29525599
vt 0.56595999 0.29585400
vt 0.56555998 0.29240301
vt 0.56641698 0.29161200
vt 0.56897902 0.29403201
vt 0.56745499 0.29473799
vt 0.56463498 0.29300699
vt 0.56555998 0.29240301
vt 0.56745499 0.29473799
vt 0.56597298 0.29540500
vt 0.56641698 0.29161200
vt 0.56555998 0.29240301
vt 0.56443900 0.29111001
vt 0.56502199 0.29049000
vt 0.56555998 0.29240301
vt 0.56463498 0.29300699
vt 0.56376702 0.29161501
vt 0.56443900 0.29111001
vt 0.56463498 0.29300699
vt 0.56367999 0.29345500
vt 0.56303698 0.29200900
vt 0.56376702 0.29161501
vt 0.56367999 0.29345500
vt 0.56463498 0.29300699
vt 0.56597298 0.29540500
vt 0.56457698 0.29590401
vt 0.56367999 0.29345500
vt 0.56271601 0.29377401
vt 0.56227601 0.29229900
vt 0.56303698 0.29200900
vt 0.56271601 0.29377401
vt 0.56367999 0.29345500
vt 0.56457698 0.29590401
vt 0.56323498 0.29617900
vt 0.56175703 0.29394600
vt 0.56271601 0.29377401
vt 0.56323498 0.29617900
vt 0.56191599 0.29631600
vt 0.56271601 0.29377401
vt 0.56175703 0.29394600
vt 0.56150299 0.29249001
vt 0.56227601 0.29229900
vt 0.56175703 0.29394600
vt 0.56081700 0.29401600
vt 0.56073499 0.29258800
vt 0.56150299 0.29249001
vt 0.56081700 0.29401600
vt 0.56175703 0.29394600
vt 0.56191599 0.29631600
vt 0.56063497 0.29637301
vt 0.55989599 0.29398701
vt 0.56081700 0.29401600
vt 0.56063497 0.29637301
vt 0.55939603 0.29630801
vt 0.56081700 0.29401600
vt 0.55989599 0.29398701
vt 0.55998302 0.29259399
vt 0.56073499 0.29258800
vt 0.55989599 0.29398701
vt 0.55899698 0.29385599
vt 0.55925697 0.29250401
vt 0.55998302 0.29259399
vt 0.55899698 0.29385599
vt 0.55811900 0.29361901
vt 0.55856502 0.29231301
vt 0.55925697 0.29250401
vt 0.55811900 0.29361901
vt 0.55726397 0.29326600
vt 0.55791599 0.29201400
vt 0.55856502 0.29231301
vt 0.55811900 0.29361901
vt 0.55899698 0.29385599
vt 0.55818099 0.29607400
vt 0.55695897 0.29570699
vt 0.55726397 0.29326600
vt 0.55811900 0.29361901
vt 0.55695897 0.29570699
vt 0.55572200 0.29524601
vt 0.55726397 0.29326600
vt 0.55643398 0.29278499
vt 0.55731702 0.29159901
vt 0.55791599 0.29201400
vt 0.55643398 0.29278499
vt 0.55726397 0.29326600
vt 0.55572200 0.29524601
vt 0.55449200 0.29462999
vt 0.55572200 0.29524601
vt 0.55695897 0.29570699
vt 0.55689698 0.29611900
vt 0.55566502 0.29565299
vt 0.55449200 0.29462999
vt 0.55572200 0.29524601
vt 0.55566502 0.29565299
vt 0.55442297 0.29503000
vt 0.55442297 0.29503000
vt 0.55566502 0.29565299
vt 0.55562198 0.29598799
vt 0.55436701 0.29538500
vt 0.55566502 0.29565299
vt 0.55689698 0.29611900
vt 0.55685699 0.29644099
vt 0.55562198 0.29598799
vt 0.55695897 0.29570699
vt 0.55818099 0.29607400
vt 0.55812198 0.29646000
vt 0.55689698 0.29611900
vt 0.55689698 0.29611900
vt 0.55812198 0.29646000
vt 0.55808300 0.29677200
vt 0.55685699 0.29644099
vt 0.55812198 0.29646000
vt 0.55935103 0.29667899
vt 0.55931300 0.29698899
vt 0.55808300 0.29677200
vt 0.55818099 0.29607400
vt 0.55939603 0.29630801
vt 0.55935103 0.29667899
vt 0.55812198 0.29646000
vt 0.55939603 0.29630801
vt 0.56063497 0.29637301
vt 0.56059802 0.29676300
vt 0.55935103 0.29667899
vt 0.55935103 0.29667899
vt 0.56059802 0.29676300
vt 0.56055999 0.29707599
vt 0.55931300 0.29698899
vt 0.56059802 0.29676300
vt 0.56187302 0.29673201
vt 0.56183201 0.29705399
vt 0.56055999 0.29707599
vt 0.56063497 0.29637301
vt 0.56191599 0.29631600
vt 0.56187302 0.29673201
vt 0.56059802 0.29676300
vt 0.56191599 0.29631600
vt 0.56323498 0.29617900
vt 0.56318599 0.29658699
vt 0.56187302 0.29673201
vt 0.56187302 0.29673201
vt 0.56318599 0.29658699
vt 0.56314403 0.29692200
vt 0.56183201 0.29705399
vt 0.56323498 0.29617900
vt 0.56457698 0.29590401
vt 0.56454003 0.29630601
vt 0.56318599 0.29658699
vt 0.56318599 0.29658699
vt 0.56454003 0.29630601
vt 0.56450301 0.29666200
vt 0.56314403 0.29692200
vt 0.56457698 0.29590401
vt 0.56597298 0.29540500
vt 0.56595999 0.29585400
vt 0.56454003 0.29630601
vt 0.56454003 0.29630601
vt 0.56595999 0.29585400
vt 0.56593198 0.29624501
vt 0.56450301 0.29666200
vt 0.55899698 0.29385599
vt 0.55989599 0.29398701
vt 0.55939603 0.29630801
vt 0.55818099 0.29607400
vt 0.55315900 0.29420900
vt 0.55442297 0.29503000
vt 0.55436701 0.29538500
vt 0.55308098 0.29460001
vt 0.55326599 0.29376799
vt 0.55449200 0.29462999
vt 0.55442297 0.29503000
vt 0.55315900 0.29420900
vt 0.55199701 0.29270199
vt 0.55326599 0.29376799
vt 0.55315900 0.29420900
vt 0.55186701 0.29321501
vt 0.55186701 0.29321501
vt 0.55315900 0.29420900
vt 0.55308098 0.29460001
vt 0.55176997 0.29365501
vt 0.55059898 0.29214501
vt 0.55186701 0.29321501
vt 0.55176997 0.29365501
vt 0.55049402 0.29264501
vt 0.55068499 0.29157001
vt 0.55199701 0.29270199
vt 0.55186701 0.29321501
vt 0.55059898 0.29214501
vt 0.55429399 0.29037300
vt 0.55492002 0.29135200
vt 0.55199701 0.29270199
vt 0.55068499 0.29157001
vt 0.55492002 0.29135200
vt 0.55563402 0.29215801
vt 0.55326599 0.29376799
vt 0.55199701 0.29270199
vt 0.55381501 0.28921300
vt 0.55429399 0.29037300
vt 0.55068499 0.29157001
vt 0.54948598 0.29053500
vt 0.54948598 0.29053500
vt 0.55068499 0.29157001
vt 0.55059898 0.29214501
vt 0.54948300 0.29116499
vt 0.54866302 0.28972399
vt 0.55355501 0.28789201
vt 0.55381501 0.28921300
vt 0.54948598 0.29053500
vt 0.54869300 0.29043701
vt 0.54866302 0.28972399
vt 0.54948598 0.29053500
vt 0.54948300 0.29116499
vt 0.54862201 0.29109901
vt 0.54869300 0.29043701
vt 0.54948300 0.29116499
vt 0.54938698 0.29173401
vt 0.54948300 0.29116499
vt 0.55059898 0.29214501
vt 0.55049402 0.29264501
vt 0.54938698 0.29173401
vt 0.54572898 0.30175599
vt 0.54482299 0.30160400
vt 0.54862201 0.29109901
vt 0.54938698 0.29173401
vt 0.54439700 0.30151901
vt 0.54825902 0.29072499
vt 0.54862201 0.29109901
vt 0.54482299 0.30160400
vt 0.54825902 0.29072499
vt 0.54829299 0.28996301
vt 0.54869300 0.29043701
vt 0.54862201 0.29109901
vt 0.48962599 0.58003902
vt 0.48996100 0.57951200
vt 0.48993900 0.57974499
vt 0.48969799 0.58024198
vt 0.48929599 0.59000498
vt 0.48962599 0.58003902
vt 0.48969799 0.58024198
vt 0.48937500 0.59004200
vt 0.48996100 0.57951200
vt 0.49045900 0.57920003
vt 0.49038199 0.57944900
vt 0.48993900 0.57974499
vt 0.54829299 0.28996301
vt 0.54824603 0.28920701
vt 0.54866302 0.28972399
vt 0.54869300 0.29043701
vt 0.49045900 0.57920003
vt 0.49118301 0.57894403
vt 0.49111000 0.57922500
vt 0.49038199 0.57944900
vt 0.54824603 0.28920701
vt 0.54833603 0.28816199
vt 0.55355501 0.28789201
vt 0.54866302 0.28972399
vt 0.48986000 0.57922101
vt 0.49042699 0.57893300
vt 0.49045900 0.57920003
vt 0.48996100 0.57951200
vt 0.49042699 0.57893300
vt 0.49116001 0.57868397
vt 0.49118301 0.57894403
vt 0.49045900 0.57920003
vt 0.49116001 0.57868397
vt 0.49216899 0.57834101
vt 0.49221301 0.57859898
vt 0.49118301 0.57894403
vt 0.49118301 0.57894403
vt 0.49221301 0.57859898
vt 0.49219900 0.57892400
vt 0.49111000 0.57922500
vt 0.49221301 0.57859898
vt 0.49356601 0.57802498
vt 0.49365601 0.57838899
vt 0.49219900 0.57892400
vt 0.49216899 0.57834101
vt 0.49348599 0.57777601
vt 0.49356601 0.57802498
vt 0.49221301 0.57859898
vt 0.49356601 0.57802498
vt 0.49507800 0.57718599
vt 0.49527201 0.57753903
vt 0.49365601 0.57838899
vt 0.49348599 0.57777601
vt 0.49495900 0.57695699
vt 0.49507800 0.57718599
vt 0.49356601 0.57802498
vt 0.49495900 0.57695699
vt 0.49641600 0.57590300
vt 0.49656999 0.57610399
vt 0.49507800 0.57718599
vt 0.49507800 0.57718599
vt 0.49656999 0.57610399
vt 0.49680701 0.57639301
vt 0.49527201 0.57753903
vt 0.49641600 0.57590300
vt 0.49773201 0.57465398
vt 0.49791500 0.57482302
vt 0.49656999 0.57610399
vt 0.49656999 0.57610399
vt 0.49791500 0.57482302
vt 0.49816799 0.57506102
vt 0.49680701 0.57639301
vt 0.55073202 0.28242701
vt 0.55225003 0.28037700
vt 0.55541998 0.28268600
vt 0.55454201 0.28381199
vt 0.55225003 0.28037700
vt 0.55404001 0.27872401
vt 0.55649698 0.28177300
vt 0.55541998 0.28268600
vt 0.55454201 0.28381199
vt 0.55541998 0.28268600
vt 0.55693698 0.28415701
vt 0.55634397 0.28495201
vt 0.55541998 0.28268600
vt 0.55649698 0.28177300
vt 0.55767202 0.28349900
vt 0.55693698 0.28415701
vt 0.55649698 0.28177300
vt 0.55771703 0.28109899
vt 0.55852002 0.28300199
vt 0.55767202 0.28349900
vt 0.55391598 0.28510499
vt 0.55454201 0.28381199
vt 0.55634397 0.28495201
vt 0.55591899 0.28585199
vt 0.55358303 0.28649500
vt 0.55391598 0.28510499
vt 0.55591899 0.28585199
vt 0.55567503 0.28681701
vt 0.55355501 0.28789201
vt 0.55358303 0.28649500
vt 0.55567503 0.28681701
vt 0.55561101 0.28780001
vt 0.55381501 0.28921300
vt 0.55355501 0.28789201
vt 0.55561101 0.28780001
vt 0.55571502 0.28875399
vt 0.55429399 0.29037300
vt 0.55381501 0.28921300
vt 0.55571502 0.28875399
vt 0.55596101 0.28963301
vt 0.55492002 0.29135200
vt 0.55429399 0.29037300
vt 0.55596101 0.28963301
vt 0.55632901 0.29041001
vt 0.55563402 0.29215801
vt 0.55492002 0.29135200
vt 0.55632901 0.29041001
vt 0.55678397 0.29106501
vt 0.55643398 0.29278499
vt 0.55563402 0.29215801
vt 0.55678397 0.29106501
vt 0.55731702 0.29159901
vt 0.55563402 0.29215801
vt 0.55643398 0.29278499
vt 0.55449200 0.29462999
vt 0.55326599 0.29376799
vt 0.54833603 0.28816199
vt 0.54870999 0.28666401
vt 0.55358303 0.28649500
vt 0.55355501 0.28789201
vt 0.54870999 0.28666401
vt 0.54951102 0.28463799
vt 0.55391598 0.28510499
vt 0.55358303 0.28649500
vt 0.54951102 0.28463799
vt 0.55073202 0.28242701
vt 0.55454201 0.28381199
vt 0.55391598 0.28510499
vt 0.49004400 0.57740498
vt 0.49071300 0.57722700
vt 0.49116001 0.57868397
vt 0.49042699 0.57893300
vt 0.48946199 0.57750797
vt 0.49004400 0.57740498
vt 0.49042699 0.57893300
vt 0.48986000 0.57922101
vt 0.48983401 0.57724297
vt 0.49050400 0.57705098
vt 0.49071300 0.57722700
vt 0.49004400 0.57740498
vt 0.48925099 0.57733899
vt 0.48983401 0.57724297
vt 0.49004400 0.57740498
vt 0.48946199 0.57750797
vt 0.48986000 0.57922101
vt 0.48927799 0.57972401
vt 0.48882300 0.57757097
vt 0.48946199 0.57750797
vt 0.48942700 0.57704300
vt 0.49010199 0.57678503
vt 0.49050400 0.57705098
vt 0.48983401 0.57724297
vt 0.48927799 0.57972401
vt 0.48986000 0.57922101
vt 0.48996100 0.57951200
vt 0.48962599 0.58003902
vt 0.48929599 0.59000498
vt 0.48896301 0.58988798
vt 0.48927799 0.57972401
vt 0.48962599 0.58003902
vt 0.48927799 0.57972401
vt 0.48896301 0.58988798
vt 0.45301801 0.58847702
vt 0.45538700 0.57914001
vt 0.48882300 0.57757097
vt 0.48927799 0.57972401
vt 0.45538700 0.57914001
vt 0.45592999 0.57687700
vt 0.45435500 0.57695901
vt 0.45592999 0.57687700
vt 0.45538700 0.57914001
vt 0.45370001 0.57903200
vt 0.45133400 0.58810800
vt 0.45370001 0.57903200
vt 0.45538700 0.57914001
vt 0.45301801 0.58847702
vt 0.43482000 0.01181300
vt 0.43281600 0.00246000
vt 0.43453300 0.00208000
vt 0.43652099 0.01174200
vt 0.46989900 0.00208000
vt 0.47005200 0.01177400
vt 0.43652099 0.01174200
vt 0.43453300 0.00208000
vt 0.43652099 0.01174200
vt 0.43663600 0.01252300
vt 0.43501800 0.01253300
vt 0.43482000 0.01181300
vt 0.47026101 0.01273700
vt 0.43663600 0.01252300
vt 0.43652099 0.01174200
vt 0.47005200 0.01177400
vt 0.43709901 0.01473300
vt 0.43555000 0.01459600
vt 0.43501800 0.01253300
vt 0.43663600 0.01252300
vt 0.47026101 0.01273700
vt 0.46979499 0.01486000
vt 0.43709901 0.01473300
vt 0.43663600 0.01252300
vt 0.43501800 0.01253300
vt 0.43555000 0.01459600
vt 0.43082300 0.01402900
vt 0.43037301 0.01234000
vt 0.43482000 0.01181300
vt 0.43501800 0.01253300
vt 0.43037301 0.01234000
vt 0.43025401 0.01192100
vt 0.43025401 0.01192100
vt 0.43037301 0.01234000
vt 0.42979100 0.01238500
vt 0.42968601 0.01198800
vt 0.43037301 0.01234000
vt 0.43082300 0.01402900
vt 0.43024299 0.01403800
vt 0.42979100 0.01238500
vt 0.42979100 0.01238500
vt 0.42165601 0.01409000
vt 0.42154101 0.01373000
vt 0.42968601 0.01198800
vt 0.42208299 0.01551400
vt 0.42165601 0.01409000
vt 0.42979100 0.01238500
vt 0.43024299 0.01403800
vt 0.42154101 0.01373000
vt 0.41757599 0.00668200
vt 0.42758101 0.00380200
vt 0.42968601 0.01198800
vt 0.42968601 0.01198800
vt 0.42758101 0.00380200
vt 0.42816901 0.00364500
vt 0.43025401 0.01192100
vt 0.43644300 0.58384800
vt 0.44047001 0.57704997
vt 0.44850901 0.57890099
vt 0.44613099 0.58696502
vt 0.44613099 0.58696502
vt 0.44850901 0.57890099
vt 0.44909000 0.57896799
vt 0.44671500 0.58712000
vt 0.45133400 0.58810800
vt 0.44671500 0.58712000
vt 0.44909000 0.57896799
vt 0.45370001 0.57903200
vt 0.43482000 0.01181300
vt 0.43025401 0.01192100
vt 0.42816901 0.00364500
vt 0.43281600 0.00246000
vt 0.44960001 0.57732099
vt 0.45435500 0.57695901
vt 0.45370001 0.57903200
vt 0.44909000 0.57896799
vt 0.44960001 0.57732099
vt 0.44909000 0.57896799
vt 0.44850901 0.57890099
vt 0.44902501 0.57729101
vt 0.44906700 0.57709998
vt 0.44965801 0.57713300
vt 0.44960001 0.57732099
vt 0.44902501 0.57729101
vt 0.44850901 0.57890099
vt 0.44047001 0.57704997
vt 0.44093499 0.57561302
vt 0.44902501 0.57729101
vt 0.44047001 0.57704997
vt 0.43831301 0.57608402
vt 0.43890101 0.57483500
vt 0.44093499 0.57561302
vt 0.43644300 0.58384800
vt 0.43385100 0.58235198
vt 0.43831301 0.57608402
vt 0.44047001 0.57704997
vt 0.43831301 0.57608402
vt 0.43385100 0.58235198
vt 0.43154699 0.58071101
vt 0.43655801 0.57505000
vt 0.41487601 0.00815200
vt 0.41934201 0.01466000
vt 0.41754100 0.01565900
vt 0.41260099 0.00986800
vt 0.42154101 0.01373000
vt 0.41934201 0.01466000
vt 0.41487601 0.00815200
vt 0.41757599 0.00668200
vt 0.41754100 0.01565900
vt 0.41934201 0.01466000
vt 0.41949600 0.01497900
vt 0.41772199 0.01594000
vt 0.42154101 0.01373000
vt 0.42165601 0.01409000
vt 0.41949600 0.01497900
vt 0.41934201 0.01466000
vt 0.42208299 0.01551400
vt 0.42004201 0.01623400
vt 0.41949600 0.01497900
vt 0.42165601 0.01409000
vt 0.41609901 0.01675200
vt 0.41754100 0.01565900
vt 0.41772199 0.01594000
vt 0.41630399 0.01699400
vt 0.41609901 0.01675200
vt 0.41062301 0.01160000
vt 0.41260099 0.00986800
vt 0.41754100 0.01565900
vt 0.43027899 0.01423200
vt 0.42212299 0.01567900
vt 0.42208299 0.01551400
vt 0.43024299 0.01403800
vt 0.43087500 0.01422000
vt 0.43027899 0.01423200
vt 0.43024299 0.01403800
vt 0.43082300 0.01402900
vt 0.43029901 0.01445800
vt 0.42215401 0.01585500
vt 0.42212299 0.01567900
vt 0.43027899 0.01423200
vt 0.43090501 0.01444800
vt 0.43029901 0.01445800
vt 0.43027899 0.01423200
vt 0.43087500 0.01422000
vt 0.43030301 0.01479200
vt 0.42199099 0.01613900
vt 0.42215401 0.01585500
vt 0.43029901 0.01445800
vt 0.43091401 0.01478600
vt 0.43030301 0.01479200
vt 0.43029901 0.01445800
vt 0.43090501 0.01444800
vt 0.43562400 0.01499800
vt 0.43562201 0.01529900
vt 0.43091401 0.01478600
vt 0.43090501 0.01444800
vt 0.43087500 0.01422000
vt 0.43560001 0.01478900
vt 0.43562400 0.01499800
vt 0.43090501 0.01444800
vt 0.43091401 0.01478600
vt 0.43091199 0.01528100
vt 0.43028900 0.01528800
vt 0.43030301 0.01479200
vt 0.42215401 0.01585500
vt 0.42038000 0.01643600
vt 0.42015600 0.01635300
vt 0.42212299 0.01567900
vt 0.42199099 0.01613900
vt 0.42066401 0.01649900
vt 0.42038000 0.01643600
vt 0.42215401 0.01585500
vt 0.42140999 0.01661900
vt 0.42199099 0.01613900
vt 0.43030301 0.01479200
vt 0.43028900 0.01528800
vt 0.42199099 0.01613900
vt 0.42140999 0.01661900
vt 0.41983899 0.01695400
vt 0.42066401 0.01649900
vt 0.43026301 0.01597900
vt 0.42065200 0.01729500
vt 0.42140999 0.01661900
vt 0.43028900 0.01528800
vt 0.42140999 0.01661900
vt 0.42065200 0.01729500
vt 0.41888899 0.01764400
vt 0.41983899 0.01695400
vt 0.43091199 0.01528100
vt 0.43090400 0.01596900
vt 0.43026301 0.01597900
vt 0.43028900 0.01528800
vt 0.43023399 0.01688800
vt 0.41994199 0.01814700
vt 0.42065200 0.01729500
vt 0.43026301 0.01597900
vt 0.42065200 0.01729500
vt 0.41994199 0.01814700
vt 0.41804701 0.01849200
vt 0.41888899 0.01764400
vt 0.43020999 0.01803600
vt 0.41935000 0.01916000
vt 0.41994199 0.01814700
vt 0.43023399 0.01688800
vt 0.43082300 0.01402900
vt 0.43555000 0.01459600
vt 0.43560001 0.01478900
vt 0.43087500 0.01422000
vt 0.42212299 0.01567900
vt 0.42015600 0.01635300
vt 0.42004201 0.01623400
vt 0.42208299 0.01551400
vt 0.47041199 0.01168600
vt 0.47005200 0.01177400
vt 0.46989900 0.00208000
vt 0.47023901 0.00218100
vt 0.47041199 0.01168600
vt 0.47023901 0.00218100
vt 0.47031599 0.00221200
vt 0.47049001 0.01157000
vt 0.56714499 0.29061699
vt 0.56641698 0.29161200
vt 0.56502199 0.29049000
vt 0.56548297 0.28975600
vt 0.56641698 0.29161200
vt 0.56714499 0.29061699
vt 0.57035202 0.29338801
vt 0.56897902 0.29403201
vt 0.49400300 0.55780602
vt 0.49267599 0.55717403
vt 0.49267501 0.55685002
vt 0.49410900 0.55744803
vt 0.49391299 0.55805200
vt 0.49262100 0.55743003
vt 0.49267599 0.55717403
vt 0.49400300 0.55780602
vt 0.49316999 0.55938202
vt 0.49200001 0.55882502
vt 0.49262100 0.55743003
vt 0.49391299 0.55805200
vt 0.49534899 0.55893397
vt 0.49449301 0.56015801
vt 0.49316999 0.55938202
vt 0.49391299 0.55805200
vt 0.49316999 0.55938202
vt 0.49449301 0.56015801
vt 0.49427599 0.56044799
vt 0.49295199 0.55964297
vt 0.49200001 0.55882502
vt 0.49316999 0.55938202
vt 0.49295199 0.55964297
vt 0.49178201 0.55903101
vt 0.49178201 0.55903101
vt 0.49295199 0.55964297
vt 0.49252501 0.56019700
vt 0.49136499 0.55940902
vt 0.49295199 0.55964297
vt 0.49427599 0.56044799
vt 0.49385101 0.56108898
vt 0.49252501 0.56019700
vt 0.49427599 0.56044799
vt 0.49558401 0.56138003
vt 0.49517500 0.56192601
vt 0.49385101 0.56108898
vt 0.49449301 0.56015801
vt 0.49580100 0.56112802
vt 0.49558401 0.56138003
vt 0.49427599 0.56044799
vt 0.49252501 0.56019700
vt 0.49385101 0.56108898
vt 0.49316901 0.56229800
vt 0.49178901 0.56121999
vt 0.49136499 0.55940902
vt 0.49252501 0.56019700
vt 0.49178901 0.56121999
vt 0.49064201 0.56009001
vt 0.48676899 0.56003797
vt 0.48542199 0.56080002
vt 0.48485500 0.56057298
vt 0.48619801 0.55978203
vt 0.48740900 0.56071103
vt 0.48604000 0.56138903
vt 0.48542199 0.56080002
vt 0.48676899 0.56003797
vt 0.48604000 0.56138903
vt 0.48485801 0.56219500
vt 0.48417699 0.56177002
vt 0.48542199 0.56080002
vt 0.48542199 0.56080002
vt 0.48417699 0.56177002
vt 0.48358899 0.56159502
vt 0.48485500 0.56057298
vt 0.48619801 0.55978203
vt 0.48485500 0.56057298
vt 0.48425299 0.56052798
vt 0.48559201 0.55973297
vt 0.48485500 0.56057298
vt 0.48358899 0.56159502
vt 0.48298600 0.56155699
vt 0.48425299 0.56052798
vt 0.48417699 0.56177002
vt 0.48317301 0.56301600
vt 0.48252901 0.56286901
vt 0.48358899 0.56159502
vt 0.48358899 0.56159502
vt 0.48252901 0.56286901
vt 0.48191899 0.56283599
vt 0.48298600 0.56155699
vt 0.48317301 0.56301600
vt 0.48240501 0.56446803
vt 0.48171899 0.56434602
vt 0.48252901 0.56286901
vt 0.48252901 0.56286901
vt 0.48171899 0.56434602
vt 0.48110300 0.56431597
vt 0.48191899 0.56283599
vt 0.48191899 0.56283599
vt 0.48110300 0.56431597
vt 0.45598301 0.56374002
vt 0.45604801 0.56223297
vt 0.48171899 0.56434602
vt 0.48118800 0.56595600
vt 0.48057401 0.56593400
vt 0.48110300 0.56431597
vt 0.48110300 0.56431597
vt 0.48057401 0.56593400
vt 0.45592901 0.56538099
vt 0.45598301 0.56374002
vt 0.48118800 0.56595600
vt 0.48097599 0.56763798
vt 0.48036501 0.56762397
vt 0.48057401 0.56593400
vt 0.48036501 0.56762397
vt 0.45588499 0.56709099
vt 0.45592901 0.56538099
vt 0.48057401 0.56593400
vt 0.48240501 0.56446803
vt 0.48186299 0.56603199
vt 0.48118800 0.56595600
vt 0.48171899 0.56434602
vt 0.48186299 0.56603199
vt 0.48163301 0.56765199
vt 0.48097599 0.56763798
vt 0.48118800 0.56595600
vt 0.48337799 0.56477398
vt 0.48278600 0.56623203
vt 0.48186299 0.56603199
vt 0.48240501 0.56446803
vt 0.48403099 0.56336200
vt 0.48337799 0.56477398
vt 0.48240501 0.56446803
vt 0.48317301 0.56301600
vt 0.48528799 0.56384200
vt 0.48482800 0.56534201
vt 0.48337799 0.56477398
vt 0.48403099 0.56336200
vt 0.48485801 0.56219500
vt 0.48403099 0.56336200
vt 0.48317301 0.56301600
vt 0.48417699 0.56177002
vt 0.45592901 0.56538099
vt 0.45588499 0.56709099
vt 0.45449299 0.56705999
vt 0.45453301 0.56534499
vt 0.45588499 0.56709099
vt 0.48036501 0.56762397
vt 0.48050001 0.56932199
vt 0.45585400 0.56880099
vt 0.45449299 0.56705999
vt 0.45588499 0.56709099
vt 0.45585400 0.56880099
vt 0.45445800 0.56877601
vt 0.44999400 0.56696099
vt 0.45449299 0.56705999
vt 0.45445800 0.56877601
vt 0.44994900 0.56869900
vt 0.43346301 0.56894398
vt 0.43322301 0.56776899
vt 0.43391201 0.56781298
vt 0.43414000 0.56901598
vt 0.43452799 0.57017499
vt 0.43414000 0.56901598
vt 0.43544999 0.56916100
vt 0.43579701 0.57036799
vt 0.43387201 0.57008100
vt 0.43346301 0.56894398
vt 0.43414000 0.56901598
vt 0.43452799 0.57017499
vt 0.43445399 0.57115102
vt 0.43387201 0.57008100
vt 0.43452799 0.57017499
vt 0.43507999 0.57126200
vt 0.43507999 0.57126200
vt 0.43452799 0.57017499
vt 0.43579701 0.57036799
vt 0.43629700 0.57149398
vt 0.43418100 0.57112801
vt 0.43358800 0.57005697
vt 0.43387201 0.57008100
vt 0.43445399 0.57115102
vt 0.43496001 0.57212800
vt 0.43418100 0.57112801
vt 0.43445399 0.57115102
vt 0.43521801 0.57213902
vt 0.43521801 0.57213902
vt 0.43445399 0.57115102
vt 0.43507999 0.57126200
vt 0.43580899 0.57225400
vt 0.43620199 0.57305700
vt 0.43521801 0.57213902
vt 0.43580899 0.57225400
vt 0.43672901 0.57314700
vt 0.43580899 0.57225400
vt 0.43507999 0.57126200
vt 0.43629700 0.57149398
vt 0.43696100 0.57250398
vt 0.43297699 0.56538600
vt 0.43327901 0.56422800
vt 0.43357301 0.56422102
vt 0.43327501 0.56538498
vt 0.43327901 0.56422800
vt 0.43375400 0.56311703
vt 0.43403900 0.56310701
vt 0.43357301 0.56422102
vt 0.43777901 0.55945402
vt 0.43938699 0.55871999
vt 0.43961099 0.55880803
vt 0.43819001 0.55944699
vt 0.43650800 0.03636600
vt 0.43638501 0.03714700
vt 0.43468001 0.03706100
vt 0.43488601 0.03634000
vt 0.43650800 0.03636600
vt 0.47015300 0.03647500
vt 0.46993500 0.03743800
vt 0.43638501 0.03714700
vt 0.46993500 0.03743800
vt 0.47015300 0.03647500
vt 0.47049800 0.03675800
vt 0.47029600 0.03752900
vt 0.47029600 0.03752900
vt 0.47049800 0.03675800
vt 0.47053999 0.03695100
vt 0.47037801 0.03764600
vt 0.47080001 0.03650400
vt 0.47053999 0.03695100
vt 0.47049800 0.03675800
vt 0.47083101 0.03627400
vt 0.47083101 0.03627400
vt 0.47049800 0.03675800
vt 0.47015300 0.03647500
vt 0.47073400 0.03598400
vt 0.47133201 0.03596900
vt 0.47083101 0.03627400
vt 0.47073400 0.03598400
vt 0.47130200 0.03570300
vt 0.47125199 0.03621900
vt 0.47080001 0.03650400
vt 0.47083101 0.03627400
vt 0.47133201 0.03596900
vt 0.56859899 0.31750801
vt 0.56868798 0.31677800
vt 0.56908101 0.31721899
vt 0.56901002 0.31802499
vt 0.56861401 0.31826600
vt 0.56859899 0.31750801
vt 0.56901002 0.31802499
vt 0.56904203 0.31881699
vt 0.47198501 0.03599800
vt 0.47125199 0.03621900
vt 0.47133201 0.03596900
vt 0.47205901 0.03571500
vt 0.56348902 0.32015401
vt 0.56861401 0.31826600
vt 0.56904203 0.31881699
vt 0.56892902 0.31990400
vt 0.56345803 0.32160500
vt 0.56348902 0.32015401
vt 0.56892902 0.31990400
vt 0.56852603 0.32145900
vt 0.47308201 0.03569300
vt 0.47198501 0.03599800
vt 0.47205901 0.03571500
vt 0.47309500 0.03536500
vt 0.56321800 0.31878000
vt 0.56775302 0.31738999
vt 0.56861401 0.31826600
vt 0.56348902 0.32015401
vt 0.56348902 0.32015401
vt 0.56345803 0.32160500
vt 0.56128800 0.32126999
vt 0.56135398 0.32025099
vt 0.56321800 0.31878000
vt 0.56348902 0.32015401
vt 0.56135398 0.32025099
vt 0.56124502 0.31926101
vt 0.56345803 0.32160500
vt 0.56310999 0.32304600
vt 0.56103498 0.32226899
vt 0.56128800 0.32126999
vt 0.56310999 0.32304600
vt 0.56245798 0.32438400
vt 0.56059498 0.32319999
vt 0.56103498 0.32226899
vt 0.56852603 0.32145900
vt 0.56767702 0.32355499
vt 0.56310999 0.32304600
vt 0.56345803 0.32160500
vt 0.56767702 0.32355499
vt 0.56639701 0.32583600
vt 0.56245798 0.32438400
vt 0.56310999 0.32304600
vt 0.56639701 0.32583600
vt 0.56481600 0.32794699
vt 0.56154603 0.32554600
vt 0.56245798 0.32438400
vt 0.56245798 0.32438400
vt 0.56154603 0.32554600
vt 0.55998099 0.32402200
vt 0.56059498 0.32319999
vt 0.56154603 0.32554600
vt 0.56043100 0.32648799
vt 0.55921900 0.32470101
vt 0.55998099 0.32402200
vt 0.47445300 0.03477800
vt 0.47596800 0.03391900
vt 0.47616601 0.03427200
vt 0.47454599 0.03514300
vt 0.47596800 0.03391900
vt 0.47745699 0.03281200
vt 0.47770000 0.03310000
vt 0.47616601 0.03427200
vt 0.47437000 0.03452800
vt 0.47584501 0.03368900
vt 0.47596800 0.03391900
vt 0.47445300 0.03477800
vt 0.47309500 0.03536500
vt 0.47445300 0.03477800
vt 0.47454599 0.03514300
vt 0.47308201 0.03569300
vt 0.47304901 0.03510600
vt 0.47437000 0.03452800
vt 0.47445300 0.03477800
vt 0.47309500 0.03536500
vt 0.47309500 0.03536500
vt 0.47205901 0.03571500
vt 0.47203699 0.03545400
vt 0.47304901 0.03510600
vt 0.56271702 0.31757700
vt 0.56321800 0.31878000
vt 0.56124502 0.31926101
vt 0.56098801 0.31834900
vt 0.56206399 0.31656599
vt 0.56271702 0.31757700
vt 0.56098801 0.31834900
vt 0.56061101 0.31754699
vt 0.56132001 0.31573799
vt 0.56206399 0.31656599
vt 0.56061101 0.31754699
vt 0.56013900 0.31687200
vt 0.56049001 0.31509700
vt 0.56132001 0.31573799
vt 0.56013900 0.31687200
vt 0.55958700 0.31632400
vt 0.55963302 0.31460699
vt 0.56049001 0.31509700
vt 0.55958700 0.31632400
vt 0.55896801 0.31589699
vt 0.55875301 0.31424800
vt 0.55963302 0.31460699
vt 0.55896801 0.31589699
vt 0.55829799 0.31558999
vt 0.55785203 0.31400800
vt 0.55875301 0.31424800
vt 0.55829799 0.31558999
vt 0.55758703 0.31539500
vt 0.55693001 0.31387401
vt 0.55785203 0.31400800
vt 0.55758703 0.31539500
vt 0.55684000 0.31530300
vt 0.55598700 0.31384099
vt 0.55693001 0.31387401
vt 0.55684000 0.31530300
vt 0.55606699 0.31530800
vt 0.55502099 0.31390899
vt 0.55598700 0.31384099
vt 0.55606699 0.31530800
vt 0.55527598 0.31540799
vt 0.55403399 0.31408000
vt 0.55502099 0.31390899
vt 0.55527598 0.31540799
vt 0.55447799 0.31560200
vt 0.55303699 0.31440100
vt 0.55403399 0.31408000
vt 0.55447799 0.31560200
vt 0.55369103 0.31589699
vt 0.55204701 0.31485501
vt 0.55303699 0.31440100
vt 0.55369103 0.31589699
vt 0.55293500 0.31630099
vt 0.55303699 0.31440100
vt 0.55204701 0.31485501
vt 0.55068499 0.31235701
vt 0.55213797 0.31186500
vt 0.55403399 0.31408000
vt 0.55303699 0.31440100
vt 0.55213797 0.31186500
vt 0.55352300 0.31160200
vt 0.55108398 0.31547299
vt 0.55204701 0.31485501
vt 0.55293500 0.31630099
vt 0.55223799 0.31681901
vt 0.55204701 0.31485501
vt 0.55108398 0.31547299
vt 0.54913199 0.31302300
vt 0.55068499 0.31235701
vt 0.55068499 0.31235701
vt 0.54913199 0.31302300
vt 0.54915398 0.31248301
vt 0.55070698 0.31189200
vt 0.55213797 0.31186500
vt 0.55068499 0.31235701
vt 0.55070698 0.31189200
vt 0.55218297 0.31145099
vt 0.55218297 0.31145099
vt 0.55070698 0.31189200
vt 0.55074298 0.31148800
vt 0.55222702 0.31108600
vt 0.55070698 0.31189200
vt 0.54915398 0.31248301
vt 0.54918700 0.31202599
vt 0.55074298 0.31148800
vt 0.54913199 0.31302300
vt 0.54752803 0.31373700
vt 0.54760700 0.31314999
vt 0.54915398 0.31248301
vt 0.54915398 0.31248301
vt 0.54760700 0.31314999
vt 0.54764998 0.31263301
vt 0.54918700 0.31202599
vt 0.55069101 0.31091601
vt 0.55074298 0.31148800
vt 0.54918700 0.31202599
vt 0.54910398 0.31138599
vt 0.54760700 0.31314999
vt 0.54624099 0.31379101
vt 0.54630703 0.31319800
vt 0.54764998 0.31263301
vt 0.54752803 0.31373700
vt 0.54607701 0.31441700
vt 0.54624099 0.31379101
vt 0.54760700 0.31314999
vt 0.55018997 0.31628799
vt 0.54943103 0.31731799
vt 0.54607701 0.31441700
vt 0.54752803 0.31373700
vt 0.55108398 0.31547299
vt 0.55018997 0.31628799
vt 0.54752803 0.31373700
vt 0.54913199 0.31302300
vt 0.54943103 0.31731799
vt 0.55018997 0.31628799
vt 0.55163199 0.31745899
vt 0.55115300 0.31821701
vt 0.55018997 0.31628799
vt 0.55108398 0.31547299
vt 0.55223799 0.31681901
vt 0.55163199 0.31745899
vt 0.54889601 0.31853899
vt 0.54943103 0.31731799
vt 0.55115300 0.31821701
vt 0.55083197 0.31907699
vt 0.54864299 0.31988400
vt 0.54889601 0.31853899
vt 0.55083197 0.31907699
vt 0.55069202 0.32001001
vt 0.54868603 0.32126701
vt 0.54864299 0.31988400
vt 0.55069202 0.32001001
vt 0.55074000 0.32098001
vt 0.54901600 0.32261100
vt 0.54868603 0.32126701
vt 0.55074000 0.32098001
vt 0.55097401 0.32194301
vt 0.54960001 0.32385400
vt 0.54901600 0.32261100
vt 0.55097401 0.32194301
vt 0.55138302 0.32285801
vt 0.54590899 0.32450601
vt 0.54516000 0.32227901
vt 0.54901600 0.32261100
vt 0.54960001 0.32385400
vt 0.54607701 0.31441700
vt 0.54943103 0.31731799
vt 0.54889601 0.31853899
vt 0.54507399 0.31500199
vt 0.54624099 0.31379101
vt 0.54607701 0.31441700
vt 0.54507399 0.31500199
vt 0.54527003 0.31431401
vt 0.54527003 0.31431401
vt 0.54507399 0.31500199
vt 0.54455799 0.31540200
vt 0.54477298 0.31468701
vt 0.55357897 0.31118301
vt 0.55218297 0.31145099
vt 0.55222702 0.31108600
vt 0.55362803 0.31084099
vt 0.55352300 0.31160200
vt 0.55213797 0.31186500
vt 0.55218297 0.31145099
vt 0.55357897 0.31118301
vt 0.55487698 0.31147799
vt 0.55352300 0.31160200
vt 0.55357897 0.31118301
vt 0.55492502 0.31105399
vt 0.55492502 0.31105399
vt 0.55357897 0.31118301
vt 0.55362803 0.31084099
vt 0.55497098 0.31072500
vt 0.55499601 0.31026900
vt 0.55497098 0.31072500
vt 0.55362803 0.31084099
vt 0.55363399 0.31036001
vt 0.55363399 0.31036001
vt 0.55362803 0.31084099
vt 0.55222702 0.31108600
vt 0.55220699 0.31056899
vt 0.55630702 0.31027901
vt 0.55626702 0.31071901
vt 0.55497098 0.31072500
vt 0.55499601 0.31026900
vt 0.55622500 0.31103599
vt 0.55492502 0.31105399
vt 0.55497098 0.31072500
vt 0.55626702 0.31071901
vt 0.55758101 0.31038699
vt 0.55752802 0.31081700
vt 0.55626702 0.31071901
vt 0.55630702 0.31027901
vt 0.55748898 0.31112900
vt 0.55622500 0.31103599
vt 0.55626702 0.31071901
vt 0.55752802 0.31081700
vt 0.55873603 0.31134501
vt 0.55748898 0.31112900
vt 0.55752802 0.31081700
vt 0.55877298 0.31102899
vt 0.55884200 0.31059301
vt 0.55877298 0.31102899
vt 0.55752802 0.31081700
vt 0.55758101 0.31038699
vt 0.56011301 0.31090501
vt 0.56002402 0.31135201
vt 0.55877298 0.31102899
vt 0.55884200 0.31059301
vt 0.55998701 0.31167999
vt 0.55873603 0.31134501
vt 0.55877298 0.31102899
vt 0.56002402 0.31135201
vt 0.56140900 0.31133199
vt 0.56129301 0.31180000
vt 0.56002402 0.31135201
vt 0.56011301 0.31090501
vt 0.56125301 0.31214300
vt 0.55998701 0.31167999
vt 0.56002402 0.31135201
vt 0.56129301 0.31180000
vt 0.55992800 0.31210101
vt 0.55867898 0.31173801
vt 0.55873603 0.31134501
vt 0.55998701 0.31167999
vt 0.56119901 0.31255999
vt 0.55992800 0.31210101
vt 0.55998701 0.31167999
vt 0.56125301 0.31214300
vt 0.56247199 0.31317800
vt 0.56119901 0.31255999
vt 0.56125301 0.31214300
vt 0.56253701 0.31276500
vt 0.56253701 0.31276500
vt 0.56125301 0.31214300
vt 0.56129301 0.31180000
vt 0.56258899 0.31239900
vt 0.56385702 0.31358901
vt 0.56253701 0.31276500
vt 0.56258899 0.31239900
vt 0.56392998 0.31318399
vt 0.56375402 0.31404701
vt 0.56247199 0.31317800
vt 0.56253701 0.31276500
vt 0.56385702 0.31358901
vt 0.56132001 0.31573799
vt 0.56049001 0.31509700
vt 0.56247199 0.31317800
vt 0.56375402 0.31404701
vt 0.56049001 0.31509700
vt 0.55963302 0.31460699
vt 0.56119901 0.31255999
vt 0.56247199 0.31317800
vt 0.56206399 0.31656599
vt 0.56132001 0.31573799
vt 0.56375402 0.31404701
vt 0.56509203 0.31513199
vt 0.56509203 0.31513199
vt 0.56375402 0.31404701
vt 0.56385702 0.31358901
vt 0.56521899 0.31459501
vt 0.56648201 0.31629401
vt 0.56509203 0.31513199
vt 0.56521899 0.31459501
vt 0.56656498 0.31568900
vt 0.56271702 0.31757700
vt 0.56206399 0.31656599
vt 0.56509203 0.31513199
vt 0.56648201 0.31629401
vt 0.56775302 0.31738999
vt 0.56648201 0.31629401
vt 0.56656498 0.31568900
vt 0.56775701 0.31671199
vt 0.56321800 0.31878000
vt 0.56271702 0.31757700
vt 0.56648201 0.31629401
vt 0.56775302 0.31738999
vt 0.56775302 0.31738999
vt 0.56775701 0.31671199
vt 0.56859899 0.31750801
vt 0.56861401 0.31826600
vt 0.56775701 0.31671199
vt 0.56656498 0.31568900
vt 0.56666601 0.31516400
vt 0.56785202 0.31609800
vt 0.56775701 0.31671199
vt 0.56785202 0.31609800
vt 0.56868798 0.31677800
vt 0.56859899 0.31750801
vt 0.56900102 0.31585899
vt 0.56868798 0.31677800
vt 0.56785202 0.31609800
vt 0.56816900 0.31531301
vt 0.56816900 0.31531301
vt 0.56785202 0.31609800
vt 0.56666601 0.31516400
vt 0.56696802 0.31448001
vt 0.56656498 0.31568900
vt 0.56521899 0.31459501
vt 0.56531101 0.31413600
vt 0.56666601 0.31516400
vt 0.56696802 0.31448001
vt 0.56666601 0.31516400
vt 0.56531101 0.31413600
vt 0.56556702 0.31352901
vt 0.56556702 0.31352901
vt 0.56531101 0.31413600
vt 0.56392998 0.31318399
vt 0.56413299 0.31263900
vt 0.56521899 0.31459501
vt 0.56385702 0.31358901
vt 0.56392998 0.31318399
vt 0.56531101 0.31413600
vt 0.56413299 0.31263900
vt 0.56392998 0.31318399
vt 0.56258899 0.31239900
vt 0.56274301 0.31189999
vt 0.56938601 0.31615800
vt 0.56908101 0.31721899
vt 0.56868798 0.31677800
vt 0.56900102 0.31585899
vt 0.56274301 0.31189999
vt 0.56258899 0.31239900
vt 0.56129301 0.31180000
vt 0.56140900 0.31133199
vt 0.55963302 0.31460699
vt 0.55875301 0.31424800
vt 0.55992800 0.31210101
vt 0.56119901 0.31255999
vt 0.55875301 0.31424800
vt 0.55785203 0.31400800
vt 0.55867898 0.31173801
vt 0.55992800 0.31210101
vt 0.55785203 0.31400800
vt 0.55693001 0.31387401
vt 0.55744302 0.31150499
vt 0.55867898 0.31173801
vt 0.55867898 0.31173801
vt 0.55744302 0.31150499
vt 0.55748898 0.31112900
vt 0.55873603 0.31134501
vt 0.55744302 0.31150499
vt 0.55618399 0.31143299
vt 0.55622500 0.31103599
vt 0.55748898 0.31112900
vt 0.55693001 0.31387401
vt 0.55598700 0.31384099
vt 0.55618399 0.31143299
vt 0.55744302 0.31150499
vt 0.55598700 0.31384099
vt 0.55502099 0.31390899
vt 0.55487698 0.31147799
vt 0.55618399 0.31143299
vt 0.55618399 0.31143299
vt 0.55487698 0.31147799
vt 0.55492502 0.31105399
vt 0.55622500 0.31103599
vt 0.55502099 0.31390899
vt 0.55403399 0.31408000
vt 0.55352300 0.31160200
vt 0.55487698 0.31147799
vt 0.55220699 0.31056899
vt 0.55222702 0.31108600
vt 0.55074298 0.31148800
vt 0.55069101 0.31091601
vt 0.47205901 0.03571500
vt 0.47133201 0.03596900
vt 0.47130200 0.03570300
vt 0.47203699 0.03545400
vt 0.46917301 0.01525200
vt 0.46979901 0.01527800
vt 0.46908900 0.01557000
vt 0.46847299 0.01554800
vt 0.43690801 0.01831600
vt 0.43685099 0.01961200
vt 0.43543601 0.01957500
vt 0.43547300 0.01826200
vt 0.47010499 0.03133900
vt 0.47116199 0.03236900
vt 0.47027299 0.03310400
vt 0.46923101 0.03241700
vt 0.46923101 0.03241700
vt 0.47027299 0.03310400
vt 0.46959499 0.03348900
vt 0.46855500 0.03297100
vt 0.47097000 0.03355700
vt 0.47029901 0.03381800
vt 0.46959499 0.03348900
vt 0.47027299 0.03310400
vt 0.47186199 0.03307400
vt 0.47097000 0.03355700
vt 0.47027299 0.03310400
vt 0.47116199 0.03236900
vt 0.47305000 0.03232600
vt 0.47186199 0.03307400
vt 0.47116199 0.03236900
vt 0.47234699 0.03127700
vt 0.47116199 0.03236900
vt 0.47010499 0.03133900
vt 0.47127900 0.02970900
vt 0.47234699 0.03127700
vt 0.47441000 0.03147400
vt 0.47305000 0.03232600
vt 0.47234699 0.03127700
vt 0.47376299 0.03024000
vt 0.47234699 0.03127700
vt 0.47127900 0.02970900
vt 0.47285700 0.02823600
vt 0.47376299 0.03024000
vt 0.47576499 0.03067500
vt 0.47441000 0.03147400
vt 0.47376299 0.03024000
vt 0.47525299 0.02963200
vt 0.47525299 0.02963200
vt 0.47376299 0.03024000
vt 0.47285700 0.02823600
vt 0.47485000 0.02798100
vt 0.47631201 0.02929900
vt 0.47525299 0.02963200
vt 0.47485000 0.02798100
vt 0.47654799 0.02825600
vt 0.47687700 0.02979400
vt 0.47576499 0.03067500
vt 0.47525299 0.02963200
vt 0.47631201 0.02929900
vt 0.47762901 0.02864100
vt 0.47687700 0.02979400
vt 0.47631201 0.02929900
vt 0.47654799 0.02825600
vt 0.47654799 0.02825600
vt 0.47485000 0.02798100
vt 0.47496900 0.02606300
vt 0.47695899 0.02682800
vt 0.47820100 0.02730000
vt 0.47762901 0.02864100
vt 0.47654799 0.02825600
vt 0.47695899 0.02682800
vt 0.47821900 0.02894000
vt 0.47732201 0.03017800
vt 0.47687700 0.02979400
vt 0.47762901 0.02864100
vt 0.47888201 0.02756000
vt 0.47821900 0.02894000
vt 0.47762901 0.02864100
vt 0.47820100 0.02730000
vt 0.47849500 0.02910100
vt 0.47755000 0.03037600
vt 0.47732201 0.03017800
vt 0.47821900 0.02894000
vt 0.47919101 0.02768500
vt 0.47849500 0.02910100
vt 0.47821900 0.02894000
vt 0.47888201 0.02756000
vt 0.47969800 0.02987400
vt 0.47849500 0.02910100
vt 0.47919101 0.02768500
vt 0.48052201 0.02823500
vt 0.47765201 0.02552900
vt 0.47695899 0.02682800
vt 0.47496900 0.02606300
vt 0.47624201 0.02463200
vt 0.47485000 0.02798100
vt 0.47285700 0.02823600
vt 0.47135001 0.02461000
vt 0.47496900 0.02606300
vt 0.47226700 0.03346800
vt 0.47137299 0.03381900
vt 0.47097000 0.03355700
vt 0.47186199 0.03307400
vt 0.47137299 0.03381900
vt 0.47070599 0.03401500
vt 0.47029901 0.03381800
vt 0.47097000 0.03355700
vt 0.46477100 0.02360200
vt 0.46553299 0.02220700
vt 0.46766499 0.02307200
vt 0.46632701 0.02458600
vt 0.46776801 0.02107100
vt 0.46978900 0.02090400
vt 0.47135001 0.02461000
vt 0.46766499 0.02307200
vt 0.46596500 0.02070100
vt 0.46776801 0.02107100
vt 0.46766499 0.02307200
vt 0.46553299 0.02220700
vt 0.46619099 0.01961600
vt 0.46730500 0.01933900
vt 0.46776801 0.02107100
vt 0.46596500 0.02070100
vt 0.46730500 0.01933900
vt 0.46880701 0.01881700
vt 0.46978900 0.02090400
vt 0.46776801 0.02107100
vt 0.46880701 0.01881700
vt 0.46730500 0.01933900
vt 0.46667099 0.01824000
vt 0.46802199 0.01753900
vt 0.46730500 0.01933900
vt 0.46619099 0.01961600
vt 0.46550599 0.01906600
vt 0.46667099 0.01824000
vt 0.46802199 0.01753900
vt 0.46667099 0.01824000
vt 0.46604401 0.01766400
vt 0.46737200 0.01687900
vt 0.47016799 0.01787000
vt 0.46880701 0.01881700
vt 0.46802199 0.01753900
vt 0.46930400 0.01678400
vt 0.47016799 0.01787000
vt 0.47132599 0.01951000
vt 0.46978900 0.02090400
vt 0.46880701 0.01881700
vt 0.47123399 0.01685000
vt 0.47016799 0.01787000
vt 0.46930400 0.01678400
vt 0.47035199 0.01610700
vt 0.47123399 0.01685000
vt 0.47240800 0.01795300
vt 0.47132599 0.01951000
vt 0.47016799 0.01787000
vt 0.47240800 0.01795300
vt 0.47381499 0.01900300
vt 0.47288999 0.02099700
vt 0.47132599 0.01951000
vt 0.47132599 0.01951000
vt 0.47288999 0.02099700
vt 0.47135001 0.02461000
vt 0.46978900 0.02090400
vt 0.47488400 0.01712000
vt 0.47621900 0.01802800
vt 0.47582000 0.01858500
vt 0.47447199 0.01777400
vt 0.48052201 0.02823500
vt 0.48103699 0.02647000
vt 0.48128501 0.02651400
vt 0.48075899 0.02832400
vt 0.47969800 0.02987400
vt 0.48052201 0.02823500
vt 0.48075899 0.02832400
vt 0.47991300 0.03000700
vt 0.48075899 0.02832400
vt 0.48128501 0.02651400
vt 0.48165599 0.02657100
vt 0.48114401 0.02847500
vt 0.48128501 0.02651400
vt 0.48146999 0.02465500
vt 0.48180899 0.02465700
vt 0.48165599 0.02657100
vt 0.41738099 0.03298400
vt 0.41918999 0.03401700
vt 0.41453701 0.04053000
vt 0.41226301 0.03876400
vt 0.43226999 0.55244702
vt 0.43694299 0.55826998
vt 0.43550399 0.55930603
vt 0.43027800 0.55409598
vt 0.41738099 0.03298400
vt 0.41226301 0.03876400
vt 0.41027999 0.03698100
vt 0.41593900 0.03185400
vt 0.41593900 0.03185400
vt 0.41027999 0.03698100
vt 0.40875399 0.03505000
vt 0.41480699 0.03070000
vt 0.43027800 0.55409598
vt 0.43550399 0.55930603
vt 0.43435699 0.56036198
vt 0.42873001 0.55590701
vt 0.41393900 0.02948900
vt 0.41480699 0.03070000
vt 0.40875399 0.03505000
vt 0.40742701 0.03310100
vt 0.41393900 0.02948900
vt 0.41418901 0.02933500
vt 0.41503999 0.03050100
vt 0.41480699 0.03070000
vt 0.41328999 0.02822800
vt 0.41393900 0.02948900
vt 0.40742701 0.03310100
vt 0.40633899 0.03099200
vt 0.41541499 0.02880800
vt 0.41482601 0.02774600
vt 0.41547999 0.02783300
vt 0.41604301 0.02891300
vt 0.48528799 0.56384200
vt 0.48708600 0.56424499
vt 0.48694599 0.56624502
vt 0.48482800 0.56534201
vt 0.48708600 0.56424499
vt 0.48911101 0.56411499
vt 0.49060300 0.56784701
vt 0.48694599 0.56624502
vt 0.48872301 0.57670498
vt 0.48940799 0.57632601
vt 0.49010199 0.57678503
vt 0.48942700 0.57704300
vt 0.49765000 0.57243198
vt 0.49669299 0.57368600
vt 0.49646899 0.57348597
vt 0.49737799 0.57226801
vt 0.49849299 0.56499702
vt 0.49888101 0.56650299
vt 0.49858099 0.56656402
vt 0.49818301 0.56511199
vt 0.49888101 0.56650299
vt 0.49897999 0.56802797
vt 0.49870101 0.56802201
vt 0.49858099 0.56656402
vt 0.50029302 0.56625199
vt 0.49888101 0.56650299
vt 0.49849299 0.56499702
vt 0.49983001 0.56448698
vt 0.50042701 0.56805903
vt 0.49897999 0.56802797
vt 0.49888101 0.56650299
vt 0.50029302 0.56625199
vt 0.49881500 0.56954700
vt 0.49897999 0.56802797
vt 0.50042701 0.56805903
vt 0.50021499 0.56985903
vt 0.49897999 0.56802797
vt 0.49881500 0.56954700
vt 0.49851900 0.56947303
vt 0.49870101 0.56802201
vt 0.49927500 0.56271100
vt 0.49821001 0.56119299
vt 0.49847201 0.56096601
vt 0.49959201 0.56251103
vt 0.35768300 0.40267399
vt 0.35819900 0.40391901
vt 0.35708201 0.40486100
vt 0.35603899 0.40435299
vt 0.23094100 0.46909600
vt 0.23094100 0.46734500
vt 0.23217900 0.46610799
vt 0.23392899 0.46610799
vt 0.23516700 0.46734500
vt 0.23516700 0.46909600
vt 0.23392899 0.47033301
vt 0.23217900 0.47033301
vt 0.36039600 0.40267399
vt 0.35962299 0.40406299
vt 0.35819900 0.40391901
vt 0.35768300 0.40267399
vt 0.36179501 0.40493199
vt 0.36050400 0.40525299
vt 0.35962299 0.40406299
vt 0.36039600 0.40267399
vt 0.35708201 0.40486100
vt 0.35819900 0.40391901
vt 0.35962299 0.40406299
vt 0.36050400 0.40525299
vt 0.36052001 0.40671000
vt 0.35945499 0.40761200
vt 0.35803300 0.40744099
vt 0.35703701 0.40633500
vt 0.36153299 0.40719000
vt 0.36052001 0.40671000
vt 0.36050400 0.40525299
vt 0.36179501 0.40493199
vt 0.35995400 0.40882000
vt 0.35945499 0.40761200
vt 0.36052001 0.40671000
vt 0.36153299 0.40719000
vt 0.35731301 0.40882799
vt 0.35803300 0.40744099
vt 0.35945499 0.40761200
vt 0.35995400 0.40882000
vt 0.35574201 0.40667301
vt 0.35703701 0.40633500
vt 0.35803300 0.40744099
vt 0.35731301 0.40882799
vt 0.35603899 0.40435299
vt 0.35708201 0.40486100
vt 0.35703701 0.40633500
vt 0.35574201 0.40667301
vt 0.44021100 0.47576001
vt 0.43897301 0.47452301
vt 0.43897301 0.47277200
vt 0.44021100 0.47153500
vt 0.44196099 0.47153500
vt 0.44319901 0.47277200
vt 0.44319901 0.47452301
vt 0.44196099 0.47576001
vt 0.01930300 0.41896299
vt 0.02049500 0.41941899
vt 0.02040200 0.42086899
vt 0.01930300 0.42127100
vt 0.02105800 0.41722700
vt 0.02157500 0.41848999
vt 0.02049500 0.41941899
vt 0.01930300 0.41896299
vt 0.02369800 0.41735801
vt 0.02304400 0.41871899
vt 0.02157500 0.41848999
vt 0.02105800 0.41722700
vt 0.02040200 0.42086899
vt 0.02049500 0.41941899
vt 0.02157500 0.41848999
vt 0.02304400 0.41871899
vt 0.02412100 0.41972801
vt 0.02400800 0.42113301
vt 0.02292700 0.42212400
vt 0.02145500 0.42191100
vt 0.02527700 0.41930300
vt 0.02412100 0.41972801
vt 0.02304400 0.41871899
vt 0.02369800 0.41735801
vt 0.02532600 0.42179200
vt 0.02400800 0.42113301
vt 0.02412100 0.41972801
vt 0.02527700 0.41930300
vt 0.02329700 0.42330000
vt 0.02292700 0.42212400
vt 0.02400800 0.42113301
vt 0.02532600 0.42179200
vt 0.02080900 0.42320201
vt 0.02145500 0.42191100
vt 0.02292700 0.42212400
vt 0.02329700 0.42330000
vt 0.01930300 0.42127100
vt 0.02040200 0.42086899
vt 0.02145500 0.42191100
vt 0.02080900 0.42320201
vt 0.47515300 0.09644700
vt 0.47515300 0.09469700
vt 0.47639000 0.09345900
vt 0.47814101 0.09345900
vt 0.47937801 0.09469600
vt 0.47937801 0.09644700
vt 0.47814101 0.09768500
vt 0.47639000 0.09768500
vt 0.30209899 0.40434599
vt 0.30095699 0.40477800
vt 0.29991201 0.40384701
vt 0.30042800 0.40267000
vt 0.30209899 0.40655601
vt 0.30105501 0.40620399
vt 0.30095699 0.40477800
vt 0.30209899 0.40434599
vt 0.30075601 0.40835100
vt 0.30007401 0.40728199
vt 0.30105501 0.40620399
vt 0.30209899 0.40655601
vt 0.29991201 0.40384701
vt 0.30095699 0.40477800
vt 0.30105501 0.40620399
vt 0.30007401 0.40728199
vt 0.29859799 0.40744001
vt 0.29748201 0.40648800
vt 0.29738101 0.40505999
vt 0.29844901 0.40402901
vt 0.29831201 0.40882799
vt 0.29859799 0.40744001
vt 0.30007401 0.40728199
vt 0.30075601 0.40835100
vt 0.29599500 0.40724301
vt 0.29748201 0.40648800
vt 0.29859799 0.40744001
vt 0.29831201 0.40882799
vt 0.29609600 0.40443501
vt 0.29738101 0.40505999
vt 0.29748201 0.40648800
vt 0.29599500 0.40724301
vt 0.29797900 0.40277201
vt 0.29844901 0.40402901
vt 0.29738101 0.40505999
vt 0.29609600 0.40443501
vt 0.30042800 0.40267000
vt 0.29991201 0.40384701
vt 0.29844901 0.40402901
vt 0.29797900 0.40277201
vt 0.46547800 0.24602000
vt 0.46372700 0.24602100
vt 0.46248999 0.24478300
vt 0.46248999 0.24303199
vt 0.46372700 0.24179500
vt 0.46547800 0.24179500
vt 0.46671599 0.24303301
vt 0.46671599 0.24478300
vt 0.36837399 0.40815401
vt 0.36960500 0.40869200
vt 0.36975601 0.41013101
vt 0.36833701 0.41084900
vt 0.37008399 0.40655601
vt 0.37055400 0.40763900
vt 0.36960500 0.40869200
vt 0.36837399 0.40815401
vt 0.37252301 0.40632299
vt 0.37201500 0.40771601
vt 0.37055400 0.40763900
vt 0.37008399 0.40655601
vt 0.36975601 0.41013101
vt 0.36960500 0.40869200
vt 0.37055400 0.40763900
vt 0.37201500 0.40771601
vt 0.37320700 0.40860000
vt 0.37330601 0.41001999
vt 0.37234801 0.41111201
vt 0.37086299 0.41114500
vt 0.37445799 0.40808499
vt 0.37320700 0.40860000
vt 0.37201500 0.40771601
vt 0.37252301 0.40632299
vt 0.37445799 0.41053599
vt 0.37330601 0.41001999
vt 0.37320700 0.40860000
vt 0.37445799 0.40808499
vt 0.37284201 0.41214100
vt 0.37234801 0.41111201
vt 0.37330601 0.41001999
vt 0.37445799 0.41053599
vt 0.37051800 0.41244599
vt 0.37086299 0.41114500
vt 0.37234801 0.41111201
vt 0.37284201 0.41214100
vt 0.36833701 0.41084900
vt 0.36975601 0.41013101
vt 0.37086299 0.41114500
vt 0.37051800 0.41244599
vt 0.35244000 0.42011401
vt 0.35216501 0.41767001
vt 0.35351601 0.41798800
vt 0.35352299 0.41946599
vt 0.35216501 0.41767001
vt 0.35361499 0.41542900
vt 0.35438901 0.41678700
vt 0.35351601 0.41798800
vt 0.28277099 0.46791700
vt 0.28400901 0.46915400
vt 0.28400901 0.47090501
vt 0.28277099 0.47214201
vt 0.28102100 0.47214201
vt 0.27978301 0.47090501
vt 0.27978301 0.46915400
vt 0.28102100 0.46791700
vt 0.35424399 0.42149100
vt 0.35244000 0.42011401
vt 0.35352299 0.41946599
vt 0.35458300 0.42039499
vt 0.35438901 0.41678700
vt 0.35581899 0.41662201
vt 0.35684800 0.41763601
vt 0.35701600 0.41911399
vt 0.35598701 0.42018601
vt 0.35458300 0.42039499
vt 0.35352299 0.41946599
vt 0.35351601 0.41798800
vt 0.35664299 0.42145100
vt 0.35424399 0.42149100
vt 0.35458300 0.42039499
vt 0.35598701 0.42018601
vt 0.35817701 0.41951099
vt 0.35664299 0.42145100
vt 0.35598701 0.42018601
vt 0.35701600 0.41911399
vt 0.35817701 0.41700101
vt 0.35817701 0.41951099
vt 0.35701600 0.41911399
vt 0.35684800 0.41763601
vt 0.35622200 0.41543201
vt 0.35817701 0.41700101
vt 0.35684800 0.41763601
vt 0.35581899 0.41662201
vt 0.35361499 0.41542900
vt 0.35622200 0.41543201
vt 0.35581899 0.41662201
vt 0.35438901 0.41678700
vt 0.40316099 0.14398099
vt 0.40506700 0.14549500
vt 0.40376800 0.14613800
vt 0.40276501 0.14510900
vt 0.40506700 0.14549500
vt 0.40520999 0.14799500
vt 0.40400201 0.14763300
vt 0.40376800 0.14613800
vt 0.07293000 0.46610799
vt 0.07416800 0.46734500
vt 0.07416800 0.46909600
vt 0.07293000 0.47033301
vt 0.07118000 0.47033301
vt 0.06994200 0.46909600
vt 0.06994200 0.46734500
vt 0.07118000 0.46610799
vt 0.40073600 0.14398099
vt 0.40316099 0.14398099
vt 0.40276501 0.14510900
vt 0.40138900 0.14524700
vt 0.40400201 0.14763300
vt 0.40301099 0.14873900
vt 0.40159401 0.14885201
vt 0.40056899 0.14781600
vt 0.40041399 0.14632601
vt 0.40138900 0.14524700
vt 0.40276501 0.14510900
vt 0.40376800 0.14613800
vt 0.39930299 0.14595900
vt 0.40073600 0.14398099
vt 0.40138900 0.14524700
vt 0.40041399 0.14632601
vt 0.39936399 0.14826100
vt 0.39930299 0.14595900
vt 0.40041399 0.14632601
vt 0.40056899 0.14781600
vt 0.40099499 0.15009899
vt 0.39936399 0.14826100
vt 0.40056899 0.14781600
vt 0.40159401 0.14885201
vt 0.40370899 0.15014499
vt 0.40099499 0.15009899
vt 0.40159401 0.14885201
vt 0.40301099 0.14873900
vt 0.40520999 0.14799500
vt 0.40370899 0.15014499
vt 0.40301099 0.14873900
vt 0.40400201 0.14763300
vt 0.28351200 0.41169900
vt 0.28527200 0.40995401
vt 0.28582400 0.41121501
vt 0.28470200 0.41218400
vt 0.28527200 0.40995401
vt 0.28792799 0.40995401
vt 0.28730899 0.41132799
vt 0.28582400 0.41121501
vt 0.05004400 0.48175901
vt 0.05004400 0.48000801
vt 0.05128100 0.47877100
vt 0.05303200 0.47877100
vt 0.05426900 0.48000801
vt 0.05426900 0.48175901
vt 0.05303200 0.48299599
vt 0.05128100 0.48299599
vt 0.28343299 0.41401100
vt 0.28351200 0.41169900
vt 0.28470200 0.41218400
vt 0.28455901 0.41362301
vt 0.28730899 0.41132799
vt 0.28833199 0.41232499
vt 0.28822100 0.41373900
vt 0.28703901 0.41463000
vt 0.28555101 0.41465601
vt 0.28455901 0.41362301
vt 0.28470200 0.41218400
vt 0.28582400 0.41121501
vt 0.28494599 0.41606399
vt 0.28343299 0.41401100
vt 0.28455901 0.41362301
vt 0.28555101 0.41465601
vt 0.28759000 0.41589901
vt 0.28494599 0.41606399
vt 0.28555101 0.41465601
vt 0.28703901 0.41463000
vt 0.28939500 0.41422400
vt 0.28759000 0.41589901
vt 0.28703901 0.41463000
vt 0.28822100 0.41373900
vt 0.28943601 0.41193101
vt 0.28939500 0.41422400
vt 0.28822100 0.41373900
vt 0.28833199 0.41232499
vt 0.28792799 0.40995401
vt 0.28943601 0.41193101
vt 0.28833199 0.41232499
vt 0.28730899 0.41132799
vt 0.27291599 0.40994099
vt 0.27478600 0.41140401
vt 0.27351201 0.41203499
vt 0.27252901 0.41100100
vt 0.27478600 0.41140401
vt 0.27496400 0.41388199
vt 0.27375501 0.41353199
vt 0.27351201 0.41203499
vt 0.19780800 0.47153500
vt 0.19955900 0.47153500
vt 0.20079599 0.47277200
vt 0.20079599 0.47452301
vt 0.19955900 0.47576001
vt 0.19780800 0.47576001
vt 0.19657101 0.47452301
vt 0.19657101 0.47277200
vt 0.27069500 0.40995800
vt 0.27291599 0.40994099
vt 0.27252901 0.41100100
vt 0.27114999 0.41110301
vt 0.27375501 0.41353199
vt 0.27276799 0.41464800
vt 0.27134100 0.41476500
vt 0.27031001 0.41371799
vt 0.27022201 0.41220501
vt 0.27114999 0.41110301
vt 0.27252901 0.41100100
vt 0.27351201 0.41203499
vt 0.26903099 0.41167399
vt 0.27069500 0.40995800
vt 0.27114999 0.41110301
vt 0.27022201 0.41220501
vt 0.26903099 0.41415301
vt 0.26903099 0.41167399
vt 0.27022201 0.41220501
vt 0.27031001 0.41371799
vt 0.27072901 0.41604400
vt 0.26903099 0.41415301
vt 0.27031001 0.41371799
vt 0.27134100 0.41476500
vt 0.27348199 0.41606399
vt 0.27072901 0.41604400
vt 0.27134100 0.41476500
vt 0.27276799 0.41464800
vt 0.27496400 0.41388199
vt 0.27348199 0.41606399
vt 0.27276799 0.41464800
vt 0.27375501 0.41353199
vt 0.82583600 0.00200900
vt 0.82879198 0.00084800
vt 0.82897103 0.00219000
vt 0.82605201 0.00393100
vt 0.82879198 0.00084800
vt 0.87902200 0.00203100
vt 0.87883103 0.00333100
vt 0.82897103 0.00219000
vt 0.87902200 0.00203100
vt 0.88181800 0.00315500
vt 0.88164002 0.00500100
vt 0.87883103 0.00333100
vt 0.88181800 0.00315500
vt 0.88409102 0.00463900
vt 0.88349402 0.00703800
vt 0.88164002 0.00500100
vt 0.88349402 0.00703800
vt 0.88043398 0.00980100
vt 0.87882799 0.00893000
vt 0.88164002 0.00500100
vt 0.88164002 0.00500100
vt 0.87882799 0.00893000
vt 0.87661600 0.00834500
vt 0.87883103 0.00333100
vt 0.83132398 0.13338500
vt 0.82901800 0.13277601
vt 0.82749301 0.13202301
vt 0.82660002 0.13117400
vt 0.82632202 0.13016100
vt 0.82617098 0.01077000
vt 0.82644200 0.00972700
vt 0.82737303 0.00880400
vt 0.82896000 0.00800300
vt 0.83122200 0.00742600
vt 0.87661600 0.00834500
vt 0.87882799 0.00893000
vt 0.88043398 0.00980100
vt 0.88131797 0.01071300
vt 0.88154501 0.01170000
vt 0.88158202 0.13000201
vt 0.88131303 0.13105799
vt 0.88043201 0.13193101
vt 0.87884599 0.13279200
vt 0.87653500 0.13344900
vt 0.88438302 0.00863400
vt 0.88131797 0.01071300
vt 0.88043398 0.00980100
vt 0.88349402 0.00703800
vt 0.88511699 0.00976200
vt 0.88154501 0.01170000
vt 0.88131797 0.01071300
vt 0.88438302 0.00863400
vt 0.88511699 0.00976200
vt 0.88523000 0.13192500
vt 0.88158202 0.13000201
vt 0.88154501 0.01170000
vt 0.88580298 0.00625300
vt 0.88714498 0.00766800
vt 0.88511699 0.00976200
vt 0.88438302 0.00863400
vt 0.88714498 0.00766800
vt 0.88721198 0.13404100
vt 0.88523000 0.13192500
vt 0.88511699 0.00976200
vt 0.88721198 0.13404100
vt 0.88589698 0.13548800
vt 0.88448298 0.13303700
vt 0.88523000 0.13192500
vt 0.88158202 0.13000201
vt 0.88523000 0.13192500
vt 0.88448298 0.13303700
vt 0.88131303 0.13105799
vt 0.88131303 0.13105799
vt 0.88448298 0.13303700
vt 0.88353997 0.13472299
vt 0.88043201 0.13193101
vt 0.88589698 0.13548800
vt 0.88416600 0.13718601
vt 0.88353997 0.13472299
vt 0.88448298 0.13303700
vt 0.88416600 0.13718601
vt 0.88180500 0.13869900
vt 0.88163900 0.13682599
vt 0.88353997 0.13472299
vt 0.88043201 0.13193101
vt 0.88353997 0.13472299
vt 0.88163900 0.13682599
vt 0.87884599 0.13279200
vt 0.87884599 0.13279200
vt 0.88163900 0.13682599
vt 0.87878400 0.13846201
vt 0.87653500 0.13344900
vt 0.88180500 0.13869900
vt 0.87894797 0.13976599
vt 0.87878400 0.13846201
vt 0.88163900 0.13682599
vt 0.87878400 0.13846201
vt 0.82913500 0.13844401
vt 0.83132398 0.13338500
vt 0.87653500 0.13344900
vt 0.82627201 0.13686401
vt 0.82901800 0.13277601
vt 0.83132398 0.13338500
vt 0.82913500 0.13844401
vt 0.82897598 0.13976599
vt 0.82611001 0.13872500
vt 0.82627201 0.13686401
vt 0.82913500 0.13844401
vt 0.87894797 0.13976599
vt 0.82897598 0.13976599
vt 0.82913500 0.13844401
vt 0.87878400 0.13846201
vt 0.82611001 0.13872500
vt 0.82374197 0.13720199
vt 0.82438099 0.13472100
vt 0.82627201 0.13686401
vt 0.82374197 0.13720199
vt 0.82202101 0.13549000
vt 0.82347399 0.13306700
vt 0.82438099 0.13472100
vt 0.82347399 0.13306700
vt 0.82660002 0.13117400
vt 0.82749301 0.13202301
vt 0.82438099 0.13472100
vt 0.82438099 0.13472100
vt 0.82749301 0.13202301
vt 0.82901800 0.13277601
vt 0.82627201 0.13686401
vt 0.82277000 0.13196500
vt 0.82632202 0.13016100
vt 0.82660002 0.13117400
vt 0.82347399 0.13306700
vt 0.82277000 0.13196500
vt 0.82256901 0.00885100
vt 0.82617098 0.01077000
vt 0.82632202 0.13016100
vt 0.82202101 0.13549000
vt 0.82070899 0.13403399
vt 0.82277000 0.13196500
vt 0.82347399 0.13306700
vt 0.82070899 0.13403399
vt 0.82059002 0.00681100
vt 0.82256901 0.00885100
vt 0.82277000 0.13196500
vt 0.82059002 0.00681100
vt 0.82185203 0.00538000
vt 0.82330102 0.00773700
vt 0.82256901 0.00885100
vt 0.82185203 0.00538000
vt 0.82350200 0.00364800
vt 0.82418102 0.00611700
vt 0.82330102 0.00773700
vt 0.82350200 0.00364800
vt 0.82583600 0.00200900
vt 0.82605201 0.00393100
vt 0.82418102 0.00611700
vt 0.82605201 0.00393100
vt 0.82896000 0.00800300
vt 0.82737303 0.00880400
vt 0.82418102 0.00611700
vt 0.82418102 0.00611700
vt 0.82737303 0.00880400
vt 0.82644200 0.00972700
vt 0.82330102 0.00773700
vt 0.82897103 0.00219000
vt 0.83122200 0.00742600
vt 0.82896000 0.00800300
vt 0.82605201 0.00393100
vt 0.82897103 0.00219000
vt 0.87883103 0.00333100
vt 0.87661600 0.00834500
vt 0.83122200 0.00742600
vt 0.82330102 0.00773700
vt 0.82644200 0.00972700
vt 0.82617098 0.01077000
vt 0.82256901 0.00885100
vt 0.88409102 0.00463900
vt 0.88580298 0.00625300
vt 0.88438302 0.00863400
vt 0.88349402 0.00703800
vt 0.84525001 0.50738102
vt 0.84233701 0.50842500
vt 0.84218502 0.50710797
vt 0.84508699 0.50548601
vt 0.84233701 0.50842500
vt 0.79206002 0.50789797
vt 0.79225498 0.50657499
vt 0.84218502 0.50710797
vt 0.79206002 0.50789797
vt 0.78922701 0.50674301
vt 0.78942400 0.50488001
vt 0.79225498 0.50657499
vt 0.78922701 0.50674301
vt 0.78695297 0.50521201
vt 0.78758901 0.50282198
vt 0.78942400 0.50488001
vt 0.79447597 0.50152701
vt 0.79225498 0.50657499
vt 0.78942400 0.50488001
vt 0.79226398 0.50096798
vt 0.79226398 0.50096798
vt 0.78942400 0.50488001
vt 0.78758901 0.50282198
vt 0.79066402 0.50012302
vt 0.79066402 0.50012302
vt 0.78758901 0.50282198
vt 0.78668499 0.50117499
vt 0.78979200 0.49927700
vt 0.78695297 0.50521201
vt 0.78528202 0.50355101
vt 0.78668499 0.50117499
vt 0.78758901 0.50282198
vt 0.78979200 0.49927700
vt 0.78668499 0.50117499
vt 0.78597099 0.50008702
vt 0.78952497 0.49826300
vt 0.78528202 0.50355101
vt 0.78400099 0.50213403
vt 0.78597099 0.50008702
vt 0.78668499 0.50117499
vt 0.78400099 0.50213403
vt 0.78400099 0.37508699
vt 0.78605503 0.37718701
vt 0.78597099 0.50008702
vt 0.78400099 0.37508699
vt 0.78533500 0.37363601
vt 0.78679198 0.37606600
vt 0.78605503 0.37718701
vt 0.78533500 0.37363601
vt 0.78707403 0.37192899
vt 0.78769797 0.37444001
vt 0.78679198 0.37606600
vt 0.78679198 0.37606600
vt 0.78991097 0.37809199
vt 0.78963798 0.37913600
vt 0.78605503 0.37718701
vt 0.78769797 0.37444001
vt 0.79083502 0.37718001
vt 0.78991097 0.37809199
vt 0.78679198 0.37606600
vt 0.78707403 0.37192899
vt 0.78946799 0.37039801
vt 0.78962201 0.37228000
vt 0.78769797 0.37444001
vt 0.78962201 0.37228000
vt 0.79238701 0.37639999
vt 0.79083502 0.37718001
vt 0.78769797 0.37444001
vt 0.79447597 0.50152701
vt 0.79226398 0.50096798
vt 0.79066402 0.50012302
vt 0.78979200 0.49927700
vt 0.78952497 0.49826300
vt 0.78963798 0.37913600
vt 0.78991097 0.37809199
vt 0.79083502 0.37718001
vt 0.79238701 0.37639999
vt 0.79471499 0.37576500
vt 0.83986402 0.37675899
vt 0.84214997 0.37739900
vt 0.84372699 0.37824801
vt 0.84461099 0.37915400
vt 0.84484202 0.38014701
vt 0.84502298 0.49853501
vt 0.84478599 0.49955299
vt 0.84386200 0.50049698
vt 0.84229600 0.50130898
vt 0.83995903 0.50197101
vt 0.79251897 0.37069401
vt 0.79471499 0.37576500
vt 0.79238701 0.37639999
vt 0.78962201 0.37228000
vt 0.79251897 0.37069401
vt 0.84204698 0.37180001
vt 0.83986402 0.37675899
vt 0.79471499 0.37576500
vt 0.83986402 0.37675899
vt 0.84204698 0.37180001
vt 0.84485298 0.37338600
vt 0.84214997 0.37739900
vt 0.79237503 0.36936799
vt 0.84221798 0.37051001
vt 0.84204698 0.37180001
vt 0.79251897 0.37069401
vt 0.84221798 0.37051001
vt 0.84499902 0.37155700
vt 0.84485298 0.37338600
vt 0.84204698 0.37180001
vt 0.84214997 0.37739900
vt 0.84485298 0.37338600
vt 0.84675002 0.37541699
vt 0.84372699 0.37824801
vt 0.84499902 0.37155700
vt 0.84731197 0.37299401
vt 0.84675002 0.37541699
vt 0.84485298 0.37338600
vt 0.84731197 0.37299401
vt 0.84905100 0.37459999
vt 0.84767699 0.37700900
vt 0.84675002 0.37541699
vt 0.84905100 0.37459999
vt 0.85039699 0.37599999
vt 0.84844702 0.37813300
vt 0.84767699 0.37700900
vt 0.84461099 0.37915400
vt 0.84767699 0.37700900
vt 0.84844702 0.37813300
vt 0.84484202 0.38014701
vt 0.84372699 0.37824801
vt 0.84675002 0.37541699
vt 0.84767699 0.37700900
vt 0.84461099 0.37915400
vt 0.85039699 0.37599999
vt 0.85075098 0.50265002
vt 0.84868598 0.50051802
vt 0.84844702 0.37813300
vt 0.84844702 0.37813300
vt 0.84868598 0.50051802
vt 0.84502298 0.49853501
vt 0.84484202 0.38014701
vt 0.84793401 0.50167298
vt 0.84478599 0.49955299
vt 0.84502298 0.49853501
vt 0.84868598 0.50051802
vt 0.84702301 0.50330400
vt 0.84386200 0.50049698
vt 0.84478599 0.49955299
vt 0.84793401 0.50167298
vt 0.84940600 0.50411499
vt 0.84765399 0.50583398
vt 0.84702301 0.50330400
vt 0.84793401 0.50167298
vt 0.85075098 0.50265002
vt 0.84940600 0.50411499
vt 0.84793401 0.50167298
vt 0.84868598 0.50051802
vt 0.84765399 0.50583398
vt 0.84525001 0.50738102
vt 0.84508699 0.50548601
vt 0.84702301 0.50330400
vt 0.84508699 0.50548601
vt 0.84229600 0.50130898
vt 0.84386200 0.50049698
vt 0.84702301 0.50330400
vt 0.84218502 0.50710797
vt 0.83995903 0.50197101
vt 0.84229600 0.50130898
vt 0.84508699 0.50548601
vt 0.84218502 0.50710797
vt 0.79225498 0.50657499
vt 0.79447597 0.50152701
vt 0.83995903 0.50197101
vt 0.78946799 0.37039801
vt 0.79237503 0.36936799
vt 0.79251897 0.37069401
vt 0.78962201 0.37228000
vt 0.78597099 0.50008702
vt 0.78605503 0.37718701
vt 0.78963798 0.37913600
vt 0.78952497 0.49826300
vt 0.78753603 0.01984800
vt 0.78728902 0.02093000
vt 0.78603297 0.02045000
vt 0.78685999 0.01928400
vt 0.78865802 0.01959100
vt 0.78753603 0.01984800
vt 0.78685999 0.01928400
vt 0.78804201 0.01847700
vt 0.78753603 0.01984800
vt 0.78865802 0.01959100
vt 0.78908801 0.02133300
vt 0.78728902 0.02093000
vt 0.78865802 0.01959100
vt 0.79017198 0.01909600
vt 0.79111302 0.02120400
vt 0.78908801 0.02133300
vt 0.79017198 0.01909600
vt 0.78865802 0.01959100
vt 0.78804201 0.01847700
vt 0.78941101 0.01780000
vt 0.79155397 0.01817600
vt 0.79017198 0.01909600
vt 0.78941101 0.01780000
vt 0.79071200 0.01706900
vt 0.79155397 0.01817600
vt 0.79267699 0.01984100
vt 0.79111302 0.02120400
vt 0.79017198 0.01909600
vt 0.79264402 0.01717800
vt 0.79155397 0.01817600
vt 0.79071200 0.01706900
vt 0.79177898 0.01641200
vt 0.79264402 0.01717800
vt 0.79379100 0.01830900
vt 0.79267699 0.01984100
vt 0.79155397 0.01817600
vt 0.79071200 0.01706900
vt 0.78941101 0.01780000
vt 0.78877097 0.01712600
vt 0.79005098 0.01649200
vt 0.79177898 0.01641200
vt 0.79071200 0.01706900
vt 0.79005098 0.01649200
vt 0.79111099 0.01600400
vt 0.79182899 0.01569700
vt 0.79249299 0.01598300
vt 0.79177898 0.01641200
vt 0.79111099 0.01600400
vt 0.79249299 0.01598300
vt 0.79336703 0.01649700
vt 0.79264402 0.01717800
vt 0.79177898 0.01641200
vt 0.79224497 0.01551500
vt 0.79290497 0.01573500
vt 0.79249299 0.01598300
vt 0.79182899 0.01569700
vt 0.79290497 0.01573500
vt 0.79378498 0.01611900
vt 0.79336703 0.01649700
vt 0.79249299 0.01598300
vt 0.79312199 0.01556900
vt 0.79400301 0.01591300
vt 0.79378498 0.01611900
vt 0.79290497 0.01573500
vt 0.79246098 0.01536200
vt 0.79312199 0.01556900
vt 0.79290497 0.01573500
vt 0.79224497 0.01551500
vt 0.79188401 0.01523300
vt 0.79246098 0.01536200
vt 0.79224497 0.01551500
vt 0.79166597 0.01539300
vt 0.79166597 0.01539300
vt 0.79224497 0.01551500
vt 0.79182899 0.01569700
vt 0.79124302 0.01556500
vt 0.79124898 0.01514300
vt 0.79188401 0.01523300
vt 0.79166597 0.01539300
vt 0.79103601 0.01532700
vt 0.79103601 0.01532700
vt 0.79166597 0.01539300
vt 0.79124302 0.01556500
vt 0.79061300 0.01552500
vt 0.79124302 0.01556500
vt 0.79182899 0.01569700
vt 0.79111099 0.01600400
vt 0.79052198 0.01584400
vt 0.79061300 0.01552500
vt 0.79124302 0.01556500
vt 0.79052198 0.01584400
vt 0.78990197 0.01581000
vt 0.79111099 0.01600400
vt 0.79005098 0.01649200
vt 0.78947002 0.01627300
vt 0.79052198 0.01584400
vt 0.79052198 0.01584400
vt 0.78947002 0.01627300
vt 0.78885901 0.01623000
vt 0.78990197 0.01581000
vt 0.78947002 0.01627300
vt 0.78820002 0.01687000
vt 0.78759402 0.01682100
vt 0.78885901 0.01623000
vt 0.79005098 0.01649200
vt 0.78877097 0.01712600
vt 0.78820002 0.01687000
vt 0.78947002 0.01627300
vt 0.78820002 0.01687000
vt 0.78685701 0.01766100
vt 0.78625500 0.01761600
vt 0.78759402 0.01682100
vt 0.78877097 0.01712600
vt 0.78742403 0.01788800
vt 0.78685701 0.01766100
vt 0.78820002 0.01687000
vt 0.78742403 0.01788800
vt 0.78617901 0.01885800
vt 0.78559101 0.01868300
vt 0.78685701 0.01766100
vt 0.78685701 0.01766100
vt 0.78559101 0.01868300
vt 0.78498799 0.01864600
vt 0.78625500 0.01761600
vt 0.78498799 0.01864600
vt 0.75812101 0.01801700
vt 0.75819600 0.01696300
vt 0.78625500 0.01761600
vt 0.78759402 0.01682100
vt 0.78625500 0.01761600
vt 0.75819600 0.01696300
vt 0.75826401 0.01614600
vt 0.78559101 0.01868300
vt 0.78452998 0.01995800
vt 0.78391999 0.01992500
vt 0.78498799 0.01864600
vt 0.78498799 0.01864600
vt 0.78391999 0.01992500
vt 0.75804698 0.01932200
vt 0.75812101 0.01801700
vt 0.75812101 0.01801700
vt 0.75804698 0.01932200
vt 0.75662500 0.01926700
vt 0.75667900 0.01794600
vt 0.75819600 0.01696300
vt 0.75812101 0.01801700
vt 0.75667900 0.01794600
vt 0.75673503 0.01687500
vt 0.75667900 0.01794600
vt 0.75662500 0.01926700
vt 0.75207001 0.01906000
vt 0.75208801 0.01767200
vt 0.75673503 0.01687500
vt 0.75667900 0.01794600
vt 0.75208801 0.01767200
vt 0.75210601 0.01652600
vt 0.75210601 0.01652600
vt 0.75208801 0.01767200
vt 0.75140500 0.01767300
vt 0.75144202 0.01652800
vt 0.75208801 0.01767200
vt 0.75207001 0.01906000
vt 0.75137299 0.01905900
vt 0.75140500 0.01767300
vt 0.75207001 0.01906000
vt 0.75662500 0.01926700
vt 0.75657600 0.02078500
vt 0.75204998 0.02062900
vt 0.75207001 0.01906000
vt 0.75204998 0.02062900
vt 0.75134403 0.02062500
vt 0.75137299 0.01905900
vt 0.75204998 0.02062900
vt 0.75657600 0.02078500
vt 0.75653201 0.02243500
vt 0.75202501 0.02231200
vt 0.75204998 0.02062900
vt 0.75202501 0.02231200
vt 0.75131500 0.02230300
vt 0.75134403 0.02062500
vt 0.75202501 0.02231200
vt 0.75199300 0.02405000
vt 0.75128102 0.02403400
vt 0.75131500 0.02230300
vt 0.75653201 0.02243500
vt 0.75649202 0.02415000
vt 0.75199300 0.02405000
vt 0.75202501 0.02231200
vt 0.75653201 0.02243500
vt 0.75657600 0.02078500
vt 0.75798303 0.02082900
vt 0.75792801 0.02247100
vt 0.75792801 0.02247100
vt 0.75788498 0.02418000
vt 0.75649202 0.02415000
vt 0.75653201 0.02243500
vt 0.78310502 0.02140500
vt 0.78257501 0.02302300
vt 0.75792801 0.02247100
vt 0.75798303 0.02082900
vt 0.78236699 0.02471300
vt 0.75788498 0.02418000
vt 0.75792801 0.02247100
vt 0.78257501 0.02302300
vt 0.78318900 0.02304500
vt 0.78297800 0.02472700
vt 0.78236699 0.02471300
vt 0.78257501 0.02302300
vt 0.78372002 0.02143500
vt 0.78318900 0.02304500
vt 0.78257501 0.02302300
vt 0.78310502 0.02140500
vt 0.78452998 0.01995800
vt 0.78372002 0.02143500
vt 0.78310502 0.02140500
vt 0.78391999 0.01992500
vt 0.78391999 0.01992500
vt 0.78310502 0.02140500
vt 0.75798303 0.02082900
vt 0.75804698 0.01932200
vt 0.78517401 0.02010400
vt 0.78440702 0.02155600
vt 0.78372002 0.02143500
vt 0.78452998 0.01995800
vt 0.78440702 0.02155600
vt 0.78386402 0.02312100
vt 0.78318900 0.02304500
vt 0.78372002 0.02143500
vt 0.78617901 0.01885800
vt 0.78517401 0.02010400
vt 0.78452998 0.01995800
vt 0.78559101 0.01868300
vt 0.78685999 0.01928400
vt 0.78603297 0.02045000
vt 0.78517401 0.02010400
vt 0.78617901 0.01885800
vt 0.78603297 0.02045000
vt 0.78538001 0.02186200
vt 0.78440702 0.02155600
vt 0.78517401 0.02010400
vt 0.78804201 0.01847700
vt 0.78685999 0.01928400
vt 0.78617901 0.01885800
vt 0.78742403 0.01788800
vt 0.78728902 0.02093000
vt 0.78682899 0.02243100
vt 0.78538001 0.02186200
vt 0.78603297 0.02045000
vt 0.78682899 0.02243100
vt 0.78604299 0.02381400
vt 0.78478801 0.02332100
vt 0.78538001 0.02186200
vt 0.78538001 0.02186200
vt 0.78478801 0.02332100
vt 0.78386402 0.02312100
vt 0.78440702 0.02155600
vt 0.78604299 0.02381400
vt 0.78682899 0.02243100
vt 0.78894800 0.02333400
vt 0.78758299 0.02482700
vt 0.78728902 0.02093000
vt 0.78908801 0.02133300
vt 0.78894800 0.02333400
vt 0.78682899 0.02243100
vt 0.78540599 0.02477900
vt 0.78604299 0.02381400
vt 0.78758299 0.02482700
vt 0.78600001 0.02577100
vt 0.78604299 0.02381400
vt 0.78540599 0.02477900
vt 0.78449303 0.02476000
vt 0.78478801 0.02332100
vt 0.78540599 0.02477900
vt 0.78600001 0.02577100
vt 0.78472501 0.02620900
vt 0.78449303 0.02476000
vt 0.78600001 0.02577100
vt 0.78672600 0.02718800
vt 0.78525299 0.02769300
vt 0.78472501 0.02620900
vt 0.78600001 0.02577100
vt 0.78758299 0.02482700
vt 0.78888202 0.02637700
vt 0.78672600 0.02718800
vt 0.78449303 0.02476000
vt 0.78472501 0.02620900
vt 0.78379399 0.02637000
vt 0.78363401 0.02474100
vt 0.78472501 0.02620900
vt 0.78525299 0.02769300
vt 0.78426802 0.02795600
vt 0.78379399 0.02637000
vt 0.78672600 0.02718800
vt 0.78712100 0.02870700
vt 0.78584403 0.02913200
vt 0.78525299 0.02769300
vt 0.78525299 0.02769300
vt 0.78584403 0.02913200
vt 0.78497100 0.02944000
vt 0.78426802 0.02795600
vt 0.78712100 0.02870700
vt 0.78732002 0.02979900
vt 0.78662002 0.03033300
vt 0.78584403 0.02913200
vt 0.78584403 0.02913200
vt 0.78662002 0.03033300
vt 0.78592098 0.03072900
vt 0.78497100 0.02944000
vt 0.78426802 0.02795600
vt 0.78497100 0.02944000
vt 0.78432202 0.02955800
vt 0.78357702 0.02804800
vt 0.78497100 0.02944000
vt 0.78592098 0.03072900
vt 0.78532600 0.03087800
vt 0.78432202 0.02955800
vt 0.78432202 0.02955800
vt 0.78532600 0.03087800
vt 0.78472197 0.03088900
vt 0.78371102 0.02956500
vt 0.78357702 0.02804800
vt 0.78432202 0.02955800
vt 0.78371102 0.02956500
vt 0.78296000 0.02805000
vt 0.78379399 0.02637000
vt 0.78426802 0.02795600
vt 0.78357702 0.02804800
vt 0.78311598 0.02641500
vt 0.78311598 0.02641500
vt 0.78357702 0.02804800
vt 0.78296000 0.02805000
vt 0.78250200 0.02641100
vt 0.78296000 0.02805000
vt 0.78371102 0.02956500
vt 0.75783402 0.02904100
vt 0.75783598 0.02753300
vt 0.78250200 0.02641100
vt 0.78296000 0.02805000
vt 0.75783598 0.02753300
vt 0.75785297 0.02589000
vt 0.75641000 0.02903400
vt 0.75642800 0.02751500
vt 0.75783598 0.02753300
vt 0.75783402 0.02904100
vt 0.75642800 0.02751500
vt 0.75645697 0.02586500
vt 0.75785297 0.02589000
vt 0.75783598 0.02753300
vt 0.75649202 0.02415000
vt 0.75788498 0.02418000
vt 0.75785297 0.02589000
vt 0.75645697 0.02586500
vt 0.75788498 0.02418000
vt 0.78236699 0.02471300
vt 0.78250200 0.02641100
vt 0.75785297 0.02589000
vt 0.75194800 0.02578800
vt 0.75645697 0.02586500
vt 0.75642800 0.02751500
vt 0.75189900 0.02747100
vt 0.75199300 0.02405000
vt 0.75649202 0.02415000
vt 0.75645697 0.02586500
vt 0.75194800 0.02578800
vt 0.75194800 0.02578800
vt 0.75189900 0.02747100
vt 0.75119299 0.02744400
vt 0.75123799 0.02576500
vt 0.75199300 0.02405000
vt 0.75194800 0.02578800
vt 0.75123799 0.02576500
vt 0.75128102 0.02403400
vt 0.73943800 0.02513900
vt 0.73940599 0.02376300
vt 0.75128102 0.02403400
vt 0.75123799 0.02576500
vt 0.75119299 0.02744400
vt 0.73959601 0.02648900
vt 0.73943800 0.02513900
vt 0.75123799 0.02576500
vt 0.75189900 0.02747100
vt 0.75184900 0.02904000
vt 0.75115198 0.02901000
vt 0.75119299 0.02744400
vt 0.75115198 0.02901000
vt 0.73987597 0.02777600
vt 0.73959601 0.02648900
vt 0.75119299 0.02744400
vt 0.75112301 0.03039700
vt 0.74029201 0.02895800
vt 0.73987597 0.02777600
vt 0.75115198 0.02901000
vt 0.75184900 0.02904000
vt 0.75180602 0.03042900
vt 0.75112301 0.03039700
vt 0.75115198 0.02901000
vt 0.75641000 0.02903400
vt 0.75640601 0.03035600
vt 0.75180602 0.03042900
vt 0.75184900 0.02904000
vt 0.75189900 0.02747100
vt 0.75642800 0.02751500
vt 0.75641000 0.02903400
vt 0.75184900 0.02904000
vt 0.75783402 0.02904100
vt 0.75784999 0.03034900
vt 0.75640601 0.03035600
vt 0.75641000 0.02903400
vt 0.75180602 0.03042900
vt 0.75640601 0.03035600
vt 0.75641602 0.03143000
vt 0.75177300 0.03157500
vt 0.75640601 0.03035600
vt 0.75784999 0.03034900
vt 0.75787997 0.03140600
vt 0.75641602 0.03143000
vt 0.75784999 0.03034900
vt 0.78472197 0.03088900
vt 0.78594297 0.03197300
vt 0.75787997 0.03140600
vt 0.78472197 0.03088900
vt 0.75784999 0.03034900
vt 0.75783402 0.02904100
vt 0.78371102 0.02956500
vt 0.75643301 0.03226600
vt 0.75641602 0.03143000
vt 0.75787997 0.03140600
vt 0.75791198 0.03222500
vt 0.78594297 0.03197300
vt 0.78724700 0.03282500
vt 0.75791198 0.03222500
vt 0.75787997 0.03140600
vt 0.78532600 0.03087800
vt 0.78654701 0.03195400
vt 0.78594297 0.03197300
vt 0.78472197 0.03088900
vt 0.78654701 0.03195400
vt 0.78785402 0.03280300
vt 0.78724700 0.03282500
vt 0.78594297 0.03197300
vt 0.78592098 0.03072900
vt 0.78712302 0.03175200
vt 0.78654701 0.03195400
vt 0.78532600 0.03087800
vt 0.78712302 0.03175200
vt 0.78843600 0.03257200
vt 0.78785402 0.03280300
vt 0.78654701 0.03195400
vt 0.78662002 0.03033300
vt 0.78776598 0.03119000
vt 0.78712302 0.03175200
vt 0.78592098 0.03072900
vt 0.78776598 0.03119000
vt 0.78910398 0.03192700
vt 0.78843600 0.03257200
vt 0.78712302 0.03175200
vt 0.78910398 0.03192700
vt 0.79037201 0.03271400
vt 0.78968698 0.03326100
vt 0.78843600 0.03257200
vt 0.78843600 0.03257200
vt 0.78968698 0.03326100
vt 0.78909701 0.03345500
vt 0.78785402 0.03280300
vt 0.79037201 0.03271400
vt 0.79141003 0.03341600
vt 0.79072499 0.03379500
vt 0.78968698 0.03326100
vt 0.78968698 0.03326100
vt 0.79072499 0.03379500
vt 0.79012901 0.03392900
vt 0.78909701 0.03345500
vt 0.78785402 0.03280300
vt 0.78909701 0.03345500
vt 0.78848499 0.03347100
vt 0.78724700 0.03282500
vt 0.78909701 0.03345500
vt 0.79012901 0.03392900
vt 0.78950900 0.03393600
vt 0.78848499 0.03347100
vt 0.78950900 0.03393600
vt 0.79012901 0.03392900
vt 0.79083800 0.03423900
vt 0.79020703 0.03425200
vt 0.79012901 0.03392900
vt 0.79072499 0.03379500
vt 0.79142898 0.03413300
vt 0.79083800 0.03423900
vt 0.79020703 0.03425200
vt 0.79083800 0.03423900
vt 0.79125297 0.03442900
vt 0.79062098 0.03446800
vt 0.79083800 0.03423900
vt 0.79142898 0.03413300
vt 0.79183698 0.03433300
vt 0.79125297 0.03442900
vt 0.79072499 0.03379500
vt 0.79141003 0.03341600
vt 0.79210502 0.03387500
vt 0.79142898 0.03413300
vt 0.79142898 0.03413300
vt 0.79210502 0.03387500
vt 0.79250598 0.03414100
vt 0.79183698 0.03433300
vt 0.79183698 0.03433300
vt 0.79250598 0.03414100
vt 0.79271603 0.03431700
vt 0.79204601 0.03449500
vt 0.79125297 0.03442900
vt 0.79183698 0.03433300
vt 0.79204601 0.03449500
vt 0.79146397 0.03459900
vt 0.79204601 0.03449500
vt 0.79271603 0.03431700
vt 0.79316300 0.03577400
vt 0.79242998 0.03602400
vt 0.79146397 0.03459900
vt 0.79204601 0.03449500
vt 0.79242998 0.03602400
vt 0.79186302 0.03631200
vt 0.79186302 0.03631200
vt 0.79128098 0.03681400
vt 0.79082602 0.03466200
vt 0.79146397 0.03459900
vt 0.79062098 0.03446800
vt 0.79125297 0.03442900
vt 0.79146397 0.03459900
vt 0.79082602 0.03466200
vt 0.79082602 0.03466200
vt 0.75792903 0.03396700
vt 0.75795299 0.03376800
vt 0.79062098 0.03446800
vt 0.79082602 0.03466200
vt 0.79128098 0.03681400
vt 0.75738603 0.03623000
vt 0.75792903 0.03396700
vt 0.79128098 0.03681400
vt 0.79096597 0.04698000
vt 0.75501698 0.04556800
vt 0.75738603 0.03623000
vt 0.79129899 0.04709700
vt 0.79096597 0.04698000
vt 0.79128098 0.03681400
vt 0.79162800 0.03712900
vt 0.79128098 0.03681400
vt 0.79186302 0.03631200
vt 0.79196298 0.03660200
vt 0.79162800 0.03712900
vt 0.79129899 0.04709700
vt 0.79162800 0.03712900
vt 0.79170001 0.03733300
vt 0.79137701 0.04713400
vt 0.79162800 0.03712900
vt 0.79196298 0.03660200
vt 0.79194099 0.03683500
vt 0.79170001 0.03733300
vt 0.55409300 0.01168400
vt 0.55373400 0.01177500
vt 0.55350101 0.00208000
vt 0.55384302 0.00217800
vt 0.55409300 0.01168400
vt 0.55384302 0.00217800
vt 0.55391997 0.00220800
vt 0.55417103 0.01156700
vt 0.46758401 0.68905699
vt 0.47144699 0.67826402
vt 0.47181001 0.67863798
vt 0.46801001 0.68914199
vt 0.46804801 0.70042098
vt 0.46758401 0.68905699
vt 0.46801001 0.68914199
vt 0.46848199 0.70023102
vt 0.46891600 0.68929398
vt 0.46801001 0.68914199
vt 0.47181001 0.67863798
vt 0.47257501 0.67927301
vt 0.46939701 0.69992602
vt 0.46848199 0.70023102
vt 0.46801001 0.68914199
vt 0.46891600 0.68929398
vt 0.47029901 0.68951899
vt 0.46891600 0.68929398
vt 0.47257501 0.67927301
vt 0.47368100 0.68018401
vt 0.47073099 0.69945598
vt 0.46939701 0.69992602
vt 0.46891600 0.68929398
vt 0.47029901 0.68951899
vt 0.47029901 0.68951899
vt 0.47368100 0.68018401
vt 0.47495699 0.68119401
vt 0.47194901 0.68978298
vt 0.47073099 0.69945598
vt 0.47029901 0.68951899
vt 0.47194901 0.68978298
vt 0.47229201 0.69892597
vt 0.47194901 0.68978298
vt 0.47495699 0.68119401
vt 0.47626701 0.68213803
vt 0.47369099 0.69005197
vt 0.47229201 0.69892597
vt 0.47194901 0.68978298
vt 0.47369099 0.69005197
vt 0.47387901 0.69845599
vt 0.47755301 0.68292397
vt 0.47540101 0.69030702
vt 0.47369099 0.69005197
vt 0.47626701 0.68213803
vt 0.47540101 0.69030702
vt 0.47539499 0.69810802
vt 0.47387901 0.69845599
vt 0.47369099 0.69005197
vt 0.47703600 0.69053900
vt 0.47540101 0.69030702
vt 0.47755301 0.68292397
vt 0.47880799 0.68352598
vt 0.47682199 0.69789898
vt 0.47539499 0.69810802
vt 0.47540101 0.69030702
vt 0.47703600 0.69053900
vt 0.47703600 0.69053900
vt 0.47880799 0.68352598
vt 0.48004401 0.68397897
vt 0.47861001 0.69075298
vt 0.47682199 0.69789898
vt 0.47703600 0.69053900
vt 0.47861001 0.69075298
vt 0.47818401 0.69780803
vt 0.47861001 0.69075298
vt 0.48004401 0.68397897
vt 0.48126999 0.68431002
vt 0.48014000 0.69095099
vt 0.47818401 0.69780803
vt 0.47861001 0.69075298
vt 0.48014000 0.69095099
vt 0.47949499 0.69781798
vt 0.48164701 0.69113499
vt 0.48014000 0.69095099
vt 0.48126999 0.68431002
vt 0.48249999 0.68452698
vt 0.48076999 0.69792497
vt 0.47949499 0.69781798
vt 0.48014000 0.69095099
vt 0.48164701 0.69113499
vt 0.48315099 0.69133103
vt 0.48164701 0.69113499
vt 0.48249999 0.68452698
vt 0.48374701 0.68461299
vt 0.48203099 0.69813198
vt 0.48076999 0.69792497
vt 0.48164701 0.69113499
vt 0.48315099 0.69133103
vt 0.48315099 0.69133103
vt 0.48374701 0.68461299
vt 0.48502001 0.68459100
vt 0.48468199 0.69151998
vt 0.48203099 0.69813198
vt 0.48315099 0.69133103
vt 0.48468199 0.69151998
vt 0.48330200 0.69844300
vt 0.48468199 0.69151998
vt 0.48502001 0.68459100
vt 0.48633099 0.68445897
vt 0.48625901 0.69170600
vt 0.48330200 0.69844300
vt 0.48468199 0.69151998
vt 0.48625901 0.69170600
vt 0.48459801 0.69887102
vt 0.48789901 0.69189000
vt 0.48625901 0.69170600
vt 0.48633099 0.68445897
vt 0.48769099 0.68419802
vt 0.48593301 0.69943899
vt 0.48459801 0.69887102
vt 0.48625901 0.69170600
vt 0.48789901 0.69189000
vt 0.48961699 0.69207197
vt 0.48789901 0.69189000
vt 0.48769099 0.68419802
vt 0.48912001 0.68378103
vt 0.48732299 0.70017701
vt 0.48593301 0.69943899
vt 0.48789901 0.69189000
vt 0.48961699 0.69207197
vt 0.48961699 0.69207197
vt 0.48912001 0.68378103
vt 0.49060601 0.68323201
vt 0.49136999 0.69224501
vt 0.48732299 0.70017701
vt 0.48961699 0.69207197
vt 0.49136999 0.69224501
vt 0.48875800 0.70106697
vt 0.49136999 0.69224501
vt 0.49060601 0.68323201
vt 0.49206400 0.68261999
vt 0.49303401 0.69239801
vt 0.48875800 0.70106697
vt 0.49136999 0.69224501
vt 0.49303401 0.69239801
vt 0.49015900 0.70201898
vt 0.49332801 0.68206000
vt 0.49442801 0.69252098
vt 0.49303401 0.69239801
vt 0.49206400 0.68261999
vt 0.49442801 0.69252098
vt 0.49136001 0.70285100
vt 0.49015900 0.70201898
vt 0.49303401 0.69239801
vt 0.49534199 0.69259501
vt 0.49442801 0.69252098
vt 0.49332801 0.68206000
vt 0.49419901 0.68166298
vt 0.49219200 0.70339698
vt 0.49136001 0.70285100
vt 0.49442801 0.69252098
vt 0.49534199 0.69259501
vt 0.49219200 0.70339698
vt 0.49534199 0.69259501
vt 0.49577501 0.69261599
vt 0.49257699 0.70369601
vt 0.49534199 0.69259501
vt 0.49419901 0.68166298
vt 0.49462801 0.68140101
vt 0.49577501 0.69261599
vt 0.79233599 0.00270300
vt 0.79223198 0.01251200
vt 0.79215503 0.01271200
vt 0.79225600 0.00273600
vt 0.55428302 0.03764500
vt 0.55409300 0.04700200
vt 0.55401599 0.04703300
vt 0.55420101 0.03752800
vt 0.79191798 0.00283900
vt 0.79225600 0.00273600
vt 0.79215503 0.01271200
vt 0.79179603 0.01301200
vt 0.55383903 0.03744000
vt 0.55420101 0.03752800
vt 0.55401599 0.04703300
vt 0.55367601 0.04713300
vt 0.79191798 0.00283900
vt 0.79179603 0.01301200
vt 0.75791299 0.01212400
vt 0.75594699 0.00270300
vt 0.55383903 0.03744000
vt 0.55367601 0.04713300
vt 0.51831299 0.04713300
vt 0.52029699 0.03744300
vt 0.75791299 0.01212400
vt 0.75622398 0.01215900
vt 0.75424999 0.00300000
vt 0.75594699 0.00270300
vt 0.51831299 0.04713300
vt 0.51659203 0.04675500
vt 0.51859403 0.03737100
vt 0.52029699 0.03744300
vt 0.51859403 0.03737100
vt 0.51659203 0.04675500
vt 0.51192802 0.04558500
vt 0.51402003 0.03725500
vt 0.75424999 0.00300000
vt 0.75622398 0.01215900
vt 0.75161999 0.01202200
vt 0.74959803 0.00379200
vt 0.74959803 0.00379200
vt 0.75161999 0.01202200
vt 0.75103801 0.01206400
vt 0.74900901 0.00392200
vt 0.51402003 0.03725500
vt 0.51192802 0.04558500
vt 0.51133603 0.04542800
vt 0.51345098 0.03718600
vt 0.51402003 0.03725500
vt 0.51414001 0.03683500
vt 0.51879299 0.03665000
vt 0.51859403 0.03737100
vt 0.51345098 0.03718600
vt 0.51355702 0.03678900
vt 0.51414001 0.03683500
vt 0.51402003 0.03725500
vt 0.50117600 0.04259600
vt 0.50530797 0.03540200
vt 0.51345098 0.03718600
vt 0.51133603 0.04542800
vt 0.50542402 0.03504400
vt 0.51355702 0.03678900
vt 0.51345098 0.03718600
vt 0.50530797 0.03540200
vt 0.51459497 0.03514400
vt 0.51414001 0.03683500
vt 0.51355702 0.03678900
vt 0.51401401 0.03513400
vt 0.51355702 0.03678900
vt 0.50542402 0.03504400
vt 0.50585502 0.03362800
vt 0.51401401 0.03513400
vt 0.50542402 0.03504400
vt 0.50326997 0.03416100
vt 0.50381798 0.03290300
vt 0.50585502 0.03362800
vt 0.50311601 0.03448000
vt 0.50326997 0.03416100
vt 0.50542402 0.03504400
vt 0.50530797 0.03540200
vt 0.50393301 0.03278400
vt 0.50589597 0.03346300
vt 0.50585502 0.03362800
vt 0.50381798 0.03290300
vt 0.50589597 0.03346300
vt 0.51405001 0.03494000
vt 0.51401401 0.03513400
vt 0.50585502 0.03362800
vt 0.50381798 0.03290300
vt 0.50216699 0.03209200
vt 0.50234801 0.03202400
vt 0.50393301 0.03278400
vt 0.50149500 0.03318700
vt 0.50216699 0.03209200
vt 0.50381798 0.03290300
vt 0.50326997 0.03416100
vt 0.50216699 0.03209200
vt 0.50086200 0.03123000
vt 0.50109100 0.03120600
vt 0.50234801 0.03202400
vt 0.50007498 0.03213700
vt 0.50086200 0.03123000
vt 0.50216699 0.03209200
vt 0.50149500 0.03318700
vt 0.49986699 0.03238000
vt 0.50007498 0.03213700
vt 0.50149500 0.03318700
vt 0.50131398 0.03346700
vt 0.50131398 0.03346700
vt 0.50149500 0.03318700
vt 0.50326997 0.03416100
vt 0.50311601 0.03448000
vt 0.50131398 0.03346700
vt 0.50311601 0.03448000
vt 0.49852100 0.04101100
vt 0.49623901 0.03926500
vt 0.50131398 0.03346700
vt 0.49623901 0.03926500
vt 0.49437499 0.03743700
vt 0.49986699 0.03238000
vt 0.49986699 0.03238000
vt 0.49437499 0.03743700
vt 0.49276701 0.03561700
vt 0.49873900 0.03123500
vt 0.49873900 0.03123500
vt 0.49896601 0.03103700
vt 0.50007498 0.03213700
vt 0.49986699 0.03238000
vt 0.49785700 0.03006700
vt 0.49873900 0.03123500
vt 0.49276701 0.03561700
vt 0.49154699 0.03365300
vt 0.49785700 0.03006700
vt 0.49809799 0.02990900
vt 0.49896601 0.03103700
vt 0.49873900 0.03123500
vt 0.49896601 0.03103700
vt 0.49983501 0.03031700
vt 0.50086200 0.03123000
vt 0.50007498 0.03213700
vt 0.49896601 0.03103700
vt 0.49809799 0.02990900
vt 0.49903399 0.02934800
vt 0.49983501 0.03031700
vt 0.49742499 0.02871500
vt 0.49841601 0.02830200
vt 0.49903399 0.02934800
vt 0.49809799 0.02990900
vt 0.49716800 0.02883500
vt 0.49742499 0.02871500
vt 0.49809799 0.02990900
vt 0.49785700 0.03006700
vt 0.49695000 0.02745500
vt 0.49796900 0.02718800
vt 0.49841601 0.02830200
vt 0.49742499 0.02871500
vt 0.49668401 0.02753400
vt 0.49695000 0.02745500
vt 0.49742499 0.02871500
vt 0.49716800 0.02883500
vt 0.49666801 0.02616300
vt 0.49769199 0.02603400
vt 0.49796900 0.02718800
vt 0.49695000 0.02745500
vt 0.49639499 0.02620200
vt 0.49666801 0.02616300
vt 0.49695000 0.02745500
vt 0.49668401 0.02753400
vt 0.49666801 0.02616300
vt 0.49657401 0.02486600
vt 0.49758500 0.02485900
vt 0.49769199 0.02603400
vt 0.49630401 0.02486700
vt 0.49657401 0.02486600
vt 0.49666801 0.02616300
vt 0.49639499 0.02620200
vt 0.49668401 0.02753400
vt 0.48979500 0.02946800
vt 0.48926699 0.02723200
vt 0.49639499 0.02620200
vt 0.49630401 0.02486700
vt 0.49639499 0.02620200
vt 0.48926699 0.02723200
vt 0.48903400 0.02492400
vt 0.49637601 0.02353000
vt 0.49630401 0.02486700
vt 0.48903400 0.02492400
vt 0.48923999 0.02261500
vt 0.49637601 0.02353000
vt 0.49665001 0.02356600
vt 0.49657401 0.02486600
vt 0.49630401 0.02486700
vt 0.49637601 0.02353000
vt 0.48923999 0.02261500
vt 0.48974001 0.02037700
vt 0.49664900 0.02219300
vt 0.49664900 0.02219300
vt 0.49691501 0.02226900
vt 0.49665001 0.02356600
vt 0.49637601 0.02353000
vt 0.49665001 0.02356600
vt 0.49767801 0.02368300
vt 0.49758500 0.02485900
vt 0.49657401 0.02486600
vt 0.49691501 0.02226900
vt 0.49794000 0.02252500
vt 0.49767801 0.02368300
vt 0.49665001 0.02356600
vt 0.49758500 0.02485900
vt 0.49767801 0.02368300
vt 0.49797300 0.02367300
vt 0.49788499 0.02485700
vt 0.49767801 0.02368300
vt 0.49794000 0.02252500
vt 0.49823099 0.02250900
vt 0.49797300 0.02367300
vt 0.49794000 0.02252500
vt 0.49837399 0.02140600
vt 0.49865699 0.02138700
vt 0.49823099 0.02250900
vt 0.49738401 0.02101100
vt 0.49837399 0.02140600
vt 0.49794000 0.02252500
vt 0.49691501 0.02226900
vt 0.49738401 0.02101100
vt 0.49803001 0.01979700
vt 0.49897900 0.02035000
vt 0.49837399 0.02140600
vt 0.49837399 0.02140600
vt 0.49897900 0.02035000
vt 0.49925101 0.02033200
vt 0.49865699 0.02138700
vt 0.49823099 0.02250900
vt 0.49865699 0.02138700
vt 0.49930900 0.02130400
vt 0.49890500 0.02244900
vt 0.49865699 0.02138700
vt 0.49925101 0.02033200
vt 0.49987599 0.02023200
vt 0.49930900 0.02130400
vt 0.49930900 0.02130400
vt 0.49987599 0.02023200
vt 0.50108999 0.02002200
vt 0.50057399 0.02113200
vt 0.49890500 0.02244900
vt 0.49930900 0.02130400
vt 0.50057399 0.02113200
vt 0.50020897 0.02232700
vt 0.49797300 0.02367300
vt 0.49823099 0.02250900
vt 0.49890500 0.02244900
vt 0.49865901 0.02364000
vt 0.49865901 0.02364000
vt 0.49890500 0.02244900
vt 0.50020897 0.02232700
vt 0.49998799 0.02357400
vt 0.49788499 0.02485700
vt 0.49797300 0.02367300
vt 0.49865901 0.02364000
vt 0.49857700 0.02485300
vt 0.49857700 0.02485300
vt 0.49865901 0.02364000
vt 0.49998799 0.02357400
vt 0.49991700 0.02484500
vt 0.50234699 0.02212300
vt 0.50216800 0.02346300
vt 0.49998799 0.02357400
vt 0.50020897 0.02232700
vt 0.50216800 0.02346300
vt 0.50211197 0.02483300
vt 0.49991700 0.02484500
vt 0.49998799 0.02357400
vt 0.50211197 0.02483300
vt 0.50218302 0.02620100
vt 0.50000298 0.02611500
vt 0.49991700 0.02484500
vt 0.49867299 0.02606500
vt 0.49857700 0.02485300
vt 0.49991700 0.02484500
vt 0.50000298 0.02611500
vt 0.50218302 0.02620100
vt 0.50237697 0.02753900
vt 0.50023800 0.02735900
vt 0.50000298 0.02611500
vt 0.49893299 0.02725300
vt 0.49867299 0.02606500
vt 0.50000298 0.02611500
vt 0.50023800 0.02735900
vt 0.49798799 0.02604000
vt 0.49788499 0.02485700
vt 0.49857700 0.02485300
vt 0.49867299 0.02606500
vt 0.49825999 0.02720100
vt 0.49798799 0.02604000
vt 0.49867299 0.02606500
vt 0.49893299 0.02725300
vt 0.49935201 0.02839200
vt 0.49893299 0.02725300
vt 0.50023800 0.02735900
vt 0.50061703 0.02854800
vt 0.49869901 0.02831800
vt 0.49825999 0.02720100
vt 0.49893299 0.02725300
vt 0.49935201 0.02839200
vt 0.49796900 0.02718800
vt 0.49769199 0.02603400
vt 0.49798799 0.02604000
vt 0.49825999 0.02720100
vt 0.49841601 0.02830200
vt 0.49796900 0.02718800
vt 0.49825999 0.02720100
vt 0.49869901 0.02831800
vt 0.49930501 0.02936200
vt 0.49869901 0.02831800
vt 0.49935201 0.02839200
vt 0.49992901 0.02945500
vt 0.49903399 0.02934800
vt 0.49841601 0.02830200
vt 0.49869901 0.02831800
vt 0.49930501 0.02936200
vt 0.50009000 0.03032000
vt 0.49930501 0.02936200
vt 0.49992901 0.02945500
vt 0.50068003 0.03041900
vt 0.49983501 0.03031700
vt 0.49903399 0.02934800
vt 0.49930501 0.02936200
vt 0.50009000 0.03032000
vt 0.49992901 0.02945500
vt 0.49935201 0.02839200
vt 0.50061703 0.02854800
vt 0.50114399 0.02965200
vt 0.50068003 0.03041900
vt 0.49992901 0.02945500
vt 0.50114399 0.02965200
vt 0.50183100 0.03063700
vt 0.50109100 0.03120600
vt 0.50009000 0.03032000
vt 0.50068003 0.03041900
vt 0.50161701 0.03128200
vt 0.50161701 0.03128200
vt 0.50068003 0.03041900
vt 0.50183100 0.03063700
vt 0.50266999 0.03148900
vt 0.50372499 0.03099000
vt 0.50443202 0.03184300
vt 0.50266999 0.03148900
vt 0.50183100 0.03063700
vt 0.50313699 0.02997400
vt 0.50372499 0.03099000
vt 0.50183100 0.03063700
vt 0.50114399 0.02965200
vt 0.50275701 0.03203800
vt 0.50161701 0.03128200
vt 0.50266999 0.03148900
vt 0.50361699 0.03218200
vt 0.50443202 0.03184300
vt 0.50518698 0.03252200
vt 0.50361699 0.03218200
vt 0.50266999 0.03148900
vt 0.50415701 0.03270200
vt 0.50275701 0.03203800
vt 0.50361699 0.03218200
vt 0.50444102 0.03264000
vt 0.50518698 0.03252200
vt 0.50576597 0.03300300
vt 0.50444102 0.03264000
vt 0.50361699 0.03218200
vt 0.50444102 0.03264000
vt 0.50576597 0.03300300
vt 0.50592703 0.03328700
vt 0.50415701 0.03270200
vt 0.51407599 0.03438000
vt 0.50576597 0.03300300
vt 0.50518698 0.03252200
vt 0.51406300 0.03388300
vt 0.50576597 0.03300300
vt 0.51407599 0.03438000
vt 0.51407099 0.03471400
vt 0.50592703 0.03328700
vt 0.51407599 0.03438000
vt 0.51468801 0.03438700
vt 0.51467800 0.03472500
vt 0.51407099 0.03471400
vt 0.51468700 0.03389200
vt 0.51468801 0.03438700
vt 0.51407599 0.03438000
vt 0.51406300 0.03388300
vt 0.51468098 0.03320400
vt 0.51468700 0.03389200
vt 0.51406300 0.03388300
vt 0.51403898 0.03319200
vt 0.51406300 0.03388300
vt 0.50518698 0.03252200
vt 0.50443202 0.03184300
vt 0.51403898 0.03319200
vt 0.51937801 0.03343700
vt 0.51940101 0.03388300
vt 0.51468801 0.03438700
vt 0.51468700 0.03389200
vt 0.51468098 0.03320400
vt 0.51934302 0.03281500
vt 0.51937801 0.03343700
vt 0.51468700 0.03389200
vt 0.51467800 0.03229400
vt 0.51929897 0.03198500
vt 0.51934302 0.03281500
vt 0.51468098 0.03320400
vt 0.51467800 0.03229400
vt 0.51468098 0.03320400
vt 0.51403898 0.03319200
vt 0.51401198 0.03228200
vt 0.51467597 0.03114500
vt 0.51467800 0.03229400
vt 0.51401198 0.03228200
vt 0.51399201 0.03113400
vt 0.51925701 0.03091900
vt 0.51929897 0.03198500
vt 0.51467800 0.03229400
vt 0.51467597 0.03114500
vt 0.51922101 0.02960500
vt 0.51925701 0.03091900
vt 0.51467597 0.03114500
vt 0.51467800 0.02975600
vt 0.51467800 0.02975600
vt 0.51467597 0.03114500
vt 0.51399201 0.03113400
vt 0.51397997 0.02974600
vt 0.51399201 0.03113400
vt 0.50313699 0.02997400
vt 0.50269198 0.02881000
vt 0.51397997 0.02974600
vt 0.50372499 0.03099000
vt 0.50313699 0.02997400
vt 0.51399201 0.03113400
vt 0.51401198 0.03228200
vt 0.50269198 0.02881000
vt 0.50313699 0.02997400
vt 0.50114399 0.02965200
vt 0.50061703 0.02854800
vt 0.50237697 0.02753900
vt 0.50269198 0.02881000
vt 0.50061703 0.02854800
vt 0.50023800 0.02735900
vt 0.51397997 0.02974600
vt 0.50269198 0.02881000
vt 0.50237697 0.02753900
vt 0.51397699 0.02817900
vt 0.51397699 0.02817900
vt 0.50237697 0.02753900
vt 0.50218302 0.02620100
vt 0.51397598 0.02650200
vt 0.51468498 0.02650500
vt 0.51468301 0.02818600
vt 0.51397699 0.02817900
vt 0.51397598 0.02650200
vt 0.51468301 0.02818600
vt 0.51467800 0.02975600
vt 0.51397997 0.02974600
vt 0.51397699 0.02817900
vt 0.51468301 0.02818600
vt 0.51919502 0.02809500
vt 0.51922101 0.02960500
vt 0.51467800 0.02975600
vt 0.51468498 0.02650500
vt 0.51917797 0.02645500
vt 0.51919502 0.02809500
vt 0.51468301 0.02818600
vt 0.51468301 0.02476900
vt 0.51468498 0.02650500
vt 0.51397598 0.02650200
vt 0.51397198 0.02477200
vt 0.51916701 0.02474900
vt 0.51917797 0.02645500
vt 0.51468498 0.02650500
vt 0.51468301 0.02476900
vt 0.51919502 0.02809500
vt 0.51917797 0.02645500
vt 0.52056599 0.02644200
vt 0.52059400 0.02807300
vt 0.52055198 0.02474300
vt 0.52056599 0.02644200
vt 0.51917797 0.02645500
vt 0.51916701 0.02474900
vt 0.54509002 0.02633300
vt 0.54558802 0.02795600
vt 0.52059400 0.02807300
vt 0.52056599 0.02644200
vt 0.54491198 0.02464300
vt 0.54509002 0.02633300
vt 0.52056599 0.02644200
vt 0.52055198 0.02474300
vt 0.54552197 0.02464100
vt 0.54570299 0.02632200
vt 0.54509002 0.02633300
vt 0.54491198 0.02464300
vt 0.54570299 0.02632200
vt 0.54620302 0.02793800
vt 0.54558802 0.02795600
vt 0.54509002 0.02633300
vt 0.54617703 0.02463800
vt 0.54637700 0.02625900
vt 0.54570299 0.02632200
vt 0.54552197 0.02464100
vt 0.54637700 0.02625900
vt 0.54689002 0.02782900
vt 0.54620302 0.02793800
vt 0.54570299 0.02632200
vt 0.54689002 0.02782900
vt 0.54762900 0.02929200
vt 0.54698402 0.02942600
vt 0.54620302 0.02793800
vt 0.54620302 0.02793800
vt 0.54698402 0.02942600
vt 0.54637498 0.02944800
vt 0.54558802 0.02795600
vt 0.54762900 0.02929200
vt 0.54860801 0.03055300
vt 0.54801798 0.03071700
vt 0.54698402 0.02942600
vt 0.54698402 0.02942600
vt 0.54801798 0.03071700
vt 0.54741597 0.03074300
vt 0.54637498 0.02944800
vt 0.54860801 0.03055300
vt 0.54983097 0.03154500
vt 0.54926097 0.03176000
vt 0.54801798 0.03071700
vt 0.54801798 0.03071700
vt 0.54926097 0.03176000
vt 0.54865998 0.03179300
vt 0.54741597 0.03074300
vt 0.54741597 0.03074300
vt 0.54865998 0.03179300
vt 0.52075201 0.03191400
vt 0.52069098 0.03086700
vt 0.54741597 0.03074300
vt 0.52069098 0.03086700
vt 0.52063602 0.02957000
vt 0.54637498 0.02944800
vt 0.52069098 0.03086700
vt 0.52075201 0.03191400
vt 0.51929897 0.03198500
vt 0.51925701 0.03091900
vt 0.52063602 0.02957000
vt 0.52069098 0.03086700
vt 0.51925701 0.03091900
vt 0.51922101 0.02960500
vt 0.54558802 0.02795600
vt 0.54637498 0.02944800
vt 0.52063602 0.02957000
vt 0.52059400 0.02807300
vt 0.51922101 0.02960500
vt 0.51919502 0.02809500
vt 0.52059400 0.02807300
vt 0.52063602 0.02957000
vt 0.54865998 0.03179300
vt 0.54997998 0.03261100
vt 0.52081001 0.03272600
vt 0.52075201 0.03191400
vt 0.51934302 0.03281500
vt 0.51929897 0.03198500
vt 0.52075201 0.03191400
vt 0.52081001 0.03272600
vt 0.51937801 0.03343700
vt 0.51934302 0.03281500
vt 0.52081001 0.03272600
vt 0.52085602 0.03333200
vt 0.54997998 0.03261100
vt 0.55122900 0.03322500
vt 0.52085602 0.03333200
vt 0.52081001 0.03272600
vt 0.55058497 0.03257400
vt 0.55183899 0.03319400
vt 0.55122900 0.03322500
vt 0.54997998 0.03261100
vt 0.54926097 0.03176000
vt 0.55058497 0.03257400
vt 0.54997998 0.03261100
vt 0.54865998 0.03179300
vt 0.54983097 0.03154500
vt 0.55115902 0.03233000
vt 0.55058497 0.03257400
vt 0.54926097 0.03176000
vt 0.55115902 0.03233000
vt 0.55242097 0.03298700
vt 0.55183899 0.03319400
vt 0.55058497 0.03257400
vt 0.55242097 0.03298700
vt 0.55346501 0.03349500
vt 0.55287600 0.03364100
vt 0.55183899 0.03319400
vt 0.55183899 0.03319400
vt 0.55287600 0.03364100
vt 0.55225903 0.03366300
vt 0.55122900 0.03322500
vt 0.55417103 0.03381800
vt 0.55358601 0.03393400
vt 0.55287600 0.03364100
vt 0.55346501 0.03349500
vt 0.55358601 0.03393400
vt 0.55295998 0.03396000
vt 0.55225903 0.03366300
vt 0.55287600 0.03364100
vt 0.55457997 0.03401100
vt 0.55400097 0.03411500
vt 0.55358601 0.03393400
vt 0.55417103 0.03381800
vt 0.55400097 0.03411500
vt 0.55337501 0.03416500
vt 0.55295998 0.03396000
vt 0.55358601 0.03393400
vt 0.55337501 0.03416500
vt 0.52089697 0.03425300
vt 0.52089900 0.03404900
vt 0.55295998 0.03396000
vt 0.52089900 0.03404900
vt 0.52088600 0.03376000
vt 0.55225903 0.03366300
vt 0.55295998 0.03396000
vt 0.51940298 0.03418400
vt 0.52089900 0.03404900
vt 0.52089697 0.03425300
vt 0.51937801 0.03439300
vt 0.51940101 0.03388300
vt 0.52088600 0.03376000
vt 0.52089900 0.03404900
vt 0.51940298 0.03418400
vt 0.55225903 0.03366300
vt 0.52088600 0.03376000
vt 0.52085602 0.03333200
vt 0.55122900 0.03322500
vt 0.52085602 0.03333200
vt 0.52088600 0.03376000
vt 0.51940101 0.03388300
vt 0.51937801 0.03343700
vt 0.51468801 0.03438700
vt 0.51940101 0.03388300
vt 0.51940298 0.03418400
vt 0.51467800 0.03472500
vt 0.51467800 0.03472500
vt 0.51940298 0.03418400
vt 0.51937801 0.03439300
vt 0.51464701 0.03495300
vt 0.51407099 0.03471400
vt 0.51467800 0.03472500
vt 0.51464701 0.03495300
vt 0.51405001 0.03494000
vt 0.51464701 0.03495300
vt 0.51937801 0.03439300
vt 0.51932800 0.03458700
vt 0.51459497 0.03514400
vt 0.51405001 0.03494000
vt 0.51464701 0.03495300
vt 0.51459497 0.03514400
vt 0.51401401 0.03513400
vt 0.50592703 0.03328700
vt 0.51407099 0.03471400
vt 0.51405001 0.03494000
vt 0.50589597 0.03346300
vt 0.51932800 0.03458700
vt 0.51879299 0.03665000
vt 0.51414001 0.03683500
vt 0.51459497 0.03514400
vt 0.51932800 0.03458700
vt 0.52087897 0.03445100
vt 0.52041298 0.03666200
vt 0.51879299 0.03665000
vt 0.51937801 0.03439300
vt 0.52089697 0.03425300
vt 0.52087897 0.03445100
vt 0.51932800 0.03458700
vt 0.55358201 0.03435200
vt 0.52087897 0.03445100
vt 0.52089697 0.03425300
vt 0.55337501 0.03416500
vt 0.52087897 0.03445100
vt 0.55358201 0.03435200
vt 0.55404800 0.03647600
vt 0.52041298 0.03666200
vt 0.55462497 0.03598000
vt 0.55404800 0.03647600
vt 0.55358201 0.03435200
vt 0.55421299 0.03428000
vt 0.55421299 0.03428000
vt 0.55358201 0.03435200
vt 0.55337501 0.03416500
vt 0.55400097 0.03411500
vt 0.55462497 0.03598000
vt 0.55421299 0.03428000
vt 0.55479097 0.03417000
vt 0.55519003 0.03569400
vt 0.55479097 0.03417000
vt 0.55421299 0.03428000
vt 0.55400097 0.03411500
vt 0.55457997 0.03401100
vt 0.55472398 0.03626900
vt 0.55439597 0.03675500
vt 0.55404800 0.03647600
vt 0.55462497 0.03598000
vt 0.55522299 0.03596000
vt 0.55472398 0.03626900
vt 0.55462497 0.03598000
vt 0.55519003 0.03569400
vt 0.55594802 0.03569900
vt 0.55522299 0.03596000
vt 0.55519003 0.03569400
vt 0.55592299 0.03543900
vt 0.55519003 0.03569400
vt 0.55479097 0.03417000
vt 0.55545700 0.03398300
vt 0.55592299 0.03543900
vt 0.55592299 0.03543900
vt 0.55545700 0.03398300
vt 0.55634803 0.03366400
vt 0.55693102 0.03508200
vt 0.55698001 0.03534100
vt 0.55594802 0.03569900
vt 0.55592299 0.03543900
vt 0.55693102 0.03508200
vt 0.55697000 0.03566800
vt 0.55587602 0.03598300
vt 0.55594802 0.03569900
vt 0.55698001 0.03534100
vt 0.55587602 0.03598300
vt 0.55514503 0.03621100
vt 0.55522299 0.03596000
vt 0.55594802 0.03569900
vt 0.55693102 0.03508200
vt 0.55824703 0.03449300
vt 0.55833203 0.03474200
vt 0.55698001 0.03534100
vt 0.55698001 0.03534100
vt 0.55833203 0.03474200
vt 0.55842900 0.03510700
vt 0.55697000 0.03566800
vt 0.48664799 0.70914501
vt 0.48668000 0.70769399
vt 0.49212000 0.70744300
vt 0.49171799 0.70899898
vt 0.49171799 0.70899898
vt 0.49086899 0.71109498
vt 0.48630100 0.71058702
vt 0.48664799 0.70914501
vt 0.48668000 0.70769399
vt 0.48664799 0.70914501
vt 0.48447901 0.70880997
vt 0.48454401 0.70779097
vt 0.48664799 0.70914501
vt 0.48630100 0.71058702
vt 0.48422599 0.70980901
vt 0.48447901 0.70880997
vt 0.48640901 0.70631999
vt 0.48668000 0.70769399
vt 0.48454401 0.70779097
vt 0.48443499 0.70680100
vt 0.48590699 0.70511597
vt 0.48640901 0.70631999
vt 0.48443499 0.70680100
vt 0.48417801 0.70588899
vt 0.48525399 0.70410502
vt 0.48590699 0.70511597
vt 0.48417801 0.70588899
vt 0.48380101 0.70508599
vt 0.48451000 0.70327699
vt 0.48525399 0.70410502
vt 0.48380101 0.70508599
vt 0.48332900 0.70441198
vt 0.48368001 0.70263600
vt 0.48451000 0.70327699
vt 0.48332900 0.70441198
vt 0.48277599 0.70386302
vt 0.48282301 0.70214599
vt 0.48368001 0.70263600
vt 0.48277599 0.70386302
vt 0.48215699 0.70343697
vt 0.48451000 0.70327699
vt 0.48368001 0.70263600
vt 0.48566201 0.70071602
vt 0.48694399 0.70158601
vt 0.48368001 0.70263600
vt 0.48282301 0.70214599
vt 0.48438901 0.70009899
vt 0.48566201 0.70071602
vt 0.48194200 0.70178699
vt 0.48282301 0.70214599
vt 0.48215699 0.70343697
vt 0.48148701 0.70313001
vt 0.48282301 0.70214599
vt 0.48194200 0.70178699
vt 0.48311701 0.69963998
vt 0.48438901 0.70009899
vt 0.48438901 0.70009899
vt 0.48311701 0.69963998
vt 0.48317599 0.69921899
vt 0.48444200 0.69968200
vt 0.48566201 0.70071602
vt 0.48438901 0.70009899
vt 0.48444200 0.69968200
vt 0.48572701 0.70030302
vt 0.48444200 0.69968200
vt 0.48317599 0.69921899
vt 0.48321301 0.69889098
vt 0.48448199 0.69933802
vt 0.48572701 0.70030302
vt 0.48444200 0.69968200
vt 0.48448199 0.69933802
vt 0.48577899 0.69993699
vt 0.48704699 0.70112699
vt 0.48572701 0.70030302
vt 0.48577899 0.69993699
vt 0.48711899 0.70072198
vt 0.48694399 0.70158601
vt 0.48566201 0.70071602
vt 0.48572701 0.70030302
vt 0.48704699 0.70112699
vt 0.48593301 0.69943899
vt 0.48577899 0.69993699
vt 0.48448199 0.69933802
vt 0.48459801 0.69887102
vt 0.48732299 0.70017701
vt 0.48711899 0.70072198
vt 0.48577899 0.69993699
vt 0.48593301 0.69943899
vt 0.48840901 0.70213401
vt 0.48704699 0.70112699
vt 0.48711899 0.70072198
vt 0.48850101 0.70167398
vt 0.48875800 0.70106697
vt 0.48850101 0.70167398
vt 0.48711899 0.70072198
vt 0.48732299 0.70017701
vt 0.48975500 0.70322800
vt 0.48840901 0.70213401
vt 0.48850101 0.70167398
vt 0.48985600 0.70270199
vt 0.49015900 0.70201898
vt 0.48985600 0.70270199
vt 0.48850101 0.70167398
vt 0.48875800 0.70106697
vt 0.49094799 0.70425099
vt 0.48975500 0.70322800
vt 0.48985600 0.70270199
vt 0.49104300 0.70363700
vt 0.49136001 0.70285100
vt 0.49104300 0.70363700
vt 0.48985600 0.70270199
vt 0.49015900 0.70201898
vt 0.48967299 0.70383298
vt 0.48828200 0.70266998
vt 0.48840901 0.70213401
vt 0.48975500 0.70322800
vt 0.49094400 0.70492899
vt 0.48967299 0.70383298
vt 0.48975500 0.70322800
vt 0.49094799 0.70425099
vt 0.49094400 0.70492899
vt 0.49094799 0.70425099
vt 0.49179101 0.70504701
vt 0.49180600 0.70580500
vt 0.49094799 0.70425099
vt 0.49104300 0.70363700
vt 0.49187899 0.70431697
vt 0.49179101 0.70504701
vt 0.49180600 0.70580500
vt 0.49179101 0.70504701
vt 0.49220201 0.70556301
vt 0.49223301 0.70635498
vt 0.49179101 0.70504701
vt 0.49187899 0.70431697
vt 0.49227199 0.70475698
vt 0.49220201 0.70556301
vt 0.55514503 0.03621100
vt 0.55469602 0.03649900
vt 0.55472398 0.03626900
vt 0.55522299 0.03596000
vt 0.55469602 0.03649900
vt 0.55443901 0.03694800
vt 0.55439597 0.03675500
vt 0.55472398 0.03626900
vt 0.49257699 0.70369601
vt 0.49227199 0.70475698
vt 0.49187899 0.70431697
vt 0.49219200 0.70339698
vt 0.55420101 0.03752800
vt 0.55439597 0.03675500
vt 0.55443901 0.03694800
vt 0.55428302 0.03764500
vt 0.55383903 0.03744000
vt 0.55404800 0.03647600
vt 0.55439597 0.03675500
vt 0.55420101 0.03752800
vt 0.48668000 0.70769399
vt 0.49180600 0.70580500
vt 0.49223301 0.70635498
vt 0.49212000 0.70744300
vt 0.49219200 0.70339698
vt 0.49187899 0.70431697
vt 0.49104300 0.70363700
vt 0.49136001 0.70285100
vt 0.48640901 0.70631999
vt 0.49094400 0.70492899
vt 0.49180600 0.70580500
vt 0.48668000 0.70769399
vt 0.48640901 0.70631999
vt 0.48590699 0.70511597
vt 0.48967299 0.70383298
vt 0.49094400 0.70492899
vt 0.48590699 0.70511597
vt 0.48525399 0.70410502
vt 0.48828200 0.70266998
vt 0.48967299 0.70383298
vt 0.48828200 0.70266998
vt 0.48694399 0.70158601
vt 0.48704699 0.70112699
vt 0.48840901 0.70213401
vt 0.48525399 0.70410502
vt 0.48451000 0.70327699
vt 0.48694399 0.70158601
vt 0.48828200 0.70266998
vt 0.48459801 0.69887102
vt 0.48448199 0.69933802
vt 0.48321301 0.69889098
vt 0.48330200 0.69844300
vt 0.48330200 0.69844300
vt 0.48321301 0.69889098
vt 0.48196200 0.69856697
vt 0.48203099 0.69813198
vt 0.48317599 0.69921899
vt 0.48192501 0.69888401
vt 0.48196200 0.69856697
vt 0.48321301 0.69889098
vt 0.48203099 0.69813198
vt 0.48196200 0.69856697
vt 0.48071599 0.69835597
vt 0.48076999 0.69792497
vt 0.48192501 0.69888401
vt 0.48067799 0.69866800
vt 0.48071599 0.69835597
vt 0.48196200 0.69856697
vt 0.48186800 0.69927698
vt 0.48063201 0.69904399
vt 0.48067799 0.69866800
vt 0.48192501 0.69888401
vt 0.48311701 0.69963998
vt 0.48186800 0.69927698
vt 0.48192501 0.69888401
vt 0.48317599 0.69921899
vt 0.48067799 0.69866800
vt 0.47941399 0.69857502
vt 0.47945499 0.69825798
vt 0.48071599 0.69835597
vt 0.48063201 0.69904399
vt 0.47937301 0.69897199
vt 0.47941399 0.69857502
vt 0.48067799 0.69866800
vt 0.48011899 0.70141298
vt 0.47917601 0.70138103
vt 0.47937301 0.69897199
vt 0.48063201 0.69904399
vt 0.48104101 0.70154703
vt 0.48011899 0.70141298
vt 0.48063201 0.69904399
vt 0.48186800 0.69927698
vt 0.48011899 0.70141298
vt 0.48104101 0.70154703
vt 0.48077601 0.70293403
vt 0.48002899 0.70284200
vt 0.47917601 0.70138103
vt 0.48011899 0.70141298
vt 0.48002899 0.70284200
vt 0.47925600 0.70284802
vt 0.48194200 0.70178699
vt 0.48104101 0.70154703
vt 0.48186800 0.69927698
vt 0.48311701 0.69963998
vt 0.48104101 0.70154703
vt 0.48194200 0.70178699
vt 0.48148701 0.70313001
vt 0.48077601 0.70293403
vt 0.47821000 0.70144802
vt 0.47917601 0.70138103
vt 0.47925600 0.70284802
vt 0.47846499 0.70294702
vt 0.47917601 0.70138103
vt 0.47821000 0.70144802
vt 0.47806501 0.69901699
vt 0.47937301 0.69897199
vt 0.47821000 0.70144802
vt 0.47722200 0.70161903
vt 0.47671100 0.69914103
vt 0.47806501 0.69901699
vt 0.47722200 0.70161903
vt 0.47821000 0.70144802
vt 0.47846499 0.70294702
vt 0.47766700 0.70314199
vt 0.47622499 0.70194101
vt 0.47722200 0.70161903
vt 0.47766700 0.70314199
vt 0.47687900 0.70343697
vt 0.47722200 0.70161903
vt 0.47622499 0.70194101
vt 0.47532600 0.69940400
vt 0.47671100 0.69914103
vt 0.47671100 0.69914103
vt 0.47532600 0.69940400
vt 0.47537100 0.69898999
vt 0.47676700 0.69872302
vt 0.47806501 0.69901699
vt 0.47671100 0.69914103
vt 0.47676700 0.69872302
vt 0.47811300 0.69859302
vt 0.47676700 0.69872302
vt 0.47537100 0.69898999
vt 0.47541499 0.69862503
vt 0.47681600 0.69837999
vt 0.47811300 0.69859302
vt 0.47676700 0.69872302
vt 0.47681600 0.69837999
vt 0.47815901 0.69826400
vt 0.47937301 0.69897199
vt 0.47806501 0.69901699
vt 0.47811300 0.69859302
vt 0.47941399 0.69857502
vt 0.47941399 0.69857502
vt 0.47811300 0.69859302
vt 0.47815901 0.69826400
vt 0.47945499 0.69825798
vt 0.47818401 0.69780803
vt 0.47815901 0.69826400
vt 0.47681600 0.69837999
vt 0.47682199 0.69789898
vt 0.47949499 0.69781798
vt 0.47945499 0.69825798
vt 0.47815901 0.69826400
vt 0.47818401 0.69780803
vt 0.48076999 0.69792497
vt 0.48071599 0.69835597
vt 0.47945499 0.69825798
vt 0.47949499 0.69781798
vt 0.47537100 0.69898999
vt 0.47389400 0.69943202
vt 0.47393101 0.69902700
vt 0.47541499 0.69862503
vt 0.47532600 0.69940400
vt 0.47387299 0.69989598
vt 0.47389400 0.69943202
vt 0.47537100 0.69898999
vt 0.47387299 0.69989598
vt 0.47231999 0.70056200
vt 0.47234100 0.70002300
vt 0.47389400 0.69943202
vt 0.47389400 0.69943202
vt 0.47234100 0.70002300
vt 0.47237501 0.69956499
vt 0.47393101 0.69902700
vt 0.47539499 0.69810802
vt 0.47541499 0.69862503
vt 0.47393101 0.69902700
vt 0.47387901 0.69845599
vt 0.47387901 0.69845599
vt 0.47393101 0.69902700
vt 0.47237501 0.69956499
vt 0.47229201 0.69892597
vt 0.47229201 0.69892597
vt 0.47237501 0.69956499
vt 0.47083700 0.70017302
vt 0.47073099 0.69945598
vt 0.47234100 0.70002300
vt 0.47079501 0.70068997
vt 0.47083700 0.70017302
vt 0.47237501 0.69956499
vt 0.47079501 0.70068997
vt 0.46942899 0.70133102
vt 0.46949399 0.70073801
vt 0.47083700 0.70017302
vt 0.47073099 0.69945598
vt 0.47083700 0.70017302
vt 0.46949399 0.70073801
vt 0.46939701 0.69992602
vt 0.46939701 0.69992602
vt 0.46949399 0.70073801
vt 0.46855199 0.70116198
vt 0.46848199 0.70023102
vt 0.46949399 0.70073801
vt 0.46942899 0.70133102
vt 0.46845701 0.70185399
vt 0.46855199 0.70116198
vt 0.46855199 0.70116198
vt 0.46845701 0.70185399
vt 0.46796000 0.70222700
vt 0.46808600 0.70147401
vt 0.46848199 0.70023102
vt 0.46855199 0.70116198
vt 0.46808600 0.70147401
vt 0.46804801 0.70042098
vt 0.55433202 0.01226300
vt 0.55459303 0.01270900
vt 0.55462700 0.01293800
vt 0.55429399 0.01245500
vt 0.55417103 0.01156700
vt 0.55433202 0.01226300
vt 0.55429399 0.01245500
vt 0.55409300 0.01168400
vt 0.55409300 0.01168400
vt 0.55429399 0.01245500
vt 0.55395103 0.01273700
vt 0.55373400 0.01177500
vt 0.55429399 0.01245500
vt 0.55462700 0.01293800
vt 0.55453098 0.01322800
vt 0.55395103 0.01273700
vt 0.55395103 0.01273700
vt 0.55350298 0.01486400
vt 0.52079701 0.01503000
vt 0.52031302 0.01282100
vt 0.55413502 0.01493100
vt 0.55350298 0.01486400
vt 0.55395103 0.01273700
vt 0.55453098 0.01322800
vt 0.55395103 0.01273700
vt 0.52031302 0.01282100
vt 0.52019101 0.01204000
vt 0.55373400 0.01177500
vt 0.55350101 0.00208000
vt 0.55373400 0.01177500
vt 0.52019101 0.01204000
vt 0.51813000 0.00235400
vt 0.51848698 0.01212600
vt 0.51640999 0.00274500
vt 0.51813000 0.00235400
vt 0.52019101 0.01204000
vt 0.52019101 0.01204000
vt 0.52031302 0.01282100
vt 0.51869202 0.01284600
vt 0.51848698 0.01212600
vt 0.51848698 0.01212600
vt 0.51390803 0.01228000
vt 0.51174802 0.00394900
vt 0.51640999 0.00274500
vt 0.51848698 0.01212600
vt 0.51869202 0.01284600
vt 0.51403201 0.01270000
vt 0.51390803 0.01228000
vt 0.51869202 0.01284600
vt 0.51924402 0.01490700
vt 0.51450199 0.01438900
vt 0.51403201 0.01270000
vt 0.52079701 0.01503000
vt 0.51924402 0.01490700
vt 0.51869202 0.01284600
vt 0.52031302 0.01282100
vt 0.51450199 0.01438900
vt 0.51924402 0.01490700
vt 0.51929599 0.01510000
vt 0.51455599 0.01458000
vt 0.51924402 0.01490700
vt 0.52079701 0.01503000
vt 0.52081603 0.01522800
vt 0.51929599 0.01510000
vt 0.51455599 0.01458000
vt 0.51929599 0.01510000
vt 0.51932198 0.01530900
vt 0.51458800 0.01480800
vt 0.51929599 0.01510000
vt 0.52081603 0.01522800
vt 0.52082098 0.01543200
vt 0.51932198 0.01530900
vt 0.51932198 0.01530900
vt 0.52082098 0.01543200
vt 0.52081001 0.01572100
vt 0.51932299 0.01561100
vt 0.51932198 0.01530900
vt 0.51932299 0.01561100
vt 0.51460201 0.01514600
vt 0.51458800 0.01480800
vt 0.55288398 0.01526200
vt 0.52082098 0.01543200
vt 0.52081603 0.01522800
vt 0.55329698 0.01505300
vt 0.55288398 0.01526200
vt 0.55218601 0.01556400
vt 0.52081001 0.01572100
vt 0.52082098 0.01543200
vt 0.52081001 0.01572100
vt 0.52078301 0.01615000
vt 0.51930398 0.01605600
vt 0.51932299 0.01561100
vt 0.55218601 0.01556400
vt 0.55115998 0.01601100
vt 0.52078301 0.01615000
vt 0.52081001 0.01572100
vt 0.55288398 0.01526200
vt 0.55351001 0.01528200
vt 0.55280298 0.01558100
vt 0.55218601 0.01556400
vt 0.55280298 0.01558100
vt 0.55176902 0.01603700
vt 0.55115998 0.01601100
vt 0.55218601 0.01556400
vt 0.55115998 0.01601100
vt 0.54991603 0.01663500
vt 0.52074200 0.01675600
vt 0.52078301 0.01615000
vt 0.55176902 0.01603700
vt 0.55052000 0.01666600
vt 0.54991603 0.01663500
vt 0.55115998 0.01601100
vt 0.55235302 0.01623900
vt 0.55109698 0.01690600
vt 0.55052000 0.01666600
vt 0.55176902 0.01603700
vt 0.55339301 0.01572300
vt 0.55235302 0.01623900
vt 0.55176902 0.01603700
vt 0.55280298 0.01558100
vt 0.55109698 0.01690600
vt 0.54977500 0.01770200
vt 0.54920399 0.01749100
vt 0.55052000 0.01666600
vt 0.55052000 0.01666600
vt 0.54920399 0.01749100
vt 0.54860198 0.01746300
vt 0.54991603 0.01663500
vt 0.55302900 0.01679400
vt 0.55175298 0.01756000
vt 0.55109698 0.01690600
vt 0.55235302 0.01623900
vt 0.55175298 0.01756000
vt 0.55040699 0.01827300
vt 0.54977500 0.01770200
vt 0.55109698 0.01690600
vt 0.55040699 0.01827300
vt 0.54925001 0.01910900
vt 0.54856002 0.01870400
vt 0.54977500 0.01770200
vt 0.54977500 0.01770200
vt 0.54856002 0.01870400
vt 0.54796898 0.01854500
vt 0.54920399 0.01749100
vt 0.54925001 0.01910900
vt 0.54845703 0.02029500
vt 0.54759097 0.01997300
vt 0.54856002 0.01870400
vt 0.54856002 0.01870400
vt 0.54759097 0.01997300
vt 0.54694498 0.01984400
vt 0.54796898 0.01854500
vt 0.54796898 0.01854500
vt 0.54694498 0.01984400
vt 0.54633600 0.01982700
vt 0.54736602 0.01852300
vt 0.54920399 0.01749100
vt 0.54796898 0.01854500
vt 0.54736602 0.01852300
vt 0.54860198 0.01746300
vt 0.54759097 0.01997300
vt 0.54686499 0.02144200
vt 0.54617602 0.02133800
vt 0.54694498 0.01984400
vt 0.54694498 0.01984400
vt 0.54617602 0.02133800
vt 0.54556203 0.02132500
vt 0.54633600 0.01982700
vt 0.54633600 0.01982700
vt 0.54556203 0.02132500
vt 0.52056599 0.02141200
vt 0.52059501 0.01991400
vt 0.54736602 0.01852300
vt 0.54633600 0.01982700
vt 0.52059501 0.01991400
vt 0.52063900 0.01861700
vt 0.52063900 0.01861700
vt 0.52059501 0.01991400
vt 0.51917899 0.01989100
vt 0.51920402 0.01857700
vt 0.51916599 0.02140200
vt 0.51917899 0.01989100
vt 0.52059501 0.01991400
vt 0.52056599 0.02141200
vt 0.54556203 0.02132500
vt 0.54507601 0.02295200
vt 0.52055198 0.02304400
vt 0.52056599 0.02141200
vt 0.51916301 0.02304300
vt 0.51916599 0.02140200
vt 0.52056599 0.02141200
vt 0.52055198 0.02304400
vt 0.54491198 0.02464300
vt 0.52055198 0.02474300
vt 0.52055198 0.02304400
vt 0.54507601 0.02295200
vt 0.52055198 0.02304400
vt 0.52055198 0.02474300
vt 0.51916701 0.02474900
vt 0.51916301 0.02304300
vt 0.51465201 0.02135100
vt 0.51916599 0.02140200
vt 0.51916301 0.02304300
vt 0.51467001 0.02303300
vt 0.51916301 0.02304300
vt 0.51916701 0.02474900
vt 0.51468301 0.02476900
vt 0.51467001 0.02303300
vt 0.51465201 0.02135100
vt 0.51467001 0.02303300
vt 0.51396000 0.02304300
vt 0.51394600 0.02136500
vt 0.51467001 0.02303300
vt 0.51468301 0.02476900
vt 0.51397198 0.02477200
vt 0.51396000 0.02304300
vt 0.51396000 0.02304300
vt 0.50216800 0.02346300
vt 0.50234699 0.02212300
vt 0.51394600 0.02136500
vt 0.51397198 0.02477200
vt 0.50211197 0.02483300
vt 0.50216800 0.02346300
vt 0.51396000 0.02304300
vt 0.50218302 0.02620100
vt 0.50211197 0.02483300
vt 0.51397198 0.02477200
vt 0.51397598 0.02650200
vt 0.51394600 0.02136500
vt 0.50234699 0.02212300
vt 0.50264800 0.02084700
vt 0.51393503 0.01979700
vt 0.51463401 0.01978100
vt 0.51465201 0.02135100
vt 0.51394600 0.02136500
vt 0.51393503 0.01979700
vt 0.51461899 0.01839100
vt 0.51463401 0.01978100
vt 0.51393503 0.01979700
vt 0.51393402 0.01840800
vt 0.50264800 0.02084700
vt 0.50308198 0.01967800
vt 0.51393402 0.01840800
vt 0.51393503 0.01979700
vt 0.50264800 0.02084700
vt 0.50234699 0.02212300
vt 0.50020897 0.02232700
vt 0.50057399 0.02113200
vt 0.50308198 0.01967800
vt 0.50264800 0.02084700
vt 0.50057399 0.02113200
vt 0.50108999 0.02002200
vt 0.51393402 0.01840800
vt 0.50308198 0.01967800
vt 0.50366002 0.01865500
vt 0.51394498 0.01725900
vt 0.50366002 0.01865500
vt 0.50308198 0.01967800
vt 0.50108999 0.02002200
vt 0.50176698 0.01902800
vt 0.49987599 0.02023200
vt 0.50061703 0.01925800
vt 0.50176698 0.01902800
vt 0.50108999 0.02002200
vt 0.50435799 0.01779400
vt 0.50366002 0.01865500
vt 0.50176698 0.01902800
vt 0.50259799 0.01816700
vt 0.50061703 0.01925800
vt 0.50154603 0.01838500
vt 0.50259799 0.01816700
vt 0.50176698 0.01902800
vt 0.50002801 0.01936300
vt 0.50102103 0.01846700
vt 0.50154603 0.01838500
vt 0.50061703 0.01925800
vt 0.49925101 0.02033200
vt 0.50002801 0.01936300
vt 0.50061703 0.01925800
vt 0.49987599 0.02023200
vt 0.49897900 0.02035000
vt 0.49977201 0.01936900
vt 0.50002801 0.01936300
vt 0.49925101 0.02033200
vt 0.49977201 0.01936900
vt 0.50079101 0.01844500
vt 0.50102103 0.01846700
vt 0.50002801 0.01936300
vt 0.50079101 0.01844500
vt 0.50208801 0.01756800
vt 0.50227100 0.01763500
vt 0.50102103 0.01846700
vt 0.50102103 0.01846700
vt 0.50227100 0.01763500
vt 0.50268000 0.01761700
vt 0.50154603 0.01838500
vt 0.49999699 0.01754700
vt 0.50079101 0.01844500
vt 0.49977201 0.01936900
vt 0.49889201 0.01865000
vt 0.50140297 0.01648100
vt 0.50208801 0.01756800
vt 0.50079101 0.01844500
vt 0.49999699 0.01754700
vt 0.50140297 0.01648100
vt 0.50317001 0.01548400
vt 0.50373298 0.01673800
vt 0.50208801 0.01756800
vt 0.50208801 0.01756800
vt 0.50373298 0.01673800
vt 0.50384903 0.01685600
vt 0.50227100 0.01763500
vt 0.49978799 0.01730900
vt 0.50121802 0.01620300
vt 0.50140297 0.01648100
vt 0.49999699 0.01754700
vt 0.50121802 0.01620300
vt 0.50301200 0.01516600
vt 0.50317001 0.01548400
vt 0.50140297 0.01648100
vt 0.50520003 0.01421900
vt 0.50532001 0.01457700
vt 0.50317001 0.01548400
vt 0.50301200 0.01516600
vt 0.50576597 0.01599200
vt 0.50373298 0.01673800
vt 0.50317001 0.01548400
vt 0.50532001 0.01457700
vt 0.50576597 0.01599200
vt 0.50532001 0.01457700
vt 0.51344800 0.01275200
vt 0.51392001 0.01440400
vt 0.51344800 0.01275200
vt 0.50532001 0.01457700
vt 0.50520003 0.01421900
vt 0.51333803 0.01235500
vt 0.50520003 0.01421900
vt 0.50301200 0.01516600
vt 0.49830699 0.00862500
vt 0.50097299 0.00701000
vt 0.50520003 0.01421900
vt 0.50097299 0.00701000
vt 0.51115602 0.00411000
vt 0.51333803 0.01235500
vt 0.51333803 0.01235500
vt 0.51115602 0.00411000
vt 0.51174802 0.00394900
vt 0.51390803 0.01228000
vt 0.51390803 0.01228000
vt 0.51403201 0.01270000
vt 0.51344800 0.01275200
vt 0.51333803 0.01235500
vt 0.73843497 0.04093900
vt 0.74246800 0.03413700
vt 0.75050700 0.03599000
vt 0.74812698 0.04405700
vt 0.74812698 0.04405700
vt 0.75050700 0.03599000
vt 0.75108802 0.03605700
vt 0.74871200 0.04421100
vt 0.75333202 0.04519900
vt 0.74871200 0.04421100
vt 0.75108802 0.03605700
vt 0.75569898 0.03612200
vt 0.75159800 0.03441100
vt 0.75108802 0.03605700
vt 0.75050700 0.03599000
vt 0.75102299 0.03438000
vt 0.75159800 0.03441100
vt 0.75635302 0.03404800
vt 0.75569898 0.03612200
vt 0.75108802 0.03605700
vt 0.75635302 0.03404800
vt 0.75159800 0.03441100
vt 0.75165701 0.03422300
vt 0.75641203 0.03385500
vt 0.75106502 0.03418900
vt 0.75165701 0.03422300
vt 0.75159800 0.03441100
vt 0.75102299 0.03438000
vt 0.75050700 0.03599000
vt 0.74246800 0.03413700
vt 0.74293298 0.03269900
vt 0.75102299 0.03438000
vt 0.74297798 0.03253500
vt 0.75106502 0.03418900
vt 0.75102299 0.03438000
vt 0.74293298 0.03269900
vt 0.74246800 0.03413700
vt 0.74031103 0.03316900
vt 0.74089998 0.03192100
vt 0.74293298 0.03269900
vt 0.74101800 0.03180400
vt 0.74297798 0.03253500
vt 0.74293298 0.03269900
vt 0.74089998 0.03192100
vt 0.74089998 0.03192100
vt 0.73926002 0.03106000
vt 0.73944402 0.03099600
vt 0.74101800 0.03180400
vt 0.73926002 0.03106000
vt 0.74089998 0.03192100
vt 0.74031103 0.03316900
vt 0.73855603 0.03213400
vt 0.74031103 0.03316900
vt 0.73584098 0.03944200
vt 0.73353398 0.03779900
vt 0.73855603 0.03213400
vt 0.73843497 0.04093900
vt 0.73584098 0.03944200
vt 0.74031103 0.03316900
vt 0.74246800 0.03413700
vt 0.49830699 0.00862500
vt 0.50301200 0.01516600
vt 0.50121802 0.01620300
vt 0.49601299 0.01040400
vt 0.73171198 0.03597300
vt 0.73715401 0.03105500
vt 0.73855603 0.03213400
vt 0.73353398 0.03779900
vt 0.49978799 0.01730900
vt 0.49413899 0.01227100
vt 0.49601299 0.01040400
vt 0.50121802 0.01620300
vt 0.73014802 0.03415800
vt 0.73606199 0.02991600
vt 0.73715401 0.03105500
vt 0.73171198 0.03597300
vt 0.49866101 0.01845100
vt 0.49263999 0.01418400
vt 0.49413899 0.01227100
vt 0.49978799 0.01730900
vt 0.49866101 0.01845100
vt 0.49978799 0.01730900
vt 0.49999699 0.01754700
vt 0.49889201 0.01865000
vt 0.49866101 0.01845100
vt 0.49778199 0.01964100
vt 0.49145001 0.01615000
vt 0.49263999 0.01418400
vt 0.49778199 0.01964100
vt 0.49866101 0.01845100
vt 0.49889201 0.01865000
vt 0.49803001 0.01979700
vt 0.49145001 0.01615000
vt 0.49778199 0.01964100
vt 0.49712601 0.02089700
vt 0.49040800 0.01818500
vt 0.49778199 0.01964100
vt 0.49803001 0.01979700
vt 0.49738401 0.02101100
vt 0.49712601 0.02089700
vt 0.49889201 0.01865000
vt 0.49977201 0.01936900
vt 0.49897900 0.02035000
vt 0.49803001 0.01979700
vt 0.73523098 0.02874300
vt 0.72886002 0.03224100
vt 0.72793603 0.03014400
vt 0.73458397 0.02752700
vt 0.73014802 0.03415800
vt 0.72886002 0.03224100
vt 0.73523098 0.02874300
vt 0.73606199 0.02991600
vt 0.73618400 0.02821100
vt 0.73696101 0.02921100
vt 0.73606199 0.02991600
vt 0.73523098 0.02874300
vt 0.73559302 0.02714100
vt 0.73618400 0.02821100
vt 0.73523098 0.02874300
vt 0.73458397 0.02752700
vt 0.72717297 0.02797400
vt 0.73415297 0.02624700
vt 0.73458397 0.02752700
vt 0.72793603 0.03014400
vt 0.73415297 0.02624700
vt 0.73517603 0.02601000
vt 0.73559302 0.02714100
vt 0.73458397 0.02752700
vt 0.73618400 0.02821100
vt 0.73559302 0.02714100
vt 0.73587698 0.02716500
vt 0.73645598 0.02823400
vt 0.73559302 0.02714100
vt 0.73517603 0.02601000
vt 0.73546797 0.02603100
vt 0.73587698 0.02716500
vt 0.73388898 0.02494800
vt 0.73492700 0.02484300
vt 0.73517603 0.02601000
vt 0.73415297 0.02624700
vt 0.73517603 0.02601000
vt 0.73492700 0.02484300
vt 0.73522401 0.02485700
vt 0.73546797 0.02603100
vt 0.73492700 0.02484300
vt 0.73485100 0.02365500
vt 0.73515302 0.02366300
vt 0.73522401 0.02485700
vt 0.73485100 0.02365500
vt 0.73492700 0.02484300
vt 0.73388898 0.02494800
vt 0.73381901 0.02362900
vt 0.73522401 0.02485700
vt 0.73515302 0.02366300
vt 0.73585099 0.02367900
vt 0.73591399 0.02490100
vt 0.73546797 0.02603100
vt 0.73522401 0.02485700
vt 0.73591399 0.02490100
vt 0.73614299 0.02610200
vt 0.73515302 0.02366300
vt 0.73528099 0.02247300
vt 0.73597097 0.02246200
vt 0.73585099 0.02367900
vt 0.73485100 0.02365500
vt 0.73498398 0.02247300
vt 0.73528099 0.02247300
vt 0.73515302 0.02366300
vt 0.73528099 0.02247300
vt 0.73557699 0.02131200
vt 0.73625600 0.02127300
vt 0.73597097 0.02246200
vt 0.73498398 0.02247300
vt 0.73528397 0.02131900
vt 0.73557699 0.02131200
vt 0.73528099 0.02247300
vt 0.73597097 0.02246200
vt 0.73625600 0.02127300
vt 0.73756897 0.02119100
vt 0.73730999 0.02243600
vt 0.73585099 0.02367900
vt 0.73597097 0.02246200
vt 0.73730999 0.02243600
vt 0.73720002 0.02371100
vt 0.73972100 0.02105000
vt 0.73950201 0.02238900
vt 0.73730999 0.02243600
vt 0.73756897 0.02119100
vt 0.73950201 0.02238900
vt 0.73940599 0.02376300
vt 0.73720002 0.02371100
vt 0.73730999 0.02243600
vt 0.73591399 0.02490100
vt 0.73585099 0.02367900
vt 0.73720002 0.02371100
vt 0.73724997 0.02499000
vt 0.73940599 0.02376300
vt 0.73943800 0.02513900
vt 0.73724997 0.02499000
vt 0.73720002 0.02371100
vt 0.73943800 0.02513900
vt 0.73959601 0.02648900
vt 0.73745102 0.02624600
vt 0.73724997 0.02499000
vt 0.73614299 0.02610200
vt 0.73591399 0.02490100
vt 0.73724997 0.02499000
vt 0.73745102 0.02624600
vt 0.73959601 0.02648900
vt 0.73987597 0.02777600
vt 0.73779899 0.02745300
vt 0.73745102 0.02624600
vt 0.73653102 0.02726000
vt 0.73614299 0.02610200
vt 0.73745102 0.02624600
vt 0.73779899 0.02745300
vt 0.73987597 0.02777600
vt 0.74029201 0.02895800
vt 0.73829800 0.02857800
vt 0.73779899 0.02745300
vt 0.73708200 0.02834600
vt 0.73653102 0.02726000
vt 0.73779899 0.02745300
vt 0.73829800 0.02857800
vt 0.73587698 0.02716500
vt 0.73546797 0.02603100
vt 0.73614299 0.02610200
vt 0.73653102 0.02726000
vt 0.73645598 0.02823400
vt 0.73587698 0.02716500
vt 0.73653102 0.02726000
vt 0.73708200 0.02834600
vt 0.73780900 0.02933800
vt 0.73708200 0.02834600
vt 0.73829800 0.02857800
vt 0.73896098 0.02958800
vt 0.73721898 0.02922200
vt 0.73645598 0.02823400
vt 0.73708200 0.02834600
vt 0.73780900 0.02933800
vt 0.73696101 0.02921100
vt 0.73618400 0.02821100
vt 0.73645598 0.02823400
vt 0.73721898 0.02922200
vt 0.73820102 0.03014000
vt 0.73721898 0.02922200
vt 0.73780900 0.02933800
vt 0.73872799 0.03023100
vt 0.73796999 0.03015900
vt 0.73696101 0.02921100
vt 0.73721898 0.02922200
vt 0.73820102 0.03014000
vt 0.73926002 0.03106000
vt 0.73796999 0.03015900
vt 0.73820102 0.03014000
vt 0.73944402 0.03099600
vt 0.73944402 0.03099600
vt 0.73820102 0.03014000
vt 0.73872799 0.03023100
vt 0.73985499 0.03102100
vt 0.73985499 0.03102100
vt 0.73872799 0.03023100
vt 0.73978198 0.03046700
vt 0.74071699 0.03118900
vt 0.73872799 0.03023100
vt 0.73780900 0.02933800
vt 0.73896098 0.02958800
vt 0.73978198 0.03046700
vt 0.74101800 0.03180400
vt 0.73944402 0.03099600
vt 0.73985499 0.03102100
vt 0.74124599 0.03172700
vt 0.74124599 0.03172700
vt 0.73985499 0.03102100
vt 0.74071699 0.03118900
vt 0.74153399 0.03167100
vt 0.74154401 0.03087000
vt 0.74228698 0.03157200
vt 0.74071699 0.03118900
vt 0.73978198 0.03046700
vt 0.74228698 0.03157200
vt 0.74285799 0.03207000
vt 0.74153399 0.03167100
vt 0.74071699 0.03118900
vt 0.75110799 0.03363300
vt 0.74285799 0.03207000
vt 0.74228698 0.03157200
vt 0.75111097 0.03313900
vt 0.75111097 0.03313900
vt 0.74228698 0.03157200
vt 0.74154401 0.03087000
vt 0.75110900 0.03245000
vt 0.75110900 0.03245000
vt 0.74154401 0.03087000
vt 0.74085599 0.02999400
vt 0.75110900 0.03154300
vt 0.74085599 0.02999400
vt 0.74154401 0.03087000
vt 0.73978198 0.03046700
vt 0.73896098 0.02958800
vt 0.74085599 0.02999400
vt 0.74029201 0.02895800
vt 0.75112301 0.03039700
vt 0.75110900 0.03154300
vt 0.74029201 0.02895800
vt 0.74085599 0.02999400
vt 0.73896098 0.02958800
vt 0.73829800 0.02857800
vt 0.75180602 0.03042900
vt 0.75177300 0.03157500
vt 0.75110900 0.03154300
vt 0.75112301 0.03039700
vt 0.75177300 0.03157500
vt 0.75174803 0.03248200
vt 0.75110900 0.03245000
vt 0.75110900 0.03154300
vt 0.75177300 0.03157500
vt 0.75641602 0.03143000
vt 0.75643301 0.03226600
vt 0.75174803 0.03248200
vt 0.75174803 0.03248200
vt 0.75643301 0.03226600
vt 0.75644702 0.03289300
vt 0.75173199 0.03316700
vt 0.75174803 0.03248200
vt 0.75173199 0.03316700
vt 0.75111097 0.03313900
vt 0.75110900 0.03245000
vt 0.75173199 0.03316700
vt 0.75171697 0.03366100
vt 0.75110799 0.03363300
vt 0.75111097 0.03313900
vt 0.75644702 0.03289300
vt 0.75645399 0.03334200
vt 0.75171697 0.03366100
vt 0.75173199 0.03316700
vt 0.75644702 0.03289300
vt 0.75643301 0.03226600
vt 0.75791198 0.03222500
vt 0.75793999 0.03283700
vt 0.75793999 0.03283700
vt 0.75795698 0.03327000
vt 0.75645399 0.03334200
vt 0.75644702 0.03289300
vt 0.75171697 0.03366100
vt 0.75645399 0.03334200
vt 0.75644398 0.03364600
vt 0.75169498 0.03399700
vt 0.75796199 0.03356200
vt 0.75644398 0.03364600
vt 0.75645399 0.03334200
vt 0.75795698 0.03327000
vt 0.75795299 0.03376800
vt 0.75641203 0.03385500
vt 0.75644398 0.03364600
vt 0.75796199 0.03356200
vt 0.75641203 0.03385500
vt 0.75165701 0.03422300
vt 0.75169498 0.03399700
vt 0.75644398 0.03364600
vt 0.75109297 0.03396500
vt 0.75169498 0.03399700
vt 0.75165701 0.03422300
vt 0.75106502 0.03418900
vt 0.75110799 0.03363300
vt 0.75171697 0.03366100
vt 0.75169498 0.03399700
vt 0.75109297 0.03396500
vt 0.74301302 0.03235900
vt 0.75109297 0.03396500
vt 0.75106502 0.03418900
vt 0.74297798 0.03253500
vt 0.74285799 0.03207000
vt 0.75110799 0.03363300
vt 0.75109297 0.03396500
vt 0.74301302 0.03235900
vt 0.74124599 0.03172700
vt 0.74301302 0.03235900
vt 0.74297798 0.03253500
vt 0.74101800 0.03180400
vt 0.74153399 0.03167100
vt 0.74285799 0.03207000
vt 0.74301302 0.03235900
vt 0.74124599 0.03172700
vt 0.79062098 0.03446800
vt 0.75795299 0.03376800
vt 0.75796199 0.03356200
vt 0.79020703 0.03425200
vt 0.79020703 0.03425200
vt 0.75796199 0.03356200
vt 0.75795698 0.03327000
vt 0.78950900 0.03393600
vt 0.75792903 0.03396700
vt 0.75635302 0.03404800
vt 0.75641203 0.03385500
vt 0.75795299 0.03376800
vt 0.78950900 0.03393600
vt 0.75795698 0.03327000
vt 0.75793999 0.03283700
vt 0.78848499 0.03347100
vt 0.78724700 0.03282500
vt 0.78848499 0.03347100
vt 0.75793999 0.03283700
vt 0.75791198 0.03222500
vt 0.73715401 0.03105500
vt 0.73796999 0.03015900
vt 0.73926002 0.03106000
vt 0.73855603 0.03213400
vt 0.73606199 0.02991600
vt 0.73696101 0.02921100
vt 0.73796999 0.03015900
vt 0.73715401 0.03105500
vt 0.75128102 0.02403400
vt 0.73940599 0.02376300
vt 0.73950201 0.02238900
vt 0.75131500 0.02230300
vt 0.75131500 0.02230300
vt 0.73950201 0.02238900
vt 0.73972100 0.02105000
vt 0.75134403 0.02062500
vt 0.75134403 0.02062500
vt 0.73972100 0.02105000
vt 0.74006099 0.01977900
vt 0.75137299 0.01905900
vt 0.74006099 0.01977900
vt 0.73972100 0.02105000
vt 0.73756897 0.02119100
vt 0.73797297 0.02000300
vt 0.74006099 0.01977900
vt 0.74053001 0.01861900
vt 0.75140500 0.01767300
vt 0.75137299 0.01905900
vt 0.74053001 0.01861900
vt 0.74006099 0.01977900
vt 0.73797297 0.02000300
vt 0.73852301 0.01890500
vt 0.73625600 0.02127300
vt 0.73669797 0.02013600
vt 0.73797297 0.02000300
vt 0.73756897 0.02119100
vt 0.73669797 0.02013600
vt 0.73729998 0.01907900
vt 0.73852301 0.01890500
vt 0.73797297 0.02000300
vt 0.73604000 0.02019800
vt 0.73667097 0.01916000
vt 0.73729998 0.01907900
vt 0.73669797 0.02013600
vt 0.73557699 0.02131200
vt 0.73604000 0.02019800
vt 0.73669797 0.02013600
vt 0.73625600 0.02127300
vt 0.73729998 0.01907900
vt 0.73807198 0.01812500
vt 0.73923200 0.01793000
vt 0.73852301 0.01890500
vt 0.73667097 0.01916000
vt 0.73747897 0.01821300
vt 0.73807198 0.01812500
vt 0.73729998 0.01907900
vt 0.73575598 0.02020800
vt 0.73639798 0.01916900
vt 0.73667097 0.01916000
vt 0.73604000 0.02019800
vt 0.73639798 0.01916900
vt 0.73722202 0.01821100
vt 0.73747897 0.01821300
vt 0.73667097 0.01916000
vt 0.73747897 0.01821300
vt 0.73850000 0.01734600
vt 0.73903000 0.01727900
vt 0.73807198 0.01812500
vt 0.73722202 0.01821100
vt 0.73827100 0.01731700
vt 0.73850000 0.01734600
vt 0.73747897 0.01821300
vt 0.73722202 0.01821100
vt 0.73639798 0.01916900
vt 0.73547298 0.01859100
vt 0.73636001 0.01745900
vt 0.73750401 0.01640200
vt 0.73827100 0.01731700
vt 0.73722202 0.01821100
vt 0.73636001 0.01745900
vt 0.73894101 0.01536500
vt 0.73959702 0.01647500
vt 0.73827100 0.01731700
vt 0.73750401 0.01640200
vt 0.73827100 0.01731700
vt 0.73959702 0.01647500
vt 0.73977798 0.01654700
vt 0.73850000 0.01734600
vt 0.74074298 0.01441800
vt 0.74127197 0.01569100
vt 0.73959702 0.01647500
vt 0.73894101 0.01536500
vt 0.73959702 0.01647500
vt 0.74127197 0.01569100
vt 0.74138498 0.01581300
vt 0.73977798 0.01654700
vt 0.74337202 0.01517200
vt 0.74138498 0.01581300
vt 0.74127197 0.01569100
vt 0.74333602 0.01500600
vt 0.74333602 0.01500600
vt 0.74127197 0.01569100
vt 0.74074298 0.01441800
vt 0.74293602 0.01355300
vt 0.73660100 0.00801000
vt 0.73923302 0.00663300
vt 0.74293602 0.01355300
vt 0.74074298 0.01441800
vt 0.73425502 0.00953800
vt 0.73660100 0.00801000
vt 0.74074298 0.01441800
vt 0.73894101 0.01536500
vt 0.74333602 0.01500600
vt 0.74293602 0.01355300
vt 0.75103801 0.01206400
vt 0.75148201 0.01369300
vt 0.74293602 0.01355300
vt 0.73923302 0.00663300
vt 0.74900901 0.00392200
vt 0.75103801 0.01206400
vt 0.50311601 0.03448000
vt 0.50530797 0.03540200
vt 0.50117600 0.04259600
vt 0.49852100 0.04101100
vt 0.75161999 0.01202200
vt 0.75205702 0.01368800
vt 0.75148201 0.01369300
vt 0.75103801 0.01206400
vt 0.75151497 0.01388600
vt 0.74337202 0.01517200
vt 0.74333602 0.01500600
vt 0.75148201 0.01369300
vt 0.75210702 0.01387800
vt 0.75151497 0.01388600
vt 0.75148201 0.01369300
vt 0.75205702 0.01368800
vt 0.75205702 0.01368800
vt 0.75678700 0.01425700
vt 0.75683701 0.01445300
vt 0.75210702 0.01387800
vt 0.75622398 0.01215900
vt 0.75678700 0.01425700
vt 0.75205702 0.01368800
vt 0.75161999 0.01202200
vt 0.75835699 0.01440700
vt 0.75678700 0.01425700
vt 0.75622398 0.01215900
vt 0.75791299 0.01212400
vt 0.75678700 0.01425700
vt 0.75835699 0.01440700
vt 0.75837201 0.01460700
vt 0.75683701 0.01445300
vt 0.75210702 0.01387800
vt 0.75683701 0.01445300
vt 0.75686097 0.01466300
vt 0.75213599 0.01410500
vt 0.75683701 0.01445300
vt 0.75837201 0.01460700
vt 0.75837201 0.01481300
vt 0.75686097 0.01466300
vt 0.75686097 0.01466300
vt 0.75837201 0.01481300
vt 0.75835502 0.01510400
vt 0.75685698 0.01496700
vt 0.75686097 0.01466300
vt 0.75685698 0.01496700
vt 0.75214303 0.01444200
vt 0.75213599 0.01410500
vt 0.75214303 0.01444200
vt 0.75153399 0.01444200
vt 0.75153297 0.01411000
vt 0.75213599 0.01410500
vt 0.75213599 0.01410500
vt 0.75153297 0.01411000
vt 0.75151497 0.01388600
vt 0.75210702 0.01387800
vt 0.75153297 0.01411000
vt 0.74339998 0.01534900
vt 0.74337202 0.01517200
vt 0.75151497 0.01388600
vt 0.75153399 0.01444200
vt 0.74323201 0.01563100
vt 0.74339998 0.01534900
vt 0.75153297 0.01411000
vt 0.75214303 0.01444200
vt 0.75213599 0.01493500
vt 0.75151497 0.01493600
vt 0.75153399 0.01444200
vt 0.74264002 0.01610100
vt 0.74323201 0.01563100
vt 0.75153399 0.01444200
vt 0.75151497 0.01493600
vt 0.74323201 0.01563100
vt 0.74189299 0.01596900
vt 0.74160898 0.01590000
vt 0.74339998 0.01534900
vt 0.74323201 0.01563100
vt 0.74264002 0.01610100
vt 0.74105603 0.01641200
vt 0.74189299 0.01596900
vt 0.74018902 0.01654100
vt 0.74160898 0.01590000
vt 0.74189299 0.01596900
vt 0.74105603 0.01641200
vt 0.73977798 0.01654700
vt 0.74138498 0.01581300
vt 0.74160898 0.01590000
vt 0.74018902 0.01654100
vt 0.74339998 0.01534900
vt 0.74160898 0.01590000
vt 0.74138498 0.01581300
vt 0.74337202 0.01517200
vt 0.73850000 0.01734600
vt 0.73977798 0.01654700
vt 0.74018902 0.01654100
vt 0.73903000 0.01727900
vt 0.73903000 0.01727900
vt 0.74018902 0.01654100
vt 0.74105603 0.01641200
vt 0.74009103 0.01709000
vt 0.73807198 0.01812500
vt 0.73903000 0.01727900
vt 0.74009103 0.01709000
vt 0.73923200 0.01793000
vt 0.74186701 0.01676800
vt 0.74114102 0.01761100
vt 0.73923200 0.01793000
vt 0.74009103 0.01709000
vt 0.74264002 0.01610100
vt 0.74186701 0.01676800
vt 0.74009103 0.01709000
vt 0.74105603 0.01641200
vt 0.74114102 0.01761100
vt 0.74053001 0.01861900
vt 0.73852301 0.01890500
vt 0.73923200 0.01793000
vt 0.75144202 0.01652800
vt 0.74114102 0.01761100
vt 0.74186701 0.01676800
vt 0.75148201 0.01562300
vt 0.75140500 0.01767300
vt 0.74053001 0.01861900
vt 0.74114102 0.01761100
vt 0.75144202 0.01652800
vt 0.75212198 0.01562000
vt 0.75210601 0.01652600
vt 0.75144202 0.01652800
vt 0.75148201 0.01562300
vt 0.75148201 0.01562300
vt 0.74186701 0.01676800
vt 0.74264002 0.01610100
vt 0.75151497 0.01493600
vt 0.75213599 0.01493500
vt 0.75212198 0.01562000
vt 0.75148201 0.01562300
vt 0.75151497 0.01493600
vt 0.75212198 0.01562000
vt 0.75678903 0.01604000
vt 0.75673503 0.01687500
vt 0.75210601 0.01652600
vt 0.75213599 0.01493500
vt 0.75682998 0.01541500
vt 0.75678903 0.01604000
vt 0.75212198 0.01562000
vt 0.75685698 0.01496700
vt 0.75682998 0.01541500
vt 0.75213599 0.01493500
vt 0.75214303 0.01444200
vt 0.75835502 0.01510400
vt 0.75831902 0.01553600
vt 0.75682998 0.01541500
vt 0.75685698 0.01496700
vt 0.75678903 0.01604000
vt 0.75682998 0.01541500
vt 0.75831902 0.01553600
vt 0.75826401 0.01614600
vt 0.78990197 0.01581000
vt 0.78885901 0.01623000
vt 0.75831902 0.01553600
vt 0.75835502 0.01510400
vt 0.78885901 0.01623000
vt 0.78759402 0.01682100
vt 0.75826401 0.01614600
vt 0.75831902 0.01553600
vt 0.75673503 0.01687500
vt 0.75678903 0.01604000
vt 0.75826401 0.01614600
vt 0.75819600 0.01696300
vt 0.79061300 0.01552500
vt 0.78990197 0.01581000
vt 0.75835502 0.01510400
vt 0.75837201 0.01481300
vt 0.79061300 0.01552500
vt 0.75837201 0.01481300
vt 0.75837201 0.01460700
vt 0.79103601 0.01532700
vt 0.79103601 0.01532700
vt 0.75837201 0.01460700
vt 0.75835699 0.01440700
vt 0.79124898 0.01514300
vt 0.79179603 0.01301200
vt 0.79124898 0.01514300
vt 0.75835699 0.01440700
vt 0.75791299 0.01212400
vt 0.79188401 0.01523300
vt 0.79124898 0.01514300
vt 0.79179603 0.01301200
vt 0.79235500 0.01353900
vt 0.73425502 0.00953800
vt 0.73894101 0.01536500
vt 0.73750401 0.01640200
vt 0.73225898 0.01119100
vt 0.73225898 0.01119100
vt 0.73750401 0.01640200
vt 0.73636001 0.01745900
vt 0.73070902 0.01300800
vt 0.72935897 0.01484100
vt 0.73070902 0.01300800
vt 0.73636001 0.01745900
vt 0.73547298 0.01859100
vt 0.73639798 0.01916900
vt 0.73575598 0.02020800
vt 0.73476601 0.01977300
vt 0.73547298 0.01859100
vt 0.72835702 0.01686300
vt 0.72935897 0.01484100
vt 0.73547298 0.01859100
vt 0.73476601 0.01977300
vt 0.49716800 0.02883500
vt 0.49785700 0.03006700
vt 0.49154699 0.03365300
vt 0.49059600 0.03159400
vt 0.72835702 0.01686300
vt 0.73476601 0.01977300
vt 0.73426598 0.02103300
vt 0.72751200 0.01895400
vt 0.49716800 0.02883500
vt 0.49059600 0.03159400
vt 0.48979500 0.02946800
vt 0.49668401 0.02753400
vt 0.72751200 0.01895400
vt 0.73426598 0.02103300
vt 0.73395902 0.02232300
vt 0.72693998 0.02116200
vt 0.73476601 0.01977300
vt 0.73575598 0.02020800
vt 0.73528397 0.02131900
vt 0.73426598 0.02103300
vt 0.73426598 0.02103300
vt 0.73528397 0.02131900
vt 0.73498398 0.02247300
vt 0.73395902 0.02232300
vt 0.73528397 0.02131900
vt 0.73575598 0.02020800
vt 0.73604000 0.02019800
vt 0.73557699 0.02131200
vt 0.73498398 0.02247300
vt 0.73485100 0.02365500
vt 0.73381901 0.02362900
vt 0.73395902 0.02232300
vt 0.72679597 0.02343100
vt 0.72693998 0.02116200
vt 0.73395902 0.02232300
vt 0.73381901 0.02362900
vt 0.72683001 0.02569800
vt 0.72679597 0.02343100
vt 0.73381901 0.02362900
vt 0.73388898 0.02494800
vt 0.72683001 0.02569800
vt 0.73388898 0.02494800
vt 0.73415297 0.02624700
vt 0.72717297 0.02797400
vt 0.49664900 0.02219300
vt 0.48974001 0.02037700
vt 0.49040800 0.01818500
vt 0.49712601 0.02089700
vt 0.49712601 0.02089700
vt 0.49738401 0.02101100
vt 0.49691501 0.02226900
vt 0.49664900 0.02219300
vt 0.75635302 0.03404800
vt 0.75792903 0.03396700
vt 0.75738603 0.03623000
vt 0.75569898 0.03612200
vt 0.75333202 0.04519900
vt 0.75569898 0.03612200
vt 0.75738603 0.03623000
vt 0.75501698 0.04556800
vt 0.51403201 0.01270000
vt 0.51450199 0.01438900
vt 0.51392001 0.01440400
vt 0.51344800 0.01275200
vt 0.51395798 0.01459800
vt 0.50580800 0.01615700
vt 0.50576597 0.01599200
vt 0.51392001 0.01440400
vt 0.51455599 0.01458000
vt 0.51395798 0.01459800
vt 0.51392001 0.01440400
vt 0.51450199 0.01438900
vt 0.51458800 0.01480800
vt 0.51398098 0.01482400
vt 0.51395798 0.01459800
vt 0.51455599 0.01458000
vt 0.51398098 0.01482400
vt 0.50584102 0.01633300
vt 0.50580800 0.01615700
vt 0.51395798 0.01459800
vt 0.50580800 0.01615700
vt 0.50384903 0.01685600
vt 0.50373298 0.01673800
vt 0.50576597 0.01599200
vt 0.50584102 0.01633300
vt 0.50407499 0.01693700
vt 0.50384903 0.01685600
vt 0.50580800 0.01615700
vt 0.50568300 0.01661800
vt 0.50436002 0.01699600
vt 0.50407499 0.01693700
vt 0.50584102 0.01633300
vt 0.51398897 0.01515900
vt 0.50568300 0.01661800
vt 0.50584102 0.01633300
vt 0.51398098 0.01482400
vt 0.50227100 0.01763500
vt 0.50384903 0.01685600
vt 0.50407499 0.01693700
vt 0.50268000 0.01761700
vt 0.50268000 0.01761700
vt 0.50407499 0.01693700
vt 0.50436002 0.01699600
vt 0.50353903 0.01746300
vt 0.50568300 0.01661800
vt 0.50510800 0.01710600
vt 0.50353903 0.01746300
vt 0.50436002 0.01699600
vt 0.50154603 0.01838500
vt 0.50268000 0.01761700
vt 0.50353903 0.01746300
vt 0.50259799 0.01816700
vt 0.50510800 0.01710600
vt 0.50435799 0.01779400
vt 0.50259799 0.01816700
vt 0.50353903 0.01746300
vt 0.50510800 0.01710600
vt 0.50568300 0.01661800
vt 0.51398897 0.01515900
vt 0.51398098 0.01565700
vt 0.51396298 0.01634800
vt 0.50435799 0.01779400
vt 0.50510800 0.01710600
vt 0.51398098 0.01565700
vt 0.51394498 0.01725900
vt 0.50366002 0.01865500
vt 0.50435799 0.01779400
vt 0.51396298 0.01634800
vt 0.51460499 0.01564200
vt 0.51460499 0.01633100
vt 0.51396298 0.01634800
vt 0.51398098 0.01565700
vt 0.51460499 0.01633100
vt 0.51460999 0.01724100
vt 0.51394498 0.01725900
vt 0.51396298 0.01634800
vt 0.51460999 0.01724100
vt 0.51461899 0.01839100
vt 0.51393402 0.01840800
vt 0.51394498 0.01725900
vt 0.51460499 0.01633100
vt 0.51927400 0.01667900
vt 0.51923698 0.01751000
vt 0.51460999 0.01724100
vt 0.51923698 0.01751000
vt 0.51920402 0.01857700
vt 0.51461899 0.01839100
vt 0.51460999 0.01724100
vt 0.51920402 0.01857700
vt 0.51917899 0.01989100
vt 0.51463401 0.01978100
vt 0.51461899 0.01839100
vt 0.52069098 0.01756900
vt 0.52063900 0.01861700
vt 0.51920402 0.01857700
vt 0.51923698 0.01751000
vt 0.51923698 0.01751000
vt 0.51927400 0.01667900
vt 0.52074200 0.01675600
vt 0.52069098 0.01756900
vt 0.51460499 0.01564200
vt 0.51930398 0.01605600
vt 0.51927400 0.01667900
vt 0.51460499 0.01633100
vt 0.51927400 0.01667900
vt 0.51930398 0.01605600
vt 0.52078301 0.01615000
vt 0.52074200 0.01675600
vt 0.54991603 0.01663500
vt 0.54860198 0.01746300
vt 0.52069098 0.01756900
vt 0.52074200 0.01675600
vt 0.51932299 0.01561100
vt 0.51930398 0.01605600
vt 0.51460499 0.01564200
vt 0.51460201 0.01514600
vt 0.51460201 0.01514600
vt 0.51460499 0.01564200
vt 0.51398098 0.01565700
vt 0.51398897 0.01515900
vt 0.51460201 0.01514600
vt 0.51398897 0.01515900
vt 0.51398098 0.01482400
vt 0.51458800 0.01480800
vt 0.54736602 0.01852300
vt 0.52063900 0.01861700
vt 0.52069098 0.01756900
vt 0.54860198 0.01746300
vt 0.51463401 0.01978100
vt 0.51917899 0.01989100
vt 0.51916599 0.02140200
vt 0.51465201 0.02135100
vt 0.54568899 0.02295900
vt 0.54552197 0.02464100
vt 0.54491198 0.02464300
vt 0.54507601 0.02295200
vt 0.54617602 0.02133800
vt 0.54568899 0.02295900
vt 0.54507601 0.02295200
vt 0.54556203 0.02132500
vt 0.54636401 0.02301600
vt 0.54617703 0.02463800
vt 0.54552197 0.02464100
vt 0.54568899 0.02295900
vt 0.54686499 0.02144200
vt 0.54636401 0.02301600
vt 0.54568899 0.02295900
vt 0.54617602 0.02133800
vt 0.54729098 0.02319200
vt 0.54703301 0.02463500
vt 0.54617703 0.02463800
vt 0.54636401 0.02301600
vt 0.54784298 0.02172100
vt 0.54729098 0.02319200
vt 0.54636401 0.02301600
vt 0.54686499 0.02144200
vt 0.54855502 0.02365200
vt 0.54794502 0.02463100
vt 0.54703301 0.02463500
vt 0.54729098 0.02319200
vt 0.54930401 0.02225000
vt 0.54855502 0.02365200
vt 0.54729098 0.02319200
vt 0.54784298 0.02172100
vt 0.54855502 0.02365200
vt 0.54930401 0.02225000
vt 0.55144399 0.02309600
vt 0.55011898 0.02462200
vt 0.54794502 0.02463100
vt 0.54855502 0.02365200
vt 0.55011898 0.02462200
vt 0.54856300 0.02560500
vt 0.54794502 0.02463100
vt 0.54856300 0.02560500
vt 0.54730201 0.02607500
vt 0.54703301 0.02463500
vt 0.54856300 0.02560500
vt 0.55011898 0.02462200
vt 0.55145597 0.02613700
vt 0.54932398 0.02700100
vt 0.54856300 0.02560500
vt 0.54932398 0.02700100
vt 0.54786599 0.02754200
vt 0.54730201 0.02607500
vt 0.54730201 0.02607500
vt 0.54786599 0.02754200
vt 0.54689002 0.02782900
vt 0.54637700 0.02625900
vt 0.54703301 0.02463500
vt 0.54730201 0.02607500
vt 0.54637700 0.02625900
vt 0.54617703 0.02463800
vt 0.54932398 0.02700100
vt 0.54975498 0.02850700
vt 0.54849201 0.02896300
vt 0.54786599 0.02754200
vt 0.54786599 0.02754200
vt 0.54849201 0.02896300
vt 0.54762900 0.02929200
vt 0.54689002 0.02782900
vt 0.54849201 0.02896300
vt 0.54929501 0.03014200
vt 0.54860801 0.03055300
vt 0.54762900 0.02929200
vt 0.54975498 0.02850700
vt 0.54997998 0.02959200
vt 0.54929501 0.03014200
vt 0.54849201 0.02896300
vt 0.54975498 0.02850700
vt 0.54932398 0.02700100
vt 0.55145597 0.02613700
vt 0.55155802 0.02813900
vt 0.54997998 0.02959200
vt 0.54975498 0.02850700
vt 0.55155802 0.02813900
vt 0.55109400 0.02987000
vt 0.54997998 0.02959200
vt 0.55109400 0.02987000
vt 0.55045903 0.03096900
vt 0.54929501 0.03014200
vt 0.55109400 0.02987000
vt 0.55259597 0.03039300
vt 0.55181003 0.03167100
vt 0.55045903 0.03096900
vt 0.55109400 0.02987000
vt 0.55155802 0.02813900
vt 0.55357897 0.02830700
vt 0.55259597 0.03039300
vt 0.55045903 0.03096900
vt 0.55181003 0.03167100
vt 0.55115902 0.03233000
vt 0.54983097 0.03154500
vt 0.54929501 0.03014200
vt 0.55045903 0.03096900
vt 0.54983097 0.03154500
vt 0.54860801 0.03055300
vt 0.55259597 0.03039300
vt 0.55395597 0.03134100
vt 0.55309200 0.03242700
vt 0.55181003 0.03167100
vt 0.55181003 0.03167100
vt 0.55309200 0.03242700
vt 0.55242097 0.03298700
vt 0.55115902 0.03233000
vt 0.55309200 0.03242700
vt 0.55413997 0.03310500
vt 0.55346501 0.03349500
vt 0.55242097 0.03298700
vt 0.55395597 0.03134100
vt 0.55502200 0.03236200
vt 0.55413997 0.03310500
vt 0.55309200 0.03242700
vt 0.55502200 0.03236200
vt 0.55395597 0.03134100
vt 0.55511498 0.02970200
vt 0.55619699 0.03126000
vt 0.55395597 0.03134100
vt 0.55259597 0.03039300
vt 0.55357897 0.02830700
vt 0.55511498 0.02970200
vt 0.55572802 0.03306100
vt 0.55484003 0.03355100
vt 0.55413997 0.03310500
vt 0.55502200 0.03236200
vt 0.55690902 0.03230200
vt 0.55572802 0.03306100
vt 0.55502200 0.03236200
vt 0.55619699 0.03126000
vt 0.55826098 0.03143900
vt 0.55690902 0.03230200
vt 0.55619699 0.03126000
vt 0.55760401 0.03021100
vt 0.55619699 0.03126000
vt 0.55511498 0.02970200
vt 0.55668098 0.02821500
vt 0.55760401 0.03021100
vt 0.55732399 0.03286900
vt 0.55613500 0.03345200
vt 0.55572802 0.03306100
vt 0.55690902 0.03230200
vt 0.55867302 0.03209400
vt 0.55732399 0.03286900
vt 0.55690902 0.03230200
vt 0.55826098 0.03143900
vt 0.56000900 0.03118700
vt 0.55867302 0.03209400
vt 0.55826098 0.03143900
vt 0.55960900 0.03062900
vt 0.55960900 0.03062900
vt 0.55826098 0.03143900
vt 0.55760401 0.03021100
vt 0.55908900 0.02959000
vt 0.56071401 0.02973900
vt 0.55960900 0.03062900
vt 0.55908900 0.02959000
vt 0.56014401 0.02924800
vt 0.56116098 0.03011900
vt 0.56000900 0.03118700
vt 0.55960900 0.03062900
vt 0.56071401 0.02973900
vt 0.56204802 0.02887300
vt 0.56116098 0.03011900
vt 0.56071401 0.02973900
vt 0.56145602 0.02857900
vt 0.56145602 0.02857900
vt 0.56071401 0.02973900
vt 0.56014401 0.02924800
vt 0.56037199 0.02820300
vt 0.56014401 0.02924800
vt 0.55908900 0.02959000
vt 0.55867201 0.02794400
vt 0.56037199 0.02820300
vt 0.56037199 0.02820300
vt 0.55867201 0.02794400
vt 0.55877399 0.02602400
vt 0.56076998 0.02677200
vt 0.56201601 0.02723300
vt 0.56145602 0.02857900
vt 0.56037199 0.02820300
vt 0.56076998 0.02677200
vt 0.56145197 0.02546800
vt 0.56076998 0.02677200
vt 0.55877399 0.02602400
vt 0.56003499 0.02458200
vt 0.56250000 0.02587600
vt 0.56201601 0.02723300
vt 0.56076998 0.02677200
vt 0.56145197 0.02546800
vt 0.56269902 0.02748800
vt 0.56204802 0.02887300
vt 0.56145602 0.02857900
vt 0.56201601 0.02723300
vt 0.56312799 0.02603400
vt 0.56269902 0.02748800
vt 0.56201601 0.02723300
vt 0.56250000 0.02587600
vt 0.56300902 0.02761000
vt 0.56232601 0.02903200
vt 0.56204802 0.02887300
vt 0.56269902 0.02748800
vt 0.56342798 0.02610100
vt 0.56300902 0.02761000
vt 0.56269902 0.02748800
vt 0.56312799 0.02603400
vt 0.56434500 0.02814900
vt 0.56300902 0.02761000
vt 0.56342798 0.02610100
vt 0.56484503 0.02638000
vt 0.56353498 0.02979500
vt 0.56232601 0.02903200
vt 0.56300902 0.02761000
vt 0.56434500 0.02814900
vt 0.56353498 0.02979500
vt 0.56245899 0.03126600
vt 0.56139201 0.03031500
vt 0.56232601 0.02903200
vt 0.56232601 0.02903200
vt 0.56139201 0.03031500
vt 0.56116098 0.03011900
vt 0.56204802 0.02887300
vt 0.56139201 0.03031500
vt 0.56022102 0.03144500
vt 0.56000900 0.03118700
vt 0.56116098 0.03011900
vt 0.56116098 0.03255200
vt 0.56022102 0.03144500
vt 0.56139201 0.03031500
vt 0.56245899 0.03126600
vt 0.56022102 0.03144500
vt 0.55888402 0.03239000
vt 0.55867302 0.03209400
vt 0.56000900 0.03118700
vt 0.55971497 0.03364200
vt 0.55888402 0.03239000
vt 0.56022102 0.03144500
vt 0.56116098 0.03255200
vt 0.55971497 0.03364200
vt 0.56116098 0.03255200
vt 0.56131899 0.03275100
vt 0.55983901 0.03387000
vt 0.56116098 0.03255200
vt 0.56245899 0.03126600
vt 0.56264597 0.03143200
vt 0.56131899 0.03275100
vt 0.55983901 0.03387000
vt 0.56131899 0.03275100
vt 0.56156403 0.03303700
vt 0.56004101 0.03422200
vt 0.56131899 0.03275100
vt 0.56264597 0.03143200
vt 0.56290603 0.03166700
vt 0.56156403 0.03303700
vt 0.56264597 0.03143200
vt 0.56375098 0.02992600
vt 0.56406599 0.03013400
vt 0.56290603 0.03166700
vt 0.56245899 0.03126600
vt 0.56353498 0.02979500
vt 0.56375098 0.02992600
vt 0.56264597 0.03143200
vt 0.48800701 0.71548802
vt 0.48615199 0.71718800
vt 0.48362100 0.71402901
vt 0.48473701 0.71308702
vt 0.48615199 0.71718800
vt 0.48402101 0.71832901
vt 0.48235899 0.71472299
vt 0.48362100 0.71402901
vt 0.48402101 0.71832901
vt 0.48174599 0.71898103
vt 0.48100400 0.71515799
vt 0.48235899 0.71472299
vt 0.56375098 0.02992600
vt 0.56458300 0.02823600
vt 0.56496900 0.02838300
vt 0.56406599 0.03013400
vt 0.48174599 0.71898103
vt 0.47944701 0.71922302
vt 0.47960499 0.71532297
vt 0.48100400 0.71515799
vt 0.56458300 0.02823600
vt 0.56509298 0.02642200
vt 0.56546497 0.02647600
vt 0.56496900 0.02838300
vt 0.56434500 0.02814900
vt 0.56484503 0.02638000
vt 0.56509298 0.02642200
vt 0.56458300 0.02823600
vt 0.56353498 0.02979500
vt 0.56434500 0.02814900
vt 0.56458300 0.02823600
vt 0.56375098 0.02992600
vt 0.56484503 0.02638000
vt 0.56501299 0.02456200
vt 0.56526297 0.02456200
vt 0.56509298 0.02642200
vt 0.56509298 0.02642200
vt 0.56526297 0.02456200
vt 0.56560200 0.02456000
vt 0.56546497 0.02647600
vt 0.56484503 0.02638000
vt 0.56342798 0.02610100
vt 0.56355500 0.02456800
vt 0.56501299 0.02456200
vt 0.56501299 0.02456200
vt 0.56483001 0.02274600
vt 0.56507897 0.02270300
vt 0.56526297 0.02456200
vt 0.56483001 0.02274600
vt 0.56501299 0.02456200
vt 0.56355500 0.02456800
vt 0.56341600 0.02303600
vt 0.56355500 0.02456800
vt 0.56342798 0.02610100
vt 0.56312799 0.02603400
vt 0.56327498 0.02456900
vt 0.56341600 0.02303600
vt 0.56355500 0.02456800
vt 0.56327498 0.02456900
vt 0.56311601 0.02310600
vt 0.56483001 0.02274600
vt 0.56341600 0.02303600
vt 0.56298500 0.02153100
vt 0.56431597 0.02098200
vt 0.56298500 0.02153100
vt 0.56341600 0.02303600
vt 0.56311601 0.02310600
vt 0.56267601 0.02165600
vt 0.56267601 0.02165600
vt 0.56311601 0.02310600
vt 0.56248897 0.02326900
vt 0.56199503 0.02191600
vt 0.56311601 0.02310600
vt 0.56327498 0.02456900
vt 0.56271303 0.02457200
vt 0.56248897 0.02326900
vt 0.56199503 0.02191600
vt 0.56248897 0.02326900
vt 0.56144500 0.02368600
vt 0.56075299 0.02238700
vt 0.56248897 0.02326900
vt 0.56271303 0.02457200
vt 0.56198299 0.02457500
vt 0.56144500 0.02368600
vt 0.56271303 0.02457200
vt 0.56250000 0.02587600
vt 0.56145197 0.02546800
vt 0.56198299 0.02457500
vt 0.56327498 0.02456900
vt 0.56312799 0.02603400
vt 0.56250000 0.02587600
vt 0.56271303 0.02457200
vt 0.56198299 0.02457500
vt 0.56145197 0.02546800
vt 0.56003499 0.02458200
vt 0.56144500 0.02368600
vt 0.56144500 0.02368600
vt 0.56003499 0.02458200
vt 0.55876201 0.02315100
vt 0.56075299 0.02238700
vt 0.56003499 0.02458200
vt 0.55877399 0.02602400
vt 0.55514199 0.02460200
vt 0.55876201 0.02315100
vt 0.55864501 0.02123200
vt 0.55876201 0.02315100
vt 0.55514199 0.02460200
vt 0.55665201 0.02097600
vt 0.56034303 0.02095900
vt 0.56075299 0.02238700
vt 0.55876201 0.02315100
vt 0.55864501 0.02123200
vt 0.55155802 0.02813900
vt 0.55145597 0.02613700
vt 0.55514199 0.02460200
vt 0.55357897 0.02830700
vt 0.55011898 0.02462200
vt 0.55144399 0.02309600
vt 0.55514199 0.02460200
vt 0.55145597 0.02613700
vt 0.55511498 0.02970200
vt 0.55357897 0.02830700
vt 0.55514199 0.02460200
vt 0.55668098 0.02821500
vt 0.55867201 0.02794400
vt 0.55668098 0.02821500
vt 0.55514199 0.02460200
vt 0.55877399 0.02602400
vt 0.55153000 0.02109400
vt 0.55354899 0.02091000
vt 0.55514199 0.02460200
vt 0.55144399 0.02309600
vt 0.55507398 0.01950200
vt 0.55665201 0.02097600
vt 0.55514199 0.02460200
vt 0.55354899 0.02091000
vt 0.55614299 0.01793600
vt 0.55755901 0.01897300
vt 0.55665201 0.02097600
vt 0.55507398 0.01950200
vt 0.55904901 0.01958200
vt 0.55864501 0.02123200
vt 0.55665201 0.02097600
vt 0.55755901 0.01897300
vt 0.55820602 0.01773900
vt 0.55956101 0.01853800
vt 0.55904901 0.01958200
vt 0.55755901 0.01897300
vt 0.55684698 0.01688700
vt 0.55820602 0.01773900
vt 0.55755901 0.01897300
vt 0.55614299 0.01793600
vt 0.55566001 0.01613800
vt 0.55684698 0.01688700
vt 0.55614299 0.01793600
vt 0.55495900 0.01684200
vt 0.55495900 0.01684200
vt 0.55614299 0.01793600
vt 0.55507398 0.01950200
vt 0.55390197 0.01787200
vt 0.55476803 0.01565500
vt 0.55566001 0.01613800
vt 0.55495900 0.01684200
vt 0.55407101 0.01610700
vt 0.55495900 0.01684200
vt 0.55390197 0.01787200
vt 0.55302900 0.01679400
vt 0.55407101 0.01610700
vt 0.55409700 0.01539400
vt 0.55476803 0.01565500
vt 0.55407101 0.01610700
vt 0.55339301 0.01572300
vt 0.55407101 0.01610700
vt 0.55302900 0.01679400
vt 0.55235302 0.01623900
vt 0.55339301 0.01572300
vt 0.55390197 0.01787200
vt 0.55254900 0.01883100
vt 0.55175298 0.01756000
vt 0.55302900 0.01679400
vt 0.55351001 0.01528200
vt 0.55409700 0.01539400
vt 0.55339301 0.01572300
vt 0.55280298 0.01558100
vt 0.55392498 0.01509800
vt 0.55450398 0.01519700
vt 0.55409700 0.01539400
vt 0.55351001 0.01528200
vt 0.55450398 0.01519700
vt 0.55517101 0.01539300
vt 0.55476803 0.01565500
vt 0.55409700 0.01539400
vt 0.55329698 0.01505300
vt 0.55392498 0.01509800
vt 0.55351001 0.01528200
vt 0.55288398 0.01526200
vt 0.55413502 0.01493100
vt 0.55471402 0.01503700
vt 0.55450398 0.01519700
vt 0.55392498 0.01509800
vt 0.55350298 0.01486400
vt 0.55413502 0.01493100
vt 0.55392498 0.01509800
vt 0.55329698 0.01505300
vt 0.55509901 0.01350900
vt 0.55471402 0.01503700
vt 0.55413502 0.01493100
vt 0.55453098 0.01322800
vt 0.55583400 0.01375800
vt 0.55538100 0.01521800
vt 0.55471402 0.01503700
vt 0.55509901 0.01350900
vt 0.55471402 0.01503700
vt 0.55538100 0.01521800
vt 0.55517101 0.01539300
vt 0.55450398 0.01519700
vt 0.55627501 0.01553000
vt 0.55538100 0.01521800
vt 0.55583400 0.01375800
vt 0.55684698 0.01410700
vt 0.55538100 0.01521800
vt 0.55627501 0.01553000
vt 0.55606401 0.01574400
vt 0.55517101 0.01539300
vt 0.55517101 0.01539300
vt 0.55606401 0.01574400
vt 0.55566001 0.01613800
vt 0.55476803 0.01565500
vt 0.55627501 0.01553000
vt 0.55746698 0.01604800
vt 0.55725700 0.01631700
vt 0.55606401 0.01574400
vt 0.55606401 0.01574400
vt 0.55725700 0.01631700
vt 0.55684698 0.01688700
vt 0.55566001 0.01613800
vt 0.55746698 0.01604800
vt 0.55882102 0.01678400
vt 0.55861300 0.01708100
vt 0.55725700 0.01631700
vt 0.55725700 0.01631700
vt 0.55861300 0.01708100
vt 0.55820602 0.01773900
vt 0.55684698 0.01688700
vt 0.55816799 0.01468500
vt 0.55746698 0.01604800
vt 0.55627501 0.01553000
vt 0.55684698 0.01410700
vt 0.55964202 0.01552500
vt 0.55882102 0.01678400
vt 0.55746698 0.01604800
vt 0.55816799 0.01468500
vt 0.55882102 0.01678400
vt 0.56016600 0.01771800
vt 0.55995601 0.01797800
vt 0.55861300 0.01708100
vt 0.56109703 0.01660400
vt 0.56016600 0.01771800
vt 0.55882102 0.01678400
vt 0.55964202 0.01552500
vt 0.56109703 0.01660400
vt 0.56240499 0.01787900
vt 0.56134599 0.01883900
vt 0.56016600 0.01771800
vt 0.56016600 0.01771800
vt 0.56134599 0.01883900
vt 0.56111699 0.01903700
vt 0.55995601 0.01797800
vt 0.55995601 0.01797800
vt 0.56111699 0.01903700
vt 0.56067300 0.01942000
vt 0.55956101 0.01853800
vt 0.55861300 0.01708100
vt 0.55995601 0.01797800
vt 0.55956101 0.01853800
vt 0.55820602 0.01773900
vt 0.55956101 0.01853800
vt 0.56067300 0.01942000
vt 0.56010699 0.01991500
vt 0.55904901 0.01958200
vt 0.56067300 0.01942000
vt 0.56142402 0.02057400
vt 0.56034303 0.02095900
vt 0.56010699 0.01991500
vt 0.56111699 0.01903700
vt 0.56201398 0.02027500
vt 0.56142402 0.02057400
vt 0.56067300 0.01942000
vt 0.56142402 0.02057400
vt 0.56199503 0.02191600
vt 0.56075299 0.02238700
vt 0.56034303 0.02095900
vt 0.56201398 0.02027500
vt 0.56267601 0.02165600
vt 0.56199503 0.02191600
vt 0.56142402 0.02057400
vt 0.56010699 0.01991500
vt 0.56034303 0.02095900
vt 0.55864501 0.02123200
vt 0.55904901 0.01958200
vt 0.56229001 0.02011500
vt 0.56298500 0.02153100
vt 0.56267601 0.02165600
vt 0.56201398 0.02027500
vt 0.56134599 0.01883900
vt 0.56229001 0.02011500
vt 0.56201398 0.02027500
vt 0.56111699 0.01903700
vt 0.56431597 0.02098200
vt 0.56298500 0.02153100
vt 0.56229001 0.02011500
vt 0.56349301 0.01934200
vt 0.56349301 0.01934200
vt 0.56229001 0.02011500
vt 0.56134599 0.01883900
vt 0.56240499 0.01787900
vt 0.56349301 0.01934200
vt 0.56240499 0.01787900
vt 0.56259203 0.01771100
vt 0.56370902 0.01920900
vt 0.56431597 0.02098200
vt 0.56349301 0.01934200
vt 0.56370902 0.01920900
vt 0.56455398 0.02089200
vt 0.56483001 0.02274600
vt 0.56431597 0.02098200
vt 0.56455398 0.02089200
vt 0.56507897 0.02270300
vt 0.56455398 0.02089200
vt 0.56370902 0.01920900
vt 0.56402099 0.01899800
vt 0.56493902 0.02074200
vt 0.56507897 0.02270300
vt 0.56455398 0.02089200
vt 0.56493902 0.02074200
vt 0.56545001 0.02264600
vt 0.56526297 0.02456200
vt 0.56507897 0.02270300
vt 0.56545001 0.02264600
vt 0.56560200 0.02456000
vt 0.47722599 0.71900600
vt 0.47514701 0.71828002
vt 0.47687301 0.71487999
vt 0.47821301 0.71522599
vt 0.47514701 0.71828002
vt 0.47323501 0.71715599
vt 0.47562501 0.71429998
vt 0.47687301 0.71487999
vt 0.47821301 0.71522599
vt 0.47687301 0.71487999
vt 0.47759101 0.71293098
vt 0.47856799 0.71316999
vt 0.47687301 0.71487999
vt 0.47562501 0.71429998
vt 0.47667500 0.71251702
vt 0.47759101 0.71293098
vt 0.47323501 0.71715599
vt 0.47152600 0.71574700
vt 0.47450599 0.71350902
vt 0.47562501 0.71429998
vt 0.47562501 0.71429998
vt 0.47450599 0.71350902
vt 0.47585100 0.71194297
vt 0.47667500 0.71251702
vt 0.47152600 0.71574700
vt 0.47012201 0.71404898
vt 0.47354901 0.71253097
vt 0.47450599 0.71350902
vt 0.47450599 0.71350902
vt 0.47354901 0.71253097
vt 0.47514299 0.71122903
vt 0.47585100 0.71194297
vt 0.47354901 0.71253097
vt 0.47278801 0.71139598
vt 0.47457200 0.71039897
vt 0.47514299 0.71122903
vt 0.47012201 0.71404898
vt 0.46909600 0.71204799
vt 0.47278801 0.71139598
vt 0.47354901 0.71253097
vt 0.56370902 0.01920900
vt 0.56259203 0.01771100
vt 0.56285000 0.01747500
vt 0.56402099 0.01899800
vt 0.56259203 0.01771100
vt 0.56125402 0.01640300
vt 0.56149697 0.01611500
vt 0.56285000 0.01747500
vt 0.56240499 0.01787900
vt 0.56109703 0.01660400
vt 0.56125402 0.01640300
vt 0.56259203 0.01771100
vt 0.56125402 0.01640300
vt 0.55976498 0.01529500
vt 0.55996400 0.01494300
vt 0.56149697 0.01611500
vt 0.56109703 0.01660400
vt 0.55964202 0.01552500
vt 0.55976498 0.01529500
vt 0.56125402 0.01640300
vt 0.55964202 0.01552500
vt 0.55816799 0.01468500
vt 0.55825001 0.01443500
vt 0.55976498 0.01529500
vt 0.55976498 0.01529500
vt 0.55825001 0.01443500
vt 0.55834401 0.01407000
vt 0.55996400 0.01494300
vt 0.46909600 0.71204799
vt 0.46834701 0.70981997
vt 0.47220400 0.71015197
vt 0.47278801 0.71139598
vt 0.46834701 0.70981997
vt 0.46782601 0.70752698
vt 0.47187400 0.70880800
vt 0.47220400 0.71015197
vt 0.46782601 0.70752698
vt 0.46758401 0.70546597
vt 0.47183099 0.70742500
vt 0.47187400 0.70880800
vt 0.55825001 0.01443500
vt 0.55689198 0.01384700
vt 0.55687898 0.01352000
vt 0.55834401 0.01407000
vt 0.47220400 0.71015197
vt 0.47187400 0.70880800
vt 0.47392800 0.70852101
vt 0.47416300 0.70948398
vt 0.47187400 0.70880800
vt 0.47183099 0.70742500
vt 0.47387999 0.70755100
vt 0.47392800 0.70852101
vt 0.47183099 0.70742500
vt 0.47208399 0.70608002
vt 0.47402099 0.70661700
vt 0.47387999 0.70755100
vt 0.47208399 0.70608002
vt 0.47183099 0.70742500
vt 0.46758401 0.70546597
vt 0.46759200 0.70395601
vt 0.47208399 0.70608002
vt 0.47261900 0.70485801
vt 0.47434101 0.70575702
vt 0.47402099 0.70661700
vt 0.46826100 0.70254201
vt 0.47208399 0.70608002
vt 0.46759200 0.70395601
vt 0.46774501 0.70294201
vt 0.46926400 0.70195699
vt 0.47261900 0.70485801
vt 0.47208399 0.70608002
vt 0.46826100 0.70254201
vt 0.46942899 0.70133102
vt 0.46926400 0.70195699
vt 0.46826100 0.70254201
vt 0.46845701 0.70185399
vt 0.46845701 0.70185399
vt 0.46826100 0.70254201
vt 0.46774501 0.70294201
vt 0.46796000 0.70222700
vt 0.55459303 0.01270900
vt 0.55504602 0.01299400
vt 0.55512798 0.01324300
vt 0.55462700 0.01293800
vt 0.55504602 0.01299400
vt 0.55578101 0.01321400
vt 0.55585599 0.01349700
vt 0.55512798 0.01324300
vt 0.55462700 0.01293800
vt 0.55512798 0.01324300
vt 0.55509901 0.01350900
vt 0.55453098 0.01322800
vt 0.55512798 0.01324300
vt 0.55585599 0.01349700
vt 0.55583400 0.01375800
vt 0.55509901 0.01350900
vt 0.55578101 0.01321400
vt 0.55687898 0.01352000
vt 0.55689198 0.01384700
vt 0.55585599 0.01349700
vt 0.55585599 0.01349700
vt 0.55689198 0.01384700
vt 0.55684698 0.01410700
vt 0.55583400 0.01375800
vt 0.55816799 0.01468500
vt 0.55684698 0.01410700
vt 0.55689198 0.01384700
vt 0.55825001 0.01443500
vt 0.47337800 0.70382798
vt 0.47261900 0.70485801
vt 0.46926400 0.70195699
vt 0.47071499 0.70127702
vt 0.47071499 0.70127702
vt 0.46926400 0.70195699
vt 0.46942899 0.70133102
vt 0.47079501 0.70068997
vt 0.47427201 0.70301300
vt 0.47337800 0.70382798
vt 0.47071499 0.70127702
vt 0.47231999 0.70056200
vt 0.47231999 0.70056200
vt 0.47071499 0.70127702
vt 0.47079501 0.70068997
vt 0.47234100 0.70002300
vt 0.47261900 0.70485801
vt 0.47337800 0.70382798
vt 0.47481999 0.70499903
vt 0.47434101 0.70575702
vt 0.47337800 0.70382798
vt 0.47427201 0.70301300
vt 0.47542599 0.70436001
vt 0.47481999 0.70499903
vt 0.47427201 0.70301300
vt 0.47523499 0.70239401
vt 0.47612301 0.70384097
vt 0.47542599 0.70436001
vt 0.47523499 0.70239401
vt 0.47427201 0.70301300
vt 0.47231999 0.70056200
vt 0.47387299 0.69989598
vt 0.47523499 0.70239401
vt 0.47622499 0.70194101
vt 0.47687900 0.70343697
vt 0.47612301 0.70384097
vt 0.47622499 0.70194101
vt 0.47523499 0.70239401
vt 0.47387299 0.69989598
vt 0.47532600 0.69940400
vt 0.47278801 0.71139598
vt 0.47220400 0.71015197
vt 0.47416300 0.70948398
vt 0.47457200 0.71039897
vt 0.47960499 0.71532297
vt 0.47821301 0.71522599
vt 0.47856799 0.71316999
vt 0.47957399 0.71322298
vt 0.47944701 0.71922302
vt 0.47722599 0.71900600
vt 0.47821301 0.71522599
vt 0.47960499 0.71532297
vt 0.48100400 0.71515799
vt 0.47960499 0.71532297
vt 0.47957399 0.71322298
vt 0.48057401 0.71308398
vt 0.48235899 0.71472299
vt 0.48100400 0.71515799
vt 0.48057401 0.71308398
vt 0.48153201 0.71275401
vt 0.48362100 0.71402901
vt 0.48235899 0.71472299
vt 0.48153201 0.71275401
vt 0.48241001 0.71224201
vt 0.48473701 0.71308702
vt 0.48362100 0.71402901
vt 0.48241001 0.71224201
vt 0.48317099 0.71156299
vt 0.48564899 0.71192402
vt 0.48473701 0.71308702
vt 0.48317099 0.71156299
vt 0.48378500 0.71074098
vt 0.48630100 0.71058702
vt 0.48564899 0.71192402
vt 0.48378500 0.71074098
vt 0.48422599 0.70980901
vt 0.49086899 0.71109498
vt 0.48958799 0.71337599
vt 0.48564899 0.71192402
vt 0.48630100 0.71058702
vt 0.48958799 0.71337599
vt 0.48800701 0.71548802
vt 0.48473701 0.71308702
vt 0.48564899 0.71192402
vt 0.55833203 0.03474200
vt 0.55983901 0.03387000
vt 0.56004101 0.03422200
vt 0.55842900 0.03510700
vt 0.55329698 0.01505300
vt 0.52081603 0.01522800
vt 0.52079701 0.01503000
vt 0.55350298 0.01486400
vt 0.55390197 0.01787200
vt 0.55507398 0.01950200
vt 0.55354899 0.02091000
vt 0.55254900 0.01883100
vt 0.55105197 0.01936700
vt 0.55254900 0.01883100
vt 0.55354899 0.02091000
vt 0.55153000 0.02109400
vt 0.55254900 0.01883100
vt 0.55105197 0.01936700
vt 0.55040699 0.01827300
vt 0.55175298 0.01756000
vt 0.55105197 0.01936700
vt 0.54993999 0.01965400
vt 0.54925001 0.01910900
vt 0.55040699 0.01827300
vt 0.54993999 0.01965400
vt 0.55105197 0.01936700
vt 0.55153000 0.02109400
vt 0.54972303 0.02074100
vt 0.54993999 0.01965400
vt 0.54972303 0.02074100
vt 0.54845703 0.02029500
vt 0.54925001 0.01910900
vt 0.54972303 0.02074100
vt 0.54930401 0.02225000
vt 0.54784298 0.02172100
vt 0.54845703 0.02029500
vt 0.54972303 0.02074100
vt 0.55153000 0.02109400
vt 0.55144399 0.02309600
vt 0.54930401 0.02225000
vt 0.54845703 0.02029500
vt 0.54784298 0.02172100
vt 0.54686499 0.02144200
vt 0.54759097 0.01997300
vt 0.55908900 0.02959000
vt 0.55760401 0.03021100
vt 0.55668098 0.02821500
vt 0.55867201 0.02794400
vt 0.55824703 0.03449300
vt 0.55971497 0.03364200
vt 0.55983901 0.03387000
vt 0.55833203 0.03474200
vt 0.55824703 0.03449300
vt 0.55753601 0.03313700
vt 0.55888402 0.03239000
vt 0.55971497 0.03364200
vt 0.55824703 0.03449300
vt 0.55693102 0.03508200
vt 0.55634803 0.03366400
vt 0.55753601 0.03313700
vt 0.55888402 0.03239000
vt 0.55753601 0.03313700
vt 0.55732399 0.03286900
vt 0.55867302 0.03209400
vt 0.55753601 0.03313700
vt 0.55634803 0.03366400
vt 0.55613500 0.03345200
vt 0.55732399 0.03286900
vt 0.55634803 0.03366400
vt 0.55545700 0.03398300
vt 0.55524498 0.03381000
vt 0.55613500 0.03345200
vt 0.55613500 0.03345200
vt 0.55524498 0.03381000
vt 0.55484003 0.03355100
vt 0.55572802 0.03306100
vt 0.55524498 0.03381000
vt 0.55457997 0.03401100
vt 0.55417103 0.03381800
vt 0.55484003 0.03355100
vt 0.55545700 0.03398300
vt 0.55479097 0.03417000
vt 0.55457997 0.03401100
vt 0.55524498 0.03381000
vt 0.55484003 0.03355100
vt 0.55417103 0.03381800
vt 0.55346501 0.03349500
vt 0.55413997 0.03310500
vt 0.47682199 0.69789898
vt 0.47681600 0.69837999
vt 0.47541499 0.69862503
vt 0.47539499 0.69810802
vt 0.52041298 0.03666200
vt 0.55404800 0.03647600
vt 0.55383903 0.03744000
vt 0.52029699 0.03744300
vt 0.52041298 0.03666200
vt 0.52029699 0.03744300
vt 0.51859403 0.03737100
vt 0.51879299 0.03665000
vt 0.51403898 0.03319200
vt 0.50443202 0.03184300
vt 0.50372499 0.03099000
vt 0.51401198 0.03228200
vt 0.50415701 0.03270200
vt 0.50592703 0.03328700
vt 0.50589597 0.03346300
vt 0.50393301 0.03278400
vt 0.50393301 0.03278400
vt 0.50234801 0.03202400
vt 0.50275701 0.03203800
vt 0.50415701 0.03270200
vt 0.50234801 0.03202400
vt 0.50109100 0.03120600
vt 0.50161701 0.03128200
vt 0.50275701 0.03203800
vt 0.50086200 0.03123000
vt 0.49983501 0.03031700
vt 0.50009000 0.03032000
vt 0.50109100 0.03120600
vt 0.49769199 0.02603400
vt 0.49758500 0.02485900
vt 0.49788499 0.02485700
vt 0.49798799 0.02604000
vt 0.79235500 0.01353900
vt 0.79179603 0.01301200
vt 0.79215503 0.01271200
vt 0.79246598 0.01325300
vt 0.79290903 0.01385100
vt 0.79246098 0.01536200
vt 0.79188401 0.01523300
vt 0.79235500 0.01353900
vt 0.79290903 0.01385100
vt 0.79235500 0.01353900
vt 0.79246598 0.01325300
vt 0.79295200 0.01358700
vt 0.79246598 0.01325300
vt 0.79215503 0.01271200
vt 0.79223198 0.01251200
vt 0.79245198 0.01302000
vt 0.79295200 0.01358700
vt 0.79246598 0.01325300
vt 0.79245198 0.01302000
vt 0.79288399 0.01333500
vt 0.49477601 0.68068999
vt 0.49462801 0.68140101
vt 0.49419901 0.68166298
vt 0.49429500 0.68103099
vt 0.49499401 0.68000799
vt 0.49477601 0.68068999
vt 0.49429500 0.68103099
vt 0.49449500 0.68038303
vt 0.79366398 0.01387300
vt 0.79295200 0.01358700
vt 0.79288399 0.01333500
vt 0.79360199 0.01359000
vt 0.49515399 0.67903602
vt 0.49499401 0.68000799
vt 0.49449500 0.68038303
vt 0.49084401 0.67697799
vt 0.49084401 0.67697799
vt 0.49449500 0.68038303
vt 0.49353799 0.68092299
vt 0.49033001 0.67815298
vt 0.49449500 0.68038303
vt 0.49429500 0.68103099
vt 0.49338400 0.68150699
vt 0.49353799 0.68092299
vt 0.48960301 0.67914802
vt 0.49033001 0.67815298
vt 0.49353799 0.68092299
vt 0.49216601 0.68156701
vt 0.49216601 0.68156701
vt 0.49353799 0.68092299
vt 0.49338400 0.68150699
vt 0.49209699 0.68212599
vt 0.49209699 0.68212599
vt 0.49338400 0.68150699
vt 0.49332801 0.68206000
vt 0.49206400 0.68261999
vt 0.49429500 0.68103099
vt 0.49419901 0.68166298
vt 0.49332801 0.68206000
vt 0.49338400 0.68150699
vt 0.49064100 0.68227297
vt 0.49216601 0.68156701
vt 0.49209699 0.68212599
vt 0.49063000 0.68279201
vt 0.49063000 0.68279201
vt 0.49209699 0.68212599
vt 0.49206400 0.68261999
vt 0.49060601 0.68323201
vt 0.48916000 0.68294102
vt 0.49064100 0.68227297
vt 0.49063000 0.68279201
vt 0.48914701 0.68339002
vt 0.48914701 0.68339002
vt 0.49063000 0.68279201
vt 0.49060601 0.68323201
vt 0.48912001 0.68378103
vt 0.48782200 0.68054402
vt 0.48874700 0.67993897
vt 0.49064100 0.68227297
vt 0.48916000 0.68294102
vt 0.48874700 0.67993897
vt 0.48960301 0.67914802
vt 0.49216601 0.68156701
vt 0.49064100 0.68227297
vt 0.48960301 0.67914802
vt 0.48874700 0.67993897
vt 0.48762500 0.67864698
vt 0.48820800 0.67802602
vt 0.48874700 0.67993897
vt 0.48782200 0.68054402
vt 0.48695400 0.67915201
vt 0.48762500 0.67864698
vt 0.48782200 0.68054402
vt 0.48686701 0.68099099
vt 0.48622400 0.67954600
vt 0.48695400 0.67915201
vt 0.48686701 0.68099099
vt 0.48782200 0.68054402
vt 0.48916000 0.68294102
vt 0.48776400 0.68344098
vt 0.48686701 0.68099099
vt 0.48590299 0.68131000
vt 0.48546299 0.67983598
vt 0.48622400 0.67954600
vt 0.48590299 0.68131000
vt 0.48494399 0.68148297
vt 0.48469001 0.68002701
vt 0.48546299 0.67983598
vt 0.48590299 0.68131000
vt 0.48686701 0.68099099
vt 0.48776400 0.68344098
vt 0.48642200 0.68371600
vt 0.48494399 0.68148297
vt 0.48590299 0.68131000
vt 0.48642200 0.68371600
vt 0.48510301 0.68385202
vt 0.48494399 0.68148297
vt 0.48400399 0.68155301
vt 0.48392200 0.68012500
vt 0.48469001 0.68002701
vt 0.48400399 0.68155301
vt 0.48494399 0.68148297
vt 0.48510301 0.68385202
vt 0.48382199 0.68391001
vt 0.48400399 0.68155301
vt 0.48308301 0.68152398
vt 0.48317000 0.68013102
vt 0.48392200 0.68012500
vt 0.48308301 0.68152398
vt 0.48400399 0.68155301
vt 0.48382199 0.68391001
vt 0.48258400 0.68384498
vt 0.48382199 0.68391001
vt 0.48510301 0.68385202
vt 0.48506099 0.68426901
vt 0.48378599 0.68430001
vt 0.48258400 0.68384498
vt 0.48382199 0.68391001
vt 0.48378599 0.68430001
vt 0.48253801 0.68421698
vt 0.48253801 0.68421698
vt 0.48378599 0.68430001
vt 0.48374701 0.68461299
vt 0.48249999 0.68452698
vt 0.48378599 0.68430001
vt 0.48506099 0.68426901
vt 0.48502001 0.68459100
vt 0.48374701 0.68461299
vt 0.48510301 0.68385202
vt 0.48642200 0.68371600
vt 0.48637399 0.68412399
vt 0.48506099 0.68426901
vt 0.48506099 0.68426901
vt 0.48637399 0.68412399
vt 0.48633099 0.68445897
vt 0.48502001 0.68459100
vt 0.48637399 0.68412399
vt 0.48772699 0.68384302
vt 0.48769099 0.68419802
vt 0.48633099 0.68445897
vt 0.48642200 0.68371600
vt 0.48776400 0.68344098
vt 0.48772699 0.68384302
vt 0.48637399 0.68412399
vt 0.48776400 0.68344098
vt 0.48916000 0.68294102
vt 0.48914701 0.68339002
vt 0.48772699 0.68384302
vt 0.48772699 0.68384302
vt 0.48914701 0.68339002
vt 0.48912001 0.68378103
vt 0.48769099 0.68419802
vt 0.48130900 0.68399799
vt 0.48253801 0.68421698
vt 0.48249999 0.68452698
vt 0.48126999 0.68431002
vt 0.48136699 0.68361098
vt 0.48258400 0.68384498
vt 0.48253801 0.68421698
vt 0.48130900 0.68399799
vt 0.48014501 0.68324500
vt 0.48136699 0.68361098
vt 0.48130900 0.68399799
vt 0.48008400 0.68365699
vt 0.48008400 0.68365699
vt 0.48130900 0.68399799
vt 0.48126999 0.68431002
vt 0.48004401 0.68397897
vt 0.48218399 0.68139398
vt 0.48308301 0.68152398
vt 0.48258400 0.68384498
vt 0.48136699 0.68361098
vt 0.48130500 0.68115598
vt 0.48218399 0.68139398
vt 0.48136699 0.68361098
vt 0.48014501 0.68324500
vt 0.48045000 0.68080300
vt 0.48130500 0.68115598
vt 0.48014501 0.68324500
vt 0.47890899 0.68278402
vt 0.47890899 0.68278402
vt 0.48014501 0.68324500
vt 0.48008400 0.68365699
vt 0.47885200 0.68319100
vt 0.48218399 0.68139398
vt 0.48130500 0.68115598
vt 0.48175201 0.67984998
vt 0.48244399 0.68004102
vt 0.48130500 0.68115598
vt 0.48045000 0.68080300
vt 0.48110101 0.67954999
vt 0.48175201 0.67984998
vt 0.48045000 0.68080300
vt 0.47962001 0.68032199
vt 0.48050100 0.67913502
vt 0.48110101 0.67954999
vt 0.47962001 0.68032199
vt 0.48045000 0.68080300
vt 0.47890899 0.68278402
vt 0.47767901 0.68216801
vt 0.47881901 0.67969698
vt 0.47962001 0.68032199
vt 0.47767901 0.68216801
vt 0.47645301 0.68130702
vt 0.47962001 0.68032199
vt 0.47881901 0.67969698
vt 0.47996500 0.67860198
vt 0.48050100 0.67913502
vt 0.47881901 0.67969698
vt 0.47810400 0.67889100
vt 0.47950801 0.67794800
vt 0.47996500 0.67860198
vt 0.47810400 0.67889100
vt 0.47748101 0.67791301
vt 0.47915000 0.67717600
vt 0.47950801 0.67794800
vt 0.47748101 0.67791301
vt 0.47700301 0.67675400
vt 0.47890300 0.67629600
vt 0.47915000 0.67717600
vt 0.47700301 0.67675400
vt 0.47674301 0.67543298
vt 0.47879899 0.67534202
vt 0.47890300 0.67629600
vt 0.47674301 0.67543298
vt 0.47677201 0.67403799
vt 0.47886300 0.67435902
vt 0.47879899 0.67534202
vt 0.47185200 0.67726302
vt 0.47674301 0.67543298
vt 0.47700301 0.67675400
vt 0.47267401 0.67807400
vt 0.47143501 0.67674601
vt 0.47152600 0.67570198
vt 0.47674301 0.67543298
vt 0.47185200 0.67726302
vt 0.47152600 0.67570198
vt 0.47189999 0.67420399
vt 0.47677201 0.67403799
vt 0.47674301 0.67543298
vt 0.47189999 0.67420399
vt 0.47270101 0.67218000
vt 0.47710401 0.67264801
vt 0.47677201 0.67403799
vt 0.47677201 0.67403799
vt 0.47710401 0.67264801
vt 0.47910699 0.67339402
vt 0.47886300 0.67435902
vt 0.47710401 0.67264801
vt 0.47772899 0.67135501
vt 0.47953099 0.67249399
vt 0.47910699 0.67339402
vt 0.47270101 0.67218000
vt 0.47392100 0.66997099
vt 0.47772899 0.67135501
vt 0.47710401 0.67264801
vt 0.79421598 0.03569000
vt 0.79556900 0.03511600
vt 0.79565799 0.03547900
vt 0.79420102 0.03601500
vt 0.79556900 0.03511600
vt 0.79708099 0.03427700
vt 0.79727501 0.03462900
vt 0.79565799 0.03547900
vt 0.79417098 0.03543100
vt 0.79548800 0.03486700
vt 0.79556900 0.03511600
vt 0.79421598 0.03569000
vt 0.79548800 0.03486700
vt 0.79696202 0.03404700
vt 0.79708099 0.03427700
vt 0.79556900 0.03511600
vt 0.79548800 0.03486700
vt 0.79480398 0.03350600
vt 0.79615903 0.03278700
vt 0.79696202 0.03404700
vt 0.79417098 0.03543100
vt 0.79361099 0.03401100
vt 0.79480398 0.03350600
vt 0.79548800 0.03486700
vt 0.79271603 0.03431700
vt 0.79361099 0.03401100
vt 0.79417098 0.03543100
vt 0.79316300 0.03577400
vt 0.79316300 0.03577400
vt 0.79417098 0.03543100
vt 0.79421598 0.03569000
vt 0.79318500 0.03603400
vt 0.79242998 0.03602400
vt 0.79316300 0.03577400
vt 0.79318500 0.03603400
vt 0.79246199 0.03629000
vt 0.79246199 0.03629000
vt 0.79318500 0.03603400
vt 0.79311198 0.03631500
vt 0.79238498 0.03654000
vt 0.79318500 0.03603400
vt 0.79421598 0.03569000
vt 0.79420102 0.03601500
vt 0.79311198 0.03631500
vt 0.79186302 0.03631200
vt 0.79242998 0.03602400
vt 0.79246199 0.03629000
vt 0.79196298 0.03660200
vt 0.79196298 0.03660200
vt 0.79246199 0.03629000
vt 0.79238498 0.03654000
vt 0.79194099 0.03683500
vt 0.47148100 0.67750198
vt 0.47143501 0.67674601
vt 0.47185200 0.67726302
vt 0.47188199 0.67797601
vt 0.47144699 0.67826402
vt 0.47148100 0.67750198
vt 0.47188199 0.67797601
vt 0.47181001 0.67863798
vt 0.47188199 0.67797601
vt 0.47185200 0.67726302
vt 0.47267401 0.67807400
vt 0.47267100 0.67870402
vt 0.47181001 0.67863798
vt 0.47188199 0.67797601
vt 0.47267100 0.67870402
vt 0.47257501 0.67927301
vt 0.47267100 0.67870402
vt 0.47378600 0.67968398
vt 0.47368100 0.68018401
vt 0.47257501 0.67927301
vt 0.47267401 0.67807400
vt 0.47387201 0.67910898
vt 0.47378600 0.67968398
vt 0.47267100 0.67870402
vt 0.47700301 0.67675400
vt 0.47748101 0.67791301
vt 0.47387201 0.67910898
vt 0.47267401 0.67807400
vt 0.47748101 0.67791301
vt 0.47810400 0.67889100
vt 0.47518399 0.68024099
vt 0.47387201 0.67910898
vt 0.47387201 0.67910898
vt 0.47518399 0.68024099
vt 0.47505400 0.68075401
vt 0.47378600 0.67968398
vt 0.47518399 0.68024099
vt 0.47645301 0.68130702
vt 0.47634500 0.68174797
vt 0.47505400 0.68075401
vt 0.47810400 0.67889100
vt 0.47881901 0.67969698
vt 0.47645301 0.68130702
vt 0.47518399 0.68024099
vt 0.47645301 0.68130702
vt 0.47767901 0.68216801
vt 0.47760901 0.68256801
vt 0.47634500 0.68174797
vt 0.47505400 0.68075401
vt 0.47634500 0.68174797
vt 0.47626701 0.68213803
vt 0.47495699 0.68119401
vt 0.47634500 0.68174797
vt 0.47760901 0.68256801
vt 0.47755301 0.68292397
vt 0.47626701 0.68213803
vt 0.47767901 0.68216801
vt 0.47890899 0.68278402
vt 0.47885200 0.68319100
vt 0.47760901 0.68256801
vt 0.47760901 0.68256801
vt 0.47885200 0.68319100
vt 0.47880799 0.68352598
vt 0.47755301 0.68292397
vt 0.47885200 0.68319100
vt 0.48008400 0.68365699
vt 0.48004401 0.68397897
vt 0.47880799 0.68352598
vt 0.47378600 0.67968398
vt 0.47505400 0.68075401
vt 0.47495699 0.68119401
vt 0.47368100 0.68018401
vt 0.79250598 0.03414100
vt 0.79340202 0.03379600
vt 0.79361099 0.03401100
vt 0.79271603 0.03431700
vt 0.79480398 0.03350600
vt 0.79361099 0.03401100
vt 0.79340202 0.03379600
vt 0.79459703 0.03323500
vt 0.79210502 0.03387500
vt 0.79300100 0.03340000
vt 0.79340202 0.03379600
vt 0.79250598 0.03414100
vt 0.79459703 0.03323500
vt 0.79340202 0.03379600
vt 0.79300100 0.03340000
vt 0.79419398 0.03266300
vt 0.79595500 0.03248800
vt 0.79459703 0.03323500
vt 0.79419398 0.03266300
vt 0.79555798 0.03182900
vt 0.79615903 0.03278700
vt 0.79480398 0.03350600
vt 0.79459703 0.03323500
vt 0.79595500 0.03248800
vt 0.79750901 0.03187400
vt 0.79615903 0.03278700
vt 0.79595500 0.03248800
vt 0.79730302 0.03161300
vt 0.79730302 0.03161300
vt 0.79595500 0.03248800
vt 0.79555798 0.03182900
vt 0.79691702 0.03105000
vt 0.79555798 0.03182900
vt 0.79419398 0.03266300
vt 0.79350299 0.03160800
vt 0.79492903 0.03059100
vt 0.79691702 0.03105000
vt 0.79555798 0.03182900
vt 0.79492903 0.03059100
vt 0.79642200 0.03000400
vt 0.79803598 0.03018800
vt 0.79691702 0.03105000
vt 0.79642200 0.03000400
vt 0.79747999 0.02968800
vt 0.79847199 0.03057600
vt 0.79730302 0.03161300
vt 0.79691702 0.03105000
vt 0.79803598 0.03018800
vt 0.79879898 0.02905200
vt 0.79803598 0.03018800
vt 0.79747999 0.02968800
vt 0.79773003 0.02865300
vt 0.79938102 0.02935800
vt 0.79847199 0.03057600
vt 0.79803598 0.03018800
vt 0.79879898 0.02905200
vt 0.80006099 0.02799600
vt 0.79938102 0.02935800
vt 0.79879898 0.02905200
vt 0.79938799 0.02772700
vt 0.79938799 0.02772700
vt 0.79879898 0.02905200
vt 0.79773003 0.02865300
vt 0.79816002 0.02723800
vt 0.80052203 0.02656300
vt 0.80006099 0.02799600
vt 0.79938799 0.02772700
vt 0.79990202 0.02638900
vt 0.79990202 0.02638900
vt 0.79938799 0.02772700
vt 0.79816002 0.02723800
vt 0.79887098 0.02595800
vt 0.80014598 0.02509900
vt 0.79990202 0.02638900
vt 0.79887098 0.02595800
vt 0.79942101 0.02508300
vt 0.80070502 0.02511100
vt 0.80052203 0.02656300
vt 0.79990202 0.02638900
vt 0.80014598 0.02509900
vt 0.80098301 0.02511700
vt 0.80081898 0.02663700
vt 0.80052203 0.02656300
vt 0.80070502 0.02511100
vt 0.80081898 0.02663700
vt 0.80036598 0.02812500
vt 0.80006099 0.02799600
vt 0.80052203 0.02656300
vt 0.80081898 0.02663700
vt 0.80098301 0.02511700
vt 0.80243099 0.02514800
vt 0.80221802 0.02694800
vt 0.80168003 0.02869200
vt 0.80036598 0.02812500
vt 0.80081898 0.02663700
vt 0.80221802 0.02694800
vt 0.80088401 0.02359200
vt 0.80098301 0.02511700
vt 0.80070502 0.02511100
vt 0.80058497 0.02365300
vt 0.80243099 0.02514800
vt 0.80098301 0.02511700
vt 0.80088401 0.02359200
vt 0.80229598 0.02334100
vt 0.80243099 0.02514800
vt 0.80229598 0.02334100
vt 0.80254400 0.02330400
vt 0.80267900 0.02515400
vt 0.80221802 0.02694800
vt 0.80243099 0.02514800
vt 0.80267900 0.02515400
vt 0.80246401 0.02699500
vt 0.80246401 0.02699500
vt 0.80267900 0.02515400
vt 0.80301601 0.02516100
vt 0.80283099 0.02705800
vt 0.80267900 0.02515400
vt 0.80254400 0.02330400
vt 0.80291301 0.02325700
vt 0.80301601 0.02516100
vt 0.80254400 0.02330400
vt 0.80207098 0.02149400
vt 0.80245697 0.02135500
vt 0.80291301 0.02325700
vt 0.80229598 0.02334100
vt 0.80183297 0.02157600
vt 0.80207098 0.02149400
vt 0.80254400 0.02330400
vt 0.80183297 0.02157600
vt 0.80106097 0.01992500
vt 0.80127901 0.01980000
vt 0.80207098 0.02149400
vt 0.80207098 0.02149400
vt 0.80127901 0.01980000
vt 0.80159497 0.01960000
vt 0.80245697 0.02135500
vt 0.48787600 0.66518801
vt 0.48972800 0.66627502
vt 0.48741701 0.66904098
vt 0.48620901 0.66848201
vt 0.48972800 0.66627502
vt 0.49138400 0.66763800
vt 0.48850200 0.66980600
vt 0.48741701 0.66904098
vt 0.49138400 0.66763800
vt 0.49274299 0.66928297
vt 0.48942801 0.67075098
vt 0.48850200 0.66980600
vt 0.80127901 0.01980000
vt 0.80021298 0.01828200
vt 0.80047601 0.01805500
vt 0.80159497 0.01960000
vt 0.80021298 0.01828200
vt 0.79892403 0.01694400
vt 0.79917401 0.01666600
vt 0.80047601 0.01805500
vt 0.49274299 0.66928297
vt 0.49373400 0.67122197
vt 0.49016401 0.67184800
vt 0.48942801 0.67075098
vt 0.49373400 0.67122197
vt 0.49445301 0.67337900
vt 0.49072900 0.67304999
vt 0.49016401 0.67184800
vt 0.79892403 0.01694400
vt 0.79748100 0.01579800
vt 0.79768997 0.01545400
vt 0.79917401 0.01666600
vt 0.80002302 0.01844200
vt 0.79876202 0.01713800
vt 0.79892403 0.01694400
vt 0.80021298 0.01828200
vt 0.79876202 0.01713800
vt 0.79735202 0.01602200
vt 0.79748100 0.01579800
vt 0.79892403 0.01694400
vt 0.79735202 0.01602200
vt 0.79591501 0.01514000
vt 0.79600602 0.01489400
vt 0.79748100 0.01579800
vt 0.79748100 0.01579800
vt 0.79600602 0.01489400
vt 0.79611099 0.01453600
vt 0.79768997 0.01545400
vt 0.79735202 0.01602200
vt 0.79649597 0.01724700
vt 0.79517299 0.01647000
vt 0.79591501 0.01514000
vt 0.79876202 0.01713800
vt 0.79780400 0.01821600
vt 0.79649597 0.01724700
vt 0.79735202 0.01602200
vt 0.79517299 0.01647000
vt 0.79400301 0.01591300
vt 0.79462397 0.01451800
vt 0.79591501 0.01514000
vt 0.79591501 0.01514000
vt 0.79462397 0.01451800
vt 0.79467899 0.01426200
vt 0.79600602 0.01489400
vt 0.79400301 0.01591300
vt 0.79312199 0.01556900
vt 0.79363102 0.01413200
vt 0.79462397 0.01451800
vt 0.79462397 0.01451800
vt 0.79363102 0.01413200
vt 0.79366398 0.01387300
vt 0.79467899 0.01426200
vt 0.79467899 0.01426200
vt 0.79366398 0.01387300
vt 0.79360199 0.01359000
vt 0.79467797 0.01393700
vt 0.79600602 0.01489400
vt 0.79467899 0.01426200
vt 0.79467797 0.01393700
vt 0.79611099 0.01453600
vt 0.79363102 0.01413200
vt 0.79290903 0.01385100
vt 0.79295200 0.01358700
vt 0.79366398 0.01387300
vt 0.49494699 0.67559600
vt 0.49517000 0.67758298
vt 0.49108800 0.67568302
vt 0.49104699 0.67434800
vt 0.49517000 0.67758298
vt 0.49515399 0.67903602
vt 0.49084401 0.67697799
vt 0.49108800 0.67568302
vt 0.49104699 0.67434800
vt 0.49108800 0.67568302
vt 0.48911199 0.67556101
vt 0.48906401 0.67462498
vt 0.49108800 0.67568302
vt 0.49084401 0.67697799
vt 0.48897699 0.67646199
vt 0.48911199 0.67556101
vt 0.49445301 0.67337900
vt 0.49494699 0.67559600
vt 0.49104699 0.67434800
vt 0.49072900 0.67304999
vt 0.49072900 0.67304999
vt 0.49104699 0.67434800
vt 0.48906401 0.67462498
vt 0.48883900 0.67369598
vt 0.49016401 0.67184800
vt 0.49072900 0.67304999
vt 0.48883900 0.67369598
vt 0.48844099 0.67281300
vt 0.48942801 0.67075098
vt 0.49016401 0.67184800
vt 0.48844099 0.67281300
vt 0.48788801 0.67201102
vt 0.48850200 0.66980600
vt 0.48942801 0.67075098
vt 0.48788801 0.67201102
vt 0.48720101 0.67132199
vt 0.48741701 0.66904098
vt 0.48850200 0.66980600
vt 0.48720101 0.67132199
vt 0.48640299 0.67076701
vt 0.48620901 0.66848201
vt 0.48741701 0.66904098
vt 0.48640299 0.67076701
vt 0.48551700 0.67036802
vt 0.48491201 0.66814798
vt 0.48620901 0.66848201
vt 0.48551700 0.67036802
vt 0.48457101 0.67013800
vt 0.48586100 0.66448802
vt 0.48787600 0.66518801
vt 0.48620901 0.66848201
vt 0.48491201 0.66814798
vt 0.48370999 0.66428202
vt 0.48586100 0.66448802
vt 0.48491201 0.66814798
vt 0.48356500 0.66805702
vt 0.48356500 0.66805702
vt 0.48491201 0.66814798
vt 0.48457101 0.67013800
vt 0.48359799 0.67008799
vt 0.48148501 0.66452199
vt 0.48370999 0.66428202
vt 0.48356500 0.66805702
vt 0.48221201 0.66821897
vt 0.48221201 0.66821897
vt 0.48356500 0.66805702
vt 0.48359799 0.67008799
vt 0.48263100 0.67022401
vt 0.48090199 0.66864198
vt 0.48221201 0.66821897
vt 0.48263100 0.67022401
vt 0.48170599 0.67054498
vt 0.47968301 0.66931701
vt 0.48090199 0.66864198
vt 0.48170599 0.67054498
vt 0.48085800 0.67104203
vt 0.47928500 0.66515899
vt 0.48148501 0.66452199
vt 0.48221201 0.66821897
vt 0.48090199 0.66864198
vt 0.47722599 0.66627097
vt 0.47928500 0.66515899
vt 0.48090199 0.66864198
vt 0.47968301 0.66931701
vt 0.47543800 0.66792297
vt 0.47722599 0.66627097
vt 0.47968301 0.66931701
vt 0.47860700 0.67022997
vt 0.47860700 0.67022997
vt 0.47968301 0.66931701
vt 0.48085800 0.67104203
vt 0.48012301 0.67169899
vt 0.79991800 0.03191300
vt 0.80104899 0.03044200
vt 0.80135602 0.03065600
vt 0.80017102 0.03215100
vt 0.79857302 0.03319400
vt 0.79991800 0.03191300
vt 0.80017102 0.03215100
vt 0.79881102 0.03348300
vt 0.79842001 0.03299300
vt 0.79973602 0.03174400
vt 0.79991800 0.03191300
vt 0.79857302 0.03319400
vt 0.79973602 0.03174400
vt 0.80083698 0.03030700
vt 0.80104899 0.03044200
vt 0.79991800 0.03191300
vt 0.80104899 0.03044200
vt 0.80191398 0.02878400
vt 0.80229300 0.02893900
vt 0.80135602 0.03065600
vt 0.80083698 0.03030700
vt 0.80168003 0.02869200
vt 0.80191398 0.02878400
vt 0.80104899 0.03044200
vt 0.80168003 0.02869200
vt 0.80221802 0.02694800
vt 0.80246401 0.02699500
vt 0.80191398 0.02878400
vt 0.80191398 0.02878400
vt 0.80246401 0.02699500
vt 0.80283099 0.02705800
vt 0.80229300 0.02893900
vt 0.80083698 0.03030700
vt 0.79965401 0.02952200
vt 0.80036598 0.02812500
vt 0.80168003 0.02869200
vt 0.79973602 0.03174400
vt 0.79869699 0.03077600
vt 0.79965401 0.02952200
vt 0.80083698 0.03030700
vt 0.80036598 0.02812500
vt 0.79965401 0.02952200
vt 0.79938102 0.02935800
vt 0.80006099 0.02799600
vt 0.79965401 0.02952200
vt 0.79869699 0.03077600
vt 0.79847199 0.03057600
vt 0.79938102 0.02935800
vt 0.79869699 0.03077600
vt 0.79750901 0.03187400
vt 0.79730302 0.03161300
vt 0.79847199 0.03057600
vt 0.79750901 0.03187400
vt 0.79869699 0.03077600
vt 0.79973602 0.03174400
vt 0.79842001 0.03299300
vt 0.79696202 0.03404700
vt 0.79615903 0.03278700
vt 0.79750901 0.03187400
vt 0.79842001 0.03299300
vt 0.79696202 0.03404700
vt 0.79842001 0.03299300
vt 0.79857302 0.03319400
vt 0.79708099 0.03427700
vt 0.79708099 0.03427700
vt 0.79857302 0.03319400
vt 0.79881102 0.03348300
vt 0.79727501 0.03462900
vt 0.47392100 0.66997099
vt 0.47543800 0.66792297
vt 0.47860700 0.67022997
vt 0.47772899 0.67135501
vt 0.47772899 0.67135501
vt 0.47860700 0.67022997
vt 0.48012301 0.67169899
vt 0.47953099 0.67249399
vt 0.49084401 0.67697799
vt 0.49033001 0.67815298
vt 0.48866901 0.67729300
vt 0.48897699 0.67646199
vt 0.49033001 0.67815298
vt 0.48960301 0.67914802
vt 0.48820800 0.67802602
vt 0.48866901 0.67729300
vt 0.79363102 0.01413200
vt 0.79312199 0.01556900
vt 0.79246098 0.01536200
vt 0.79290903 0.01385100
vt 0.79400301 0.01591300
vt 0.79517299 0.01647000
vt 0.79495502 0.01673100
vt 0.79378498 0.01611900
vt 0.79517299 0.01647000
vt 0.79649597 0.01724700
vt 0.79627901 0.01753600
vt 0.79495502 0.01673100
vt 0.79378498 0.01611900
vt 0.79495502 0.01673100
vt 0.79452699 0.01728500
vt 0.79336703 0.01649700
vt 0.79495502 0.01673100
vt 0.79627901 0.01753600
vt 0.79585397 0.01817800
vt 0.79452699 0.01728500
vt 0.79627901 0.01753600
vt 0.79758698 0.01846900
vt 0.79717797 0.01901400
vt 0.79585397 0.01817800
vt 0.79649597 0.01724700
vt 0.79780400 0.01821600
vt 0.79758698 0.01846900
vt 0.79627901 0.01753600
vt 0.79452699 0.01728500
vt 0.79585397 0.01817800
vt 0.79517198 0.01938700
vt 0.79379100 0.01830900
vt 0.79585397 0.01817800
vt 0.79717797 0.01901400
vt 0.79663801 0.02003700
vt 0.79517198 0.01938700
vt 0.79717797 0.01901400
vt 0.79825801 0.01992300
vt 0.79768097 0.02039900
vt 0.79663801 0.02003700
vt 0.79758698 0.01846900
vt 0.79870999 0.01955500
vt 0.79825801 0.01992300
vt 0.79717797 0.01901400
vt 0.79768097 0.02039900
vt 0.79788601 0.02144400
vt 0.79618800 0.02166800
vt 0.79663801 0.02003700
vt 0.79663801 0.02003700
vt 0.79618800 0.02166800
vt 0.79420900 0.02135800
vt 0.79517198 0.01938700
vt 0.79788601 0.02144400
vt 0.79825503 0.02287600
vt 0.79625303 0.02358300
vt 0.79618800 0.02166800
vt 0.79618800 0.02166800
vt 0.79625303 0.02358300
vt 0.79260498 0.02493600
vt 0.79420900 0.02135800
vt 0.79748303 0.02504100
vt 0.79619098 0.02644500
vt 0.79260498 0.02493600
vt 0.79625303 0.02358300
vt 0.79890901 0.02418600
vt 0.79748303 0.02504100
vt 0.79625303 0.02358300
vt 0.79825503 0.02287600
vt 0.79950303 0.02244100
vt 0.79995799 0.02379900
vt 0.79890901 0.02418600
vt 0.79825503 0.02287600
vt 0.79897100 0.02109200
vt 0.79950303 0.02244100
vt 0.79825503 0.02287600
vt 0.79788601 0.02144400
vt 0.79995799 0.02379900
vt 0.80014598 0.02509900
vt 0.79942101 0.02508300
vt 0.79890901 0.02418600
vt 0.79942101 0.02508300
vt 0.79887098 0.02595800
vt 0.79748303 0.02504100
vt 0.79890901 0.02418600
vt 0.80058497 0.02365300
vt 0.80070502 0.02511100
vt 0.80014598 0.02509900
vt 0.79995799 0.02379900
vt 0.80018598 0.02220100
vt 0.80058497 0.02365300
vt 0.79995799 0.02379900
vt 0.79950303 0.02244100
vt 0.80049700 0.02208500
vt 0.80088401 0.02359200
vt 0.80058497 0.02365300
vt 0.80018598 0.02220100
vt 0.79984498 0.02065900
vt 0.80049700 0.02208500
vt 0.80018598 0.02220100
vt 0.79956597 0.02081100
vt 0.79956597 0.02081100
vt 0.80018598 0.02220100
vt 0.79950303 0.02244100
vt 0.79897100 0.02109200
vt 0.79870999 0.01955500
vt 0.79956597 0.02081100
vt 0.79897100 0.02109200
vt 0.79825801 0.01992300
vt 0.79894298 0.01936500
vt 0.79984498 0.02065900
vt 0.79956597 0.02081100
vt 0.79870999 0.01955500
vt 0.80183297 0.02157600
vt 0.80049700 0.02208500
vt 0.79984498 0.02065900
vt 0.80106097 0.01992500
vt 0.79984498 0.02065900
vt 0.79894298 0.01936500
vt 0.80002302 0.01844200
vt 0.80106097 0.01992500
vt 0.80106097 0.01992500
vt 0.80002302 0.01844200
vt 0.80021298 0.01828200
vt 0.80127901 0.01980000
vt 0.80002302 0.01844200
vt 0.79894298 0.01936500
vt 0.79780400 0.01821600
vt 0.79876202 0.01713800
vt 0.79780400 0.01821600
vt 0.79894298 0.01936500
vt 0.79870999 0.01955500
vt 0.79758698 0.01846900
vt 0.79825801 0.01992300
vt 0.79897100 0.02109200
vt 0.79788601 0.02144400
vt 0.79768097 0.02039900
vt 0.80229598 0.02334100
vt 0.80088401 0.02359200
vt 0.80049700 0.02208500
vt 0.80183297 0.02157600
vt 0.79887098 0.02595800
vt 0.79816002 0.02723800
vt 0.79619098 0.02644500
vt 0.79748303 0.02504100
vt 0.79604298 0.02835500
vt 0.79405302 0.02858000
vt 0.79260498 0.02493600
vt 0.79619098 0.02644500
vt 0.79773003 0.02865300
vt 0.79604298 0.02835500
vt 0.79619098 0.02644500
vt 0.79816002 0.02723800
vt 0.79642200 0.03000400
vt 0.79492903 0.03059100
vt 0.79405302 0.02858000
vt 0.79604298 0.02835500
vt 0.79747999 0.02968800
vt 0.79642200 0.03000400
vt 0.79604298 0.02835500
vt 0.79773003 0.02865300
vt 0.79245597 0.03002900
vt 0.79095298 0.02859900
vt 0.79260498 0.02493600
vt 0.79405302 0.02858000
vt 0.79350299 0.03160800
vt 0.79245597 0.03002900
vt 0.79405302 0.02858000
vt 0.79492903 0.03059100
vt 0.79230797 0.03268800
vt 0.79126197 0.03164400
vt 0.79245597 0.03002900
vt 0.79350299 0.03160800
vt 0.79126197 0.03164400
vt 0.78992099 0.03066400
vt 0.79095298 0.02859900
vt 0.79245597 0.03002900
vt 0.78992099 0.03066400
vt 0.79126197 0.03164400
vt 0.79037201 0.03271400
vt 0.78910398 0.03192700
vt 0.79126197 0.03164400
vt 0.79230797 0.03268800
vt 0.79141003 0.03341600
vt 0.79037201 0.03271400
vt 0.79141003 0.03341600
vt 0.79230797 0.03268800
vt 0.79300100 0.03340000
vt 0.79210502 0.03387500
vt 0.79419398 0.03266300
vt 0.79300100 0.03340000
vt 0.79230797 0.03268800
vt 0.79350299 0.03160800
vt 0.78842902 0.03010500
vt 0.78893501 0.02838200
vt 0.79095298 0.02859900
vt 0.78992099 0.03066400
vt 0.78842902 0.03010500
vt 0.78992099 0.03066400
vt 0.78910398 0.03192700
vt 0.78776598 0.03119000
vt 0.78732002 0.02979900
vt 0.78842902 0.03010500
vt 0.78776598 0.03119000
vt 0.78662002 0.03033300
vt 0.78732002 0.02979900
vt 0.78712100 0.02870700
vt 0.78893501 0.02838200
vt 0.78842902 0.03010500
vt 0.78893501 0.02838200
vt 0.78888202 0.02637700
vt 0.79260498 0.02493600
vt 0.79095298 0.02859900
vt 0.78712100 0.02870700
vt 0.78672600 0.02718800
vt 0.78888202 0.02637700
vt 0.78893501 0.02838200
vt 0.78758299 0.02482700
vt 0.78894800 0.02333400
vt 0.79260498 0.02493600
vt 0.78888202 0.02637700
vt 0.79267699 0.01984100
vt 0.79420900 0.02135800
vt 0.79260498 0.02493600
vt 0.79111302 0.02120400
vt 0.78908801 0.02133300
vt 0.79111302 0.02120400
vt 0.79260498 0.02493600
vt 0.78894800 0.02333400
vt 0.79379100 0.01830900
vt 0.79517198 0.01938700
vt 0.79420900 0.02135800
vt 0.79267699 0.01984100
vt 0.79336703 0.01649700
vt 0.79452699 0.01728500
vt 0.79379100 0.01830900
vt 0.79264402 0.01717800
vt 0.48308301 0.68152398
vt 0.48218399 0.68139398
vt 0.48244399 0.68004102
vt 0.48317000 0.68013102
vt 0.78297800 0.02472700
vt 0.78311598 0.02641500
vt 0.78250200 0.02641100
vt 0.78236699 0.02471300
vt 0.78363401 0.02474100
vt 0.78379399 0.02637000
vt 0.78311598 0.02641500
vt 0.78297800 0.02472700
vt 0.78386402 0.02312100
vt 0.78363401 0.02474100
vt 0.78297800 0.02472700
vt 0.78318900 0.02304500
vt 0.78478801 0.02332100
vt 0.78449303 0.02476000
vt 0.78363401 0.02474100
vt 0.78386402 0.02312100
vt 0.75657600 0.02078500
vt 0.75662500 0.01926700
vt 0.75804698 0.01932200
vt 0.75798303 0.02082900
vt 0.78941101 0.01780000
vt 0.78804201 0.01847700
vt 0.78742403 0.01788800
vt 0.78877097 0.01712600
vt 0.40132999 0.09878900
vt 0.40167299 0.10001600
vt 0.40053701 0.10093200
vt 0.39919800 0.10022300
vt 0.26892999 0.47814101
vt 0.26892999 0.47639000
vt 0.27016699 0.47515300
vt 0.27191699 0.47515300
vt 0.27315500 0.47639000
vt 0.27315500 0.47814000
vt 0.27191800 0.47937801
vt 0.27016699 0.47937801
vt 0.40389800 0.09890900
vt 0.40310699 0.10021000
vt 0.40167299 0.10001600
vt 0.40132999 0.09878900
vt 0.40520999 0.10113500
vt 0.40394199 0.10139900
vt 0.40310699 0.10021000
vt 0.40389800 0.09890900
vt 0.40053701 0.10093200
vt 0.40167299 0.10001600
vt 0.40310699 0.10021000
vt 0.40394199 0.10139900
vt 0.40388501 0.10282100
vt 0.40277499 0.10367100
vt 0.40134299 0.10356200
vt 0.40042701 0.10240800
vt 0.40486100 0.10333400
vt 0.40388501 0.10282100
vt 0.40394199 0.10139900
vt 0.40520999 0.10113500
vt 0.40324700 0.10487800
vt 0.40277499 0.10367100
vt 0.40388501 0.10282100
vt 0.40486100 0.10333400
vt 0.40063599 0.10492100
vt 0.40134299 0.10356200
vt 0.40277499 0.10367100
vt 0.40324700 0.10487800
vt 0.39919800 0.10278500
vt 0.40042701 0.10240800
vt 0.40134299 0.10356200
vt 0.40063599 0.10492100
vt 0.39919800 0.10022300
vt 0.40053701 0.10093200
vt 0.40042701 0.10240800
vt 0.39919800 0.10278500
vt 0.47458100 0.19837900
vt 0.47633201 0.19837900
vt 0.47756901 0.19961700
vt 0.47756901 0.20136800
vt 0.47633201 0.20260499
vt 0.47458100 0.20260499
vt 0.47334400 0.20136800
vt 0.47334400 0.19961700
vt 0.40664601 0.12229500
vt 0.40628499 0.12342500
vt 0.40486899 0.12359300
vt 0.40413001 0.12229500
vt 0.40846401 0.12373400
vt 0.40735301 0.12440400
vt 0.40628499 0.12342500
vt 0.40664601 0.12229500
vt 0.40882799 0.12622300
vt 0.40745401 0.12589100
vt 0.40735301 0.12440400
vt 0.40846401 0.12373400
vt 0.40486899 0.12359300
vt 0.40628499 0.12342500
vt 0.40735301 0.12440400
vt 0.40745401 0.12589100
vt 0.40645000 0.12700400
vt 0.40501499 0.12715600
vt 0.40395999 0.12623300
vt 0.40399700 0.12477800
vt 0.40717801 0.12843700
vt 0.40645000 0.12700400
vt 0.40745401 0.12589100
vt 0.40882799 0.12622300
vt 0.40448999 0.12836801
vt 0.40501499 0.12715600
vt 0.40645000 0.12700400
vt 0.40717801 0.12843700
vt 0.40294001 0.12669200
vt 0.40395999 0.12623300
vt 0.40501499 0.12715600
vt 0.40448999 0.12836801
vt 0.40273601 0.12445000
vt 0.40399700 0.12477800
vt 0.40395999 0.12623300
vt 0.40294001 0.12669200
vt 0.40413001 0.12229500
vt 0.40486899 0.12359300
vt 0.40399700 0.12477800
vt 0.40273601 0.12445000
vt 0.30447900 0.47395101
vt 0.30272901 0.47395101
vt 0.30149099 0.47271401
vt 0.30149099 0.47096300
vt 0.30272901 0.46972600
vt 0.30447900 0.46972600
vt 0.30571699 0.47096300
vt 0.30571699 0.47271401
vt 0.30944201 0.40814999
vt 0.30899099 0.40935200
vt 0.30759600 0.40926200
vt 0.30707601 0.40816301
vt 0.31114399 0.40990299
vt 0.30993700 0.41044700
vt 0.30899099 0.40935200
vt 0.30944201 0.40814999
vt 0.31113300 0.41240200
vt 0.30985200 0.41192901
vt 0.30993700 0.41044700
vt 0.31114399 0.40990299
vt 0.30759600 0.40926200
vt 0.30899099 0.40935200
vt 0.30993700 0.41044700
vt 0.30985200 0.41192901
vt 0.30874300 0.41293201
vt 0.30727100 0.41280499
vt 0.30634600 0.41172799
vt 0.30656099 0.41027901
vt 0.30932501 0.41425499
vt 0.30874300 0.41293201
vt 0.30985200 0.41192901
vt 0.31113300 0.41240200
vt 0.30652100 0.41425499
vt 0.30727100 0.41280499
vt 0.30874300 0.41293201
vt 0.30932501 0.41425499
vt 0.30504400 0.41197300
vt 0.30634600 0.41172799
vt 0.30727100 0.41280499
vt 0.30652100 0.41425499
vt 0.30555600 0.40975100
vt 0.30656099 0.41027901
vt 0.30634600 0.41172799
vt 0.30504400 0.41197300
vt 0.30707601 0.40816301
vt 0.30759600 0.40926200
vt 0.30656099 0.41027901
vt 0.30555600 0.40975100
vt 0.46610799 0.08559300
vt 0.46610799 0.08384300
vt 0.46734601 0.08260500
vt 0.46909600 0.08260500
vt 0.47033301 0.08384300
vt 0.47033301 0.08559300
vt 0.46909600 0.08683100
vt 0.46734500 0.08683100
vt 0.39020100 0.07517600
vt 0.39065200 0.07630400
vt 0.38954100 0.07713600
vt 0.38860899 0.07662900
vt 0.39257699 0.07517600
vt 0.39208099 0.07639900
vt 0.39065200 0.07630400
vt 0.39020100 0.07517600
vt 0.39433399 0.07705100
vt 0.39297801 0.07758200
vt 0.39208099 0.07639900
vt 0.39257699 0.07517600
vt 0.38954100 0.07713600
vt 0.39065200 0.07630400
vt 0.39208099 0.07639900
vt 0.39297801 0.07758200
vt 0.39286199 0.07907600
vt 0.39168400 0.07997000
vt 0.39024201 0.07976300
vt 0.38945699 0.07854500
vt 0.39435601 0.07990000
vt 0.39286199 0.07907600
vt 0.39297801 0.07758200
vt 0.39433399 0.07705100
vt 0.39191699 0.08140400
vt 0.39168400 0.07997000
vt 0.39286199 0.07907600
vt 0.39435601 0.07990000
vt 0.38942701 0.08079300
vt 0.39024201 0.07976300
vt 0.39168400 0.07997000
vt 0.39191699 0.08140400
vt 0.38825700 0.07875000
vt 0.38945699 0.07854500
vt 0.39024201 0.07976300
vt 0.38942701 0.08079300
vt 0.38860899 0.07662900
vt 0.38954100 0.07713600
vt 0.38945699 0.07854500
vt 0.38825700 0.07875000
vt 0.34856099 0.39358801
vt 0.35041600 0.39185399
vt 0.35090801 0.39311200
vt 0.34986699 0.39418200
vt 0.35041600 0.39185399
vt 0.35288101 0.39174300
vt 0.35236499 0.39292699
vt 0.35090801 0.39311200
vt 0.47756901 0.34252599
vt 0.47756901 0.34427601
vt 0.47633201 0.34551400
vt 0.47458100 0.34551400
vt 0.47334400 0.34427699
vt 0.47334400 0.34252599
vt 0.47458100 0.34128901
vt 0.47633201 0.34128800
vt 0.34854099 0.39639401
vt 0.34856099 0.39358801
vt 0.34986699 0.39418200
vt 0.35001200 0.39564100
vt 0.35236499 0.39292699
vt 0.35341299 0.39386100
vt 0.35351101 0.39529601
vt 0.35252601 0.39639300
vt 0.35109401 0.39660200
vt 0.35001200 0.39564100
vt 0.34986699 0.39418200
vt 0.35090801 0.39311200
vt 0.35082901 0.39797401
vt 0.34854099 0.39639401
vt 0.35001200 0.39564100
vt 0.35109401 0.39660200
vt 0.35322601 0.39744300
vt 0.35082901 0.39797401
vt 0.35109401 0.39660200
vt 0.35252601 0.39639300
vt 0.35455900 0.39564499
vt 0.35322601 0.39744300
vt 0.35252601 0.39639300
vt 0.35351101 0.39529601
vt 0.35455900 0.39342701
vt 0.35455900 0.39564499
vt 0.35351101 0.39529601
vt 0.35341299 0.39386100
vt 0.35288101 0.39174300
vt 0.35455900 0.39342701
vt 0.35341299 0.39386100
vt 0.35236499 0.39292699
vt 0.38657299 0.34528801
vt 0.38670999 0.34307000
vt 0.38786700 0.34351400
vt 0.38765901 0.34495100
vt 0.38670999 0.34307000
vt 0.38824701 0.34130499
vt 0.38885301 0.34243801
vt 0.38786700 0.34351400
vt 0.47937801 0.33161399
vt 0.47814101 0.33285099
vt 0.47639000 0.33285099
vt 0.47515300 0.33161399
vt 0.47515300 0.32986301
vt 0.47639000 0.32862601
vt 0.47814101 0.32862601
vt 0.47937801 0.32986301
vt 0.38795200 0.34727201
vt 0.38657299 0.34528801
vt 0.38765901 0.34495100
vt 0.38859800 0.34597999
vt 0.38885301 0.34243801
vt 0.39027300 0.34247300
vt 0.39125201 0.34356701
vt 0.39112100 0.34506401
vt 0.39006799 0.34612900
vt 0.38859800 0.34597999
vt 0.38765901 0.34495100
vt 0.38786700 0.34351400
vt 0.39047599 0.34732300
vt 0.38795200 0.34727201
vt 0.38859800 0.34597999
vt 0.39006799 0.34612900
vt 0.39254799 0.34572700
vt 0.39047599 0.34732300
vt 0.39006799 0.34612900
vt 0.39112100 0.34506401
vt 0.39254799 0.34298900
vt 0.39254799 0.34572700
vt 0.39112100 0.34506401
vt 0.39125201 0.34356701
vt 0.39070901 0.34120300
vt 0.39254799 0.34298900
vt 0.39125201 0.34356701
vt 0.39027300 0.34247300
vt 0.38824701 0.34130499
vt 0.39070901 0.34120300
vt 0.39027300 0.34247300
vt 0.38885301 0.34243801
vt 0.01582000 0.37783900
vt 0.01582000 0.37540701
vt 0.01707300 0.37586299
vt 0.01698500 0.37733901
vt 0.01582000 0.37540701
vt 0.01757700 0.37357599
vt 0.01816500 0.37485000
vt 0.01707300 0.37586299
vt 0.06026700 0.47153500
vt 0.06150500 0.47277200
vt 0.06150500 0.47452199
vt 0.06026800 0.47576001
vt 0.05851700 0.47576001
vt 0.05728000 0.47452301
vt 0.05728000 0.47277200
vt 0.05851700 0.47153500
vt 0.01738400 0.37951201
vt 0.01582000 0.37783900
vt 0.01698500 0.37733901
vt 0.01790000 0.37845299
vt 0.01816500 0.37485000
vt 0.01962500 0.37494099
vt 0.02057300 0.37597400
vt 0.02035700 0.37743101
vt 0.01932500 0.37848601
vt 0.01790000 0.37845299
vt 0.01698500 0.37733901
vt 0.01707300 0.37586299
vt 0.01987700 0.37988499
vt 0.01738400 0.37951201
vt 0.01790000 0.37845299
vt 0.01932500 0.37848601
vt 0.02158900 0.37793800
vt 0.01987700 0.37988499
vt 0.01932500 0.37848601
vt 0.02035700 0.37743101
vt 0.02170800 0.37562001
vt 0.02158900 0.37793800
vt 0.02035700 0.37743101
vt 0.02057300 0.37597400
vt 0.02027800 0.37355599
vt 0.02170800 0.37562001
vt 0.02057300 0.37597400
vt 0.01962500 0.37494099
vt 0.01757700 0.37357599
vt 0.02027800 0.37355599
vt 0.01962500 0.37494099
vt 0.01816500 0.37485000
vt 0.38188201 0.35378999
vt 0.38340801 0.35555300
vt 0.38226801 0.35598499
vt 0.38128099 0.35492399
vt 0.38340801 0.35555300
vt 0.38350299 0.35772201
vt 0.38247201 0.35740799
vt 0.38226801 0.35598499
vt 0.46728700 0.25264901
vt 0.46852401 0.25388601
vt 0.46852401 0.25563699
vt 0.46728700 0.25687400
vt 0.46553600 0.25687400
vt 0.46429899 0.25563699
vt 0.46429899 0.25388700
vt 0.46553600 0.25264901
vt 0.37940899 0.35369000
vt 0.38188201 0.35378999
vt 0.38128099 0.35492399
vt 0.37985700 0.35496899
vt 0.38247201 0.35740799
vt 0.38153499 0.35846299
vt 0.38010100 0.35861799
vt 0.37903500 0.35760000
vt 0.37887901 0.35608199
vt 0.37985700 0.35496899
vt 0.38128099 0.35492399
vt 0.38226801 0.35598499
vt 0.37754500 0.35550299
vt 0.37940899 0.35369000
vt 0.37985700 0.35496899
vt 0.37887901 0.35608199
vt 0.37754500 0.35833201
vt 0.37754500 0.35550299
vt 0.37887901 0.35608199
vt 0.37903500 0.35760000
vt 0.37979600 0.35998601
vt 0.37754500 0.35833201
vt 0.37903500 0.35760000
vt 0.38010100 0.35861799
vt 0.38221401 0.35951200
vt 0.37979600 0.35998601
vt 0.38010100 0.35861799
vt 0.38153499 0.35846299
vt 0.38350299 0.35772201
vt 0.38221401 0.35951200
vt 0.38153499 0.35846299
vt 0.38247201 0.35740799
vt 0.11682200 0.08470300
vt 0.11680700 0.10720400
vt 0.10200000 0.10642600
vt 0.10294300 0.08244800
vt 0.10294300 0.08244800
vt 0.10196300 0.07802800
vt 0.11500600 0.08048300
vt 0.11682200 0.08470300
vt 0.11682200 0.08470300
vt 0.11500600 0.08048300
vt 0.12494100 0.08031900
vt 0.12709600 0.08489800
vt 0.12709600 0.08489800
vt 0.12807301 0.10780300
vt 0.11680700 0.10720400
vt 0.11682200 0.08470300
vt 0.12462200 0.13062499
vt 0.11438400 0.12972100
vt 0.11680700 0.10720400
vt 0.12807301 0.10780300
vt 0.11680700 0.10720400
vt 0.11438400 0.12972100
vt 0.10034400 0.13050500
vt 0.10200000 0.10642600
vt 0.13774100 0.10832200
vt 0.13385899 0.13363400
vt 0.12462200 0.13062499
vt 0.12807301 0.10780300
vt 0.13660300 0.08289400
vt 0.13774100 0.10832200
vt 0.12807301 0.10780300
vt 0.12709600 0.08489800
vt 0.75016898 0.70226198
vt 0.75959897 0.70485598
vt 0.75015903 0.72798800
vt 0.74144900 0.72363698
vt 0.72967798 0.74331498
vt 0.74144900 0.72363698
vt 0.75015903 0.72798800
vt 0.73741502 0.74929601
vt 0.74144900 0.72363698
vt 0.72967798 0.74331498
vt 0.71980798 0.73827797
vt 0.73079801 0.71832198
vt 0.74020702 0.69740599
vt 0.75016898 0.70226198
vt 0.74144900 0.72363698
vt 0.73079801 0.71832198
vt 0.75959897 0.70485598
vt 0.75016898 0.70226198
vt 0.74988198 0.69721103
vt 0.75954598 0.69871998
vt 0.74988198 0.69721103
vt 0.75016898 0.70226198
vt 0.74020702 0.69740599
vt 0.74035299 0.69283003
vt 0.75954598 0.69871998
vt 0.74988198 0.69721103
vt 0.74680102 0.69000602
vt 0.75689000 0.68941301
vt 0.74988198 0.69721103
vt 0.74035299 0.69283003
vt 0.73702401 0.68742901
vt 0.74680102 0.69000602
vt 0.75689000 0.68941301
vt 0.74680102 0.69000602
vt 0.73526800 0.67220998
vt 0.74545598 0.66887802
vt 0.74680102 0.69000602
vt 0.73702401 0.68742901
vt 0.72519797 0.67253000
vt 0.73526800 0.67220998
vt 0.73526800 0.67220998
vt 0.67612898 0.60241199
vt 0.68947202 0.59447402
vt 0.74545598 0.66887802
vt 0.66497099 0.60912198
vt 0.67612898 0.60241199
vt 0.73526800 0.67220998
vt 0.72519797 0.67253000
vt 0.67612898 0.60241199
vt 0.66497099 0.60912198
vt 0.66294599 0.60681802
vt 0.67415297 0.59996498
vt 0.68947202 0.59447402
vt 0.67612898 0.60241199
vt 0.67415297 0.59996498
vt 0.68754202 0.59195697
vt 0.66221899 0.60551798
vt 0.67348897 0.59883398
vt 0.67415297 0.59996498
vt 0.66294599 0.60681802
vt 0.67348897 0.59883398
vt 0.68683702 0.59091997
vt 0.68754202 0.59195697
vt 0.67415297 0.59996498
vt 0.65465099 0.61013699
vt 0.66221899 0.60551798
vt 0.66294599 0.60681802
vt 0.65559202 0.61161900
vt 0.66497099 0.60912198
vt 0.65768898 0.61368901
vt 0.65559202 0.61161900
vt 0.66294599 0.60681802
vt 0.65041101 0.61306298
vt 0.65465099 0.61013699
vt 0.65559202 0.61161900
vt 0.65174299 0.61459303
vt 0.65768898 0.61368901
vt 0.65382302 0.61632001
vt 0.65174299 0.61459303
vt 0.65559202 0.61161900
vt 0.65008301 0.61611599
vt 0.64850199 0.61480701
vt 0.65041101 0.61306298
vt 0.65174299 0.61459303
vt 0.65008301 0.61611599
vt 0.65174299 0.61459303
vt 0.65382302 0.61632001
vt 0.65208399 0.61769003
vt 0.65382302 0.61632001
vt 0.71539903 0.66954601
vt 0.72636598 0.68104500
vt 0.65208399 0.61769003
vt 0.65382302 0.61632001
vt 0.65768898 0.61368901
vt 0.71539903 0.66954601
vt 0.72636598 0.68104500
vt 0.72858900 0.68486202
vt 0.65075499 0.61935902
vt 0.65208399 0.61769003
vt 0.64867800 0.61769998
vt 0.65008301 0.61611599
vt 0.65208399 0.61769003
vt 0.65075499 0.61935902
vt 0.74035299 0.69283003
vt 0.72858900 0.68486202
vt 0.72636598 0.68104500
vt 0.73702401 0.68742901
vt 0.73702401 0.68742901
vt 0.72636598 0.68104500
vt 0.71539903 0.66954601
vt 0.72519797 0.67253000
vt 0.64696199 0.62512302
vt 0.65075499 0.61935902
vt 0.72858900 0.68486202
vt 0.72719198 0.68909597
vt 0.74020702 0.69740599
vt 0.72719198 0.68909597
vt 0.72858900 0.68486202
vt 0.74035299 0.69283003
vt 0.71658498 0.71123600
vt 0.72719198 0.68909597
vt 0.74020702 0.69740599
vt 0.73079801 0.71832198
vt 0.71658498 0.71123600
vt 0.62485600 0.66558200
vt 0.64696199 0.62512302
vt 0.72719198 0.68909597
vt 0.64696199 0.62512302
vt 0.62485600 0.66558200
vt 0.62236202 0.66433799
vt 0.64467102 0.62356901
vt 0.65075499 0.61935902
vt 0.64696199 0.62512302
vt 0.64467102 0.62356901
vt 0.64867800 0.61769998
vt 0.60598999 0.70723498
vt 0.60337198 0.70633799
vt 0.62236202 0.66433799
vt 0.62485600 0.66558200
vt 0.71658498 0.71123600
vt 0.70533800 0.73287898
vt 0.60598999 0.70723498
vt 0.62485600 0.66558200
vt 0.60369301 0.71366102
vt 0.60598999 0.70723498
vt 0.70533800 0.73287898
vt 0.70281398 0.73650402
vt 0.60598999 0.70723498
vt 0.60369301 0.71366102
vt 0.60111898 0.71299702
vt 0.60337198 0.70633799
vt 0.69842499 0.73702902
vt 0.60316002 0.71572697
vt 0.60369301 0.71366102
vt 0.70281398 0.73650402
vt 0.60111898 0.71299702
vt 0.60369301 0.71366102
vt 0.60316002 0.71572697
vt 0.60069799 0.71507299
vt 0.59915298 0.71224302
vt 0.60148799 0.70534199
vt 0.60337198 0.70633799
vt 0.60111898 0.71299702
vt 0.59915298 0.71224302
vt 0.60111898 0.71299702
vt 0.60069799 0.71507299
vt 0.59869999 0.71459597
vt 0.60069799 0.71507299
vt 0.60316002 0.71572697
vt 0.60311002 0.71794099
vt 0.60047901 0.71731502
vt 0.59869999 0.71459597
vt 0.60069799 0.71507299
vt 0.60047901 0.71731502
vt 0.59845299 0.71717000
vt 0.59866399 0.72231799
vt 0.59845299 0.71717000
vt 0.60047901 0.71731502
vt 0.60041600 0.72218001
vt 0.60311002 0.71794099
vt 0.60333198 0.72261202
vt 0.60041600 0.72218001
vt 0.60047901 0.71731502
vt 0.68264598 0.73517799
vt 0.60311002 0.71794099
vt 0.60316002 0.71572697
vt 0.69842499 0.73702902
vt 0.68264598 0.73517799
vt 0.60333198 0.72261202
vt 0.60311002 0.71794099
vt 0.60333198 0.72261202
vt 0.60405999 0.73117900
vt 0.60100001 0.73094398
vt 0.60041600 0.72218001
vt 0.60405999 0.73117900
vt 0.60333198 0.72261202
vt 0.68264598 0.73517799
vt 0.69092399 0.74121600
vt 0.69672602 0.74945301
vt 0.60540402 0.74413198
vt 0.60405999 0.73117900
vt 0.69092399 0.74121600
vt 0.60405999 0.73117900
vt 0.60540402 0.74413198
vt 0.60225898 0.74402303
vt 0.60100001 0.73094398
vt 0.59952003 0.73114401
vt 0.59866399 0.72231799
vt 0.60041600 0.72218001
vt 0.60100001 0.73094398
vt 0.60095203 0.74417299
vt 0.59952003 0.73114401
vt 0.60100001 0.73094398
vt 0.60225898 0.74402303
vt 0.60540402 0.74413198
vt 0.60707998 0.75957000
vt 0.60390598 0.75954002
vt 0.60225898 0.74402303
vt 0.60264999 0.75959897
vt 0.60095203 0.74417299
vt 0.60225898 0.74402303
vt 0.60390598 0.75954002
vt 0.01944500 0.01598100
vt 0.02580000 0.00154300
vt 0.02694000 0.00212000
vt 0.02060800 0.01666900
vt 0.01409900 0.02817800
vt 0.01944500 0.01598100
vt 0.02060800 0.01666900
vt 0.01541100 0.02898600
vt 0.01058000 0.03647000
vt 0.01409900 0.02817800
vt 0.01541100 0.02898600
vt 0.01216800 0.03734600
vt 0.02338300 0.01820700
vt 0.01813600 0.03038300
vt 0.01541100 0.02898600
vt 0.02060800 0.01666900
vt 0.01813600 0.03038300
vt 0.01481900 0.03853000
vt 0.01216800 0.03734600
vt 0.01541100 0.02898600
vt 0.01813600 0.03038300
vt 0.02338300 0.01820700
vt 0.10303000 0.06081300
vt 0.09430400 0.06613900
vt 0.08429800 0.06793700
vt 0.01481900 0.03853000
vt 0.01813600 0.03038300
vt 0.09430400 0.06613900
vt 0.11978200 0.07422700
vt 0.10998500 0.07635800
vt 0.09430400 0.06613900
vt 0.10303000 0.06081300
vt 0.10998500 0.07635800
vt 0.09810500 0.07514300
vt 0.08429800 0.06793700
vt 0.09430400 0.06613900
vt 0.11500600 0.08048300
vt 0.10196300 0.07802800
vt 0.09810500 0.07514300
vt 0.10998500 0.07635800
vt 0.12494100 0.08031900
vt 0.11500600 0.08048300
vt 0.10998500 0.07635800
vt 0.11978200 0.07422700
vt 0.12854099 0.06871900
vt 0.11978200 0.07422700
vt 0.10303000 0.06081300
vt 0.11019900 0.05249700
vt 0.13422500 0.07703200
vt 0.12494100 0.08031900
vt 0.11978200 0.07422700
vt 0.12854099 0.06871900
vt 0.12709600 0.08489800
vt 0.12494100 0.08031900
vt 0.13422500 0.07703200
vt 0.13660300 0.08289400
vt 0.72549498 0.74608898
vt 0.73250997 0.75290400
vt 0.72348100 0.75637800
vt 0.71788400 0.74795997
vt 0.73250997 0.75290400
vt 0.72549498 0.74608898
vt 0.72967798 0.74331498
vt 0.73741502 0.74929601
vt 0.72967798 0.74331498
vt 0.72549498 0.74608898
vt 0.71626002 0.74111003
vt 0.71980798 0.73827797
vt 0.71626002 0.74111003
vt 0.72549498 0.74608898
vt 0.71788400 0.74795997
vt 0.70994103 0.74169898
vt 0.70281398 0.73650402
vt 0.71626002 0.74111003
vt 0.70994103 0.74169898
vt 0.69842499 0.73702902
vt 0.71626002 0.74111003
vt 0.70281398 0.73650402
vt 0.70533800 0.73287898
vt 0.71980798 0.73827797
vt 0.70533800 0.73287898
vt 0.71658498 0.71123600
vt 0.73079801 0.71832198
vt 0.71980798 0.73827797
vt 0.70994103 0.74169898
vt 0.71788400 0.74795997
vt 0.69672602 0.74945301
vt 0.69092399 0.74121600
vt 0.69842499 0.73702902
vt 0.70994103 0.74169898
vt 0.69092399 0.74121600
vt 0.68264598 0.73517799
vt 0.71788400 0.74795997
vt 0.72348100 0.75637800
vt 0.70019299 0.75959897
vt 0.69672602 0.74945301
vt 0.60707998 0.75957000
vt 0.60540402 0.74413198
vt 0.69672602 0.74945301
vt 0.70019299 0.75959897
vt 0.10303000 0.06081300
vt 0.02338300 0.01820700
vt 0.02972800 0.00374200
vt 0.11019900 0.05249700
vt 0.02972800 0.00374200
vt 0.02338300 0.01820700
vt 0.02060800 0.01666900
vt 0.02694000 0.00212000
vt 0.10196300 0.07802800
vt 0.08065000 0.07187900
vt 0.07880200 0.06959400
vt 0.09810500 0.07514300
vt 0.09810500 0.07514300
vt 0.07880200 0.06959400
vt 0.07364700 0.06640000
vt 0.08429800 0.06793700
vt 0.01250900 0.04528500
vt 0.01315700 0.04309000
vt 0.07364700 0.06640000
vt 0.07880200 0.06959400
vt 0.01250900 0.04528500
vt 0.07880200 0.06959400
vt 0.08065000 0.07187900
vt 0.01210000 0.04736300
vt 0.01087600 0.05421600
vt 0.01210000 0.04736300
vt 0.08065000 0.07187900
vt 0.08066800 0.07690400
vt 0.08066800 0.07690400
vt 0.08065000 0.07187900
vt 0.10196300 0.07802800
vt 0.10294300 0.08244800
vt 0.01210000 0.04736300
vt 0.01087600 0.05421600
vt 0.00814100 0.05362900
vt 0.00956300 0.04655400
vt 0.00956300 0.04655400
vt 0.01013700 0.04440500
vt 0.01250900 0.04528500
vt 0.01210000 0.04736300
vt 0.01087600 0.05421600
vt 0.00596200 0.10149800
vt 0.00314400 0.10122300
vt 0.00814100 0.05362900
vt 0.00596200 0.10149800
vt 0.01087600 0.05421600
vt 0.08066800 0.07690400
vt 0.07928700 0.10526500
vt 0.00594100 0.14922400
vt 0.00596200 0.10149800
vt 0.07928700 0.10526500
vt 0.07761400 0.13376001
vt 0.00594100 0.14922400
vt 0.00315600 0.14931700
vt 0.00314400 0.10122300
vt 0.00596200 0.10149800
vt 0.07761400 0.13376001
vt 0.07706400 0.13864200
vt 0.00640700 0.15570700
vt 0.00594100 0.14922400
vt 0.00594100 0.14922400
vt 0.00640700 0.15570700
vt 0.00380500 0.15620700
vt 0.00315600 0.14931700
vt 0.00155200 0.15628000
vt 0.00087700 0.14896300
vt 0.00315600 0.14931700
vt 0.00380500 0.15620700
vt 0.00087700 0.14896300
vt 0.00087700 0.10097300
vt 0.00314400 0.10122300
vt 0.00315600 0.14931700
vt 0.00413400 0.15832800
vt 0.00195600 0.15866099
vt 0.00155200 0.15628000
vt 0.00380500 0.15620700
vt 0.00440200 0.16065300
vt 0.00242500 0.16122100
vt 0.00195600 0.15866099
vt 0.00413400 0.15832800
vt 0.00371100 0.16625100
vt 0.00242500 0.16122100
vt 0.00440200 0.16065300
vt 0.00538000 0.16555300
vt 0.00630800 0.17486300
vt 0.00371100 0.16625100
vt 0.00538000 0.16555300
vt 0.00769300 0.17420299
vt 0.01030400 0.18754500
vt 0.00630800 0.17486300
vt 0.00769300 0.17420299
vt 0.01152800 0.18698899
vt 0.01506400 0.20255999
vt 0.01030400 0.18754500
vt 0.01152800 0.18698899
vt 0.01625300 0.20211101
vt 0.01054700 0.17310899
vt 0.01444600 0.18576100
vt 0.01152800 0.18698899
vt 0.00769300 0.17420299
vt 0.01444600 0.18576100
vt 0.01919300 0.20080100
vt 0.01625300 0.20211101
vt 0.01152800 0.18698899
vt 0.01919300 0.20080100
vt 0.01444600 0.18576100
vt 0.09810000 0.15200301
vt 0.10432500 0.16103400
vt 0.09000500 0.14577600
vt 0.09810000 0.15200301
vt 0.01444600 0.18576100
vt 0.01054700 0.17310899
vt 0.00813700 0.16466400
vt 0.01054700 0.17310899
vt 0.00769300 0.17420299
vt 0.00538000 0.16555300
vt 0.01054700 0.17310899
vt 0.00813700 0.16466400
vt 0.08026200 0.14291701
vt 0.09000500 0.14577600
vt 0.10668500 0.13731200
vt 0.11618900 0.14048401
vt 0.09810000 0.15200301
vt 0.09000500 0.14577600
vt 0.09475200 0.13723899
vt 0.10668500 0.13731200
vt 0.09000500 0.14577600
vt 0.08026200 0.14291701
vt 0.09889500 0.13479200
vt 0.11211800 0.13375200
vt 0.10668500 0.13731200
vt 0.09475200 0.13723899
vt 0.11211800 0.13375200
vt 0.12197400 0.13498500
vt 0.11618900 0.14048401
vt 0.10668500 0.13731200
vt 0.09889500 0.13479200
vt 0.10034400 0.13050500
vt 0.11438400 0.12972100
vt 0.11211800 0.13375200
vt 0.11438400 0.12972100
vt 0.12462200 0.13062499
vt 0.12197400 0.13498500
vt 0.11211800 0.13375200
vt 0.07706400 0.13864200
vt 0.07761400 0.13376001
vt 0.10034400 0.13050500
vt 0.09889500 0.13479200
vt 0.07706400 0.13864200
vt 0.09889500 0.13479200
vt 0.09475200 0.13723899
vt 0.07498500 0.14068200
vt 0.07498500 0.14068200
vt 0.00658300 0.15771399
vt 0.00640700 0.15570700
vt 0.07706400 0.13864200
vt 0.07498500 0.14068200
vt 0.09475200 0.13723899
vt 0.08026200 0.14291701
vt 0.06952400 0.14329900
vt 0.06952400 0.14329900
vt 0.00698700 0.15995701
vt 0.00658300 0.15771399
vt 0.07498500 0.14068200
vt 0.00413400 0.15832800
vt 0.00380500 0.15620700
vt 0.00640700 0.15570700
vt 0.00658300 0.15771399
vt 0.00440200 0.16065300
vt 0.00413400 0.15832800
vt 0.00658300 0.15771399
vt 0.00698700 0.15995701
vt 0.00698700 0.15995701
vt 0.00813700 0.16466400
vt 0.00538000 0.16555300
vt 0.00440200 0.16065300
vt 0.08026200 0.14291701
vt 0.00813700 0.16466400
vt 0.00698700 0.15995701
vt 0.06952400 0.14329900
vt 0.10034400 0.13050500
vt 0.07761400 0.13376001
vt 0.07928700 0.10526500
vt 0.10200000 0.10642600
vt 0.12197400 0.13498500
vt 0.13084599 0.13925099
vt 0.12429800 0.14690000
vt 0.11618900 0.14048401
vt 0.12197400 0.13498500
vt 0.12462200 0.13062499
vt 0.13385899 0.13363400
vt 0.13084599 0.13925099
vt 0.11618900 0.14048401
vt 0.12429800 0.14690000
vt 0.10432500 0.16103400
vt 0.09810000 0.15200301
vt 0.00586700 0.05352600
vt 0.00814100 0.05362900
vt 0.00314400 0.10122300
vt 0.00087700 0.10097300
vt 0.00586700 0.05352600
vt 0.00733700 0.04620400
vt 0.00956300 0.04655400
vt 0.00814100 0.05362900
vt 0.00956300 0.04655400
vt 0.00733700 0.04620400
vt 0.00800500 0.04383700
vt 0.01013700 0.04440500
vt 0.01013700 0.04440500
vt 0.00800500 0.04383700
vt 0.00875300 0.04133800
vt 0.01065900 0.04211700
vt 0.01013700 0.04440500
vt 0.01065900 0.04211700
vt 0.01315700 0.04309000
vt 0.01250900 0.04528500
vt 0.00875300 0.04133800
vt 0.01058000 0.03647000
vt 0.01216800 0.03734600
vt 0.01065900 0.04211700
vt 0.01481900 0.03853000
vt 0.01315700 0.04309000
vt 0.01065900 0.04211700
vt 0.01216800 0.03734600
vt 0.01315700 0.04309000
vt 0.01481900 0.03853000
vt 0.08429800 0.06793700
vt 0.07364700 0.06640000
vt 0.10294300 0.08244800
vt 0.10200000 0.10642600
vt 0.07928700 0.10526500
vt 0.08066800 0.07690400
vt 0.60148799 0.70534199
vt 0.62046301 0.66338998
vt 0.62236202 0.66433799
vt 0.60337198 0.70633799
vt 0.64274299 0.62266302
vt 0.64467102 0.62356901
vt 0.62236202 0.66433799
vt 0.62046301 0.66338998
vt 0.64274299 0.62266302
vt 0.64689499 0.61658299
vt 0.64867800 0.61769998
vt 0.64467102 0.62356901
vt 0.64867800 0.61769998
vt 0.64689499 0.61658299
vt 0.64850199 0.61480701
vt 0.65008301 0.61611599
vt 0.71539903 0.66954601
vt 0.65768898 0.61368901
vt 0.66497099 0.60912198
vt 0.72519797 0.67253000
vt 0.21770699 0.47334400
vt 0.21945700 0.47334400
vt 0.22069500 0.47458100
vt 0.22069500 0.47633201
vt 0.21945700 0.47756901
vt 0.21770699 0.47756901
vt 0.21646900 0.47633201
vt 0.21646900 0.47458100
vt 0.41228601 0.08796500
vt 0.41175300 0.08919900
vt 0.41033000 0.08930800
vt 0.40963599 0.08796300
vt 0.41395301 0.08966300
vt 0.41285399 0.09016500
vt 0.41175300 0.08919900
vt 0.41228601 0.08796500
vt 0.41425499 0.09217000
vt 0.41282699 0.09164000
vt 0.41285399 0.09016500
vt 0.41395301 0.08966300
vt 0.41033000 0.08930800
vt 0.41175300 0.08919900
vt 0.41285399 0.09016500
vt 0.41282699 0.09164000
vt 0.41187799 0.09277700
vt 0.41043201 0.09287600
vt 0.40939099 0.09193000
vt 0.40941000 0.09046200
vt 0.41238400 0.09406700
vt 0.41187799 0.09277700
vt 0.41282699 0.09164000
vt 0.41425499 0.09217000
vt 0.40987700 0.09406700
vt 0.41043201 0.09287600
vt 0.41187799 0.09277700
vt 0.41238400 0.09406700
vt 0.40820801 0.09233000
vt 0.40939099 0.09193000
vt 0.41043201 0.09287600
vt 0.40987700 0.09406700
vt 0.40827501 0.09007000
vt 0.40941000 0.09046200
vt 0.40939099 0.09193000
vt 0.40820801 0.09233000
vt 0.40963599 0.08796300
vt 0.41033000 0.08930800
vt 0.40941000 0.09046200
vt 0.40827501 0.09007000
vt 0.38181701 0.32195100
vt 0.38124800 0.32069799
vt 0.38230699 0.31972000
vt 0.38346601 0.32016701
vt 0.29063699 0.47090501
vt 0.29063699 0.46915501
vt 0.29187500 0.46791700
vt 0.29362500 0.46791700
vt 0.29486299 0.46915400
vt 0.29486299 0.47090501
vt 0.29362500 0.47214201
vt 0.29187500 0.47214201
vt 0.37909800 0.32199800
vt 0.37983000 0.32059100
vt 0.38124800 0.32069799
vt 0.38181701 0.32195100
vt 0.37765601 0.31980401
vt 0.37891999 0.31942600
vt 0.37983000 0.32059100
vt 0.37909800 0.32199800
vt 0.38230699 0.31972000
vt 0.38124800 0.32069799
vt 0.37983000 0.32059100
vt 0.37891999 0.31942600
vt 0.37904301 0.31793600
vt 0.38019499 0.31704000
vt 0.38160601 0.31715000
vt 0.38244900 0.31826600
vt 0.37765601 0.31717300
vt 0.37904301 0.31793600
vt 0.37891999 0.31942600
vt 0.37765601 0.31980401
vt 0.37992001 0.31569299
vt 0.38019499 0.31704000
vt 0.37904301 0.31793600
vt 0.37765601 0.31717300
vt 0.38230300 0.31614101
vt 0.38160601 0.31715000
vt 0.38019499 0.31704000
vt 0.37992001 0.31569299
vt 0.38350299 0.31796399
vt 0.38244900 0.31826600
vt 0.38160601 0.31715000
vt 0.38230300 0.31614101
vt 0.38346601 0.32016701
vt 0.38230699 0.31972000
vt 0.38244900 0.31826600
vt 0.38350299 0.31796399
vt 0.46909600 0.09165000
vt 0.47033301 0.09288800
vt 0.47033301 0.09463800
vt 0.46909600 0.09587600
vt 0.46734500 0.09587600
vt 0.46610799 0.09463800
vt 0.46610799 0.09288800
vt 0.46734601 0.09165000
vt 0.01266300 0.39934400
vt 0.01138900 0.39899400
vt 0.01121900 0.39751199
vt 0.01255900 0.39671901
vt 0.01122900 0.40159199
vt 0.01047300 0.40017200
vt 0.01138900 0.39899400
vt 0.01266300 0.39934400
vt 0.00847000 0.40159199
vt 0.00900900 0.40028700
vt 0.01047300 0.40017200
vt 0.01122900 0.40159199
vt 0.01121900 0.39751199
vt 0.01138900 0.39899400
vt 0.01047300 0.40017200
vt 0.00900900 0.40028700
vt 0.00789500 0.39937600
vt 0.00785100 0.39794299
vt 0.00865200 0.39678600
vt 0.01004700 0.39665499
vt 0.00668500 0.39983001
vt 0.00789500 0.39937600
vt 0.00900900 0.40028700
vt 0.00847000 0.40159199
vt 0.00672300 0.39750400
vt 0.00785100 0.39794299
vt 0.00789500 0.39937600
vt 0.00668500 0.39983001
vt 0.00810300 0.39585501
vt 0.00865200 0.39678600
vt 0.00785100 0.39794299
vt 0.00672300 0.39750400
vt 0.01028100 0.39537701
vt 0.01004700 0.39665499
vt 0.00865200 0.39678600
vt 0.00810300 0.39585501
vt 0.01255900 0.39671901
vt 0.01121900 0.39751199
vt 0.01004700 0.39665499
vt 0.01028100 0.39537701
vt 0.47995001 0.20742400
vt 0.48118699 0.20866200
vt 0.48118699 0.21041200
vt 0.47995001 0.21165000
vt 0.47819901 0.21165000
vt 0.47696200 0.21041200
vt 0.47696200 0.20866200
vt 0.47819901 0.20742400
vt 0.37216601 0.30662099
vt 0.37270299 0.30791301
vt 0.37159899 0.30882600
vt 0.37037301 0.30837300
vt 0.37487701 0.30663201
vt 0.37416300 0.30801499
vt 0.37270299 0.30791301
vt 0.37216601 0.30662099
vt 0.37626699 0.30879200
vt 0.37509400 0.30917200
vt 0.37416300 0.30801499
vt 0.37487701 0.30663201
vt 0.37159899 0.30882600
vt 0.37270299 0.30791301
vt 0.37416300 0.30801499
vt 0.37509400 0.30917200
vt 0.37503499 0.31064501
vt 0.37393200 0.31151900
vt 0.37247401 0.31141901
vt 0.37156701 0.31025299
vt 0.37626699 0.31114301
vt 0.37503499 0.31064501
vt 0.37509400 0.30917200
vt 0.37626699 0.30879200
vt 0.37437499 0.31295300
vt 0.37393200 0.31151900
vt 0.37503499 0.31064501
vt 0.37626699 0.31114301
vt 0.37191600 0.31245500
vt 0.37247401 0.31141901
vt 0.37393200 0.31151900
vt 0.37437499 0.31295300
vt 0.37041301 0.31074500
vt 0.37156701 0.31025299
vt 0.37247401 0.31141901
vt 0.37191600 0.31245500
vt 0.37037301 0.30837300
vt 0.37159899 0.30882600
vt 0.37156701 0.31025299
vt 0.37041301 0.31074500
vt 0.02676100 0.37065899
vt 0.02678200 0.36831999
vt 0.02805200 0.36880100
vt 0.02788400 0.37026200
vt 0.02678200 0.36831999
vt 0.02847600 0.36624199
vt 0.02907300 0.36772501
vt 0.02805200 0.36880100
vt 0.19837999 0.48181701
vt 0.19961700 0.48058000
vt 0.20136701 0.48058000
vt 0.20260499 0.48181701
vt 0.20260499 0.48356801
vt 0.20136701 0.48480499
vt 0.19961700 0.48480499
vt 0.19837999 0.48356801
vt 0.02826300 0.37264901
vt 0.02676100 0.37065899
vt 0.02788400 0.37026200
vt 0.02886200 0.37125799
vt 0.02907300 0.36772501
vt 0.03050200 0.36775699
vt 0.03149000 0.36882201
vt 0.03137400 0.37027901
vt 0.03031100 0.37130201
vt 0.02886200 0.37125799
vt 0.02788400 0.37026200
vt 0.02805200 0.36880100
vt 0.03091700 0.37252799
vt 0.02826300 0.37264901
vt 0.02886200 0.37125799
vt 0.03031100 0.37130201
vt 0.03256200 0.37071100
vt 0.03091700 0.37252799
vt 0.03031100 0.37130201
vt 0.03137400 0.37027901
vt 0.03256200 0.36845300
vt 0.03256200 0.37071100
vt 0.03137400 0.37027901
vt 0.03149000 0.36882201
vt 0.03116500 0.36659500
vt 0.03256200 0.36845300
vt 0.03149000 0.36882201
vt 0.03050200 0.36775699
vt 0.02847600 0.36624199
vt 0.03116500 0.36659500
vt 0.03050200 0.36775699
vt 0.02907300 0.36772501
vt 0.35030201 0.38350299
vt 0.34855801 0.38163099
vt 0.34990001 0.38110599
vt 0.35078999 0.38227400
vt 0.34855801 0.38163099
vt 0.34855801 0.37882799
vt 0.35004401 0.37957600
vt 0.34990001 0.38110599
vt 0.47096401 0.21466000
vt 0.47271401 0.21466000
vt 0.47395101 0.21589801
vt 0.47395101 0.21764800
vt 0.47271401 0.21888600
vt 0.47096300 0.21888600
vt 0.46972600 0.21764800
vt 0.46972600 0.21589801
vt 0.35270101 0.38347501
vt 0.35030201 0.38350299
vt 0.35078999 0.38227400
vt 0.35219100 0.38235599
vt 0.35004401 0.37957600
vt 0.35113299 0.37859201
vt 0.35254499 0.37875301
vt 0.35334900 0.37993601
vt 0.35326800 0.38140899
vt 0.35219100 0.38235599
vt 0.35078999 0.38227400
vt 0.34990001 0.38110599
vt 0.35425001 0.38189501
vt 0.35270101 0.38347501
vt 0.35219100 0.38235599
vt 0.35326800 0.38140899
vt 0.35455900 0.37971300
vt 0.35425001 0.38189501
vt 0.35326800 0.38140899
vt 0.35334900 0.37993601
vt 0.35332701 0.37770399
vt 0.35455900 0.37971300
vt 0.35334900 0.37993601
vt 0.35254499 0.37875301
vt 0.35084000 0.37719500
vt 0.35332701 0.37770399
vt 0.35254499 0.37875301
vt 0.35113299 0.37859201
vt 0.34855801 0.37882799
vt 0.35084000 0.37719500
vt 0.35113299 0.37859201
vt 0.35004401 0.37957600
vt 0.39699501 0.11758300
vt 0.39555299 0.11540400
vt 0.39672700 0.11505200
vt 0.39768600 0.11616600
vt 0.39555299 0.11540400
vt 0.39570799 0.11303800
vt 0.39690000 0.11360700
vt 0.39672700 0.11505200
vt 0.47458100 0.24360400
vt 0.47633201 0.24360400
vt 0.47756901 0.24484199
vt 0.47756901 0.24659200
vt 0.47633201 0.24783000
vt 0.47458100 0.24783000
vt 0.47334400 0.24659200
vt 0.47334400 0.24484199
vt 0.39972901 0.11753200
vt 0.39699501 0.11758300
vt 0.39768600 0.11616600
vt 0.39918599 0.11621800
vt 0.39690000 0.11360700
vt 0.39811599 0.11278100
vt 0.39955500 0.11278500
vt 0.40044600 0.11387600
vt 0.40036300 0.11530900
vt 0.39918599 0.11621800
vt 0.39768600 0.11616600
vt 0.39672700 0.11505200
vt 0.40159199 0.11579700
vt 0.39972901 0.11753200
vt 0.39918599 0.11621800
vt 0.40036300 0.11530900
vt 0.40159199 0.11339100
vt 0.40159199 0.11579700
vt 0.40036300 0.11530900
vt 0.40044600 0.11387600
vt 0.40006399 0.11176300
vt 0.40159199 0.11339100
vt 0.40044600 0.11387600
vt 0.39955500 0.11278500
vt 0.39768499 0.11139100
vt 0.40006399 0.11176300
vt 0.39955500 0.11278500
vt 0.39811599 0.11278100
vt 0.39570799 0.11303800
vt 0.39768499 0.11139100
vt 0.39811599 0.11278100
vt 0.39690000 0.11360700
vt 0.31770700 0.41431201
vt 0.31771800 0.41181201
vt 0.31899899 0.41228500
vt 0.31891400 0.41376799
vt 0.31771800 0.41181201
vt 0.31952500 0.40995899
vt 0.32010800 0.41128299
vt 0.31899899 0.41228500
vt 0.29124501 0.47639000
vt 0.29124501 0.47814101
vt 0.29000700 0.47937801
vt 0.28825700 0.47937801
vt 0.28701901 0.47814101
vt 0.28701901 0.47639000
vt 0.28825700 0.47515300
vt 0.29000700 0.47515300
vt 0.31940800 0.41606399
vt 0.31770700 0.41431201
vt 0.31891400 0.41376799
vt 0.31986001 0.41486201
vt 0.32010800 0.41128299
vt 0.32157999 0.41141000
vt 0.32250500 0.41248700
vt 0.32229000 0.41393599
vt 0.32125399 0.41495299
vt 0.31986001 0.41486201
vt 0.31891400 0.41376799
vt 0.31899899 0.41228500
vt 0.32177499 0.41605100
vt 0.31940800 0.41606399
vt 0.31986001 0.41486201
vt 0.32125399 0.41495299
vt 0.32329401 0.41446400
vt 0.32177499 0.41605100
vt 0.32125399 0.41495299
vt 0.32229000 0.41393599
vt 0.32380599 0.41224200
vt 0.32329401 0.41446400
vt 0.32229000 0.41393599
vt 0.32250500 0.41248700
vt 0.32233000 0.40995899
vt 0.32380599 0.41224200
vt 0.32250500 0.41248700
vt 0.32157999 0.41141000
vt 0.31952500 0.40995899
vt 0.32233000 0.40995899
vt 0.32157999 0.41141000
vt 0.32010800 0.41128299
vt 0.37195700 0.03603400
vt 0.37459299 0.03648400
vt 0.37397400 0.03901800
vt 0.37108099 0.03748000
vt 0.37097701 0.03351200
vt 0.37195700 0.03603400
vt 0.37108099 0.03748000
vt 0.36916801 0.03503800
vt 0.37195700 0.03603400
vt 0.37097701 0.03351200
vt 0.37635401 0.03055600
vt 0.37459299 0.03648400
vt 0.36892599 0.03128100
vt 0.37080300 0.02871200
vt 0.37635401 0.03055600
vt 0.37097701 0.03351200
vt 0.36892599 0.03128100
vt 0.37097701 0.03351200
vt 0.36916801 0.03503800
vt 0.36792400 0.03283700
vt 0.36737499 0.03177900
vt 0.36782300 0.03026700
vt 0.36892599 0.03128100
vt 0.36792400 0.03283700
vt 0.36782300 0.03026700
vt 0.36895901 0.02782000
vt 0.37080300 0.02871200
vt 0.36892599 0.03128100
vt 0.36701301 0.03147200
vt 0.36743501 0.02995300
vt 0.36782300 0.03026700
vt 0.36737499 0.03177900
vt 0.36743501 0.02995300
vt 0.36850801 0.02752000
vt 0.36895901 0.02782000
vt 0.36782300 0.03026700
vt 0.36728299 0.03294100
vt 0.36737499 0.03177900
vt 0.36792400 0.03283700
vt 0.36781499 0.03402400
vt 0.36685601 0.03265000
vt 0.36701301 0.03147200
vt 0.36737499 0.03177900
vt 0.36728299 0.03294100
vt 0.36743501 0.02995300
vt 0.36701301 0.03147200
vt 0.36583599 0.03126900
vt 0.36630699 0.02958800
vt 0.36583599 0.03126900
vt 0.36701301 0.03147200
vt 0.36685601 0.03265000
vt 0.36550000 0.03246000
vt 0.36583599 0.03126900
vt 0.36550000 0.03246000
vt 0.36517200 0.03212400
vt 0.36537400 0.03135900
vt 0.36630699 0.02958800
vt 0.36583599 0.03126900
vt 0.36537400 0.03135900
vt 0.36577201 0.02958900
vt 0.36750400 0.02695700
vt 0.36850801 0.02752000
vt 0.36743501 0.02995300
vt 0.36630699 0.02958800
vt 0.36750400 0.02695700
vt 0.36630699 0.02958800
vt 0.36577201 0.02958900
vt 0.36698401 0.02669900
vt 0.29415500 0.35495701
vt 0.29191300 0.35132599
vt 0.29503900 0.35007900
vt 0.29595801 0.35353401
vt 0.29191300 0.35132599
vt 0.29111701 0.34891301
vt 0.29215601 0.34754500
vt 0.29503900 0.35007900
vt 0.36950299 0.02429600
vt 0.36750400 0.02695700
vt 0.36698401 0.02669900
vt 0.36913201 0.02392200
vt 0.29730999 0.35811600
vt 0.29415500 0.35495701
vt 0.29595801 0.35353401
vt 0.29834199 0.35613400
vt 0.29595801 0.35353401
vt 0.29503900 0.35007900
vt 0.29642001 0.35003501
vt 0.29716501 0.35284901
vt 0.29834199 0.35613400
vt 0.29595801 0.35353401
vt 0.29716501 0.35284901
vt 0.29910699 0.35502201
vt 0.29503900 0.35007900
vt 0.29585499 0.34674600
vt 0.29702899 0.34723800
vt 0.29642001 0.35003501
vt 0.29585499 0.34674600
vt 0.29758301 0.34428501
vt 0.29837999 0.34496900
vt 0.29702899 0.34723800
vt 0.29758301 0.34428501
vt 0.29955399 0.34273100
vt 0.30003500 0.34350100
vt 0.29837999 0.34496900
vt 0.29955399 0.34273100
vt 0.30162501 0.34187701
vt 0.30180600 0.34273300
vt 0.30003500 0.34350100
vt 0.29955399 0.34273100
vt 0.29758301 0.34428501
vt 0.29656899 0.34275600
vt 0.29890499 0.34130201
vt 0.30162501 0.34187701
vt 0.29955399 0.34273100
vt 0.29890499 0.34130201
vt 0.30129701 0.34038600
vt 0.30386001 0.34182999
vt 0.30162501 0.34187701
vt 0.30129701 0.34038600
vt 0.30384901 0.34027100
vt 0.30162501 0.34187701
vt 0.30386001 0.34182999
vt 0.30371901 0.34271300
vt 0.30180600 0.34273300
vt 0.30626199 0.34252301
vt 0.30386001 0.34182999
vt 0.30384901 0.34027100
vt 0.30655700 0.34068701
vt 0.30386001 0.34182999
vt 0.30626199 0.34252301
vt 0.30579501 0.34348100
vt 0.30371901 0.34271300
vt 0.30626199 0.34252301
vt 0.30884501 0.34406799
vt 0.30796599 0.34496599
vt 0.30579501 0.34348100
vt 0.30884501 0.34406799
vt 0.31088701 0.34683901
vt 0.30959401 0.34734401
vt 0.30796599 0.34496599
vt 0.31088701 0.34683901
vt 0.31139001 0.35036200
vt 0.31001601 0.35020599
vt 0.30959401 0.34734401
vt 0.31139001 0.35036200
vt 0.31022599 0.35368001
vt 0.30908900 0.35295799
vt 0.31001601 0.35020599
vt 0.31022599 0.35368001
vt 0.30785200 0.35614401
vt 0.30712700 0.35506800
vt 0.30908900 0.35295799
vt 0.30785200 0.35614401
vt 0.30479199 0.35737300
vt 0.30454901 0.35620001
vt 0.30712700 0.35506800
vt 0.30479199 0.35737300
vt 0.30149701 0.35746101
vt 0.30173600 0.35618600
vt 0.30454901 0.35620001
vt 0.30149701 0.35746101
vt 0.29834199 0.35613400
vt 0.29910699 0.35502201
vt 0.30173600 0.35618600
vt 0.30125701 0.35961100
vt 0.29730999 0.35811600
vt 0.29834199 0.35613400
vt 0.30149701 0.35746101
vt 0.30528700 0.35960400
vt 0.30125701 0.35961100
vt 0.30149701 0.35746101
vt 0.30479199 0.35737300
vt 0.37535000 0.02143700
vt 0.37220499 0.02237400
vt 0.37195301 0.02184600
vt 0.37529501 0.02094200
vt 0.37220499 0.02237400
vt 0.36950299 0.02429600
vt 0.36913201 0.02392200
vt 0.37195301 0.02184600
vt 0.37535000 0.02143700
vt 0.37547201 0.02255100
vt 0.37270400 0.02335500
vt 0.37220499 0.02237400
vt 0.37220499 0.02237400
vt 0.37270400 0.02335500
vt 0.37029499 0.02506600
vt 0.36950299 0.02429600
vt 0.37862301 0.02166700
vt 0.37535000 0.02143700
vt 0.37529501 0.02094200
vt 0.37875399 0.02109600
vt 0.37862301 0.02166700
vt 0.37834999 0.02273400
vt 0.37547201 0.02255100
vt 0.37535000 0.02143700
vt 0.37270400 0.02335500
vt 0.37547201 0.02255100
vt 0.37551999 0.02298500
vt 0.37292799 0.02378900
vt 0.37547201 0.02255100
vt 0.37834999 0.02273400
vt 0.37822601 0.02320600
vt 0.37551999 0.02298500
vt 0.37551999 0.02298500
vt 0.37822601 0.02320600
vt 0.37779000 0.02507000
vt 0.37565100 0.02416800
vt 0.37292799 0.02378900
vt 0.37551999 0.02298500
vt 0.37565100 0.02416800
vt 0.37376001 0.02551400
vt 0.37029499 0.02506600
vt 0.37270400 0.02335500
vt 0.37292799 0.02378900
vt 0.37063301 0.02540200
vt 0.37063301 0.02540200
vt 0.37292799 0.02378900
vt 0.37376001 0.02551400
vt 0.37151101 0.02628200
vt 0.36850801 0.02752000
vt 0.37029499 0.02506600
vt 0.37063301 0.02540200
vt 0.36895901 0.02782000
vt 0.36895901 0.02782000
vt 0.37063301 0.02540200
vt 0.37151101 0.02628200
vt 0.37080300 0.02871200
vt 0.37151101 0.02628200
vt 0.37376001 0.02551400
vt 0.37635401 0.03055600
vt 0.37080300 0.02871200
vt 0.36950299 0.02429600
vt 0.37029499 0.02506600
vt 0.36850801 0.02752000
vt 0.36750400 0.02695700
vt 0.37565100 0.02416800
vt 0.37779000 0.02507000
vt 0.37635401 0.03055600
vt 0.37376001 0.02551400
vt 0.38015199 0.02533100
vt 0.38137299 0.02754800
vt 0.37635401 0.03055600
vt 0.37779000 0.02507000
vt 0.37822601 0.02320600
vt 0.38081700 0.02428100
vt 0.38015199 0.02533100
vt 0.37779000 0.02507000
vt 0.38081700 0.02428100
vt 0.38297799 0.02627600
vt 0.38137299 0.02754800
vt 0.38015199 0.02533100
vt 0.38107300 0.02387900
vt 0.38335299 0.02588500
vt 0.38297799 0.02627600
vt 0.38081700 0.02428100
vt 0.37834999 0.02273400
vt 0.38107300 0.02387900
vt 0.38081700 0.02428100
vt 0.37822601 0.02320600
vt 0.38420999 0.02511700
vt 0.38335299 0.02588500
vt 0.38107300 0.02387900
vt 0.38167900 0.02295500
vt 0.38167900 0.02295500
vt 0.38107300 0.02387900
vt 0.37834999 0.02273400
vt 0.37862301 0.02166700
vt 0.38595301 0.02742400
vt 0.38493201 0.02802600
vt 0.38335299 0.02588500
vt 0.38420999 0.02511700
vt 0.38335299 0.02588500
vt 0.38493201 0.02802600
vt 0.38462201 0.02841800
vt 0.38297799 0.02627600
vt 0.38538900 0.02979600
vt 0.38462201 0.02841800
vt 0.38493201 0.02802600
vt 0.38567600 0.02941800
vt 0.38595301 0.02742400
vt 0.38678101 0.02896100
vt 0.38567600 0.02941800
vt 0.38493201 0.02802600
vt 0.38678101 0.02896100
vt 0.38595301 0.02742400
vt 0.38647500 0.02730600
vt 0.38725200 0.02894300
vt 0.38595301 0.02742400
vt 0.38420999 0.02511700
vt 0.38466099 0.02475100
vt 0.38647500 0.02730600
vt 0.38567600 0.02941800
vt 0.38678101 0.02896100
vt 0.38737500 0.03005400
vt 0.38608700 0.03053600
vt 0.38737500 0.03005400
vt 0.38678101 0.02896100
vt 0.38725200 0.02894300
vt 0.38762000 0.02964200
vt 0.31351599 0.34321800
vt 0.31399599 0.34416801
vt 0.31250200 0.34332600
vt 0.31217501 0.34255201
vt 0.31399599 0.34416801
vt 0.31422400 0.34669399
vt 0.31088701 0.34683901
vt 0.31250200 0.34332600
vt 0.31088701 0.34683901
vt 0.30884501 0.34406799
vt 0.30952299 0.34191701
vt 0.31250200 0.34332600
vt 0.31250200 0.34332600
vt 0.30952299 0.34191701
vt 0.30939299 0.34120601
vt 0.31217501 0.34255201
vt 0.30884501 0.34406799
vt 0.30626199 0.34252301
vt 0.30655700 0.34068701
vt 0.30952299 0.34191701
vt 0.30952299 0.34191701
vt 0.30655700 0.34068701
vt 0.30643201 0.34011099
vt 0.30939299 0.34120601
vt 0.30655700 0.34068701
vt 0.30384901 0.34027100
vt 0.30373999 0.33968100
vt 0.30643201 0.34011099
vt 0.30643201 0.34011099
vt 0.30601501 0.33171001
vt 0.30963299 0.33096999
vt 0.30939299 0.34120601
vt 0.30373999 0.33968100
vt 0.30277199 0.33237699
vt 0.30601501 0.33171001
vt 0.30643201 0.34011099
vt 0.30384901 0.34027100
vt 0.30129701 0.34038600
vt 0.30118299 0.33983701
vt 0.30373999 0.33968100
vt 0.30118299 0.33983701
vt 0.29976600 0.33299801
vt 0.30277199 0.33237699
vt 0.30373999 0.33968100
vt 0.29976600 0.33299801
vt 0.29833999 0.32609501
vt 0.30075100 0.32521799
vt 0.30277199 0.33237699
vt 0.30075100 0.32521799
vt 0.30305800 0.32374901
vt 0.30601501 0.33171001
vt 0.30277199 0.33237699
vt 0.29877001 0.34071499
vt 0.29675901 0.33362001
vt 0.29976600 0.33299801
vt 0.30118299 0.33983701
vt 0.29578099 0.32625300
vt 0.29833999 0.32609501
vt 0.29976600 0.33299801
vt 0.29675901 0.33362001
vt 0.29645300 0.34217599
vt 0.29351500 0.33429399
vt 0.29675901 0.33362001
vt 0.29877001 0.34071499
vt 0.29351500 0.33429399
vt 0.29308200 0.32583499
vt 0.29578099 0.32625300
vt 0.29675901 0.33362001
vt 0.29567099 0.32565999
vt 0.29822600 0.32554600
vt 0.29833999 0.32609501
vt 0.29578099 0.32625300
vt 0.29295799 0.32525799
vt 0.29567099 0.32565999
vt 0.29578099 0.32625300
vt 0.29308200 0.32583499
vt 0.28999901 0.32401600
vt 0.29295799 0.32525799
vt 0.29308200 0.32583499
vt 0.29012600 0.32473001
vt 0.29012600 0.32473001
vt 0.29308200 0.32583499
vt 0.29351500 0.33429399
vt 0.28989401 0.33504599
vt 0.28734699 0.32337499
vt 0.29012600 0.32473001
vt 0.28989401 0.33504599
vt 0.28665799 0.33571801
vt 0.28702101 0.32259500
vt 0.28999901 0.32401600
vt 0.29012600 0.32473001
vt 0.28734699 0.32337499
vt 0.29069301 0.32185900
vt 0.29324001 0.32344401
vt 0.29295799 0.32525799
vt 0.28999901 0.32401600
vt 0.28865501 0.31907299
vt 0.29069301 0.32185900
vt 0.28999901 0.32401600
vt 0.28702101 0.32259500
vt 0.28865501 0.31907299
vt 0.28702101 0.32259500
vt 0.28552401 0.32174399
vt 0.28530800 0.31920600
vt 0.28702101 0.32259500
vt 0.28734699 0.32337499
vt 0.28600600 0.32270101
vt 0.28552401 0.32174399
vt 0.34405199 0.02958500
vt 0.34445301 0.03135100
vt 0.34398901 0.03126500
vt 0.34351701 0.02958600
vt 0.34445301 0.03135100
vt 0.34467199 0.03210900
vt 0.34433901 0.03245300
vt 0.34398901 0.03126500
vt 0.28600600 0.32270101
vt 0.28734699 0.32337499
vt 0.28665799 0.33571801
vt 0.28529799 0.33600101
vt 0.35496801 0.03245500
vt 0.34433901 0.03245300
vt 0.34467199 0.03210900
vt 0.35496700 0.03202400
vt 0.36550000 0.03246000
vt 0.35496801 0.03245500
vt 0.35496700 0.03202400
vt 0.36517200 0.03212400
vt 0.29117700 0.34784400
vt 0.28529799 0.33600101
vt 0.28665799 0.33571801
vt 0.29214400 0.34669799
vt 0.29111701 0.34891301
vt 0.29117700 0.34784400
vt 0.29214400 0.34669799
vt 0.29215601 0.34754500
vt 0.28989401 0.33504599
vt 0.29416600 0.34436300
vt 0.29214400 0.34669799
vt 0.28665799 0.33571801
vt 0.29433501 0.34507200
vt 0.29215601 0.34754500
vt 0.29214400 0.34669799
vt 0.29416600 0.34436300
vt 0.29416600 0.34436300
vt 0.28989401 0.33504599
vt 0.29351500 0.33429399
vt 0.29645300 0.34217599
vt 0.29656899 0.34275600
vt 0.29433501 0.34507200
vt 0.29416600 0.34436300
vt 0.29645300 0.34217599
vt 0.29585499 0.34674600
vt 0.29503900 0.35007900
vt 0.29215601 0.34754500
vt 0.29433501 0.34507200
vt 0.29758301 0.34428501
vt 0.29585499 0.34674600
vt 0.29433501 0.34507200
vt 0.29656899 0.34275600
vt 0.29890499 0.34130201
vt 0.29656899 0.34275600
vt 0.29645300 0.34217599
vt 0.29877001 0.34071499
vt 0.34430099 0.05056900
vt 0.34433901 0.03245300
vt 0.35496801 0.03245500
vt 0.35493800 0.05062500
vt 0.35493800 0.05062500
vt 0.35496801 0.03245500
vt 0.36550000 0.03246000
vt 0.36550000 0.05056800
vt 0.36685601 0.03265000
vt 0.36709601 0.05054200
vt 0.36550000 0.05056800
vt 0.36550000 0.03246000
vt 0.36709601 0.05054200
vt 0.36685601 0.03265000
vt 0.36728299 0.03294100
vt 0.36759999 0.05053600
vt 0.36728299 0.03294100
vt 0.36781499 0.03402400
vt 0.36814001 0.05054300
vt 0.36759999 0.05053600
vt 0.36894599 0.03622800
vt 0.36928499 0.05056300
vt 0.36814001 0.05054300
vt 0.36781499 0.03402400
vt 0.37096101 0.03870300
vt 0.37138501 0.05055300
vt 0.36928499 0.05056300
vt 0.36894599 0.03622800
vt 0.37395701 0.04037100
vt 0.37461200 0.05041700
vt 0.37138501 0.05055300
vt 0.37096101 0.03870300
vt 0.37747100 0.04073200
vt 0.37847799 0.05006400
vt 0.37461200 0.05041700
vt 0.37395701 0.04037100
vt 0.38082299 0.03961800
vt 0.38232800 0.04957100
vt 0.37847799 0.05006400
vt 0.37747100 0.04073200
vt 0.38338700 0.03734000
vt 0.38550401 0.04900400
vt 0.38232800 0.04957100
vt 0.38082299 0.03961800
vt 0.38481900 0.03448500
vt 0.38755000 0.04855800
vt 0.38550401 0.04900400
vt 0.38338700 0.03734000
vt 0.38544700 0.03208500
vt 0.38865900 0.04828900
vt 0.38755000 0.04855800
vt 0.38481900 0.03448500
vt 0.38865900 0.04828900
vt 0.38544700 0.03208500
vt 0.38573200 0.03091200
vt 0.38918000 0.04816100
vt 0.38573200 0.03091200
vt 0.38608700 0.03053600
vt 0.38967401 0.04805400
vt 0.38918000 0.04816100
vt 0.38967401 0.04805400
vt 0.38608700 0.03053600
vt 0.38737500 0.03005400
vt 0.39123699 0.04773400
vt 0.39777601 0.02763000
vt 0.40150800 0.04560200
vt 0.39123699 0.04773400
vt 0.38737500 0.03005400
vt 0.32243600 0.03005800
vt 0.31857201 0.04773800
vt 0.30820599 0.04558400
vt 0.31194299 0.02759300
vt 0.32373601 0.03054100
vt 0.32015300 0.04806000
vt 0.31857201 0.04773800
vt 0.32243600 0.03005800
vt 0.32409099 0.03091700
vt 0.32064700 0.04816700
vt 0.32015300 0.04806000
vt 0.32373601 0.03054100
vt 0.32437700 0.03209000
vt 0.32116801 0.04829500
vt 0.32064700 0.04816700
vt 0.32409099 0.03091700
vt 0.32500499 0.03448900
vt 0.32227600 0.04856400
vt 0.32116801 0.04829500
vt 0.32437700 0.03209000
vt 0.32643801 0.03734400
vt 0.32432401 0.04901000
vt 0.32227600 0.04856400
vt 0.32500499 0.03448900
vt 0.32900301 0.03962200
vt 0.32750100 0.04957500
vt 0.32432401 0.04901000
vt 0.32643801 0.03734400
vt 0.32548001 0.03337500
vt 0.32681999 0.03617500
vt 0.32643801 0.03734400
vt 0.32500499 0.03448900
vt 0.32681999 0.03617500
vt 0.32931301 0.03830400
vt 0.32900301 0.03962200
vt 0.32643801 0.03734400
vt 0.33235601 0.04073500
vt 0.33135101 0.05006800
vt 0.32750100 0.04957500
vt 0.32900301 0.03962200
vt 0.32931301 0.03830400
vt 0.33250001 0.03942300
vt 0.33235601 0.04073500
vt 0.32900301 0.03962200
vt 0.33046499 0.03596400
vt 0.33269799 0.03761100
vt 0.33250001 0.03942300
vt 0.32931301 0.03830400
vt 0.32798800 0.03495300
vt 0.33046499 0.03596400
vt 0.32931301 0.03830400
vt 0.32681999 0.03617500
vt 0.33269799 0.03761100
vt 0.33046499 0.03596400
vt 0.33346900 0.03055800
vt 0.33523300 0.03648600
vt 0.32798800 0.03495300
vt 0.32757699 0.03227700
vt 0.33346900 0.03055800
vt 0.33046499 0.03596400
vt 0.32757699 0.03227700
vt 0.32798800 0.03495300
vt 0.32681999 0.03617500
vt 0.32548001 0.03337500
vt 0.32605800 0.02965100
vt 0.32757699 0.03227700
vt 0.32548001 0.03337500
vt 0.32474101 0.03095400
vt 0.32605800 0.02965100
vt 0.32844901 0.02755100
vt 0.33346900 0.03055800
vt 0.32757699 0.03227700
vt 0.32474101 0.03095400
vt 0.32548001 0.03337500
vt 0.32500499 0.03448900
vt 0.32437700 0.03209000
vt 0.32443401 0.02980100
vt 0.32519999 0.02842200
vt 0.32605800 0.02965100
vt 0.32474101 0.03095400
vt 0.32409099 0.03091700
vt 0.32443401 0.02980100
vt 0.32474101 0.03095400
vt 0.32437700 0.03209000
vt 0.32373601 0.03054100
vt 0.32414699 0.02942400
vt 0.32443401 0.02980100
vt 0.32409099 0.03091700
vt 0.32414699 0.02942400
vt 0.32488999 0.02803100
vt 0.32519999 0.02842200
vt 0.32443401 0.02980100
vt 0.32488999 0.02803100
vt 0.32646799 0.02588900
vt 0.32684299 0.02627900
vt 0.32519999 0.02842200
vt 0.32519999 0.02842200
vt 0.32684299 0.02627900
vt 0.32844901 0.02755100
vt 0.32605800 0.02965100
vt 0.32646799 0.02588900
vt 0.32874700 0.02388100
vt 0.32900301 0.02428300
vt 0.32684299 0.02627900
vt 0.32684299 0.02627900
vt 0.32900301 0.02428300
vt 0.32966900 0.02533300
vt 0.32844901 0.02755100
vt 0.32874700 0.02388100
vt 0.33147100 0.02273500
vt 0.33159500 0.02320700
vt 0.32900301 0.02428300
vt 0.32900301 0.02428300
vt 0.33159500 0.02320700
vt 0.33203101 0.02507200
vt 0.32966900 0.02533300
vt 0.32966900 0.02533300
vt 0.33203101 0.02507200
vt 0.33346900 0.03055800
vt 0.32844901 0.02755100
vt 0.33159500 0.02320700
vt 0.33430099 0.02298500
vt 0.33417001 0.02416900
vt 0.33203101 0.02507200
vt 0.33417001 0.02416900
vt 0.33606300 0.02551400
vt 0.33346900 0.03055800
vt 0.33203101 0.02507200
vt 0.33430099 0.02298500
vt 0.33689401 0.02378900
vt 0.33606300 0.02551400
vt 0.33417001 0.02416900
vt 0.33689401 0.02378900
vt 0.33918899 0.02540100
vt 0.33831099 0.02628200
vt 0.33606300 0.02551400
vt 0.33831099 0.02628200
vt 0.33902100 0.02871100
vt 0.33346900 0.03055800
vt 0.33606300 0.02551400
vt 0.33711699 0.02335500
vt 0.33952701 0.02506500
vt 0.33918899 0.02540100
vt 0.33689401 0.02378900
vt 0.33434799 0.02255100
vt 0.33711699 0.02335500
vt 0.33689401 0.02378900
vt 0.33430099 0.02298500
vt 0.33711699 0.02335500
vt 0.33761600 0.02237300
vt 0.34031901 0.02429500
vt 0.33952701 0.02506500
vt 0.33434799 0.02255100
vt 0.33447099 0.02143700
vt 0.33761600 0.02237300
vt 0.33711699 0.02335500
vt 0.34031901 0.02429500
vt 0.33761600 0.02237300
vt 0.33786801 0.02184500
vt 0.34068999 0.02392100
vt 0.33761600 0.02237300
vt 0.33447099 0.02143700
vt 0.33452499 0.02094200
vt 0.33786801 0.02184500
vt 0.29059899 0.30791199
vt 0.29429501 0.30631101
vt 0.29478201 0.30854401
vt 0.29171801 0.30976000
vt 0.28757900 0.31085601
vt 0.29059899 0.30791199
vt 0.29171801 0.30976000
vt 0.28933901 0.31221899
vt 0.34231901 0.02695500
vt 0.34031901 0.02429500
vt 0.34068999 0.02392100
vt 0.34283900 0.02669600
vt 0.28594100 0.31499699
vt 0.28757900 0.31085601
vt 0.28933901 0.31221899
vt 0.28816199 0.31553799
vt 0.34351701 0.02958600
vt 0.34231901 0.02695500
vt 0.34283900 0.02669600
vt 0.34405199 0.02958500
vt 0.28530800 0.31920600
vt 0.28594100 0.31499699
vt 0.28816199 0.31553799
vt 0.28865501 0.31907299
vt 0.28816199 0.31553799
vt 0.28933901 0.31221899
vt 0.29047701 0.31294301
vt 0.28953901 0.31569901
vt 0.28865501 0.31907299
vt 0.28816199 0.31553799
vt 0.28953901 0.31569901
vt 0.28995401 0.31856900
vt 0.29069301 0.32185900
vt 0.28865501 0.31907299
vt 0.28995401 0.31856900
vt 0.29158700 0.32096300
vt 0.29324001 0.32344401
vt 0.29069301 0.32185900
vt 0.29158700 0.32096300
vt 0.29370099 0.32250401
vt 0.29565999 0.32409099
vt 0.29324001 0.32344401
vt 0.29370099 0.32250401
vt 0.29579699 0.32319301
vt 0.29789999 0.32405400
vt 0.29565999 0.32409099
vt 0.29579699 0.32319301
vt 0.29772699 0.32319599
vt 0.29565999 0.32409099
vt 0.29789999 0.32405400
vt 0.29822600 0.32554600
vt 0.29567099 0.32565999
vt 0.29324001 0.32344401
vt 0.29565999 0.32409099
vt 0.29567099 0.32565999
vt 0.29295799 0.32525799
vt 0.29789999 0.32405400
vt 0.29997101 0.32321200
vt 0.30061501 0.32462999
vt 0.29822600 0.32554600
vt 0.29997101 0.32321200
vt 0.29789999 0.32405400
vt 0.29772699 0.32319599
vt 0.29949099 0.32245600
vt 0.29822600 0.32554600
vt 0.30061501 0.32462999
vt 0.30075100 0.32521799
vt 0.29833999 0.32609501
vt 0.30061501 0.32462999
vt 0.30294201 0.32316700
vt 0.30305800 0.32374901
vt 0.30075100 0.32521799
vt 0.29997101 0.32321200
vt 0.30190700 0.32162300
vt 0.30294201 0.32316700
vt 0.30061501 0.32462999
vt 0.30294201 0.32316700
vt 0.30518901 0.32086301
vt 0.30535400 0.32157400
vt 0.30305800 0.32374901
vt 0.30190700 0.32162300
vt 0.30368701 0.31918600
vt 0.30518901 0.32086301
vt 0.30294201 0.32316700
vt 0.30368701 0.31918600
vt 0.30190700 0.32162300
vt 0.30109799 0.32092300
vt 0.30252701 0.31868601
vt 0.30190700 0.32162300
vt 0.29997101 0.32321200
vt 0.29949099 0.32245600
vt 0.30109799 0.32092300
vt 0.30451801 0.31586599
vt 0.30368701 0.31918600
vt 0.30252701 0.31868601
vt 0.30314100 0.31590500
vt 0.30361399 0.31241199
vt 0.30451801 0.31586599
vt 0.30314100 0.31590500
vt 0.30240601 0.31309199
vt 0.30368701 0.31918600
vt 0.30451801 0.31586599
vt 0.30738100 0.31840700
vt 0.30518901 0.32086301
vt 0.30738100 0.31840700
vt 0.30451801 0.31586599
vt 0.30764401 0.31463501
vt 0.30842301 0.31704599
vt 0.30542201 0.31099701
vt 0.30764401 0.31463501
vt 0.30451801 0.31586599
vt 0.30361399 0.31241199
vt 0.30227599 0.30782500
vt 0.30542201 0.31099701
vt 0.30361399 0.31241199
vt 0.30123800 0.30980501
vt 0.30123800 0.30980501
vt 0.30361399 0.31241199
vt 0.30240601 0.31309199
vt 0.30047199 0.31091601
vt 0.29833001 0.30631599
vt 0.30227599 0.30782500
vt 0.30123800 0.30980501
vt 0.29808199 0.30847001
vt 0.29808199 0.30847001
vt 0.30123800 0.30980501
vt 0.30047199 0.31091601
vt 0.29783899 0.30974600
vt 0.32814100 0.02295800
vt 0.32561001 0.02512100
vt 0.32515901 0.02475500
vt 0.32786101 0.02251200
vt 0.33119699 0.02166800
vt 0.32814100 0.02295800
vt 0.32786101 0.02251200
vt 0.33106601 0.02109800
vt 0.29429501 0.30631101
vt 0.29833001 0.30631599
vt 0.29808199 0.30847001
vt 0.29478201 0.30854401
vt 0.33447099 0.02143700
vt 0.33119699 0.02166800
vt 0.33106601 0.02109800
vt 0.33452499 0.02094200
vt 0.32814100 0.02295800
vt 0.33119699 0.02166800
vt 0.33147100 0.02273500
vt 0.32874700 0.02388100
vt 0.33147100 0.02273500
vt 0.33119699 0.02166800
vt 0.33447099 0.02143700
vt 0.33434799 0.02255100
vt 0.33147100 0.02273500
vt 0.33434799 0.02255100
vt 0.33430099 0.02298500
vt 0.33159500 0.02320700
vt 0.32646799 0.02588900
vt 0.32561001 0.02512100
vt 0.32814100 0.02295800
vt 0.32874700 0.02388100
vt 0.32488999 0.02803100
vt 0.32386801 0.02742900
vt 0.32561001 0.02512100
vt 0.32646799 0.02588900
vt 0.32561001 0.02512100
vt 0.32386801 0.02742900
vt 0.32334599 0.02731300
vt 0.32515901 0.02475500
vt 0.32488999 0.02803100
vt 0.32414699 0.02942400
vt 0.32303900 0.02896800
vt 0.32386801 0.02742900
vt 0.32256699 0.02895400
vt 0.32334599 0.02731300
vt 0.32386801 0.02742900
vt 0.32303900 0.02896800
vt 0.32218599 0.02965100
vt 0.32256699 0.02895400
vt 0.32303900 0.02896800
vt 0.32243600 0.03005800
vt 0.32303900 0.02896800
vt 0.32414699 0.02942400
vt 0.32373601 0.03054100
vt 0.32243600 0.03005800
vt 0.30738899 0.31925499
vt 0.30738100 0.31840700
vt 0.30842301 0.31704599
vt 0.30835700 0.31811401
vt 0.31286499 0.33031100
vt 0.30738899 0.31925499
vt 0.30835700 0.31811401
vt 0.31422400 0.33003399
vt 0.32218599 0.02965100
vt 0.32243600 0.03005800
vt 0.31194299 0.02759300
vt 0.31205899 0.02717100
vt 0.31217501 0.34255201
vt 0.31286499 0.33031100
vt 0.31422400 0.33003399
vt 0.31351599 0.34321800
vt 0.38762000 0.02964200
vt 0.39766100 0.02720800
vt 0.39777601 0.02763000
vt 0.38737500 0.03005400
vt 0.30535400 0.32157400
vt 0.30738899 0.31925499
vt 0.31286499 0.33031100
vt 0.30963299 0.33096999
vt 0.30939299 0.34120601
vt 0.30963299 0.33096999
vt 0.31286499 0.33031100
vt 0.31217501 0.34255201
vt 0.30601501 0.33171001
vt 0.30305800 0.32374901
vt 0.30535400 0.32157400
vt 0.30963299 0.33096999
vt 0.30518901 0.32086301
vt 0.30738100 0.31840700
vt 0.30738899 0.31925499
vt 0.30535400 0.32157400
vt 0.29478201 0.30854401
vt 0.29808199 0.30847001
vt 0.29783899 0.30974600
vt 0.29502100 0.30971900
vt 0.29171801 0.30976000
vt 0.29478201 0.30854401
vt 0.29502100 0.30971900
vt 0.29243901 0.31083900
vt 0.28933901 0.31221899
vt 0.29171801 0.30976000
vt 0.29243901 0.31083900
vt 0.29047701 0.31294301
vt 0.34131500 0.02751800
vt 0.34231901 0.02695500
vt 0.34351701 0.02958600
vt 0.34238899 0.02995100
vt 0.33952701 0.02506500
vt 0.34031901 0.02429500
vt 0.34231901 0.02695500
vt 0.34131500 0.02751800
vt 0.34351701 0.02958600
vt 0.34398901 0.03126500
vt 0.34281200 0.03147000
vt 0.34238899 0.02995100
vt 0.34238899 0.02995100
vt 0.34281200 0.03147000
vt 0.34244999 0.03177700
vt 0.34200099 0.03026600
vt 0.34131500 0.02751800
vt 0.34238899 0.02995100
vt 0.34200099 0.03026600
vt 0.34086400 0.02781800
vt 0.34200099 0.03026600
vt 0.34244999 0.03177700
vt 0.34190199 0.03283500
vt 0.34089899 0.03127900
vt 0.34086400 0.02781800
vt 0.34200099 0.03026600
vt 0.34089899 0.03127900
vt 0.33902100 0.02871100
vt 0.33952701 0.02506500
vt 0.34131500 0.02751800
vt 0.34086400 0.02781800
vt 0.33918899 0.02540100
vt 0.33918899 0.02540100
vt 0.34086400 0.02781800
vt 0.33902100 0.02871100
vt 0.33831099 0.02628200
vt 0.34089899 0.03127900
vt 0.33884901 0.03351200
vt 0.33346900 0.03055800
vt 0.33902100 0.02871100
vt 0.33884901 0.03351200
vt 0.34089899 0.03127900
vt 0.34190199 0.03283500
vt 0.34065801 0.03503800
vt 0.33787000 0.03603500
vt 0.33523300 0.03648600
vt 0.33346900 0.03055800
vt 0.33884901 0.03351200
vt 0.33787000 0.03603500
vt 0.33884901 0.03351200
vt 0.34065801 0.03503800
vt 0.33874601 0.03748000
vt 0.33874601 0.03748000
vt 0.34065801 0.03503800
vt 0.34088099 0.03622800
vt 0.33886600 0.03870400
vt 0.34065801 0.03503800
vt 0.34190199 0.03283500
vt 0.34201100 0.03402200
vt 0.34088099 0.03622800
vt 0.33585301 0.03902000
vt 0.33874601 0.03748000
vt 0.33886600 0.03870400
vt 0.33587101 0.04037300
vt 0.33523300 0.03648600
vt 0.33787000 0.03603500
vt 0.33874601 0.03748000
vt 0.33585301 0.03902000
vt 0.33269799 0.03761100
vt 0.33523300 0.03648600
vt 0.33585301 0.03902000
vt 0.33250001 0.03942300
vt 0.33250001 0.03942300
vt 0.33585301 0.03902000
vt 0.33587101 0.04037300
vt 0.33235601 0.04073500
vt 0.33587101 0.04037300
vt 0.33521801 0.05042000
vt 0.33135101 0.05006800
vt 0.33235601 0.04073500
vt 0.33886600 0.03870400
vt 0.33844599 0.05055500
vt 0.33521801 0.05042000
vt 0.33587101 0.04037300
vt 0.34088099 0.03622800
vt 0.34054601 0.05056500
vt 0.33844599 0.05055500
vt 0.33886600 0.03870400
vt 0.34201100 0.03402200
vt 0.34169200 0.05054500
vt 0.34054601 0.05056500
vt 0.34088099 0.03622800
vt 0.34169200 0.05054500
vt 0.34201100 0.03402200
vt 0.34254301 0.03293900
vt 0.34223199 0.05053800
vt 0.34254301 0.03293900
vt 0.34297001 0.03264700
vt 0.34272701 0.05054500
vt 0.34223199 0.05053800
vt 0.34272701 0.05054500
vt 0.34297001 0.03264700
vt 0.34433901 0.03245300
vt 0.34430099 0.05056900
vt 0.34281200 0.03147000
vt 0.34297001 0.03264700
vt 0.34254301 0.03293900
vt 0.34244999 0.03177700
vt 0.34281200 0.03147000
vt 0.34398901 0.03126500
vt 0.34433901 0.03245300
vt 0.34297001 0.03264700
vt 0.34244999 0.03177700
vt 0.34254301 0.03293900
vt 0.34201100 0.03402200
vt 0.34190199 0.03283500
vt 0.38573200 0.03091200
vt 0.38538900 0.02979600
vt 0.38567600 0.02941800
vt 0.38608700 0.03053600
vt 0.38544700 0.03208500
vt 0.38508299 0.03094900
vt 0.38538900 0.02979600
vt 0.38573200 0.03091200
vt 0.38508299 0.03094900
vt 0.38376501 0.02964700
vt 0.38462201 0.02841800
vt 0.38538900 0.02979600
vt 0.38224700 0.03227300
vt 0.38376501 0.02964700
vt 0.38508299 0.03094900
vt 0.38434401 0.03337100
vt 0.38434401 0.03337100
vt 0.38508299 0.03094900
vt 0.38544700 0.03208500
vt 0.38481900 0.03448500
vt 0.38183701 0.03494900
vt 0.38224700 0.03227300
vt 0.38434401 0.03337100
vt 0.38300499 0.03617100
vt 0.38300499 0.03617100
vt 0.38434401 0.03337100
vt 0.38481900 0.03448500
vt 0.38338700 0.03734000
vt 0.38051301 0.03830100
vt 0.38300499 0.03617100
vt 0.38338700 0.03734000
vt 0.38082299 0.03961800
vt 0.37935999 0.03596100
vt 0.38183701 0.03494900
vt 0.38300499 0.03617100
vt 0.38051301 0.03830100
vt 0.37712801 0.03760900
vt 0.37935999 0.03596100
vt 0.38051301 0.03830100
vt 0.37732700 0.03942000
vt 0.37732700 0.03942000
vt 0.38051301 0.03830100
vt 0.38082299 0.03961800
vt 0.37747100 0.04073200
vt 0.37459299 0.03648400
vt 0.37712801 0.03760900
vt 0.37732700 0.03942000
vt 0.37397400 0.03901800
vt 0.37397400 0.03901800
vt 0.37732700 0.03942000
vt 0.37747100 0.04073200
vt 0.37395701 0.04037100
vt 0.37108099 0.03748000
vt 0.37397400 0.03901800
vt 0.37395701 0.04037100
vt 0.37096101 0.03870300
vt 0.37712801 0.03760900
vt 0.37459299 0.03648400
vt 0.37635401 0.03055600
vt 0.37935999 0.03596100
vt 0.38183701 0.03494900
vt 0.37935999 0.03596100
vt 0.37635401 0.03055600
vt 0.38224700 0.03227300
vt 0.38376501 0.02964700
vt 0.38224700 0.03227300
vt 0.37635401 0.03055600
vt 0.38137299 0.02754800
vt 0.38297799 0.02627600
vt 0.38462201 0.02841800
vt 0.38376501 0.02964700
vt 0.38137299 0.02754800
vt 0.36916801 0.03503800
vt 0.37108099 0.03748000
vt 0.37096101 0.03870300
vt 0.36894599 0.03622800
vt 0.36792400 0.03283700
vt 0.36916801 0.03503800
vt 0.36894599 0.03622800
vt 0.36781499 0.03402400
vt 0.30129701 0.34038600
vt 0.29890499 0.34130201
vt 0.29877001 0.34071499
vt 0.30118299 0.33983701
vt 0.31422400 0.34669399
vt 0.31361100 0.35089400
vt 0.31139001 0.35036200
vt 0.31088701 0.34683901
vt 0.31361100 0.35089400
vt 0.31198901 0.35503599
vt 0.31022599 0.35368001
vt 0.31139001 0.35036200
vt 0.38420999 0.02511700
vt 0.38167900 0.02295500
vt 0.38195899 0.02250900
vt 0.38466099 0.02475100
vt 0.31198901 0.35503599
vt 0.30897799 0.35799000
vt 0.30785200 0.35614401
vt 0.31022599 0.35368001
vt 0.38167900 0.02295500
vt 0.37862301 0.02166700
vt 0.37875399 0.02109600
vt 0.38195899 0.02250900
vt 0.30897799 0.35799000
vt 0.30528700 0.35960400
vt 0.30479199 0.35737300
vt 0.30785200 0.35614401
vt 0.14929400 0.16733800
vt 0.14487401 0.16831900
vt 0.14732800 0.15527600
vt 0.15154900 0.15346000
vt 0.15154900 0.15346000
vt 0.17405000 0.15347500
vt 0.17327200 0.16828200
vt 0.14929400 0.16733800
vt 0.15154900 0.15346000
vt 0.14732800 0.15527600
vt 0.14716500 0.14534000
vt 0.15174399 0.14318600
vt 0.15174399 0.14318600
vt 0.17465000 0.14220899
vt 0.17405000 0.15347500
vt 0.15154900 0.15346000
vt 0.17405000 0.15347500
vt 0.19656700 0.15589800
vt 0.19735099 0.16993800
vt 0.17327200 0.16828200
vt 0.19747099 0.14566000
vt 0.19656700 0.15589800
vt 0.17405000 0.15347500
vt 0.17465000 0.14220899
vt 0.17516799 0.13254100
vt 0.20048000 0.13642199
vt 0.19747099 0.14566000
vt 0.17465000 0.14220899
vt 0.14974000 0.13367900
vt 0.17516799 0.13254100
vt 0.17465000 0.14220899
vt 0.15174399 0.14318600
vt 0.69700903 0.57331002
vt 0.68757898 0.57071698
vt 0.69701898 0.54758501
vt 0.70573002 0.55193502
vt 0.71750098 0.53225702
vt 0.70573002 0.55193502
vt 0.69701898 0.54758501
vt 0.70976299 0.52627599
vt 0.70573002 0.55193502
vt 0.71750098 0.53225702
vt 0.72737098 0.53729397
vt 0.71638000 0.55725002
vt 0.70697200 0.57816601
vt 0.69700903 0.57331002
vt 0.70573002 0.55193502
vt 0.71638000 0.55725002
vt 0.68757898 0.57071698
vt 0.69700903 0.57331002
vt 0.69729698 0.57836199
vt 0.68763298 0.57685298
vt 0.69729698 0.57836199
vt 0.69700903 0.57331002
vt 0.70697200 0.57816601
vt 0.70682597 0.58274299
vt 0.68763298 0.57685298
vt 0.69729698 0.57836199
vt 0.70037800 0.58556700
vt 0.69028902 0.58616000
vt 0.69729698 0.57836199
vt 0.70682597 0.58274299
vt 0.71015501 0.58814400
vt 0.70037800 0.58556700
vt 0.69028902 0.58616000
vt 0.70037800 0.58556700
vt 0.71191102 0.60336298
vt 0.70172298 0.60669500
vt 0.70037800 0.58556700
vt 0.71015501 0.58814400
vt 0.72197998 0.60304302
vt 0.71191102 0.60336298
vt 0.71191102 0.60336298
vt 0.77104998 0.67316002
vt 0.75770700 0.68110001
vt 0.70172298 0.60669500
vt 0.78220803 0.66645098
vt 0.77104998 0.67316002
vt 0.71191102 0.60336298
vt 0.72197998 0.60304302
vt 0.77104998 0.67316002
vt 0.78220803 0.66645098
vt 0.78423297 0.66875499
vt 0.77302599 0.67560798
vt 0.75770700 0.68110001
vt 0.77104998 0.67316002
vt 0.77302599 0.67560798
vt 0.75963700 0.68361598
vt 0.77368897 0.67673898
vt 0.76034099 0.68465197
vt 0.75963700 0.68361598
vt 0.77302599 0.67560798
vt 0.78495997 0.67005497
vt 0.77368897 0.67673898
vt 0.77302599 0.67560798
vt 0.78423297 0.66875499
vt 0.79252797 0.66543603
vt 0.78495997 0.67005497
vt 0.78423297 0.66875499
vt 0.79158700 0.66395402
vt 0.78220803 0.66645098
vt 0.78948998 0.66188401
vt 0.79158700 0.66395402
vt 0.78423297 0.66875499
vt 0.79676801 0.66251099
vt 0.79252797 0.66543603
vt 0.79158700 0.66395402
vt 0.79543602 0.66097999
vt 0.78948998 0.66188401
vt 0.79335600 0.65925300
vt 0.79543602 0.66097999
vt 0.79158700 0.66395402
vt 0.79709601 0.65945703
vt 0.79867703 0.66076601
vt 0.79676801 0.66251099
vt 0.79543602 0.66097999
vt 0.79709601 0.65945703
vt 0.79543602 0.66097999
vt 0.79335600 0.65925300
vt 0.79509401 0.65788299
vt 0.79335600 0.65925300
vt 0.78948998 0.66188401
vt 0.73177898 0.60602701
vt 0.79335600 0.65925300
vt 0.73177898 0.60602701
vt 0.72081202 0.59452802
vt 0.79509401 0.65788299
vt 0.79850101 0.65787202
vt 0.79709601 0.65945703
vt 0.79509401 0.65788299
vt 0.79642397 0.65621400
vt 0.72081202 0.59452802
vt 0.71859002 0.59071100
vt 0.79642397 0.65621400
vt 0.79509401 0.65788299
vt 0.70682597 0.58274299
vt 0.71859002 0.59071100
vt 0.72081202 0.59452802
vt 0.71015501 0.58814400
vt 0.71015501 0.58814400
vt 0.72081202 0.59452802
vt 0.73177898 0.60602701
vt 0.72197998 0.60304302
vt 0.80021697 0.65045100
vt 0.79642397 0.65621400
vt 0.71859002 0.59071100
vt 0.71998698 0.58647698
vt 0.70697200 0.57816601
vt 0.71998698 0.58647698
vt 0.71859002 0.59071100
vt 0.70682597 0.58274299
vt 0.73059303 0.56433702
vt 0.71998698 0.58647698
vt 0.70697200 0.57816601
vt 0.71638000 0.55725002
vt 0.73059303 0.56433702
vt 0.82232201 0.60999101
vt 0.80021697 0.65045100
vt 0.71998698 0.58647698
vt 0.79642397 0.65621400
vt 0.80021697 0.65045100
vt 0.80250800 0.65200400
vt 0.79850101 0.65787202
vt 0.80021697 0.65045100
vt 0.82232201 0.60999101
vt 0.82481700 0.61123401
vt 0.80250800 0.65200400
vt 0.84118903 0.56833702
vt 0.84380698 0.56923401
vt 0.82481700 0.61123401
vt 0.82232201 0.60999101
vt 0.73059303 0.56433702
vt 0.74184000 0.54269397
vt 0.84118903 0.56833702
vt 0.82232201 0.60999101
vt 0.84348500 0.56191099
vt 0.84118903 0.56833702
vt 0.74184000 0.54269397
vt 0.74436402 0.53906900
vt 0.84118903 0.56833702
vt 0.84348500 0.56191099
vt 0.84605998 0.56257600
vt 0.84380698 0.56923401
vt 0.74875301 0.53854299
vt 0.84401900 0.55984497
vt 0.84348500 0.56191099
vt 0.74436402 0.53906900
vt 0.84605998 0.56257600
vt 0.84348500 0.56191099
vt 0.84401900 0.55984497
vt 0.84648001 0.56050003
vt 0.84802598 0.56332898
vt 0.84569103 0.57023102
vt 0.84380698 0.56923401
vt 0.84605998 0.56257600
vt 0.84802598 0.56332898
vt 0.84605998 0.56257600
vt 0.84648001 0.56050003
vt 0.84847897 0.56097698
vt 0.84648001 0.56050003
vt 0.84401900 0.55984497
vt 0.84406799 0.55763203
vt 0.84670001 0.55825800
vt 0.84847897 0.56097698
vt 0.84648001 0.56050003
vt 0.84670001 0.55825800
vt 0.84872502 0.55840200
vt 0.84851497 0.55325502
vt 0.84872502 0.55840200
vt 0.84670001 0.55825800
vt 0.84676200 0.55339301
vt 0.84406799 0.55763203
vt 0.84384602 0.55295998
vt 0.84676200 0.55339301
vt 0.84670001 0.55825800
vt 0.76453298 0.54039502
vt 0.84384602 0.55295998
vt 0.84406799 0.55763203
vt 0.76453298 0.54039502
vt 0.84406799 0.55763203
vt 0.84401900 0.55984497
vt 0.74875301 0.53854299
vt 0.84311903 0.54439402
vt 0.84384602 0.55295998
vt 0.76453298 0.54039502
vt 0.75625497 0.53435600
vt 0.84384602 0.55295998
vt 0.84311903 0.54439402
vt 0.84617901 0.54462802
vt 0.84676200 0.55339301
vt 0.75045300 0.52611899
vt 0.84177500 0.53144097
vt 0.84311903 0.54439402
vt 0.75625497 0.53435600
vt 0.84311903 0.54439402
vt 0.84177500 0.53144097
vt 0.84491998 0.53154999
vt 0.84617901 0.54462802
vt 0.84622699 0.53140002
vt 0.84765899 0.54442799
vt 0.84617901 0.54462802
vt 0.84491998 0.53154999
vt 0.84765899 0.54442799
vt 0.84851497 0.55325502
vt 0.84676200 0.55339301
vt 0.84617901 0.54462802
vt 0.84452897 0.51597297
vt 0.84622699 0.53140002
vt 0.84491998 0.53154999
vt 0.84327197 0.51603299
vt 0.84177500 0.53144097
vt 0.84009898 0.51600301
vt 0.84327197 0.51603299
vt 0.84491998 0.53154999
vt 0.08282600 0.25083700
vt 0.06838800 0.24448100
vt 0.06896500 0.24334100
vt 0.08351400 0.24967299
vt 0.09502200 0.25618300
vt 0.08282600 0.25083700
vt 0.08351400 0.24967299
vt 0.09583200 0.25487000
vt 0.10331500 0.25970101
vt 0.09502200 0.25618300
vt 0.09583200 0.25487000
vt 0.10419100 0.25811401
vt 0.08505200 0.24689800
vt 0.09722800 0.25214499
vt 0.09583200 0.25487000
vt 0.08351400 0.24967299
vt 0.09722800 0.25214499
vt 0.10537400 0.25546300
vt 0.10419100 0.25811401
vt 0.09583200 0.25487000
vt 0.09722800 0.25214499
vt 0.08505200 0.24689800
vt 0.12765899 0.16725101
vt 0.13298500 0.17597800
vt 0.13478200 0.18598400
vt 0.10537400 0.25546300
vt 0.09722800 0.25214499
vt 0.13298500 0.17597800
vt 0.14107201 0.15049900
vt 0.14320301 0.16029701
vt 0.13298500 0.17597800
vt 0.12765899 0.16725101
vt 0.14320301 0.16029701
vt 0.14198899 0.17217600
vt 0.13478200 0.18598400
vt 0.13298500 0.17597800
vt 0.14732800 0.15527600
vt 0.14487401 0.16831900
vt 0.14198899 0.17217600
vt 0.14320301 0.16029701
vt 0.14716500 0.14534000
vt 0.14732800 0.15527600
vt 0.14320301 0.16029701
vt 0.14107201 0.15049900
vt 0.13556500 0.14174099
vt 0.14107201 0.15049900
vt 0.12765899 0.16725101
vt 0.11934300 0.16008200
vt 0.14387800 0.13605700
vt 0.14716500 0.14534000
vt 0.14107201 0.15049900
vt 0.13556500 0.14174099
vt 0.15174399 0.14318600
vt 0.14716500 0.14534000
vt 0.14387800 0.13605700
vt 0.14974000 0.13367900
vt 0.71466798 0.52266902
vt 0.72168398 0.52948302
vt 0.71750098 0.53225702
vt 0.70976299 0.52627599
vt 0.72168398 0.52948302
vt 0.71466798 0.52266902
vt 0.72369802 0.51919502
vt 0.72929502 0.52761298
vt 0.71750098 0.53225702
vt 0.72168398 0.52948302
vt 0.73091799 0.53446198
vt 0.72737098 0.53729397
vt 0.73091799 0.53446198
vt 0.72168398 0.52948302
vt 0.72929502 0.52761298
vt 0.73723799 0.53387398
vt 0.73091799 0.53446198
vt 0.74436402 0.53906900
vt 0.74184000 0.54269397
vt 0.72737098 0.53729397
vt 0.74436402 0.53906900
vt 0.73091799 0.53446198
vt 0.73723799 0.53387398
vt 0.74875301 0.53854299
vt 0.74184000 0.54269397
vt 0.73059303 0.56433702
vt 0.71638000 0.55725002
vt 0.72737098 0.53729397
vt 0.73723799 0.53387398
vt 0.72929502 0.52761298
vt 0.75045300 0.52611899
vt 0.75625497 0.53435600
vt 0.74875301 0.53854299
vt 0.73723799 0.53387398
vt 0.75625497 0.53435600
vt 0.76453298 0.54039502
vt 0.72929502 0.52761298
vt 0.72369802 0.51919502
vt 0.74698502 0.51597297
vt 0.75045300 0.52611899
vt 0.84009898 0.51600301
vt 0.84177500 0.53144097
vt 0.75045300 0.52611899
vt 0.74698502 0.51597297
vt 0.12765899 0.16725101
vt 0.08505200 0.24689800
vt 0.07058800 0.24055301
vt 0.11934300 0.16008200
vt 0.07058800 0.24055301
vt 0.08505200 0.24689800
vt 0.08351400 0.24967299
vt 0.06896500 0.24334100
vt 0.14487401 0.16831900
vt 0.13872400 0.18963100
vt 0.13643999 0.19148000
vt 0.14198899 0.17217600
vt 0.14198899 0.17217600
vt 0.13643999 0.19148000
vt 0.13324501 0.19663399
vt 0.13478200 0.18598400
vt 0.11213000 0.25777200
vt 0.13643999 0.19148000
vt 0.13872400 0.18963100
vt 0.11420800 0.25818199
vt 0.11213000 0.25777200
vt 0.10993500 0.25712401
vt 0.13324501 0.19663399
vt 0.13643999 0.19148000
vt 0.14375000 0.18961400
vt 0.13872400 0.18963100
vt 0.14487401 0.16831900
vt 0.14929400 0.16733800
vt 0.12106000 0.25940499
vt 0.11420800 0.25818199
vt 0.13872400 0.18963100
vt 0.14375000 0.18961400
vt 0.11339900 0.26071900
vt 0.11125100 0.26014501
vt 0.11213000 0.25777200
vt 0.11420800 0.25818199
vt 0.11420800 0.25818199
vt 0.12106000 0.25940499
vt 0.12047400 0.26214001
vt 0.11339900 0.26071900
vt 0.12106000 0.25940499
vt 0.16834299 0.26431900
vt 0.16806801 0.26713800
vt 0.12047400 0.26214001
vt 0.16834299 0.26431900
vt 0.12106000 0.25940499
vt 0.14375000 0.18961400
vt 0.17211100 0.19099399
vt 0.21606900 0.26434100
vt 0.16834299 0.26431900
vt 0.17211100 0.19099399
vt 0.20060600 0.19266801
vt 0.21606900 0.26434100
vt 0.21616200 0.26712599
vt 0.16806801 0.26713800
vt 0.16834299 0.26431900
vt 0.20060600 0.19266801
vt 0.20548700 0.19321799
vt 0.22255300 0.26387501
vt 0.21606900 0.26434100
vt 0.21606900 0.26434100
vt 0.22255300 0.26387501
vt 0.22305100 0.26647699
vt 0.21616200 0.26712599
vt 0.22312500 0.26873001
vt 0.21580800 0.26940399
vt 0.21616200 0.26712599
vt 0.22305100 0.26647699
vt 0.21580800 0.26940399
vt 0.16781799 0.26940501
vt 0.16806801 0.26713800
vt 0.21616200 0.26712599
vt 0.22517399 0.26614800
vt 0.22550701 0.26832601
vt 0.22312500 0.26873001
vt 0.22305100 0.26647699
vt 0.22749799 0.26588100
vt 0.22806600 0.26785699
vt 0.22550701 0.26832601
vt 0.22517399 0.26614800
vt 0.23309600 0.26657099
vt 0.22806600 0.26785699
vt 0.22749799 0.26588100
vt 0.23239900 0.26490200
vt 0.24170800 0.26397401
vt 0.23309600 0.26657099
vt 0.23239900 0.26490200
vt 0.24104799 0.26258901
vt 0.25439000 0.25997800
vt 0.24170800 0.26397401
vt 0.24104799 0.26258901
vt 0.25383401 0.25875399
vt 0.26940501 0.25521901
vt 0.25439000 0.25997800
vt 0.25383401 0.25875399
vt 0.26895601 0.25402901
vt 0.23995499 0.25973499
vt 0.25260600 0.25583601
vt 0.25383401 0.25875399
vt 0.24104799 0.26258901
vt 0.25260600 0.25583601
vt 0.26764601 0.25108901
vt 0.26895601 0.25402901
vt 0.25383401 0.25875399
vt 0.26764601 0.25108901
vt 0.25260600 0.25583601
vt 0.21884900 0.17218199
vt 0.22788000 0.16595700
vt 0.21262100 0.18027700
vt 0.21884900 0.17218199
vt 0.25260600 0.25583601
vt 0.23995499 0.25973499
vt 0.23150900 0.26214501
vt 0.23995499 0.25973499
vt 0.24104799 0.26258901
vt 0.23239900 0.26490200
vt 0.23995499 0.25973499
vt 0.23150900 0.26214501
vt 0.20976201 0.19001999
vt 0.21262100 0.18027700
vt 0.20415699 0.16359800
vt 0.20733000 0.15409300
vt 0.21884900 0.17218199
vt 0.21262100 0.18027700
vt 0.20408399 0.17553000
vt 0.20415699 0.16359800
vt 0.21262100 0.18027700
vt 0.20976201 0.19001999
vt 0.20163800 0.17138700
vt 0.20059800 0.15816300
vt 0.20415699 0.16359800
vt 0.20408399 0.17553000
vt 0.20059800 0.15816300
vt 0.20183000 0.14830799
vt 0.20733000 0.15409300
vt 0.20415699 0.16359800
vt 0.19656700 0.15589800
vt 0.19747099 0.14566000
vt 0.20183000 0.14830799
vt 0.20059800 0.15816300
vt 0.20163800 0.17138700
vt 0.19735099 0.16993800
vt 0.19656700 0.15589800
vt 0.20059800 0.15816300
vt 0.20548700 0.19321799
vt 0.20060600 0.19266801
vt 0.19735099 0.16993800
vt 0.20163800 0.17138700
vt 0.20548700 0.19321799
vt 0.20163800 0.17138700
vt 0.20408399 0.17553000
vt 0.20752800 0.19529800
vt 0.20752800 0.19529800
vt 0.22455899 0.26369900
vt 0.22255300 0.26387501
vt 0.20548700 0.19321799
vt 0.21014400 0.20075800
vt 0.22680201 0.26329499
vt 0.22455899 0.26369900
vt 0.20752800 0.19529800
vt 0.20752800 0.19529800
vt 0.20408399 0.17553000
vt 0.20976201 0.19001999
vt 0.21014400 0.20075800
vt 0.22749799 0.26588100
vt 0.22517399 0.26614800
vt 0.22455899 0.26369900
vt 0.22680201 0.26329499
vt 0.22517399 0.26614800
vt 0.22305100 0.26647699
vt 0.22255300 0.26387501
vt 0.22455899 0.26369900
vt 0.22680201 0.26329499
vt 0.23150900 0.26214501
vt 0.23239900 0.26490200
vt 0.22749799 0.26588100
vt 0.20976201 0.19001999
vt 0.23150900 0.26214501
vt 0.22680201 0.26329499
vt 0.21014400 0.20075800
vt 0.19735099 0.16993800
vt 0.20060600 0.19266801
vt 0.17211100 0.19099399
vt 0.17327200 0.16828200
vt 0.20183000 0.14830799
vt 0.19747099 0.14566000
vt 0.20048000 0.13642199
vt 0.20609701 0.13943601
vt 0.20183000 0.14830799
vt 0.20609701 0.13943601
vt 0.21374600 0.14598399
vt 0.20733000 0.15409300
vt 0.20733000 0.15409300
vt 0.21374600 0.14598399
vt 0.22788000 0.16595700
vt 0.21884900 0.17218199
vt 0.12037200 0.26441401
vt 0.12047400 0.26214001
vt 0.16806801 0.26713800
vt 0.16781799 0.26940501
vt 0.12037200 0.26441401
vt 0.11304900 0.26294500
vt 0.11339900 0.26071900
vt 0.12047400 0.26214001
vt 0.11339900 0.26071900
vt 0.11304900 0.26294500
vt 0.11068200 0.26227599
vt 0.11125100 0.26014501
vt 0.11125100 0.26014501
vt 0.11068200 0.26227599
vt 0.10818300 0.26152900
vt 0.10896200 0.25962299
vt 0.11125100 0.26014501
vt 0.10896200 0.25962299
vt 0.10993500 0.25712401
vt 0.11213000 0.25777200
vt 0.10818300 0.26152900
vt 0.10331500 0.25970101
vt 0.10419100 0.25811401
vt 0.10896200 0.25962299
vt 0.10537400 0.25546300
vt 0.10993500 0.25712401
vt 0.10896200 0.25962299
vt 0.10419100 0.25811401
vt 0.10993500 0.25712401
vt 0.10537400 0.25546300
vt 0.13478200 0.18598400
vt 0.13324501 0.19663399
vt 0.14929400 0.16733800
vt 0.17327200 0.16828200
vt 0.17211100 0.19099399
vt 0.14375000 0.18961400
vt 0.84569103 0.57023102
vt 0.82671499 0.61218297
vt 0.82481700 0.61123401
vt 0.84380698 0.56923401
vt 0.80443603 0.65290898
vt 0.80250800 0.65200400
vt 0.82481700 0.61123401
vt 0.82671499 0.61218297
vt 0.80443603 0.65290898
vt 0.80028403 0.65899003
vt 0.79850101 0.65787202
vt 0.80250800 0.65200400
vt 0.79850101 0.65787202
vt 0.80028403 0.65899003
vt 0.79867703 0.66076601
vt 0.79709601 0.65945703
vt 0.73177898 0.60602701
vt 0.78948998 0.66188401
vt 0.78220803 0.66645098
vt 0.72197998 0.60304302
vt 0.01633000 0.19389600
vt 0.01588000 0.19653299
vt 0.01334700 0.19591400
vt 0.01488500 0.19302100
vt 0.01885300 0.19291700
vt 0.01633000 0.19389600
vt 0.01488500 0.19302100
vt 0.01732700 0.19110800
vt 0.01633000 0.19389600
vt 0.01885300 0.19291700
vt 0.02180800 0.19829400
vt 0.01588000 0.19653299
vt 0.02108400 0.19086599
vt 0.02365300 0.19274300
vt 0.02180800 0.19829400
vt 0.01885300 0.19291700
vt 0.02108400 0.19086599
vt 0.01885300 0.19291700
vt 0.01732700 0.19110800
vt 0.01952800 0.18986399
vt 0.02058600 0.18931501
vt 0.02209700 0.18976200
vt 0.02108400 0.19086599
vt 0.01952800 0.18986399
vt 0.02209700 0.18976200
vt 0.02454500 0.19089900
vt 0.02365300 0.19274300
vt 0.02108400 0.19086599
vt 0.02089300 0.18895300
vt 0.02241200 0.18937400
vt 0.02209700 0.18976200
vt 0.02058600 0.18931501
vt 0.02241200 0.18937400
vt 0.02484500 0.19044800
vt 0.02454500 0.19089900
vt 0.02209700 0.18976200
vt 0.02454500 0.19089900
vt 0.02696300 0.19257300
vt 0.02608200 0.19345100
vt 0.02365300 0.19274300
vt 0.02484500 0.19044800
vt 0.02729900 0.19223499
vt 0.02696300 0.19257300
vt 0.02454500 0.19089900
vt 0.02806800 0.19144300
vt 0.02729900 0.19223499
vt 0.02484500 0.19044800
vt 0.02540700 0.18944401
vt 0.02540700 0.18944401
vt 0.02484500 0.19044800
vt 0.02241200 0.18937400
vt 0.02277700 0.18824700
vt 0.02540700 0.18944401
vt 0.02277700 0.18824700
vt 0.02277600 0.18771200
vt 0.02566600 0.18892400
vt 0.02806800 0.19144300
vt 0.02540700 0.18944401
vt 0.02566600 0.18892400
vt 0.02844200 0.19107200
vt 0.82101202 0.05436500
vt 0.81784898 0.05121000
vt 0.81965399 0.04978100
vt 0.82204300 0.05237900
vt 0.81784898 0.05121000
vt 0.81558800 0.04757300
vt 0.81872600 0.04631400
vt 0.81965399 0.04978100
vt 0.81965399 0.04978100
vt 0.81872600 0.04631400
vt 0.82011902 0.04626700
vt 0.82086498 0.04909500
vt 0.82204300 0.05237900
vt 0.81965399 0.04978100
vt 0.82086498 0.04909500
vt 0.82280499 0.05126400
vt 0.81872600 0.04631400
vt 0.81951600 0.04295900
vt 0.82068598 0.04343500
vt 0.82011902 0.04626700
vt 0.81951600 0.04295900
vt 0.82124001 0.04051100
vt 0.82203102 0.04119600
vt 0.82068598 0.04343500
vt 0.82124001 0.04051100
vt 0.82321399 0.03897300
vt 0.82368898 0.03974600
vt 0.82203102 0.04119600
vt 0.82321399 0.03897300
vt 0.82529002 0.03813500
vt 0.82546502 0.03899200
vt 0.82368898 0.03974600
vt 0.82321399 0.03897300
vt 0.82124001 0.04051100
vt 0.82023501 0.03898400
vt 0.82257402 0.03754400
vt 0.82529002 0.03813500
vt 0.82321399 0.03897300
vt 0.82257402 0.03754400
vt 0.82497001 0.03664100
vt 0.82752699 0.03810200
vt 0.82529002 0.03813500
vt 0.82497001 0.03664100
vt 0.82752401 0.03654100
vt 0.82529002 0.03813500
vt 0.82752699 0.03810200
vt 0.82738000 0.03898700
vt 0.82546502 0.03899200
vt 0.82497001 0.03664100
vt 0.82257402 0.03754400
vt 0.82244200 0.03695600
vt 0.82485902 0.03609200
vt 0.82752401 0.03654100
vt 0.82497001 0.03664100
vt 0.82485902 0.03609200
vt 0.82741803 0.03594900
vt 0.83023602 0.03696900
vt 0.82752401 0.03654100
vt 0.82741803 0.03594900
vt 0.83011198 0.03639100
vt 0.82993400 0.03881200
vt 0.82752699 0.03810200
vt 0.82752401 0.03654100
vt 0.83023602 0.03696900
vt 0.83253002 0.04036600
vt 0.82993400 0.03881200
vt 0.83023602 0.03696900
vt 0.83320600 0.03820500
vt 0.83320600 0.03820500
vt 0.83023602 0.03696900
vt 0.83011198 0.03639100
vt 0.83307499 0.03749200
vt 0.83459002 0.04310400
vt 0.83253002 0.04036600
vt 0.83320600 0.03820500
vt 0.83618498 0.03960600
vt 0.83618498 0.03960600
vt 0.83320600 0.03820500
vt 0.83307499 0.03749200
vt 0.83585697 0.03883500
vt 0.83767498 0.04044100
vt 0.83791298 0.04295100
vt 0.83459002 0.04310400
vt 0.83618498 0.03960600
vt 0.83719599 0.03949700
vt 0.83767498 0.04044100
vt 0.83618498 0.03960600
vt 0.83585697 0.03883500
vt 0.83585697 0.03883500
vt 0.83657098 0.02659700
vt 0.83792901 0.02632300
vt 0.83719599 0.03949700
vt 0.83307499 0.03749200
vt 0.83333701 0.02724900
vt 0.83657098 0.02659700
vt 0.83585697 0.03883500
vt 0.83657098 0.02659700
vt 0.83111399 0.01552600
vt 0.83208299 0.01438100
vt 0.83792901 0.02632300
vt 0.82907999 0.01785100
vt 0.83111399 0.01552600
vt 0.83657098 0.02659700
vt 0.83333701 0.02724900
vt 0.83011198 0.03639100
vt 0.82971603 0.02798000
vt 0.83333701 0.02724900
vt 0.83307499 0.03749200
vt 0.82971603 0.02798000
vt 0.82678401 0.02002000
vt 0.82907999 0.01785100
vt 0.83333701 0.02724900
vt 0.82666898 0.01943800
vt 0.82891399 0.01714100
vt 0.82907999 0.01785100
vt 0.82678401 0.02002000
vt 0.82891399 0.01714100
vt 0.83110398 0.01467700
vt 0.83111399 0.01552600
vt 0.82907999 0.01785100
vt 0.82741499 0.01547300
vt 0.82821500 0.01213000
vt 0.83110398 0.01467700
vt 0.82891399 0.01714100
vt 0.82564300 0.01789700
vt 0.82741499 0.01547300
vt 0.82891399 0.01714100
vt 0.82666898 0.01943800
vt 0.82821500 0.01213000
vt 0.82741499 0.01547300
vt 0.82625699 0.01499000
vt 0.82682699 0.01217300
vt 0.82741499 0.01547300
vt 0.82564300 0.01789700
vt 0.82484001 0.01719800
vt 0.82625699 0.01499000
vt 0.82564300 0.01789700
vt 0.82370502 0.01947100
vt 0.82323003 0.01871300
vt 0.82484001 0.01719800
vt 0.82370502 0.01947100
vt 0.82163000 0.02029800
vt 0.82146299 0.01944000
vt 0.82323003 0.01871300
vt 0.82370502 0.01947100
vt 0.82564300 0.01789700
vt 0.82666898 0.01943800
vt 0.82433999 0.02089000
vt 0.82163000 0.02029800
vt 0.82370502 0.01947100
vt 0.82433999 0.02089000
vt 0.82194799 0.02179100
vt 0.81939000 0.02032000
vt 0.82163000 0.02029800
vt 0.82194799 0.02179100
vt 0.81939203 0.02189200
vt 0.82163000 0.02029800
vt 0.81939000 0.02032000
vt 0.81953198 0.01942200
vt 0.82146299 0.01944000
vt 0.81696498 0.01965800
vt 0.81939000 0.02032000
vt 0.81939203 0.02189200
vt 0.81667697 0.02147600
vt 0.81939000 0.02032000
vt 0.81696498 0.01965800
vt 0.81743300 0.01871600
vt 0.81953198 0.01942200
vt 0.81696498 0.01965800
vt 0.81440902 0.01806300
vt 0.81529897 0.01715000
vt 0.81743300 0.01871600
vt 0.81440902 0.01806300
vt 0.81235498 0.01531000
vt 0.81364101 0.01480800
vt 0.81529897 0.01715000
vt 0.81235498 0.01531000
vt 0.81185597 0.01179300
vt 0.81322700 0.01195200
vt 0.81364101 0.01480800
vt 0.80902600 0.01545000
vt 0.80964100 0.01126000
vt 0.81185597 0.01179300
vt 0.81235498 0.01531000
vt 0.81235498 0.01531000
vt 0.81074101 0.01881400
vt 0.80925000 0.01797000
vt 0.80902600 0.01545000
vt 0.81235498 0.01531000
vt 0.81440902 0.01806300
vt 0.81371599 0.02022800
vt 0.81074101 0.01881400
vt 0.81074101 0.01881400
vt 0.81106800 0.01959100
vt 0.80972999 0.01892100
vt 0.80925000 0.01797000
vt 0.81074101 0.01881400
vt 0.81371599 0.02022800
vt 0.81384301 0.02094300
vt 0.81106800 0.01959100
vt 0.81440902 0.01806300
vt 0.81696498 0.01965800
vt 0.81667697 0.02147600
vt 0.81371599 0.02022800
vt 0.81371599 0.02022800
vt 0.81667697 0.02147600
vt 0.81679899 0.02205500
vt 0.81384301 0.02094300
vt 0.81667697 0.02147600
vt 0.81939203 0.02189200
vt 0.81949902 0.02248600
vt 0.81679899 0.02205500
vt 0.81384301 0.02094300
vt 0.81679899 0.02205500
vt 0.81720799 0.03052200
vt 0.81358600 0.03126300
vt 0.81720799 0.03052200
vt 0.81679899 0.02205500
vt 0.81949902 0.02248600
vt 0.82045501 0.02985900
vt 0.81939203 0.02189200
vt 0.82194799 0.02179100
vt 0.82205999 0.02234100
vt 0.81949902 0.02248600
vt 0.81949902 0.02248600
vt 0.82205999 0.02234100
vt 0.82346302 0.02924700
vt 0.82045501 0.02985900
vt 0.82012099 0.03840500
vt 0.81720799 0.03052200
vt 0.82045501 0.02985900
vt 0.82244200 0.03695600
vt 0.82244200 0.03695600
vt 0.82045501 0.02985900
vt 0.82346302 0.02924700
vt 0.82485902 0.03609200
vt 0.82257402 0.03754400
vt 0.82023501 0.03898400
vt 0.82012099 0.03840500
vt 0.82244200 0.03695600
vt 0.81783199 0.04058400
vt 0.81358600 0.03126300
vt 0.81720799 0.03052200
vt 0.82012099 0.03840500
vt 0.82023501 0.03898400
vt 0.81800002 0.04129200
vt 0.81783199 0.04058400
vt 0.82012099 0.03840500
vt 0.82124001 0.04051100
vt 0.81951600 0.04295900
vt 0.81800002 0.04129200
vt 0.82023501 0.03898400
vt 0.81800002 0.04129200
vt 0.81582099 0.04377100
vt 0.81580800 0.04292300
vt 0.81783199 0.04058400
vt 0.81951600 0.04295900
vt 0.81872600 0.04631400
vt 0.81582099 0.04377100
vt 0.81800002 0.04129200
vt 0.81558800 0.04757300
vt 0.81477898 0.04514700
vt 0.81582099 0.04377100
vt 0.81872600 0.04631400
vt 0.81477898 0.04514700
vt 0.81483901 0.04407300
vt 0.81580800 0.04292300
vt 0.81582099 0.04377100
vt 0.02109600 0.18777500
vt 0.01990500 0.18743999
vt 0.02024100 0.18711200
vt 0.02100600 0.18731400
vt 0.02277700 0.18824700
vt 0.02109600 0.18777500
vt 0.02100600 0.18731400
vt 0.02277600 0.18771200
vt 0.01990500 0.18743999
vt 0.01991000 0.17690700
vt 0.02034100 0.17690700
vt 0.02024100 0.18711200
vt 0.81483901 0.04407300
vt 0.80898798 0.03220600
vt 0.81034899 0.03192700
vt 0.81580800 0.04292300
vt 0.01991000 0.17690700
vt 0.01991200 0.16627800
vt 0.02025500 0.16661200
vt 0.02034100 0.17690700
vt 0.80972999 0.01892100
vt 0.81106800 0.01959100
vt 0.81034899 0.03192700
vt 0.80898798 0.03220600
vt 0.81106800 0.01959100
vt 0.81384301 0.02094300
vt 0.81358600 0.03126300
vt 0.81034899 0.03192700
vt 0.81358600 0.03126300
vt 0.81783199 0.04058400
vt 0.81580800 0.04292300
vt 0.81034899 0.03192700
vt 0.00179600 0.16624101
vt 0.01991200 0.16627800
vt 0.01991000 0.17690700
vt 0.00174000 0.17687801
vt 0.00174000 0.17687801
vt 0.01991000 0.17690700
vt 0.01990500 0.18743999
vt 0.00179700 0.18743999
vt 0.00182000 0.16466700
vt 0.01971800 0.16490901
vt 0.01991200 0.16627800
vt 0.00179600 0.16624101
vt 0.01942600 0.16448300
vt 0.01971800 0.16490901
vt 0.00182000 0.16466700
vt 0.00182600 0.16417100
vt 0.02089500 0.16475099
vt 0.01971800 0.16490901
vt 0.01942600 0.16448300
vt 0.02058800 0.16439000
vt 0.02089500 0.16475099
vt 0.02110000 0.16592900
vt 0.01991200 0.16627800
vt 0.01971800 0.16490901
vt 0.02241400 0.16432901
vt 0.02089500 0.16475099
vt 0.02058800 0.16439000
vt 0.02209900 0.16394100
vt 0.02277900 0.16545700
vt 0.02110000 0.16592900
vt 0.02089500 0.16475099
vt 0.02241400 0.16432901
vt 0.02058800 0.16439000
vt 0.01942600 0.16448300
vt 0.01834300 0.16395099
vt 0.01953000 0.16384199
vt 0.02209900 0.16394100
vt 0.02058800 0.16439000
vt 0.01953000 0.16384199
vt 0.02108500 0.16283900
vt 0.02484600 0.16325501
vt 0.02241400 0.16432901
vt 0.02209900 0.16394100
vt 0.02454600 0.16280399
vt 0.02454600 0.16280399
vt 0.02209900 0.16394100
vt 0.02108500 0.16283900
vt 0.02365400 0.16096100
vt 0.02730000 0.16146700
vt 0.02484600 0.16325501
vt 0.02454600 0.16280399
vt 0.02696400 0.16112900
vt 0.02696400 0.16112900
vt 0.02454600 0.16280399
vt 0.02365400 0.16096100
vt 0.02608300 0.16025101
vt 0.02901000 0.15905701
vt 0.02730000 0.16146700
vt 0.02696400 0.16112900
vt 0.02857600 0.15883400
vt 0.02857600 0.15883400
vt 0.02696400 0.16112900
vt 0.02608300 0.16025101
vt 0.02685100 0.15800300
vt 0.02938000 0.15624100
vt 0.02857600 0.15883400
vt 0.02685100 0.15800300
vt 0.02819600 0.15611000
vt 0.02981400 0.15628800
vt 0.02901000 0.15905701
vt 0.02857600 0.15883400
vt 0.02938000 0.15624100
vt 0.02963000 0.15341100
vt 0.02981400 0.15628800
vt 0.02938000 0.15624100
vt 0.02915800 0.15353499
vt 0.02915800 0.15353499
vt 0.02938000 0.15624100
vt 0.02819600 0.15611000
vt 0.02729300 0.15397100
vt 0.02848400 0.15068699
vt 0.02963000 0.15341100
vt 0.02915800 0.15353499
vt 0.02808200 0.15094399
vt 0.02808200 0.15094399
vt 0.02915800 0.15353499
vt 0.02729300 0.15397100
vt 0.02703200 0.15160900
vt 0.02647600 0.14840800
vt 0.02848400 0.15068699
vt 0.02808200 0.15094399
vt 0.02608600 0.14878300
vt 0.02608600 0.14878300
vt 0.02808200 0.15094399
vt 0.02703200 0.15160900
vt 0.02481400 0.15038900
vt 0.02433400 0.14683001
vt 0.02647600 0.14840800
vt 0.02608600 0.14878300
vt 0.02394300 0.14714099
vt 0.02394300 0.14714099
vt 0.02608600 0.14878300
vt 0.02481400 0.15038900
vt 0.02271400 0.14799801
vt 0.02703200 0.15160900
vt 0.02729300 0.15397100
vt 0.02180700 0.15540899
vt 0.02481400 0.15038900
vt 0.02271400 0.14799801
vt 0.02481400 0.15038900
vt 0.02180700 0.15540899
vt 0.02008800 0.14951700
vt 0.02256400 0.14637400
vt 0.02394300 0.14714099
vt 0.02271400 0.14799801
vt 0.02141100 0.14668100
vt 0.02271400 0.14799801
vt 0.02008800 0.14951700
vt 0.01899000 0.14742000
vt 0.02141100 0.14668100
vt 0.02008800 0.14951700
vt 0.01741200 0.14992800
vt 0.01619000 0.14876001
vt 0.01899000 0.14742000
vt 0.01741200 0.14992800
vt 0.02008800 0.14951700
vt 0.02180700 0.15540899
vt 0.01640100 0.15240499
vt 0.01741200 0.14992800
vt 0.01640100 0.15240499
vt 0.01406000 0.15125200
vt 0.01619000 0.14876001
vt 0.01475400 0.15463699
vt 0.01640100 0.15240499
vt 0.02180700 0.15540899
vt 0.01587900 0.15717299
vt 0.01640100 0.15240499
vt 0.01475400 0.15463699
vt 0.01294200 0.15443900
vt 0.01406000 0.15125200
vt 0.01406000 0.15125200
vt 0.01294200 0.15443900
vt 0.01163000 0.15429600
vt 0.01274300 0.15094300
vt 0.01619000 0.14876001
vt 0.01406000 0.15125200
vt 0.01274300 0.15094300
vt 0.01502100 0.14837800
vt 0.01163000 0.15429600
vt 0.00229700 0.15329100
vt 0.00279000 0.14944001
vt 0.01274300 0.15094300
vt 0.01274300 0.15094300
vt 0.00279000 0.14944001
vt 0.00335500 0.14626400
vt 0.01502100 0.14837800
vt 0.01199200 0.15781000
vt 0.00194500 0.15715800
vt 0.00229700 0.15329100
vt 0.01163000 0.15429600
vt 0.01366100 0.16080600
vt 0.00181000 0.16038600
vt 0.00194500 0.15715800
vt 0.01199200 0.15781000
vt 0.01613700 0.16282099
vt 0.00180000 0.16248600
vt 0.00181000 0.16038600
vt 0.01366100 0.16080600
vt 0.01834300 0.16395099
vt 0.00181900 0.16363201
vt 0.00180000 0.16248600
vt 0.01613700 0.16282099
vt 0.00181900 0.16363201
vt 0.01834300 0.16395099
vt 0.01942600 0.16448300
vt 0.00182600 0.16417100
vt 0.01732700 0.16259800
vt 0.01953000 0.16384199
vt 0.01834300 0.16395099
vt 0.01613700 0.16282099
vt 0.01488500 0.16068600
vt 0.01732700 0.16259800
vt 0.01613700 0.16282099
vt 0.01366100 0.16080600
vt 0.01885300 0.16078800
vt 0.02108500 0.16283900
vt 0.01953000 0.16384199
vt 0.01732700 0.16259800
vt 0.01633000 0.15981001
vt 0.01885300 0.16078800
vt 0.01732700 0.16259800
vt 0.01488500 0.16068600
vt 0.01633000 0.15981001
vt 0.01587900 0.15717299
vt 0.02180700 0.15540899
vt 0.01885300 0.16078800
vt 0.02108500 0.16283900
vt 0.01885300 0.16078800
vt 0.02180700 0.15540899
vt 0.02365400 0.16096100
vt 0.01587900 0.15717299
vt 0.01633000 0.15981001
vt 0.01488500 0.16068600
vt 0.01334500 0.15779300
vt 0.01475400 0.15463699
vt 0.01587900 0.15717299
vt 0.01334500 0.15779300
vt 0.01294200 0.15443900
vt 0.01294200 0.15443900
vt 0.01334500 0.15779300
vt 0.01199200 0.15781000
vt 0.01163000 0.15429600
vt 0.01334500 0.15779300
vt 0.01488500 0.16068600
vt 0.01366100 0.16080600
vt 0.01199200 0.15781000
vt 0.01502100 0.14837800
vt 0.00335500 0.14626400
vt 0.00380100 0.14421600
vt 0.01787600 0.14694500
vt 0.01787600 0.14694500
vt 0.00380100 0.14421600
vt 0.00407000 0.14310800
vt 0.02027500 0.14631701
vt 0.02141100 0.14668100
vt 0.01899000 0.14742000
vt 0.01787600 0.14694500
vt 0.02027500 0.14631701
vt 0.01899000 0.14742000
vt 0.01619000 0.14876001
vt 0.01502100 0.14837800
vt 0.01787600 0.14694500
vt 0.02027500 0.14631701
vt 0.00407000 0.14310800
vt 0.00419800 0.14258701
vt 0.02144800 0.14603101
vt 0.02144800 0.14603101
vt 0.02256400 0.14637400
vt 0.02141100 0.14668100
vt 0.02027500 0.14631701
vt 0.02182300 0.14567600
vt 0.02294100 0.14608701
vt 0.02256400 0.14637400
vt 0.02144800 0.14603101
vt 0.02144800 0.14603101
vt 0.00419800 0.14258701
vt 0.00430500 0.14209200
vt 0.02182300 0.14567600
vt 0.02182300 0.14567600
vt 0.00430500 0.14209200
vt 0.00462700 0.14051200
vt 0.02230700 0.14437599
vt 0.02230700 0.14437599
vt 0.00462700 0.14051200
vt 0.00678100 0.13014600
vt 0.02477200 0.13388400
vt 0.02473500 0.21971600
vt 0.00676300 0.22344799
vt 0.00463000 0.21317700
vt 0.02231100 0.20931500
vt 0.00431100 0.21161400
vt 0.02182900 0.20802701
vt 0.02231100 0.20931500
vt 0.00463000 0.21317700
vt 0.02294600 0.20761600
vt 0.02340400 0.20872100
vt 0.02231100 0.20931500
vt 0.02182900 0.20802701
vt 0.02231100 0.20931500
vt 0.02340400 0.20872100
vt 0.02342100 0.20919199
vt 0.02272300 0.20956001
vt 0.02272300 0.20956001
vt 0.02515700 0.21960101
vt 0.02473500 0.21971600
vt 0.02231100 0.20931500
vt 0.02145200 0.20767200
vt 0.02182900 0.20802701
vt 0.00431100 0.21161400
vt 0.00420400 0.21111999
vt 0.02145200 0.20767200
vt 0.02256900 0.20732901
vt 0.02294600 0.20761600
vt 0.02182900 0.20802701
vt 0.02256900 0.20732901
vt 0.02394700 0.20656200
vt 0.02433900 0.20687200
vt 0.02294600 0.20761600
vt 0.02494100 0.20789300
vt 0.02340400 0.20872100
vt 0.02294600 0.20761600
vt 0.02433900 0.20687200
vt 0.02648000 0.20529300
vt 0.02433900 0.20687200
vt 0.02394700 0.20656200
vt 0.02608900 0.20491800
vt 0.02494100 0.20789300
vt 0.02433900 0.20687200
vt 0.02648000 0.20529300
vt 0.02724800 0.20615000
vt 0.02724800 0.20615000
vt 0.02648000 0.20529300
vt 0.02848600 0.20301300
vt 0.02941000 0.20361900
vt 0.02848600 0.20301300
vt 0.02648000 0.20529300
vt 0.02608900 0.20491800
vt 0.02808400 0.20275700
vt 0.02608900 0.20491800
vt 0.02394700 0.20656200
vt 0.02271800 0.20570500
vt 0.02481700 0.20331299
vt 0.02808400 0.20275700
vt 0.02608900 0.20491800
vt 0.02481700 0.20331299
vt 0.02703400 0.20209201
vt 0.02703400 0.20209201
vt 0.02481700 0.20331299
vt 0.02180800 0.19829400
vt 0.02729500 0.19972999
vt 0.02271800 0.20570500
vt 0.02009200 0.20418601
vt 0.02180800 0.19829400
vt 0.02481700 0.20331299
vt 0.02915900 0.20016600
vt 0.02808400 0.20275700
vt 0.02703400 0.20209201
vt 0.02729500 0.19972999
vt 0.02819700 0.19759101
vt 0.02729500 0.19972999
vt 0.02180800 0.19829400
vt 0.02685100 0.19569901
vt 0.02938000 0.19746000
vt 0.02915900 0.20016600
vt 0.02729500 0.19972999
vt 0.02819700 0.19759101
vt 0.02857600 0.19486800
vt 0.02938000 0.19746000
vt 0.02819700 0.19759101
vt 0.02685100 0.19569901
vt 0.02696300 0.19257300
vt 0.02857600 0.19486800
vt 0.02685100 0.19569901
vt 0.02608200 0.19345100
vt 0.02608200 0.19345100
vt 0.02685100 0.19569901
vt 0.02180800 0.19829400
vt 0.02365300 0.19274300
vt 0.02901000 0.19464400
vt 0.02981400 0.19741200
vt 0.02938000 0.19746000
vt 0.02857600 0.19486800
vt 0.02729900 0.19223499
vt 0.02901000 0.19464400
vt 0.02857600 0.19486800
vt 0.02696300 0.19257300
vt 0.02999100 0.19414499
vt 0.02901000 0.19464400
vt 0.02729900 0.19223499
vt 0.02806800 0.19144300
vt 0.03092800 0.19729000
vt 0.02981400 0.19741200
vt 0.02901000 0.19464400
vt 0.02999100 0.19414499
vt 0.02981400 0.19741200
vt 0.02963100 0.20028999
vt 0.02915900 0.20016600
vt 0.02938000 0.19746000
vt 0.03069800 0.20056300
vt 0.02963100 0.20028999
vt 0.02981400 0.19741200
vt 0.03092800 0.19729000
vt 0.03092800 0.19729000
vt 0.02999100 0.19414499
vt 0.03051900 0.19389300
vt 0.03142200 0.19723500
vt 0.03069800 0.20056300
vt 0.03092800 0.19729000
vt 0.03142200 0.19723500
vt 0.03126800 0.20069399
vt 0.83269298 0.05424800
vt 0.82899898 0.05585800
vt 0.82850599 0.05362500
vt 0.83156800 0.05240300
vt 0.82899898 0.05585800
vt 0.82496297 0.05586200
vt 0.82520503 0.05370700
vt 0.82850599 0.05362500
vt 0.82496297 0.05586200
vt 0.82101202 0.05436500
vt 0.82204300 0.05237900
vt 0.82520503 0.05370700
vt 0.02999100 0.19414499
vt 0.02806800 0.19144300
vt 0.02844200 0.19107200
vt 0.03051900 0.19389300
vt 0.82520503 0.05370700
vt 0.82204300 0.05237900
vt 0.82280499 0.05126400
vt 0.82544601 0.05243000
vt 0.82850599 0.05362500
vt 0.82520503 0.05370700
vt 0.82544601 0.05243000
vt 0.82826501 0.05245100
vt 0.83156800 0.05240300
vt 0.82850599 0.05362500
vt 0.82826501 0.05245100
vt 0.83084500 0.05132600
vt 0.83393902 0.04993800
vt 0.83156800 0.05240300
vt 0.83084500 0.05132600
vt 0.83279902 0.04921900
vt 0.83509898 0.04661600
vt 0.83393902 0.04993800
vt 0.83279902 0.04921900
vt 0.83372802 0.04645900
vt 0.83570498 0.05129300
vt 0.83269298 0.05424800
vt 0.83156800 0.05240300
vt 0.83393902 0.04993800
vt 0.83731800 0.04714300
vt 0.83570498 0.05129300
vt 0.83393902 0.04993800
vt 0.83509898 0.04661600
vt 0.83459002 0.04310400
vt 0.83509898 0.04661600
vt 0.83372802 0.04645900
vt 0.83330899 0.04360900
vt 0.83791298 0.04295100
vt 0.83731800 0.04714300
vt 0.83509898 0.04661600
vt 0.83459002 0.04310400
vt 0.02724800 0.20615000
vt 0.02941000 0.20361900
vt 0.02985500 0.20389900
vt 0.02761400 0.20660099
vt 0.02494100 0.20789300
vt 0.02724800 0.20615000
vt 0.02761400 0.20660099
vt 0.02505900 0.20841500
vt 0.02340400 0.20872100
vt 0.02494100 0.20789300
vt 0.02505900 0.20841500
vt 0.02342100 0.20919199
vt 0.02941000 0.20361900
vt 0.03069800 0.20056300
vt 0.03126800 0.20069399
vt 0.02985500 0.20389900
vt 0.02941000 0.20361900
vt 0.02848600 0.20301300
vt 0.02963100 0.20028999
vt 0.03069800 0.20056300
vt 0.83253002 0.04036600
vt 0.83459002 0.04310400
vt 0.83330899 0.04360900
vt 0.83165300 0.04128000
vt 0.82993400 0.03881200
vt 0.83253002 0.04036600
vt 0.83165300 0.04128000
vt 0.82946002 0.03977300
vt 0.82752699 0.03810200
vt 0.82993400 0.03881200
vt 0.82946002 0.03977300
vt 0.82738000 0.03898700
vt 0.02963100 0.20028999
vt 0.02848600 0.20301300
vt 0.02808400 0.20275700
vt 0.02915900 0.20016600
vt 0.02009200 0.20418601
vt 0.02271800 0.20570500
vt 0.02141600 0.20702299
vt 0.01899400 0.20628400
vt 0.02141600 0.20702299
vt 0.02271800 0.20570500
vt 0.02394700 0.20656200
vt 0.02256900 0.20732901
vt 0.02028000 0.20738700
vt 0.02141600 0.20702299
vt 0.02256900 0.20732901
vt 0.02145200 0.20767200
vt 0.01899400 0.20628400
vt 0.02141600 0.20702299
vt 0.02028000 0.20738700
vt 0.01788000 0.20675901
vt 0.02028000 0.20738700
vt 0.00407600 0.21059901
vt 0.00380600 0.20949000
vt 0.01788000 0.20675901
vt 0.00407600 0.21059901
vt 0.02028000 0.20738700
vt 0.02145200 0.20767200
vt 0.00420400 0.21111999
vt 0.01788000 0.20675901
vt 0.00380600 0.20949000
vt 0.00336000 0.20744300
vt 0.01502500 0.20532700
vt 0.01502500 0.20532700
vt 0.00336000 0.20744300
vt 0.00279400 0.20426700
vt 0.01274700 0.20276301
vt 0.01406400 0.20245300
vt 0.01619400 0.20494500
vt 0.01502500 0.20532700
vt 0.01274700 0.20276301
vt 0.01619400 0.20494500
vt 0.01899400 0.20628400
vt 0.01788000 0.20675901
vt 0.01502500 0.20532700
vt 0.01741500 0.20377700
vt 0.02009200 0.20418601
vt 0.01899400 0.20628400
vt 0.01619400 0.20494500
vt 0.01640400 0.20130000
vt 0.01741500 0.20377700
vt 0.01619400 0.20494500
vt 0.01406400 0.20245300
vt 0.01475600 0.19906799
vt 0.01640400 0.20130000
vt 0.01406400 0.20245300
vt 0.01294500 0.19926700
vt 0.01294500 0.19926700
vt 0.01406400 0.20245300
vt 0.01274700 0.20276301
vt 0.01163300 0.19941100
vt 0.01334700 0.19591400
vt 0.01294500 0.19926700
vt 0.01163300 0.19941100
vt 0.01199400 0.19589700
vt 0.01588000 0.19653299
vt 0.01475600 0.19906799
vt 0.01294500 0.19926700
vt 0.01334700 0.19591400
vt 0.01488500 0.19302100
vt 0.01334700 0.19591400
vt 0.01199400 0.19589700
vt 0.01366200 0.19290100
vt 0.01199400 0.19589700
vt 0.00194800 0.19655100
vt 0.00181200 0.19332400
vt 0.01366200 0.19290100
vt 0.01163300 0.19941100
vt 0.00230100 0.20041800
vt 0.00194800 0.19655100
vt 0.01199400 0.19589700
vt 0.01732700 0.19110800
vt 0.01488500 0.19302100
vt 0.01366200 0.19290100
vt 0.01613700 0.19088601
vt 0.01366200 0.19290100
vt 0.00181200 0.19332400
vt 0.00180200 0.19122501
vt 0.01613700 0.19088601
vt 0.01613700 0.19088601
vt 0.00180200 0.19122501
vt 0.00182200 0.19008000
vt 0.01834100 0.18975499
vt 0.01942400 0.18922301
vt 0.01834100 0.18975499
vt 0.00182200 0.19008000
vt 0.00182900 0.18954000
vt 0.01952800 0.18986399
vt 0.01732700 0.19110800
vt 0.01613700 0.19088601
vt 0.01834100 0.18975499
vt 0.01942400 0.18922301
vt 0.02058600 0.18931501
vt 0.01952800 0.18986399
vt 0.01834100 0.18975499
vt 0.01971500 0.18879600
vt 0.02089300 0.18895300
vt 0.02058600 0.18931501
vt 0.01942400 0.18922301
vt 0.00182300 0.18903600
vt 0.01971500 0.18879600
vt 0.01942400 0.18922301
vt 0.00182900 0.18954000
vt 0.01971500 0.18879600
vt 0.00182300 0.18903600
vt 0.00179700 0.18743999
vt 0.01990500 0.18743999
vt 0.02109600 0.18777500
vt 0.02089300 0.18895300
vt 0.01971500 0.18879600
vt 0.01990500 0.18743999
vt 0.02241200 0.18937400
vt 0.02089300 0.18895300
vt 0.02109600 0.18777500
vt 0.02277700 0.18824700
vt 0.01274700 0.20276301
vt 0.00279400 0.20426700
vt 0.00230100 0.20041800
vt 0.01163300 0.19941100
vt 0.01475600 0.19906799
vt 0.01588000 0.19653299
vt 0.02180800 0.19829400
vt 0.01640400 0.20130000
vt 0.01741500 0.20377700
vt 0.01640400 0.20130000
vt 0.02180800 0.19829400
vt 0.02009200 0.20418601
vt 0.02271400 0.14412600
vt 0.02230700 0.14437599
vt 0.02477200 0.13388400
vt 0.02519400 0.13400000
vt 0.02339700 0.14497900
vt 0.02294100 0.14608701
vt 0.02182300 0.14567600
vt 0.02230700 0.14437599
vt 0.02271400 0.14412600
vt 0.02341100 0.14450701
vt 0.02339700 0.14497900
vt 0.02230700 0.14437599
vt 0.83111399 0.01552600
vt 0.83110398 0.01467700
vt 0.83214700 0.01330700
vt 0.83208299 0.01438100
vt 0.83110398 0.01467700
vt 0.82821500 0.01213000
vt 0.83135301 0.01088400
vt 0.83214700 0.01330700
vt 0.02341100 0.14450701
vt 0.02505200 0.14528599
vt 0.02493600 0.14580800
vt 0.02339700 0.14497900
vt 0.02724400 0.14755000
vt 0.02493600 0.14580800
vt 0.02505200 0.14528599
vt 0.02761000 0.14709900
vt 0.82910699 0.00724200
vt 0.83135301 0.01088400
vt 0.82821500 0.01213000
vt 0.82729900 0.00866600
vt 0.02940700 0.15008099
vt 0.02724400 0.14755000
vt 0.02761000 0.14709900
vt 0.02985300 0.14980100
vt 0.82594901 0.00407500
vt 0.82910699 0.00724200
vt 0.82729900 0.00866600
vt 0.82491302 0.00605900
vt 0.02433400 0.14683001
vt 0.02493600 0.14580800
vt 0.02724400 0.14755000
vt 0.02647600 0.14840800
vt 0.02647600 0.14840800
vt 0.02724400 0.14755000
vt 0.02940700 0.15008099
vt 0.02848400 0.15068699
vt 0.03069700 0.15313700
vt 0.02940700 0.15008099
vt 0.02985300 0.14980100
vt 0.03126700 0.15300600
vt 0.02940700 0.15008099
vt 0.03069700 0.15313700
vt 0.02963000 0.15341100
vt 0.02848400 0.15068699
vt 0.03092800 0.15641101
vt 0.03069700 0.15313700
vt 0.03126700 0.15300600
vt 0.03142200 0.15646499
vt 0.02963000 0.15341100
vt 0.03069700 0.15313700
vt 0.03092800 0.15641101
vt 0.02981400 0.15628800
vt 0.82199901 0.00257400
vt 0.82594901 0.00407500
vt 0.82491302 0.00605900
vt 0.82175398 0.00472800
vt 0.81796598 0.00257400
vt 0.82199901 0.00257400
vt 0.82175398 0.00472800
vt 0.81845599 0.00480600
vt 0.02999200 0.15955600
vt 0.03092800 0.15641101
vt 0.03142200 0.15646499
vt 0.03052000 0.15980799
vt 0.81427401 0.00417900
vt 0.81796598 0.00257400
vt 0.81845599 0.00480600
vt 0.81539500 0.00602300
vt 0.81126398 0.00712500
vt 0.81427401 0.00417900
vt 0.81539500 0.00602300
vt 0.81302297 0.00848200
vt 0.02807000 0.16225900
vt 0.02999200 0.15955600
vt 0.03052000 0.15980799
vt 0.02844400 0.16263001
vt 0.02540900 0.16425900
vt 0.02807000 0.16225900
vt 0.02844400 0.16263001
vt 0.02566800 0.16477901
vt 0.80964100 0.01126000
vt 0.81126398 0.00712500
vt 0.81302297 0.00848200
vt 0.81185597 0.01179300
vt 0.02277900 0.16545700
vt 0.02540900 0.16425900
vt 0.02566800 0.16477901
vt 0.02278000 0.16599201
vt 0.02730000 0.16146700
vt 0.02807000 0.16225900
vt 0.02540900 0.16425900
vt 0.02484600 0.16325501
vt 0.02484600 0.16325501
vt 0.02540900 0.16425900
vt 0.02277900 0.16545700
vt 0.02241400 0.16432901
vt 0.02278000 0.16599201
vt 0.02101400 0.16639300
vt 0.02110000 0.16592900
vt 0.02277900 0.16545700
vt 0.81185597 0.01179300
vt 0.81302297 0.00848200
vt 0.81415999 0.00920300
vt 0.81322700 0.01195200
vt 0.81302297 0.00848200
vt 0.81539500 0.00602300
vt 0.81611598 0.00710000
vt 0.81415999 0.00920300
vt 0.81539500 0.00602300
vt 0.81845599 0.00480600
vt 0.81869501 0.00597900
vt 0.81611598 0.00710000
vt 0.81845599 0.00480600
vt 0.82175398 0.00472800
vt 0.82151198 0.00600400
vt 0.81869501 0.00597900
vt 0.82175398 0.00472800
vt 0.82491302 0.00605900
vt 0.82414800 0.00717200
vt 0.82151198 0.00600400
vt 0.82491302 0.00605900
vt 0.82729900 0.00866600
vt 0.82608801 0.00935000
vt 0.82414800 0.00717200
vt 0.82729900 0.00866600
vt 0.82821500 0.01213000
vt 0.82682699 0.01217300
vt 0.82608801 0.00935000
vt 0.02901000 0.15905701
vt 0.02999200 0.15955600
vt 0.02807000 0.16225900
vt 0.02730000 0.16146700
vt 0.02981400 0.15628800
vt 0.03092800 0.15641101
vt 0.02999200 0.15955600
vt 0.02901000 0.15905701
vt 0.02433400 0.14683001
vt 0.02294100 0.14608701
vt 0.02339700 0.14497900
vt 0.02493600 0.14580800
vt 0.02294100 0.14608701
vt 0.02433400 0.14683001
vt 0.02394300 0.14714099
vt 0.02256400 0.14637400
vt 0.02819600 0.15611000
vt 0.02685100 0.15800300
vt 0.02180700 0.15540899
vt 0.02729300 0.15397100
vt 0.02608300 0.16025101
vt 0.02365400 0.16096100
vt 0.02180700 0.15540899
vt 0.02685100 0.15800300
vt 0.02101400 0.16639300
vt 0.02025500 0.16661200
vt 0.01991200 0.16627800
vt 0.02110000 0.16592900
vt 0.82485902 0.03609200
vt 0.82346302 0.02924700
vt 0.82647198 0.02863600
vt 0.82741803 0.03594900
vt 0.82346302 0.02924700
vt 0.82205999 0.02234100
vt 0.82447398 0.02147700
vt 0.82647198 0.02863600
vt 0.82741803 0.03594900
vt 0.82647198 0.02863600
vt 0.82971603 0.02798000
vt 0.83011198 0.03639100
vt 0.82447398 0.02147700
vt 0.82678401 0.02002000
vt 0.82971603 0.02798000
vt 0.82647198 0.02863600
vt 0.82433999 0.02089000
vt 0.82666898 0.01943800
vt 0.82678401 0.02002000
vt 0.82447398 0.02147700
vt 0.82194799 0.02179100
vt 0.82433999 0.02089000
vt 0.82447398 0.02147700
vt 0.82205999 0.02234100
vt 0.00545100 0.38447401
vt 0.00573000 0.38585100
vt 0.00462900 0.38682300
vt 0.00315700 0.38605800
vt 0.47458100 0.25445801
vt 0.47633201 0.25445801
vt 0.47756901 0.25569499
vt 0.47756901 0.25744599
vt 0.47633201 0.25868300
vt 0.47458100 0.25868300
vt 0.47334400 0.25744599
vt 0.47334400 0.25569499
vt 0.00787600 0.38499501
vt 0.00714300 0.38600400
vt 0.00573000 0.38585100
vt 0.00545100 0.38447401
vt 0.00904500 0.38687101
vt 0.00797700 0.38718000
vt 0.00714300 0.38600400
vt 0.00787600 0.38499501
vt 0.00462900 0.38682300
vt 0.00573000 0.38585100
vt 0.00714300 0.38600400
vt 0.00797700 0.38718000
vt 0.00791300 0.38862601
vt 0.00681000 0.38953400
vt 0.00537400 0.38948399
vt 0.00446300 0.38834000
vt 0.00904500 0.38906300
vt 0.00791300 0.38862601
vt 0.00797700 0.38718000
vt 0.00904500 0.38687101
vt 0.00734100 0.39071199
vt 0.00681000 0.38953400
vt 0.00791300 0.38862601
vt 0.00904500 0.38906300
vt 0.00489400 0.39073899
vt 0.00537400 0.38948399
vt 0.00681000 0.38953400
vt 0.00734100 0.39071199
vt 0.00311800 0.38887200
vt 0.00446300 0.38834000
vt 0.00537400 0.38948399
vt 0.00489400 0.39073899
vt 0.00315700 0.38605800
vt 0.00462900 0.38682300
vt 0.00446300 0.38834000
vt 0.00311800 0.38887200
vt 0.05607800 0.46553600
vt 0.05607800 0.46728599
vt 0.05484100 0.46852401
vt 0.05309000 0.46852401
vt 0.05185300 0.46728700
vt 0.05185300 0.46553600
vt 0.05309000 0.46429899
vt 0.05484000 0.46429899
vt 0.40159199 0.09068300
vt 0.40024701 0.08999000
vt 0.40040901 0.08856300
vt 0.40159199 0.08815600
vt 0.39949599 0.09225800
vt 0.39919499 0.09098800
vt 0.40024701 0.08999000
vt 0.40159199 0.09068300
vt 0.39723399 0.09187200
vt 0.39773601 0.09085100
vt 0.39919499 0.09098800
vt 0.39949599 0.09225800
vt 0.40040901 0.08856300
vt 0.40024701 0.08999000
vt 0.39919499 0.09098800
vt 0.39773601 0.09085100
vt 0.39672601 0.08979600
vt 0.39683801 0.08835200
vt 0.39790601 0.08735800
vt 0.39937401 0.08753300
vt 0.39559999 0.09032700
vt 0.39672601 0.08979600
vt 0.39773601 0.09085100
vt 0.39723399 0.09187200
vt 0.39559200 0.08789700
vt 0.39683801 0.08835200
vt 0.39672601 0.08979600
vt 0.39559999 0.09032700
vt 0.39734101 0.08608300
vt 0.39790601 0.08735800
vt 0.39683801 0.08835200
vt 0.39559200 0.08789700
vt 0.40003601 0.08614200
vt 0.39937401 0.08753300
vt 0.39790601 0.08735800
vt 0.39734101 0.08608300
vt 0.40159199 0.08815600
vt 0.40040901 0.08856300
vt 0.39937401 0.08753300
vt 0.40003601 0.08614200
vt 0.22850201 0.47515300
vt 0.22973999 0.47639000
vt 0.22973999 0.47814101
vt 0.22850201 0.47937801
vt 0.22675200 0.47937801
vt 0.22551399 0.47814101
vt 0.22551399 0.47639000
vt 0.22675200 0.47515300
vt 0.30239600 0.21608600
vt 0.30176601 0.21737599
vt 0.30038401 0.21726499
vt 0.29996899 0.21615900
vt 0.30390799 0.21804500
vt 0.30276999 0.21844400
vt 0.30176601 0.21737599
vt 0.30239600 0.21608600
vt 0.30390799 0.22045700
vt 0.30261701 0.21994799
vt 0.30276999 0.21844400
vt 0.30390799 0.21804500
vt 0.30038401 0.21726499
vt 0.30176601 0.21737599
vt 0.30276999 0.21844400
vt 0.30261701 0.21994799
vt 0.30153301 0.22095600
vt 0.30007899 0.22082900
vt 0.29914400 0.21974000
vt 0.29939601 0.21831299
vt 0.30205801 0.22250400
vt 0.30153301 0.22095600
vt 0.30261701 0.21994799
vt 0.30390799 0.22045700
vt 0.29935500 0.22197901
vt 0.30007899 0.22082900
vt 0.30153301 0.22095600
vt 0.30205801 0.22250400
vt 0.29802501 0.22005200
vt 0.29914400 0.21974000
vt 0.30007899 0.22082900
vt 0.29935500 0.22197901
vt 0.29815301 0.21769100
vt 0.29939601 0.21831299
vt 0.29914400 0.21974000
vt 0.29802501 0.22005200
vt 0.29996899 0.21615900
vt 0.30038401 0.21726499
vt 0.29939601 0.21831299
vt 0.29815301 0.21769100
vt 0.47937801 0.40216401
vt 0.47814101 0.40340099
vt 0.47639000 0.40340099
vt 0.47515300 0.40216401
vt 0.47515300 0.40041301
vt 0.47639000 0.39917600
vt 0.47814101 0.39917600
vt 0.47937801 0.40041301
vt 0.07064100 0.41361499
vt 0.07009800 0.41479200
vt 0.06866800 0.41483101
vt 0.06820100 0.41358599
vt 0.07235900 0.41528800
vt 0.07119200 0.41572201
vt 0.07009800 0.41479200
vt 0.07064100 0.41361499
vt 0.07235900 0.41755301
vt 0.07122900 0.41719401
vt 0.07119200 0.41572201
vt 0.07235900 0.41528800
vt 0.06866800 0.41483101
vt 0.07009800 0.41479200
vt 0.07119200 0.41572201
vt 0.07122900 0.41719401
vt 0.07033800 0.41834900
vt 0.06891200 0.41849300
vt 0.06788100 0.41746801
vt 0.06775300 0.41595799
vt 0.07104100 0.41962999
vt 0.07033800 0.41834900
vt 0.07122900 0.41719401
vt 0.07235900 0.41755301
vt 0.06851600 0.41968200
vt 0.06891200 0.41849300
vt 0.07033800 0.41834900
vt 0.07104100 0.41962999
vt 0.06647300 0.41812199
vt 0.06788100 0.41746801
vt 0.06891200 0.41849300
vt 0.06851600 0.41968200
vt 0.06645400 0.41542199
vt 0.06775300 0.41595799
vt 0.06788100 0.41746801
vt 0.06647300 0.41812199
vt 0.06820100 0.41358599
vt 0.06866800 0.41483101
vt 0.06775300 0.41595799
vt 0.06645400 0.41542199
vt 0.30877399 0.39689901
vt 0.31115401 0.39539501
vt 0.31141600 0.39678901
vt 0.31025901 0.39769301
vt 0.31115401 0.39539501
vt 0.31358600 0.39592099
vt 0.31285501 0.39693400
vt 0.31141600 0.39678901
vt 0.06569400 0.46429899
vt 0.06693200 0.46553600
vt 0.06693200 0.46728700
vt 0.06569400 0.46852401
vt 0.06394400 0.46852401
vt 0.06270600 0.46728700
vt 0.06270600 0.46553701
vt 0.06394400 0.46429899
vt 0.30881399 0.39972100
vt 0.30877399 0.39689901
vt 0.31025901 0.39769301
vt 0.31016099 0.39917800
vt 0.31285501 0.39693400
vt 0.31369901 0.39809999
vt 0.31361699 0.39952701
vt 0.31251001 0.40041101
vt 0.31107199 0.40034300
vt 0.31016099 0.39917800
vt 0.31025901 0.39769301
vt 0.31141600 0.39678901
vt 0.31058201 0.40159199
vt 0.30881399 0.39972100
vt 0.31016099 0.39917800
vt 0.31107199 0.40034300
vt 0.31302199 0.40159199
vt 0.31058201 0.40159199
vt 0.31107199 0.40034300
vt 0.31251001 0.40041101
vt 0.31473699 0.39997599
vt 0.31302199 0.40159199
vt 0.31251001 0.40041101
vt 0.31361699 0.39952701
vt 0.31476200 0.39779601
vt 0.31473699 0.39997599
vt 0.31361699 0.39952701
vt 0.31369901 0.39809999
vt 0.31358600 0.39592099
vt 0.31476200 0.39779601
vt 0.31369901 0.39809999
vt 0.31285501 0.39693400
vt 0.38249800 0.33465999
vt 0.38112101 0.33257601
vt 0.38227299 0.33222300
vt 0.38318500 0.33334801
vt 0.38112101 0.33257601
vt 0.38118500 0.33023199
vt 0.38240999 0.33073199
vt 0.38227299 0.33222300
vt 0.31358200 0.46248999
vt 0.31533301 0.46248999
vt 0.31657100 0.46372700
vt 0.31657100 0.46547800
vt 0.31533301 0.46671501
vt 0.31358299 0.46671501
vt 0.31234500 0.46547800
vt 0.31234500 0.46372700
vt 0.38504100 0.33465999
vt 0.38249800 0.33465999
vt 0.38318500 0.33334801
vt 0.38463399 0.33345601
vt 0.38240999 0.33073199
vt 0.38349801 0.32978600
vt 0.38487399 0.32984000
vt 0.38573700 0.33099899
vt 0.38571799 0.33247501
vt 0.38463399 0.33345601
vt 0.38318500 0.33334801
vt 0.38227299 0.33222300
vt 0.38712099 0.33311400
vt 0.38504100 0.33465999
vt 0.38463399 0.33345601
vt 0.38571799 0.33247501
vt 0.38696799 0.33049500
vt 0.38712099 0.33311400
vt 0.38571799 0.33247501
vt 0.38573700 0.33099899
vt 0.38541099 0.32880300
vt 0.38696799 0.33049500
vt 0.38573700 0.33099899
vt 0.38487399 0.32984000
vt 0.38300100 0.32839400
vt 0.38541099 0.32880300
vt 0.38487399 0.32984000
vt 0.38349801 0.32978600
vt 0.38118500 0.33023199
vt 0.38300100 0.32839400
vt 0.38349801 0.32978600
vt 0.38240999 0.33073199
vt 0.04490600 0.39902300
vt 0.04703300 0.40068999
vt 0.04557800 0.40136901
vt 0.04456000 0.40031201
vt 0.04703300 0.40068999
vt 0.04703300 0.40345001
vt 0.04573700 0.40289599
vt 0.04557800 0.40136901
vt 0.46734601 0.39374900
vt 0.46909600 0.39374900
vt 0.47033301 0.39498600
vt 0.47033301 0.39673701
vt 0.46909600 0.39797401
vt 0.46734500 0.39797401
vt 0.46610799 0.39673701
vt 0.46610799 0.39498600
vt 0.04260700 0.39938399
vt 0.04490600 0.39902300
vt 0.04456000 0.40031201
vt 0.04313700 0.40039101
vt 0.04573700 0.40289599
vt 0.04478900 0.40401500
vt 0.04338700 0.40409499
vt 0.04242200 0.40303501
vt 0.04225700 0.40153700
vt 0.04313700 0.40039101
vt 0.04456000 0.40031201
vt 0.04557800 0.40136901
vt 0.04104700 0.40106601
vt 0.04260700 0.39938399
vt 0.04313700 0.40039101
vt 0.04225700 0.40153700
vt 0.04108800 0.40362999
vt 0.04104700 0.40106601
vt 0.04225700 0.40153700
vt 0.04242200 0.40303501
vt 0.04296500 0.40517199
vt 0.04108800 0.40362999
vt 0.04242200 0.40303501
vt 0.04338700 0.40409499
vt 0.04524600 0.40520999
vt 0.04296500 0.40517199
vt 0.04338700 0.40409499
vt 0.04478900 0.40401500
vt 0.04703300 0.40345001
vt 0.04524600 0.40520999
vt 0.04478900 0.40401500
vt 0.04573700 0.40289599
vt 0.00440500 0.41787300
vt 0.00296800 0.41556001
vt 0.00427000 0.41523701
vt 0.00518400 0.41642201
vt 0.00296800 0.41556001
vt 0.00327700 0.41330400
vt 0.00426400 0.41378599
vt 0.00427000 0.41523701
vt 0.46909600 0.26772800
vt 0.46734601 0.26772800
vt 0.46610799 0.26649100
vt 0.46610799 0.26473999
vt 0.46734500 0.26350200
vt 0.46909600 0.26350200
vt 0.47033301 0.26473999
vt 0.47033301 0.26649100
vt 0.00723100 0.41787300
vt 0.00440500 0.41787300
vt 0.00518400 0.41642201
vt 0.00665900 0.41653800
vt 0.00426400 0.41378599
vt 0.00532000 0.41289800
vt 0.00674600 0.41302100
vt 0.00774600 0.41413000
vt 0.00775900 0.41558200
vt 0.00665900 0.41653800
vt 0.00518400 0.41642201
vt 0.00427000 0.41523701
vt 0.00904500 0.41601801
vt 0.00723100 0.41787300
vt 0.00665900 0.41653800
vt 0.00775900 0.41558200
vt 0.00893100 0.41354299
vt 0.00904500 0.41601801
vt 0.00775900 0.41558200
vt 0.00774600 0.41413000
vt 0.00720400 0.41181999
vt 0.00893100 0.41354299
vt 0.00774600 0.41413000
vt 0.00674600 0.41302100
vt 0.00484500 0.41178101
vt 0.00720400 0.41181999
vt 0.00674600 0.41302100
vt 0.00532000 0.41289800
vt 0.00327700 0.41330400
vt 0.00484500 0.41178101
vt 0.00532000 0.41289800
vt 0.00426400 0.41378599
vt 0.01809000 0.41093901
vt 0.01664200 0.41018200
vt 0.01676500 0.40875700
vt 0.01805500 0.40815699
vt 0.07898700 0.45468301
vt 0.08022500 0.45344499
vt 0.08197500 0.45344499
vt 0.08321300 0.45468301
vt 0.08321300 0.45643300
vt 0.08197500 0.45767099
vt 0.08022500 0.45767099
vt 0.07898700 0.45643300
vt 0.01580600 0.41244599
vt 0.01552100 0.41112599
vt 0.01664200 0.41018200
vt 0.01809000 0.41093901
vt 0.01350900 0.41201201
vt 0.01404600 0.41101301
vt 0.01552100 0.41112599
vt 0.01580600 0.41244599
vt 0.01676500 0.40875700
vt 0.01664200 0.41018200
vt 0.01552100 0.41112599
vt 0.01404600 0.41101301
vt 0.01312300 0.40987301
vt 0.01318900 0.40843999
vt 0.01424800 0.40750799
vt 0.01571200 0.40770701
vt 0.01198700 0.41036201
vt 0.01312300 0.40987301
vt 0.01404600 0.41101301
vt 0.01350900 0.41201201
vt 0.01198700 0.40799499
vt 0.01318900 0.40843999
vt 0.01312300 0.40987301
vt 0.01198700 0.41036201
vt 0.01373600 0.40630499
vt 0.01424800 0.40750799
vt 0.01318900 0.40843999
vt 0.01198700 0.40799499
vt 0.01620400 0.40645099
vt 0.01571200 0.40770701
vt 0.01424800 0.40750799
vt 0.01373600 0.40630499
vt 0.01805500 0.40815699
vt 0.01676500 0.40875700
vt 0.01571200 0.40770701
vt 0.01620400 0.40645099
vt 0.47153500 0.22669300
vt 0.47153500 0.22494300
vt 0.47277200 0.22370499
vt 0.47452301 0.22370499
vt 0.47576001 0.22494300
vt 0.47576001 0.22669300
vt 0.47452301 0.22793099
vt 0.47277200 0.22793099
vt 0.39613301 0.13929100
vt 0.39568701 0.13801301
vt 0.39666200 0.13690899
vt 0.39797401 0.13748600
vt 0.39364600 0.13920100
vt 0.39426401 0.13804799
vt 0.39568701 0.13801301
vt 0.39613301 0.13929100
vt 0.39206299 0.13739800
vt 0.39328101 0.13696700
vt 0.39426401 0.13804799
vt 0.39364600 0.13920100
vt 0.39666200 0.13690899
vt 0.39568701 0.13801301
vt 0.39426401 0.13804799
vt 0.39328101 0.13696700
vt 0.39311200 0.13550700
vt 0.39405900 0.13443200
vt 0.39549100 0.13434701
vt 0.39651501 0.13539700
vt 0.39198399 0.13501900
vt 0.39311200 0.13550700
vt 0.39328101 0.13696700
vt 0.39206299 0.13739800
vt 0.39355400 0.13342600
vt 0.39405900 0.13443200
vt 0.39311200 0.13550700
vt 0.39198399 0.13501900
vt 0.39583200 0.13306300
vt 0.39549100 0.13434701
vt 0.39405900 0.13443200
vt 0.39355400 0.13342600
vt 0.39797401 0.13471200
vt 0.39651501 0.13539700
vt 0.39549100 0.13434701
vt 0.39583200 0.13306300
vt 0.39797401 0.13748600
vt 0.39666200 0.13690899
vt 0.39651501 0.13539700
vt 0.39797401 0.13471200
vt 0.20742500 0.47452301
vt 0.20742400 0.47277200
vt 0.20866200 0.47153500
vt 0.21041200 0.47153500
vt 0.21165000 0.47277200
vt 0.21165000 0.47452301
vt 0.21041299 0.47576001
vt 0.20866200 0.47576001
vt 0.31611800 0.32449499
vt 0.31499299 0.32519999
vt 0.31394500 0.32418701
vt 0.31423900 0.32299599
vt 0.31657100 0.32697299
vt 0.31517699 0.32666501
vt 0.31499299 0.32519999
vt 0.31611800 0.32449499
vt 0.31490600 0.32923299
vt 0.31418499 0.32773599
vt 0.31517699 0.32666501
vt 0.31657100 0.32697299
vt 0.31394500 0.32418701
vt 0.31499299 0.32519999
vt 0.31517699 0.32666501
vt 0.31418499 0.32773599
vt 0.31273001 0.32784301
vt 0.31169900 0.32678500
vt 0.31156200 0.32533401
vt 0.31252599 0.32428899
vt 0.31210101 0.32912400
vt 0.31273001 0.32784301
vt 0.31418499 0.32773599
vt 0.31490600 0.32923299
vt 0.31044701 0.32722399
vt 0.31169900 0.32678500
vt 0.31273001 0.32784301
vt 0.31210101 0.32912400
vt 0.31044701 0.32482100
vt 0.31156200 0.32533401
vt 0.31169900 0.32678500
vt 0.31044701 0.32722399
vt 0.31205001 0.32329801
vt 0.31252599 0.32428899
vt 0.31156200 0.32533401
vt 0.31044701 0.32482100
vt 0.31423900 0.32299599
vt 0.31394500 0.32418701
vt 0.31252599 0.32428899
vt 0.31205001 0.32329801
vt 0.20742400 0.48000801
vt 0.20866200 0.47877100
vt 0.21041200 0.47877100
vt 0.21165000 0.48000801
vt 0.21165000 0.48175901
vt 0.21041200 0.48299599
vt 0.20866200 0.48299599
vt 0.20742400 0.48175901
vt 0.29672101 0.37988499
vt 0.29631999 0.37870401
vt 0.29728600 0.37768000
vt 0.29848099 0.37824300
vt 0.29446599 0.37980700
vt 0.29488999 0.37874499
vt 0.29631999 0.37870401
vt 0.29672101 0.37988499
vt 0.29263100 0.37828901
vt 0.29389301 0.37768599
vt 0.29488999 0.37874499
vt 0.29446599 0.37980700
vt 0.29728600 0.37768000
vt 0.29631999 0.37870401
vt 0.29488999 0.37874499
vt 0.29389301 0.37768599
vt 0.29369801 0.37623501
vt 0.29466999 0.37515000
vt 0.29610601 0.37511101
vt 0.29713500 0.37619600
vt 0.29257101 0.37588501
vt 0.29369801 0.37623501
vt 0.29389301 0.37768599
vt 0.29263100 0.37828901
vt 0.29397899 0.37396699
vt 0.29466999 0.37515000
vt 0.29369801 0.37623501
vt 0.29257101 0.37588501
vt 0.29671699 0.37358099
vt 0.29610601 0.37511101
vt 0.29466999 0.37515000
vt 0.29397899 0.37396699
vt 0.29848099 0.37570500
vt 0.29713500 0.37619600
vt 0.29610601 0.37511101
vt 0.29671699 0.37358099
vt 0.29848099 0.37824300
vt 0.29728600 0.37768000
vt 0.29713500 0.37619600
vt 0.29848099 0.37570500
vt 0.29609600 0.41892800
vt 0.29788199 0.41724300
vt 0.29841301 0.41845301
vt 0.29731500 0.41937700
vt 0.29788199 0.41724300
vt 0.30036101 0.41728500
vt 0.29985699 0.41853401
vt 0.29841301 0.41845301
vt 0.47995001 0.08683100
vt 0.47819901 0.08683100
vt 0.47696200 0.08559300
vt 0.47696200 0.08384300
vt 0.47819901 0.08260500
vt 0.47995001 0.08260500
vt 0.48118699 0.08384300
vt 0.48118699 0.08559300
vt 0.29609600 0.42133000
vt 0.29609600 0.41892800
vt 0.29731500 0.41937700
vt 0.29729199 0.42083600
vt 0.29985699 0.41853401
vt 0.30076200 0.41971299
vt 0.30070099 0.42120501
vt 0.29958999 0.42215201
vt 0.29815301 0.42201301
vt 0.29729199 0.42083600
vt 0.29731500 0.41937700
vt 0.29841301 0.41845301
vt 0.29764301 0.42315799
vt 0.29609600 0.42133000
vt 0.29729199 0.42083600
vt 0.29815301 0.42201301
vt 0.29993701 0.42330000
vt 0.29764301 0.42315799
vt 0.29815301 0.42201301
vt 0.29958999 0.42215201
vt 0.30209899 0.42189601
vt 0.29993701 0.42330000
vt 0.29958999 0.42215201
vt 0.30070099 0.42120501
vt 0.30208001 0.41918001
vt 0.30209899 0.42189601
vt 0.30070099 0.42120501
vt 0.30076200 0.41971299
vt 0.30036101 0.41728500
vt 0.30208001 0.41918001
vt 0.30076200 0.41971299
vt 0.29985699 0.41853401
vt 0.33420601 0.03239300
vt 0.33421201 0.02986800
vt 0.33543801 0.03037200
vt 0.33552900 0.03186900
vt 0.33421201 0.02986800
vt 0.33582300 0.02808900
vt 0.33630401 0.02923200
vt 0.33543801 0.03037200
vt 0.47090501 0.32319900
vt 0.47214201 0.32443601
vt 0.47214201 0.32618701
vt 0.47090501 0.32742399
vt 0.46915400 0.32742399
vt 0.46791700 0.32618701
vt 0.46791700 0.32443601
vt 0.46915400 0.32319900
vt 0.33615601 0.03437000
vt 0.33420601 0.03239300
vt 0.33552900 0.03186900
vt 0.33665201 0.03281700
vt 0.33630401 0.02923200
vt 0.33771601 0.02912700
vt 0.33882201 0.03004900
vt 0.33892399 0.03151900
vt 0.33806300 0.03270400
vt 0.33665201 0.03281700
vt 0.33552900 0.03186900
vt 0.33543801 0.03037200
vt 0.33882901 0.03382000
vt 0.33615601 0.03437000
vt 0.33665201 0.03281700
vt 0.33806300 0.03270400
vt 0.34008700 0.03184000
vt 0.33882901 0.03382000
vt 0.33806300 0.03270400
vt 0.33892399 0.03151900
vt 0.34008700 0.02939100
vt 0.34008700 0.03184000
vt 0.33892399 0.03151900
vt 0.33882201 0.03004900
vt 0.33806899 0.02802200
vt 0.34008700 0.02939100
vt 0.33882201 0.03004900
vt 0.33771601 0.02912700
vt 0.33582300 0.02808900
vt 0.33806899 0.02802200
vt 0.33771601 0.02912700
vt 0.33630401 0.02923200
vt 0.27042100 0.39435601
vt 0.26881400 0.39225200
vt 0.27005300 0.39183301
vt 0.27105200 0.39291900
vt 0.26881400 0.39225200
vt 0.26881400 0.38960400
vt 0.27018800 0.39036301
vt 0.27005300 0.39183301
vt 0.47271401 0.23275000
vt 0.47395101 0.23398800
vt 0.47395101 0.23573799
vt 0.47271401 0.23697600
vt 0.47096300 0.23697600
vt 0.46972600 0.23573799
vt 0.46972600 0.23398800
vt 0.47096300 0.23275000
vt 0.27307701 0.39413899
vt 0.27042100 0.39435601
vt 0.27105200 0.39291900
vt 0.27253300 0.39291999
vt 0.27018800 0.39036301
vt 0.27136400 0.38946399
vt 0.27280799 0.38950399
vt 0.27366400 0.39061201
vt 0.27365601 0.39201200
vt 0.27253300 0.39291999
vt 0.27105200 0.39291900
vt 0.27005300 0.39183301
vt 0.27469099 0.39250001
vt 0.27307701 0.39413899
vt 0.27253300 0.39291999
vt 0.27365601 0.39201200
vt 0.27496400 0.39017200
vt 0.27469099 0.39250001
vt 0.27365601 0.39201200
vt 0.27366400 0.39061201
vt 0.27333400 0.38848701
vt 0.27496400 0.39017200
vt 0.27366400 0.39061201
vt 0.27280799 0.38950399
vt 0.27105701 0.38816500
vt 0.27333400 0.38848701
vt 0.27280799 0.38950399
vt 0.27136400 0.38946399
vt 0.26881400 0.38960400
vt 0.27105701 0.38816500
vt 0.27136400 0.38946399
vt 0.27018800 0.39036301
vt 0.37413001 0.34577799
vt 0.37389100 0.34319901
vt 0.37530699 0.34365901
vt 0.37527701 0.34513399
vt 0.37389100 0.34319901
vt 0.37558901 0.34139499
vt 0.37615901 0.34248701
vt 0.37530699 0.34365901
vt 0.46852499 0.07479800
vt 0.46852499 0.07654800
vt 0.46728700 0.07778600
vt 0.46553701 0.07778600
vt 0.46429899 0.07654800
vt 0.46429899 0.07479800
vt 0.46553701 0.07356000
vt 0.46728700 0.07356000
vt 0.37595999 0.34723699
vt 0.37413001 0.34577799
vt 0.37527701 0.34513399
vt 0.37635100 0.34610799
vt 0.37615901 0.34248701
vt 0.37755099 0.34243101
vt 0.37863299 0.34339899
vt 0.37873799 0.34490299
vt 0.37779701 0.34602100
vt 0.37635100 0.34610799
vt 0.37527701 0.34513399
vt 0.37530699 0.34365901
vt 0.37844801 0.34732300
vt 0.37595999 0.34723699
vt 0.37635100 0.34610799
vt 0.37779701 0.34602100
vt 0.37988499 0.34528700
vt 0.37844801 0.34732300
vt 0.37779701 0.34602100
vt 0.37873799 0.34490299
vt 0.37988499 0.34291700
vt 0.37988499 0.34528700
vt 0.37873799 0.34490299
vt 0.37863299 0.34339899
vt 0.37807500 0.34100401
vt 0.37988499 0.34291700
vt 0.37863299 0.34339899
vt 0.37755099 0.34243101
vt 0.37558901 0.34139499
vt 0.37807500 0.34100401
vt 0.37755099 0.34243101
vt 0.37615901 0.34248701
vt 0.13977800 0.79081500
vt 0.13868600 0.79061502
vt 0.13911100 0.78933901
vt 0.14031200 0.79011500
vt 0.14008300 0.79192400
vt 0.13977800 0.79081500
vt 0.14031200 0.79011500
vt 0.14116800 0.79126102
vt 0.13977800 0.79081500
vt 0.14008300 0.79192400
vt 0.13835999 0.79242897
vt 0.13868600 0.79061502
vt 0.14008300 0.79192400
vt 0.14064200 0.79341602
vt 0.13857700 0.79444700
vt 0.13835999 0.79242897
vt 0.14064200 0.79341602
vt 0.14008300 0.79192400
vt 0.14116800 0.79126102
vt 0.14190400 0.79259998
vt 0.14162099 0.79475701
vt 0.14064200 0.79341602
vt 0.14190400 0.79259998
vt 0.14269100 0.79386801
vt 0.14162099 0.79475701
vt 0.14000601 0.79595000
vt 0.13857700 0.79444700
vt 0.14064200 0.79341602
vt 0.14266400 0.79580301
vt 0.14158399 0.79699802
vt 0.14000601 0.79595000
vt 0.14162099 0.79475701
vt 0.14266400 0.79580301
vt 0.14162099 0.79475701
vt 0.14269100 0.79386801
vt 0.14339200 0.79490602
vt 0.14385100 0.79560000
vt 0.14337499 0.79649597
vt 0.14266400 0.79580301
vt 0.14339200 0.79490602
vt 0.14337499 0.79649597
vt 0.14263800 0.79768902
vt 0.14158399 0.79699802
vt 0.14266400 0.79580301
vt 0.14263800 0.79768902
vt 0.14180399 0.79905200
vt 0.14056601 0.79842299
vt 0.14158399 0.79699802
vt 0.14158399 0.79699802
vt 0.14056601 0.79842299
vt 0.13855600 0.79754603
vt 0.14000601 0.79595000
vt 0.14180399 0.79905200
vt 0.14102501 0.80041099
vt 0.13998000 0.79991502
vt 0.14056601 0.79842299
vt 0.13998000 0.79991502
vt 0.13833100 0.79953599
vt 0.13855600 0.79754603
vt 0.14056601 0.79842299
vt 0.13966300 0.80097300
vt 0.13862801 0.80122298
vt 0.13833100 0.79953599
vt 0.13998000 0.79991502
vt 0.14102501 0.80041099
vt 0.14016300 0.80152899
vt 0.13966300 0.80097300
vt 0.13998000 0.79991502
vt 0.14016300 0.80152899
vt 0.13902700 0.80229199
vt 0.13862801 0.80122298
vt 0.13966300 0.80097300
vt 0.14055100 0.80196500
vt 0.13933299 0.80287403
vt 0.13902700 0.80229199
vt 0.14016300 0.80152899
vt 0.14158800 0.80079699
vt 0.14055100 0.80196500
vt 0.14016300 0.80152899
vt 0.14102501 0.80041099
vt 0.14075100 0.80219001
vt 0.13949600 0.80314702
vt 0.13933299 0.80287403
vt 0.14055100 0.80196500
vt 0.14184900 0.80100203
vt 0.14075100 0.80219001
vt 0.14055100 0.80196500
vt 0.14158800 0.80079699
vt 0.14171800 0.80322897
vt 0.14075100 0.80219001
vt 0.14184900 0.80100203
vt 0.14296700 0.80191302
vt 0.13949600 0.80314702
vt 0.14075100 0.80219001
vt 0.14171800 0.80322897
vt 0.14028201 0.80432999
vt 0.13949600 0.80314702
vt 0.13810000 0.80385798
vt 0.13797100 0.80355299
vt 0.13933299 0.80287403
vt 0.13866600 0.80517203
vt 0.13810000 0.80385798
vt 0.13949600 0.80314702
vt 0.14028201 0.80432999
vt 0.13692300 0.80571002
vt 0.13661200 0.80431098
vt 0.13810000 0.80385798
vt 0.13866600 0.80517203
vt 0.13810000 0.80385798
vt 0.13661200 0.80431098
vt 0.13653800 0.80401403
vt 0.13797100 0.80355299
vt 0.13512300 0.80592299
vt 0.13509201 0.80447501
vt 0.13661200 0.80431098
vt 0.13692300 0.80571002
vt 0.13661200 0.80431098
vt 0.13509201 0.80447501
vt 0.13508600 0.80419701
vt 0.13653800 0.80401403
vt 0.13653800 0.80401403
vt 0.13508600 0.80419701
vt 0.13507400 0.80363798
vt 0.13636500 0.80339402
vt 0.13797100 0.80355299
vt 0.13653800 0.80401403
vt 0.13636500 0.80339402
vt 0.13770200 0.80288100
vt 0.13636500 0.80339402
vt 0.13507400 0.80363798
vt 0.13505900 0.80291301
vt 0.13593400 0.80236298
vt 0.13770200 0.80288100
vt 0.13636500 0.80339402
vt 0.13593400 0.80236298
vt 0.13721400 0.80165303
vt 0.13507400 0.80363798
vt 0.13377500 0.80344898
vt 0.13416100 0.80240101
vt 0.13505900 0.80291301
vt 0.13508600 0.80419701
vt 0.13362800 0.80407602
vt 0.13377500 0.80344898
vt 0.13507400 0.80363798
vt 0.13377500 0.80344898
vt 0.13241600 0.80299401
vt 0.13285200 0.80174601
vt 0.13416100 0.80240101
vt 0.13362800 0.80407602
vt 0.13217600 0.80367702
vt 0.13241600 0.80299401
vt 0.13377500 0.80344898
vt 0.13217600 0.80367702
vt 0.13078700 0.80305701
vt 0.13106801 0.80246198
vt 0.13241600 0.80299401
vt 0.13241600 0.80299401
vt 0.13106801 0.80246198
vt 0.13142000 0.80137700
vt 0.13285200 0.80174601
vt 0.13142000 0.80137700
vt 0.13164499 0.79967999
vt 0.13355900 0.79974401
vt 0.13285200 0.80174601
vt 0.13416100 0.80240101
vt 0.13285200 0.80174601
vt 0.13355900 0.79974401
vt 0.13501699 0.80097502
vt 0.13501699 0.80097502
vt 0.13355900 0.79974401
vt 0.13491300 0.79609799
vt 0.13642099 0.79968297
vt 0.13164499 0.79967999
vt 0.13133501 0.79770100
vt 0.13491300 0.79609799
vt 0.13355900 0.79974401
vt 0.13037600 0.80117202
vt 0.13001400 0.80012900
vt 0.13164499 0.79967999
vt 0.13142000 0.80137700
vt 0.13001400 0.80012900
vt 0.12936400 0.79866302
vt 0.13133501 0.79770100
vt 0.13164499 0.79967999
vt 0.12981801 0.79616803
vt 0.13118200 0.79460502
vt 0.13491300 0.79609799
vt 0.13133501 0.79770100
vt 0.12828600 0.79728198
vt 0.12981801 0.79616803
vt 0.13133501 0.79770100
vt 0.12936400 0.79866302
vt 0.12815399 0.79934400
vt 0.12726299 0.79801702
vt 0.12828600 0.79728198
vt 0.12936400 0.79866302
vt 0.12898999 0.80066800
vt 0.12815399 0.79934400
vt 0.12936400 0.79866302
vt 0.13001400 0.80012900
vt 0.12726299 0.79801702
vt 0.12647501 0.79685700
vt 0.12715600 0.79613400
vt 0.12828600 0.79728198
vt 0.12715600 0.79613400
vt 0.12815399 0.79504400
vt 0.12981801 0.79616803
vt 0.12828600 0.79728198
vt 0.12815399 0.79504400
vt 0.12715600 0.79613400
vt 0.12639099 0.79526901
vt 0.12704700 0.79420203
vt 0.12639099 0.79526901
vt 0.12715600 0.79613400
vt 0.12647501 0.79685700
vt 0.12596101 0.79598200
vt 0.12596101 0.79598200
vt 0.12647501 0.79685700
vt 0.12609600 0.79727501
vt 0.12571301 0.79639500
vt 0.12670800 0.79844499
vt 0.12609600 0.79727501
vt 0.12647501 0.79685700
vt 0.12726299 0.79801702
vt 0.12644701 0.79866302
vt 0.12589000 0.79749298
vt 0.12609600 0.79727501
vt 0.12670800 0.79844499
vt 0.12571301 0.79639500
vt 0.12609600 0.79727501
vt 0.12589000 0.79749298
vt 0.12554599 0.79661202
vt 0.12567499 0.79531902
vt 0.12596101 0.79598200
vt 0.12571301 0.79639500
vt 0.12549300 0.79573399
vt 0.12549300 0.79573399
vt 0.12571301 0.79639500
vt 0.12554599 0.79661202
vt 0.12534000 0.79595101
vt 0.12554599 0.79661202
vt 0.12589000 0.79749298
vt 0.12449600 0.79811400
vt 0.12411000 0.79712099
vt 0.12534000 0.79595101
vt 0.12554599 0.79661202
vt 0.12411000 0.79712099
vt 0.12382900 0.79639900
vt 0.12537099 0.79515600
vt 0.12549300 0.79573399
vt 0.12534000 0.79595101
vt 0.12521100 0.79537398
vt 0.12521100 0.79537398
vt 0.12534000 0.79595101
vt 0.12382900 0.79639900
vt 0.12351700 0.79584599
vt 0.12351700 0.79584599
vt 0.12299000 0.79528600
vt 0.12512100 0.79473901
vt 0.12521100 0.79537398
vt 0.12530500 0.79452503
vt 0.12537099 0.79515600
vt 0.12521100 0.79537398
vt 0.12512100 0.79473901
vt 0.12550400 0.79410303
vt 0.12554300 0.79473299
vt 0.12537099 0.79515600
vt 0.12530500 0.79452503
vt 0.12554300 0.79473299
vt 0.12567499 0.79531902
vt 0.12549300 0.79573399
vt 0.12537099 0.79515600
vt 0.12582301 0.79401100
vt 0.12598200 0.79460102
vt 0.12567499 0.79531902
vt 0.12554300 0.79473299
vt 0.12578800 0.79339200
vt 0.12582301 0.79401100
vt 0.12554300 0.79473299
vt 0.12550400 0.79410303
vt 0.12647100 0.79354000
vt 0.12598200 0.79460102
vt 0.12582301 0.79401100
vt 0.12625200 0.79295999
vt 0.12625200 0.79295999
vt 0.12582301 0.79401100
vt 0.12578800 0.79339200
vt 0.12620901 0.79234898
vt 0.12578800 0.79339200
vt 0.12509599 0.76184398
vt 0.12552799 0.76180899
vt 0.12620901 0.79234898
vt 0.12550400 0.79410303
vt 0.12480400 0.76186198
vt 0.12509599 0.76184398
vt 0.12578800 0.79339200
vt 0.12552799 0.76180899
vt 0.12509599 0.76184398
vt 0.12495900 0.76034600
vt 0.12540700 0.76032001
vt 0.12480400 0.76186198
vt 0.12465500 0.76034999
vt 0.12495900 0.76034600
vt 0.12509599 0.76184398
vt 0.12459900 0.76186198
vt 0.12444500 0.76032603
vt 0.12465500 0.76034999
vt 0.12480400 0.76186198
vt 0.12530500 0.79452503
vt 0.12459900 0.76186198
vt 0.12480400 0.76186198
vt 0.12550400 0.79410303
vt 0.12512100 0.79473901
vt 0.12439800 0.76184601
vt 0.12459900 0.76186198
vt 0.12530500 0.79452503
vt 0.12439800 0.76184601
vt 0.12424900 0.76027602
vt 0.12444500 0.76032603
vt 0.12459900 0.76186198
vt 0.12424900 0.76027602
vt 0.12368200 0.75554198
vt 0.12387300 0.75559300
vt 0.12444500 0.76032603
vt 0.12444500 0.76032603
vt 0.12387300 0.75559300
vt 0.12410000 0.75562102
vt 0.12465500 0.76034999
vt 0.12424900 0.76027602
vt 0.12439800 0.76184601
vt 0.12211500 0.76140201
vt 0.12215000 0.75971103
vt 0.12368200 0.75554198
vt 0.12424900 0.76027602
vt 0.12215000 0.75971103
vt 0.12201600 0.75510401
vt 0.12388100 0.75500000
vt 0.12387300 0.75559300
vt 0.12368200 0.75554198
vt 0.12368800 0.75496697
vt 0.12368200 0.75554198
vt 0.12201600 0.75510401
vt 0.12205800 0.75452101
vt 0.12368800 0.75496697
vt 0.11389900 0.75249201
vt 0.12205800 0.75452101
vt 0.12201600 0.75510401
vt 0.11377000 0.75308198
vt 0.11298200 0.75773901
vt 0.11377000 0.75308198
vt 0.12201600 0.75510401
vt 0.12215000 0.75971103
vt 0.11659600 0.74267799
vt 0.12355900 0.74641299
vt 0.12205800 0.75452101
vt 0.11389900 0.75249201
vt 0.12205800 0.75452101
vt 0.12355900 0.74641299
vt 0.12501401 0.74681503
vt 0.12368800 0.75496697
vt 0.21543300 0.47680801
vt 0.21126901 0.46966901
vt 0.22138500 0.46674299
vt 0.22356600 0.47496200
vt 0.22356600 0.47496200
vt 0.22138500 0.46674299
vt 0.22197500 0.46658099
vt 0.22413500 0.47488800
vt 0.22413500 0.47488800
vt 0.22425900 0.47530699
vt 0.22367500 0.47535801
vt 0.22356600 0.47496200
vt 0.22367500 0.47535801
vt 0.21555100 0.47716600
vt 0.21543300 0.47680801
vt 0.22356600 0.47496200
vt 0.21543300 0.47680801
vt 0.21324299 0.47774401
vt 0.20863900 0.47126800
vt 0.21126901 0.46966901
vt 0.21543300 0.47680801
vt 0.21555100 0.47716600
vt 0.21340001 0.47806299
vt 0.21324299 0.47774401
vt 0.21599400 0.47858101
vt 0.21395899 0.47932199
vt 0.21340001 0.47806299
vt 0.21555100 0.47716600
vt 0.21599400 0.47858101
vt 0.21555100 0.47716600
vt 0.22367500 0.47535801
vt 0.22414500 0.47700900
vt 0.21143800 0.47876799
vt 0.21324299 0.47774401
vt 0.21340001 0.47806299
vt 0.21162300 0.47904900
vt 0.21162300 0.47904900
vt 0.21340001 0.47806299
vt 0.21395899 0.47932199
vt 0.21230900 0.48014799
vt 0.21230900 0.48014799
vt 0.21395899 0.47932199
vt 0.21407500 0.47944000
vt 0.21249200 0.48021600
vt 0.21603499 0.47874600
vt 0.21407500 0.47944000
vt 0.21395899 0.47932199
vt 0.21599400 0.47858101
vt 0.21162300 0.47904900
vt 0.21230900 0.48014799
vt 0.21100700 0.48102799
vt 0.21020800 0.48012999
vt 0.21100700 0.48102799
vt 0.21230900 0.48014799
vt 0.21249200 0.48021600
vt 0.21123700 0.48104900
vt 0.21123700 0.48104900
vt 0.21249200 0.48021600
vt 0.21290199 0.48019800
vt 0.21176399 0.48096800
vt 0.21249200 0.48021600
vt 0.21407500 0.47944000
vt 0.21430001 0.47952101
vt 0.21290199 0.48019800
vt 0.21176399 0.48096800
vt 0.21290199 0.48019800
vt 0.21376300 0.48004600
vt 0.21281900 0.48074999
vt 0.21290199 0.48019800
vt 0.21430001 0.47952101
vt 0.21458501 0.47958100
vt 0.21376300 0.48004600
vt 0.21606800 0.47892201
vt 0.21430001 0.47952101
vt 0.21407500 0.47944000
vt 0.21603499 0.47874600
vt 0.21590900 0.47920701
vt 0.21458501 0.47958100
vt 0.21430001 0.47952101
vt 0.21606800 0.47892201
vt 0.22421400 0.47776401
vt 0.21590900 0.47920701
vt 0.21606800 0.47892201
vt 0.22420600 0.47742900
vt 0.22420600 0.47742900
vt 0.21606800 0.47892201
vt 0.21603499 0.47874600
vt 0.22418299 0.47720301
vt 0.22418299 0.47720301
vt 0.21603499 0.47874600
vt 0.21599400 0.47858101
vt 0.22414500 0.47700900
vt 0.22477999 0.47718599
vt 0.22418299 0.47720301
vt 0.22414500 0.47700900
vt 0.22472700 0.47699499
vt 0.22481300 0.47741401
vt 0.22420600 0.47742900
vt 0.22418299 0.47720301
vt 0.22477999 0.47718599
vt 0.22477999 0.47718599
vt 0.22951700 0.47770801
vt 0.22954300 0.47791699
vt 0.22481300 0.47741401
vt 0.22472700 0.47699499
vt 0.22946499 0.47751501
vt 0.22951700 0.47770801
vt 0.22477999 0.47718599
vt 0.22425900 0.47530699
vt 0.22472700 0.47699499
vt 0.22414500 0.47700900
vt 0.22367500 0.47535801
vt 0.22891399 0.47545499
vt 0.22946499 0.47751501
vt 0.22472700 0.47699499
vt 0.22425900 0.47530699
vt 0.23101699 0.47763801
vt 0.22946499 0.47751501
vt 0.22891399 0.47545499
vt 0.23053400 0.47543100
vt 0.22946499 0.47751501
vt 0.23101699 0.47763801
vt 0.23103701 0.47783700
vt 0.22951700 0.47770801
vt 0.26416600 0.47534600
vt 0.26371899 0.47747299
vt 0.23101699 0.47763801
vt 0.23053400 0.47543100
vt 0.26351401 0.47766200
vt 0.23103701 0.47783700
vt 0.23101699 0.47763801
vt 0.26371899 0.47747299
vt 0.26371899 0.47747299
vt 0.26435101 0.47753900
vt 0.26414099 0.47770599
vt 0.26351401 0.47766200
vt 0.26435101 0.47753900
vt 0.26371899 0.47747299
vt 0.26416600 0.47534600
vt 0.26474699 0.47583601
vt 0.26435101 0.47753900
vt 0.26493001 0.47764501
vt 0.26471999 0.47780499
vt 0.26414099 0.47770599
vt 0.26531401 0.47611800
vt 0.26493001 0.47764501
vt 0.26435101 0.47753900
vt 0.26474699 0.47583601
vt 0.26605001 0.47636601
vt 0.26559699 0.47782600
vt 0.26493001 0.47764501
vt 0.26531401 0.47611800
vt 0.26493001 0.47764501
vt 0.26559699 0.47782600
vt 0.26538700 0.47800100
vt 0.26471999 0.47780499
vt 0.26649100 0.47813800
vt 0.26559699 0.47782600
vt 0.26605001 0.47636601
vt 0.26706201 0.47671500
vt 0.26559699 0.47782600
vt 0.26649100 0.47813800
vt 0.26628000 0.47835201
vt 0.26538700 0.47800100
vt 0.26534301 0.47585100
vt 0.26607201 0.47610500
vt 0.26605001 0.47636601
vt 0.26531401 0.47611800
vt 0.26607201 0.47610500
vt 0.26710799 0.47645500
vt 0.26706201 0.47671500
vt 0.26605001 0.47636601
vt 0.26838300 0.47729301
vt 0.26706201 0.47671500
vt 0.26710799 0.47645500
vt 0.26846600 0.47704300
vt 0.26838300 0.47729301
vt 0.26768300 0.47865501
vt 0.26649100 0.47813800
vt 0.26706201 0.47671500
vt 0.26985800 0.47813299
vt 0.26903701 0.47939199
vt 0.26768300 0.47865501
vt 0.26838300 0.47729301
vt 0.26985800 0.47813299
vt 0.26838300 0.47729301
vt 0.26846600 0.47704300
vt 0.26998001 0.47790301
vt 0.26998001 0.47790301
vt 0.26846600 0.47704300
vt 0.26855901 0.47667801
vt 0.27017900 0.47755000
vt 0.26846600 0.47704300
vt 0.26710799 0.47645500
vt 0.26709399 0.47612801
vt 0.26855901 0.47667801
vt 0.42418501 0.80179399
vt 0.42394301 0.79973400
vt 0.42818901 0.80169302
vt 0.42823201 0.80307603
vt 0.42470500 0.80408698
vt 0.42418501 0.80179399
vt 0.42823201 0.80307603
vt 0.42856199 0.80441999
vt 0.42856199 0.80441999
vt 0.42823201 0.80307603
vt 0.43028700 0.80278999
vt 0.43051901 0.80375201
vt 0.42823201 0.80307603
vt 0.42818901 0.80169302
vt 0.43023899 0.80181998
vt 0.43028700 0.80278999
vt 0.42818901 0.80169302
vt 0.42844301 0.80034798
vt 0.43037900 0.80088502
vt 0.43023899 0.80181998
vt 0.42844301 0.80034798
vt 0.42818901 0.80169302
vt 0.42394301 0.79973400
vt 0.42395201 0.79822397
vt 0.42844301 0.80034798
vt 0.42897800 0.79912603
vt 0.43070000 0.80002499
vt 0.43037900 0.80088502
vt 0.42897800 0.79912603
vt 0.42973700 0.79809600
vt 0.43117899 0.79926699
vt 0.43070000 0.80002499
vt 0.42562300 0.79622501
vt 0.42897800 0.79912603
vt 0.42844301 0.80034798
vt 0.42462099 0.79680997
vt 0.42973700 0.79809600
vt 0.42897800 0.79912603
vt 0.42562300 0.79622501
vt 0.42707500 0.79554498
vt 0.43063000 0.79728103
vt 0.42973700 0.79809600
vt 0.42707500 0.79554498
vt 0.42867899 0.79483098
vt 0.42973700 0.79809600
vt 0.43063000 0.79728103
vt 0.43178499 0.79862797
vt 0.43117899 0.79926699
vt 0.43063000 0.79728103
vt 0.43159401 0.79666299
vt 0.43248200 0.79810899
vt 0.43178499 0.79862797
vt 0.43159401 0.79666299
vt 0.43063000 0.79728103
vt 0.42867899 0.79483098
vt 0.43023199 0.79416400
vt 0.43023199 0.79416400
vt 0.42867899 0.79483098
vt 0.42870000 0.79429102
vt 0.43025300 0.79369998
vt 0.42867899 0.79483098
vt 0.42707500 0.79554498
vt 0.42715400 0.79495800
vt 0.42870000 0.79429102
vt 0.43025300 0.79369998
vt 0.42870000 0.79429102
vt 0.42873400 0.79383397
vt 0.43029001 0.79329503
vt 0.42870000 0.79429102
vt 0.42715400 0.79495800
vt 0.42719600 0.79444098
vt 0.42873400 0.79383397
vt 0.43023801 0.79272401
vt 0.43029001 0.79329503
vt 0.42873400 0.79383397
vt 0.42865101 0.79319400
vt 0.42865101 0.79319400
vt 0.42873400 0.79383397
vt 0.42719600 0.79444098
vt 0.42709100 0.79372400
vt 0.42709100 0.79372400
vt 0.42665800 0.78378803
vt 0.42830801 0.78405303
vt 0.42865101 0.79319400
vt 0.42865101 0.79319400
vt 0.42830801 0.78405303
vt 0.43004900 0.78432202
vt 0.43023801 0.79272401
vt 0.43175900 0.78457600
vt 0.43175399 0.79237700
vt 0.43023801 0.79272401
vt 0.43004900 0.78432202
vt 0.43175399 0.79237700
vt 0.43177399 0.79289401
vt 0.43029001 0.79329503
vt 0.43023801 0.79272401
vt 0.42830801 0.78405303
vt 0.43131500 0.77546400
vt 0.43262500 0.77640802
vt 0.43004900 0.78432202
vt 0.43391100 0.77719301
vt 0.43175900 0.78457600
vt 0.43004900 0.78432202
vt 0.43262500 0.77640802
vt 0.43339401 0.78480798
vt 0.43175900 0.78457600
vt 0.43391100 0.77719301
vt 0.43516600 0.77779502
vt 0.43318099 0.79216802
vt 0.43175399 0.79237700
vt 0.43175900 0.78457600
vt 0.43339401 0.78480798
vt 0.43339401 0.78480798
vt 0.43516600 0.77779502
vt 0.43640199 0.77824801
vt 0.43496799 0.78502202
vt 0.43318099 0.79216802
vt 0.43339401 0.78480798
vt 0.43496799 0.78502202
vt 0.43454200 0.79207700
vt 0.43496799 0.78502202
vt 0.43640199 0.77824801
vt 0.43762800 0.77857900
vt 0.43649900 0.78522003
vt 0.43454200 0.79207700
vt 0.43496799 0.78502202
vt 0.43649900 0.78522003
vt 0.43585399 0.79208702
vt 0.43800500 0.78540403
vt 0.43649900 0.78522003
vt 0.43762800 0.77857900
vt 0.43885800 0.77879602
vt 0.43712801 0.79219401
vt 0.43585399 0.79208702
vt 0.43649900 0.78522003
vt 0.43800500 0.78540403
vt 0.43950900 0.78560001
vt 0.43800500 0.78540403
vt 0.43885800 0.77879602
vt 0.44010499 0.77888203
vt 0.43838900 0.79240000
vt 0.43712801 0.79219401
vt 0.43800500 0.78540403
vt 0.43950900 0.78560001
vt 0.43950900 0.78560001
vt 0.44010499 0.77888203
vt 0.44137800 0.77885997
vt 0.44104001 0.78578901
vt 0.43838900 0.79240000
vt 0.43950900 0.78560001
vt 0.44104001 0.78578901
vt 0.43966001 0.79271197
vt 0.44104001 0.78578901
vt 0.44137800 0.77885997
vt 0.44268900 0.77872801
vt 0.44261700 0.78597498
vt 0.43966001 0.79271197
vt 0.44104001 0.78578901
vt 0.44261700 0.78597498
vt 0.44095600 0.79313898
vt 0.44425699 0.78615898
vt 0.44261700 0.78597498
vt 0.44268900 0.77872801
vt 0.44404799 0.77846700
vt 0.44229099 0.79370701
vt 0.44095600 0.79313898
vt 0.44261700 0.78597498
vt 0.44425699 0.78615898
vt 0.44597501 0.78634101
vt 0.44425699 0.78615898
vt 0.44404799 0.77846700
vt 0.44547799 0.77805001
vt 0.44368100 0.79444599
vt 0.44229099 0.79370701
vt 0.44425699 0.78615898
vt 0.44597501 0.78634101
vt 0.44597501 0.78634101
vt 0.44547799 0.77805001
vt 0.44696400 0.77750099
vt 0.44772801 0.78651500
vt 0.44368100 0.79444599
vt 0.44597501 0.78634101
vt 0.44772801 0.78651500
vt 0.44511500 0.79533499
vt 0.44772801 0.78651500
vt 0.44696400 0.77750099
vt 0.44842300 0.77688903
vt 0.44939199 0.78666699
vt 0.44511500 0.79533499
vt 0.44772801 0.78651500
vt 0.44939199 0.78666699
vt 0.44651601 0.79628700
vt 0.44968599 0.77632898
vt 0.45078501 0.78679103
vt 0.44939199 0.78666699
vt 0.44842300 0.77688903
vt 0.45078501 0.78679103
vt 0.44771701 0.79711902
vt 0.44651601 0.79628700
vt 0.44939199 0.78666699
vt 0.45169899 0.78686398
vt 0.45078501 0.78679103
vt 0.44968599 0.77632898
vt 0.45055801 0.77593201
vt 0.44854999 0.79766500
vt 0.44771701 0.79711902
vt 0.45078501 0.78679103
vt 0.45169899 0.78686398
vt 0.44854999 0.79766500
vt 0.45169899 0.78686398
vt 0.45213300 0.78688502
vt 0.44893500 0.79796398
vt 0.45169899 0.78686398
vt 0.45055801 0.77593201
vt 0.45098701 0.77566999
vt 0.45213300 0.78688502
vt 0.15711200 0.79487300
vt 0.14730801 0.79519099
vt 0.14710499 0.79512203
vt 0.15707500 0.79479402
vt 0.26450101 0.50025100
vt 0.26431099 0.50960898
vt 0.26423401 0.50963998
vt 0.26441801 0.50013500
vt 0.15695800 0.79446101
vt 0.15707500 0.79479402
vt 0.14710499 0.79512203
vt 0.14679000 0.79477602
vt 0.26405701 0.50004703
vt 0.26441801 0.50013500
vt 0.26423401 0.50963998
vt 0.26389399 0.50974000
vt 0.15695800 0.79446101
vt 0.14679000 0.79477602
vt 0.14621900 0.76088899
vt 0.15554801 0.75852102
vt 0.26405701 0.50004703
vt 0.26389399 0.50974000
vt 0.22852901 0.50974000
vt 0.23051600 0.50005299
vt 0.14621900 0.76088899
vt 0.14611199 0.75920200
vt 0.15517899 0.75683802
vt 0.15554801 0.75852102
vt 0.22852901 0.50974000
vt 0.22680900 0.50936198
vt 0.22881199 0.49998099
vt 0.23051600 0.50005299
vt 0.22881199 0.49998099
vt 0.22680900 0.50936198
vt 0.22214600 0.50818801
vt 0.22423799 0.49986601
vt 0.15517899 0.75683802
vt 0.14611199 0.75920200
vt 0.14605001 0.75459599
vt 0.15418901 0.75222403
vt 0.15418901 0.75222403
vt 0.14605001 0.75459599
vt 0.14598399 0.75401598
vt 0.15403500 0.75164098
vt 0.22423799 0.49986601
vt 0.22214600 0.50818801
vt 0.22155499 0.50803101
vt 0.22366901 0.49979699
vt 0.14605001 0.75459599
vt 0.14440501 0.75510401
vt 0.14437500 0.75453001
vt 0.14598399 0.75401598
vt 0.14611199 0.75920200
vt 0.14403901 0.75985599
vt 0.14440501 0.75510401
vt 0.14605001 0.75459599
vt 0.14270800 0.74644500
vt 0.14414400 0.74598199
vt 0.14598399 0.75401598
vt 0.14437500 0.75453001
vt 0.14414400 0.74598199
vt 0.15091200 0.74198300
vt 0.15403500 0.75164098
vt 0.14598399 0.75401598
vt 0.14270800 0.74644500
vt 0.14193401 0.74440998
vt 0.14318500 0.74382597
vt 0.14414400 0.74598199
vt 0.14942500 0.73940700
vt 0.15091200 0.74198300
vt 0.14414400 0.74598199
vt 0.14318500 0.74382597
vt 0.14318500 0.74382597
vt 0.14193401 0.74440998
vt 0.14107600 0.74276900
vt 0.14216000 0.74206299
vt 0.14779700 0.73712099
vt 0.14942500 0.73940700
vt 0.14318500 0.74382597
vt 0.14216000 0.74206299
vt 0.14779700 0.73712099
vt 0.14216000 0.74206299
vt 0.14105800 0.74066800
vt 0.14605699 0.73519099
vt 0.14216000 0.74206299
vt 0.14107600 0.74276900
vt 0.14017500 0.74147701
vt 0.14105800 0.74066800
vt 0.14017500 0.74147701
vt 0.14107600 0.74276900
vt 0.14101200 0.74295300
vt 0.14015700 0.74170798
vt 0.14107600 0.74276900
vt 0.14193401 0.74440998
vt 0.14181700 0.74452901
vt 0.14101200 0.74295300
vt 0.14015700 0.74170798
vt 0.14101200 0.74295300
vt 0.14103600 0.74336398
vt 0.14024700 0.74223500
vt 0.14101200 0.74295300
vt 0.14181700 0.74452901
vt 0.14173900 0.74475700
vt 0.14103600 0.74336398
vt 0.14254400 0.74648899
vt 0.14181700 0.74452901
vt 0.14193401 0.74440998
vt 0.14270800 0.74644500
vt 0.14236800 0.74652398
vt 0.14173900 0.74475700
vt 0.14181700 0.74452901
vt 0.14254400 0.74648899
vt 0.14418399 0.75457102
vt 0.14254400 0.74648899
vt 0.14270800 0.74644500
vt 0.14437500 0.75453001
vt 0.14396000 0.75459898
vt 0.14236800 0.74652398
vt 0.14254400 0.74648899
vt 0.14418399 0.75457102
vt 0.14399099 0.75520098
vt 0.14396000 0.75459898
vt 0.14418399 0.75457102
vt 0.14421700 0.75516301
vt 0.14421700 0.75516301
vt 0.14418399 0.75457102
vt 0.14437500 0.75453001
vt 0.14440501 0.75510401
vt 0.14421700 0.75516301
vt 0.14384601 0.75991398
vt 0.14363700 0.75994700
vt 0.14399099 0.75520098
vt 0.14440501 0.75510401
vt 0.14403901 0.75985599
vt 0.14384601 0.75991398
vt 0.14421700 0.75516301
vt 0.14403901 0.75985599
vt 0.14395700 0.76143098
vt 0.14375800 0.76145500
vt 0.14384601 0.75991398
vt 0.14384601 0.75991398
vt 0.14375800 0.76145500
vt 0.14355300 0.76146299
vt 0.14363700 0.75994700
vt 0.14363700 0.75994700
vt 0.14355300 0.76146299
vt 0.14326100 0.76145798
vt 0.14333300 0.75995600
vt 0.14363700 0.75994700
vt 0.14333300 0.75995600
vt 0.14365500 0.75522202
vt 0.14399099 0.75520098
vt 0.14326100 0.76145798
vt 0.14282700 0.76144099
vt 0.14288500 0.75994802
vt 0.14333300 0.75995600
vt 0.14333300 0.75995600
vt 0.14288500 0.75994802
vt 0.14316200 0.75523698
vt 0.14365500 0.75522202
vt 0.14316200 0.75523698
vt 0.14288500 0.75994802
vt 0.14225800 0.75993401
vt 0.14247701 0.75525200
vt 0.14225800 0.75993401
vt 0.14288500 0.75994802
vt 0.14282700 0.76144099
vt 0.14221600 0.76141298
vt 0.14142200 0.75991702
vt 0.14225800 0.75993401
vt 0.14221600 0.76141298
vt 0.14139700 0.76138002
vt 0.14247701 0.75525200
vt 0.14225800 0.75993401
vt 0.14142200 0.75991702
vt 0.14157100 0.75527602
vt 0.14247701 0.75525200
vt 0.14157100 0.75527602
vt 0.14153901 0.75461298
vt 0.14244600 0.75461298
vt 0.14316200 0.75523698
vt 0.14247701 0.75525200
vt 0.14244600 0.75461298
vt 0.14313400 0.75461698
vt 0.14153901 0.75461298
vt 0.14000700 0.74436301
vt 0.14088300 0.74505299
vt 0.14244600 0.75461298
vt 0.14244600 0.75461298
vt 0.14088300 0.74505299
vt 0.14158300 0.74579698
vt 0.14313400 0.75461698
vt 0.14088300 0.74505299
vt 0.14000700 0.74436301
vt 0.13960400 0.74246699
vt 0.14048199 0.74329001
vt 0.14158300 0.74579698
vt 0.14088300 0.74505299
vt 0.14048199 0.74329001
vt 0.14120300 0.74422598
vt 0.14158300 0.74579698
vt 0.14207900 0.74636799
vt 0.14362800 0.75461400
vt 0.14313400 0.75461698
vt 0.14207900 0.74636799
vt 0.14158300 0.74579698
vt 0.14120300 0.74422598
vt 0.14168300 0.74504399
vt 0.14024700 0.74223500
vt 0.14103600 0.74336398
vt 0.14120300 0.74422598
vt 0.14048199 0.74329001
vt 0.14103600 0.74336398
vt 0.14173900 0.74475700
vt 0.14168300 0.74504399
vt 0.14120300 0.74422598
vt 0.14207900 0.74636799
vt 0.14168300 0.74504399
vt 0.14173900 0.74475700
vt 0.14236800 0.74652398
vt 0.14362800 0.75461400
vt 0.14207900 0.74636799
vt 0.14236800 0.74652398
vt 0.14396000 0.75459898
vt 0.14365500 0.75522202
vt 0.14362800 0.75461400
vt 0.14396000 0.75459898
vt 0.14399099 0.75520098
vt 0.14365500 0.75522202
vt 0.14316200 0.75523698
vt 0.14313400 0.75461698
vt 0.14362800 0.75461400
vt 0.13935700 0.74131399
vt 0.14024700 0.74223500
vt 0.14048199 0.74329001
vt 0.13960400 0.74246699
vt 0.13924199 0.74072301
vt 0.14015700 0.74170798
vt 0.14024700 0.74223500
vt 0.13935700 0.74131399
vt 0.13836600 0.74058402
vt 0.13935700 0.74131399
vt 0.13960400 0.74246699
vt 0.13859500 0.74180102
vt 0.13825500 0.73995697
vt 0.13924199 0.74072301
vt 0.13935700 0.74131399
vt 0.13836600 0.74058402
vt 0.13823301 0.73968399
vt 0.13923199 0.74046600
vt 0.13924199 0.74072301
vt 0.13825500 0.73995697
vt 0.13923199 0.74046600
vt 0.14017500 0.74147701
vt 0.14015700 0.74170798
vt 0.13924199 0.74072301
vt 0.13923199 0.74046600
vt 0.13823301 0.73968399
vt 0.13877200 0.73872203
vt 0.13994899 0.73956698
vt 0.14105800 0.74066800
vt 0.14017500 0.74147701
vt 0.13923199 0.74046600
vt 0.13994899 0.73956698
vt 0.14227800 0.73243600
vt 0.14417200 0.73371297
vt 0.13994899 0.73956698
vt 0.13877200 0.73872203
vt 0.14605699 0.73519099
vt 0.14105800 0.74066800
vt 0.13994899 0.73956698
vt 0.14417200 0.73371297
vt 0.21006399 0.49498501
vt 0.20453700 0.50013602
vt 0.20289101 0.49829599
vt 0.20893900 0.49384099
vt 0.20805299 0.49267301
vt 0.20893900 0.49384099
vt 0.20289101 0.49829599
vt 0.20164400 0.49630201
vt 0.20736299 0.49143600
vt 0.20805299 0.49267301
vt 0.20164400 0.49630201
vt 0.20067300 0.49420500
vt 0.14023601 0.73139602
vt 0.14227800 0.73243600
vt 0.13877200 0.73872203
vt 0.13754199 0.73808998
vt 0.14023601 0.73139602
vt 0.13754199 0.73808998
vt 0.13626800 0.73765701
vt 0.13804300 0.73061502
vt 0.20736299 0.49143600
vt 0.20067300 0.49420500
vt 0.19998400 0.49202201
vt 0.20686799 0.49013501
vt 0.20686799 0.49013501
vt 0.19998400 0.49202201
vt 0.19946100 0.48979199
vt 0.20658199 0.48879701
vt 0.13804300 0.73061502
vt 0.13626800 0.73765701
vt 0.13497300 0.73738998
vt 0.13574100 0.73026401
vt 0.13626800 0.73765701
vt 0.13603100 0.73867702
vt 0.13486500 0.73842603
vt 0.13497300 0.73738998
vt 0.13754199 0.73808998
vt 0.13716100 0.73909402
vt 0.13603100 0.73867702
vt 0.13626800 0.73765701
vt 0.13486500 0.73842603
vt 0.13603100 0.73867702
vt 0.13605100 0.73896801
vt 0.13487899 0.73872298
vt 0.13603100 0.73867702
vt 0.13716100 0.73909402
vt 0.13718501 0.73937798
vt 0.13605100 0.73896801
vt 0.13716100 0.73909402
vt 0.13823301 0.73968399
vt 0.13825500 0.73995697
vt 0.13718501 0.73937798
vt 0.13823301 0.73968399
vt 0.13716100 0.73909402
vt 0.13754199 0.73808998
vt 0.13877200 0.73872203
vt 0.13605100 0.73896801
vt 0.13718501 0.73937798
vt 0.13727900 0.74003202
vt 0.13612100 0.73964298
vt 0.13718501 0.73937798
vt 0.13825500 0.73995697
vt 0.13836600 0.74058402
vt 0.13727900 0.74003202
vt 0.13727900 0.74003202
vt 0.13836600 0.74058402
vt 0.13859500 0.74180102
vt 0.13747101 0.74129999
vt 0.13612100 0.73964298
vt 0.13727900 0.74003202
vt 0.13747101 0.74129999
vt 0.13626400 0.74095201
vt 0.13487899 0.73872298
vt 0.13605100 0.73896801
vt 0.13612100 0.73964298
vt 0.13492100 0.73941201
vt 0.13492100 0.73941201
vt 0.13612100 0.73964298
vt 0.13626400 0.74095201
vt 0.13500699 0.74074799
vt 0.13368499 0.73864800
vt 0.13487899 0.73872298
vt 0.13492100 0.73941201
vt 0.13369900 0.73934603
vt 0.13369900 0.73934603
vt 0.13492100 0.73941201
vt 0.13500699 0.74074799
vt 0.13372800 0.74069500
vt 0.13248099 0.73946202
vt 0.13369900 0.73934603
vt 0.13372800 0.74069500
vt 0.13245200 0.74080199
vt 0.13249400 0.73877001
vt 0.13368499 0.73864800
vt 0.13369900 0.73934603
vt 0.13248099 0.73946202
vt 0.13367900 0.73834503
vt 0.13486500 0.73842603
vt 0.13487899 0.73872298
vt 0.13368499 0.73864800
vt 0.13249400 0.73847300
vt 0.13367900 0.73834503
vt 0.13368499 0.73864800
vt 0.13249400 0.73877001
vt 0.13133100 0.73906797
vt 0.13249400 0.73877001
vt 0.13248099 0.73946202
vt 0.13129100 0.73974597
vt 0.13133900 0.73877603
vt 0.13249400 0.73847300
vt 0.13249400 0.73877001
vt 0.13133100 0.73906797
vt 0.13367900 0.73834503
vt 0.13249400 0.73847300
vt 0.13234100 0.73743099
vt 0.13366000 0.73731798
vt 0.13234100 0.73743099
vt 0.13249400 0.73847300
vt 0.13133900 0.73877603
vt 0.13105300 0.73776501
vt 0.13119900 0.73049599
vt 0.13344900 0.73022801
vt 0.13366000 0.73731798
vt 0.13234100 0.73743099
vt 0.13119900 0.73049599
vt 0.13234100 0.73743099
vt 0.13105300 0.73776501
vt 0.12896401 0.73094302
vt 0.12896401 0.73094302
vt 0.13105300 0.73776501
vt 0.12980200 0.73825997
vt 0.12684900 0.73179901
vt 0.13105300 0.73776501
vt 0.13133900 0.73877603
vt 0.13022800 0.73924398
vt 0.12980200 0.73825997
vt 0.12860499 0.73894602
vt 0.12488500 0.73290098
vt 0.12684900 0.73179901
vt 0.12980200 0.73825997
vt 0.13022800 0.73924398
vt 0.12918501 0.73988199
vt 0.12860499 0.73894602
vt 0.12980200 0.73825997
vt 0.12918501 0.73988199
vt 0.13022800 0.73924398
vt 0.13021700 0.73952901
vt 0.12917501 0.74015498
vt 0.13022800 0.73924398
vt 0.13133900 0.73877603
vt 0.13133100 0.73906797
vt 0.13021700 0.73952901
vt 0.12917501 0.74015498
vt 0.13021700 0.73952901
vt 0.13015200 0.74018598
vt 0.12909199 0.74078500
vt 0.13021700 0.73952901
vt 0.13133100 0.73906797
vt 0.13129100 0.73974597
vt 0.13015200 0.74018598
vt 0.12909199 0.74078500
vt 0.13015200 0.74018598
vt 0.13001700 0.74146003
vt 0.12891699 0.74200898
vt 0.13015200 0.74018598
vt 0.13129100 0.73974597
vt 0.13120601 0.74106002
vt 0.13001700 0.74146003
vt 0.13129100 0.73974597
vt 0.13248099 0.73946202
vt 0.13245200 0.74080199
vt 0.13120601 0.74106002
vt 0.13240200 0.74299502
vt 0.13106100 0.74321097
vt 0.13120601 0.74106002
vt 0.13245200 0.74080199
vt 0.13106100 0.74321097
vt 0.12978899 0.74354798
vt 0.13001700 0.74146003
vt 0.13120601 0.74106002
vt 0.13377599 0.74290103
vt 0.13240200 0.74299502
vt 0.13245200 0.74080199
vt 0.13372800 0.74069500
vt 0.13240200 0.74299502
vt 0.13377599 0.74290103
vt 0.13403299 0.75477701
vt 0.13230100 0.75480801
vt 0.13062300 0.75483602
vt 0.13106100 0.74321097
vt 0.13240200 0.74299502
vt 0.13230100 0.75480801
vt 0.13404800 0.75548899
vt 0.13231000 0.75551897
vt 0.13230100 0.75480801
vt 0.13403299 0.75477701
vt 0.13231000 0.75551897
vt 0.13062599 0.75554198
vt 0.13062300 0.75483602
vt 0.13230100 0.75480801
vt 0.13062599 0.75554198
vt 0.12905701 0.75556099
vt 0.12905701 0.75486302
vt 0.13062300 0.75483602
vt 0.12905701 0.75486302
vt 0.12978899 0.74354798
vt 0.13106100 0.74321097
vt 0.13062300 0.75483602
vt 0.12767000 0.75489402
vt 0.12863000 0.74401498
vt 0.12978899 0.74354798
vt 0.12905701 0.75486302
vt 0.12905701 0.75556099
vt 0.12766799 0.75557798
vt 0.12767000 0.75489402
vt 0.12905701 0.75486302
vt 0.12926000 0.76011699
vt 0.12793900 0.76016998
vt 0.12766799 0.75557798
vt 0.12905701 0.75556099
vt 0.13062599 0.75554198
vt 0.13077800 0.76006901
vt 0.12926000 0.76011699
vt 0.12905701 0.75556099
vt 0.12931401 0.76153898
vt 0.12800901 0.76161200
vt 0.12793900 0.76016998
vt 0.12926000 0.76011699
vt 0.12926000 0.76011699
vt 0.13077800 0.76006901
vt 0.13082100 0.76147598
vt 0.12931401 0.76153898
vt 0.13077800 0.76006901
vt 0.13242801 0.76002598
vt 0.13246299 0.76142198
vt 0.13082100 0.76147598
vt 0.13231000 0.75551897
vt 0.13242801 0.76002598
vt 0.13077800 0.76006901
vt 0.13062599 0.75554198
vt 0.13404800 0.75548899
vt 0.13414299 0.75998801
vt 0.13242801 0.76002598
vt 0.13231000 0.75551897
vt 0.13414299 0.75998801
vt 0.13417301 0.76138002
vt 0.13246299 0.76142198
vt 0.13242801 0.76002598
vt 0.13588201 0.76134998
vt 0.13417301 0.76138002
vt 0.13414299 0.75998801
vt 0.13585800 0.75995302
vt 0.13585800 0.75995302
vt 0.13414299 0.75998801
vt 0.13404800 0.75548899
vt 0.13578500 0.75544500
vt 0.13578500 0.75544500
vt 0.13404800 0.75548899
vt 0.13403299 0.75477701
vt 0.13576400 0.75473499
vt 0.13746800 0.75539798
vt 0.13578500 0.75544500
vt 0.13576400 0.75473499
vt 0.13744199 0.75469202
vt 0.13746800 0.75539798
vt 0.13750800 0.75992602
vt 0.13585800 0.75995302
vt 0.13578500 0.75544500
vt 0.13903700 0.75534999
vt 0.13902700 0.75990897
vt 0.13750800 0.75992602
vt 0.13746800 0.75539798
vt 0.13903700 0.75534999
vt 0.13746800 0.75539798
vt 0.13744199 0.75469202
vt 0.13900800 0.75465298
vt 0.13744199 0.75469202
vt 0.13650300 0.74309599
vt 0.13778999 0.74337900
vt 0.13900800 0.75465298
vt 0.13576400 0.75473499
vt 0.13515300 0.74293703
vt 0.13650300 0.74309599
vt 0.13744199 0.75469202
vt 0.14042500 0.75530797
vt 0.13903700 0.75534999
vt 0.13900800 0.75465298
vt 0.14039400 0.75462502
vt 0.13778999 0.74337900
vt 0.13897100 0.74379700
vt 0.14039400 0.75462502
vt 0.13900800 0.75465298
vt 0.13778999 0.74337900
vt 0.13650300 0.74309599
vt 0.13626400 0.74095201
vt 0.13747101 0.74129999
vt 0.13897100 0.74379700
vt 0.13778999 0.74337900
vt 0.13747101 0.74129999
vt 0.13859500 0.74180102
vt 0.14039400 0.75462502
vt 0.13897100 0.74379700
vt 0.14000700 0.74436301
vt 0.14153901 0.75461298
vt 0.14000700 0.74436301
vt 0.13897100 0.74379700
vt 0.13859500 0.74180102
vt 0.13960400 0.74246699
vt 0.14157100 0.75527602
vt 0.14042500 0.75530797
vt 0.14039400 0.75462502
vt 0.14153901 0.75461298
vt 0.14142200 0.75991702
vt 0.14034900 0.75990599
vt 0.14042500 0.75530797
vt 0.14157100 0.75527602
vt 0.14034900 0.75990599
vt 0.13902700 0.75990897
vt 0.13903700 0.75534999
vt 0.14042500 0.75530797
vt 0.14034000 0.76134998
vt 0.13903300 0.76133299
vt 0.13902700 0.75990897
vt 0.14034900 0.75990599
vt 0.14139700 0.76138002
vt 0.14034000 0.76134998
vt 0.14034900 0.75990599
vt 0.14142200 0.75991702
vt 0.14086901 0.78821701
vt 0.14034000 0.76134998
vt 0.14139700 0.76138002
vt 0.14195199 0.78943902
vt 0.14086901 0.78821701
vt 0.13954499 0.78720599
vt 0.13903300 0.76133299
vt 0.14034000 0.76134998
vt 0.13954499 0.78720599
vt 0.13803101 0.78645498
vt 0.13752501 0.76133299
vt 0.13903300 0.76133299
vt 0.13750800 0.75992602
vt 0.13902700 0.75990897
vt 0.13903300 0.76133299
vt 0.13752501 0.76133299
vt 0.13803101 0.78645498
vt 0.13639200 0.78599602
vt 0.13588201 0.76134998
vt 0.13752501 0.76133299
vt 0.13585800 0.75995302
vt 0.13750800 0.75992602
vt 0.13752501 0.76133299
vt 0.13588201 0.76134998
vt 0.13469400 0.78586000
vt 0.13417301 0.76138002
vt 0.13588201 0.76134998
vt 0.13639200 0.78599602
vt 0.13639601 0.78661001
vt 0.13470800 0.78647101
vt 0.13469400 0.78586000
vt 0.13639200 0.78599602
vt 0.13802800 0.78707099
vt 0.13639601 0.78661001
vt 0.13639200 0.78599602
vt 0.13803101 0.78645498
vt 0.13635001 0.78728801
vt 0.13472199 0.78712797
vt 0.13470800 0.78647101
vt 0.13639601 0.78661001
vt 0.13793600 0.78776300
vt 0.13635001 0.78728801
vt 0.13639601 0.78661001
vt 0.13802800 0.78707099
vt 0.13942000 0.78846699
vt 0.13793600 0.78776300
vt 0.13802800 0.78707099
vt 0.13953800 0.78781700
vt 0.13953800 0.78781700
vt 0.13802800 0.78707099
vt 0.13803101 0.78645498
vt 0.13954499 0.78720599
vt 0.14085799 0.78882200
vt 0.13953800 0.78781700
vt 0.13954499 0.78720599
vt 0.14086901 0.78821701
vt 0.14070800 0.78941602
vt 0.13942000 0.78846699
vt 0.13953800 0.78781700
vt 0.14085799 0.78882200
vt 0.14031200 0.79011500
vt 0.13911100 0.78933901
vt 0.13942000 0.78846699
vt 0.14070800 0.78941602
vt 0.13911100 0.78933901
vt 0.13767201 0.78874701
vt 0.13793600 0.78776300
vt 0.13942000 0.78846699
vt 0.13868600 0.79061502
vt 0.13716701 0.79022002
vt 0.13767201 0.78874701
vt 0.13911100 0.78933901
vt 0.13767201 0.78874701
vt 0.13619000 0.78821898
vt 0.13635001 0.78728801
vt 0.13793600 0.78776300
vt 0.13716701 0.79022002
vt 0.13575099 0.78949398
vt 0.13619000 0.78821898
vt 0.13767201 0.78874701
vt 0.13575099 0.78949398
vt 0.13475899 0.78890002
vt 0.13474000 0.78798598
vt 0.13619000 0.78821898
vt 0.13619000 0.78821898
vt 0.13474000 0.78798598
vt 0.13472199 0.78712797
vt 0.13635001 0.78728801
vt 0.13474000 0.78798598
vt 0.13330100 0.78828102
vt 0.13310100 0.78735697
vt 0.13472199 0.78712797
vt 0.13475899 0.78890002
vt 0.13379399 0.78953499
vt 0.13330100 0.78828102
vt 0.13474000 0.78798598
vt 0.13379399 0.78953499
vt 0.13241000 0.79032201
vt 0.13184300 0.78887200
vt 0.13330100 0.78828102
vt 0.13330100 0.78828102
vt 0.13184300 0.78887200
vt 0.13153701 0.78789902
vt 0.13310100 0.78735697
vt 0.13241000 0.79032201
vt 0.13090999 0.79078102
vt 0.13043000 0.78952402
vt 0.13184300 0.78887200
vt 0.13184300 0.78887200
vt 0.13043000 0.78952402
vt 0.13008501 0.78866601
vt 0.13153701 0.78789902
vt 0.13090999 0.79078102
vt 0.12982699 0.79102701
vt 0.12926400 0.79035097
vt 0.13043000 0.78952402
vt 0.13043000 0.78952402
vt 0.12926400 0.79035097
vt 0.12883900 0.78966999
vt 0.13008501 0.78866601
vt 0.13153701 0.78789902
vt 0.13008501 0.78866601
vt 0.12993900 0.78802198
vt 0.13141599 0.78721201
vt 0.13008501 0.78866601
vt 0.12883900 0.78966999
vt 0.12866300 0.78908199
vt 0.12993900 0.78802198
vt 0.13141599 0.78721201
vt 0.12993900 0.78802198
vt 0.12990600 0.78741199
vt 0.13138600 0.78659701
vt 0.12993900 0.78802198
vt 0.12866300 0.78908199
vt 0.12862600 0.78847897
vt 0.12990600 0.78741199
vt 0.12866300 0.78908199
vt 0.12764101 0.79034799
vt 0.12759601 0.78974497
vt 0.12862600 0.78847897
vt 0.12883900 0.78966999
vt 0.12786800 0.79091501
vt 0.12764101 0.79034799
vt 0.12866300 0.78908199
vt 0.12786800 0.79091501
vt 0.12710500 0.79226100
vt 0.12684900 0.79168999
vt 0.12764101 0.79034799
vt 0.12764101 0.79034799
vt 0.12684900 0.79168999
vt 0.12680100 0.79108399
vt 0.12759601 0.78974497
vt 0.12800901 0.76161200
vt 0.12862600 0.78847897
vt 0.12759601 0.78974497
vt 0.12695500 0.76168698
vt 0.12759601 0.78974497
vt 0.12680100 0.79108399
vt 0.12613700 0.76175398
vt 0.12695500 0.76168698
vt 0.12684900 0.79168999
vt 0.12625200 0.79295999
vt 0.12620901 0.79234898
vt 0.12680100 0.79108399
vt 0.12680100 0.79108399
vt 0.12620901 0.79234898
vt 0.12552799 0.76180899
vt 0.12613700 0.76175398
vt 0.12603299 0.76027900
vt 0.12686700 0.76022601
vt 0.12695500 0.76168698
vt 0.12613700 0.76175398
vt 0.12540700 0.76032001
vt 0.12603299 0.76027900
vt 0.12613700 0.76175398
vt 0.12552799 0.76180899
vt 0.12652200 0.75559402
vt 0.12686700 0.76022601
vt 0.12603299 0.76027900
vt 0.12561500 0.75560898
vt 0.12561500 0.75560898
vt 0.12603299 0.76027900
vt 0.12540700 0.76032001
vt 0.12493000 0.75562203
vt 0.12540700 0.76032001
vt 0.12495900 0.76034600
vt 0.12443700 0.75562900
vt 0.12493000 0.75562203
vt 0.12493000 0.75562203
vt 0.12443700 0.75562900
vt 0.12443800 0.75502002
vt 0.12493200 0.75500101
vt 0.12561500 0.75560898
vt 0.12493000 0.75562203
vt 0.12493200 0.75500101
vt 0.12561899 0.75496900
vt 0.12443800 0.75502002
vt 0.12443700 0.75562900
vt 0.12410000 0.75562102
vt 0.12410500 0.75501800
vt 0.12443700 0.75562900
vt 0.12495900 0.76034600
vt 0.12465500 0.76034999
vt 0.12410000 0.75562102
vt 0.12563901 0.74671298
vt 0.12443800 0.75502002
vt 0.12410500 0.75501800
vt 0.12535700 0.74687999
vt 0.12443800 0.75502002
vt 0.12563901 0.74671298
vt 0.12611100 0.74612099
vt 0.12493200 0.75500101
vt 0.12535700 0.74687999
vt 0.12410500 0.75501800
vt 0.12388100 0.75500000
vt 0.12518001 0.74685198
vt 0.12410500 0.75501800
vt 0.12410000 0.75562102
vt 0.12387300 0.75559300
vt 0.12388100 0.75500000
vt 0.12518001 0.74685198
vt 0.12388100 0.75500000
vt 0.12368800 0.75496697
vt 0.12501401 0.74681503
vt 0.12582400 0.74486601
vt 0.12518001 0.74685198
vt 0.12501401 0.74681503
vt 0.12570301 0.74475199
vt 0.12591100 0.74509001
vt 0.12535700 0.74687999
vt 0.12518001 0.74685198
vt 0.12582400 0.74486601
vt 0.12570301 0.74475199
vt 0.12648900 0.74308002
vt 0.12656100 0.74326098
vt 0.12582400 0.74486601
vt 0.12582400 0.74486601
vt 0.12656100 0.74326098
vt 0.12655400 0.74367100
vt 0.12591100 0.74509001
vt 0.12355900 0.74641299
vt 0.12443300 0.74421901
vt 0.12570301 0.74475199
vt 0.12501401 0.74681503
vt 0.12648900 0.74308002
vt 0.12570301 0.74475199
vt 0.12443300 0.74421901
vt 0.12538999 0.74242699
vt 0.12648900 0.74308002
vt 0.12732799 0.74175602
vt 0.12735701 0.74198502
vt 0.12656100 0.74326098
vt 0.12640600 0.74098903
vt 0.12732799 0.74175602
vt 0.12648900 0.74308002
vt 0.12538999 0.74242699
vt 0.12127000 0.73575401
vt 0.12640600 0.74098903
vt 0.12538999 0.74242699
vt 0.11952300 0.73765099
vt 0.12443300 0.74421901
vt 0.11798000 0.74002397
vt 0.11952300 0.73765099
vt 0.12538999 0.74242699
vt 0.20999600 0.47988901
vt 0.20442300 0.47478399
vt 0.20638500 0.47302100
vt 0.21143800 0.47876799
vt 0.20863900 0.47126800
vt 0.21324299 0.47774401
vt 0.21143800 0.47876799
vt 0.20638500 0.47302100
vt 0.11659600 0.74267799
vt 0.11798000 0.74002397
vt 0.12443300 0.74421901
vt 0.12355900 0.74641299
vt 0.20999600 0.47988901
vt 0.21143800 0.47876799
vt 0.21162300 0.47904900
vt 0.21020800 0.48012999
vt 0.20888200 0.48104501
vt 0.20279200 0.47663999
vt 0.20442300 0.47478399
vt 0.20999600 0.47988901
vt 0.20888200 0.48104501
vt 0.20999600 0.47988901
vt 0.21020800 0.48012999
vt 0.20911001 0.48124000
vt 0.21020800 0.48012999
vt 0.21100700 0.48102799
vt 0.20998600 0.48195300
vt 0.20911001 0.48124000
vt 0.20800801 0.48221999
vt 0.20888200 0.48104501
vt 0.20911001 0.48124000
vt 0.20825200 0.48237801
vt 0.20911001 0.48124000
vt 0.20998600 0.48195300
vt 0.20919301 0.48293200
vt 0.20825200 0.48237801
vt 0.20919301 0.48293200
vt 0.20998600 0.48195300
vt 0.21024200 0.48194700
vt 0.20946400 0.48291501
vt 0.20998600 0.48195300
vt 0.21100700 0.48102799
vt 0.21123700 0.48104900
vt 0.21024200 0.48194700
vt 0.21024200 0.48194700
vt 0.21123700 0.48104900
vt 0.21176399 0.48096800
vt 0.21083200 0.48184201
vt 0.20946400 0.48291501
vt 0.21024200 0.48194700
vt 0.21083200 0.48184201
vt 0.21008900 0.48281601
vt 0.20858200 0.48398501
vt 0.20919301 0.48293200
vt 0.20946400 0.48291501
vt 0.20886500 0.48396701
vt 0.20886500 0.48396701
vt 0.20946400 0.48291501
vt 0.21008900 0.48281601
vt 0.20951900 0.48388699
vt 0.21008900 0.48281601
vt 0.21083200 0.48184201
vt 0.21198501 0.48161301
vt 0.21130501 0.48260701
vt 0.20951900 0.48388699
vt 0.21008900 0.48281601
vt 0.21130501 0.48260701
vt 0.21078600 0.48371899
vt 0.21388100 0.48124099
vt 0.21330000 0.48226500
vt 0.21130501 0.48260701
vt 0.21198501 0.48161301
vt 0.21330000 0.48226500
vt 0.21286400 0.48343599
vt 0.21078600 0.48371899
vt 0.21130501 0.48260701
vt 0.20910899 0.48503301
vt 0.20951900 0.48388699
vt 0.21078600 0.48371899
vt 0.21041700 0.48491499
vt 0.21286400 0.48343599
vt 0.21256000 0.48471400
vt 0.21041700 0.48491499
vt 0.21078600 0.48371899
vt 0.21286400 0.48343599
vt 0.21330000 0.48226500
vt 0.22415499 0.48101199
vt 0.22415601 0.48240101
vt 0.22416499 0.48396799
vt 0.21256000 0.48471400
vt 0.21286400 0.48343599
vt 0.22415601 0.48240101
vt 0.22417800 0.48564699
vt 0.21237800 0.48605600
vt 0.21256000 0.48471400
vt 0.22416499 0.48396799
vt 0.21256000 0.48471400
vt 0.21237800 0.48605600
vt 0.21019199 0.48616400
vt 0.21041700 0.48491499
vt 0.22418900 0.48737800
vt 0.21231900 0.48742801
vt 0.21237800 0.48605600
vt 0.22417800 0.48564699
vt 0.21237800 0.48605600
vt 0.21231900 0.48742801
vt 0.21011800 0.48743799
vt 0.21019199 0.48616400
vt 0.21239001 0.48879901
vt 0.21231900 0.48742801
vt 0.22418900 0.48737800
vt 0.22419199 0.48910800
vt 0.21231900 0.48742801
vt 0.21239001 0.48879901
vt 0.21020401 0.48871100
vt 0.21011800 0.48743799
vt 0.20886900 0.48866001
vt 0.20877400 0.48744401
vt 0.21011800 0.48743799
vt 0.21020401 0.48871100
vt 0.20877400 0.48744401
vt 0.20885800 0.48622799
vt 0.21019199 0.48616400
vt 0.21011800 0.48743799
vt 0.20818099 0.48863500
vt 0.20807999 0.48744699
vt 0.20877400 0.48744401
vt 0.20886900 0.48866001
vt 0.20807999 0.48744699
vt 0.20817000 0.48625901
vt 0.20885800 0.48622799
vt 0.20877400 0.48744401
vt 0.20885800 0.48622799
vt 0.20910899 0.48503301
vt 0.21041700 0.48491499
vt 0.21019199 0.48616400
vt 0.20817000 0.48625901
vt 0.20843300 0.48509100
vt 0.20910899 0.48503301
vt 0.20885800 0.48622799
vt 0.20777801 0.48744899
vt 0.20787400 0.48626801
vt 0.20817000 0.48625901
vt 0.20807999 0.48744699
vt 0.20787400 0.48626801
vt 0.20814000 0.48510599
vt 0.20843300 0.48509100
vt 0.20817000 0.48625901
vt 0.20814000 0.48510599
vt 0.20858200 0.48398501
vt 0.20886500 0.48396701
vt 0.20843300 0.48509100
vt 0.20843300 0.48509100
vt 0.20886500 0.48396701
vt 0.20951900 0.48388699
vt 0.20910899 0.48503301
vt 0.20711200 0.48484600
vt 0.20814000 0.48510599
vt 0.20787400 0.48626801
vt 0.20683999 0.48614901
vt 0.20758800 0.48357999
vt 0.20858200 0.48398501
vt 0.20814000 0.48510599
vt 0.20711200 0.48484600
vt 0.20758800 0.48357999
vt 0.20825200 0.48237801
vt 0.20919301 0.48293200
vt 0.20858200 0.48398501
vt 0.20733000 0.48346099
vt 0.20758800 0.48357999
vt 0.20711200 0.48484600
vt 0.20683999 0.48476699
vt 0.20800801 0.48221999
vt 0.20825200 0.48237801
vt 0.20758800 0.48357999
vt 0.20733000 0.48346099
vt 0.20683999 0.48476699
vt 0.19994000 0.48294500
vt 0.20061000 0.48075300
vt 0.20733000 0.48346099
vt 0.20156200 0.47864699
vt 0.20800801 0.48221999
vt 0.20733000 0.48346099
vt 0.20061000 0.48075300
vt 0.20888200 0.48104501
vt 0.20800801 0.48221999
vt 0.20156200 0.47864699
vt 0.20279200 0.47663999
vt 0.12307100 0.73422903
vt 0.12488500 0.73290098
vt 0.12860499 0.73894602
vt 0.12746900 0.73984098
vt 0.12307100 0.73422903
vt 0.12746900 0.73984098
vt 0.12640600 0.74098903
vt 0.12127000 0.73575401
vt 0.12746900 0.73984098
vt 0.12822300 0.74070603
vt 0.12732799 0.74175602
vt 0.12640600 0.74098903
vt 0.12918501 0.73988199
vt 0.12822300 0.74070603
vt 0.12746900 0.73984098
vt 0.12860499 0.73894602
vt 0.12822300 0.74070603
vt 0.12918501 0.73988199
vt 0.12917501 0.74015498
vt 0.12822500 0.74096298
vt 0.12732799 0.74175602
vt 0.12822300 0.74070603
vt 0.12822500 0.74096298
vt 0.12735701 0.74198502
vt 0.12822500 0.74096298
vt 0.12917501 0.74015498
vt 0.12909199 0.74078500
vt 0.12813701 0.74155700
vt 0.12735701 0.74198502
vt 0.12822500 0.74096298
vt 0.12813701 0.74155700
vt 0.12729099 0.74251401
vt 0.12656100 0.74326098
vt 0.12735701 0.74198502
vt 0.12729099 0.74251401
vt 0.12655400 0.74367100
vt 0.12655400 0.74367100
vt 0.12729099 0.74251401
vt 0.12710300 0.74357402
vt 0.12642400 0.74453801
vt 0.12729099 0.74251401
vt 0.12813701 0.74155700
vt 0.12794100 0.74271703
vt 0.12710300 0.74357402
vt 0.12677900 0.74534899
vt 0.12611100 0.74612099
vt 0.12642400 0.74453801
vt 0.12710300 0.74357402
vt 0.12762199 0.74462402
vt 0.12677900 0.74534899
vt 0.12710300 0.74357402
vt 0.12794100 0.74271703
vt 0.12591100 0.74509001
vt 0.12655400 0.74367100
vt 0.12642400 0.74453801
vt 0.12597901 0.74537402
vt 0.12611100 0.74612099
vt 0.12563901 0.74671298
vt 0.12597901 0.74537402
vt 0.12642400 0.74453801
vt 0.12493200 0.75500101
vt 0.12611100 0.74612099
vt 0.12677900 0.74534899
vt 0.12561899 0.75496900
vt 0.12597901 0.74537402
vt 0.12563901 0.74671298
vt 0.12535700 0.74687999
vt 0.12591100 0.74509001
vt 0.12863000 0.74401498
vt 0.12762199 0.74462402
vt 0.12794100 0.74271703
vt 0.12891699 0.74200898
vt 0.12813701 0.74155700
vt 0.12909199 0.74078500
vt 0.12891699 0.74200898
vt 0.12794100 0.74271703
vt 0.12978899 0.74354798
vt 0.12863000 0.74401498
vt 0.12891699 0.74200898
vt 0.13001700 0.74146003
vt 0.12762199 0.74462402
vt 0.12863000 0.74401498
vt 0.12767000 0.75489402
vt 0.12652600 0.75493002
vt 0.12561899 0.75496900
vt 0.12677900 0.74534899
vt 0.12762199 0.74462402
vt 0.12652600 0.75493002
vt 0.12652200 0.75559402
vt 0.12561500 0.75560898
vt 0.12561899 0.75496900
vt 0.12652600 0.75493002
vt 0.12766799 0.75557798
vt 0.12652200 0.75559402
vt 0.12652600 0.75493002
vt 0.12767000 0.75489402
vt 0.12766799 0.75557798
vt 0.12793900 0.76016998
vt 0.12686700 0.76022601
vt 0.12652200 0.75559402
vt 0.20683999 0.48476699
vt 0.20711200 0.48484600
vt 0.20683999 0.48614901
vt 0.20656700 0.48611301
vt 0.20656700 0.48611301
vt 0.19943801 0.48518100
vt 0.19994000 0.48294500
vt 0.20683999 0.48476699
vt 0.20656700 0.48611301
vt 0.20649099 0.48745599
vt 0.19923100 0.48748800
vt 0.19943801 0.48518100
vt 0.20656700 0.48611301
vt 0.20683999 0.48614901
vt 0.20676300 0.48745400
vt 0.20649099 0.48745599
vt 0.20683999 0.48614901
vt 0.20787400 0.48626801
vt 0.20777801 0.48744899
vt 0.20676300 0.48745400
vt 0.20649099 0.48745599
vt 0.20676300 0.48745400
vt 0.20685400 0.48875800
vt 0.20658199 0.48879701
vt 0.20685400 0.48875800
vt 0.20676300 0.48745400
vt 0.20777801 0.48744899
vt 0.20788500 0.48862800
vt 0.20788500 0.48862800
vt 0.20777801 0.48744899
vt 0.20807999 0.48744699
vt 0.20818099 0.48863500
vt 0.20816199 0.48978600
vt 0.20788500 0.48862800
vt 0.20818099 0.48863500
vt 0.20845400 0.48979899
vt 0.20685400 0.48875800
vt 0.20788500 0.48862800
vt 0.20816199 0.48978600
vt 0.20713501 0.49005601
vt 0.20861199 0.49090201
vt 0.20816199 0.48978600
vt 0.20845400 0.48979899
vt 0.20889600 0.49091801
vt 0.20713501 0.49005601
vt 0.20816199 0.48978600
vt 0.20861199 0.49090201
vt 0.20762201 0.49131399
vt 0.20686799 0.49013501
vt 0.20713501 0.49005601
vt 0.20762201 0.49131399
vt 0.20736299 0.49143600
vt 0.20658199 0.48879701
vt 0.20685400 0.48875800
vt 0.20713501 0.49005601
vt 0.20686799 0.49013501
vt 0.20762201 0.49131399
vt 0.20861199 0.49090201
vt 0.20923200 0.49195099
vt 0.20829600 0.49251300
vt 0.20736299 0.49143600
vt 0.20762201 0.49131399
vt 0.20829600 0.49251300
vt 0.20805299 0.49267301
vt 0.20805299 0.49267301
vt 0.20829600 0.49251300
vt 0.20916501 0.49364299
vt 0.20893900 0.49384099
vt 0.20916501 0.49364299
vt 0.20829600 0.49251300
vt 0.20923200 0.49195099
vt 0.21003400 0.49292201
vt 0.21003400 0.49292201
vt 0.20923200 0.49195099
vt 0.20950399 0.49196500
vt 0.21029100 0.49292600
vt 0.20923200 0.49195099
vt 0.20861199 0.49090201
vt 0.20889600 0.49091801
vt 0.20950399 0.49196500
vt 0.20950399 0.49196500
vt 0.20889600 0.49091801
vt 0.20954999 0.49099299
vt 0.21013001 0.49205899
vt 0.21029100 0.49292600
vt 0.20950399 0.49196500
vt 0.21013001 0.49205899
vt 0.21088099 0.49302599
vt 0.21129200 0.49381500
vt 0.21029100 0.49292600
vt 0.21088099 0.49302599
vt 0.21182001 0.49389201
vt 0.21106300 0.49383900
vt 0.21003400 0.49292201
vt 0.21029100 0.49292600
vt 0.21129200 0.49381500
vt 0.21088099 0.49302599
vt 0.21013001 0.49205899
vt 0.21134700 0.49225700
vt 0.21203500 0.49324501
vt 0.21182001 0.49389201
vt 0.21088099 0.49302599
vt 0.21203500 0.49324501
vt 0.21287601 0.49410099
vt 0.21255299 0.49463701
vt 0.21129200 0.49381500
vt 0.21182001 0.49389201
vt 0.21296300 0.49465099
vt 0.21296300 0.49465099
vt 0.21182001 0.49389201
vt 0.21287601 0.49410099
vt 0.21382600 0.49479601
vt 0.21414199 0.49539900
vt 0.21255299 0.49463701
vt 0.21296300 0.49465099
vt 0.21436700 0.49531600
vt 0.21436700 0.49531600
vt 0.21296300 0.49465099
vt 0.21382600 0.49479601
vt 0.21465100 0.49525401
vt 0.21465100 0.49525401
vt 0.21597800 0.49561700
vt 0.21613900 0.49590099
vt 0.21436700 0.49531600
vt 0.21436700 0.49531600
vt 0.21613900 0.49590099
vt 0.21610799 0.49607700
vt 0.21414199 0.49539900
vt 0.21539900 0.49513599
vt 0.21597800 0.49561700
vt 0.21465100 0.49525401
vt 0.21382600 0.49479601
vt 0.21597800 0.49561700
vt 0.22429299 0.49699101
vt 0.22428800 0.49732500
vt 0.21613900 0.49590099
vt 0.22429299 0.49699101
vt 0.21597800 0.49561700
vt 0.21539900 0.49513599
vt 0.22428000 0.49649301
vt 0.21464100 0.49445599
vt 0.21539900 0.49513599
vt 0.21382600 0.49479601
vt 0.21287601 0.49410099
vt 0.22428000 0.49649301
vt 0.21539900 0.49513599
vt 0.21464100 0.49445599
vt 0.22425599 0.49580199
vt 0.22490400 0.49650201
vt 0.22490500 0.49699801
vt 0.22429299 0.49699101
vt 0.22428000 0.49649301
vt 0.22489800 0.49581400
vt 0.22490400 0.49650201
vt 0.22428000 0.49649301
vt 0.22425599 0.49580199
vt 0.22425599 0.49580199
vt 0.21464100 0.49445599
vt 0.21393400 0.49360099
vt 0.22422899 0.49489200
vt 0.22489400 0.49490401
vt 0.22489800 0.49581400
vt 0.22425599 0.49580199
vt 0.22422899 0.49489200
vt 0.22489300 0.49375501
vt 0.22489400 0.49490401
vt 0.22422899 0.49489200
vt 0.22420800 0.49374399
vt 0.21393400 0.49360099
vt 0.21334399 0.49258199
vt 0.22420800 0.49374399
vt 0.22422899 0.49489200
vt 0.21393400 0.49360099
vt 0.21464100 0.49445599
vt 0.21287601 0.49410099
vt 0.21203500 0.49324501
vt 0.21334399 0.49258199
vt 0.21393400 0.49360099
vt 0.21203500 0.49324501
vt 0.21134700 0.49225700
vt 0.21289800 0.49141499
vt 0.21334399 0.49258199
vt 0.21134700 0.49225700
vt 0.21081901 0.49114999
vt 0.22420800 0.49374399
vt 0.21334399 0.49258199
vt 0.21289800 0.49141499
vt 0.22419700 0.49235499
vt 0.22419700 0.49235499
vt 0.21289800 0.49141499
vt 0.21258301 0.49013999
vt 0.22419301 0.49078700
vt 0.21258301 0.49013999
vt 0.21289800 0.49141499
vt 0.21081901 0.49114999
vt 0.21043900 0.48995799
vt 0.22419301 0.49078700
vt 0.21258301 0.49013999
vt 0.21239001 0.48879901
vt 0.22419199 0.48910800
vt 0.21239001 0.48879901
vt 0.21258301 0.49013999
vt 0.21043900 0.48995799
vt 0.21020401 0.48871100
vt 0.20954999 0.49099299
vt 0.20913000 0.48985001
vt 0.21043900 0.48995799
vt 0.21081901 0.49114999
vt 0.20913000 0.48985001
vt 0.20886900 0.48866001
vt 0.21020401 0.48871100
vt 0.21043900 0.48995799
vt 0.20889600 0.49091801
vt 0.20845400 0.48979899
vt 0.20913000 0.48985001
vt 0.20954999 0.49099299
vt 0.20845400 0.48979899
vt 0.20818099 0.48863500
vt 0.20886900 0.48866001
vt 0.20913000 0.48985001
vt 0.21013001 0.49205899
vt 0.20954999 0.49099299
vt 0.21081901 0.49114999
vt 0.21134700 0.49225700
vt 0.22490200 0.48911101
vt 0.22489899 0.49079400
vt 0.22419301 0.49078700
vt 0.22419199 0.48910800
vt 0.22489899 0.49079400
vt 0.22489500 0.49236500
vt 0.22419700 0.49235499
vt 0.22419301 0.49078700
vt 0.22489899 0.49079400
vt 0.22941300 0.49070299
vt 0.22943901 0.49221399
vt 0.22489500 0.49236500
vt 0.22490200 0.48911101
vt 0.22939600 0.48906201
vt 0.22941300 0.49070299
vt 0.22489899 0.49079400
vt 0.22490101 0.48737499
vt 0.22490200 0.48911101
vt 0.22419199 0.48910800
vt 0.22418900 0.48737800
vt 0.22938600 0.48735601
vt 0.22939600 0.48906201
vt 0.22490200 0.48911101
vt 0.22490101 0.48737499
vt 0.22488800 0.48563799
vt 0.22490101 0.48737499
vt 0.22418900 0.48737800
vt 0.22417800 0.48564699
vt 0.22938199 0.48565000
vt 0.22938600 0.48735601
vt 0.22490101 0.48737499
vt 0.22488800 0.48563799
vt 0.23077101 0.48735100
vt 0.23078500 0.48905000
vt 0.22939600 0.48906201
vt 0.22938600 0.48735601
vt 0.23077101 0.48565099
vt 0.23077101 0.48735100
vt 0.22938600 0.48735601
vt 0.22938199 0.48565000
vt 0.22938199 0.48565000
vt 0.22938600 0.48400900
vt 0.23078500 0.48401901
vt 0.23077101 0.48565099
vt 0.22487099 0.48395601
vt 0.22938600 0.48400900
vt 0.22938199 0.48565000
vt 0.22488800 0.48563799
vt 0.22938600 0.48400900
vt 0.22939900 0.48249799
vt 0.23081499 0.48252201
vt 0.23078500 0.48401901
vt 0.22485401 0.48238501
vt 0.22939900 0.48249799
vt 0.22938600 0.48400900
vt 0.22487099 0.48395601
vt 0.25655299 0.48243499
vt 0.25577900 0.48393300
vt 0.23078500 0.48401901
vt 0.23081499 0.48252201
vt 0.25577900 0.48393300
vt 0.25529301 0.48556000
vt 0.23077101 0.48565099
vt 0.23078500 0.48401901
vt 0.25639400 0.48394600
vt 0.25590599 0.48556599
vt 0.25529301 0.48556000
vt 0.25577900 0.48393300
vt 0.25716200 0.48245201
vt 0.25639400 0.48394600
vt 0.25577900 0.48393300
vt 0.25655299 0.48243499
vt 0.25758299 0.48113099
vt 0.25655299 0.48243499
vt 0.23081499 0.48252201
vt 0.23085900 0.48122400
vt 0.25818601 0.48115200
vt 0.25716200 0.48245201
vt 0.25655299 0.48243499
vt 0.25758299 0.48113099
vt 0.25780800 0.48258099
vt 0.25708199 0.48404899
vt 0.25639400 0.48394600
vt 0.25716200 0.48245201
vt 0.25877699 0.48131201
vt 0.25780800 0.48258099
vt 0.25716200 0.48245201
vt 0.25818601 0.48115200
vt 0.25942099 0.48009899
vt 0.25818601 0.48115200
vt 0.25758299 0.48113099
vt 0.25881901 0.48007101
vt 0.25999200 0.48030999
vt 0.25877699 0.48131201
vt 0.25818601 0.48115200
vt 0.25942099 0.48009899
vt 0.26062399 0.48088101
vt 0.25946701 0.48171699
vt 0.25877699 0.48131201
vt 0.25999200 0.48030999
vt 0.25946701 0.48171699
vt 0.25867400 0.48290300
vt 0.25780800 0.48258099
vt 0.25877699 0.48131201
vt 0.26126900 0.48197499
vt 0.26015699 0.48226199
vt 0.25946701 0.48171699
vt 0.26062399 0.48088101
vt 0.26015699 0.48226199
vt 0.25994000 0.48334801
vt 0.25867400 0.48290300
vt 0.25946701 0.48171699
vt 0.25867400 0.48290300
vt 0.25806001 0.48432899
vt 0.25708199 0.48404899
vt 0.25780800 0.48258099
vt 0.25994000 0.48334801
vt 0.25952101 0.48485801
vt 0.25806001 0.48432899
vt 0.25867400 0.48290300
vt 0.25952101 0.48485801
vt 0.25877199 0.48625901
vt 0.25750801 0.48580000
vt 0.25806001 0.48432899
vt 0.25806001 0.48432899
vt 0.25750801 0.48580000
vt 0.25658101 0.48562399
vt 0.25708199 0.48404899
vt 0.25877199 0.48625901
vt 0.25816199 0.48723900
vt 0.25725099 0.48724201
vt 0.25750801 0.48580000
vt 0.25750801 0.48580000
vt 0.25725099 0.48724201
vt 0.25639400 0.48724601
vt 0.25658101 0.48562399
vt 0.25725099 0.48724201
vt 0.25751999 0.48868299
vt 0.25659499 0.48886600
vt 0.25639400 0.48724601
vt 0.25816199 0.48723900
vt 0.25878000 0.48821300
vt 0.25751999 0.48868299
vt 0.25725099 0.48724201
vt 0.25816199 0.48723900
vt 0.25877199 0.48625901
vt 0.26033601 0.48723000
vt 0.25878000 0.48821300
vt 0.25878000 0.48821300
vt 0.26033601 0.48723000
vt 0.26167300 0.48874500
vt 0.25954100 0.48960799
vt 0.25878000 0.48821300
vt 0.25954100 0.48960799
vt 0.25808400 0.49014899
vt 0.25751999 0.48868299
vt 0.26033601 0.48723000
vt 0.26166099 0.48570400
vt 0.26535901 0.48720899
vt 0.26167300 0.48874500
vt 0.25877199 0.48625901
vt 0.25952101 0.48485801
vt 0.26166099 0.48570400
vt 0.26033601 0.48723000
vt 0.26174599 0.48370200
vt 0.26376599 0.48351699
vt 0.26535901 0.48720899
vt 0.26166099 0.48570400
vt 0.25994000 0.48334801
vt 0.26174599 0.48370200
vt 0.26166099 0.48570400
vt 0.25952101 0.48485801
vt 0.26126900 0.48197499
vt 0.26276600 0.48143899
vt 0.26376599 0.48351699
vt 0.26174599 0.48370200
vt 0.26015699 0.48226199
vt 0.26126900 0.48197499
vt 0.26174599 0.48370200
vt 0.25994000 0.48334801
vt 0.26529101 0.48210999
vt 0.26686800 0.48358399
vt 0.26535901 0.48720899
vt 0.26376599 0.48351699
vt 0.26411799 0.48047999
vt 0.26529101 0.48210999
vt 0.26376599 0.48351699
vt 0.26276600 0.48143899
vt 0.26276600 0.48143899
vt 0.26126900 0.48197499
vt 0.26062399 0.48088101
vt 0.26197001 0.48016801
vt 0.26411799 0.48047999
vt 0.26276600 0.48143899
vt 0.26197001 0.48016801
vt 0.26324499 0.47940201
vt 0.26517501 0.47944999
vt 0.26411799 0.48047999
vt 0.26324499 0.47940201
vt 0.26428699 0.47871500
vt 0.26517501 0.47944999
vt 0.26635900 0.48054299
vt 0.26529101 0.48210999
vt 0.26411799 0.48047999
vt 0.26587501 0.47874600
vt 0.26706299 0.47949499
vt 0.26635900 0.48054299
vt 0.26517501 0.47944999
vt 0.26498401 0.47826299
vt 0.26587501 0.47874600
vt 0.26517501 0.47944999
vt 0.26428699 0.47871500
vt 0.26431301 0.47800201
vt 0.26498401 0.47826299
vt 0.26428699 0.47871500
vt 0.26360899 0.47833100
vt 0.26428699 0.47871500
vt 0.26324499 0.47940201
vt 0.26256901 0.47884700
vt 0.26360899 0.47833100
vt 0.26372701 0.47789100
vt 0.26431301 0.47800201
vt 0.26360899 0.47833100
vt 0.26301900 0.47818899
vt 0.26360899 0.47833100
vt 0.26256901 0.47884700
vt 0.26198599 0.47864500
vt 0.26301900 0.47818899
vt 0.26324499 0.47940201
vt 0.26197001 0.48016801
vt 0.26131299 0.47951400
vt 0.26256901 0.47884700
vt 0.26256901 0.47884700
vt 0.26131299 0.47951400
vt 0.26073700 0.47927499
vt 0.26198599 0.47864500
vt 0.26301900 0.47818899
vt 0.26198599 0.47864500
vt 0.26137599 0.47861901
vt 0.26240200 0.47817200
vt 0.26198599 0.47864500
vt 0.26073700 0.47927499
vt 0.26013201 0.47924301
vt 0.26137599 0.47861901
vt 0.26131299 0.47951400
vt 0.25999200 0.48030999
vt 0.25942099 0.48009899
vt 0.26073700 0.47927499
vt 0.26073700 0.47927499
vt 0.25942099 0.48009899
vt 0.25881901 0.48007101
vt 0.26013201 0.47924301
vt 0.26137599 0.47861901
vt 0.26013201 0.47924301
vt 0.23096199 0.47936401
vt 0.23100400 0.47875801
vt 0.26013201 0.47924301
vt 0.25881901 0.48007101
vt 0.23091200 0.48017600
vt 0.23096199 0.47936401
vt 0.25758299 0.48113099
vt 0.23085900 0.48122400
vt 0.23091200 0.48017600
vt 0.25881901 0.48007101
vt 0.22945800 0.48011699
vt 0.22949500 0.47928700
vt 0.23096199 0.47936401
vt 0.23091200 0.48017600
vt 0.23091200 0.48017600
vt 0.23085900 0.48122400
vt 0.22942400 0.48118401
vt 0.22945800 0.48011699
vt 0.23085900 0.48122400
vt 0.23081499 0.48252201
vt 0.22939900 0.48249799
vt 0.22942400 0.48118401
vt 0.22945800 0.48011699
vt 0.22942400 0.48118401
vt 0.22484000 0.48099500
vt 0.22483200 0.47984499
vt 0.22942400 0.48118401
vt 0.22939900 0.48249799
vt 0.22485401 0.48238501
vt 0.22484000 0.48099500
vt 0.22484000 0.48099500
vt 0.22485401 0.48238501
vt 0.22415601 0.48240101
vt 0.22415499 0.48101199
vt 0.22483200 0.47984499
vt 0.22484000 0.48099500
vt 0.22415499 0.48101199
vt 0.22416700 0.47986299
vt 0.22482800 0.47893500
vt 0.22949500 0.47928700
vt 0.22945800 0.48011699
vt 0.22483200 0.47984499
vt 0.22482800 0.47893500
vt 0.22483200 0.47984499
vt 0.22416700 0.47986299
vt 0.22418600 0.47895199
vt 0.22482900 0.47824699
vt 0.22952500 0.47866401
vt 0.22949500 0.47928700
vt 0.22482800 0.47893500
vt 0.22482900 0.47824699
vt 0.22482800 0.47893500
vt 0.22418600 0.47895199
vt 0.22420500 0.47826099
vt 0.22418600 0.47895199
vt 0.21458200 0.48037899
vt 0.21533400 0.47969300
vt 0.22420500 0.47826099
vt 0.22416700 0.47986299
vt 0.21388100 0.48124099
vt 0.21458200 0.48037899
vt 0.22418600 0.47895199
vt 0.21458200 0.48037899
vt 0.21388100 0.48124099
vt 0.21198501 0.48161301
vt 0.21281900 0.48074999
vt 0.21533400 0.47969300
vt 0.21458200 0.48037899
vt 0.21281900 0.48074999
vt 0.21376300 0.48004600
vt 0.21590900 0.47920701
vt 0.21533400 0.47969300
vt 0.21376300 0.48004600
vt 0.21458501 0.47958100
vt 0.21533400 0.47969300
vt 0.21590900 0.47920701
vt 0.22421400 0.47776401
vt 0.22420500 0.47826099
vt 0.21083200 0.48184201
vt 0.21176399 0.48096800
vt 0.21281900 0.48074999
vt 0.21198501 0.48161301
vt 0.22415499 0.48101199
vt 0.21330000 0.48226500
vt 0.21388100 0.48124099
vt 0.22416700 0.47986299
vt 0.22482599 0.47775200
vt 0.22482900 0.47824699
vt 0.22420500 0.47826099
vt 0.22421400 0.47776401
vt 0.22482599 0.47775200
vt 0.22421400 0.47776401
vt 0.22420600 0.47742900
vt 0.22481300 0.47741401
vt 0.22954300 0.47791699
vt 0.22954400 0.47821900
vt 0.22482599 0.47775200
vt 0.22481300 0.47741401
vt 0.22954400 0.47821900
vt 0.22952500 0.47866401
vt 0.22482900 0.47824699
vt 0.22482599 0.47775200
vt 0.23103000 0.47832900
vt 0.23100400 0.47875801
vt 0.22952500 0.47866401
vt 0.22954400 0.47821900
vt 0.22954300 0.47791699
vt 0.23104100 0.47804001
vt 0.23103000 0.47832900
vt 0.22954400 0.47821900
vt 0.22951700 0.47770801
vt 0.23103701 0.47783700
vt 0.23104100 0.47804001
vt 0.22954300 0.47791699
vt 0.26310101 0.47786999
vt 0.26240200 0.47817200
vt 0.23103000 0.47832900
vt 0.23104100 0.47804001
vt 0.26310101 0.47786999
vt 0.23104100 0.47804001
vt 0.23103701 0.47783700
vt 0.26351401 0.47766200
vt 0.26351401 0.47766200
vt 0.26414099 0.47770599
vt 0.26372701 0.47789100
vt 0.26310101 0.47786999
vt 0.26310101 0.47786999
vt 0.26372701 0.47789100
vt 0.26301900 0.47818899
vt 0.26240200 0.47817200
vt 0.26240200 0.47817200
vt 0.26137599 0.47861901
vt 0.23100400 0.47875801
vt 0.23103000 0.47832900
vt 0.26414099 0.47770599
vt 0.26471999 0.47780499
vt 0.26431301 0.47800201
vt 0.26372701 0.47789100
vt 0.22949500 0.47928700
vt 0.22952500 0.47866401
vt 0.23100400 0.47875801
vt 0.23096199 0.47936401
vt 0.22485401 0.48238501
vt 0.22487099 0.48395601
vt 0.22416499 0.48396799
vt 0.22415601 0.48240101
vt 0.26197001 0.48016801
vt 0.26062399 0.48088101
vt 0.25999200 0.48030999
vt 0.26131299 0.47951400
vt 0.26471999 0.47780499
vt 0.26538700 0.47800100
vt 0.26498401 0.47826299
vt 0.26431301 0.47800201
vt 0.26538700 0.47800100
vt 0.26628000 0.47835201
vt 0.26587501 0.47874600
vt 0.26498401 0.47826299
vt 0.26628000 0.47835201
vt 0.26747301 0.47892499
vt 0.26706299 0.47949499
vt 0.26587501 0.47874600
vt 0.26706299 0.47949499
vt 0.26842201 0.48034701
vt 0.26777500 0.48158100
vt 0.26635900 0.48054299
vt 0.26747301 0.47892499
vt 0.26882800 0.47968900
vt 0.26842201 0.48034701
vt 0.26706299 0.47949499
vt 0.26882800 0.47968900
vt 0.27017099 0.48058501
vt 0.26977700 0.48114601
vt 0.26842201 0.48034701
vt 0.26842201 0.48034701
vt 0.26977700 0.48114601
vt 0.26926500 0.48218900
vt 0.26777500 0.48158100
vt 0.26926500 0.48218900
vt 0.26886100 0.48383901
vt 0.26686800 0.48358399
vt 0.26777500 0.48158100
vt 0.26635900 0.48054299
vt 0.26777500 0.48158100
vt 0.26686800 0.48358399
vt 0.26529101 0.48210999
vt 0.26886100 0.48383901
vt 0.26897800 0.48575801
vt 0.26535901 0.48720899
vt 0.26686800 0.48358399
vt 0.27055901 0.48356599
vt 0.27096900 0.48499301
vt 0.26897800 0.48575801
vt 0.26886100 0.48383901
vt 0.27032301 0.48252201
vt 0.27055901 0.48356599
vt 0.26886100 0.48383901
vt 0.26926500 0.48218900
vt 0.27088800 0.48202699
vt 0.27163899 0.48318100
vt 0.27055901 0.48356599
vt 0.27032301 0.48252201
vt 0.27163899 0.48318100
vt 0.27221099 0.48452201
vt 0.27096900 0.48499301
vt 0.27055901 0.48356599
vt 0.27133301 0.48164400
vt 0.27222899 0.48288199
vt 0.27163899 0.48318100
vt 0.27088800 0.48202699
vt 0.27222899 0.48288199
vt 0.27289200 0.48426199
vt 0.27221099 0.48452201
vt 0.27163899 0.48318100
vt 0.27289200 0.48426199
vt 0.27333200 0.48571199
vt 0.27270499 0.48587501
vt 0.27221099 0.48452201
vt 0.27221099 0.48452201
vt 0.27270499 0.48587501
vt 0.27166101 0.48629200
vt 0.27096900 0.48499301
vt 0.27333200 0.48571199
vt 0.27349100 0.48717600
vt 0.27292901 0.48717800
vt 0.27270499 0.48587501
vt 0.27270499 0.48587501
vt 0.27292901 0.48717800
vt 0.27219900 0.48718101
vt 0.27166101 0.48629200
vt 0.27292901 0.48717800
vt 0.27271599 0.48848200
vt 0.27166799 0.48807400
vt 0.27219900 0.48718101
vt 0.27349100 0.48717600
vt 0.27334401 0.48864099
vt 0.27271599 0.48848200
vt 0.27292901 0.48717800
vt 0.27219900 0.48718101
vt 0.27166799 0.48807400
vt 0.27025101 0.48718899
vt 0.27166101 0.48629200
vt 0.27166799 0.48807400
vt 0.27098700 0.48937801
vt 0.26899001 0.48863101
vt 0.27025101 0.48718899
vt 0.27271599 0.48848200
vt 0.27223301 0.48983899
vt 0.27098700 0.48937801
vt 0.27166799 0.48807400
vt 0.27058801 0.49080899
vt 0.26888800 0.49055001
vt 0.26899001 0.48863101
vt 0.27098700 0.48937801
vt 0.27223301 0.48983899
vt 0.27167201 0.49118501
vt 0.27058801 0.49080899
vt 0.27098700 0.48937801
vt 0.27291599 0.49009401
vt 0.27226499 0.49147901
vt 0.27167201 0.49118501
vt 0.27223301 0.48983899
vt 0.27334401 0.48864099
vt 0.27291599 0.49009401
vt 0.27223301 0.48983899
vt 0.27271599 0.48848200
vt 0.27322599 0.49021599
vt 0.27254301 0.49163800
vt 0.27226499 0.49147901
vt 0.27291599 0.49009401
vt 0.27364400 0.48870701
vt 0.27322599 0.49021599
vt 0.27291599 0.49009401
vt 0.27334401 0.48864099
vt 0.27456099 0.49075401
vt 0.27322599 0.49021599
vt 0.27364400 0.48870701
vt 0.27506101 0.48898599
vt 0.27375200 0.49240100
vt 0.27254301 0.49163800
vt 0.27322599 0.49021599
vt 0.27456099 0.49075401
vt 0.27375200 0.49240100
vt 0.27267599 0.49387199
vt 0.27160800 0.49292099
vt 0.27254301 0.49163800
vt 0.27254301 0.49163800
vt 0.27160800 0.49292099
vt 0.27137801 0.49272501
vt 0.27226499 0.49147901
vt 0.27375200 0.49240100
vt 0.27456099 0.49075401
vt 0.27480000 0.49084201
vt 0.27396801 0.49253201
vt 0.27267599 0.49387199
vt 0.27375200 0.49240100
vt 0.27396801 0.49253201
vt 0.27286300 0.49403799
vt 0.27137801 0.49515700
vt 0.27267599 0.49387199
vt 0.27286300 0.49403799
vt 0.27153599 0.49535701
vt 0.27137801 0.49515700
vt 0.27043799 0.49405101
vt 0.27160800 0.49292099
vt 0.27267599 0.49387199
vt 0.26993200 0.49624801
vt 0.27137801 0.49515700
vt 0.27153599 0.49535701
vt 0.27005699 0.49647599
vt 0.26993200 0.49624801
vt 0.26910099 0.49499601
vt 0.27043799 0.49405101
vt 0.27137801 0.49515700
vt 0.26846501 0.49709901
vt 0.26775301 0.49574301
vt 0.26910099 0.49499601
vt 0.26993200 0.49624801
vt 0.26846501 0.49709901
vt 0.26993200 0.49624801
vt 0.27005699 0.49647599
vt 0.26855001 0.49734899
vt 0.26855001 0.49734899
vt 0.27005699 0.49647599
vt 0.27025899 0.49682701
vt 0.26864699 0.49771300
vt 0.27005699 0.49647599
vt 0.27153599 0.49535701
vt 0.27178201 0.49564201
vt 0.27025899 0.49682701
vt 0.44722599 0.80536300
vt 0.44594601 0.80764401
vt 0.44200701 0.80619198
vt 0.44265899 0.80485398
vt 0.44594601 0.80764401
vt 0.44436499 0.80975503
vt 0.44109499 0.80735499
vt 0.44200701 0.80619198
vt 0.44265899 0.80485398
vt 0.44200701 0.80619198
vt 0.44014299 0.80500799
vt 0.44058400 0.80407703
vt 0.44200701 0.80619198
vt 0.44109499 0.80735499
vt 0.43952999 0.80583000
vt 0.44014299 0.80500799
vt 0.44109499 0.80735499
vt 0.43997899 0.80829602
vt 0.43876800 0.80650902
vt 0.43952999 0.80583000
vt 0.43997899 0.80829602
vt 0.43871799 0.80899101
vt 0.43788999 0.80702198
vt 0.43876800 0.80650902
vt 0.43871799 0.80899101
vt 0.43736199 0.80942500
vt 0.43693301 0.80735099
vt 0.43788999 0.80702198
vt 0.43736199 0.80942500
vt 0.43596300 0.80958998
vt 0.43593299 0.80748999
vt 0.43693301 0.80735099
vt 0.43596300 0.80958998
vt 0.43457201 0.80949301
vt 0.43492699 0.80743802
vt 0.43593299 0.80748999
vt 0.43457201 0.80949301
vt 0.43323201 0.80914700
vt 0.43395001 0.80719900
vt 0.43492699 0.80743802
vt 0.43323201 0.80914700
vt 0.43198401 0.80856699
vt 0.43303499 0.80678499
vt 0.43395001 0.80719900
vt 0.43198401 0.80856699
vt 0.43086401 0.80777597
vt 0.43221000 0.80620998
vt 0.43303499 0.80678499
vt 0.43150601 0.81254798
vt 0.42959401 0.81142300
vt 0.43198401 0.80856699
vt 0.43323201 0.80914700
vt 0.42959401 0.81142300
vt 0.42788500 0.81001502
vt 0.43086401 0.80777597
vt 0.43198401 0.80856699
vt 0.42788500 0.81001502
vt 0.42648101 0.80831701
vt 0.42990699 0.80679798
vt 0.43086401 0.80777597
vt 0.43086401 0.80777597
vt 0.42990699 0.80679798
vt 0.43150100 0.80549598
vt 0.43221000 0.80620998
vt 0.42990699 0.80679798
vt 0.42914701 0.80566299
vt 0.43092999 0.80466700
vt 0.43150100 0.80549598
vt 0.42648101 0.80831701
vt 0.42545399 0.80631500
vt 0.42914701 0.80566299
vt 0.42990699 0.80679798
vt 0.27392399 0.48181599
vt 0.27280700 0.48031801
vt 0.27306399 0.48008201
vt 0.27423701 0.48160499
vt 0.27280700 0.48031801
vt 0.27146900 0.47901100
vt 0.27171201 0.47872299
vt 0.27306399 0.48008201
vt 0.27262101 0.48048601
vt 0.27131200 0.47921100
vt 0.27146900 0.47901100
vt 0.27280700 0.48031801
vt 0.27370900 0.48194799
vt 0.27262101 0.48048601
vt 0.27280700 0.48031801
vt 0.27392399 0.48181599
vt 0.27476999 0.48349899
vt 0.27392399 0.48181599
vt 0.27423701 0.48160499
vt 0.27515399 0.48334801
vt 0.27453199 0.48358801
vt 0.27370900 0.48194799
vt 0.27392399 0.48181599
vt 0.27476999 0.48349899
vt 0.27504599 0.48535201
vt 0.27453199 0.48358801
vt 0.27476999 0.48349899
vt 0.27529401 0.48530900
vt 0.27529401 0.48530900
vt 0.27476999 0.48349899
vt 0.27515399 0.48334801
vt 0.27566499 0.48525199
vt 0.27547899 0.48716700
vt 0.27529401 0.48530900
vt 0.27566499 0.48525199
vt 0.27581799 0.48716599
vt 0.27522901 0.48716801
vt 0.27504599 0.48535201
vt 0.27529401 0.48530900
vt 0.27547899 0.48716700
vt 0.43358499 0.81327301
vt 0.43150601 0.81254798
vt 0.43323201 0.80914700
vt 0.43457201 0.80949301
vt 0.43580601 0.81348997
vt 0.43358499 0.81327301
vt 0.43457201 0.80949301
vt 0.43596300 0.80958998
vt 0.27531001 0.48902801
vt 0.27547899 0.48716700
vt 0.27581799 0.48716599
vt 0.27568099 0.48908100
vt 0.43810499 0.81324798
vt 0.43580601 0.81348997
vt 0.43596300 0.80958998
vt 0.43736199 0.80942500
vt 0.27480000 0.49084201
vt 0.27531001 0.48902801
vt 0.27568099 0.48908100
vt 0.27518600 0.49098900
vt 0.27456099 0.49075401
vt 0.27506101 0.48898599
vt 0.27531001 0.48902801
vt 0.27480000 0.49084201
vt 0.27506101 0.48898599
vt 0.27522901 0.48716801
vt 0.27547899 0.48716700
vt 0.27531001 0.48902801
vt 0.27396801 0.49253201
vt 0.27480000 0.49084201
vt 0.27518600 0.49098900
vt 0.27428201 0.49274001
vt 0.27506101 0.48898599
vt 0.27364400 0.48870701
vt 0.27377099 0.48717400
vt 0.27522901 0.48716801
vt 0.27504599 0.48535201
vt 0.27522901 0.48716801
vt 0.27377099 0.48717400
vt 0.27363199 0.48564300
vt 0.27377099 0.48717400
vt 0.27364400 0.48870701
vt 0.27334401 0.48864099
vt 0.27349100 0.48717600
vt 0.27363199 0.48564300
vt 0.27377099 0.48717400
vt 0.27349100 0.48717600
vt 0.27333200 0.48571199
vt 0.27320099 0.48413801
vt 0.27363199 0.48564300
vt 0.27333200 0.48571199
vt 0.27289200 0.48426199
vt 0.27504599 0.48535201
vt 0.27363199 0.48564300
vt 0.27320099 0.48413801
vt 0.27453199 0.48358801
vt 0.27453199 0.48358801
vt 0.27320099 0.48413801
vt 0.27250600 0.48272100
vt 0.27370900 0.48194799
vt 0.27250600 0.48272100
vt 0.27320099 0.48413801
vt 0.27289200 0.48426199
vt 0.27222899 0.48288199
vt 0.27370900 0.48194799
vt 0.27250600 0.48272100
vt 0.27156100 0.48144501
vt 0.27262101 0.48048601
vt 0.27156100 0.48144501
vt 0.27250600 0.48272100
vt 0.27222899 0.48288199
vt 0.27133301 0.48164400
vt 0.27131200 0.47921100
vt 0.27262101 0.48048601
vt 0.27156100 0.48144501
vt 0.27038199 0.48032501
vt 0.27038199 0.48032501
vt 0.27156100 0.48144501
vt 0.27133301 0.48164400
vt 0.27017099 0.48058501
vt 0.26903701 0.47939199
vt 0.27038199 0.48032501
vt 0.27017099 0.48058501
vt 0.26882800 0.47968900
vt 0.27131200 0.47921100
vt 0.27038199 0.48032501
vt 0.26903701 0.47939199
vt 0.26985800 0.47813299
vt 0.27131200 0.47921100
vt 0.26985800 0.47813299
vt 0.26998001 0.47790301
vt 0.27146900 0.47901100
vt 0.26768300 0.47865501
vt 0.26903701 0.47939199
vt 0.26882800 0.47968900
vt 0.26747301 0.47892499
vt 0.27017099 0.48058501
vt 0.27133301 0.48164400
vt 0.27088800 0.48202699
vt 0.26977700 0.48114601
vt 0.44037899 0.81259602
vt 0.43810499 0.81324798
vt 0.43736199 0.80942500
vt 0.43871799 0.80899101
vt 0.44251001 0.81145501
vt 0.44037899 0.81259602
vt 0.43871799 0.80899101
vt 0.43997899 0.80829602
vt 0.27286300 0.49403799
vt 0.27396801 0.49253201
vt 0.27428201 0.49274001
vt 0.27312300 0.49427199
vt 0.27153599 0.49535701
vt 0.27286300 0.49403799
vt 0.27312300 0.49427199
vt 0.27178201 0.49564201
vt 0.44436499 0.80975503
vt 0.44251001 0.81145501
vt 0.43997899 0.80829602
vt 0.44109499 0.80735499
vt 0.27146900 0.47901100
vt 0.26998001 0.47790301
vt 0.27017900 0.47755000
vt 0.27171201 0.47872299
vt 0.42545399 0.80631500
vt 0.42470500 0.80408698
vt 0.42856199 0.80441999
vt 0.42914701 0.80566299
vt 0.42914701 0.80566299
vt 0.42856199 0.80441999
vt 0.43051901 0.80375201
vt 0.43092999 0.80466700
vt 0.44300601 0.80341297
vt 0.44265899 0.80485398
vt 0.44058400 0.80407703
vt 0.44083700 0.80307698
vt 0.44303700 0.80196100
vt 0.44300601 0.80341297
vt 0.44083700 0.80307698
vt 0.44090199 0.80205899
vt 0.44276601 0.80058801
vt 0.44303700 0.80196100
vt 0.44090199 0.80205899
vt 0.44079301 0.80106902
vt 0.44226500 0.79938501
vt 0.44276601 0.80058801
vt 0.44079301 0.80106902
vt 0.44053599 0.80015701
vt 0.44161201 0.79837400
vt 0.44226500 0.79938501
vt 0.44053599 0.80015701
vt 0.44015899 0.79935402
vt 0.44086799 0.79754502
vt 0.44161201 0.79837400
vt 0.44015899 0.79935402
vt 0.43968701 0.79868001
vt 0.44003800 0.79690498
vt 0.44086799 0.79754502
vt 0.43968701 0.79868001
vt 0.43913400 0.79813099
vt 0.43918100 0.79641402
vt 0.44003800 0.79690498
vt 0.43913400 0.79813099
vt 0.43851599 0.79770499
vt 0.43830100 0.79605597
vt 0.43918100 0.79641402
vt 0.43851599 0.79770499
vt 0.43784600 0.79739797
vt 0.43739900 0.79581499
vt 0.43830100 0.79605597
vt 0.43784600 0.79739797
vt 0.43713400 0.79720199
vt 0.43647701 0.79568201
vt 0.43739900 0.79581499
vt 0.43713400 0.79720199
vt 0.43638799 0.79711097
vt 0.43553400 0.79564899
vt 0.43647701 0.79568201
vt 0.43638799 0.79711097
vt 0.43561500 0.79711598
vt 0.43739900 0.79581499
vt 0.43647701 0.79568201
vt 0.43698999 0.79331303
vt 0.43822601 0.79354602
vt 0.43647701 0.79568201
vt 0.43553400 0.79564899
vt 0.43573099 0.79324001
vt 0.43698999 0.79331303
vt 0.43456799 0.79571700
vt 0.43553400 0.79564899
vt 0.43561500 0.79711598
vt 0.43482301 0.79721600
vt 0.43553400 0.79564899
vt 0.43456799 0.79571700
vt 0.43442401 0.79328603
vt 0.43573099 0.79324001
vt 0.43698999 0.79331303
vt 0.43573099 0.79324001
vt 0.43577200 0.79284400
vt 0.43703601 0.79293603
vt 0.43573099 0.79324001
vt 0.43442401 0.79328603
vt 0.43447199 0.79286098
vt 0.43577200 0.79284400
vt 0.43577200 0.79284400
vt 0.43447199 0.79286098
vt 0.43451801 0.79253298
vt 0.43581399 0.79252702
vt 0.43703601 0.79293603
vt 0.43577200 0.79284400
vt 0.43581399 0.79252702
vt 0.43707499 0.79262501
vt 0.43828300 0.79315299
vt 0.43703601 0.79293603
vt 0.43707499 0.79262501
vt 0.43832001 0.79283601
vt 0.43822601 0.79354602
vt 0.43698999 0.79331303
vt 0.43703601 0.79293603
vt 0.43828300 0.79315299
vt 0.43953401 0.79348701
vt 0.43828300 0.79315299
vt 0.43832001 0.79283601
vt 0.43957099 0.79315901
vt 0.43947500 0.79390901
vt 0.43822601 0.79354602
vt 0.43828300 0.79315299
vt 0.43953401 0.79348701
vt 0.44074699 0.79436702
vt 0.43947500 0.79390901
vt 0.43953401 0.79348701
vt 0.44080001 0.79395002
vt 0.44080001 0.79395002
vt 0.43953401 0.79348701
vt 0.43957099 0.79315901
vt 0.44084001 0.79360700
vt 0.44202000 0.79498500
vt 0.44074699 0.79436702
vt 0.44080001 0.79395002
vt 0.44208500 0.79457200
vt 0.44208500 0.79457200
vt 0.44080001 0.79395002
vt 0.44084001 0.79360700
vt 0.44213599 0.79420501
vt 0.44340500 0.79539597
vt 0.44208500 0.79457200
vt 0.44213599 0.79420501
vt 0.44347700 0.79499102
vt 0.44330201 0.79585397
vt 0.44202000 0.79498500
vt 0.44208500 0.79457200
vt 0.44340500 0.79539597
vt 0.44086799 0.79754502
vt 0.44003800 0.79690498
vt 0.44202000 0.79498500
vt 0.44330201 0.79585397
vt 0.44003800 0.79690498
vt 0.43918100 0.79641402
vt 0.44074699 0.79436702
vt 0.44202000 0.79498500
vt 0.44464001 0.79693902
vt 0.44330201 0.79585397
vt 0.44340500 0.79539597
vt 0.44476700 0.79640198
vt 0.44161201 0.79837400
vt 0.44086799 0.79754502
vt 0.44330201 0.79585397
vt 0.44464001 0.79693902
vt 0.44602999 0.79810101
vt 0.44464001 0.79693902
vt 0.44476700 0.79640198
vt 0.44611299 0.79749602
vt 0.44226500 0.79938501
vt 0.44161201 0.79837400
vt 0.44464001 0.79693902
vt 0.44602999 0.79810101
vt 0.44730201 0.79919702
vt 0.44602999 0.79810101
vt 0.44611299 0.79749602
vt 0.44730499 0.79851902
vt 0.44276601 0.80058801
vt 0.44226500 0.79938501
vt 0.44602999 0.79810101
vt 0.44730201 0.79919702
vt 0.44730201 0.79919702
vt 0.44730499 0.79851902
vt 0.44814801 0.79931498
vt 0.44816300 0.80007303
vt 0.44276601 0.80058801
vt 0.44730201 0.79919702
vt 0.44816300 0.80007303
vt 0.44303700 0.80196100
vt 0.44816300 0.80007303
vt 0.44814801 0.79931498
vt 0.44855899 0.79983097
vt 0.44859001 0.80062300
vt 0.44303700 0.80196100
vt 0.44816300 0.80007303
vt 0.44859001 0.80062300
vt 0.44847801 0.80171102
vt 0.26536199 0.49881700
vt 0.26491401 0.49910599
vt 0.26494199 0.49887499
vt 0.26544100 0.49856699
vt 0.26609400 0.49858901
vt 0.26536199 0.49881700
vt 0.26544100 0.49856699
vt 0.26616600 0.49830601
vt 0.26718801 0.49827501
vt 0.26609400 0.49858901
vt 0.26616600 0.49830601
vt 0.26719800 0.49794701
vt 0.44300601 0.80341297
vt 0.44303700 0.80196100
vt 0.44847801 0.80171102
vt 0.44807500 0.80326700
vt 0.26719800 0.49794701
vt 0.26616600 0.49830601
vt 0.26614100 0.49804500
vt 0.26714900 0.49768800
vt 0.26616600 0.49830601
vt 0.26544100 0.49856699
vt 0.26540801 0.49829999
vt 0.26614100 0.49804500
vt 0.26714900 0.49768800
vt 0.26846501 0.49709901
vt 0.26855001 0.49734899
vt 0.26719800 0.49794701
vt 0.26719800 0.49794701
vt 0.26855001 0.49734899
vt 0.26864699 0.49771300
vt 0.26718801 0.49827501
vt 0.26614100 0.49804500
vt 0.26567400 0.49658999
vt 0.26656601 0.49627000
vt 0.26714900 0.49768800
vt 0.26846501 0.49709901
vt 0.26714900 0.49768800
vt 0.26656601 0.49627000
vt 0.26775301 0.49574301
vt 0.26656601 0.49627000
vt 0.26567400 0.49658999
vt 0.26546299 0.49641699
vt 0.26635301 0.49605799
vt 0.26775301 0.49574301
vt 0.26656601 0.49627000
vt 0.26635301 0.49605799
vt 0.26754099 0.49547499
vt 0.26910099 0.49499601
vt 0.26775301 0.49574301
vt 0.26754099 0.49547499
vt 0.26888999 0.49470001
vt 0.26754099 0.49547499
vt 0.26635301 0.49605799
vt 0.26594499 0.49566799
vt 0.26712701 0.49490899
vt 0.26888999 0.49470001
vt 0.26754099 0.49547499
vt 0.26712701 0.49490899
vt 0.26847801 0.49404600
vt 0.27022600 0.49379301
vt 0.26888999 0.49470001
vt 0.26847801 0.49404600
vt 0.26982599 0.49323601
vt 0.27043799 0.49405101
vt 0.26910099 0.49499601
vt 0.26888999 0.49470001
vt 0.27022600 0.49379301
vt 0.26847801 0.49404600
vt 0.26712701 0.49490899
vt 0.26641399 0.49386600
vt 0.26782101 0.49281701
vt 0.26982599 0.49323601
vt 0.26847801 0.49404600
vt 0.26782101 0.49281701
vt 0.26930600 0.49219599
vt 0.27093101 0.49234501
vt 0.26982599 0.49323601
vt 0.26930600 0.49219599
vt 0.27036101 0.49185500
vt 0.27137801 0.49272501
vt 0.27022600 0.49379301
vt 0.26982599 0.49323601
vt 0.27093101 0.49234501
vt 0.26930600 0.49219599
vt 0.26782101 0.49281701
vt 0.26689801 0.49082199
vt 0.26888800 0.49055001
vt 0.27036101 0.49185500
vt 0.26930600 0.49219599
vt 0.26888800 0.49055001
vt 0.27058801 0.49080899
vt 0.27167201 0.49118501
vt 0.27093101 0.49234501
vt 0.27036101 0.49185500
vt 0.27058801 0.49080899
vt 0.26888800 0.49055001
vt 0.26689801 0.49082199
vt 0.26535901 0.48720899
vt 0.26899001 0.48863101
vt 0.26641399 0.49386600
vt 0.26533300 0.49230900
vt 0.26689801 0.49082199
vt 0.26782101 0.49281701
vt 0.26533300 0.49230900
vt 0.26379600 0.49091399
vt 0.26535901 0.48720899
vt 0.26689801 0.49082199
vt 0.26523900 0.49496901
vt 0.26417401 0.49394801
vt 0.26533300 0.49230900
vt 0.26641399 0.49386600
vt 0.26417401 0.49394801
vt 0.26281399 0.49300000
vt 0.26379600 0.49091399
vt 0.26533300 0.49230900
vt 0.26131201 0.49247700
vt 0.26177499 0.49074599
vt 0.26379600 0.49091399
vt 0.26281399 0.49300000
vt 0.26177499 0.49074599
vt 0.26167300 0.48874500
vt 0.26535901 0.48720899
vt 0.26379600 0.49091399
vt 0.25997201 0.49111399
vt 0.25954100 0.48960799
vt 0.26167300 0.48874500
vt 0.26177499 0.49074599
vt 0.26019701 0.49219900
vt 0.25997201 0.49111399
vt 0.26177499 0.49074599
vt 0.26131201 0.49247700
vt 0.25997201 0.49111399
vt 0.26019701 0.49219900
vt 0.25951201 0.49274901
vt 0.25870901 0.49157000
vt 0.25954100 0.48960799
vt 0.25997201 0.49111399
vt 0.25870901 0.49157000
vt 0.25808400 0.49014899
vt 0.25870901 0.49157000
vt 0.25951201 0.49274901
vt 0.25882500 0.49316001
vt 0.25784701 0.49189901
vt 0.25808400 0.49014899
vt 0.25870901 0.49157000
vt 0.25784701 0.49189901
vt 0.25710800 0.49043700
vt 0.25710800 0.49043700
vt 0.25784701 0.49189901
vt 0.25720200 0.49203300
vt 0.25642100 0.49054599
vt 0.25784701 0.49189901
vt 0.25882500 0.49316001
vt 0.25823599 0.49332401
vt 0.25720200 0.49203300
vt 0.25882500 0.49316001
vt 0.26004899 0.49415201
vt 0.25947899 0.49436700
vt 0.25823599 0.49332401
vt 0.25951201 0.49274901
vt 0.26067600 0.49357599
vt 0.26004899 0.49415201
vt 0.25882500 0.49316001
vt 0.26004899 0.49415201
vt 0.26137701 0.49493700
vt 0.26080200 0.49518099
vt 0.25947899 0.49436700
vt 0.26067600 0.49357599
vt 0.26202801 0.49427801
vt 0.26137701 0.49493700
vt 0.26004899 0.49415201
vt 0.26131201 0.49247700
vt 0.26281399 0.49300000
vt 0.26202801 0.49427801
vt 0.26067600 0.49357599
vt 0.26019701 0.49219900
vt 0.26131201 0.49247700
vt 0.26067600 0.49357599
vt 0.25951201 0.49274901
vt 0.26202801 0.49427801
vt 0.26330900 0.49503401
vt 0.26263800 0.49559399
vt 0.26137701 0.49493700
vt 0.26281399 0.49300000
vt 0.26417401 0.49394801
vt 0.26330900 0.49503401
vt 0.26202801 0.49427801
vt 0.26417401 0.49394801
vt 0.26523900 0.49496901
vt 0.26435700 0.49571100
vt 0.26330900 0.49503401
vt 0.26330900 0.49503401
vt 0.26435700 0.49571100
vt 0.26368299 0.49610201
vt 0.26263800 0.49559399
vt 0.26137701 0.49493700
vt 0.26263800 0.49559399
vt 0.26205599 0.49579999
vt 0.26080200 0.49518099
vt 0.26263800 0.49559399
vt 0.26368299 0.49610201
vt 0.26309299 0.49624801
vt 0.26205599 0.49579999
vt 0.26438901 0.49642500
vt 0.26380301 0.49654099
vt 0.26309299 0.49624801
vt 0.26368299 0.49610201
vt 0.26505801 0.49615800
vt 0.26438901 0.49642500
vt 0.26368299 0.49610201
vt 0.26435700 0.49571100
vt 0.26479799 0.49661800
vt 0.26421899 0.49672201
vt 0.26380301 0.49654099
vt 0.26438901 0.49642500
vt 0.26546299 0.49641699
vt 0.26479799 0.49661800
vt 0.26438901 0.49642500
vt 0.26505801 0.49615800
vt 0.26635301 0.49605799
vt 0.26546299 0.49641699
vt 0.26505801 0.49615800
vt 0.26594499 0.49566799
vt 0.26594499 0.49566799
vt 0.26505801 0.49615800
vt 0.26435700 0.49571100
vt 0.26523900 0.49496901
vt 0.26712701 0.49490899
vt 0.26594499 0.49566799
vt 0.26523900 0.49496901
vt 0.26641399 0.49386600
vt 0.26567400 0.49658999
vt 0.26500899 0.49677601
vt 0.26479799 0.49661800
vt 0.26546299 0.49641699
vt 0.26500899 0.49677601
vt 0.26443100 0.49688700
vt 0.26421899 0.49672201
vt 0.26479799 0.49661800
vt 0.26484299 0.49858701
vt 0.26443100 0.49688700
vt 0.26500899 0.49677601
vt 0.26540801 0.49829999
vt 0.26540801 0.49829999
vt 0.26500899 0.49677601
vt 0.26567400 0.49658999
vt 0.26614100 0.49804500
vt 0.26484299 0.49858701
vt 0.26426601 0.49908301
vt 0.26380000 0.49695900
vt 0.26443100 0.49688700
vt 0.26443100 0.49688700
vt 0.26380000 0.49695900
vt 0.26359299 0.49677199
vt 0.26421899 0.49672201
vt 0.26494199 0.49887499
vt 0.26461399 0.49936199
vt 0.26426601 0.49908301
vt 0.26484299 0.49858701
vt 0.26544100 0.49856699
vt 0.26494199 0.49887499
vt 0.26484299 0.49858701
vt 0.26540801 0.49829999
vt 0.26491401 0.49910599
vt 0.26465699 0.49955499
vt 0.26461399 0.49936199
vt 0.26494199 0.49887499
vt 0.26405701 0.50004703
vt 0.26426601 0.49908301
vt 0.26461399 0.49936199
vt 0.26441801 0.50013500
vt 0.26441801 0.50013500
vt 0.26461399 0.49936199
vt 0.26465699 0.49955499
vt 0.26450101 0.50025100
vt 0.44814801 0.79931498
vt 0.44823599 0.79858500
vt 0.44863001 0.79902500
vt 0.44855899 0.79983097
vt 0.44893500 0.79796398
vt 0.44863001 0.79902500
vt 0.44823599 0.79858500
vt 0.44854999 0.79766500
vt 0.44730499 0.79851902
vt 0.44740000 0.79790503
vt 0.44823599 0.79858500
vt 0.44814801 0.79931498
vt 0.44854999 0.79766500
vt 0.44823599 0.79858500
vt 0.44740000 0.79790503
vt 0.44771701 0.79711902
vt 0.44730499 0.79851902
vt 0.44611299 0.79749602
vt 0.44621399 0.79697001
vt 0.44740000 0.79790503
vt 0.44771701 0.79711902
vt 0.44740000 0.79790503
vt 0.44621399 0.79697001
vt 0.44651601 0.79628700
vt 0.44611299 0.79749602
vt 0.44476700 0.79640198
vt 0.44485900 0.79594302
vt 0.44621399 0.79697001
vt 0.44651601 0.79628700
vt 0.44621399 0.79697001
vt 0.44485900 0.79594302
vt 0.44511500 0.79533499
vt 0.44476700 0.79640198
vt 0.44340500 0.79539597
vt 0.44347700 0.79499102
vt 0.44485900 0.79594302
vt 0.44511500 0.79533499
vt 0.44485900 0.79594302
vt 0.44347700 0.79499102
vt 0.44368100 0.79444599
vt 0.44368100 0.79444599
vt 0.44347700 0.79499102
vt 0.44213599 0.79420501
vt 0.44229099 0.79370701
vt 0.23109700 0.49706000
vt 0.26380000 0.49695900
vt 0.26426601 0.49908301
vt 0.23063099 0.49927199
vt 0.23063099 0.49927199
vt 0.26426601 0.49908301
vt 0.26405701 0.50004703
vt 0.23051600 0.50005299
vt 0.23063099 0.49927199
vt 0.23051600 0.50005299
vt 0.22881199 0.49998099
vt 0.22901100 0.49926001
vt 0.22954600 0.49719599
vt 0.23109700 0.49706000
vt 0.23063099 0.49927199
vt 0.22901100 0.49926001
vt 0.22959700 0.49700201
vt 0.23111500 0.49686199
vt 0.23109700 0.49706000
vt 0.22954600 0.49719599
vt 0.26380000 0.49695900
vt 0.23109700 0.49706000
vt 0.23111500 0.49686199
vt 0.26359299 0.49677199
vt 0.26359299 0.49677199
vt 0.23111500 0.49686199
vt 0.23111799 0.49665901
vt 0.26317799 0.49656701
vt 0.22962099 0.49679399
vt 0.23111799 0.49665901
vt 0.23111500 0.49686199
vt 0.22959700 0.49700201
vt 0.22486500 0.49756399
vt 0.22959700 0.49700201
vt 0.22954600 0.49719599
vt 0.22481300 0.49775499
vt 0.22489500 0.49733600
vt 0.22962099 0.49679399
vt 0.22959700 0.49700201
vt 0.22486500 0.49756399
vt 0.22961900 0.49649200
vt 0.23110400 0.49636999
vt 0.23111799 0.49665901
vt 0.22962099 0.49679399
vt 0.22490500 0.49699801
vt 0.22961900 0.49649200
vt 0.22962099 0.49679399
vt 0.22489500 0.49733600
vt 0.22429299 0.49699101
vt 0.22490500 0.49699801
vt 0.22489500 0.49733600
vt 0.22428800 0.49732500
vt 0.22428800 0.49732500
vt 0.22489500 0.49733600
vt 0.22486500 0.49756399
vt 0.22426800 0.49755201
vt 0.21613900 0.49590099
vt 0.22428800 0.49732500
vt 0.22426800 0.49755201
vt 0.21610799 0.49607700
vt 0.21610799 0.49607700
vt 0.22426800 0.49755201
vt 0.22423100 0.49774599
vt 0.21606800 0.49624199
vt 0.22426800 0.49755201
vt 0.22486500 0.49756399
vt 0.22481300 0.49775499
vt 0.22423100 0.49774599
vt 0.22481300 0.49775499
vt 0.22435801 0.49944600
vt 0.22377500 0.49939999
vt 0.22423100 0.49774599
vt 0.22377500 0.49939999
vt 0.21563700 0.49766001
vt 0.21606800 0.49624199
vt 0.22423100 0.49774599
vt 0.21414199 0.49539900
vt 0.21610799 0.49607700
vt 0.21606800 0.49624199
vt 0.21402700 0.49551901
vt 0.21563700 0.49766001
vt 0.21347900 0.49678099
vt 0.21402700 0.49551901
vt 0.21606800 0.49624199
vt 0.21402700 0.49551901
vt 0.21237200 0.49470600
vt 0.21255299 0.49463701
vt 0.21414199 0.49539900
vt 0.21169500 0.49581000
vt 0.21237200 0.49470600
vt 0.21402700 0.49551901
vt 0.21347900 0.49678099
vt 0.21151200 0.49609300
vt 0.21169500 0.49581000
vt 0.21347900 0.49678099
vt 0.21332499 0.49710199
vt 0.21332499 0.49710199
vt 0.21347900 0.49678099
vt 0.21563700 0.49766001
vt 0.21552201 0.49801901
vt 0.21027300 0.49474400
vt 0.21106300 0.49383900
vt 0.21237200 0.49470600
vt 0.21169500 0.49581000
vt 0.21006399 0.49498501
vt 0.21027300 0.49474400
vt 0.21169500 0.49581000
vt 0.21151200 0.49609300
vt 0.21151200 0.49609300
vt 0.21332499 0.49710199
vt 0.20878001 0.50361300
vt 0.20651300 0.50188100
vt 0.21151200 0.49609300
vt 0.20651300 0.50188100
vt 0.20453700 0.50013602
vt 0.21006399 0.49498501
vt 0.20893900 0.49384099
vt 0.20916501 0.49364299
vt 0.21027300 0.49474400
vt 0.21006399 0.49498501
vt 0.20916501 0.49364299
vt 0.21003400 0.49292201
vt 0.21106300 0.49383900
vt 0.21027300 0.49474400
vt 0.21237200 0.49470600
vt 0.21106300 0.49383900
vt 0.21129200 0.49381500
vt 0.21255299 0.49463701
vt 0.21332499 0.49710199
vt 0.21552201 0.49801901
vt 0.21142100 0.50518900
vt 0.20878001 0.50361300
vt 0.21142100 0.50518900
vt 0.21552201 0.49801901
vt 0.22366901 0.49979699
vt 0.22155499 0.50803101
vt 0.21563700 0.49766001
vt 0.22377500 0.49939999
vt 0.22366901 0.49979699
vt 0.21552201 0.49801901
vt 0.22366901 0.49979699
vt 0.22377500 0.49939999
vt 0.22435801 0.49944600
vt 0.22423799 0.49986601
vt 0.22954600 0.49719599
vt 0.22901100 0.49926001
vt 0.22435801 0.49944600
vt 0.22481300 0.49775499
vt 0.22423799 0.49986601
vt 0.22435801 0.49944600
vt 0.22901100 0.49926001
vt 0.22881199 0.49998099
vt 0.22959600 0.49604699
vt 0.22961900 0.49649200
vt 0.22490500 0.49699801
vt 0.22490400 0.49650201
vt 0.23107401 0.49594101
vt 0.23110400 0.49636999
vt 0.22961900 0.49649200
vt 0.22959600 0.49604699
vt 0.23111799 0.49665901
vt 0.23110400 0.49636999
vt 0.26247701 0.49627000
vt 0.26317799 0.49656701
vt 0.26247701 0.49627000
vt 0.23110400 0.49636999
vt 0.23107401 0.49594101
vt 0.26144701 0.49583200
vt 0.22959600 0.49604699
vt 0.22956100 0.49542499
vt 0.23102801 0.49533501
vt 0.23107401 0.49594101
vt 0.26019800 0.49521801
vt 0.26144701 0.49583200
vt 0.23107401 0.49594101
vt 0.23102801 0.49533501
vt 0.26205599 0.49579999
vt 0.26309299 0.49624801
vt 0.26247701 0.49627000
vt 0.26144701 0.49583200
vt 0.26080200 0.49518099
vt 0.26205599 0.49579999
vt 0.26144701 0.49583200
vt 0.26019800 0.49521801
vt 0.25887799 0.49440101
vt 0.26019800 0.49521801
vt 0.23102801 0.49533501
vt 0.23097000 0.49452299
vt 0.25947899 0.49436700
vt 0.26080200 0.49518099
vt 0.26019800 0.49521801
vt 0.25887799 0.49440101
vt 0.25763300 0.49335000
vt 0.25887799 0.49440101
vt 0.23097000 0.49452299
vt 0.23090900 0.49347600
vt 0.25823599 0.49332401
vt 0.25947899 0.49436700
vt 0.25887799 0.49440101
vt 0.25763300 0.49335000
vt 0.25763300 0.49335000
vt 0.23090900 0.49347600
vt 0.23085500 0.49217901
vt 0.25659201 0.49205500
vt 0.25720200 0.49203300
vt 0.25823599 0.49332401
vt 0.25763300 0.49335000
vt 0.25659201 0.49205500
vt 0.25580600 0.49056399
vt 0.25659201 0.49205500
vt 0.23085500 0.49217901
vt 0.23081300 0.49068201
vt 0.25642100 0.49054599
vt 0.25720200 0.49203300
vt 0.25659201 0.49205500
vt 0.25580600 0.49056399
vt 0.25591999 0.48892900
vt 0.25642100 0.49054599
vt 0.25580600 0.49056399
vt 0.25530699 0.48894101
vt 0.25530699 0.48894101
vt 0.25580600 0.49056399
vt 0.23081300 0.49068201
vt 0.23078500 0.48905000
vt 0.22943901 0.49221399
vt 0.22941300 0.49070299
vt 0.23081300 0.49068201
vt 0.23085500 0.49217901
vt 0.22941300 0.49070299
vt 0.22939600 0.48906201
vt 0.23078500 0.48905000
vt 0.23081300 0.49068201
vt 0.25512901 0.48725101
vt 0.25530699 0.48894101
vt 0.23078500 0.48905000
vt 0.23077101 0.48735100
vt 0.25573900 0.48724899
vt 0.25591999 0.48892900
vt 0.25530699 0.48894101
vt 0.25512901 0.48725101
vt 0.25639400 0.48724601
vt 0.25659499 0.48886600
vt 0.25591999 0.48892900
vt 0.25573900 0.48724899
vt 0.25659499 0.48886600
vt 0.25710800 0.49043700
vt 0.25642100 0.49054599
vt 0.25591999 0.48892900
vt 0.25590599 0.48556599
vt 0.25573900 0.48724899
vt 0.25512901 0.48725101
vt 0.25529301 0.48556000
vt 0.25658101 0.48562399
vt 0.25639400 0.48724601
vt 0.25573900 0.48724899
vt 0.25590599 0.48556599
vt 0.25708199 0.48404899
vt 0.25658101 0.48562399
vt 0.25590599 0.48556599
vt 0.25639400 0.48394600
vt 0.25751999 0.48868299
vt 0.25808400 0.49014899
vt 0.25710800 0.49043700
vt 0.25659499 0.48886600
vt 0.25512901 0.48725101
vt 0.23077101 0.48735100
vt 0.23077101 0.48565099
vt 0.25529301 0.48556000
vt 0.23085500 0.49217901
vt 0.23090900 0.49347600
vt 0.22947399 0.49352801
vt 0.22943901 0.49221399
vt 0.22943901 0.49221399
vt 0.22947399 0.49352801
vt 0.22489300 0.49375501
vt 0.22489500 0.49236500
vt 0.23090900 0.49347600
vt 0.23097000 0.49452299
vt 0.22951700 0.49459401
vt 0.22947399 0.49352801
vt 0.22947399 0.49352801
vt 0.22951700 0.49459401
vt 0.22489400 0.49490401
vt 0.22489300 0.49375501
vt 0.22489500 0.49236500
vt 0.22489300 0.49375501
vt 0.22420800 0.49374399
vt 0.22419700 0.49235499
vt 0.22489400 0.49490401
vt 0.22951700 0.49459401
vt 0.22956100 0.49542499
vt 0.22489800 0.49581400
vt 0.22956100 0.49542499
vt 0.22951700 0.49459401
vt 0.23097000 0.49452299
vt 0.23102801 0.49533501
vt 0.22489800 0.49581400
vt 0.22956100 0.49542499
vt 0.22959600 0.49604699
vt 0.22490400 0.49650201
vt 0.26380301 0.49654099
vt 0.26317799 0.49656701
vt 0.26247701 0.49627000
vt 0.26309299 0.49624801
vt 0.26421899 0.49672201
vt 0.26359299 0.49677199
vt 0.26317799 0.49656701
vt 0.26380301 0.49654099
vt 0.27226499 0.49147901
vt 0.27137801 0.49272501
vt 0.27093101 0.49234501
vt 0.27167201 0.49118501
vt 0.27160800 0.49292099
vt 0.27043799 0.49405101
vt 0.27022600 0.49379301
vt 0.27137801 0.49272501
vt 0.44807500 0.80326700
vt 0.44722599 0.80536300
vt 0.44265899 0.80485398
vt 0.44300601 0.80341297
vt 0.44229099 0.79370701
vt 0.44213599 0.79420501
vt 0.44084001 0.79360700
vt 0.44095600 0.79313898
vt 0.44095600 0.79313898
vt 0.44084001 0.79360700
vt 0.43957099 0.79315901
vt 0.43966001 0.79271197
vt 0.43918100 0.79641402
vt 0.43830100 0.79605597
vt 0.43947500 0.79390901
vt 0.44074699 0.79436702
vt 0.43966001 0.79271197
vt 0.43957099 0.79315901
vt 0.43832001 0.79283601
vt 0.43838900 0.79240000
vt 0.43830100 0.79605597
vt 0.43739900 0.79581499
vt 0.43822601 0.79354602
vt 0.43947500 0.79390901
vt 0.43838900 0.79240000
vt 0.43832001 0.79283601
vt 0.43707499 0.79262501
vt 0.43712801 0.79219401
vt 0.43712801 0.79219401
vt 0.43707499 0.79262501
vt 0.43581399 0.79252702
vt 0.43585399 0.79208702
vt 0.43585399 0.79208702
vt 0.43581399 0.79252702
vt 0.43451801 0.79253298
vt 0.43454200 0.79207700
vt 0.43447199 0.79286098
vt 0.43312600 0.79299098
vt 0.43317500 0.79264897
vt 0.43451801 0.79253298
vt 0.43454200 0.79207700
vt 0.43451801 0.79253298
vt 0.43317500 0.79264897
vt 0.43318099 0.79216802
vt 0.43312600 0.79299098
vt 0.43172899 0.79325902
vt 0.43177399 0.79289401
vt 0.43317500 0.79264897
vt 0.43318099 0.79216802
vt 0.43317500 0.79264897
vt 0.43177399 0.79289401
vt 0.43175399 0.79237700
vt 0.43172899 0.79325902
vt 0.43025300 0.79369998
vt 0.43029001 0.79329503
vt 0.43177399 0.79289401
vt 0.43307000 0.79340899
vt 0.43168500 0.79367298
vt 0.43172899 0.79325902
vt 0.43312600 0.79299098
vt 0.43168500 0.79367298
vt 0.43023199 0.79416400
vt 0.43025300 0.79369998
vt 0.43172899 0.79325902
vt 0.43358099 0.79588801
vt 0.43258399 0.79620898
vt 0.43168500 0.79367298
vt 0.43307000 0.79340899
vt 0.43258399 0.79620898
vt 0.43159401 0.79666299
vt 0.43023199 0.79416400
vt 0.43168500 0.79367298
vt 0.43159401 0.79666299
vt 0.43258399 0.79620898
vt 0.43323800 0.79770601
vt 0.43248200 0.79810899
vt 0.43258399 0.79620898
vt 0.43358099 0.79588801
vt 0.43402499 0.79741001
vt 0.43323800 0.79770601
vt 0.43358099 0.79588801
vt 0.43456799 0.79571700
vt 0.43482301 0.79721600
vt 0.43402499 0.79741001
vt 0.43456799 0.79571700
vt 0.43358099 0.79588801
vt 0.43307000 0.79340899
vt 0.43442401 0.79328603
vt 0.43442401 0.79328603
vt 0.43307000 0.79340899
vt 0.43312600 0.79299098
vt 0.43447199 0.79286098
vt 0.27025101 0.48718899
vt 0.26899001 0.48863101
vt 0.26535901 0.48720899
vt 0.26897800 0.48575801
vt 0.27166101 0.48629200
vt 0.27025101 0.48718899
vt 0.26897800 0.48575801
vt 0.27096900 0.48499301
vt 0.26977700 0.48114601
vt 0.27088800 0.48202699
vt 0.27032301 0.48252201
vt 0.26926500 0.48218900
vt 0.26649100 0.47813800
vt 0.26768300 0.47865501
vt 0.26747301 0.47892499
vt 0.26628000 0.47835201
vt 0.22487099 0.48395601
vt 0.22488800 0.48563799
vt 0.22417800 0.48564699
vt 0.22416499 0.48396799
vt 0.20649099 0.48745599
vt 0.20658199 0.48879701
vt 0.19946100 0.48979199
vt 0.19923100 0.48748800
vt 0.13344900 0.73022801
vt 0.13574100 0.73026401
vt 0.13497300 0.73738998
vt 0.13366000 0.73731798
vt 0.12793900 0.76016998
vt 0.12800901 0.76161200
vt 0.12695500 0.76168698
vt 0.12686700 0.76022601
vt 0.12862600 0.78847897
vt 0.12800901 0.76161200
vt 0.12931401 0.76153898
vt 0.12990600 0.78741199
vt 0.12926400 0.79035097
vt 0.12845699 0.79153299
vt 0.12786800 0.79091501
vt 0.12883900 0.78966999
vt 0.12845699 0.79153299
vt 0.12777901 0.79290098
vt 0.12710500 0.79226100
vt 0.12786800 0.79091501
vt 0.12777901 0.79290098
vt 0.12704700 0.79420203
vt 0.12647100 0.79354000
vt 0.12710500 0.79226100
vt 0.12710500 0.79226100
vt 0.12647100 0.79354000
vt 0.12625200 0.79295999
vt 0.12684900 0.79168999
vt 0.12704700 0.79420203
vt 0.12639099 0.79526901
vt 0.12598200 0.79460102
vt 0.12647100 0.79354000
vt 0.12907501 0.79366302
vt 0.12815399 0.79504400
vt 0.12704700 0.79420203
vt 0.12777901 0.79290098
vt 0.12957001 0.79214901
vt 0.12907501 0.79366302
vt 0.12777901 0.79290098
vt 0.12845699 0.79153299
vt 0.12957001 0.79214901
vt 0.13131200 0.79258001
vt 0.13118200 0.79460502
vt 0.12907501 0.79366302
vt 0.12815399 0.79504400
vt 0.12907501 0.79366302
vt 0.13118200 0.79460502
vt 0.12981801 0.79616803
vt 0.12982699 0.79102701
vt 0.12957001 0.79214901
vt 0.12845699 0.79153299
vt 0.12926400 0.79035097
vt 0.12982699 0.79102701
vt 0.13090999 0.79078102
vt 0.13131200 0.79258001
vt 0.12957001 0.79214901
vt 0.13131200 0.79258001
vt 0.13331300 0.79244101
vt 0.13491300 0.79609799
vt 0.13118200 0.79460502
vt 0.13090999 0.79078102
vt 0.13241000 0.79032201
vt 0.13331300 0.79244101
vt 0.13131200 0.79258001
vt 0.13480601 0.79107600
vt 0.13635600 0.79237598
vt 0.13491300 0.79609799
vt 0.13331300 0.79244101
vt 0.13379399 0.78953499
vt 0.13480601 0.79107600
vt 0.13331300 0.79244101
vt 0.13241000 0.79032201
vt 0.13575099 0.78949398
vt 0.13716701 0.79022002
vt 0.13635600 0.79237598
vt 0.13480601 0.79107600
vt 0.13475899 0.78890002
vt 0.13575099 0.78949398
vt 0.13480601 0.79107600
vt 0.13379399 0.78953499
vt 0.13868600 0.79061502
vt 0.13835999 0.79242897
vt 0.13635600 0.79237598
vt 0.13716701 0.79022002
vt 0.13835999 0.79242897
vt 0.13857700 0.79444700
vt 0.13491300 0.79609799
vt 0.13635600 0.79237598
vt 0.13310100 0.78735697
vt 0.13153701 0.78789902
vt 0.13141599 0.78721201
vt 0.13302600 0.78668201
vt 0.13302600 0.78668201
vt 0.13141599 0.78721201
vt 0.13138600 0.78659701
vt 0.13300399 0.78606802
vt 0.13138600 0.78659701
vt 0.12990600 0.78741199
vt 0.12931401 0.76153898
vt 0.13082100 0.76147598
vt 0.13300399 0.78606802
vt 0.13138600 0.78659701
vt 0.13082100 0.76147598
vt 0.13246299 0.76142198
vt 0.13417301 0.76138002
vt 0.13469400 0.78586000
vt 0.13300399 0.78606802
vt 0.13246299 0.76142198
vt 0.13470800 0.78647101
vt 0.13302600 0.78668201
vt 0.13300399 0.78606802
vt 0.13469400 0.78586000
vt 0.13472199 0.78712797
vt 0.13310100 0.78735697
vt 0.13302600 0.78668201
vt 0.13470800 0.78647101
vt 0.14116800 0.79126102
vt 0.14031200 0.79011500
vt 0.14070800 0.78941602
vt 0.14173000 0.79061902
vt 0.14173000 0.79061902
vt 0.14070800 0.78941602
vt 0.14085799 0.78882200
vt 0.14193299 0.79004300
vt 0.14190400 0.79259998
vt 0.14116800 0.79126102
vt 0.14173000 0.79061902
vt 0.14255001 0.79193199
vt 0.14255001 0.79193199
vt 0.14173000 0.79061902
vt 0.14193299 0.79004300
vt 0.14278100 0.79135001
vt 0.14278100 0.79135001
vt 0.14193299 0.79004300
vt 0.14195199 0.78943902
vt 0.14280300 0.79074299
vt 0.14193299 0.79004300
vt 0.14085799 0.78882200
vt 0.14086901 0.78821701
vt 0.14195199 0.78943902
vt 0.14280300 0.79074299
vt 0.14195199 0.78943902
vt 0.14139700 0.76138002
vt 0.14221600 0.76141298
vt 0.14344899 0.79198098
vt 0.14280300 0.79074299
vt 0.14221600 0.76141298
vt 0.14282700 0.76144099
vt 0.14343201 0.79259300
vt 0.14278100 0.79135001
vt 0.14280300 0.79074299
vt 0.14344899 0.79198098
vt 0.14391300 0.79300499
vt 0.14344899 0.79198098
vt 0.14282700 0.76144099
vt 0.14326100 0.76145798
vt 0.14390600 0.79362500
vt 0.14343201 0.79259300
vt 0.14344899 0.79198098
vt 0.14391300 0.79300499
vt 0.14323799 0.79318303
vt 0.14255001 0.79193199
vt 0.14278100 0.79135001
vt 0.14343201 0.79259300
vt 0.14377099 0.79422098
vt 0.14323799 0.79318303
vt 0.14343201 0.79259300
vt 0.14390600 0.79362500
vt 0.14339200 0.79490602
vt 0.14269100 0.79386801
vt 0.14323799 0.79318303
vt 0.14377099 0.79422098
vt 0.14269100 0.79386801
vt 0.14190400 0.79259998
vt 0.14255001 0.79193199
vt 0.14323799 0.79318303
vt 0.14421600 0.79433399
vt 0.14410900 0.79492497
vt 0.14377099 0.79422098
vt 0.14390600 0.79362500
vt 0.14410900 0.79492497
vt 0.14385100 0.79560000
vt 0.14339200 0.79490602
vt 0.14377099 0.79422098
vt 0.14440501 0.79474902
vt 0.14430900 0.79533201
vt 0.14410900 0.79492497
vt 0.14421600 0.79433399
vt 0.14430900 0.79533201
vt 0.14411700 0.79600197
vt 0.14385100 0.79560000
vt 0.14410900 0.79492497
vt 0.14411700 0.79600197
vt 0.14377201 0.79689699
vt 0.14337499 0.79649597
vt 0.14385100 0.79560000
vt 0.14429300 0.79621100
vt 0.14398700 0.79710603
vt 0.14377201 0.79689699
vt 0.14411700 0.79600197
vt 0.14447100 0.79554200
vt 0.14429300 0.79621100
vt 0.14411700 0.79600197
vt 0.14430900 0.79533201
vt 0.14398700 0.79710603
vt 0.14429300 0.79621100
vt 0.14575000 0.79665798
vt 0.14540701 0.79766601
vt 0.14575000 0.79665798
vt 0.14429300 0.79621100
vt 0.14447100 0.79554200
vt 0.14599900 0.79592502
vt 0.14398700 0.79710603
vt 0.14348100 0.79829901
vt 0.14320999 0.79809201
vt 0.14377201 0.79689699
vt 0.14348100 0.79829901
vt 0.14398700 0.79710603
vt 0.14540701 0.79766601
vt 0.14484100 0.79898298
vt 0.14484100 0.79898298
vt 0.14540701 0.79766601
vt 0.14566500 0.79771000
vt 0.14509000 0.79906303
vt 0.14540701 0.79766601
vt 0.14575000 0.79665798
vt 0.14601000 0.79667997
vt 0.14566500 0.79771000
vt 0.14566500 0.79771000
vt 0.14601000 0.79667997
vt 0.14629000 0.79660499
vt 0.14598900 0.79769498
vt 0.14509000 0.79906303
vt 0.14566500 0.79771000
vt 0.14598900 0.79769498
vt 0.14545301 0.79915297
vt 0.14425100 0.80057597
vt 0.14509000 0.79906303
vt 0.14545301 0.79915297
vt 0.14460300 0.80076897
vt 0.14402200 0.80045599
vt 0.14484100 0.79898298
vt 0.14509000 0.79906303
vt 0.14425100 0.80057597
vt 0.14316800 0.80206698
vt 0.14425100 0.80057597
vt 0.14460300 0.80076897
vt 0.14345700 0.80230403
vt 0.14296700 0.80191302
vt 0.14402200 0.80045599
vt 0.14425100 0.80057597
vt 0.14316800 0.80206698
vt 0.14402200 0.80045599
vt 0.14276201 0.79965401
vt 0.14348100 0.79829901
vt 0.14484100 0.79898298
vt 0.14296700 0.80191302
vt 0.14184900 0.80100203
vt 0.14276201 0.79965401
vt 0.14402200 0.80045599
vt 0.14171800 0.80322897
vt 0.14296700 0.80191302
vt 0.14316800 0.80206698
vt 0.14188699 0.80341202
vt 0.14276201 0.79965401
vt 0.14184900 0.80100203
vt 0.14158800 0.80079699
vt 0.14246300 0.79944998
vt 0.14348100 0.79829901
vt 0.14276201 0.79965401
vt 0.14246300 0.79944998
vt 0.14320999 0.79809201
vt 0.14320999 0.79809201
vt 0.14246300 0.79944998
vt 0.14180399 0.79905200
vt 0.14263800 0.79768902
vt 0.14246300 0.79944998
vt 0.14158800 0.80079699
vt 0.14102501 0.80041099
vt 0.14180399 0.79905200
vt 0.14377201 0.79689699
vt 0.14320999 0.79809201
vt 0.14263800 0.79768902
vt 0.14337499 0.79649597
vt 0.14188699 0.80341202
vt 0.14316800 0.80206698
vt 0.14345700 0.80230403
vt 0.14212500 0.80366403
vt 0.14041600 0.80454201
vt 0.14188699 0.80341202
vt 0.14212500 0.80366403
vt 0.14063001 0.80484903
vt 0.14028201 0.80432999
vt 0.14171800 0.80322897
vt 0.14188699 0.80341202
vt 0.14041600 0.80454201
vt 0.44773901 0.76190197
vt 0.44909999 0.76354599
vt 0.44578499 0.76501697
vt 0.44485801 0.76407200
vt 0.44909999 0.76354599
vt 0.45009300 0.76548499
vt 0.44652101 0.76611298
vt 0.44578499 0.76501697
vt 0.44608200 0.76054001
vt 0.44773901 0.76190197
vt 0.44485801 0.76407200
vt 0.44377300 0.76330799
vt 0.13875900 0.80540597
vt 0.14041600 0.80454201
vt 0.14063001 0.80484903
vt 0.13891400 0.80578601
vt 0.44377300 0.76330799
vt 0.44485801 0.76407200
vt 0.44355899 0.76559001
vt 0.44275901 0.76503599
vt 0.44485801 0.76407200
vt 0.44578499 0.76501697
vt 0.44424599 0.76627803
vt 0.44355899 0.76559001
vt 0.44578499 0.76501697
vt 0.44652101 0.76611298
vt 0.44479799 0.76707900
vt 0.44424599 0.76627803
vt 0.44652101 0.76611298
vt 0.44708800 0.76731598
vt 0.44519499 0.76796198
vt 0.44479799 0.76707900
vt 0.45009300 0.76548499
vt 0.45081401 0.76764297
vt 0.44708800 0.76731598
vt 0.44652101 0.76611298
vt 0.45081401 0.76764297
vt 0.45130900 0.76986200
vt 0.44740701 0.76861399
vt 0.44708800 0.76731598
vt 0.44708800 0.76731598
vt 0.44740701 0.76861399
vt 0.44542500 0.76889199
vt 0.44519499 0.76796198
vt 0.45130900 0.76986200
vt 0.45153201 0.77185100
vt 0.44744799 0.76994902
vt 0.44740701 0.76861399
vt 0.44740701 0.76861399
vt 0.44744799 0.76994902
vt 0.44547400 0.76982701
vt 0.44542500 0.76889199
vt 0.44744799 0.76994902
vt 0.44720301 0.77124500
vt 0.44533399 0.77072799
vt 0.44547400 0.76982701
vt 0.44720301 0.77124500
vt 0.44668901 0.77242100
vt 0.44502601 0.77156001
vt 0.44533399 0.77072799
vt 0.44668901 0.77242100
vt 0.44596100 0.77341598
vt 0.44456601 0.77229398
vt 0.44502601 0.77156001
vt 0.44596100 0.77341598
vt 0.44510499 0.77420700
vt 0.44398299 0.77291399
vt 0.44456601 0.77229398
vt 0.44510499 0.77420700
vt 0.44417900 0.77481198
vt 0.44331101 0.77341902
vt 0.44398299 0.77291399
vt 0.44417900 0.77481198
vt 0.44322401 0.77525997
vt 0.44258100 0.77381402
vt 0.44331101 0.77341902
vt 0.44322401 0.77525997
vt 0.44226000 0.77557898
vt 0.44182000 0.77410400
vt 0.44258100 0.77381402
vt 0.44226000 0.77557898
vt 0.44130200 0.77575201
vt 0.44104701 0.77429599
vt 0.44182000 0.77410400
vt 0.44130200 0.77575201
vt 0.44036099 0.77582198
vt 0.44027901 0.77439398
vt 0.44104701 0.77429599
vt 0.44036099 0.77582198
vt 0.43944100 0.77579302
vt 0.43952700 0.77440000
vt 0.44027901 0.77439398
vt 0.43944100 0.77579302
vt 0.43854100 0.77566302
vt 0.43880099 0.77430999
vt 0.43952700 0.77440000
vt 0.43854100 0.77566302
vt 0.43766299 0.77542502
vt 0.43810901 0.77411902
vt 0.43880099 0.77430999
vt 0.43854100 0.77566302
vt 0.43944100 0.77579302
vt 0.43894100 0.77811402
vt 0.43772501 0.77788103
vt 0.43766299 0.77542502
vt 0.43854100 0.77566302
vt 0.43772501 0.77788103
vt 0.43650299 0.77751499
vt 0.43766299 0.77542502
vt 0.43680701 0.77507299
vt 0.43745899 0.77381998
vt 0.43810901 0.77411902
vt 0.43680701 0.77507299
vt 0.43766299 0.77542502
vt 0.43650299 0.77751499
vt 0.43526700 0.77705401
vt 0.43680701 0.77507299
vt 0.43597701 0.77459198
vt 0.43685901 0.77340502
vt 0.43745899 0.77381998
vt 0.43597701 0.77459198
vt 0.43680701 0.77507299
vt 0.43526700 0.77705401
vt 0.43403700 0.77643800
vt 0.43526700 0.77705401
vt 0.43650299 0.77751499
vt 0.43644199 0.77792603
vt 0.43520999 0.77745998
vt 0.43403700 0.77643800
vt 0.43526700 0.77705401
vt 0.43520999 0.77745998
vt 0.43396801 0.77683800
vt 0.43396801 0.77683800
vt 0.43520999 0.77745998
vt 0.43516600 0.77779502
vt 0.43391100 0.77719301
vt 0.43520999 0.77745998
vt 0.43644199 0.77792603
vt 0.43640199 0.77824801
vt 0.43516600 0.77779502
vt 0.43644199 0.77792603
vt 0.43766701 0.77826703
vt 0.43762800 0.77857900
vt 0.43640199 0.77824801
vt 0.43650299 0.77751499
vt 0.43772501 0.77788103
vt 0.43766701 0.77826703
vt 0.43644199 0.77792603
vt 0.43772501 0.77788103
vt 0.43894100 0.77811402
vt 0.43889600 0.77848601
vt 0.43766701 0.77826703
vt 0.43766701 0.77826703
vt 0.43889600 0.77848601
vt 0.43885800 0.77879602
vt 0.43762800 0.77857900
vt 0.43889600 0.77848601
vt 0.44014299 0.77856898
vt 0.44010499 0.77888203
vt 0.43885800 0.77879602
vt 0.43894100 0.77811402
vt 0.44018000 0.77817899
vt 0.44014299 0.77856898
vt 0.43889600 0.77848601
vt 0.43944100 0.77579302
vt 0.44036099 0.77582198
vt 0.44018000 0.77817899
vt 0.43894100 0.77811402
vt 0.44036099 0.77582198
vt 0.44130200 0.77575201
vt 0.44146100 0.77812099
vt 0.44018000 0.77817899
vt 0.44018000 0.77817899
vt 0.44146100 0.77812099
vt 0.44141901 0.77853799
vt 0.44014299 0.77856898
vt 0.44146100 0.77812099
vt 0.44277999 0.77798498
vt 0.44273099 0.77839297
vt 0.44141901 0.77853799
vt 0.44130200 0.77575201
vt 0.44226000 0.77557898
vt 0.44277999 0.77798498
vt 0.44146100 0.77812099
vt 0.44226000 0.77557898
vt 0.44322401 0.77525997
vt 0.44412199 0.77770901
vt 0.44277999 0.77798498
vt 0.44277999 0.77798498
vt 0.44412199 0.77770901
vt 0.44408500 0.77811199
vt 0.44273099 0.77839297
vt 0.44141901 0.77853799
vt 0.44273099 0.77839297
vt 0.44268900 0.77872801
vt 0.44137800 0.77885997
vt 0.44273099 0.77839297
vt 0.44408500 0.77811199
vt 0.44404799 0.77846700
vt 0.44268900 0.77872801
vt 0.44412199 0.77770901
vt 0.44551799 0.77721000
vt 0.44550601 0.77765799
vt 0.44408500 0.77811199
vt 0.44408500 0.77811199
vt 0.44550601 0.77765799
vt 0.44547799 0.77805001
vt 0.44404799 0.77846700
vt 0.44551799 0.77721000
vt 0.44700000 0.77654201
vt 0.44698799 0.77706099
vt 0.44550601 0.77765799
vt 0.44550601 0.77765799
vt 0.44698799 0.77706099
vt 0.44696400 0.77750099
vt 0.44547799 0.77805001
vt 0.44700000 0.77654201
vt 0.44852501 0.77583599
vt 0.44845501 0.77639502
vt 0.44698799 0.77706099
vt 0.44698799 0.77706099
vt 0.44845501 0.77639502
vt 0.44842300 0.77688903
vt 0.44696400 0.77750099
vt 0.44852501 0.77583599
vt 0.44989699 0.77519202
vt 0.44974300 0.77577603
vt 0.44845501 0.77639502
vt 0.44845501 0.77639502
vt 0.44974300 0.77577603
vt 0.44968599 0.77632898
vt 0.44842300 0.77688903
vt 0.45065501 0.77530098
vt 0.45055801 0.77593201
vt 0.44968599 0.77632898
vt 0.44974300 0.77577603
vt 0.45085400 0.77465200
vt 0.45065501 0.77530098
vt 0.44974300 0.77577603
vt 0.44989699 0.77519202
vt 0.44720301 0.77124500
vt 0.45085400 0.77465200
vt 0.44989699 0.77519202
vt 0.44668901 0.77242100
vt 0.44596100 0.77341598
vt 0.44668901 0.77242100
vt 0.44989699 0.77519202
vt 0.44852501 0.77583599
vt 0.45151499 0.77330500
vt 0.45135400 0.77427697
vt 0.45085400 0.77465200
vt 0.44720301 0.77124500
vt 0.45135400 0.77427697
vt 0.45113599 0.77495903
vt 0.45065501 0.77530098
vt 0.45085400 0.77465200
vt 0.14601000 0.79667997
vt 0.14626500 0.79595602
vt 0.14651400 0.79587698
vt 0.14629000 0.79660499
vt 0.14626500 0.79595602
vt 0.14657800 0.79545701
vt 0.14681000 0.79543197
vt 0.14651400 0.79587698
vt 0.45113599 0.77495903
vt 0.45098701 0.77566999
vt 0.45055801 0.77593201
vt 0.45065501 0.77530098
vt 0.14657800 0.79545701
vt 0.14710499 0.79512203
vt 0.14730801 0.79519099
vt 0.14681000 0.79543197
vt 0.14628699 0.79535800
vt 0.14679000 0.79477602
vt 0.14710499 0.79512203
vt 0.14657800 0.79545701
vt 0.14599900 0.79592502
vt 0.14628699 0.79535800
vt 0.14657800 0.79545701
vt 0.14626500 0.79595602
vt 0.14457500 0.79496002
vt 0.14463800 0.79432201
vt 0.14679000 0.79477602
vt 0.14628699 0.79535800
vt 0.14599900 0.79592502
vt 0.14447100 0.79554200
vt 0.14457500 0.79496002
vt 0.14628699 0.79535800
vt 0.14575000 0.79665798
vt 0.14599900 0.79592502
vt 0.14626500 0.79595602
vt 0.14601000 0.79667997
vt 0.14463800 0.79432201
vt 0.14457500 0.79496002
vt 0.14440501 0.79474902
vt 0.14444400 0.79411697
vt 0.14457500 0.79496002
vt 0.14447100 0.79554200
vt 0.14430900 0.79533201
vt 0.14440501 0.79474902
vt 0.14679000 0.79477602
vt 0.14463800 0.79432201
vt 0.14395700 0.76143098
vt 0.14621900 0.76088899
vt 0.14444400 0.79411697
vt 0.14375800 0.76145500
vt 0.14395700 0.76143098
vt 0.14463800 0.79432201
vt 0.14444400 0.79411697
vt 0.14440501 0.79474902
vt 0.14421600 0.79433399
vt 0.14422800 0.79370302
vt 0.14422800 0.79370302
vt 0.14355300 0.76146299
vt 0.14375800 0.76145500
vt 0.14444400 0.79411697
vt 0.14422800 0.79370302
vt 0.14421600 0.79433399
vt 0.14390600 0.79362500
vt 0.14391300 0.79300499
vt 0.14422800 0.79370302
vt 0.14391300 0.79300499
vt 0.14326100 0.76145798
vt 0.14355300 0.76146299
vt 0.14395700 0.76143098
vt 0.14403901 0.75985599
vt 0.14611199 0.75920200
vt 0.14621900 0.76088899
vt 0.45153201 0.77185100
vt 0.45151499 0.77330500
vt 0.44720301 0.77124500
vt 0.44744799 0.76994902
vt 0.44510499 0.77420700
vt 0.44596100 0.77341598
vt 0.44852501 0.77583599
vt 0.44700000 0.77654201
vt 0.44417900 0.77481198
vt 0.44510499 0.77420700
vt 0.44700000 0.77654201
vt 0.44551799 0.77721000
vt 0.44322401 0.77525997
vt 0.44417900 0.77481198
vt 0.44551799 0.77721000
vt 0.44412199 0.77770901
vt 0.44014299 0.77856898
vt 0.44141901 0.77853799
vt 0.44137800 0.77885997
vt 0.44010499 0.77888203
vt 0.43281099 0.77557701
vt 0.43403700 0.77643800
vt 0.43396801 0.77683800
vt 0.43270299 0.77601701
vt 0.43270299 0.77601701
vt 0.43396801 0.77683800
vt 0.43391100 0.77719301
vt 0.43262500 0.77640802
vt 0.43141201 0.77502400
vt 0.43270299 0.77601701
vt 0.43262500 0.77640802
vt 0.43131500 0.77546400
vt 0.43154201 0.77451098
vt 0.43281099 0.77557701
vt 0.43270299 0.77601701
vt 0.43141201 0.77502400
vt 0.43517700 0.77396601
vt 0.43597701 0.77459198
vt 0.43403700 0.77643800
vt 0.43281099 0.77557701
vt 0.43446299 0.77316099
vt 0.43517700 0.77396601
vt 0.43281099 0.77557701
vt 0.43154201 0.77451098
vt 0.43383801 0.77218300
vt 0.43446299 0.77316099
vt 0.43154201 0.77451098
vt 0.43022901 0.77337998
vt 0.43022901 0.77337998
vt 0.43154201 0.77451098
vt 0.43141201 0.77502400
vt 0.43014401 0.77395397
vt 0.43517700 0.77396601
vt 0.43446299 0.77316099
vt 0.43586800 0.77221900
vt 0.43632299 0.77287197
vt 0.43446299 0.77316099
vt 0.43383801 0.77218300
vt 0.43550500 0.77144402
vt 0.43586800 0.77221900
vt 0.43383801 0.77218300
vt 0.43335900 0.77102298
vt 0.43525901 0.77056402
vt 0.43550500 0.77144402
vt 0.43335900 0.77102298
vt 0.43383801 0.77218300
vt 0.43022901 0.77337998
vt 0.42903101 0.77234501
vt 0.43335900 0.77102298
vt 0.43309900 0.76970297
vt 0.43515500 0.76960999
vt 0.43525901 0.77056402
vt 0.43309900 0.76970297
vt 0.43312699 0.76830697
vt 0.43521801 0.76862800
vt 0.43515500 0.76960999
vt 0.42820799 0.77153403
vt 0.43309900 0.76970297
vt 0.43335900 0.77102298
vt 0.42903101 0.77234501
vt 0.42779100 0.77101701
vt 0.42788199 0.76997298
vt 0.43309900 0.76970297
vt 0.42820799 0.77153403
vt 0.42788199 0.76997298
vt 0.42825601 0.76847500
vt 0.43312699 0.76830697
vt 0.43309900 0.76970297
vt 0.42825601 0.76847500
vt 0.42905599 0.76645100
vt 0.43345901 0.76691699
vt 0.43312699 0.76830697
vt 0.43312699 0.76830697
vt 0.43345901 0.76691699
vt 0.43546200 0.76766300
vt 0.43521801 0.76862800
vt 0.43345901 0.76691699
vt 0.43408400 0.76562399
vt 0.43588600 0.76676297
vt 0.43546200 0.76766300
vt 0.42905599 0.76645100
vt 0.43027601 0.76424098
vt 0.43408400 0.76562399
vt 0.43345901 0.76691699
vt 0.12424000 0.79816902
vt 0.12487100 0.79949600
vt 0.12451200 0.79960102
vt 0.12391500 0.79816902
vt 0.12487100 0.79949600
vt 0.12577400 0.80097097
vt 0.12543100 0.80117899
vt 0.12451200 0.79960102
vt 0.12511700 0.79940498
vt 0.12599801 0.80084199
vt 0.12577400 0.80097097
vt 0.12487100 0.79949600
vt 0.12449600 0.79811400
vt 0.12511700 0.79940498
vt 0.12487100 0.79949600
vt 0.12424000 0.79816902
vt 0.12411000 0.79712099
vt 0.12449600 0.79811400
vt 0.12424000 0.79816902
vt 0.12385100 0.79715502
vt 0.12385100 0.79715502
vt 0.12424000 0.79816902
vt 0.12391500 0.79816902
vt 0.12356700 0.79709399
vt 0.12449600 0.79811400
vt 0.12589000 0.79749298
vt 0.12644701 0.79866302
vt 0.12511700 0.79940498
vt 0.12382900 0.79639900
vt 0.12411000 0.79712099
vt 0.12385100 0.79715502
vt 0.12356400 0.79644299
vt 0.12356400 0.79644299
vt 0.12385100 0.79715502
vt 0.12356700 0.79709399
vt 0.12331200 0.79637700
vt 0.12351700 0.79584599
vt 0.12382900 0.79639900
vt 0.12356400 0.79644299
vt 0.12323100 0.79595798
vt 0.12323100 0.79595798
vt 0.12356400 0.79644299
vt 0.12331200 0.79637700
vt 0.12299700 0.79594600
vt 0.12299000 0.79528600
vt 0.12351700 0.79584599
vt 0.12323100 0.79595798
vt 0.12269000 0.79564703
vt 0.12269000 0.79564703
vt 0.12323100 0.79595798
vt 0.12299700 0.79594600
vt 0.12249000 0.79572701
vt 0.11271900 0.79574502
vt 0.11282100 0.79540700
vt 0.12299000 0.79528600
vt 0.12269000 0.79564703
vt 0.11271900 0.79574502
vt 0.12269000 0.79564703
vt 0.12249000 0.79572701
vt 0.11268600 0.79582500
vt 0.42394301 0.78332698
vt 0.42780501 0.77253503
vt 0.42816699 0.77290899
vt 0.42436999 0.78341198
vt 0.42780501 0.77253503
vt 0.42783800 0.77177298
vt 0.42823899 0.77224702
vt 0.42816699 0.77290899
vt 0.42527500 0.78356397
vt 0.42436999 0.78341198
vt 0.42816699 0.77290899
vt 0.42893299 0.77354300
vt 0.42816699 0.77290899
vt 0.42823899 0.77224702
vt 0.42902800 0.77297503
vt 0.42893299 0.77354300
vt 0.42783800 0.77177298
vt 0.42779100 0.77101701
vt 0.42820799 0.77153403
vt 0.42823899 0.77224702
vt 0.42823899 0.77224702
vt 0.42820799 0.77153403
vt 0.42903101 0.77234501
vt 0.42902800 0.77297503
vt 0.42903101 0.77234501
vt 0.43022901 0.77337998
vt 0.43014401 0.77395397
vt 0.42902800 0.77297503
vt 0.42902800 0.77297503
vt 0.43014401 0.77395397
vt 0.43003899 0.77445400
vt 0.42893299 0.77354300
vt 0.43014401 0.77395397
vt 0.43141201 0.77502400
vt 0.43131500 0.77546400
vt 0.43003899 0.77445400
vt 0.42665800 0.78378803
vt 0.42527500 0.78356397
vt 0.42893299 0.77354300
vt 0.43003899 0.77445400
vt 0.42665800 0.78378803
vt 0.43003899 0.77445400
vt 0.43131500 0.77546400
vt 0.42830801 0.78405303
vt 0.42709100 0.79372400
vt 0.42575601 0.79419500
vt 0.42527500 0.78356397
vt 0.42665800 0.78378803
vt 0.42575601 0.79419500
vt 0.42484200 0.79449999
vt 0.42436999 0.78341198
vt 0.42527500 0.78356397
vt 0.42709100 0.79372400
vt 0.42719600 0.79444098
vt 0.42585400 0.79500598
vt 0.42575601 0.79419500
vt 0.42575601 0.79419500
vt 0.42585400 0.79500598
vt 0.42491099 0.79543000
vt 0.42484200 0.79449999
vt 0.42440799 0.79468900
vt 0.42394301 0.78332698
vt 0.42436999 0.78341198
vt 0.42484200 0.79449999
vt 0.42484200 0.79449999
vt 0.42491099 0.79543000
vt 0.42444500 0.79574299
vt 0.42440799 0.79468900
vt 0.42585400 0.79500598
vt 0.42578799 0.79559898
vt 0.42481700 0.79612201
vt 0.42491099 0.79543000
vt 0.42491099 0.79543000
vt 0.42481700 0.79612201
vt 0.42431900 0.79649597
vt 0.42444500 0.79574299
vt 0.26454699 0.47487199
vt 0.26480901 0.47531801
vt 0.26484200 0.47554699
vt 0.26450899 0.47506401
vt 0.26438600 0.47417599
vt 0.26454699 0.47487199
vt 0.26450899 0.47506401
vt 0.26430899 0.47429299
vt 0.42481700 0.79612201
vt 0.42462099 0.79680997
vt 0.42410499 0.79720998
vt 0.42431900 0.79649597
vt 0.26480901 0.47531801
vt 0.26526099 0.47560200
vt 0.26534301 0.47585100
vt 0.26484200 0.47554699
vt 0.26484200 0.47554699
vt 0.26534301 0.47585100
vt 0.26531401 0.47611800
vt 0.26474699 0.47583601
vt 0.26450899 0.47506401
vt 0.26484200 0.47554699
vt 0.26474699 0.47583601
vt 0.26416600 0.47534600
vt 0.26526099 0.47560200
vt 0.26599601 0.47582299
vt 0.26607201 0.47610500
vt 0.26534301 0.47585100
vt 0.42462099 0.79680997
vt 0.42844301 0.80034798
vt 0.42395201 0.79822397
vt 0.42410499 0.79720998
vt 0.26599601 0.47582299
vt 0.26709399 0.47612801
vt 0.26710799 0.47645500
vt 0.26607201 0.47610500
vt 0.42578799 0.79559898
vt 0.42562300 0.79622501
vt 0.42462099 0.79680997
vt 0.42481700 0.79612201
vt 0.26430899 0.47429299
vt 0.26450899 0.47506401
vt 0.26416600 0.47534600
vt 0.26394901 0.47438300
vt 0.26430899 0.47429299
vt 0.26394901 0.47438300
vt 0.26371500 0.46469000
vt 0.26405701 0.46478799
vt 0.26430899 0.47429299
vt 0.26405701 0.46478799
vt 0.26413399 0.46481800
vt 0.26438600 0.47417599
vt 0.26371500 0.46469000
vt 0.26394901 0.47438300
vt 0.23041201 0.47465000
vt 0.22834601 0.46497700
vt 0.26416600 0.47534600
vt 0.23053400 0.47543100
vt 0.23041201 0.47465000
vt 0.26394901 0.47438300
vt 0.12299000 0.79528600
vt 0.11282100 0.79540700
vt 0.11268600 0.75943702
vt 0.12211500 0.76140201
vt 0.22870900 0.47473601
vt 0.22662801 0.46537000
vt 0.22834601 0.46497700
vt 0.23041201 0.47465000
vt 0.11298200 0.75773901
vt 0.12215000 0.75971103
vt 0.12211500 0.76140201
vt 0.11268600 0.75943702
vt 0.12512100 0.79473901
vt 0.12299000 0.79528600
vt 0.12211500 0.76140201
vt 0.12439800 0.76184601
vt 0.22870900 0.47473601
vt 0.22413500 0.47488800
vt 0.22197500 0.46658099
vt 0.22662801 0.46537000
vt 0.22870900 0.47473601
vt 0.22891399 0.47545499
vt 0.22425900 0.47530699
vt 0.22413500 0.47488800
vt 0.23041201 0.47465000
vt 0.23053400 0.47543100
vt 0.22891399 0.47545499
vt 0.22870900 0.47473601
vt 0.42715400 0.79495800
vt 0.42578799 0.79559898
vt 0.42585400 0.79500598
vt 0.42719600 0.79444098
vt 0.42707500 0.79554498
vt 0.42562300 0.79622501
vt 0.42578799 0.79559898
vt 0.42715400 0.79495800
vt 0.12511700 0.79940498
vt 0.12644701 0.79866302
vt 0.12722300 0.79998600
vt 0.12599801 0.80084199
vt 0.12722300 0.79998600
vt 0.12644701 0.79866302
vt 0.12670800 0.79844499
vt 0.12751199 0.79976898
vt 0.12599801 0.80084199
vt 0.12722300 0.79998600
vt 0.12819199 0.80129498
vt 0.12711400 0.80225301
vt 0.12819199 0.80129498
vt 0.12722300 0.79998600
vt 0.12751199 0.79976898
vt 0.12844500 0.80107802
vt 0.12934101 0.80243403
vt 0.12819199 0.80129498
vt 0.12844500 0.80107802
vt 0.12953100 0.80220097
vt 0.12819199 0.80129498
vt 0.12934101 0.80243403
vt 0.12841800 0.80351400
vt 0.12711400 0.80225301
vt 0.12599801 0.80084199
vt 0.12711400 0.80225301
vt 0.12692000 0.80241501
vt 0.12577400 0.80097097
vt 0.12711400 0.80225301
vt 0.12841800 0.80351400
vt 0.12825701 0.80370301
vt 0.12692000 0.80241501
vt 0.12841800 0.80351400
vt 0.12934101 0.80243403
vt 0.13063499 0.80333602
vt 0.12990101 0.80455202
vt 0.12841800 0.80351400
vt 0.12990101 0.80455202
vt 0.12977500 0.80476898
vt 0.12825701 0.80370301
vt 0.12692000 0.80241501
vt 0.12825701 0.80370301
vt 0.12803000 0.80396599
vt 0.12664200 0.80266398
vt 0.12825701 0.80370301
vt 0.12977500 0.80476898
vt 0.12957500 0.80508602
vt 0.12803000 0.80396599
vt 0.12977500 0.80476898
vt 0.13146900 0.80556202
vt 0.13133000 0.80594802
vt 0.12957500 0.80508602
vt 0.12990101 0.80455202
vt 0.13155100 0.80532402
vt 0.13146900 0.80556202
vt 0.12977500 0.80476898
vt 0.13155100 0.80532402
vt 0.13331600 0.80578798
vt 0.13327900 0.80603498
vt 0.13146900 0.80556202
vt 0.13146900 0.80556202
vt 0.13327900 0.80603498
vt 0.13323200 0.80640501
vt 0.13133000 0.80594802
vt 0.13327900 0.80603498
vt 0.13512801 0.80616999
vt 0.13513599 0.80650699
vt 0.13323200 0.80640501
vt 0.13331600 0.80578798
vt 0.13512300 0.80592299
vt 0.13512801 0.80616999
vt 0.13327900 0.80603498
vt 0.13512801 0.80616999
vt 0.13697000 0.80595601
vt 0.13703300 0.80632299
vt 0.13513599 0.80650699
vt 0.13512300 0.80592299
vt 0.13692300 0.80571002
vt 0.13697000 0.80595601
vt 0.13512801 0.80616999
vt 0.13356701 0.80437601
vt 0.13509201 0.80447501
vt 0.13512300 0.80592299
vt 0.13331600 0.80578798
vt 0.13697000 0.80595601
vt 0.13875900 0.80540597
vt 0.13891400 0.80578601
vt 0.13703300 0.80632299
vt 0.13692300 0.80571002
vt 0.13866600 0.80517203
vt 0.13875900 0.80540597
vt 0.13697000 0.80595601
vt 0.13866600 0.80517203
vt 0.14028201 0.80432999
vt 0.14041600 0.80454201
vt 0.13875900 0.80540597
vt 0.44221500 0.75875598
vt 0.44422999 0.75945401
vt 0.44256401 0.76274902
vt 0.44126600 0.76241601
vt 0.44422999 0.75945401
vt 0.44608200 0.76054001
vt 0.44377300 0.76330799
vt 0.44256401 0.76274902
vt 0.44126600 0.76241601
vt 0.44256401 0.76274902
vt 0.44187099 0.76463699
vt 0.44092599 0.76440501
vt 0.44256401 0.76274902
vt 0.44377300 0.76330799
vt 0.44275901 0.76503599
vt 0.44187099 0.76463699
vt 0.44006401 0.75854999
vt 0.44221500 0.75875598
vt 0.44126600 0.76241601
vt 0.43992001 0.76232499
vt 0.43992001 0.76232499
vt 0.44126600 0.76241601
vt 0.44092599 0.76440501
vt 0.43995300 0.76435602
vt 0.43856701 0.76248699
vt 0.43992001 0.76232499
vt 0.43995300 0.76435602
vt 0.43898600 0.76449198
vt 0.43725601 0.76291001
vt 0.43856701 0.76248699
vt 0.43898600 0.76449198
vt 0.43805999 0.76481301
vt 0.43563899 0.75942802
vt 0.43783900 0.75879002
vt 0.43856701 0.76248699
vt 0.43725601 0.76291001
vt 0.43783900 0.75879002
vt 0.44006401 0.75854999
vt 0.43992001 0.76232499
vt 0.43856701 0.76248699
vt 0.43603799 0.76358497
vt 0.43725601 0.76291001
vt 0.43805999 0.76481301
vt 0.43721300 0.76530999
vt 0.43358001 0.76053900
vt 0.43563899 0.75942802
vt 0.43725601 0.76291001
vt 0.43603799 0.76358497
vt 0.43179300 0.76219201
vt 0.43358001 0.76053900
vt 0.43603799 0.76358497
vt 0.43496200 0.76449800
vt 0.43496200 0.76449800
vt 0.43603799 0.76358497
vt 0.43721300 0.76530999
vt 0.43647799 0.76596802
vt 0.43408400 0.76562399
vt 0.43496200 0.76449800
vt 0.43647799 0.76596802
vt 0.43588600 0.76676297
vt 0.43027601 0.76424098
vt 0.43179300 0.76219201
vt 0.43496200 0.76449800
vt 0.43408400 0.76562399
vt 0.12577400 0.80097097
vt 0.12692000 0.80241501
vt 0.12664200 0.80266398
vt 0.12543100 0.80117899
vt 0.13155100 0.80532402
vt 0.13206100 0.80398798
vt 0.13356701 0.80437601
vt 0.13331600 0.80578798
vt 0.13509201 0.80447501
vt 0.13356701 0.80437601
vt 0.13362800 0.80407602
vt 0.13508600 0.80419701
vt 0.13356701 0.80437601
vt 0.13206100 0.80398798
vt 0.13217600 0.80367702
vt 0.13362800 0.80407602
vt 0.12990101 0.80455202
vt 0.13063499 0.80333602
vt 0.13206100 0.80398798
vt 0.13155100 0.80532402
vt 0.13206100 0.80398798
vt 0.13063499 0.80333602
vt 0.13078700 0.80305701
vt 0.13217600 0.80367702
vt 0.13063499 0.80333602
vt 0.12934101 0.80243403
vt 0.12953100 0.80220097
vt 0.13078700 0.80305701
vt 0.13078700 0.80305701
vt 0.12953100 0.80220097
vt 0.12989999 0.80174798
vt 0.13106801 0.80246198
vt 0.12953100 0.80220097
vt 0.12844500 0.80107802
vt 0.12898999 0.80066800
vt 0.12989999 0.80174798
vt 0.12989999 0.80174798
vt 0.12898999 0.80066800
vt 0.13001400 0.80012900
vt 0.13037600 0.80117202
vt 0.13106801 0.80246198
vt 0.12989999 0.80174798
vt 0.13037600 0.80117202
vt 0.13142000 0.80137700
vt 0.12844500 0.80107802
vt 0.12751199 0.79976898
vt 0.12815399 0.79934400
vt 0.12898999 0.80066800
vt 0.12751199 0.79976898
vt 0.12670800 0.79844499
vt 0.12726299 0.79801702
vt 0.12815399 0.79934400
vt 0.43597701 0.77459198
vt 0.43517700 0.77396601
vt 0.43632299 0.77287197
vt 0.43685901 0.77340502
vt 0.13650300 0.74309599
vt 0.13515300 0.74293703
vt 0.13500699 0.74074799
vt 0.13626400 0.74095201
vt 0.13515300 0.74293703
vt 0.13377599 0.74290103
vt 0.13372800 0.74069500
vt 0.13500699 0.74074799
vt 0.13403299 0.75477701
vt 0.13377599 0.74290103
vt 0.13515300 0.74293703
vt 0.13576400 0.75473499
vt 0.13486500 0.73842603
vt 0.13367900 0.73834503
vt 0.13366000 0.73731798
vt 0.13497300 0.73738998
vt 0.12598200 0.79460102
vt 0.12639099 0.79526901
vt 0.12596101 0.79598200
vt 0.12567499 0.79531902
vt 0.13505900 0.80291301
vt 0.13416100 0.80240101
vt 0.13501699 0.80097502
vt 0.13593400 0.80236298
vt 0.13593400 0.80236298
vt 0.13501699 0.80097502
vt 0.13642099 0.79968297
vt 0.13721400 0.80165303
vt 0.13833100 0.79953599
vt 0.13642099 0.79968297
vt 0.13491300 0.79609799
vt 0.13855600 0.79754603
vt 0.13862801 0.80122298
vt 0.13721400 0.80165303
vt 0.13642099 0.79968297
vt 0.13833100 0.79953599
vt 0.13902700 0.80229199
vt 0.13770200 0.80288100
vt 0.13721400 0.80165303
vt 0.13862801 0.80122298
vt 0.14000601 0.79595000
vt 0.13855600 0.79754603
vt 0.13491300 0.79609799
vt 0.13857700 0.79444700
vt 0.13933299 0.80287403
vt 0.13797100 0.80355299
vt 0.13770200 0.80288100
vt 0.13902700 0.80229199
vt 0.87607503 0.83013201
vt 0.87708402 0.83298498
vt 0.87578797 0.83312601
vt 0.87421101 0.83026099
vt 0.87708402 0.83298498
vt 0.87626898 0.88252300
vt 0.87496901 0.88235098
vt 0.87578797 0.83312601
vt 0.87626898 0.88252300
vt 0.87521702 0.88529599
vt 0.87339801 0.88514602
vt 0.87496901 0.88235098
vt 0.87521702 0.88529599
vt 0.87377799 0.88758898
vt 0.87137800 0.88702500
vt 0.87339801 0.88514602
vt 0.87007898 0.88016897
vt 0.87496901 0.88235098
vt 0.87339801 0.88514602
vt 0.86945498 0.88244802
vt 0.86945498 0.88244802
vt 0.87339801 0.88514602
vt 0.87137800 0.88702500
vt 0.86862600 0.88401401
vt 0.86862600 0.88401401
vt 0.87137800 0.88702500
vt 0.86978900 0.88794100
vt 0.86774701 0.88489598
vt 0.87377799 0.88758898
vt 0.87217599 0.88930398
vt 0.86978900 0.88794100
vt 0.87137800 0.88702500
vt 0.86774701 0.88489598
vt 0.86978900 0.88794100
vt 0.86870003 0.88868999
vt 0.86672503 0.88515902
vt 0.87217599 0.88930398
vt 0.87078899 0.89062601
vt 0.86870003 0.88868999
vt 0.86978900 0.88794100
vt 0.87078899 0.89062601
vt 0.74427098 0.89126301
vt 0.74644899 0.88920200
vt 0.86870003 0.88868999
vt 0.74427098 0.89126301
vt 0.74281698 0.88987303
vt 0.74529099 0.88843298
vt 0.74644899 0.88920200
vt 0.74281698 0.88987303
vt 0.74116099 0.88808101
vt 0.74365002 0.88749701
vt 0.74529099 0.88843298
vt 0.74365002 0.88749701
vt 0.74652898 0.88439298
vt 0.74746698 0.88529402
vt 0.74529099 0.88843298
vt 0.74529099 0.88843298
vt 0.74746698 0.88529402
vt 0.74849099 0.88552397
vt 0.74644899 0.88920200
vt 0.74116099 0.88808101
vt 0.73968601 0.88570303
vt 0.74156398 0.88555700
vt 0.74365002 0.88749701
vt 0.74156398 0.88555700
vt 0.74564397 0.88278401
vt 0.74652898 0.88439298
vt 0.74365002 0.88749701
vt 0.87007898 0.88016897
vt 0.86945498 0.88244802
vt 0.86862600 0.88401401
vt 0.86774701 0.88489598
vt 0.86672503 0.88515902
vt 0.74849099 0.88552397
vt 0.74746698 0.88529402
vt 0.74652898 0.88439298
vt 0.74564397 0.88278401
vt 0.74496800 0.88045400
vt 0.74519098 0.83463198
vt 0.74575400 0.83236998
vt 0.74654198 0.83078599
vt 0.74745399 0.82985699
vt 0.74848098 0.82958603
vt 0.86736500 0.83018398
vt 0.86841798 0.83046103
vt 0.86931598 0.83136803
vt 0.87015402 0.83297002
vt 0.87077802 0.83528203
vt 0.73995602 0.88267398
vt 0.74496800 0.88045400
vt 0.74564397 0.88278401
vt 0.74156398 0.88555700
vt 0.73995602 0.88267398
vt 0.73994797 0.83237600
vt 0.74519098 0.83463198
vt 0.74496800 0.88045400
vt 0.74519098 0.83463198
vt 0.73994797 0.83237600
vt 0.74167502 0.82946903
vt 0.74575400 0.83236998
vt 0.73862201 0.83219200
vt 0.73976302 0.82926297
vt 0.74167502 0.82946903
vt 0.73994797 0.83237600
vt 0.73862201 0.88283700
vt 0.73862201 0.83219200
vt 0.73994797 0.83237600
vt 0.73995602 0.88267398
vt 0.74575400 0.83236998
vt 0.74167502 0.82946903
vt 0.74385297 0.82759398
vt 0.74654198 0.83078599
vt 0.73976302 0.82926297
vt 0.74137300 0.82692099
vt 0.74385297 0.82759398
vt 0.74167502 0.82946903
vt 0.74137300 0.82692099
vt 0.74309897 0.82523799
vt 0.74548203 0.82671797
vt 0.74385297 0.82759398
vt 0.74309897 0.82523799
vt 0.74455202 0.82393903
vt 0.74660599 0.82600099
vt 0.74548203 0.82671797
vt 0.74654198 0.83078599
vt 0.74385297 0.82759398
vt 0.74548203 0.82671797
vt 0.74745399 0.82985699
vt 0.74745399 0.82985699
vt 0.74548203 0.82671797
vt 0.74660599 0.82600099
vt 0.74848098 0.82958603
vt 0.74455202 0.82393903
vt 0.87157601 0.82464600
vt 0.86943299 0.82660002
vt 0.74660599 0.82600099
vt 0.74660599 0.82600099
vt 0.86943299 0.82660002
vt 0.86736500 0.83018398
vt 0.74848098 0.82958603
vt 0.87053800 0.82737398
vt 0.86841798 0.83046103
vt 0.86736500 0.83018398
vt 0.86943299 0.82660002
vt 0.87215602 0.82832199
vt 0.86931598 0.83136803
vt 0.86841798 0.83046103
vt 0.87053800 0.82737398
vt 0.87298501 0.82599902
vt 0.87462097 0.82776099
vt 0.87215602 0.82832199
vt 0.87053800 0.82737398
vt 0.87157601 0.82464600
vt 0.87298501 0.82599902
vt 0.87053800 0.82737398
vt 0.86943299 0.82660002
vt 0.87462097 0.82776099
vt 0.87607503 0.83013201
vt 0.87421101 0.83026099
vt 0.87215602 0.82832199
vt 0.87421101 0.83026099
vt 0.87015402 0.83297002
vt 0.86931598 0.83136803
vt 0.87215602 0.82832199
vt 0.87578797 0.83312601
vt 0.87077802 0.83528203
vt 0.87015402 0.83297002
vt 0.87421101 0.83026099
vt 0.87578797 0.83312601
vt 0.87496901 0.88235098
vt 0.87007898 0.88016897
vt 0.87077802 0.83528203
vt 0.73968601 0.88570303
vt 0.73862201 0.88283700
vt 0.73995602 0.88267398
vt 0.74156398 0.88555700
vt 0.86870003 0.88868999
vt 0.74644899 0.88920200
vt 0.74849099 0.88552397
vt 0.86672503 0.88515902
vt 0.76926398 0.68235099
vt 0.77221203 0.68127400
vt 0.77237201 0.68261600
vt 0.76944101 0.68426502
vt 0.77221203 0.68127400
vt 0.82260698 0.68204802
vt 0.82240897 0.68335599
vt 0.77237201 0.68261600
vt 0.82260698 0.68204802
vt 0.82544100 0.68321103
vt 0.82521498 0.68506300
vt 0.82240897 0.68335599
vt 0.82544100 0.68321103
vt 0.82767898 0.68480402
vt 0.82700902 0.68718600
vt 0.82521498 0.68506300
vt 0.82700902 0.68718600
vt 0.82390100 0.68976903
vt 0.82236201 0.68898499
vt 0.82521498 0.68506300
vt 0.82521498 0.68506300
vt 0.82236201 0.68898499
vt 0.82015598 0.68841201
vt 0.82240897 0.68335599
vt 0.77435499 0.81390399
vt 0.77204102 0.81332701
vt 0.77050698 0.81259501
vt 0.76960498 0.81175900
vt 0.76931500 0.81075400
vt 0.76948702 0.69124502
vt 0.76976198 0.69018197
vt 0.77069801 0.68924999
vt 0.77227199 0.68845099
vt 0.77463198 0.68779802
vt 0.82015598 0.68841201
vt 0.82236201 0.68898499
vt 0.82390100 0.68976903
vt 0.82480001 0.69066602
vt 0.82505798 0.69167501
vt 0.82445502 0.80978602
vt 0.82420701 0.81085098
vt 0.82332200 0.81177598
vt 0.82174498 0.81266201
vt 0.81945002 0.81335503
vt 0.82784998 0.68875903
vt 0.82480001 0.69066602
vt 0.82390100 0.68976903
vt 0.82700902 0.68718600
vt 0.82854801 0.68984199
vt 0.82505798 0.69167501
vt 0.82480001 0.69066602
vt 0.82784998 0.68875903
vt 0.82854801 0.68984199
vt 0.82809198 0.81176198
vt 0.82445502 0.80978602
vt 0.82505798 0.69167501
vt 0.83049500 0.68787599
vt 0.83012903 0.81388003
vt 0.82809198 0.81176198
vt 0.82854801 0.68984199
vt 0.82927102 0.68648201
vt 0.83049500 0.68787599
vt 0.82854801 0.68984199
vt 0.82784998 0.68875903
vt 0.83012903 0.81388003
vt 0.82878500 0.81531900
vt 0.82734799 0.81289101
vt 0.82809198 0.81176198
vt 0.82445502 0.80978602
vt 0.82809198 0.81176198
vt 0.82734799 0.81289101
vt 0.82420701 0.81085098
vt 0.82420701 0.81085098
vt 0.82734799 0.81289101
vt 0.82643998 0.81453300
vt 0.82332200 0.81177598
vt 0.82878500 0.81531900
vt 0.82704997 0.81698102
vt 0.82643998 0.81453300
vt 0.82734799 0.81289101
vt 0.82704997 0.81698102
vt 0.82472402 0.81847298
vt 0.82455301 0.81662399
vt 0.82643998 0.81453300
vt 0.82332200 0.81177598
vt 0.82643998 0.81453300
vt 0.82455301 0.81662399
vt 0.82174498 0.81266201
vt 0.82472402 0.81847298
vt 0.82191700 0.81954998
vt 0.82174098 0.81825602
vt 0.82455301 0.81662399
vt 0.82174498 0.81266201
vt 0.82455301 0.81662399
vt 0.82174098 0.81825602
vt 0.81945002 0.81335503
vt 0.82174098 0.81825602
vt 0.77222002 0.81904203
vt 0.77435499 0.81390399
vt 0.81945002 0.81335503
vt 0.76932800 0.81747001
vt 0.77204102 0.81332701
vt 0.77435499 0.81390399
vt 0.77222002 0.81904203
vt 0.77207398 0.82036698
vt 0.76917702 0.81934500
vt 0.76932800 0.81747001
vt 0.77222002 0.81904203
vt 0.82191700 0.81954998
vt 0.77207398 0.82036698
vt 0.77222002 0.81904203
vt 0.82174098 0.81825602
vt 0.76917702 0.81934500
vt 0.76678902 0.81782001
vt 0.76741302 0.81533200
vt 0.76932800 0.81747001
vt 0.76678902 0.81782001
vt 0.76507002 0.81610900
vt 0.76648498 0.81368798
vt 0.76741302 0.81533200
vt 0.76648498 0.81368798
vt 0.76960498 0.81175900
vt 0.77050698 0.81259501
vt 0.76741302 0.81533200
vt 0.76741302 0.81533200
vt 0.77050698 0.81259501
vt 0.77204102 0.81332701
vt 0.76932800 0.81747001
vt 0.76575899 0.81259698
vt 0.76931500 0.81075400
vt 0.76960498 0.81175900
vt 0.76648498 0.81368798
vt 0.76575899 0.81259698
vt 0.76584500 0.68926901
vt 0.76948702 0.69124502
vt 0.76931500 0.81075400
vt 0.76507002 0.81610900
vt 0.76377398 0.81467199
vt 0.76575899 0.81259698
vt 0.76648498 0.81368798
vt 0.76377398 0.81467199
vt 0.76377302 0.68715203
vt 0.76584500 0.68926901
vt 0.76575899 0.81259698
vt 0.76377302 0.68715203
vt 0.76510799 0.68568099
vt 0.76659000 0.68813097
vt 0.76584500 0.68926901
vt 0.76510799 0.68568099
vt 0.76684999 0.68393397
vt 0.76750201 0.68647701
vt 0.76659000 0.68813097
vt 0.76684999 0.68393397
vt 0.76926398 0.68235099
vt 0.76944101 0.68426502
vt 0.76750201 0.68647701
vt 0.76944101 0.68426502
vt 0.77227199 0.68845099
vt 0.77069801 0.68924999
vt 0.76750201 0.68647701
vt 0.76750201 0.68647701
vt 0.77069801 0.68924999
vt 0.76976198 0.69018197
vt 0.76659000 0.68813097
vt 0.77237201 0.68261600
vt 0.77463198 0.68779802
vt 0.77227199 0.68845099
vt 0.76944101 0.68426502
vt 0.77237201 0.68261600
vt 0.82240897 0.68335599
vt 0.82015598 0.68841201
vt 0.77463198 0.68779802
vt 0.76659000 0.68813097
vt 0.76976198 0.69018197
vt 0.76948702 0.69124502
vt 0.76584500 0.68926901
vt 0.82767898 0.68480402
vt 0.82927102 0.68648201
vt 0.82784998 0.68875903
vt 0.82700902 0.68718600
f 2/1 105/2 3/3
f 2/1 3/3 1/4
f 1/5 5/6 7/7
f 1/5 7/7 2/8
f 1/9 3/10 94/11
f 1/9 94/11 4/12
f 4/13 8/14 5/15
f 4/13 5/15 1/16
f 5/17 6/18 149/19
f 5/17 149/19 7/20
f 9/21 6/22 5/23
f 9/21 5/23 8/24
f 10/25 11/26 9/27
f 10/25 9/27 8/28
f 12/29 10/30 8/31
f 12/29 8/31 4/32
f 16/33 11/34 10/35
f 16/33 10/35 13/36
f 14/37 13/38 10/39
f 14/37 10/39 12/40
f 13/41 14/42 100/43
f 13/41 100/43 15/44
f 17/45 16/46 13/47
f 17/45 13/47 15/48
f 11/49 16/50 18/51
f 11/49 18/51 19/52
f 18/53 16/54 17/55
f 18/53 17/55 20/56
f 19/57 18/58 21/59
f 19/57 21/59 22/60
f 18/61 20/62 23/63
f 18/61 23/63 21/64
f 22/65 21/66 24/67
f 22/65 24/67 25/68
f 21/69 23/70 26/71
f 21/69 26/71 24/72
f 24/73 27/74 29/75
f 24/73 29/75 25/76
f 28/77 27/78 24/79
f 28/77 24/79 26/80
f 27/81 28/82 33/83
f 27/81 33/83 30/84
f 29/85 27/86 30/87
f 29/85 30/87 32/88
f 31/89 136/90 32/91
f 31/89 32/91 30/92
f 34/93 31/94 30/95
f 34/93 30/95 33/96
f 36/97 34/98 33/99
f 36/97 33/99 35/100
f 28/101 37/102 35/103
f 28/101 35/103 33/104
f 39/105 36/106 35/107
f 39/105 35/107 38/108
f 37/109 41/110 38/111
f 37/109 38/111 35/112
f 40/113 168/114 39/115
f 40/113 39/115 38/116
f 40/117 38/118 41/119
f 40/117 41/119 43/120
f 41/121 37/122 42/123
f 41/124 42/125 45/126
f 41/124 45/126 43/127
f 167/128 40/129 43/130
f 167/128 43/130 44/131
f 45/132 46/133 44/134
f 45/132 44/134 43/135
f 20/136 46/137 45/138
f 20/136 45/138 23/139
f 23/140 45/141 42/142
f 23/140 42/142 26/143
f 49/144 44/145 46/146
f 49/144 46/146 47/147
f 17/148 47/149 46/150
f 17/148 46/150 20/151
f 48/152 47/153 17/154
f 48/152 17/154 15/155
f 48/156 51/157 49/158
f 48/156 49/158 47/159
f 44/160 49/161 50/162
f 44/160 50/162 167/163
f 49/164 51/165 52/166
f 49/164 52/166 50/167
f 53/168 55/169 52/170
f 53/168 52/170 51/171
f 48/172 54/173 53/174
f 48/172 53/174 51/175
f 56/176 53/177 54/178
f 56/176 54/178 57/179
f 53/180 56/181 59/182
f 53/180 59/182 55/183
f 101/184 58/185 56/186
f 101/184 56/186 57/187
f 59/188 56/189 58/190
f 59/188 58/190 61/191
f 60/192 163/193 55/194
f 60/192 55/194 59/195
f 60/196 59/197 61/198
f 60/196 61/198 62/199
f 61/200 58/201 66/202
f 61/200 66/202 63/203
f 62/204 61/205 63/206
f 62/204 63/206 64/207
f 162/208 64/209 63/210
f 162/208 63/210 65/211
f 66/212 68/213 65/214
f 66/212 65/214 63/215
f 67/216 68/217 66/218
f 67/219 66/220 58/221
f 67/219 58/221 101/222
f 69/223 68/224 67/225
f 69/223 67/225 70/226
f 68/227 69/228 72/229
f 68/227 72/229 65/230
f 102/231 71/232 69/233
f 102/231 69/233 70/234
f 69/235 71/236 74/237
f 69/235 74/237 72/238
f 76/239 73/240 72/241
f 76/239 72/241 74/242
f 73/243 162/244 65/245
f 73/243 65/245 72/246
f 77/247 76/248 74/249
f 77/247 74/249 75/250
f 71/251 104/252 75/253
f 71/251 75/253 74/254
f 78/255 77/256 75/257
f 78/255 75/257 79/258
f 80/259 78/260 79/261
f 80/259 79/261 82/262
f 81/263 80/264 82/265
f 81/263 82/265 83/266
f 85/267 84/268 82/269
f 85/267 82/269 79/270
f 84/271 86/272 83/273
f 84/271 83/273 82/274
f 84/275 85/276 88/277
f 84/275 88/277 87/278
f 89/279 86/280 84/281
f 89/279 84/281 87/282
f 92/283 90/284 87/285
f 92/283 87/285 88/286
f 90/287 91/288 89/289
f 90/287 89/289 87/290
f 3/291 105/292 91/293
f 3/291 91/293 90/294
f 94/295 3/296 90/297
f 94/295 90/297 92/298
f 93/299 92/300 88/301
f 93/299 88/301 103/302
f 95/303 94/304 92/305
f 95/303 92/305 93/306
f 4/307 94/308 95/309
f 4/307 95/309 12/310
f 95/311 96/312 14/313
f 95/311 14/313 12/314
f 96/315 95/316 93/317
f 96/315 93/317 97/318
f 14/319 96/320 98/321
f 14/319 98/321 100/322
f 98/323 96/324 97/325
f 98/323 97/325 99/326
f 98/327 57/328 54/329
f 98/327 54/329 100/330
f 57/331 98/332 99/333
f 57/331 99/333 101/334
f 54/335 48/336 15/337
f 54/335 15/337 100/338
f 99/339 97/340 102/341
f 99/339 102/341 70/342
f 101/343 99/344 70/345
f 101/343 70/345 67/346
f 97/347 93/348 103/349
f 97/347 103/349 102/350
f 104/351 71/352 102/353
f 104/351 102/353 103/354
f 88/355 85/356 104/357
f 88/355 104/357 103/358
f 104/359 85/360 79/361
f 104/359 79/361 75/362
f 105/363 109/364 106/365
f 105/363 106/365 91/366
f 91/367 106/368 108/369
f 91/367 108/369 89/370
f 107/371 106/372 109/373
f 107/371 109/373 111/374
f 107/375 161/376 108/377
f 107/375 108/377 106/378
f 110/379 109/380 105/381
f 110/379 105/381 2/382
f 113/383 111/384 109/385
f 113/383 109/385 110/386
f 112/387 159/388 107/389
f 112/387 107/389 111/390
f 111/391 113/392 114/393
f 111/391 114/393 112/394
f 113/395 115/396 117/397
f 113/395 117/397 114/398
f 115/399 113/400 110/401
f 115/399 110/401 116/402
f 118/403 115/404 116/405
f 118/403 116/405 119/406
f 118/407 121/408 117/409
f 118/407 117/409 115/410
f 119/411 150/412 120/413
f 119/411 120/413 118/414
f 118/415 120/416 122/417
f 118/415 122/417 121/418
f 125/419 123/420 121/421
f 125/419 121/421 122/422
f 123/423 124/424 117/425
f 123/423 117/425 121/426
f 127/427 126/428 125/429
f 127/427 125/429 122/430
f 129/431 128/432 126/433
f 129/431 126/433 127/434
f 130/435 128/436 129/437
f 130/435 129/437 131/438
f 132/439 130/440 131/441
f 132/439 131/441 133/442
f 134/443 132/444 133/445
f 134/443 133/445 135/446
f 136/447 134/448 135/449
f 136/447 135/449 32/450
f 139/451 137/452 135/453
f 139/451 135/453 133/454
f 137/455 29/456 32/457
f 137/455 32/457 135/458
f 29/459 137/460 138/461
f 29/459 138/461 25/462
f 141/463 138/464 137/465
f 141/463 137/465 139/466
f 140/467 139/468 133/469
f 140/467 133/469 131/470
f 139/471 140/472 142/473
f 139/471 142/473 141/474
f 143/475 145/476 138/477
f 143/475 138/477 141/478
f 144/479 143/480 141/481
f 144/479 141/481 142/482
f 148/483 146/484 143/485
f 148/483 143/485 144/486
f 146/487 147/488 145/489
f 146/487 145/489 143/490
f 6/491 9/492 147/493
f 6/491 147/493 146/494
f 148/495 149/496 6/497
f 148/495 6/497 146/498
f 150/499 119/500 149/501
f 150/499 149/501 148/502
f 150/503 148/504 144/505
f 150/503 144/505 151/506
f 151/507 153/508 120/509
f 151/507 120/509 150/510
f 152/511 154/512 153/513
f 152/511 153/513 151/514
f 151/515 144/516 142/517
f 151/515 142/517 152/518
f 129/519 127/520 153/521
f 129/519 153/521 154/522
f 127/523 122/524 120/525
f 127/523 120/525 153/526
f 154/527 140/528 131/529
f 154/527 131/529 129/530
f 142/531 140/532 154/533
f 142/531 154/533 152/534
f 149/535 119/536 116/537
f 149/535 116/537 7/538
f 147/539 9/540 11/541
f 147/539 11/541 19/542
f 147/543 19/544 22/545
f 147/543 22/545 145/546
f 145/547 22/548 25/549
f 145/547 25/549 138/550
f 155/551 114/552 117/553
f 155/551 117/553 124/554
f 155/555 156/556 112/557
f 155/555 112/557 114/558
f 112/559 156/560 157/561
f 112/559 157/561 159/562
f 159/563 157/564 158/565
f 159/563 158/565 160/566
f 159/567 160/568 161/569
f 159/567 161/569 107/570
f 158/571 81/572 83/573
f 158/571 83/573 160/574
f 86/575 161/576 160/577
f 86/575 160/577 83/578
f 161/579 86/580 89/581
f 161/579 89/581 108/582
f 2/583 7/584 116/585
f 2/583 116/585 110/586
f 163/587 164/588 52/589
f 163/587 52/589 55/590
f 165/591 50/592 52/593
f 165/591 52/593 164/594
f 165/595 166/596 167/597
f 165/595 167/597 50/598
f 167/599 166/600 168/601
f 167/599 168/601 40/602
f 42/603 37/604 28/605
f 42/603 28/605 26/606
f 617/2143 616/2144 618/2145
f 617/2143 618/2145 670/2146
f 616/2147 619/2148 620/2149
f 616/2147 620/2149 618/2150
f 619/2151 621/2152 623/2153
f 619/2151 623/2153 620/2154
f 621/2155 622/2156 625/2157
f 621/2155 625/2157 623/2158
f 623/2159 624/2160 674/2161
f 623/2159 674/2161 620/2162
f 625/2163 627/2164 624/2165
f 625/2163 624/2165 623/2166
f 622/2167 638/2168 626/2169
f 622/2167 626/2169 625/2170
f 626/2171 628/2172 627/2173
f 626/2171 627/2173 625/2174
f 649/2175 650/2176 651/2177
f 649/2175 651/2177 659/2178
f 649/2175 659/2178 660/2179
f 649/2175 660/2179 661/2180
f 649/2175 661/2180 662/2181
f 649/2175 662/2181 671/2182
f 649/2175 671/2182 672/2183
f 649/2175 672/2183 673/2184
f 649/2175 673/2184 674/2185
f 649/2175 674/2185 624/2186
f 649/2175 624/2186 627/2187
f 649/2175 627/2187 628/2188
f 649/2175 628/2188 629/2189
f 649/2175 629/2189 631/2190
f 649/2175 631/2190 632/2191
f 649/2175 632/2191 642/2192
f 649/2175 642/2192 644/2193
f 649/2175 644/2193 648/2194
f 630/2195 629/2196 628/2197
f 630/2195 628/2197 626/2198
f 630/2199 633/2200 631/2201
f 630/2199 631/2201 629/2202
f 631/2203 633/2204 634/2205
f 631/2203 634/2205 632/2206
f 637/2207 635/2208 633/2209
f 637/2207 633/2209 630/2210
f 635/2211 636/2212 634/2213
f 635/2211 634/2213 633/2214
f 638/2215 637/2216 630/2217
f 638/2215 630/2217 626/2218
f 636/2219 639/2220 641/2221
f 636/2219 641/2221 634/2222
f 639/2223 640/2224 643/2225
f 639/2223 643/2225 641/2226
f 642/2227 641/2228 643/2229
f 642/2227 643/2229 644/2230
f 632/2231 634/2232 641/2233
f 632/2231 641/2233 642/2234
f 644/2235 643/2236 645/2237
f 644/2235 645/2237 648/2238
f 640/2239 647/2240 645/2241
f 640/2239 645/2241 643/2242
f 647/2243 675/2244 646/2245
f 647/2243 646/2245 645/2246
f 645/2247 646/2248 649/2249
f 645/2247 649/2249 648/2250
f 652/2251 650/2252 649/2253
f 652/2251 649/2253 646/2254
f 654/2255 651/2256 650/2257
f 654/2255 650/2257 652/2258
f 675/2259 653/2260 652/2261
f 675/2259 652/2261 646/2262
f 653/2263 655/2264 654/2265
f 653/2263 654/2265 652/2266
f 655/2267 657/2268 656/2269
f 655/2267 656/2269 654/2270
f 656/2271 659/2272 651/2273
f 656/2271 651/2273 654/2274
f 657/2275 667/2276 658/2277
f 657/2275 658/2277 656/2278
f 658/2279 660/2280 659/2281
f 658/2279 659/2281 656/2282
f 658/2283 663/2284 661/2285
f 658/2283 661/2285 660/2286
f 664/2287 662/2288 661/2289
f 664/2287 661/2289 663/2290
f 665/2291 666/2292 664/2293
f 665/2291 664/2293 663/2294
f 667/2295 665/2296 663/2297
f 667/2295 663/2297 658/2298
f 666/2299 668/2300 669/2301
f 666/2299 669/2301 664/2302
f 668/2303 617/2304 670/2305
f 668/2303 670/2305 669/2306
f 669/2307 671/2308 662/2309
f 669/2307 662/2309 664/2310
f 670/2311 672/2312 671/2313
f 670/2311 671/2313 669/2314
f 618/2315 673/2316 672/2317
f 618/2315 672/2317 670/2318
f 618/2319 620/2320 674/2321
f 618/2319 674/2321 673/2322
f 1993/2323 1992/2324 1994/2325
f 1993/2323 1994/2325 2047/2326
f 1992/2327 1995/2328 1996/2329
f 1992/2327 1996/2329 1994/2330
f 1995/2331 1997/2332 1999/2333
f 1995/2331 1999/2333 1996/2334
f 1997/2335 1998/2336 2001/2337
f 1997/2335 2001/2337 1999/2338
f 2050/2339 1996/2340 1999/2341
f 2050/2339 1999/2341 2000/2342
f 2000/2343 1999/2344 2001/2345
f 2000/2343 2001/2345 2002/2346
f 1998/2347 2005/2348 2003/2349
f 1998/2347 2003/2349 2001/2350
f 2002/2351 2001/2352 2003/2353
f 2002/2351 2003/2353 2006/2354
f 2005/2355 2051/2356 2004/2357
f 2005/2355 2004/2357 2003/2358
f 2006/2359 2003/2360 2004/2361
f 2006/2359 2004/2361 2007/2362
f 2050/2363 2000/2364 2002/2365
f 2050/2363 2002/2365 2006/2366
f 2050/2363 2006/2366 2007/2367
f 2050/2363 2007/2367 2008/2368
f 2050/2363 2008/2368 2009/2369
f 2050/2363 2009/2369 2022/2370
f 2050/2363 2022/2370 2020/2371
f 2050/2363 2020/2371 2021/2372
f 2050/2363 2021/2372 2023/2373
f 2050/2363 2023/2373 2024/2374
f 2050/2363 2024/2374 2037/2375
f 2050/2363 2037/2375 2035/2376
f 2050/2363 2035/2376 2036/2377
f 2050/2363 2036/2377 2038/2378
f 2050/2363 2038/2378 2040/2379
f 2050/2363 2040/2379 2041/2380
f 2050/2363 2041/2380 2048/2381
f 2050/2363 2048/2381 2049/2382
f 2004/2383 2010/2384 2008/2385
f 2004/2383 2008/2385 2007/2386
f 2012/2387 2009/2388 2008/2389
f 2012/2387 2008/2389 2010/2390
f 2051/2391 2011/2392 2010/2393
f 2051/2391 2010/2393 2004/2394
f 2011/2395 2014/2396 2012/2397
f 2011/2395 2012/2397 2010/2398
f 2013/2399 2022/2400 2009/2401
f 2013/2399 2009/2401 2012/2402
f 2014/2403 2015/2404 2013/2405
f 2014/2403 2013/2405 2012/2406
f 2015/2407 2016/2408 2018/2409
f 2015/2407 2018/2409 2013/2410
f 2016/2411 2017/2412 2019/2413
f 2016/2411 2019/2413 2018/2414
f 2019/2415 2021/2416 2020/2417
f 2019/2415 2020/2417 2018/2418
f 2018/2419 2020/2420 2022/2421
f 2018/2419 2022/2421 2013/2422
f 2019/2423 2025/2424 2023/2425
f 2019/2423 2023/2425 2021/2426
f 2023/2427 2025/2428 2027/2429
f 2023/2427 2027/2429 2024/2430
f 2017/2431 2026/2432 2025/2433
f 2017/2431 2025/2433 2019/2434
f 2026/2435 2029/2436 2027/2437
f 2026/2435 2027/2437 2025/2438
f 2029/2439 2030/2440 2028/2441
f 2029/2439 2028/2441 2027/2442
f 2024/2443 2027/2444 2028/2445
f 2024/2443 2028/2445 2037/2446
f 2030/2447 2031/2448 2033/2449
f 2030/2447 2033/2449 2028/2450
f 2031/2451 2032/2452 2034/2453
f 2031/2451 2034/2453 2033/2454
f 2037/2455 2028/2456 2033/2457
f 2037/2455 2033/2457 2035/2458
f 2035/2459 2033/2460 2034/2461
f 2035/2459 2034/2461 2036/2462
f 2034/2463 2039/2464 2038/2465
f 2034/2463 2038/2465 2036/2466
f 2042/2467 2040/2468 2038/2469
f 2042/2467 2038/2469 2039/2470
f 2043/2471 2041/2472 2040/2473
f 2043/2471 2040/2473 2042/2474
f 2044/2475 2046/2476 2043/2477
f 2044/2475 2043/2477 2042/2478
f 2045/2479 2044/2480 2042/2481
f 2045/2479 2042/2481 2039/2482
f 2046/2483 1993/2484 2047/2485
f 2046/2483 2047/2485 2043/2486
f 2032/2487 2045/2488 2039/2489
f 2032/2487 2039/2489 2034/2490
f 2047/2491 2048/2492 2041/2493
f 2047/2491 2041/2493 2043/2494
f 1994/2495 2049/2496 2048/2497
f 1994/2495 2048/2497 2047/2498
f 1994/2499 1996/2500 2050/2501
f 1994/2499 2050/2501 2049/2502
f 2181/8007 2180/8008 2182/8009
f 2181/8007 2182/8009 2234/8010
f 2180/8011 2183/8012 2184/8013
f 2180/8011 2184/8013 2182/8014
f 2183/8015 2185/8016 2187/8017
f 2183/8015 2187/8017 2184/8018
f 2185/8019 2186/8020 2188/8021
f 2185/8019 2188/8021 2187/8022
f 2188/8023 2191/8024 2189/8025
f 2188/8023 2189/8025 2187/8026
f 2187/8027 2189/8028 2190/8029
f 2187/8027 2190/8029 2184/8030
f 2211/8031 2212/8032 2222/8033
f 2211/8031 2222/8033 2223/8034
f 2211/8031 2223/8034 2224/8035
f 2211/8031 2224/8035 2225/8036
f 2211/8031 2225/8036 2236/8037
f 2211/8031 2236/8037 2235/8038
f 2211/8031 2235/8038 2237/8039
f 2211/8031 2237/8039 2238/8040
f 2211/8031 2238/8040 2190/8041
f 2211/8031 2190/8041 2189/8042
f 2211/8031 2189/8042 2191/8043
f 2211/8031 2191/8043 2192/8044
f 2211/8031 2192/8044 2194/8045
f 2211/8031 2194/8045 2195/8046
f 2211/8031 2195/8046 2201/8047
f 2211/8031 2201/8047 2205/8048
f 2211/8031 2205/8048 2209/8049
f 2211/8031 2209/8049 2210/8050
f 2193/8051 2192/8052 2191/8053
f 2193/8051 2191/8053 2188/8054
f 2196/8055 2194/8056 2192/8057
f 2196/8055 2192/8057 2193/8058
f 2196/8059 2198/8060 2195/8061
f 2196/8059 2195/8061 2194/8062
f 2239/8063 2197/8064 2196/8065
f 2239/8063 2196/8065 2193/8066
f 2197/8067 2199/8068 2198/8069
f 2197/8067 2198/8069 2196/8070
f 2199/8071 2202/8072 2200/8073
f 2199/8071 2200/8073 2198/8074
f 2195/8075 2198/8076 2200/8077
f 2195/8075 2200/8077 2201/8078
f 2201/8079 2200/8080 2203/8081
f 2201/8079 2203/8081 2205/8082
f 2202/8083 2204/8084 2203/8085
f 2202/8083 2203/8085 2200/8086
f 2204/8087 2208/8088 2206/8089
f 2204/8087 2206/8089 2203/8090
f 2205/8091 2203/8092 2206/8093
f 2205/8091 2206/8093 2209/8094
f 2209/8095 2206/8096 2207/8097
f 2209/8095 2207/8097 2210/8098
f 2208/8099 2217/8100 2207/8101
f 2208/8099 2207/8101 2206/8102
f 2207/8103 2213/8104 2211/8105
f 2207/8103 2211/8105 2210/8106
f 2214/8107 2212/8108 2211/8109
f 2214/8107 2211/8109 2213/8110
f 2215/8111 2216/8112 2214/8113
f 2215/8111 2214/8113 2213/8114
f 2217/8115 2215/8116 2213/8117
f 2217/8115 2213/8117 2207/8118
f 2216/8119 2218/8120 2220/8121
f 2216/8119 2220/8121 2214/8122
f 2218/8123 2219/8124 2221/8125
f 2218/8123 2221/8125 2220/8126
f 2221/8127 2223/8128 2222/8129
f 2221/8127 2222/8129 2220/8130
f 2220/8131 2222/8132 2212/8133
f 2220/8131 2212/8133 2214/8134
f 2226/8135 2224/8136 2223/8137
f 2226/8135 2223/8137 2221/8138
f 2226/8139 2227/8140 2225/8141
f 2226/8139 2225/8141 2224/8142
f 2219/8143 2228/8144 2226/8145
f 2219/8143 2226/8145 2221/8146
f 2228/8147 2229/8148 2227/8149
f 2228/8147 2227/8149 2226/8150
f 2229/8151 2230/8152 2231/8153
f 2229/8151 2231/8153 2227/8154
f 2230/8155 2232/8156 2233/8157
f 2230/8155 2233/8157 2231/8158
f 2232/8159 2181/8160 2234/8161
f 2232/8159 2234/8161 2233/8162
f 2234/8163 2237/8164 2235/8165
f 2234/8163 2235/8165 2233/8166
f 2233/8167 2235/8168 2236/8169
f 2233/8167 2236/8169 2231/8170
f 2182/8171 2238/8172 2237/8173
f 2182/8171 2237/8173 2234/8174
f 2182/8175 2184/8176 2190/8177
f 2182/8175 2190/8177 2238/8178
f 2231/8179 2236/8180 2225/8181
f 2231/8179 2225/8181 2227/8182
f 2186/8183 2239/8184 2193/8185
f 2186/8183 2193/8185 2188/8186
f 3557/8187 3556/8188 3558/8189
f 3557/8187 3558/8189 3607/8190
f 3556/8191 3559/8192 3560/8193
f 3556/8191 3560/8193 3558/8194
f 3559/8195 3561/8196 3563/8197
f 3559/8195 3563/8197 3560/8198
f 3561/8199 3562/8200 3565/8201
f 3561/8199 3565/8201 3563/8202
f 3610/8203 3560/8204 3563/8205
f 3610/8203 3563/8205 3564/8206
f 3564/8207 3563/8208 3565/8209
f 3564/8207 3565/8209 3566/8210
f 3566/8211 3565/8212 3567/8213
f 3566/8211 3567/8213 3568/8214
f 3562/8215 3570/8216 3567/8217
f 3562/8215 3567/8217 3565/8218
f 3568/8219 3567/8220 3569/8221
f 3568/8219 3569/8221 3615/8222
f 3570/8223 3571/8224 3569/8225
f 3570/8223 3569/8225 3567/8226
f 3571/8227 3572/8228 3573/8229
f 3571/8227 3573/8229 3569/8230
f 3572/8231 3574/8232 3576/8233
f 3572/8231 3576/8233 3573/8234
f 3574/8235 3575/8236 3578/8237
f 3574/8235 3578/8237 3576/8238
f 3576/8239 3577/8240 3614/8241
f 3576/8239 3614/8241 3573/8242
f 3578/8243 3580/8244 3577/8245
f 3578/8243 3577/8245 3576/8246
f 3575/8247 3613/8248 3579/8249
f 3575/8247 3579/8249 3578/8250
f 3579/8251 3581/8252 3580/8253
f 3579/8251 3580/8253 3578/8254
f 3610/8255 3564/8256 3566/8257
f 3610/8255 3566/8257 3568/8258
f 3610/8255 3568/8258 3615/8259
f 3610/8255 3615/8259 3614/8260
f 3610/8255 3614/8260 3577/8261
f 3610/8255 3577/8261 3580/8262
f 3610/8255 3580/8262 3581/8263
f 3610/8255 3581/8263 3582/8264
f 3610/8255 3582/8264 3584/8265
f 3610/8255 3584/8265 3585/8266
f 3610/8255 3585/8266 3611/8267
f 3610/8255 3611/8267 3595/8268
f 3610/8255 3595/8268 3598/8269
f 3610/8255 3598/8269 3599/8270
f 3610/8255 3599/8270 3600/8271
f 3610/8255 3600/8271 3601/8272
f 3610/8255 3601/8272 3608/8273
f 3610/8255 3608/8273 3609/8274
f 3583/8275 3582/8276 3581/8277
f 3583/8275 3581/8277 3579/8278
f 3583/8279 3586/8280 3584/8281
f 3583/8279 3584/8281 3582/8282
f 3584/8283 3586/8284 3588/8285
f 3584/8283 3588/8285 3585/8286
f 3612/8287 3587/8288 3586/8289
f 3612/8287 3586/8289 3583/8290
f 3587/8291 3590/8292 3588/8293
f 3587/8291 3588/8293 3586/8294
f 3585/8295 3588/8296 3589/8297
f 3585/8295 3589/8297 3611/8298
f 3590/8299 3591/8300 3589/8301
f 3590/8299 3589/8301 3588/8302
f 3591/8303 3592/8304 3594/8305
f 3591/8303 3594/8305 3589/8306
f 3592/8307 3593/8308 3596/8309
f 3592/8307 3596/8309 3594/8310
f 3595/8311 3594/8312 3596/8313
f 3595/8311 3596/8313 3598/8314
f 3611/8315 3589/8316 3594/8317
f 3611/8315 3594/8317 3595/8318
f 3593/8319 3606/8320 3597/8321
f 3593/8319 3597/8321 3596/8322
f 3596/8323 3597/8324 3599/8325
f 3596/8323 3599/8325 3598/8326
f 3602/8327 3600/8328 3599/8329
f 3602/8327 3599/8329 3597/8330
f 3603/8331 3601/8332 3600/8333
f 3603/8331 3600/8333 3602/8334
f 3604/8335 3605/8336 3603/8337
f 3604/8335 3603/8337 3602/8338
f 3606/8339 3604/8340 3602/8341
f 3606/8339 3602/8341 3597/8342
f 3605/8343 3557/8344 3607/8345
f 3605/8343 3607/8345 3603/8346
f 3607/8347 3608/8348 3601/8349
f 3607/8347 3601/8349 3603/8350
f 3558/8351 3609/8352 3608/8353
f 3558/8351 3608/8353 3607/8354
f 3558/8355 3560/8356 3610/8357
f 3558/8355 3610/8357 3609/8358
f 3613/8359 3612/8360 3583/8361
f 3613/8359 3583/8361 3579/8362
f 3569/8363 3573/8364 3614/8365
f 3569/8363 3614/8365 3615/8366
f 3744/13871 3748/13872 3750/13873
f 3744/13871 3750/13873 3745/13874
f 3745/13875 3848/13876 3746/13877
f 3745/13875 3746/13877 3744/13878
f 3744/13879 3746/13880 3837/13881
f 3744/13879 3837/13881 3747/13882
f 3747/13883 3751/13884 3748/13885
f 3747/13883 3748/13885 3744/13886
f 3752/13887 3749/13888 3748/13889
f 3752/13887 3748/13889 3751/13890
f 3748/13891 3749/13892 3892/13893
f 3748/13891 3892/13893 3750/13894
f 3753/13895 3754/13896 3752/13897
f 3753/13895 3752/13897 3751/13898
f 3755/13899 3753/13900 3751/13901
f 3755/13899 3751/13901 3747/13902
f 3759/13903 3754/13904 3753/13905
f 3759/13903 3753/13905 3756/13906
f 3757/13907 3756/13908 3753/13909
f 3757/13907 3753/13909 3755/13910
f 3756/13911 3757/13912 3843/13913
f 3756/13911 3843/13913 3758/13914
f 3760/13915 3759/13916 3756/13917
f 3760/13915 3756/13917 3758/13918
f 3754/13919 3759/13920 3761/13921
f 3754/13919 3761/13921 3762/13922
f 3761/13923 3759/13924 3760/13925
f 3761/13923 3760/13925 3763/13926
f 3762/13927 3761/13928 3764/13929
f 3762/13927 3764/13929 3765/13930
f 3761/13931 3763/13932 3766/13933
f 3761/13931 3766/13933 3764/13934
f 3765/13935 3764/13936 3767/13937
f 3765/13935 3767/13937 3768/13938
f 3764/13939 3766/13940 3769/13941
f 3764/13939 3769/13941 3767/13942
f 3767/13943 3770/13944 3772/13945
f 3767/13943 3772/13945 3768/13946
f 3771/13947 3770/13948 3767/13949
f 3771/13947 3767/13949 3769/13950
f 3770/13951 3771/13952 3776/13953
f 3770/13951 3776/13953 3773/13954
f 3772/13955 3770/13956 3773/13957
f 3772/13955 3773/13957 3775/13958
f 3777/13959 3774/13960 3773/13961
f 3777/13959 3773/13961 3776/13962
f 3774/13963 3879/13964 3775/13965
f 3774/13963 3775/13965 3773/13966
f 3779/13967 3777/13968 3776/13969
f 3779/13967 3776/13969 3778/13970
f 3771/13971 3780/13972 3778/13973
f 3771/13971 3778/13973 3776/13974
f 3782/13975 3779/13976 3778/13977
f 3782/13975 3778/13977 3781/13978
f 3780/13979 3784/13980 3781/13981
f 3780/13979 3781/13981 3778/13982
f 3783/13983 3911/13984 3782/13985
f 3783/13983 3782/13985 3781/13986
f 3783/13987 3781/13988 3784/13989
f 3783/13987 3784/13989 3786/13990
f 3784/13991 3785/13992 3788/13993
f 3784/13991 3788/13993 3786/13994
f 3784/13995 3780/13996 3785/13997
f 3788/13998 3789/13999 3787/14000
f 3788/13998 3787/14000 3786/14001
f 3910/14002 3783/14003 3786/14004
f 3910/14002 3786/14004 3787/14005
f 3763/14006 3789/14007 3788/14008
f 3763/14006 3788/14008 3766/14009
f 3766/14010 3788/14011 3785/14012
f 3766/14010 3785/14012 3769/14013
f 3792/14014 3787/14015 3789/14016
f 3792/14014 3789/14016 3790/14017
f 3760/14018 3790/14019 3789/14020
f 3760/14018 3789/14020 3763/14021
f 3791/14022 3790/14023 3760/14024
f 3791/14022 3760/14024 3758/14025
f 3791/14026 3794/14027 3792/14028
f 3791/14026 3792/14028 3790/14029
f 3792/14030 3794/14031 3795/14032
f 3792/14030 3795/14032 3793/14033
f 3787/14034 3792/14035 3793/14036
f 3787/14034 3793/14036 3910/14037
f 3796/14038 3798/14039 3795/14040
f 3796/14038 3795/14040 3794/14041
f 3791/14042 3797/14043 3796/14044
f 3791/14042 3796/14044 3794/14045
f 3799/14046 3796/14047 3797/14048
f 3799/14046 3797/14048 3800/14049
f 3796/14050 3799/14051 3802/14052
f 3796/14050 3802/14052 3798/14053
f 3844/14054 3801/14055 3799/14056
f 3844/14054 3799/14056 3800/14057
f 3802/14058 3799/14059 3801/14060
f 3802/14058 3801/14060 3804/14061
f 3803/14062 3906/14063 3798/14064
f 3803/14062 3798/14064 3802/14065
f 3803/14066 3802/14067 3804/14068
f 3803/14066 3804/14068 3805/14069
f 3804/14070 3801/14071 3809/14072
f 3804/14070 3809/14072 3806/14073
f 3805/14074 3804/14075 3806/14076
f 3805/14074 3806/14076 3807/14077
f 3905/14078 3807/14079 3806/14080
f 3905/14078 3806/14080 3808/14081
f 3809/14082 3811/14083 3808/14084
f 3809/14082 3808/14084 3806/14085
f 3810/14086 3809/14087 3801/14088
f 3810/14086 3801/14088 3844/14089
f 3810/14090 3811/14091 3809/14092
f 3811/14093 3812/14094 3815/14095
f 3811/14093 3815/14095 3808/14096
f 3812/14097 3811/14098 3810/14099
f 3812/14097 3810/14099 3813/14100
f 3845/14101 3814/14102 3812/14103
f 3845/14101 3812/14103 3813/14104
f 3812/14105 3814/14106 3817/14107
f 3812/14105 3817/14107 3815/14108
f 3816/14109 3905/14110 3808/14111
f 3816/14109 3808/14111 3815/14112
f 3819/14113 3816/14114 3815/14115
f 3819/14113 3815/14115 3817/14116
f 3814/14117 3847/14118 3818/14119
f 3814/14117 3818/14119 3817/14120
f 3820/14121 3819/14122 3817/14123
f 3820/14121 3817/14123 3818/14124
f 3821/14125 3820/14126 3818/14127
f 3821/14125 3818/14127 3822/14128
f 3823/14129 3821/14130 3822/14131
f 3823/14129 3822/14131 3825/14132
f 3824/14133 3823/14134 3825/14135
f 3824/14133 3825/14135 3826/14136
f 3828/14137 3827/14138 3825/14139
f 3828/14137 3825/14139 3822/14140
f 3827/14141 3829/14142 3826/14143
f 3827/14141 3826/14143 3825/14144
f 3827/14145 3828/14146 3831/14147
f 3827/14145 3831/14147 3830/14148
f 3832/14149 3829/14150 3827/14151
f 3832/14149 3827/14151 3830/14152
f 3835/14153 3833/14154 3830/14155
f 3835/14153 3830/14155 3831/14156
f 3833/14157 3834/14158 3832/14159
f 3833/14157 3832/14159 3830/14160
f 3746/14161 3848/14162 3834/14163
f 3746/14161 3834/14163 3833/14164
f 3837/14165 3746/14166 3833/14167
f 3837/14165 3833/14167 3835/14168
f 3836/14169 3835/14170 3831/14171
f 3836/14169 3831/14171 3846/14172
f 3838/14173 3837/14174 3835/14175
f 3838/14173 3835/14175 3836/14176
f 3747/14177 3837/14178 3838/14179
f 3747/14177 3838/14179 3755/14180
f 3839/14181 3838/14182 3836/14183
f 3839/14181 3836/14183 3840/14184
f 3838/14185 3839/14186 3757/14187
f 3838/14185 3757/14187 3755/14188
f 3757/14189 3839/14190 3841/14191
f 3757/14189 3841/14191 3843/14192
f 3841/14193 3839/14194 3840/14195
f 3841/14193 3840/14195 3842/14196
f 3800/14197 3841/14198 3842/14199
f 3800/14197 3842/14199 3844/14200
f 3841/14201 3800/14202 3797/14203
f 3841/14201 3797/14203 3843/14204
f 3797/14205 3791/14206 3758/14207
f 3797/14205 3758/14207 3843/14208
f 3842/14209 3840/14210 3845/14211
f 3842/14209 3845/14211 3813/14212
f 3844/14213 3842/14214 3813/14215
f 3844/14213 3813/14215 3810/14216
f 3840/14217 3836/14218 3846/14219
f 3840/14217 3846/14219 3845/14220
f 3847/14221 3814/14222 3845/14223
f 3847/14221 3845/14223 3846/14224
f 3831/14225 3828/14226 3847/14227
f 3831/14225 3847/14227 3846/14228
f 3847/14229 3828/14230 3822/14231
f 3847/14229 3822/14231 3818/14232
f 3848/14233 3852/14234 3849/14235
f 3848/14233 3849/14235 3834/14236
f 3834/14237 3849/14238 3851/14239
f 3834/14237 3851/14239 3832/14240
f 3850/14241 3904/14242 3851/14243
f 3850/14241 3851/14243 3849/14244
f 3850/14245 3849/14246 3852/14247
f 3850/14245 3852/14247 3854/14248
f 3856/14249 3854/14250 3852/14251
f 3856/14249 3852/14251 3853/14252
f 3853/14253 3852/14254 3848/14255
f 3853/14253 3848/14255 3745/14256
f 3854/14257 3856/14258 3857/14259
f 3854/14257 3857/14259 3855/14260
f 3855/14261 3902/14262 3850/14263
f 3855/14261 3850/14263 3854/14264
f 3856/14265 3858/14266 3860/14267
f 3856/14265 3860/14267 3857/14268
f 3858/14269 3856/14270 3853/14271
f 3858/14269 3853/14271 3859/14272
f 3861/14273 3858/14274 3859/14275
f 3861/14273 3859/14275 3862/14276
f 3861/14277 3864/14278 3860/14279
f 3861/14277 3860/14279 3858/14280
f 3862/14281 3893/14282 3863/14283
f 3862/14281 3863/14283 3861/14284
f 3861/14285 3863/14286 3865/14287
f 3861/14285 3865/14287 3864/14288
f 3868/14289 3866/14290 3864/14291
f 3868/14289 3864/14291 3865/14292
f 3866/14293 3867/14294 3860/14295
f 3866/14293 3860/14295 3864/14296
f 3870/14297 3869/14298 3868/14299
f 3870/14297 3868/14299 3865/14300
f 3872/14301 3871/14302 3869/14303
f 3872/14301 3869/14303 3870/14304
f 3873/14305 3871/14306 3872/14307
f 3873/14305 3872/14307 3874/14308
f 3875/14309 3873/14310 3874/14311
f 3875/14309 3874/14311 3876/14312
f 3877/14313 3875/14314 3876/14315
f 3877/14313 3876/14315 3878/14316
f 3879/14317 3877/14318 3878/14319
f 3879/14317 3878/14319 3775/14320
f 3882/14321 3880/14322 3878/14323
f 3882/14321 3878/14323 3876/14324
f 3880/14325 3772/14326 3775/14327
f 3880/14325 3775/14327 3878/14328
f 3772/14329 3880/14330 3881/14331
f 3772/14329 3881/14331 3768/14332
f 3884/14333 3881/14334 3880/14335
f 3884/14333 3880/14335 3882/14336
f 3883/14337 3882/14338 3876/14339
f 3883/14337 3876/14339 3874/14340
f 3882/14341 3883/14342 3885/14343
f 3882/14341 3885/14343 3884/14344
f 3886/14345 3888/14346 3881/14347
f 3886/14345 3881/14347 3884/14348
f 3887/14349 3886/14350 3884/14351
f 3887/14349 3884/14351 3885/14352
f 3891/14353 3889/14354 3886/14355
f 3891/14353 3886/14355 3887/14356
f 3889/14357 3890/14358 3888/14359
f 3889/14357 3888/14359 3886/14360
f 3891/14361 3892/14362 3749/14363
f 3891/14361 3749/14363 3889/14364
f 3749/14365 3752/14366 3890/14367
f 3749/14365 3890/14367 3889/14368
f 3893/14369 3862/14370 3892/14371
f 3893/14369 3892/14371 3891/14372
f 3893/14373 3891/14374 3887/14375
f 3893/14373 3887/14375 3894/14376
f 3894/14377 3896/14378 3863/14379
f 3894/14377 3863/14379 3893/14380
f 3894/14381 3887/14382 3885/14383
f 3894/14381 3885/14383 3895/14384
f 3895/14385 3897/14386 3896/14387
f 3895/14385 3896/14387 3894/14388
f 3870/14389 3865/14390 3863/14391
f 3870/14389 3863/14391 3896/14392
f 3872/14393 3870/14394 3896/14395
f 3872/14393 3896/14395 3897/14396
f 3897/14397 3883/14398 3874/14399
f 3897/14397 3874/14399 3872/14400
f 3885/14401 3883/14402 3897/14403
f 3885/14401 3897/14403 3895/14404
f 3892/14405 3862/14406 3859/14407
f 3892/14405 3859/14407 3750/14408
f 3890/14409 3762/14410 3765/14411
f 3890/14409 3765/14411 3888/14412
f 3890/14413 3752/14414 3754/14415
f 3890/14413 3754/14415 3762/14416
f 3888/14417 3765/14418 3768/14419
f 3888/14417 3768/14419 3881/14420
f 3898/14421 3857/14422 3860/14423
f 3898/14421 3860/14423 3867/14424
f 3898/14425 3899/14426 3855/14427
f 3898/14425 3855/14427 3857/14428
f 3855/14429 3899/14430 3900/14431
f 3855/14429 3900/14431 3902/14432
f 3902/14433 3900/14434 3901/14435
f 3902/14433 3901/14435 3903/14436
f 3902/14437 3903/14438 3904/14439
f 3902/14437 3904/14439 3850/14440
f 3901/14441 3824/14442 3826/14443
f 3901/14441 3826/14443 3903/14444
f 3829/14445 3904/14446 3903/14447
f 3829/14445 3903/14447 3826/14448
f 3904/14449 3829/14450 3832/14451
f 3904/14449 3832/14451 3851/14452
f 3745/14453 3750/14454 3859/14455
f 3745/14453 3859/14455 3853/14456
f 3906/14457 3907/14458 3795/14459
f 3906/14457 3795/14459 3798/14460
f 3908/14461 3793/14462 3795/14463
f 3908/14461 3795/14463 3907/14464
f 3908/14465 3909/14466 3910/14467
f 3908/14465 3910/14467 3793/14468
f 3910/14469 3909/14470 3911/14471
f 3910/14469 3911/14471 3783/14472
f 3785/14473 3780/14474 3771/14475
f 3785/14473 3771/14475 3769/14476
f 4360/16013 4463/16014 4361/16015
f 4360/16013 4361/16015 4359/16016
f 4359/16017 4363/16018 4365/16019
f 4359/16017 4365/16019 4360/16020
f 4359/16021 4361/16022 4452/16023
f 4359/16021 4452/16023 4362/16024
f 4362/16025 4366/16026 4363/16027
f 4362/16025 4363/16027 4359/16028
f 4363/16029 4364/16030 4507/16031
f 4363/16029 4507/16031 4365/16032
f 4367/16033 4364/16034 4363/16035
f 4367/16033 4363/16035 4366/16036
f 4368/16037 4369/16038 4367/16039
f 4368/16037 4367/16039 4366/16040
f 4370/16041 4368/16042 4366/16043
f 4370/16041 4366/16043 4362/16044
f 4374/16045 4369/16046 4368/16047
f 4374/16045 4368/16047 4371/16048
f 4372/16049 4371/16050 4368/16051
f 4372/16049 4368/16051 4370/16052
f 4371/16053 4372/16054 4458/16055
f 4371/16053 4458/16055 4373/16056
f 4375/16057 4374/16058 4371/16059
f 4375/16057 4371/16059 4373/16060
f 4369/16061 4374/16062 4376/16063
f 4369/16061 4376/16063 4377/16064
f 4376/16065 4374/16066 4375/16067
f 4376/16065 4375/16067 4378/16068
f 4377/16069 4376/16070 4379/16071
f 4377/16069 4379/16071 4380/16072
f 4376/16073 4378/16074 4381/16075
f 4376/16073 4381/16075 4379/16076
f 4380/16077 4379/16078 4382/16079
f 4380/16077 4382/16079 4383/16080
f 4379/16081 4381/16082 4384/16083
f 4379/16081 4384/16083 4382/16084
f 4382/16085 4385/16086 4387/16087
f 4382/16085 4387/16087 4383/16088
f 4386/16089 4385/16090 4382/16091
f 4386/16089 4382/16091 4384/16092
f 4385/16093 4386/16094 4391/16095
f 4385/16093 4391/16095 4388/16096
f 4387/16097 4385/16098 4388/16099
f 4387/16097 4388/16099 4390/16100
f 4389/16101 4494/16102 4390/16103
f 4389/16101 4390/16103 4388/16104
f 4392/16105 4389/16106 4388/16107
f 4392/16105 4388/16107 4391/16108
f 4394/16109 4392/16110 4391/16111
f 4394/16109 4391/16111 4393/16112
f 4386/16113 4395/16114 4393/16115
f 4386/16113 4393/16115 4391/16116
f 4397/16117 4394/16118 4393/16119
f 4397/16117 4393/16119 4396/16120
f 4395/16121 4399/16122 4396/16123
f 4395/16121 4396/16123 4393/16124
f 4398/16125 4526/16126 4397/16127
f 4398/16125 4397/16127 4396/16128
f 4398/16129 4396/16130 4399/16131
f 4398/16129 4399/16131 4401/16132
f 4399/16133 4395/16134 4400/16135
f 4399/16136 4400/16137 4403/16138
f 4399/16136 4403/16138 4401/16139
f 4525/16140 4398/16141 4401/16142
f 4525/16140 4401/16142 4402/16143
f 4403/16144 4404/16145 4402/16146
f 4403/16144 4402/16146 4401/16147
f 4378/16148 4404/16149 4403/16150
f 4378/16148 4403/16150 4381/16151
f 4381/16152 4403/16153 4400/16154
f 4381/16152 4400/16154 4384/16155
f 4407/16156 4402/16157 4404/16158
f 4407/16156 4404/16158 4405/16159
f 4375/16160 4405/16161 4404/16162
f 4375/16160 4404/16162 4378/16163
f 4406/16164 4405/16165 4375/16166
f 4406/16164 4375/16166 4373/16167
f 4406/16168 4409/16169 4407/16170
f 4406/16168 4407/16170 4405/16171
f 4402/16172 4407/16173 4408/16174
f 4402/16172 4408/16174 4525/16175
f 4407/16176 4409/16177 4410/16178
f 4407/16176 4410/16178 4408/16179
f 4411/16180 4413/16181 4410/16182
f 4411/16180 4410/16182 4409/16183
f 4406/16184 4412/16185 4411/16186
f 4406/16184 4411/16186 4409/16187
f 4414/16188 4411/16189 4412/16190
f 4414/16188 4412/16190 4415/16191
f 4411/16192 4414/16193 4417/16194
f 4411/16192 4417/16194 4413/16195
f 4459/16196 4416/16197 4414/16198
f 4459/16196 4414/16198 4415/16199
f 4417/16200 4414/16201 4416/16202
f 4417/16200 4416/16202 4419/16203
f 4418/16204 4521/16205 4413/16206
f 4418/16204 4413/16206 4417/16207
f 4418/16208 4417/16209 4419/16210
f 4418/16208 4419/16210 4420/16211
f 4419/16212 4416/16213 4424/16214
f 4419/16212 4424/16214 4421/16215
f 4420/16216 4419/16217 4421/16218
f 4420/16216 4421/16218 4422/16219
f 4520/16220 4422/16221 4421/16222
f 4520/16220 4421/16222 4423/16223
f 4424/16224 4426/16225 4423/16226
f 4424/16224 4423/16226 4421/16227
f 4425/16228 4426/16229 4424/16230
f 4425/16231 4424/16232 4416/16233
f 4425/16231 4416/16233 4459/16234
f 4427/16235 4426/16236 4425/16237
f 4427/16235 4425/16237 4428/16238
f 4426/16239 4427/16240 4430/16241
f 4426/16239 4430/16241 4423/16242
f 4460/16243 4429/16244 4427/16245
f 4460/16243 4427/16245 4428/16246
f 4427/16247 4429/16248 4432/16249
f 4427/16247 4432/16249 4430/16250
f 4434/16251 4431/16252 4430/16253
f 4434/16251 4430/16253 4432/16254
f 4431/16255 4520/16256 4423/16257
f 4431/16255 4423/16257 4430/16258
f 4435/16259 4434/16260 4432/16261
f 4435/16259 4432/16261 4433/16262
f 4429/16263 4462/16264 4433/16265
f 4429/16263 4433/16265 4432/16266
f 4436/16267 4435/16268 4433/16269
f 4436/16267 4433/16269 4437/16270
f 4438/16271 4436/16272 4437/16273
f 4438/16271 4437/16273 4440/16274
f 4439/16275 4438/16276 4440/16277
f 4439/16275 4440/16277 4441/16278
f 4443/16279 4442/16280 4440/16281
f 4443/16279 4440/16281 4437/16282
f 4442/16283 4444/16284 4441/16285
f 4442/16283 4441/16285 4440/16286
f 4442/16287 4443/16288 4446/16289
f 4442/16287 4446/16289 4445/16290
f 4447/16291 4444/16292 4442/16293
f 4447/16291 4442/16293 4445/16294
f 4450/16295 4448/16296 4445/16297
f 4450/16295 4445/16297 4446/16298
f 4448/16299 4449/16300 4447/16301
f 4448/16299 4447/16301 4445/16302
f 4361/16303 4463/16304 4449/16305
f 4361/16303 4449/16305 4448/16306
f 4452/16307 4361/16308 4448/16309
f 4452/16307 4448/16309 4450/16310
f 4451/16311 4450/16312 4446/16313
f 4451/16311 4446/16313 4461/16314
f 4453/16315 4452/16316 4450/16317
f 4453/16315 4450/16317 4451/16318
f 4362/16319 4452/16320 4453/16321
f 4362/16319 4453/16321 4370/16322
f 4453/16323 4454/16324 4372/16325
f 4453/16323 4372/16325 4370/16326
f 4454/16327 4453/16328 4451/16329
f 4454/16327 4451/16329 4455/16330
f 4372/16331 4454/16332 4456/16333
f 4372/16331 4456/16333 4458/16334
f 4456/16335 4454/16336 4455/16337
f 4456/16335 4455/16337 4457/16338
f 4456/16339 4415/16340 4412/16341
f 4456/16339 4412/16341 4458/16342
f 4415/16343 4456/16344 4457/16345
f 4415/16343 4457/16345 4459/16346
f 4412/16347 4406/16348 4373/16349
f 4412/16347 4373/16349 4458/16350
f 4457/16351 4455/16352 4460/16353
f 4457/16351 4460/16353 4428/16354
f 4459/16355 4457/16356 4428/16357
f 4459/16355 4428/16357 4425/16358
f 4455/16359 4451/16360 4461/16361
f 4455/16359 4461/16361 4460/16362
f 4462/16363 4429/16364 4460/16365
f 4462/16363 4460/16365 4461/16366
f 4446/16367 4443/16368 4462/16369
f 4446/16367 4462/16369 4461/16370
f 4462/16371 4443/16372 4437/16373
f 4462/16371 4437/16373 4433/16374
f 4463/16375 4467/16376 4464/16377
f 4463/16375 4464/16377 4449/16378
f 4449/16379 4464/16380 4466/16381
f 4449/16379 4466/16381 4447/16382
f 4465/16383 4464/16384 4467/16385
f 4465/16383 4467/16385 4469/16386
f 4465/16387 4519/16388 4466/16389
f 4465/16387 4466/16389 4464/16390
f 4468/16391 4467/16392 4463/16393
f 4468/16391 4463/16393 4360/16394
f 4471/16395 4469/16396 4467/16397
f 4471/16395 4467/16397 4468/16398
f 4470/16399 4517/16400 4465/16401
f 4470/16399 4465/16401 4469/16402
f 4469/16403 4471/16404 4472/16405
f 4469/16403 4472/16405 4470/16406
f 4471/16407 4473/16408 4475/16409
f 4471/16407 4475/16409 4472/16410
f 4473/16411 4471/16412 4468/16413
f 4473/16411 4468/16413 4474/16414
f 4476/16415 4473/16416 4474/16417
f 4476/16415 4474/16417 4477/16418
f 4476/16419 4479/16420 4475/16421
f 4476/16419 4475/16421 4473/16422
f 4477/16423 4508/16424 4478/16425
f 4477/16423 4478/16425 4476/16426
f 4476/16427 4478/16428 4480/16429
f 4476/16427 4480/16429 4479/16430
f 4483/16431 4481/16432 4479/16433
f 4483/16431 4479/16433 4480/16434
f 4481/16435 4482/16436 4475/16437
f 4481/16435 4475/16437 4479/16438
f 4485/16439 4484/16440 4483/16441
f 4485/16439 4483/16441 4480/16442
f 4487/16443 4486/16444 4484/16445
f 4487/16443 4484/16445 4485/16446
f 4488/16447 4486/16448 4487/16449
f 4488/16447 4487/16449 4489/16450
f 4490/16451 4488/16452 4489/16453
f 4490/16451 4489/16453 4491/16454
f 4492/16455 4490/16456 4491/16457
f 4492/16455 4491/16457 4493/16458
f 4494/16459 4492/16460 4493/16461
f 4494/16459 4493/16461 4390/16462
f 4497/16463 4495/16464 4493/16465
f 4497/16463 4493/16465 4491/16466
f 4495/16467 4387/16468 4390/16469
f 4495/16467 4390/16469 4493/16470
f 4387/16471 4495/16472 4496/16473
f 4387/16471 4496/16473 4383/16474
f 4499/16475 4496/16476 4495/16477
f 4499/16475 4495/16477 4497/16478
f 4498/16479 4497/16480 4491/16481
f 4498/16479 4491/16481 4489/16482
f 4497/16483 4498/16484 4500/16485
f 4497/16483 4500/16485 4499/16486
f 4501/16487 4503/16488 4496/16489
f 4501/16487 4496/16489 4499/16490
f 4502/16491 4501/16492 4499/16493
f 4502/16491 4499/16493 4500/16494
f 4506/16495 4504/16496 4501/16497
f 4506/16495 4501/16497 4502/16498
f 4504/16499 4505/16500 4503/16501
f 4504/16499 4503/16501 4501/16502
f 4364/16503 4367/16504 4505/16505
f 4364/16503 4505/16505 4504/16506
f 4506/16507 4507/16508 4364/16509
f 4506/16507 4364/16509 4504/16510
f 4508/16511 4477/16512 4507/16513
f 4508/16511 4507/16513 4506/16514
f 4508/16515 4506/16516 4502/16517
f 4508/16515 4502/16517 4509/16518
f 4509/16519 4511/16520 4478/16521
f 4509/16519 4478/16521 4508/16522
f 4510/16523 4512/16524 4511/16525
f 4510/16523 4511/16525 4509/16526
f 4509/16527 4502/16528 4500/16529
f 4509/16527 4500/16529 4510/16530
f 4487/16531 4485/16532 4511/16533
f 4487/16531 4511/16533 4512/16534
f 4485/16535 4480/16536 4478/16537
f 4485/16535 4478/16537 4511/16538
f 4512/16539 4498/16540 4489/16541
f 4512/16539 4489/16541 4487/16542
f 4500/16543 4498/16544 4512/16545
f 4500/16543 4512/16545 4510/16546
f 4507/16547 4477/16548 4474/16549
f 4507/16547 4474/16549 4365/16550
f 4505/16551 4367/16552 4369/16553
f 4505/16551 4369/16553 4377/16554
f 4505/16555 4377/16556 4380/16557
f 4505/16555 4380/16557 4503/16558
f 4503/16559 4380/16560 4383/16561
f 4503/16559 4383/16561 4496/16562
f 4513/16563 4472/16564 4475/16565
f 4513/16563 4475/16565 4482/16566
f 4513/16567 4514/16568 4470/16569
f 4513/16567 4470/16569 4472/16570
f 4470/16571 4514/16572 4515/16573
f 4470/16571 4515/16573 4517/16574
f 4517/16575 4515/16576 4516/16577
f 4517/16575 4516/16577 4518/16578
f 4517/16579 4518/16580 4519/16581
f 4517/16579 4519/16581 4465/16582
f 4516/16583 4439/16584 4441/16585
f 4516/16583 4441/16585 4518/16586
f 4444/16587 4519/16588 4518/16589
f 4444/16587 4518/16589 4441/16590
f 4519/16591 4444/16592 4447/16593
f 4519/16591 4447/16593 4466/16594
f 4360/16595 4365/16596 4474/16597
f 4360/16595 4474/16597 4468/16598
f 4521/16599 4522/16600 4410/16601
f 4521/16599 4410/16601 4413/16602
f 4523/16603 4408/16604 4410/16605
f 4523/16603 4410/16605 4522/16606
f 4523/16607 4524/16608 4525/16609
f 4523/16607 4525/16609 4408/16610
f 4525/16611 4524/16612 4526/16613
f 4525/16611 4526/16613 4398/16614
f 4400/16615 4395/16616 4386/16617
f 4400/16615 4386/16617 4384/16618
f 6307/23659 6306/23660 6308/23661
f 6307/23659 6308/23661 6357/23662
f 6306/23663 6309/23664 6310/23665
f 6306/23663 6310/23665 6308/23666
f 6309/23667 6311/23668 6313/23669
f 6309/23667 6313/23669 6310/23670
f 6311/23671 6312/23672 6315/23673
f 6311/23671 6315/23673 6313/23674
f 6360/23675 6310/23676 6313/23677
f 6360/23675 6313/23677 6314/23678
f 6314/23679 6313/23680 6315/23681
f 6314/23679 6315/23681 6316/23682
f 6316/23683 6315/23684 6317/23685
f 6316/23683 6317/23685 6318/23686
f 6312/23687 6320/23688 6317/23689
f 6312/23687 6317/23689 6315/23690
f 6318/23691 6317/23692 6319/23693
f 6318/23691 6319/23693 6365/23694
f 6320/23695 6321/23696 6319/23697
f 6320/23695 6319/23697 6317/23698
f 6321/23699 6322/23700 6323/23701
f 6321/23699 6323/23701 6319/23702
f 6322/23703 6324/23704 6326/23705
f 6322/23703 6326/23705 6323/23706
f 6324/23707 6325/23708 6328/23709
f 6324/23707 6328/23709 6326/23710
f 6328/23711 6330/23712 6327/23713
f 6328/23711 6327/23713 6326/23714
f 6326/23715 6327/23716 6364/23717
f 6326/23715 6364/23717 6323/23718
f 6325/23719 6363/23720 6329/23721
f 6325/23719 6329/23721 6328/23722
f 6329/23723 6331/23724 6330/23725
f 6329/23723 6330/23725 6328/23726
f 6360/23727 6314/23728 6316/23729
f 6360/23727 6316/23729 6318/23730
f 6360/23727 6318/23730 6365/23731
f 6360/23727 6365/23731 6364/23732
f 6360/23727 6364/23732 6327/23733
f 6360/23727 6327/23733 6330/23734
f 6360/23727 6330/23734 6331/23735
f 6360/23727 6331/23735 6332/23736
f 6360/23727 6332/23736 6334/23737
f 6360/23727 6334/23737 6335/23738
f 6360/23727 6335/23738 6361/23739
f 6360/23727 6361/23739 6345/23740
f 6360/23727 6345/23740 6348/23741
f 6360/23727 6348/23741 6349/23742
f 6360/23727 6349/23742 6350/23743
f 6360/23727 6350/23743 6351/23744
f 6360/23727 6351/23744 6358/23745
f 6360/23727 6358/23745 6359/23746
f 6333/23747 6332/23748 6331/23749
f 6333/23747 6331/23749 6329/23750
f 6333/23751 6336/23752 6334/23753
f 6333/23751 6334/23753 6332/23754
f 6334/23755 6336/23756 6338/23757
f 6334/23755 6338/23757 6335/23758
f 6337/23759 6340/23760 6338/23761
f 6337/23759 6338/23761 6336/23762
f 6362/23763 6337/23764 6336/23765
f 6362/23763 6336/23765 6333/23766
f 6335/23767 6338/23768 6339/23769
f 6335/23767 6339/23769 6361/23770
f 6340/23771 6341/23772 6339/23773
f 6340/23771 6339/23773 6338/23774
f 6341/23775 6342/23776 6344/23777
f 6341/23775 6344/23777 6339/23778
f 6342/23779 6343/23780 6346/23781
f 6342/23779 6346/23781 6344/23782
f 6361/23783 6339/23784 6344/23785
f 6361/23783 6344/23785 6345/23786
f 6345/23787 6344/23788 6346/23789
f 6345/23787 6346/23789 6348/23790
f 6343/23791 6356/23792 6347/23793
f 6343/23791 6347/23793 6346/23794
f 6346/23795 6347/23796 6349/23797
f 6346/23795 6349/23797 6348/23798
f 6352/23799 6350/23800 6349/23801
f 6352/23799 6349/23801 6347/23802
f 6353/23803 6351/23804 6350/23805
f 6353/23803 6350/23805 6352/23806
f 6354/23807 6355/23808 6353/23809
f 6354/23807 6353/23809 6352/23810
f 6356/23811 6354/23812 6352/23813
f 6356/23811 6352/23813 6347/23814
f 6355/23815 6307/23816 6357/23817
f 6355/23815 6357/23817 6353/23818
f 6357/23819 6358/23820 6351/23821
f 6357/23819 6351/23821 6353/23822
f 6308/23823 6359/23824 6358/23825
f 6308/23823 6358/23825 6357/23826
f 6308/23827 6310/23828 6360/23829
f 6308/23827 6360/23829 6359/23830
f 6363/23831 6362/23832 6333/23833
f 6363/23831 6333/23833 6329/23834
f 6319/23835 6323/23836 6364/23837
f 6319/23835 6364/23837 6365/23838
f 6367/23839 6366/23840 6368/23841
f 6367/23839 6368/23841 6420/23842
f 6366/23843 6369/23844 6370/23845
f 6366/23843 6370/23845 6368/23846
f 6369/23847 6371/23848 6373/23849
f 6369/23847 6373/23849 6370/23850
f 6371/23851 6372/23852 6374/23853
f 6371/23851 6374/23853 6373/23854
f 6374/23855 6377/23856 6375/23857
f 6374/23855 6375/23857 6373/23858
f 6373/23859 6375/23860 6376/23861
f 6373/23859 6376/23861 6370/23862
f 6397/23863 6398/23864 6408/23865
f 6397/23863 6408/23865 6409/23866
f 6397/23863 6409/23866 6410/23867
f 6397/23863 6410/23867 6411/23868
f 6397/23863 6411/23868 6422/23869
f 6397/23863 6422/23869 6421/23870
f 6397/23863 6421/23870 6423/23871
f 6397/23863 6423/23871 6424/23872
f 6397/23863 6424/23872 6376/23873
f 6397/23863 6376/23873 6375/23874
f 6397/23863 6375/23874 6377/23875
f 6397/23863 6377/23875 6378/23876
f 6397/23863 6378/23876 6380/23877
f 6397/23863 6380/23877 6381/23878
f 6397/23863 6381/23878 6387/23879
f 6397/23863 6387/23879 6391/23880
f 6397/23863 6391/23880 6395/23881
f 6397/23863 6395/23881 6396/23882
f 6379/23883 6378/23884 6377/23885
f 6379/23883 6377/23885 6374/23886
f 6382/23887 6380/23888 6378/23889
f 6382/23887 6378/23889 6379/23890
f 6382/23891 6384/23892 6381/23893
f 6382/23891 6381/23893 6380/23894
f 6383/23895 6385/23896 6384/23897
f 6383/23895 6384/23897 6382/23898
f 6425/23899 6383/23900 6382/23901
f 6425/23899 6382/23901 6379/23902
f 6385/23903 6388/23904 6386/23905
f 6385/23903 6386/23905 6384/23906
f 6381/23907 6384/23908 6386/23909
f 6381/23907 6386/23909 6387/23910
f 6387/23911 6386/23912 6389/23913
f 6387/23911 6389/23913 6391/23914
f 6388/23915 6390/23916 6389/23917
f 6388/23915 6389/23917 6386/23918
f 6390/23919 6394/23920 6392/23921
f 6390/23919 6392/23921 6389/23922
f 6391/23923 6389/23924 6392/23925
f 6391/23923 6392/23925 6395/23926
f 6394/23927 6403/23928 6393/23929
f 6394/23927 6393/23929 6392/23930
f 6395/23931 6392/23932 6393/23933
f 6395/23931 6393/23933 6396/23934
f 6393/23935 6399/23936 6397/23937
f 6393/23935 6397/23937 6396/23938
f 6400/23939 6398/23940 6397/23941
f 6400/23939 6397/23941 6399/23942
f 6401/23943 6402/23944 6400/23945
f 6401/23943 6400/23945 6399/23946
f 6403/23947 6401/23948 6399/23949
f 6403/23947 6399/23949 6393/23950
f 6402/23951 6404/23952 6406/23953
f 6402/23951 6406/23953 6400/23954
f 6404/23955 6405/23956 6407/23957
f 6404/23955 6407/23957 6406/23958
f 6407/23959 6409/23960 6408/23961
f 6407/23959 6408/23961 6406/23962
f 6406/23963 6408/23964 6398/23965
f 6406/23963 6398/23965 6400/23966
f 6412/23967 6410/23968 6409/23969
f 6412/23967 6409/23969 6407/23970
f 6412/23971 6413/23972 6411/23973
f 6412/23971 6411/23973 6410/23974
f 6405/23975 6414/23976 6412/23977
f 6405/23975 6412/23977 6407/23978
f 6414/23979 6415/23980 6413/23981
f 6414/23979 6413/23981 6412/23982
f 6415/23983 6416/23984 6417/23985
f 6415/23983 6417/23985 6413/23986
f 6416/23987 6418/23988 6419/23989
f 6416/23987 6419/23989 6417/23990
f 6418/23991 6367/23992 6420/23993
f 6418/23991 6420/23993 6419/23994
f 6420/23995 6423/23996 6421/23997
f 6420/23995 6421/23997 6419/23998
f 6419/23999 6421/24000 6422/24001
f 6419/23999 6422/24001 6417/24002
f 6368/24003 6424/24004 6423/24005
f 6368/24003 6423/24005 6420/24006
f 6368/24007 6370/24008 6376/24009
f 6368/24007 6376/24009 6424/24010
f 6417/24011 6422/24012 6411/24013
f 6417/24011 6411/24013 6413/24014
f 6372/24015 6425/24016 6379/24017
f 6372/24015 6379/24017 6374/24018
