# Leg2_R: 1936 verts, 3634 tris
v 0.04536736 -0.03454459 -0.06868556
v 0.05377236 -0.04246003 -0.07166546
v 0.03925648 -0.02608794 -0.07622152
v 0.04796215 -0.04410649 -0.06004560
v 0.04131235 -0.01757159 -0.06334880
v 0.04536624 -0.02466431 -0.05699484
v 0.03316039 -0.01140422 -0.06874437
v 0.04182780 -0.01397279 -0.06257444
v 0.04633423 -0.02061351 -0.05665166
v 0.03304378 -0.00823233 -0.06755525
v 0.04285170 -0.01289582 -0.06290906
v 0.03380283 -0.00711349 -0.06791058
v 0.04751310 -0.01962007 -0.05691957
v 0.04696390 -0.01169175 -0.06489695
v 0.05193493 -0.01915373 -0.05824198
v 0.03728351 -0.00536041 -0.07038128
v 0.04826062 -0.01217938 -0.06554834
v 0.03845493 -0.00558500 -0.07127871
v 0.04962760 -0.01583096 -0.06631555
v 0.05329013 -0.01995336 -0.05860460
v 0.05456758 -0.02424741 -0.05877962
v 0.05224587 -0.03269782 -0.04695463
v 0.05087538 -0.03164514 -0.04682353
v 0.05369605 -0.03695560 -0.04716614
v 0.04452800 -0.05263242 -0.02855780
v 0.04648825 -0.05571052 -0.02985619
v 0.03314894 -0.07232881 -0.01026782
v 0.04317675 -0.05147958 -0.02851617
v 0.03937667 -0.04944918 -0.02949045
v 0.03188515 -0.07115189 -0.01024793
v 0.02884750 -0.06788020 -0.01237783
v 0.02010076 -0.08285739 0.00077605
v 0.01785882 -0.07903850 -0.00188221
v 0.00747783 -0.08739705 0.00529415
v 0.02117798 -0.08407603 0.00079810
v 0.00830096 -0.08868288 0.00537822
v 0.02362204 -0.08534508 -0.00216255
v 0.01051259 -0.09015995 0.00261083
v 0.03556685 -0.07406549 -0.01280040
v 0.03335137 -0.08953278 -0.01577727
v 0.01949026 -0.09517726 -0.01021345
v 0.03624362 -0.09109892 -0.01899706
v 0.04494179 -0.08047423 -0.02439039
v 0.04782962 -0.08250466 -0.02718778
v 0.05366939 -0.06828975 -0.03578118
v 0.05609295 -0.07169539 -0.03730775
v 0.05852173 -0.05505442 -0.04801309
v 0.06041612 -0.05967563 -0.04841385
v 0.05863818 -0.04283812 -0.05916337
v 0.06035396 -0.04749253 -0.05952806
v 0.05418429 -0.03187839 -0.06902600
v 0.05598678 -0.03585690 -0.07000919
v 0.04523335 -0.02207029 -0.07770299
v 0.03045251 -0.01377653 -0.08481952
v 0.03994697 -0.00860262 -0.07263358
v 0.04716026 -0.02537178 -0.07930477
v 0.03225321 -0.01655527 -0.08688691
v 0.05149819 -0.02688728 -0.08131231
v 0.06049390 -0.03784110 -0.07159353
v 0.07399679 -0.03171604 -0.09080063
v 0.03662649 -0.01771373 -0.08921888
v 0.01550943 -0.01081352 -0.09476936
v 0.05964731 -0.02116604 -0.09998419
v 0.06066274 -0.02166028 -0.10131270
v 0.04188174 -0.01362450 -0.10632181
v 0.02237526 -0.00959439 -0.10940483
v 0.04309018 -0.01406315 -0.10770639
v 0.02360476 -0.01000526 -0.11081668
v 0.04335774 -0.01496772 -0.10913982
v 0.02384925 -0.01089561 -0.11226158
v 0.04339263 -0.01597498 -0.11035741
v 0.06090028 -0.02259354 -0.10272112
v 0.06094175 -0.02361065 -0.10393191
v 0.07523858 -0.03329003 -0.09340658
v 0.07498654 -0.03231141 -0.09203729
v 0.08544151 -0.04629769 -0.08186277
v 0.07529011 -0.03432093 -0.09460719
v 0.08550433 -0.04734577 -0.08305025
v 0.07306692 -0.03612498 -0.09402524
v 0.06284319 -0.04184564 -0.08850307
v 0.05957338 -0.02547717 -0.10331323
v 0.08342211 -0.04852375 -0.08303827
v 0.08804661 -0.06262657 -0.07033321
v 0.07139869 -0.05209012 -0.07942504
v 0.07521949 -0.06374189 -0.06892862
v 0.07578768 -0.07567235 -0.05807232
v 0.08873377 -0.07706743 -0.05719375
v 0.07125646 -0.08705771 -0.04756585
v 0.06368611 -0.09747761 -0.03783882
v 0.08325055 -0.09084697 -0.04447722
v 0.07408701 -0.10345869 -0.03270345
v 0.08585734 -0.09109871 -0.04319515
v 0.07589093 -0.10392329 -0.03120835
v 0.08579543 -0.08999484 -0.04205480
v 0.09097558 -0.07674252 -0.05643150
v 0.09083362 -0.06181791 -0.07002451
v 0.09090686 -0.07565668 -0.05527552
v 0.09076444 -0.06075135 -0.06885281
v 0.09059322 -0.07448670 -0.05407199
v 0.09045091 -0.05964861 -0.06758959
v 0.08550484 -0.08876094 -0.04090969
v 0.08946390 -0.07344590 -0.05323450
v 0.06508255 -0.06253710 -0.04920610
v 0.08442886 -0.08756955 -0.04021044
v 0.08932349 -0.05876537 -0.06661043
v 0.06497719 -0.04998600 -0.06065243
v 0.08407962 -0.04452931 -0.07942670
v 0.08515148 -0.04526061 -0.08054304
v 0.07462324 -0.10018586 -0.02841610
v 0.06074880 -0.07466022 -0.03801642
v 0.05233913 -0.08549909 -0.02787353
v 0.04039797 -0.09425724 -0.01952525
v 0.02576743 -0.10037395 -0.01350513
v 0.06066075 -0.11041275 -0.01867498
v 0.04353580 -0.11758421 -0.01162212
v 0.06148228 -0.11184832 -0.01914479
v 0.06166589 -0.11318584 -0.02019326
v 0.07559413 -0.10151256 -0.02898972
v 0.04417521 -0.11909686 -0.01201652
v 0.02481270 -0.12272084 -0.00812932
v 0.04428107 -0.12046593 -0.01303252
v 0.04429256 -0.12160731 -0.01413782
v 0.02483827 -0.12410916 -0.00912512
v 0.00467572 -0.12390916 -0.00869896
v 0.02482702 -0.12525521 -0.01022542
v 0.02443131 -0.12376610 -0.01270075
v 0.00464594 -0.12505666 -0.00979514
v 0.00491240 -0.12397806 -0.01191172
v -0.01487690 -0.12097909 -0.01291825
v -0.03242611 -0.11334584 -0.01934152
v -0.01483703 -0.11983244 -0.01182367
v -0.01383434 -0.11964484 -0.01529616
v -0.03108373 -0.11260722 -0.02118011
v -0.00895445 -0.11084955 -0.02345640
v 0.00653418 -0.11442986 -0.02065984
v -0.02320523 -0.10503591 -0.02831718
v -0.03435567 -0.09624392 -0.03599426
v -0.04457829 -0.10196600 -0.03047070
v -0.04291225 -0.08599658 -0.04506724
v -0.04673527 -0.07434806 -0.05556929
v -0.05493487 -0.08956253 -0.04145325
v -0.05956202 -0.07546358 -0.05416232
v -0.05699092 -0.08961264 -0.04022251
v -0.06232249 -0.07513940 -0.05324803
v -0.04677590 -0.10263707 -0.02866480
v -0.05688508 -0.08851174 -0.03909327
v -0.06220285 -0.07405984 -0.05210176
v -0.04669566 -0.10151278 -0.02755411
v -0.05659039 -0.08726773 -0.03798413
v -0.04654345 -0.10017142 -0.02652700
v -0.06183980 -0.07289904 -0.05092030
v -0.05634183 -0.08602028 -0.03737717
v -0.04673764 -0.09865310 -0.02615382
v -0.06197091 -0.07224048 -0.03657386
v -0.06137847 -0.07186644 -0.05012421
v -0.06392259 -0.06114104 -0.04662123
v -0.06148876 -0.05719874 -0.06348912
v -0.06367764 -0.04878007 -0.05788586
v -0.06197489 -0.05806439 -0.06443611
v -0.05645569 -0.04307587 -0.07651240
v -0.05688730 -0.04379043 -0.07759904
v -0.04664952 -0.03045978 -0.08830553
v -0.05938306 -0.03674897 -0.06897105
v -0.05102446 -0.02600279 -0.07900419
v -0.05955284 -0.03569238 -0.06749232
v -0.05150691 -0.02534594 -0.07715540
v -0.05844726 -0.03571794 -0.06679779
v -0.06368561 -0.04727508 -0.05681740
v -0.06247311 -0.04701059 -0.05638677
v -0.06399162 -0.05913746 -0.04600356
v -0.06279278 -0.05855701 -0.04585584
v -0.06261434 -0.06955634 -0.03655219
v -0.06161860 -0.07700615 -0.02974838
v -0.06161191 -0.06859808 -0.03673767
v -0.06109811 -0.07558207 -0.03035674
v -0.05764687 -0.06718665 -0.03745868
v -0.05753735 -0.07363952 -0.03155548
v -0.05620227 -0.06740730 -0.03777304
v -0.05858821 -0.05786191 -0.04592997
v -0.05826876 -0.04712076 -0.05572905
v -0.05735038 -0.05813168 -0.04621997
v -0.05706815 -0.04754162 -0.05588317
v -0.05560295 -0.06021428 -0.04726341
v -0.05012105 -0.06450842 -0.04956150
v -0.05382705 -0.06985883 -0.03847874
v -0.05540456 -0.04944927 -0.05708631
v -0.05166780 -0.03896719 -0.06675289
v -0.05053847 -0.05357349 -0.05942186
v -0.03760156 -0.05495606 -0.05841422
v -0.04630795 -0.04319780 -0.06910341
v -0.03431858 -0.04691399 -0.06593721
v -0.03943811 -0.03357308 -0.07798418
v -0.02898600 -0.03943355 -0.07282009
v -0.04438892 -0.02960233 -0.07550586
v -0.02889920 -0.02621319 -0.08510405
v -0.02053783 -0.03354903 -0.07854420
v -0.03442207 -0.02197956 -0.08275015
v -0.01809747 -0.02039400 -0.09061190
v -0.02448853 -0.01642495 -0.08808015
v -0.00734745 -0.01769027 -0.09335895
v -0.01195689 -0.02892132 -0.08291489
v -0.00464782 -0.02709085 -0.08479128
v 0.00328523 -0.02653151 -0.08505599
v 0.00448963 -0.01695454 -0.09386356
v 0.01658212 -0.02927444 -0.08283166
v 0.02089612 -0.02033594 -0.09111522
v 0.02917323 -0.03354361 -0.07913228
v 0.03653990 -0.02564477 -0.08652491
v 0.03681113 -0.03923022 -0.07427896
v 0.04718954 -0.03353347 -0.07971331
v 0.04149440 -0.04558174 -0.06855518
v 0.04352057 -0.05357621 -0.06145326
v 0.05642210 -0.05288348 -0.06234803
v 0.04334690 -0.06207315 -0.05361319
v 0.05620294 -0.06358805 -0.05248120
v 0.04006186 -0.07066086 -0.04579423
v 0.05212752 -0.07422973 -0.04276384
v 0.03470654 -0.07843770 -0.03843980
v 0.04544405 -0.08394787 -0.03360163
v 0.02722187 -0.08450434 -0.03277765
v 0.03587248 -0.09169937 -0.02635207
v 0.01882361 -0.08880054 -0.02848625
v 0.02460463 -0.09749446 -0.02062907
v 0.00987912 -0.09068483 -0.02657313
v 0.01182040 -0.10018946 -0.01789620
v -0.00095257 -0.09053347 -0.02627660
v -0.00298343 -0.10002180 -0.01753410
v -0.01431552 -0.08713496 -0.02913311
v -0.01937372 -0.09585176 -0.02103644
v -0.02638260 -0.08231929 -0.03326055
v -0.03459502 -0.08978419 -0.02625026
v -0.03179677 -0.07776214 -0.03775113
v -0.04274087 -0.08281969 -0.03289245
v -0.03548849 -0.07188682 -0.04303426
v -0.04792228 -0.07457996 -0.04031387
v -0.03726703 -0.06374443 -0.05052044
v -0.05159471 -0.07704207 -0.03157105
v -0.05558206 -0.07395001 -0.03167219
v -0.04847419 -0.08080254 -0.02451820
v -0.05573247 -0.07752028 -0.02783037
v -0.05569437 -0.07740128 -0.02365511
v -0.04944533 -0.07200412 -0.01116948
v -0.02866195 -0.08842570 -0.01758082
v -0.01069426 -0.09310909 -0.01369008
v -0.03654142 -0.07666489 -0.00728106
v -0.02045114 -0.08162679 -0.00319810
v -0.03779075 -0.07492434 -0.00472166
v -0.02207399 -0.07998897 -0.00054885
v -0.05008091 -0.07034698 -0.00859660
v -0.03842380 -0.07533163 -0.00361677
v -0.05075938 -0.07070008 -0.00759896
v -0.03993738 -0.07846604 -0.00146057
v -0.02256531 -0.08050206 0.00064576
v -0.00739092 -0.08363301 0.00305242
v -0.02311649 -0.08399180 0.00309534
v -0.02293357 -0.08535297 0.00323591
v -0.00693941 -0.08737595 0.00570218
v -0.00640465 -0.08872814 0.00584092
v -0.00447500 -0.09062315 0.00345398
v -0.02148894 -0.08754579 0.00112825
v 0.00358804 -0.09741956 -0.00768530
v -0.01516713 -0.09566945 -0.00870922
v 0.00589575 -0.09966625 -0.01025822
v -0.01331716 -0.09825329 -0.01095320
v 0.02210957 -0.09697941 -0.01320648
v 0.00905181 -0.10327307 -0.01035154
v 0.02435484 -0.12116154 -0.00778461
v -0.01039285 -0.10208360 -0.01083904
v 0.00429265 -0.12088438 -0.00743258
v -0.03247549 -0.09637021 -0.01529092
v -0.01535805 -0.11669635 -0.01065660
v -0.05334844 -0.08722441 -0.02235667
v -0.03527272 -0.09257965 -0.01542139
v -0.03632207 -0.09004575 -0.01318531
v -0.05330514 -0.08606725 -0.02063228
v -0.06068219 -0.08252184 -0.02329005
v -0.05334140 -0.08409777 -0.01805330
v -0.05362131 -0.07658352 -0.00792272
v -0.06044814 -0.08110220 -0.02046432
v -0.05947633 -0.07403004 -0.01002703
v -0.06099698 -0.07982451 -0.02138147
v -0.06120082 -0.08100196 -0.02431911
v -0.05804008 -0.07733164 -0.02317078
v -0.05983297 -0.07291027 -0.01080141
v -0.05717831 -0.07028054 -0.01258014
v -0.05860223 -0.07162742 -0.00806421
v -0.05296962 -0.07351233 -0.00570937
v -0.05872969 -0.07260384 -0.00773000
v -0.05610485 -0.06897085 -0.00983234
v -0.05505705 -0.06869605 -0.01034490
v -0.05535870 -0.07004551 -0.01277853
v -0.05351257 -0.07462755 -0.00570130
v -0.04017128 -0.07973232 -0.00139253
v -0.03953833 -0.08189979 -0.00349407
v -0.05829202 -0.07854134 -0.02603263
v -0.05800959 -0.07729936 -0.02804547
v -0.05666793 -0.07829966 -0.02618978
v -0.06115394 -0.07958694 -0.02652544
v -0.06094038 -0.08134847 -0.02550489
v -0.03288921 -0.10908101 -0.01706834
v -0.05933713 -0.08073789 -0.02883266
v -0.03234108 -0.11079334 -0.01727593
v -0.01482641 -0.11840810 -0.01086435
v -0.03237331 -0.11220565 -0.01824359
v 0.00469440 -0.12250439 -0.00772070
v 0.00608214 -0.08352547 0.00255710
v -0.00715395 -0.08297311 0.00174664
v -0.00568734 -0.08420614 -0.00124985
v 0.00602913 -0.08273810 0.00115698
v 0.01755235 -0.07823355 -0.00328530
v 0.00709300 -0.08349925 -0.00225081
v 0.01827298 -0.07880442 -0.00685337
v 0.01603447 -0.09133304 -0.01604839
v 0.00397437 -0.09398330 -0.01328312
v 0.02665094 -0.08574567 -0.02145779
v 0.03574435 -0.07734207 -0.02938993
v 0.04284284 -0.06646763 -0.03951236
v 0.02854629 -0.06844296 -0.01659970
v 0.03805618 -0.05206410 -0.03180648
v 0.02827256 -0.06733293 -0.01353642
v 0.03847721 -0.04951410 -0.03007751
v 0.04540163 -0.03173298 -0.04648757
v 0.04443245 -0.03558842 -0.04700841
v 0.04654873 -0.03104232 -0.04648111
v 0.04714502 -0.05482792 -0.05024927
v 0.02803875 -0.01895862 -0.08244800
v 0.01074007 -0.01344675 -0.08715269
v 0.02077755 -0.00590087 -0.07342032
v 0.02031718 -0.00303065 -0.07192754
v 0.00501278 -0.00146055 -0.07703851
v 0.00483292 0.00118744 -0.07533011
v -0.00833149 0.00152863 -0.07939674
v -0.01414174 0.00297287 -0.08054940
v -0.00801820 0.00398108 -0.07756373
v -0.01081760 -0.00984163 -0.09041458
v -0.01681398 -0.00645679 -0.08953801
v -0.01699932 -0.01293999 -0.09109068
v -0.01863102 -0.00945940 -0.09102595
v -0.02141072 -0.01148060 -0.08966672
v -0.01810578 -0.00824688 -0.09123836
v -0.01969771 -0.00880479 -0.09162871
v -0.01844534 -0.00761093 -0.09188763
v -0.02243038 -0.01062587 -0.09004504
v -0.01959932 -0.00621387 -0.09466275
v -0.01800185 -0.00501514 -0.09489538
v -0.02311029 -0.00801588 -0.09308156
v -0.01800468 -0.00555072 -0.09590117
v -0.01632055 -0.00448433 -0.09579919
v -0.00777876 -0.00650520 -0.09732036
v -0.02241032 -0.00729044 -0.09445647
v -0.01815659 -0.00739596 -0.09689388
v -0.02986123 -0.01086724 -0.09099788
v -0.02976754 -0.01151598 -0.08971265
v -0.04053608 -0.01693475 -0.08514464
v -0.02779871 -0.01098192 -0.09338915
v -0.03953586 -0.01726923 -0.08729972
v -0.01582945 -0.01304292 -0.10510730
v 0.00282059 -0.00942059 -0.10897216
v -0.03271976 -0.02023108 -0.09804744
v -0.01562168 -0.01344874 -0.10649451
v -0.03287186 -0.02070211 -0.09936472
v -0.01572574 -0.01434151 -0.10792428
v 0.00361041 -0.00981382 -0.11038792
v 0.00370079 -0.01069758 -0.11183286
v 0.00368607 -0.01169756 -0.11305240
v 0.02386946 -0.01189662 -0.11348227
v -0.01578019 -0.01534418 -0.10913895
v 0.00405642 -0.01431912 -0.11180163
v 0.02357703 -0.01410261 -0.11258504
v 0.00582638 -0.02382952 -0.10318908
v -0.01492189 -0.01745017 -0.10836810
v -0.00985255 -0.02641634 -0.10035272
v -0.03148334 -0.02485954 -0.10112007
v -0.04560516 -0.03462211 -0.09179296
v -0.03318801 -0.02263488 -0.10196994
v -0.02353612 -0.03253951 -0.09436442
v -0.03520350 -0.04060387 -0.08665801
v -0.04277543 -0.05102968 -0.07693432
v -0.05476974 -0.04724099 -0.08002241
v -0.04730463 -0.06241237 -0.06642168
v -0.06025173 -0.06101761 -0.06729980
v -0.06246600 -0.06021497 -0.06684186
v -0.05734942 -0.04585664 -0.08008027
v -0.06234529 -0.05915512 -0.06567968
v -0.05723517 -0.04481546 -0.07890056
v -0.04727955 -0.03200610 -0.09087405
v -0.03310422 -0.02162344 -0.10076412
v -0.04738179 -0.03303051 -0.09206736
v -0.04697558 -0.03103795 -0.08951893
v 0.02195450 -0.02365063 -0.10383707
v 0.03744408 -0.02723623 -0.10104331
v 0.05169488 -0.03304848 -0.09617616
v 0.04232472 -0.01844220 -0.10920461
v -0.03994353 -0.01742887 -0.08401804
v -0.03733953 -0.01958743 -0.08145307
v -0.05060532 -0.02563039 -0.07622489
v -0.04722679 -0.02722773 -0.07419185
v -0.04619557 -0.02795354 -0.07406319
v -0.05452333 -0.03661379 -0.06541777
v -0.05337998 -0.03719537 -0.06542421
v -0.03644443 -0.02042531 -0.08121483
v -0.02724170 -0.01491995 -0.08649337
v -0.02809975 -0.01402406 -0.08680148
v -0.00780887 -0.00577662 -0.09525559
v -0.00766016 -0.00354553 -0.09292864
v 0.01122100 -0.00987998 -0.09229057
v 0.01011990 -0.00746149 -0.08995104
v 0.00794475 0.00269398 -0.08199980
v 0.02565954 -0.00228298 -0.07798437
v -0.00689009 0.00586622 -0.08444830
v 0.00732118 0.00489725 -0.07992918
v 0.00678651 0.00478561 -0.07874063
v 0.02434586 0.00025026 -0.07618878
v -0.00675653 0.00788205 -0.08228161
v -0.00695725 0.00767681 -0.08108674
v -0.01246189 0.00873648 -0.08323486
v -0.01338234 0.00696675 -0.08521668
v -0.01304063 0.00844098 -0.08240330
v -0.01352882 0.00584984 -0.07928732
v -0.01459504 0.00652515 -0.08455310
v -0.01503657 0.00391304 -0.08145958
v -0.01705949 -0.00264813 -0.09306292
v -0.01752233 -0.00529252 -0.09006415
v -0.01554279 -0.00219741 -0.09378236
v -0.00778380 0.00510488 -0.07795745
v -0.01321712 0.00494390 -0.07868786
v 0.00516903 0.00235202 -0.07570589
v 0.02081698 -0.00187967 -0.07229581
v 0.02342430 0.00027795 -0.07511017
v 0.02266061 -0.11425494 -0.02131279
v 0.03833812 -0.11166397 -0.02414529
v 0.04340747 -0.12062964 -0.01612933
v 0.05201957 -0.10554593 -0.03013750
v 0.05996624 -0.11322516 -0.02338251
v 0.06169857 -0.11431799 -0.02130784
v 0.07584003 -0.10280362 -0.03008185
v -0.03499675 0.06316413 -0.02432589
v -0.03145877 0.06736049 -0.01837787
v -0.03534424 0.06388704 -0.02468282
v -0.03787696 0.05797511 -0.03086789
v -0.03825607 0.05863900 -0.03130009
v -0.04049186 0.05082186 -0.03842892
v -0.04087684 0.05143615 -0.03892405
v -0.03960572 0.04232805 -0.04815247
v -0.03995038 0.04290082 -0.04872161
v -0.03738904 0.03479898 -0.05578443
v -0.03765324 0.03534435 -0.05642003
v -0.03362020 0.02719092 -0.06250586
v -0.03377391 0.02771887 -0.06319079
v -0.02512101 0.01592194 -0.07124005
v -0.02518888 0.01649284 -0.07190402
v -0.02911285 -0.00074096 -0.08614245
v -0.02912211 -0.00014881 -0.08679084
v -0.02936850 -0.00647460 -0.09116499
v -0.02945650 -0.00618514 -0.09198907
v -0.03043525 -0.01037534 -0.09058372
v -0.03060853 -0.01059031 -0.09141708
v -0.03654482 -0.02571191 -0.07859075
v -0.03672350 -0.02621161 -0.07929012
v -0.04929700 -0.05663198 -0.04958004
v -0.04951264 -0.05721524 -0.05020030
v -0.05439522 -0.06848288 -0.03608522
v -0.05478186 -0.06918786 -0.03643913
v -0.05520830 -0.06914254 -0.03238949
v -0.05571440 -0.06984671 -0.03224977
v -0.05535506 -0.06446293 -0.02623936
v -0.05316186 -0.05208369 -0.00745865
v -0.05584971 -0.06503476 -0.02579327
v -0.07270593 -0.05238636 -0.02775451
v -0.06626934 -0.04309741 -0.00976863
v -0.05370029 -0.05264930 -0.00705832
v -0.06209111 -0.04095032 0.00121017
v -0.06149016 -0.04039900 0.00088527
v -0.06583912 -0.03300743 0.00768460
v -0.07041345 -0.03269614 -0.00165380
v -0.07497064 -0.02793903 -0.00322295
v -0.07150846 -0.02663952 0.00396009
v -0.07506061 -0.02300896 0.00198766
v -0.07202883 -0.02029972 0.00999828
v -0.06789037 -0.02485622 0.01482453
v -0.07509554 -0.01712641 0.00809590
v -0.07220219 -0.01340211 0.01642701
v -0.06839814 -0.01531107 0.02367590
v -0.07209710 -0.00588485 0.02286077
v -0.07505210 -0.01087662 0.01434647
v -0.07771903 -0.00722223 0.01110981
v -0.07492077 -0.00438530 0.02054387
v -0.07458215 0.00585603 0.02986725
v -0.07746154 -0.00130265 0.01703246
v -0.07692555 0.00836275 0.02599783
v -0.07638329 0.01177254 0.00460367
v -0.06621402 0.03699041 -0.01891004
v -0.07576274 0.02061555 0.01343625
v -0.07673829 0.00630850 -0.00108606
v -0.07709318 0.00042537 -0.00735791
v -0.06646573 0.03177797 -0.02483568
v -0.05683398 0.04391450 -0.03673774
v -0.06676421 0.02601145 -0.03123090
v -0.06706133 0.02031881 -0.03752563
v -0.05698174 0.03790817 -0.04340630
v -0.05713271 0.03199555 -0.04991842
v -0.05168977 0.03939224 -0.04592648
v -0.05164233 0.03368854 -0.05220733
v -0.04706143 0.04018187 -0.04689897
v -0.05174618 0.04522551 -0.03928368
v -0.04754889 0.04629693 -0.03973670
v -0.05182299 0.05099821 -0.03240942
v -0.04805110 0.05232582 -0.03190833
v -0.05674772 0.04938915 -0.03038921
v -0.05202045 0.05957970 -0.02154544
v -0.05230152 0.06514537 -0.01289801
v -0.04867105 0.06061737 -0.02029883
v -0.05675799 0.05756212 -0.02007393
v -0.06589782 0.04503055 -0.00935922
v -0.05672361 0.06289203 -0.01175101
v -0.05569830 0.06865454 0.00183899
v -0.06537707 0.05049639 -0.00172262
v -0.07470279 0.02742279 0.01977756
v -0.06277067 0.05729552 0.01055532
v -0.06046348 0.05913243 0.01504132
v -0.07084598 0.03706731 0.02898556
v -0.07237589 0.02729899 0.03938247
v -0.06798455 0.04028951 0.03209063
v -0.06509736 0.04146974 0.03297000
v -0.07027489 0.03142951 0.04080426
v -0.06899541 0.03125406 0.04194375
v -0.06724184 0.03135535 0.04324879
v -0.07095896 0.02560822 0.04230146
v -0.07384197 0.01381522 0.03593535
v -0.06866503 0.02556451 0.04393792
v -0.07081735 0.01344309 0.03778865
v -0.06644097 0.02570271 0.04567433
v -0.06514977 0.02600121 0.04650849
v -0.06794035 0.01379476 0.04078781
v -0.06530933 0.03145282 0.04457700
v -0.06107281 0.04219921 0.03518801
v -0.06428465 0.03163989 0.04516197
v -0.06010337 0.04236106 0.03575213
v -0.06271839 0.03198063 0.04596733
v -0.06038683 0.03245657 0.04715340
v -0.05857885 0.04261363 0.03662481
v -0.06345241 0.02645718 0.04749095
v -0.06101418 0.02705486 0.04883136
v -0.06386981 0.01554251 0.04479707
v -0.06389876 0.00870936 0.04257734
v -0.06090933 0.01670786 0.04720214
v -0.06608466 0.01454014 0.04274549
v -0.06637743 0.00693202 0.03942984
v -0.06848398 0.00555346 0.03630930
v -0.06643774 -0.00302213 0.03497340
v -0.06623351 -0.00921321 0.03233691
v -0.06876253 -0.00600316 0.02938773
v -0.06369527 0.00045691 0.04019552
v -0.06032346 0.00373417 0.04521079
v -0.06341988 -0.00420132 0.03917584
v -0.06270383 -0.00403218 0.03869672
v -0.05988838 0.00000079 0.04524805
v -0.05584938 0.00345353 0.05056325
v -0.05919734 0.00008982 0.04471404
v -0.05519170 0.00343835 0.04998165
v -0.05090345 0.00604989 0.05442006
v -0.04653105 0.00805936 0.05801044
v -0.05151153 0.00618503 0.05503879
v -0.04707570 0.00830990 0.05865258
v -0.05214638 0.00889896 0.05381547
v -0.05643058 0.00657205 0.04979240
v -0.05227262 0.01416719 0.05278062
v -0.04759109 0.01076306 0.05725452
v -0.04291863 0.01220213 0.06014796
v -0.04704517 0.01576332 0.05597807
v -0.04697848 0.02074006 0.05563212
v -0.04126271 0.01722886 0.05887724
v -0.04068978 0.02242536 0.05817850
v -0.03507270 0.01822583 0.06139698
v -0.03230073 0.02455226 0.05998724
v -0.03836250 0.01306925 0.06258937
v -0.03475038 0.01795222 0.06062743
v -0.03795655 0.01270285 0.06190166
v -0.03213925 0.02433669 0.05915168
v -0.02853686 0.03285483 0.05621162
v -0.02847899 0.03323810 0.05699910
v -0.02509458 0.04097123 0.05018492
v -0.02493663 0.04148985 0.05087516
v -0.01652506 0.06199903 0.02961833
v -0.01629849 0.06258310 0.03023425
v -0.01410117 0.06834356 0.02153970
v -0.01314265 0.07053694 0.01575368
v -0.01384874 0.06905650 0.02198507
v -0.01301887 0.07138034 0.01596315
v -0.02305036 0.07060879 0.02479768
v -0.02684394 0.07063705 0.02575192
v -0.02385533 0.07261096 0.02126099
v -0.02463144 0.06438116 0.03152340
v -0.03197766 0.04535067 0.04933622
v -0.02873533 0.06475220 0.03164708
v -0.03567286 0.04665736 0.04832025
v -0.03122114 0.06406824 0.03086624
v -0.02794040 0.07144290 0.02402199
v -0.03848349 0.04585937 0.04739114
v -0.03413020 0.06307190 0.02995409
v -0.03037930 0.07173528 0.02194027
v -0.03802589 0.06249852 0.02784631
v -0.04133239 0.04521061 0.04609624
v -0.04471583 0.03613858 0.05412808
v -0.04524642 0.04460867 0.04400871
v -0.04943613 0.04398571 0.04172608
v -0.04892502 0.03497850 0.05250059
v -0.04894181 0.02998425 0.05457665
v -0.05330871 0.03393924 0.05057357
v -0.05723365 0.03309931 0.04871539
v -0.05361339 0.02879289 0.05253089
v -0.05772463 0.02782383 0.05054058
v -0.05243342 0.01928937 0.05278209
v -0.05710284 0.01796404 0.04990337
v -0.05685453 0.01245292 0.04939594
v -0.06073364 0.01060783 0.04595013
v -0.05323254 0.04342511 0.03962837
v -0.04591889 0.06154045 0.02326856
v -0.05630222 0.04296624 0.03791303
v -0.04896212 0.06113999 0.02150613
v -0.05121736 0.06082780 0.02019092
v -0.04468373 0.07137146 0.01200586
v -0.04170597 0.07159329 0.01393480
v -0.04689132 0.07117920 0.01058302
v -0.04240747 0.07312401 0.00691278
v -0.03930856 0.07342227 0.00903526
v -0.03864577 0.07081509 -0.00337647
v -0.04471846 0.07283449 0.00531075
v -0.04632839 0.07258677 0.00416001
v -0.04155863 0.06977319 -0.00588906
v -0.03965318 0.06750491 -0.01256676
v -0.04378057 0.06876035 -0.00792312
v -0.04577395 0.06769491 -0.00957535
v -0.04219424 0.06557873 -0.01557425
v -0.04457873 0.06353572 -0.01807202
v -0.03992199 0.06128401 -0.02533796
v -0.04277084 0.05703458 -0.02973402
v -0.03706380 0.06504420 -0.02037947
v -0.03367761 0.06835623 -0.01539653
v -0.03650324 0.06936352 -0.00915886
v -0.03179893 0.06812519 -0.01864306
v -0.02984376 0.07105136 -0.01068165
v -0.02568797 0.07306492 -0.00636400
v -0.02781334 0.07144737 -0.01320598
v -0.03270990 0.07100145 -0.00551978
v -0.03495140 0.07179099 -0.00042134
v -0.02829953 0.07229780 -0.00174380
v -0.03049653 0.07258727 0.00294572
v -0.02337470 0.07315962 0.00214123
v -0.02134152 0.07442455 -0.00245176
v -0.01804652 0.07352280 0.00607497
v -0.02544706 0.07304445 0.00672105
v -0.01991262 0.07289447 0.01097631
v -0.03126598 0.07372910 0.01474334
v -0.03404654 0.07186898 0.01915785
v -0.03548936 0.07366012 0.01168068
v -0.02715480 0.07348264 0.01800630
v -0.03804180 0.07178918 0.01636801
v -0.04215966 0.06201066 0.02544286
v -0.01233282 0.07336332 0.00967548
v -0.01693196 0.07522694 0.00103828
v -0.01550981 0.07627942 -0.00083296
v -0.01255888 0.07564926 0.00389713
v -0.01264892 0.07654538 0.00160175
v -0.01233203 0.07484813 0.00361734
v -0.01237134 0.07576043 0.00132392
v -0.01225090 0.07251893 0.00944971
v -0.01521844 0.07548272 -0.00105786
v -0.01908410 0.07462495 -0.00441893
v -0.01939733 0.07543732 -0.00430467
v -0.02327760 0.07304958 -0.00841678
v -0.02360633 0.07386362 -0.00843403
v -0.02747790 0.07065019 -0.01305443
v -0.04913633 0.06599192 -0.01148814
v -0.04760898 0.07231854 0.00331398
v -0.04938156 0.07089691 0.00900161
v -0.05008164 0.07158952 0.00212813
v -0.05258350 0.07087731 0.00100175
v -0.05146019 0.07042853 0.00801842
v -0.05340221 0.06990683 0.00708883
v -0.05567431 0.06014820 0.01762488
v -0.05771427 0.05978708 0.01645574
v -0.06303353 0.04195134 0.03402096
v -0.05369272 0.06045778 0.01872901
v -0.05272365 0.06060646 0.01930203
v -0.04836689 0.07104096 0.00961678
v -0.05512552 0.06906352 0.00685226
v -0.04415456 0.03140376 0.05633368
v -0.03954877 0.03346358 0.05702797
v -0.04141542 0.03760082 0.05474713
v -0.03537929 0.03848305 0.05484047
v -0.03839996 0.04030086 0.05376169
v -0.03922119 0.01064205 0.06239691
v -0.03966426 0.01102716 0.06305011
v -0.04238331 0.00960039 0.06073040
v -0.04286221 0.00994343 0.06138207
v -0.06548711 -0.00898651 0.03193341
v -0.06764375 -0.01502676 0.02332893
v -0.06715656 -0.02448839 0.01451215
v -0.06515780 -0.03254690 0.00737768
v -0.07158814 0.00518182 0.03186689
v -0.07597537 0.01600078 0.03206916
v -0.04635736 0.03430566 -0.05337194
v -0.04513448 0.02857593 -0.05929298
v -0.05160194 0.02875603 -0.05742298
v -0.04057286 0.01922777 -0.06839590
v -0.05122580 0.02111250 -0.06556411
v -0.04928871 0.00484678 -0.08231111
v -0.05746910 0.02031824 -0.06241311
v -0.05793194 0.00505538 -0.07867737
v -0.06766593 0.00942858 -0.04939239
v -0.05727066 0.02739413 -0.05483296
v -0.06729686 0.01603376 -0.04220526
v -0.07769152 -0.00966287 -0.01820017
v -0.07743978 -0.00536519 -0.01354901
v -0.07828227 -0.02399856 -0.00665658
v -0.07807575 -0.01626073 -0.02536752
v -0.07848251 -0.03102154 -0.01423443
v -0.07888520 -0.03065599 -0.04103203
v -0.07890138 -0.04607420 -0.03058794
v -0.07851806 -0.03711939 -0.04755210
v -0.06845606 -0.00501482 -0.06506751
v -0.06799115 -0.01133702 -0.07174902
v -0.06347451 -0.01794122 -0.07729762
v -0.05807033 -0.00096941 -0.08469716
v -0.05742584 -0.00494385 -0.08673201
v -0.04900290 -0.00166746 -0.08809651
v -0.04986570 -0.00627518 -0.08836954
v -0.05514317 -0.02114701 -0.07869034
v -0.06659840 -0.04891396 -0.05261125
v -0.07427421 -0.04420083 -0.05263117
v -0.07139072 -0.05846756 -0.03939427
v -0.07227238 -0.05820719 -0.03486293
v -0.07764774 -0.05399208 -0.04070634
v -0.07895902 -0.05171652 -0.03709080
v -0.07458568 -0.03577057 -0.01118266
v -0.07815134 -0.01944553 -0.00173098
v -0.07794492 -0.01341263 0.00463937
v -0.04365802 0.06795174 -0.00760330
v -0.04147194 0.06894470 -0.00561285
v -0.04197014 0.06481653 -0.01520004
v -0.04560262 0.06691240 -0.00921569
v -0.04431229 0.06281542 -0.01764861
v -0.04901075 0.06521621 -0.01109640
v -0.04849545 0.05990030 -0.01982334
v -0.05205284 0.06440423 -0.01249947
v -0.05177653 0.05889341 -0.02105475
v -0.05154182 0.05035021 -0.03188771
v -0.04779122 0.05165824 -0.03139945
v -0.05143771 0.04460215 -0.03874853
v -0.04725169 0.04566839 -0.03920084
v -0.05137835 0.03878198 -0.04537729
v -0.04677899 0.03957826 -0.04632791
v -0.05134524 0.03308674 -0.05164163
v -0.04611926 0.03371983 -0.05276258
v -0.05133845 0.02815638 -0.05683852
v -0.04497401 0.02800189 -0.05864854
v -0.05103145 0.02050568 -0.06496016
v -0.04916728 0.00424556 -0.08168285
v -0.04050549 0.01864816 -0.06774023
v -0.02911285 -0.00074096 -0.08614245
v -0.02512101 0.01592194 -0.07124005
v -0.03362020 0.02719092 -0.06250586
v -0.02389676 0.02033256 -0.06876131
v -0.01419301 0.00856110 -0.07566105
v -0.01329655 -0.00259768 -0.08574061
v -0.00590684 -0.00542540 -0.08596557
v -0.00805987 -0.01048086 -0.09143236
v -0.00221639 -0.01214820 -0.09060618
v -0.00549122 -0.01819302 -0.09419632
v -0.01934551 -0.00876765 -0.09276485
v -0.02211723 -0.00989943 -0.09363792
v -0.01407623 -0.01662918 -0.09535875
v -0.01654880 -0.01680809 -0.09529755
v -0.01292669 -0.01874089 -0.09547598
v -0.00518671 -0.02016048 -0.09444755
v -0.01526863 -0.01884086 -0.09529995
v -0.01264249 -0.01942216 -0.09541429
v -0.01492778 -0.01957118 -0.09519276
v -0.01248889 -0.01913973 -0.09625345
v -0.00509029 -0.02065014 -0.09455772
v -0.00454214 -0.01965404 -0.09607061
v -0.00065108 -0.02172592 -0.09372835
v -0.00002549 -0.02055747 -0.09540338
v 0.00394962 -0.02298616 -0.09273407
v -0.00066728 -0.02128799 -0.09357300
v 0.00396958 -0.02257351 -0.09255655
v -0.00076032 -0.01942404 -0.09328948
v 0.00399093 -0.02079103 -0.09226130
v 0.00989557 -0.02249365 -0.09095957
v 0.00300967 -0.01391648 -0.08970607
v 0.00033815 -0.00811333 -0.08573142
v 0.00911580 -0.01591629 -0.08854352
v 0.00722601 -0.01078268 -0.08500983
v 0.01618898 -0.01813275 -0.08707849
v 0.02404581 -0.02055028 -0.08528921
v 0.01478037 -0.01339418 -0.08379515
v 0.01710241 -0.02458228 -0.08933457
v 0.01702145 -0.02627913 -0.08961659
v 0.02542841 -0.02706267 -0.08737019
v 0.02539807 -0.02877198 -0.08762490
v 0.03412759 -0.02986906 -0.08510291
v 0.03203236 -0.02315436 -0.08319077
v 0.04219194 -0.03288951 -0.08260487
v 0.03418213 -0.03161289 -0.08532624
v 0.03406760 -0.03203794 -0.08548826
v 0.04235117 -0.03467294 -0.08280247
v 0.04893043 -0.03780829 -0.08015083
v 0.04221623 -0.03511603 -0.08294726
v 0.04878485 -0.03827224 -0.08027608
v 0.04313733 -0.03434027 -0.08427090
v 0.03492567 -0.03111696 -0.08694358
v 0.04581788 -0.03148775 -0.08749026
v 0.04975188 -0.03768978 -0.08142312
v 0.05255751 -0.03530176 -0.08421856
v 0.05432338 -0.04143433 -0.07813572
v 0.05716923 -0.03973654 -0.08029572
v 0.05328862 -0.04173784 -0.07724362
v 0.05748027 -0.04709530 -0.07302811
v 0.05828686 -0.05050759 -0.06990840
v 0.05620659 -0.04687443 -0.07261157
v 0.06037858 -0.04652565 -0.07414860
v 0.06135739 -0.05065100 -0.07037856
v 0.06147621 -0.04653659 -0.07482711
v 0.05828767 -0.03928647 -0.08139940
v 0.06247618 -0.05091402 -0.07082454
v 0.06160901 -0.04765116 -0.07621758
v 0.05845195 -0.04032726 -0.08285983
v 0.06259529 -0.05207446 -0.07217235
v 0.06099937 -0.05056971 -0.07968024
v 0.06194289 -0.05496741 -0.07565715
v 0.05795851 -0.04334428 -0.08623434
v 0.05931735 -0.05132741 -0.08132730
v 0.06014516 -0.05565499 -0.07736522
v 0.05448794 -0.05127623 -0.08177664
v 0.05661174 -0.04435740 -0.08765530
v 0.05249817 -0.04499259 -0.08749234
v 0.05246037 -0.03998650 -0.09153345
v 0.04917462 -0.04122846 -0.09083829
v 0.05346269 -0.03871957 -0.09033564
v 0.04608965 -0.03628837 -0.09471417
v 0.03788754 -0.03278251 -0.09765071
v 0.04359940 -0.03809151 -0.09353313
v 0.04678143 -0.03479071 -0.09371594
v 0.04706098 -0.03159222 -0.09050094
v 0.03835130 -0.03113266 -0.09678343
v 0.03855241 -0.02787315 -0.09362118
v 0.02919863 -0.02782692 -0.09949768
v 0.02936643 -0.02453910 -0.09636048
v 0.02045486 -0.02496262 -0.10182029
v 0.02886769 -0.02954695 -0.10030662
v 0.02018752 -0.02669382 -0.10262193
v 0.02755178 -0.03195280 -0.09861852
v 0.01929073 -0.02921280 -0.10084576
v 0.02244193 -0.03936129 -0.09178371
v 0.03604688 -0.03497008 -0.09614311
v 0.02903491 -0.04167686 -0.08988418
v 0.03473466 -0.04392717 -0.08800760
v 0.03865187 -0.04603350 -0.08620110
v 0.04068638 -0.04868641 -0.08383580
v 0.04171996 -0.05319971 -0.07972093
v 0.04202038 -0.05641340 -0.07677065
v 0.05508398 -0.05535327 -0.07803921
v 0.04237854 -0.05928717 -0.07413310
v 0.05568993 -0.05889172 -0.07479716
v 0.04193915 -0.06486658 -0.06896944
v 0.05552486 -0.06537251 -0.06881184
v 0.03765084 -0.07763860 -0.05702707
v 0.04989551 -0.08247530 -0.05282476
v 0.03412195 -0.08247998 -0.05243083
v 0.04557467 -0.08787871 -0.04767912
v 0.03013549 -0.08582693 -0.04919470
v 0.04022892 -0.09205345 -0.04363025
v 0.02711859 -0.08860982 -0.04651207
v 0.03628786 -0.09541432 -0.04038152
v 0.02288787 -0.09184990 -0.04335375
v 0.01923151 -0.09313181 -0.04202947
v 0.02994283 -0.09969233 -0.03619157
v 0.02439377 -0.10132589 -0.03447444
v 0.03306884 -0.10145157 -0.03410840
v 0.03432085 -0.10066805 -0.03247192
v 0.02638554 -0.10322406 -0.03222410
v 0.04051802 -0.09691724 -0.03856934
v 0.04485512 -0.09345994 -0.04192110
v 0.04223808 -0.09606887 -0.03700799
v 0.04287907 -0.09307474 -0.03361705
v 0.04672956 -0.09260788 -0.04036685
v 0.05263453 -0.08841450 -0.04445342
v 0.04742823 -0.08961388 -0.03697756
v 0.05338278 -0.08544944 -0.04103784
v 0.04737011 -0.08830563 -0.03576775
v 0.04284435 -0.09172157 -0.03244933
v 0.04648329 -0.08744667 -0.03587991
v 0.05329217 -0.08418640 -0.03978644
v 0.05206007 -0.08347813 -0.03974714
v 0.05789211 -0.07889171 -0.04484170
v 0.05799589 -0.08013813 -0.04610882
v 0.05648450 -0.07821196 -0.04476855
v 0.06355696 -0.06112123 -0.06144579
v 0.06366456 -0.06233905 -0.06274040
v 0.06336915 -0.05457936 -0.06747535
v 0.06223212 -0.06054509 -0.06128080
v 0.05823455 -0.05949492 -0.06161398
v 0.06217809 -0.05413861 -0.06718980
v 0.05874516 -0.05349564 -0.06716855
v 0.05654715 -0.05266727 -0.06727868
v 0.05596156 -0.05201074 -0.06730509
v 0.05525933 -0.05844342 -0.06190131
v 0.05664529 -0.04995729 -0.06978278
v 0.05637270 -0.04935892 -0.06976628
v 0.05615735 -0.04632381 -0.07255900
v 0.05540986 -0.04764651 -0.06950025
v 0.05474219 -0.05035477 -0.06705313
v 0.04889532 -0.04066090 -0.06780851
v 0.05545055 -0.04456695 -0.07231025
v 0.05301348 -0.03944617 -0.07693381
v 0.04981789 -0.03734599 -0.07057197
v 0.04671770 -0.03166171 -0.06712957
v 0.04852178 -0.03217327 -0.07523365
v 0.04496691 -0.02882131 -0.07825712
v 0.04610753 -0.02673102 -0.07171029
v 0.04292107 -0.02359865 -0.07480052
v 0.04467281 -0.01652888 -0.06329827
v 0.04528335 -0.02074036 -0.05866964
v 0.04522782 -0.01210379 -0.05998015
v 0.04163837 -0.01383544 -0.06670155
v 0.04215925 -0.00954672 -0.06365607
v 0.03644120 -0.01163104 -0.06986117
v 0.03686069 -0.00753379 -0.06711698
v 0.02945628 -0.00948730 -0.07280875
v 0.03758427 -0.02094809 -0.07748659
v 0.03063229 -0.01841298 -0.07995697
v 0.03928275 -0.02592194 -0.08082657
v 0.02277920 -0.01592078 -0.08209147
v 0.02122594 -0.00713149 -0.07525204
v 0.02120461 -0.00332094 -0.07295922
v 0.01235224 -0.00428375 -0.07693087
v 0.01196213 -0.00041379 -0.07466510
v 0.00335175 -0.00075146 -0.07764597
v 0.00247521 0.00338171 -0.07522575
v -0.00549173 0.00349291 -0.07729186
v -0.00688493 0.00811169 -0.07451220
v -0.01578822 0.01373511 -0.07242921
v -0.00650759 0.00970100 -0.07420326
v -0.01516663 0.01531132 -0.07210171
v -0.00606595 0.01129205 -0.07439729
v 0.00280079 0.00497820 -0.07494907
v 0.01236921 0.00120959 -0.07439623
v 0.00312628 0.00663750 -0.07510994
v 0.00323979 0.01080818 -0.07504790
v 0.01270099 0.00295805 -0.07449792
v 0.01235262 0.00742024 -0.07420062
v 0.02226528 0.00026383 -0.07261830
v 0.02179186 -0.00163798 -0.07264506
v 0.02157160 0.00524445 -0.07195230
v 0.03136185 -0.00156954 -0.06957968
v 0.03944223 -0.00279723 -0.06557515
v 0.03056412 -0.00377686 -0.06988416
v 0.03053406 0.00433362 -0.06839180
v 0.02922663 0.00993860 -0.06527403
v 0.03886798 0.00467821 -0.06366295
v 0.04697482 0.00527497 -0.05750140
v 0.03674677 0.01058743 -0.06117022
v 0.04348152 0.01241619 -0.05615673
v 0.04917082 0.01535580 -0.05042731
v 0.05359584 0.01929275 -0.04420240
v 0.05311915 0.00973943 -0.05041182
v 0.05702235 0.00175783 -0.04665053
v 0.05787649 0.01423205 -0.04320235
v 0.06107519 0.01969433 -0.03568917
v 0.06098712 0.00726190 -0.03926134
v 0.05979611 0.00231540 -0.03415171
v 0.06375863 0.01371424 -0.03122396
v 0.06214839 0.00881308 -0.02638247
v 0.06488508 0.02091486 -0.02305267
v 0.06409397 0.02861364 -0.01517700
v 0.06307876 0.01603461 -0.01834631
v 0.06254575 0.02592407 -0.02818791
v 0.05803088 0.02952019 -0.03123144
v 0.06220169 0.03268437 -0.02100088
v 0.05786916 0.03541793 -0.02498428
v 0.06004547 0.03971674 -0.01441024
v 0.05611010 0.04154191 -0.01921843
v 0.06132279 0.03652412 -0.00795213
v 0.05615667 0.04675229 -0.00867217
v 0.05664017 0.04434491 -0.00167491
v 0.05282086 0.04765751 -0.01415611
v 0.05068289 0.05351931 -0.00400768
v 0.05022383 0.05177676 0.00340700
v 0.04383576 0.05975999 -0.00059617
v 0.04812683 0.05352938 -0.00999229
v 0.04220990 0.05893111 -0.00688636
v 0.03529650 0.06365507 -0.00495765
v 0.03588365 0.06524033 0.00143596
v 0.02765301 0.06752140 -0.00428031
v 0.02714892 0.06974885 0.00201992
v 0.01957229 0.07037995 -0.00488067
v 0.01136501 0.07212090 -0.00673561
v 0.01644129 0.07356095 0.00152284
v 0.01423683 0.07261369 0.00952505
v 0.00283271 0.07647212 0.00413645
v 0.00786370 0.07546770 -0.00205187
v -0.00281417 0.07736635 0.00006733
v -0.00073824 0.07607824 -0.00584086
v 0.00334722 0.07267798 -0.00977306
v -0.00883077 0.07534155 -0.01074033
v -0.00924000 0.07701704 -0.00456896
v -0.01561660 0.07540627 -0.00982466
v -0.01344843 0.07642677 -0.00486215
v -0.01866595 0.07467759 -0.00974755
v -0.01654844 0.07556217 -0.00498238
v -0.00851066 0.07709626 -0.00052300
v -0.01243716 0.07634288 -0.00115977
v -0.00450954 0.07673874 0.00339079
v -0.00202145 0.07520514 0.00736139
v -0.00930979 0.07628730 0.00214046
v -0.00764981 0.07517402 0.00559717
v -0.01237134 0.07576043 0.00132392
v -0.01233203 0.07484813 0.00361734
v -0.01521846 0.07548220 -0.00105842
v -0.01908410 0.07462495 -0.00441893
v -0.01667588 0.07441730 0.00081769
v -0.02106264 0.07359876 -0.00255819
v -0.01792046 0.07267256 0.00589797
v -0.02321987 0.07229747 0.00208299
v -0.01225090 0.07251893 0.00944971
v -0.01994764 0.07202061 0.01089447
v -0.01314265 0.07053694 0.01575368
v -0.02543195 0.07216693 0.00674647
v -0.03045426 0.07171586 0.00304638
v -0.02813051 0.07143725 -0.00169192
v -0.03489409 0.07093112 -0.00025448
v -0.03253271 0.07015578 -0.00536319
v -0.03857504 0.06996918 -0.00315000
v -0.03632199 0.06854013 -0.00891205
v -0.03946174 0.06670886 -0.01224856
v -0.03338355 0.06756807 -0.01514529
v -0.03676343 0.06428992 -0.02004538
v -0.03145877 0.06736049 -0.01837787
v -0.02955014 0.07023693 -0.01053679
v -0.02747790 0.07065019 -0.01305443
v -0.02539788 0.07223645 -0.00634421
v -0.02327780 0.07304960 -0.00841562
v -0.02105311 0.07387242 -0.00938535
v -0.02557583 0.07120794 -0.01448584
v -0.02374482 0.07183254 -0.01531190
v -0.02982844 0.06752821 -0.02035562
v -0.02837860 0.06790876 -0.02161969
v -0.03350526 0.06284496 -0.02692019
v -0.03224506 0.06297629 -0.02856361
v -0.03625614 0.05718141 -0.03405947
v -0.03499675 0.06316413 -0.02432589
v -0.03787696 0.05797511 -0.03086789
v -0.04049186 0.05082186 -0.03842892
v -0.03959402 0.06057446 -0.02493826
v -0.04241050 0.05637515 -0.02927928
v -0.03960572 0.04232805 -0.04815247
v -0.03763436 0.05049418 -0.04171985
v -0.03689998 0.04298008 -0.04977370
v -0.03618289 0.05053200 -0.04350063
v -0.03551692 0.04336506 -0.05094631
v -0.03496215 0.05131357 -0.04461474
v -0.03497836 0.05713941 -0.03593868
v -0.03374026 0.05783810 -0.03709656
v -0.03089621 0.06366974 -0.02960155
v -0.03018590 0.06020153 -0.03783097
v -0.02698714 0.06557372 -0.03040458
v -0.03166585 0.05407280 -0.04523031
v -0.02401423 0.05854189 -0.03732643
v -0.02545703 0.05309639 -0.04381565
v -0.02102255 0.06332509 -0.03084479
v -0.01659697 0.06726072 -0.02461986
v -0.02221838 0.06999057 -0.02323863
v -0.01090769 0.07020033 -0.01889043
v -0.00417350 0.07202931 -0.01387817
v -0.01608361 0.07328709 -0.01660380
v -0.02153610 0.07258490 -0.01577236
v -0.02672539 0.06863341 -0.02241403
v -0.02529610 0.04719877 -0.05006302
v -0.02353649 0.04107405 -0.05582821
v -0.03134734 0.04741780 -0.05231759
v -0.03435490 0.04431241 -0.05185116
v -0.02923758 0.04049044 -0.05881753
v -0.02541700 0.03355775 -0.06447629
v -0.03190113 0.03709679 -0.05849434
v -0.02767997 0.02994178 -0.06426422
v -0.03300218 0.03598414 -0.05781558
v -0.02872356 0.02867698 -0.06378429
v -0.03439679 0.03539663 -0.05704784
v -0.03738904 0.03479898 -0.05578443
v -0.03019235 0.02790923 -0.06334443
v -0.02273205 0.02169522 -0.06861497
v -0.02181617 0.02310792 -0.06893243
v -0.01450359 0.01682909 -0.07233296
v -0.02002673 0.02688329 -0.06907769
v -0.01327100 0.02071932 -0.07244396
v -0.01555377 0.02908730 -0.06505500
v -0.02024725 0.03495845 -0.06089052
v -0.00963660 0.02368621 -0.06816140
v -0.00272267 0.01896145 -0.07008952
v -0.00541217 0.01529443 -0.07445686
v 0.00492104 0.01509569 -0.07076738
v 0.01300178 0.01223765 -0.07016646
v 0.02120904 0.01049619 -0.06831208
v -0.00792629 0.06722013 0.01870570
v -0.01410117 0.06834356 0.02153970
v -0.00560230 0.06987575 0.01528478
v -0.00380407 0.06676115 0.01788567
v -0.00638507 0.07226390 0.01141257
v 0.00043176 0.06873551 0.01603857
v 0.00123180 0.06529965 0.01799245
v 0.00690055 0.06681350 0.01690074
v -0.00030087 0.07155702 0.01301895
v 0.00647977 0.07010890 0.01434017
v 0.01419425 0.06766424 0.01515794
v 0.00485084 0.07461627 0.00894811
v 0.01418801 0.06398796 0.01739390
v 0.02279570 0.06401688 0.01517311
v 0.02229215 0.06019515 0.01715135
v 0.02375424 0.06920308 0.01005982
v 0.03172911 0.05922871 0.01407366
v 0.03335205 0.06442979 0.00932115
v 0.03082244 0.05544134 0.01591412
v 0.04039047 0.05341987 0.01168710
v 0.04233640 0.05854863 0.00710551
v 0.03919947 0.04978023 0.01350243
v 0.04818612 0.04674156 0.00794442
v 0.04680806 0.04330556 0.00982058
v 0.05461594 0.03938774 0.00287620
v 0.05934919 0.03161953 -0.00336619
v 0.05311224 0.03616931 0.00486476
v 0.05776339 0.02861025 -0.00123043
v 0.05152346 0.03305480 0.00604012
v 0.05603864 0.02585008 0.00019597
v 0.04866562 0.02771533 0.00727679
v 0.04540971 0.03982579 0.01079011
v 0.04295271 0.03370468 0.01157354
v 0.03804541 0.04595101 0.01433485
v 0.02996352 0.05134022 0.01670284
v 0.03607801 0.03907776 0.01479841
v 0.02853873 0.04385480 0.01703579
v 0.03506793 0.03585886 0.01558425
v 0.04175788 0.03075370 0.01249375
v 0.03272036 0.02982584 0.02025060
v 0.02772437 0.04041105 0.01776488
v 0.02027361 0.04455649 0.01923784
v 0.02549845 0.03437010 0.02232600
v 0.01766274 0.01511074 0.03994251
v 0.01814415 0.03851633 0.02377673
v 0.01044919 0.01950699 0.04115543
v 0.01116271 0.04240522 0.02487086
v 0.00495734 0.04610471 0.02582419
v 0.00351339 0.02347617 0.04222544
v 0.01324624 0.04843964 0.02024077
v 0.00706601 0.05211192 0.02098885
v 0.01372478 0.05203781 0.01930145
v 0.00743161 0.05557097 0.01978612
v 0.01404201 0.05984755 0.01847755
v 0.02090461 0.04813963 0.01846200
v 0.02177379 0.05597172 0.01801840
v 0.00716677 0.06297040 0.01834736
v 0.00223230 0.05859824 0.02013211
v -0.00174854 0.06089692 0.02050891
v 0.00194782 0.05544903 0.02161917
v -0.00202372 0.05828507 0.02218073
v -0.00026895 0.04953127 0.02672351
v -0.00817654 0.03022170 0.04471590
v -0.00445136 0.05255911 0.02755984
v -0.01262783 0.03292321 0.04607420
v -0.00806369 0.05554515 0.02828113
v -0.01303173 0.06006744 0.02897394
v -0.01660417 0.03539861 0.04757401
v -0.00529511 0.06104962 0.02246567
v -0.00994175 0.06596068 0.02171685
v -0.00438616 0.06237776 0.02086441
v -0.01894667 0.02889386 0.05312707
v -0.02201691 0.03884130 0.04975658
v -0.02472367 0.03111808 0.05571956
v -0.02509458 0.04097123 0.05018492
v -0.02853686 0.03285483 0.05621162
v -0.01652506 0.06199903 0.02961833
v -0.03213925 0.02433669 0.05915168
v -0.03475038 0.01795222 0.06062743
v -0.04039656 0.02229816 0.05735983
v -0.02593990 0.02055214 0.06154373
v -0.02541398 0.02501381 0.05850227
v -0.01973580 0.02535999 0.05566156
v -0.02220551 0.02213343 0.05974008
v -0.01737682 0.02017000 0.06031857
v -0.01704909 0.02380697 0.05528946
v -0.01292277 0.02177556 0.05460876
v -0.01506310 0.02686152 0.05165729
v -0.01066965 0.02446889 0.05032301
v -0.00524818 0.02156846 0.04900828
v -0.00276594 0.02705580 0.04340230
v 0.00107750 0.01816808 0.04782585
v -0.00749184 0.01926612 0.05373419
v -0.01135497 0.01805023 0.06047699
v -0.00100839 0.01618387 0.05279898
v -0.00431500 0.01532785 0.06023216
v 0.00622171 0.01242257 0.05182118
v 0.00806132 0.01425706 0.04677485
v 0.01376350 0.00794108 0.05058215
v 0.00352029 0.01170300 0.05953533
v 0.01171926 0.00709143 0.05820231
v 0.00192701 0.01080360 0.06347476
v 0.01048702 0.00612335 0.06216783
v -0.00626751 0.01437800 0.06392225
v 0.00006224 0.00888286 0.06688149
v -0.00858583 0.01241762 0.06697248
v 0.00902527 0.00416635 0.06571514
v -0.00346525 0.00486551 0.07142259
v -0.01337215 0.00833515 0.07074192
v 0.00640065 0.00014661 0.07062988
v -0.00551013 0.00119809 0.07339631
v -0.00454069 -0.00771728 0.07261192
v -0.01800730 0.00475382 0.07192511
v 0.00495765 -0.00342182 0.07286497
v 0.00407489 -0.01193073 0.07187738
v 0.01423613 -0.00920723 0.07067494
v 0.01184790 -0.01711670 0.06975057
v 0.01560057 -0.00572375 0.06834763
v 0.02222115 -0.01594366 0.06696375
v 0.02866321 -0.02337077 0.06186475
v 0.01850713 -0.02307818 0.06631711
v 0.02366469 -0.01254785 0.06459505
v 0.02546351 -0.00836677 0.05962880
v 0.03022668 -0.02007615 0.05945601
v 0.03187206 -0.01577086 0.05460753
v 0.03502886 -0.02801700 0.05310736
v 0.03659008 -0.02357551 0.04840020
v 0.03789337 -0.03606007 0.04579282
v 0.03334463 -0.03119928 0.05557508
v 0.03610005 -0.03912195 0.04833911
v 0.02754264 -0.03638410 0.05610044
v 0.02957841 -0.04321675 0.04971136
v 0.02380528 -0.02958401 0.06170797
v 0.02056248 -0.03728478 0.05339997
v 0.02220093 -0.04298126 0.04804685
v 0.01749878 -0.03160588 0.05810798
v 0.01312590 -0.02616402 0.06198776
v 0.00761279 -0.02116668 0.06489245
v 0.00117071 -0.01680703 0.06670815
v -0.00595160 -0.01325338 0.06736696
v -0.01348106 -0.01063999 0.06684277
v -0.01381093 -0.00463531 0.07187942
v -0.02112879 -0.00906899 0.06515543
v -0.02296073 -0.00309967 0.06982258
v -0.02859944 -0.00860004 0.06237051
v -0.03166466 -0.00280079 0.06647275
v -0.03560814 -0.00925197 0.05859426
v -0.03975718 -0.00375609 0.06196821
v -0.04188363 -0.01099916 0.05397240
v -0.04698340 -0.00594745 0.05648132
v -0.04718579 -0.01377434 0.04868228
v -0.05131042 -0.01747149 0.04292784
v -0.05308915 -0.00931155 0.05021788
v -0.05676779 -0.00636709 0.04779004
v -0.05784215 -0.01372912 0.04341872
v -0.06113682 -0.01139164 0.04051658
v -0.06104924 -0.01904087 0.03634269
v -0.06405459 -0.01722386 0.03300478
v -0.06257238 -0.02505120 0.02926319
v -0.05409853 -0.02194717 0.03692926
v -0.05544433 -0.02703131 0.03091672
v -0.05529473 -0.03252717 0.02512332
v -0.06233663 -0.03153570 0.02245211
v -0.05365708 -0.03822393 0.01976956
v -0.06034892 -0.03824703 0.01616933
v -0.05059182 -0.04390266 0.01506239
v -0.04621952 -0.04934494 0.01118068
v -0.05668394 -0.04492977 0.01065490
v -0.05147804 -0.05132661 0.00611796
v -0.05810355 -0.04473282 0.00626156
v -0.05820476 -0.04419919 0.00491931
v -0.06228738 -0.03771035 0.01191960
v -0.05229821 -0.05141991 0.00165917
v -0.04507213 -0.05754175 -0.00172999
v -0.05228028 -0.05100134 0.00024948
v -0.04489295 -0.05721998 -0.00317727
v -0.05250202 -0.05050259 -0.00090251
v -0.05848575 -0.04350300 0.00391152
v -0.05298043 -0.05020071 -0.00260941
v -0.04493879 -0.05689211 -0.00438399
v -0.03625265 -0.06243510 -0.00654839
v -0.04494703 -0.05697955 -0.00610679
v -0.03604366 -0.06260534 -0.00818864
v -0.04275386 -0.06070466 -0.01069778
v -0.03407298 -0.06582089 -0.01228372
v -0.05316186 -0.05208369 -0.00745865
v -0.03410346 -0.07380901 -0.02183130
v -0.04131975 -0.07056074 -0.02200013
v -0.03007177 -0.07970284 -0.02724799
v -0.02772507 -0.07617206 -0.02190044
v -0.02466124 -0.08102477 -0.02676668
v -0.02063332 -0.07834745 -0.02164220
v -0.02512259 -0.06980704 -0.01288098
v -0.01832523 -0.08246669 -0.02612832
v -0.01282395 -0.08033821 -0.02100920
v -0.00449169 -0.08205900 -0.02006211
v -0.01592443 -0.07285881 -0.01261577
v -0.01098103 -0.08402563 -0.02527932
v -0.00847657 -0.08661296 -0.03115718
v -0.00277913 -0.08560701 -0.02427389
v 0.00572181 -0.08696309 -0.02334586
v 0.00020873 -0.08822549 -0.03000745
v 0.00077495 -0.08848692 -0.03161930
v 0.00944874 -0.08971832 -0.02897189
v 0.01011233 -0.08998701 -0.03057888
v 0.01833371 -0.09074997 -0.02833924
v 0.01377506 -0.08778322 -0.02280853
v 0.02597950 -0.09100934 -0.02836988
v 0.01910912 -0.09103790 -0.02993959
v 0.02685954 -0.09133475 -0.02995086
v 0.01912017 -0.09112640 -0.03041644
v 0.02687717 -0.09140216 -0.03044746
v 0.01907699 -0.09268966 -0.02954556
v 0.01012658 -0.09009948 -0.03103375
v 0.00992218 -0.09175382 -0.03007301
v 0.00079634 -0.08862235 -0.03205429
v 0.00045149 -0.09033381 -0.03103547
v -0.00793332 -0.08703117 -0.03320154
v -0.00839107 -0.08878329 -0.03214181
v -0.01537215 -0.08559188 -0.03425619
v -0.00796660 -0.08687952 -0.03278216
v -0.01542423 -0.08543051 -0.03384519
v -0.01594018 -0.08514957 -0.03219631
v -0.02145379 -0.08422973 -0.03473099
v -0.02137174 -0.08439416 -0.03514126
v -0.02622257 -0.08326226 -0.03544842
v -0.02204236 -0.08392464 -0.03304999
v -0.02694309 -0.08292068 -0.03373707
v -0.03172633 -0.08181790 -0.03452523
v -0.03592778 -0.07806814 -0.02804490
v -0.03077524 -0.08221785 -0.03624542
v -0.03995508 -0.07938869 -0.03649773
v -0.03819111 -0.08000932 -0.03801346
v -0.04192202 -0.07834219 -0.03758600
v -0.04653439 -0.07470456 -0.03092443
v -0.04871984 -0.07441494 -0.03313004
v -0.05535506 -0.06446293 -0.02623936
v -0.07213557 -0.05187087 -0.02817814
v -0.06572710 -0.04253965 -0.01017703
v -0.05520830 -0.06914254 -0.03238949
v -0.05439522 -0.06848288 -0.03608522
v -0.07171571 -0.05755932 -0.03506867
v -0.07095970 -0.05777386 -0.03907050
v -0.06633689 -0.04834923 -0.05199169
v -0.05491828 -0.02066707 -0.07799040
v -0.04929700 -0.05663198 -0.04958004
v -0.03654482 -0.02571191 -0.07859075
v -0.04345776 -0.05982840 -0.04947764
v -0.03036981 -0.02808776 -0.07924888
v -0.03730273 -0.06327707 -0.05206367
v -0.04845570 -0.07263581 -0.03612108
v -0.04184551 -0.07607226 -0.03985497
v -0.03996128 -0.07659859 -0.04110227
v -0.03934497 -0.07665041 -0.04162824
v -0.03557569 -0.06395820 -0.05293406
v -0.04003708 -0.07890871 -0.03896386
v -0.03941886 -0.07896565 -0.03948841
v -0.03765561 -0.08008371 -0.03852057
v -0.03969865 -0.07949223 -0.03956496
v -0.04157211 -0.08076955 -0.03880758
v -0.03984605 -0.07693505 -0.04191963
v -0.03795820 -0.08090687 -0.03832330
v -0.03971964 -0.08299703 -0.03681965
v -0.03105373 -0.08394940 -0.03576918
v -0.03053972 -0.08236849 -0.03667310
v -0.02667167 -0.08517816 -0.03479718
v -0.03284148 -0.08773016 -0.03270578
v -0.02842852 -0.08948376 -0.03124932
v -0.03355524 -0.08947040 -0.03172200
v -0.04043883 -0.08400772 -0.03650977
v -0.03372509 -0.09092458 -0.03278836
v -0.02912385 -0.09138482 -0.03011802
v -0.02929114 -0.09286887 -0.03115681
v -0.02426948 -0.09251474 -0.02925361
v -0.02361285 -0.09057989 -0.03041484
v -0.02442612 -0.09400792 -0.03028433
v -0.01799485 -0.09368993 -0.02839890
v -0.01740645 -0.09176051 -0.02955304
v -0.01013296 -0.09502414 -0.02745725
v -0.01813162 -0.09518626 -0.02942836
v -0.01024113 -0.09651968 -0.02848728
v -0.01813842 -0.09805748 -0.03295533
v -0.01023673 -0.09939697 -0.03201003
v -0.02444423 -0.09687597 -0.03381386
v -0.01795726 -0.09875049 -0.03473226
v -0.02427009 -0.09759556 -0.03556610
v -0.01672814 -0.09695164 -0.03701830
v -0.01006612 -0.10006500 -0.03380847
v -0.00080389 -0.10150795 -0.03281628
v -0.00914246 -0.09816938 -0.03617334
v -0.00030988 -0.09952186 -0.03524790
v -0.00602355 -0.09051728 -0.04353784
v 0.00091943 -0.09155692 -0.04283159
v -0.01204320 -0.08959032 -0.04417399
v -0.01691327 -0.08878981 -0.04473339
v -0.02282540 -0.09589285 -0.03777242
v -0.02071625 -0.08803209 -0.04529263
v -0.02756028 -0.09488341 -0.03852941
v -0.02427978 -0.08675327 -0.04633586
v -0.03186799 -0.09321682 -0.03990587
v -0.02906918 -0.08370490 -0.04895692
v -0.03825421 -0.08870831 -0.04381710
v -0.03038025 -0.08219147 -0.05030831
v -0.03986770 -0.08664878 -0.04566198
v -0.03081395 -0.07947995 -0.05280502
v -0.03005133 -0.06796636 -0.06346404
v -0.04061289 -0.08342315 -0.04861829
v -0.04309385 -0.08368706 -0.04770412
v -0.04044421 -0.06908814 -0.06185734
v -0.04341079 -0.06879315 -0.06143854
v -0.02906499 -0.04067970 -0.08848789
v -0.02139827 -0.04638712 -0.08369240
v -0.03151415 -0.03906945 -0.08930270
v -0.01772894 -0.02776052 -0.10082029
v -0.01455206 -0.02525542 -0.10324113
v -0.01281999 -0.03565531 -0.09390399
v -0.01933841 -0.02590136 -0.10189775
v -0.01584547 -0.02335255 -0.10437502
v -0.01974969 -0.02459585 -0.10068001
v -0.01982701 -0.02144744 -0.09740690
v -0.03215832 -0.03770315 -0.08813055
v -0.01611840 -0.02203700 -0.10317402
v -0.01614851 -0.01886669 -0.09992356
v -0.01271541 -0.02081302 -0.10442850
v -0.01260652 -0.02220017 -0.10555529
v -0.00301208 -0.01929550 -0.10618705
v -0.01267304 -0.01760702 -0.10121313
v -0.01262598 -0.01655740 -0.09976954
v -0.00283978 -0.01601971 -0.10303891
v 0.00225707 -0.01635769 -0.10291450
v -0.00287988 -0.01507769 -0.10149343
v 0.00219129 -0.01543812 -0.10134650
v -0.00335646 -0.01622295 -0.09977028
v -0.01254955 -0.01710659 -0.09861773
v 0.00157978 -0.01670798 -0.09950356
v 0.00635256 -0.01790765 -0.09857241
v 0.00702140 -0.01662813 -0.10042615
v 0.00460112 -0.02178988 -0.09443552
v 0.01232874 -0.01964546 -0.09718822
v 0.01304990 -0.01839913 -0.09901300
v 0.01044960 -0.02344746 -0.09312116
v 0.01971341 -0.02191775 -0.09536258
v 0.01767381 -0.02556867 -0.09142869
v 0.02050041 -0.02073214 -0.09713345
v 0.02834013 -0.02469824 -0.09311369
v 0.02609199 -0.02815228 -0.08935470
v 0.03740497 -0.02791811 -0.09047582
v 0.02921560 -0.02358876 -0.09481821
v 0.03837938 -0.02690679 -0.09209299
v 0.04687805 -0.03060834 -0.08898858
v 0.05366932 -0.03460103 -0.08555391
v 0.05384797 -0.03560660 -0.08704618
v 0.02530640 -0.02918137 -0.08780206
v 0.01695228 -0.02668064 -0.08980272
v 0.00976953 -0.02461833 -0.09144223
v 0.00981673 -0.02421739 -0.09125490
v 0.02062377 -0.02166712 -0.09868902
v 0.01314974 -0.01932147 -0.10057948
v 0.01296843 -0.02261603 -0.10371006
v 0.00710267 -0.01754445 -0.10199761
v 0.00690983 -0.02083642 -0.10513022
v 0.00668256 -0.02252707 -0.10597044
v 0.00205906 -0.01964795 -0.10604866
v 0.00184584 -0.02130683 -0.10691843
v -0.00317338 -0.02089208 -0.10711593
v 0.00171734 -0.02387915 -0.10512217
v -0.00306519 -0.02336594 -0.10541761
v 0.00635855 -0.02511543 -0.10415237
v 0.00204891 -0.03282320 -0.09707092
v -0.00183183 -0.03231389 -0.09739357
v 0.00573705 -0.03385984 -0.09625013
v 0.01033239 -0.03532694 -0.09506519
v 0.01215450 -0.02690508 -0.10271372
v 0.01596562 -0.03718967 -0.09355218
v 0.01272799 -0.02433239 -0.10452723
v -0.00804211 -0.03271067 -0.09678200
v -0.01168129 -0.02426636 -0.10425528
v -0.01025486 -0.03338319 -0.09608397
v -0.01574097 -0.01812539 -0.09755975
v -0.01606423 -0.01778384 -0.09851171
v -0.01497855 -0.01954149 -0.09579069
v -0.01900521 -0.02058930 -0.09516663
v -0.01710305 -0.02176157 -0.09366464
v -0.02987396 -0.03371663 -0.08265470
v -0.01967794 -0.02034904 -0.09601226
v -0.03185772 -0.03347237 -0.08345507
v -0.04374144 -0.06316775 -0.05561856
v -0.03227362 -0.03456579 -0.08484492
v -0.04416401 -0.06430182 -0.05697065
v -0.04359671 -0.07927400 -0.04317520
v -0.04404464 -0.06743092 -0.06026400
v -0.04350064 -0.08237697 -0.04649177
v -0.04243125 -0.08584956 -0.04332564
v -0.04250601 -0.08278731 -0.03997430
v -0.04055939 -0.08833841 -0.04109760
v -0.04212761 -0.08709065 -0.04459616
v -0.04033524 -0.08944597 -0.04248747
v -0.03358166 -0.09463742 -0.03795108
v -0.03373912 -0.09381428 -0.03629796
v -0.02915452 -0.09648643 -0.03640927
v -0.02931507 -0.09573677 -0.03468618
v -0.04059950 -0.08533536 -0.03769281
v -0.04233794 -0.08150294 -0.03875164
v -0.04338984 -0.07803008 -0.04191752
v -0.04241703 -0.07753231 -0.04176388
v -0.04175405 -0.06321816 -0.05499669
v -0.03684303 -0.06390046 -0.05405683
v -0.02496910 -0.03487984 -0.08127073
v -0.03520058 -0.06408228 -0.05337856
v -0.02320041 -0.03495287 -0.08069744
v -0.01668489 -0.02169335 -0.09317037
v -0.02339594 -0.03441390 -0.08064170
v -0.02479517 -0.03294350 -0.08051262
v -0.01702218 -0.02096608 -0.09327810
v -0.01833628 -0.01905749 -0.09332667
v -0.02382830 -0.01291204 -0.09213494
v -0.03043525 -0.01037534 -0.09058372
v -0.02936850 -0.00647460 -0.09116499
v -0.04965444 -0.00611085 -0.08753311
v -0.04886224 -0.00204006 -0.08731394
v 0.00806730 -0.09252720 -0.04219343
v 0.00892460 -0.10074695 -0.03445211
v 0.01443500 -0.09315773 -0.04183550
v 0.01746433 -0.10147272 -0.03408951
v 0.01838343 -0.10348242 -0.03169368
v 0.01873409 -0.10281138 -0.02992166
v 0.00902321 -0.10278425 -0.03199712
v 0.00907327 -0.10213748 -0.03018898
v -0.00091497 -0.10085935 -0.03100281
v 0.00912333 -0.09924548 -0.02668261
v 0.01889398 -0.09990417 -0.02643358
v 0.00916627 -0.09775424 -0.02564662
v -0.00091365 -0.09797600 -0.02748582
v -0.00083986 -0.09648069 -0.02645452
v -0.00048165 -0.09459563 -0.02755853
v 0.00937092 -0.09590630 -0.02671069
v -0.00964394 -0.09311528 -0.02858836
v 0.01895071 -0.09664633 -0.02637986
v 0.01891550 -0.09842280 -0.02538783
v 0.02734189 -0.09645632 -0.02686356
v 0.02701734 -0.09282610 -0.02971156
v 0.03445200 -0.09482893 -0.02862617
v 0.02748260 -0.09810777 -0.02599207
v 0.02747435 -0.09957070 -0.02705637
v 0.03478821 -0.09627835 -0.02794907
v 0.03479202 -0.09770598 -0.02904612
v 0.02716366 -0.10250091 -0.03051631
v 0.03357711 -0.09174814 -0.03094806
v 0.04218025 -0.09065929 -0.03275776
v 0.04041508 -0.08848060 -0.03421391
v 0.03942129 -0.08758201 -0.03443320
v 0.04395126 -0.08579447 -0.03682221
v 0.04839272 -0.08211844 -0.04037757
v 0.04230886 -0.08498933 -0.03693229
v 0.04181059 -0.08483783 -0.03649526
v 0.04557689 -0.08123377 -0.04051734
v 0.04451291 -0.08091587 -0.04021280
v 0.04870109 -0.07587896 -0.04557384
v 0.04731767 -0.07539927 -0.04540745
v 0.05217853 -0.07691797 -0.04531563
v 0.04537155 -0.07438305 -0.04462677
v 0.05423465 -0.05775974 -0.06193703
v 0.05268074 -0.05620865 -0.06163490
v 0.04524741 -0.05037508 -0.06010607
v 0.04101440 -0.04813224 -0.05972017
v 0.03730262 -0.06977923 -0.04210377
v 0.04778476 -0.04395328 -0.06567147
v 0.04356203 -0.04136678 -0.06483971
v 0.03932564 -0.03993758 -0.06390788
v 0.04464838 -0.03538608 -0.06476978
v 0.04377373 -0.02300014 -0.05635836
v 0.04018378 -0.03469535 -0.06263955
v 0.04078875 -0.02392354 -0.05470818
v 0.03444515 -0.03323977 -0.06021715
v 0.03311158 -0.03545492 -0.06021619
v 0.03517134 -0.02479646 -0.05231768
v 0.03713463 -0.02065363 -0.04782558
v 0.03292005 -0.02617236 -0.05085194
v 0.03491765 -0.02194485 -0.04596567
v 0.03001235 -0.03142270 -0.04585148
v 0.03199970 -0.02718790 -0.04075193
v 0.02191080 -0.05032370 -0.02810100
v 0.03045058 -0.04094905 -0.05562761
v 0.02247118 -0.05984648 -0.03809295
v 0.03685256 -0.04637492 -0.05923960
v 0.02886559 -0.06577173 -0.04141782
v 0.03296337 -0.06777137 -0.04163735
v 0.02648853 -0.07121595 -0.03529237
v 0.02050138 -0.06527687 -0.03260197
v 0.03041164 -0.07354523 -0.03532487
v 0.02502275 -0.07151679 -0.02823116
v 0.02049317 -0.06690764 -0.02871320
v 0.02408274 -0.06443906 -0.01671027
v 0.02821504 -0.07527947 -0.02744225
v 0.03276079 -0.07981051 -0.03114904
v 0.02557761 -0.06712810 -0.01497269
v 0.02745385 -0.07837842 -0.02331519
v 0.02323216 -0.08220648 -0.01968091
v 0.03102785 -0.08291457 -0.02783490
v 0.02505541 -0.06979607 -0.01266181
v 0.02508493 -0.06665911 -0.00769534
v 0.02110580 -0.07368436 -0.00969301
v 0.02104056 -0.07076364 -0.00496502
v 0.01620690 -0.07551246 -0.00885658
v 0.01606442 -0.07283172 -0.00430346
v 0.01814888 -0.08367606 -0.01845550
v 0.00979348 -0.07626054 -0.00924797
v 0.00952946 -0.07381763 -0.00495062
v 0.00199190 -0.07609495 -0.01033907
v 0.01161712 -0.08392340 -0.01842426
v 0.00386602 -0.08332617 -0.01907668
v -0.00674296 -0.07496174 -0.01163552
v 0.00154934 -0.07383684 -0.00632175
v -0.00742918 -0.07276303 -0.00783132
v 0.00172161 -0.07372529 -0.00428137
v -0.00749772 -0.07267076 -0.00602567
v 0.01003162 -0.07360275 -0.00256399
v 0.00203378 -0.07391755 -0.00238865
v 0.01087397 -0.07360752 -0.00002792
v 0.00171850 -0.07396553 -0.00003402
v -0.00749658 -0.07289791 -0.00448939
v -0.00798597 -0.07304472 -0.00262689
v -0.01731134 -0.07061675 -0.00585916
v -0.02705003 -0.06716876 -0.00618659
v -0.01716353 -0.07041299 -0.00722286
v -0.01782877 -0.07079737 -0.00422025
v -0.02751118 -0.06737565 -0.00465477
v -0.01993418 -0.06961374 0.00044042
v -0.01961255 -0.06486839 0.00632630
v -0.01087597 -0.07150676 0.00236246
v -0.02885044 -0.06651229 -0.00015128
v -0.03728944 -0.06232093 0.00061998
v -0.02714222 -0.06225555 0.00580263
v -0.03426433 -0.05870134 0.00646092
v -0.04070637 -0.05434111 0.00827725
v -0.04493002 -0.05719680 0.00273339
v -0.03670319 -0.06291201 -0.00383817
v -0.03636238 -0.06266152 -0.00531619
v -0.01196481 -0.06643939 0.00801364
v -0.00201383 -0.07210843 0.00552825
v -0.00449415 -0.06690775 0.01079919
v 0.00633737 -0.07137102 0.00981221
v 0.01395436 -0.06923044 0.01510435
v 0.01111612 -0.07331605 0.00343824
v 0.00251454 -0.06625641 0.01457481
v 0.00879000 -0.06450974 0.01919611
v 0.01409220 -0.06173346 0.02448742
v 0.01821682 -0.05803639 0.03024180
v 0.02025575 -0.06581311 0.02151518
v 0.02507532 -0.06133329 0.02841253
v 0.02766898 -0.06592596 0.01598817
v 0.02078898 -0.07049306 0.00789202
v 0.03250384 -0.06046531 0.02397380
v 0.03112939 -0.06309914 0.01354532
v 0.03407472 -0.05784443 0.01008972
v 0.02685215 -0.06708557 0.00673159
v 0.03497494 -0.05770374 0.02127308
v 0.03767962 -0.05120463 0.02950339
v 0.03713692 -0.05263891 0.01738889
v 0.03941623 -0.04631815 0.02532213
v 0.03791903 -0.04946717 0.01511082
v 0.03501550 -0.05458007 0.00800652
v 0.03802422 -0.04647504 0.01332679
v 0.04009219 -0.04328652 0.02284463
v 0.04095215 -0.03629322 0.03074817
v 0.04018407 -0.04050228 0.02079559
v 0.04103788 -0.03377196 0.02839880
v 0.03983903 -0.03563052 0.01743693
v 0.04032094 -0.03175899 0.01438228
v 0.04070029 -0.02947775 0.02439365
v 0.03766364 -0.04113562 0.01052026
v 0.03462294 -0.04582261 0.00400054
v 0.03814176 -0.03703390 0.00771929
v 0.03505271 -0.04155860 0.00136919
v 0.04040135 -0.03091595 0.00220844
v 0.03729426 -0.03542305 -0.00408768
v 0.04258467 -0.02568299 0.00880866
v 0.04890867 -0.01070184 -0.01689537
v 0.05111258 -0.00538256 -0.01031108
v 0.04576221 -0.01534360 -0.02311205
v 0.05159579 -0.00520152 -0.02241520
v 0.05380324 0.00020880 -0.01575379
v 0.05314510 -0.00371133 -0.02462263
v 0.04845710 -0.00992221 -0.02866810
v 0.05003696 -0.00857461 -0.03098999
v 0.04483760 -0.01387829 -0.03421580
v 0.04116059 -0.01707376 -0.03887829
v 0.04211318 -0.01923376 -0.02867702
v 0.04650460 -0.01261752 -0.03655287
v 0.05016570 -0.01118094 -0.04095697
v 0.04298204 -0.01584219 -0.04112356
v 0.03978494 -0.01838641 -0.04475685
v 0.04702933 -0.01453038 -0.04522557
v 0.04901236 -0.01332588 -0.04769454
v 0.04433545 -0.01708629 -0.04834028
v 0.04222104 -0.01933577 -0.05079768
v 0.04652599 -0.01590502 -0.05051568
v 0.04466850 -0.01816644 -0.05264799
v 0.04766154 -0.01387080 -0.05322023
v 0.04692319 -0.00984861 -0.05854426
v 0.05009314 -0.01126659 -0.05066949
v 0.04591928 -0.01613066 -0.05508440
v 0.05313790 -0.00778675 -0.04673356
v 0.04946553 -0.00722761 -0.05646704
v 0.05257157 -0.00268121 -0.05272440
v 0.04575768 -0.00386572 -0.06100480
v 0.04373339 -0.00736258 -0.06256653
v 0.03809397 -0.00554626 -0.06639288
v 0.05658268 -0.00325761 -0.04110560
v 0.05200675 -0.00990432 -0.04360432
v 0.05526713 -0.00546355 -0.03805792
v 0.05348367 -0.00687323 -0.03539742
v 0.05831268 -0.00000677 -0.03127686
v 0.05652370 -0.00160975 -0.02875149
v 0.06055725 0.00634628 -0.02370401
v 0.06144375 0.01340285 -0.01586058
v 0.05874103 0.00450182 -0.02141229
v 0.05961348 0.01127991 -0.01385376
v 0.05535404 0.00188655 -0.01777297
v 0.05622281 0.00806682 -0.01081899
v 0.05543159 0.01461875 -0.00413127
v 0.05466968 0.00616918 -0.00902920
v 0.05197977 0.00047925 -0.00368818
v 0.05390385 0.01247912 -0.00258172
v 0.05143012 0.01886832 0.00330017
v 0.05122931 0.00668935 0.00264406
v 0.04879458 0.01298587 0.00839899
v 0.04271733 -0.01367080 0.02165401
v 0.04344837 -0.01987062 0.01539783
v 0.04044853 -0.01961104 0.02735396
v 0.04033531 -0.00732278 0.02727520
v 0.03805678 -0.01316844 0.03301881
v 0.03638895 -0.00108355 0.03199901
v 0.04475122 0.01908637 0.01333964
v 0.03409720 -0.00680924 0.03776326
v 0.03107744 0.00481931 0.03565620
v 0.02877004 -0.00076331 0.04140874
v 0.02469583 0.01022771 0.03822625
v 0.03929045 0.02474508 0.01730444
v 0.02237006 0.00479909 0.04393985
v 0.02111765 0.00275246 0.04874569
v 0.01531216 0.00980813 0.04560398
v 0.01973435 0.00154215 0.05598481
v 0.02778592 -0.00308208 0.04597403
v 0.03333074 -0.00944335 0.04205102
v 0.02700390 -0.00481266 0.05265558
v 0.03303504 -0.01178473 0.04809330
v 0.02640417 -0.00617938 0.05623013
v 0.01884244 0.00040890 0.05980579
v 0.03266352 -0.01342372 0.05137627
v 0.03728420 -0.02105617 0.04535064
v 0.03749507 -0.01912393 0.04237586
v 0.04006399 -0.02878167 0.03837403
v 0.04018297 -0.02654982 0.03571244
v 0.03942223 -0.03147713 0.04123715
v 0.04031896 -0.03916270 0.03342103
v 0.03875322 -0.04389213 0.03781032
v 0.03684614 -0.04683259 0.04044409
v 0.03559823 -0.05403471 0.03220945
v 0.02983661 -0.04981765 0.04278490
v 0.02235070 -0.04847709 0.04225236
v 0.02831108 -0.05593455 0.03559263
v 0.02100494 -0.05356065 0.03624046
v 0.03992906 -0.02289453 0.03102692
v 0.03744558 -0.01612870 0.03700602
v 0.01768639 -0.00164363 0.06332847
v 0.04731670 0.02504368 0.00837957
v 0.04118410 -0.02588660 0.02103681
v 0.05289028 0.02126756 0.00198357
v 0.05875442 0.01849140 -0.00653007
v 0.06055779 0.02092054 -0.00823942
v 0.06218726 0.02373310 -0.01054342
v 0.03776282 -0.01963455 -0.04268272
v 0.03491369 -0.02490026 -0.03733157
v 0.03838271 -0.02237759 -0.03341382
v 0.02664924 -0.04427221 -0.01899547
v 0.02381214 -0.04629324 -0.02271377
v 0.02459488 -0.05028605 -0.01361402
v 0.03003959 -0.04202342 -0.01478833
v 0.03370119 -0.03912368 -0.00981269
v 0.02790377 -0.04810201 -0.00939571
v 0.02782547 -0.05242790 -0.00675085
v 0.03149963 -0.04524583 -0.00439546
v 0.03119906 -0.04958491 -0.00181864
v 0.03196639 -0.05531920 0.00043829
v 0.03198940 -0.05845113 0.00192606
v 0.02908735 -0.05804413 -0.00441552
v 0.03509836 -0.05146179 0.00642031
v 0.02669346 -0.05987255 -0.00821160
v 0.02932504 -0.06107287 -0.00291396
v 0.02722356 -0.06271595 -0.00661232
v 0.02827496 -0.06417985 -0.00104314
v 0.02633242 -0.06559892 -0.00470562
v 0.02393962 -0.06913559 0.00159456
v 0.03089985 -0.06171937 0.00384779
v 0.02208948 -0.07007681 -0.00205733
v 0.01852063 -0.07195046 0.00190340
v 0.01691039 -0.07241478 -0.00155649
v 0.02577955 -0.06397486 -0.00968494
v 0.02490719 -0.06132543 -0.01141695
v 0.02233176 -0.05633018 -0.01432924
v 0.02065789 -0.05976376 -0.01950841
v 0.02479973 -0.05452964 -0.01080893
v 0.02184147 -0.05222870 -0.01733406
v 0.02000219 -0.05612282 -0.02271506
v -0.01695125 -0.07053541 -0.00890076
v -0.02686882 -0.06697776 -0.00746344
v -0.02660345 -0.06713906 -0.00908642
v 0.02065320 -0.08778937 -0.02295206
v 0.02610653 -0.08653317 -0.02425027
v 0.03213746 -0.09007287 -0.02945285
v 0.03797536 -0.08694577 -0.03256411
v 0.03311408 -0.09046304 -0.03098481
v 0.03317244 -0.09052300 -0.03149056
v 0.03917779 -0.08750123 -0.03394106
v 0.04039353 -0.08415252 -0.03526398
v 0.04273922 -0.08007921 -0.03924274
v 0.03472404 -0.07586174 -0.03611753
v -0.01591032 -0.08737427 -0.03316612
v -0.02195084 -0.08618454 -0.03404154
v -0.02609098 -0.08342195 -0.03586458
v -0.07395633 -0.03530683 -0.01158223
v -0.06979619 -0.03218942 -0.00201969
v -0.07083616 -0.02619770 0.00360986
v -0.07428959 -0.02752360 -0.00359051
v -0.06149016 -0.04039900 0.00088527
v -0.05923580 -0.04252769 0.00271660
v -0.06515780 -0.03254690 0.00737768
v -0.06337925 -0.03489252 0.00887511
v -0.06715656 -0.02448839 0.01451215
v -0.06577333 -0.02704531 0.01590078
v -0.06764375 -0.01502676 0.02332893
v -0.07132865 -0.01990985 0.00964058
v -0.07149627 -0.01304733 0.01604387
v -0.07438000 -0.01676531 0.00773698
v -0.07434044 -0.01052754 0.01397060
v -0.07435546 -0.02262543 0.00163135
v -0.07422738 -0.00403675 0.02013417
v -0.07142183 -0.00553761 0.02242014
v -0.07391587 0.00618809 0.02940172
v -0.07098523 0.00553808 0.03133862
v -0.07318823 0.01405090 0.03539906
v -0.07027376 0.01373930 0.03716630
v -0.06735007 0.01403126 0.04018321
v -0.06553540 0.01475449 0.04209512
v -0.06781415 0.00581791 0.03580814
v -0.06802524 -0.00574672 0.02898421
v -0.06574195 0.00716426 0.03887005
v -0.06329758 0.00890148 0.04196750
v -0.06572708 -0.00280546 0.03450514
v -0.06301497 0.00062387 0.03966620
v -0.06548711 -0.00898651 0.03193341
v -0.06502013 -0.01257899 0.03136672
v -0.06270383 -0.00403218 0.03869672
v -0.06231137 -0.00701494 0.03859880
v -0.05919734 0.00008982 0.04471404
v -0.05865076 -0.00237274 0.04520284
v -0.05519170 0.00343835 0.04998165
v -0.05966625 0.00382585 0.04463622
v -0.06015652 0.01073613 0.04530087
v -0.05580322 0.00656644 0.04917789
v -0.05156311 0.00877995 0.05316954
v -0.05630649 0.01249845 0.04871162
v -0.05176487 0.01411764 0.05206657
v -0.05664173 0.01804734 0.04916100
v -0.05200507 0.01931150 0.05201535
v -0.06042136 0.01684584 0.04648575
v -0.06335726 0.01572633 0.04410837
v -0.04659829 0.02069976 0.05484174
v -0.04659102 0.01561701 0.05524155
v -0.04088162 0.01698563 0.05812459
v -0.04706586 0.01053363 0.05658913
v -0.04653105 0.00805936 0.05801044
v -0.04246272 0.01187767 0.05947119
v -0.04238331 0.00960039 0.06073040
v -0.03795655 0.01270285 0.06190166
v -0.03922119 0.01064205 0.06239691
v -0.03343510 0.01263885 0.06424756
v -0.03657237 0.01017045 0.06414989
v -0.02901541 0.01738142 0.06288613
v -0.02808752 0.01199013 0.06664983
v -0.02151982 0.01066190 0.06892886
v -0.02304958 0.01638604 0.06476183
v -0.03227786 0.00939347 0.06655128
v -0.02647095 0.00808500 0.06920544
v -0.03723604 0.00743057 0.06481478
v -0.04272319 0.00542980 0.06172381
v -0.03321277 0.00638475 0.06722192
v -0.04044874 0.00840968 0.06255299
v -0.04500543 0.00654668 0.05974502
v -0.04974492 0.00428795 0.05587544
v -0.05437017 0.00137657 0.05100768
v -0.05090345 0.00604989 0.05442006
v -0.04821457 0.00301631 0.05746182
v -0.05340515 -0.00010222 0.05215275
v -0.04657072 0.00208583 0.05901013
v -0.05245172 -0.00113619 0.05327589
v -0.04459538 0.00083325 0.06053715
v -0.04008096 0.00451199 0.06372257
v -0.03707871 0.00296638 0.06555861
v -0.02851022 0.00419328 0.06941546
v -0.05118759 -0.00227103 0.05454644
v -0.05755886 -0.00527937 0.04669723
v -0.05807190 -0.00410373 0.04591860
v -0.06165082 -0.01033141 0.03951138
v -0.06443328 -0.01620329 0.03200264
v -0.06193209 -0.00902173 0.03896232
v -0.06464686 -0.01481374 0.03154432
v -0.06584682 -0.02140990 0.02397071
v -0.06637036 -0.01919669 0.02364133
v -0.06521723 -0.02866544 0.01660878
v -0.06560955 -0.02275738 0.02448526
v -0.06496611 -0.02979754 0.01727702
v -0.06529615 -0.02369710 0.02554553
v -0.06471073 -0.03060947 0.01842811
v -0.06247376 -0.03704372 0.01066846
v -0.06274254 -0.03614200 0.00982998
v -0.02016362 0.01878627 0.06288378
v -0.01631269 0.01483262 0.06618240
v -0.01366991 0.01692649 0.06368891
v 0.05658753 0.02407537 -0.03772139
v 0.02969474 -0.00557814 -0.07033941
v 0.04866173 -0.03600025 -0.07996163
v 0.05340649 -0.04125103 -0.07713960
v 0.06348135 -0.05577252 -0.06879281
v 0.06279424 -0.05866445 -0.07227762
v 0.06091685 -0.05933961 -0.07399469
v 0.06293331 -0.06524071 -0.06621384
v 0.06095727 -0.06592853 -0.06791623
v 0.05722533 -0.08307669 -0.04954799
v 0.05517265 -0.08381893 -0.05119686
v 0.05063770 -0.08921088 -0.04605403
f 2 213 4
f 2 4 1
f 210 2 1
f 210 1 3
f 5 7 3
f 5 3 1
f 4 6 5
f 4 5 1
f 5 6 9
f 5 9 8
f 7 5 8
f 7 8 10
f 8 9 13
f 8 13 11
f 10 8 11
f 10 11 12
f 11 14 16
f 11 16 12
f 13 15 14
f 13 14 11
f 20 17 14
f 20 14 15
f 17 18 16
f 17 16 14
f 19 55 18
f 19 18 17
f 21 19 17
f 21 17 20
f 24 21 20
f 24 20 22
f 22 20 15
f 22 15 23
f 25 22 23
f 25 23 28
f 26 24 22
f 26 22 25
f 39 26 25
f 39 25 27
f 27 25 28
f 27 28 30
f 31 30 28
f 31 28 29
f 29 28 23
f 29 23 324
f 35 27 30
f 35 30 32
f 33 32 30
f 33 30 31
f 306 34 32
f 306 32 33
f 36 35 32
f 36 32 34
f 38 37 35
f 38 35 36
f 37 39 27
f 37 27 35
f 40 37 38
f 40 38 41
f 39 37 40
f 39 40 43
f 265 42 40
f 265 40 41
f 42 44 43
f 42 43 40
f 44 46 45
f 44 45 43
f 45 26 39
f 45 39 43
f 46 48 47
f 46 47 45
f 24 26 45
f 24 45 47
f 48 50 49
f 48 49 47
f 49 21 24
f 49 24 47
f 50 52 51
f 50 51 49
f 51 19 21
f 51 21 49
f 52 56 53
f 52 53 51
f 53 55 19
f 53 19 51
f 54 409 55
f 54 55 53
f 56 57 54
f 56 54 53
f 58 61 57
f 58 57 56
f 59 58 56
f 59 56 52
f 107 60 58
f 107 58 59
f 60 63 61
f 60 61 58
f 63 65 62
f 63 62 61
f 61 62 406
f 61 406 57
f 75 64 63
f 75 63 60
f 64 67 65
f 64 65 63
f 67 68 66
f 67 66 65
f 65 66 349
f 65 349 62
f 68 67 69
f 68 69 70
f 67 64 72
f 67 72 69
f 70 69 71
f 70 71 366
f 69 72 73
f 69 73 71
f 72 74 77
f 72 77 73
f 64 75 74
f 64 74 72
f 75 108 76
f 75 76 74
f 74 76 78
f 74 78 77
f 77 78 82
f 77 82 79
f 73 77 79
f 73 79 81
f 80 392 81
f 80 81 79
f 84 80 79
f 84 79 82
f 78 96 83
f 78 83 82
f 85 84 82
f 85 82 83
f 86 85 83
f 86 83 87
f 88 86 87
f 88 87 90
f 89 88 90
f 89 90 91
f 92 93 91
f 92 91 90
f 95 92 90
f 95 90 87
f 94 436 93
f 94 93 92
f 97 94 92
f 97 92 95
f 96 95 87
f 96 87 83
f 98 97 95
f 98 95 96
f 100 99 97
f 100 97 98
f 99 101 94
f 99 94 97
f 99 100 105
f 99 105 102
f 101 99 102
f 101 102 104
f 102 105 106
f 102 106 103
f 104 102 103
f 104 103 110
f 100 108 107
f 100 107 105
f 105 107 59
f 105 59 106
f 108 75 60
f 108 60 107
f 108 100 98
f 108 98 76
f 103 106 50
f 103 50 48
f 106 59 52
f 106 52 50
f 118 101 104
f 118 104 109
f 109 104 110
f 109 110 111
f 110 103 48
f 110 48 46
f 111 110 46
f 111 46 44
f 112 111 44
f 112 44 42
f 114 109 111
f 114 111 112
f 113 112 42
f 113 42 265
f 115 114 112
f 115 112 113
f 119 116 114
f 119 114 115
f 116 118 109
f 116 109 114
f 116 119 121
f 116 121 117
f 118 116 117
f 118 117 436
f 119 120 123
f 119 123 121
f 120 119 115
f 120 115 267
f 117 121 122
f 117 122 435
f 121 123 125
f 121 125 122
f 120 305 124
f 120 124 123
f 123 124 127
f 123 127 125
f 122 125 126
f 122 126 432
f 125 127 128
f 125 128 126
f 127 129 132
f 127 132 128
f 124 131 129
f 124 129 127
f 129 130 133
f 129 133 132
f 131 304 130
f 131 130 129
f 136 134 132
f 136 132 133
f 134 135 128
f 134 128 132
f 137 136 133
f 137 133 138
f 139 137 138
f 139 138 141
f 140 139 141
f 140 141 142
f 143 144 142
f 143 142 141
f 145 143 141
f 145 141 138
f 146 147 144
f 146 144 143
f 148 146 143
f 148 143 145
f 149 151 147
f 149 147 146
f 150 149 146
f 150 146 148
f 149 150 153
f 149 153 152
f 151 149 152
f 151 152 155
f 152 153 301
f 152 301 154
f 155 152 154
f 155 154 156
f 157 155 156
f 157 156 158
f 159 151 155
f 159 155 157
f 160 157 158
f 160 158 163
f 161 159 157
f 161 157 160
f 389 161 160
f 389 160 162
f 162 160 163
f 162 163 164
f 164 163 165
f 164 165 166
f 163 158 168
f 163 168 165
f 166 165 167
f 166 167 396
f 165 168 169
f 165 169 167
f 158 156 170
f 158 170 168
f 168 170 171
f 168 171 169
f 170 172 174
f 170 174 171
f 156 154 172
f 156 172 170
f 154 301 173
f 154 173 172
f 172 173 175
f 172 175 174
f 176 174 175
f 176 175 177
f 179 171 174
f 179 174 176
f 238 178 176
f 238 176 177
f 178 181 179
f 178 179 176
f 180 169 171
f 180 171 179
f 181 182 180
f 181 180 179
f 183 186 182
f 183 182 181
f 185 183 181
f 185 181 178
f 184 188 186
f 184 186 183
f 235 184 183
f 235 183 185
f 186 187 400
f 186 400 182
f 188 190 187
f 188 187 186
f 189 191 190
f 189 190 188
f 236 189 188
f 236 188 184
f 191 193 192
f 191 192 190
f 190 192 194
f 190 194 187
f 193 196 195
f 193 195 192
f 192 195 197
f 192 197 194
f 196 201 198
f 196 198 195
f 195 198 199
f 195 199 197
f 198 200 337
f 198 337 199
f 201 202 200
f 201 200 198
f 202 203 204
f 202 204 200
f 203 205 206
f 203 206 204
f 205 207 208
f 205 208 206
f 207 209 210
f 207 210 208
f 209 211 2
f 209 2 210
f 211 212 213
f 211 213 2
f 212 214 215
f 212 215 213
f 214 216 217
f 214 217 215
f 216 218 219
f 216 219 217
f 218 220 221
f 218 221 219
f 220 222 223
f 220 223 221
f 222 224 225
f 222 225 223
f 224 226 227
f 224 227 225
f 226 228 229
f 226 229 227
f 228 230 231
f 228 231 229
f 230 232 233
f 230 233 231
f 232 234 235
f 232 235 233
f 234 236 184
f 234 184 235
f 233 235 185
f 233 185 237
f 231 233 237
f 231 237 239
f 237 185 178
f 237 178 238
f 239 237 238
f 239 238 240
f 239 240 297
f 239 297 241
f 241 291 242
f 241 242 239
f 242 245 243
f 242 243 239
f 229 231 239
f 229 239 243
f 227 229 243
f 227 243 244
f 243 245 246
f 243 246 244
f 246 245 247
f 246 247 248
f 245 242 249
f 245 249 247
f 248 247 250
f 248 250 253
f 247 249 251
f 247 251 250
f 287 252 250
f 287 250 251
f 250 252 255
f 250 255 253
f 307 248 253
f 307 253 254
f 253 255 257
f 253 257 254
f 293 256 255
f 293 255 252
f 256 258 257
f 256 257 255
f 254 257 34
f 254 34 306
f 258 36 34
f 258 34 257
f 259 38 36
f 259 36 258
f 260 259 258
f 260 258 256
f 261 259 260
f 261 260 262
f 38 259 261
f 38 261 41
f 263 265 41
f 263 41 261
f 264 263 261
f 264 261 262
f 268 266 263
f 268 263 264
f 266 113 265
f 266 265 263
f 267 115 113
f 267 113 266
f 269 267 266
f 269 266 268
f 271 269 268
f 271 268 270
f 270 268 264
f 270 264 273
f 300 271 270
f 300 270 272
f 272 270 273
f 272 273 275
f 273 264 262
f 273 262 274
f 275 273 274
f 275 274 277
f 276 299 272
f 276 272 275
f 279 276 275
f 279 275 277
f 274 294 278
f 274 278 277
f 277 278 280
f 277 280 279
f 279 280 284
f 279 284 281
f 281 282 276
f 281 276 279
f 295 282 281
f 295 281 283
f 285 283 281
f 285 281 284
f 285 284 286
f 285 286 289
f 284 280 288
f 284 288 286
f 287 286 288
f 287 288 292
f 289 286 287
f 289 287 251
f 251 249 290
f 251 290 289
f 285 289 290
f 285 290 291
f 242 291 290
f 242 290 249
f 283 285 291
f 283 291 241
f 278 292 288
f 278 288 280
f 292 293 252
f 292 252 287
f 278 294 293
f 278 293 292
f 294 260 256
f 294 256 293
f 260 294 274
f 260 274 262
f 283 241 297
f 283 297 295
f 296 295 297
f 296 297 240
f 296 298 282
f 296 282 295
f 240 238 177
f 240 177 296
f 177 175 298
f 177 298 296
f 282 298 299
f 282 299 276
f 173 299 298
f 173 298 175
f 301 272 299
f 301 299 173
f 153 300 272
f 153 272 301
f 302 303 271
f 302 271 300
f 150 302 300
f 150 300 153
f 303 302 304
f 303 304 131
f 302 150 148
f 302 148 304
f 304 148 145
f 304 145 130
f 303 305 269
f 303 269 271
f 305 303 131
f 305 131 124
f 305 120 267
f 305 267 269
f 309 307 254
f 309 254 306
f 308 246 248
f 308 248 307
f 311 308 307
f 311 307 309
f 310 309 306
f 310 306 33
f 312 311 309
f 312 309 310
f 313 311 312
f 313 312 315
f 314 308 311
f 314 311 313
f 223 225 314
f 223 314 313
f 221 223 313
f 221 313 315
f 219 221 315
f 219 315 316
f 315 312 318
f 315 318 316
f 217 219 316
f 217 316 317
f 316 318 319
f 316 319 317
f 319 318 320
f 319 320 321
f 318 312 310
f 318 310 320
f 321 320 31
f 321 31 29
f 320 310 33
f 320 33 31
f 322 321 29
f 322 29 324
f 323 319 321
f 323 321 322
f 6 323 322
f 6 322 9
f 9 322 324
f 9 324 13
f 324 23 15
f 324 15 13
f 317 319 323
f 317 323 325
f 325 323 6
f 325 6 4
f 213 215 325
f 213 325 4
f 215 217 317
f 215 317 325
f 246 308 314
f 246 314 244
f 225 227 244
f 225 244 314
f 208 210 3
f 208 3 326
f 206 208 326
f 206 326 327
f 326 328 330
f 326 330 327
f 3 7 328
f 3 328 326
f 330 328 329
f 330 329 331
f 328 7 10
f 328 10 329
f 332 330 331
f 332 331 334
f 327 330 332
f 327 332 335
f 332 334 426
f 332 426 333
f 335 332 333
f 335 333 336
f 335 336 340
f 335 340 338
f 204 206 327
f 204 327 335
f 200 204 335
f 200 335 337
f 337 335 338
f 337 338 339
f 339 338 341
f 339 341 343
f 341 338 340
f 341 340 342
f 342 345 344
f 342 344 341
f 344 346 343
f 344 343 341
f 348 347 344
f 348 344 345
f 347 350 346
f 347 346 344
f 404 349 347
f 404 347 348
f 349 351 350
f 349 350 347
f 350 352 353
f 350 353 346
f 351 355 352
f 351 352 350
f 352 354 394
f 352 394 353
f 355 356 354
f 355 354 352
f 358 357 355
f 358 355 351
f 357 359 356
f 357 356 355
f 363 360 357
f 363 357 358
f 360 361 359
f 360 359 357
f 361 360 362
f 361 362 387
f 360 363 364
f 360 364 362
f 363 68 70
f 363 70 364
f 68 363 358
f 68 358 66
f 362 364 365
f 362 365 367
f 364 70 366
f 364 366 365
f 365 366 369
f 365 369 368
f 367 365 368
f 367 368 371
f 390 370 368
f 390 368 369
f 370 372 371
f 370 371 368
f 372 376 373
f 372 373 371
f 375 367 371
f 375 371 373
f 388 375 373
f 388 373 374
f 376 377 374
f 376 374 373
f 377 378 379
f 377 379 374
f 378 380 381
f 378 381 379
f 380 140 142
f 380 142 381
f 382 383 379
f 382 379 381
f 144 382 381
f 144 381 142
f 384 385 383
f 384 383 382
f 147 384 382
f 147 382 144
f 159 161 385
f 159 385 384
f 151 159 384
f 151 384 147
f 385 386 388
f 385 388 383
f 161 389 386
f 161 386 385
f 389 361 387
f 389 387 386
f 386 387 375
f 386 375 388
f 361 389 162
f 361 162 359
f 383 388 374
f 383 374 379
f 387 362 367
f 387 367 375
f 391 390 369
f 391 369 393
f 392 391 393
f 392 393 81
f 366 71 393
f 366 393 369
f 71 73 81
f 71 81 393
f 359 162 164
f 359 164 356
f 66 358 351
f 66 351 349
f 356 164 166
f 356 166 354
f 354 166 396
f 354 396 394
f 403 353 394
f 403 394 395
f 395 394 396
f 395 396 397
f 397 396 167
f 397 167 399
f 398 401 395
f 398 395 397
f 400 398 397
f 400 397 399
f 182 400 399
f 182 399 180
f 399 167 169
f 399 169 180
f 187 194 398
f 187 398 400
f 194 197 401
f 194 401 398
f 401 402 403
f 401 403 395
f 197 199 402
f 197 402 401
f 199 337 339
f 199 339 402
f 402 339 343
f 402 343 403
f 343 346 353
f 343 353 403
f 62 349 404
f 62 404 406
f 405 404 348
f 405 348 424
f 406 404 405
f 406 405 407
f 57 406 407
f 57 407 54
f 410 408 407
f 410 407 405
f 407 408 409
f 407 409 54
f 409 408 411
f 409 411 413
f 408 410 414
f 408 414 411
f 413 411 412
f 413 412 429
f 411 414 415
f 411 415 412
f 415 414 416
f 415 416 418
f 410 417 416
f 410 416 414
f 420 418 416
f 420 416 417
f 425 415 418
f 425 418 419
f 419 418 420
f 419 420 421
f 420 422 423
f 420 423 421
f 422 420 417
f 422 417 424
f 423 422 345
f 423 345 342
f 424 348 345
f 424 345 422
f 424 417 410
f 424 410 405
f 336 333 421
f 336 421 423
f 423 342 340
f 423 340 336
f 421 333 426
f 421 426 419
f 425 419 426
f 425 426 334
f 427 412 415
f 427 415 425
f 334 331 427
f 334 427 425
f 331 329 428
f 331 428 427
f 429 412 427
f 429 427 428
f 329 10 12
f 329 12 428
f 12 16 429
f 12 429 428
f 18 413 429
f 18 429 16
f 55 409 413
f 55 413 18
f 130 145 138
f 130 138 133
f 135 430 126
f 135 126 128
f 430 431 432
f 430 432 126
f 431 433 434
f 431 434 432
f 433 89 91
f 433 91 434
f 93 435 434
f 93 434 91
f 435 122 432
f 435 432 434
f 436 117 435
f 436 435 93
f 101 118 436
f 101 436 94
f 76 98 96
f 76 96 78
f 438 437 439
f 438 439 641
f 437 440 441
f 437 441 439
f 440 442 443
f 440 443 441
f 442 444 445
f 442 445 443
f 444 446 447
f 444 447 445
f 446 448 449
f 446 449 447
f 448 450 451
f 448 451 449
f 450 452 453
f 450 453 451
f 452 454 455
f 452 455 453
f 454 456 457
f 454 457 455
f 456 458 459
f 456 459 457
f 458 460 461
f 458 461 459
f 460 462 463
f 460 463 461
f 462 464 465
f 462 465 463
f 464 466 468
f 464 468 465
f 466 467 471
f 466 471 468
f 733 465 468
f 733 468 469
f 468 470 736
f 468 736 469
f 471 470 468
f 467 473 472
f 467 472 471
f 470 471 472
f 470 472 475
f 473 700 474
f 473 474 472
f 475 472 474
f 475 474 477
f 475 476 736
f 475 736 470
f 477 478 476
f 477 476 475
f 479 481 478
f 479 478 477
f 474 480 479
f 474 479 477
f 479 480 483
f 479 483 482
f 485 481 479
f 485 479 482
f 484 482 483
f 484 483 552
f 487 485 482
f 487 482 484
f 481 485 486
f 481 486 738
f 485 487 489
f 485 489 486
f 488 487 484
f 488 484 701
f 487 488 490
f 487 490 489
f 491 494 486
f 491 486 489
f 491 489 490
f 491 490 493
f 492 491 493
f 492 493 514
f 491 492 496
f 491 496 494
f 494 495 738
f 494 738 486
f 496 498 495
f 496 495 494
f 498 496 497
f 498 497 500
f 492 509 497
f 492 497 496
f 495 498 499
f 495 499 715
f 498 500 501
f 498 501 499
f 502 503 501
f 502 501 500
f 505 502 500
f 505 500 497
f 502 504 703
f 502 703 503
f 506 504 502
f 506 502 505
f 505 507 508
f 505 508 506
f 507 505 497
f 507 497 509
f 510 512 508
f 510 508 507
f 510 507 509
f 510 509 513
f 511 510 513
f 511 513 515
f 510 511 674
f 510 674 512
f 514 517 515
f 514 515 513
f 509 492 514
f 509 514 513
f 511 515 516
f 511 516 678
f 515 517 519
f 515 519 516
f 517 514 493
f 517 493 518
f 517 518 521
f 517 521 519
f 516 519 520
f 516 520 687
f 523 520 519
f 523 519 521
f 518 702 522
f 518 522 521
f 523 521 522
f 523 522 525
f 523 524 682
f 523 682 520
f 526 524 523
f 526 523 525
f 526 525 522
f 526 522 528
f 527 683 524
f 527 524 526
f 527 526 528
f 527 528 530
f 702 529 528
f 702 528 522
f 528 529 531
f 528 531 530
f 534 532 530
f 534 530 531
f 535 527 530
f 535 530 532
f 537 535 532
f 537 532 533
f 547 533 532
f 547 532 534
f 535 536 683
f 535 683 527
f 537 538 536
f 537 536 535
f 539 541 538
f 539 538 537
f 539 537 533
f 539 533 542
f 540 539 542
f 540 542 543
f 540 619 541
f 540 541 539
f 546 543 542
f 546 542 544
f 544 542 533
f 544 533 547
f 544 547 548
f 544 548 545
f 546 544 545
f 546 545 616
f 547 534 549
f 547 549 548
f 549 552 550
f 549 550 548
f 548 550 553
f 548 553 545
f 553 550 551
f 553 551 555
f 550 552 483
f 550 483 551
f 616 545 553
f 616 553 554
f 554 553 555
f 554 555 557
f 556 559 557
f 556 557 555
f 697 556 555
f 697 555 551
f 559 560 558
f 559 558 557
f 566 554 557
f 566 557 558
f 560 561 563
f 560 563 558
f 561 562 564
f 561 564 563
f 568 565 563
f 568 563 564
f 565 566 558
f 565 558 563
f 567 615 566
f 567 566 565
f 570 567 565
f 570 565 568
f 569 568 564
f 569 564 696
f 572 570 568
f 572 568 569
f 573 571 570
f 573 570 572
f 571 613 567
f 571 567 570
f 575 573 572
f 575 572 574
f 574 572 569
f 574 569 576
f 577 579 575
f 577 575 574
f 578 577 574
f 578 574 576
f 579 580 581
f 579 581 575
f 580 582 583
f 580 583 581
f 582 584 585
f 582 585 583
f 584 586 588
f 584 588 585
f 586 587 589
f 586 589 588
f 589 592 590
f 589 590 588
f 588 590 593
f 588 593 585
f 598 591 590
f 598 590 592
f 591 595 593
f 591 593 590
f 585 593 594
f 585 594 583
f 595 596 594
f 595 594 593
f 597 599 596
f 597 596 595
f 591 598 597
f 591 597 595
f 597 598 601
f 597 601 600
f 597 600 603
f 597 603 599
f 600 601 655
f 600 655 602
f 600 602 605
f 600 605 603
f 604 603 605
f 604 605 607
f 690 599 603
f 690 603 604
f 607 605 606
f 607 606 609
f 602 659 606
f 602 606 605
f 604 607 608
f 604 608 688
f 607 609 611
f 607 611 608
f 609 610 612
f 609 612 611
f 609 606 617
f 609 617 610
f 613 611 612
f 613 612 614
f 571 608 611
f 571 611 613
f 613 614 615
f 613 615 567
f 614 546 616
f 614 616 615
f 614 612 543
f 614 543 546
f 615 616 554
f 615 554 566
f 610 540 543
f 610 543 612
f 610 617 619
f 610 619 540
f 659 618 617
f 659 617 606
f 618 620 619
f 618 619 617
f 620 621 541
f 620 541 619
f 620 622 624
f 620 624 621
f 618 623 622
f 618 622 620
f 622 623 626
f 622 626 625
f 624 622 625
f 624 625 628
f 627 625 626
f 627 626 646
f 630 628 625
f 630 625 627
f 686 624 628
f 686 628 629
f 632 629 628
f 632 628 630
f 627 640 631
f 627 631 630
f 630 631 634
f 630 634 632
f 633 675 629
f 633 629 632
f 632 634 635
f 632 635 633
f 634 636 637
f 634 637 635
f 631 638 636
f 631 636 634
f 638 439 441
f 638 441 636
f 636 441 443
f 636 443 637
f 639 638 631
f 639 631 640
f 639 641 439
f 639 439 638
f 645 642 639
f 645 639 640
f 642 644 641
f 642 641 639
f 643 672 644
f 643 644 642
f 647 643 642
f 647 642 645
f 646 645 640
f 646 640 627
f 648 647 645
f 648 645 646
f 652 649 647
f 652 647 648
f 649 650 643
f 649 643 647
f 651 661 650
f 651 650 649
f 653 651 649
f 653 649 652
f 652 654 657
f 652 657 653
f 648 656 654
f 648 654 652
f 658 655 654
f 658 654 656
f 655 601 657
f 655 657 654
f 653 657 592
f 653 592 589
f 601 598 592
f 601 592 657
f 646 626 656
f 646 656 648
f 623 658 656
f 623 656 626
f 602 655 658
f 602 658 659
f 659 658 623
f 659 623 618
f 589 660 651
f 589 651 653
f 660 663 661
f 660 661 651
f 661 662 670
f 661 670 650
f 663 664 662
f 663 662 661
f 665 666 664
f 665 664 663
f 667 665 663
f 667 663 660
f 587 667 660
f 587 660 589
f 666 668 662
f 666 662 664
f 668 669 670
f 668 670 662
f 669 671 672
f 669 672 670
f 671 673 644
f 671 644 672
f 673 438 641
f 673 641 644
f 650 670 672
f 650 672 643
f 635 637 508
f 635 508 512
f 443 506 508
f 443 508 637
f 635 512 674
f 635 674 633
f 677 675 633
f 677 633 674
f 679 676 675
f 679 675 677
f 676 686 629
f 676 629 675
f 677 674 511
f 677 511 678
f 680 679 677
f 680 677 678
f 681 679 680
f 681 680 682
f 684 676 679
f 684 679 681
f 681 682 524
f 681 524 683
f 684 681 683
f 684 683 536
f 685 686 676
f 685 676 684
f 685 684 536
f 685 536 538
f 621 685 538
f 621 538 541
f 621 624 686
f 621 686 685
f 680 687 520
f 680 520 682
f 687 680 678
f 687 678 516
f 573 688 608
f 573 608 571
f 690 604 688
f 690 688 689
f 575 689 688
f 575 688 573
f 692 690 689
f 692 689 691
f 581 691 689
f 581 689 575
f 583 594 691
f 583 691 581
f 596 692 691
f 596 691 594
f 596 599 690
f 596 690 692
f 693 578 576
f 693 576 694
f 695 693 694
f 695 694 696
f 562 695 696
f 562 696 564
f 576 569 696
f 576 696 694
f 698 697 551
f 698 551 483
f 699 698 483
f 699 483 480
f 700 699 480
f 700 480 474
f 484 552 549
f 484 549 701
f 531 701 549
f 531 549 534
f 529 488 701
f 529 701 531
f 488 529 702
f 488 702 490
f 518 493 490
f 518 490 702
f 443 445 504
f 443 504 506
f 504 445 447
f 504 447 703
f 703 447 449
f 703 449 704
f 503 703 704
f 503 704 705
f 706 707 705
f 706 705 704
f 704 449 451
f 704 451 706
f 708 707 706
f 708 706 453
f 453 706 451
f 707 708 710
f 707 710 709
f 705 707 709
f 705 709 712
f 722 711 709
f 722 709 710
f 713 712 709
f 713 709 711
f 499 501 712
f 499 712 713
f 503 705 712
f 503 712 501
f 715 499 713
f 715 713 714
f 714 713 711
f 714 711 717
f 737 715 714
f 737 714 716
f 716 714 717
f 716 717 718
f 717 719 720
f 717 720 718
f 711 722 719
f 711 719 717
f 720 719 721
f 720 721 735
f 719 722 723
f 719 723 721
f 722 710 725
f 722 725 723
f 724 723 725
f 724 725 726
f 723 724 731
f 723 731 721
f 725 710 708
f 725 708 727
f 725 727 728
f 725 728 726
f 708 453 455
f 708 455 727
f 727 455 457
f 727 457 728
f 459 729 728
f 459 728 457
f 729 724 726
f 729 726 728
f 731 724 729
f 731 729 730
f 729 459 461
f 729 461 730
f 734 731 730
f 734 730 732
f 461 463 732
f 461 732 730
f 463 465 733
f 463 733 732
f 735 734 732
f 735 732 733
f 735 721 731
f 735 731 734
f 733 469 720
f 733 720 735
f 469 736 718
f 469 718 720
f 736 476 716
f 736 716 718
f 476 478 737
f 476 737 716
f 478 481 738
f 478 738 737
f 738 495 715
f 738 715 737
f 740 1036 741
f 740 741 739
f 739 741 743
f 739 743 742
f 743 745 744
f 743 744 742
f 747 746 744
f 747 744 745
f 747 745 749
f 747 749 748
f 750 748 749
f 750 749 751
f 751 753 752
f 751 752 750
f 752 753 755
f 752 755 754
f 754 755 757
f 754 757 756
f 760 758 756
f 760 756 757
f 759 758 760
f 759 760 761
f 757 763 762
f 757 762 760
f 761 760 762
f 761 762 766
f 1091 764 762
f 1091 762 763
f 764 943 765
f 764 765 762
f 766 762 765
f 766 765 767
f 766 767 769
f 766 769 768
f 761 766 768
f 761 768 771
f 770 768 769
f 770 769 788
f 768 770 773
f 768 773 771
f 774 772 771
f 774 771 773
f 772 1522 761
f 772 761 771
f 777 774 773
f 777 773 775
f 775 773 770
f 775 770 776
f 776 781 778
f 776 778 775
f 777 775 778
f 777 778 779
f 779 778 780
f 779 780 1485
f 778 781 782
f 778 782 780
f 776 786 783
f 776 783 781
f 783 784 782
f 783 782 781
f 1442 784 783
f 1442 783 785
f 786 787 785
f 786 785 783
f 787 786 788
f 787 788 789
f 786 776 770
f 786 770 788
f 789 788 769
f 789 769 791
f 1460 787 789
f 1460 789 790
f 793 790 789
f 793 789 791
f 792 794 793
f 792 793 791
f 767 792 791
f 767 791 769
f 794 797 795
f 794 795 793
f 795 798 790
f 795 790 793
f 797 934 796
f 797 796 795
f 796 800 798
f 796 798 795
f 799 1460 790
f 799 790 798
f 800 801 799
f 800 799 798
f 802 805 801
f 802 801 800
f 802 800 796
f 802 796 803
f 933 804 802
f 933 802 803
f 804 807 805
f 804 805 802
f 801 805 806
f 801 806 1457
f 805 807 809
f 805 809 806
f 1927 808 807
f 1927 807 804
f 807 808 810
f 807 810 809
f 814 811 809
f 814 809 810
f 809 811 812
f 809 812 806
f 812 811 813
f 812 813 1451
f 813 811 814
f 813 814 815
f 817 815 814
f 817 814 816
f 810 818 816
f 810 816 814
f 822 817 816
f 822 816 819
f 818 821 819
f 818 819 816
f 821 909 820
f 821 820 819
f 820 823 822
f 820 822 819
f 822 823 826
f 822 826 824
f 822 824 825
f 822 825 817
f 825 824 827
f 825 827 828
f 824 826 829
f 824 829 827
f 827 830 832
f 827 832 828
f 830 827 829
f 830 829 831
f 830 831 834
f 830 834 833
f 832 830 833
f 832 833 836
f 833 834 863
f 833 863 835
f 836 833 835
f 836 835 837
f 838 836 837
f 838 837 839
f 840 832 836
f 840 836 838
f 843 841 838
f 843 838 839
f 841 844 840
f 841 840 838
f 842 846 844
f 842 844 841
f 856 842 841
f 856 841 843
f 1456 840 844
f 1456 844 845
f 846 847 845
f 846 845 844
f 848 849 847
f 848 847 846
f 851 848 846
f 851 846 842
f 849 848 850
f 849 850 1461
f 852 850 848
f 852 848 851
f 853 851 842
f 853 842 856
f 854 852 851
f 854 851 853
f 1478 854 853
f 1478 853 855
f 855 853 856
f 855 856 857
f 857 856 843
f 857 843 858
f 858 843 839
f 858 839 859
f 839 837 860
f 839 860 859
f 837 835 861
f 837 861 860
f 835 863 862
f 835 862 861
f 863 865 864
f 863 864 862
f 865 867 866
f 865 866 864
f 867 869 868
f 867 868 866
f 871 870 868
f 871 868 869
f 872 870 871
f 872 871 873
f 875 874 872
f 875 872 873
f 878 876 874
f 878 874 875
f 879 877 876
f 879 876 878
f 878 875 883
f 878 883 880
f 882 879 878
f 882 878 880
f 1551 882 880
f 1551 880 881
f 881 880 883
f 881 883 885
f 883 875 873
f 883 873 884
f 885 883 884
f 885 884 887
f 885 886 1550
f 885 1550 881
f 887 889 886
f 887 886 885
f 889 887 888
f 889 888 890
f 887 884 1936
f 887 1936 888
f 889 890 894
f 889 894 891
f 892 886 889
f 892 889 891
f 1553 892 891
f 1553 891 893
f 893 891 894
f 893 894 895
f 895 894 896
f 895 896 898
f 894 890 897
f 894 897 896
f 900 899 896
f 900 896 897
f 896 899 902
f 896 902 898
f 901 899 900
f 901 900 1929
f 904 902 899
f 904 899 901
f 903 902 904
f 903 904 905
f 898 902 903
f 898 903 1564
f 905 904 823
f 905 823 820
f 823 904 901
f 823 901 826
f 909 906 905
f 909 905 820
f 906 908 903
f 906 903 905
f 910 907 906
f 910 906 909
f 907 1566 908
f 907 908 906
f 911 910 909
f 911 909 821
f 910 912 913
f 910 913 907
f 911 915 912
f 911 912 910
f 914 1571 913
f 914 913 912
f 915 917 914
f 915 914 912
f 1928 916 915
f 1928 915 911
f 919 917 915
f 919 915 916
f 917 918 1574
f 917 1574 914
f 921 918 917
f 921 917 919
f 920 922 921
f 920 921 919
f 1927 920 919
f 1927 919 916
f 921 923 924
f 921 924 918
f 923 921 922
f 923 922 926
f 923 925 1706
f 923 1706 924
f 925 923 926
f 925 926 927
f 927 926 928
f 927 928 929
f 926 922 931
f 926 931 928
f 929 928 930
f 929 930 1926
f 930 928 931
f 930 931 932
f 932 931 933
f 932 933 803
f 931 922 920
f 931 920 933
f 1927 804 933
f 1927 933 920
f 934 935 930
f 934 930 932
f 934 932 803
f 934 803 796
f 935 934 797
f 935 797 937
f 1926 930 935
f 1926 935 936
f 936 935 937
f 936 937 938
f 940 938 937
f 940 937 939
f 794 939 937
f 794 937 797
f 942 940 939
f 942 939 941
f 792 941 939
f 792 939 794
f 943 942 941
f 943 941 765
f 765 941 792
f 765 792 767
f 945 944 942
f 945 942 943
f 944 947 940
f 944 940 942
f 1094 946 944
f 1094 944 945
f 946 949 947
f 946 947 944
f 947 948 938
f 947 938 940
f 949 951 948
f 949 948 947
f 1101 950 949
f 1101 949 946
f 950 952 951
f 950 951 949
f 955 953 951
f 955 951 952
f 953 954 948
f 953 948 951
f 956 958 954
f 956 954 953
f 959 956 953
f 959 953 955
f 957 1712 958
f 957 958 956
f 961 957 956
f 961 956 959
f 1104 960 959
f 1104 959 955
f 960 963 961
f 960 961 959
f 962 1710 957
f 962 957 961
f 963 964 962
f 963 962 961
f 964 965 967
f 964 967 962
f 966 969 967
f 966 967 965
f 968 1709 962
f 968 962 967
f 971 968 967
f 971 967 969
f 1925 970 969
f 1925 969 966
f 973 971 969
f 973 969 970
f 974 972 971
f 974 971 973
f 972 1713 968
f 972 968 971
f 974 973 975
f 974 975 977
f 975 973 970
f 975 970 978
f 977 975 976
f 977 976 1776
f 976 975 978
f 976 978 980
f 979 978 970
f 979 970 1925
f 981 980 978
f 981 978 979
f 982 980 981
f 982 981 983
f 984 976 980
f 984 980 982
f 987 985 982
f 987 982 983
f 986 984 982
f 986 982 985
f 989 986 985
f 989 985 988
f 987 991 988
f 987 988 985
f 1125 989 988
f 1125 988 990
f 991 992 990
f 991 990 988
f 993 994 990
f 993 990 992
f 995 996 994
f 995 994 993
f 997 999 996
f 997 996 995
f 998 1002 999
f 998 999 997
f 1000 1120 996
f 1000 996 999
f 999 1001 1116
f 999 1116 1000
f 1001 999 1002
f 1001 1002 1003
f 1003 1002 1004
f 1003 1004 1007
f 998 1005 1004
f 998 1004 1002
f 1075 1006 1004
f 1075 1004 1005
f 1007 1004 1006
f 1007 1006 1008
f 1009 1007 1008
f 1009 1008 1010
f 1012 1003 1007
f 1012 1007 1009
f 1011 1009 1010
f 1011 1010 1044
f 1013 1012 1009
f 1013 1009 1011
f 1014 1001 1003
f 1014 1003 1012
f 1016 1014 1012
f 1016 1012 1013
f 1001 1014 1015
f 1001 1015 1116
f 1014 1016 1017
f 1014 1017 1015
f 1016 1018 1019
f 1016 1019 1017
f 1018 1016 1013
f 1018 1013 1020
f 1019 1018 1020
f 1019 1020 1022
f 1020 1013 1011
f 1020 1011 1021
f 1022 1020 1021
f 1022 1021 1023
f 1024 1022 1023
f 1024 1023 1025
f 1026 1019 1022
f 1026 1022 1024
f 1027 1024 1025
f 1027 1025 1029
f 1028 1026 1024
f 1028 1024 1027
f 1029 1025 1031
f 1029 1031 1030
f 1030 1031 1033
f 1030 1033 1032
f 1032 1033 1035
f 1032 1035 1034
f 1034 1035 1036
f 1034 1036 740
f 1037 1038 1036
f 1037 1036 1035
f 1033 1040 1037
f 1033 1037 1035
f 1037 1039 1052
f 1037 1052 1038
f 1040 1041 1039
f 1040 1039 1037
f 1042 1043 1041
f 1042 1041 1040
f 1031 1042 1040
f 1031 1040 1033
f 1025 1023 1042
f 1025 1042 1031
f 1023 1021 1043
f 1023 1043 1042
f 1043 1044 1045
f 1043 1045 1041
f 1021 1011 1044
f 1021 1044 1043
f 1044 1010 1046
f 1044 1046 1045
f 1047 1045 1046
f 1047 1046 1048
f 1039 1041 1045
f 1039 1045 1047
f 1049 1047 1048
f 1049 1048 1050
f 1052 1039 1047
f 1052 1047 1049
f 1051 1049 1050
f 1051 1050 1063
f 1053 1052 1049
f 1053 1049 1051
f 1038 1052 1053
f 1038 1053 1055
f 1055 1053 1054
f 1055 1054 1056
f 1054 1053 1051
f 1054 1051 1058
f 1036 1038 1055
f 1036 1055 741
f 741 1055 1056
f 741 1056 743
f 1054 751 749
f 1054 749 1056
f 743 1056 749
f 743 749 745
f 1054 1057 753
f 1054 753 751
f 1058 1059 1057
f 1058 1057 1054
f 1060 1061 1059
f 1060 1059 1058
f 1058 1051 1063
f 1058 1063 1060
f 1062 1082 1061
f 1062 1061 1060
f 1060 1063 1064
f 1060 1064 1062
f 1063 1050 1065
f 1063 1065 1064
f 1064 1065 1067
f 1064 1067 1066
f 1062 1064 1066
f 1062 1066 1068
f 1069 1066 1067
f 1069 1067 1071
f 1070 1068 1066
f 1070 1066 1069
f 1071 1067 1073
f 1071 1073 1072
f 1073 1076 1074
f 1073 1074 1072
f 1074 1076 1006
f 1074 1006 1075
f 1008 1006 1076
f 1008 1076 1077
f 1078 1077 1076
f 1078 1076 1073
f 1010 1008 1077
f 1010 1077 1046
f 1048 1046 1077
f 1048 1077 1078
f 1050 1048 1078
f 1050 1078 1065
f 1065 1078 1073
f 1065 1073 1067
f 1079 1081 1068
f 1079 1068 1070
f 1080 1083 1081
f 1080 1081 1079
f 1068 1081 1082
f 1068 1082 1062
f 1081 1083 1085
f 1081 1085 1082
f 1098 1084 1083
f 1098 1083 1080
f 1083 1084 1086
f 1083 1086 1085
f 1085 1086 1088
f 1085 1088 1087
f 1082 1085 1087
f 1082 1087 1061
f 1087 1088 1091
f 1087 1091 1089
f 1061 1087 1089
f 1061 1089 1059
f 1089 1091 763
f 1089 763 1090
f 1059 1089 1090
f 1059 1090 1057
f 1088 1092 764
f 1088 764 1091
f 753 1057 1090
f 753 1090 755
f 755 1090 763
f 755 763 757
f 1086 1093 1092
f 1086 1092 1088
f 1092 945 943
f 1092 943 764
f 1093 1094 945
f 1093 945 1092
f 1084 1095 1093
f 1084 1093 1086
f 1095 1096 1094
f 1095 1094 1093
f 1096 1095 1097
f 1096 1097 1099
f 1097 1095 1084
f 1097 1084 1098
f 1100 1101 1096
f 1100 1096 1099
f 1102 950 1101
f 1102 1101 1100
f 1102 1103 952
f 1102 952 950
f 1103 1104 955
f 1103 955 952
f 1096 1101 946
f 1096 946 1094
f 1107 1028 1105
f 1107 1105 1108
f 1028 1106 1174
f 1028 1174 1105
f 1109 1026 1028
f 1109 1028 1107
f 1110 1107 1108
f 1110 1108 1111
f 1113 1109 1107
f 1113 1107 1110
f 1112 1110 1111
f 1112 1111 1161
f 1114 1113 1110
f 1114 1110 1112
f 1017 1109 1113
f 1017 1113 1015
f 1015 1113 1114
f 1015 1114 1116
f 1116 1114 1115
f 1116 1115 1000
f 1115 1114 1112
f 1115 1112 1117
f 1117 1119 1118
f 1117 1118 1115
f 1115 1118 1120
f 1115 1120 1000
f 1119 1123 1121
f 1119 1121 1118
f 1118 1121 1122
f 1118 1122 1120
f 1124 1125 1122
f 1124 1122 1121
f 1123 1126 1124
f 1123 1124 1121
f 1127 989 1125
f 1127 1125 1124
f 1126 1128 1127
f 1126 1127 1124
f 1128 1131 1129
f 1128 1129 1127
f 986 989 1127
f 986 1127 1129
f 1129 1130 984
f 1129 984 986
f 1131 1132 1130
f 1131 1130 1129
f 1132 1131 1133
f 1132 1133 1134
f 1131 1128 1136
f 1131 1136 1133
f 1133 1135 1773
f 1133 1773 1134
f 1136 1137 1135
f 1136 1135 1133
f 1128 1126 1138
f 1128 1138 1136
f 1136 1138 1140
f 1136 1140 1137
f 1138 1139 1141
f 1138 1141 1140
f 1126 1123 1139
f 1126 1139 1138
f 1142 1143 1137
f 1142 1137 1140
f 1145 1142 1140
f 1145 1140 1141
f 1144 1743 1143
f 1144 1143 1142
f 1147 1144 1142
f 1147 1142 1145
f 1146 1145 1141
f 1146 1141 1159
f 1149 1147 1145
f 1149 1145 1146
f 1144 1147 1148
f 1144 1148 1742
f 1148 1147 1149
f 1148 1149 1150
f 1151 1149 1146
f 1151 1146 1154
f 1149 1151 1153
f 1149 1153 1150
f 1195 1153 1151
f 1195 1151 1152
f 1154 1155 1152
f 1154 1152 1151
f 1156 1157 1155
f 1156 1155 1154
f 1154 1146 1159
f 1154 1159 1156
f 1161 1157 1156
f 1161 1156 1158
f 1158 1156 1159
f 1158 1159 1160
f 1139 1160 1159
f 1139 1159 1141
f 1119 1117 1158
f 1119 1158 1160
f 1123 1119 1160
f 1123 1160 1139
f 1117 1112 1161
f 1117 1161 1158
f 1111 1162 1157
f 1111 1157 1161
f 1157 1162 1164
f 1157 1164 1155
f 1111 1108 1163
f 1111 1163 1162
f 1162 1163 1165
f 1162 1165 1164
f 1164 1165 1168
f 1164 1168 1166
f 1155 1164 1166
f 1155 1166 1152
f 1166 1167 1195
f 1166 1195 1152
f 1169 1167 1166
f 1169 1166 1168
f 1165 1173 1170
f 1165 1170 1168
f 1170 1172 1169
f 1170 1169 1168
f 1174 1171 1170
f 1174 1170 1173
f 1170 1171 1177
f 1170 1177 1172
f 1174 1173 1175
f 1174 1175 1105
f 1163 1175 1173
f 1163 1173 1165
f 1108 1105 1175
f 1108 1175 1163
f 1106 1181 1171
f 1106 1171 1174
f 1178 1176 1172
f 1178 1172 1177
f 1192 1169 1172
f 1192 1172 1176
f 1180 1178 1177
f 1180 1177 1179
f 1181 1179 1177
f 1181 1177 1171
f 1186 1178 1180
f 1186 1180 1182
f 1884 1185 1182
f 1884 1182 1183
f 1182 1184 1875
f 1182 1875 1183
f 1185 1188 1186
f 1185 1186 1182
f 1186 1187 1176
f 1186 1176 1178
f 1188 1190 1187
f 1188 1187 1186
f 1922 1189 1188
f 1922 1188 1185
f 1189 1191 1190
f 1189 1190 1188
f 1191 1193 1192
f 1191 1192 1190
f 1190 1192 1176
f 1190 1176 1187
f 1193 1167 1169
f 1193 1169 1192
f 1197 1194 1193
f 1197 1193 1191
f 1194 1195 1167
f 1194 1167 1193
f 1196 1153 1195
f 1196 1195 1194
f 1199 1196 1194
f 1199 1194 1197
f 1198 1197 1191
f 1198 1191 1189
f 1200 1199 1197
f 1200 1197 1198
f 1204 1201 1199
f 1204 1199 1200
f 1199 1201 1202
f 1199 1202 1196
f 1201 1203 1746
f 1201 1746 1202
f 1205 1203 1201
f 1205 1201 1204
f 1207 1205 1204
f 1207 1204 1206
f 1206 1204 1200
f 1206 1200 1208
f 1206 1209 1211
f 1206 1211 1207
f 1208 1210 1209
f 1208 1209 1206
f 1210 1213 1212
f 1210 1212 1209
f 1209 1212 1214
f 1209 1214 1211
f 1213 1217 1215
f 1213 1215 1212
f 1212 1215 1218
f 1212 1218 1214
f 1216 1215 1217
f 1216 1217 1246
f 1218 1215 1216
f 1218 1216 1219
f 1214 1218 1220
f 1214 1220 1222
f 1220 1218 1219
f 1220 1219 1221
f 1220 1221 1225
f 1220 1225 1223
f 1222 1220 1223
f 1222 1223 1226
f 1226 1223 1224
f 1226 1224 1228
f 1224 1223 1225
f 1224 1225 1237
f 1770 1222 1226
f 1770 1226 1227
f 1227 1226 1228
f 1227 1228 1229
f 1229 1228 1230
f 1229 1230 1231
f 1228 1224 1233
f 1228 1233 1230
f 1231 1230 1232
f 1231 1232 1759
f 1230 1233 1234
f 1230 1234 1232
f 1233 1235 1236
f 1233 1236 1234
f 1233 1224 1237
f 1233 1237 1235
f 1238 1239 1236
f 1238 1236 1235
f 1240 1238 1235
f 1240 1235 1237
f 1241 1240 1237
f 1241 1237 1225
f 1242 1241 1225
f 1242 1225 1221
f 1243 1242 1221
f 1243 1221 1219
f 1244 1243 1219
f 1244 1219 1216
f 1245 1244 1216
f 1245 1216 1246
f 1247 1245 1246
f 1247 1246 1248
f 1249 1247 1248
f 1249 1248 1250
f 1251 1249 1250
f 1251 1250 1252
f 1253 1251 1252
f 1253 1252 1254
f 1255 1253 1254
f 1255 1254 1257
f 1256 1255 1257
f 1256 1257 1259
f 1254 1906 1258
f 1254 1258 1257
f 1258 1260 1259
f 1258 1259 1257
f 1262 1261 1259
f 1262 1259 1260
f 1264 1256 1259
f 1264 1259 1261
f 1263 1261 1262
f 1263 1262 1918
f 1265 1264 1261
f 1265 1261 1263
f 1266 1265 1263
f 1266 1263 1267
f 1268 1266 1267
f 1268 1267 1269
f 1270 1268 1269
f 1270 1269 1272
f 1271 1270 1272
f 1271 1272 1273
f 1269 1276 1274
f 1269 1274 1272
f 1277 1273 1272
f 1277 1272 1274
f 1274 1275 1279
f 1274 1279 1277
f 1276 1920 1275
f 1276 1275 1274
f 1277 1279 1280
f 1277 1280 1278
f 1278 1640 1273
f 1278 1273 1277
f 1279 1281 1284
f 1279 1284 1280
f 1275 1282 1281
f 1275 1281 1279
f 1282 1831 1283
f 1282 1283 1281
f 1281 1283 1286
f 1281 1286 1284
f 1280 1284 1285
f 1280 1285 1642
f 1284 1286 1287
f 1284 1287 1285
f 1286 1288 1289
f 1286 1289 1287
f 1283 1290 1288
f 1283 1288 1286
f 1294 1289 1288
f 1294 1288 1291
f 1288 1290 1292
f 1288 1292 1291
f 1292 1334 1293
f 1292 1293 1291
f 1291 1293 1295
f 1291 1295 1294
f 1294 1295 1298
f 1294 1298 1296
f 1296 1297 1289
f 1296 1289 1294
f 1301 1297 1296
f 1301 1296 1299
f 1296 1298 1302
f 1296 1302 1299
f 1301 1299 1300
f 1301 1300 1616
f 1299 1302 1304
f 1299 1304 1300
f 1303 1302 1298
f 1303 1298 1327
f 1302 1303 1306
f 1302 1306 1304
f 1300 1304 1305
f 1300 1305 1615
f 1304 1306 1308
f 1304 1308 1305
f 1308 1306 1307
f 1308 1307 1309
f 1306 1303 1325
f 1306 1325 1307
f 1310 1308 1309
f 1310 1309 1313
f 1308 1310 1311
f 1308 1311 1305
f 1310 1312 1813
f 1310 1813 1311
f 1312 1310 1313
f 1312 1313 1314
f 1309 1318 1315
f 1309 1315 1313
f 1313 1315 1316
f 1313 1316 1314
f 1315 1317 1545
f 1315 1545 1316
f 1318 1319 1317
f 1318 1317 1315
f 1320 1321 1319
f 1320 1319 1318
f 1307 1320 1318
f 1307 1318 1309
f 1322 1323 1321
f 1322 1321 1320
f 1325 1322 1320
f 1325 1320 1307
f 1324 1823 1323
f 1324 1323 1322
f 1326 1324 1322
f 1326 1322 1325
f 1325 1303 1327
f 1325 1327 1326
f 1328 1329 1324
f 1328 1324 1326
f 1326 1327 1331
f 1326 1331 1328
f 1330 1825 1329
f 1330 1329 1328
f 1328 1331 1332
f 1328 1332 1330
f 1295 1331 1327
f 1295 1327 1298
f 1293 1332 1331
f 1293 1331 1295
f 1332 1293 1334
f 1332 1334 1333
f 1330 1332 1333
f 1330 1333 1335
f 1339 1336 1333
f 1339 1333 1334
f 1337 1335 1333
f 1337 1333 1336
f 1360 1337 1336
f 1360 1336 1338
f 1336 1339 1340
f 1336 1340 1338
f 1340 1339 1341
f 1340 1341 1344
f 1339 1334 1292
f 1339 1292 1341
f 1346 1344 1341
f 1346 1341 1342
f 1341 1343 1826
f 1341 1826 1342
f 1290 1343 1341
f 1290 1341 1292
f 1355 1340 1344
f 1355 1344 1345
f 1345 1344 1346
f 1345 1346 1347
f 1350 1345 1347
f 1350 1347 1348
f 1349 1351 1350
f 1349 1350 1348
f 1352 1355 1345
f 1352 1345 1350
f 1353 1352 1350
f 1353 1350 1351
f 1354 1352 1353
f 1354 1353 1517
f 1352 1354 1356
f 1352 1356 1355
f 1338 1340 1355
f 1338 1355 1356
f 1357 1360 1338
f 1357 1338 1356
f 1359 1357 1356
f 1359 1356 1354
f 1358 1357 1359
f 1358 1359 1513
f 1357 1358 1361
f 1357 1361 1360
f 1360 1361 1362
f 1360 1362 1337
f 1361 1363 1366
f 1361 1366 1362
f 1358 1365 1363
f 1358 1363 1361
f 1363 1364 1367
f 1363 1367 1366
f 1509 1364 1363
f 1509 1363 1365
f 1368 1369 1362
f 1368 1362 1366
f 1371 1368 1366
f 1371 1366 1367
f 1369 1368 1370
f 1369 1370 1825
f 1368 1371 1372
f 1368 1372 1370
f 1371 1373 1376
f 1371 1376 1372
f 1374 1373 1371
f 1374 1371 1367
f 1375 1373 1374
f 1375 1374 1506
f 1373 1375 1377
f 1373 1377 1376
f 1376 1377 1380
f 1376 1380 1378
f 1372 1376 1378
f 1372 1378 1379
f 1379 1378 1381
f 1379 1381 1382
f 1378 1380 1384
f 1378 1384 1381
f 1382 1381 1383
f 1382 1383 1541
f 1381 1384 1385
f 1381 1385 1383
f 1386 1384 1380
f 1386 1380 1388
f 1387 1385 1384
f 1387 1384 1386
f 1386 1389 1392
f 1386 1392 1387
f 1388 1390 1389
f 1388 1389 1386
f 1390 1400 1391
f 1390 1391 1389
f 1389 1391 1394
f 1389 1394 1392
f 1392 1393 1533
f 1392 1533 1387
f 1394 1395 1393
f 1394 1393 1392
f 1396 1397 1395
f 1396 1395 1394
f 1391 1398 1396
f 1391 1396 1394
f 1400 1399 1398
f 1400 1398 1391
f 1402 1401 1399
f 1402 1399 1400
f 1404 1403 1401
f 1404 1401 1402
f 1405 1403 1404
f 1405 1404 1406
f 1408 1407 1405
f 1408 1405 1406
f 1411 1409 1407
f 1411 1407 1408
f 1411 1413 1410
f 1411 1410 1409
f 1412 1411 1408
f 1412 1408 1500
f 1414 1413 1411
f 1414 1411 1412
f 1413 1414 1417
f 1413 1417 1415
f 1415 1416 1410
f 1415 1410 1413
f 1418 1420 1416
f 1418 1416 1415
f 1417 1421 1418
f 1417 1418 1415
f 1421 1422 1419
f 1421 1419 1418
f 1418 1419 1482
f 1418 1482 1420
f 1423 1426 1422
f 1423 1422 1421
f 1417 1425 1423
f 1417 1423 1421
f 1425 1492 1424
f 1425 1424 1423
f 1424 1427 1426
f 1424 1426 1423
f 1427 1431 1428
f 1427 1428 1426
f 1426 1428 1429
f 1426 1429 1422
f 1430 1469 1429
f 1430 1429 1428
f 1431 1433 1430
f 1431 1430 1428
f 1435 1433 1431
f 1435 1431 1432
f 1484 1432 1431
f 1484 1431 1427
f 1435 1436 1434
f 1435 1434 1433
f 1433 1434 1467
f 1433 1467 1430
f 1438 1437 1435
f 1438 1435 1432
f 1437 1439 1436
f 1437 1436 1435
f 1437 1438 780
f 1437 780 782
f 784 1439 1437
f 784 1437 782
f 1440 1439 784
f 1440 784 1442
f 1439 1440 1441
f 1439 1441 1436
f 1440 1443 1444
f 1440 1444 1441
f 1443 1440 1442
f 1443 1442 1445
f 1443 1446 1448
f 1443 1448 1444
f 1446 1443 1445
f 1446 1445 1447
f 1449 1446 1447
f 1449 1447 1450
f 1446 1449 1452
f 1446 1452 1448
f 1450 812 1451
f 1450 1451 1449
f 1449 1451 1453
f 1449 1453 1452
f 1452 1453 847
f 1452 847 849
f 1448 1452 849
f 1448 849 1461
f 1453 1454 845
f 1453 845 847
f 1451 813 1454
f 1451 1454 1453
f 813 815 1455
f 813 1455 1454
f 1454 1455 1456
f 1454 1456 845
f 1455 825 828
f 1455 828 1456
f 815 817 825
f 815 825 1455
f 840 1456 828
f 840 828 832
f 1457 806 812
f 1457 812 1450
f 1458 1457 1450
f 1458 1450 1447
f 799 801 1457
f 799 1457 1458
f 1459 1458 1447
f 1459 1447 1445
f 1460 799 1458
f 1460 1458 1459
f 1459 1445 1442
f 1459 1442 785
f 787 1460 1459
f 787 1459 785
f 1444 1448 1461
f 1444 1461 1462
f 1462 1461 850
f 1462 850 1463
f 1465 1464 1462
f 1465 1462 1463
f 1441 1444 1462
f 1441 1462 1464
f 1436 1441 1464
f 1436 1464 1434
f 1467 1434 1464
f 1467 1464 1465
f 1465 1463 1479
f 1465 1479 1466
f 1467 1465 1466
f 1467 1466 1468
f 1430 1467 1468
f 1430 1468 1469
f 1469 1468 1470
f 1469 1470 1471
f 1468 1466 1472
f 1468 1472 1470
f 1471 1470 1473
f 1471 1473 1474
f 1470 1472 1475
f 1470 1475 1473
f 1472 1477 1476
f 1472 1476 1475
f 1477 854 1478
f 1477 1478 1476
f 1466 1479 1477
f 1466 1477 1472
f 1479 852 854
f 1479 854 1477
f 1463 850 852
f 1463 852 1479
f 1471 1474 1480
f 1471 1480 1481
f 1419 1481 1480
f 1419 1480 1482
f 1422 1429 1481
f 1422 1481 1419
f 1429 1469 1471
f 1429 1471 1481
f 780 1438 1483
f 780 1483 1485
f 1483 1438 1432
f 1483 1432 1484
f 1486 1483 1484
f 1486 1484 1489
f 1485 1483 1486
f 1485 1486 1487
f 1486 1488 1512
f 1486 1512 1487
f 1486 1489 1490
f 1486 1490 1488
f 1424 1492 1490
f 1424 1490 1489
f 1489 1484 1427
f 1489 1427 1424
f 1491 1510 1488
f 1491 1488 1490
f 1493 1491 1490
f 1493 1490 1492
f 1493 1492 1425
f 1493 1425 1495
f 1493 1494 1508
f 1493 1508 1491
f 1496 1494 1493
f 1496 1493 1495
f 1496 1495 1414
f 1496 1414 1412
f 1414 1495 1425
f 1414 1425 1417
f 1496 1412 1500
f 1496 1500 1497
f 1497 1498 1494
f 1497 1494 1496
f 1499 1506 1498
f 1499 1498 1497
f 1497 1500 1501
f 1497 1501 1499
f 1500 1408 1406
f 1500 1406 1501
f 1502 1503 1499
f 1502 1499 1501
f 1404 1502 1501
f 1404 1501 1406
f 1503 1502 1504
f 1503 1504 1505
f 1502 1404 1402
f 1502 1402 1504
f 1504 1402 1400
f 1504 1400 1390
f 1505 1504 1390
f 1505 1390 1388
f 1388 1380 1377
f 1388 1377 1505
f 1377 1375 1503
f 1377 1503 1505
f 1503 1375 1506
f 1503 1506 1499
f 1507 1498 1506
f 1507 1506 1374
f 1508 1494 1498
f 1508 1498 1507
f 1364 1507 1374
f 1364 1374 1367
f 1509 1508 1507
f 1509 1507 1364
f 1509 1510 1491
f 1509 1491 1508
f 1509 1365 1511
f 1509 1511 1510
f 1488 1510 1511
f 1488 1511 1512
f 1511 1513 1514
f 1511 1514 1512
f 1511 1365 1358
f 1511 1358 1513
f 1514 1513 1359
f 1514 1359 1516
f 1487 1512 1514
f 1487 1514 1515
f 1516 1518 1515
f 1516 1515 1514
f 1359 1354 1517
f 1359 1517 1516
f 1519 1518 1516
f 1519 1516 1517
f 1518 777 779
f 1518 779 1515
f 1518 1519 774
f 1518 774 777
f 1520 1519 1517
f 1520 1517 1353
f 1519 1520 772
f 1519 772 774
f 1353 1351 1521
f 1353 1521 1520
f 1520 1521 1522
f 1520 1522 772
f 1524 1522 1521
f 1524 1521 1523
f 1351 1349 1523
f 1351 1523 1521
f 759 761 1522
f 759 1522 1524
f 1515 779 1485
f 1515 1485 1487
f 1397 1525 1526
f 1397 1526 1395
f 1525 1527 1528
f 1525 1528 1526
f 1527 877 879
f 1527 879 1528
f 1526 1528 1529
f 1526 1529 1531
f 1528 879 882
f 1528 882 1529
f 1531 1529 1530
f 1531 1530 1532
f 1529 882 1551
f 1529 1551 1530
f 1395 1526 1531
f 1395 1531 1393
f 1393 1531 1532
f 1393 1532 1533
f 1534 1532 1530
f 1534 1530 1535
f 1537 1533 1532
f 1537 1532 1534
f 1536 1534 1535
f 1536 1535 1543
f 1538 1537 1534
f 1538 1534 1536
f 1383 1385 1537
f 1383 1537 1538
f 1533 1537 1385
f 1533 1385 1387
f 1541 1383 1538
f 1541 1538 1539
f 1539 1538 1536
f 1539 1536 1540
f 1540 1319 1321
f 1540 1321 1539
f 1539 1321 1323
f 1539 1323 1541
f 1382 1541 1323
f 1382 1323 1823
f 1542 1317 1319
f 1542 1319 1540
f 1540 1536 1543
f 1540 1543 1542
f 1542 1543 1547
f 1542 1547 1544
f 1542 1544 1545
f 1542 1545 1317
f 1544 1546 1552
f 1544 1552 1545
f 1544 1547 1549
f 1544 1549 1546
f 1547 1548 1550
f 1547 1550 1549
f 1543 1535 1548
f 1543 1548 1547
f 1549 1550 886
f 1549 886 892
f 892 1553 1546
f 892 1546 1549
f 881 1550 1548
f 881 1548 1551
f 1551 1548 1535
f 1551 1535 1530
f 1546 1553 1554
f 1546 1554 1552
f 1553 893 1556
f 1553 1556 1554
f 1555 1554 1556
f 1555 1556 1558
f 1552 1554 1555
f 1552 1555 1818
f 893 895 1557
f 893 1557 1556
f 1557 1560 1558
f 1557 1558 1556
f 1819 1555 1558
f 1819 1558 1559
f 1559 1558 1560
f 1559 1560 1561
f 1561 1560 1562
f 1561 1562 1563
f 1560 1557 1564
f 1560 1564 1562
f 908 1566 1563
f 908 1563 1562
f 903 908 1562
f 903 1562 1564
f 895 898 1564
f 895 1564 1557
f 1561 1563 1565
f 1561 1565 1821
f 1563 1566 1567
f 1563 1567 1565
f 907 913 1567
f 907 1567 1566
f 913 1571 1568
f 913 1568 1567
f 1568 1570 1565
f 1568 1565 1567
f 1571 1572 1569
f 1571 1569 1568
f 1568 1569 1591
f 1568 1591 1570
f 914 1574 1572
f 914 1572 1571
f 1572 1573 1589
f 1572 1589 1569
f 1574 1576 1573
f 1574 1573 1572
f 1575 1574 918
f 1575 918 924
f 1577 1576 1574
f 1577 1574 1575
f 1576 1577 1580
f 1576 1580 1578
f 1576 1578 1579
f 1576 1579 1573
f 1582 1579 1578
f 1582 1578 1580
f 1700 1581 1580
f 1700 1580 1577
f 1582 1580 1581
f 1582 1581 1583
f 1582 1584 1587
f 1582 1587 1579
f 1584 1582 1583
f 1584 1583 1585
f 1584 1585 1781
f 1584 1781 1586
f 1587 1584 1586
f 1587 1586 1588
f 1589 1587 1588
f 1589 1588 1590
f 1573 1579 1587
f 1573 1587 1589
f 1591 1569 1589
f 1591 1589 1590
f 1592 1590 1588
f 1592 1588 1593
f 1594 1591 1590
f 1594 1590 1592
f 1593 1596 1595
f 1593 1595 1592
f 1598 1594 1592
f 1598 1592 1595
f 1806 1597 1595
f 1806 1595 1596
f 1600 1598 1595
f 1600 1595 1597
f 1599 1822 1594
f 1599 1594 1598
f 1603 1599 1598
f 1603 1598 1601
f 1604 1601 1598
f 1604 1598 1600
f 1603 1601 1602
f 1603 1602 1814
f 1606 1602 1601
f 1606 1601 1604
f 1803 1605 1604
f 1803 1604 1600
f 1605 1607 1606
f 1605 1606 1604
f 1607 1609 1608
f 1607 1608 1606
f 1608 1610 1602
f 1608 1602 1606
f 1609 1612 1611
f 1609 1611 1608
f 1610 1608 1611
f 1610 1611 1614
f 1612 1617 1613
f 1612 1613 1611
f 1613 1615 1614
f 1613 1614 1611
f 1615 1305 1311
f 1615 1311 1614
f 1614 1311 1813
f 1614 1813 1610
f 1616 1300 1615
f 1616 1615 1613
f 1617 1618 1616
f 1617 1616 1613
f 1619 1620 1618
f 1619 1618 1617
f 1621 1619 1617
f 1621 1617 1612
f 1622 1625 1620
f 1622 1620 1619
f 1623 1622 1619
f 1623 1619 1621
f 1648 1624 1622
f 1648 1622 1623
f 1624 1626 1625
f 1624 1625 1622
f 1626 1630 1627
f 1626 1627 1625
f 1625 1627 1629
f 1625 1629 1620
f 1628 1811 1629
f 1628 1629 1627
f 1631 1628 1627
f 1631 1627 1630
f 1632 1635 1631
f 1632 1631 1630
f 1626 1634 1632
f 1626 1632 1630
f 1643 1633 1632
f 1643 1632 1634
f 1633 1637 1635
f 1633 1635 1632
f 1636 1641 1631
f 1636 1631 1635
f 1637 1638 1636
f 1637 1636 1635
f 1638 1639 1640
f 1638 1640 1636
f 1639 1271 1273
f 1639 1273 1640
f 1278 1641 1636
f 1278 1636 1640
f 1278 1280 1642
f 1278 1642 1641
f 1641 1642 1628
f 1641 1628 1631
f 1642 1285 1811
f 1642 1811 1628
f 1645 1643 1634
f 1645 1634 1644
f 1624 1644 1634
f 1624 1634 1626
f 1649 1645 1644
f 1649 1644 1646
f 1648 1646 1644
f 1648 1644 1624
f 1647 1646 1648
f 1647 1648 1656
f 1650 1649 1646
f 1650 1646 1647
f 1651 1650 1647
f 1651 1647 1653
f 1652 1651 1653
f 1652 1653 1654
f 1647 1656 1655
f 1647 1655 1653
f 1654 1653 1655
f 1654 1655 1657
f 1658 1655 1656
f 1658 1656 1660
f 1661 1657 1655
f 1661 1655 1658
f 1663 1661 1658
f 1663 1658 1659
f 1658 1660 1799
f 1658 1799 1659
f 1662 1763 1657
f 1662 1657 1661
f 1662 1661 1663
f 1662 1663 1664
f 1665 1663 1659
f 1665 1659 1666
f 1668 1664 1663
f 1668 1663 1665
f 1666 1792 1667
f 1666 1667 1665
f 1665 1667 1670
f 1665 1670 1668
f 1668 1670 1671
f 1668 1671 1669
f 1669 1760 1664
f 1669 1664 1668
f 1667 1675 1672
f 1667 1672 1670
f 1670 1672 1674
f 1670 1674 1671
f 1772 1674 1672
f 1772 1672 1673
f 1672 1675 1677
f 1672 1677 1673
f 1667 1792 1676
f 1667 1676 1675
f 1677 1675 1676
f 1677 1676 1678
f 1679 1677 1678
f 1679 1678 1680
f 1681 1673 1677
f 1681 1677 1679
f 1680 1684 1682
f 1680 1682 1679
f 1682 1683 1681
f 1682 1681 1679
f 1683 1682 1685
f 1683 1685 1686
f 1682 1684 1688
f 1682 1688 1685
f 1686 1685 1687
f 1686 1687 1723
f 1685 1688 1689
f 1685 1689 1687
f 1688 1690 1693
f 1688 1693 1689
f 1684 1692 1690
f 1684 1690 1688
f 1779 1691 1690
f 1779 1690 1692
f 1691 1695 1693
f 1691 1693 1690
f 1716 1689 1693
f 1716 1693 1694
f 1694 1693 1695
f 1694 1695 1697
f 1777 1696 1695
f 1777 1695 1691
f 1697 1695 1696
f 1697 1696 1699
f 1714 1694 1697
f 1714 1697 1698
f 1698 1697 1699
f 1698 1699 1701
f 1700 1699 1696
f 1700 1696 1581
f 1701 1699 1700
f 1701 1700 1702
f 1701 1702 1706
f 1701 1706 1703
f 1698 1701 1703
f 1698 1703 1705
f 1706 925 1704
f 1706 1704 1703
f 1703 1704 1708
f 1703 1708 1705
f 1702 1575 924
f 1702 924 1706
f 1714 1698 1705
f 1714 1705 1707
f 1708 1709 1707
f 1708 1707 1705
f 1709 1708 1710
f 1709 1710 962
f 1708 1704 1711
f 1708 1711 1710
f 1710 1711 1712
f 1710 1712 957
f 1704 925 927
f 1704 927 1711
f 1711 927 929
f 1711 929 1712
f 1712 929 1926
f 1712 1926 958
f 1713 1707 1709
f 1713 1709 968
f 1715 1714 1707
f 1715 1707 1713
f 1714 1715 1716
f 1714 1716 1694
f 1717 1715 1713
f 1717 1713 972
f 1715 1717 1718
f 1715 1718 1716
f 1717 1719 1721
f 1717 1721 1718
f 1719 1717 972
f 1719 972 974
f 1720 1719 974
f 1720 974 977
f 1719 1720 1722
f 1719 1722 1721
f 1721 1722 1724
f 1721 1724 1723
f 1718 1721 1723
f 1718 1723 1687
f 1726 1686 1723
f 1726 1723 1724
f 1722 1774 1725
f 1722 1725 1724
f 1728 1726 1724
f 1728 1724 1725
f 1727 1683 1686
f 1727 1686 1726
f 1730 1727 1726
f 1730 1726 1728
f 1729 1728 1725
f 1729 1725 1773
f 1731 1730 1728
f 1731 1728 1729
f 1730 1731 1735
f 1730 1735 1732
f 1733 1727 1730
f 1733 1730 1732
f 1732 1734 1772
f 1732 1772 1733
f 1735 1736 1734
f 1735 1734 1732
f 1731 1738 1737
f 1731 1737 1735
f 1737 1739 1736
f 1737 1736 1735
f 1738 1743 1740
f 1738 1740 1737
f 1740 1741 1739
f 1740 1739 1737
f 1742 1744 1741
f 1742 1741 1740
f 1740 1743 1144
f 1740 1144 1742
f 1743 1738 1771
f 1743 1771 1143
f 1148 1746 1744
f 1148 1744 1742
f 1746 1203 1745
f 1746 1745 1744
f 1744 1745 1748
f 1744 1748 1741
f 1150 1202 1746
f 1150 1746 1148
f 1747 1745 1203
f 1747 1203 1205
f 1747 1750 1748
f 1747 1748 1745
f 1748 1749 1739
f 1748 1739 1741
f 1751 1749 1748
f 1751 1748 1750
f 1754 1751 1750
f 1754 1750 1752
f 1752 1750 1747
f 1752 1747 1753
f 1753 1770 1227
f 1753 1227 1752
f 1752 1227 1229
f 1752 1229 1754
f 1754 1229 1231
f 1754 1231 1755
f 1755 1756 1751
f 1755 1751 1754
f 1757 1758 1756
f 1757 1756 1755
f 1755 1231 1759
f 1755 1759 1757
f 1669 1671 1758
f 1669 1758 1757
f 1757 1759 1760
f 1757 1760 1669
f 1759 1232 1761
f 1759 1761 1760
f 1760 1761 1662
f 1760 1662 1664
f 1232 1234 1762
f 1232 1762 1761
f 1761 1762 1763
f 1761 1763 1662
f 1764 1766 1763
f 1764 1763 1762
f 1234 1236 1764
f 1234 1764 1762
f 1239 1765 1764
f 1239 1764 1236
f 1765 1767 1766
f 1765 1766 1764
f 1767 1652 1654
f 1767 1654 1766
f 1763 1766 1654
f 1763 1654 1657
f 1671 1674 1768
f 1671 1768 1758
f 1758 1768 1769
f 1758 1769 1756
f 1768 1674 1772
f 1768 1772 1734
f 1736 1769 1768
f 1736 1768 1734
f 1751 1756 1769
f 1751 1769 1749
f 1739 1749 1769
f 1739 1769 1736
f 1753 1747 1205
f 1753 1205 1207
f 1207 1211 1770
f 1207 1770 1753
f 1214 1222 1770
f 1214 1770 1211
f 1738 1731 1729
f 1738 1729 1771
f 1771 1729 1773
f 1771 1773 1135
f 1143 1771 1135
f 1143 1135 1137
f 1733 1772 1673
f 1733 1673 1681
f 1683 1727 1733
f 1683 1733 1681
f 1134 1773 1725
f 1134 1725 1774
f 1720 1775 1774
f 1720 1774 1722
f 1775 1132 1134
f 1775 1134 1774
f 1132 1775 1776
f 1132 1776 1130
f 1775 1720 977
f 1775 977 1776
f 976 984 1130
f 976 1130 1776
f 1716 1718 1687
f 1716 1687 1689
f 1702 1700 1577
f 1702 1577 1575
f 1583 1581 1696
f 1583 1696 1777
f 1585 1583 1777
f 1585 1777 1778
f 1778 1777 1691
f 1778 1691 1779
f 1778 1779 1783
f 1778 1783 1780
f 1781 1585 1778
f 1781 1778 1780
f 1781 1780 1782
f 1781 1782 1808
f 1780 1783 1785
f 1780 1785 1782
f 1783 1784 1787
f 1783 1787 1785
f 1779 1692 1784
f 1779 1784 1783
f 1782 1785 1786
f 1782 1786 1807
f 1787 1788 1786
f 1787 1786 1785
f 1680 1678 1787
f 1680 1787 1784
f 1678 1676 1788
f 1678 1788 1787
f 1789 1788 1676
f 1789 1676 1792
f 1789 1791 1786
f 1789 1786 1788
f 1790 1789 1792
f 1790 1792 1666
f 1790 1794 1791
f 1790 1791 1789
f 1794 1795 1793
f 1794 1793 1791
f 1791 1793 1807
f 1791 1807 1786
f 1790 1799 1796
f 1790 1796 1794
f 1794 1796 1797
f 1794 1797 1795
f 1796 1798 1800
f 1796 1800 1797
f 1799 1660 1798
f 1799 1798 1796
f 1666 1659 1799
f 1666 1799 1790
f 1798 1801 1802
f 1798 1802 1800
f 1660 1656 1801
f 1660 1801 1798
f 1656 1648 1623
f 1656 1623 1801
f 1801 1623 1621
f 1801 1621 1802
f 1802 1621 1612
f 1802 1612 1609
f 1800 1802 1609
f 1800 1609 1607
f 1797 1800 1607
f 1797 1607 1605
f 1795 1797 1605
f 1795 1605 1803
f 1795 1803 1804
f 1795 1804 1793
f 1803 1600 1597
f 1803 1597 1804
f 1793 1804 1805
f 1793 1805 1807
f 1804 1597 1806
f 1804 1806 1805
f 1808 1805 1806
f 1808 1806 1809
f 1808 1782 1807
f 1808 1807 1805
f 1586 1781 1808
f 1586 1808 1809
f 1586 1809 1593
f 1586 1593 1588
f 1593 1809 1806
f 1593 1806 1596
f 1684 1680 1784
f 1684 1784 1692
f 1620 1629 1810
f 1620 1810 1618
f 1811 1812 1810
f 1811 1810 1629
f 1285 1287 1812
f 1285 1812 1811
f 1812 1297 1301
f 1812 1301 1810
f 1287 1289 1297
f 1287 1297 1812
f 1618 1810 1301
f 1618 1301 1616
f 1813 1814 1602
f 1813 1602 1610
f 1815 1814 1813
f 1815 1813 1312
f 1603 1814 1815
f 1603 1815 1816
f 1817 1819 1816
f 1817 1816 1815
f 1314 1817 1815
f 1314 1815 1312
f 1314 1316 1818
f 1314 1818 1817
f 1818 1555 1819
f 1818 1819 1817
f 1819 1559 1820
f 1819 1820 1816
f 1316 1545 1552
f 1316 1552 1818
f 1599 1603 1816
f 1599 1816 1820
f 1822 1599 1820
f 1822 1820 1821
f 1559 1561 1821
f 1559 1821 1820
f 1565 1570 1822
f 1565 1822 1821
f 1822 1570 1591
f 1822 1591 1594
f 1379 1382 1823
f 1379 1823 1824
f 1329 1824 1823
f 1329 1823 1324
f 1370 1372 1379
f 1370 1379 1824
f 1825 1370 1824
f 1825 1824 1329
f 1335 1369 1825
f 1335 1825 1330
f 1362 1369 1335
f 1362 1335 1337
f 1827 1829 1826
f 1827 1826 1343
f 1343 1290 1830
f 1343 1830 1827
f 1827 1830 1832
f 1827 1832 1828
f 1828 1841 1829
f 1828 1829 1827
f 1831 1830 1290
f 1831 1290 1283
f 1833 1832 1830
f 1833 1830 1831
f 1832 1834 1837
f 1832 1837 1828
f 1835 1834 1832
f 1835 1832 1833
f 1914 1836 1834
f 1914 1834 1835
f 1837 1834 1836
f 1837 1836 1838
f 1840 1839 1837
f 1840 1837 1838
f 1837 1839 1841
f 1837 1841 1828
f 1842 1840 1838
f 1842 1838 1843
f 1844 1842 1843
f 1844 1843 1845
f 1846 1844 1845
f 1846 1845 1847
f 1847 1845 1850
f 1847 1850 1848
f 1849 1848 1850
f 1849 1850 1852
f 1843 1851 1850
f 1843 1850 1845
f 1850 1851 1854
f 1850 1854 1852
f 1852 1854 1855
f 1852 1855 1853
f 1872 1849 1852
f 1872 1852 1853
f 1855 1854 1856
f 1855 1856 1858
f 1854 1851 1836
f 1854 1836 1856
f 1836 1914 1857
f 1836 1857 1856
f 1856 1857 1859
f 1856 1859 1858
f 1858 1859 1861
f 1858 1861 1860
f 1863 1855 1858
f 1863 1858 1860
f 1860 1861 1896
f 1860 1896 1862
f 1865 1863 1860
f 1865 1860 1862
f 1864 1853 1855
f 1864 1855 1863
f 1867 1864 1863
f 1867 1863 1865
f 1866 1865 1862
f 1866 1862 1897
f 1868 1867 1865
f 1868 1865 1866
f 1870 1869 1867
f 1870 1867 1868
f 1869 1871 1864
f 1869 1864 1867
f 1871 1872 1853
f 1871 1853 1864
f 1873 1870 1868
f 1873 1868 1874
f 1184 1873 1874
f 1184 1874 1875
f 1875 1874 1876
f 1875 1876 1878
f 1874 1868 1866
f 1874 1866 1876
f 1876 1866 1897
f 1876 1897 1877
f 1878 1876 1877
f 1878 1877 1879
f 1880 1878 1879
f 1880 1879 1881
f 1183 1875 1878
f 1183 1878 1880
f 1883 1882 1880
f 1883 1880 1881
f 1884 1183 1880
f 1884 1880 1882
f 1888 1885 1882
f 1888 1882 1883
f 1885 1887 1884
f 1885 1884 1882
f 1889 1886 1885
f 1889 1885 1888
f 1886 1923 1887
f 1886 1887 1885
f 1888 1890 1892
f 1888 1892 1889
f 1883 1893 1890
f 1883 1890 1888
f 1893 1894 1891
f 1893 1891 1890
f 1890 1891 1903
f 1890 1903 1892
f 1879 1877 1894
f 1879 1894 1893
f 1881 1879 1893
f 1881 1893 1883
f 1894 1895 1898
f 1894 1898 1891
f 1877 1897 1895
f 1877 1895 1894
f 1897 1862 1896
f 1897 1896 1895
f 1895 1896 1899
f 1895 1899 1898
f 1898 1899 1901
f 1898 1901 1900
f 1891 1898 1900
f 1891 1900 1903
f 1900 1901 1906
f 1900 1906 1902
f 1903 1900 1902
f 1903 1902 1904
f 1892 1903 1904
f 1892 1904 1905
f 1904 1250 1248
f 1904 1248 1905
f 1902 1252 1250
f 1902 1250 1904
f 1889 1892 1905
f 1889 1905 1217
f 1217 1905 1248
f 1217 1248 1246
f 1902 1906 1254
f 1902 1254 1252
f 1907 1258 1906
f 1907 1906 1901
f 1908 1907 1901
f 1908 1901 1899
f 1909 1260 1258
f 1909 1258 1907
f 1911 1909 1907
f 1911 1907 1908
f 1910 1262 1260
f 1910 1260 1909
f 1912 1910 1909
f 1912 1909 1911
f 1859 1911 1908
f 1859 1908 1861
f 1857 1912 1911
f 1857 1911 1859
f 1913 1916 1910
f 1913 1910 1912
f 1914 1913 1912
f 1914 1912 1857
f 1913 1914 1835
f 1913 1835 1915
f 1916 1913 1915
f 1916 1915 1917
f 1918 1916 1917
f 1918 1917 1919
f 1916 1918 1262
f 1916 1262 1910
f 1267 1263 1918
f 1267 1918 1919
f 1919 1917 1920
f 1919 1920 1276
f 1267 1919 1276
f 1267 1276 1269
f 1917 1915 1921
f 1917 1921 1920
f 1920 1921 1282
f 1920 1282 1275
f 1921 1833 1831
f 1921 1831 1282
f 1915 1835 1833
f 1915 1833 1921
f 1861 1908 1899
f 1861 1899 1896
f 1217 1213 1886
f 1217 1886 1889
f 1887 1922 1185
f 1887 1185 1884
f 1923 1924 1922
f 1923 1922 1887
f 1210 1208 1924
f 1210 1924 1923
f 1210 1923 1886
f 1210 1886 1213
f 1208 1200 1198
f 1208 1198 1924
f 1924 1198 1189
f 1924 1189 1922
f 1843 1838 1836
f 1843 1836 1851
f 1153 1196 1202
f 1153 1202 1150
f 1122 1125 990
f 1122 990 994
f 1120 1122 994
f 1120 994 996
f 1019 1026 1109
f 1019 1109 1017
f 958 1926 936
f 958 936 954
f 954 936 938
f 954 938 948
f 808 1927 916
f 808 916 1928
f 1928 911 821
f 1928 821 818
f 808 1928 818
f 808 818 810
f 826 901 1929
f 826 1929 829
f 829 1929 1930
f 829 1930 831
f 1929 900 1932
f 1929 1932 1930
f 831 1930 1931
f 831 1931 834
f 1930 1932 1933
f 1930 1933 1931
f 1934 1935 1933
f 1934 1933 1932
f 1934 1932 900
f 1934 900 897
f 1934 897 890
f 1934 890 888
f 888 1936 1935
f 888 1935 1934
f 867 1933 1935
f 867 1935 869
f 1936 871 869
f 1936 869 1935
f 884 873 871
f 884 871 1936
f 1931 1933 867
f 1931 867 865
f 834 1931 865
f 834 865 863
