# Leg2_L: 1936 verts, 3634 tris
v -0.02050181 0.08204551 -0.02859103
v -0.02883507 0.08849255 -0.03417408
v -0.00956974 0.08605674 -0.02310939
v -0.02921454 0.07552587 -0.03596628
v -0.01416308 0.07524532 -0.01288801
v -0.02242772 0.07138487 -0.01777739
v -0.00306532 0.07647282 -0.00989866
v -0.01384817 0.07472330 -0.00922126
v -0.02218441 0.07144176 -0.01360590
v -0.00251057 0.07530826 -0.00676426
v -0.01426216 0.07545529 -0.00795123
v -0.00267633 0.07594311 -0.00552987
v -0.02278423 0.07218223 -0.01236480
v -0.01659267 0.07901745 -0.00590392
v -0.02588027 0.07529000 -0.01085645
v -0.00409857 0.07965776 -0.00319077
v -0.01757778 0.08017465 -0.00608845
v -0.00479429 0.08097838 -0.00318829
v -0.01952486 0.08150982 -0.00928494
v -0.02713009 0.07621690 -0.01128805
v -0.02944132 0.07698872 -0.01505154
v -0.03493996 0.06544766 -0.02234530
v -0.03350411 0.06471909 -0.02170414
v -0.03737304 0.06632698 -0.02603086
v -0.04201422 0.04579902 -0.04130008
v -0.04407515 0.04786268 -0.04384899
v -0.04583440 0.02465069 -0.06105125
v -0.04052732 0.04515801 -0.04056871
v -0.03625279 0.04435443 -0.03979738
v -0.04440613 0.02406698 -0.06027536
v -0.03992843 0.02461857 -0.05824713
v -0.04243708 0.00917512 -0.07338164
v -0.03825580 0.01054109 -0.07067467
v -0.03487352 -0.00032179 -0.08065908
v -0.04373554 0.00964049 -0.07424384
v -0.03600036 -0.00002189 -0.08164815
v -0.04497189 0.01338652 -0.07513156
v -0.03718089 0.00345187 -0.08277545
v -0.04736800 0.02800632 -0.06234126
v -0.04886836 0.02993360 -0.07805883
v -0.04101322 0.01897164 -0.08660745
v -0.05046957 0.03411197 -0.07913698
v -0.05247545 0.04260661 -0.06724379
v -0.05438916 0.04640909 -0.06871573
v -0.05152726 0.05649246 -0.05456835
v -0.05398812 0.05896756 -0.05732887
v -0.04659006 0.06943548 -0.04206071
v -0.04943378 0.07068338 -0.04599274
v -0.03835283 0.07935844 -0.03170390
v -0.04106855 0.08049662 -0.03571263
v -0.02711506 0.08615109 -0.02365426
v -0.02944316 0.08787463 -0.02706798
v -0.01286535 0.08993574 -0.01780359
v 0.00527278 0.08980007 -0.01482124
v -0.00641213 0.08288839 -0.00581552
v -0.01483778 0.09226110 -0.02061086
v 0.00376044 0.09248259 -0.01722018
v -0.01817031 0.09597623 -0.02109733
v -0.03323864 0.09128873 -0.02790442
v -0.03493071 0.11437168 -0.02061940
v 0.00064067 0.09650033 -0.01739497
v 0.02313509 0.09221741 -0.01730489
v -0.01561929 0.11625389 -0.01561200
v -0.01608182 0.11789844 -0.01596105
v 0.00452490 0.11412882 -0.01407852
v 0.02374399 0.10836413 -0.01598752
v 0.00393711 0.11590706 -0.01432794
v 0.02315792 0.11017570 -0.01620787
v 0.00403623 0.11732633 -0.01528731
v 0.02328587 0.11159508 -0.01716141
v 0.00421355 0.11845147 -0.01638318
v -0.01597607 0.11928253 -0.01695309
v -0.01581019 0.12040454 -0.01805575
v -0.03537673 0.11727953 -0.02208772
v -0.03544006 0.11592375 -0.02106107
v -0.05286060 0.11150207 -0.03030320
v -0.03522788 0.11839695 -0.02319952
v -0.05273208 0.11261280 -0.03142671
v -0.03410795 0.11693049 -0.02546472
v -0.02937568 0.10758935 -0.03308664
v -0.01545703 0.11927773 -0.02014013
v -0.05130632 0.11171230 -0.03312369
v -0.06482426 0.10247760 -0.04378576
v -0.04358544 0.10327757 -0.03941498
v -0.05475380 0.09564834 -0.04822405
v -0.06336887 0.08628398 -0.05815418
v -0.07525110 0.09114365 -0.05580568
v -0.06730333 0.07500887 -0.06901404
v -0.06801684 0.06310032 -0.07988495
v -0.08001395 0.07749729 -0.06894889
v -0.08087715 0.06308283 -0.08210663
v -0.08286043 0.07748042 -0.06831671
v -0.08318866 0.06252781 -0.08187379
v -0.08295325 0.07641175 -0.06714534
v -0.07739398 0.09142815 -0.05478615
v -0.06709923 0.10340101 -0.04220827
v -0.07749291 0.09034269 -0.05363199
v -0.06721014 0.10230148 -0.04107077
v -0.07737657 0.08910674 -0.05245957
v -0.06713908 0.10101274 -0.03995533
v -0.08281301 0.07523755 -0.06591253
v -0.07644671 0.08784727 -0.05167910
v -0.05396087 0.07346560 -0.04752764
v -0.08182576 0.07412369 -0.06499016
v -0.06631748 0.09962870 -0.03930775
v -0.04530905 0.08355405 -0.03694799
v -0.05218213 0.10869227 -0.02870286
v -0.05285305 0.11017358 -0.02923717
v -0.08214867 0.05941146 -0.07832711
v -0.05857217 0.06167135 -0.05895532
v -0.05886627 0.04902897 -0.07040809
v -0.05475748 0.03643774 -0.08106496
v -0.04657577 0.02473669 -0.09022213
v -0.07733173 0.04470695 -0.09077719
v -0.06776132 0.03100539 -0.10150618
v -0.07827029 0.04550688 -0.09197541
v -0.07839042 0.04654896 -0.09332508
v -0.08313908 0.06036834 -0.07939261
v -0.06859851 0.03165926 -0.10281923
v -0.05471968 0.01978610 -0.11115926
v -0.06867508 0.03263871 -0.10421659
v -0.06856499 0.03365439 -0.10543348
v -0.05474166 0.02071270 -0.11259475
v -0.03757972 0.01155543 -0.11792035
v -0.05461558 0.02171405 -0.11382178
v -0.05279292 0.02375021 -0.11280529
v -0.03743992 0.01254504 -0.11915339
v -0.03645825 0.01455185 -0.11830291
v -0.01817578 0.00680867 -0.12102642
v 0.00184638 0.00485359 -0.11935592
v -0.01832381 0.00582490 -0.11979159
v -0.01767307 0.00938489 -0.11974892
v 0.00168744 0.00708279 -0.11849956
v -0.01579757 0.01873461 -0.11098393
v -0.03131815 0.02300329 -0.10978937
v 0.00019704 0.01683243 -0.10995225
v 0.01560805 0.01877390 -0.10555903
v 0.02033836 0.00943201 -0.11318183
v 0.02981748 0.02308062 -0.09922767
v 0.04098912 0.03071401 -0.09042298
v 0.03753748 0.01464556 -0.10551825
v 0.05105821 0.02388276 -0.09486108
v 0.03876932 0.01264378 -0.10598732
v 0.05313867 0.02185436 -0.09520532
v 0.02126425 0.00685929 -0.11421380
v 0.03853650 0.01165813 -0.10477379
v 0.05288048 0.02085967 -0.09400631
v 0.02106815 0.00587888 -0.11298723
v 0.03819322 0.01077077 -0.10337402
v 0.02091057 0.00500207 -0.11154372
v 0.05242334 0.01993807 -0.09265842
v 0.03810074 0.01031543 -0.10204345
v 0.02137677 0.00456091 -0.11010487
v 0.04672741 0.00695562 -0.09035983
v 0.05200481 0.01940794 -0.09145151
v 0.05593996 0.01500117 -0.08150803
v 0.06209976 0.03119272 -0.07908277
v 0.06415838 0.02508101 -0.07099137
v 0.06265287 0.03184565 -0.08015526
v 0.06747993 0.04491476 -0.06577291
v 0.06809015 0.04571507 -0.06670285
v 0.06780180 0.05962613 -0.05243587
v 0.06873187 0.03676540 -0.05964983
v 0.06899596 0.04928801 -0.04828651
v 0.06857565 0.03534581 -0.05851309
v 0.06883272 0.04740468 -0.04757332
v 0.06732968 0.03520179 -0.05814959
v 0.06416990 0.02409506 -0.06943109
v 0.06302989 0.02423120 -0.06879283
v 0.05634229 0.01438772 -0.07954272
v 0.05542731 0.01476831 -0.07864054
v 0.04807594 0.00661961 -0.08797495
v 0.04213670 0.00102871 -0.09399577
v 0.04758226 0.00720960 -0.08680631
v 0.04237301 0.00178343 -0.09256622
v 0.04490977 0.00956432 -0.08445116
v 0.04040653 0.00438515 -0.08987300
v 0.04373702 0.01047876 -0.08430013
v 0.05206359 0.01665459 -0.07682551
v 0.05911812 0.02546945 -0.06765881
v 0.05104309 0.01745784 -0.07677552
v 0.05802726 0.02613623 -0.06774703
v 0.04935681 0.01918581 -0.07840342
v 0.04433095 0.02369805 -0.08125869
v 0.04126049 0.01218079 -0.08606639
v 0.05653223 0.02796913 -0.06925023
v 0.06052468 0.03815478 -0.05937131
v 0.05210088 0.03224490 -0.07211793
v 0.04017623 0.03698419 -0.06974468
v 0.05564446 0.04266027 -0.06220592
v 0.04292736 0.04507579 -0.06206316
v 0.05636523 0.05351304 -0.05218614
v 0.04348522 0.05349034 -0.05427523
v 0.06076334 0.04907397 -0.04947122
v 0.05252402 0.06440738 -0.04310388
v 0.04040845 0.06223867 -0.04701131
v 0.05754345 0.05982790 -0.04031099
v 0.04731997 0.07398572 -0.03522668
v 0.05292956 0.06887205 -0.03290470
v 0.04006876 0.08109843 -0.03000667
v 0.03627381 0.06984338 -0.04074838
v 0.03134487 0.07468728 -0.03720771
v 0.02482467 0.07836892 -0.03451536
v 0.03035603 0.08669193 -0.02609670
v 0.01167358 0.08218794 -0.03319540
v 0.01412872 0.09140057 -0.02446475
v -0.00194853 0.08439274 -0.03335047
v -0.00279492 0.09414535 -0.02466252
v -0.01223431 0.08342325 -0.03608774
v -0.01714310 0.09275293 -0.02843547
v -0.02055193 0.08039385 -0.04017140
v -0.02766269 0.07499022 -0.04639171
v -0.03813728 0.08139862 -0.04227526
v -0.03334800 0.06797193 -0.05361082
v -0.04529514 0.07256589 -0.05137132
v -0.03638515 0.05962040 -0.06177809
v -0.04906653 0.06218937 -0.06148992
v -0.03720995 0.05077546 -0.06979889
v -0.05009291 0.05116556 -0.07151386
v -0.03498770 0.04250453 -0.07697785
v -0.04725267 0.04058060 -0.08068710
v -0.03087687 0.03504614 -0.08288361
v -0.04173197 0.03060546 -0.08864441
v -0.02457785 0.02945849 -0.08692277
v -0.03272878 0.02262050 -0.09441945
v -0.01537325 0.02447759 -0.08973386
v -0.02014241 0.01585243 -0.09830392
v -0.00170398 0.02119005 -0.09052201
v -0.00337648 0.01181892 -0.09926894
v 0.01181236 0.01959116 -0.08975196
v 0.01367399 0.00980895 -0.09830506
v 0.01970121 0.02121679 -0.08743476
v 0.02552780 0.01215061 -0.09470208
v 0.02684153 0.02428729 -0.08347907
v 0.03555016 0.01646599 -0.08915706
v 0.03394535 0.03014258 -0.07709502
v 0.03429800 0.00703065 -0.09147917
v 0.03868636 0.00534503 -0.08964314
v 0.02754150 0.00208953 -0.09336504
v 0.03613462 0.00186940 -0.09263273
v 0.03438974 -0.00187474 -0.09201200
v 0.02542791 -0.01047106 -0.08365380
v 0.00536762 0.00456604 -0.09433991
v -0.01306700 0.00894305 -0.09338275
v 0.01134096 -0.00829506 -0.08407349
v -0.00564875 -0.00490400 -0.08387746
v 0.01186295 -0.01116655 -0.08245394
v -0.00487510 -0.00801747 -0.08244832
v 0.02539320 -0.01308657 -0.08194274
v 0.01182063 -0.01243114 -0.08288574
v 0.02545097 -0.01427509 -0.08234815
v 0.01127377 -0.01498809 -0.08603654
v -0.00510823 -0.00929974 -0.08293122
v -0.02006130 -0.00482285 -0.08144125
v -0.00670945 -0.01169734 -0.08612028
v -0.00733388 -0.01172577 -0.08735126
v -0.02268173 -0.00696105 -0.08457113
v -0.02360423 -0.00683490 -0.08569660
v -0.02482789 -0.00382063 -0.08725512
v -0.00834821 -0.00916986 -0.08929448
v -0.02911610 0.00980848 -0.09283599
v -0.01208772 0.00254784 -0.09646712
v -0.03069153 0.01315944 -0.09464764
v -0.01350982 0.00540813 -0.09868757
v -0.04254634 0.02283033 -0.08795908
v -0.03444063 0.01466555 -0.09722728
v -0.05400327 0.01925531 -0.10975751
v -0.01721428 0.00662967 -0.10151967
v -0.03687313 0.01020739 -0.11499063
v 0.00529133 0.00095380 -0.10269741
v -0.01742397 0.00450476 -0.11680561
v 0.02888534 -0.00188933 -0.10057848
v 0.00888176 -0.00019723 -0.09987007
v 0.00960600 -0.00270145 -0.09747713
v 0.02847386 -0.00343877 -0.09925777
v 0.03697383 -0.00430334 -0.09822942
v 0.02801676 -0.00580332 -0.09708261
v 0.02627232 -0.01514834 -0.08878811
v 0.03601663 -0.00676495 -0.09647468
v 0.03293822 -0.01583557 -0.08821973
v 0.03725471 -0.00619539 -0.09551675
v 0.03830560 -0.00362317 -0.09704547
v 0.03621829 -0.00333214 -0.09253564
v 0.03390438 -0.01530878 -0.08734235
v 0.03316367 -0.01258841 -0.08431291
v 0.03208894 -0.01725527 -0.08545341
v 0.02570956 -0.01689946 -0.08541577
v 0.03176501 -0.01759829 -0.08638009
v 0.03148665 -0.01461321 -0.08244054
v 0.03088575 -0.01369969 -0.08195012
v 0.03175782 -0.01162146 -0.08360995
v 0.02583658 -0.01712770 -0.08662835
v 0.01106544 -0.01513384 -0.08730072
v 0.01075181 -0.01293688 -0.08944317
v 0.03726900 -0.00084865 -0.09409940
v 0.03824262 0.00106948 -0.09307635
v 0.03601545 -0.00000397 -0.09343916
v 0.03961408 -0.00163567 -0.09594545
v 0.03847475 -0.00243758 -0.09744511
v 0.00257250 0.00254738 -0.11514584
v 0.03867722 0.00124760 -0.09681599
v 0.00167536 0.00299607 -0.11665230
v -0.01830674 0.00494641 -0.11831609
v 0.00168392 0.00387251 -0.11812329
v -0.03758337 0.01066365 -0.11645903
v -0.03136870 0.00148251 -0.07767758
v -0.01951954 -0.00355314 -0.08090179
v -0.01989235 -0.00020053 -0.08202930
v -0.03050064 0.00270928 -0.07710784
v -0.03716398 0.01166004 -0.07015850
v -0.03021438 0.00625057 -0.07794544
v -0.03645929 0.01519372 -0.07092846
v -0.03445411 0.02266927 -0.08458940
v -0.02607166 0.01496954 -0.09011797
v -0.03961023 0.03208155 -0.07697275
v -0.04155905 0.04306416 -0.06739079
v -0.04013908 0.05511725 -0.05626369
v -0.03807183 0.02829627 -0.05936927
v -0.03493683 0.04590084 -0.04293145
v -0.03878627 0.02540411 -0.05802176
v -0.03525564 0.04449259 -0.04017748
v -0.02897987 0.06203670 -0.02325929
v -0.02908911 0.06213659 -0.02726593
v -0.02975826 0.06252047 -0.02228309
v -0.03583547 0.06649673 -0.04525192
v 0.00479229 0.08668558 -0.02014792
v 0.02324312 0.08332113 -0.02022704
v 0.01115781 0.07522104 -0.00862519
v 0.01178945 0.07363765 -0.00583728
v 0.02751731 0.07156025 -0.00917351
v 0.02775153 0.06990779 -0.00649445
v 0.04083902 0.06783781 -0.01028762
v 0.04673501 0.06632838 -0.01065158
v 0.04053969 0.06629035 -0.00764407
v 0.04416742 0.07683099 -0.02312900
v 0.04995623 0.07338717 -0.02145213
v 0.04881796 0.07479285 -0.02787128
v 0.05123465 0.07397731 -0.02499454
v 0.05244091 0.07157193 -0.02752803
v 0.05123758 0.07438050 -0.02371836
v 0.05259780 0.07404705 -0.02473645
v 0.05199142 0.07480868 -0.02328282
v 0.05372990 0.07145733 -0.02703939
v 0.05456182 0.07678614 -0.02259916
v 0.05365012 0.07767415 -0.02104248
v 0.05636772 0.07385983 -0.02509911
v 0.05391276 0.07858576 -0.02167372
v 0.05274696 0.07921201 -0.02017953
v 0.04545612 0.08432486 -0.01992941
v 0.05656129 0.07539229 -0.02437752
v 0.05390436 0.07943860 -0.02359364
v 0.06042491 0.06908601 -0.02943466
v 0.05961171 0.06797849 -0.02987463
v 0.06530104 0.05925529 -0.03747256
v 0.05962389 0.07213770 -0.02925903
v 0.06524556 0.06163522 -0.03777177
v 0.05365242 0.08792265 -0.02931390
v 0.04037435 0.09946579 -0.02116949
v 0.06301379 0.07431709 -0.03999320
v 0.05393322 0.08926751 -0.02980861
v 0.06355415 0.07544333 -0.04064113
v 0.05435284 0.09052167 -0.03085889
v 0.04017204 0.10108938 -0.02149489
v 0.04043408 0.10244166 -0.02248470
v 0.04065692 0.10354687 -0.02358756
v 0.02347895 0.11271653 -0.01825575
v 0.05460689 0.09160525 -0.03197471
v 0.03902853 0.10261762 -0.02583679
v 0.02269142 0.11181160 -0.02033369
v 0.03104965 0.09576315 -0.03339392
v 0.05291606 0.09131332 -0.03365458
v 0.04252291 0.08642433 -0.03985272
v 0.06185036 0.07768441 -0.04443167
v 0.06711663 0.06327700 -0.05653215
v 0.06433529 0.07767769 -0.04288171
v 0.04990440 0.07516395 -0.04875836
v 0.05425563 0.06326025 -0.05875432
v 0.05354310 0.05135407 -0.06963171
v 0.06625351 0.04886509 -0.06969739
v 0.04960513 0.04007426 -0.08048772
v 0.06148794 0.03521375 -0.08283675
v 0.06343503 0.03382729 -0.08262814
v 0.06890441 0.04777613 -0.06909623
v 0.06316335 0.03281901 -0.08144574
v 0.06862532 0.04674951 -0.06793134
v 0.06895265 0.06168565 -0.05439016
v 0.06406244 0.07661473 -0.04175047
v 0.06923218 0.06272950 -0.05553737
v 0.06841558 0.06058463 -0.05322167
v 0.01755207 0.10335996 -0.02884729
v 0.00203027 0.10763164 -0.02765785
v -0.01396661 0.10952808 -0.02868743
v 0.00390519 0.11698266 -0.01889398
v 0.06417315 0.05850549 -0.03764618
v 0.06021928 0.05735837 -0.03868076
v 0.06758503 0.04696299 -0.04748498
v 0.06335860 0.04662406 -0.04783372
v 0.06220294 0.04696671 -0.04822592
v 0.06311987 0.03567848 -0.05775639
v 0.06196800 0.03618957 -0.05799615
v 0.05910075 0.05754468 -0.03920438
v 0.05507687 0.06622527 -0.03204073
v 0.05621032 0.06611719 -0.03145986
v 0.04483634 0.08244286 -0.01899722
v 0.04440480 0.08038212 -0.01655147
v 0.02605313 0.08810746 -0.01730372
v 0.02674375 0.08548916 -0.01502282
v 0.02832926 0.07724580 -0.00499186
v 0.00997101 0.08140454 -0.00436967
v 0.04302123 0.07295373 -0.00635367
v 0.02865855 0.07508027 -0.00281636
v 0.02858568 0.07377913 -0.00292906
v 0.01110600 0.07918192 -0.00210274
v 0.04260511 0.07103362 -0.00413647
v 0.04221527 0.06987333 -0.00424549
v 0.04815058 0.06939833 -0.00501027
v 0.04923761 0.07080634 -0.00718803
v 0.04820971 0.06840193 -0.00535296
v 0.04654540 0.06541950 -0.00758834
v 0.04986653 0.06968738 -0.00786510
v 0.04816533 0.06674576 -0.01011025
v 0.05278622 0.07640201 -0.01830679
v 0.05113327 0.07353686 -0.02059990
v 0.05192289 0.07770336 -0.01754374
v 0.04084116 0.06673146 -0.00655438
v 0.04575521 0.06502774 -0.00829499
v 0.02797055 0.07037644 -0.00533565
v 0.01186095 0.07417094 -0.00464536
v 0.01145258 0.07780956 -0.00220247
v -0.04481339 0.03060389 -0.10524759
v -0.05628581 0.03993856 -0.09878475
v -0.06667906 0.03504905 -0.10498235
v -0.06366539 0.05120160 -0.08988505
v -0.07561037 0.04868148 -0.09421127
v -0.07829184 0.04758208 -0.09452843
v -0.08328036 0.06147618 -0.08068597
v 0.05914861 0.00581624 0.04768530
v 0.05488659 0.00194293 0.05337198
v 0.05981298 0.00597658 0.04823636
v 0.06279742 0.01052400 0.04116283
v 0.06350267 0.01073915 0.04163992
v 0.06605554 0.01629140 0.03271904
v 0.06677727 0.01656134 0.03313971
v 0.06681581 0.02554703 0.02370611
v 0.06752149 0.02590171 0.02408951
v 0.06584985 0.03348520 0.01622949
v 0.06650616 0.03393509 0.01660107
v 0.06314869 0.04127987 0.00921441
v 0.06372573 0.04182247 0.00959401
v 0.05613653 0.05299433 -0.00022558
v 0.05664412 0.05355482 0.00022118
v 0.06079210 0.06490204 -0.01899261
v 0.06124933 0.06547370 -0.01850754
v 0.06139185 0.06939091 -0.02512907
v 0.06189920 0.07009062 -0.02497533
v 0.06089123 0.06845672 -0.02907474
v 0.06132406 0.06913457 -0.02942675
v 0.05650048 0.05521056 -0.04396196
v 0.05679633 0.05576931 -0.04457108
v 0.04599805 0.02396582 -0.07352132
v 0.04626736 0.02443840 -0.07421093
v 0.04115866 0.00975992 -0.08462623
v 0.04142646 0.00991998 -0.08544745
v 0.04011018 0.00608787 -0.08504021
v 0.04027395 0.00575152 -0.08583492
v 0.03906669 0.00042311 -0.07988598
v 0.03304246 -0.01570034 -0.06523967
v 0.03913212 -0.00018589 -0.08051487
v 0.05819858 -0.00592517 -0.07333908
v 0.04794218 -0.01944498 -0.06056302
v 0.03316644 -0.01628728 -0.06588016
v 0.04040984 -0.02754117 -0.05605554
v 0.04019641 -0.02699476 -0.05540246
v 0.04329712 -0.03510896 -0.04874476
v 0.05122052 -0.02869549 -0.05082181
v 0.05721190 -0.02933002 -0.04772973
v 0.05162778 -0.03430873 -0.04467988
v 0.05658829 -0.03412761 -0.04243272
v 0.05144997 -0.04005786 -0.03805874
v 0.04451413 -0.04254066 -0.04068764
v 0.05582777 -0.03972241 -0.03610530
v 0.05097879 -0.04601527 -0.03076332
v 0.04411048 -0.05086080 -0.03067129
v 0.05045295 -0.05186451 -0.02279945
v 0.05505081 -0.04541627 -0.02938907
v 0.05978905 -0.04371219 -0.02702514
v 0.05429330 -0.05102731 -0.02242454
v 0.05317574 -0.05941371 -0.01145437
v 0.05886674 -0.04901319 -0.02060375
v 0.05755692 -0.05698355 -0.01017097
v 0.06707286 -0.03753249 -0.00931433
v 0.07577508 -0.01228265 0.01474742
v 0.06549917 -0.04533530 0.00034167
v 0.06811805 -0.03248981 -0.01530047
v 0.06928098 -0.02691728 -0.02175553
v 0.07690607 -0.00698609 0.00900169
v 0.07727900 0.00775403 0.02182023
v 0.07810733 -0.00127952 0.00265874
v 0.07928753 0.00433614 -0.00360141
v 0.07839348 0.01377551 0.01525767
v 0.07947338 0.01965348 0.00880220
v 0.07535879 0.01832630 0.01783443
v 0.07623456 0.02407951 0.01166051
v 0.07203636 0.02120446 0.01974976
v 0.07437809 0.01224156 0.02417250
v 0.07129226 0.01446067 0.02629937
v 0.07329979 0.00594038 0.03047471
v 0.07025605 0.00711193 0.03284196
v 0.07619151 0.00200118 0.02782067
v 0.07149819 -0.00404363 0.03989709
v 0.06979043 -0.01202727 0.04615639
v 0.06841735 -0.00372312 0.04195985
v 0.07433649 -0.00740182 0.03683983
v 0.07392040 -0.02085356 0.02363909
v 0.07242343 -0.01495286 0.04292277
v 0.06758597 -0.02682082 0.05031849
v 0.07191865 -0.02757697 0.02990432
v 0.06398043 -0.05067626 0.00788101
v 0.06658675 -0.03758999 0.03856917
v 0.06328302 -0.04065025 0.04149180
v 0.05971666 -0.05742019 0.01923965
v 0.05374145 -0.06731312 0.01073768
v 0.05693208 -0.05901495 0.02347224
v 0.05444395 -0.05856682 0.02549965
v 0.05258610 -0.06773556 0.01542636
v 0.05095979 -0.06820250 0.01574786
v 0.04894097 -0.06861602 0.01648388
v 0.05079725 -0.06930173 0.00986361
v 0.05239141 -0.06466350 -0.00293716
v 0.04813301 -0.06977660 0.01064997
v 0.04891152 -0.06501127 -0.00223647
v 0.04554144 -0.07037433 0.01160243
v 0.04417526 -0.07056773 0.01234287
v 0.04529582 -0.06646477 -0.00074992
v 0.04675794 -0.06897251 0.01726843
v 0.05028524 -0.05882299 0.02757045
v 0.04569102 -0.06905598 0.01779936
v 0.04926681 -0.05891137 0.02805959
v 0.04411384 -0.06910438 0.01865261
v 0.04176197 -0.06916446 0.01989138
v 0.04767074 -0.05903732 0.02882522
v 0.04244618 -0.07072013 0.01336327
v 0.03997485 -0.07087443 0.01476598
v 0.04065362 -0.06832751 0.00251783
v 0.03955547 -0.06624846 -0.00427124
v 0.03745947 -0.06922092 0.00473281
v 0.04310969 -0.06743024 0.00070624
v 0.04246371 -0.06446869 -0.00702518
v 0.04516149 -0.06255677 -0.00929282
v 0.04139147 -0.06034697 -0.01706561
v 0.04046079 -0.05780002 -0.02322752
v 0.04482704 -0.05628871 -0.02121511
v 0.03789970 -0.06390302 -0.01236907
v 0.03389455 -0.06699630 -0.00771581
v 0.03669152 -0.06280166 -0.01685706
v 0.03632922 -0.06206112 -0.01655504
v 0.03238479 -0.06678968 -0.01115191
v 0.02773497 -0.06986517 -0.00611139
v 0.03204284 -0.06600951 -0.01093972
v 0.02741023 -0.06905524 -0.00601347
v 0.02266120 -0.07122143 -0.00181072
v 0.01801426 -0.07257931 0.00174017
v 0.02296392 -0.07204485 -0.00177612
v 0.01828747 -0.07339779 0.00190512
v 0.02483525 -0.07125663 0.00049144
v 0.02949240 -0.06946649 -0.00338932
v 0.02695892 -0.07045168 0.00535798
v 0.02005125 -0.07239673 0.00393617
v 0.01526760 -0.07298882 0.00694299
v 0.02161951 -0.07107820 0.00870398
v 0.02320188 -0.07080558 0.01342774
v 0.01589009 -0.07119296 0.01204320
v 0.01725228 -0.07038550 0.01707436
v 0.00982950 -0.07078244 0.01500291
v 0.00994402 -0.06839365 0.02163432
v 0.01060111 -0.07321675 0.00931841
v 0.00979325 -0.06994566 0.01473941
v 0.01043105 -0.07241601 0.00899923
v 0.01009069 -0.06756819 0.02137390
v 0.01079242 -0.06347026 0.03014285
v 0.01052826 -0.06415930 0.03061805
v 0.01280292 -0.05665752 0.03811725
v 0.01253435 -0.05721733 0.03873759
v 0.02038398 -0.03469983 0.05809166
v 0.02010737 -0.03516376 0.05878454
v 0.02359417 -0.02645855 0.06385086
v 0.02585373 -0.02086219 0.06551910
v 0.02340549 -0.02675943 0.06465350
v 0.02591325 -0.02100844 0.06638259
v 0.03058045 -0.03331563 0.06392794
v 0.03344073 -0.03582538 0.06302097
v 0.03335230 -0.03050893 0.06519448
v 0.02724943 -0.03997383 0.05835198
v 0.02037267 -0.05894732 0.04029264
v 0.03082633 -0.04187546 0.05758745
v 0.02435741 -0.05965787 0.04039774
v 0.03307826 -0.04224447 0.05615589
v 0.03534671 -0.03475584 0.06328100
v 0.02691556 -0.06003314 0.03875009
v 0.03565409 -0.04267512 0.05429392
v 0.03839628 -0.03394653 0.06263881
v 0.03970310 -0.04246427 0.05242069
v 0.02970447 -0.06009776 0.03719070
v 0.02651708 -0.06867715 0.02855968
v 0.03375214 -0.05991273 0.03528757
v 0.03811144 -0.05967168 0.03326507
v 0.03045749 -0.06902709 0.02609746
v 0.02810279 -0.07083542 0.02157660
v 0.03470914 -0.06918490 0.02366667
v 0.03859866 -0.06920787 0.02156083
v 0.03260520 -0.07100950 0.01890712
v 0.03667093 -0.07099278 0.01661098
v 0.02863449 -0.07059279 0.01019896
v 0.03344353 -0.07001417 0.00730322
v 0.03178796 -0.06937416 0.00205526
v 0.03600098 -0.06793410 -0.00118545
v 0.04207498 -0.05942688 0.03143264
v 0.04809651 -0.04176326 0.04878303
v 0.04528616 -0.05921160 0.02994337
v 0.05132226 -0.04149487 0.04735117
v 0.05371196 -0.04128755 0.04627428
v 0.05470561 -0.03121992 0.05716041
v 0.05141261 -0.03166426 0.05842363
v 0.05713555 -0.03089660 0.05619825
v 0.05541330 -0.02566820 0.05885449
v 0.05195840 -0.02623515 0.06024708
v 0.05580345 -0.01473669 0.05646698
v 0.05797767 -0.02522720 0.05774969
v 0.05976481 -0.02488812 0.05693203
v 0.05903889 -0.01372746 0.05437012
v 0.05952017 -0.00685555 0.05193848
v 0.06149055 -0.01284890 0.05254866
v 0.06357069 -0.01221396 0.05078557
v 0.06237856 -0.00522696 0.04904203
v 0.06485427 -0.00398756 0.04613802
v 0.06322881 0.00461055 0.04441186
v 0.06623455 0.00738710 0.03904947
v 0.05983267 0.00133837 0.04937714
v 0.05583917 -0.00172003 0.05406368
v 0.05595202 -0.00857886 0.05498624
v 0.05551881 0.00202328 0.05397583
v 0.05138895 -0.00433395 0.05825357
v 0.04662441 -0.00644089 0.06183507
v 0.05082452 -0.00118339 0.05889158
v 0.05166938 -0.01022742 0.05802868
v 0.05169314 -0.01580349 0.05876933
v 0.04669802 -0.01172616 0.06093200
v 0.04670464 -0.01690790 0.06115935
v 0.04110958 -0.01309336 0.06357592
v 0.04166980 -0.00809097 0.06479731
v 0.03500530 -0.01432215 0.06586142
v 0.04093378 -0.01811660 0.06343871
v 0.03436400 -0.01953814 0.06532999
v 0.04276799 -0.02787986 0.06343939
v 0.04274430 -0.03303855 0.06142276
v 0.04764910 -0.02695874 0.06184314
v 0.03780447 -0.02902584 0.06472764
v 0.04731241 -0.03226367 0.05991164
v 0.04410562 -0.04209196 0.05052810
v 0.02855314 -0.01507610 0.06771524
v 0.03667048 -0.00932589 0.06719527
v 0.03655112 -0.00703687 0.06836912
v 0.03185253 -0.01000322 0.06914559
v 0.03315978 -0.00798802 0.06970234
v 0.03153463 -0.00964171 0.06841088
v 0.03280245 -0.00760643 0.06899729
v 0.02832385 -0.01482568 0.06690568
v 0.03615627 -0.00669677 0.06766298
v 0.04061881 -0.00534062 0.06537770
v 0.04108341 -0.00559083 0.06607960
v 0.04541339 -0.00354398 0.06224176
v 0.04594684 -0.00368255 0.06292532
v 0.05023416 -0.00116305 0.05824193
v 0.06674173 -0.01193127 0.04800543
v 0.06113597 -0.02467983 0.05622198
v 0.05984708 -0.03055225 0.05505331
v 0.06353266 -0.02467787 0.05470290
v 0.06593452 -0.02474238 0.05319885
v 0.06189951 -0.03056489 0.05391571
v 0.06379639 -0.03056563 0.05277136
v 0.05840194 -0.04090682 0.04409025
v 0.06053128 -0.04073669 0.04304351
v 0.05237980 -0.05862181 0.02665384
v 0.05633436 -0.04104311 0.04506400
v 0.05530858 -0.04113948 0.04554153
v 0.05876318 -0.03066667 0.05554405
v 0.06511912 -0.03109080 0.05146310
v 0.02369064 -0.07035418 0.02446126
v 0.02007123 -0.06900380 0.02778007
v 0.02386847 -0.06781872 0.03093918
v 0.01892110 -0.06528903 0.03345832
v 0.02250754 -0.06565657 0.03422967
v 0.01068865 -0.07338392 0.00674351
v 0.01091059 -0.07417001 0.00706618
v 0.01378357 -0.07324487 0.00467870
v 0.01402422 -0.07404459 0.00495117
v 0.04005810 -0.05711514 -0.02285323
v 0.04369457 -0.05022412 -0.03023311
v 0.04412647 -0.04194522 -0.04017137
v 0.04297999 -0.03454254 -0.04815393
v 0.04957009 -0.05990243 -0.01103283
v 0.05649480 -0.06214052 -0.00190169
v 0.07237799 0.02741862 0.01356976
v 0.07208790 0.03335956 0.00773837
v 0.07690204 0.02886011 0.00634688
v 0.06918169 0.04366693 -0.00100073
v 0.07769230 0.03645761 -0.00180767
v 0.07815801 0.05259975 -0.01877831
v 0.08148542 0.03091563 -0.00391415
v 0.08410708 0.04556550 -0.02053355
v 0.08150296 0.01490555 -0.01556646
v 0.08026709 0.02408089 0.00379093
v 0.08016155 0.00850529 -0.00830996
v 0.07130299 -0.01727846 -0.03283209
v 0.07043079 -0.02141510 -0.02811041
v 0.06267108 -0.02773295 -0.04529440
v 0.07265131 -0.01090271 -0.04008344
v 0.06390588 -0.02090179 -0.05294925
v 0.07557953 0.00304458 -0.05589972
v 0.06659035 -0.00615530 -0.06936663
v 0.07605327 0.00916260 -0.06273838
v 0.08440459 0.02887145 -0.03142458
v 0.08490454 0.03517541 -0.03812078
v 0.08137299 0.04222576 -0.04383244
v 0.08493639 0.05100720 -0.02703395
v 0.08404225 0.05317378 -0.03088864
v 0.07837864 0.05802164 -0.02560051
v 0.07784853 0.05795495 -0.03026577
v 0.07385287 0.04714757 -0.04475526
v 0.06441320 0.01906342 -0.07129803
v 0.07241561 0.01567807 -0.06892467
v 0.06011791 0.00520942 -0.08016050
v 0.05905471 0.00074266 -0.07961655
v 0.06737393 0.00360784 -0.07777578
v 0.06766756 -0.00024876 -0.07553744
v 0.05786219 -0.02188947 -0.05603958
v 0.06186422 -0.03217271 -0.04032990
v 0.06083228 -0.03790055 -0.03376127
v 0.06100878 -0.01307251 0.05184935
v 0.05860012 -0.01392713 0.05363675
v 0.06180092 -0.00545599 0.04842148
v 0.06303826 -0.01245257 0.05012935
v 0.06423233 -0.00424305 0.04557497
v 0.06623712 -0.01221876 0.04734689
v 0.06785243 -0.00406504 0.04138100
v 0.06918787 -0.01226781 0.04556561
v 0.07087759 -0.00436994 0.03936827
v 0.07264579 0.00560181 0.02999639
v 0.06961978 0.00677592 0.03233756
v 0.07370246 0.01190244 0.02372682
v 0.07062443 0.01411608 0.02584572
v 0.07467869 0.01797565 0.01740373
v 0.07137394 0.02082142 0.01931999
v 0.07556237 0.02370764 0.01123588
v 0.07174288 0.02698157 0.01314926
v 0.07625145 0.02845670 0.00591726
v 0.07150817 0.03285699 0.00731186
v 0.07709065 0.03600667 -0.00226091
v 0.07761035 0.05209514 -0.01924344
v 0.06867538 0.04311383 -0.00145691
v 0.06079210 0.06490204 -0.01899261
v 0.05613653 0.05299433 -0.00022558
v 0.06314869 0.04127987 0.00921441
v 0.05537424 0.05123509 0.00461390
v 0.04641081 0.06182879 -0.00475450
v 0.04651088 0.07144577 -0.01634862
v 0.03942246 0.07490144 -0.01703192
v 0.04203802 0.07895567 -0.02309831
v 0.03618323 0.08077653 -0.02297679
v 0.03867745 0.08266666 -0.03007326
v 0.05278274 0.07522264 -0.02473893
v 0.05518384 0.07481840 -0.02668751
v 0.04699154 0.07995737 -0.03109044
v 0.04903130 0.07882912 -0.03193650
v 0.04542118 0.08059176 -0.03280101
v 0.03793074 0.08305214 -0.03189551
v 0.04732462 0.07941588 -0.03352205
v 0.04494717 0.08066914 -0.03336496
v 0.04676828 0.07947760 -0.03411172
v 0.04525166 0.08148762 -0.03315301
v 0.03774716 0.08319995 -0.03234899
v 0.03820990 0.08478691 -0.03142761
v 0.03327223 0.08439900 -0.03205064
v 0.03378825 0.08616327 -0.03096279
v 0.02853446 0.08552235 -0.03186400
v 0.03335261 0.08424612 -0.03161897
v 0.02856697 0.08536558 -0.03144382
v 0.03387347 0.08392497 -0.02983321
v 0.02896042 0.08508475 -0.02970278
v 0.02284353 0.08650454 -0.02954145
v 0.03079634 0.08226362 -0.02311323
v 0.03316488 0.07744390 -0.01784335
v 0.02447577 0.08390043 -0.02319627
v 0.02615786 0.07982690 -0.01840157
v 0.01713470 0.08568853 -0.02318294
v 0.00892586 0.08752834 -0.02310643
v 0.01839056 0.08205510 -0.01866193
v 0.01535932 0.08820502 -0.02935027
v 0.01503715 0.08844685 -0.03102452
v 0.00665620 0.09009213 -0.02918334
v 0.00627547 0.09033157 -0.03085226
v -0.00259147 0.09187331 -0.02918826
v 0.00042040 0.08914878 -0.02313524
v -0.01145596 0.09317350 -0.02954517
v -0.00306846 0.09212188 -0.03086293
v -0.00303013 0.09222374 -0.03131921
v -0.01204533 0.09344499 -0.03122564
v -0.01973584 0.09396243 -0.03208389
v -0.01200215 0.09352269 -0.03170270
v -0.01969798 0.09401819 -0.03258147
v -0.01200444 0.09510451 -0.03086598
v -0.00287967 0.09389470 -0.03037705
v -0.01209732 0.09913014 -0.02778829
v -0.01987163 0.09546362 -0.03189541
v -0.02038868 0.09916834 -0.02917577
v -0.02629051 0.09454359 -0.03381341
v -0.02731536 0.09770311 -0.03166537
v -0.02586830 0.09329442 -0.03428246
v -0.03283461 0.09139554 -0.03773323
v -0.03585678 0.08898419 -0.04039382
v -0.03185104 0.09046345 -0.03782470
v -0.03467842 0.09365737 -0.03652299
v -0.03833462 0.09074515 -0.03973873
v -0.03533837 0.09474587 -0.03631107
v -0.02767670 0.09917718 -0.03105861
v -0.03918576 0.09163694 -0.03973372
v -0.03520482 0.09607071 -0.03750282
v -0.02751868 0.10057768 -0.03217963
v -0.03907211 0.09291804 -0.04096793
v -0.03410924 0.09896282 -0.04086661
v -0.03792293 0.09581114 -0.04432174
v -0.02658916 0.10344232 -0.03559476
v -0.03220570 0.09972436 -0.04224961
v -0.03587361 0.09657630 -0.04567708
v -0.02786317 0.09802738 -0.04358770
v -0.02514431 0.10414961 -0.03710190
v -0.02187778 0.10222212 -0.03882411
v -0.01865007 0.10577573 -0.03454080
v -0.01649806 0.10373746 -0.03654983
v -0.01963006 0.10511606 -0.03291324
v -0.01074777 0.10581767 -0.03315116
v -0.00143586 0.10484573 -0.03242151
v -0.00964949 0.10369566 -0.03541796
v -0.01130876 0.10519945 -0.03141303
v -0.01193368 0.10238291 -0.02790286
v -0.00170089 0.10424414 -0.03061676
v -0.00221817 0.10144013 -0.02707633
v 0.00827253 0.10266130 -0.03031398
v 0.00780280 0.09986496 -0.02675872
v 0.01759898 0.10090974 -0.03027272
v 0.00837824 0.10326909 -0.03214204
v 0.01764377 0.10153879 -0.03209301
v 0.00807676 0.10120963 -0.03459910
v 0.01691223 0.09958389 -0.03453176
v 0.00736974 0.09293427 -0.04226262
v -0.00114648 0.10271753 -0.03483674
v 0.00022855 0.09412365 -0.04242472
v -0.00611789 0.09494424 -0.04277393
v -0.01086402 0.09505054 -0.04348633
v -0.01439468 0.09384219 -0.04517337
v -0.01835870 0.09064863 -0.04870298
v -0.02081648 0.08816693 -0.05133406
v -0.03116316 0.09497735 -0.04686693
v -0.02309074 0.08598726 -0.05366222
v -0.03410249 0.09237029 -0.04968869
v -0.02655161 0.08122323 -0.05849054
v -0.03841316 0.08699812 -0.05520319
v -0.03171186 0.06877992 -0.07043501
v -0.04541807 0.07038895 -0.07116717
v -0.03206567 0.06317274 -0.07547998
v -0.04549194 0.06395028 -0.07690148
v -0.03100909 0.05857067 -0.07938780
v -0.04385924 0.05803646 -0.08187742
v -0.03038234 0.05488099 -0.08255580
v -0.04285103 0.05344299 -0.08578448
v -0.02905174 0.05024127 -0.08643840
v -0.02685747 0.04747592 -0.08851301
v -0.04045197 0.04696887 -0.09111804
v -0.03690565 0.04303129 -0.09400389
v -0.04453160 0.04647717 -0.09168495
v -0.04605442 0.04553776 -0.09039731
v -0.04012488 0.04189757 -0.09499659
v -0.04768652 0.05367209 -0.08583430
v -0.04896208 0.05852929 -0.08173818
v -0.04955956 0.05300304 -0.08436452
v -0.05062928 0.05018811 -0.08092853
v -0.05096333 0.05793373 -0.08022309
v -0.05305393 0.06412450 -0.07507946
v -0.05208184 0.05514539 -0.07677150
v -0.05423462 0.06133445 -0.07163865
v -0.05214560 0.05401304 -0.07539590
v -0.05068197 0.04910322 -0.07950863
v -0.05108061 0.05371653 -0.07483487
v -0.05430152 0.06015114 -0.07031018
v -0.05304928 0.05957013 -0.06997020
v -0.05453734 0.06663132 -0.06459176
v -0.05447016 0.06783428 -0.06590260
v -0.05315742 0.06594388 -0.06432341
v -0.04710402 0.08380234 -0.04805457
v -0.04702001 0.08503132 -0.04934035
v -0.04245404 0.08906001 -0.04258451
v -0.04586461 0.08306963 -0.04785126
v -0.04198360 0.08161631 -0.04799307
v -0.04142042 0.08827879 -0.04245904
v -0.03829402 0.08675755 -0.04279115
v -0.03611532 0.08588926 -0.04262109
v -0.03540520 0.08564934 -0.04215976
v -0.03899760 0.08056642 -0.04784588
v -0.03433719 0.08814949 -0.04030728
v -0.03393077 0.08800790 -0.03980990
v -0.03166548 0.09038719 -0.03730689
v -0.03270264 0.08732620 -0.03841091
v -0.03396827 0.08486948 -0.04088711
v -0.02572956 0.08287397 -0.03334594
v -0.03063621 0.08983182 -0.03579688
v -0.02507393 0.09286456 -0.03213593
v -0.02436775 0.08571810 -0.03025842
v -0.02144469 0.08119272 -0.02528358
v -0.01975177 0.08928078 -0.02623744
v -0.01443259 0.09041079 -0.02438176
v -0.01752318 0.08498419 -0.02129441
v -0.01255775 0.08633756 -0.01955439
v -0.01675114 0.07664744 -0.01095968
v -0.02047703 0.07280318 -0.01425711
v -0.01728692 0.07384115 -0.00619133
v -0.01191677 0.07835476 -0.00963354
v -0.01235011 0.07578095 -0.00503712
v -0.00547771 0.07890858 -0.00934199
v -0.00575553 0.07656453 -0.00499201
v 0.00238654 0.07849464 -0.00957667
v -0.00606328 0.08639820 -0.01881954
v 0.00169051 0.08556362 -0.01861509
v -0.00761451 0.09021194 -0.02349164
v 0.01006310 0.08403524 -0.01866041
v 0.01117075 0.07708201 -0.00989297
v 0.01137360 0.07495650 -0.00599184
v 0.02033407 0.07469455 -0.00982681
v 0.02088214 0.07243215 -0.00597406
v 0.02940817 0.07137493 -0.00902812
v 0.03038754 0.06875830 -0.00504026
v 0.03811396 0.06715126 -0.00737973
v 0.03953149 0.06397964 -0.00302863
v 0.04797892 0.05815461 0.00012415
v 0.03955609 0.06384398 -0.00137191
v 0.04778248 0.05810866 0.00183804
v 0.03973666 0.06418909 0.00024439
v 0.03047215 0.06862905 -0.00339483
v 0.02090825 0.07234504 -0.00428140
v 0.03075888 0.06889285 -0.00174155
v 0.03188824 0.06882951 0.00227489
v 0.02119160 0.07255708 -0.00253431
v 0.02270586 0.07207702 0.00166062
v 0.01139847 0.07506208 -0.00223950
v 0.01124423 0.07490616 -0.00418723
v 0.01321003 0.07409280 0.00239839
v 0.00177953 0.07630841 -0.00111493
v -0.00719096 0.07623480 0.00042162
v 0.00192775 0.07626562 -0.00347662
v 0.00376462 0.07479835 0.00442788
v 0.00526328 0.07134619 0.00978346
v -0.00525419 0.07416147 0.00762015
v -0.01460242 0.07213248 0.01116065
v -0.00270502 0.07091389 0.01296685
v -0.01002667 0.06930486 0.01716694
v -0.01641841 0.06658132 0.02222300
v -0.02163449 0.06284813 0.02794014
v -0.02149561 0.06836151 0.01795848
v -0.02881265 0.06678188 0.01187130
v -0.02724180 0.06387888 0.02441445
v -0.03148809 0.05843157 0.03140100
v -0.03365104 0.06177887 0.01909447
v -0.03625503 0.05672790 0.01465583
v -0.03745331 0.05566028 0.02696970
v -0.03957214 0.05066773 0.02242664
v -0.03967701 0.04869530 0.03512029
v -0.03998389 0.04115554 0.04318138
v -0.04156493 0.04373884 0.03052697
v -0.03401779 0.05223276 0.03864094
v -0.02779412 0.05295989 0.04046203
v -0.03470138 0.04552027 0.04584848
v -0.02849957 0.04718467 0.04678545
v -0.03350047 0.03855270 0.05274420
v -0.02756656 0.04114483 0.05282635
v -0.03825771 0.03333748 0.05082023
v -0.03045677 0.03159899 0.05906315
v -0.03452355 0.02554234 0.05773306
v -0.02503011 0.03507287 0.05835306
v -0.02568586 0.02492604 0.06456065
v -0.02891991 0.01807449 0.06365404
v -0.01937145 0.01879093 0.06902791
v -0.02098673 0.02920209 0.06315256
v -0.01559358 0.02375818 0.06704016
v -0.00905714 0.01894993 0.06986617
v -0.01176091 0.01342741 0.07230082
v -0.00162866 0.01496241 0.07152378
v -0.00316521 0.00904051 0.07425850
v 0.00640678 0.01194879 0.07194751
v 0.01474025 0.01002487 0.07112115
v 0.00736476 0.00477817 0.07487863
v 0.00561949 -0.00337245 0.07431849
v 0.01880813 -0.00353444 0.07420860
v 0.01678538 0.00423926 0.07390356
v 0.02561987 -0.00233955 0.07301824
v 0.02592728 0.00390034 0.07166005
v 0.02305082 0.00926417 0.06907734
v 0.03469286 0.00480119 0.06814017
v 0.03296318 -0.00095591 0.07035931
v 0.04014475 0.00102402 0.06643720
v 0.03651547 -0.00251459 0.06859949
v 0.04250705 -0.00036196 0.06490945
v 0.03896299 -0.00374308 0.06690465
v 0.03066806 -0.00428239 0.07111757
v 0.03407358 -0.00540688 0.06923915
v 0.02549304 -0.00606068 0.07234693
v 0.02123775 -0.00853226 0.07204361
v 0.02999495 -0.00701697 0.07044225
v 0.02679076 -0.00939184 0.07025002
v 0.03280245 -0.00760643 0.06899729
v 0.03153463 -0.00964171 0.06841088
v 0.03615637 -0.00669627 0.06766241
v 0.04061881 -0.00534062 0.06537770
v 0.03630020 -0.00900485 0.06646756
v 0.04122732 -0.00786258 0.06407406
v 0.03471601 -0.01409636 0.06506426
v 0.04074234 -0.01296181 0.06278947
v 0.02832385 -0.01482568 0.06690568
v 0.03416583 -0.01946778 0.06447715
v 0.02585373 -0.02086219 0.06551910
v 0.04064664 -0.01812095 0.06260898
v 0.04636456 -0.01696826 0.06035190
v 0.04627299 -0.01168760 0.06016411
v 0.05131592 -0.01591707 0.05798492
v 0.05119798 -0.01027979 0.05728969
v 0.05539397 -0.01489829 0.05570668
v 0.05544606 -0.00871100 0.05428036
v 0.05898381 -0.00704790 0.05126998
v 0.05524525 -0.00180757 0.05342307
v 0.05920883 0.00117852 0.04878044
v 0.05488659 0.00194293 0.05337198
v 0.05083205 -0.00432554 0.05757513
v 0.05023416 -0.00116305 0.05824193
v 0.04611868 -0.00632122 0.06112739
v 0.04541308 -0.00354511 0.06224186
v 0.04415951 -0.00171551 0.06352551
v 0.04937077 0.00094550 0.05912877
v 0.04833492 0.00247721 0.06013175
v 0.05436766 0.00443046 0.05374681
v 0.05376858 0.00619403 0.05435969
v 0.05886057 0.00880511 0.04748408
v 0.05850797 0.01083113 0.04776178
v 0.06250607 0.01411334 0.04047369
v 0.05914861 0.00581624 0.04768530
v 0.06279742 0.01052400 0.04116283
v 0.06605554 0.01629140 0.03271904
v 0.06256729 0.00440304 0.04387324
v 0.06553730 0.00714343 0.03857413
v 0.06681581 0.02554703 0.02370611
v 0.06488584 0.02050181 0.03280400
v 0.06537141 0.02817480 0.02488218
v 0.06439875 0.02273598 0.03302899
v 0.06479259 0.02982691 0.02549173
v 0.06405367 0.02425941 0.03397892
v 0.06218506 0.01636166 0.04056288
v 0.06181853 0.01793319 0.04143336
v 0.05799473 0.01234291 0.04867210
v 0.05978955 0.02010833 0.04458147
v 0.05555250 0.01474041 0.05147179
v 0.06231498 0.02620991 0.03744740
v 0.05379046 0.02236143 0.04476267
v 0.05610822 0.02765045 0.03839875
v 0.04994950 0.01776205 0.05092169
v 0.04473252 0.01402909 0.05663772
v 0.04979198 0.01030296 0.05785347
v 0.03834080 0.01130555 0.06169379
v 0.03102021 0.00969737 0.06589379
v 0.04274659 0.00695318 0.06348065
v 0.04686067 0.00384232 0.06140438
v 0.05290188 0.00761848 0.05541278
v 0.05681446 0.03342553 0.03207521
v 0.05588049 0.03946502 0.02603384
v 0.06301032 0.03282005 0.03034510
v 0.06446002 0.03113415 0.02660845
v 0.06184280 0.03968432 0.02354749
v 0.05885526 0.04653554 0.01731725
v 0.06297105 0.03828095 0.01961387
v 0.05961994 0.04540950 0.01326897
v 0.06329637 0.03720606 0.01832943
v 0.05993357 0.04454068 0.01183163
v 0.06399376 0.03591618 0.01747537
v 0.06584985 0.03348520 0.01622949
v 0.06077766 0.04351621 0.01074618
v 0.05472402 0.05159141 0.00625251
v 0.05449625 0.05225638 0.00781497
v 0.04776687 0.05858459 0.00344114
v 0.05415731 0.05311410 0.01189247
v 0.04792534 0.05916767 0.00747852
v 0.04930162 0.05140810 0.01570809
v 0.05334404 0.04553697 0.02050713
v 0.04390866 0.05685252 0.01182111
v 0.03737127 0.06166048 0.00899455
v 0.04040333 0.06447255 0.00423503
v 0.02994299 0.06564856 0.00733748
v 0.02190745 0.06866168 0.00691431
v 0.01357408 0.07058610 0.00774011
v 0.01915103 -0.02120559 0.06414720
v 0.02359417 -0.02645855 0.06385086
v 0.01938900 -0.01715091 0.06691467
v 0.01582355 -0.01866784 0.06475008
v 0.02239820 -0.01403774 0.06851556
v 0.01355949 -0.01518916 0.06758291
v 0.01102392 -0.01655341 0.06475935
v 0.00707723 -0.01312521 0.06763847
v 0.01629894 -0.01282769 0.06971238
v 0.00949956 -0.01104785 0.07036062
v 0.00181130 -0.00839491 0.07025638
v 0.01450672 -0.00696329 0.07356824
v -0.00022355 -0.01036059 0.06701445
v -0.00666235 -0.00461715 0.06915449
v -0.00820677 -0.00656515 0.06560588
v -0.00378561 0.00033273 0.07375713
v -0.01529650 0.00032409 0.06692363
v -0.01313574 0.00523797 0.07176683
v -0.01642742 -0.00167568 0.06328009
v -0.02346519 0.00631973 0.06349109
v -0.02167452 0.01122121 0.06837483
v -0.02429754 0.00421688 0.05990695
v -0.03058532 0.01317158 0.05882894
v -0.03122166 0.01092980 0.05539461
v -0.03618282 0.02063190 0.05298774
v -0.03995916 0.02841700 0.04614319
v -0.03669318 0.01823132 0.04973959
v -0.04039798 0.02584531 0.04308936
v -0.03675898 0.01652445 0.04647032
v -0.04034592 0.02384844 0.04015035
v -0.03643105 0.01424066 0.04073592
v -0.03147420 0.00949607 0.05180507
v -0.03153481 0.00780537 0.04538194
v -0.02480700 0.00301761 0.05603526
v -0.01725320 -0.00270351 0.05922538
v -0.02537920 0.00183814 0.04899193
v -0.01841963 -0.00352100 0.05173247
v -0.02580925 0.00073512 0.04573654
v -0.03178230 0.00649737 0.04234706
v -0.02756276 -0.00440506 0.03988957
v -0.01906119 -0.00448472 0.04830993
v -0.01204715 -0.00910852 0.05038160
v -0.02087728 -0.00947713 0.04247646
v -0.02732107 -0.02848369 0.02404033
v -0.01393637 -0.01403896 0.04457287
v -0.02032615 -0.03277360 0.02638576
v -0.00724301 -0.01811404 0.04648438
v -0.00121273 -0.02172216 0.04841278
v -0.01363769 -0.03680821 0.02838357
v -0.00527797 -0.01312138 0.05226410
v 0.00080852 -0.01653341 0.05414907
v -0.00421420 -0.01211658 0.05571618
v 0.00203759 -0.01533869 0.05740595
v -0.00179561 -0.01134328 0.06315419
v -0.01118700 -0.00818438 0.05388090
v -0.00939396 -0.00751368 0.06153786
v 0.00508922 -0.01425944 0.06421877
v 0.00725800 -0.01795320 0.05889875
v 0.01120240 -0.02005548 0.06003677
v 0.00593344 -0.01937285 0.05599360
v 0.00995391 -0.02164476 0.05766866
v 0.00391908 -0.02485204 0.05034477
v -0.00263555 -0.04422760 0.03188562
v 0.00806286 -0.02746567 0.05217723
v 0.00142214 -0.04742368 0.03339470
v 0.01175365 -0.02972716 0.05411354
v 0.01707967 -0.03257371 0.05713732
v 0.00494562 -0.05053748 0.03483611
v 0.01346866 -0.02336206 0.05943596
v 0.01923951 -0.02477617 0.06274775
v 0.01375890 -0.02154312 0.06076313
v 0.00267487 -0.05646736 0.02864612
v 0.00970484 -0.05490403 0.03688466
v 0.00720872 -0.06134480 0.02948077
v 0.01280292 -0.05665752 0.03811725
v 0.01079242 -0.06347026 0.03014285
v 0.02038398 -0.03469983 0.05809166
v 0.01009069 -0.06756819 0.02137390
v 0.00979325 -0.06994566 0.01473941
v 0.01730551 -0.06951914 0.01693661
v 0.00263948 -0.06697345 0.01976069
v 0.00480204 -0.06406720 0.02379935
v 0.00122878 -0.05904431 0.02535936
v 0.00066893 -0.06374665 0.02208536
v -0.00430136 -0.06214019 0.02161483
v -0.00138451 -0.05751939 0.02457574
v -0.00524609 -0.05508386 0.02369665
v -0.00064861 -0.05342699 0.02760523
v -0.00457401 -0.05028190 0.02637763
v -0.00954117 -0.04670029 0.02495189
v -0.00767360 -0.04064812 0.03020383
v -0.01548883 -0.04283764 0.02331473
v -0.01028821 -0.05189975 0.02269878
v -0.01016535 -0.05963437 0.02127465
v -0.01637903 -0.04819539 0.02143801
v -0.01691408 -0.05631439 0.02059289
v -0.02329588 -0.04411862 0.01973069
v -0.02220892 -0.03880006 0.02138791
v -0.03058680 -0.03966125 0.01739148
v -0.02442625 -0.05222919 0.01921623
v -0.03228012 -0.04739954 0.01692323
v -0.02498009 -0.05645677 0.01838716
v -0.03317494 -0.05149263 0.01613145
v -0.01707080 -0.06047307 0.01958686
v -0.02538497 -0.06030893 0.01644568
v -0.01694963 -0.06420102 0.01743994
v -0.03399497 -0.05529555 0.01428339
v -0.02546941 -0.06587711 0.01218045
v -0.01565169 -0.06962117 0.01267322
v -0.03501036 -0.06080733 0.01030961
v -0.02564461 -0.06849363 0.00835289
v -0.02882469 -0.06724415 0.00002433
v -0.01325009 -0.07265392 0.00811852
v -0.03578108 -0.06339869 0.00677374
v -0.03716660 -0.06277754 -0.00170274
v -0.04455391 -0.05731187 0.00355732
v -0.04449560 -0.05741070 -0.00475560
v -0.04370276 -0.05467050 0.00697950
v -0.05186698 -0.05040521 -0.00110423
v -0.05748409 -0.04291085 -0.00701562
v -0.05055593 -0.05134137 -0.00901107
v -0.05109264 -0.04769096 0.00225126
v -0.04929947 -0.04249423 0.00614478
v -0.05682616 -0.04010700 -0.00372828
v -0.05491349 -0.03508475 0.00025534
v -0.06066894 -0.03219391 -0.01073110
v -0.05870241 -0.02733735 -0.00662400
v -0.06247739 -0.02425270 -0.01848130
v -0.06121433 -0.03510492 -0.01393761
v -0.06292601 -0.02728355 -0.02159378
v -0.05801888 -0.03803113 -0.02042204
v -0.05914096 -0.03130015 -0.02713656
v -0.05512104 -0.04479821 -0.01430138
v -0.05117650 -0.03862397 -0.02352959
v -0.05205053 -0.03301401 -0.02914696
v -0.04881618 -0.04427286 -0.01839925
v -0.04505827 -0.04974236 -0.01395499
v -0.04004842 -0.05482390 -0.01036551
v -0.03397803 -0.05932041 -0.00777026
v -0.02708238 -0.06306025 -0.00626917
v -0.01962492 -0.06589933 -0.00591799
v -0.01964736 -0.07065931 0.00031699
v -0.01189221 -0.06772841 -0.00673200
v -0.01048324 -0.07280865 -0.00098943
v -0.00418276 -0.06847726 -0.00867876
v -0.00153138 -0.07358307 -0.00350612
v 0.00320916 -0.06811735 -0.01168492
v 0.00700320 -0.07303480 -0.00718750
v 0.00999774 -0.06666225 -0.01563382
v 0.01483535 -0.07120840 -0.01192545
v 0.01592315 -0.06416807 -0.02037391
v 0.02075685 -0.06073104 -0.02572342
v 0.02168008 -0.06817946 -0.01756487
v 0.02673360 -0.06763399 -0.01606116
v 0.02727332 -0.06406537 -0.02389926
v 0.03201402 -0.06291758 -0.02292486
v 0.03138900 -0.05901733 -0.03069256
v 0.03590785 -0.05734425 -0.03018650
v 0.03385309 -0.05322411 -0.03768758
v 0.02431347 -0.05648219 -0.03147547
v 0.02645706 -0.05158507 -0.03741126
v 0.02710363 -0.04622913 -0.04330076
v 0.03455495 -0.04690097 -0.04461726
v 0.02623047 -0.04061895 -0.04891869
v 0.03346599 -0.04028826 -0.05121669
v 0.02386851 -0.03497013 -0.05404835
v 0.02011179 -0.02949914 -0.05849340
v 0.03062646 -0.03363807 -0.05723435
v 0.02614292 -0.02720153 -0.06243758
v 0.03374154 -0.03030287 -0.05796112
v 0.03455048 -0.02914571 -0.05763980
v 0.03706767 -0.03731268 -0.05174563
v 0.02868448 -0.02354269 -0.06328345
v 0.02207162 -0.01726448 -0.06753009
v 0.02938499 -0.02227142 -0.06304701
v 0.02262060 -0.01588790 -0.06734590
v 0.03020710 -0.02133751 -0.06276959
v 0.03542230 -0.02837010 -0.05717330
v 0.03142238 -0.02001298 -0.06281683
v 0.02326355 -0.01482587 -0.06718941
v 0.01506046 -0.00902310 -0.07033513
v 0.02396559 -0.01327718 -0.06748003
v 0.01551690 -0.00745311 -0.07063492
v 0.02288915 -0.00813897 -0.07097341
v 0.01457658 -0.00286511 -0.07364475
v 0.03304246 -0.01570034 -0.06523967
v 0.01620064 0.00582647 -0.08240754
v 0.02343160 0.00279504 -0.08132210
v 0.01324283 0.01253742 -0.08755990
v 0.01005328 0.00869558 -0.08290836
v 0.00800722 0.01447572 -0.08726952
v 0.00321385 0.01157770 -0.08299430
v 0.00595851 0.00162046 -0.07504626
v 0.00187665 0.01667686 -0.08681937
v -0.00434207 0.01443207 -0.08266143
v -0.01239653 0.01722744 -0.08188933
v -0.00295235 0.00542456 -0.07538561
v -0.00524133 0.01912853 -0.08617739
v -0.00570410 0.02554524 -0.08865277
v -0.01316662 0.02181276 -0.08530139
v -0.02124814 0.02469369 -0.08413715
v -0.01411345 0.02831026 -0.08765585
v -0.01400246 0.03001133 -0.08794059
v -0.02291448 0.03141775 -0.08640517
v -0.02289114 0.03315689 -0.08666938
v -0.03110404 0.03472725 -0.08486062
v -0.02862143 0.02772433 -0.08263186
v -0.03772192 0.03808435 -0.08300057
v -0.03118509 0.03650932 -0.08511151
v -0.03791201 0.03989501 -0.08325601
v -0.03102151 0.03694465 -0.08524960
v -0.03773947 0.04035070 -0.08337452
v -0.03181859 0.03616311 -0.08664886
v -0.02274671 0.03357415 -0.08682683
v -0.02347060 0.03264282 -0.08834678
v -0.01387936 0.03041411 -0.08811560
v -0.01452434 0.02937017 -0.08972189
v -0.00543943 0.02762785 -0.08914484
v -0.00601699 0.02649851 -0.09081623
v 0.00180981 0.02532181 -0.08995152
v -0.00554093 0.02723373 -0.08895950
v 0.00173085 0.02492691 -0.08976311
v 0.00156712 0.02321412 -0.08944146
v 0.00762994 0.02308515 -0.09038806
v 0.00768200 0.02349246 -0.09057104
v 0.01230794 0.02164342 -0.09086741
v 0.00752226 0.02131151 -0.09005962
v 0.01231160 0.01978456 -0.09053697
v 0.01707224 0.01839839 -0.09089967
v 0.01908630 0.01068520 -0.08771253
v 0.01685714 0.02036630 -0.09122315
v 0.02568003 0.01656159 -0.09108953
v 0.02461638 0.01870203 -0.09137472
v 0.02813570 0.01667148 -0.09076399
v 0.03039239 0.00861789 -0.08777568
v 0.03327579 0.00964902 -0.08836528
v 0.03906669 0.00042311 -0.07988598
v 0.05804192 -0.00530268 -0.07274035
v 0.04781594 -0.01884902 -0.05992993
v 0.04011018 0.00608787 -0.08504021
v 0.04115866 0.00975992 -0.08462623
v 0.05885833 0.00116123 -0.07886943
v 0.05982131 0.00509596 -0.07934138
v 0.06409931 0.01861167 -0.07061351
v 0.07351124 0.04660868 -0.04415216
v 0.04599805 0.02396582 -0.07352132
v 0.05650048 0.05521056 -0.04396196
v 0.03999066 0.02645732 -0.07494542
v 0.05077016 0.05852166 -0.04460122
v 0.03476238 0.03151009 -0.07684273
v 0.03483593 0.01243257 -0.08695134
v 0.02970176 0.01871662 -0.08884788
v 0.02845099 0.02066642 -0.08897799
v 0.02812742 0.02140877 -0.08891982
v 0.03344204 0.03305429 -0.07711905
v 0.02692690 0.01873968 -0.09094777
v 0.02659956 0.01948166 -0.09089378
v 0.02434739 0.01939255 -0.09135813
v 0.02671325 0.01943604 -0.09148236
v 0.02761820 0.01795661 -0.09312777
v 0.02859336 0.02145703 -0.08936430
v 0.02427691 0.01909455 -0.09220328
v 0.02452931 0.01700303 -0.09450422
v 0.01637639 0.01983999 -0.09289484
v 0.01678909 0.02085585 -0.09135268
v 0.01184478 0.02088786 -0.09274119
v 0.01549060 0.01635580 -0.09662986
v 0.01057207 0.01698809 -0.09691062
v 0.01516781 0.01518332 -0.09836964
v 0.02471241 0.01642497 -0.09562986
v 0.01532306 0.01608933 -0.09993029
v 0.01012342 0.01569300 -0.09878113
v 0.01025597 0.01657572 -0.10036629
v 0.00526175 0.01704185 -0.09841561
v 0.00576624 0.01834659 -0.09652711
v 0.00537905 0.01792205 -0.10000557
v -0.00082668 0.01901787 -0.09770227
v -0.00026832 0.02028661 -0.09583695
v -0.00835964 0.02160824 -0.09669200
v -0.00072789 0.01990562 -0.09928961
v -0.00828488 0.02250894 -0.09827076
v -0.00010784 0.02311722 -0.10244945
v -0.00767801 0.02572170 -0.10143280
v 0.00601082 0.02113100 -0.10316582
v 0.00027267 0.02480529 -0.10327177
v 0.00637902 0.02279415 -0.10401249
v 0.00071655 0.02737361 -0.10148872
v -0.00727196 0.02742421 -0.10223677
v -0.01605889 0.03057973 -0.10093755
v -0.00650421 0.02992931 -0.10045514
v -0.01486779 0.03295679 -0.09919621
v -0.00379594 0.03781216 -0.09317201
v -0.01035433 0.04021073 -0.09216252
v 0.00190791 0.03575367 -0.09402568
v 0.00655641 0.03412788 -0.09467342
v 0.00657591 0.02538578 -0.10225214
v 0.01027745 0.03296672 -0.09506732
v 0.01125401 0.02399385 -0.10268679
v 0.01415239 0.03233837 -0.09495569
v 0.01602272 0.02333650 -0.10245044
v 0.02026997 0.03257318 -0.09368255
v 0.02448751 0.02401835 -0.10037909
v 0.02241392 0.03319892 -0.09276190
v 0.02726126 0.02494938 -0.09907982
v 0.02464523 0.03522113 -0.09059259
v 0.03191194 0.04499247 -0.08066913
v 0.03010634 0.02724287 -0.09656087
v 0.03177067 0.02534418 -0.09738883
v 0.03980959 0.03904023 -0.08441743
v 0.04226536 0.03736867 -0.08490536
v 0.04973793 0.06757906 -0.05734944
v 0.03944541 0.06667447 -0.06010548
v 0.05266171 0.06722529 -0.05658684
v 0.04906540 0.08343733 -0.04336508
v 0.04810850 0.08696469 -0.04038670
v 0.03959162 0.07945349 -0.04871643
v 0.05145424 0.08368192 -0.04216449
v 0.05026323 0.08739696 -0.03906388
v 0.05168902 0.08238884 -0.04088807
v 0.05133059 0.07936542 -0.03751729
v 0.05313343 0.06587113 -0.05532217
v 0.05038945 0.08617901 -0.03774167
v 0.05000662 0.08319622 -0.03433966
v 0.04836571 0.08877208 -0.03578396
v 0.04832751 0.08985284 -0.03721091
v 0.04124147 0.09455568 -0.03186669
v 0.04794618 0.08585193 -0.03233207
v 0.04761673 0.08455839 -0.03114628
v 0.04075967 0.09175162 -0.02832036
v 0.03623784 0.09386138 -0.02722062
v 0.04042996 0.09032990 -0.02724913
v 0.03591395 0.09240853 -0.02617522
v 0.03977306 0.08858680 -0.02826800
v 0.04690408 0.08356213 -0.03151194
v 0.03528512 0.09050058 -0.02733593
v 0.03044449 0.09175480 -0.02705153
v 0.03103161 0.09369728 -0.02586705
v 0.02904769 0.08732130 -0.03074560
v 0.02422120 0.09313196 -0.02689419
v 0.02474139 0.09507156 -0.02572348
v 0.02298717 0.08870468 -0.03055532
v 0.01644542 0.09473166 -0.02680521
v 0.01545005 0.09035242 -0.03038238
v 0.01686838 0.09665220 -0.02566782
v 0.00727533 0.09649752 -0.02680762
v 0.00659104 0.09218236 -0.03027541
v -0.00256506 0.09810976 -0.02706184
v 0.00757183 0.09839785 -0.02571052
v -0.00241941 0.09997582 -0.02602065
v -0.01211455 0.10092830 -0.02683509
v -0.02057206 0.10084467 -0.02835934
v -0.02040245 0.10227962 -0.02944658
v 0.00630525 0.09045676 -0.03128909
v 0.01505376 0.08858981 -0.03144870
v 0.02251549 0.08691323 -0.03166006
v 0.02251703 0.08675964 -0.03124235
v 0.01713308 0.09811913 -0.02671054
v 0.02503461 0.09653791 -0.02676194
v 0.02551113 0.09932250 -0.03032657
v 0.03134464 0.09515994 -0.02690549
v 0.03183267 0.09794130 -0.03047107
v 0.03187144 0.09862196 -0.03224621
v 0.03673146 0.09664187 -0.03078618
v 0.03678011 0.09735481 -0.03253065
v 0.04128907 0.09534358 -0.03354443
v 0.03536568 0.09571678 -0.03480576
v 0.03974236 0.09389533 -0.03567193
v 0.03061063 0.09687945 -0.03458800
v 0.02902465 0.08873422 -0.04228668
v 0.03263867 0.08732961 -0.04291081
v 0.02520877 0.08961375 -0.04215938
v 0.02033365 0.09056592 -0.04214883
v 0.02450343 0.09812989 -0.03452340
v 0.01431284 0.09167962 -0.04219001
v 0.02554382 0.09997703 -0.03212712
v 0.03758599 0.08408290 -0.04493119
v 0.04636974 0.08911307 -0.03877139
v 0.03898821 0.08250106 -0.04610051
v 0.04889038 0.08123520 -0.03323892
v 0.04966854 0.08194700 -0.03311568
v 0.04707103 0.07999344 -0.03416854
v 0.04994611 0.07769425 -0.03620544
v 0.04733500 0.07718540 -0.03661958
v 0.05008047 0.06188045 -0.05023793
v 0.05094886 0.07815967 -0.03626263
v 0.05218908 0.06173476 -0.05064792
v 0.04180174 0.03190826 -0.07893915
v 0.05279899 0.06282007 -0.05197093
v 0.04238935 0.03295722 -0.08029828
v 0.03163104 0.02098777 -0.09278000
v 0.04272602 0.03601690 -0.08364144
v 0.03200523 0.02405786 -0.09610744
v 0.02872028 0.02171986 -0.09874745
v 0.02830103 0.01862828 -0.09544883
v 0.02543575 0.02056211 -0.10033927
v 0.02861920 0.02301274 -0.09999843
v 0.02549287 0.02192605 -0.10149905
v 0.01624640 0.02085047 -0.10404593
v 0.01593649 0.01928240 -0.10310769
v 0.01125132 0.02141339 -0.10440361
v 0.01089271 0.01978198 -0.10352798
v 0.02494665 0.01743829 -0.09708118
v 0.02803086 0.01758310 -0.09403202
v 0.03130081 0.01992848 -0.09138689
v 0.03055224 0.02020654 -0.09062527
v 0.03982297 0.03221359 -0.07836451
v 0.03501559 0.03351305 -0.07754746
v 0.04494802 0.06278394 -0.04982842
v 0.03326938 0.03361935 -0.07718669
v 0.04317022 0.06303818 -0.04934152
v 0.04679018 0.07692137 -0.03638026
v 0.04347634 0.06289559 -0.04887484
v 0.04506313 0.06215066 -0.04784345
v 0.04734278 0.07686173 -0.03579258
v 0.04906258 0.07630779 -0.03434090
v 0.05511630 0.07276199 -0.02985439
v 0.06089123 0.06845672 -0.02907474
v 0.06139185 0.06939091 -0.02512907
v 0.07736666 0.05729155 -0.02995120
v 0.07781856 0.05738334 -0.02582394
v -0.01703897 0.04275879 -0.09103841
v -0.02348329 0.03627410 -0.09772025
v -0.02283562 0.04521513 -0.08983902
v -0.03117203 0.03967238 -0.09601141
v -0.03356634 0.03794257 -0.09738934
v -0.03440718 0.03649057 -0.09644173
v -0.02520745 0.03413448 -0.09934400
v -0.02581308 0.03251953 -0.09849823
v -0.01652809 0.02888986 -0.10013389
v -0.02645534 0.02934500 -0.09530908
v -0.03513135 0.03338008 -0.09320992
v -0.02647798 0.02841062 -0.09375173
v -0.01713563 0.02568468 -0.09696517
v -0.01718152 0.02476789 -0.09539598
v -0.01646018 0.02589198 -0.09363056
v -0.02565290 0.02943246 -0.09205936
v -0.00773192 0.02281331 -0.09487099
v -0.03422401 0.03331197 -0.09008074
v -0.03514268 0.03242773 -0.09166674
v -0.04115609 0.03739510 -0.08764019
v -0.03859534 0.03976854 -0.08460633
v -0.04602313 0.04205278 -0.08433462
v -0.04213753 0.03669420 -0.08907271
v -0.04212426 0.03766877 -0.09059685
v -0.04703005 0.04160918 -0.08554361
v -0.04700282 0.04261800 -0.08703464
v -0.04128954 0.04068864 -0.09388888
v -0.04337598 0.04372064 -0.08191414
v -0.04966464 0.04907754 -0.07871555
v -0.04688786 0.04959098 -0.07729826
v -0.04567444 0.04934385 -0.07674173
v -0.04801983 0.05344094 -0.07407033
v -0.04923390 0.05852386 -0.06976100
v -0.04632432 0.05281461 -0.07376901
v -0.04603474 0.05220232 -0.07371011
v -0.04649638 0.05741272 -0.06971135
v -0.04561652 0.05667136 -0.06966571
v -0.04544884 0.06325125 -0.06434320
v -0.04418878 0.06249311 -0.06424789
v -0.04884933 0.06454565 -0.06434328
v -0.04254247 0.06092981 -0.06372315
v -0.03789911 0.08014352 -0.04748101
v -0.03622797 0.07917438 -0.04639478
v -0.02874525 0.07448486 -0.04270162
v -0.02460531 0.07226545 -0.04168540
v -0.03530056 0.05508548 -0.06126007
v -0.02666125 0.08051172 -0.03653841
v -0.02261356 0.07789069 -0.03513856
v -0.01894363 0.07518939 -0.03483433
v -0.02177767 0.07821875 -0.02912627
v -0.02082951 0.07009640 -0.01655420
v -0.01863565 0.07434931 -0.02944680
v -0.01923941 0.06732480 -0.01806275
v -0.01429433 0.06965217 -0.02935486
v -0.01381709 0.06910139 -0.03183563
v -0.01568797 0.06274087 -0.02016192
v -0.01800696 0.05949408 -0.01513427
v -0.01478536 0.06046065 -0.02192139
v -0.01727334 0.05687276 -0.01675662
v -0.01596361 0.05476533 -0.02713680
v -0.01852991 0.05098086 -0.02194253
v -0.02212803 0.03551763 -0.04528862
v -0.01510756 0.06388754 -0.03726442
v -0.02128524 0.04488723 -0.05540479
v -0.02071181 0.06999839 -0.04110133
v -0.02715319 0.05074309 -0.05968590
v -0.03117384 0.05275057 -0.06048772
v -0.02931543 0.04426839 -0.06480587
v -0.02352675 0.03916073 -0.06047460
v -0.03336368 0.04603599 -0.06594806
v -0.03110568 0.03727749 -0.06465749
v -0.02563752 0.03567824 -0.06156957
v -0.03299754 0.02639954 -0.05679618
v -0.03530198 0.03800718 -0.06727082
v -0.03900691 0.04338372 -0.07077810
v -0.03581376 0.02552210 -0.05874136
v -0.03730811 0.03400263 -0.06994560
v -0.03636110 0.02894633 -0.07432986
v -0.03984142 0.03968840 -0.07382276
v -0.03713494 0.02325078 -0.06115517
v -0.03829730 0.01874942 -0.05756437
v -0.03616060 0.01891280 -0.06560091
v -0.03720685 0.01458787 -0.06227087
v -0.03286123 0.01605361 -0.06859756
v -0.03384014 0.01185580 -0.06553854
v -0.03295887 0.02565184 -0.07698920
v -0.02742543 0.01362630 -0.07112839
v -0.02826453 0.00960914 -0.06836017
v -0.02023258 0.01121264 -0.07325435
v -0.02744819 0.02278571 -0.07902486
v -0.02035262 0.01999318 -0.08067301
v -0.01186329 0.00856469 -0.07473956
v -0.02085693 0.00737245 -0.07074498
v -0.01220742 0.00481119 -0.07237948
v -0.02182527 0.00560887 -0.07034830
v -0.01287690 0.00315445 -0.07209560
v -0.02962952 0.00767591 -0.06773266
v -0.02294294 0.00404322 -0.07022031
v -0.03141461 0.00575913 -0.06720293
v -0.02367290 0.00178680 -0.07007300
v -0.01358926 0.00177489 -0.07212916
v -0.01399365 -0.00011285 -0.07218273
v -0.00391896 -0.00129247 -0.07282642
v 0.00560021 -0.00528109 -0.07226584
v -0.00341354 -0.00000317 -0.07275351
v -0.00421586 -0.00299064 -0.07294659
v 0.00529201 -0.00685801 -0.07240825
v -0.00400711 -0.00811876 -0.07184459
v -0.00532167 -0.01334274 -0.06652976
v -0.01314364 -0.00588302 -0.07092033
v 0.00481375 -0.01150696 -0.07141886
v 0.01298231 -0.01592952 -0.06965974
v 0.00213559 -0.01618237 -0.06617911
v 0.00903145 -0.01992167 -0.06467749
v 0.01510173 -0.02441874 -0.06208161
v 0.02018485 -0.02122586 -0.06663088
v 0.01416874 -0.01165267 -0.07059196
v 0.01457065 -0.01017712 -0.07043478
v -0.01305438 -0.01151366 -0.06571575
v -0.02224498 -0.00486996 -0.06867064
v -0.02076394 -0.01076538 -0.06376836
v -0.03097436 -0.00510414 -0.06515188
v -0.03907513 -0.00658451 -0.06037765
v -0.03298570 0.00273982 -0.06644574
v -0.02815575 -0.01112472 -0.06076283
v -0.03494423 -0.01257932 -0.05681450
v -0.04086984 -0.01507457 -0.05207320
v -0.04570353 -0.01851155 -0.04672378
v -0.04613325 -0.00966178 -0.05461590
v -0.05180596 -0.01383616 -0.04819208
v -0.05020678 -0.00145933 -0.05333418
v -0.04229252 0.00289924 -0.06055276
v -0.05605362 -0.00662024 -0.04584123
v -0.05130084 0.00220679 -0.04997331
v -0.05080027 0.00652754 -0.04455956
v -0.04597976 0.00653507 -0.05576688
v -0.05621143 -0.00315143 -0.04284641
v -0.06002314 -0.00947343 -0.03492209
v -0.05491709 0.00121702 -0.03788103
v -0.05829344 -0.00502013 -0.03027960
v -0.05368110 0.00356500 -0.03491110
v -0.04975404 0.00876783 -0.04143429
v -0.05212573 0.00517618 -0.03224058
v -0.05692506 -0.00253686 -0.02749632
v -0.05887054 -0.00937387 -0.01964888
v -0.05530977 -0.00069005 -0.02505927
v -0.05720324 -0.00725576 -0.01750008
v -0.05214480 0.00211730 -0.02090773
v -0.05011625 0.00502433 -0.01744564
v -0.05394745 -0.00385523 -0.01397421
v -0.04903813 0.00747330 -0.02758162
v -0.04511032 0.01208434 -0.03366693
v -0.04704339 0.01014714 -0.02387086
v -0.04309641 0.01458222 -0.02979457
v -0.04483543 0.01600822 -0.01806764
v -0.04089029 0.02038661 -0.02397313
v -0.04789815 0.01094429 -0.01168876
v -0.03805783 0.03663297 0.00128757
v -0.04110561 0.03159117 0.00775257
v -0.03415266 0.04092455 -0.00474776
v -0.03639802 0.04269653 0.00661871
v -0.03945377 0.03758559 0.01318068
v -0.03635416 0.04533757 0.00820513
v -0.03250805 0.04702517 0.00050593
v -0.03248527 0.04978451 0.00195118
v -0.02827159 0.05049933 -0.00492647
v -0.02412799 0.05314112 -0.00954403
v -0.02986386 0.04440051 -0.01012750
v -0.02834322 0.05331142 -0.00354178
v -0.02920575 0.05884955 -0.00168473
v -0.02437920 0.05593816 -0.00813362
v -0.02088219 0.05785321 -0.01187511
v -0.02573665 0.06137400 -0.00625299
v -0.02604082 0.06444309 -0.00485041
v -0.02289153 0.06304124 -0.00980499
v -0.02072619 0.06436459 -0.01282655
v -0.02350343 0.06593661 -0.00833235
v -0.02169797 0.06707918 -0.01125568
v -0.02273345 0.06883781 -0.00640045
v -0.01866375 0.07325513 -0.00340157
v -0.02510317 0.06756357 -0.00294188
v -0.02113854 0.06978909 -0.00925858
v -0.02831532 0.06529701 0.00168588
v -0.02092510 0.07245516 0.00004726
v -0.02378852 0.07037474 0.00568616
v -0.01483787 0.07488184 0.00169001
v -0.01349938 0.07545500 -0.00238978
v -0.00651873 0.07642200 -0.00266978
v -0.03226352 0.06166677 0.00762613
v -0.02929189 0.06201649 -0.00027378
v -0.03307446 0.05838067 0.00552158
v -0.03308313 0.05522877 0.00400119
v -0.03688464 0.05352596 0.01237350
v -0.03689007 0.05049595 0.01065116
v -0.04007064 0.04759772 0.01995327
v -0.04199470 0.04082552 0.02786123
v -0.04002744 0.04476951 0.01796531
v -0.04190382 0.03825150 0.02556989
v -0.03943367 0.04005524 0.01496879
v -0.04123335 0.03408806 0.02193029
v -0.04138724 0.02763342 0.02875623
v -0.04122146 0.03182692 0.01990452
v -0.04286098 0.02592572 0.01437051
v -0.04136922 0.02560292 0.02647811
v -0.03979263 0.01914411 0.03258843
v -0.04300364 0.01981352 0.02083941
v -0.04143517 0.01348725 0.02685700
v -0.04978181 -0.00072676 0.00133245
v -0.04965125 0.00530836 -0.00512295
v -0.05200768 -0.00676452 -0.00428132
v -0.04818705 -0.00691040 0.00739781
v -0.05039446 -0.01299299 0.00187675
v -0.04490857 -0.01296512 0.01282073
v -0.03820599 0.00719699 0.03214662
v -0.04707724 -0.01907368 0.00741289
v -0.04011457 -0.01864881 0.01741902
v -0.04222196 -0.02475558 0.01214192
v -0.03409683 -0.02381248 0.02112093
v -0.03348619 0.00117476 0.03650743
v -0.03612592 -0.02989428 0.01598101
v -0.03767917 -0.03473800 0.01425497
v -0.02926924 -0.03453107 0.01900753
v -0.03988775 -0.04184079 0.01357991
v -0.04398618 -0.02926231 0.01020180
v -0.04900653 -0.02323155 0.00519910
v -0.04663292 -0.03559445 0.00913022
v -0.05198589 -0.02876827 0.00360321
v -0.04802587 -0.03905496 0.00808638
v -0.04106334 -0.04565345 0.01270738
v -0.05353413 -0.03186328 0.00232801
v -0.05726396 -0.02432417 -0.00439235
v -0.05561898 -0.02158051 -0.00284517
v -0.05904589 -0.01672838 -0.01182287
v -0.05736330 -0.01431076 -0.00997806
v -0.06050405 -0.01954855 -0.01423022
v -0.06030866 -0.01201663 -0.02224247
v -0.06222473 -0.01658504 -0.02666324
v -0.06257601 -0.01974579 -0.02968090
v -0.06022215 -0.01277659 -0.03787400
v -0.05844499 -0.02486177 -0.03418478
v -0.05140365 -0.02765702 -0.03503651
v -0.05596365 -0.01896661 -0.04129552
v -0.04926018 -0.02276046 -0.04097166
v -0.05408629 -0.01025257 -0.00711939
v -0.05242892 -0.01680828 -0.00064098
v -0.04216375 -0.04929991 0.01084968
v -0.03653903 0.01269744 0.03794660
v -0.05187822 -0.00067149 -0.01081496
v -0.03977230 0.02093194 0.03512320
v -0.04206772 0.03118577 0.03308180
v -0.04216813 0.03347610 0.03569315
v -0.04175539 0.03622093 0.03855140
v -0.02039233 0.05512321 -0.01337708
v -0.02177220 0.04913784 -0.01854926
v -0.02562782 0.04708525 -0.01471940
v -0.02818362 0.02929844 -0.03712555
v -0.02480242 0.03143952 -0.04027876
v -0.03048204 0.02364173 -0.04278819
v -0.03217523 0.02695482 -0.03354420
v -0.03652553 0.02402842 -0.02917570
v -0.03442795 0.02125350 -0.03928977
v -0.03676733 0.01889718 -0.04312250
v -0.03874530 0.01827694 -0.03497802
v -0.04086965 0.01588537 -0.03889280
v -0.04419438 0.01426538 -0.04388145
v -0.04577758 0.01297862 -0.04668514
v -0.04051326 0.01742014 -0.04785267
v -0.04822445 0.01018947 -0.03862610
v -0.03742150 0.01982141 -0.05070906
v -0.04225523 0.01621294 -0.05049703
v -0.03939933 0.01865090 -0.05308429
v -0.04307162 0.01411416 -0.05352764
v -0.04029967 0.01658592 -0.05585311
v -0.04194867 0.00992104 -0.05913735
v -0.04662987 0.01081904 -0.04987440
v -0.03911685 0.01241694 -0.06098029
v -0.03827904 0.00732407 -0.06328147
v -0.03558996 0.00974496 -0.06458051
v -0.03725350 0.02080627 -0.05504919
v -0.03498502 0.02195003 -0.05296925
v -0.03005828 0.02338359 -0.04926265
v -0.02748668 0.02736519 -0.05361568
v -0.03310645 0.02126321 -0.04644520
v -0.02714830 0.02581971 -0.04584376
v -0.02448875 0.02991734 -0.05070571
v -0.00292978 0.00160149 -0.07301127
v 0.00603682 -0.00405529 -0.07218554
v 0.00644039 -0.00247644 -0.07245918
v -0.03445809 0.03084568 -0.08075568
v -0.03821109 0.03436960 -0.07820633
v -0.04226495 0.04172537 -0.08053600
v -0.04502661 0.04702340 -0.07631180
v -0.04257779 0.04353478 -0.08082071
v -0.04243409 0.04401633 -0.08092195
v -0.04564752 0.04879374 -0.07667337
v -0.04512990 0.05046799 -0.07330129
v -0.04425120 0.05501502 -0.06924209
v -0.03742351 0.04865715 -0.06706100
v 0.00127938 0.02413059 -0.09167037
v 0.00718020 0.02227485 -0.09230766
v 0.01232142 0.02207752 -0.09103288
v 0.05762936 -0.02126228 -0.05547106
v 0.05099686 -0.02810447 -0.05021163
v 0.05133091 -0.03370698 -0.04411454
v 0.05690686 -0.02870850 -0.04718920
v 0.04019641 -0.02699476 -0.05540246
v 0.03685830 -0.02763386 -0.05659236
v 0.04297999 -0.03454254 -0.04815393
v 0.04012432 -0.03508505 -0.04972183
v 0.04412647 -0.04194522 -0.04017137
v 0.04159169 -0.04255886 -0.04206288
v 0.04369457 -0.05022412 -0.03023311
v 0.05111672 -0.03943655 -0.03753614
v 0.05064073 -0.04536807 -0.03027563
v 0.05547323 -0.03909292 -0.03560603
v 0.05470308 -0.04477304 -0.02890435
v 0.05624830 -0.03350531 -0.04191461
v 0.05397524 -0.05036157 -0.02194940
v 0.05016297 -0.05117879 -0.02233424
v 0.05289932 -0.05870927 -0.01100909
v 0.04938152 -0.05916940 -0.01058943
v 0.05212642 -0.06389950 -0.00259567
v 0.04879514 -0.06421853 -0.00187791
v 0.04511407 -0.06566688 -0.00043330
v 0.04297560 -0.06660868 0.00098496
v 0.04487665 -0.06181779 -0.00891528
v 0.04444109 -0.05560819 -0.02081496
v 0.04222316 -0.06369143 -0.00669481
v 0.03935324 -0.06544052 -0.00399457
v 0.04104350 -0.05961920 -0.01671845
v 0.03758838 -0.06313280 -0.01208496
v 0.04005810 -0.05711514 -0.02285323
v 0.03881616 -0.05635282 -0.02621798
v 0.03632922 -0.06206112 -0.01655504
v 0.03513802 -0.06176156 -0.01930309
v 0.03204284 -0.06600951 -0.01093972
v 0.03063016 -0.06617825 -0.01307929
v 0.02741023 -0.06905524 -0.00601347
v 0.03359936 -0.06619437 -0.00751526
v 0.03581670 -0.06710025 -0.00098098
v 0.02921030 -0.06864026 -0.00329456
v 0.02457003 -0.07041974 0.00046214
v 0.03161843 -0.06852027 0.00216859
v 0.02680780 -0.06958725 0.00536596
v 0.03338415 -0.06914635 0.00742166
v 0.02859501 -0.06971644 0.01024713
v 0.03738260 -0.06836554 0.00491391
v 0.04055787 -0.06748700 0.00275275
v 0.02319483 -0.06992805 0.01340025
v 0.02149468 -0.07021554 0.00860222
v 0.01580552 -0.07034624 0.01182691
v 0.01981076 -0.07156605 0.00378322
v 0.01801426 -0.07257931 0.00174017
v 0.01506274 -0.07217676 0.00667891
v 0.01378357 -0.07324487 0.00467870
v 0.01043105 -0.07241601 0.00899923
v 0.01068865 -0.07338392 0.00674351
v 0.00555463 -0.07256034 0.01046568
v 0.00754296 -0.07380349 0.00723363
v 0.00376106 -0.06947668 0.01604719
v -0.00022904 -0.07238808 0.01160926
v -0.00721090 -0.07156484 0.01242700
v -0.00243615 -0.06855667 0.01696822
v 0.00262366 -0.07408678 0.00796402
v -0.00385728 -0.07393250 0.00863517
v 0.00701052 -0.07465345 0.00451637
v 0.01240640 -0.07423024 0.00072540
v 0.00224054 -0.07505624 0.00491615
v 0.01100492 -0.07402801 0.00429405
v 0.01552625 -0.07345671 0.00092506
v 0.02052983 -0.07200375 -0.00299812
v 0.02565737 -0.06959351 -0.00763097
v 0.02266120 -0.07122143 -0.00181072
v 0.01817219 -0.07274896 -0.00359967
v 0.02390678 -0.07018450 -0.00863868
v 0.01583567 -0.07341517 -0.00384904
v 0.02230891 -0.07076684 -0.00922795
v 0.01312723 -0.07391361 -0.00431659
v 0.00902945 -0.07486788 0.00081737
v 0.00522352 -0.07519383 0.00039063
v -0.00336627 -0.07495562 0.00438542
v 0.02035274 -0.07134537 -0.00981009
v 0.02819576 -0.06700906 -0.01537219
v 0.02931452 -0.06654725 -0.01448522
v 0.03319379 -0.06225062 -0.02217517
v 0.03695847 -0.05662065 -0.02943693
v 0.03405806 -0.06189650 -0.02106907
v 0.03775072 -0.05631987 -0.02822515
v 0.03996875 -0.04993322 -0.03574845
v 0.04122005 -0.04989459 -0.03382138
v 0.04033211 -0.04293230 -0.04337029
v 0.03914529 -0.05027489 -0.03690687
v 0.03949711 -0.04340926 -0.04430118
v 0.03815058 -0.05108034 -0.03759045
v 0.03855249 -0.04432344 -0.04486810
v 0.03795140 -0.03627642 -0.05131014
v 0.03880361 -0.03565073 -0.05062410
v -0.00340244 -0.06564313 0.01983082
v -0.00927125 -0.06688387 0.01751577
v -0.00986349 -0.06351784 0.01994583
v -0.02547538 0.05824933 0.03409853
v 0.00232245 0.07632186 -0.00548877
v -0.01904174 0.09365055 -0.03041118
v -0.02586667 0.09324541 -0.03377326
v -0.04235700 0.09031123 -0.04384822
v -0.04117776 0.09318921 -0.04721064
v -0.03905267 0.09392766 -0.04857719
v -0.04581062 0.08788001 -0.05272289
v -0.04361094 0.08856250 -0.05412701
v -0.05325250 0.07063552 -0.06932710
v -0.05102589 0.07123723 -0.07079793
v -0.05091164 0.06470779 -0.07658075
f 2 1 4
f 2 4 213
f 210 3 1
f 210 1 2
f 5 1 3
f 5 3 7
f 4 1 5
f 4 5 6
f 5 8 9
f 5 9 6
f 7 10 8
f 7 8 5
f 8 11 13
f 8 13 9
f 10 12 11
f 10 11 8
f 11 12 16
f 11 16 14
f 13 11 14
f 13 14 15
f 20 15 14
f 20 14 17
f 17 14 16
f 17 16 18
f 19 17 18
f 19 18 55
f 21 20 17
f 21 17 19
f 24 22 20
f 24 20 21
f 22 23 15
f 22 15 20
f 25 28 23
f 25 23 22
f 26 25 22
f 26 22 24
f 39 27 25
f 39 25 26
f 27 30 28
f 27 28 25
f 31 29 28
f 31 28 30
f 29 324 23
f 29 23 28
f 35 32 30
f 35 30 27
f 33 31 30
f 33 30 32
f 306 33 32
f 306 32 34
f 36 34 32
f 36 32 35
f 38 36 35
f 38 35 37
f 37 35 27
f 37 27 39
f 40 41 38
f 40 38 37
f 39 43 40
f 39 40 37
f 265 41 40
f 265 40 42
f 42 40 43
f 42 43 44
f 44 43 45
f 44 45 46
f 45 43 39
f 45 39 26
f 46 45 47
f 46 47 48
f 24 47 45
f 24 45 26
f 48 47 49
f 48 49 50
f 49 47 24
f 49 24 21
f 50 49 51
f 50 51 52
f 51 49 21
f 51 21 19
f 52 51 53
f 52 53 56
f 53 51 19
f 53 19 55
f 54 53 55
f 54 55 409
f 56 53 54
f 56 54 57
f 58 56 57
f 58 57 61
f 59 52 56
f 59 56 58
f 107 59 58
f 107 58 60
f 60 58 61
f 60 61 63
f 63 61 62
f 63 62 65
f 61 57 406
f 61 406 62
f 75 60 63
f 75 63 64
f 64 63 65
f 64 65 67
f 67 65 66
f 67 66 68
f 65 62 349
f 65 349 66
f 68 70 69
f 68 69 67
f 67 69 72
f 67 72 64
f 70 366 71
f 70 71 69
f 69 71 73
f 69 73 72
f 72 73 77
f 72 77 74
f 64 72 74
f 64 74 75
f 75 74 76
f 75 76 108
f 74 77 78
f 74 78 76
f 77 79 82
f 77 82 78
f 73 81 79
f 73 79 77
f 80 79 81
f 80 81 392
f 84 82 79
f 84 79 80
f 78 82 83
f 78 83 96
f 85 83 82
f 85 82 84
f 86 87 83
f 86 83 85
f 88 90 87
f 88 87 86
f 89 91 90
f 89 90 88
f 92 90 91
f 92 91 93
f 95 87 90
f 95 90 92
f 94 92 93
f 94 93 436
f 97 95 92
f 97 92 94
f 96 83 87
f 96 87 95
f 98 96 95
f 98 95 97
f 100 98 97
f 100 97 99
f 99 97 94
f 99 94 101
f 99 102 105
f 99 105 100
f 101 104 102
f 101 102 99
f 102 103 106
f 102 106 105
f 104 110 103
f 104 103 102
f 100 105 107
f 100 107 108
f 105 106 59
f 105 59 107
f 108 107 60
f 108 60 75
f 108 76 98
f 108 98 100
f 103 48 50
f 103 50 106
f 106 50 52
f 106 52 59
f 118 109 104
f 118 104 101
f 109 111 110
f 109 110 104
f 110 46 48
f 110 48 103
f 111 44 46
f 111 46 110
f 112 42 44
f 112 44 111
f 114 112 111
f 114 111 109
f 113 265 42
f 113 42 112
f 115 113 112
f 115 112 114
f 119 115 114
f 119 114 116
f 116 114 109
f 116 109 118
f 116 117 121
f 116 121 119
f 118 436 117
f 118 117 116
f 119 121 123
f 119 123 120
f 120 267 115
f 120 115 119
f 117 435 122
f 117 122 121
f 121 122 125
f 121 125 123
f 120 123 124
f 120 124 305
f 123 125 127
f 123 127 124
f 122 432 126
f 122 126 125
f 125 126 128
f 125 128 127
f 127 128 132
f 127 132 129
f 124 127 129
f 124 129 131
f 129 132 133
f 129 133 130
f 131 129 130
f 131 130 304
f 136 133 132
f 136 132 134
f 134 132 128
f 134 128 135
f 137 138 133
f 137 133 136
f 139 141 138
f 139 138 137
f 140 142 141
f 140 141 139
f 143 141 142
f 143 142 144
f 145 138 141
f 145 141 143
f 146 143 144
f 146 144 147
f 148 145 143
f 148 143 146
f 149 146 147
f 149 147 151
f 150 148 146
f 150 146 149
f 149 152 153
f 149 153 150
f 151 155 152
f 151 152 149
f 152 154 301
f 152 301 153
f 155 156 154
f 155 154 152
f 157 158 156
f 157 156 155
f 159 157 155
f 159 155 151
f 160 163 158
f 160 158 157
f 161 160 157
f 161 157 159
f 389 162 160
f 389 160 161
f 162 164 163
f 162 163 160
f 164 166 165
f 164 165 163
f 163 165 168
f 163 168 158
f 166 396 167
f 166 167 165
f 165 167 169
f 165 169 168
f 158 168 170
f 158 170 156
f 168 169 171
f 168 171 170
f 170 171 174
f 170 174 172
f 156 170 172
f 156 172 154
f 154 172 173
f 154 173 301
f 172 174 175
f 172 175 173
f 176 177 175
f 176 175 174
f 179 176 174
f 179 174 171
f 238 177 176
f 238 176 178
f 178 176 179
f 178 179 181
f 180 179 171
f 180 171 169
f 181 179 180
f 181 180 182
f 183 181 182
f 183 182 186
f 185 178 181
f 185 181 183
f 184 183 186
f 184 186 188
f 235 185 183
f 235 183 184
f 186 182 400
f 186 400 187
f 188 186 187
f 188 187 190
f 189 188 190
f 189 190 191
f 236 184 188
f 236 188 189
f 191 190 192
f 191 192 193
f 190 187 194
f 190 194 192
f 193 192 195
f 193 195 196
f 192 194 197
f 192 197 195
f 196 195 198
f 196 198 201
f 195 197 199
f 195 199 198
f 198 199 337
f 198 337 200
f 201 198 200
f 201 200 202
f 202 200 204
f 202 204 203
f 203 204 206
f 203 206 205
f 205 206 208
f 205 208 207
f 207 208 210
f 207 210 209
f 209 210 2
f 209 2 211
f 211 2 213
f 211 213 212
f 212 213 215
f 212 215 214
f 214 215 217
f 214 217 216
f 216 217 219
f 216 219 218
f 218 219 221
f 218 221 220
f 220 221 223
f 220 223 222
f 222 223 225
f 222 225 224
f 224 225 227
f 224 227 226
f 226 227 229
f 226 229 228
f 228 229 231
f 228 231 230
f 230 231 233
f 230 233 232
f 232 233 235
f 232 235 234
f 234 235 184
f 234 184 236
f 233 237 185
f 233 185 235
f 231 239 237
f 231 237 233
f 237 238 178
f 237 178 185
f 239 240 238
f 239 238 237
f 239 241 297
f 239 297 240
f 241 239 242
f 241 242 291
f 242 239 243
f 242 243 245
f 229 243 239
f 229 239 231
f 227 244 243
f 227 243 229
f 243 244 246
f 243 246 245
f 246 248 247
f 246 247 245
f 245 247 249
f 245 249 242
f 248 253 250
f 248 250 247
f 247 250 251
f 247 251 249
f 287 251 250
f 287 250 252
f 250 253 255
f 250 255 252
f 307 254 253
f 307 253 248
f 253 254 257
f 253 257 255
f 293 252 255
f 293 255 256
f 256 255 257
f 256 257 258
f 254 306 34
f 254 34 257
f 258 257 34
f 258 34 36
f 259 258 36
f 259 36 38
f 260 256 258
f 260 258 259
f 261 262 260
f 261 260 259
f 38 41 261
f 38 261 259
f 263 261 41
f 263 41 265
f 264 262 261
f 264 261 263
f 268 264 263
f 268 263 266
f 266 263 265
f 266 265 113
f 267 266 113
f 267 113 115
f 269 268 266
f 269 266 267
f 271 270 268
f 271 268 269
f 270 273 264
f 270 264 268
f 300 272 270
f 300 270 271
f 272 275 273
f 272 273 270
f 273 274 262
f 273 262 264
f 275 277 274
f 275 274 273
f 276 275 272
f 276 272 299
f 279 277 275
f 279 275 276
f 274 277 278
f 274 278 294
f 277 279 280
f 277 280 278
f 279 281 284
f 279 284 280
f 281 279 276
f 281 276 282
f 295 283 281
f 295 281 282
f 285 284 281
f 285 281 283
f 285 289 286
f 285 286 284
f 284 286 288
f 284 288 280
f 287 292 288
f 287 288 286
f 289 251 287
f 289 287 286
f 251 289 290
f 251 290 249
f 285 291 290
f 285 290 289
f 242 249 290
f 242 290 291
f 283 241 291
f 283 291 285
f 278 280 288
f 278 288 292
f 292 287 252
f 292 252 293
f 278 292 293
f 278 293 294
f 294 293 256
f 294 256 260
f 260 262 274
f 260 274 294
f 283 295 297
f 283 297 241
f 296 240 297
f 296 297 295
f 296 295 282
f 296 282 298
f 240 296 177
f 240 177 238
f 177 296 298
f 177 298 175
f 282 276 299
f 282 299 298
f 173 175 298
f 173 298 299
f 301 173 299
f 301 299 272
f 153 301 272
f 153 272 300
f 302 300 271
f 302 271 303
f 150 153 300
f 150 300 302
f 303 131 304
f 303 304 302
f 302 304 148
f 302 148 150
f 304 130 145
f 304 145 148
f 303 271 269
f 303 269 305
f 305 124 131
f 305 131 303
f 305 269 267
f 305 267 120
f 309 306 254
f 309 254 307
f 308 307 248
f 308 248 246
f 311 309 307
f 311 307 308
f 310 33 306
f 310 306 309
f 312 310 309
f 312 309 311
f 313 315 312
f 313 312 311
f 314 313 311
f 314 311 308
f 223 313 314
f 223 314 225
f 221 315 313
f 221 313 223
f 219 316 315
f 219 315 221
f 315 316 318
f 315 318 312
f 217 317 316
f 217 316 219
f 316 317 319
f 316 319 318
f 319 321 320
f 319 320 318
f 318 320 310
f 318 310 312
f 321 29 31
f 321 31 320
f 320 31 33
f 320 33 310
f 322 324 29
f 322 29 321
f 323 322 321
f 323 321 319
f 6 9 322
f 6 322 323
f 9 13 324
f 9 324 322
f 324 13 15
f 324 15 23
f 317 325 323
f 317 323 319
f 325 4 6
f 325 6 323
f 213 4 325
f 213 325 215
f 215 325 317
f 215 317 217
f 246 244 314
f 246 314 308
f 225 314 244
f 225 244 227
f 208 326 3
f 208 3 210
f 206 327 326
f 206 326 208
f 326 327 330
f 326 330 328
f 3 326 328
f 3 328 7
f 330 331 329
f 330 329 328
f 328 329 10
f 328 10 7
f 332 334 331
f 332 331 330
f 327 335 332
f 327 332 330
f 332 333 426
f 332 426 334
f 335 336 333
f 335 333 332
f 335 338 340
f 335 340 336
f 204 335 327
f 204 327 206
f 200 337 335
f 200 335 204
f 337 339 338
f 337 338 335
f 339 343 341
f 339 341 338
f 341 342 340
f 341 340 338
f 342 341 344
f 342 344 345
f 344 341 343
f 344 343 346
f 348 345 344
f 348 344 347
f 347 344 346
f 347 346 350
f 404 348 347
f 404 347 349
f 349 347 350
f 349 350 351
f 350 346 353
f 350 353 352
f 351 350 352
f 351 352 355
f 352 353 394
f 352 394 354
f 355 352 354
f 355 354 356
f 358 351 355
f 358 355 357
f 357 355 356
f 357 356 359
f 363 358 357
f 363 357 360
f 360 357 359
f 360 359 361
f 361 387 362
f 361 362 360
f 360 362 364
f 360 364 363
f 363 364 70
f 363 70 68
f 68 66 358
f 68 358 363
f 362 367 365
f 362 365 364
f 364 365 366
f 364 366 70
f 365 368 369
f 365 369 366
f 367 371 368
f 367 368 365
f 390 369 368
f 390 368 370
f 370 368 371
f 370 371 372
f 372 371 373
f 372 373 376
f 375 373 371
f 375 371 367
f 388 374 373
f 388 373 375
f 376 373 374
f 376 374 377
f 377 374 379
f 377 379 378
f 378 379 381
f 378 381 380
f 380 381 142
f 380 142 140
f 382 381 379
f 382 379 383
f 144 142 381
f 144 381 382
f 384 382 383
f 384 383 385
f 147 144 382
f 147 382 384
f 159 384 385
f 159 385 161
f 151 147 384
f 151 384 159
f 385 383 388
f 385 388 386
f 161 385 386
f 161 386 389
f 389 386 387
f 389 387 361
f 386 388 375
f 386 375 387
f 361 359 162
f 361 162 389
f 383 379 374
f 383 374 388
f 387 375 367
f 387 367 362
f 391 393 369
f 391 369 390
f 392 81 393
f 392 393 391
f 366 369 393
f 366 393 71
f 71 393 81
f 71 81 73
f 359 356 164
f 359 164 162
f 66 349 351
f 66 351 358
f 356 354 166
f 356 166 164
f 354 394 396
f 354 396 166
f 403 395 394
f 403 394 353
f 395 397 396
f 395 396 394
f 397 399 167
f 397 167 396
f 398 397 395
f 398 395 401
f 400 399 397
f 400 397 398
f 182 180 399
f 182 399 400
f 399 180 169
f 399 169 167
f 187 400 398
f 187 398 194
f 194 398 401
f 194 401 197
f 401 395 403
f 401 403 402
f 197 401 402
f 197 402 199
f 199 402 339
f 199 339 337
f 402 403 343
f 402 343 339
f 343 403 353
f 343 353 346
f 62 406 404
f 62 404 349
f 405 424 348
f 405 348 404
f 406 407 405
f 406 405 404
f 57 54 407
f 57 407 406
f 410 405 407
f 410 407 408
f 407 54 409
f 407 409 408
f 409 413 411
f 409 411 408
f 408 411 414
f 408 414 410
f 413 429 412
f 413 412 411
f 411 412 415
f 411 415 414
f 415 418 416
f 415 416 414
f 410 414 416
f 410 416 417
f 420 417 416
f 420 416 418
f 425 419 418
f 425 418 415
f 419 421 420
f 419 420 418
f 420 421 423
f 420 423 422
f 422 424 417
f 422 417 420
f 423 342 345
f 423 345 422
f 424 422 345
f 424 345 348
f 424 405 410
f 424 410 417
f 336 423 421
f 336 421 333
f 423 336 340
f 423 340 342
f 421 419 426
f 421 426 333
f 425 334 426
f 425 426 419
f 427 425 415
f 427 415 412
f 334 425 427
f 334 427 331
f 331 427 428
f 331 428 329
f 429 428 427
f 429 427 412
f 329 428 12
f 329 12 10
f 12 428 429
f 12 429 16
f 18 16 429
f 18 429 413
f 55 18 413
f 55 413 409
f 130 133 138
f 130 138 145
f 135 128 126
f 135 126 430
f 430 126 432
f 430 432 431
f 431 432 434
f 431 434 433
f 433 434 91
f 433 91 89
f 93 91 434
f 93 434 435
f 435 434 432
f 435 432 122
f 436 93 435
f 436 435 117
f 101 94 436
f 101 436 118
f 76 78 96
f 76 96 98
f 438 641 439
f 438 439 437
f 437 439 441
f 437 441 440
f 440 441 443
f 440 443 442
f 442 443 445
f 442 445 444
f 444 445 447
f 444 447 446
f 446 447 449
f 446 449 448
f 448 449 451
f 448 451 450
f 450 451 453
f 450 453 452
f 452 453 455
f 452 455 454
f 454 455 457
f 454 457 456
f 456 457 459
f 456 459 458
f 458 459 461
f 458 461 460
f 460 461 463
f 460 463 462
f 462 463 465
f 462 465 464
f 464 465 468
f 464 468 466
f 466 468 471
f 466 471 467
f 733 469 468
f 733 468 465
f 468 469 736
f 468 736 470
f 471 468 470
f 467 471 472
f 467 472 473
f 470 475 472
f 470 472 471
f 473 472 474
f 473 474 700
f 475 477 474
f 475 474 472
f 475 470 736
f 475 736 476
f 477 475 476
f 477 476 478
f 479 477 478
f 479 478 481
f 474 477 479
f 474 479 480
f 479 482 483
f 479 483 480
f 485 482 479
f 485 479 481
f 484 552 483
f 484 483 482
f 487 484 482
f 487 482 485
f 481 738 486
f 481 486 485
f 485 486 489
f 485 489 487
f 488 701 484
f 488 484 487
f 487 489 490
f 487 490 488
f 491 489 486
f 491 486 494
f 491 493 490
f 491 490 489
f 492 514 493
f 492 493 491
f 491 494 496
f 491 496 492
f 494 486 738
f 494 738 495
f 496 494 495
f 496 495 498
f 498 500 497
f 498 497 496
f 492 496 497
f 492 497 509
f 495 715 499
f 495 499 498
f 498 499 501
f 498 501 500
f 502 500 501
f 502 501 503
f 505 497 500
f 505 500 502
f 502 503 703
f 502 703 504
f 506 505 502
f 506 502 504
f 505 506 508
f 505 508 507
f 507 509 497
f 507 497 505
f 510 507 508
f 510 508 512
f 510 513 509
f 510 509 507
f 511 515 513
f 511 513 510
f 510 512 674
f 510 674 511
f 514 513 515
f 514 515 517
f 509 513 514
f 509 514 492
f 511 678 516
f 511 516 515
f 515 516 519
f 515 519 517
f 517 518 493
f 517 493 514
f 517 519 521
f 517 521 518
f 516 687 520
f 516 520 519
f 523 521 519
f 523 519 520
f 518 521 522
f 518 522 702
f 523 525 522
f 523 522 521
f 523 520 682
f 523 682 524
f 526 525 523
f 526 523 524
f 526 528 522
f 526 522 525
f 527 526 524
f 527 524 683
f 527 530 528
f 527 528 526
f 702 522 528
f 702 528 529
f 528 530 531
f 528 531 529
f 534 531 530
f 534 530 532
f 535 532 530
f 535 530 527
f 537 533 532
f 537 532 535
f 547 534 532
f 547 532 533
f 535 527 683
f 535 683 536
f 537 535 536
f 537 536 538
f 539 537 538
f 539 538 541
f 539 542 533
f 539 533 537
f 540 543 542
f 540 542 539
f 540 539 541
f 540 541 619
f 546 544 542
f 546 542 543
f 544 547 533
f 544 533 542
f 544 545 548
f 544 548 547
f 546 616 545
f 546 545 544
f 547 548 549
f 547 549 534
f 549 548 550
f 549 550 552
f 548 545 553
f 548 553 550
f 553 555 551
f 553 551 550
f 550 551 483
f 550 483 552
f 616 554 553
f 616 553 545
f 554 557 555
f 554 555 553
f 556 555 557
f 556 557 559
f 697 551 555
f 697 555 556
f 559 557 558
f 559 558 560
f 566 558 557
f 566 557 554
f 560 558 563
f 560 563 561
f 561 563 564
f 561 564 562
f 568 564 563
f 568 563 565
f 565 563 558
f 565 558 566
f 567 565 566
f 567 566 615
f 570 568 565
f 570 565 567
f 569 696 564
f 569 564 568
f 572 569 568
f 572 568 570
f 573 572 570
f 573 570 571
f 571 570 567
f 571 567 613
f 575 574 572
f 575 572 573
f 574 576 569
f 574 569 572
f 577 574 575
f 577 575 579
f 578 576 574
f 578 574 577
f 579 575 581
f 579 581 580
f 580 581 583
f 580 583 582
f 582 583 585
f 582 585 584
f 584 585 588
f 584 588 586
f 586 588 589
f 586 589 587
f 589 588 590
f 589 590 592
f 588 585 593
f 588 593 590
f 598 592 590
f 598 590 591
f 591 590 593
f 591 593 595
f 585 583 594
f 585 594 593
f 595 593 594
f 595 594 596
f 597 595 596
f 597 596 599
f 591 595 597
f 591 597 598
f 597 600 601
f 597 601 598
f 597 599 603
f 597 603 600
f 600 602 655
f 600 655 601
f 600 603 605
f 600 605 602
f 604 607 605
f 604 605 603
f 690 604 603
f 690 603 599
f 607 609 606
f 607 606 605
f 602 605 606
f 602 606 659
f 604 688 608
f 604 608 607
f 607 608 611
f 607 611 609
f 609 611 612
f 609 612 610
f 609 610 617
f 609 617 606
f 613 614 612
f 613 612 611
f 571 613 611
f 571 611 608
f 613 567 615
f 613 615 614
f 614 615 616
f 614 616 546
f 614 546 543
f 614 543 612
f 615 566 554
f 615 554 616
f 610 612 543
f 610 543 540
f 610 540 619
f 610 619 617
f 659 606 617
f 659 617 618
f 618 617 619
f 618 619 620
f 620 619 541
f 620 541 621
f 620 621 624
f 620 624 622
f 618 620 622
f 618 622 623
f 622 625 626
f 622 626 623
f 624 628 625
f 624 625 622
f 627 646 626
f 627 626 625
f 630 627 625
f 630 625 628
f 686 629 628
f 686 628 624
f 632 630 628
f 632 628 629
f 627 630 631
f 627 631 640
f 630 632 634
f 630 634 631
f 633 632 629
f 633 629 675
f 632 633 635
f 632 635 634
f 634 635 637
f 634 637 636
f 631 634 636
f 631 636 638
f 638 636 441
f 638 441 439
f 636 637 443
f 636 443 441
f 639 640 631
f 639 631 638
f 639 638 439
f 639 439 641
f 645 640 639
f 645 639 642
f 642 639 641
f 642 641 644
f 643 642 644
f 643 644 672
f 647 645 642
f 647 642 643
f 646 627 640
f 646 640 645
f 648 646 645
f 648 645 647
f 652 648 647
f 652 647 649
f 649 647 643
f 649 643 650
f 651 649 650
f 651 650 661
f 653 652 649
f 653 649 651
f 652 653 657
f 652 657 654
f 648 652 654
f 648 654 656
f 658 656 654
f 658 654 655
f 655 654 657
f 655 657 601
f 653 589 592
f 653 592 657
f 601 657 592
f 601 592 598
f 646 648 656
f 646 656 626
f 623 626 656
f 623 656 658
f 602 659 658
f 602 658 655
f 659 618 623
f 659 623 658
f 589 653 651
f 589 651 660
f 660 651 661
f 660 661 663
f 661 650 670
f 661 670 662
f 663 661 662
f 663 662 664
f 665 663 664
f 665 664 666
f 667 660 663
f 667 663 665
f 587 589 660
f 587 660 667
f 666 664 662
f 666 662 668
f 668 662 670
f 668 670 669
f 669 670 672
f 669 672 671
f 671 672 644
f 671 644 673
f 673 644 641
f 673 641 438
f 650 643 672
f 650 672 670
f 635 512 508
f 635 508 637
f 443 637 508
f 443 508 506
f 635 633 674
f 635 674 512
f 677 674 633
f 677 633 675
f 679 677 675
f 679 675 676
f 676 675 629
f 676 629 686
f 677 678 511
f 677 511 674
f 680 678 677
f 680 677 679
f 681 682 680
f 681 680 679
f 684 681 679
f 684 679 676
f 681 683 524
f 681 524 682
f 684 536 683
f 684 683 681
f 685 684 676
f 685 676 686
f 685 538 536
f 685 536 684
f 621 541 538
f 621 538 685
f 621 685 686
f 621 686 624
f 680 682 520
f 680 520 687
f 687 516 678
f 687 678 680
f 573 571 608
f 573 608 688
f 690 689 688
f 690 688 604
f 575 573 688
f 575 688 689
f 692 691 689
f 692 689 690
f 581 575 689
f 581 689 691
f 583 581 691
f 583 691 594
f 596 594 691
f 596 691 692
f 596 692 690
f 596 690 599
f 693 694 576
f 693 576 578
f 695 696 694
f 695 694 693
f 562 564 696
f 562 696 695
f 576 694 696
f 576 696 569
f 698 483 551
f 698 551 697
f 699 480 483
f 699 483 698
f 700 474 480
f 700 480 699
f 484 701 549
f 484 549 552
f 531 534 549
f 531 549 701
f 529 531 701
f 529 701 488
f 488 490 702
f 488 702 529
f 518 702 490
f 518 490 493
f 443 506 504
f 443 504 445
f 504 703 447
f 504 447 445
f 703 704 449
f 703 449 447
f 503 705 704
f 503 704 703
f 706 704 705
f 706 705 707
f 704 706 451
f 704 451 449
f 708 453 706
f 708 706 707
f 453 451 706
f 707 709 710
f 707 710 708
f 705 712 709
f 705 709 707
f 722 710 709
f 722 709 711
f 713 711 709
f 713 709 712
f 499 713 712
f 499 712 501
f 503 501 712
f 503 712 705
f 715 714 713
f 715 713 499
f 714 717 711
f 714 711 713
f 737 716 714
f 737 714 715
f 716 718 717
f 716 717 714
f 717 718 720
f 717 720 719
f 711 717 719
f 711 719 722
f 720 735 721
f 720 721 719
f 719 721 723
f 719 723 722
f 722 723 725
f 722 725 710
f 724 726 725
f 724 725 723
f 723 721 731
f 723 731 724
f 725 727 708
f 725 708 710
f 725 726 728
f 725 728 727
f 708 727 455
f 708 455 453
f 727 728 457
f 727 457 455
f 459 457 728
f 459 728 729
f 729 728 726
f 729 726 724
f 731 730 729
f 731 729 724
f 729 730 461
f 729 461 459
f 734 732 730
f 734 730 731
f 461 730 732
f 461 732 463
f 463 732 733
f 463 733 465
f 735 733 732
f 735 732 734
f 735 734 731
f 735 731 721
f 733 735 720
f 733 720 469
f 469 720 718
f 469 718 736
f 736 718 716
f 736 716 476
f 476 716 737
f 476 737 478
f 478 737 738
f 478 738 481
f 738 737 715
f 738 715 495
f 740 739 741
f 740 741 1036
f 739 742 743
f 739 743 741
f 743 742 744
f 743 744 745
f 747 745 744
f 747 744 746
f 747 748 749
f 747 749 745
f 750 751 749
f 750 749 748
f 751 750 752
f 751 752 753
f 752 754 755
f 752 755 753
f 754 756 757
f 754 757 755
f 760 757 756
f 760 756 758
f 759 761 760
f 759 760 758
f 757 760 762
f 757 762 763
f 761 766 762
f 761 762 760
f 1091 763 762
f 1091 762 764
f 764 762 765
f 764 765 943
f 766 767 765
f 766 765 762
f 766 768 769
f 766 769 767
f 761 771 768
f 761 768 766
f 770 788 769
f 770 769 768
f 768 771 773
f 768 773 770
f 774 773 771
f 774 771 772
f 772 771 761
f 772 761 1522
f 777 775 773
f 777 773 774
f 775 776 770
f 775 770 773
f 776 775 778
f 776 778 781
f 777 779 778
f 777 778 775
f 779 1485 780
f 779 780 778
f 778 780 782
f 778 782 781
f 776 781 783
f 776 783 786
f 783 781 782
f 783 782 784
f 1442 785 783
f 1442 783 784
f 786 783 785
f 786 785 787
f 787 789 788
f 787 788 786
f 786 788 770
f 786 770 776
f 789 791 769
f 789 769 788
f 1460 790 789
f 1460 789 787
f 793 791 789
f 793 789 790
f 792 791 793
f 792 793 794
f 767 769 791
f 767 791 792
f 794 793 795
f 794 795 797
f 795 793 790
f 795 790 798
f 797 795 796
f 797 796 934
f 796 795 798
f 796 798 800
f 799 798 790
f 799 790 1460
f 800 798 799
f 800 799 801
f 802 800 801
f 802 801 805
f 802 803 796
f 802 796 800
f 933 803 802
f 933 802 804
f 804 802 805
f 804 805 807
f 801 1457 806
f 801 806 805
f 805 806 809
f 805 809 807
f 1927 804 807
f 1927 807 808
f 807 809 810
f 807 810 808
f 814 810 809
f 814 809 811
f 809 806 812
f 809 812 811
f 812 1451 813
f 812 813 811
f 813 815 814
f 813 814 811
f 817 816 814
f 817 814 815
f 810 814 816
f 810 816 818
f 822 819 816
f 822 816 817
f 818 816 819
f 818 819 821
f 821 819 820
f 821 820 909
f 820 819 822
f 820 822 823
f 822 824 826
f 822 826 823
f 822 817 825
f 822 825 824
f 825 828 827
f 825 827 824
f 824 827 829
f 824 829 826
f 827 828 832
f 827 832 830
f 830 831 829
f 830 829 827
f 830 833 834
f 830 834 831
f 832 836 833
f 832 833 830
f 833 835 863
f 833 863 834
f 836 837 835
f 836 835 833
f 838 839 837
f 838 837 836
f 840 838 836
f 840 836 832
f 843 839 838
f 843 838 841
f 841 838 840
f 841 840 844
f 842 841 844
f 842 844 846
f 856 843 841
f 856 841 842
f 1456 845 844
f 1456 844 840
f 846 844 845
f 846 845 847
f 848 846 847
f 848 847 849
f 851 842 846
f 851 846 848
f 849 1461 850
f 849 850 848
f 852 851 848
f 852 848 850
f 853 856 842
f 853 842 851
f 854 853 851
f 854 851 852
f 1478 855 853
f 1478 853 854
f 855 857 856
f 855 856 853
f 857 858 843
f 857 843 856
f 858 859 839
f 858 839 843
f 839 859 860
f 839 860 837
f 837 860 861
f 837 861 835
f 835 861 862
f 835 862 863
f 863 862 864
f 863 864 865
f 865 864 866
f 865 866 867
f 867 866 868
f 867 868 869
f 871 869 868
f 871 868 870
f 872 873 871
f 872 871 870
f 875 873 872
f 875 872 874
f 878 875 874
f 878 874 876
f 879 878 876
f 879 876 877
f 878 880 883
f 878 883 875
f 882 880 878
f 882 878 879
f 1551 881 880
f 1551 880 882
f 881 885 883
f 881 883 880
f 883 884 873
f 883 873 875
f 885 887 884
f 885 884 883
f 885 881 1550
f 885 1550 886
f 887 885 886
f 887 886 889
f 889 890 888
f 889 888 887
f 887 888 1936
f 887 1936 884
f 889 891 894
f 889 894 890
f 892 891 889
f 892 889 886
f 1553 893 891
f 1553 891 892
f 893 895 894
f 893 894 891
f 895 898 896
f 895 896 894
f 894 896 897
f 894 897 890
f 900 897 896
f 900 896 899
f 896 898 902
f 896 902 899
f 901 1929 900
f 901 900 899
f 904 901 899
f 904 899 902
f 903 905 904
f 903 904 902
f 898 1564 903
f 898 903 902
f 905 820 823
f 905 823 904
f 823 826 901
f 823 901 904
f 909 820 905
f 909 905 906
f 906 905 903
f 906 903 908
f 910 909 906
f 910 906 907
f 907 906 908
f 907 908 1566
f 911 821 909
f 911 909 910
f 910 907 913
f 910 913 912
f 911 910 912
f 911 912 915
f 914 912 913
f 914 913 1571
f 915 912 914
f 915 914 917
f 1928 911 915
f 1928 915 916
f 919 916 915
f 919 915 917
f 917 914 1574
f 917 1574 918
f 921 919 917
f 921 917 918
f 920 919 921
f 920 921 922
f 1927 916 919
f 1927 919 920
f 921 918 924
f 921 924 923
f 923 926 922
f 923 922 921
f 923 924 1706
f 923 1706 925
f 925 927 926
f 925 926 923
f 927 929 928
f 927 928 926
f 926 928 931
f 926 931 922
f 929 1926 930
f 929 930 928
f 930 932 931
f 930 931 928
f 932 803 933
f 932 933 931
f 931 933 920
f 931 920 922
f 1927 920 933
f 1927 933 804
f 934 932 930
f 934 930 935
f 934 796 803
f 934 803 932
f 935 937 797
f 935 797 934
f 1926 936 935
f 1926 935 930
f 936 938 937
f 936 937 935
f 940 939 937
f 940 937 938
f 794 797 937
f 794 937 939
f 942 941 939
f 942 939 940
f 792 794 939
f 792 939 941
f 943 765 941
f 943 941 942
f 765 767 792
f 765 792 941
f 945 943 942
f 945 942 944
f 944 942 940
f 944 940 947
f 1094 945 944
f 1094 944 946
f 946 944 947
f 946 947 949
f 947 940 938
f 947 938 948
f 949 947 948
f 949 948 951
f 1101 946 949
f 1101 949 950
f 950 949 951
f 950 951 952
f 955 952 951
f 955 951 953
f 953 951 948
f 953 948 954
f 956 953 954
f 956 954 958
f 959 955 953
f 959 953 956
f 957 956 958
f 957 958 1712
f 961 959 956
f 961 956 957
f 1104 955 959
f 1104 959 960
f 960 959 961
f 960 961 963
f 962 961 957
f 962 957 1710
f 963 961 962
f 963 962 964
f 964 962 967
f 964 967 965
f 966 965 967
f 966 967 969
f 968 967 962
f 968 962 1709
f 971 969 967
f 971 967 968
f 1925 966 969
f 1925 969 970
f 973 970 969
f 973 969 971
f 974 973 971
f 974 971 972
f 972 971 968
f 972 968 1713
f 974 977 975
f 974 975 973
f 975 978 970
f 975 970 973
f 977 1776 976
f 977 976 975
f 976 980 978
f 976 978 975
f 979 1925 970
f 979 970 978
f 981 979 978
f 981 978 980
f 982 983 981
f 982 981 980
f 984 982 980
f 984 980 976
f 987 983 982
f 987 982 985
f 986 985 982
f 986 982 984
f 989 988 985
f 989 985 986
f 987 985 988
f 987 988 991
f 1125 990 988
f 1125 988 989
f 991 988 990
f 991 990 992
f 993 992 990
f 993 990 994
f 995 993 994
f 995 994 996
f 997 995 996
f 997 996 999
f 998 997 999
f 998 999 1002
f 1000 999 996
f 1000 996 1120
f 999 1000 1116
f 999 1116 1001
f 1001 1003 1002
f 1001 1002 999
f 1003 1007 1004
f 1003 1004 1002
f 998 1002 1004
f 998 1004 1005
f 1075 1005 1004
f 1075 1004 1006
f 1007 1008 1006
f 1007 1006 1004
f 1009 1010 1008
f 1009 1008 1007
f 1012 1009 1007
f 1012 1007 1003
f 1011 1044 1010
f 1011 1010 1009
f 1013 1011 1009
f 1013 1009 1012
f 1014 1012 1003
f 1014 1003 1001
f 1016 1013 1012
f 1016 1012 1014
f 1001 1116 1015
f 1001 1015 1014
f 1014 1015 1017
f 1014 1017 1016
f 1016 1017 1019
f 1016 1019 1018
f 1018 1020 1013
f 1018 1013 1016
f 1019 1022 1020
f 1019 1020 1018
f 1020 1021 1011
f 1020 1011 1013
f 1022 1023 1021
f 1022 1021 1020
f 1024 1025 1023
f 1024 1023 1022
f 1026 1024 1022
f 1026 1022 1019
f 1027 1029 1025
f 1027 1025 1024
f 1028 1027 1024
f 1028 1024 1026
f 1029 1030 1031
f 1029 1031 1025
f 1030 1032 1033
f 1030 1033 1031
f 1032 1034 1035
f 1032 1035 1033
f 1034 740 1036
f 1034 1036 1035
f 1037 1035 1036
f 1037 1036 1038
f 1033 1035 1037
f 1033 1037 1040
f 1037 1038 1052
f 1037 1052 1039
f 1040 1037 1039
f 1040 1039 1041
f 1042 1040 1041
f 1042 1041 1043
f 1031 1033 1040
f 1031 1040 1042
f 1025 1031 1042
f 1025 1042 1023
f 1023 1042 1043
f 1023 1043 1021
f 1043 1041 1045
f 1043 1045 1044
f 1021 1043 1044
f 1021 1044 1011
f 1044 1045 1046
f 1044 1046 1010
f 1047 1048 1046
f 1047 1046 1045
f 1039 1047 1045
f 1039 1045 1041
f 1049 1050 1048
f 1049 1048 1047
f 1052 1049 1047
f 1052 1047 1039
f 1051 1063 1050
f 1051 1050 1049
f 1053 1051 1049
f 1053 1049 1052
f 1038 1055 1053
f 1038 1053 1052
f 1055 1056 1054
f 1055 1054 1053
f 1054 1058 1051
f 1054 1051 1053
f 1036 741 1055
f 1036 1055 1038
f 741 743 1056
f 741 1056 1055
f 1054 1056 749
f 1054 749 751
f 743 745 749
f 743 749 1056
f 1054 751 753
f 1054 753 1057
f 1058 1054 1057
f 1058 1057 1059
f 1060 1058 1059
f 1060 1059 1061
f 1058 1060 1063
f 1058 1063 1051
f 1062 1060 1061
f 1062 1061 1082
f 1060 1062 1064
f 1060 1064 1063
f 1063 1064 1065
f 1063 1065 1050
f 1064 1066 1067
f 1064 1067 1065
f 1062 1068 1066
f 1062 1066 1064
f 1069 1071 1067
f 1069 1067 1066
f 1070 1069 1066
f 1070 1066 1068
f 1071 1072 1073
f 1071 1073 1067
f 1073 1072 1074
f 1073 1074 1076
f 1074 1075 1006
f 1074 1006 1076
f 1008 1077 1076
f 1008 1076 1006
f 1078 1073 1076
f 1078 1076 1077
f 1010 1046 1077
f 1010 1077 1008
f 1048 1078 1077
f 1048 1077 1046
f 1050 1065 1078
f 1050 1078 1048
f 1065 1067 1073
f 1065 1073 1078
f 1079 1070 1068
f 1079 1068 1081
f 1080 1079 1081
f 1080 1081 1083
f 1068 1062 1082
f 1068 1082 1081
f 1081 1082 1085
f 1081 1085 1083
f 1098 1080 1083
f 1098 1083 1084
f 1083 1085 1086
f 1083 1086 1084
f 1085 1087 1088
f 1085 1088 1086
f 1082 1061 1087
f 1082 1087 1085
f 1087 1089 1091
f 1087 1091 1088
f 1061 1059 1089
f 1061 1089 1087
f 1089 1090 763
f 1089 763 1091
f 1059 1057 1090
f 1059 1090 1089
f 1088 1091 764
f 1088 764 1092
f 753 755 1090
f 753 1090 1057
f 755 757 763
f 755 763 1090
f 1086 1088 1092
f 1086 1092 1093
f 1092 764 943
f 1092 943 945
f 1093 1092 945
f 1093 945 1094
f 1084 1086 1093
f 1084 1093 1095
f 1095 1093 1094
f 1095 1094 1096
f 1096 1099 1097
f 1096 1097 1095
f 1097 1098 1084
f 1097 1084 1095
f 1100 1099 1096
f 1100 1096 1101
f 1102 1100 1101
f 1102 1101 950
f 1102 950 952
f 1102 952 1103
f 1103 952 955
f 1103 955 1104
f 1096 1094 946
f 1096 946 1101
f 1107 1108 1105
f 1107 1105 1028
f 1028 1105 1174
f 1028 1174 1106
f 1109 1107 1028
f 1109 1028 1026
f 1110 1111 1108
f 1110 1108 1107
f 1113 1110 1107
f 1113 1107 1109
f 1112 1161 1111
f 1112 1111 1110
f 1114 1112 1110
f 1114 1110 1113
f 1017 1015 1113
f 1017 1113 1109
f 1015 1116 1114
f 1015 1114 1113
f 1116 1000 1115
f 1116 1115 1114
f 1115 1117 1112
f 1115 1112 1114
f 1117 1115 1118
f 1117 1118 1119
f 1115 1000 1120
f 1115 1120 1118
f 1119 1118 1121
f 1119 1121 1123
f 1118 1120 1122
f 1118 1122 1121
f 1124 1121 1122
f 1124 1122 1125
f 1123 1121 1124
f 1123 1124 1126
f 1127 1124 1125
f 1127 1125 989
f 1126 1124 1127
f 1126 1127 1128
f 1128 1127 1129
f 1128 1129 1131
f 986 1129 1127
f 986 1127 989
f 1129 986 984
f 1129 984 1130
f 1131 1129 1130
f 1131 1130 1132
f 1132 1134 1133
f 1132 1133 1131
f 1131 1133 1136
f 1131 1136 1128
f 1133 1134 1773
f 1133 1773 1135
f 1136 1133 1135
f 1136 1135 1137
f 1128 1136 1138
f 1128 1138 1126
f 1136 1137 1140
f 1136 1140 1138
f 1138 1140 1141
f 1138 1141 1139
f 1126 1138 1139
f 1126 1139 1123
f 1142 1140 1137
f 1142 1137 1143
f 1145 1141 1140
f 1145 1140 1142
f 1144 1142 1143
f 1144 1143 1743
f 1147 1145 1142
f 1147 1142 1144
f 1146 1159 1141
f 1146 1141 1145
f 1149 1146 1145
f 1149 1145 1147
f 1144 1742 1148
f 1144 1148 1147
f 1148 1150 1149
f 1148 1149 1147
f 1151 1154 1146
f 1151 1146 1149
f 1149 1150 1153
f 1149 1153 1151
f 1195 1152 1151
f 1195 1151 1153
f 1154 1151 1152
f 1154 1152 1155
f 1156 1154 1155
f 1156 1155 1157
f 1154 1156 1159
f 1154 1159 1146
f 1161 1158 1156
f 1161 1156 1157
f 1158 1160 1159
f 1158 1159 1156
f 1139 1141 1159
f 1139 1159 1160
f 1119 1160 1158
f 1119 1158 1117
f 1123 1139 1160
f 1123 1160 1119
f 1117 1158 1161
f 1117 1161 1112
f 1111 1161 1157
f 1111 1157 1162
f 1157 1155 1164
f 1157 1164 1162
f 1111 1162 1163
f 1111 1163 1108
f 1162 1164 1165
f 1162 1165 1163
f 1164 1166 1168
f 1164 1168 1165
f 1155 1152 1166
f 1155 1166 1164
f 1166 1152 1195
f 1166 1195 1167
f 1169 1168 1166
f 1169 1166 1167
f 1165 1168 1170
f 1165 1170 1173
f 1170 1168 1169
f 1170 1169 1172
f 1174 1173 1170
f 1174 1170 1171
f 1170 1172 1177
f 1170 1177 1171
f 1174 1105 1175
f 1174 1175 1173
f 1163 1165 1173
f 1163 1173 1175
f 1108 1163 1175
f 1108 1175 1105
f 1106 1174 1171
f 1106 1171 1181
f 1178 1177 1172
f 1178 1172 1176
f 1192 1176 1172
f 1192 1172 1169
f 1180 1179 1177
f 1180 1177 1178
f 1181 1171 1177
f 1181 1177 1179
f 1186 1182 1180
f 1186 1180 1178
f 1884 1183 1182
f 1884 1182 1185
f 1182 1183 1875
f 1182 1875 1184
f 1185 1182 1186
f 1185 1186 1188
f 1186 1178 1176
f 1186 1176 1187
f 1188 1186 1187
f 1188 1187 1190
f 1922 1185 1188
f 1922 1188 1189
f 1189 1188 1190
f 1189 1190 1191
f 1191 1190 1192
f 1191 1192 1193
f 1190 1187 1176
f 1190 1176 1192
f 1193 1192 1169
f 1193 1169 1167
f 1197 1191 1193
f 1197 1193 1194
f 1194 1193 1167
f 1194 1167 1195
f 1196 1194 1195
f 1196 1195 1153
f 1199 1197 1194
f 1199 1194 1196
f 1198 1189 1191
f 1198 1191 1197
f 1200 1198 1197
f 1200 1197 1199
f 1204 1200 1199
f 1204 1199 1201
f 1199 1196 1202
f 1199 1202 1201
f 1201 1202 1746
f 1201 1746 1203
f 1205 1204 1201
f 1205 1201 1203
f 1207 1206 1204
f 1207 1204 1205
f 1206 1208 1200
f 1206 1200 1204
f 1206 1207 1211
f 1206 1211 1209
f 1208 1206 1209
f 1208 1209 1210
f 1210 1209 1212
f 1210 1212 1213
f 1209 1211 1214
f 1209 1214 1212
f 1213 1212 1215
f 1213 1215 1217
f 1212 1214 1218
f 1212 1218 1215
f 1216 1246 1217
f 1216 1217 1215
f 1218 1219 1216
f 1218 1216 1215
f 1214 1222 1220
f 1214 1220 1218
f 1220 1221 1219
f 1220 1219 1218
f 1220 1223 1225
f 1220 1225 1221
f 1222 1226 1223
f 1222 1223 1220
f 1226 1228 1224
f 1226 1224 1223
f 1224 1237 1225
f 1224 1225 1223
f 1770 1227 1226
f 1770 1226 1222
f 1227 1229 1228
f 1227 1228 1226
f 1229 1231 1230
f 1229 1230 1228
f 1228 1230 1233
f 1228 1233 1224
f 1231 1759 1232
f 1231 1232 1230
f 1230 1232 1234
f 1230 1234 1233
f 1233 1234 1236
f 1233 1236 1235
f 1233 1235 1237
f 1233 1237 1224
f 1238 1235 1236
f 1238 1236 1239
f 1240 1237 1235
f 1240 1235 1238
f 1241 1225 1237
f 1241 1237 1240
f 1242 1221 1225
f 1242 1225 1241
f 1243 1219 1221
f 1243 1221 1242
f 1244 1216 1219
f 1244 1219 1243
f 1245 1246 1216
f 1245 1216 1244
f 1247 1248 1246
f 1247 1246 1245
f 1249 1250 1248
f 1249 1248 1247
f 1251 1252 1250
f 1251 1250 1249
f 1253 1254 1252
f 1253 1252 1251
f 1255 1257 1254
f 1255 1254 1253
f 1256 1259 1257
f 1256 1257 1255
f 1254 1257 1258
f 1254 1258 1906
f 1258 1257 1259
f 1258 1259 1260
f 1262 1260 1259
f 1262 1259 1261
f 1264 1261 1259
f 1264 1259 1256
f 1263 1918 1262
f 1263 1262 1261
f 1265 1263 1261
f 1265 1261 1264
f 1266 1267 1263
f 1266 1263 1265
f 1268 1269 1267
f 1268 1267 1266
f 1270 1272 1269
f 1270 1269 1268
f 1271 1273 1272
f 1271 1272 1270
f 1269 1272 1274
f 1269 1274 1276
f 1277 1274 1272
f 1277 1272 1273
f 1274 1277 1279
f 1274 1279 1275
f 1276 1274 1275
f 1276 1275 1920
f 1277 1278 1280
f 1277 1280 1279
f 1278 1277 1273
f 1278 1273 1640
f 1279 1280 1284
f 1279 1284 1281
f 1275 1279 1281
f 1275 1281 1282
f 1282 1281 1283
f 1282 1283 1831
f 1281 1284 1286
f 1281 1286 1283
f 1280 1642 1285
f 1280 1285 1284
f 1284 1285 1287
f 1284 1287 1286
f 1286 1287 1289
f 1286 1289 1288
f 1283 1286 1288
f 1283 1288 1290
f 1294 1291 1288
f 1294 1288 1289
f 1288 1291 1292
f 1288 1292 1290
f 1292 1291 1293
f 1292 1293 1334
f 1291 1294 1295
f 1291 1295 1293
f 1294 1296 1298
f 1294 1298 1295
f 1296 1294 1289
f 1296 1289 1297
f 1301 1299 1296
f 1301 1296 1297
f 1296 1299 1302
f 1296 1302 1298
f 1301 1616 1300
f 1301 1300 1299
f 1299 1300 1304
f 1299 1304 1302
f 1303 1327 1298
f 1303 1298 1302
f 1302 1304 1306
f 1302 1306 1303
f 1300 1615 1305
f 1300 1305 1304
f 1304 1305 1308
f 1304 1308 1306
f 1308 1309 1307
f 1308 1307 1306
f 1306 1307 1325
f 1306 1325 1303
f 1310 1313 1309
f 1310 1309 1308
f 1308 1305 1311
f 1308 1311 1310
f 1310 1311 1813
f 1310 1813 1312
f 1312 1314 1313
f 1312 1313 1310
f 1309 1313 1315
f 1309 1315 1318
f 1313 1314 1316
f 1313 1316 1315
f 1315 1316 1545
f 1315 1545 1317
f 1318 1315 1317
f 1318 1317 1319
f 1320 1318 1319
f 1320 1319 1321
f 1307 1309 1318
f 1307 1318 1320
f 1322 1320 1321
f 1322 1321 1323
f 1325 1307 1320
f 1325 1320 1322
f 1324 1322 1323
f 1324 1323 1823
f 1326 1325 1322
f 1326 1322 1324
f 1325 1326 1327
f 1325 1327 1303
f 1328 1326 1324
f 1328 1324 1329
f 1326 1328 1331
f 1326 1331 1327
f 1330 1328 1329
f 1330 1329 1825
f 1328 1330 1332
f 1328 1332 1331
f 1295 1298 1327
f 1295 1327 1331
f 1293 1295 1331
f 1293 1331 1332
f 1332 1333 1334
f 1332 1334 1293
f 1330 1335 1333
f 1330 1333 1332
f 1339 1334 1333
f 1339 1333 1336
f 1337 1336 1333
f 1337 1333 1335
f 1360 1338 1336
f 1360 1336 1337
f 1336 1338 1340
f 1336 1340 1339
f 1340 1344 1341
f 1340 1341 1339
f 1339 1341 1292
f 1339 1292 1334
f 1346 1342 1341
f 1346 1341 1344
f 1341 1342 1826
f 1341 1826 1343
f 1290 1292 1341
f 1290 1341 1343
f 1355 1345 1344
f 1355 1344 1340
f 1345 1347 1346
f 1345 1346 1344
f 1350 1348 1347
f 1350 1347 1345
f 1349 1348 1350
f 1349 1350 1351
f 1352 1350 1345
f 1352 1345 1355
f 1353 1351 1350
f 1353 1350 1352
f 1354 1517 1353
f 1354 1353 1352
f 1352 1355 1356
f 1352 1356 1354
f 1338 1356 1355
f 1338 1355 1340
f 1357 1356 1338
f 1357 1338 1360
f 1359 1354 1356
f 1359 1356 1357
f 1358 1513 1359
f 1358 1359 1357
f 1357 1360 1361
f 1357 1361 1358
f 1360 1337 1362
f 1360 1362 1361
f 1361 1362 1366
f 1361 1366 1363
f 1358 1361 1363
f 1358 1363 1365
f 1363 1366 1367
f 1363 1367 1364
f 1509 1365 1363
f 1509 1363 1364
f 1368 1366 1362
f 1368 1362 1369
f 1371 1367 1366
f 1371 1366 1368
f 1369 1825 1370
f 1369 1370 1368
f 1368 1370 1372
f 1368 1372 1371
f 1371 1372 1376
f 1371 1376 1373
f 1374 1367 1371
f 1374 1371 1373
f 1375 1506 1374
f 1375 1374 1373
f 1373 1376 1377
f 1373 1377 1375
f 1376 1378 1380
f 1376 1380 1377
f 1372 1379 1378
f 1372 1378 1376
f 1379 1382 1381
f 1379 1381 1378
f 1378 1381 1384
f 1378 1384 1380
f 1382 1541 1383
f 1382 1383 1381
f 1381 1383 1385
f 1381 1385 1384
f 1386 1388 1380
f 1386 1380 1384
f 1387 1386 1384
f 1387 1384 1385
f 1386 1387 1392
f 1386 1392 1389
f 1388 1386 1389
f 1388 1389 1390
f 1390 1389 1391
f 1390 1391 1400
f 1389 1392 1394
f 1389 1394 1391
f 1392 1387 1533
f 1392 1533 1393
f 1394 1392 1393
f 1394 1393 1395
f 1396 1394 1395
f 1396 1395 1397
f 1391 1394 1396
f 1391 1396 1398
f 1400 1391 1398
f 1400 1398 1399
f 1402 1400 1399
f 1402 1399 1401
f 1404 1402 1401
f 1404 1401 1403
f 1405 1406 1404
f 1405 1404 1403
f 1408 1406 1405
f 1408 1405 1407
f 1411 1408 1407
f 1411 1407 1409
f 1411 1409 1410
f 1411 1410 1413
f 1412 1500 1408
f 1412 1408 1411
f 1414 1412 1411
f 1414 1411 1413
f 1413 1415 1417
f 1413 1417 1414
f 1415 1413 1410
f 1415 1410 1416
f 1418 1415 1416
f 1418 1416 1420
f 1417 1415 1418
f 1417 1418 1421
f 1421 1418 1419
f 1421 1419 1422
f 1418 1420 1482
f 1418 1482 1419
f 1423 1421 1422
f 1423 1422 1426
f 1417 1421 1423
f 1417 1423 1425
f 1425 1423 1424
f 1425 1424 1492
f 1424 1423 1426
f 1424 1426 1427
f 1427 1426 1428
f 1427 1428 1431
f 1426 1422 1429
f 1426 1429 1428
f 1430 1428 1429
f 1430 1429 1469
f 1431 1428 1430
f 1431 1430 1433
f 1435 1432 1431
f 1435 1431 1433
f 1484 1427 1431
f 1484 1431 1432
f 1435 1433 1434
f 1435 1434 1436
f 1433 1430 1467
f 1433 1467 1434
f 1438 1432 1435
f 1438 1435 1437
f 1437 1435 1436
f 1437 1436 1439
f 1437 782 780
f 1437 780 1438
f 784 782 1437
f 784 1437 1439
f 1440 1442 784
f 1440 784 1439
f 1439 1436 1441
f 1439 1441 1440
f 1440 1441 1444
f 1440 1444 1443
f 1443 1445 1442
f 1443 1442 1440
f 1443 1444 1448
f 1443 1448 1446
f 1446 1447 1445
f 1446 1445 1443
f 1449 1450 1447
f 1449 1447 1446
f 1446 1448 1452
f 1446 1452 1449
f 1450 1449 1451
f 1450 1451 812
f 1449 1452 1453
f 1449 1453 1451
f 1452 849 847
f 1452 847 1453
f 1448 1461 849
f 1448 849 1452
f 1453 847 845
f 1453 845 1454
f 1451 1453 1454
f 1451 1454 813
f 813 1454 1455
f 813 1455 815
f 1454 845 1456
f 1454 1456 1455
f 1455 1456 828
f 1455 828 825
f 815 1455 825
f 815 825 817
f 840 832 828
f 840 828 1456
f 1457 1450 812
f 1457 812 806
f 1458 1447 1450
f 1458 1450 1457
f 799 1458 1457
f 799 1457 801
f 1459 1445 1447
f 1459 1447 1458
f 1460 1459 1458
f 1460 1458 799
f 1459 785 1442
f 1459 1442 1445
f 787 785 1459
f 787 1459 1460
f 1444 1462 1461
f 1444 1461 1448
f 1462 1463 850
f 1462 850 1461
f 1465 1463 1462
f 1465 1462 1464
f 1441 1464 1462
f 1441 1462 1444
f 1436 1434 1464
f 1436 1464 1441
f 1467 1465 1464
f 1467 1464 1434
f 1465 1466 1479
f 1465 1479 1463
f 1467 1468 1466
f 1467 1466 1465
f 1430 1469 1468
f 1430 1468 1467
f 1469 1471 1470
f 1469 1470 1468
f 1468 1470 1472
f 1468 1472 1466
f 1471 1474 1473
f 1471 1473 1470
f 1470 1473 1475
f 1470 1475 1472
f 1472 1475 1476
f 1472 1476 1477
f 1477 1476 1478
f 1477 1478 854
f 1466 1472 1477
f 1466 1477 1479
f 1479 1477 854
f 1479 854 852
f 1463 1479 852
f 1463 852 850
f 1471 1481 1480
f 1471 1480 1474
f 1419 1482 1480
f 1419 1480 1481
f 1422 1419 1481
f 1422 1481 1429
f 1429 1481 1471
f 1429 1471 1469
f 780 1485 1483
f 780 1483 1438
f 1483 1484 1432
f 1483 1432 1438
f 1486 1489 1484
f 1486 1484 1483
f 1485 1487 1486
f 1485 1486 1483
f 1486 1487 1512
f 1486 1512 1488
f 1486 1488 1490
f 1486 1490 1489
f 1424 1489 1490
f 1424 1490 1492
f 1489 1424 1427
f 1489 1427 1484
f 1491 1490 1488
f 1491 1488 1510
f 1493 1492 1490
f 1493 1490 1491
f 1493 1495 1425
f 1493 1425 1492
f 1493 1491 1508
f 1493 1508 1494
f 1496 1495 1493
f 1496 1493 1494
f 1496 1412 1414
f 1496 1414 1495
f 1414 1417 1425
f 1414 1425 1495
f 1496 1497 1500
f 1496 1500 1412
f 1497 1496 1494
f 1497 1494 1498
f 1499 1497 1498
f 1499 1498 1506
f 1497 1499 1501
f 1497 1501 1500
f 1500 1501 1406
f 1500 1406 1408
f 1502 1501 1499
f 1502 1499 1503
f 1404 1406 1501
f 1404 1501 1502
f 1503 1505 1504
f 1503 1504 1502
f 1502 1504 1402
f 1502 1402 1404
f 1504 1390 1400
f 1504 1400 1402
f 1505 1388 1390
f 1505 1390 1504
f 1388 1505 1377
f 1388 1377 1380
f 1377 1505 1503
f 1377 1503 1375
f 1503 1499 1506
f 1503 1506 1375
f 1507 1374 1506
f 1507 1506 1498
f 1508 1507 1498
f 1508 1498 1494
f 1364 1367 1374
f 1364 1374 1507
f 1509 1364 1507
f 1509 1507 1508
f 1509 1508 1491
f 1509 1491 1510
f 1509 1510 1511
f 1509 1511 1365
f 1488 1512 1511
f 1488 1511 1510
f 1511 1512 1514
f 1511 1514 1513
f 1511 1513 1358
f 1511 1358 1365
f 1514 1516 1359
f 1514 1359 1513
f 1487 1515 1514
f 1487 1514 1512
f 1516 1514 1515
f 1516 1515 1518
f 1359 1516 1517
f 1359 1517 1354
f 1519 1517 1516
f 1519 1516 1518
f 1518 1515 779
f 1518 779 777
f 1518 777 774
f 1518 774 1519
f 1520 1353 1517
f 1520 1517 1519
f 1519 774 772
f 1519 772 1520
f 1353 1520 1521
f 1353 1521 1351
f 1520 772 1522
f 1520 1522 1521
f 1524 1523 1521
f 1524 1521 1522
f 1351 1521 1523
f 1351 1523 1349
f 759 1524 1522
f 759 1522 761
f 1515 1487 1485
f 1515 1485 779
f 1397 1395 1526
f 1397 1526 1525
f 1525 1526 1528
f 1525 1528 1527
f 1527 1528 879
f 1527 879 877
f 1526 1531 1529
f 1526 1529 1528
f 1528 1529 882
f 1528 882 879
f 1531 1532 1530
f 1531 1530 1529
f 1529 1530 1551
f 1529 1551 882
f 1395 1393 1531
f 1395 1531 1526
f 1393 1533 1532
f 1393 1532 1531
f 1534 1535 1530
f 1534 1530 1532
f 1537 1534 1532
f 1537 1532 1533
f 1536 1543 1535
f 1536 1535 1534
f 1538 1536 1534
f 1538 1534 1537
f 1383 1538 1537
f 1383 1537 1385
f 1533 1387 1385
f 1533 1385 1537
f 1541 1539 1538
f 1541 1538 1383
f 1539 1540 1536
f 1539 1536 1538
f 1540 1539 1321
f 1540 1321 1319
f 1539 1541 1323
f 1539 1323 1321
f 1382 1823 1323
f 1382 1323 1541
f 1542 1540 1319
f 1542 1319 1317
f 1540 1542 1543
f 1540 1543 1536
f 1542 1544 1547
f 1542 1547 1543
f 1542 1317 1545
f 1542 1545 1544
f 1544 1545 1552
f 1544 1552 1546
f 1544 1546 1549
f 1544 1549 1547
f 1547 1549 1550
f 1547 1550 1548
f 1543 1547 1548
f 1543 1548 1535
f 1549 892 886
f 1549 886 1550
f 892 1549 1546
f 892 1546 1553
f 881 1551 1548
f 881 1548 1550
f 1551 1530 1535
f 1551 1535 1548
f 1546 1552 1554
f 1546 1554 1553
f 1553 1554 1556
f 1553 1556 893
f 1555 1558 1556
f 1555 1556 1554
f 1552 1818 1555
f 1552 1555 1554
f 893 1556 1557
f 893 1557 895
f 1557 1556 1558
f 1557 1558 1560
f 1819 1559 1558
f 1819 1558 1555
f 1559 1561 1560
f 1559 1560 1558
f 1561 1563 1562
f 1561 1562 1560
f 1560 1562 1564
f 1560 1564 1557
f 908 1562 1563
f 908 1563 1566
f 903 1564 1562
f 903 1562 908
f 895 1557 1564
f 895 1564 898
f 1561 1821 1565
f 1561 1565 1563
f 1563 1565 1567
f 1563 1567 1566
f 907 1566 1567
f 907 1567 913
f 913 1567 1568
f 913 1568 1571
f 1568 1567 1565
f 1568 1565 1570
f 1571 1568 1569
f 1571 1569 1572
f 1568 1570 1591
f 1568 1591 1569
f 914 1571 1572
f 914 1572 1574
f 1572 1569 1589
f 1572 1589 1573
f 1574 1572 1573
f 1574 1573 1576
f 1575 924 918
f 1575 918 1574
f 1577 1575 1574
f 1577 1574 1576
f 1576 1578 1580
f 1576 1580 1577
f 1576 1573 1579
f 1576 1579 1578
f 1582 1580 1578
f 1582 1578 1579
f 1700 1577 1580
f 1700 1580 1581
f 1582 1583 1581
f 1582 1581 1580
f 1582 1579 1587
f 1582 1587 1584
f 1584 1585 1583
f 1584 1583 1582
f 1584 1586 1781
f 1584 1781 1585
f 1587 1588 1586
f 1587 1586 1584
f 1589 1590 1588
f 1589 1588 1587
f 1573 1589 1587
f 1573 1587 1579
f 1591 1590 1589
f 1591 1589 1569
f 1592 1593 1588
f 1592 1588 1590
f 1594 1592 1590
f 1594 1590 1591
f 1593 1592 1595
f 1593 1595 1596
f 1598 1595 1592
f 1598 1592 1594
f 1806 1596 1595
f 1806 1595 1597
f 1600 1597 1595
f 1600 1595 1598
f 1599 1598 1594
f 1599 1594 1822
f 1603 1601 1598
f 1603 1598 1599
f 1604 1600 1598
f 1604 1598 1601
f 1603 1814 1602
f 1603 1602 1601
f 1606 1604 1601
f 1606 1601 1602
f 1803 1600 1604
f 1803 1604 1605
f 1605 1604 1606
f 1605 1606 1607
f 1607 1606 1608
f 1607 1608 1609
f 1608 1606 1602
f 1608 1602 1610
f 1609 1608 1611
f 1609 1611 1612
f 1610 1614 1611
f 1610 1611 1608
f 1612 1611 1613
f 1612 1613 1617
f 1613 1611 1614
f 1613 1614 1615
f 1615 1614 1311
f 1615 1311 1305
f 1614 1610 1813
f 1614 1813 1311
f 1616 1613 1615
f 1616 1615 1300
f 1617 1613 1616
f 1617 1616 1618
f 1619 1617 1618
f 1619 1618 1620
f 1621 1612 1617
f 1621 1617 1619
f 1622 1619 1620
f 1622 1620 1625
f 1623 1621 1619
f 1623 1619 1622
f 1648 1623 1622
f 1648 1622 1624
f 1624 1622 1625
f 1624 1625 1626
f 1626 1625 1627
f 1626 1627 1630
f 1625 1620 1629
f 1625 1629 1627
f 1628 1627 1629
f 1628 1629 1811
f 1631 1630 1627
f 1631 1627 1628
f 1632 1630 1631
f 1632 1631 1635
f 1626 1630 1632
f 1626 1632 1634
f 1643 1634 1632
f 1643 1632 1633
f 1633 1632 1635
f 1633 1635 1637
f 1636 1635 1631
f 1636 1631 1641
f 1637 1635 1636
f 1637 1636 1638
f 1638 1636 1640
f 1638 1640 1639
f 1639 1640 1273
f 1639 1273 1271
f 1278 1640 1636
f 1278 1636 1641
f 1278 1641 1642
f 1278 1642 1280
f 1641 1631 1628
f 1641 1628 1642
f 1642 1628 1811
f 1642 1811 1285
f 1645 1644 1634
f 1645 1634 1643
f 1624 1626 1634
f 1624 1634 1644
f 1649 1646 1644
f 1649 1644 1645
f 1648 1624 1644
f 1648 1644 1646
f 1647 1656 1648
f 1647 1648 1646
f 1650 1647 1646
f 1650 1646 1649
f 1651 1653 1647
f 1651 1647 1650
f 1652 1654 1653
f 1652 1653 1651
f 1647 1653 1655
f 1647 1655 1656
f 1654 1657 1655
f 1654 1655 1653
f 1658 1660 1656
f 1658 1656 1655
f 1661 1658 1655
f 1661 1655 1657
f 1663 1659 1658
f 1663 1658 1661
f 1658 1659 1799
f 1658 1799 1660
f 1662 1661 1657
f 1662 1657 1763
f 1662 1664 1663
f 1662 1663 1661
f 1665 1666 1659
f 1665 1659 1663
f 1668 1665 1663
f 1668 1663 1664
f 1666 1665 1667
f 1666 1667 1792
f 1665 1668 1670
f 1665 1670 1667
f 1668 1669 1671
f 1668 1671 1670
f 1669 1668 1664
f 1669 1664 1760
f 1667 1670 1672
f 1667 1672 1675
f 1670 1671 1674
f 1670 1674 1672
f 1772 1673 1672
f 1772 1672 1674
f 1672 1673 1677
f 1672 1677 1675
f 1667 1675 1676
f 1667 1676 1792
f 1677 1678 1676
f 1677 1676 1675
f 1679 1680 1678
f 1679 1678 1677
f 1681 1679 1677
f 1681 1677 1673
f 1680 1679 1682
f 1680 1682 1684
f 1682 1679 1681
f 1682 1681 1683
f 1683 1686 1685
f 1683 1685 1682
f 1682 1685 1688
f 1682 1688 1684
f 1686 1723 1687
f 1686 1687 1685
f 1685 1687 1689
f 1685 1689 1688
f 1688 1689 1693
f 1688 1693 1690
f 1684 1688 1690
f 1684 1690 1692
f 1779 1692 1690
f 1779 1690 1691
f 1691 1690 1693
f 1691 1693 1695
f 1716 1694 1693
f 1716 1693 1689
f 1694 1697 1695
f 1694 1695 1693
f 1777 1691 1695
f 1777 1695 1696
f 1697 1699 1696
f 1697 1696 1695
f 1714 1698 1697
f 1714 1697 1694
f 1698 1701 1699
f 1698 1699 1697
f 1700 1581 1696
f 1700 1696 1699
f 1701 1702 1700
f 1701 1700 1699
f 1701 1703 1706
f 1701 1706 1702
f 1698 1705 1703
f 1698 1703 1701
f 1706 1703 1704
f 1706 1704 925
f 1703 1705 1708
f 1703 1708 1704
f 1702 1706 924
f 1702 924 1575
f 1714 1707 1705
f 1714 1705 1698
f 1708 1705 1707
f 1708 1707 1709
f 1709 962 1710
f 1709 1710 1708
f 1708 1710 1711
f 1708 1711 1704
f 1710 957 1712
f 1710 1712 1711
f 1704 1711 927
f 1704 927 925
f 1711 1712 929
f 1711 929 927
f 1712 958 1926
f 1712 1926 929
f 1713 968 1709
f 1713 1709 1707
f 1715 1713 1707
f 1715 1707 1714
f 1714 1694 1716
f 1714 1716 1715
f 1717 972 1713
f 1717 1713 1715
f 1715 1716 1718
f 1715 1718 1717
f 1717 1718 1721
f 1717 1721 1719
f 1719 974 972
f 1719 972 1717
f 1720 977 974
f 1720 974 1719
f 1719 1721 1722
f 1719 1722 1720
f 1721 1723 1724
f 1721 1724 1722
f 1718 1687 1723
f 1718 1723 1721
f 1726 1724 1723
f 1726 1723 1686
f 1722 1724 1725
f 1722 1725 1774
f 1728 1725 1724
f 1728 1724 1726
f 1727 1726 1686
f 1727 1686 1683
f 1730 1728 1726
f 1730 1726 1727
f 1729 1773 1725
f 1729 1725 1728
f 1731 1729 1728
f 1731 1728 1730
f 1730 1732 1735
f 1730 1735 1731
f 1733 1732 1730
f 1733 1730 1727
f 1732 1733 1772
f 1732 1772 1734
f 1735 1732 1734
f 1735 1734 1736
f 1731 1735 1737
f 1731 1737 1738
f 1737 1735 1736
f 1737 1736 1739
f 1738 1737 1740
f 1738 1740 1743
f 1740 1737 1739
f 1740 1739 1741
f 1742 1740 1741
f 1742 1741 1744
f 1740 1742 1144
f 1740 1144 1743
f 1743 1143 1771
f 1743 1771 1738
f 1148 1742 1744
f 1148 1744 1746
f 1746 1744 1745
f 1746 1745 1203
f 1744 1741 1748
f 1744 1748 1745
f 1150 1148 1746
f 1150 1746 1202
f 1747 1205 1203
f 1747 1203 1745
f 1747 1745 1748
f 1747 1748 1750
f 1748 1741 1739
f 1748 1739 1749
f 1751 1750 1748
f 1751 1748 1749
f 1754 1752 1750
f 1754 1750 1751
f 1752 1753 1747
f 1752 1747 1750
f 1753 1752 1227
f 1753 1227 1770
f 1752 1754 1229
f 1752 1229 1227
f 1754 1755 1231
f 1754 1231 1229
f 1755 1754 1751
f 1755 1751 1756
f 1757 1755 1756
f 1757 1756 1758
f 1755 1757 1759
f 1755 1759 1231
f 1669 1757 1758
f 1669 1758 1671
f 1757 1669 1760
f 1757 1760 1759
f 1759 1760 1761
f 1759 1761 1232
f 1760 1664 1662
f 1760 1662 1761
f 1232 1761 1762
f 1232 1762 1234
f 1761 1662 1763
f 1761 1763 1762
f 1764 1762 1763
f 1764 1763 1766
f 1234 1762 1764
f 1234 1764 1236
f 1239 1236 1764
f 1239 1764 1765
f 1765 1764 1766
f 1765 1766 1767
f 1767 1766 1654
f 1767 1654 1652
f 1763 1657 1654
f 1763 1654 1766
f 1671 1758 1768
f 1671 1768 1674
f 1758 1756 1769
f 1758 1769 1768
f 1768 1734 1772
f 1768 1772 1674
f 1736 1734 1768
f 1736 1768 1769
f 1751 1749 1769
f 1751 1769 1756
f 1739 1736 1769
f 1739 1769 1749
f 1753 1207 1205
f 1753 1205 1747
f 1207 1753 1770
f 1207 1770 1211
f 1214 1211 1770
f 1214 1770 1222
f 1738 1771 1729
f 1738 1729 1731
f 1771 1135 1773
f 1771 1773 1729
f 1143 1137 1135
f 1143 1135 1771
f 1733 1681 1673
f 1733 1673 1772
f 1683 1681 1733
f 1683 1733 1727
f 1134 1774 1725
f 1134 1725 1773
f 1720 1722 1774
f 1720 1774 1775
f 1775 1774 1134
f 1775 1134 1132
f 1132 1130 1776
f 1132 1776 1775
f 1775 1776 977
f 1775 977 1720
f 976 1776 1130
f 976 1130 984
f 1716 1689 1687
f 1716 1687 1718
f 1702 1575 1577
f 1702 1577 1700
f 1583 1777 1696
f 1583 1696 1581
f 1585 1778 1777
f 1585 1777 1583
f 1778 1779 1691
f 1778 1691 1777
f 1778 1780 1783
f 1778 1783 1779
f 1781 1780 1778
f 1781 1778 1585
f 1781 1808 1782
f 1781 1782 1780
f 1780 1782 1785
f 1780 1785 1783
f 1783 1785 1787
f 1783 1787 1784
f 1779 1783 1784
f 1779 1784 1692
f 1782 1807 1786
f 1782 1786 1785
f 1787 1785 1786
f 1787 1786 1788
f 1680 1784 1787
f 1680 1787 1678
f 1678 1787 1788
f 1678 1788 1676
f 1789 1792 1676
f 1789 1676 1788
f 1789 1788 1786
f 1789 1786 1791
f 1790 1666 1792
f 1790 1792 1789
f 1790 1789 1791
f 1790 1791 1794
f 1794 1791 1793
f 1794 1793 1795
f 1791 1786 1807
f 1791 1807 1793
f 1790 1794 1796
f 1790 1796 1799
f 1794 1795 1797
f 1794 1797 1796
f 1796 1797 1800
f 1796 1800 1798
f 1799 1796 1798
f 1799 1798 1660
f 1666 1790 1799
f 1666 1799 1659
f 1798 1800 1802
f 1798 1802 1801
f 1660 1798 1801
f 1660 1801 1656
f 1656 1801 1623
f 1656 1623 1648
f 1801 1802 1621
f 1801 1621 1623
f 1802 1609 1612
f 1802 1612 1621
f 1800 1607 1609
f 1800 1609 1802
f 1797 1605 1607
f 1797 1607 1800
f 1795 1803 1605
f 1795 1605 1797
f 1795 1793 1804
f 1795 1804 1803
f 1803 1804 1597
f 1803 1597 1600
f 1793 1807 1805
f 1793 1805 1804
f 1804 1805 1806
f 1804 1806 1597
f 1808 1809 1806
f 1808 1806 1805
f 1808 1805 1807
f 1808 1807 1782
f 1586 1809 1808
f 1586 1808 1781
f 1586 1588 1593
f 1586 1593 1809
f 1593 1596 1806
f 1593 1806 1809
f 1684 1692 1784
f 1684 1784 1680
f 1620 1618 1810
f 1620 1810 1629
f 1811 1629 1810
f 1811 1810 1812
f 1285 1811 1812
f 1285 1812 1287
f 1812 1810 1301
f 1812 1301 1297
f 1287 1812 1297
f 1287 1297 1289
f 1618 1616 1301
f 1618 1301 1810
f 1813 1610 1602
f 1813 1602 1814
f 1815 1312 1813
f 1815 1813 1814
f 1603 1816 1815
f 1603 1815 1814
f 1817 1815 1816
f 1817 1816 1819
f 1314 1312 1815
f 1314 1815 1817
f 1314 1817 1818
f 1314 1818 1316
f 1818 1817 1819
f 1818 1819 1555
f 1819 1816 1820
f 1819 1820 1559
f 1316 1818 1552
f 1316 1552 1545
f 1599 1820 1816
f 1599 1816 1603
f 1822 1821 1820
f 1822 1820 1599
f 1559 1820 1821
f 1559 1821 1561
f 1565 1821 1822
f 1565 1822 1570
f 1822 1594 1591
f 1822 1591 1570
f 1379 1824 1823
f 1379 1823 1382
f 1329 1324 1823
f 1329 1823 1824
f 1370 1824 1379
f 1370 1379 1372
f 1825 1329 1824
f 1825 1824 1370
f 1335 1330 1825
f 1335 1825 1369
f 1362 1337 1335
f 1362 1335 1369
f 1827 1343 1826
f 1827 1826 1829
f 1343 1827 1830
f 1343 1830 1290
f 1827 1828 1832
f 1827 1832 1830
f 1828 1827 1829
f 1828 1829 1841
f 1831 1283 1290
f 1831 1290 1830
f 1833 1831 1830
f 1833 1830 1832
f 1832 1828 1837
f 1832 1837 1834
f 1835 1833 1832
f 1835 1832 1834
f 1914 1835 1834
f 1914 1834 1836
f 1837 1838 1836
f 1837 1836 1834
f 1840 1838 1837
f 1840 1837 1839
f 1837 1828 1841
f 1837 1841 1839
f 1842 1843 1838
f 1842 1838 1840
f 1844 1845 1843
f 1844 1843 1842
f 1846 1847 1845
f 1846 1845 1844
f 1847 1848 1850
f 1847 1850 1845
f 1849 1852 1850
f 1849 1850 1848
f 1843 1845 1850
f 1843 1850 1851
f 1850 1852 1854
f 1850 1854 1851
f 1852 1853 1855
f 1852 1855 1854
f 1872 1853 1852
f 1872 1852 1849
f 1855 1858 1856
f 1855 1856 1854
f 1854 1856 1836
f 1854 1836 1851
f 1836 1856 1857
f 1836 1857 1914
f 1856 1858 1859
f 1856 1859 1857
f 1858 1860 1861
f 1858 1861 1859
f 1863 1860 1858
f 1863 1858 1855
f 1860 1862 1896
f 1860 1896 1861
f 1865 1862 1860
f 1865 1860 1863
f 1864 1863 1855
f 1864 1855 1853
f 1867 1865 1863
f 1867 1863 1864
f 1866 1897 1862
f 1866 1862 1865
f 1868 1866 1865
f 1868 1865 1867
f 1870 1868 1867
f 1870 1867 1869
f 1869 1867 1864
f 1869 1864 1871
f 1871 1864 1853
f 1871 1853 1872
f 1873 1874 1868
f 1873 1868 1870
f 1184 1875 1874
f 1184 1874 1873
f 1875 1878 1876
f 1875 1876 1874
f 1874 1876 1866
f 1874 1866 1868
f 1876 1877 1897
f 1876 1897 1866
f 1878 1879 1877
f 1878 1877 1876
f 1880 1881 1879
f 1880 1879 1878
f 1183 1880 1878
f 1183 1878 1875
f 1883 1881 1880
f 1883 1880 1882
f 1884 1882 1880
f 1884 1880 1183
f 1888 1883 1882
f 1888 1882 1885
f 1885 1882 1884
f 1885 1884 1887
f 1889 1888 1885
f 1889 1885 1886
f 1886 1885 1887
f 1886 1887 1923
f 1888 1889 1892
f 1888 1892 1890
f 1883 1888 1890
f 1883 1890 1893
f 1893 1890 1891
f 1893 1891 1894
f 1890 1892 1903
f 1890 1903 1891
f 1879 1893 1894
f 1879 1894 1877
f 1881 1883 1893
f 1881 1893 1879
f 1894 1891 1898
f 1894 1898 1895
f 1877 1894 1895
f 1877 1895 1897
f 1897 1895 1896
f 1897 1896 1862
f 1895 1898 1899
f 1895 1899 1896
f 1898 1900 1901
f 1898 1901 1899
f 1891 1903 1900
f 1891 1900 1898
f 1900 1902 1906
f 1900 1906 1901
f 1903 1904 1902
f 1903 1902 1900
f 1892 1905 1904
f 1892 1904 1903
f 1904 1905 1248
f 1904 1248 1250
f 1902 1904 1250
f 1902 1250 1252
f 1889 1217 1905
f 1889 1905 1892
f 1217 1246 1248
f 1217 1248 1905
f 1902 1252 1254
f 1902 1254 1906
f 1907 1901 1906
f 1907 1906 1258
f 1908 1899 1901
f 1908 1901 1907
f 1909 1907 1258
f 1909 1258 1260
f 1911 1908 1907
f 1911 1907 1909
f 1910 1909 1260
f 1910 1260 1262
f 1912 1911 1909
f 1912 1909 1910
f 1859 1861 1908
f 1859 1908 1911
f 1857 1859 1911
f 1857 1911 1912
f 1913 1912 1910
f 1913 1910 1916
f 1914 1857 1912
f 1914 1912 1913
f 1913 1915 1835
f 1913 1835 1914
f 1916 1917 1915
f 1916 1915 1913
f 1918 1919 1917
f 1918 1917 1916
f 1916 1910 1262
f 1916 1262 1918
f 1267 1919 1918
f 1267 1918 1263
f 1919 1276 1920
f 1919 1920 1917
f 1267 1269 1276
f 1267 1276 1919
f 1917 1920 1921
f 1917 1921 1915
f 1920 1275 1282
f 1920 1282 1921
f 1921 1282 1831
f 1921 1831 1833
f 1915 1921 1833
f 1915 1833 1835
f 1861 1896 1899
f 1861 1899 1908
f 1217 1889 1886
f 1217 1886 1213
f 1887 1884 1185
f 1887 1185 1922
f 1923 1887 1922
f 1923 1922 1924
f 1210 1923 1924
f 1210 1924 1208
f 1210 1213 1886
f 1210 1886 1923
f 1208 1924 1198
f 1208 1198 1200
f 1924 1922 1189
f 1924 1189 1198
f 1843 1851 1836
f 1843 1836 1838
f 1153 1150 1202
f 1153 1202 1196
f 1122 994 990
f 1122 990 1125
f 1120 996 994
f 1120 994 1122
f 1019 1017 1109
f 1019 1109 1026
f 958 954 936
f 958 936 1926
f 954 948 938
f 954 938 936
f 808 1928 916
f 808 916 1927
f 1928 818 821
f 1928 821 911
f 808 810 818
f 808 818 1928
f 826 829 1929
f 826 1929 901
f 829 831 1930
f 829 1930 1929
f 1929 1930 1932
f 1929 1932 900
f 831 834 1931
f 831 1931 1930
f 1930 1931 1933
f 1930 1933 1932
f 1934 1932 1933
f 1934 1933 1935
f 1934 897 900
f 1934 900 1932
f 1934 888 890
f 1934 890 897
f 888 1934 1935
f 888 1935 1936
f 867 869 1935
f 867 1935 1933
f 1936 1935 869
f 1936 869 871
f 884 1936 871
f 884 871 873
f 1931 865 867
f 1931 867 1933
f 834 863 865
f 834 865 1931
