# Leg4_L: 4566 verts, 8852 tris
v -0.05711224 -0.08824626 0.08705570
v -0.05046664 -0.08685610 0.09343237
v -0.05694263 -0.05100715 0.08476343
v -0.05617784 -0.11483068 0.08747744
v -0.06443624 -0.08955934 0.07800180
v -0.06381464 -0.11598400 0.07828845
v -0.06385624 -0.05263076 0.07602635
v -0.07057464 -0.08919508 0.06721256
v -0.07023624 -0.11532164 0.06681428
v -0.07334904 -0.08559353 0.05551500
v -0.06944104 -0.05313830 0.06660405
v -0.07125144 -0.05151541 0.05787841
v -0.06784904 -0.02171601 0.06570185
v -0.06643704 -0.00806061 0.06569767
v -0.06875624 -0.02182468 0.05996380
v -0.06277383 -0.02030602 0.07380313
v -0.05621784 -0.01839242 0.08221622
v -0.06171224 -0.00627860 0.07312932
v -0.05894984 -0.00358359 0.07522325
v -0.05566104 -0.00433540 0.08103127
v -0.05056423 -0.00287204 0.08697475
v -0.05531464 -0.00227662 0.08060140
v -0.05103384 -0.00111204 0.08515595
v -0.05256663 -0.00207420 0.08103670
v -0.04461864 0.00026421 0.09074967
v -0.04468824 -0.00160283 0.09223057
v -0.03629304 0.00169332 0.09666003
v -0.04430904 -0.00033003 0.08807700
v -0.04264104 -0.00110723 0.08466233
v -0.03645464 0.00095890 0.09339540
v -0.02882984 0.00173546 0.09671667
v -0.03637304 0.00029813 0.09032497
v -0.03598263 0.00039725 0.08890875
v -0.03014584 0.00067749 0.09204470
v -0.02275704 0.00076766 0.09268683
v -0.03065544 0.00051088 0.08957054
v -0.03065064 0.00156931 0.08722393
v -0.02335144 0.00051480 0.08987438
v -0.02342824 0.00154666 0.08738704
v -0.01547624 0.00046370 0.08997920
v -0.01559865 0.00149404 0.08744804
v -0.01490184 0.00073184 0.09285056
v -0.00866344 0.00038361 0.08990475
v -0.00764424 0.00054946 0.09240673
v -0.00403865 0.00023672 0.08935161
v -0.00894984 0.00144373 0.08746404
v -0.00444265 0.00138625 0.08735938
v -0.00892264 0.00439889 0.08282956
v -0.00442664 0.00433371 0.08278238
v -0.01552424 0.00443099 0.08280568
v -0.00888185 0.01130075 0.07593540
v -0.00900825 0.02311692 0.06756504
v -0.00439064 0.01122877 0.07592119
v -0.01544425 0.01131761 0.07592195
v -0.02313944 0.01135330 0.07600143
v -0.01547864 0.02307389 0.06763568
v -0.02303545 0.02307955 0.06778188
v -0.01553864 0.03470772 0.06034483
v -0.02297144 0.03455063 0.06063287
v -0.01549224 0.04142630 0.05592009
v -0.00916985 0.03516348 0.05992235
v -0.00920264 0.04291902 0.05467748
v -0.00478504 0.03554777 0.05948718
v -0.00280904 0.03512077 0.05876452
v -0.00487865 0.04422474 0.05353811
v -0.00456025 0.02309269 0.06748210
v -0.00255864 0.02253570 0.06689893
v -0.00237065 0.01073319 0.07532285
v -0.00206664 0.01969084 0.06390681
v -0.00186585 0.00835553 0.07208443
v -0.00232344 0.03198691 0.05585039
v -0.00198265 0.01355618 0.05739244
v -0.00189864 0.00741629 0.05085794
v -0.00224424 0.02514218 0.04957202
v -0.00176105 0.00324806 0.06500861
v -0.00165385 -0.00189162 0.05783971
v -0.00172665 -0.00185260 0.07039494
v -0.00188104 0.00211758 0.07842061
v -0.00167944 -0.00332602 0.07364810
v -0.00156904 -0.00592538 0.06210108
v -0.00126584 -0.00802722 0.05785775
v -0.00145945 -0.00657346 0.06421524
v -0.00121544 -0.00838121 0.05907176
v -0.00093225 -0.00655815 0.06536545
v -0.00063065 -0.00844000 0.05899591
v -0.00126345 -0.00365213 0.07555814
v 0.00089655 -0.00638759 0.06634599
v 0.00124215 -0.00821178 0.05994902
v 0.00479095 -0.00617206 0.06730126
v 0.00027576 -0.00341379 0.07746414
v -0.00215944 -0.00050932 0.08838010
v 0.00388776 -0.00281696 0.08017031
v 0.00927736 -0.00219542 0.08283393
v 0.00083335 0.00037766 0.09251037
v -0.00574424 0.00171610 0.09749714
v 0.00597976 0.00209324 0.09948911
v 0.01405496 0.00196974 0.09934839
v 0.00601976 0.00416556 0.10765292
v -0.00376424 0.00322340 0.10354182
v -0.00304664 0.00434700 0.10801600
v -0.01262664 0.00341709 0.10396220
v -0.01992824 0.00345013 0.10384193
v -0.01202424 0.00445650 0.10809911
v -0.01376743 0.00195473 0.09812455
v -0.02145464 0.00197109 0.09789900
v -0.01882343 0.00450969 0.10808722
v -0.01182344 0.00497786 0.11045285
v -0.01834744 0.00504830 0.11051181
v -0.01176584 0.00337918 0.11157951
v -0.00295944 0.00488334 0.11042203
v -0.00295224 0.00339749 0.11153222
v 0.00590536 0.00479744 0.11042538
v 0.00586216 0.00320333 0.11155069
v 0.01242935 0.00473484 0.11046435
v 0.01229416 0.00298294 0.11162052
v 0.01288776 0.00405416 0.10752192
v 0.01631655 0.00465418 0.11053214
v 0.01713656 0.00402151 0.10784847
v 0.01607656 0.00319755 0.11166440
v 0.01795096 0.00312578 0.11068164
v 0.01755175 0.00257711 0.11162432
v 0.01840696 -0.00677000 0.11118751
v 0.01863016 0.00259384 0.10853664
v 0.01900056 -0.00728867 0.10928588
v 0.01957496 0.00195230 0.10617237
v 0.02086696 0.00218832 0.10077905
v 0.02037576 0.00089724 0.10530664
v 0.01958296 -0.00784004 0.10737823
v 0.01969976 -0.03041113 0.10869391
v 0.02035656 -0.00845143 0.10614966
v 0.02341096 -0.01054330 0.10401914
v 0.02036696 -0.03139182 0.10758178
v 0.01996376 -0.05454744 0.10903709
v 0.02293496 -0.03551583 0.10595834
v 0.02119575 -0.05763343 0.10817586
v 0.02919735 -0.04793994 0.10254093
v 0.02354136 -0.06538157 0.10693736
v 0.02985576 -0.07916832 0.10324675
v 0.03835656 -0.04892469 0.09622576
v 0.03036456 -0.01448476 0.09949193
v 0.03857335 -0.01653328 0.09362809
v 0.03061575 -0.00091289 0.09753836
v 0.02316696 0.00084223 0.10287569
v 0.03129095 -0.00007287 0.09233546
v 0.03880456 -0.00255615 0.09163830
v 0.04458936 -0.00389023 0.08656081
v 0.04000376 -0.00153543 0.08694577
v 0.04275415 -0.00405144 0.07686855
v 0.04598295 -0.00264504 0.08284759
v 0.04960935 -0.00470741 0.07457547
v 0.04970375 -0.00357344 0.07949108
v 0.05386455 -0.00519133 0.07312128
v 0.04958935 -0.00539022 0.08080891
v 0.05010375 -0.01928739 0.08210272
v 0.05564055 -0.00742202 0.07290946
v 0.06042695 -0.00939913 0.06492831
v 0.05659895 -0.02126157 0.07377390
v 0.05777736 -0.05329613 0.07580681
v 0.06164534 -0.02281590 0.06527748
v 0.06330855 -0.05389907 0.06612665
v 0.06261816 -0.02320253 0.05831638
v 0.06514375 -0.05243650 0.05667309
v 0.06040055 -0.02440439 0.04857879
v 0.06123655 -0.01057448 0.05949626
v 0.05983975 -0.01104588 0.05615894
v 0.05888934 -0.00861097 0.05976699
v 0.05776136 -0.00926933 0.05713370
v 0.05352934 -0.00848217 0.05972309
v 0.05809896 -0.00727122 0.06504332
v 0.05296454 -0.00705918 0.06543308
v 0.04523255 -0.00682139 0.06610754
v 0.03575895 -0.00650682 0.06704211
v 0.04566935 -0.00823770 0.05953066
v 0.03647895 -0.00798703 0.05945587
v 0.04486135 -0.00695454 0.05493525
v 0.04745815 -0.01043182 0.05414530
v 0.04428935 -0.00611552 0.05123011
v 0.04113974 0.00358760 0.04733038
v 0.03607415 -0.00529362 0.05423352
v 0.05267575 -0.00906438 0.05693230
v 0.05234935 -0.01068003 0.05449680
v 0.05688295 -0.01077708 0.05462383
v 0.05194055 -0.01905774 0.04459478
v 0.04758135 -0.01879215 0.04440601
v 0.05105014 -0.03785239 0.02271287
v 0.05604694 -0.01930713 0.04476529
v 0.05816614 -0.01989764 0.04528691
v 0.05468695 -0.03854538 0.02299718
v 0.05327254 -0.05778197 0.00127620
v 0.05659575 -0.03969793 0.02346446
v 0.05849015 -0.04510263 0.02565267
v 0.05499574 -0.05948307 0.00170344
v 0.05693015 -0.06821670 0.00414993
v 0.05318454 -0.06785466 -0.00791798
v 0.05401894 -0.07334760 -0.00641259
v 0.04677894 -0.06914293 -0.00976705
v 0.05154534 -0.06628790 -0.00837236
v 0.04530374 -0.06762361 -0.01014027
v 0.04816534 -0.06495109 -0.00879663
v 0.04221574 -0.06624291 -0.01050508
v 0.04465334 -0.06361623 -0.00924120
v 0.04993015 -0.05664413 0.00089025
v 0.04635175 -0.05550267 0.00048313
v 0.04417254 -0.05416367 -0.00026351
v 0.04713734 -0.03714389 0.02241886
v 0.04469654 -0.03544888 0.02125142
v 0.04355415 -0.02678127 0.01439352
v 0.04500215 -0.01769778 0.04362957
v 0.04523975 -0.01039124 0.05287293
v 0.04387175 -0.01157865 0.03914004
v 0.04334454 0.00141857 0.03166256
v 0.04312615 0.01133158 0.03224114
v 0.04327894 0.00338135 0.04509047
v 0.04302774 -0.00076187 -0.00702001
v 0.04284054 -0.04279040 -0.01050574
v 0.04297095 0.02861300 0.00412112
v 0.04300534 0.02425837 0.01466045
v 0.04304455 0.01604501 0.02335337
v 0.04276453 -0.02816657 -0.02113049
v 0.04276134 -0.01649994 -0.02736833
v 0.04276854 -0.00551030 -0.03052149
v 0.04279014 0.00588611 -0.03023592
v 0.04282694 0.01636986 -0.02582441
v 0.04277094 -0.03756294 -0.01533620
v 0.04292454 0.02866119 -0.00723957
v 0.04287414 0.02436246 -0.01775823
v 0.04285415 0.03063413 -0.01346202
v 0.04279814 0.02356098 -0.02417216
v 0.04224854 0.03237215 -0.02126060
v 0.03951254 0.03367755 -0.02190268
v 0.04221094 0.02785009 -0.02726047
v 0.04227734 0.03617045 -0.01465462
v 0.04231494 0.03804438 -0.00738105
v 0.03954695 0.03733177 -0.01497662
v 0.03382454 0.03738329 -0.01510498
v 0.03958134 0.03957466 -0.00747429
v 0.03961415 0.04031609 0.00031649
v 0.03385895 0.03962996 -0.00759292
v 0.03389174 0.04037307 0.00020905
v 0.02818775 0.03956790 -0.00768784
v 0.02821974 0.04030964 0.00010117
v 0.02559014 0.03820005 -0.00768205
v 0.02815254 0.03732465 -0.01518840
v 0.02811814 0.03367112 -0.02211216
v 0.02555814 0.03628792 -0.01495495
v 0.02552374 0.03252893 -0.02155526
v 0.02509975 0.03143619 -0.01373663
v 0.02505814 0.02562403 -0.01800269
v 0.02510855 0.02992186 -0.00748962
v 0.02508854 0.00409833 -0.00704427
v 0.02515494 0.03389034 -0.00114221
v 0.02562375 0.03918032 -0.00013547
v 0.02515494 0.02987562 0.00386630
v 0.02520134 0.03134330 0.01144964
v 0.02565015 0.03813708 0.00729886
v 0.02825014 0.03950180 0.00788648
v 0.02567814 0.03617646 0.01467829
v 0.02827655 0.03720807 0.01538312
v 0.02569575 0.03240133 0.02118131
v 0.02518935 0.02553440 0.01439742
v 0.02571415 0.02789465 0.02737030
v 0.02829735 0.03353646 0.02231785
v 0.02831335 0.02866198 0.02847324
v 0.03396935 0.03358444 0.02246298
v 0.03398535 0.02869752 0.02862965
v 0.03969174 0.03353097 0.02254345
v 0.03394775 0.03726346 0.01551683
v 0.03967094 0.03721033 0.01560388
v 0.03392134 0.03956340 0.00800744
v 0.03964455 0.03950744 0.00810455
v 0.04237494 0.03797897 0.00760562
v 0.04234214 0.03906219 0.00017091
v 0.04239654 0.03605054 0.01499204
v 0.04242055 0.03222798 0.02149852
v 0.04295574 0.03053406 0.01173645
v 0.04243334 0.02774277 0.02769772
v 0.04298695 0.02347504 0.02254615
v 0.03970774 0.02864476 0.02870406
v 0.04247734 0.02161071 0.03269836
v 0.04269415 0.01374919 0.03877157
v 0.03976534 0.02252554 0.03415708
v 0.04009975 0.01427453 0.04006953
v 0.03404375 0.02257639 0.03408742
v 0.03438775 0.01431163 0.04001239
v 0.02836615 0.02255613 0.03392058
v 0.02576215 0.02182108 0.03237083
v 0.02866615 0.01430605 0.03983609
v 0.02910855 0.00359208 0.04710424
v 0.02604135 0.01392791 0.03846111
v 0.02655735 0.00359402 0.04482323
v 0.02554935 0.01219146 0.03198084
v 0.02585095 0.00289924 0.03138541
v 0.02526774 0.01734914 0.02308938
v 0.02523175 0.02430892 0.02224690
v 0.02630374 -0.00993414 0.03845329
v 0.02557255 -0.02200422 0.01232952
v 0.02607655 -0.01601668 0.04269863
v 0.02679495 -0.00590560 0.05097040
v 0.02642135 -0.01006434 0.05258545
v 0.02719175 -0.00696751 0.05468181
v 0.01882215 -0.00898002 0.05658596
v 0.02711095 -0.00810558 0.05960027
v 0.02442935 -0.01019504 0.05384156
v 0.02372215 -0.01699099 0.04335780
v 0.01878696 -0.01037164 0.05410376
v 0.01847895 -0.01701383 0.04338725
v 0.01312375 -0.01033809 0.05410699
v 0.01075975 -0.01054383 0.05328666
v 0.01322935 -0.01693708 0.04336743
v 0.01108935 -0.00908740 0.05658746
v 0.00894215 -0.00939908 0.05453810
v 0.01103576 -0.00816658 0.05993538
v 0.00521815 -0.00895768 0.05725274
v 0.00493175 -0.00879223 0.05566861
v 0.00204615 -0.00886825 0.05776223
v 0.00511336 -0.00814383 0.06006889
v 0.00115896 -0.00874683 0.05683815
v 0.00038855 -0.00599332 0.05426585
v 0.00066536 0.00419162 0.04685899
v 0.00490455 -0.00523699 0.05172127
v -0.00090664 -0.00861886 0.05724576
v -0.00123704 -0.00446529 0.05443650
v -0.00140425 0.00456718 0.04778519
v -0.00168504 0.01514042 0.04034977
v 0.00026056 0.01461762 0.03956995
v -0.00216585 0.01829414 0.04328547
v -0.00182185 0.02338551 0.03429869
v -0.00184425 0.02940433 0.02873725
v 0.00001735 0.02270756 0.03366097
v -0.00228024 0.02663119 0.03717074
v -0.00234744 0.03373564 0.04353452
v -0.00223225 0.03254311 0.03118028
v -0.00218745 0.03510295 0.02335265
v -0.00189864 0.03675433 0.03076106
v -0.00222745 0.03899822 0.03920820
v -0.00230505 0.04793437 0.04442260
v -0.00186105 0.04114352 0.03661969
v -0.00183465 0.04749717 0.03988589
v -0.00138424 0.04163544 0.03531725
v -0.00135464 0.04642378 0.03763019
v -0.00141705 0.03845520 0.03098652
v -0.00080105 0.04173163 0.03479687
v -0.00082985 0.03908975 0.03114268
v -0.00077625 0.04583049 0.03670536
v 0.00489816 0.04181300 0.03450993
v 0.00487175 0.03936789 0.03112559
v 0.00492056 0.04559582 0.03627645
v 0.00610775 0.04208602 0.03416850
v 0.00651815 0.04291411 0.03316323
v 0.00612375 0.04561546 0.03582933
v 0.00607815 0.03979195 0.03101349
v 0.00606375 0.03949800 0.02715637
v 0.00644935 0.04081548 0.03091608
v 0.00649976 0.04122041 0.02832293
v 0.00663575 0.04460861 0.03111352
v 0.00650135 0.04304858 0.02508223
v 0.00605255 0.04117191 0.02353187
v 0.00648535 0.04588812 0.02267867
v 0.00664614 0.04693684 0.02829768
v 0.00662135 0.04926508 0.02548184
v 0.00656215 0.05082611 0.03151364
v 0.00653815 0.05265374 0.02827396
v 0.00614215 0.05270518 0.03306915
v 0.00655255 0.04798585 0.03391745
v 0.00614135 0.04945921 0.03539396
v 0.00648615 0.04551557 0.03480323
v 0.00493255 0.04975004 0.03585105
v -0.00076105 0.05030820 0.03621658
v 0.00493095 0.05317084 0.03345759
v -0.00075944 0.05397071 0.03371844
v 0.00491575 0.05487994 0.02964782
v -0.00077385 0.05575438 0.02990373
v 0.00489255 0.05451820 0.02548859
v 0.00612615 0.05437986 0.02944442
v 0.00609655 0.05408610 0.02558807
v 0.00607735 0.05179107 0.02243252
v 0.00646215 0.05305968 0.02568135
v 0.00649335 0.05096082 0.02343343
v 0.00642534 0.04835959 0.02179420
v 0.00605175 0.04826159 0.02077171
v 0.00604855 0.04441788 0.02120705
v 0.00484375 0.04828949 0.02033795
v -0.00085785 0.04828837 0.01976923
v 0.00486615 0.05207309 0.02210425
v 0.00483255 0.04413605 0.02076313
v 0.00483335 0.04071420 0.02315608
v -0.00087064 0.04397378 0.02012020
v -0.00146425 0.04346541 0.01831908
v -0.00086825 0.04049636 0.02266110
v -0.00145946 0.04008535 0.02147068
v -0.00085305 0.03871723 0.02670676
v 0.00484855 0.03900610 0.02696637
v -0.00144265 0.03812066 0.02602858
v -0.00191865 0.03677496 0.02470656
v -0.00193545 0.03921572 0.01909000
v -0.00195226 0.04228715 0.01436444
v -0.00220025 0.03827681 0.01670683
v -0.00187066 0.03766871 0.01550568
v -0.00223705 0.04082033 0.00985512
v -0.00275705 0.04220139 0.00059661
v -0.00194025 0.04009915 0.00804383
v -0.00029465 0.03973420 0.00766511
v -0.00225785 0.04195103 0.00010476
v -0.00203945 0.04155003 -0.00001406
v -0.00438905 0.04233557 0.00043747
v -0.00701705 0.04138586 -0.00150792
v 0.00173175 0.04037934 0.00031830
v -0.00243706 0.04154275 0.00032740
v -0.00253386 0.04177019 0.00038328
v -0.00286905 0.03989631 -0.00639729
v 0.00338695 0.03939042 0.00756161
v 0.00655335 0.03995033 -0.00009541
v 0.00720695 0.03911461 0.00746183
v 0.00892695 0.03868280 -0.00044661
v 0.00535335 0.03927579 -0.00759803
v 0.00874855 0.03772592 -0.00789914
v 0.00501254 0.03705132 -0.01528558
v -0.00307145 0.03730530 -0.01508646
v 0.00867815 0.03589102 -0.01517362
v 0.00497654 0.03349471 -0.02238398
v 0.00866454 0.03228248 -0.02181263
v 0.00496455 0.02869037 -0.02852179
v -0.00314745 0.03364613 -0.02237786
v -0.00317306 0.02877408 -0.02853785
v -0.01127706 0.03367816 -0.02236581
v -0.01122265 0.03734059 -0.01528512
v -0.01495866 0.03257173 -0.02177623
v -0.01130826 0.02877119 -0.02847264
v -0.01133706 0.02275011 -0.03345863
v -0.01498826 0.02801608 -0.02777933
v -0.01561945 0.02441500 -0.02465128
v -0.01502026 0.02203488 -0.03241722
v -0.01566985 0.01768663 -0.02627103
v -0.01504505 0.01549197 -0.03621376
v -0.01506906 0.00820895 -0.03822601
v -0.01566746 0.01377320 -0.03182115
v -0.01136425 0.01586075 -0.03717654
v -0.00322346 0.01586936 -0.03726438
v -0.01138746 0.00837853 -0.03949720
v -0.01140506 0.00058700 -0.04036998
v -0.00324586 0.00837608 -0.03958838
v 0.00489574 0.00834879 -0.03956260
v -0.00326426 0.00057421 -0.04046221
v 0.00487814 0.00055726 -0.04043538
v -0.00327626 -0.00725579 -0.03991452
v -0.01141706 -0.00723313 -0.03982275
v -0.00328346 -0.01485026 -0.03821786
v 0.00486534 -0.00726287 -0.03988815
v 0.00855815 -0.00687883 -0.03863193
v 0.00485894 -0.01484794 -0.03819350
v 0.00854694 -0.01432267 -0.03723644
v 0.00485574 -0.02212760 -0.03556988
v 0.00485734 -0.02976253 -0.03179201
v -0.00328586 -0.02213530 -0.03559262
v 0.00854854 -0.02121211 -0.03446901
v 0.00925254 -0.01540439 -0.02782508
v 0.00854534 -0.02885600 -0.03099761
v 0.00920614 -0.02425225 -0.02734127
v 0.00855414 -0.03661860 -0.02608906
v 0.00855494 -0.04414227 -0.02172639
v 0.00486215 -0.03811794 -0.02686251
v 0.00925655 -0.02701677 -0.02159861
v 0.00946694 0.00358685 -0.00713310
v 0.00921414 -0.03690569 -0.01975444
v 0.00930294 -0.03532451 -0.01460863
v 0.00946054 -0.04180068 -0.00812869
v 0.00865654 -0.04855166 -0.01842463
v 0.00519734 -0.05075574 -0.01895533
v 0.00912054 -0.05173457 -0.01618151
v 0.00884054 -0.05461950 -0.01663128
v 0.00973335 -0.05243669 -0.01460924
v 0.01172854 -0.05333832 -0.01510763
v 0.00996295 -0.04592690 -0.00512629
v 0.01227414 -0.04666097 -0.00460145
v 0.01040695 -0.03043862 0.01852043
v 0.01279495 -0.03178166 0.01935603
v 0.01068695 -0.01602148 0.04327249
v 0.00973254 -0.02207435 0.01270916
v 0.00901495 -0.00983240 0.04326005
v 0.00851815 0.00227211 0.03202087
v 0.00888056 0.01073239 0.03238769
v 0.00529175 0.00542431 0.04410131
v 0.00402055 0.01518617 0.03877333
v 0.00797495 0.01359317 0.03806073
v 0.00897735 0.02059429 0.03237334
v 0.00675255 0.01700023 0.03724992
v 0.00725975 0.02229073 0.03328202
v 0.00735894 0.02823856 0.02792834
v 0.00371655 0.02256539 0.03339466
v 0.00367895 0.02854812 0.02802377
v -0.00002665 0.02878527 0.02821712
v 0.00366294 0.03341584 0.02188213
v -0.00004265 0.03365505 0.02206565
v 0.00364135 0.03707270 0.01497608
v 0.00734295 0.03318700 0.02174143
v 0.00732214 0.03683934 0.01486182
v 0.00909575 0.03191979 0.02064057
v 0.00947494 0.02492627 0.01401603
v 0.00910935 0.02711028 0.02701953
v 0.00907335 0.03570907 0.01417339
v 0.00943575 0.03083662 0.01100005
v 0.00903895 0.03764297 0.00688809
v 0.00943975 0.02934025 0.00352648
v 0.00938534 0.03335176 -0.00144264
v 0.00938694 0.02940116 -0.00772274
v 0.00932694 0.03099959 -0.01396503
v 0.00934615 0.02529108 -0.01822811
v 0.00929654 0.02419002 -0.02470456
v 0.00931734 0.01747667 -0.02631881
v 0.00865014 0.02787920 -0.02785084
v 0.00863414 0.02196193 -0.03250384
v 0.00494454 0.02271424 -0.03352219
v 0.00860534 0.01543458 -0.03630424
v 0.00491894 0.01583151 -0.03724292
v 0.00925735 0.01363396 -0.03188944
v 0.00858695 0.00814618 -0.03831487
v 0.00928214 0.00701407 -0.03072920
v 0.00856535 0.00062473 -0.03940033
v 0.00922374 0.00104343 -0.03452629
v 0.00925974 -0.00438505 -0.03100726
v 0.00920774 -0.01167414 -0.03273775
v -0.00319626 0.02276587 -0.03353943
v 0.00946695 0.02326789 0.02211731
v 0.00940615 0.01581804 0.02339596
v -0.00006425 0.03732375 0.01513513
v -0.00185145 0.03406529 0.02242819
v 0.01789015 -0.03186875 0.01942742
v 0.01732695 -0.04676307 -0.00448290
v 0.02298455 -0.03184389 0.01945169
v 0.02237974 -0.04675277 -0.00440997
v 0.02530454 -0.03051467 0.01853417
v 0.02467415 -0.04605125 -0.00484895
v 0.02445975 -0.05255649 -0.01429733
v 0.02506054 -0.04185897 -0.00785373
v 0.02498135 -0.03526330 -0.01436136
v 0.02499094 -0.05180128 -0.01588479
v 0.02523494 -0.05400579 -0.01672705
v 0.02532614 -0.04861678 -0.01813090
v 0.02538534 -0.04418770 -0.02144780
v 0.02769254 -0.05078486 -0.01866411
v 0.02797414 -0.04567460 -0.02184478
v 0.03336534 -0.05092383 -0.01855700
v 0.03926534 -0.05092125 -0.01839065
v 0.03139015 -0.05459184 -0.01641234
v 0.03364535 -0.04572498 -0.02178195
v 0.03363974 -0.03817460 -0.02650197
v 0.03936854 -0.04569676 -0.02162753
v 0.03936374 -0.03813681 -0.02635460
v 0.04210375 -0.04437710 -0.02111991
v 0.04270613 -0.03776327 -0.01918482
v 0.04210454 -0.03677998 -0.02553564
v 0.04209974 -0.04912850 -0.01784947
v 0.04200135 -0.05341884 -0.01564321
v 0.03852214 -0.05483060 -0.01610131
v 0.04187014 -0.05677509 -0.01326839
v 0.04271014 -0.04582694 -0.01429655
v 0.03718775 -0.05869464 -0.01396935
v 0.04205814 -0.06048925 -0.01088334
v 0.03711415 -0.06205671 -0.01215933
v 0.04320214 -0.04950100 -0.00370604
v 0.04274134 -0.06255250 -0.00969003
v 0.03757414 -0.06382498 -0.01126227
v 0.03909574 -0.06486730 -0.01088675
v 0.02646695 -0.06384733 -0.01155801
v 0.02738214 -0.06491915 -0.01125799
v 0.01186294 -0.06385495 -0.01176880
v 0.02605894 -0.06196902 -0.01248078
v 0.01156774 -0.06207834 -0.01260488
v 0.02559814 -0.05808682 -0.01455804
v 0.01070455 -0.05871684 -0.01439466
v 0.01926054 -0.05543463 -0.01602348
v 0.01732774 -0.05352849 -0.01492657
v 0.02255095 -0.05338090 -0.01490259
v -0.00326746 -0.05884362 -0.01434388
v -0.00326826 -0.05484115 -0.01657107
v -0.00326665 -0.06212670 -0.01259614
v -0.01724105 -0.05866518 -0.01428156
v -0.03213785 -0.05797777 -0.01432687
v -0.01810426 -0.06202382 -0.01248512
v -0.01537705 -0.05457474 -0.01653281
v -0.01564266 -0.05168319 -0.01608336
v -0.01824665 -0.05328430 -0.01498688
v -0.02579705 -0.05534665 -0.01584530
v -0.01173865 -0.05072580 -0.01888665
v -0.00327065 -0.05085941 -0.01892238
v -0.01141545 -0.04558045 -0.02209213
v -0.01518505 -0.04848997 -0.01833377
v -0.01575226 -0.03513569 -0.01455612
v -0.01509465 -0.04408411 -0.02163614
v -0.01571066 -0.03676640 -0.01968617
v -0.01510185 -0.03655582 -0.02600020
v -0.01142105 -0.03808796 -0.02679634
v -0.01510425 -0.02879862 -0.03090713
v -0.01573226 -0.02682439 -0.02154801
v -0.01574025 0.00416127 -0.00722621
v -0.01571866 -0.02411223 -0.02727322
v -0.01573625 -0.01521147 -0.02777550
v -0.01571706 -0.01153489 -0.03266945
v -0.01510746 -0.02115016 -0.03437990
v -0.01510265 -0.01426427 -0.03714543
v -0.01142746 -0.02209762 -0.03550372
v -0.01142586 -0.02973256 -0.03172585
v -0.01142426 -0.01481947 -0.03812688
v -0.00328426 -0.02977462 -0.03181259
v -0.00327945 -0.03813490 -0.02687995
v -0.00327466 -0.04564262 -0.02216529
v 0.00486774 -0.04560941 -0.02215775
v -0.01509785 -0.00681683 -0.03854284
v -0.01572905 -0.00419263 -0.03095669
v -0.01508426 0.00068289 -0.03931009
v -0.01570106 0.00118345 -0.03445822
v -0.01570745 0.00720627 -0.03067939
v -0.01576025 0.00293975 0.03132306
v -0.01549705 0.01739948 0.02289620
v -0.01549225 0.02558565 0.01419060
v -0.01552665 0.02992711 0.00366026
v -0.01562265 0.02567523 -0.01820949
v -0.01557225 0.02997335 -0.00769567
v -0.01601785 -0.02190292 0.01224714
v -0.01606185 -0.00989051 0.03850364
v -0.01656985 -0.03040387 0.01849991
v -0.01587706 -0.04169648 -0.00804648
v -0.01636825 -0.04587828 -0.00502062
v -0.01624425 -0.05238931 -0.01450488
v -0.01867786 -0.04661270 -0.00447479
v -0.02372985 -0.04669829 -0.00431527
v -0.01893145 -0.03175489 0.01948917
v -0.01906185 -0.01696032 0.04350648
v -0.02402825 -0.03182938 0.01960774
v -0.02912584 -0.03179121 0.01967895
v -0.02432664 -0.01701145 0.04360297
v -0.02444745 -0.01032885 0.05440337
v -0.02959225 -0.01696103 0.04364542
v -0.03196024 -0.01597440 0.04300760
v -0.03005624 -0.01008113 0.05436037
v -0.03126505 -0.00571701 0.05686819
v -0.03215224 -0.00998384 0.05303496
v -0.03240104 -0.00569958 0.05157840
v -0.03203544 0.00398459 0.04552765
v -0.03220585 -0.00987747 0.03876293
v -0.03174104 -0.02193310 0.01257629
v -0.03177465 0.00297748 0.03166681
v -0.03132985 0.00419448 -0.00681424
v -0.03144185 0.01228336 0.03223556
v -0.03121785 0.01744778 0.02332202
v -0.03151864 0.01437242 0.03911999
v -0.03164265 0.01718240 0.04320396
v -0.03126904 0.02223177 0.03302573
v -0.03139065 0.02512548 0.03751728
v -0.03124104 0.02827496 0.02804353
v -0.03125544 0.03281383 0.02183399
v -0.03136425 0.03097756 0.03225349
v -0.03116505 0.02441065 0.02247609
v -0.03118105 0.02563567 0.01462507
v -0.03119545 0.03144558 0.01167784
v -0.03121545 0.02997639 0.00409495
v -0.03127545 0.03664655 0.01531943
v -0.03131705 0.03861189 0.00794193
v -0.03139065 0.04024482 0.01891150
v -0.03137865 0.03612042 0.02593523
v -0.03137785 0.04618098 0.02565706
v -0.03147545 0.04268499 0.01167567
v -0.03136744 0.04917989 0.01956958
v -0.03258105 0.04278399 0.00280152
v -0.03148105 0.05060760 0.01536173
v -0.03315465 0.04536161 0.00532612
v -0.03724345 0.04146555 -0.00059858
v -0.03415385 0.03989732 -0.00691734
v -0.03146585 0.03952984 0.00034986
v -0.03168426 0.03835149 -0.00736006
v -0.03124185 0.03399261 -0.00091403
v -0.03126105 0.03002263 -0.00726097
v -0.03129705 0.03153847 -0.01350844
v -0.03175625 0.03639039 -0.01469841
v -0.03131145 0.02572553 -0.01777426
v -0.03135386 0.02446694 -0.02421320
v -0.03178425 0.03262946 -0.02131901
v -0.03440585 0.03375519 -0.02182249
v -0.03181545 0.02807385 -0.02732214
v -0.03441866 0.02884703 -0.02793063
v -0.03184265 0.02209238 -0.03196076
v -0.03444186 0.02282571 -0.03291740
v -0.03187145 0.01554969 -0.03575654
v -0.03135865 0.01773587 -0.02583632
v -0.03140185 0.01382442 -0.03138286
v -0.03139545 0.00725578 -0.03024394
v -0.03143546 0.00123486 -0.03401915
v -0.03189146 0.00826567 -0.03776932
v -0.03449146 0.00845313 -0.03895650
v -0.03191145 0.00074061 -0.03885286
v -0.03192026 -0.00675934 -0.03808638
v -0.03450905 0.00066059 -0.03982981
v -0.04017946 0.00068241 -0.03974364
v -0.03452106 -0.00715849 -0.03928456
v -0.03452826 -0.01474170 -0.03759215
v -0.04019145 -0.00714522 -0.03919915
v -0.04591306 -0.00711642 -0.03899559
v -0.04019865 -0.01473114 -0.03751011
v -0.04020106 -0.02200132 -0.03489936
v -0.04592026 -0.01468842 -0.03731324
v -0.04864585 -0.01426168 -0.03629219
v -0.04592265 -0.02194137 -0.03471188
v -0.04592185 -0.02957567 -0.03094841
v -0.04865225 -0.02115794 -0.03355279
v -0.04924265 -0.01637915 -0.02701787
v -0.04864745 -0.02876485 -0.03009172
v -0.04920745 -0.02480179 -0.02649273
v -0.04864665 -0.03661989 -0.02517115
v -0.04591705 -0.03798094 -0.02600971
v -0.04863785 -0.04421595 -0.02075489
v -0.04923865 -0.02804578 -0.02078003
v -0.04919945 -0.03762601 -0.01882680
v -0.04928665 -0.00077169 -0.00672290
v -0.04923305 -0.03744215 -0.01498574
v -0.04967864 -0.02654299 0.01509458
v -0.04906104 0.00143129 0.03185427
v -0.04928585 -0.04266452 -0.01013843
v -0.04916185 0.02428084 -0.01741102
v -0.04917865 0.01647297 -0.02547446
v -0.04921385 0.00600612 -0.02988523
v -0.04923545 -0.00539028 -0.03017079
v -0.04914185 0.02839780 -0.00689937
v -0.04909865 0.02834992 0.00439021
v -0.04906424 0.02405056 0.01480255
v -0.04904345 0.01592004 0.02341282
v -0.04900345 0.02328914 0.02261146
v -0.04897944 0.01124962 0.03227423
v -0.04866105 0.02147557 0.03270740
v -0.04735064 0.02244284 0.03427900
v -0.04864024 0.01368341 0.03875297
v -0.04866824 0.02755093 0.02775145
v -0.04868825 0.03198940 0.02161898
v -0.04736184 0.02851200 0.02885945
v -0.04470585 0.02868506 0.02900945
v -0.04737784 0.03335922 0.02275239
v -0.04739865 0.03700636 0.01587769
v -0.04472185 0.03355549 0.02287116
v -0.04474265 0.03722087 0.01596003
v -0.04203624 0.03377980 0.02302742
v -0.04202024 0.02889286 0.02918573
v -0.04067064 0.03418900 0.02338108
v -0.04205784 0.03745854 0.01609137
v -0.04192185 0.03983256 0.00876938
v -0.04069385 0.03780324 0.01645281
v -0.04041545 0.03839465 0.01765397
v -0.04067145 0.04024307 0.00935997
v -0.04041705 0.04113838 0.01136606
v -0.04041545 0.04180130 0.00396459
v -0.04026185 0.04469744 0.00797409
v -0.04055224 0.04123129 0.00216701
v -0.03995145 0.04269290 0.00234184
v -0.03974665 0.04559718 0.00600711
v -0.03891705 0.04249371 0.00163734
v -0.03840664 0.04571533 0.00561215
v -0.03609625 0.04281553 0.00172073
v -0.03580665 0.04596844 0.00582239
v -0.03557465 0.05234733 0.01446993
v -0.03370985 0.04720662 0.00752196
v -0.03302505 0.05238398 0.01457754
v -0.03183385 0.05166093 0.01427762
v -0.03240505 0.05943170 0.02448060
v -0.03124345 0.06107756 0.02817380
v -0.03140905 0.05802375 0.02350327
v -0.03263465 0.06193164 0.02798293
v -0.03541145 0.05893602 0.02353299
v -0.03809545 0.05898744 0.02388348
v -0.03533225 0.06202907 0.02782400
v -0.03789705 0.06215075 0.02823269
v -0.03522025 0.06282254 0.02900516
v -0.03526345 0.06309874 0.02974323
v -0.03260184 0.06257415 0.02902661
v -0.03730105 0.06285260 0.02916570
v -0.03786585 0.06303703 0.02977690
v -0.03910984 0.06236707 0.02901892
v -0.03801464 0.06286375 0.03100825
v -0.03802665 0.06185284 0.03326031
v -0.03940664 0.06233654 0.03051555
v -0.03528264 0.06292323 0.03096440
v -0.03527785 0.06185134 0.03324990
v -0.03256185 0.06270658 0.03099132
v -0.03256984 0.06285488 0.02979092
v -0.03255465 0.06162200 0.03324304
v -0.03122744 0.06218917 0.03132043
v -0.03121625 0.06118594 0.03335709
v -0.03091224 0.06161338 0.03178831
v -0.03122985 0.06226510 0.03027054
v -0.03125145 0.06199378 0.02957360
v -0.03087625 0.06144380 0.03126792
v -0.03078905 0.06019780 0.03313968
v -0.03087785 0.06113940 0.03071885
v -0.03089385 0.06088005 0.03020547
v -0.03078105 0.05980017 0.03273572
v -0.03075704 0.05652355 0.03696414
v -0.03078424 0.05951259 0.03235871
v -0.03075865 0.05617168 0.03669515
v -0.03078584 0.05925730 0.03209982
v -0.03079224 0.05895777 0.03199884
v -0.03075945 0.05588163 0.03649269
v -0.03089624 0.06061614 0.02986814
v -0.03087464 0.06025961 0.02985788
v -0.03108345 0.06046732 0.02804291
v -0.03087544 0.05986806 0.03012229
v -0.03098825 0.05970628 0.02884663
v -0.03084825 0.05870829 0.03187275
v -0.03099224 0.05825790 0.03100589
v -0.03084984 0.05532344 0.03618815
v -0.03103065 0.05477073 0.03556110
v -0.03051144 0.04922062 0.04331001
v -0.03077224 0.05558697 0.03634430
v -0.03042905 0.04951378 0.04344800
v -0.03041624 0.04981183 0.04361041
v -0.02942023 0.04376114 0.04995528
v -0.02949406 0.04344686 0.04983034
v -0.02290104 0.04392433 0.05011563
v -0.02940825 0.04406193 0.05011854
v -0.02940625 0.04437269 0.05029552
v -0.02289944 0.04422609 0.05027944
v -0.01640239 0.04403646 0.04991230
v -0.02289785 0.04453689 0.05045641
v -0.01640040 0.04434750 0.05009004
v -0.02289625 0.04492260 0.05067677
v -0.02940426 0.04475895 0.05051489
v -0.02289464 0.04541493 0.05096524
v -0.01639840 0.04473220 0.05030989
v -0.01638743 0.04522503 0.05059736
v -0.01542345 0.05048197 0.04369900
v -0.01541065 0.05097438 0.04398496
v -0.01511545 0.05659468 0.03654076
v -0.01542505 0.05009805 0.04347894
v -0.01542584 0.04978620 0.04330396
v -0.01511705 0.05621485 0.03632864
v -0.01511705 0.05968897 0.03192695
v -0.01511784 0.05589237 0.03617108
v -0.01511864 0.05933974 0.03180255
v -0.01510825 0.05557920 0.03602491
v -0.01541705 0.04948622 0.04313795
v -0.01503305 0.05530264 0.03583679
v -0.01510905 0.05898289 0.03171384
v -0.01504185 0.06031192 0.02961315
v -0.01503704 0.05870289 0.03153345
v -0.01487945 0.05822923 0.03061177
v -0.01500505 0.05987902 0.02981229
v -0.01488025 0.05970234 0.02849852
v -0.01477464 0.05705603 0.02409860
v -0.01485625 0.06052034 0.02779209
v -0.01460985 0.05804993 0.02315526
v -0.01473545 0.06120924 0.02796778
v -0.01332664 0.05948993 0.02418894
v -0.01504825 0.06075544 0.02961804
v -0.01465065 0.06184244 0.02855969
v -0.01504665 0.06114631 0.02977249
v -0.01284985 0.06201145 0.02772403
v -0.01463384 0.06226583 0.02905447
v -0.01278984 0.06265034 0.02865601
v -0.01504504 0.06151554 0.03003794
v -0.01462985 0.06254440 0.02958711
v -0.01503545 0.06184436 0.03043259
v -0.01278665 0.06291645 0.02928600
v -0.01462185 0.06241120 0.03059413
v -0.01499705 0.06194370 0.03096665
v -0.01278264 0.06274016 0.03040210
v -0.01461944 0.06130416 0.03272978
v -0.01502825 0.06089288 0.03270431
v -0.01277544 0.06161331 0.03266324
v -0.01460905 0.05796639 0.03722069
v -0.01502344 0.05755105 0.03709031
v -0.01276345 0.05842043 0.03712463
v -0.01492185 0.05184913 0.04446637
v -0.01533545 0.05145656 0.04427313
v -0.01300665 0.05251703 0.04427320
v -0.01589852 0.04593106 0.05125338
v -0.01632258 0.04569205 0.05090433
v -0.01524745 0.04553755 0.05213420
v -0.02289785 0.04607401 0.05166803
v -0.02289625 0.04587570 0.05128498
v -0.02288825 0.04550121 0.05251688
v -0.02987122 0.04596496 0.05151807
v -0.03018424 0.04558462 0.05252277
v -0.02948108 0.04572164 0.05112437
v -0.03085944 0.05188916 0.04485372
v -0.03120344 0.05795805 0.03769700
v -0.03050105 0.05148409 0.04461079
v -0.03228424 0.05257667 0.04476994
v -0.03254264 0.05846608 0.03765819
v -0.03520344 0.05409552 0.04388548
v -0.03800184 0.05542831 0.04291339
v -0.03499305 0.04833961 0.05050654
v -0.03526585 0.05906522 0.03744480
v -0.03801784 0.05948026 0.03715328
v -0.03945385 0.05937566 0.03684807
v -0.03945784 0.06152474 0.03305095
v -0.04003945 0.05848986 0.03638003
v -0.03943865 0.05567866 0.04223371
v -0.03941944 0.05060189 0.04804820
v -0.04002505 0.05470030 0.04119023
v -0.04051945 0.05298310 0.03936531
v -0.04000904 0.04801373 0.04535297
v -0.04017945 0.03908320 0.04015437
v -0.03985625 0.04109798 0.05061432
v -0.04052344 0.04754984 0.04080257
v -0.04102824 0.04644524 0.03853205
v -0.04055864 0.04120318 0.03754846
v -0.04104504 0.04166264 0.03622991
v -0.04059785 0.03682206 0.03169992
v -0.04028104 0.03264592 0.03213864
v -0.04106825 0.03848234 0.03191005
v -0.04063304 0.03684439 0.02564825
v -0.04109065 0.03814152 0.02695902
v -0.04065464 0.03928364 0.02002964
v -0.04038505 0.03521638 0.02430446
v -0.04066264 0.04240164 0.01542791
v -0.04110585 0.04009708 0.02240138
v -0.04168424 0.04048065 0.02358670
v -0.04111225 0.04346719 0.01924441
v -0.04168825 0.04394616 0.02103938
v -0.04110585 0.04780941 0.01879402
v -0.04064104 0.04665244 0.01443354
v -0.04108665 0.05253482 0.02180950
v -0.04168105 0.04825098 0.02067548
v -0.04166665 0.05239338 0.02278640
v -0.04737864 0.04827410 0.02128938
v -0.04736425 0.05205879 0.02304280
v -0.04858185 0.04825373 0.02173423
v -0.04738424 0.04412586 0.02172635
v -0.04859464 0.04441577 0.02218036
v -0.04738104 0.04071546 0.02412670
v -0.04736825 0.03901925 0.02793759
v -0.04859384 0.04118020 0.02451208
v -0.04901865 0.04306101 0.02605952
v -0.04857944 0.03951840 0.02813794
v -0.04899545 0.04124496 0.02930158
v -0.04855624 0.03982243 0.03198952
v -0.04735144 0.03939281 0.03209158
v -0.04892265 0.04084692 0.03189263
v -0.04854344 0.04212355 0.03513488
v -0.04733304 0.04184556 0.03546526
v -0.04896024 0.04294982 0.03413182
v -0.04852584 0.04565441 0.03678357
v -0.04889864 0.04555335 0.03576201
v -0.04731864 0.04562948 0.03721892
v -0.04852824 0.04949259 0.03633818
v -0.04853384 0.05272789 0.03400573
v -0.04896104 0.04801945 0.03487079
v -0.04731305 0.04977771 0.03678194
v -0.04161385 0.05030507 0.03710331
v -0.04731705 0.05318889 0.03438136
v -0.04732904 0.05488433 0.03057070
v -0.04161945 0.05395255 0.03459715
v -0.04163224 0.05572295 0.03077725
v -0.04103385 0.05501976 0.03495198
v -0.04102665 0.05126293 0.03781034
v -0.04053064 0.05678306 0.03564746
v -0.04104665 0.05681021 0.03110431
v -0.04054185 0.05859328 0.03167431
v -0.04106425 0.05602572 0.02656877
v -0.04055784 0.05742443 0.02655448
v -0.04164905 0.05520582 0.02652119
v -0.04734665 0.05451081 0.02641669
v -0.04855224 0.05408570 0.02652826
v -0.04892184 0.05306292 0.02662799
v -0.04854344 0.05439069 0.03038040
v -0.04857385 0.05178477 0.02338369
v -0.04898505 0.05095943 0.02438983
v -0.04894584 0.04835644 0.02275863
v -0.04910265 0.04927320 0.02644205
v -0.04911305 0.04695526 0.02926145
v -0.04900984 0.04589057 0.02365060
v -0.04897544 0.05266506 0.02921983
v -0.04897864 0.05084900 0.03246187
v -0.04908824 0.04463733 0.03208088
v -0.03998265 0.05966878 0.02720758
v -0.04059945 0.05254641 0.01949131
v -0.04012825 0.05249702 0.01687398
v -0.03957065 0.05243845 0.01532569
v -0.03820104 0.05234884 0.01469927
v -0.03944184 0.05924990 0.02478365
v -0.04004344 0.06044044 0.03240129
v -0.04161784 0.04583844 0.03760126
v -0.04163144 0.04174305 0.03570426
v -0.04165145 0.03909603 0.03206080
v -0.04167064 0.03871395 0.02763195
v -0.04019385 0.02675155 0.03818730
v -0.04064265 0.02951290 0.02969805
v -0.04062905 0.02350625 0.03533021
v -0.04201384 0.02280265 0.03470438
v -0.04065705 0.01548595 0.04181063
v -0.04077144 0.00558542 0.05067505
v -0.04203624 0.01476679 0.04108339
v -0.04020905 0.01862649 0.04463334
v -0.04027384 0.00837225 0.05330869
v -0.04002344 0.02535209 0.05067189
v -0.04003144 0.03383137 0.04451090
v -0.03983864 0.03207204 0.05670296
v -0.04006185 0.01412265 0.05889026
v -0.03985064 0.01986746 0.06458636
v -0.04010904 0.00453162 0.06768388
v -0.03989064 0.00874909 0.07271856
v -0.04033385 0.00031847 0.06356621
v -0.04014183 0.00078495 0.07426188
v -0.04032504 -0.00167858 0.07397909
v -0.03998504 0.00271677 0.07899688
v -0.04018583 0.00000753 0.08202882
v -0.03956504 0.00402078 0.08159579
v -0.03979144 0.00115307 0.08559806
v -0.03944104 0.01076314 0.07522271
v -0.03828104 0.00437343 0.08227987
v -0.03855224 0.00143387 0.08647598
v -0.03543063 0.00448209 0.08258468
v -0.03811464 0.01124464 0.07581863
v -0.03802504 0.02311170 0.06781646
v -0.03521384 0.01136234 0.07601208
v -0.03024024 0.01138357 0.07607418
v -0.03504504 0.02316763 0.06793247
v -0.03004184 0.02312630 0.06791734
v -0.03493704 0.03521589 0.06049482
v -0.02990344 0.03474927 0.06069578
v -0.03798664 0.03558945 0.06016817
v -0.03490584 0.04298122 0.05533223
v -0.03797784 0.04429125 0.05435952
v -0.02987625 0.04146763 0.05629786
v -0.02291384 0.04079594 0.05661417
v -0.03798664 0.05027707 0.04906540
v -0.03939624 0.04425718 0.05342971
v -0.03938824 0.03515838 0.05950106
v -0.03939384 0.02255322 0.06725047
v -0.03046744 0.00450759 0.08277168
v -0.02330264 0.00447656 0.08281279
v -0.03567944 0.00153086 0.08689712
v -0.03919144 0.00019082 0.08790060
v -0.04008024 0.00009852 0.08692738
v -0.04068583 -0.00104713 0.08332724
v -0.04109864 -0.00305670 0.07362949
v -0.04102184 -0.00197908 0.06165400
v -0.04502264 -0.00403378 0.07218037
v -0.04464745 -0.00484448 0.06013627
v -0.05429704 -0.00534490 0.06802100
v -0.05391864 -0.00356399 0.07511372
v -0.05435864 -0.00670532 0.06236318
v -0.06316744 -0.00648667 0.06373865
v -0.06234024 -0.00715790 0.06124545
v -0.06716664 -0.00892467 0.06157969
v -0.06254984 -0.00528931 0.06841285
v -0.06571544 -0.00912071 0.05957318
v -0.06458024 -0.00957803 0.05802988
v -0.06624424 -0.02281339 0.05150308
v -0.06382904 -0.01815890 0.04876996
v -0.06356584 -0.04407461 0.02772487
v -0.06974984 -0.05098748 0.04644063
v -0.07222984 -0.08042014 0.04094573
v -0.06691864 -0.05520798 0.03170604
v -0.06756104 -0.07490277 0.02267862
v -0.06860585 -0.09496910 0.01951745
v -0.06146184 -0.06780436 0.00502076
v -0.06353705 -0.08738141 0.00421215
v -0.05921145 -0.05898325 0.00275342
v -0.05831225 -0.07312088 -0.00591610
v -0.05202105 -0.07399181 -0.00820698
v -0.06030745 -0.08489749 -0.00280374
v -0.05714265 -0.06761745 -0.00740043
v -0.05108665 -0.06896423 -0.00937140
v -0.05583945 -0.06605387 -0.00785969
v -0.05335545 -0.06472755 -0.00830503
v -0.04990425 -0.06744965 -0.00975488
v -0.05778505 -0.05727484 0.00235323
v -0.05978025 -0.03742243 0.02534239
v -0.05521625 -0.05615085 0.00196561
v -0.05240585 -0.05506495 0.00146580
v -0.05653464 -0.03675166 0.02509236
v -0.05301625 -0.03619107 0.02456304
v -0.05700904 -0.01735393 0.04823626
v -0.06150824 -0.01756194 0.04835835
v -0.05586024 -0.00867626 0.05875303
v -0.05239064 -0.01733445 0.04765294
v -0.04999384 -0.01679746 0.04572439
v -0.04979224 -0.00873248 0.05790763
v -0.04801544 -0.00853688 0.05567847
v -0.04832984 -0.00515939 0.05154911
v -0.04575065 -0.00400456 0.05485567
v -0.04719384 -0.00249160 0.05229837
v -0.04483225 0.00436873 0.04832390
v -0.04227465 0.00464455 0.04964785
v -0.04729464 0.00427459 0.04725595
v -0.04470025 0.01450327 0.04063644
v -0.04733784 0.01429569 0.04021443
v -0.04469704 0.02260155 0.03448094
v -0.04858904 0.00355947 0.04507434
v -0.04925784 -0.01126034 0.03996236
v -0.05075705 -0.03484166 0.02270438
v -0.05055065 -0.05384664 0.00047981
v -0.04962345 -0.04931179 -0.00321746
v -0.04921625 -0.06236655 -0.00927317
v -0.04407865 -0.06367602 -0.01093201
v -0.04858505 -0.06032102 -0.01050291
v -0.05073785 -0.06340998 -0.00878200
v -0.04525865 -0.06471336 -0.01054546
v -0.03369625 -0.06480704 -0.01101105
v -0.04759705 -0.06607894 -0.01014176
v -0.03515225 -0.06620365 -0.01077095
v -0.03661145 -0.06760647 -0.01055155
v -0.01915385 -0.06629486 -0.01135846
v -0.01965225 -0.06772920 -0.01131004
v -0.01865626 -0.06486826 -0.01143547
v -0.00324105 -0.06634468 -0.01161501
v -0.00322426 -0.06779034 -0.01163169
v 0.01284454 -0.06635316 -0.01148794
v -0.00325785 -0.06490621 -0.01163040
v -0.00326585 -0.06384054 -0.01180407
v 0.01219495 -0.06492517 -0.01156035
v -0.01839066 -0.06379974 -0.01164674
v -0.03298586 -0.06373885 -0.01131750
v -0.03260425 -0.06186091 -0.01224432
v -0.04366345 -0.06190890 -0.01183291
v -0.04373065 -0.05854510 -0.01364262
v -0.04505866 -0.05467649 -0.01576508
v -0.04839625 -0.05661554 -0.01290288
v -0.04852745 -0.05325820 -0.01527970
v -0.04862505 -0.04896860 -0.01748575
v -0.04919545 -0.04568968 -0.01393853
v -0.04580185 -0.05076429 -0.01804777
v -0.03990345 -0.05078542 -0.01826451
v -0.04591146 -0.04554089 -0.02128264
v -0.04018985 -0.04558851 -0.02148470
v -0.03451945 -0.04555882 -0.02159393
v -0.04019546 -0.03803941 -0.02620349
v -0.03452505 -0.03803579 -0.02629398
v -0.04020025 -0.02964302 -0.03113282
v -0.03452906 -0.02965680 -0.03120888
v -0.03453065 -0.02201607 -0.03497597
v -0.03193145 -0.02874881 -0.03046508
v -0.03192985 -0.02109401 -0.03392806
v -0.03145305 -0.02407025 -0.02684885
v -0.03192425 -0.03652422 -0.02557689
v -0.03142106 -0.02679721 -0.02113674
v -0.03192185 -0.04408145 -0.02121747
v -0.03144505 -0.03676581 -0.01927438
v -0.03185225 -0.04850788 -0.01790303
v -0.03423065 -0.05066484 -0.01841871
v -0.03142665 -0.03516221 -0.01413448
v -0.03150985 -0.05169203 -0.01566121
v -0.03147385 -0.04176478 -0.00762477
v -0.03176985 -0.05389151 -0.01650332
v -0.03096825 -0.05245169 -0.01407743
v -0.02906745 -0.05328094 -0.01469876
v -0.03107785 -0.04596265 -0.00462165
v -0.02878265 -0.04667144 -0.00420137
v -0.03144985 -0.03045465 0.01878013
v -0.02384585 -0.05344969 -0.01476232
v -0.03792665 -0.05445956 -0.01613721
v -0.03142505 -0.01516484 -0.02734418
v -0.03145146 -0.01148391 -0.03223193
v -0.03192985 -0.01420724 -0.03669050
v -0.03141785 -0.00414334 -0.03052198
v 0.01349575 -0.06778965 -0.01144388
v 0.02930534 -0.06632144 -0.01103123
v 0.03123254 -0.06773097 -0.01082569
v 0.03215334 -0.06929601 -0.01068685
v 0.03254214 -0.07452671 -0.01053909
v 0.01380615 -0.06940021 -0.01154452
v -0.00322025 -0.06941802 -0.01182242
v 0.01393574 -0.07484257 -0.01240834
v -0.00324265 -0.07494041 -0.01306487
v 0.01410775 -0.08676624 -0.01441914
v -0.00329545 -0.08704098 -0.01590555
v 0.01430694 -0.10029673 -0.01650996
v 0.03306774 -0.08598049 -0.01033354
v 0.03368134 -0.09903722 -0.01022840
v 0.04828294 -0.08518516 -0.00617478
v 0.05510453 -0.08511165 -0.00327812
v 0.04930374 -0.09779592 -0.00385777
v 0.04741334 -0.07417337 -0.00860929
v 0.05628933 -0.09783898 -0.00011787
v 0.05013414 -0.10776368 -0.00299508
v 0.03417334 -0.10921232 -0.01031592
v 0.05056694 -0.11825097 -0.00279621
v 0.05723733 -0.10775808 0.00113039
v 0.05772773 -0.11819827 0.00136352
v 0.05995094 -0.11160367 0.00704552
v 0.06347014 -0.12062078 0.01974045
v 0.06026694 -0.12182238 0.00724273
v 0.05920295 -0.10155842 0.00603243
v 0.06323895 -0.11035142 0.01942852
v 0.05820533 -0.08762360 0.00368105
v 0.06289095 -0.09523610 0.01893451
v 0.06696934 -0.10424487 0.03725656
v 0.06225175 -0.07535861 0.02172733
v 0.06634294 -0.08092062 0.03997114
v 0.06155574 -0.05604745 0.03002067
v 0.06390054 -0.05198001 0.04463015
v 0.06724774 -0.08607315 0.05473133
v 0.06744453 -0.11145852 0.05305651
v 0.06449575 -0.08961396 0.06668549
v 0.06413734 -0.11558856 0.06627310
v 0.05843494 -0.08993166 0.07759604
v 0.05780616 -0.11622430 0.07780776
v 0.05118696 -0.08858502 0.08668075
v 0.05024775 -0.11504254 0.08705503
v 0.05093175 -0.05162546 0.08451714
v 0.04459815 -0.08716084 0.09308980
v 0.04290295 -0.11340428 0.09355321
v 0.04496296 -0.05029657 0.09084295
v 0.03763016 -0.08418411 0.09823315
v 0.03488695 -0.10908450 0.09889380
v 0.03020856 -0.12637851 0.09899400
v 0.02550536 -0.09908120 0.10471209
v 0.02168616 -0.11558507 0.10445941
v 0.02199336 -0.08334334 0.10762429
v 0.01765335 -0.09658385 0.10817259
v 0.01833015 -0.08631888 0.10877116
v 0.01230696 -0.09083757 0.10956726
v 0.01684776 -0.10789303 0.10736185
v 0.01234775 -0.10865862 0.10844689
v 0.00593176 -0.10875534 0.10910947
v 0.01513416 -0.12019725 0.10605335
v 0.01864856 -0.12796950 0.10330043
v 0.00686296 -0.11988330 0.10773347
v 0.00795816 -0.12665931 0.10623841
v -0.00288184 -0.11948297 0.10837896
v -0.00289784 -0.12600995 0.10729926
v -0.00285784 -0.10876158 0.10933531
v -0.01263224 -0.11984761 0.10781296
v -0.02091783 -0.12013081 0.10619876
v -0.01164904 -0.10872375 0.10918100
v -0.01376424 -0.12661955 0.10632586
v -0.02448344 -0.12789099 0.10347480
v -0.01423384 -0.13168162 0.10542915
v -0.02575464 -0.13358139 0.10208250
v -0.01422184 -0.13687536 0.10499335
v -0.00290984 -0.13097802 0.10658393
v -0.00292104 -0.13618068 0.10617674
v 0.00840215 -0.13172328 0.10533812
v 0.00836696 -0.13691625 0.10490209
v 0.01988775 -0.13366470 0.10189787
v 0.03074456 -0.13575414 0.09730234
v 0.01981016 -0.13890182 0.10139579
v 0.03041815 -0.14123217 0.09680776
v 0.01942216 -0.14555049 0.10113411
v 0.02978375 -0.14774343 0.09655559
v 0.01878856 -0.15460395 0.10094210
v 0.00819655 -0.14372709 0.10462917
v -0.00293464 -0.14305442 0.10590025
v 0.00793016 -0.15302276 0.10438492
v -0.00295304 -0.15244416 0.10563507
v 0.00755896 -0.16488836 0.10409805
v 0.01786695 -0.16619396 0.10076261
v 0.00718536 -0.17689672 0.10378657
v -0.00297624 -0.16441815 0.10530738
v -0.00300024 -0.17651019 0.10495680
v -0.01352184 -0.16485005 0.10418341
v -0.01319624 -0.17686011 0.10386911
v -0.02386184 -0.16611807 0.10093108
v -0.01384744 -0.15298355 0.10447335
v -0.02473943 -0.15452475 0.10111876
v -0.01407784 -0.14368663 0.10471893
v -0.02533784 -0.14546838 0.10131489
v -0.03574424 -0.14762424 0.09682047
v -0.02569944 -0.13881878 0.10157963
v -0.03635304 -0.14111060 0.09707777
v -0.03665544 -0.13563087 0.09757518
v -0.04530584 -0.14297488 0.09231736
v -0.05335144 -0.14486222 0.08597956
v -0.04448184 -0.14954247 0.09205295
v -0.04588504 -0.13743542 0.09269145
v -0.04681064 -0.12898622 0.09332065
v -0.05401624 -0.13906812 0.08632528
v -0.05487864 -0.13053334 0.08684762
v -0.06188664 -0.14061261 0.07708887
v -0.06842584 -0.14061760 0.06535815
v -0.06269544 -0.13174798 0.07763532
v -0.06122984 -0.14704985 0.07668317
v -0.06778664 -0.14790476 0.06493568
v -0.06034264 -0.15512087 0.07627160
v -0.05242264 -0.15190086 0.08566342
v -0.05893304 -0.16650828 0.07599920
v -0.06692424 -0.15731877 0.06454579
v -0.06557944 -0.17064655 0.06437841
v -0.07063864 -0.15639657 0.05139885
v -0.07120344 -0.15169393 0.03667079
v -0.06907704 -0.17152022 0.05162715
v -0.07162264 -0.14560417 0.05152156
v -0.07224504 -0.13747275 0.05181211
v -0.07224264 -0.13947451 0.03642724
v -0.06988984 -0.13005614 0.02036814
v -0.07269864 -0.13053874 0.03651437
v -0.06992344 -0.12037662 0.02028098
v -0.07292264 -0.12023351 0.03689187
v -0.07287144 -0.12755022 0.05244715
v -0.07302984 -0.10395815 0.03787450
v -0.06945384 -0.11010921 0.01996547
v -0.06533864 -0.10133118 0.00653627
v -0.06240345 -0.09762142 0.00036216
v -0.06645385 -0.11137257 0.00755656
v -0.06376745 -0.10753697 0.00161939
v -0.06685544 -0.12158936 0.00775737
v -0.06630824 -0.13641420 0.00845536
v -0.06435065 -0.11797577 0.00185710
v -0.05722265 -0.11805421 -0.00236004
v -0.06394425 -0.13328164 0.00263090
v -0.05687545 -0.13343526 -0.00153098
v -0.06094665 -0.15525094 0.00514878
v -0.06341624 -0.15757555 0.01069603
v -0.05425865 -0.15552384 0.00110396
v -0.05438345 -0.18325191 0.00994548
v -0.04851705 -0.18367971 0.00611286
v -0.05734905 -0.18444533 0.01494082
v -0.04717465 -0.20950654 0.01519040
v -0.04232105 -0.22706594 0.01904410
v -0.05070665 -0.20966134 0.01957903
v -0.04222185 -0.21002733 0.01172259
v -0.03801064 -0.22754251 0.01609943
v -0.03161385 -0.21129572 0.00536182
v -0.02901545 -0.22849006 0.01080753
v -0.01764906 -0.21256886 -0.00094825
v -0.03555305 -0.18512552 -0.00087459
v -0.01911146 -0.18658831 -0.00780762
v -0.03917625 -0.15703754 -0.00617218
v -0.04086185 -0.13497788 -0.00897221
v -0.02048345 -0.15858285 -0.01338698
v -0.02114905 -0.13656054 -0.01634955
v -0.00345866 -0.15918216 -0.01612917
v -0.00348665 -0.18715482 -0.01044104
v 0.01359014 -0.15864545 -0.01352519
v -0.00343066 -0.13717504 -0.01915316
v -0.00340666 -0.12181135 -0.02021431
v 0.01431255 -0.13662551 -0.01649289
v 0.03409014 -0.13511446 -0.00927529
v 0.01449655 -0.12125879 -0.01751902
v 0.03440214 -0.11973957 -0.01020526
v 0.01445654 -0.11069129 -0.01754070
v -0.00338586 -0.11122888 -0.02020290
v -0.02119625 -0.11062609 -0.01739659
v -0.00335305 -0.10075132 -0.01881951
v -0.02093145 -0.10023199 -0.01636738
v -0.04009625 -0.09890276 -0.00992969
v -0.02051145 -0.08670297 -0.01427862
v -0.03897065 -0.08584916 -0.01004225
v -0.02012506 -0.07478022 -0.01227089
v -0.01991065 -0.06933805 -0.01140784
v -0.03794025 -0.07439824 -0.01025446
v -0.03735945 -0.06916842 -0.01040529
v -0.05368505 -0.08499886 -0.00576220
v -0.05550665 -0.09760459 -0.00343417
v -0.05670585 -0.10756826 -0.00256351
v -0.04082905 -0.10907473 -0.01001231
v -0.04112425 -0.11960079 -0.00990034
v -0.02128505 -0.12119331 -0.01737415
v 0.03234615 -0.15716895 -0.00646094
v 0.05016934 -0.13363112 -0.00196408
v 0.05727254 -0.13350317 0.00214036
v 0.04749254 -0.15570994 0.00069215
v 0.05421495 -0.15546157 0.00468338
v 0.04168854 -0.18384413 0.00574799
v 0.04758774 -0.18343824 0.00953290
v 0.03534295 -0.21016942 0.01140949
v 0.02866294 -0.18524233 -0.00113434
v 0.02467894 -0.21139854 0.00513462
v 0.01216134 -0.18664545 -0.00793327
v 0.01065895 -0.21262100 -0.00106287
v -0.00350506 -0.21306289 -0.00334700
v 0.00971734 -0.22948625 0.00545678
v -0.00350745 -0.22980837 0.00356685
v 0.00917815 -0.24115990 0.01089035
v 0.02206294 -0.22858410 0.01060109
v 0.03110375 -0.22766863 0.01581993
v 0.02046215 -0.24056018 0.01503794
v 0.01917334 -0.25240754 0.01856940
v 0.02844774 -0.23994468 0.01926265
v 0.02629574 -0.25192262 0.02235303
v 0.03233815 -0.23957495 0.02170644
v 0.03622695 -0.23895855 0.02535263
v 0.03543975 -0.22720849 0.01872947
v 0.02979575 -0.25159002 0.02458240
v 0.02766535 -0.26287259 0.02709443
v 0.03355654 -0.25086008 0.02802887
v 0.04079575 -0.24922315 0.03551685
v 0.03120695 -0.26209053 0.03040068
v 0.03806215 -0.26032655 0.03755367
v 0.02929334 -0.27144549 0.03208957
v 0.02765334 -0.27964308 0.03335486
v 0.03566215 -0.26968509 0.03901467
v 0.02600535 -0.27222734 0.02887267
v 0.02312694 -0.27256222 0.02670500
v 0.02463334 -0.28039256 0.03020089
v 0.02339495 -0.28953661 0.03168325
v 0.02199574 -0.28072161 0.02804148
v 0.02097735 -0.28986246 0.02950115
v 0.01660934 -0.28118153 0.02435727
v 0.00789815 -0.28162138 0.02075891
v 0.01727974 -0.27302437 0.02301059
v 0.01600135 -0.29034209 0.02575436
v 0.01552134 -0.30658730 0.02792631
v 0.00769415 -0.29080097 0.02209573
v -0.00354985 -0.29095805 0.02076100
v 0.00750215 -0.30720167 0.02376894
v -0.00357385 -0.30741745 0.02224803
v 0.00733015 -0.33443555 0.02583230
v 0.00721014 -0.36181378 0.02718464
v 0.01524775 -0.33346085 0.03114776
v -0.00361705 -0.33478618 0.02387828
v -0.01454746 -0.33439533 0.02592128
v -0.00366426 -0.36230350 0.02479462
v -0.01451625 -0.36177402 0.02727209
v -0.00369625 -0.37917323 0.02440664
v 0.00723254 -0.37867761 0.02704056
v -0.01460185 -0.37863763 0.02712878
v -0.00371546 -0.38887689 0.02401224
v 0.00771655 -0.38878843 0.02704979
v -0.01512265 -0.38874652 0.02714160
v -0.00372665 -0.39698506 0.02494804
v -0.01623786 -0.39781929 0.02900689
v 0.00881334 -0.39786497 0.02890536
v -0.00373066 -0.40315559 0.02682754
v 0.00977815 -0.40502646 0.03205905
v -0.01720345 -0.40497694 0.03216778
v -0.00372745 -0.40588994 0.02877654
v 0.00977975 -0.40813304 0.03502870
v -0.01719145 -0.40808329 0.03513820
v -0.00372025 -0.40510032 0.02996720
v -0.00374985 -0.40021708 0.03049001
v -0.01626345 -0.40698384 0.03600974
v 0.00886534 -0.40702952 0.03590821
v 0.01708854 -0.41187965 0.05178129
v 0.00808455 -0.40203934 0.03602940
v 0.01587494 -0.40675063 0.05109431
v 0.00702615 -0.38730946 0.03551799
v 0.00520935 -0.35940613 0.03496149
v -0.00402585 -0.38583295 0.03040297
v 0.01453814 -0.39113147 0.04950067
v 0.01227815 -0.36060381 0.04681611
v 0.01887655 -0.39448912 0.06501114
v 0.01660455 -0.36199393 0.06018195
v 0.02119815 -0.39502194 0.07531392
v 0.02006855 -0.41089596 0.06744495
v 0.02216135 -0.41170190 0.07782848
v 0.02108935 -0.41567126 0.06800262
v 0.02291016 -0.41619503 0.07806955
v 0.02290134 -0.41846098 0.06834471
v 0.02457736 -0.41896306 0.07726780
v 0.02463735 -0.42081343 0.06942976
v 0.01957335 -0.41469522 0.05320913
v 0.01887015 -0.40988685 0.04574922
v 0.02445174 -0.41988581 0.06458648
v 0.02700695 -0.42275147 0.07042318
v 0.02408775 -0.41443448 0.05840995
v 0.02270294 -0.40229055 0.05059415
v 0.02734855 -0.41634056 0.06462141
v 0.02977735 -0.41727583 0.06655650
v 0.02577655 -0.40315584 0.05660772
v 0.02814215 -0.40395062 0.05970622
v 0.02363335 -0.38805132 0.04931244
v 0.02106135 -0.38815519 0.04412195
v 0.02246135 -0.37543692 0.04608266
v 0.02574775 -0.38907720 0.05288846
v 0.02447815 -0.37644592 0.04929093
v 0.02896374 -0.39166996 0.05769938
v 0.03076135 -0.40581954 0.06324666
v 0.03195815 -0.39389350 0.06391388
v 0.02803175 -0.37900321 0.05418892
v 0.02798775 -0.36098947 0.05131200
v 0.03146295 -0.38131932 0.06083328
v 0.03286855 -0.38169295 0.06857865
v 0.03168135 -0.36247554 0.05816216
v 0.03317335 -0.36257502 0.06641727
v 0.03266375 -0.33252508 0.05496322
v 0.02855015 -0.33249733 0.04737319
v 0.03432615 -0.33173761 0.06380386
v 0.03435335 -0.30293143 0.05204408
v 0.02970135 -0.30427936 0.04356976
v 0.03662935 -0.28532593 0.05031484
v 0.03623255 -0.30117352 0.06142001
v 0.03870535 -0.28301588 0.06002803
v 0.03559655 -0.29849584 0.07107491
v 0.03777415 -0.27970457 0.06991624
v 0.03325895 -0.29460837 0.08043830
v 0.03395334 -0.32981748 0.07309991
v 0.03233335 -0.32663386 0.08205816
v 0.03300855 -0.36126657 0.07520934
v 0.03195015 -0.35868148 0.08363791
v 0.03283736 -0.38060329 0.07673147
v 0.03208615 -0.37860592 0.08458867
v 0.03324136 -0.39279832 0.07852361
v 0.03393495 -0.40485319 0.08133136
v 0.03320215 -0.39392831 0.07102640
v 0.03266935 -0.39150992 0.08584517
v 0.03019815 -0.38816565 0.09224807
v 0.03356456 -0.40452417 0.08825386
v 0.03163976 -0.40339770 0.09412767
v 0.03441575 -0.41537482 0.09064643
v 0.03481975 -0.42020852 0.09143982
v 0.03342455 -0.41891164 0.09721375
v 0.03455495 -0.41469340 0.08394047
v 0.03450135 -0.41634034 0.07738306
v 0.03482055 -0.41929312 0.08509110
v 0.03478775 -0.42090517 0.07888749
v 0.03485655 -0.42091097 0.08530686
v 0.03487336 -0.42241838 0.08538737
v 0.03483095 -0.42240388 0.07952022
v 0.03487895 -0.42178070 0.09121982
v 0.03489415 -0.42481743 0.09636776
v 0.03489335 -0.42320231 0.09071789
v 0.03490695 -0.42594001 0.09535863
v 0.03502056 -0.42455752 0.09023940
v 0.03500215 -0.42385531 0.08546330
v 0.03542295 -0.42536149 0.08995387
v 0.03503255 -0.42700980 0.09439708
v 0.03503735 -0.43088369 0.09727738
v 0.03543415 -0.42764533 0.09382508
v 0.03543815 -0.43125159 0.09650681
v 0.03646695 -0.42792504 0.09357105
v 0.03647095 -0.43141466 0.09616577
v 0.03645575 -0.42571540 0.08982501
v 0.03643975 -0.42508246 0.08552275
v 0.03540615 -0.42470771 0.08550742
v 0.03642055 -0.42616834 0.08131210
v 0.03538615 -0.42583051 0.08115502
v 0.03640215 -0.42876405 0.07782196
v 0.03536695 -0.42851223 0.07754876
v 0.03638614 -0.43250910 0.07561285
v 0.03535095 -0.43238322 0.07526568
v 0.03637575 -0.43681214 0.07498014
v 0.03533975 -0.43682990 0.07461114
v 0.03637255 -0.44102277 0.07606602
v 0.03533655 -0.44118131 0.07573449
v 0.03637655 -0.44451216 0.07866150
v 0.03534055 -0.44478856 0.07841567
v 0.03638775 -0.44672203 0.08240678
v 0.03535255 -0.44707141 0.08228742
v 0.03640375 -0.44735474 0.08670982
v 0.03536855 -0.44772595 0.08673409
v 0.03642295 -0.44626886 0.09092045
v 0.03538855 -0.44660338 0.09108573
v 0.03644135 -0.44367338 0.09440984
v 0.03540775 -0.44392165 0.09469199
v 0.03645735 -0.43992810 0.09661972
v 0.03646776 -0.43562506 0.09725241
v 0.03542456 -0.44004968 0.09697560
v 0.03543495 -0.43560323 0.09762938
v 0.03502215 -0.44033320 0.09778064
v 0.03500455 -0.44449089 0.09532836
v 0.03489496 -0.44081171 0.09913585
v 0.03503335 -0.43555712 0.09848285
v 0.03490775 -0.43548041 0.09991954
v 0.03491175 -0.43026340 0.09857428
v 0.03489576 -0.43540068 0.10142719
v 0.03488136 -0.44131363 0.10055745
v 0.03472135 -0.43534453 0.10246899
v 0.03489975 -0.42961326 0.09993405
v 0.03472935 -0.42907454 0.10087201
v 0.03346775 -0.42842287 0.10141991
v 0.03475495 -0.42358375 0.09703335
v 0.03047655 -0.42806556 0.10175665
v 0.03347335 -0.43531220 0.10303582
v 0.03061655 -0.43529695 0.10322759
v 0.03345735 -0.44184436 0.10207466
v 0.03343336 -0.44753165 0.09872104
v 0.03470615 -0.44165971 0.10154013
v 0.03060055 -0.44189970 0.10225682
v 0.02774215 -0.44183391 0.10209824
v 0.03057575 -0.44764720 0.09886704
v 0.02771815 -0.44752143 0.09874386
v 0.03054695 -0.45162870 0.09351212
v 0.03340455 -0.45147099 0.09342274
v 0.03051815 -0.45329610 0.08705028
v 0.02769015 -0.45146077 0.09344557
v 0.02644055 -0.45051415 0.09300199
v 0.02766135 -0.45310989 0.08705260
v 0.02763655 -0.45214951 0.08052066
v 0.02641335 -0.45217145 0.08700841
v 0.02639015 -0.45116046 0.08087401
v 0.02624215 -0.44934869 0.08686442
v 0.02622935 -0.44708355 0.08231365
v 0.02626535 -0.44661269 0.09115456
v 0.02627576 -0.43610149 0.08618038
v 0.02628615 -0.44499691 0.09596655
v 0.02646696 -0.44689067 0.09805382
v 0.02630055 -0.44002715 0.09707243
v 0.02631655 -0.43547876 0.09932408
v 0.02648936 -0.44148138 0.10112032
v 0.02650376 -0.43534361 0.10212862
v 0.02645415 -0.42921190 0.10050819
v 0.02775815 -0.43530044 0.10305817
v 0.02751415 -0.42828193 0.10157961
v 0.02471896 -0.41671236 0.09899685
v 0.02087175 -0.39280054 0.10133525
v 0.01502456 -0.39976109 0.10446256
v 0.02135976 -0.41445417 0.09652218
v 0.02560375 -0.41882719 0.09166978
v 0.02625336 -0.42369337 0.09700793
v 0.02943735 -0.41695845 0.09935271
v 0.02705735 -0.39913241 0.09798058
v 0.02478376 -0.38122256 0.09726002
v 0.02365655 -0.36708247 0.09689316
v 0.01823415 -0.37347048 0.10167690
v 0.01228536 -0.36803981 0.10617674
v 0.01711176 -0.35984503 0.10153468
v 0.01165735 -0.35579092 0.10592010
v 0.01707335 -0.34280968 0.10084319
v 0.02340296 -0.34839868 0.09632261
v 0.01751415 -0.31474977 0.09949573
v 0.01171896 -0.33965691 0.10513542
v 0.00549496 -0.33839228 0.10837375
v 0.01210056 -0.31248108 0.10371045
v 0.01257655 -0.28405699 0.10230155
v 0.00565415 -0.31134361 0.10693451
v 0.00583416 -0.28302092 0.10551361
v -0.00323304 -0.31097614 0.10810800
v -0.00327704 -0.33802460 0.10954801
v -0.00318745 -0.28265438 0.10668402
v -0.01213144 -0.31131100 0.10700657
v -0.01221944 -0.28298809 0.10558642
v -0.01860744 -0.31242518 0.10383480
v -0.01205944 -0.33835991 0.10844505
v -0.01205064 -0.35419708 0.10927470
v -0.01831384 -0.33960192 0.10525671
v -0.02371384 -0.34273547 0.10100882
v -0.01830504 -0.35573593 0.10604139
v -0.02380904 -0.35977005 0.10170009
v -0.01897544 -0.36798246 0.10630315
v -0.02051465 -0.38450508 0.10610458
v -0.01219224 -0.36505368 0.10976718
v -0.02498024 -0.37339197 0.10185126
v -0.02769144 -0.39271126 0.10153143
v -0.03159384 -0.38111952 0.09748798
v -0.03041784 -0.36698372 0.09711238
v -0.03707384 -0.38804238 0.09252089
v -0.03392664 -0.39902052 0.09822676
v -0.03855624 -0.40326942 0.09441153
v -0.03636024 -0.41683880 0.09961911
v -0.03164424 -0.41660955 0.09922404
v -0.03742104 -0.42794160 0.10203178
v -0.04037224 -0.41877721 0.09751246
v -0.04041624 -0.42828745 0.10171917
v -0.04172104 -0.42344456 0.09734233
v -0.04140344 -0.41523579 0.09095211
v -0.04181944 -0.42006833 0.09174933
v -0.04053225 -0.40438875 0.08855311
v -0.04159464 -0.41455468 0.08424790
v -0.04186744 -0.41915347 0.08540160
v -0.04160024 -0.41620085 0.07769026
v -0.04096024 -0.40471684 0.08163366
v -0.04024505 -0.39266360 0.07882056
v -0.04095704 -0.40602013 0.07468092
v -0.04011784 -0.40700008 0.06842864
v -0.04026984 -0.39379358 0.07132334
v -0.03991224 -0.38155992 0.06887276
v -0.03908344 -0.39376331 0.06420134
v -0.03856744 -0.38119205 0.06111660
v -0.03613225 -0.39155123 0.05796272
v -0.03518185 -0.37888756 0.05444483
v -0.03294504 -0.38896963 0.05312593
v -0.03793624 -0.40569464 0.06352485
v -0.03533865 -0.40383397 0.05996266
v -0.03907705 -0.41896586 0.06839679
v -0.03696744 -0.41715425 0.06682650
v -0.03800505 -0.42837697 0.06976670
v -0.04113384 -0.42052559 0.07188739
v -0.04187544 -0.42470373 0.07407235
v -0.04077545 -0.42963586 0.07020004
v -0.04062185 -0.43680602 0.06951999
v -0.04183544 -0.43050471 0.07097613
v -0.04198184 -0.43097769 0.07199794
v -0.04182745 -0.43692504 0.07008652
v -0.04182745 -0.44312460 0.07168147
v -0.04199625 -0.43689065 0.07112820
v -0.04200824 -0.43681091 0.07263585
v -0.04200024 -0.44267806 0.07262134
v -0.04201304 -0.44202769 0.07398187
v -0.04199465 -0.44747390 0.07618762
v -0.04197945 -0.45051062 0.08133556
v -0.04200744 -0.44635131 0.07719676
v -0.04182024 -0.44824932 0.07548989
v -0.04180425 -0.45149276 0.08098850
v -0.04057224 -0.44867015 0.07510881
v -0.04055545 -0.45202454 0.08079633
v -0.04058505 -0.44335009 0.07116959
v -0.03771544 -0.44881036 0.07497647
v -0.03773544 -0.44340532 0.07099489
v -0.03769864 -0.45220014 0.08072396
v -0.03485784 -0.44868038 0.07508599
v -0.03486984 -0.44334576 0.07115072
v -0.03360425 -0.44798500 0.07570677
v -0.03484104 -0.45203501 0.08077274
v -0.03358825 -0.45105072 0.08111583
v -0.03481625 -0.45299616 0.08730490
v -0.03478744 -0.45134604 0.09369840
v -0.03767385 -0.45317114 0.08732595
v -0.03356585 -0.45206148 0.08725099
v -0.03338504 -0.44923918 0.08710548
v -0.03353864 -0.45040495 0.09324480
v -0.03336424 -0.44650395 0.09139585
v -0.03351064 -0.44678147 0.09829664
v -0.03333944 -0.44488816 0.09620783
v -0.03475864 -0.44740670 0.09899669
v -0.03348824 -0.44137142 0.10136290
v -0.03473464 -0.44172017 0.10235056
v -0.03332744 -0.43991841 0.09731370
v -0.03347224 -0.43523442 0.10237142
v -0.03471863 -0.43518671 0.10331048
v -0.03330744 -0.43537002 0.09956537
v -0.03341304 -0.42910216 0.10074999
v -0.03322025 -0.42358486 0.09724845
v -0.03446104 -0.42816866 0.10183039
v -0.03331625 -0.43104699 0.09684701
v -0.03337545 -0.43599222 0.08642067
v -0.03332904 -0.42614660 0.09525553
v -0.03337064 -0.42493878 0.09031349
v -0.03327464 -0.42065014 0.09175693
v -0.03340264 -0.42266443 0.08562707
v -0.03334024 -0.41977129 0.08536742
v -0.03340505 -0.42552019 0.08119759
v -0.03340425 -0.42704817 0.07652706
v -0.03339304 -0.42168428 0.07827444
v -0.03342984 -0.42502473 0.07420765
v -0.03294825 -0.41995286 0.07888092
v -0.03360985 -0.42266610 0.07396555
v -0.03356184 -0.42410326 0.07299117
v -0.03418584 -0.42263989 0.07067112
v -0.03327945 -0.42159388 0.07520380
v -0.03293864 -0.42157300 0.07336497
v -0.03181705 -0.42071015 0.06965848
v -0.03168664 -0.41886025 0.07749499
v -0.03008104 -0.41836385 0.06855858
v -0.03000345 -0.41609868 0.07828365
v -0.03163224 -0.41711053 0.08483612
v -0.03038904 -0.41524375 0.08469481
v -0.03282904 -0.41836668 0.08525361
v -0.03106984 -0.41707818 0.09105513
v -0.02974584 -0.41523081 0.09024031
v -0.02829705 -0.41436350 0.09672296
v -0.03259625 -0.41872107 0.09190517
v -0.02692904 -0.41265794 0.09481783
v -0.02148584 -0.40494666 0.10146727
v -0.02089864 -0.40463062 0.09785392
v -0.02184505 -0.39969349 0.10461181
v -0.01264584 -0.39564447 0.10471282
v -0.01272824 -0.39025514 0.10872124
v -0.00339144 -0.39222073 0.10581557
v -0.01261224 -0.39612095 0.09948936
v -0.00341625 -0.39291050 0.09999048
v -0.01298424 -0.39283587 0.09477955
v -0.00347545 -0.38982223 0.09463396
v -0.01358424 -0.37856808 0.09074836
v -0.02091624 -0.40083658 0.09486402
v -0.02643865 -0.40844087 0.09354283
v -0.02106504 -0.38532875 0.09184077
v -0.02599464 -0.39180654 0.09143646
v -0.02085624 -0.35341319 0.08790430
v -0.01414184 -0.34908515 0.08701363
v -0.02076024 -0.32324876 0.08295532
v -0.02496264 -0.35818534 0.08731204
v -0.02747624 -0.35889407 0.08328509
v -0.02390664 -0.33155627 0.08324434
v -0.02519784 -0.32528332 0.07866078
v -0.02128504 -0.31076543 0.07659389
v -0.02613544 -0.32484284 0.07136403
v -0.02566745 -0.32806616 0.06303027
v -0.02166664 -0.31064463 0.06763126
v -0.02856265 -0.35910682 0.07704698
v -0.02957545 -0.39428847 0.08215618
v -0.02796344 -0.36040857 0.06990827
v -0.02893304 -0.39493082 0.07551623
v -0.02568825 -0.36191656 0.06035248
v -0.02669065 -0.39440584 0.06519575
v -0.02446105 -0.33636174 0.05660726
v -0.02149305 -0.36054167 0.04695279
v -0.02086425 -0.33086864 0.04780261
v -0.01452265 -0.35937023 0.03504174
v -0.02246185 -0.39106387 0.04964991
v -0.01504345 -0.38726900 0.03560773
v -0.02323465 -0.40667949 0.05125252
v -0.01554584 -0.40199528 0.03612558
v -0.02437705 -0.41180398 0.05194898
v -0.02731385 -0.41080883 0.06763677
v -0.02826105 -0.41558082 0.06820264
v -0.02932665 -0.41160740 0.07803645
v -0.02989064 -0.41101536 0.08435733
v -0.02918504 -0.41098647 0.08971751
v -0.02870024 -0.39409675 0.08780399
v -0.02686184 -0.41461079 0.05339758
v -0.02620104 -0.40980426 0.04593154
v -0.03166664 -0.41978300 0.06481368
v -0.03133305 -0.41433335 0.05863431
v -0.03455065 -0.41622752 0.06487142
v -0.02996745 -0.40219466 0.05080672
v -0.03299545 -0.40304826 0.05684517
v -0.02832585 -0.38806499 0.04432119
v -0.02486265 -0.40006468 0.03975710
v -0.02337385 -0.38843140 0.03548302
v -0.02261464 -0.37724369 0.03436251
v -0.02740425 -0.37583641 0.04194235
v -0.02241305 -0.36040050 0.03382343
v -0.02706985 -0.35903378 0.04053224
v -0.02241865 -0.33339157 0.03129983
v -0.02261945 -0.30651754 0.02807991
v -0.02700425 -0.33239373 0.03675287
v -0.02728025 -0.30586962 0.03236504
v -0.02918105 -0.33198102 0.03962991
v -0.02925704 -0.35854492 0.04409910
v -0.02951865 -0.30551514 0.03475827
v -0.03141545 -0.33207488 0.04230967
v -0.03558584 -0.33238051 0.04763294
v -0.03198025 -0.30508416 0.03769582
v -0.03132264 -0.35920572 0.04679701
v -0.03509465 -0.36087404 0.05156715
v -0.03165865 -0.37634334 0.04951736
v -0.02966425 -0.37534094 0.04629269
v -0.03085625 -0.38795135 0.04953297
v -0.03873865 -0.36234627 0.05844655
v -0.04016425 -0.36244107 0.06671445
v -0.03963785 -0.33239252 0.05525581
v -0.04124264 -0.30279416 0.05234945
v -0.04122584 -0.33159957 0.06410901
v -0.04077064 -0.32968114 0.07340223
v -0.04303945 -0.30102834 0.06174054
v -0.04231544 -0.29835327 0.07138954
v -0.04545705 -0.28286215 0.06036854
v -0.04443385 -0.27955492 0.07024880
v -0.04820024 -0.27297931 0.05963426
v -0.04346824 -0.28517983 0.05063844
v -0.04604024 -0.27555333 0.04969154
v -0.03834744 -0.28723018 0.04161147
v -0.03311945 -0.28875246 0.03500474
v -0.04038264 -0.27782837 0.04041567
v -0.03666424 -0.30415748 0.04383800
v -0.04253544 -0.26954207 0.03933085
v -0.03460905 -0.27952934 0.03360716
v -0.03622905 -0.27132552 0.03235420
v -0.03161785 -0.28028974 0.03042808
v -0.02899865 -0.28062857 0.02824738
v -0.03040025 -0.28943832 0.03190094
v -0.03296984 -0.27211953 0.02911089
v -0.03460985 -0.26275908 0.02734598
v -0.03011064 -0.27246462 0.02692040
v -0.02429545 -0.27294771 0.02317882
v -0.03147145 -0.26310474 0.02513977
v -0.03323865 -0.25181411 0.02259355
v -0.02509865 -0.26359115 0.02138165
v -0.01541785 -0.26407148 0.01767685
v -0.02614905 -0.25232395 0.01875225
v -0.01575625 -0.25282892 0.01496297
v -0.02742345 -0.24047235 0.01523204
v -0.01617545 -0.24111324 0.01099243
v -0.03537224 -0.23982757 0.01952063
v -0.03924105 -0.23944407 0.02199619
v -0.04309785 -0.23881415 0.02567340
v -0.03671945 -0.25146867 0.02485162
v -0.04044904 -0.25072466 0.02832813
v -0.04762265 -0.24906180 0.03587429
v -0.03812185 -0.26196418 0.03068093
v -0.04491305 -0.26017520 0.03788906
v -0.05155305 -0.25778217 0.04768334
v -0.05399304 -0.25496855 0.05810445
v -0.05461224 -0.24684794 0.04609951
v -0.04871224 -0.26715136 0.04882668
v -0.05103144 -0.26440069 0.05897264
v -0.04938184 -0.26006521 0.06918105
v -0.04686584 -0.26914279 0.06967903
v -0.04471464 -0.25339994 0.07898810
v -0.05202824 -0.25017195 0.06853386
v -0.05482744 -0.23898196 0.06765082
v -0.04666504 -0.24243276 0.07849651
v -0.04885704 -0.23007422 0.07784163
v -0.03989064 -0.23494386 0.08676566
v -0.03345944 -0.23086430 0.09244280
v -0.03861144 -0.24703883 0.08715300
v -0.04149704 -0.22128227 0.08627245
v -0.04318024 -0.20825100 0.08582820
v -0.03476184 -0.21645364 0.09206700
v -0.03617704 -0.20281463 0.09178698
v -0.02823864 -0.21434896 0.09641393
v -0.02936024 -0.20044848 0.09623050
v -0.02101784 -0.21291497 0.10052369
v -0.02720185 -0.22904998 0.09672192
v -0.02641144 -0.24195385 0.09700404
v -0.02045864 -0.22770615 0.10081544
v -0.01251544 -0.22673335 0.10393962
v -0.02002985 -0.24066678 0.10109214
v -0.01242664 -0.23970004 0.10422400
v -0.01968343 -0.25235503 0.10134588
v -0.01235864 -0.25139102 0.10448525
v -0.01934984 -0.26496000 0.10167152
v -0.02577864 -0.25360967 0.09725720
v -0.03171224 -0.25508436 0.09303187
v -0.02518105 -0.26623371 0.09757773
v -0.03101224 -0.26769016 0.09336026
v -0.02459864 -0.28555138 0.09831280
v -0.03045464 -0.28758993 0.09406876
v -0.02406345 -0.31467364 0.09966495
v -0.01899144 -0.28399918 0.10242951
v -0.03014504 -0.31825964 0.09533550
v -0.03563785 -0.32248886 0.08989071
v -0.03010024 -0.34830063 0.09653955
v -0.03576584 -0.35428044 0.09111158
v -0.03618504 -0.37425270 0.09171828
v -0.03878744 -0.35855253 0.08392407
v -0.03898905 -0.37847651 0.08487635
v -0.03906584 -0.32650321 0.08234715
v -0.03992345 -0.36113330 0.07550422
v -0.03981064 -0.38047049 0.07702482
v -0.03988824 -0.29447488 0.08073396
v -0.04125704 -0.27481719 0.07981858
v -0.03588184 -0.29050716 0.08857987
v -0.03658104 -0.27032149 0.08783022
v -0.03754904 -0.25807022 0.08746508
v -0.04293944 -0.26345598 0.07937271
v -0.03960904 -0.39137811 0.08613799
v -0.03248024 -0.24356519 0.09276061
v -0.01229384 -0.26399137 0.10481785
v -0.00315544 -0.26365858 0.10591238
v 0.00597176 -0.26402444 0.10474426
v -0.00313384 -0.25105916 0.10557671
v -0.00311385 -0.23936910 0.10531239
v 0.00608055 -0.25142455 0.10441013
v 0.01337575 -0.25241546 0.10121203
v 0.00618855 -0.23973457 0.10414833
v 0.01376216 -0.24072892 0.10095545
v 0.00632295 -0.22676786 0.10386396
v 0.00649895 -0.21196806 0.10356209
v -0.00309145 -0.22640333 0.10502496
v 0.01423655 -0.22776918 0.10067569
v 0.02094216 -0.22913803 0.09652704
v 0.01484776 -0.21298043 0.10037882
v 0.02202936 -0.21444055 0.09621008
v 0.01551016 -0.19900213 0.10021788
v 0.02320055 -0.20054439 0.09601794
v 0.01615415 -0.18811805 0.10032043
v 0.00669816 -0.19798642 0.10339845
v 0.00690935 -0.18710150 0.10350660
v -0.00304025 -0.19762726 0.10455272
v -0.00302024 -0.18674385 0.10466133
v -0.01278904 -0.19795096 0.10347718
v -0.00306584 -0.21160547 0.10471948
v -0.01264024 -0.21193309 0.10363928
v -0.01296025 -0.18706557 0.10358686
v -0.02163063 -0.19893408 0.10036864
v -0.02223464 -0.18804861 0.10047580
v -0.02294904 -0.17791709 0.10071519
v -0.03043383 -0.18960231 0.09629603
v -0.03752984 -0.19207799 0.09173599
v -0.03167224 -0.17953527 0.09646296
v -0.03323624 -0.16788830 0.09657095
v -0.03911384 -0.18196046 0.09179326
v -0.04650504 -0.18713002 0.08546149
v -0.04115464 -0.17013891 0.09182351
v -0.04875224 -0.17435155 0.08539518
v -0.04312744 -0.15854472 0.09188392
v -0.05092264 -0.16168209 0.08544116
v -0.03473064 -0.15649445 0.09666258
v -0.05688424 -0.18136852 0.07602600
v -0.06364824 -0.18795717 0.06463404
v -0.05469384 -0.19611806 0.07627845
v -0.05282584 -0.20759114 0.07665528
v -0.06152264 -0.20485167 0.06518861
v -0.06450184 -0.20924582 0.05340939
v -0.05955464 -0.21736991 0.06587915
v -0.06232024 -0.22255908 0.05447269
v -0.05743144 -0.22778048 0.06670332
v -0.05997864 -0.23313811 0.05561926
v -0.05099144 -0.21803447 0.07717430
v -0.05710104 -0.24415658 0.05691014
v -0.05754264 -0.23557077 0.04437543
v -0.06009624 -0.22458280 0.04279793
v -0.05043064 -0.23743108 0.03363825
v -0.05324984 -0.22582750 0.03147557
v -0.05691465 -0.21014547 0.02889112
v -0.04614585 -0.22665914 0.02300089
v -0.06281304 -0.21033084 0.04113469
v -0.06193144 -0.18731424 0.02554658
v -0.06656265 -0.16303407 0.02252024
v -0.06612024 -0.19010291 0.03920409
v -0.06920584 -0.16873253 0.03753708
v -0.06688264 -0.19077198 0.05237575
v -0.06905944 -0.14374402 0.02089604
v -0.04473704 -0.19766609 0.08557899
v 0.02431416 -0.18970176 0.09607450
v 0.01690856 -0.17798991 0.10055416
v 0.02559095 -0.17963925 0.09623194
v 0.02719815 -0.16799896 0.09632609
v 0.03298536 -0.18209204 0.09150121
v 0.03507015 -0.17027786 0.09151529
v 0.04030615 -0.18728851 0.08511071
v 0.03136375 -0.19220388 0.09145726
v 0.03850055 -0.19781789 0.08524206
v 0.02997256 -0.20293527 0.09152005
v 0.03690695 -0.20839711 0.08550460
v 0.02851016 -0.21656931 0.09181109
v 0.02715736 -0.23097495 0.09219792
v 0.03517975 -0.22142245 0.08596294
v 0.03352776 -0.23507781 0.08646848
v 0.04243895 -0.23024233 0.07747286
v 0.04461255 -0.21820965 0.07678762
v 0.04020776 -0.24259148 0.07814496
v 0.04829495 -0.23917045 0.06723388
v 0.04546215 -0.25035045 0.06813898
v 0.05046215 -0.24435289 0.05647551
v 0.05093255 -0.22797873 0.06626509
v 0.05336935 -0.23334490 0.05516106
v 0.05308615 -0.21757579 0.06542400
v 0.05509414 -0.20506514 0.06471654
v 0.05574054 -0.22277442 0.05399449
v 0.04648055 -0.20777247 0.07625374
v 0.04838696 -0.19630652 0.07586150
v 0.05062935 -0.18156483 0.07559138
v 0.05727734 -0.18817826 0.06414504
v 0.04260055 -0.17451835 0.08502519
v 0.05273255 -0.16671222 0.07554765
v 0.05927014 -0.17087480 0.06387403
v 0.04481656 -0.16185649 0.08505424
v 0.05418615 -0.15533004 0.07580825
v 0.06066456 -0.15755222 0.06402960
v 0.04635495 -0.15208149 0.08526417
v 0.05510614 -0.14726288 0.07621263
v 0.06156535 -0.14814107 0.06441283
v 0.04731175 -0.14504670 0.08557310
v 0.05579014 -0.14082724 0.07661296
v 0.04800055 -0.13925444 0.08591270
v 0.06223414 -0.14085654 0.06482942
v 0.05663576 -0.13196624 0.07715300
v 0.04889895 -0.13072327 0.08642861
v 0.06304934 -0.13151314 0.06543114
v 0.06663334 -0.12780660 0.05188273
v 0.06665334 -0.12048890 0.03632798
v 0.06595654 -0.13772574 0.05125336
v 0.06530056 -0.14585478 0.05096793
v 0.06632053 -0.13079289 0.03595178
v 0.06582054 -0.13972650 0.03586901
v 0.06473893 -0.15194239 0.03612154
v 0.06337253 -0.13029982 0.01982914
v 0.06249735 -0.14398388 0.02036424
v 0.05967254 -0.13664404 0.00794562
v 0.05994133 -0.16326539 0.02200842
v 0.05524694 -0.18752817 0.02507298
v 0.06268694 -0.16897362 0.03700399
v 0.05672135 -0.15779471 0.01021063
v 0.05058934 -0.18464312 0.01450412
v 0.04389254 -0.20983383 0.01919570
v 0.05017415 -0.21034135 0.02845803
v 0.03929735 -0.22681524 0.02265523
v 0.04032535 -0.20966671 0.01483678
v 0.04647254 -0.22600929 0.03107249
v 0.04362854 -0.23760340 0.03325822
v 0.05341495 -0.22478981 0.04233895
v 0.05617015 -0.21054784 0.04065365
v 0.05083334 -0.23576902 0.04393720
v 0.04787654 -0.24703496 0.04568464
v 0.04479015 -0.25795827 0.04729359
v 0.04192454 -0.26731722 0.04845974
v 0.04732455 -0.25515340 0.05769393
v 0.04433574 -0.26457486 0.05858648
v 0.04147895 -0.27314303 0.05927169
v 0.04278455 -0.26023370 0.06880820
v 0.04023895 -0.26930250 0.06932694
v 0.03822135 -0.25355107 0.07865348
v 0.03220696 -0.24716903 0.08686554
v 0.03641175 -0.26360041 0.07905195
v 0.03469255 -0.27495568 0.07951189
v 0.03110695 -0.25819663 0.08718735
v 0.02532615 -0.25518911 0.09280107
v 0.03009736 -0.27044383 0.08756046
v 0.02933095 -0.29062667 0.08831677
v 0.02458375 -0.26779229 0.09313537
v 0.01879175 -0.26631416 0.09739977
v 0.02395895 -0.28769067 0.09384846
v 0.02354695 -0.31835768 0.09511857
v 0.01814535 -0.28562946 0.09813998
v 0.02898056 -0.32260690 0.08962967
v 0.02900216 -0.35439894 0.09084901
v 0.02935335 -0.37437189 0.09145342
v 0.01299896 -0.26501951 0.10154073
v 0.01943336 -0.25369248 0.09707411
v 0.02010615 -0.24203906 0.09681583
v 0.02613495 -0.24367179 0.09252370
v 0.03922854 -0.27570899 0.04934742
v 0.03348775 -0.27796356 0.04011719
v 0.03142775 -0.28735699 0.04132968
v 0.02614214 -0.28886072 0.03476499
v 0.02496454 -0.30518790 0.03746557
v 0.02433815 -0.33217647 0.04208379
v 0.02247815 -0.30561034 0.03454800
v 0.02208295 -0.33207453 0.03942247
v 0.02021894 -0.30595676 0.03217323
v 0.01988134 -0.33248017 0.03656336
v 0.01987974 -0.35912020 0.04034272
v 0.02016455 -0.37592354 0.04175053
v 0.01516455 -0.36046978 0.03367135
v 0.02209735 -0.35863920 0.04389189
v 0.02418295 -0.35930685 0.04657266
v 0.01530934 -0.37731320 0.03420967
v 0.01603654 -0.38850276 0.03532405
v 0.01751655 -0.40014152 0.03958557
v 0.05953495 -0.19033232 0.03869587
v 0.05796215 -0.20946954 0.05291449
v 0.06040215 -0.19100499 0.05186110
v 0.06266136 -0.17176130 0.05109404
v 0.06427655 -0.15664309 0.05085319
v 0.04088935 -0.12914664 0.09296628
v 0.03992775 -0.13759276 0.09234450
v 0.03932455 -0.14313006 0.09197476
v 0.03847496 -0.14969458 0.09171779
v 0.03708616 -0.15869107 0.09155958
v 0.02873575 -0.15661032 0.09640591
v -0.01671546 -0.22943797 0.00556422
v -0.00350505 -0.24136892 0.00937242
v -0.00350986 -0.25303255 0.01351276
v 0.00874855 -0.25287368 0.01486450
v -0.00351945 -0.26426638 0.01625828
v 0.00839095 -0.26411554 0.01758068
v -0.00352905 -0.27361538 0.01808324
v 0.00811815 -0.27346540 0.01940005
v -0.01516506 -0.27342278 0.01949416
v -0.00353865 -0.28176976 0.01944746
v -0.01496345 -0.28157924 0.02085149
v -0.02364345 -0.28110747 0.02451960
v -0.01478266 -0.29076029 0.02218624
v -0.01463625 -0.30716122 0.02385868
v -0.02305785 -0.29027120 0.02591179
v -0.02800104 -0.28977327 0.02969985
v 0.01810294 -0.26367090 0.02120600
v 0.02450695 -0.26320681 0.02491235
v -0.01423705 -0.33113050 0.03913093
v -0.00467225 -0.35902894 0.03063695
v -0.00529945 -0.33180229 0.03591593
v -0.00552425 -0.31622959 0.04952132
v 0.00366375 -0.33116311 0.03905887
v 0.01041655 -0.33092524 0.04767595
v 0.00338855 -0.31550679 0.05123269
v 0.00374775 -0.30945006 0.06569147
v 0.01034775 -0.31562846 0.05616033
v 0.01077815 -0.31070437 0.06749971
v 0.01534776 -0.32814060 0.06286388
v 0.01892616 -0.36049424 0.06971852
v 0.01583415 -0.32491998 0.07119426
v 0.01435015 -0.33643241 0.05645059
v 0.01957575 -0.35919464 0.07685287
v 0.01501335 -0.32535662 0.07849822
v 0.01055096 -0.31082348 0.07646517
v 0.01402536 -0.33162602 0.08309074
v 0.01855256 -0.35897859 0.08309917
v 0.01610775 -0.35826054 0.08714588
v 0.02106695 -0.39418741 0.08760321
v 0.02189576 -0.39438298 0.08194820
v 0.02211576 -0.41107999 0.08951007
v 0.01839975 -0.39188744 0.09125698
v 0.01349736 -0.38539204 0.09170027
v 0.01941015 -0.40852439 0.09335745
v 0.01998215 -0.41274361 0.09462808
v 0.01392615 -0.40090064 0.09472374
v 0.01400615 -0.40469491 0.09771287
v 0.00602296 -0.39287086 0.09470236
v 0.00603256 -0.37860377 0.09066888
v 0.00576375 -0.39615501 0.09941524
v 0.00584136 -0.39567877 0.10463793
v 0.01462136 -0.40501332 0.10132110
v 0.00597655 -0.39028866 0.10864612
v -0.00336425 -0.38707061 0.11016107
v 0.00581096 -0.37840334 0.10996489
v 0.01376216 -0.38456690 0.10596614
v -0.00333944 -0.37625951 0.11143965
v 0.00554136 -0.36508553 0.10969489
v 0.00543496 -0.35422922 0.10920417
v -0.00331865 -0.36412090 0.11097814
v -0.00330264 -0.35378778 0.11039293
v -0.01250904 -0.37837005 0.11003924
v 0.00527336 -0.34912060 0.08693492
v -0.00377304 -0.37602755 0.09021742
v -0.00443304 -0.34757250 0.08656554
v -0.00509705 -0.32000892 0.08237965
v -0.01456185 -0.32047882 0.08256155
v -0.00540745 -0.30882864 0.07596184
v 0.00436695 -0.32051357 0.08248514
v 0.01061815 -0.32330636 0.08282814
v 0.00397015 -0.30880964 0.07601376
v 0.01199016 -0.35347339 0.08777122
v -0.01478425 -0.30877586 0.07608964
v -0.00549545 -0.30977842 0.06515714
v -0.01473305 -0.30941677 0.06576583
v -0.01442104 -0.31547419 0.05130475
v -0.02125865 -0.31557064 0.05628828
v 0.02275255 -0.41532670 0.09002775
v 0.02335096 -0.41534180 0.08447788
v 0.02407655 -0.41717885 0.09083230
v 0.02458855 -0.41721334 0.08460893
v 0.02578376 -0.41847426 0.08501615
v 0.02629095 -0.41988002 0.08512613
v 0.02584615 -0.42005968 0.07864324
v 0.02614135 -0.42170239 0.07496329
v 0.02627975 -0.42179302 0.07803315
v 0.02627175 -0.42513347 0.07396636
v 0.02630135 -0.42562892 0.08095631
v 0.02645735 -0.42277607 0.07372297
v 0.02639655 -0.42421246 0.07274837
v 0.02672135 -0.42539411 0.07136348
v 0.02769974 -0.42645688 0.07057195
v 0.02637734 -0.42951054 0.07123015
v 0.02773815 -0.43014152 0.06986462
v 0.02637895 -0.43670205 0.07027994
v 0.02623096 -0.43198097 0.07534151
v 0.02620775 -0.43666855 0.07306334
v 0.02625735 -0.42715767 0.07628602
v 0.02621255 -0.44113134 0.07573946
v 0.02620935 -0.44598900 0.07735065
v 0.02636935 -0.44299691 0.07185267
v 0.02637415 -0.44809473 0.07546496
v 0.02761894 -0.44345972 0.07089765
v 0.02766695 -0.43680894 0.06927769
v 0.02761894 -0.44879511 0.07483315
v 0.03048375 -0.44352951 0.07071900
v 0.03047575 -0.44893455 0.07470057
v 0.03333415 -0.44348552 0.07087034
v 0.03058375 -0.43671696 0.06905357
v 0.03338135 -0.43694068 0.06922051
v 0.03079735 -0.42850262 0.06948874
v 0.03189335 -0.41909506 0.06810987
v 0.02906775 -0.42422489 0.06991850
v 0.03356775 -0.42977250 0.06989950
v 0.03463015 -0.43064389 0.07066716
v 0.03397255 -0.42066239 0.07158355
v 0.03471655 -0.42484392 0.07376284
v 0.03297735 -0.40713358 0.06813300
v 0.03387095 -0.40615747 0.07437809
v 0.03480455 -0.42597016 0.07472439
v 0.03478295 -0.43111811 0.07168766
v 0.03482615 -0.42697953 0.07584620
v 0.03484935 -0.42376441 0.08017058
v 0.03480695 -0.43162003 0.07310926
v 0.03496054 -0.42794108 0.07691599
v 0.03498135 -0.42506101 0.08078912
v 0.03494295 -0.43209876 0.07446371
v 0.03493094 -0.43687409 0.07376127
v 0.03492775 -0.44154827 0.07496697
v 0.03479415 -0.43695056 0.07232534
v 0.03478935 -0.44216811 0.07367160
v 0.03476854 -0.43703106 0.07081793
v 0.03476455 -0.44281847 0.07231107
v 0.03459175 -0.43706423 0.06977755
v 0.03458135 -0.44326457 0.07137272
v 0.03458695 -0.44838927 0.07518114
v 0.03460295 -0.45163218 0.08067876
v 0.03477015 -0.44761431 0.07587735
v 0.03333415 -0.44880534 0.07481032
v 0.03335094 -0.45215997 0.08049707
v 0.03337575 -0.45312035 0.08702902
v 0.03049336 -0.45232509 0.08044831
v 0.03462695 -0.45256080 0.08699470
v 0.03480775 -0.45152077 0.08693826
v 0.03465495 -0.45096658 0.09317528
v 0.03483335 -0.45002686 0.09272542
v 0.03468296 -0.44715809 0.09829746
v 0.03485975 -0.44646058 0.09752126
v 0.03487575 -0.44545221 0.09639892
v 0.03485255 -0.44866710 0.09207530
v 0.03498376 -0.44737119 0.09145446
v 0.03482856 -0.45001336 0.08685775
v 0.03496215 -0.44857689 0.08678028
v 0.03480855 -0.44922943 0.08152722
v 0.03478535 -0.45065103 0.08102530
v 0.03479495 -0.44649173 0.07688649
v 0.03494455 -0.44787445 0.08200495
v 0.03493175 -0.44542217 0.07784727
v 0.02634535 -0.42277393 0.08538602
v 0.02634216 -0.42504751 0.09007222
v 0.02633655 -0.42625611 0.09501448
v 0.02627335 -0.42075965 0.09151588
v 0.02631815 -0.43115549 0.09660650
v 0.02578615 -0.42168058 0.07312751
v 0.02277816 -0.41111203 0.08414499
v -0.03390264 -0.42528322 0.07160912
v -0.03625545 -0.42410516 0.07018237
v -0.03489065 -0.42634269 0.07082578
v -0.03494825 -0.43002732 0.07011845
v -0.03490584 -0.43669474 0.06953153
v -0.03357385 -0.42940057 0.07147273
v -0.03360985 -0.43659285 0.07052276
v -0.03340344 -0.43187222 0.07558280
v -0.03341624 -0.43655981 0.07330463
v -0.03341544 -0.44102184 0.07598051
v -0.03360985 -0.44288770 0.07209548
v -0.03341704 -0.44588027 0.07759193
v -0.03340024 -0.44697482 0.08255492
v -0.03782424 -0.43659177 0.06933000
v -0.03757544 -0.43517276 0.10350348
v -0.04043384 -0.43517701 0.10333429
v -0.03759144 -0.44177474 0.10253247
v -0.03761544 -0.44752224 0.09914270
v -0.04044984 -0.44170971 0.10237414
v -0.04047384 -0.44739646 0.09901952
v -0.04170184 -0.44152052 0.10184910
v -0.04168664 -0.43520457 0.10277773
v -0.04172504 -0.44701813 0.09860620
v -0.04188343 -0.44117322 0.10086773
v -0.04190744 -0.44067106 0.09944689
v -0.04186903 -0.43526026 0.10173746
v -0.04190504 -0.44632093 0.09783177
v -0.04193144 -0.44988721 0.09303593
v -0.04192664 -0.44531179 0.09670919
v -0.04206104 -0.44435001 0.09564016
v -0.04194983 -0.44852668 0.09238557
v -0.04208184 -0.44723031 0.09176627
v -0.04197384 -0.44987294 0.08716802
v -0.04210264 -0.44843601 0.08709209
v -0.04199384 -0.44908901 0.08183750
v -0.04195704 -0.45138035 0.08724853
v -0.04178024 -0.45242085 0.08730345
v -0.04175225 -0.45082662 0.09348402
v -0.04053144 -0.45298570 0.08732849
v -0.04050184 -0.45133581 0.09372123
v -0.03764425 -0.45150451 0.09378801
v -0.04212104 -0.44773357 0.08231676
v -0.04252345 -0.44692961 0.08260228
v -0.04213304 -0.44528130 0.07815908
v -0.04253464 -0.44464576 0.07873107
v -0.04213784 -0.44140816 0.07527900
v -0.04253945 -0.44103951 0.07604935
v -0.04213385 -0.43673344 0.07407231
v -0.04253544 -0.43668709 0.07492654
v -0.04212264 -0.43195812 0.07477475
v -0.04252505 -0.43224065 0.07558032
v -0.04210505 -0.42780043 0.07722703
v -0.04199545 -0.43147961 0.07341954
v -0.04197624 -0.42683888 0.07615724
v -0.04195304 -0.42362399 0.08048086
v -0.04196024 -0.42582975 0.07503466
v -0.04193384 -0.42226346 0.07983050
v -0.04190824 -0.42077132 0.08561737
v -0.04189145 -0.42076552 0.07919799
v -0.04188584 -0.42164028 0.09153010
v -0.04192905 -0.42227797 0.08569764
v -0.04190904 -0.42306189 0.09102817
v -0.04206264 -0.42371367 0.08577488
v -0.04204504 -0.42441688 0.09055044
v -0.04246984 -0.42456514 0.08582207
v -0.04208424 -0.42492013 0.08110093
v -0.04248904 -0.42568794 0.08146966
v -0.04352345 -0.42602246 0.08163494
v -0.04250905 -0.42836967 0.07786340
v -0.04354264 -0.42861794 0.07814555
v -0.04355784 -0.43236322 0.07593567
v -0.04356825 -0.43666603 0.07530374
v -0.04357224 -0.44087666 0.07638962
v -0.04356745 -0.44436628 0.07898434
v -0.04355624 -0.44657592 0.08273038
v -0.04354024 -0.44720886 0.08703265
v -0.04352104 -0.44612275 0.09124405
v -0.04250664 -0.44758338 0.08704873
v -0.04248665 -0.44646081 0.09140037
v -0.04246744 -0.44377909 0.09500663
v -0.04245144 -0.43990787 0.09729048
v -0.04350264 -0.44352727 0.09473343
v -0.04348664 -0.43978146 0.09694231
v -0.04347624 -0.43547918 0.09757525
v -0.04347304 -0.43126855 0.09648937
v -0.04244024 -0.43546143 0.09794425
v -0.04243704 -0.43110978 0.09682168
v -0.04203144 -0.43541624 0.09879465
v -0.04204344 -0.44019233 0.09809244
v -0.04189464 -0.43534053 0.10023081
v -0.04202824 -0.43074205 0.09758896
v -0.04203304 -0.42686915 0.09470812
v -0.04188984 -0.43012298 0.09888456
v -0.04189544 -0.42579936 0.09566967
v -0.04186504 -0.42947285 0.10024432
v -0.04187064 -0.42467701 0.09667804
v -0.04168424 -0.42893512 0.10118175
v -0.04244104 -0.42750276 0.09413972
v -0.04245304 -0.42521968 0.09026873
v -0.04347704 -0.42777893 0.09389465
v -0.04348824 -0.42556929 0.09014861
v -0.04350424 -0.42493635 0.08584633
v -0.07360424 -0.11117196 0.05365443
v -0.06920184 -0.13127161 0.06596577
v -0.03607144 -0.12625762 0.09926171
v -0.04877463 -0.11322042 0.09391891
v -0.04069943 -0.10893269 0.09919478
v -0.04344184 -0.08392554 0.09852785
v -0.03122984 -0.09897080 0.10493950
v -0.02763624 -0.08324579 0.10782298
v -0.02333384 -0.09650863 0.10833877
v -0.03558904 -0.07897560 0.10348944
v -0.02746584 -0.11549487 0.10465865
v -0.02257624 -0.10782145 0.10752160
v -0.01806984 -0.10860220 0.10857025
v -0.01795543 -0.09078234 0.10968931
v -0.01656984 -0.07775524 0.10993740
v -0.02155784 -0.08027718 0.10970483
v -0.01143704 -0.09256196 0.10975670
v -0.00282744 -0.09296537 0.10972133
v -0.01122024 -0.07875404 0.10986192
v -0.01107063 -0.07269370 0.11008469
v -0.00280184 -0.07892702 0.10980381
v -0.00278903 -0.07269471 0.11003152
v 0.00561735 -0.07878398 0.10979323
v 0.00578296 -0.09259310 0.10968670
v 0.00549175 -0.07272468 0.11001800
v 0.01097096 -0.07780548 0.10982637
v 0.01053255 -0.07265928 0.11004922
v 0.01420055 -0.07472995 0.10981671
v 0.01594776 -0.08034643 0.10955274
v 0.01339816 -0.07208880 0.11008433
v 0.01671416 -0.07203726 0.10973452
v 0.01796376 -0.07015868 0.10974592
v 0.01579016 -0.07105919 0.11008200
v 0.01928535 -0.07354568 0.10904737
v 0.01932296 -0.06800074 0.10939810
v 0.01908936 -0.06609556 0.10979672
v 0.01771576 -0.06949634 0.11002738
v 0.01879416 -0.06534739 0.11061467
v 0.01843335 -0.06466385 0.11212395
v 0.01742056 -0.06892024 0.11080952
v 0.01952136 -0.05364131 0.10996865
v 0.01911976 -0.05298461 0.11155788
v 0.01870056 -0.05239274 0.11313160
v 0.01921016 -0.02981201 0.11043841
v 0.01869896 -0.02926323 0.11216300
v 0.01813816 -0.02926547 0.11304444
v 0.01669496 -0.03187145 0.11338624
v 0.01781256 -0.00671651 0.11212901
v 0.01823096 -0.05148484 0.11391388
v 0.01734936 -0.04876078 0.11402447
v 0.01761896 -0.06282173 0.11436829
v 0.01806535 -0.06402767 0.11362581
v 0.01644056 -0.05705483 0.11437459
v 0.01637736 -0.06646946 0.11451719
v 0.01579656 -0.06287451 0.11458392
v 0.01672775 -0.06755649 0.11377810
v 0.01450376 -0.06770576 0.11456017
v 0.01415096 -0.06166997 0.11455471
v 0.01476056 -0.06905626 0.11382871
v 0.01238456 -0.06865174 0.11457656
v 0.01251656 -0.06984154 0.11383755
v 0.01250295 -0.06473573 0.11463833
v 0.00996055 -0.06851755 0.11455612
v 0.00525735 -0.06813864 0.11453788
v 0.00996376 -0.07007071 0.11382315
v 0.01066376 -0.06104457 0.11450889
v 0.01322696 -0.04295859 0.11385969
v 0.00553256 -0.05812851 0.11438605
v 0.00602536 -0.03489654 0.11349934
v -0.00279464 -0.05718016 0.11436646
v -0.00276904 -0.06798352 0.11455625
v -0.00285784 -0.03280860 0.11342083
v -0.01111624 -0.05807817 0.11444774
v -0.01079384 -0.06810657 0.11460257
v -0.01623064 -0.06097051 0.11461022
v -0.01172824 -0.03480190 0.11355267
v -0.01887784 -0.04281429 0.11396405
v -0.01179544 -0.00855997 0.11239196
v -0.01828824 -0.00985993 0.11252851
v -0.00292344 -0.00773432 0.11230911
v 0.00595336 -0.00871053 0.11235551
v 0.01245736 -0.01011752 0.11246419
v 0.01620615 -0.00802115 0.11239150
v -0.02204504 -0.00769127 0.11246828
v -0.01819704 0.00328700 0.11167001
v -0.02198024 0.00357869 0.11172571
v -0.02345303 0.00298396 0.11169043
v -0.02223544 0.00504730 0.11059151
v -0.02306263 0.00450042 0.10818112
v -0.02386263 0.00354474 0.11074907
v -0.02426184 -0.00639608 0.11127190
v -0.02455704 0.00303708 0.10864858
v -0.02487143 -0.00690337 0.10937184
v -0.02551304 0.00244891 0.10641695
v -0.02663784 0.00331997 0.10338567
v -0.02546984 -0.00744400 0.10746680
v -0.02632583 0.00137759 0.10544750
v -0.02625464 -0.00804180 0.10624165
v -0.02910983 0.00143325 0.10322548
v -0.03650504 -0.00011284 0.09814595
v -0.02932584 -0.01008314 0.10412345
v -0.02870824 -0.03521253 0.10610498
v -0.03631863 -0.01390701 0.09962593
v -0.04458663 -0.01580530 0.09379200
v -0.03499544 -0.04759720 0.10273248
v -0.04425304 -0.04843790 0.09645991
v -0.02919464 -0.06521955 0.10713081
v -0.03082104 -0.07643215 0.10644635
v -0.02683064 -0.05747719 0.10835016
v -0.02488104 -0.07345811 0.10922402
v -0.02229223 -0.07196562 0.10989174
v -0.02490184 -0.06791089 0.10957405
v -0.02465783 -0.06600772 0.10997162
v -0.02353464 -0.07008225 0.10991338
v -0.02328184 -0.06942210 0.11019300
v -0.02136184 -0.07099059 0.11023177
v -0.02297864 -0.06884670 0.11097284
v -0.02435384 -0.06526121 0.11078671
v -0.02261383 -0.06815554 0.11245474
v -0.02097623 -0.07038179 0.11101154
v -0.02062584 -0.06968396 0.11249061
v -0.01863784 -0.07118592 0.11098846
v -0.01897384 -0.07202854 0.11021490
v -0.01590184 -0.07141329 0.11093004
v -0.01833384 -0.07048601 0.11247442
v -0.01805304 -0.06978514 0.11396092
v -0.01569384 -0.07071959 0.11242876
v -0.01088984 -0.07068811 0.11237246
v -0.01550183 -0.07002380 0.11392597
v -0.01079704 -0.07000020 0.11387958
v -0.01549544 -0.06846757 0.11465803
v -0.01791704 -0.06859402 0.11469868
v -0.01804984 -0.06466549 0.11475752
v -0.02003463 -0.06763961 0.11469900
v -0.01970744 -0.06158489 0.11468447
v -0.02190183 -0.06639719 0.11467089
v -0.02029464 -0.06899170 0.11397054
v -0.02225624 -0.06748562 0.11393556
v -0.02359544 -0.06394407 0.11379195
v -0.02428504 -0.05225447 0.11328794
v -0.02397784 -0.06457859 0.11229293
v -0.02314744 -0.06273605 0.11453044
v -0.02200184 -0.05695069 0.11452033
v -0.02381223 -0.05134723 0.11406539
v -0.02384823 -0.02901679 0.11316244
v -0.02294824 -0.04861525 0.11416607
v -0.02239383 -0.03164843 0.11349942
v -0.02365863 -0.00635343 0.11221082
v -0.02441784 -0.02900677 0.11228450
v -0.02494423 -0.02954828 0.11056189
v -0.02471944 -0.05284390 0.11171682
v -0.02544904 -0.03013989 0.10882014
v -0.02612743 -0.03111261 0.10771230
v -0.02513543 -0.05349636 0.11013047
v -0.02558744 -0.05439982 0.10920229
v -0.02133704 -0.06279189 0.11473031
v -0.00276904 -0.06998631 0.11383696
v 0.00525896 -0.07002994 0.11381419
v -0.00277624 -0.07067132 0.11232561
v -0.00278344 -0.07135227 0.11081385
v 0.00533656 -0.07071786 0.11230705
v 0.01014056 -0.07076716 0.11232359
v 0.00541976 -0.07140319 0.11079746
v 0.01033416 -0.07146113 0.11082416
v 0.01307176 -0.07124399 0.11085975
v 0.01541335 -0.07044893 0.11086382
v 0.01278215 -0.07054238 0.11234853
v 0.01507736 -0.06974939 0.11234574
v 0.01707016 -0.06822815 0.11229448
v -0.01098744 -0.07137371 0.11086462
v -0.01611064 -0.07260924 0.11015697
v -0.01978744 -0.07466757 0.10995413
v -0.05091944 -0.04972705 0.09110481
v -0.05072504 -0.01696670 0.08844763
v -0.02396824 -0.08624129 0.10894245
v 0.02515655 -0.07657226 0.10623124
v 0.04466136 -0.01780014 0.08827211
v -0.06203704 -0.00873862 0.05872086
v -0.06154184 -0.03858282 0.02574768
v -0.03084825 0.05749475 0.03756020
v -0.03042265 0.05099581 0.04430520
v -0.02941224 0.04525228 0.05080389
v -0.03041305 0.05050279 0.04401445
v -0.03076665 0.05699173 0.03728332
v -0.03041465 0.05012076 0.04378961
v -0.03086744 0.06066442 0.03340665
v -0.00910185 0.04826459 0.04983979
v -0.00488745 0.05018945 0.04822948
v -0.00888985 0.05401183 0.04321213
v -0.00489545 0.05532682 0.04208417
v -0.00885385 0.05897828 0.03676910
v -0.00886584 0.06176623 0.03257449
v -0.00491065 0.05937005 0.03632833
v -0.00295545 0.05926096 0.03595014
v -0.00492425 0.06173735 0.03244280
v -0.00495145 0.06274533 0.03021421
v -0.00297465 0.06140449 0.03216221
v -0.00232504 0.06034514 0.03149832
v -0.00304425 0.06220621 0.02965991
v -0.00342824 0.06222279 0.02825274
v -0.00243544 0.05955412 0.02632632
v -0.00307945 0.05909156 0.02399578
v -0.00187865 0.05738550 0.02566125
v -0.00241945 0.05216914 0.01544122
v -0.00192505 0.05244759 0.01845486
v -0.00306985 0.05221507 0.01428087
v -0.00302105 0.04519434 0.00442565
v -0.00501145 0.05218475 0.01382040
v -0.00499145 0.05884252 0.02323698
v -0.00492425 0.04552952 0.00452841
v -0.00892185 0.05224937 0.01368559
v -0.00896505 0.05887885 0.02306389
v -0.00877705 0.04583699 0.00478576
v -0.01268825 0.05235473 0.01392120
v -0.01432665 0.05163550 0.01370871
v -0.01184505 0.04712503 0.00663407
v -0.01269705 0.04528403 0.00452894
v -0.01356345 0.04271688 0.00224685
v -0.00852025 0.04269491 0.00071174
v -0.01471065 0.05056288 0.01487302
v -0.01149625 0.03982089 -0.00747254
v -0.01516585 0.03947330 -0.00010605
v -0.01498985 0.04262707 0.01121517
v -0.01530025 0.03855694 0.00749390
v -0.01506744 0.04018848 0.01845888
v -0.01484345 0.04912569 0.01911296
v -0.01485225 0.04612464 0.02520443
v -0.01477625 0.05547238 0.02689783
v -0.01476345 0.05204670 0.03200855
v -0.01494585 0.04614646 0.03953303
v -0.01486904 0.05473354 0.03516368
v -0.01516665 0.04858312 0.04246285
v -0.01534504 0.04918914 0.04297858
v -0.01609808 0.04278883 0.04938046
v -0.02292184 0.04308498 0.04993438
v -0.01669224 0.03990017 0.04813462
v -0.01633455 0.04342037 0.04960686
v -0.01639442 0.04373575 0.04974651
v -0.02290664 0.04360219 0.04998972
v -0.01746264 0.03489852 0.05112124
v -0.01503864 0.03539275 0.03926162
v -0.02295864 0.03940057 0.05234987
v -0.02928024 0.03994094 0.04846911
v -0.02304265 0.03658527 0.05394475
v -0.02327624 0.03030812 0.05789952
v -0.02867865 0.03493746 0.05143038
v -0.02884905 0.02825906 0.05571429
v -0.03108345 0.03008104 0.04444424
v -0.03131785 0.02273630 0.04952170
v -0.03116985 0.03544709 0.03970482
v -0.03134745 0.04114465 0.03291250
v -0.03105385 0.04619777 0.03995795
v -0.03123865 0.05209746 0.03244531
v -0.03072265 0.04862471 0.04283887
v -0.02977243 0.04282157 0.04964131
v -0.03118184 0.05551815 0.02733191
v -0.03118105 0.05707954 0.02450598
v -0.03184264 0.01170003 0.05669659
v -0.03212024 0.00621732 0.05040416
v -0.03203864 0.00128893 0.06379982
v -0.02934984 0.01702280 0.06283004
v -0.02958904 0.00598322 0.07049228
v -0.02369065 0.01896077 0.06498780
v -0.02391384 0.00760634 0.07289710
v -0.01807304 0.01695203 0.06250127
v -0.01569704 0.01160520 0.05622716
v -0.01774665 0.02821146 0.05539858
v -0.01832585 0.00589225 0.07020469
v -0.01612905 0.00116699 0.06339290
v -0.01855544 0.00003240 0.07564212
v -0.02366824 0.00135963 0.07855073
v -0.01675464 -0.00388818 0.06804937
v -0.01956104 -0.00186939 0.07722375
v -0.01887944 -0.00397569 0.07242273
v -0.02342904 -0.00148845 0.07913686
v -0.02361625 -0.00394020 0.07368968
v -0.02753864 -0.00179649 0.07729368
v -0.02897384 0.00012545 0.07580373
v -0.02856264 -0.00388629 0.07248098
v -0.03126744 -0.00375811 0.06825331
v -0.02792744 -0.00549225 0.06762675
v -0.02903945 -0.00611964 0.06476101
v -0.02396584 -0.00582389 0.06704830
v -0.02415704 -0.00673723 0.06345661
v -0.01997225 -0.00556818 0.06759117
v -0.01919225 -0.00621372 0.06468744
v -0.02012104 -0.00702654 0.06237319
v -0.02423144 -0.00732521 0.06169621
v -0.01881145 -0.00688950 0.06146195
v -0.01735384 -0.00580414 0.05651009
v -0.02431224 -0.00794591 0.05973342
v -0.02968264 -0.00679642 0.06164861
v -0.02440905 -0.00861307 0.05710697
v -0.02830184 -0.00695015 0.06246295
v -0.01882505 -0.01011791 0.05416089
v -0.01611305 -0.00575381 0.05126302
v -0.01554905 0.00613428 0.04994623
v -0.01518025 0.01711782 0.04274631
v -0.01565065 0.00392523 0.04514277
v -0.01537385 0.01431527 0.03869520
v -0.01527384 0.02217642 0.03258199
v -0.01554185 0.01223452 0.03183833
v -0.01506104 0.02506891 0.03706389
v -0.01526105 0.02821946 0.02759651
v -0.01528024 0.03275934 0.02138748
v -0.01503864 0.03092200 0.03180064
v -0.01543065 0.02435948 0.02203779
v -0.01504745 0.03606331 0.02548284
v -0.01487065 0.04108873 0.03246143
v -0.01529624 0.03659100 0.01487241
v -0.01546185 0.03139340 0.01123900
v -0.01521384 0.03002608 0.04400459
v -0.01539144 0.02266950 0.04907056
v -0.01667145 -0.01002154 0.05279647
v -0.01664584 -0.01597372 0.04280767
v -0.01550745 0.03394144 -0.00135233
v -0.01494265 0.03829431 -0.00781828
v -0.01491945 0.03633243 -0.01515639
v -0.01556345 0.03148652 -0.01394651
v -0.00893864 0.06198147 0.02742808
v -0.00517065 0.06202488 0.02762723
v -0.00901465 0.06276654 0.02853152
v -0.00891545 0.06303005 0.02916398
v -0.00598985 0.06274186 0.02854400
v -0.00516184 0.06291755 0.02904584
v -0.00887545 0.06284469 0.03031373
v -0.00196025 0.04638896 0.01299553
v -0.00141865 0.05255183 0.02091609
v -0.00145226 0.04781836 0.01788215
v -0.00083145 0.05243435 0.02189746
v -0.00137865 0.05604615 0.02568935
v -0.00135065 0.05682581 0.03022553
v -0.00079945 0.05524565 0.02564513
v -0.00133705 0.05502473 0.03406555
v -0.00184265 0.05855591 0.03078061
v -0.00182665 0.05674264 0.03474631
v -0.00182345 0.05293727 0.03845743
v -0.00230344 0.05839905 0.03546983
v -0.00229385 0.05461501 0.04027339
v -0.00294105 0.05557398 0.04133021
v -0.00293305 0.05051337 0.04713733
v -0.00292265 0.04419329 0.05253397
v -0.00242744 0.04102753 0.04968296
v -0.00133785 0.05125394 0.03691642
v -0.01510264 0.05706918 0.03682543
v -0.01510344 0.06048050 0.03243433
v -0.01511545 0.06006019 0.03213249
v -0.03128745 0.06162857 0.02887827
v -0.04347064 0.04049270 0.00134201
v -0.04027545 0.04001259 -0.00559925
v -0.04695065 0.04011961 0.00088386
v -0.04460345 0.03953541 0.00855990
v -0.04736185 0.03928718 0.00846850
v -0.04872505 0.03767367 0.00788995
v -0.04870424 0.03577003 0.01518950
v -0.04869465 0.03874554 0.00054223
v -0.04862345 0.03774408 -0.00694447
v -0.04907945 0.03278175 -0.00054029
v -0.04615225 0.03943488 -0.00666917
v -0.04860265 0.03593614 -0.01423210
v -0.04912105 0.03041295 -0.01310113
v -0.04593545 0.03720457 -0.01438171
v -0.04858345 0.03229287 -0.02086983
v -0.04588025 0.03364681 -0.02148394
v -0.04855785 0.02792750 -0.02688773
v -0.04583786 0.02884184 -0.02761821
v -0.04856825 0.02197597 -0.03153791
v -0.04912185 0.02360648 -0.02381652
v -0.04858745 0.01548086 -0.03533382
v -0.04583705 0.02286421 -0.03261815
v -0.04011386 0.02287851 -0.03281718
v -0.04586026 0.01597872 -0.03633974
v -0.04013865 0.01597999 -0.03654317
v -0.04588346 0.00849426 -0.03866223
v -0.04016185 0.00848574 -0.03886773
v -0.04590105 0.00070053 -0.03953685
v -0.04861385 0.00815445 -0.03735137
v -0.04862745 0.00066687 -0.03843536
v -0.04864265 -0.00686899 -0.03767726
v -0.04918985 0.00045759 -0.03362919
v -0.03446825 0.01593535 -0.03663583
v -0.04010586 0.02888897 -0.02781377
v -0.04013065 0.03376190 -0.02165070
v -0.04018505 0.03742280 -0.01434812
v -0.03440585 0.03741827 -0.01473699
v -0.04915625 0.01305206 -0.03098769
v -0.04903385 0.03026703 0.01193152
v -0.04920585 -0.01224168 -0.03186038
v 0.04209414 -0.02892595 -0.03045676
v 0.03935894 -0.02973158 -0.03129328
v 0.04269895 -0.02493906 -0.02685075
v 0.04209894 -0.02131730 -0.03391751
v 0.03935734 -0.02209728 -0.03505677
v 0.04209573 -0.01442254 -0.03665646
v 0.04269974 -0.01237895 -0.03221840
v 0.04210854 -0.00702889 -0.03804099
v 0.03936054 -0.01484506 -0.03765790
v 0.03363654 -0.01486632 -0.03780859
v 0.03936694 -0.00727229 -0.03934048
v 0.03937894 0.00054466 -0.03988173
v 0.03364374 -0.00728041 -0.03949764
v 0.02797334 -0.00727296 -0.03953664
v 0.03365574 0.00054800 -0.04004235
v 0.03367413 0.00835110 -0.03916721
v 0.02798534 0.00054663 -0.04008288
v 0.02800294 0.00833816 -0.03921010
v 0.02539574 0.00063567 -0.03908444
v 0.02496134 0.00113313 -0.03424835
v 0.02538374 -0.00686350 -0.03831819
v 0.02541254 0.00816123 -0.03800188
v 0.02497415 0.00715501 -0.03047257
v 0.02543494 0.01544549 -0.03598832
v 0.02546134 0.02198817 -0.03219254
v 0.02802614 0.01582138 -0.03688891
v 0.02499494 0.01372292 -0.03161129
v 0.02501095 0.01763514 -0.02606498
v 0.02504374 0.02436544 -0.02444163
v 0.02549254 0.02797115 -0.02755437
v 0.02808454 0.02874507 -0.02818817
v 0.03375575 0.02878961 -0.02812640
v 0.02805335 0.02271325 -0.03317092
v 0.03372454 0.02274789 -0.03311704
v 0.03944774 0.02271674 -0.03296557
v 0.03369734 0.01584558 -0.03684189
v 0.03942053 0.01582286 -0.03668462
v 0.04215413 0.01531976 -0.03569885
v 0.03939734 0.00833816 -0.03900788
v 0.04213734 0.00799491 -0.03771688
v 0.04211414 0.00050577 -0.03880040
v 0.04271574 0.00032032 -0.03398721
v 0.04218614 0.02182748 -0.03190257
v 0.04274933 0.01291379 -0.03134624
v 0.03947894 0.02874998 -0.02798074
v 0.03378934 0.03372474 -0.02203976
v 0.02537734 -0.01431140 -0.03692230
v 0.02495255 -0.00424411 -0.03075063
v 0.02494535 -0.01158541 -0.03246035
v 0.02494535 -0.01526561 -0.02757282
v 0.02494454 -0.02417252 -0.02707704
v 0.02537414 -0.02119822 -0.03415984
v 0.02537574 -0.02885301 -0.03069686
v 0.02796294 -0.02213058 -0.03522804
v 0.02796453 -0.02977150 -0.03146174
v 0.02796614 -0.01485566 -0.03784522
v 0.03363414 -0.02213651 -0.03519784
v 0.03363574 -0.02977798 -0.03143054
v 0.02796934 -0.03815031 -0.02654607
v 0.02537974 -0.03662916 -0.02580845
v 0.02494854 -0.02689848 -0.02136439
v 0.02495174 -0.03686886 -0.01950234
v 0.01049256 -0.00602617 0.06800345
v 0.01850056 -0.00820560 0.05983100
v 0.01758855 -0.00603698 0.06821144
v 0.02607656 -0.00620907 0.06786810
v 0.01595896 -0.00207020 0.08358663
v 0.02393256 -0.00235265 0.08281117
v 0.03356456 -0.00318572 0.07992309
v 0.03518215 0.00370284 0.04727471
v 0.04290934 0.03308834 -0.00086177
v 0.05874855 -0.01157893 0.05411542
v -0.00180824 -0.00099692 0.08495575
v -0.00240424 0.00013117 0.08831218
v -0.00190984 -0.00026903 0.08255513
v -0.00245624 0.00112043 0.08655885
v -0.00240664 0.00395390 0.08208309
v -0.01887224 -0.22711747 0.10269429
v -0.01699544 -0.23954925 0.10339718
v -0.01627544 -0.22662689 0.10438380
v -0.02110264 -0.21262363 0.10149201
v -0.01847865 -0.21212621 0.10313768
v -0.02322744 -0.19894472 0.10037770
v -0.02056024 -0.19845805 0.10195727
v -0.02488744 -0.18823878 0.09990646
v -0.02217384 -0.18777601 0.10140966
v -0.02642264 -0.17822159 0.09980851
v -0.02366665 -0.17778054 0.10123970
v -0.02818984 -0.16655099 0.09970130
v -0.02540344 -0.16611968 0.10107528
v -0.02991544 -0.15510085 0.09957788
v -0.03125784 -0.14618080 0.09951600
v -0.02710584 -0.15467657 0.10090637
v -0.02652824 -0.15458979 0.10146261
v -0.02842823 -0.14577829 0.10080843
v -0.02939063 -0.13926706 0.10084167
v -0.02784264 -0.14570062 0.10135658
v -0.02780104 -0.14570771 0.10205311
v -0.02879784 -0.13920443 0.10138433
v -0.02874904 -0.13922945 0.10207959
v -0.02950904 -0.13432070 0.10159864
v -0.03010263 -0.13438051 0.10105429
v -0.03009144 -0.13026051 0.10202468
v -0.02945703 -0.13435937 0.10229302
v -0.03019704 -0.13462394 0.10421039
v -0.03004744 -0.13025817 0.10272757
v -0.03061144 -0.12638308 0.10335154
v -0.03079144 -0.13054972 0.10464138
v -0.03142424 -0.13073090 0.10505454
v -0.03136344 -0.12665083 0.10526402
v -0.03186023 -0.12364861 0.10578954
v -0.03199384 -0.12683002 0.10566153
v -0.03244904 -0.12382510 0.10616283
v -0.03373544 -0.12716815 0.10520286
v -0.03748664 -0.12784079 0.10362175
v -0.03418984 -0.12409654 0.10562053
v -0.03314583 -0.13111767 0.10465066
v -0.03684983 -0.13189823 0.10317985
v -0.03256904 -0.13521118 0.10423048
v -0.03630824 -0.13605993 0.10277189
v -0.03192104 -0.14001518 0.10398961
v -0.03083224 -0.13479715 0.10462782
v -0.03014104 -0.13959658 0.10441315
v -0.02949704 -0.13943970 0.10399980
v -0.02922744 -0.14600720 0.10437544
v -0.02796744 -0.15483762 0.10446292
v -0.02857144 -0.14586748 0.10396894
v -0.03105863 -0.14640753 0.10391549
v -0.02983863 -0.15520300 0.10396652
v -0.03499144 -0.14726286 0.10232433
v -0.03384184 -0.15600268 0.10229674
v -0.04079144 -0.14847533 0.09953570
v -0.03575144 -0.14088762 0.10247465
v -0.04151064 -0.14208505 0.09976087
v -0.04878264 -0.14348587 0.09558926
v -0.04200904 -0.13722955 0.10009482
v -0.04251064 -0.13300293 0.10047151
v -0.04932424 -0.13857614 0.09590354
v -0.04979623 -0.13432240 0.09622607
v -0.05761304 -0.14014492 0.08925903
v -0.05806504 -0.13583024 0.08954813
v -0.06596024 -0.14178928 0.07966668
v -0.05700664 -0.14532159 0.08895179
v -0.05608184 -0.15233729 0.08863958
v -0.06538424 -0.14751084 0.07912108
v -0.07230104 -0.14835661 0.06724047
v -0.06452024 -0.15549296 0.07857488
v -0.07164504 -0.15714898 0.06572043
v -0.06309464 -0.16691632 0.07833005
v -0.07022664 -0.17082875 0.06567430
v -0.05458344 -0.16209922 0.08842320
v -0.06102104 -0.18181528 0.07840030
v -0.06821384 -0.18843920 0.06612152
v -0.05881064 -0.19658417 0.07867446
v -0.05240824 -0.17475762 0.08838894
v -0.04461784 -0.17053754 0.09510497
v -0.05015304 -0.18752635 0.08846818
v -0.04256344 -0.18233343 0.09507952
v -0.04838264 -0.19804340 0.08859330
v -0.04097544 -0.19241148 0.09502287
v -0.04683624 -0.20860386 0.08883764
v -0.05692824 -0.20807449 0.07906068
v -0.06405944 -0.21800352 0.06737392
v -0.05508984 -0.21853637 0.07957359
v -0.05298584 -0.23054459 0.08020968
v -0.06192184 -0.22847673 0.06817604
v -0.05934744 -0.23965229 0.06908482
v -0.06472824 -0.23402725 0.05597363
v -0.06283144 -0.23651930 0.04415358
v -0.06709944 -0.22336423 0.05488108
v -0.06186824 -0.24502318 0.05722011
v -0.05988904 -0.24775912 0.04580205
v -0.05898584 -0.25523155 0.05833506
v -0.05699224 -0.25815901 0.04730403
v -0.05662744 -0.26296300 0.05903769
v -0.05676104 -0.25031149 0.06988540
v -0.05094264 -0.24257268 0.08079661
v -0.05465864 -0.25867015 0.07037869
v -0.04935064 -0.25249685 0.08117233
v -0.05310104 -0.26470229 0.07063709
v -0.04822584 -0.25990844 0.08137318
v -0.05202264 -0.26879584 0.07077346
v -0.05484904 -0.26842338 0.05941854
v -0.05288744 -0.27153196 0.04885078
v -0.05357864 -0.27220095 0.05963838
v -0.05270744 -0.27449962 0.05975793
v -0.05163704 -0.27525402 0.04917421
v -0.04657145 -0.27817132 0.04043392
v -0.05078344 -0.27746377 0.04936971
v -0.05017304 -0.27841399 0.04952440
v -0.04592264 -0.28002605 0.04067604
v -0.04542665 -0.28080523 0.04089361
v -0.04099304 -0.28179257 0.03481068
v -0.04066264 -0.28236873 0.03504471
v -0.03858585 -0.28246904 0.03245527
v -0.04139064 -0.28034819 0.03455450
v -0.03882825 -0.28122320 0.03220302
v -0.04213785 -0.27705428 0.03406947
v -0.04758744 -0.27464137 0.04001387
v -0.04346505 -0.27099823 0.03313703
v -0.03944904 -0.27804434 0.03169671
v -0.03849785 -0.27807241 0.03158151
v -0.04067704 -0.27186241 0.03069956
v -0.03971625 -0.27186766 0.03058248
v -0.04250345 -0.26283971 0.02904491
v -0.04538744 -0.26219054 0.03158403
v -0.04484025 -0.25164378 0.02670275
v -0.04153385 -0.26280068 0.02891949
v -0.04385705 -0.25157588 0.02655942
v -0.04004185 -0.26222918 0.03024030
v -0.03978985 -0.26204916 0.03086451
v -0.04237065 -0.25099434 0.02788305
v -0.03820585 -0.27130444 0.03188407
v -0.03794665 -0.27112206 0.03250506
v -0.03696985 -0.27750646 0.03285888
v -0.03670824 -0.27730380 0.03346958
v -0.03636905 -0.28064538 0.03333976
v -0.03613945 -0.28039137 0.03396003
v -0.03620505 -0.28185095 0.03357318
v -0.03790105 -0.28122868 0.03208518
v -0.03771785 -0.28244800 0.03234782
v -0.03801385 -0.28286531 0.03291160
v -0.03652425 -0.28226902 0.03409292
v -0.04013705 -0.28242664 0.03539559
v -0.03860985 -0.28286578 0.03281314
v -0.03858825 -0.28181353 0.03650246
v -0.04482744 -0.28091339 0.04120534
v -0.04951464 -0.27855343 0.04971856
v -0.04316744 -0.28028345 0.04210492
v -0.04774104 -0.27793468 0.05024047
v -0.04272905 -0.27980428 0.04232216
v -0.04277944 -0.27895643 0.04240141
v -0.04727064 -0.27745631 0.05033595
v -0.03814984 -0.28139644 0.03674930
v -0.03775705 -0.28065935 0.03639234
v -0.03633464 -0.28196224 0.03456690
v -0.03608985 -0.28154179 0.03427375
v -0.03660905 -0.27994975 0.03478106
v -0.04074745 -0.27718715 0.03860274
v -0.03902825 -0.27805346 0.03699735
v -0.04447945 -0.27561228 0.04288308
v -0.04819944 -0.27353921 0.04979489
v -0.04971864 -0.27087950 0.05878924
v -0.04724584 -0.27663720 0.05027011
v -0.04900584 -0.27386229 0.05957146
v -0.04907384 -0.27465095 0.05975763
v -0.04773944 -0.27084260 0.06957608
v -0.04779944 -0.27161713 0.06981731
v -0.04844504 -0.26786285 0.06885578
v -0.04379944 -0.26784697 0.07938741
v -0.04385544 -0.26861194 0.07965751
v -0.03829944 -0.26531395 0.08760190
v -0.04444664 -0.26483113 0.07879493
v -0.03884344 -0.26225900 0.08712797
v -0.03281064 -0.26049339 0.09281312
v -0.03228984 -0.26356415 0.09322078
v -0.02667544 -0.25923781 0.09682462
v -0.02582504 -0.26225407 0.09737963
v -0.02080664 -0.25803615 0.10026414
v -0.01658184 -0.25644550 0.10272474
v -0.01902265 -0.26091444 0.10132902
v -0.01316344 -0.25903462 0.10474523
v -0.01888824 -0.26170706 0.10170691
v -0.02578744 -0.26299345 0.09770970
v -0.01915064 -0.26203098 0.10227010
v -0.01343704 -0.26062008 0.10484677
v -0.01372344 -0.26097824 0.10536848
v -0.01134744 -0.26004258 0.10616243
v -0.01120504 -0.25862301 0.10620622
v -0.01138264 -0.26018272 0.10673367
v -0.01238904 -0.26024951 0.10848692
v -0.01112824 -0.25858296 0.10695372
v -0.01215384 -0.25865214 0.10872940
v -0.01159384 -0.25498973 0.10689562
v -0.01156104 -0.25499264 0.10618538
v -0.01264104 -0.25506152 0.10868212
v -0.01253704 -0.24862711 0.10673555
v -0.01247064 -0.24863856 0.10604125
v -0.01397544 -0.23901700 0.10642116
v -0.01360104 -0.24869184 0.10851491
v -0.01441465 -0.24879988 0.10876060
v -0.01505383 -0.23906443 0.10818861
v -0.01693144 -0.22651444 0.10746759
v -0.01585463 -0.23916909 0.10843161
v -0.01817784 -0.23959417 0.10731646
v -0.01771224 -0.22661457 0.10772008
v -0.01990184 -0.22702237 0.10667326
v -0.01982904 -0.21212939 0.10651960
v -0.02188584 -0.21249610 0.10561996
v -0.02178904 -0.19850396 0.10539971
v -0.01907464 -0.21203190 0.10623614
v -0.02106184 -0.19840792 0.10507826
v -0.01803464 -0.21198007 0.10444731
v -0.02007784 -0.19832808 0.10325755
v -0.01797624 -0.21201259 0.10375519
v -0.01585545 -0.22647711 0.10569985
v -0.01578344 -0.22651348 0.10500889
v -0.01390264 -0.23904677 0.10572987
v -0.01439464 -0.23914287 0.10510124
v -0.01297784 -0.24865260 0.10541041
v -0.01564903 -0.24860523 0.10369812
v -0.01222344 -0.25489906 0.10547360
v -0.01513864 -0.25380733 0.10368600
v -0.02004024 -0.19835065 0.10256245
v -0.02163464 -0.18767782 0.10200091
v -0.02311144 -0.17768928 0.10181632
v -0.02165064 -0.18766467 0.10269803
v -0.02310825 -0.17768248 0.10251453
v -0.02257464 -0.18776891 0.10454865
v -0.02328184 -0.18786629 0.10489891
v -0.02397944 -0.17780009 0.10439008
v -0.02564824 -0.16614397 0.10423210
v -0.02467144 -0.17790156 0.10475996
v -0.02632984 -0.16625345 0.10461692
v -0.02656584 -0.17818831 0.10418634
v -0.02518904 -0.18815379 0.10426453
v -0.02821864 -0.16657353 0.10408511
v -0.03056824 -0.17885043 0.10236309
v -0.03612744 -0.18006272 0.09935629
v -0.03223463 -0.16729340 0.10234194
v -0.02920184 -0.18882347 0.10232489
v -0.03470424 -0.19005330 0.09924066
v -0.02785144 -0.19955777 0.10250552
v -0.02374504 -0.19882237 0.10466015
v -0.02621623 -0.21333034 0.10312666
v -0.03341384 -0.20081519 0.09925499
v -0.03962104 -0.20309900 0.09507325
v -0.03197785 -0.21461108 0.09957732
v -0.03058504 -0.22922692 0.10002089
v -0.03819784 -0.21668507 0.09535148
v -0.03688744 -0.23104462 0.09571940
v -0.04518344 -0.22159624 0.08925846
v -0.04365463 -0.23512926 0.08970703
v -0.04253785 -0.24668161 0.09002339
v -0.03592664 -0.24341249 0.09601109
v -0.04180104 -0.25549692 0.09021077
v -0.03528984 -0.25288708 0.09620688
v -0.04133144 -0.26140235 0.09030475
v -0.04747704 -0.26488669 0.08147150
v -0.03488504 -0.25920598 0.09631532
v -0.04100584 -0.26478820 0.09028857
v -0.04068824 -0.26624521 0.09012072
v -0.03460744 -0.26280420 0.09630139
v -0.04696904 -0.26777212 0.08147145
v -0.04653944 -0.26902170 0.08135131
v -0.05129384 -0.27122222 0.07081873
v -0.05074264 -0.27228086 0.07077468
v -0.05009064 -0.27249024 0.07061808
v -0.05208344 -0.27549941 0.05981477
v -0.05140424 -0.27566535 0.05983810
v -0.04956424 -0.27510654 0.05982909
v -0.04827784 -0.27204012 0.07004941
v -0.04429704 -0.26899610 0.08001827
v -0.04596504 -0.26930456 0.08104808
v -0.03874344 -0.26642086 0.08833952
v -0.03266185 -0.26464319 0.09402854
v -0.04020424 -0.26659841 0.08971171
v -0.03835304 -0.26607225 0.08788586
v -0.03232664 -0.26431691 0.09351478
v -0.03392424 -0.26474033 0.09563134
v -0.02719064 -0.26337062 0.09999614
v -0.03433864 -0.26434961 0.09610923
v -0.02756504 -0.26296934 0.10051181
v -0.02056824 -0.26169195 0.10458443
v -0.02784184 -0.26141609 0.10071329
v -0.02818104 -0.25780134 0.10071555
v -0.02087944 -0.26015006 0.10478434
v -0.02132744 -0.25655118 0.10477550
v -0.01543064 -0.25917787 0.10782346
v -0.01596024 -0.25559672 0.10779741
v -0.01511384 -0.26069067 0.10765072
v -0.01292824 -0.25873648 0.10897881
v -0.01345704 -0.25516662 0.10893194
v -0.01289144 -0.26013842 0.10880520
v -0.01474904 -0.26104097 0.10714892
v -0.02020264 -0.26208734 0.10405780
v -0.01684904 -0.24922681 0.10763097
v -0.02204184 -0.25017512 0.10462391
v -0.02869784 -0.25142132 0.10058533
v -0.02311144 -0.24054143 0.10435170
v -0.02453144 -0.22794063 0.10386270
v -0.02948424 -0.24180725 0.10036166
v -0.02607224 -0.26330841 0.09826100
v -0.03791304 -0.16850597 0.09939792
v -0.03962264 -0.15722056 0.09942367
v -0.04660344 -0.15896927 0.09515985
v -0.04795944 -0.15000617 0.09532648
v -0.02481624 -0.16602356 0.10233815
v -0.02729704 -0.15471565 0.10406681
v -0.02649784 -0.15458677 0.10215944
v -0.02483544 -0.16603010 0.10164071
v -0.03908984 -0.27649077 0.03655172
v -0.04022665 -0.27093086 0.03567539
v -0.03701385 -0.27711338 0.03419761
v -0.03823864 -0.27102954 0.03324925
v -0.04008824 -0.26196674 0.03160842
v -0.04208985 -0.26192979 0.03402393
v -0.04242105 -0.25072585 0.02925185
v -0.04212105 -0.25081156 0.02850810
v -0.04505624 -0.23881325 0.02661237
v -0.04442905 -0.25067632 0.03166190
v -0.04701945 -0.23874934 0.02905903
v -0.04990025 -0.22655448 0.02648814
v -0.05414745 -0.20940138 0.02304366
v -0.04805625 -0.22664053 0.02394873
v -0.04780665 -0.22673210 0.02318836
v -0.05250185 -0.20952726 0.02037504
v -0.05231304 -0.20962222 0.01960065
v -0.05892425 -0.18475813 0.01535526
v -0.06463065 -0.16255767 0.01091168
v -0.05881624 -0.18485050 0.01457006
v -0.06029785 -0.18461924 0.01816952
v -0.06569945 -0.16271081 0.01389345
v -0.06799784 -0.15358483 0.01271403
v -0.06716185 -0.15268782 0.00933399
v -0.06922745 -0.15158547 0.01646267
v -0.06840904 -0.14990756 0.01202892
v -0.07165464 -0.14911456 0.02546552
v -0.07157065 -0.14656468 0.02320701
v -0.07410584 -0.14635540 0.03470643
v -0.07501384 -0.14482783 0.03973558
v -0.07437224 -0.14349117 0.03341766
v -0.07469864 -0.14282007 0.03312993
v -0.07544424 -0.14186158 0.03881544
v -0.07517304 -0.14064333 0.04284993
v -0.07580264 -0.14117265 0.03861174
v -0.07554344 -0.13995093 0.04267442
v -0.07645704 -0.14094897 0.03856096
v -0.07620184 -0.13972481 0.04266217
v -0.07534504 -0.14260126 0.03301878
v -0.07849544 -0.14113665 0.03874210
v -0.07896024 -0.14183877 0.03937011
v -0.07738424 -0.14281743 0.03295867
v -0.07823224 -0.13988621 0.04303009
v -0.07738744 -0.13788348 0.04973919
v -0.07869304 -0.14035050 0.04388131
v -0.07823784 -0.14236882 0.04738077
v -0.07787144 -0.13819604 0.05055882
v -0.07695144 -0.13592151 0.05793880
v -0.07761624 -0.13922931 0.05344017
v -0.07625544 -0.14117635 0.05978182
v -0.07690584 -0.13661635 0.05971527
v -0.07600904 -0.13776230 0.06363003
v -0.07599704 -0.13479119 0.06492201
v -0.07566264 -0.13580874 0.06615243
v -0.07589064 -0.13411727 0.06414793
v -0.07308584 -0.13320156 0.07134212
v -0.07294024 -0.13221803 0.07107626
v -0.07299304 -0.13518782 0.07141420
v -0.06680024 -0.13093560 0.08055472
v -0.06668024 -0.12962170 0.08044487
v -0.05868984 -0.12854116 0.08992993
v -0.06666584 -0.13364372 0.08045269
v -0.06636904 -0.13737642 0.08012336
v -0.05845623 -0.13172342 0.08980467
v -0.05032424 -0.13010194 0.09649930
v -0.05072424 -0.12676566 0.09661985
v -0.04314663 -0.12883194 0.10080227
v -0.04367144 -0.12554488 0.10096191
v -0.03799944 -0.12466197 0.10390178
v -0.04381704 -0.12395970 0.10082618
v -0.04360504 -0.12345457 0.10030693
v -0.03815384 -0.12312626 0.10382362
v -0.05078744 -0.12516159 0.09647758
v -0.05864424 -0.12700946 0.08981368
v -0.05050824 -0.12466100 0.09598477
v -0.04940184 -0.12439267 0.09429856
v -0.05827704 -0.12652549 0.08937936
v -0.06622984 -0.12917509 0.08008615
v -0.05694263 -0.12628488 0.08789203
v -0.06464904 -0.12895166 0.07888813
v -0.05647544 -0.12650682 0.08745009
v -0.06410984 -0.12917739 0.07855263
v -0.05613784 -0.12721120 0.08728410
v -0.04901064 -0.12460722 0.09377585
v -0.04241384 -0.12336961 0.09790227
v -0.04872184 -0.12531158 0.09352964
v -0.04227464 -0.12408763 0.09754986
v -0.04809304 -0.12837539 0.09339539
v -0.05543224 -0.13026152 0.08738562
v -0.04212824 -0.12721775 0.09705458
v -0.03816824 -0.12657398 0.09918252
v -0.03725144 -0.12329116 0.10023924
v -0.03588744 -0.12637385 0.10027781
v -0.03392264 -0.12293287 0.10184751
v -0.03472984 -0.12660846 0.10071879
v -0.03231543 -0.12315710 0.10250011
v -0.03418903 -0.12738659 0.10072378
v -0.03383224 -0.12886022 0.10046487
v -0.03166823 -0.12439777 0.10245664
v -0.03117944 -0.12696845 0.10200982
v -0.03114984 -0.12365924 0.10312626
v -0.03063784 -0.12651084 0.10262632
v -0.03112744 -0.12341077 0.10387772
v -0.03179544 -0.12232178 0.10319148
v -0.03349384 -0.12212551 0.10249048
v -0.03175384 -0.12204462 0.10395766
v -0.03348024 -0.12187459 0.10323619
v -0.03242904 -0.12229557 0.10586758
v -0.03276504 -0.12256587 0.10622909
v -0.03415143 -0.12217427 0.10515079
v -0.03797064 -0.12262557 0.10330904
v -0.03433623 -0.12263272 0.10563090
v -0.03721384 -0.12230982 0.10142551
v -0.04269384 -0.12315716 0.09849831
v -0.03709544 -0.12253479 0.10074636
v -0.03066903 -0.13043207 0.10145891
v -0.03346024 -0.13124027 0.10010424
v -0.03295064 -0.13475348 0.09978222
v -0.03223624 -0.13962802 0.09957347
v -0.06305624 -0.13291911 0.07881096
v -0.06900824 -0.13557507 0.07018903
v -0.06374504 -0.12988086 0.07847828
v -0.06965384 -0.13255549 0.06964220
v -0.07003544 -0.13185569 0.06962407
v -0.07241064 -0.13455455 0.06302560
v -0.07340824 -0.13640872 0.05688084
v -0.07279304 -0.13385839 0.06293169
v -0.07182264 -0.13755509 0.06372961
v -0.07286984 -0.13939401 0.05767970
v -0.07381544 -0.14163347 0.05027745
v -0.07432984 -0.13865397 0.04944273
v -0.07468104 -0.14362274 0.04369882
v -0.07470424 -0.13796084 0.04927787
v -0.07536264 -0.13773278 0.04928593
v -0.07378584 -0.13571417 0.05673728
v -0.07443864 -0.13548575 0.05677699
v -0.07342984 -0.13363055 0.06304426
v -0.07643784 -0.13564446 0.05729785
v -0.07536104 -0.13381132 0.06370799
v -0.07242984 -0.13183452 0.07073826
v -0.07063544 -0.13162883 0.06984141
v -0.07284184 -0.13822405 0.07055717
v -0.07263624 -0.14241754 0.06905244
v -0.07640744 -0.14625446 0.05545888
v -0.07625944 -0.15446295 0.05021624
v -0.07407864 -0.17159294 0.05177108
v -0.07644504 -0.15546178 0.03643814
v -0.07843624 -0.14530089 0.04233005
v -0.07763784 -0.14695253 0.03427828
v -0.07789944 -0.14354354 0.03316106
v -0.07507464 -0.14878821 0.02255097
v -0.07508664 -0.14649952 0.02241774
v -0.07226185 -0.15045505 0.01212811
v -0.07433304 -0.15475314 0.02299883
v -0.07176824 -0.15379897 0.01234496
v -0.07208664 -0.16774385 0.02422552
v -0.06785784 -0.18909753 0.02680917
v -0.06928985 -0.16483711 0.01389747
v -0.07438264 -0.17053763 0.03786617
v -0.07135544 -0.19114682 0.03947479
v -0.07173864 -0.19136065 0.05287844
v -0.06812584 -0.21122371 0.04121358
v -0.06320024 -0.21119188 0.02976005
v -0.06541944 -0.22548654 0.04269962
v -0.06931384 -0.20996856 0.05389153
v -0.06605144 -0.20542366 0.06669654
v -0.05967624 -0.22667871 0.03202489
v -0.05362505 -0.22738069 0.02459740
v -0.05683944 -0.23821354 0.03395290
v -0.05058264 -0.23934803 0.02693920
v -0.05397304 -0.24976199 0.03603794
v -0.05128505 -0.26051795 0.03794401
v -0.04783225 -0.25113140 0.02937004
v -0.04913945 -0.26885808 0.03924646
v -0.05464504 -0.26602389 0.04829010
v -0.04753545 -0.23975744 0.02412300
v -0.05066425 -0.22760015 0.02159102
v -0.04654105 -0.23966968 0.02394861
v -0.04967065 -0.22748175 0.02136310
v -0.04503145 -0.23908578 0.02524396
v -0.04809785 -0.22691237 0.02258261
v -0.04476984 -0.23890211 0.02586372
v -0.05265385 -0.20979142 0.01902331
v -0.05921945 -0.18499995 0.01403606
v -0.05432345 -0.21032425 0.01794152
v -0.06100345 -0.18547007 0.01315094
v -0.05528105 -0.21051937 0.01826696
v -0.06188265 -0.18579069 0.01362539
v -0.05790904 -0.21078894 0.02161059
v -0.06391465 -0.18686734 0.01750669
v -0.06776505 -0.16346653 0.00952804
v -0.06695225 -0.16311618 0.00891677
v -0.07035065 -0.15331484 0.00777672
v -0.06954745 -0.15314067 0.00710497
v -0.07077865 -0.15117792 0.00756142
v -0.07084665 -0.15063094 0.00795624
v -0.06998745 -0.15121121 0.00690548
v -0.06804345 -0.15094482 0.00746435
v -0.07025225 -0.15057757 0.00769280
v -0.07161064 -0.14901611 0.01226381
v -0.06831865 -0.15033553 0.00820972
v -0.06962904 -0.14877624 0.01270701
v -0.06791064 -0.15026917 0.00868438
v -0.06899625 -0.14897368 0.01277829
v -0.06763305 -0.15075365 0.00821138
v -0.06712905 -0.15269655 0.00823610
v -0.06761065 -0.15281992 0.00771094
v -0.06460664 -0.16259650 0.01011284
v -0.06506905 -0.16272157 0.00962079
v -0.07187384 -0.14590699 0.02288321
v -0.07251304 -0.14569030 0.02274011
v -0.07453625 -0.14592408 0.02245551
v -0.07216104 -0.14937886 0.01216937
v 0.03803815 -0.00494548 0.09265927
v 0.03792296 -0.00176993 0.09256845
v 0.03140215 -0.00493750 0.09772578
v 0.04332055 -0.00626526 0.08771784
v 0.04360935 -0.00316959 0.08730683
v 0.04858536 -0.00787132 0.08164198
v 0.04888776 -0.00478699 0.08114914
v 0.05509574 -0.01000301 0.07351696
v 0.05529175 -0.00691317 0.07299238
v 0.06011414 -0.01200611 0.06575423
v 0.06012294 -0.00893084 0.06510956
v 0.06098056 -0.01422886 0.05974494
v 0.05932934 -0.02191283 0.04948069
v 0.06071894 -0.01124749 0.05878348
v 0.06089976 -0.01050176 0.05859355
v 0.05878455 -0.01927007 0.04794538
v 0.05672454 -0.03683392 0.02794074
v 0.05888214 -0.01858320 0.04759355
v 0.05675735 -0.03597523 0.02761563
v 0.05942936 -0.01822791 0.04744455
v 0.05728216 -0.03554155 0.02744381
v 0.06146695 -0.01014860 0.05858142
v 0.06152055 -0.01796444 0.04727649
v 0.06345894 -0.00994194 0.05877059
v 0.06235253 -0.01952740 0.04706204
v 0.05938455 -0.03520312 0.02705341
v 0.05787415 -0.05238181 0.00781832
v 0.06017815 -0.03621883 0.02684431
v 0.06149415 -0.04276054 0.02604815
v 0.05857414 -0.05286396 0.00771312
v 0.05791174 -0.05987485 0.00000082
v 0.05944294 -0.05615861 0.00766691
v 0.06098534 -0.06418989 0.00774975
v 0.05837335 -0.06217562 -0.00032690
v 0.05944053 -0.06695441 0.00057360
v 0.05766615 -0.06321215 -0.00144138
v 0.05732214 -0.06034740 -0.00054348
v 0.05570854 -0.06358609 -0.00091659
v 0.05863015 -0.06748217 -0.00045541
v 0.05982694 -0.07590722 0.00150439
v 0.05666374 -0.06778053 0.00008167
v 0.05612854 -0.06765745 0.00063365
v 0.05785095 -0.07609118 0.00205794
v 0.05893253 -0.08912082 0.00495844
v 0.05732054 -0.07608640 0.00250857
v 0.05723974 -0.07597661 0.00330438
v 0.05841014 -0.08910672 0.00542046
v 0.05932135 -0.10254619 0.00792654
v 0.05833813 -0.08899245 0.00621743
v 0.05906693 -0.08846293 0.00923219
v 0.05925733 -0.10246498 0.00873014
v 0.06001815 -0.10210302 0.01176288
v 0.05995015 -0.11262592 0.00968370
v 0.06001333 -0.11267318 0.00887906
v 0.06024214 -0.12286407 0.00994110
v 0.06071655 -0.11242756 0.01272821
v 0.06104373 -0.12276160 0.01297527
v 0.06059975 -0.13757420 0.01374978
v 0.05790373 -0.15856134 0.01581171
v 0.05967254 -0.13765294 0.01075275
v 0.05676533 -0.15864227 0.01289054
v 0.05969335 -0.13768947 0.00995321
v 0.05672695 -0.15869587 0.01209533
v 0.06029655 -0.12289393 0.00913872
v 0.06018933 -0.13774134 0.00947668
v 0.06213335 -0.13795911 0.00885468
v 0.05718295 -0.15878773 0.01159158
v 0.06081175 -0.12291828 0.00867310
v 0.06053335 -0.11269118 0.00841235
v 0.06279015 -0.12304663 0.00810099
v 0.06251973 -0.11277919 0.00783810
v 0.06360613 -0.12362374 0.00874726
v 0.06336373 -0.11337524 0.00849092
v 0.06292295 -0.13849091 0.00947390
v 0.06501013 -0.12661557 0.01303599
v 0.06491815 -0.11654482 0.01282745
v 0.06422135 -0.14109191 0.01368147
v 0.06747734 -0.13331619 0.02319190
v 0.06771413 -0.12368349 0.02310465
v 0.06647414 -0.14684848 0.02365112
v 0.06922454 -0.14096056 0.03706031
v 0.06808535 -0.15319928 0.03723449
v 0.06977734 -0.13198166 0.03715197
v 0.06829013 -0.14634591 0.05176624
v 0.06724455 -0.15719742 0.05160540
v 0.06425016 -0.14857249 0.06592682
v 0.06896054 -0.13815693 0.05205365
v 0.06965096 -0.12814796 0.05265675
v 0.06492855 -0.14125479 0.06633422
v 0.06576135 -0.13184220 0.06690504
v 0.05805895 -0.14127764 0.07891147
v 0.05736055 -0.14772361 0.07852679
v 0.04976615 -0.13972499 0.08884235
v 0.05893495 -0.13235723 0.07941853
v 0.05071095 -0.13114468 0.08932169
v 0.06016054 -0.11649662 0.08002076
v 0.05214535 -0.11534421 0.08988524
v 0.06085255 -0.09012614 0.07975131
v 0.06687894 -0.11580252 0.06769639
v 0.06727335 -0.08976044 0.06805833
v 0.07047734 -0.11166593 0.05377589
v 0.07027413 -0.08621087 0.05529682
v 0.07051095 -0.10505595 0.03846227
v 0.06970775 -0.08159380 0.04030463
v 0.07016293 -0.12154667 0.03755800
v 0.06741413 -0.09772385 0.02260904
v 0.06763975 -0.11322126 0.02296683
v 0.06374053 -0.09196424 0.01035639
v 0.06634454 -0.07835172 0.02285193
v 0.06395494 -0.05820215 0.02434765
v 0.06263334 -0.07662552 0.00853401
v 0.06071333 -0.07597193 0.00240049
v 0.06181175 -0.08948218 0.00515104
v 0.06269573 -0.10317019 0.00755329
v 0.06091255 -0.08906379 0.00438302
v 0.06182293 -0.10260976 0.00687110
v 0.05983893 -0.10256639 0.00745799
v 0.06443013 -0.10624171 0.01213179
v 0.06695415 -0.05314531 0.04322195
v 0.06393334 -0.02961495 0.04588853
v 0.06815655 -0.05277388 0.05695622
v 0.06562376 -0.02417029 0.05824405
v 0.06611895 -0.05409882 0.06746127
v 0.06447096 -0.02310068 0.06654917
v 0.06025176 -0.05353951 0.07791082
v 0.05301656 -0.05189108 0.08721197
v 0.05913894 -0.02159262 0.07577568
v 0.05227175 -0.01964185 0.08467476
v 0.05839655 -0.00778807 0.07468448
v 0.05171175 -0.00570546 0.08337246
v 0.05779016 -0.00565761 0.07422628
v 0.06347735 -0.00971406 0.06604198
v 0.06424296 -0.01184608 0.05875770
v 0.06278534 -0.00764896 0.06577984
v 0.06094534 -0.00781804 0.06518072
v 0.06037574 -0.00816717 0.06504543
v 0.05611575 -0.00580299 0.07325988
v 0.04966775 -0.00368517 0.08154951
v 0.05557334 -0.00614792 0.07300298
v 0.04916935 -0.00402478 0.08120494
v 0.04387015 -0.00240656 0.08740417
v 0.04432615 -0.00206943 0.08780966
v 0.03809495 -0.00099390 0.09274206
v 0.03850215 -0.00065487 0.09319545
v 0.03027576 0.00040562 0.09853767
v 0.03021016 -0.00104564 0.09832797
v 0.03064776 0.00088285 0.09900869
v 0.02329576 0.00099426 0.10335460
v 0.02259736 -0.00671277 0.10395543
v 0.02368615 0.00207568 0.10375109
v 0.02055016 0.00032135 0.10537263
v 0.02058535 0.00105216 0.10592256
v 0.02013896 -0.00868591 0.10605662
v 0.01992616 -0.03151774 0.10750781
v 0.02002055 -0.00885352 0.10686093
v 0.02105736 -0.00876193 0.10859062
v 0.01994536 -0.03146908 0.10821177
v 0.02094535 -0.03143154 0.10999787
v 0.01965736 -0.05470031 0.10961050
v 0.02055336 -0.05471155 0.11145644
v 0.01963656 -0.05482475 0.10893777
v 0.01883655 -0.06637421 0.11038804
v 0.01956296 -0.06639197 0.11232034
v 0.01885895 -0.06653699 0.10971852
v 0.01735576 -0.06992179 0.11068053
v 0.01740536 -0.07014117 0.11001722
v 0.01520856 -0.07146060 0.11077887
v 0.01789016 -0.06992240 0.11269459
v 0.01822856 -0.07020056 0.11329578
v 0.01557576 -0.07145055 0.11283649
v 0.01595256 -0.07175499 0.11345313
v 0.01289816 -0.07226276 0.11285595
v 0.01318456 -0.07280419 0.11348477
v 0.01001816 -0.07247812 0.11282067
v 0.01267336 -0.07227643 0.11078353
v 0.00991575 -0.07249143 0.11074396
v 0.01269016 -0.07257200 0.11013906
v 0.00991896 -0.07279863 0.11010801
v 0.01524856 -0.07172829 0.11012429
v 0.01284936 -0.07330361 0.10981079
v 0.01360616 -0.07632671 0.10950133
v 0.00997495 -0.07355633 0.10980684
v 0.01556136 -0.07238130 0.10975478
v 0.01703416 -0.07508622 0.10926740
v 0.01785975 -0.07066782 0.10959287
v 0.01938376 -0.06691383 0.10923391
v 0.02002136 -0.07283859 0.10886243
v 0.02195816 -0.06845821 0.10821166
v 0.02290055 -0.05652671 0.10711074
v 0.02017335 -0.05513725 0.10839782
v 0.02345736 -0.03419590 0.10527592
v 0.02062616 -0.03170978 0.10679113
v 0.02577096 -0.01319688 0.10222855
v 0.01024456 -0.07669104 0.10961209
v 0.00634616 -0.07348725 0.10978933
v 0.00634136 -0.07272910 0.11007532
v 0.00155176 -0.07342915 0.10979354
v 0.00636936 -0.07662554 0.10965753
v 0.00151016 -0.07655982 0.10968698
v -0.00328504 -0.07654224 0.10970927
v -0.00326264 -0.07341374 0.10981145
v -0.00693784 -0.07653510 0.10972465
v -0.00976263 -0.07653086 0.10973590
v -0.00693224 -0.07340811 0.10982729
v -0.00692984 -0.07264953 0.11010645
v -0.00977304 -0.07340313 0.10983834
v -0.01237944 -0.07340648 0.10984936
v -0.00977384 -0.07264606 0.11011795
v -0.00977144 -0.07233939 0.11074655
v -0.01238504 -0.07264949 0.11013151
v -0.01496344 -0.07269537 0.11015955
v -0.01238424 -0.07234108 0.11076043
v -0.01237304 -0.07233229 0.11283599
v -0.01496984 -0.07238927 0.11079169
v -0.01758264 -0.07246721 0.11085199
v -0.01500024 -0.07238749 0.11286351
v -0.01500584 -0.07346577 0.11349389
v -0.01772424 -0.07248229 0.11291216
v -0.01775864 -0.07357073 0.11353642
v -0.02036104 -0.07235754 0.11294890
v -0.02043464 -0.07347516 0.11355687
v -0.02006904 -0.07232524 0.11091526
v -0.02264824 -0.07183583 0.11294439
v -0.02221544 -0.07179263 0.11095510
v -0.02275864 -0.07300122 0.11351582
v -0.02429464 -0.07129977 0.11290967
v -0.02376264 -0.07125032 0.11097445
v -0.02441543 -0.07248259 0.11342616
v -0.02510583 -0.07215248 0.11280597
v -0.02453624 -0.07208942 0.11090761
v -0.02512424 -0.07278130 0.11326980
v -0.02533144 -0.07927888 0.11233747
v -0.02522024 -0.07937322 0.11294420
v -0.02529224 -0.09562078 0.11121198
v -0.02475864 -0.07917371 0.11040136
v -0.02474344 -0.09543028 0.10924008
v -0.02433383 -0.07906674 0.10990281
v -0.02334744 -0.07784140 0.10987900
v -0.02429544 -0.09541020 0.10872512
v -0.02428024 -0.07262259 0.11042005
v -0.02358024 -0.07207920 0.11039313
v -0.02207704 -0.07220701 0.11035731
v -0.02185224 -0.07356845 0.11009629
v -0.02000024 -0.07263246 0.11028765
v -0.01996424 -0.07344726 0.10999119
v -0.01755784 -0.07277058 0.11021485
v -0.01758264 -0.07353740 0.10990557
v -0.01496824 -0.07345358 0.10986776
v -0.01774824 -0.07671882 0.10968065
v -0.01500104 -0.07658545 0.10971561
v -0.01983864 -0.07690374 0.10981835
v -0.02062024 -0.07795946 0.11019123
v -0.02061464 -0.08417284 0.11019512
v -0.02047784 -0.09830757 0.10930025
v -0.02023064 -0.11355909 0.10793345
v -0.02348983 -0.09566656 0.10865373
v -0.02328024 -0.11285179 0.10719526
v -0.02407384 -0.11276026 0.10726040
v -0.02282664 -0.12299047 0.10588257
v -0.02362103 -0.12306210 0.10593594
v -0.02226104 -0.12827663 0.10491898
v -0.01978344 -0.12290592 0.10667514
v -0.01924104 -0.12800998 0.10577776
v -0.01870583 -0.13224548 0.10534946
v -0.02168984 -0.13257471 0.10440510
v -0.01806584 -0.13713659 0.10526020
v -0.02101544 -0.13751187 0.10423532
v -0.01716744 -0.14369582 0.10534758
v -0.02009304 -0.14410329 0.10427139
v -0.01590665 -0.15272112 0.10555903
v -0.01881623 -0.15314894 0.10445141
v -0.01427784 -0.16426166 0.10584259
v -0.01717944 -0.16469940 0.10471873
v -0.01263064 -0.17557807 0.10603259
v -0.01555704 -0.17602121 0.10497387
v -0.01132825 -0.18391187 0.10597691
v -0.01432904 -0.18436364 0.10512217
v -0.01045224 -0.18922015 0.10569601
v -0.01352824 -0.18967541 0.10513982
v -0.00989784 -0.19276183 0.10529065
v -0.01300425 -0.19321208 0.10505299
v -0.00910584 -0.19830229 0.10501294
v -0.01221464 -0.19874441 0.10502101
v -0.00766584 -0.20846423 0.10505767
v -0.01077304 -0.20890258 0.10517239
v -0.00620104 -0.21879766 0.10524854
v -0.00930745 -0.21923531 0.10538226
v -0.00531944 -0.22500887 0.10537880
v -0.00842665 -0.22544427 0.10551437
v -0.00454104 -0.23050070 0.10549756
v -0.00764984 -0.23091634 0.10563217
v -0.00332824 -0.23933594 0.10569095
v -0.00202744 -0.25053201 0.10593907
v -0.00644424 -0.23970421 0.10582464
v -0.00719145 -0.23978690 0.10611281
v -0.00515144 -0.25082459 0.10607165
v -0.00590024 -0.25088879 0.10636010
v -0.00423065 -0.26346040 0.10640576
v -0.00109945 -0.26326332 0.10627525
v -0.00373144 -0.28248985 0.10717670
v -0.00498104 -0.26350002 0.10669264
v -0.00448344 -0.28250539 0.10746300
v -0.00527784 -0.26349917 0.10732411
v -0.00532744 -0.26319448 0.10938893
v -0.00477944 -0.28249135 0.10809383
v -0.00619624 -0.25090057 0.10699121
v -0.00624904 -0.25051261 0.10905513
v -0.00748664 -0.23980855 0.10674440
v -0.00752344 -0.23951255 0.10881099
v -0.00868984 -0.23103715 0.10655272
v -0.00946584 -0.22557114 0.10643424
v -0.00839544 -0.23101043 0.10592128
v -0.00871943 -0.23081507 0.10862074
v -0.00850504 -0.23022308 0.10923679
v -0.00951544 -0.22523204 0.10849953
v -0.01041544 -0.21893114 0.10836476
v -0.00934184 -0.22420245 0.10910638
v -0.01030984 -0.21770477 0.10896739
v -0.00877063 -0.22082084 0.10931351
v -0.00728504 -0.21283832 0.10924625
v -0.00789784 -0.22846703 0.10947901
v -0.00999464 -0.21420085 0.10917271
v -0.01142824 -0.20588319 0.10900599
v -0.00952424 -0.20692740 0.10912887
v -0.00952904 -0.19635205 0.10904466
v -0.01091705 -0.20288926 0.10904433
v -0.01152024 -0.19546271 0.10900109
v -0.01265544 -0.19694915 0.10888806
v -0.01246984 -0.18668759 0.10912917
v -0.00970584 -0.18661180 0.10916981
v -0.01363224 -0.19059128 0.10890323
v -0.01450263 -0.18314232 0.10911979
v -0.01241864 -0.17639257 0.10943956
v -0.00973864 -0.17651796 0.10946987
v -0.01250184 -0.16437955 0.10978305
v -0.01467945 -0.17563104 0.10930754
v -0.01624344 -0.17516667 0.10898273
v -0.01503304 -0.16436477 0.10954126
v -0.01539224 -0.15255100 0.10978112
v -0.01711224 -0.16449023 0.10900088
v -0.01797863 -0.15286942 0.10904156
v -0.01853703 -0.16472752 0.10835299
v -0.01711384 -0.17552063 0.10854639
v -0.01991063 -0.15319820 0.10819567
v -0.01920503 -0.16487910 0.10777034
v -0.01751064 -0.17593158 0.10805956
v -0.01927384 -0.16493035 0.10706048
v -0.02080344 -0.15336523 0.10752576
v -0.02090744 -0.15340073 0.10680448
v -0.02202424 -0.14434605 0.10737714
v -0.02287384 -0.13783005 0.10737635
v -0.02215624 -0.14438606 0.10664634
v -0.02096344 -0.14412785 0.10810849
v -0.01864743 -0.14368298 0.10909818
v -0.02169144 -0.13757557 0.10814773
v -0.02217064 -0.13270839 0.10840130
v -0.01910104 -0.13704127 0.10923159
v -0.01585144 -0.13651505 0.11020843
v -0.01937544 -0.13206571 0.10955357
v -0.01592984 -0.13147988 0.11057842
v -0.01954584 -0.12718873 0.11029387
v -0.02253864 -0.12823231 0.10904529
v -0.01591784 -0.12658825 0.11127585
v -0.01972504 -0.11970284 0.11171010
v -0.02168903 -0.11013746 0.11240778
v -0.01573623 -0.11999944 0.11238035
v -0.01807383 -0.10882707 0.11325830
v -0.02301223 -0.12247392 0.11014217
v -0.02439544 -0.12338446 0.10920441
v -0.02379224 -0.11229232 0.11131739
v -0.02427144 -0.09535951 0.11247100
v -0.02486263 -0.11300338 0.11052001
v -0.02505064 -0.11311250 0.10976242
v -0.02513784 -0.09561185 0.11190619
v -0.02462424 -0.12350784 0.10842440
v -0.02451863 -0.11283431 0.10777659
v -0.02407304 -0.12318635 0.10644640
v -0.02352424 -0.12850795 0.10545672
v -0.02412504 -0.12881375 0.10741747
v -0.02305784 -0.12838269 0.10495514
v -0.02297064 -0.13279115 0.10490911
v -0.02363544 -0.13302842 0.10685336
v -0.02248744 -0.13268496 0.10441914
v -0.02231064 -0.13770712 0.10470704
v -0.02139784 -0.14428554 0.10472248
v -0.02303224 -0.13786181 0.10663972
v -0.02181224 -0.13762177 0.10422836
v -0.02088984 -0.14421380 0.10425127
v -0.01961224 -0.15326148 0.10442186
v -0.01797464 -0.16481232 0.10468512
v -0.02012664 -0.15332571 0.10488747
v -0.01848904 -0.16487494 0.10514773
v -0.01682984 -0.17619838 0.10543346
v -0.01634344 -0.17613617 0.10495843
v -0.01551304 -0.18454298 0.10567433
v -0.01753384 -0.17616802 0.10736462
v -0.01600504 -0.18432479 0.10765744
v -0.01602824 -0.18366379 0.10833875
v -0.01487864 -0.18951773 0.10785564
v -0.01488344 -0.18855547 0.10852460
v -0.01416744 -0.19313219 0.10791262
v -0.01462105 -0.18985379 0.10581700
v -0.01405465 -0.19338170 0.10584786
v -0.01428344 -0.18979224 0.10525947
v -0.01375144 -0.19332487 0.10525248
v -0.01510024 -0.18447998 0.10516313
v -0.01296025 -0.19885257 0.10528010
v -0.01151784 -0.20900588 0.10545591
v -0.01325544 -0.19890046 0.10589956
v -0.01331384 -0.19872674 0.10796795
v -0.01181224 -0.20904471 0.10608601
v -0.01034584 -0.21936745 0.10630124
v -0.01187144 -0.20873599 0.10815043
v -0.01174904 -0.20790674 0.10876341
v -0.01315384 -0.19819693 0.10859942
v -0.01406824 -0.19235874 0.10856501
v -0.01005224 -0.21933644 0.10567016
v -0.00917144 -0.22554288 0.10580234
v -0.01473464 -0.18669165 0.10889140
v -0.01588344 -0.18254487 0.10874315
v -0.01562184 -0.18106413 0.10898405
v -0.02344824 -0.13301053 0.10759666
v -0.02390903 -0.12876772 0.10817654
v -0.02442424 -0.07949988 0.11328326
v -0.02247304 -0.09469314 0.11312309
v -0.02272503 -0.07971726 0.11356526
v -0.02017304 -0.09377194 0.11363646
v -0.02037383 -0.07986899 0.11376313
v -0.01999943 -0.10568673 0.11321150
v -0.01764584 -0.09379272 0.11382239
v -0.01497784 -0.09371024 0.11384930
v -0.01771224 -0.07981000 0.11381469
v -0.01498663 -0.07966805 0.11378942
v -0.01236024 -0.07959881 0.11376685
v -0.01235544 -0.09362289 0.11384802
v -0.01236824 -0.07340659 0.11346851
v -0.00974743 -0.07958811 0.11375526
v -0.00973864 -0.09360519 0.11384016
v -0.00691384 -0.07959057 0.11374429
v -0.00975463 -0.07340037 0.11345576
v -0.00975944 -0.07232786 0.11282295
v -0.00691544 -0.07340384 0.11344427
v -0.00325143 -0.07341001 0.11342943
v -0.00691784 -0.07233288 0.11281194
v -0.00692664 -0.07234363 0.11073530
v -0.00325064 -0.07233900 0.11279707
v 0.00156056 -0.07235473 0.11278093
v -0.00325384 -0.07235077 0.11071990
v -0.00325704 -0.07265644 0.11009182
v 0.00156296 -0.07236577 0.11070353
v 0.00156055 -0.07267167 0.11007470
v 0.00634216 -0.07242329 0.11070669
v 0.00636376 -0.07241052 0.11278439
v 0.00640856 -0.07344712 0.11341721
v 0.00655815 -0.07940372 0.11371550
v 0.01017096 -0.07338337 0.11345399
v 0.00156216 -0.07342067 0.11341342
v 0.00157096 -0.07958104 0.11371218
v -0.00325784 -0.07959670 0.11372943
v 0.00158456 -0.09356834 0.11379061
v 0.00679816 -0.09312726 0.11375696
v 0.00162695 -0.10926133 0.11344198
v -0.00327064 -0.09361482 0.11381383
v -0.00691304 -0.09360490 0.11383006
v -0.00327864 -0.10923372 0.11350301
v -0.00326984 -0.11985416 0.11267077
v -0.00692424 -0.10922007 0.11352061
v -0.00695304 -0.11983474 0.11269081
v -0.00975624 -0.10922136 0.11353019
v -0.01242183 -0.10924843 0.11352080
v -0.00981864 -0.11983926 0.11269803
v -0.00988824 -0.12630771 0.11174857
v -0.01258904 -0.11987732 0.11265771
v -0.01272184 -0.12636154 0.11168375
v -0.01278104 -0.13121588 0.11102689
v -0.00991864 -0.13116203 0.11110005
v -0.01277464 -0.13627842 0.11064090
v -0.00991224 -0.13623722 0.11071372
v -0.01271623 -0.14305828 0.11037368
v -0.01261784 -0.15241193 0.11011183
v -0.01567144 -0.14324947 0.10998099
v -0.00987944 -0.14302836 0.11044238
v -0.00697384 -0.14303159 0.11044002
v -0.00982744 -0.15239192 0.11017264
v -0.00977065 -0.16438553 0.10983247
v -0.00695304 -0.15239567 0.11017128
v -0.00328185 -0.15240835 0.11014584
v -0.00693144 -0.16438677 0.10983118
v -0.00330744 -0.16439892 0.10980476
v -0.00692184 -0.17649842 0.10946816
v -0.00693385 -0.18673503 0.10916854
v -0.00333064 -0.17650827 0.10944105
v -0.00334744 -0.18674127 0.10913952
v 0.00180295 -0.17659726 0.10919047
v 0.00176296 -0.18680767 0.10888631
v 0.00882055 -0.17707504 0.10775112
v 0.00189815 -0.16450124 0.10955153
v 0.00917736 -0.16507408 0.10807402
v 0.00201016 -0.15252722 0.10988757
v 0.00954456 -0.15322542 0.10836849
v 0.00209655 -0.14318008 0.11015557
v 0.00980376 -0.14398527 0.10861698
v -0.00326264 -0.14304427 0.11041458
v 0.00214776 -0.13640390 0.11042724
v 0.00995736 -0.13727790 0.10888769
v 0.00215176 -0.13133849 0.11081988
v -0.00325144 -0.13625289 0.11068669
v -0.00324904 -0.13117794 0.11107225
v -0.00698904 -0.13623791 0.11071141
v -0.00699384 -0.13115891 0.11109659
v -0.00698264 -0.12630177 0.11174343
v -0.00325544 -0.12632286 0.11172056
v 0.00205096 -0.12647279 0.11150339
v 0.00941655 -0.12724394 0.11022446
v 0.00182456 -0.11995974 0.11253131
v 0.00815896 -0.12044688 0.11175329
v 0.00705896 -0.10927028 0.11317141
v 0.01528695 -0.12075369 0.10999159
v 0.02199416 -0.11606402 0.10829991
v 0.01227576 -0.10917312 0.11245772
v 0.01903176 -0.12853108 0.10717171
v 0.03095176 -0.12686428 0.10265693
v 0.02037656 -0.13415414 0.10575074
v 0.03152535 -0.13622567 0.10095427
v 0.02033976 -0.13928329 0.10525200
v 0.00995335 -0.13222042 0.10931782
v 0.01998616 -0.14584782 0.10498667
v 0.03121655 -0.14163827 0.10046333
v 0.04059415 -0.14356908 0.09534949
v 0.03061015 -0.14809115 0.10020525
v 0.03975815 -0.15009538 0.09509182
v 0.02960135 -0.15692297 0.10004163
v 0.01938936 -0.15485467 0.10478309
v 0.03839015 -0.15906511 0.09492805
v 0.02810375 -0.16829897 0.09994546
v 0.03639335 -0.17063813 0.09487963
v 0.02653895 -0.17992679 0.09983169
v 0.01850615 -0.16643127 0.10458702
v 0.01759176 -0.17821783 0.10435985
v 0.01689336 -0.18831497 0.10410424
v 0.02531256 -0.18995501 0.09965221
v 0.00858535 -0.18724956 0.10745784
v 0.01631575 -0.19914569 0.10397640
v 0.00843736 -0.19808363 0.10733268
v 0.02425656 -0.20074398 0.09956858
v 0.01572695 -0.21306034 0.10410728
v 0.02315015 -0.21458020 0.09972676
v 0.01518776 -0.22778948 0.10437194
v 0.00831415 -0.21199483 0.10747506
v 0.00178616 -0.21157082 0.10892728
v 0.00819575 -0.22667069 0.10775290
v 0.00177415 -0.22602751 0.10921420
v 0.00808376 -0.23945160 0.10801046
v 0.01477975 -0.24070320 0.10461860
v 0.00803096 -0.25103067 0.10824380
v 0.00165256 -0.23837043 0.10947497
v 0.00157736 -0.24970460 0.10971128
v -0.00345865 -0.23668779 0.10971763
v -0.00418104 -0.24712034 0.10988745
v -0.00597544 -0.23390150 0.10967991
v -0.00331704 -0.22561001 0.10948180
v -0.00646264 -0.22583707 0.10951022
v -0.00340984 -0.21178341 0.10920035
v -0.00338184 -0.19773281 0.10903261
v -0.00699544 -0.19771955 0.10906539
v 0.00176536 -0.19765974 0.10877074
v -0.00676664 -0.23703584 0.10966639
v -0.00731864 -0.23881593 0.10942473
v -0.00595224 -0.24961794 0.10966341
v -0.00495304 -0.26265926 0.10999954
v -0.00292584 -0.26222932 0.11023080
v -0.00441464 -0.28214623 0.11077735
v -0.00239144 -0.28204878 0.11100615
v -0.00481785 -0.28233026 0.11016187
v -0.00424104 -0.31064492 0.11220206
v -0.00424744 -0.33760816 0.11363642
v -0.00221864 -0.31063038 0.11242747
v -0.00465625 -0.31069227 0.11158545
v -0.00462504 -0.31079436 0.10951632
v -0.00466904 -0.33763782 0.11302031
v -0.00467944 -0.35254632 0.11381208
v -0.00464024 -0.33774044 0.11095219
v -0.00434344 -0.33775929 0.11032196
v -0.00465304 -0.35265308 0.11174686
v -0.00458424 -0.35839097 0.11205269
v -0.00434264 -0.35266566 0.11111809
v -0.00422744 -0.35843279 0.11144610
v -0.00350184 -0.35247358 0.11081863
v -0.00359145 -0.33768337 0.11003081
v -0.00031624 -0.35088791 0.11060422
v -0.00249464 -0.35862958 0.11115118
v 0.00181976 -0.35985158 0.11093413
v 0.00078456 -0.35533731 0.11078529
v -0.00235544 -0.36048210 0.11152800
v -0.00230585 -0.36082594 0.11214148
v -0.00399944 -0.36022470 0.11163334
v 0.00164536 -0.36068702 0.11127814
v 0.00652775 -0.36113949 0.10989216
v 0.00175815 -0.36097077 0.11189690
v 0.00673656 -0.36140342 0.11049909
v 0.00220775 -0.36086973 0.11384350
v 0.00231976 -0.36036209 0.11440980
v 0.00754215 -0.36131097 0.11233965
v -0.00217144 -0.36072103 0.11415628
v -0.00416664 -0.36027948 0.11417680
v -0.00215704 -0.36025309 0.11472119
v -0.00399864 -0.36005408 0.11467451
v -0.00219624 -0.35824833 0.11485161
v -0.00421864 -0.35823872 0.11468409
v -0.00221784 -0.35250761 0.11463268
v 0.00234776 -0.35833000 0.11457543
v 0.00234776 -0.35258036 0.11438054
v 0.00788296 -0.35876724 0.11303778
v 0.00778296 -0.36080154 0.11287866
v 0.01293016 -0.36023915 0.10954444
v 0.00791336 -0.35301859 0.11284237
v 0.00795016 -0.33811531 0.11208310
v 0.01298615 -0.35441650 0.10934508
v 0.01311736 -0.33940440 0.10859476
v 0.01860215 -0.35836592 0.10459216
v 0.01860536 -0.36470994 0.10469481
v 0.01869495 -0.34258382 0.10397048
v 0.02564296 -0.36568886 0.09933215
v 0.02582856 -0.37319087 0.09919177
v 0.02544536 -0.34819430 0.09900766
v 0.03182935 -0.37315119 0.09311731
v 0.03143655 -0.35422106 0.09292284
v 0.03214615 -0.38158501 0.09286034
v 0.03489975 -0.37751991 0.08544338
v 0.03513575 -0.38588946 0.08546031
v 0.03581015 -0.37962210 0.07677633
v 0.03472215 -0.35854736 0.08489935
v 0.03598535 -0.36121153 0.07555789
v 0.03501015 -0.32676395 0.08354890
v 0.03687655 -0.33006566 0.07363440
v 0.03129496 -0.32264314 0.09192438
v 0.03583815 -0.29492978 0.08213134
v 0.03153335 -0.29079521 0.09077674
v 0.03845175 -0.29898706 0.07181476
v 0.03716215 -0.27542943 0.08139796
v 0.03218376 -0.27070977 0.09016847
v 0.04054295 -0.28040082 0.07086002
v 0.03877815 -0.26416890 0.08110866
v 0.04292215 -0.27013240 0.07044809
v 0.04050775 -0.25413926 0.08084149
v 0.03308615 -0.25851968 0.08992458
v 0.02698455 -0.25534362 0.09593618
v 0.03409815 -0.24750585 0.08970387
v 0.03535176 -0.23541091 0.08938004
v 0.02771255 -0.24384075 0.09573001
v 0.02866615 -0.23115715 0.09546004
v 0.02136295 -0.24210750 0.10025002
v 0.02076215 -0.25374384 0.10045970
v 0.02213016 -0.22922999 0.10000509
v 0.02019896 -0.26633271 0.10072783
v 0.01446295 -0.25236085 0.10483805
v 0.01417176 -0.26494954 0.10512618
v 0.01383975 -0.28397163 0.10584393
v 0.00807015 -0.26370441 0.10854923
v 0.00810296 -0.28283035 0.10928829
v 0.00189496 -0.26274298 0.11003233
v 0.00221176 -0.28222512 0.11079280
v 0.00233416 -0.31071902 0.11220019
v 0.00234536 -0.33767570 0.11361753
v 0.00803976 -0.31118076 0.11067828
v 0.01344135 -0.31235372 0.10720922
v 0.01907815 -0.31466188 0.10269473
v 0.02549576 -0.31832310 0.09795261
v 0.01963256 -0.28560445 0.10140476
v 0.02581095 -0.28774335 0.09679490
v 0.02633576 -0.26790755 0.09618175
v -0.00221224 -0.33760184 0.11385679
v 0.02995975 -0.21678538 0.09511602
v 0.03695575 -0.22176330 0.08892363
v 0.03137415 -0.20319875 0.09485349
v 0.03865335 -0.20875767 0.08849130
v 0.03273095 -0.19251314 0.09480786
v 0.03432775 -0.18243547 0.09486044
v 0.04023575 -0.19820242 0.08823516
v 0.04204455 -0.18769131 0.08809595
v 0.04866775 -0.20826750 0.07863423
v 0.05058935 -0.19678355 0.07823239
v 0.05566776 -0.21822167 0.06688905
v 0.04679575 -0.21872446 0.07916071
v 0.04463655 -0.23078078 0.07981465
v 0.05349895 -0.22869034 0.06770902
v 0.05618934 -0.23424918 0.05548739
v 0.05086214 -0.23994502 0.06864083
v 0.04804774 -0.25117999 0.06948564
v 0.05326615 -0.24533302 0.05676374
v 0.05121334 -0.24804160 0.04538924
v 0.05012774 -0.25619322 0.05794503
v 0.04808935 -0.25900023 0.04696706
v 0.04715255 -0.26564295 0.05878260
v 0.04433095 -0.27416428 0.05937929
v 0.04519335 -0.26837331 0.04811408
v 0.04540695 -0.26109604 0.07006282
v 0.04247895 -0.27671058 0.04896359
v 0.03993575 -0.27042543 0.03913111
v 0.04244375 -0.26107058 0.03769378
v 0.03453894 -0.27179489 0.03305569
v 0.03765095 -0.27865595 0.04021247
v 0.03269975 -0.27995735 0.03429617
v 0.03547735 -0.28793702 0.04135429
v 0.03987494 -0.28617594 0.04985184
v 0.03097175 -0.28910778 0.03562169
v 0.03363014 -0.30482237 0.04341523
v 0.02956614 -0.30553987 0.03807983
v 0.03235174 -0.33318800 0.04692312
v 0.03759014 -0.30360693 0.05144486
v 0.03919735 -0.30181174 0.06123237
v 0.03587655 -0.33306778 0.05418105
v 0.03487575 -0.36285300 0.05725744
v 0.03732614 -0.33212615 0.06344395
v 0.03619895 -0.36266308 0.06593160
v 0.03587255 -0.38085310 0.06787817
v 0.03586775 -0.38882449 0.06910111
v 0.03459174 -0.38082272 0.05972915
v 0.03458454 -0.38886721 0.06133012
v 0.03154214 -0.37912675 0.05327274
v 0.03168214 -0.36183005 0.05065314
v 0.02837175 -0.37709609 0.04910524
v 0.03157015 -0.38688224 0.05475977
v 0.03139175 -0.38974242 0.05545820
v 0.02845815 -0.38444641 0.05028449
v 0.02684855 -0.38324496 0.04848384
v 0.02834455 -0.38712515 0.05083375
v 0.02697495 -0.38574294 0.04903120
v 0.02787494 -0.38759827 0.05124308
v 0.02646215 -0.38581569 0.04920273
v 0.03086295 -0.39030607 0.05584722
v 0.02632935 -0.38740367 0.05246956
v 0.02589174 -0.38687606 0.05278081
v 0.02500055 -0.38559333 0.05053781
v 0.02914935 -0.39017367 0.05678997
v 0.03191734 -0.39240797 0.06294671
v 0.02868374 -0.38979093 0.05707808
v 0.02868055 -0.38890973 0.05731773
v 0.03139015 -0.39207873 0.06312396
v 0.03249335 -0.39210463 0.07010257
v 0.03129815 -0.39132573 0.06326275
v 0.03229575 -0.39134045 0.07009845
v 0.03201334 -0.38831011 0.06363882
v 0.03003335 -0.38623511 0.05845517
v 0.03255975 -0.38819200 0.06997317
v 0.03244295 -0.38707841 0.07688706
v 0.03228534 -0.39019766 0.07735281
v 0.03229175 -0.38565209 0.08377676
v 0.03179815 -0.38875196 0.08451995
v 0.03021735 -0.38144336 0.09011184
v 0.02925575 -0.38451162 0.09106776
v 0.02463816 -0.37270459 0.09556382
v 0.01773896 -0.36372621 0.10054155
v 0.02342855 -0.37568846 0.09663883
v 0.01660536 -0.36665673 0.10158293
v 0.02334695 -0.37639049 0.09703450
v 0.02926855 -0.38523439 0.09138363
v 0.02371816 -0.37664817 0.09746824
v 0.01650216 -0.36734651 0.10201918
v 0.01679415 -0.36760262 0.10256610
v 0.01114456 -0.36263212 0.10657388
v 0.01140055 -0.36289117 0.10716930
v 0.01119656 -0.36192898 0.10615697
v 0.00658615 -0.36041513 0.10952067
v 0.01201015 -0.35894496 0.10532341
v 0.00741336 -0.35734203 0.10894350
v 0.00350855 -0.35668306 0.11052370
v 0.01245815 -0.36281054 0.10890146
v 0.01807015 -0.36752701 0.10409336
v 0.01278775 -0.36230155 0.10940301
v 0.01846456 -0.36698547 0.10453663
v 0.02573015 -0.37594281 0.09896677
v 0.03207095 -0.38471739 0.09262896
v 0.02526455 -0.37656389 0.09861435
v 0.03153975 -0.38540611 0.09239306
v 0.03444295 -0.38967632 0.08528103
v 0.02974055 -0.38550050 0.09167868
v 0.03249415 -0.38976456 0.08491658
v 0.03310535 -0.39123658 0.07753761
v 0.03193815 -0.38948875 0.08474227
v 0.03250775 -0.39094672 0.07747354
v 0.03307655 -0.39241345 0.07005119
v 0.03510776 -0.39117501 0.07760593
v 0.03570615 -0.39052144 0.07757585
v 0.03505735 -0.39240117 0.06981769
v 0.03565814 -0.39176339 0.06964112
v 0.03379975 -0.39246390 0.06237363
v 0.03437735 -0.39184625 0.06206944
v 0.03588535 -0.38758952 0.07735882
v 0.03501976 -0.38899026 0.08538904
v 0.02780455 -0.38186650 0.05481057
v 0.02662855 -0.37432864 0.05260791
v 0.02554775 -0.38422590 0.05246914
v 0.02452454 -0.37546651 0.05033239
v 0.02445495 -0.38284292 0.05057777
v 0.02414214 -0.37550828 0.04950436
v 0.02475974 -0.38540575 0.05102102
v 0.02462694 -0.38271527 0.04985154
v 0.02610855 -0.38295778 0.04847741
v 0.02437895 -0.37553739 0.04884298
v 0.02424775 -0.35935998 0.04630792
v 0.02589335 -0.37579921 0.04746297
v 0.02669095 -0.37608511 0.04745983
v 0.02578695 -0.35964607 0.04494443
v 0.02660855 -0.35987037 0.04493775
v 0.02597814 -0.33264004 0.04042289
v 0.02662775 -0.30572633 0.03586402
v 0.02681975 -0.33277285 0.04045628
v 0.02442295 -0.33231331 0.04175489
v 0.02506615 -0.30533841 0.03716336
v 0.02415014 -0.33219476 0.04238595
v 0.02398615 -0.35926411 0.04694415
v 0.02478535 -0.30520248 0.03778833
v 0.02443415 -0.33208330 0.04313196
v 0.02428535 -0.35912446 0.04767831
v 0.02641015 -0.33175752 0.04554639
v 0.02505735 -0.30510418 0.03854333
v 0.02624294 -0.28879804 0.03586164
v 0.02698855 -0.30489656 0.04100929
v 0.02815334 -0.28868724 0.03835013
v 0.02969654 -0.27956778 0.03693034
v 0.03141014 -0.27139915 0.03561614
v 0.02777495 -0.27960746 0.03445048
v 0.02750215 -0.27968553 0.03369606
v 0.02944615 -0.27141854 0.03317026
v 0.02915974 -0.27149629 0.03242243
v 0.03139015 -0.26206145 0.03146903
v 0.03108935 -0.26214265 0.03072642
v 0.03339815 -0.26203292 0.03387872
v 0.03375655 -0.25083276 0.02909692
v 0.03577895 -0.25079253 0.03149557
v 0.03641815 -0.23893926 0.02644398
v 0.03345094 -0.25091679 0.02835601
v 0.03612534 -0.23902414 0.02569748
v 0.03369574 -0.25110177 0.02772912
v 0.03133895 -0.26232541 0.03010137
v 0.03638055 -0.23920773 0.02507519
v 0.03517415 -0.25169201 0.02639891
v 0.03788055 -0.23979662 0.02376880
v 0.03615814 -0.25176703 0.02653519
v 0.03282535 -0.26290851 0.02877820
v 0.03379014 -0.26297405 0.02890160
v 0.03093334 -0.27224480 0.03050407
v 0.02942055 -0.27167385 0.03180082
v 0.02931574 -0.28039068 0.03180222
v 0.03187575 -0.27230674 0.03062554
v 0.03023334 -0.28044635 0.03192515
v 0.02870375 -0.28954922 0.03332238
v 0.02781335 -0.28950542 0.03320722
v 0.02749174 -0.30578724 0.03595009
v 0.02625575 -0.28903894 0.03448451
v 0.02597495 -0.28888416 0.03510547
v 0.02777575 -0.27985533 0.03307796
v 0.03663574 -0.26245741 0.03141135
v 0.03914694 -0.25128484 0.02916063
v 0.04527975 -0.24997934 0.03572748
v 0.04192694 -0.23949346 0.02670648
v 0.03887654 -0.23988848 0.02393523
v 0.04499734 -0.22756799 0.02439486
v 0.04818935 -0.23839109 0.03361372
v 0.05421254 -0.23672898 0.04370793
v 0.05105495 -0.22688382 0.03169402
v 0.05683014 -0.22570903 0.04224197
v 0.05464854 -0.21152887 0.02962357
v 0.05945815 -0.18935946 0.02712635
v 0.05958695 -0.21149317 0.04080520
v 0.04937175 -0.21119428 0.02174876
v 0.04674935 -0.21095526 0.01852549
v 0.05558855 -0.18716611 0.01841909
v 0.06130854 -0.16152261 0.01539416
v 0.05358854 -0.18610688 0.01480124
v 0.05271414 -0.18579111 0.01437172
v 0.05985893 -0.15957038 0.01140158
v 0.05905894 -0.15912184 0.01085259
v 0.04579174 -0.21076478 0.01822068
v 0.05094294 -0.18534856 0.01529273
v 0.04413494 -0.21024103 0.01932776
v 0.05054614 -0.18521865 0.01583680
v 0.05066294 -0.18515219 0.01662481
v 0.04380054 -0.21008140 0.01991217
v 0.03919174 -0.22691198 0.02307132
v 0.04399734 -0.21000721 0.02068698
v 0.04566454 -0.20996404 0.02334462
v 0.03944854 -0.22683151 0.02383086
v 0.04131095 -0.22679137 0.02635656
v 0.03839814 -0.23889622 0.02887688
v 0.05206935 -0.18508801 0.01942401
v 0.03947734 -0.22708835 0.02246188
v 0.04103895 -0.22765950 0.02122537
v 0.04203414 -0.22777915 0.02144364
v 0.06392535 -0.16576000 0.02489871
v 0.06601095 -0.17019123 0.03790369
v 0.06290135 -0.19141128 0.03922701
v 0.06560375 -0.17237852 0.05176243
v 0.06192856 -0.17136280 0.06536665
v 0.06331734 -0.19167917 0.05242386
v 0.05991175 -0.18870804 0.06562938
v 0.06084776 -0.21020731 0.05337443
v 0.05770054 -0.20564790 0.06619429
v 0.05859096 -0.22359270 0.05437595
v 0.05285095 -0.18202765 0.07794293
v 0.05497096 -0.16716716 0.07788096
v 0.04434616 -0.17493188 0.08799696
v 0.04656775 -0.16228032 0.08801407
v 0.04810455 -0.15252388 0.08821789
v 0.04906135 -0.14550986 0.08851890
v 0.05643334 -0.15578744 0.07813060
v 0.06333894 -0.15800949 0.06553551
v 0.02631014 -0.35853530 0.05000742
v 0.02871334 -0.33295460 0.04228265
v 0.02836455 -0.36053721 0.04654114
v 0.04161415 -0.28387951 0.06000451
v 0.04243895 -0.24315731 0.08042650
v -0.00425945 -0.35251301 0.11442374
v -0.00460664 -0.35828418 0.11409866
v -0.00416824 -0.36038408 0.11216024
v -0.00045224 -0.33717412 0.10987967
v -0.00043785 -0.31070408 0.10846961
v -0.00059544 -0.28238416 0.10704787
v -0.00357625 -0.31080778 0.10859951
v -0.00432824 -0.31081652 0.10888626
v 0.04120375 -0.13806231 0.09570669
v 0.04221576 -0.12958987 0.09629379
v 0.04435815 -0.11373377 0.09680631
v 0.03590535 -0.10942632 0.10243557
v 0.04620616 -0.08740816 0.09625791
v 0.03889735 -0.08445280 0.10166008
v 0.04669816 -0.05058848 0.09393262
v 0.05318455 -0.08880298 0.08944226
v 0.03982455 -0.04925292 0.09954948
v 0.04646695 -0.01815845 0.09126898
v 0.04013175 -0.01690645 0.09687763
v 0.04614776 -0.00411486 0.08988171
v 0.04011256 -0.00272412 0.09542675
v 0.04570055 -0.00194531 0.08924292
v 0.05118375 -0.00355272 0.08279975
v 0.03975416 -0.00053521 0.09474118
v 0.03179496 0.00100247 0.10063467
v 0.02475816 0.00219456 0.10541323
v 0.03207496 -0.00112292 0.10134785
v 0.02502776 0.00043125 0.10606646
v 0.03186936 -0.01491165 0.10278776
v 0.02495656 -0.01107077 0.10714226
v 0.03049255 -0.04834440 0.10598042
v 0.02430776 -0.03611259 0.10919513
v 0.02450536 -0.06581166 0.11056590
v 0.03083655 -0.07943793 0.10684776
v 0.02595336 -0.07686057 0.10993651
v 0.02605576 -0.09939798 0.10848361
v 0.02244455 -0.08362513 0.11147298
v 0.01768295 -0.09697445 0.11212599
v 0.01685255 -0.10836181 0.11130542
v 0.01208056 -0.09133123 0.11361108
v 0.01844216 -0.08665897 0.11272852
v 0.01591255 -0.08079005 0.11355474
v 0.01977176 -0.07399192 0.11291060
v 0.01404216 -0.07531371 0.11371973
v 0.01065176 -0.07841275 0.11374571
v 0.01697256 -0.07261295 0.11357582
v 0.01850376 -0.07077641 0.11343945
v 0.02012375 -0.06862193 0.11301664
v 0.02232856 -0.05827048 0.11158108
v 0.01993816 -0.06684794 0.11288077
v 0.02110296 -0.05533403 0.11190249
v 0.02170696 -0.03212928 0.11029699
v 0.02186616 -0.00909492 0.10879139
v 0.02212215 0.00032911 0.10792396
v 0.02162295 0.00116548 0.10759137
v -0.01521224 -0.10934955 0.11342931
v -0.01235064 -0.07653377 0.10974013
v 0.05796293 -0.07552143 0.00636080
v 0.05691015 -0.06675507 0.00565674
v 0.05658294 -0.05616055 0.01270048
v 0.05607254 -0.06705879 0.00198889
v 0.05539974 -0.05704537 0.00675793
v 0.05533334 -0.05344483 0.00831372
v 0.05520693 -0.06293406 0.00013091
v 0.05494694 -0.06052105 0.00070052
v 0.05535413 -0.06074811 -0.00002982
v 0.05582935 -0.05277528 0.00830890
v 0.05752935 -0.03860501 0.03059516
v -0.04561304 -0.43304568 0.07730731
v -0.04561705 -0.43481731 0.07699958
v 0.03977255 -0.43303066 0.07735708
v -0.04560744 -0.43137840 0.07795320
v 0.03977815 -0.43136315 0.07800374
v -0.04560024 -0.42988095 0.07892525
v -0.04559144 -0.42860434 0.08017621
v 0.03978535 -0.42986593 0.07897502
v 0.03979415 -0.42858909 0.08022675
v 0.03980294 -0.42757787 0.08170317
v 0.03981255 -0.42687854 0.08335058
v -0.04558264 -0.42759312 0.08165263
v -0.04557305 -0.42689379 0.08330005
v -0.04556344 -0.42654194 0.08506150
v -0.04555464 -0.42653912 0.08686812
v 0.03982215 -0.42652591 0.08511180
v 0.03983095 -0.42652463 0.08691888
v 0.03983975 -0.42686552 0.08869968
v 0.03984776 -0.42754327 0.09038325
v -0.04554584 -0.42688077 0.08864914
v -0.04553784 -0.42755852 0.09033272
v -0.04553224 -0.42855805 0.09185267
v -0.04552744 -0.42983178 0.09315620
v 0.03985335 -0.42854302 0.09190244
v 0.03985815 -0.42981653 0.09320675
v 0.03986135 -0.43131030 0.09424911
v 0.03986296 -0.43296908 0.09498278
v -0.04552424 -0.43132555 0.09419856
v -0.04552344 -0.43298433 0.09493224
v -0.04552344 -0.43474933 0.09531943
v -0.04552664 -0.43655313 0.09535650
v 0.03986215 -0.43473408 0.09536997
v 0.03985895 -0.43653788 0.09540703
v 0.03985496 -0.43830928 0.09510007
v 0.03984935 -0.43997655 0.09445418
v -0.04553064 -0.43832453 0.09504953
v -0.04553625 -0.43999181 0.09440364
v -0.04554345 -0.44148926 0.09343158
v -0.04555224 -0.44276587 0.09218064
v 0.03984215 -0.44147401 0.09348212
v 0.03983336 -0.44275062 0.09223118
v 0.03982455 -0.44376207 0.09075399
v -0.04556104 -0.44377709 0.09070422
v 0.03981495 -0.44446216 0.08910681
v 0.03980535 -0.44481402 0.08734534
v -0.04557064 -0.44447718 0.08905703
v -0.04558025 -0.44482927 0.08729480
v -0.04558984 -0.44483109 0.08548873
v -0.04559784 -0.44449020 0.08370792
v 0.03979574 -0.44481584 0.08553927
v 0.03978775 -0.44447442 0.08375746
v 0.03977975 -0.44379667 0.08207390
v 0.03977416 -0.44279768 0.08055495
v -0.04560584 -0.44381169 0.08202413
v -0.04561144 -0.44281293 0.08050441
v -0.04561624 -0.44153842 0.07920064
v -0.04561944 -0.44004466 0.07815827
v 0.03976935 -0.44152340 0.07925041
v 0.03976614 -0.44002964 0.07820804
v 0.03976455 -0.43837162 0.07747461
v 0.03976535 -0.43660562 0.07708796
v -0.04562104 -0.43838664 0.07742483
v -0.04562024 -0.43662088 0.07703742
v 0.03976855 -0.43480206 0.07705012
v 0.03646695 -0.42792504 0.09357105
v 0.03647095 -0.43141466 0.09616577
v 0.03829415 -0.42803716 0.09346534
v 0.03645575 -0.42571540 0.08982501
v 0.03828375 -0.42585679 0.08976907
v 0.03643975 -0.42508246 0.08552275
v 0.03826776 -0.42523204 0.08552275
v 0.03642055 -0.42616834 0.08131210
v 0.03824855 -0.42630457 0.08136742
v 0.03640215 -0.42876405 0.07782196
v 0.03823014 -0.42886519 0.07792434
v 0.03638614 -0.43250910 0.07561285
v 0.03821415 -0.43256169 0.07574319
v 0.03637575 -0.43681214 0.07498014
v 0.03637255 -0.44102277 0.07606602
v 0.03820455 -0.43680778 0.07511921
v 0.03820054 -0.44096334 0.07619098
v 0.04003255 -0.43680265 0.07525805
v 0.04105974 -0.43677352 0.07583921
v 0.04004295 -0.43261403 0.07587431
v 0.04002935 -0.44090314 0.07631570
v 0.04106215 -0.44062259 0.07690206
v 0.04003335 -0.44430122 0.07884269
v 0.04004455 -0.44645210 0.08248994
v 0.03820535 -0.44440718 0.07875183
v 0.04106055 -0.44386767 0.07922995
v 0.04140775 -0.44253114 0.08043023
v 0.04107575 -0.44583691 0.08270374
v 0.04146855 -0.44324195 0.08361872
v 0.04108535 -0.44648552 0.08664390
v 0.04142855 -0.44469063 0.08654685
v 0.04110775 -0.44542191 0.09049274
v 0.04005975 -0.44706813 0.08667932
v 0.04007815 -0.44601070 0.09077905
v 0.03823175 -0.44721155 0.08669418
v 0.03821574 -0.44658733 0.08244886
v 0.03640375 -0.44735474 0.08670982
v 0.03825095 -0.44613978 0.09084975
v 0.03642295 -0.44626886 0.09092045
v 0.03826935 -0.44357894 0.09429360
v 0.03644135 -0.44367338 0.09440984
v 0.04009655 -0.44348372 0.09417713
v 0.03828455 -0.43988267 0.09647397
v 0.03645735 -0.43992810 0.09661972
v 0.04011256 -0.43983723 0.09632823
v 0.03829495 -0.43563634 0.09709872
v 0.04012215 -0.43564763 0.09694502
v 0.03646776 -0.43562506 0.09725241
v 0.03829816 -0.43148101 0.09602619
v 0.04012535 -0.43154736 0.09588661
v 0.04115255 -0.43183198 0.09529229
v 0.04012135 -0.42814928 0.09335962
v 0.04114375 -0.42858692 0.09296439
v 0.04011095 -0.42599818 0.08971313
v 0.04113815 -0.42661767 0.08949061
v 0.04009495 -0.42538215 0.08552376
v 0.04111896 -0.42596906 0.08555044
v 0.04007655 -0.42643980 0.08142326
v 0.04005815 -0.42896655 0.07802595
v 0.04110615 -0.42703190 0.08170137
v 0.04108375 -0.42935957 0.07845707
v 0.04149095 -0.42951683 0.08288739
v 0.04161735 -0.43622837 0.08609499
v 0.04145575 -0.42776464 0.08564519
v 0.04142694 -0.43056260 0.07979276
v 0.04146775 -0.43375109 0.07908195
v 0.04140695 -0.43667847 0.07763304
v 0.04107414 -0.43283359 0.07648706
v 0.04145815 -0.43943551 0.07938499
v 0.04151415 -0.42921432 0.08857280
v 0.04147655 -0.42992436 0.09176106
v 0.04152455 -0.43302000 0.09280629
v 0.04147735 -0.43577681 0.09455901
v 0.04114455 -0.43568083 0.09635590
v 0.04151495 -0.43870518 0.09310957
v 0.04145736 -0.44189343 0.09239953
v 0.04113975 -0.43962099 0.09570729
v 0.04112055 -0.44309478 0.09373805
v 0.04149175 -0.44293867 0.08930389
v 0.03638775 -0.44672203 0.08240678
v 0.03637655 -0.44451216 0.07866150
v -0.04347704 -0.42777893 0.09389465
v -0.04348824 -0.42556929 0.09014861
v -0.04530584 -0.42788414 0.09380356
v -0.04347304 -0.43126855 0.09648937
v -0.04530184 -0.43132798 0.09636441
v -0.04347624 -0.43547918 0.09757525
v -0.04530504 -0.43548354 0.09743618
v -0.04348664 -0.43978146 0.09694231
v -0.04531464 -0.43972964 0.09681220
v -0.04350264 -0.44352727 0.09473343
v -0.04533065 -0.44342590 0.09463182
v -0.04352104 -0.44612275 0.09124405
v -0.04534904 -0.44598676 0.09118797
v -0.04354024 -0.44720886 0.08703265
v -0.04536825 -0.44705852 0.08703240
v -0.04355624 -0.44657592 0.08273038
v -0.04538424 -0.44643454 0.08278632
v -0.04356745 -0.44436628 0.07898434
v -0.04539464 -0.44425416 0.07909005
v -0.04357224 -0.44087666 0.07638962
v -0.04539864 -0.44081031 0.07652920
v -0.04356825 -0.43666603 0.07530374
v -0.04539544 -0.43665475 0.07545743
v -0.04355784 -0.43236322 0.07593567
v -0.04538584 -0.43240865 0.07608142
v -0.04354264 -0.42861794 0.07814555
v -0.04352345 -0.42602246 0.08163494
v -0.04536984 -0.42871239 0.07826180
v -0.04535144 -0.42615154 0.08170564
v -0.04719784 -0.42880684 0.07837803
v -0.04721304 -0.43245409 0.07622716
v -0.04717944 -0.42628062 0.08177634
v -0.04822104 -0.42919631 0.07881810
v -0.04824024 -0.43267010 0.07684886
v -0.04855784 -0.43039766 0.08015663
v -0.04820824 -0.42686941 0.08206265
v -0.04818584 -0.42580580 0.08591149
v -0.04859304 -0.42935242 0.08325226
v -0.04871784 -0.43606295 0.08646040
v -0.04852904 -0.42760069 0.08600854
v -0.04856904 -0.42904938 0.08893667
v -0.04850824 -0.42976018 0.09212516
v -0.04817624 -0.42645441 0.08985165
v -0.04714504 -0.42583846 0.09006522
v -0.04816104 -0.42842366 0.09332544
v -0.04816264 -0.43166873 0.09565333
v -0.04713384 -0.42799010 0.09371270
v -0.04712984 -0.43138818 0.09623969
v -0.04713304 -0.43548791 0.09729710
v -0.04714344 -0.43967728 0.09668109
v -0.04816024 -0.43551757 0.09671695
v -0.04850744 -0.43561262 0.09492312
v -0.04817464 -0.43945773 0.09606833
v -0.04856824 -0.43854023 0.09347344
v -0.04818424 -0.44293153 0.09409909
v -0.04715864 -0.44332454 0.09453020
v -0.04852744 -0.44172872 0.09276263
v -0.04820664 -0.44525865 0.09085379
v -0.04717704 -0.44585152 0.09113213
v -0.04859144 -0.44277449 0.08966800
v -0.04821944 -0.44632226 0.08700495
v -0.04719544 -0.44690917 0.08703163
v -0.04855624 -0.44452645 0.08691096
v -0.04823864 -0.44567365 0.08306478
v -0.04824424 -0.44370440 0.07959100
v -0.04861464 -0.44307677 0.08398336
v -0.04721144 -0.44629291 0.08284303
v -0.04722184 -0.44414127 0.07919554
v -0.04722584 -0.44074396 0.07666878
v -0.04722264 -0.43664347 0.07561113
v -0.04825304 -0.44045934 0.07726310
v -0.04824504 -0.43661049 0.07619949
v -0.04862504 -0.43927132 0.07974910
v -0.04857704 -0.44236619 0.08079410
v -0.04857784 -0.43651452 0.07799638
v -0.04861544 -0.43358614 0.07944582
v -0.04855864 -0.43285482 0.09317093
v -0.04531625 -0.42570376 0.09010729
v -0.04716104 -0.42522220 0.08587660
v -0.04533224 -0.42507978 0.08586121
v -0.04350424 -0.42493635 0.08584633
f 2 1 4
f 2 4 2371
f 1 2 2540
f 1 2540 3
f 5 1 3
f 5 3 7
f 6 4 1
f 6 1 5
f 9 6 5
f 9 5 8
f 8 5 7
f 8 7 11
f 9 8 10
f 9 10 2368
f 12 10 8
f 12 8 11
f 15 12 11
f 15 11 13
f 11 7 16
f 11 16 13
f 1041 15 13
f 1041 13 14
f 14 13 16
f 14 16 18
f 7 3 17
f 7 17 16
f 18 16 17
f 18 17 20
f 1042 14 18
f 1042 18 19
f 19 18 20
f 19 20 22
f 20 17 2541
f 20 2541 21
f 22 20 21
f 22 21 23
f 19 22 23
f 19 23 24
f 24 23 25
f 24 25 28
f 23 21 26
f 23 26 25
f 25 26 2467
f 25 2467 27
f 28 25 27
f 28 27 30
f 1037 24 28
f 1037 28 29
f 29 28 30
f 29 30 32
f 30 27 2462
f 30 2462 31
f 32 30 31
f 32 31 34
f 32 33 1029
f 32 1029 29
f 34 36 33
f 34 33 32
f 35 38 36
f 35 36 34
f 34 31 105
f 34 105 35
f 38 39 37
f 38 37 36
f 36 37 1028
f 36 1028 33
f 40 41 39
f 40 39 38
f 42 40 38
f 42 38 35
f 43 46 41
f 43 41 40
f 44 43 40
f 44 40 42
f 91 45 43
f 91 43 44
f 45 47 46
f 45 46 43
f 50 41 46
f 50 46 48
f 48 46 47
f 48 47 49
f 51 48 49
f 51 49 53
f 54 50 48
f 54 48 51
f 51 52 56
f 51 56 54
f 53 66 52
f 53 52 51
f 1027 50 54
f 1027 54 55
f 56 57 55
f 56 55 54
f 52 61 58
f 52 58 56
f 58 59 57
f 58 57 56
f 60 1021 59
f 60 59 58
f 62 60 58
f 62 58 61
f 65 62 61
f 65 61 63
f 66 63 61
f 66 61 52
f 63 64 2709
f 63 2709 65
f 66 67 64
f 66 64 63
f 53 68 67
f 53 67 66
f 68 70 69
f 68 69 67
f 67 69 71
f 67 71 64
f 72 69 70
f 72 70 75
f 74 71 69
f 74 69 72
f 326 74 72
f 326 72 73
f 73 72 75
f 73 75 76
f 70 78 77
f 70 77 75
f 75 77 80
f 75 80 76
f 78 2830 79
f 78 79 77
f 77 79 82
f 77 82 80
f 76 80 81
f 76 81 322
f 80 82 83
f 80 83 81
f 82 84 85
f 82 85 83
f 84 82 79
f 84 79 86
f 87 88 85
f 87 85 84
f 87 84 86
f 87 86 90
f 87 89 316
f 87 316 88
f 90 92 89
f 90 89 87
f 90 86 2828
f 90 2828 91
f 91 94 92
f 91 92 90
f 94 96 93
f 94 93 92
f 92 93 2818
f 92 2818 89
f 44 95 94
f 44 94 91
f 95 99 96
f 95 96 94
f 97 96 98
f 97 98 116
f 97 2822 93
f 97 93 96
f 98 96 99
f 98 99 100
f 100 99 101
f 100 101 103
f 104 101 99
f 104 99 95
f 102 106 103
f 102 103 101
f 105 102 101
f 105 101 104
f 42 104 95
f 42 95 44
f 35 105 104
f 35 104 42
f 31 2462 102
f 31 102 105
f 106 108 107
f 106 107 103
f 110 100 103
f 110 103 107
f 109 107 108
f 109 108 2452
f 107 109 111
f 107 111 110
f 110 111 113
f 110 113 112
f 112 98 100
f 112 100 110
f 112 113 115
f 112 115 114
f 116 98 112
f 116 112 114
f 114 115 119
f 114 119 117
f 118 116 114
f 118 114 117
f 123 118 117
f 123 117 120
f 117 119 121
f 117 121 120
f 122 120 121
f 122 121 2415
f 124 123 120
f 124 120 122
f 128 125 123
f 128 123 124
f 125 126 118
f 125 118 123
f 126 125 127
f 126 127 143
f 128 130 127
f 128 127 125
f 124 2411 129
f 124 129 128
f 130 128 129
f 130 129 132
f 131 130 132
f 131 132 134
f 131 143 127
f 131 127 130
f 132 129 2408
f 132 2408 133
f 134 132 133
f 134 133 135
f 135 137 136
f 135 136 134
f 131 134 136
f 131 136 140
f 2543 138 136
f 2543 136 137
f 1201 139 136
f 1201 136 138
f 141 140 136
f 141 136 139
f 141 145 142
f 141 142 140
f 140 142 143
f 140 143 131
f 142 144 126
f 142 126 143
f 145 147 144
f 145 144 142
f 2544 146 145
f 2544 145 141
f 146 149 147
f 146 147 145
f 148 2824 144
f 148 144 147
f 149 150 148
f 149 148 147
f 151 152 150
f 151 150 149
f 153 151 149
f 153 149 146
f 155 152 151
f 155 151 153
f 154 153 146
f 154 146 2544
f 157 155 153
f 157 153 154
f 156 169 152
f 156 152 155
f 159 156 155
f 159 155 157
f 158 157 154
f 158 154 1197
f 160 159 157
f 160 157 158
f 161 159 160
f 161 160 162
f 161 164 156
f 161 156 159
f 163 161 162
f 163 162 1188
f 163 165 164
f 163 164 161
f 164 166 169
f 164 169 156
f 165 167 166
f 165 166 164
f 168 166 167
f 168 167 180
f 170 169 166
f 170 166 168
f 152 169 170
f 152 170 150
f 171 170 168
f 171 168 173
f 150 170 171
f 150 171 148
f 171 172 2824
f 171 2824 148
f 172 171 173
f 172 173 174
f 173 168 180
f 173 180 175
f 174 173 175
f 174 175 179
f 175 176 209
f 175 209 177
f 180 181 176
f 180 176 175
f 213 178 175
f 213 175 177
f 178 2825 179
f 178 179 175
f 167 182 181
f 167 181 180
f 182 186 183
f 182 183 181
f 181 183 184
f 181 184 176
f 183 185 205
f 183 205 184
f 186 188 185
f 186 185 183
f 190 188 186
f 190 186 187
f 186 182 2827
f 186 2827 187
f 192 189 188
f 192 188 190
f 188 189 202
f 188 202 185
f 191 190 187
f 191 187 163
f 193 192 190
f 193 190 191
f 193 195 194
f 193 194 192
f 192 194 197
f 192 197 189
f 195 1170 196
f 195 196 194
f 194 196 198
f 194 198 197
f 199 202 189
f 199 189 197
f 200 199 197
f 200 197 198
f 563 201 199
f 563 199 200
f 201 203 202
f 201 202 199
f 185 202 203
f 185 203 205
f 203 201 561
f 203 561 204
f 206 205 203
f 206 203 204
f 208 184 205
f 208 205 206
f 207 206 204
f 207 204 560
f 210 208 206
f 210 206 207
f 210 177 209
f 210 209 208
f 184 208 209
f 184 209 176
f 211 213 177
f 211 177 210
f 210 207 214
f 210 214 211
f 212 280 213
f 212 213 211
f 212 211 214
f 212 214 218
f 560 215 214
f 560 214 207
f 556 224 214
f 556 214 215
f 2826 216 214
f 2826 214 225
f 275 217 214
f 275 214 216
f 277 218 214
f 277 214 217
f 550 219 214
f 550 214 224
f 2758 220 214
f 2758 214 219
f 2762 221 214
f 2762 214 220
f 2797 222 214
f 2797 214 221
f 2799 223 214
f 2799 214 222
f 228 226 214
f 228 214 223
f 227 225 214
f 227 214 226
f 232 227 226
f 232 226 229
f 229 226 228
f 229 228 231
f 230 229 231
f 230 231 2800
f 234 232 229
f 234 229 230
f 236 233 232
f 236 232 234
f 233 225 227
f 233 227 232
f 230 2801 235
f 230 235 234
f 235 238 236
f 235 236 234
f 238 239 237
f 238 237 236
f 237 272 233
f 237 233 236
f 240 241 239
f 240 239 238
f 243 240 238
f 243 238 235
f 240 242 252
f 240 252 241
f 243 245 242
f 243 242 240
f 2801 244 243
f 2801 243 235
f 244 246 245
f 244 245 243
f 246 248 247
f 246 247 245
f 245 247 249
f 245 249 242
f 247 248 250
f 247 250 249
f 251 249 250
f 251 250 253
f 242 249 251
f 242 251 252
f 252 251 253
f 252 253 255
f 254 253 250
f 254 250 260
f 255 253 254
f 255 254 257
f 241 252 255
f 241 255 256
f 256 255 257
f 256 257 258
f 258 257 259
f 258 259 262
f 257 254 260
f 257 260 259
f 259 260 294
f 259 294 261
f 262 259 261
f 262 261 263
f 263 265 264
f 263 264 262
f 262 264 267
f 262 267 258
f 265 278 266
f 265 266 264
f 264 266 268
f 264 268 267
f 270 269 267
f 270 267 268
f 269 256 258
f 269 258 267
f 239 241 256
f 239 256 269
f 237 239 269
f 237 269 270
f 270 271 272
f 270 272 237
f 268 273 271
f 268 271 270
f 271 216 2826
f 271 2826 272
f 273 275 216
f 273 216 271
f 275 273 274
f 275 274 217
f 273 268 266
f 273 266 274
f 217 274 276
f 217 276 277
f 274 266 278
f 274 278 276
f 279 218 277
f 279 277 276
f 281 279 276
f 281 276 278
f 280 212 218
f 280 218 279
f 282 280 279
f 282 279 281
f 284 282 281
f 284 281 283
f 283 281 278
f 283 278 265
f 287 284 283
f 287 283 285
f 285 283 265
f 285 265 263
f 286 285 263
f 286 263 261
f 289 287 285
f 289 285 286
f 284 287 288
f 284 288 2825
f 290 288 287
f 290 287 289
f 292 290 289
f 292 289 291
f 291 289 286
f 291 286 293
f 291 293 250
f 291 250 292
f 294 260 250
f 294 250 293
f 293 286 261
f 293 261 294
f 295 292 250
f 295 250 296
f 295 298 290
f 295 290 292
f 297 295 296
f 297 296 531
f 295 297 299
f 295 299 298
f 300 298 299
f 300 299 303
f 298 300 288
f 298 288 290
f 2825 288 300
f 2825 300 179
f 302 174 179
f 302 179 300
f 300 303 305
f 300 305 301
f 2819 302 300
f 2819 300 301
f 304 303 299
f 304 299 297
f 303 304 306
f 303 306 305
f 301 305 307
f 301 307 310
f 305 306 309
f 305 309 307
f 310 307 308
f 310 308 311
f 309 477 308
f 309 308 307
f 313 310 311
f 313 311 314
f 312 2819 301
f 312 301 310
f 316 312 310
f 316 310 313
f 315 313 314
f 315 314 317
f 88 316 313
f 88 313 315
f 89 2818 312
f 89 312 316
f 315 317 85
f 315 85 88
f 318 321 85
f 318 85 317
f 317 314 320
f 317 320 318
f 322 318 319
f 322 319 323
f 318 320 482
f 318 482 319
f 322 81 321
f 322 321 318
f 76 322 323
f 76 323 73
f 323 319 325
f 323 325 324
f 73 323 324
f 73 324 326
f 324 325 329
f 324 329 327
f 326 324 327
f 326 327 330
f 327 329 491
f 327 491 328
f 330 327 328
f 330 328 332
f 332 335 331
f 332 331 330
f 330 331 74
f 330 74 326
f 332 328 526
f 332 526 333
f 334 332 333
f 334 333 394
f 337 335 332
f 337 332 334
f 338 336 335
f 338 335 337
f 335 336 2710
f 335 2710 331
f 339 337 334
f 339 334 341
f 340 338 337
f 340 337 339
f 344 340 339
f 344 339 342
f 342 339 341
f 342 341 343
f 343 346 345
f 343 345 342
f 345 347 344
f 345 344 342
f 348 345 346
f 348 346 351
f 350 347 345
f 350 345 348
f 349 348 351
f 349 351 353
f 366 350 348
f 366 348 349
f 351 346 392
f 351 392 352
f 353 351 352
f 353 352 354
f 354 355 349
f 354 349 353
f 356 359 355
f 356 355 354
f 354 352 357
f 354 357 356
f 356 357 381
f 356 381 358
f 358 360 359
f 358 359 356
f 360 362 361
f 360 361 359
f 359 361 364
f 359 364 355
f 362 374 363
f 362 363 361
f 361 363 365
f 361 365 364
f 364 365 350
f 364 350 366
f 355 364 366
f 355 366 349
f 365 367 347
f 365 347 350
f 363 369 367
f 363 367 365
f 344 347 367
f 344 367 368
f 367 369 370
f 367 370 368
f 370 369 371
f 370 371 372
f 374 371 369
f 374 369 363
f 371 373 2700
f 371 2700 372
f 375 373 371
f 375 371 374
f 377 375 374
f 377 374 362
f 375 377 378
f 375 378 376
f 373 375 376
f 373 376 384
f 378 377 362
f 378 362 360
f 379 378 360
f 379 360 358
f 376 378 379
f 376 379 380
f 358 381 380
f 358 380 379
f 381 385 382
f 381 382 380
f 384 376 380
f 384 380 382
f 383 382 385
f 383 385 387
f 2697 384 382
f 2697 382 383
f 357 386 385
f 357 385 381
f 385 386 389
f 385 389 387
f 389 390 388
f 389 388 387
f 387 388 2696
f 387 2696 383
f 391 393 390
f 391 390 389
f 389 386 392
f 389 392 391
f 392 346 343
f 392 343 391
f 343 341 393
f 343 393 391
f 341 334 394
f 341 394 393
f 393 394 395
f 393 395 390
f 394 333 397
f 394 397 395
f 390 395 396
f 390 396 388
f 395 397 399
f 395 399 396
f 333 526 398
f 333 398 397
f 397 398 401
f 397 401 399
f 396 399 400
f 396 400 2694
f 399 401 403
f 399 403 400
f 398 525 402
f 398 402 401
f 401 402 404
f 401 404 403
f 403 404 405
f 403 405 400
f 409 408 404
f 409 404 400
f 406 2586 405
f 406 405 404
f 404 407 410
f 404 410 406
f 402 411 407
f 402 407 404
f 412 415 410
f 412 410 407
f 411 413 412
f 411 412 407
f 414 412 413
f 414 413 502
f 416 415 412
f 416 412 414
f 419 417 415
f 419 415 416
f 417 418 410
f 417 410 415
f 418 417 420
f 418 420 423
f 417 419 421
f 417 421 420
f 420 421 510
f 420 510 422
f 423 420 422
f 423 422 424
f 426 418 423
f 426 423 425
f 425 423 424
f 425 424 428
f 425 427 2685
f 425 2685 426
f 428 430 427
f 428 427 425
f 424 522 429
f 424 429 428
f 429 432 430
f 429 430 428
f 430 431 617
f 430 617 427
f 432 433 431
f 432 431 430
f 434 436 433
f 434 433 432
f 437 434 432
f 437 432 429
f 436 434 435
f 436 435 612
f 434 437 439
f 434 439 435
f 522 438 437
f 522 437 429
f 438 441 439
f 438 439 437
f 435 439 440
f 435 440 610
f 441 443 440
f 441 440 439
f 514 442 441
f 514 441 438
f 442 444 443
f 442 443 441
f 444 448 445
f 444 445 443
f 443 445 446
f 443 446 440
f 445 447 603
f 445 603 446
f 448 450 447
f 448 447 445
f 449 448 444
f 449 444 518
f 451 450 448
f 451 448 449
f 455 452 450
f 455 450 451
f 452 454 447
f 452 447 450
f 453 604 454
f 453 454 452
f 457 453 452
f 457 452 455
f 456 455 451
f 456 451 521
f 458 457 455
f 458 455 456
f 459 461 453
f 459 453 457
f 462 459 457
f 462 457 458
f 464 460 459
f 464 459 462
f 460 607 461
f 460 461 459
f 458 456 463
f 458 463 462
f 464 462 463
f 464 463 465
f 460 464 465
f 460 465 467
f 467 465 466
f 467 466 469
f 466 465 463
f 466 463 478
f 607 460 467
f 607 467 468
f 468 467 469
f 468 469 470
f 470 469 471
f 470 471 472
f 466 473 471
f 466 471 469
f 474 472 471
f 474 471 473
f 475 476 474
f 475 474 473
f 478 475 473
f 478 473 466
f 477 309 476
f 477 476 475
f 479 477 475
f 479 475 478
f 479 478 463
f 479 463 480
f 479 480 482
f 479 482 320
f 314 311 479
f 314 479 320
f 479 311 308
f 479 308 477
f 481 480 463
f 481 463 524
f 481 484 482
f 481 482 480
f 486 483 482
f 486 482 484
f 325 319 482
f 325 482 483
f 524 485 484
f 524 484 481
f 485 487 486
f 485 486 484
f 487 489 483
f 487 483 486
f 499 488 487
f 499 487 485
f 488 490 489
f 488 489 487
f 489 329 325
f 489 325 483
f 490 491 329
f 490 329 489
f 491 490 492
f 491 492 493
f 490 488 495
f 490 495 492
f 493 492 494
f 493 494 525
f 492 495 496
f 492 496 494
f 500 496 495
f 500 495 497
f 497 495 488
f 497 488 499
f 501 500 497
f 501 497 498
f 498 497 499
f 498 499 523
f 503 502 500
f 503 500 501
f 502 413 496
f 502 496 500
f 504 414 502
f 504 502 503
f 504 503 463
f 504 463 505
f 501 498 463
f 501 463 503
f 505 416 414
f 505 414 504
f 506 419 416
f 506 416 505
f 506 505 463
f 506 463 507
f 419 506 507
f 419 507 421
f 421 507 508
f 421 508 510
f 508 507 463
f 508 463 509
f 509 511 510
f 509 510 508
f 511 512 422
f 511 422 510
f 513 514 512
f 513 512 511
f 515 513 511
f 515 511 509
f 514 513 516
f 514 516 442
f 513 515 517
f 513 517 516
f 516 517 519
f 516 519 518
f 442 516 518
f 442 518 444
f 520 449 518
f 520 518 519
f 519 517 463
f 519 463 520
f 521 520 463
f 521 463 456
f 521 451 449
f 521 449 520
f 515 509 463
f 515 463 517
f 512 514 438
f 512 438 522
f 422 512 522
f 422 522 424
f 523 499 485
f 523 485 524
f 523 524 463
f 523 463 498
f 494 496 413
f 494 413 411
f 525 494 411
f 525 411 402
f 526 493 525
f 526 525 398
f 328 491 493
f 328 493 526
f 306 527 476
f 306 476 309
f 527 528 474
f 527 474 476
f 529 530 528
f 529 528 527
f 304 529 527
f 304 527 306
f 529 531 532
f 529 532 530
f 304 297 531
f 304 531 529
f 531 296 534
f 531 534 532
f 534 536 533
f 534 533 532
f 530 532 533
f 530 533 573
f 534 296 250
f 534 250 535
f 535 538 536
f 535 536 534
f 537 573 533
f 537 533 536
f 538 540 537
f 538 537 536
f 2817 539 538
f 2817 538 535
f 539 541 540
f 539 540 538
f 541 545 542
f 541 542 540
f 540 542 544
f 540 544 537
f 542 543 554
f 542 554 544
f 545 547 543
f 545 543 542
f 2814 546 545
f 2814 545 541
f 546 548 547
f 546 547 545
f 549 547 548
f 549 548 551
f 552 543 547
f 552 547 549
f 550 549 551
f 550 551 219
f 224 552 549
f 224 549 550
f 553 554 543
f 553 543 552
f 556 553 552
f 556 552 224
f 555 557 554
f 555 554 553
f 215 555 553
f 215 553 556
f 558 559 557
f 558 557 555
f 560 558 555
f 560 555 215
f 561 562 559
f 561 559 558
f 204 561 558
f 204 558 560
f 201 563 562
f 201 562 561
f 565 564 562
f 565 562 563
f 564 567 559
f 564 559 562
f 1108 566 564
f 1108 564 565
f 566 568 567
f 566 567 564
f 559 567 569
f 559 569 557
f 568 570 569
f 568 569 567
f 470 571 569
f 470 569 570
f 554 557 569
f 554 569 544
f 537 544 569
f 537 569 571
f 571 572 573
f 571 573 537
f 470 472 572
f 470 572 571
f 472 474 528
f 472 528 572
f 572 528 530
f 572 530 573
f 568 576 574
f 568 574 570
f 570 574 575
f 570 575 470
f 574 577 580
f 574 580 575
f 576 579 577
f 576 577 574
f 580 577 578
f 580 578 583
f 579 1111 578
f 579 578 577
f 575 580 584
f 575 584 585
f 580 582 624
f 580 624 581
f 587 584 580
f 587 580 581
f 582 580 583
f 582 583 1147
f 585 584 586
f 585 586 606
f 589 586 584
f 589 584 587
f 590 589 587
f 590 587 588
f 588 587 581
f 588 581 622
f 589 590 594
f 589 594 591
f 586 589 591
f 586 591 592
f 592 591 593
f 592 593 602
f 591 594 596
f 591 596 593
f 590 588 595
f 590 595 594
f 596 594 595
f 596 595 597
f 593 596 597
f 593 597 599
f 598 597 595
f 598 595 609
f 599 597 598
f 599 598 600
f 601 599 600
f 601 600 603
f 602 593 599
f 602 599 601
f 604 602 601
f 604 601 454
f 454 601 603
f 454 603 447
f 603 600 608
f 603 608 446
f 604 605 592
f 604 592 602
f 453 461 605
f 453 605 604
f 461 607 606
f 461 606 605
f 605 606 586
f 605 586 592
f 468 585 606
f 468 606 607
f 600 598 609
f 600 609 608
f 608 609 611
f 608 611 610
f 446 608 610
f 446 610 440
f 612 435 610
f 612 610 611
f 611 609 595
f 611 595 612
f 436 612 595
f 436 595 433
f 622 619 595
f 622 595 588
f 2669 614 595
f 2669 595 613
f 620 613 595
f 620 595 619
f 2674 615 595
f 2674 595 614
f 2678 616 595
f 2678 595 615
f 2683 618 595
f 2683 595 616
f 431 433 595
f 431 595 617
f 2686 617 595
f 2686 595 618
f 619 621 2682
f 619 2682 620
f 622 623 621
f 622 621 619
f 622 581 624
f 622 624 623
f 625 623 624
f 625 624 582
f 623 625 627
f 623 627 621
f 625 582 1147
f 625 1147 626
f 626 629 627
f 626 627 625
f 629 631 628
f 629 628 627
f 621 627 628
f 621 628 2682
f 1145 630 629
f 1145 629 626
f 630 633 631
f 630 631 629
f 2662 628 631
f 2662 631 632
f 632 631 633
f 632 633 635
f 633 634 637
f 633 637 635
f 630 1146 634
f 630 634 633
f 2660 632 635
f 2660 635 636
f 636 635 637
f 636 637 638
f 640 638 637
f 640 637 634
f 636 638 639
f 636 639 2626
f 638 640 642
f 638 642 639
f 640 641 643
f 640 643 642
f 1146 641 640
f 1146 640 634
f 644 642 643
f 644 643 645
f 639 642 644
f 639 644 646
f 646 644 645
f 646 645 648
f 2626 639 646
f 2626 646 647
f 647 646 648
f 647 648 649
f 648 645 653
f 648 653 650
f 649 648 650
f 649 650 652
f 654 651 650
f 654 650 653
f 651 660 652
f 651 652 650
f 653 645 643
f 653 643 654
f 655 657 651
f 655 651 654
f 655 654 643
f 655 643 656
f 656 658 657
f 656 657 655
f 658 662 659
f 658 659 657
f 657 659 660
f 657 660 651
f 659 661 2618
f 659 2618 660
f 662 663 661
f 662 661 659
f 664 665 663
f 664 663 662
f 669 664 662
f 669 662 658
f 664 666 760
f 664 760 665
f 666 664 667
f 666 667 755
f 664 668 2717
f 664 2717 667
f 670 668 664
f 670 664 669
f 671 669 658
f 671 658 656
f 672 670 669
f 672 669 671
f 671 656 643
f 671 643 672
f 673 672 643
f 673 643 675
f 673 674 670
f 673 670 672
f 675 677 674
f 675 674 673
f 676 679 677
f 676 677 675
f 676 675 643
f 676 643 684
f 677 678 2752
f 677 2752 674
f 679 680 678
f 679 678 677
f 681 682 680
f 681 680 679
f 684 681 679
f 684 679 676
f 683 2748 682
f 683 682 681
f 685 683 681
f 685 681 684
f 685 684 643
f 685 643 686
f 686 688 683
f 686 683 685
f 687 686 643
f 687 643 1152
f 687 690 688
f 687 688 686
f 688 689 2748
f 688 2748 683
f 690 692 689
f 690 689 688
f 692 690 691
f 692 691 694
f 690 687 1152
f 690 1152 691
f 694 696 693
f 694 693 692
f 693 2742 689
f 693 689 692
f 694 691 1151
f 694 1151 695
f 695 698 696
f 695 696 694
f 698 700 697
f 698 697 696
f 696 697 2743
f 696 2743 693
f 695 1128 699
f 695 699 698
f 698 699 702
f 698 702 700
f 700 701 2746
f 700 2746 697
f 702 704 701
f 702 701 700
f 699 1126 703
f 699 703 702
f 703 706 704
f 703 704 702
f 706 707 705
f 706 705 704
f 704 705 2755
f 704 2755 701
f 708 711 707
f 708 707 706
f 709 708 706
f 709 706 703
f 1121 710 708
f 1121 708 709
f 710 712 711
f 710 711 708
f 712 714 713
f 712 713 711
f 707 711 713
f 707 713 705
f 2755 705 713
f 2755 713 721
f 1118 717 713
f 1118 713 714
f 1090 715 713
f 1090 713 717
f 1087 716 713
f 1087 713 715
f 727 725 713
f 727 713 716
f 2728 718 713
f 2728 713 722
f 2735 719 713
f 2735 713 718
f 2753 720 713
f 2753 713 719
f 2747 721 713
f 2747 713 720
f 2725 722 713
f 2725 713 723
f 2754 723 713
f 2754 713 724
f 726 724 713
f 726 713 725
f 725 728 731
f 725 731 726
f 727 730 728
f 727 728 725
f 730 1084 729
f 730 729 728
f 728 729 733
f 728 733 731
f 726 731 732
f 726 732 724
f 731 733 735
f 731 735 732
f 729 1085 734
f 729 734 733
f 737 735 733
f 737 733 734
f 738 736 735
f 738 735 737
f 732 735 736
f 732 736 2722
f 742 738 737
f 742 737 739
f 739 737 734
f 739 734 740
f 741 739 740
f 741 740 983
f 744 742 739
f 744 739 741
f 738 742 743
f 738 743 2719
f 746 743 742
f 746 742 744
f 745 744 741
f 745 741 910
f 747 746 744
f 747 744 745
f 749 748 746
f 749 746 747
f 748 750 743
f 748 743 746
f 749 752 751
f 749 751 748
f 750 748 751
f 750 751 753
f 754 753 751
f 754 751 752
f 756 755 753
f 756 753 754
f 755 667 750
f 755 750 753
f 758 666 755
f 758 755 756
f 756 754 975
f 756 975 757
f 758 756 757
f 758 757 759
f 666 758 759
f 666 759 760
f 760 759 761
f 760 761 763
f 759 757 765
f 759 765 761
f 762 761 764
f 762 764 2715
f 801 763 761
f 801 761 762
f 767 764 761
f 767 761 765
f 768 767 765
f 768 765 766
f 757 975 766
f 757 766 765
f 769 771 764
f 769 764 767
f 772 769 767
f 772 767 768
f 781 771 769
f 781 769 770
f 770 769 772
f 770 772 773
f 772 768 774
f 772 774 773
f 773 774 777
f 773 777 775
f 778 770 773
f 778 773 775
f 775 776 779
f 775 779 778
f 775 777 891
f 775 891 776
f 778 779 782
f 778 782 780
f 780 781 770
f 780 770 778
f 786 781 780
f 786 780 783
f 783 780 782
f 783 782 784
f 785 783 784
f 785 784 2553
f 788 786 783
f 788 783 785
f 787 771 781
f 787 781 786
f 790 787 786
f 790 786 788
f 2553 789 788
f 2553 788 785
f 789 792 790
f 789 790 788
f 791 2715 787
f 791 787 790
f 790 792 794
f 790 794 791
f 2551 793 792
f 2551 792 789
f 792 793 795
f 792 795 794
f 794 795 798
f 794 798 796
f 791 794 796
f 791 796 799
f 809 797 796
f 809 796 798
f 797 800 799
f 797 799 796
f 799 762 2715
f 799 2715 791
f 800 801 762
f 800 762 799
f 804 802 800
f 804 800 797
f 802 803 801
f 802 801 800
f 804 805 803
f 804 803 802
f 806 807 805
f 806 805 804
f 806 804 797
f 806 797 809
f 808 2621 807
f 808 807 806
f 806 809 810
f 806 810 808
f 809 798 811
f 809 811 810
f 810 811 815
f 810 815 812
f 808 810 812
f 808 812 813
f 813 812 814
f 813 814 2606
f 812 815 817
f 812 817 814
f 811 2552 816
f 811 816 815
f 815 816 819
f 815 819 817
f 817 819 820
f 817 820 818
f 814 817 818
f 814 818 2605
f 816 822 821
f 816 821 819
f 819 821 824
f 819 824 820
f 822 2549 823
f 822 823 821
f 821 823 825
f 821 825 824
f 824 825 827
f 824 827 826
f 820 824 826
f 820 826 829
f 826 827 2712
f 826 2712 828
f 829 826 828
f 829 828 831
f 830 829 831
f 830 831 833
f 818 820 829
f 818 829 830
f 2714 832 831
f 2714 831 828
f 832 834 833
f 832 833 831
f 835 833 834
f 835 834 838
f 836 830 833
f 836 833 835
f 2600 836 835
f 2600 835 837
f 837 835 838
f 837 838 840
f 840 838 839
f 840 839 842
f 838 834 849
f 838 849 839
f 842 843 841
f 842 841 840
f 840 841 2598
f 840 2598 837
f 839 845 843
f 839 843 842
f 843 844 2595
f 843 2595 841
f 845 846 844
f 845 844 843
f 849 847 845
f 849 845 839
f 847 848 846
f 847 846 845
f 850 852 848
f 850 848 847
f 851 850 847
f 851 847 849
f 855 853 850
f 855 850 851
f 853 854 852
f 853 852 850
f 856 858 854
f 856 854 853
f 857 856 853
f 857 853 855
f 860 859 856
f 860 856 857
f 859 861 858
f 859 858 856
f 863 862 859
f 863 859 860
f 862 864 861
f 862 861 859
f 866 865 862
f 866 862 863
f 865 867 864
f 865 864 862
f 869 868 865
f 869 865 866
f 868 870 867
f 868 867 865
f 872 871 868
f 872 868 869
f 871 873 870
f 871 870 868
f 875 874 871
f 875 871 872
f 874 876 873
f 874 873 871
f 879 877 874
f 879 874 875
f 877 878 876
f 877 876 874
f 880 883 878
f 880 878 877
f 882 880 877
f 882 877 879
f 881 884 883
f 881 883 880
f 2547 881 880
f 2547 880 882
f 878 883 885
f 878 885 887
f 883 884 888
f 883 888 885
f 885 888 889
f 885 889 886
f 887 885 886
f 887 886 1022
f 776 889 888
f 776 888 779
f 779 888 884
f 779 884 782
f 776 891 890
f 776 890 889
f 889 890 893
f 889 893 886
f 891 977 892
f 891 892 890
f 890 892 895
f 890 895 893
f 893 895 897
f 893 897 894
f 886 893 894
f 886 894 1022
f 900 897 895
f 900 895 896
f 896 895 892
f 896 892 952
f 992 899 897
f 992 897 898
f 902 898 897
f 902 897 900
f 894 897 899
f 894 899 1023
f 901 900 896
f 901 896 951
f 903 902 900
f 903 900 901
f 906 904 902
f 906 902 903
f 904 905 898
f 904 898 902
f 907 910 905
f 907 905 904
f 908 907 904
f 908 904 906
f 912 909 907
f 912 907 908
f 909 745 910
f 909 910 907
f 910 741 983
f 910 983 905
f 911 747 745
f 911 745 909
f 914 911 909
f 914 909 912
f 913 912 908
f 913 908 981
f 915 914 912
f 915 912 913
f 919 916 914
f 919 914 915
f 916 917 911
f 916 911 914
f 918 972 917
f 918 917 916
f 920 918 916
f 920 916 919
f 919 921 922
f 919 922 920
f 919 915 924
f 919 924 921
f 962 922 921
f 962 921 923
f 923 921 924
f 923 924 925
f 925 924 926
f 925 926 928
f 915 913 926
f 915 926 924
f 927 926 913
f 927 913 981
f 928 926 927
f 928 927 930
f 967 925 928
f 967 928 929
f 929 928 930
f 929 930 931
f 931 930 932
f 931 932 934
f 930 927 933
f 930 933 932
f 936 935 932
f 936 932 933
f 935 937 934
f 935 934 932
f 940 938 935
f 940 935 936
f 938 939 937
f 938 937 935
f 939 938 941
f 939 941 943
f 938 940 944
f 938 944 941
f 943 941 942
f 943 942 969
f 941 944 946
f 941 946 942
f 944 940 978
f 944 978 945
f 948 946 944
f 948 944 945
f 947 946 948
f 947 948 949
f 942 946 947
f 942 947 961
f 948 950 953
f 948 953 949
f 945 951 950
f 945 950 948
f 951 896 952
f 951 952 950
f 950 952 954
f 950 954 953
f 953 954 956
f 953 956 955
f 949 953 955
f 949 955 957
f 957 955 918
f 957 918 920
f 955 956 972
f 955 972 918
f 957 958 947
f 957 947 949
f 922 958 957
f 922 957 920
f 961 947 958
f 961 958 959
f 959 958 922
f 959 922 962
f 968 961 959
f 968 959 960
f 960 959 962
f 960 962 963
f 963 962 923
f 963 923 964
f 965 968 960
f 965 960 963
f 967 965 963
f 967 963 964
f 966 969 968
f 966 968 965
f 929 966 965
f 929 965 967
f 969 942 961
f 969 961 968
f 970 943 969
f 970 969 966
f 964 923 925
f 964 925 967
f 931 970 966
f 931 966 929
f 937 939 943
f 937 943 970
f 934 937 970
f 934 970 931
f 954 977 971
f 954 971 956
f 956 971 973
f 956 973 972
f 972 973 749
f 972 749 917
f 971 976 974
f 971 974 973
f 973 974 752
f 973 752 749
f 974 975 754
f 974 754 752
f 976 766 975
f 976 975 974
f 768 766 976
f 768 976 774
f 774 976 971
f 774 971 777
f 777 971 977
f 777 977 891
f 952 892 977
f 952 977 954
f 978 901 951
f 978 951 945
f 978 940 936
f 978 936 979
f 901 978 979
f 901 979 903
f 979 936 933
f 979 933 980
f 903 979 980
f 903 980 906
f 980 933 927
f 980 927 981
f 981 908 906
f 981 906 980
f 917 749 747
f 917 747 911
f 982 992 898
f 982 898 905
f 905 983 984
f 905 984 982
f 983 740 985
f 983 985 984
f 984 985 988
f 984 988 986
f 982 984 986
f 982 986 989
f 989 986 987
f 989 987 990
f 986 988 1081
f 986 1081 987
f 990 994 991
f 990 991 989
f 989 991 992
f 989 992 982
f 991 993 899
f 991 899 992
f 994 995 993
f 994 993 991
f 998 996 994
f 998 994 990
f 996 997 995
f 996 995 994
f 997 996 999
f 997 999 1001
f 998 1000 999
f 998 999 996
f 1002 1001 999
f 1002 999 1000
f 1003 1001 1002
f 1003 1002 1004
f 1005 997 1001
f 1005 1001 1003
f 1006 1003 1004
f 1006 1004 1007
f 1009 1005 1003
f 1009 1003 1006
f 1007 1028 1008
f 1007 1008 1006
f 1006 1008 1011
f 1006 1011 1009
f 1010 1025 1005
f 1010 1005 1009
f 1010 1009 1011
f 1010 1011 1013
f 1008 1026 1012
f 1008 1012 1011
f 1013 1011 1012
f 1013 1012 1014
f 1015 1013 1014
f 1015 1014 1016
f 1017 1010 1013
f 1017 1013 1015
f 1016 1020 1018
f 1016 1018 1015
f 1015 1018 1019
f 1015 1019 1017
f 1018 887 1022
f 1018 1022 1019
f 1020 878 887
f 1020 887 1018
f 876 878 1020
f 876 1020 1021
f 1021 1020 1016
f 1021 1016 59
f 873 876 1021
f 873 1021 60
f 1022 894 1023
f 1022 1023 1019
f 1019 1023 1024
f 1019 1024 1017
f 1023 899 993
f 1023 993 1024
f 1017 1024 1025
f 1017 1025 1010
f 1024 993 995
f 1024 995 1025
f 1025 995 997
f 1025 997 1005
f 59 1016 1014
f 59 1014 57
f 57 1014 1012
f 57 1012 55
f 1026 1027 55
f 1026 55 1012
f 1028 37 1026
f 1028 1026 1008
f 37 39 1027
f 37 1027 1026
f 39 41 50
f 39 50 1027
f 33 1028 1007
f 33 1007 1029
f 1007 1004 1030
f 1007 1030 1029
f 29 1029 1030
f 29 1030 1031
f 1002 1031 1030
f 1002 1030 1004
f 1000 1032 1031
f 1000 1031 1002
f 1032 1034 29
f 1032 29 1031
f 998 1033 1032
f 998 1032 1000
f 1033 1035 1034
f 1033 1034 1032
f 1034 1035 1038
f 1034 1038 1036
f 29 1034 1036
f 29 1036 1037
f 1037 1036 1039
f 1037 1039 1042
f 1036 1038 1040
f 1036 1040 1039
f 1040 1043 1041
f 1040 1041 1039
f 1039 1041 14
f 1039 14 1042
f 1042 19 24
f 1042 24 1037
f 1043 1045 15
f 1043 15 1041
f 1040 2545 1044
f 1040 1044 1043
f 1045 1043 1044
f 1045 1044 1046
f 1045 1048 12
f 1045 12 15
f 2546 1047 1045
f 2546 1045 1046
f 1045 1047 1050
f 1045 1050 1048
f 1048 1049 10
f 1048 10 12
f 1049 1048 1050
f 1049 1050 1051
f 1053 1051 1050
f 1053 1050 1047
f 1287 1049 1051
f 1287 1051 1052
f 1052 1051 1053
f 1052 1053 1054
f 1053 1056 1058
f 1053 1058 1054
f 1055 1053 1047
f 1055 1047 2546
f 1059 1056 1053
f 1059 1053 1055
f 1060 1057 1056
f 1060 1056 1059
f 1056 1057 1340
f 1056 1340 1058
f 1063 1060 1059
f 1063 1059 1061
f 1061 1059 1055
f 1061 1055 1064
f 1062 1097 1063
f 1062 1063 1061
f 1066 1062 1061
f 1066 1061 1064
f 1064 1055 2546
f 1064 2546 1065
f 1064 1065 1068
f 1064 1068 1066
f 1067 1094 1062
f 1067 1062 1066
f 1066 1068 1069
f 1066 1069 1067
f 1065 1071 1070
f 1065 1070 1068
f 1068 1070 1073
f 1068 1073 1069
f 2545 1072 1070
f 2545 1070 1071
f 1072 1075 1073
f 1072 1073 1070
f 1073 1074 1088
f 1073 1088 1069
f 1073 1075 1076
f 1073 1076 1074
f 1075 1035 1078
f 1075 1078 1076
f 1038 1035 1075
f 1038 1075 1072
f 1076 1078 1079
f 1076 1079 1077
f 1074 1076 1077
f 1074 1077 1087
f 1081 1080 1078
f 1081 1078 1035
f 1080 1082 1079
f 1080 1079 1078
f 988 1083 1080
f 988 1080 1081
f 1083 1084 1082
f 1083 1082 1080
f 1084 1083 1085
f 1084 1085 729
f 1083 988 985
f 1083 985 1085
f 1085 985 740
f 1085 740 734
f 1084 730 1086
f 1084 1086 1082
f 1082 1086 1077
f 1082 1077 1079
f 1086 716 1087
f 1086 1087 1077
f 730 727 716
f 730 716 1086
f 987 1081 1035
f 987 1035 1033
f 1074 1087 715
f 1074 715 1088
f 1069 1088 1089
f 1069 1089 1067
f 1088 715 1090
f 1088 1090 1089
f 1089 1090 1093
f 1089 1093 1091
f 1067 1089 1091
f 1067 1091 1094
f 1094 1091 1092
f 1094 1092 1095
f 1091 1093 1112
f 1091 1112 1092
f 1094 1095 1097
f 1094 1097 1062
f 1095 1096 1098
f 1095 1098 1097
f 1110 1096 1095
f 1110 1095 1092
f 1097 1098 1099
f 1097 1099 1063
f 1096 1102 1100
f 1096 1100 1098
f 1098 1100 1101
f 1098 1101 1099
f 1104 1101 1100
f 1104 1100 1103
f 1103 1100 1102
f 1103 1102 1106
f 1153 1104 1103
f 1153 1103 1105
f 1105 1103 1106
f 1105 1106 1108
f 1107 1106 1102
f 1107 1102 1109
f 566 1108 1106
f 566 1106 1107
f 565 1154 1105
f 565 1105 1108
f 576 1107 1109
f 576 1109 579
f 568 566 1107
f 568 1107 576
f 579 1109 1110
f 579 1110 1111
f 1109 1102 1096
f 1109 1096 1110
f 1111 1110 1092
f 1111 1092 1112
f 1112 1113 578
f 1112 578 1111
f 1112 1093 1115
f 1112 1115 1113
f 1114 1148 578
f 1114 578 1113
f 1113 1115 1116
f 1113 1116 1114
f 1115 717 1118
f 1115 1118 1116
f 1093 1090 717
f 1093 717 1115
f 1114 1116 1117
f 1114 1117 1119
f 1116 1118 714
f 1116 714 1117
f 1117 714 712
f 1117 712 710
f 1119 1117 710
f 1119 710 1121
f 1120 1148 1114
f 1120 1114 1119
f 1122 1120 1119
f 1122 1119 1121
f 1124 1122 1121
f 1124 1121 709
f 1123 1137 1120
f 1123 1120 1122
f 1125 1123 1122
f 1125 1122 1124
f 1126 1124 709
f 1126 709 703
f 1127 1125 1124
f 1127 1124 1126
f 1128 1127 1126
f 1128 1126 699
f 1127 1129 1132
f 1127 1132 1125
f 1128 1130 1129
f 1128 1129 1127
f 1130 1149 1131
f 1130 1131 1129
f 1129 1131 1133
f 1129 1133 1132
f 1132 1133 1135
f 1132 1135 1134
f 1125 1132 1134
f 1125 1134 1123
f 1123 1134 1136
f 1123 1136 1137
f 1134 1135 1138
f 1134 1138 1136
f 1137 1136 1139
f 1137 1139 1141
f 1136 1138 1140
f 1136 1140 1139
f 1140 1144 1142
f 1140 1142 1139
f 1141 1139 1142
f 1141 1142 1143
f 1145 1143 1142
f 1145 1142 1144
f 1145 1144 1146
f 1145 1146 630
f 1144 1140 641
f 1144 641 1146
f 626 1147 1143
f 626 1143 1145
f 1147 583 1141
f 1147 1141 1143
f 1137 1141 1148
f 1137 1148 1120
f 1141 583 578
f 1141 578 1148
f 1140 1138 643
f 1140 643 641
f 1135 1133 643
f 1135 643 1138
f 1131 1149 643
f 1131 643 1133
f 1150 1152 643
f 1150 643 1149
f 1151 1150 1149
f 1151 1149 1130
f 691 1152 1150
f 691 1150 1151
f 695 1151 1130
f 695 1130 1128
f 1154 1155 1153
f 1154 1153 1105
f 563 200 1154
f 563 1154 565
f 200 198 1155
f 200 1155 1154
f 1158 1153 1155
f 1158 1155 1156
f 1156 1155 198
f 1156 198 196
f 1157 1156 196
f 1157 196 1170
f 1160 1158 1156
f 1160 1156 1157
f 1153 1158 1159
f 1153 1159 1104
f 1158 1160 1161
f 1158 1161 1159
f 1157 1165 1162
f 1157 1162 1160
f 1160 1162 1163
f 1160 1163 1161
f 1162 1164 1331
f 1162 1331 1163
f 1165 1166 1164
f 1165 1164 1162
f 1167 1169 1166
f 1167 1166 1165
f 1170 1167 1165
f 1170 1165 1157
f 1167 1168 1171
f 1167 1171 1169
f 1170 195 1168
f 1170 1168 1167
f 1169 1172 1173
f 1169 1173 1166
f 1175 1172 1169
f 1175 1169 1171
f 1172 1174 1327
f 1172 1327 1173
f 1176 1174 1172
f 1176 1172 1175
f 1177 1175 1171
f 1177 1171 1180
f 1179 1176 1175
f 1179 1175 1177
f 1181 1178 1177
f 1181 1177 1180
f 1178 2027 1179
f 1178 1179 1177
f 1168 1182 1180
f 1168 1180 1171
f 1183 1181 1180
f 1183 1180 1182
f 195 193 1182
f 195 1182 1168
f 1185 1183 1182
f 1185 1182 193
f 1184 2021 1181
f 1184 1181 1183
f 1186 1184 1183
f 1186 1183 1185
f 193 191 1187
f 193 1187 1185
f 1186 1185 1187
f 1186 1187 1188
f 163 1188 1187
f 163 1187 191
f 1188 162 1189
f 1188 1189 1186
f 1190 1184 1186
f 1190 1186 1189
f 1192 1190 1189
f 1192 1189 1191
f 162 160 1191
f 162 1191 1189
f 1192 1191 1193
f 1192 1193 1194
f 1191 160 158
f 1191 158 1193
f 1194 1193 1195
f 1194 1195 1196
f 1193 158 1197
f 1193 1197 1195
f 1198 1199 1196
f 1198 1196 1195
f 1197 1200 1198
f 1197 1198 1195
f 1201 1202 1199
f 1201 1199 1198
f 1200 139 1201
f 1200 1201 1198
f 1201 138 1204
f 1201 1204 1202
f 1202 1203 2095
f 1202 2095 1199
f 1203 1202 1204
f 1203 1204 1205
f 1210 1205 1204
f 1210 1204 1207
f 1208 1207 1204
f 1208 1204 1206
f 2543 1206 1204
f 2543 1204 138
f 1208 2396 1209
f 1208 1209 1207
f 1210 1207 1209
f 1210 1209 1211
f 1213 1205 1210
f 1213 1210 1211
f 1215 1213 1211
f 1215 1211 1212
f 1212 1211 1209
f 1212 1209 2391
f 1214 1203 1205
f 1214 1205 1213
f 1216 1214 1213
f 1216 1213 1215
f 1215 1217 1218
f 1215 1218 1216
f 1212 1219 1217
f 1212 1217 1215
f 1217 1220 1223
f 1217 1223 1218
f 1219 1222 1220
f 1219 1220 1217
f 1223 1220 1221
f 1223 1221 1224
f 1220 1222 2380
f 1220 2380 1221
f 1224 1226 1225
f 1224 1225 1223
f 1228 1218 1223
f 1228 1223 1225
f 1226 1256 1227
f 1226 1227 1225
f 1229 1228 1225
f 1229 1225 1227
f 1231 1230 1228
f 1231 1228 1229
f 1230 1216 1218
f 1230 1218 1228
f 1232 1230 1231
f 1232 1231 1234
f 1214 1216 1230
f 1214 1230 1232
f 1203 1214 1232
f 1203 1232 1233
f 1233 1232 1234
f 1233 1234 1235
f 1236 1234 1231
f 1236 1231 1239
f 1237 1235 1234
f 1237 1234 1236
f 2100 1237 1236
f 2100 1236 1238
f 1238 1236 1239
f 1238 1239 1241
f 1239 1231 1229
f 1239 1229 1240
f 1241 1239 1240
f 1241 1240 1242
f 1241 1243 1244
f 1241 1244 1238
f 1243 1241 1242
f 1243 1242 1246
f 1243 1245 1975
f 1243 1975 1244
f 1245 1243 1246
f 1245 1246 1247
f 1247 1246 1248
f 1247 1248 1249
f 1246 1242 1251
f 1246 1251 1248
f 1248 1250 1936
f 1248 1936 1249
f 1251 1252 1250
f 1251 1250 1248
f 1252 1251 1253
f 1252 1253 1254
f 1242 1240 1253
f 1242 1253 1251
f 1254 1253 1227
f 1254 1227 1256
f 1240 1229 1227
f 1240 1227 1253
f 1947 1252 1254
f 1947 1254 1255
f 1255 1254 1256
f 1255 1256 1257
f 1258 1257 1256
f 1258 1256 1226
f 1262 1259 1257
f 1262 1257 1258
f 1255 1257 1259
f 1255 1259 1261
f 1261 1259 1260
f 1261 1260 1272
f 1264 1260 1259
f 1264 1259 1262
f 1263 1262 1258
f 1263 1258 2370
f 1265 1264 1262
f 1265 1262 1263
f 1264 1265 1268
f 1264 1268 1266
f 1260 1264 1266
f 1260 1266 1269
f 1269 1266 1267
f 1269 1267 1270
f 1266 1268 2369
f 1266 2369 1267
f 1271 1272 1260
f 1271 1260 1269
f 1274 1271 1269
f 1274 1269 1270
f 1273 1946 1272
f 1273 1272 1271
f 1275 1273 1271
f 1275 1271 1274
f 1274 1270 1279
f 1274 1279 1276
f 1275 1274 1276
f 1275 1276 1278
f 1276 1279 1281
f 1276 1281 1277
f 1278 1276 1277
f 1278 1277 1970
f 1270 1267 1280
f 1270 1280 1279
f 1279 1280 1283
f 1279 1283 1281
f 1281 1283 1284
f 1281 1284 1282
f 1277 1281 1282
f 1277 1282 1972
f 1283 1285 1288
f 1283 1288 1284
f 1280 1286 1285
f 1280 1285 1283
f 1286 2368 1287
f 1286 1287 1285
f 1285 1287 1052
f 1285 1052 1288
f 1288 1052 1054
f 1288 1054 1289
f 1284 1288 1289
f 1284 1289 1291
f 1054 1058 1290
f 1054 1290 1289
f 1292 1291 1289
f 1292 1289 1290
f 1295 1293 1291
f 1295 1291 1292
f 1282 1284 1291
f 1282 1291 1293
f 1972 1282 1293
f 1972 1293 1294
f 1297 1294 1293
f 1297 1293 1295
f 1296 1295 1292
f 1296 1292 1342
f 1298 1297 1295
f 1298 1295 1296
f 1301 1299 1297
f 1301 1297 1298
f 1299 1300 1294
f 1299 1294 1297
f 1302 1304 1300
f 1302 1300 1299
f 1303 1302 1299
f 1303 1299 1301
f 1308 1305 1302
f 1308 1302 1303
f 1305 1307 1304
f 1305 1304 1302
f 1309 1306 1305
f 1309 1305 1308
f 1306 1965 1307
f 1306 1307 1305
f 1309 1308 1310
f 1309 1310 1311
f 1310 1308 1303
f 1310 1303 1313
f 1311 1310 1312
f 1311 1312 2101
f 1312 1310 1313
f 1312 1313 1314
f 1313 1303 1301
f 1313 1301 1315
f 1314 1313 1315
f 1314 1315 1317
f 1316 1315 1301
f 1316 1301 1298
f 1318 1317 1315
f 1318 1315 1316
f 1319 1320 1314
f 1319 1314 1317
f 1322 1319 1317
f 1322 1317 1318
f 1321 1356 1320
f 1321 1320 1319
f 1324 1321 1319
f 1324 1319 1322
f 1323 1322 1318
f 1323 1318 1345
f 1326 1324 1322
f 1326 1322 1323
f 1324 1325 1346
f 1324 1346 1321
f 1326 1327 1325
f 1326 1325 1324
f 1173 1327 1326
f 1173 1326 1328
f 1326 1323 1329
f 1326 1329 1328
f 1166 1173 1328
f 1166 1328 1164
f 1328 1329 1331
f 1328 1331 1164
f 1323 1345 1330
f 1323 1330 1329
f 1329 1330 1332
f 1329 1332 1331
f 1163 1331 1332
f 1163 1332 1334
f 1335 1334 1332
f 1335 1332 1333
f 1333 1332 1330
f 1333 1330 1343
f 1338 1336 1334
f 1338 1334 1335
f 1161 1163 1334
f 1161 1334 1336
f 1337 1336 1338
f 1337 1338 1339
f 1159 1161 1336
f 1159 1336 1337
f 1057 1338 1335
f 1057 1335 1340
f 1339 1338 1057
f 1339 1057 1060
f 1099 1339 1060
f 1099 1060 1063
f 1101 1337 1339
f 1101 1339 1099
f 1104 1159 1337
f 1104 1337 1101
f 1340 1335 1333
f 1340 1333 1341
f 1058 1340 1341
f 1058 1341 1290
f 1341 1333 1343
f 1341 1343 1342
f 1342 1292 1290
f 1342 1290 1341
f 1342 1343 1344
f 1342 1344 1296
f 1343 1330 1345
f 1343 1345 1344
f 1345 1318 1316
f 1345 1316 1344
f 1344 1316 1298
f 1344 1298 1296
f 1327 1174 1347
f 1327 1347 1325
f 1325 1347 1349
f 1325 1349 1346
f 1348 1347 1174
f 1348 1174 1176
f 1350 1349 1347
f 1350 1347 1348
f 1354 1346 1349
f 1354 1349 1351
f 1352 1351 1349
f 1352 1349 1350
f 2038 1353 1351
f 2038 1351 1352
f 1355 1354 1351
f 1355 1351 1353
f 1357 1356 1354
f 1357 1354 1355
f 1356 1321 1346
f 1356 1346 1354
f 1356 1357 1358
f 1356 1358 1320
f 1357 1359 1360
f 1357 1360 1358
f 1362 1359 1357
f 1362 1357 1355
f 1359 1361 2102
f 1359 2102 1360
f 1364 1361 1359
f 1364 1359 1362
f 1363 1362 1355
f 1363 1355 1353
f 1366 1364 1362
f 1366 1362 1363
f 2104 1361 1364
f 2104 1364 1365
f 1365 1364 1366
f 1365 1366 1367
f 1371 1367 1366
f 1371 1366 1368
f 1368 1366 1363
f 1368 1363 1370
f 1373 1371 1368
f 1373 1368 1369
f 1369 1368 1370
f 1369 1370 2037
f 1372 2118 1367
f 1372 1367 1371
f 1375 1372 1371
f 1375 1371 1373
f 2040 1374 1373
f 2040 1373 1369
f 1374 1376 1375
f 1374 1375 1373
f 1376 1379 1377
f 1376 1377 1375
f 1372 1375 1377
f 1372 1377 1380
f 1379 2073 1378
f 1379 1378 1377
f 1380 1377 1378
f 1380 1378 1382
f 2118 1372 1380
f 2118 1380 1381
f 1381 1380 1382
f 1381 1382 1384
f 1382 1378 2075
f 1382 2075 1383
f 1384 1382 1383
f 1384 1383 1385
f 1389 1386 1384
f 1389 1384 1385
f 1386 1388 1381
f 1386 1381 1384
f 1387 2108 1388
f 1387 1388 1386
f 1391 1387 1386
f 1391 1386 1389
f 1393 1391 1389
f 1393 1389 1390
f 1390 1389 1385
f 1390 1385 2080
f 1387 1391 1392
f 1387 1392 2110
f 1391 1393 1394
f 1391 1394 1392
f 1395 1398 1394
f 1395 1394 1393
f 1397 1395 1393
f 1397 1393 1390
f 2084 1396 1395
f 2084 1395 1397
f 1396 1400 1398
f 1396 1398 1395
f 1400 1401 1399
f 1400 1399 1398
f 1398 1399 2114
f 1398 2114 1394
f 1400 1402 1404
f 1400 1404 1401
f 1396 1403 1402
f 1396 1402 1400
f 1403 1406 1405
f 1403 1405 1402
f 1402 1405 1407
f 1402 1407 1404
f 1410 1408 1405
f 1410 1405 1406
f 1408 1409 1407
f 1408 1407 1405
f 1411 1413 1409
f 1411 1409 1408
f 1412 1411 1408
f 1412 1408 1410
f 1415 1414 1411
f 1415 1411 1412
f 1414 1416 1413
f 1414 1413 1411
f 1420 1417 1414
f 1420 1414 1415
f 1417 1419 1416
f 1417 1416 1414
f 1418 1770 1419
f 1418 1419 1417
f 1422 1418 1417
f 1422 1417 1420
f 1420 1415 1439
f 1420 1439 1421
f 1422 1420 1421
f 1422 1421 1423
f 1424 1422 1423
f 1424 1423 1427
f 1424 1426 1418
f 1424 1418 1422
f 1424 1425 2120
f 1424 2120 1426
f 1428 1425 1424
f 1428 1424 1427
f 1430 1428 1427
f 1430 1427 1429
f 1427 1423 1432
f 1427 1432 1429
f 1429 1431 2130
f 1429 2130 1430
f 1429 1432 1433
f 1429 1433 1431
f 1432 1434 1435
f 1432 1435 1433
f 1423 1421 1434
f 1423 1434 1432
f 1434 1436 1437
f 1434 1437 1435
f 1434 1421 1439
f 1434 1439 1436
f 1438 2264 1437
f 1438 1437 1436
f 1438 1436 1439
f 1438 1439 1441
f 1412 1440 1439
f 1412 1439 1415
f 1443 1441 1439
f 1443 1439 1440
f 1438 1441 1442
f 1438 1442 2264
f 1443 1445 1442
f 1443 1442 1441
f 1443 1440 2089
f 1443 2089 1444
f 1445 1443 1444
f 1445 1444 1447
f 1446 2213 1442
f 1446 1442 1445
f 1446 1445 1447
f 1446 1447 1448
f 1448 1447 1449
f 1448 1449 1452
f 1447 1444 1450
f 1447 1450 1449
f 2083 1451 1449
f 2083 1449 1450
f 1451 1453 1452
f 1451 1452 1449
f 1452 1453 1457
f 1452 1457 1454
f 1454 1455 1448
f 1454 1448 1452
f 1456 2218 1455
f 1456 1455 1454
f 1454 1457 1459
f 1454 1459 1456
f 1453 2086 1458
f 1453 1458 1457
f 1457 1458 1461
f 1457 1461 1459
f 1482 1456 1459
f 1482 1459 1460
f 1460 1459 1461
f 1460 1461 1462
f 1463 1465 1462
f 1463 1462 1461
f 1458 1464 1463
f 1458 1463 1461
f 1464 1467 1466
f 1464 1466 1463
f 1466 1469 1465
f 1466 1465 1463
f 1468 1466 1467
f 1468 1467 2074
f 1470 1469 1466
f 1470 1466 1468
f 1472 1471 1469
f 1472 1469 1470
f 1469 1471 1474
f 1469 1474 1465
f 1473 1471 1472
f 1473 1472 2055
f 1474 1471 1473
f 1474 1473 1475
f 1465 1474 1476
f 1465 1476 1462
f 1476 1474 1475
f 1476 1475 1477
f 1478 1476 1477
f 1478 1477 1479
f 1478 1460 1462
f 1478 1462 1476
f 1480 1478 1479
f 1480 1479 1483
f 1480 1482 1460
f 1480 1460 1478
f 1481 2219 1482
f 1481 1482 1480
f 1481 1480 1483
f 1481 1483 1485
f 1483 1479 2067
f 1483 2067 1484
f 1485 1483 1484
f 1485 1484 1486
f 1490 1481 1485
f 1490 1485 1487
f 1487 1485 1486
f 1487 1486 1489
f 1488 1487 1489
f 1488 1489 1549
f 1492 1490 1487
f 1492 1487 1488
f 1490 1491 2219
f 1490 2219 1481
f 1493 1491 1490
f 1493 1490 1492
f 1496 1493 1492
f 1496 1492 1494
f 1494 1492 1488
f 1494 1488 1497
f 1495 1494 1497
f 1495 1497 1499
f 2223 1496 1494
f 2223 1494 1495
f 1497 1488 1549
f 1497 1549 1498
f 1499 1497 1498
f 1499 1498 1500
f 1501 1499 1500
f 1501 1500 1504
f 1502 1495 1499
f 1502 1499 1501
f 1512 1502 1501
f 1512 1501 1503
f 1503 1501 1504
f 1503 1504 1506
f 1504 1500 1542
f 1504 1542 1505
f 1506 1504 1505
f 1506 1505 1507
f 1508 1506 1507
f 1508 1507 1509
f 1510 1503 1506
f 1510 1506 1508
f 1511 1512 1503
f 1511 1503 1510
f 1513 1514 1512
f 1513 1512 1511
f 1515 1516 1514
f 1515 1514 1513
f 1516 1515 1517
f 1516 1517 1518
f 1518 1517 1519
f 1518 1519 1520
f 1520 1519 1521
f 1520 1521 1522
f 1522 1521 1523
f 1522 1523 1524
f 1524 1523 1525
f 1524 1525 1526
f 1526 1525 1527
f 1526 1527 1528
f 1529 1530 1528
f 1529 1528 1527
f 1531 1532 1530
f 1531 1530 1529
f 1533 1535 1532
f 1533 1532 1531
f 1534 1536 1535
f 1534 1535 1533
f 1536 1540 1537
f 1536 1537 1535
f 1535 1537 1538
f 1535 1538 1532
f 1537 1539 2249
f 1537 2249 1538
f 1540 1541 1539
f 1540 1539 1537
f 1505 1542 1541
f 1505 1541 1540
f 1507 1505 1540
f 1507 1540 1536
f 1542 1546 1543
f 1542 1543 1541
f 1541 1543 1544
f 1541 1544 1539
f 1543 1545 1555
f 1543 1555 1544
f 1546 1547 1545
f 1546 1545 1543
f 1500 1498 1546
f 1500 1546 1542
f 1498 1549 1547
f 1498 1547 1546
f 1547 1548 1551
f 1547 1551 1545
f 1549 1489 1548
f 1549 1548 1547
f 1550 1548 1489
f 1550 1489 1588
f 1552 1551 1548
f 1552 1548 1550
f 1556 1553 1551
f 1556 1551 1552
f 1545 1551 1553
f 1545 1553 1555
f 1555 1553 1554
f 1555 1554 2247
f 1558 1554 1553
f 1558 1553 1556
f 1559 1558 1556
f 1559 1556 1557
f 1557 1556 1552
f 1557 1552 1580
f 1563 1560 1558
f 1563 1558 1559
f 1560 1561 1554
f 1560 1554 1558
f 1562 2241 1561
f 1562 1561 1560
f 1565 1562 1560
f 1565 1560 1563
f 1564 1563 1559
f 1564 1559 1574
f 1567 1565 1563
f 1567 1563 1564
f 1566 2242 1562
f 1566 1562 1565
f 1568 1566 1565
f 1568 1565 1567
f 1570 1568 1567
f 1570 1567 1569
f 1569 1567 1564
f 1569 1564 1571
f 1569 1571 1572
f 1569 1572 1570
f 1573 1575 1572
f 1573 1572 1571
f 1571 1564 1574
f 1571 1574 1573
f 1573 1574 1577
f 1573 1577 1575
f 1576 2263 1572
f 1576 1572 1575
f 1575 1577 1578
f 1575 1578 1576
f 1577 1557 1580
f 1577 1580 1578
f 1574 1559 1557
f 1574 1557 1577
f 1576 1578 1579
f 1576 1579 2263
f 1578 1580 1581
f 1578 1581 1579
f 1580 1552 1550
f 1580 1550 1581
f 1579 1581 1582
f 1579 1582 1587
f 1581 1550 1588
f 1581 1588 1582
f 2156 1584 1582
f 2156 1582 1583
f 1582 1588 1589
f 1582 1589 1583
f 1585 1582 1584
f 1585 1584 2152
f 2180 1586 1582
f 2180 1582 1585
f 1587 1582 1586
f 1587 1586 2262
f 1588 1489 1486
f 1588 1486 1589
f 1583 1589 1590
f 1583 1590 1592
f 1589 1486 1484
f 1589 1484 1590
f 1484 2067 1591
f 1484 1591 1590
f 1590 1591 1594
f 1590 1594 1592
f 1593 2156 1583
f 1593 1583 1592
f 1593 1592 1594
f 1593 1594 1595
f 1595 1594 1596
f 1595 1596 1599
f 1591 1597 1596
f 1591 1596 1594
f 1597 2063 1598
f 1597 1598 1596
f 1596 1598 1601
f 1596 1601 1599
f 1599 1601 1603
f 1599 1603 1600
f 2159 1595 1599
f 2159 1599 1600
f 1598 2064 1602
f 1598 1602 1601
f 1601 1602 1604
f 1601 1604 1603
f 1603 1604 1607
f 1603 1607 1605
f 1600 1603 1605
f 1600 1605 1606
f 1606 1605 1608
f 1606 1608 1611
f 1605 1607 1609
f 1605 1609 1608
f 1610 1608 1609
f 1610 1609 1888
f 1613 1611 1608
f 1613 1608 1610
f 1612 1611 1613
f 1612 1613 1615
f 2161 1606 1611
f 2161 1611 1612
f 1614 1613 1610
f 1614 1610 1887
f 1615 1613 1614
f 1615 1614 1616
f 1617 1615 1616
f 1617 1616 1620
f 1619 1612 1615
f 1619 1615 1617
f 1619 1617 1618
f 1619 1618 2162
f 1617 1620 1621
f 1617 1621 1618
f 1623 1622 1620
f 1623 1620 1616
f 1621 1620 1622
f 1621 1622 1625
f 1893 1624 1622
f 1893 1622 1623
f 1625 1622 1624
f 1625 1624 1626
f 1627 1625 1626
f 1627 1626 1630
f 1628 1621 1625
f 1628 1625 1627
f 1701 1628 1627
f 1701 1627 1629
f 1629 1627 1630
f 1629 1630 1631
f 1632 2362 1631
f 1632 1631 1630
f 1634 1632 1630
f 1634 1630 1633
f 1633 1630 1626
f 1633 1626 1635
f 1637 1634 1633
f 1637 1633 1636
f 1636 1633 1635
f 1636 1635 1639
f 2324 1637 1636
f 2324 1636 1638
f 1636 1639 1641
f 1636 1641 1638
f 1639 1635 1905
f 1639 1905 1640
f 1639 1640 1643
f 1639 1643 1641
f 1638 1641 1642
f 1638 1642 1655
f 1641 1643 1645
f 1641 1645 1642
f 1640 1898 1644
f 1640 1644 1643
f 1643 1644 1646
f 1643 1646 1645
f 1647 1645 1646
f 1647 1646 1648
f 1642 1645 1647
f 1642 1647 1650
f 1649 1647 1648
f 1649 1648 1804
f 1650 1647 1649
f 1650 1649 1651
f 1655 1642 1650
f 1655 1650 1652
f 1652 1650 1651
f 1652 1651 1653
f 1653 2267 1654
f 1653 1654 1652
f 1655 1652 1654
f 1655 1654 1657
f 1659 1656 1655
f 1659 1655 1657
f 1656 2324 1638
f 1656 1638 1655
f 1661 1659 1657
f 1661 1657 1658
f 1658 1657 1654
f 1658 1654 2279
f 1660 2321 1656
f 1660 1656 1659
f 1663 1660 1659
f 1663 1659 1661
f 1665 1663 1661
f 1665 1661 1662
f 1662 1661 1658
f 1662 1658 1674
f 2318 1660 1663
f 2318 1663 1664
f 1664 1663 1665
f 1664 1665 1666
f 1667 1665 1662
f 1667 1662 1670
f 1666 1665 1667
f 1666 1667 1669
f 1668 1667 1670
f 1668 1670 1671
f 1669 1667 1668
f 1669 1668 2300
f 1671 1670 1672
f 1671 1672 1673
f 1670 1662 1674
f 1670 1674 1672
f 1675 1677 1673
f 1675 1673 1672
f 1676 1675 1672
f 1676 1672 1674
f 1679 1678 1675
f 1679 1675 1676
f 1678 1681 1677
f 1678 1677 1675
f 2276 1680 1678
f 2276 1678 1679
f 1680 1682 1681
f 1680 1681 1678
f 1682 1686 1683
f 1682 1683 1681
f 1681 1683 1685
f 1681 1685 1677
f 1683 1684 2306
f 1683 2306 1685
f 1686 1688 1684
f 1686 1684 1683
f 2278 1687 1686
f 2278 1686 1682
f 1687 1689 1688
f 1687 1688 1686
f 1689 1691 1690
f 1689 1690 1688
f 1688 1690 1692
f 1688 1692 1684
f 1691 1695 1693
f 1691 1693 1690
f 1690 1693 1694
f 1690 1694 1692
f 1693 1696 1697
f 1693 1697 1694
f 1695 1698 1696
f 1695 1696 1693
f 1696 1699 1701
f 1696 1701 1697
f 1698 1702 1699
f 1698 1699 1696
f 1702 1704 1700
f 1702 1700 1699
f 1699 1700 1628
f 1699 1628 1701
f 1704 1702 1703
f 1704 1703 1705
f 1698 1695 1703
f 1698 1703 1702
f 1704 1705 1706
f 1704 1706 1700
f 1705 1707 1708
f 1705 1708 1706
f 1707 1705 1703
f 1707 1703 1709
f 1707 1709 1711
f 1707 1711 1708
f 1710 1709 1703
f 1710 1703 2273
f 1710 1712 1711
f 1710 1711 1709
f 1715 1714 1711
f 1715 1711 1712
f 1725 1708 1711
f 1725 1711 1713
f 1717 1713 1711
f 1717 1711 1714
f 1715 2266 1716
f 1715 1716 1714
f 1717 1714 1716
f 1717 1716 1718
f 1717 1718 1720
f 1717 1720 1713
f 1719 1718 1716
f 1719 1716 1780
f 1719 1721 1720
f 1719 1720 1718
f 1773 1722 1720
f 1773 1720 1721
f 1725 1713 1720
f 1725 1720 1723
f 1724 1723 1720
f 1724 1720 1722
f 1724 1727 1726
f 1724 1726 1723
f 1723 1726 1729
f 1723 1729 1725
f 1727 1730 1728
f 1727 1728 1726
f 1726 1728 1628
f 1726 1628 1729
f 1700 1706 1729
f 1700 1729 1628
f 1706 1708 1725
f 1706 1725 1729
f 1730 1732 1731
f 1730 1731 1728
f 1728 1731 1733
f 1728 1733 1628
f 1732 1737 1734
f 1732 1734 1731
f 1731 1734 1735
f 1731 1735 1733
f 1736 2154 1735
f 1736 1735 1734
f 1738 1736 1734
f 1738 1734 1737
f 1740 1738 1737
f 1740 1737 1739
f 1742 1739 1737
f 1742 1737 1732
f 2164 1740 1739
f 2164 1739 1741
f 1744 1741 1739
f 1744 1739 1742
f 1743 1742 1732
f 1743 1732 1730
f 1745 1744 1742
f 1745 1742 1743
f 1744 1745 1749
f 1744 1749 1746
f 1741 1744 1746
f 1741 1746 1747
f 1747 1746 1748
f 1747 1748 2167
f 1746 1749 1751
f 1746 1751 1748
f 1745 1777 1750
f 1745 1750 1749
f 1749 1750 1752
f 1749 1752 1751
f 1752 1753 1748
f 1752 1748 1751
f 1754 1756 1753
f 1754 1753 1752
f 1750 1757 1754
f 1750 1754 1752
f 1755 2177 1756
f 1755 1756 1754
f 1759 1755 1754
f 1759 1754 1757
f 1777 1758 1757
f 1777 1757 1750
f 1760 1759 1757
f 1760 1757 1758
f 1762 1761 1759
f 1762 1759 1760
f 1761 1763 1755
f 1761 1755 1759
f 1761 1762 1767
f 1761 1767 1764
f 1763 1761 1764
f 1763 1764 1765
f 1765 1764 1766
f 1765 1766 2119
f 1764 1767 1768
f 1764 1768 1766
f 1768 1767 1769
f 1768 1769 1770
f 1767 1762 1772
f 1767 1772 1769
f 1770 1769 1771
f 1770 1771 1419
f 1769 1772 1773
f 1769 1773 1771
f 1772 1774 1722
f 1772 1722 1773
f 1762 1760 1774
f 1762 1774 1772
f 1774 1775 1724
f 1774 1724 1722
f 1760 1758 1775
f 1760 1775 1774
f 1775 1776 1727
f 1775 1727 1724
f 1758 1777 1776
f 1758 1776 1775
f 1776 1743 1730
f 1776 1730 1727
f 1777 1745 1743
f 1777 1743 1776
f 1773 1721 1778
f 1773 1778 1771
f 1419 1771 1778
f 1419 1778 1416
f 1781 1779 1778
f 1781 1778 1780
f 1413 1416 1778
f 1413 1778 1779
f 1719 1780 1778
f 1719 1778 1721
f 1781 1780 1716
f 1781 1716 1782
f 1781 1782 1784
f 1781 1784 1783
f 1781 1783 1786
f 1781 1786 1779
f 1783 1784 1806
f 1783 1806 1785
f 1783 1785 1787
f 1783 1787 1786
f 1779 1786 1409
f 1779 1409 1413
f 1786 1787 1407
f 1786 1407 1409
f 1787 1788 1404
f 1787 1404 1407
f 1785 1789 1788
f 1785 1788 1787
f 1789 1791 1790
f 1789 1790 1788
f 1788 1790 1401
f 1788 1401 1404
f 1791 1794 1792
f 1791 1792 1790
f 1790 1792 1399
f 1790 1399 1401
f 1792 1793 2114
f 1792 2114 1399
f 1794 1795 1793
f 1794 1793 1792
f 1796 1794 1791
f 1796 1791 1797
f 1798 1795 1794
f 1798 1794 1796
f 1799 1796 1797
f 1799 1797 1802
f 1801 1798 1796
f 1801 1796 1799
f 1799 1800 1823
f 1799 1823 1801
f 1802 1803 1800
f 1802 1800 1799
f 1804 1648 1803
f 1804 1803 1802
f 1802 1797 1805
f 1802 1805 1804
f 1804 1805 1806
f 1804 1806 1649
f 1797 1791 1789
f 1797 1789 1805
f 1805 1789 1785
f 1805 1785 1806
f 1784 1651 1649
f 1784 1649 1806
f 1803 1807 1809
f 1803 1809 1800
f 1648 1646 1807
f 1648 1807 1803
f 1644 1808 1807
f 1644 1807 1646
f 1809 1807 1808
f 1809 1808 1811
f 1800 1809 1810
f 1800 1810 1823
f 1810 1809 1811
f 1810 1811 1813
f 1813 1811 1812
f 1813 1812 1814
f 1811 1808 1897
f 1811 1897 1812
f 1816 1815 1813
f 1816 1813 1814
f 1815 1818 1810
f 1815 1810 1813
f 1856 1817 1815
f 1856 1815 1816
f 1817 1819 1818
f 1817 1818 1815
f 1818 1819 1822
f 1818 1822 1820
f 1810 1818 1820
f 1810 1820 1823
f 1820 1822 1825
f 1820 1825 1821
f 1823 1820 1821
f 1823 1821 1801
f 1819 1853 1824
f 1819 1824 1822
f 1822 1824 1826
f 1822 1826 1825
f 1826 1830 1827
f 1826 1827 1825
f 1825 1827 1829
f 1825 1829 1821
f 1827 1828 2116
f 1827 2116 1829
f 1830 1832 1828
f 1830 1828 1827
f 1848 1831 1830
f 1848 1830 1826
f 1831 1834 1832
f 1831 1832 1830
f 2112 1828 1832
f 2112 1832 1833
f 1833 1832 1834
f 1833 1834 1836
f 1836 1834 1835
f 1836 1835 1838
f 1834 1831 1845
f 1834 1845 1835
f 2109 1833 1836
f 2109 1836 1837
f 1837 1836 1838
f 1837 1838 1839
f 1839 1838 1840
f 1839 1840 1841
f 1838 1835 1842
f 1838 1842 1840
f 1840 1311 2101
f 1840 2101 1841
f 1842 1309 1311
f 1842 1311 1840
f 1835 1845 1843
f 1835 1843 1842
f 1842 1843 1306
f 1842 1306 1309
f 1843 1844 1965
f 1843 1965 1306
f 1845 1846 1844
f 1845 1844 1843
f 1831 1848 1846
f 1831 1846 1845
f 1847 1962 1844
f 1847 1844 1846
f 1849 1847 1846
f 1849 1846 1848
f 1824 1849 1848
f 1824 1848 1826
f 1850 1852 1847
f 1850 1847 1849
f 1853 1850 1849
f 1853 1849 1824
f 1959 1852 1850
f 1959 1850 1851
f 1851 1850 1853
f 1851 1853 1854
f 1854 1853 1819
f 1854 1819 1817
f 1858 1851 1854
f 1858 1854 1855
f 1855 1854 1817
f 1855 1817 1856
f 1904 1857 1855
f 1904 1855 1856
f 1857 1860 1858
f 1857 1858 1855
f 1860 1861 1859
f 1860 1859 1858
f 1859 1959 1851
f 1859 1851 1858
f 1864 1862 1860
f 1864 1860 1857
f 1862 1865 1861
f 1862 1861 1860
f 1863 1867 1865
f 1863 1865 1862
f 1862 1864 1906
f 1862 1906 1863
f 1867 1868 1866
f 1867 1866 1865
f 1865 1866 1958
f 1865 1958 1861
f 1872 1869 1867
f 1872 1867 1863
f 1869 1870 1868
f 1869 1868 1867
f 1934 1870 1869
f 1934 1869 1871
f 1871 1869 1872
f 1871 1872 1874
f 1863 1906 1873
f 1863 1873 1872
f 1873 1876 1874
f 1873 1874 1872
f 1932 1871 1874
f 1932 1874 1875
f 1876 1877 1875
f 1876 1875 1874
f 1878 1879 1877
f 1878 1877 1876
f 1881 1878 1876
f 1881 1876 1873
f 1880 1907 1879
f 1880 1879 1878
f 1883 1880 1878
f 1883 1878 1881
f 1906 1882 1881
f 1906 1881 1873
f 1883 1881 1882
f 1883 1882 1884
f 1885 1883 1884
f 1885 1884 1886
f 1885 1888 1880
f 1885 1880 1883
f 1886 1889 1887
f 1886 1887 1885
f 1887 1610 1888
f 1887 1888 1885
f 1888 1609 1907
f 1888 1907 1880
f 1889 1891 1614
f 1889 1614 1887
f 1901 1890 1889
f 1901 1889 1886
f 1890 1892 1891
f 1890 1891 1889
f 1892 1893 1623
f 1892 1623 1891
f 1891 1623 1616
f 1891 1616 1614
f 1895 1893 1892
f 1895 1892 1894
f 1894 1892 1890
f 1894 1890 1896
f 1898 1895 1894
f 1898 1894 1897
f 1897 1894 1896
f 1897 1896 1812
f 1898 1897 1808
f 1898 1808 1644
f 1640 1905 1895
f 1640 1895 1898
f 1896 1890 1901
f 1896 1901 1899
f 1812 1896 1899
f 1812 1899 1814
f 1899 1900 1816
f 1899 1816 1814
f 1901 1902 1900
f 1901 1900 1899
f 1886 1884 1902
f 1886 1902 1901
f 1884 1882 1903
f 1884 1903 1902
f 1902 1903 1904
f 1902 1904 1900
f 1903 1864 1857
f 1903 1857 1904
f 1864 1903 1882
f 1864 1882 1906
f 1900 1904 1856
f 1900 1856 1816
f 1905 1624 1893
f 1905 1893 1895
f 1635 1626 1624
f 1635 1624 1905
f 1908 1910 1879
f 1908 1879 1907
f 1607 1908 1907
f 1607 1907 1609
f 1604 1909 1908
f 1604 1908 1607
f 1909 1912 1910
f 1909 1910 1908
f 1910 1911 1877
f 1910 1877 1879
f 1912 1914 1911
f 1912 1911 1910
f 2068 1913 1912
f 2068 1912 1909
f 1913 1915 1914
f 1913 1914 1912
f 1915 1919 1916
f 1915 1916 1914
f 1914 1916 1918
f 1914 1918 1911
f 1917 1931 1918
f 1917 1918 1916
f 1917 1916 1919
f 1917 1919 1921
f 1921 1919 1920
f 1921 1920 1922
f 2070 1920 1919
f 2070 1919 1915
f 1923 1921 1922
f 1923 1922 1924
f 1926 1917 1921
f 1926 1921 1923
f 1923 1924 1974
f 1923 1974 1925
f 1926 1923 1925
f 1926 1925 1927
f 1926 1928 1931
f 1926 1931 1917
f 1926 1927 1929
f 1926 1929 1928
f 1928 1929 1933
f 1928 1933 1930
f 1928 1930 1932
f 1928 1932 1931
f 1931 1932 1875
f 1931 1875 1918
f 1930 1934 1871
f 1930 1871 1932
f 1930 1933 1935
f 1930 1935 1934
f 1934 1935 1937
f 1934 1937 1870
f 1933 1249 1936
f 1933 1936 1935
f 1935 1936 1939
f 1935 1939 1937
f 1937 1938 1868
f 1937 1868 1870
f 1939 1941 1938
f 1939 1938 1937
f 1250 1940 1939
f 1250 1939 1936
f 1943 1941 1939
f 1943 1939 1940
f 1941 1942 1973
f 1941 1973 1938
f 1944 1942 1941
f 1944 1941 1943
f 1946 1944 1943
f 1946 1943 1945
f 1945 1943 1940
f 1945 1940 1947
f 1947 1255 1261
f 1947 1261 1945
f 1945 1261 1272
f 1945 1272 1946
f 1252 1947 1940
f 1252 1940 1250
f 1273 1948 1944
f 1273 1944 1946
f 1948 1950 1942
f 1948 1942 1944
f 1275 1949 1948
f 1275 1948 1273
f 1949 1952 1950
f 1949 1950 1948
f 1954 1951 1950
f 1954 1950 1952
f 1951 1973 1942
f 1951 1942 1950
f 1952 1953 1955
f 1952 1955 1954
f 1949 1971 1953
f 1949 1953 1952
f 1956 1958 1951
f 1956 1951 1954
f 1954 1955 1957
f 1954 1957 1956
f 1956 1957 1959
f 1956 1959 1859
f 1861 1958 1956
f 1861 1956 1859
f 1958 1866 1973
f 1958 1973 1951
f 1955 1961 1960
f 1955 1960 1957
f 1957 1960 1852
f 1957 1852 1959
f 1960 1961 1963
f 1960 1963 1962
f 1852 1960 1962
f 1852 1962 1847
f 1962 1963 1965
f 1962 1965 1844
f 1961 1966 1964
f 1961 1964 1963
f 1963 1964 1307
f 1963 1307 1965
f 1967 1964 1966
f 1967 1966 1969
f 1304 1307 1964
f 1304 1964 1967
f 1300 1304 1967
f 1300 1967 1968
f 1968 1967 1969
f 1968 1969 1970
f 1971 1969 1966
f 1971 1966 1953
f 1278 1970 1969
f 1278 1969 1971
f 1275 1278 1971
f 1275 1971 1949
f 1970 1277 1972
f 1970 1972 1968
f 1968 1972 1294
f 1968 1294 1300
f 1953 1966 1961
f 1953 1961 1955
f 1938 1973 1866
f 1938 1866 1868
f 1929 1247 1249
f 1929 1249 1933
f 1927 1245 1247
f 1927 1247 1929
f 1927 1925 1975
f 1927 1975 1245
f 1925 1974 1976
f 1925 1976 1975
f 1244 1975 1976
f 1244 1976 1977
f 1978 1979 1977
f 1978 1977 1976
f 1976 1974 1981
f 1976 1981 1978
f 1980 2004 1979
f 1980 1979 1978
f 1978 1981 1982
f 1978 1982 1980
f 1974 1924 1983
f 1974 1983 1981
f 1981 1983 1984
f 1981 1984 1982
f 1922 1985 1983
f 1922 1983 1924
f 1985 1987 1984
f 1985 1984 1983
f 1920 1986 1985
f 1920 1985 1922
f 1986 1988 1987
f 1986 1987 1985
f 1988 1991 1989
f 1988 1989 1987
f 1987 1989 1990
f 1987 1990 1984
f 1989 1992 1995
f 1989 1995 1990
f 1991 1993 1992
f 1991 1992 1989
f 1992 1993 2047
f 1992 2047 1994
f 1995 1992 1994
f 1995 1994 1996
f 1995 1997 2000
f 1995 2000 1990
f 1997 1995 1996
f 1997 1996 1999
f 1997 1998 2001
f 1997 2001 2000
f 1998 1997 1999
f 1998 1999 2091
f 2000 2001 1980
f 2000 1980 1982
f 1990 2000 1982
f 1990 1982 1984
f 2002 2004 1980
f 2002 1980 2001
f 2003 2002 2001
f 2003 2001 1998
f 2006 2005 2002
f 2006 2002 2003
f 2005 2007 2004
f 2005 2004 2002
f 2006 2009 2008
f 2006 2008 2005
f 2005 2008 2010
f 2005 2010 2007
f 2009 2012 2011
f 2009 2011 2008
f 2008 2011 2013
f 2008 2013 2010
f 2011 2012 2016
f 2011 2016 2014
f 2013 2011 2014
f 2013 2014 2015
f 2015 2014 2017
f 2015 2017 2018
f 2014 2016 2019
f 2014 2019 2017
f 2017 1194 1196
f 2017 1196 2018
f 2019 1192 1194
f 2019 1194 2017
f 2016 2022 2020
f 2016 2020 2019
f 2019 2020 1190
f 2019 1190 1192
f 2020 2021 1184
f 2020 1184 1190
f 2022 2024 2021
f 2022 2021 2020
f 2012 2023 2022
f 2012 2022 2016
f 2023 2025 2024
f 2023 2024 2022
f 2024 2025 2027
f 2024 2027 1178
f 2021 2024 1178
f 2021 1178 1181
f 2025 2026 2028
f 2025 2028 2027
f 2094 2026 2025
f 2094 2025 2023
f 2027 2028 2029
f 2027 2029 1179
f 2026 2032 2030
f 2026 2030 2028
f 2028 2030 2033
f 2028 2033 2029
f 2033 2030 2031
f 2033 2031 2034
f 2030 2032 2090
f 2030 2090 2031
f 2033 1350 1348
f 2033 1348 2029
f 2034 1352 1350
f 2034 1350 2033
f 2035 2038 1352
f 2035 1352 2034
f 2034 2031 2036
f 2034 2036 2035
f 2036 2039 2037
f 2036 2037 2035
f 2037 1370 2038
f 2037 2038 2035
f 1370 1363 1353
f 1370 1353 2038
f 2039 2040 1369
f 2039 1369 2037
f 2041 2043 2040
f 2041 2040 2039
f 2042 2041 2039
f 2042 2039 2036
f 2091 1999 2041
f 2091 2041 2042
f 1999 1996 2043
f 1999 2043 2041
f 1996 1994 2044
f 1996 2044 2043
f 2043 2044 1374
f 2043 1374 2040
f 1994 2047 2045
f 1994 2045 2044
f 2044 2045 1376
f 2044 1376 1374
f 2047 2048 2046
f 2047 2046 2045
f 2045 2046 1379
f 2045 1379 1376
f 1993 2050 2048
f 1993 2048 2047
f 2048 2049 2072
f 2048 2072 2046
f 2050 2051 2049
f 2050 2049 2048
f 2054 2051 2050
f 2054 2050 2052
f 2052 2050 1993
f 2052 1993 1991
f 2056 2054 2052
f 2056 2052 2053
f 2053 2052 1991
f 2053 1991 1988
f 2055 1472 2051
f 2055 2051 2054
f 2058 2055 2054
f 2058 2054 2056
f 2060 2058 2056
f 2060 2056 2057
f 2056 2053 2071
f 2056 2071 2057
f 2059 1473 2055
f 2059 2055 2058
f 2062 2059 2058
f 2062 2058 2060
f 2061 2060 2057
f 2061 2057 2069
f 2064 2062 2060
f 2064 2060 2061
f 2065 2059 2062
f 2065 2062 2063
f 2063 2062 2064
f 2063 2064 1598
f 2064 2061 2068
f 2064 2068 1602
f 2066 2065 2063
f 2066 2063 1597
f 1477 1475 2065
f 1477 2065 2066
f 1475 1473 2059
f 1475 2059 2065
f 1479 1477 2066
f 1479 2066 2067
f 2067 2066 1597
f 2067 1597 1591
f 2061 2069 1913
f 2061 1913 2068
f 2057 2071 2070
f 2057 2070 2069
f 2069 2070 1915
f 2069 1915 1913
f 2071 1986 1920
f 2071 1920 2070
f 2053 1988 1986
f 2053 1986 2071
f 1602 2068 1909
f 1602 1909 1604
f 2051 1472 1470
f 2051 1470 2049
f 2049 1470 1468
f 2049 1468 2072
f 2046 2072 2073
f 2046 2073 1379
f 2072 1468 2074
f 2072 2074 2073
f 2073 2074 2075
f 2073 2075 1378
f 2074 1467 2076
f 2074 2076 2075
f 1383 2075 2076
f 1383 2076 2078
f 2077 2076 1467
f 2077 1467 1464
f 2078 2076 2077
f 2078 2077 2079
f 2080 2078 2079
f 2080 2079 2081
f 1385 1383 2078
f 1385 2078 2080
f 2081 1397 1390
f 2081 1390 2080
f 2081 2079 2085
f 2081 2085 2082
f 2082 2084 1397
f 2082 1397 2081
f 2082 2085 1451
f 2082 1451 2083
f 2083 2087 2084
f 2083 2084 2082
f 2085 2086 1453
f 2085 1453 1451
f 2079 2077 2086
f 2079 2086 2085
f 2086 2077 1464
f 2086 1464 1458
f 2087 1403 1396
f 2087 1396 2084
f 1450 2088 2087
f 1450 2087 2083
f 2088 1406 1403
f 2088 1403 2087
f 2089 1410 1406
f 2089 1406 2088
f 1444 2089 2088
f 1444 2088 1450
f 1440 1412 1410
f 1440 1410 2089
f 2031 2090 2042
f 2031 2042 2036
f 2092 2091 2042
f 2092 2042 2090
f 2003 1998 2091
f 2003 2091 2092
f 2093 2092 2090
f 2093 2090 2032
f 2006 2003 2092
f 2006 2092 2093
f 2006 2093 2094
f 2006 2094 2009
f 2093 2032 2026
f 2093 2026 2094
f 2009 2094 2023
f 2009 2023 2012
f 2029 1348 1176
f 2029 1176 1179
f 1199 2095 2018
f 1199 2018 1196
f 2015 2018 2095
f 2015 2095 2096
f 2096 2095 1203
f 2096 1203 1233
f 2097 2096 1233
f 2097 1233 1235
f 2013 2015 2096
f 2013 2096 2097
f 2098 2010 2013
f 2098 2013 2097
f 1237 2098 2097
f 1237 2097 1235
f 2100 2099 2098
f 2100 2098 1237
f 2099 2007 2010
f 2099 2010 2098
f 1979 2099 2100
f 1979 2100 1977
f 2004 2007 2099
f 2004 2099 1979
f 1238 1244 1977
f 1238 1977 2100
f 1911 1918 1875
f 1911 1875 1877
f 1360 2102 1841
f 1360 1841 2101
f 2102 2103 1839
f 2102 1839 1841
f 1361 2104 2103
f 1361 2103 2102
f 2103 2105 1837
f 2103 1837 1839
f 2104 2106 2105
f 2104 2105 2103
f 2106 2108 2107
f 2106 2107 2105
f 2105 2107 2109
f 2105 2109 1837
f 2108 1387 2110
f 2108 2110 2107
f 2107 2110 2111
f 2107 2111 2109
f 2110 1392 2113
f 2110 2113 2111
f 2113 2115 2112
f 2113 2112 2111
f 2111 2112 1833
f 2111 1833 2109
f 1392 1394 2114
f 1392 2114 2113
f 2114 1793 2115
f 2114 2115 2113
f 1793 1795 2116
f 1793 2116 2115
f 2115 2116 1828
f 2115 1828 2112
f 1829 2116 1795
f 1829 1795 1798
f 2108 2106 2117
f 2108 2117 1388
f 2106 2104 1365
f 2106 1365 2117
f 2117 1365 1367
f 2117 1367 2118
f 1388 2117 2118
f 1388 2118 1381
f 1358 1360 2101
f 1358 2101 1312
f 1821 1829 1798
f 1821 1798 1801
f 1782 1653 1651
f 1782 1651 1784
f 1653 1782 1716
f 1653 1716 2267
f 1426 1768 1770
f 1426 1770 1418
f 1426 2120 1766
f 1426 1766 1768
f 2120 2121 2119
f 2120 2119 1766
f 1425 2123 2121
f 1425 2121 2120
f 2123 2125 2122
f 2123 2122 2121
f 2121 2122 2176
f 2121 2176 2119
f 2124 2123 1425
f 2124 1425 1428
f 2124 2127 2125
f 2124 2125 2123
f 2125 2126 2174
f 2125 2174 2122
f 2127 2128 2126
f 2127 2126 2125
f 2129 2131 2128
f 2129 2128 2127
f 2132 2129 2127
f 2132 2127 2124
f 2130 2133 2131
f 2130 2131 2129
f 1430 2130 2129
f 1430 2129 2132
f 2132 2124 1428
f 2132 1428 1430
f 2137 2134 2131
f 2137 2131 2133
f 2131 2134 2135
f 2131 2135 2128
f 2134 2136 2170
f 2134 2170 2135
f 2138 2136 2134
f 2138 2134 2137
f 2142 2138 2137
f 2142 2137 2139
f 2139 2137 2133
f 2139 2133 2140
f 2140 2265 2141
f 2140 2141 2139
f 2139 2141 2144
f 2139 2144 2142
f 2143 2172 2138
f 2143 2138 2142
f 2142 2144 2146
f 2142 2146 2143
f 2144 2145 2147
f 2144 2147 2146
f 2141 2178 2145
f 2141 2145 2144
f 2146 2147 2150
f 2146 2150 2148
f 2143 2146 2148
f 2143 2148 2149
f 2149 2148 1740
f 2149 1740 2164
f 2148 2150 1738
f 2148 1738 1740
f 2150 2151 1736
f 2150 1736 1738
f 2147 2152 2151
f 2147 2151 2150
f 2151 2153 2154
f 2151 2154 1736
f 2152 1584 2153
f 2152 2153 2151
f 2155 2153 1584
f 2155 1584 2156
f 2153 2155 2157
f 2153 2157 2154
f 2158 2155 2156
f 2158 2156 1593
f 2155 2158 2160
f 2155 2160 2157
f 2158 1593 1595
f 2158 1595 2159
f 2158 2159 2161
f 2158 2161 2160
f 2157 2160 1619
f 2157 1619 2162
f 2160 2161 1612
f 2160 1612 1619
f 2159 1600 1606
f 2159 1606 2161
f 2154 2157 2162
f 2154 2162 1735
f 2162 1618 1733
f 2162 1733 1735
f 2145 1585 2152
f 2145 2152 2147
f 2149 2163 2172
f 2149 2172 2143
f 2163 2149 2164
f 2163 2164 2165
f 2165 2164 1741
f 2165 1741 1747
f 2166 2165 1747
f 2166 1747 2167
f 2169 2163 2165
f 2169 2165 2166
f 2168 2166 2167
f 2168 2167 2173
f 2171 2169 2166
f 2171 2166 2168
f 2163 2169 2170
f 2163 2170 2172
f 2135 2170 2169
f 2135 2169 2171
f 2126 2171 2168
f 2126 2168 2174
f 2128 2135 2171
f 2128 2171 2126
f 2172 2170 2136
f 2172 2136 2138
f 2174 2168 2173
f 2174 2173 2175
f 2122 2174 2175
f 2122 2175 2176
f 2177 2176 2175
f 2177 2175 1756
f 1756 2175 2173
f 1756 2173 1753
f 1765 2119 2176
f 1765 2176 2177
f 1763 1765 2177
f 1763 2177 1755
f 1753 2173 2167
f 1753 2167 1748
f 2178 2180 1585
f 2178 1585 2145
f 2265 2179 2178
f 2265 2178 2141
f 2179 2181 2180
f 2179 2180 2178
f 2181 2182 1586
f 2181 1586 2180
f 2179 1435 1437
f 2179 1437 2181
f 2182 2181 1437
f 2182 1437 2184
f 2262 1586 2182
f 2262 2182 2183
f 2182 2184 2186
f 2182 2186 2183
f 2185 2184 1437
f 2185 1437 2264
f 2185 2189 2186
f 2185 2186 2184
f 2190 2187 2186
f 2190 2186 2189
f 2198 2188 2186
f 2198 2186 2187
f 2259 2183 2186
f 2259 2186 2188
f 2185 2264 1442
f 2185 1442 2189
f 2190 2189 1442
f 2190 1442 2191
f 2190 2191 2193
f 2190 2193 2187
f 2192 2191 1442
f 2192 1442 2213
f 2192 2194 2193
f 2192 2193 2191
f 2204 2195 2193
f 2204 2193 2194
f 2197 2196 2193
f 2197 2193 2195
f 2198 2187 2193
f 2198 2193 2196
f 2197 2199 1572
f 2197 1572 2196
f 2198 2196 1572
f 2198 1572 2188
f 2197 2195 2201
f 2197 2201 2199
f 2199 2201 2202
f 2199 2202 2200
f 2200 1570 1572
f 2200 1572 2199
f 2201 2203 2205
f 2201 2205 2202
f 2195 2204 2203
f 2195 2203 2201
f 2204 2209 2206
f 2204 2206 2203
f 2203 2206 2207
f 2203 2207 2205
f 2206 2208 2239
f 2206 2239 2207
f 2209 2210 2208
f 2209 2208 2206
f 2210 2209 2211
f 2210 2211 2214
f 2204 2194 2211
f 2204 2211 2209
f 1446 2212 2211
f 1446 2211 2213
f 2216 2214 2211
f 2216 2211 2212
f 2192 2213 2211
f 2192 2211 2194
f 2215 2214 2216
f 2215 2216 2217
f 2234 2210 2214
f 2234 2214 2215
f 2218 2216 2212
f 2218 2212 1455
f 2217 2216 1491
f 2217 1491 1493
f 1491 2216 2218
f 1491 2218 2219
f 2219 2218 1456
f 2219 1456 1482
f 2220 2217 1493
f 2220 1493 1496
f 2221 2215 2217
f 2221 2217 2220
f 2224 2221 2220
f 2224 2220 2222
f 2222 2220 1496
f 2222 1496 2223
f 2225 2222 2223
f 2225 2223 2226
f 2227 2224 2222
f 2227 2222 2225
f 1516 2225 2226
f 1516 2226 1514
f 2225 1516 1518
f 2225 1518 2227
f 2228 2230 2224
f 2228 2224 2227
f 2227 1518 1520
f 2227 1520 2228
f 2228 1520 1522
f 2228 1522 2229
f 2229 2231 2230
f 2229 2230 2228
f 2231 2233 2232
f 2231 2232 2230
f 2230 2232 2221
f 2230 2221 2224
f 2232 2234 2215
f 2232 2215 2221
f 2233 2235 2234
f 2233 2234 2232
f 2235 2208 2210
f 2235 2210 2234
f 2236 2239 2208
f 2236 2208 2235
f 2238 2236 2235
f 2238 2235 2233
f 2255 2237 2236
f 2255 2236 2238
f 2237 2240 2239
f 2237 2239 2236
f 2207 2239 2240
f 2207 2240 2242
f 2243 2241 2240
f 2243 2240 2237
f 2242 2240 2241
f 2242 2241 1562
f 2205 2207 2242
f 2205 2242 1566
f 2245 1561 2241
f 2245 2241 2243
f 2244 2243 2237
f 2244 2237 2255
f 2246 2245 2243
f 2246 2243 2244
f 2248 2247 2245
f 2248 2245 2246
f 2247 1554 1561
f 2247 1561 2245
f 1544 1555 2247
f 1544 2247 2248
f 1539 1544 2248
f 1539 2248 2249
f 2249 2248 2246
f 2249 2246 2250
f 1538 2249 2250
f 1538 2250 2251
f 2251 2250 2252
f 2251 2252 2253
f 2250 2246 2244
f 2250 2244 2252
f 2253 2252 2254
f 2253 2254 2257
f 2252 2244 2255
f 2252 2255 2254
f 2254 2255 2238
f 2254 2238 2256
f 2257 2254 2256
f 2257 2256 2258
f 2257 1526 1528
f 2257 1528 2253
f 2258 1524 1526
f 2258 1526 2257
f 2258 2256 2231
f 2258 2231 2229
f 2229 1522 1524
f 2229 1524 2258
f 2256 2238 2233
f 2256 2233 2231
f 1530 2251 2253
f 1530 2253 1528
f 1532 1538 2251
f 1532 2251 1530
f 2226 2223 1495
f 2226 1495 1502
f 1514 2226 1502
f 1514 1502 1512
f 1455 2212 1446
f 1455 1446 1448
f 2202 2205 1566
f 2202 1566 1568
f 2200 2202 1568
f 2200 1568 1570
f 2259 2188 1572
f 2259 1572 2260
f 2260 2262 2183
f 2260 2183 2259
f 2261 2260 1572
f 2261 1572 2263
f 2261 1587 2262
f 2261 2262 2260
f 2263 1579 1587
f 2263 1587 2261
f 1433 1435 2179
f 1433 2179 2265
f 1431 1433 2265
f 1431 2265 2140
f 1431 2140 2133
f 1431 2133 2130
f 1618 1621 1628
f 1618 1628 1733
f 2268 2267 1716
f 2268 1716 2266
f 2268 2269 1654
f 2268 1654 2267
f 2268 2266 2271
f 2268 2271 2269
f 2270 2269 2271
f 2270 2271 2272
f 2270 2279 1654
f 2270 1654 2269
f 1715 1712 2271
f 1715 2271 2266
f 2274 2272 2271
f 2274 2271 2273
f 1710 2273 2271
f 1710 2271 1712
f 2274 2273 1703
f 2274 1703 2275
f 2274 2275 2276
f 2274 2276 2272
f 2277 2275 1703
f 2277 1703 2278
f 2275 2277 1680
f 2275 1680 2276
f 2277 2278 1682
f 2277 1682 1680
f 1687 2278 1703
f 1687 1703 1689
f 2272 2276 1679
f 2272 1679 2270
f 2270 1679 1676
f 2270 1676 2279
f 2279 1676 1674
f 2279 1674 1658
f 1691 1689 1703
f 1691 1703 1695
f 1697 1701 1629
f 1697 1629 2280
f 1694 1697 2280
f 1694 2280 2282
f 2280 1629 1631
f 2280 1631 2281
f 2282 2280 2281
f 2282 2281 2284
f 1692 1694 2282
f 1692 2282 2283
f 2283 2282 2284
f 2283 2284 2285
f 2287 2286 2284
f 2287 2284 2281
f 2286 2288 2285
f 2286 2285 2284
f 2291 2289 2286
f 2291 2286 2287
f 2289 2292 2288
f 2289 2288 2286
f 2290 2289 2291
f 2290 2291 2355
f 2294 2292 2289
f 2294 2289 2290
f 2292 2293 2303
f 2292 2303 2288
f 2296 2293 2292
f 2296 2292 2294
f 2295 2294 2290
f 2295 2290 2354
f 2297 2296 2294
f 2297 2294 2295
f 2299 2298 2296
f 2299 2296 2297
f 2298 2301 2293
f 2298 2293 2296
f 2307 2300 2298
f 2307 2298 2299
f 2300 1668 2301
f 2300 2301 2298
f 2301 1668 1671
f 2301 1671 2302
f 2293 2301 2302
f 2293 2302 2303
f 2303 2302 2304
f 2303 2304 2305
f 2302 1671 1673
f 2302 1673 2304
f 1677 1685 2304
f 1677 2304 1673
f 1685 2306 2305
f 1685 2305 2304
f 2288 2303 2305
f 2288 2305 2285
f 2306 2283 2285
f 2306 2285 2305
f 1684 1692 2283
f 1684 2283 2306
f 2309 1669 2300
f 2309 2300 2307
f 2308 2307 2299
f 2308 2299 2343
f 2310 2309 2307
f 2310 2307 2308
f 2311 1666 1669
f 2311 1669 2309
f 2312 2311 2309
f 2312 2309 2310
f 2314 2313 2311
f 2314 2311 2312
f 2313 1664 1666
f 2313 1666 2311
f 2316 2315 2313
f 2316 2313 2314
f 2315 2318 1664
f 2315 1664 2313
f 2334 2317 2315
f 2334 2315 2316
f 2317 2319 2318
f 2317 2318 2315
f 2319 2321 1660
f 2319 1660 2318
f 2331 2320 2319
f 2331 2319 2317
f 2320 2322 2321
f 2320 2321 2319
f 2321 2322 2324
f 2321 2324 1656
f 2326 2323 2322
f 2326 2322 2320
f 2322 2323 1637
f 2322 1637 2324
f 2327 2325 2323
f 2327 2323 2326
f 2323 2325 1634
f 2323 1634 1637
f 2329 2327 2326
f 2329 2326 2328
f 2328 2326 2320
f 2328 2320 2331
f 2328 2330 2364
f 2328 2364 2329
f 2331 2332 2330
f 2331 2330 2328
f 2317 2334 2332
f 2317 2332 2331
f 2332 2333 2367
f 2332 2367 2330
f 2334 2335 2333
f 2334 2333 2332
f 2335 2334 2316
f 2335 2316 2336
f 2336 2316 2314
f 2336 2314 2337
f 2337 2314 2312
f 2337 2312 2338
f 2338 2312 2310
f 2338 2310 2339
f 2339 2310 2308
f 2339 2308 2340
f 2340 2308 2343
f 2340 2343 2341
f 2344 2342 2341
f 2344 2341 2343
f 2297 2344 2343
f 2297 2343 2299
f 2295 2345 2344
f 2295 2344 2297
f 2345 2347 2342
f 2345 2342 2344
f 2354 2346 2345
f 2354 2345 2295
f 2346 2348 2347
f 2346 2347 2345
f 2351 2349 2348
f 2351 2348 2346
f 2352 2350 2349
f 2352 2349 2351
f 2356 2352 2351
f 2356 2351 2353
f 2353 2351 2346
f 2353 2346 2354
f 2354 2290 2355
f 2354 2355 2353
f 2353 2355 2358
f 2353 2358 2356
f 2356 2358 2359
f 2356 2359 2357
f 2357 2363 2352
f 2357 2352 2356
f 2355 2291 2360
f 2355 2360 2358
f 2358 2360 2361
f 2358 2361 2359
f 2361 2360 2362
f 2361 2362 1632
f 2360 2291 2287
f 2360 2287 2362
f 2362 2287 2281
f 2362 2281 1631
f 2325 2361 1632
f 2325 1632 1634
f 2359 2361 2325
f 2359 2325 2327
f 2357 2359 2327
f 2357 2327 2329
f 2329 2364 2363
f 2329 2363 2357
f 2364 2366 2365
f 2364 2365 2363
f 2363 2365 2350
f 2363 2350 2352
f 2330 2367 2366
f 2330 2366 2364
f 1509 1507 1536
f 1509 1536 1534
f 1320 1358 1312
f 1320 1312 1314
f 2368 10 1049
f 2368 1049 1287
f 2369 9 2368
f 2369 2368 1286
f 1267 2369 1286
f 1267 1286 1280
f 2369 1268 6
f 2369 6 9
f 1268 1265 4
f 1268 4 6
f 2371 4 1265
f 2371 1265 1263
f 2372 2371 1263
f 2372 1263 2370
f 2373 2 2371
f 2373 2371 2372
f 2373 2372 2374
f 2373 2374 2377
f 2370 2378 2374
f 2370 2374 2372
f 2475 2377 2374
f 2475 2374 2375
f 2542 2375 2374
f 2542 2374 2376
f 2379 2376 2374
f 2379 2374 2378
f 1221 2380 2379
f 1221 2379 2378
f 1224 1221 2378
f 1224 2378 2370
f 2379 2380 2381
f 2379 2381 2376
f 1222 2384 2381
f 1222 2381 2380
f 2542 2376 2381
f 2542 2381 2383
f 2386 2382 2381
f 2386 2381 2384
f 2539 2383 2381
f 2539 2381 2382
f 1219 2385 2384
f 1219 2384 1222
f 2385 2388 2386
f 2385 2386 2384
f 2387 2386 2388
f 2387 2388 2389
f 2386 2387 2538
f 2386 2538 2382
f 2389 2388 2390
f 2389 2390 2392
f 2391 2390 2388
f 2391 2388 2385
f 2390 2391 1209
f 2390 1209 2393
f 2393 2394 2392
f 2393 2392 2390
f 2395 2397 2394
f 2395 2394 2393
f 2395 2393 1209
f 2395 1209 2396
f 2395 2396 2401
f 2395 2401 2398
f 2397 2395 2398
f 2397 2398 2400
f 2399 2398 2401
f 2399 2401 2402
f 2400 2398 2399
f 2400 2399 2404
f 135 2402 2401
f 135 2401 137
f 2543 137 2401
f 2543 2401 1206
f 1208 1206 2401
f 1208 2401 2396
f 2404 2399 2402
f 2404 2402 2403
f 2403 2402 135
f 2403 135 133
f 2407 2404 2403
f 2407 2403 2405
f 2405 2403 133
f 2405 133 2408
f 2409 2406 2405
f 2409 2405 2408
f 2406 2536 2407
f 2406 2407 2405
f 2411 2409 2408
f 2411 2408 129
f 2410 2419 2406
f 2410 2406 2409
f 2412 2410 2409
f 2412 2409 2411
f 122 2412 2411
f 122 2411 124
f 2413 2412 122
f 2413 122 2415
f 2416 2410 2412
f 2416 2412 2413
f 2417 2416 2413
f 2417 2413 2414
f 2414 2413 2415
f 2414 2415 2450
f 2418 2419 2410
f 2418 2410 2416
f 2420 2418 2416
f 2420 2416 2417
f 2421 2423 2419
f 2421 2419 2418
f 2422 2421 2418
f 2422 2418 2420
f 2425 2424 2421
f 2425 2421 2422
f 2424 2426 2423
f 2424 2423 2421
f 2429 2427 2424
f 2429 2424 2425
f 2427 2428 2426
f 2427 2426 2424
f 2430 2432 2428
f 2430 2428 2427
f 2433 2430 2427
f 2433 2427 2429
f 2431 2525 2432
f 2431 2432 2430
f 2435 2431 2430
f 2435 2430 2433
f 2435 2433 2434
f 2435 2434 2436
f 2429 2425 2434
f 2429 2434 2433
f 2435 2436 2439
f 2435 2439 2437
f 2431 2435 2437
f 2431 2437 2438
f 2438 2437 2440
f 2438 2440 2441
f 2437 2439 2443
f 2437 2443 2440
f 2442 2498 2441
f 2442 2441 2440
f 2440 2443 2444
f 2440 2444 2442
f 2445 2446 2444
f 2445 2444 2443
f 2439 2447 2445
f 2439 2445 2443
f 2445 109 2452
f 2445 2452 2446
f 109 2445 2447
f 109 2447 111
f 2436 2448 2447
f 2436 2447 2439
f 111 2447 2448
f 111 2448 113
f 113 2448 2449
f 113 2449 115
f 2448 2436 2434
f 2448 2434 2449
f 115 2449 2450
f 115 2450 119
f 2450 2449 2434
f 2450 2434 2414
f 2450 2415 121
f 2450 121 119
f 2451 2514 2444
f 2451 2444 2446
f 2446 2452 2453
f 2446 2453 2451
f 2452 108 2455
f 2452 2455 2453
f 2451 2453 2454
f 2451 2454 2515
f 2455 2457 2454
f 2455 2454 2453
f 2456 2455 108
f 2456 108 106
f 2456 2459 2457
f 2456 2457 2455
f 2458 2515 2454
f 2458 2454 2457
f 2459 2460 2458
f 2459 2458 2457
f 2461 2463 2460
f 2461 2460 2459
f 2462 2461 2459
f 2462 2459 2456
f 2462 2466 2464
f 2462 2464 2461
f 2463 2461 2464
f 2463 2464 2465
f 2468 2465 2464
f 2468 2464 2466
f 2467 2470 2468
f 2467 2468 2466
f 27 2467 2466
f 27 2466 2462
f 2465 2468 2469
f 2465 2469 2520
f 2468 2470 2472
f 2468 2472 2469
f 2471 2473 2472
f 2471 2472 2470
f 26 2471 2470
f 26 2470 2467
f 2373 2377 2472
f 2373 2472 2473
f 2476 2469 2472
f 2476 2472 2474
f 2475 2474 2472
f 2475 2472 2377
f 2475 2375 2477
f 2475 2477 2474
f 2476 2474 2477
f 2476 2477 2479
f 2481 2479 2477
f 2481 2477 2478
f 2539 2478 2477
f 2539 2477 2383
f 2542 2383 2477
f 2542 2477 2375
f 2522 2476 2479
f 2522 2479 2480
f 2480 2479 2481
f 2480 2481 2482
f 2482 2481 2478
f 2482 2478 2483
f 2484 2482 2483
f 2484 2483 2487
f 2485 2480 2482
f 2485 2482 2484
f 2486 2508 2485
f 2486 2485 2484
f 2488 2486 2484
f 2488 2484 2487
f 2492 2488 2487
f 2492 2487 2489
f 2487 2483 2490
f 2487 2490 2489
f 2538 2491 2489
f 2538 2489 2490
f 2489 2491 2494
f 2489 2494 2492
f 2493 2504 2488
f 2493 2488 2492
f 2492 2494 2496
f 2492 2496 2493
f 2491 2537 2495
f 2491 2495 2494
f 2494 2495 2497
f 2494 2497 2496
f 2498 2496 2497
f 2498 2497 2441
f 2499 2493 2496
f 2499 2496 2498
f 2500 2499 2498
f 2500 2498 2442
f 2501 2504 2493
f 2501 2493 2499
f 2502 2501 2499
f 2502 2499 2500
f 2523 2503 2501
f 2523 2501 2502
f 2503 2505 2504
f 2503 2504 2501
f 2504 2505 2486
f 2504 2486 2488
f 2505 2506 2508
f 2505 2508 2486
f 2509 2506 2505
f 2509 2505 2503
f 2511 2507 2506
f 2511 2506 2509
f 2506 2507 2518
f 2506 2518 2508
f 2510 2509 2503
f 2510 2503 2523
f 2513 2511 2509
f 2513 2509 2510
f 2512 2516 2507
f 2512 2507 2511
f 2514 2512 2511
f 2514 2511 2513
f 2513 2510 2444
f 2513 2444 2514
f 2451 2515 2512
f 2451 2512 2514
f 2515 2458 2516
f 2515 2516 2512
f 2516 2517 2518
f 2516 2518 2507
f 2458 2460 2517
f 2458 2517 2516
f 2517 2519 2521
f 2517 2521 2518
f 2460 2463 2519
f 2460 2519 2517
f 2463 2465 2520
f 2463 2520 2519
f 2519 2520 2522
f 2519 2522 2521
f 2508 2518 2521
f 2508 2521 2485
f 2521 2522 2480
f 2521 2480 2485
f 2520 2469 2476
f 2520 2476 2522
f 2523 2502 2444
f 2523 2444 2510
f 2500 2442 2444
f 2500 2444 2502
f 2524 2438 2441
f 2524 2441 2497
f 2495 2526 2524
f 2495 2524 2497
f 2526 2528 2525
f 2526 2525 2524
f 2525 2431 2438
f 2525 2438 2524
f 2537 2527 2526
f 2537 2526 2495
f 2527 2530 2528
f 2527 2528 2526
f 2531 2529 2528
f 2531 2528 2530
f 2529 2432 2525
f 2529 2525 2528
f 2394 2531 2530
f 2394 2530 2392
f 2527 2389 2392
f 2527 2392 2530
f 2397 2532 2531
f 2397 2531 2394
f 2532 2534 2529
f 2532 2529 2531
f 2532 2397 2400
f 2532 2400 2533
f 2535 2534 2532
f 2535 2532 2533
f 2426 2428 2534
f 2426 2534 2535
f 2534 2428 2432
f 2534 2432 2529
f 2423 2426 2535
f 2423 2535 2536
f 2536 2535 2533
f 2536 2533 2407
f 2419 2423 2536
f 2419 2536 2406
f 2533 2400 2404
f 2533 2404 2407
f 2537 2387 2389
f 2537 2389 2527
f 2387 2537 2491
f 2387 2491 2538
f 2382 2538 2490
f 2382 2490 2539
f 2483 2478 2539
f 2483 2539 2490
f 2540 2473 2471
f 2540 2471 2541
f 2 2373 2473
f 2 2473 2540
f 3 2540 2541
f 3 2541 17
f 21 2541 2471
f 21 2471 26
f 2462 2456 106
f 2462 106 102
f 2417 2414 2434
f 2417 2434 2420
f 2422 2420 2434
f 2422 2434 2425
f 1212 2391 2385
f 1212 2385 1219
f 2370 1258 1226
f 2370 1226 1224
f 2544 141 139
f 2544 139 1200
f 154 2544 1200
f 154 1200 1197
f 1040 1038 1072
f 1040 1072 2545
f 1071 1046 1044
f 1071 1044 2545
f 1065 2546 1046
f 1065 1046 1071
f 990 987 1033
f 990 1033 998
f 784 782 884
f 784 884 881
f 2548 882 879
f 2548 879 2549
f 2551 2547 882
f 2551 882 2548
f 2550 2548 2549
f 2550 2549 822
f 793 2551 2548
f 793 2548 2550
f 2547 2551 789
f 2547 789 2553
f 795 793 2550
f 795 2550 2552
f 2552 2550 822
f 2552 822 816
f 798 795 2552
f 798 2552 811
f 2549 879 875
f 2549 875 823
f 2553 784 881
f 2553 881 2547
f 823 875 872
f 823 872 825
f 2554 2556 870
f 2554 870 873
f 2554 873 60
f 2554 60 62
f 2555 2554 62
f 2555 62 65
f 2555 2557 2556
f 2555 2556 2554
f 2556 2558 867
f 2556 867 870
f 2557 2560 2558
f 2557 2558 2556
f 2558 2559 864
f 2558 864 867
f 2560 2562 2559
f 2560 2559 2558
f 2560 2561 2564
f 2560 2564 2562
f 2557 2707 2561
f 2557 2561 2560
f 2562 2563 2693
f 2562 2693 2559
f 2562 2564 2566
f 2562 2566 2563
f 2561 2705 2565
f 2561 2565 2564
f 2564 2565 2568
f 2564 2568 2566
f 2566 2568 2569
f 2566 2569 2567
f 2563 2566 2567
f 2563 2567 2692
f 2571 2573 2569
f 2571 2569 2568
f 2570 2568 2565
f 2570 2565 2702
f 2572 2571 2568
f 2572 2568 2570
f 2694 400 2571
f 2694 2571 2572
f 400 2574 2573
f 400 2573 2571
f 2573 2575 2576
f 2573 2576 2569
f 2574 2577 2575
f 2574 2575 2573
f 2578 2579 2576
f 2578 2576 2575
f 2580 2578 2575
f 2580 2575 2577
f 2581 848 2579
f 2581 2579 2578
f 2583 2581 2578
f 2583 2578 2580
f 846 848 2581
f 846 2581 2582
f 2582 2581 2583
f 2582 2583 2584
f 2584 2583 2580
f 2584 2580 2586
f 2587 2582 2584
f 2587 2584 2585
f 2585 2584 2586
f 2585 2586 406
f 2586 2580 2577
f 2586 2577 405
f 2585 406 410
f 2585 410 2588
f 2590 2593 2587
f 2590 2587 2585
f 2588 2684 2589
f 2588 2589 2585
f 2591 2590 2585
f 2591 2585 2589
f 2677 2592 2590
f 2677 2590 2591
f 2592 2594 2593
f 2592 2593 2590
f 2594 2596 2595
f 2594 2595 2593
f 2593 2595 844
f 2593 844 2587
f 841 2595 2596
f 841 2596 2598
f 2676 2597 2596
f 2676 2596 2594
f 2598 2596 2597
f 2598 2597 2599
f 837 2598 2599
f 837 2599 2600
f 2600 2599 2601
f 2600 2601 2604
f 2599 2597 2603
f 2599 2603 2601
f 2604 2601 2602
f 2604 2602 2606
f 2601 2603 2609
f 2601 2609 2602
f 2604 2605 836
f 2604 836 2600
f 2606 814 2605
f 2606 2605 2604
f 2606 2602 2622
f 2606 2622 813
f 2605 818 830
f 2605 830 836
f 2608 2603 2597
f 2608 2597 2676
f 2679 2607 2603
f 2679 2603 2608
f 2603 2607 2611
f 2603 2611 2609
f 2609 2611 2613
f 2609 2613 2610
f 2602 2609 2610
f 2602 2610 2622
f 2607 2634 2612
f 2607 2612 2611
f 2611 2612 2614
f 2611 2614 2613
f 2615 2613 2614
f 2615 2614 2616
f 2617 2610 2613
f 2617 2613 2615
f 649 2615 2616
f 649 2616 647
f 652 2617 2615
f 652 2615 649
f 2618 2619 2610
f 2618 2610 2617
f 660 2618 2617
f 660 2617 652
f 661 2620 2619
f 661 2619 2618
f 2622 2610 2619
f 2622 2619 2621
f 2621 2619 2620
f 2621 2620 807
f 813 2622 2621
f 813 2621 808
f 663 2623 2620
f 663 2620 661
f 807 2620 2623
f 807 2623 805
f 805 2623 2624
f 805 2624 803
f 665 2624 2623
f 665 2623 663
f 665 760 763
f 665 763 2624
f 803 2624 763
f 803 763 801
f 2616 2614 2628
f 2616 2628 2625
f 647 2616 2625
f 647 2625 2626
f 2626 2625 2627
f 2626 2627 636
f 2625 2628 2629
f 2625 2629 2627
f 2630 2631 2629
f 2630 2629 2628
f 2612 2630 2628
f 2612 2628 2614
f 2632 2635 2631
f 2632 2631 2630
f 2634 2632 2630
f 2634 2630 2612
f 2636 2635 2632
f 2636 2632 2633
f 2633 2632 2634
f 2633 2634 2680
f 2635 2636 2639
f 2635 2639 2637
f 2638 2631 2635
f 2638 2635 2637
f 2642 2638 2637
f 2642 2637 2640
f 2640 2637 2639
f 2640 2639 2641
f 2642 2640 2641
f 2642 2641 2643
f 2644 2642 2643
f 2644 2643 2646
f 2644 2645 2638
f 2644 2638 2642
f 2644 2646 2647
f 2644 2647 2645
f 2648 2649 2647
f 2648 2647 2646
f 2646 2643 2650
f 2646 2650 2648
f 2650 2651 2649
f 2650 2649 2648
f 2652 2653 2651
f 2652 2651 2650
f 2643 2641 2652
f 2643 2652 2650
f 2652 2641 2639
f 2652 2639 2653
f 2653 2654 2655
f 2653 2655 2651
f 2654 2653 2639
f 2654 2639 2656
f 2658 2655 2654
f 2658 2654 2656
f 2657 2656 2639
f 2657 2639 2636
f 2660 2658 2656
f 2660 2656 2657
f 2659 2661 2655
f 2659 2655 2658
f 636 2659 2658
f 636 2658 2660
f 2657 2662 632
f 2657 632 2660
f 2661 2659 2647
f 2661 2647 2649
f 636 2627 2647
f 636 2647 2659
f 2651 2655 2661
f 2651 2661 2649
f 2657 2663 2681
f 2657 2681 2662
f 2664 2666 2663
f 2664 2663 2657
f 2657 2636 2633
f 2657 2633 2664
f 2665 2667 2666
f 2665 2666 2664
f 2664 2633 2680
f 2664 2680 2665
f 2666 613 620
f 2666 620 2663
f 2667 2669 613
f 2667 613 2666
f 2670 2668 2667
f 2670 2667 2665
f 2668 614 2669
f 2668 2669 2667
f 2673 2671 2668
f 2673 2668 2670
f 2671 2674 614
f 2671 614 2668
f 2674 2671 2672
f 2674 2672 615
f 2671 2673 2675
f 2671 2675 2672
f 2670 2679 2608
f 2670 2608 2673
f 2673 2608 2676
f 2673 2676 2675
f 2675 2676 2594
f 2675 2594 2592
f 2672 2675 2592
f 2672 2592 2677
f 615 2672 2677
f 615 2677 2678
f 2678 2677 2591
f 2678 2591 616
f 2665 2680 2679
f 2665 2679 2670
f 2680 2634 2607
f 2680 2607 2679
f 620 2682 2681
f 620 2681 2663
f 628 2662 2681
f 628 2681 2682
f 2629 2645 2647
f 2629 2647 2627
f 2645 2629 2631
f 2645 2631 2638
f 616 2591 2589
f 616 2589 2683
f 2684 618 2683
f 2684 2683 2589
f 2685 2686 618
f 2685 618 2684
f 426 2685 2684
f 426 2684 2588
f 427 617 2686
f 427 2686 2685
f 426 2588 410
f 426 410 418
f 844 846 2582
f 844 2582 2587
f 2688 2576 2579
f 2688 2579 2687
f 2687 2579 848
f 2687 848 852
f 2691 2688 2687
f 2691 2687 2689
f 2689 2687 852
f 2689 852 854
f 2690 2689 854
f 2690 854 858
f 2692 2691 2689
f 2692 2689 2690
f 2692 2567 2688
f 2692 2688 2691
f 2563 2692 2690
f 2563 2690 2693
f 2693 2690 858
f 2693 858 861
f 2559 2693 861
f 2559 861 864
f 2567 2569 2576
f 2567 2576 2688
f 2574 400 405
f 2574 405 2577
f 2696 2694 2572
f 2696 2572 2695
f 2695 2572 2570
f 2695 2570 2698
f 2695 2697 383
f 2695 383 2696
f 2698 2700 2697
f 2698 2697 2695
f 2698 2570 2702
f 2698 2702 2699
f 2700 2698 2699
f 2700 2699 372
f 2700 373 384
f 2700 384 2697
f 2699 2702 2703
f 2699 2703 2701
f 372 2699 2701
f 372 2701 370
f 2702 2565 2705
f 2702 2705 2703
f 2701 2703 2704
f 2701 2704 2711
f 2703 2705 2706
f 2703 2706 2704
f 2707 2706 2705
f 2707 2705 2561
f 2704 2706 336
f 2704 336 338
f 2708 336 2706
f 2708 2706 2707
f 2555 2708 2707
f 2555 2707 2557
f 65 2709 2708
f 65 2708 2555
f 2709 2710 336
f 2709 336 2708
f 64 71 2710
f 64 2710 2709
f 331 2710 71
f 331 71 74
f 2711 2704 338
f 2711 338 340
f 370 2701 2711
f 370 2711 368
f 368 2711 340
f 368 340 344
f 388 396 2694
f 388 2694 2696
f 825 872 869
f 825 869 827
f 827 869 866
f 827 866 2712
f 866 863 2713
f 866 2713 2712
f 2712 2713 2714
f 2712 2714 828
f 863 860 857
f 863 857 2713
f 2713 857 855
f 2713 855 2714
f 855 851 832
f 855 832 2714
f 851 849 834
f 851 834 832
f 2715 764 771
f 2715 771 787
f 2719 743 750
f 2719 750 2716
f 750 667 2717
f 750 2717 2716
f 2718 2716 2717
f 2718 2717 2726
f 2720 2719 2716
f 2720 2716 2718
f 736 738 2719
f 736 2719 2720
f 2722 736 2720
f 2722 2720 2721
f 2721 2720 2718
f 2721 2718 2723
f 2754 2722 2721
f 2754 2721 723
f 723 2721 2723
f 723 2723 2725
f 2723 2718 2726
f 2723 2726 2724
f 2725 2723 2724
f 2725 2724 722
f 2724 2726 2729
f 2724 2729 2727
f 722 2724 2727
f 722 2727 2728
f 2730 718 2728
f 2730 2728 2727
f 2731 2730 2727
f 2731 2727 2729
f 2732 2735 718
f 2732 718 2730
f 2733 2732 2730
f 2733 2730 2731
f 2737 2734 2732
f 2737 2732 2733
f 2734 719 2735
f 2734 2735 2732
f 2739 2736 2734
f 2739 2734 2737
f 2736 2753 719
f 2736 719 2734
f 2738 2737 2733
f 2738 2733 2749
f 2740 2739 2737
f 2740 2737 2738
f 2741 2739 2740
f 2741 2740 2742
f 2736 2739 2741
f 2736 2741 2744
f 2743 2741 2742
f 2743 2742 693
f 2744 2741 2743
f 2744 2743 2745
f 2753 2736 2744
f 2753 2744 720
f 720 2744 2745
f 720 2745 2747
f 2746 721 2747
f 2746 2747 2745
f 697 2746 2745
f 697 2745 2743
f 701 2755 721
f 701 721 2746
f 2742 2740 2748
f 2742 2748 689
f 2748 2740 2738
f 2748 2738 682
f 682 2738 2749
f 682 2749 680
f 2731 2750 2749
f 2731 2749 2733
f 2750 678 680
f 2750 680 2749
f 2729 2751 2750
f 2729 2750 2731
f 2751 2752 678
f 2751 678 2750
f 2752 2751 2717
f 2752 2717 668
f 2729 2726 2717
f 2729 2717 2751
f 674 2752 668
f 674 668 670
f 724 732 2722
f 724 2722 2754
f 470 575 585
f 470 585 468
f 219 551 2756
f 219 2756 2758
f 551 548 2757
f 551 2757 2756
f 2756 2757 2760
f 2756 2760 2759
f 2758 2756 2759
f 2758 2759 220
f 2759 2760 2764
f 2759 2764 2761
f 220 2759 2761
f 220 2761 2762
f 2762 2761 2763
f 2762 2763 221
f 2761 2764 2766
f 2761 2766 2763
f 2765 2764 2760
f 2765 2760 2812
f 2765 2768 2766
f 2765 2766 2764
f 2768 2770 2767
f 2768 2767 2766
f 2763 2766 2767
f 2763 2767 2796
f 2769 2772 2770
f 2769 2770 2768
f 2811 2769 2768
f 2811 2768 2765
f 2770 2772 2773
f 2770 2773 2771
f 2767 2770 2771
f 2767 2771 2794
f 2772 2774 2777
f 2772 2777 2773
f 2774 2772 2769
f 2774 2769 2776
f 2775 2774 2776
f 2775 2776 2803
f 2774 2775 2778
f 2774 2778 2777
f 2777 2778 2782
f 2777 2782 2779
f 2773 2777 2779
f 2773 2779 2781
f 2781 2779 2780
f 2781 2780 2788
f 2779 2782 2783
f 2779 2783 2780
f 2782 2778 250
f 2782 250 2783
f 2780 2783 2784
f 2780 2784 2785
f 2784 2783 250
f 2784 250 248
f 2785 2784 248
f 2785 248 246
f 2786 2785 246
f 2786 246 244
f 2788 2780 2785
f 2788 2785 2786
f 2787 2786 244
f 2787 244 2801
f 2788 2786 2787
f 2788 2787 2789
f 2781 2788 2789
f 2781 2789 2791
f 2791 2789 2790
f 2791 2790 2792
f 2789 2787 2800
f 2789 2800 2790
f 2794 2771 2791
f 2794 2791 2792
f 2771 2773 2781
f 2771 2781 2791
f 2793 2792 2790
f 2793 2790 2798
f 2792 2793 2795
f 2792 2795 2794
f 2794 2795 2796
f 2794 2796 2767
f 2793 2799 222
f 2793 222 2795
f 2795 222 2797
f 2795 2797 2796
f 221 2763 2796
f 221 2796 2797
f 2799 2793 2798
f 2799 2798 223
f 223 2798 231
f 223 231 228
f 2798 2790 2800
f 2798 2800 231
f 2800 2787 2801
f 2800 2801 230
f 2775 2803 250
f 2775 250 2778
f 2803 2776 2802
f 2803 2802 2804
f 2776 2769 2811
f 2776 2811 2802
f 2804 2805 250
f 2804 250 2803
f 2804 2802 2807
f 2804 2807 2805
f 2806 2816 250
f 2806 250 2805
f 2805 2807 2808
f 2805 2808 2806
f 2807 2809 2810
f 2807 2810 2808
f 2802 2811 2809
f 2802 2809 2807
f 2809 2812 2813
f 2809 2813 2810
f 2811 2765 2812
f 2811 2812 2809
f 2812 2760 2757
f 2812 2757 2813
f 2813 2757 548
f 2813 548 546
f 2810 2813 546
f 2810 546 2814
f 2808 2810 2814
f 2808 2814 2815
f 2815 2814 541
f 2815 541 539
f 2806 2808 2815
f 2806 2815 2816
f 2816 2815 539
f 2816 539 2817
f 2817 535 250
f 2817 250 2816
f 352 392 386
f 352 386 357
f 321 81 83
f 321 83 85
f 2818 2820 2819
f 2818 2819 312
f 2820 2821 302
f 2820 302 2819
f 2822 2820 2818
f 2822 2818 93
f 2823 2821 2820
f 2823 2820 2822
f 126 2823 2822
f 126 2822 97
f 2824 2823 126
f 2824 126 144
f 172 2821 2823
f 172 2823 2824
f 2821 172 174
f 2821 174 302
f 282 284 2825
f 282 2825 178
f 280 282 178
f 280 178 213
f 272 2826 225
f 272 225 233
f 163 187 2827
f 163 2827 165
f 167 165 2827
f 167 2827 182
f 126 97 116
f 126 116 118
f 91 2828 2829
f 91 2829 45
f 2830 2831 2829
f 2830 2829 2828
f 86 79 2830
f 86 2830 2828
f 78 2832 2831
f 78 2831 2830
f 2832 49 47
f 2832 47 2831
f 47 45 2829
f 47 2829 2831
f 68 53 49
f 68 49 2832
f 70 68 2832
f 70 2832 78
f 2834 2833 2835
f 2834 2835 3054
f 2833 2836 2837
f 2833 2837 2835
f 2836 2838 2839
f 2836 2839 2837
f 2838 2840 2841
f 2838 2841 2839
f 2840 2842 2843
f 2840 2843 2841
f 2842 2844 2845
f 2842 2845 2843
f 2844 2846 2848
f 2844 2848 2845
f 2846 2847 2850
f 2846 2850 2848
f 2849 2848 2850
f 2849 2850 2852
f 3146 2845 2848
f 3146 2848 2849
f 2847 3265 2851
f 2847 2851 2850
f 2852 2850 2851
f 2852 2851 2854
f 3145 2849 2852
f 3145 2852 2853
f 2853 2852 2854
f 2853 2854 2855
f 2855 2854 2856
f 2855 2856 2859
f 2854 2851 2857
f 2854 2857 2856
f 2856 2857 3262
f 2856 3262 2858
f 2859 2856 2858
f 2859 2858 2861
f 2879 2855 2859
f 2879 2859 2860
f 2859 2861 2863
f 2859 2863 2860
f 2861 2858 3248
f 2861 3248 2862
f 2861 2862 2865
f 2861 2865 2863
f 2877 2860 2863
f 2877 2863 2864
f 2864 2863 2865
f 2864 2865 2867
f 2862 3249 2866
f 2862 2866 2865
f 2867 2865 2866
f 2867 2866 2868
f 2872 2864 2867
f 2872 2867 2869
f 2869 2867 2868
f 2869 2868 2871
f 2871 3215 2870
f 2871 2870 2869
f 2869 2870 2873
f 2869 2873 2872
f 2873 2875 2874
f 2873 2874 2872
f 2874 2877 2864
f 2874 2864 2872
f 2875 2888 2876
f 2875 2876 2874
f 2876 2878 2877
f 2876 2877 2874
f 2878 2879 2860
f 2878 2860 2877
f 2883 2880 2878
f 2883 2878 2876
f 2880 2882 2879
f 2880 2879 2878
f 2884 2881 2880
f 2884 2880 2883
f 2881 3144 2882
f 2881 2882 2880
f 2886 2884 2883
f 2886 2883 2885
f 2885 2883 2876
f 2885 2876 2888
f 3140 2886 2885
f 3140 2885 2887
f 2887 2885 2888
f 2887 2888 2889
f 2891 2889 2888
f 2891 2888 2875
f 2893 2890 2889
f 2893 2889 2891
f 2887 2889 2890
f 2887 2890 3142
f 2892 2891 2875
f 2892 2875 2873
f 2894 2893 2891
f 2894 2891 2892
f 2896 2895 2893
f 2896 2893 2894
f 2895 2898 2890
f 2895 2890 2893
f 2895 2896 3209
f 2895 3209 2897
f 2898 2895 2897
f 2898 2897 2900
f 3142 2890 2898
f 3142 2898 2899
f 2902 2899 2898
f 2902 2898 2900
f 2903 2902 2900
f 2903 2900 2901
f 2900 2897 3289
f 2900 3289 2901
f 2905 2904 2902
f 2905 2902 2903
f 2904 2906 2899
f 2904 2899 2902
f 2905 2908 2907
f 2905 2907 2904
f 2904 2907 2910
f 2904 2910 2906
f 2908 3312 2909
f 2908 2909 2907
f 2907 2909 2912
f 2907 2912 2910
f 2910 2912 2913
f 2910 2913 2911
f 2906 2910 2911
f 2906 2911 3141
f 2917 2914 2912
f 2917 2912 2909
f 2913 2912 2914
f 2913 2914 2915
f 2915 2914 2916
f 2915 2916 3082
f 2919 2916 2914
f 2919 2914 2917
f 2918 2917 2909
f 2918 2909 3312
f 2921 2919 2917
f 2921 2917 2918
f 3087 2916 2919
f 3087 2919 2920
f 2920 2919 2921
f 2920 2921 2922
f 2921 2923 2926
f 2921 2926 2922
f 2918 2925 2923
f 2918 2923 2921
f 2923 2924 2927
f 2923 2927 2926
f 2925 3310 2924
f 2925 2924 2923
f 2926 2927 2929
f 2926 2929 2928
f 2922 2926 2928
f 2922 2928 2931
f 2928 2929 3321
f 2928 3321 2930
f 2931 2928 2930
f 2931 2930 2933
f 2932 2920 2922
f 2932 2922 2931
f 2934 2932 2931
f 2934 2931 2933
f 2933 2930 2938
f 2933 2938 2935
f 2936 2934 2933
f 2936 2933 2935
f 3094 2936 2935
f 3094 2935 2937
f 2935 2938 2940
f 2935 2940 2937
f 2930 3321 2939
f 2930 2939 2938
f 2938 2939 2942
f 2938 2942 2940
f 2940 2942 2944
f 2940 2944 2941
f 2937 2940 2941
f 2937 2941 3101
f 2942 2939 2954
f 2942 2954 2943
f 2944 2942 2943
f 2944 2943 2946
f 2946 2947 2945
f 2946 2945 2944
f 3104 2941 2944
f 3104 2944 2945
f 2946 2943 2951
f 2946 2951 2948
f 2948 2949 2947
f 2948 2947 2946
f 2948 2950 2980
f 2948 2980 2949
f 2950 2948 2951
f 2950 2951 2952
f 2952 2951 2953
f 2952 2953 2956
f 2943 2954 2953
f 2943 2953 2951
f 2954 3320 2955
f 2954 2955 2953
f 2956 2953 2955
f 2956 2955 2958
f 2975 2952 2956
f 2975 2956 2957
f 2957 2956 2958
f 2957 2958 2959
f 2959 2958 2960
f 2959 2960 2963
f 2958 2955 2961
f 2958 2961 2960
f 2960 2961 3319
f 2960 3319 2962
f 2963 2960 2962
f 2963 2962 2964
f 2967 2965 2963
f 2967 2963 2964
f 2965 2968 2959
f 2965 2959 2963
f 2966 2965 2967
f 2966 2967 3154
f 2969 2968 2965
f 2969 2965 2966
f 2971 2970 2968
f 2971 2968 2969
f 2968 2970 2957
f 2968 2957 2959
f 2973 2972 2970
f 2973 2970 2971
f 2957 2970 2972
f 2957 2972 2975
f 2992 2974 2972
f 2992 2972 2973
f 2972 2974 2976
f 2972 2976 2975
f 2976 2950 2952
f 2976 2952 2975
f 2977 2976 2974
f 2977 2974 2978
f 2976 2977 2980
f 2976 2980 2950
f 2979 2977 2978
f 2979 2978 2981
f 2979 2949 2980
f 2979 2980 2977
f 2979 2981 2984
f 2979 2984 2982
f 2949 2979 2982
f 2949 2982 2947
f 2947 2982 2983
f 2947 2983 2945
f 2984 2985 2983
f 2984 2983 2982
f 2984 2986 2988
f 2984 2988 2985
f 2981 2989 2986
f 2981 2986 2984
f 2989 2990 2987
f 2989 2987 2986
f 2986 2987 2999
f 2986 2999 2988
f 2981 2978 2991
f 2981 2991 2989
f 2990 2989 2991
f 2990 2991 2992
f 2974 2992 2991
f 2974 2991 2978
f 2990 2992 2973
f 2990 2973 2993
f 2994 2996 2987
f 2994 2987 2990
f 2995 2994 2990
f 2995 2990 2993
f 2996 2997 2999
f 2996 2999 2987
f 2997 2998 3000
f 2997 3000 2999
f 3000 3001 2988
f 3000 2988 2999
f 3002 3003 3001
f 3002 3001 3000
f 2998 3004 3002
f 2998 3002 3000
f 3003 3002 3005
f 3003 3005 3006
f 3002 3004 3008
f 3002 3008 3005
f 3006 3005 3007
f 3006 3007 3113
f 3008 3009 3007
f 3008 3007 3005
f 3007 3009 3010
f 3007 3010 3011
f 3010 3012 3013
f 3010 3013 3011
f 3013 3012 3014
f 3013 3014 3016
f 3014 3015 3017
f 3014 3017 3016
f 3019 3013 3016
f 3019 3016 3018
f 3018 3016 3017
f 3018 3017 3021
f 3138 3019 3018
f 3138 3018 3020
f 3020 3018 3021
f 3020 3021 3022
f 3022 3021 3023
f 3022 3023 3025
f 3017 3024 3023
f 3017 3023 3021
f 3027 3025 3023
f 3027 3023 3024
f 3026 3130 3022
f 3026 3022 3025
f 3028 3026 3025
f 3028 3025 3027
f 3028 3027 3029
f 3028 3029 3031
f 3027 3024 3030
f 3027 3030 3029
f 3029 3030 3033
f 3029 3033 3032
f 3029 3032 3035
f 3029 3035 3031
f 3032 3033 3053
f 3032 3053 3034
f 3035 3032 3034
f 3035 3034 3037
f 3128 3031 3035
f 3128 3035 3036
f 3036 3035 3037
f 3036 3037 3039
f 3034 3051 3038
f 3034 3038 3037
f 3039 3037 3038
f 3039 3038 3041
f 3132 3036 3039
f 3132 3039 3040
f 3040 3039 3041
f 3040 3041 3042
f 3042 3041 3043
f 3042 3043 3044
f 3041 3038 3046
f 3041 3046 3043
f 3044 3043 3045
f 3044 3045 3079
f 3043 3046 3047
f 3043 3047 3045
f 3048 3049 3047
f 3048 3047 3046
f 3051 3048 3046
f 3051 3046 3038
f 3048 3050 3059
f 3048 3059 3049
f 3051 3052 3050
f 3051 3050 3048
f 3034 3053 3052
f 3034 3052 3051
f 3053 3054 2835
f 3053 2835 3052
f 3052 2835 2837
f 3052 2837 3050
f 3033 3055 3054
f 3033 3054 3053
f 3055 3056 2834
f 3055 2834 3054
f 3058 3056 3055
f 3058 3055 3057
f 3030 3057 3055
f 3030 3055 3033
f 3017 3015 3058
f 3017 3058 3057
f 3024 3017 3057
f 3024 3057 3030
f 3050 2837 2839
f 3050 2839 3059
f 3059 2839 2841
f 3059 2841 3060
f 3049 3059 3060
f 3049 3060 3062
f 3060 2841 2843
f 3060 2843 3061
f 3062 3060 3061
f 3062 3061 3063
f 3062 3063 3066
f 3062 3066 3064
f 3049 3062 3064
f 3049 3064 3047
f 3045 3047 3064
f 3045 3064 3065
f 3065 3064 3066
f 3065 3066 3068
f 3063 3143 3067
f 3063 3067 3066
f 3068 3066 3067
f 3068 3067 3069
f 3070 3068 3069
f 3070 3069 3072
f 3071 3065 3068
f 3071 3068 3070
f 3070 3073 3076
f 3070 3076 3071
f 3072 3075 3073
f 3072 3073 3070
f 3073 3074 3077
f 3073 3077 3076
f 3075 3139 3074
f 3075 3074 3073
f 3076 3077 3081
f 3076 3081 3078
f 3071 3076 3078
f 3071 3078 3079
f 3079 3078 3080
f 3079 3080 3044
f 3078 3081 3083
f 3078 3083 3080
f 3077 2915 3082
f 3077 3082 3081
f 3083 3081 3082
f 3083 3082 3085
f 3084 3083 3085
f 3084 3085 3086
f 3080 3083 3084
f 3080 3084 3136
f 3085 3082 2916
f 3085 2916 3087
f 3086 3085 3087
f 3086 3087 3088
f 3088 3087 2920
f 3088 2920 2932
f 3089 3088 2932
f 3089 2932 2934
f 3088 3089 3090
f 3088 3090 3086
f 3091 3089 2934
f 3091 2934 2936
f 3089 3091 3092
f 3089 3092 3090
f 3095 3092 3091
f 3095 3091 3093
f 3093 3091 2936
f 3093 2936 3094
f 3096 3093 3094
f 3096 3094 3099
f 3098 3095 3093
f 3098 3093 3096
f 3099 3100 3097
f 3099 3097 3096
f 3096 3097 3117
f 3096 3117 3098
f 3099 3094 2937
f 3099 2937 3101
f 3101 3102 3100
f 3101 3100 3099
f 3102 3101 2941
f 3102 2941 3104
f 3102 3103 3109
f 3102 3109 3100
f 3103 3102 3104
f 3103 3104 3105
f 3105 3104 2945
f 3105 2945 2983
f 3106 3107 3103
f 3106 3103 3105
f 2985 3106 3105
f 2985 3105 2983
f 3001 3106 2985
f 3001 2985 2988
f 3003 3107 3106
f 3003 3106 3001
f 3103 3107 3108
f 3103 3108 3109
f 3107 3003 3006
f 3107 3006 3108
f 3108 3110 3112
f 3108 3112 3109
f 3108 3006 3113
f 3108 3113 3110
f 3110 3113 3114
f 3110 3114 3111
f 3112 3110 3111
f 3112 3111 3115
f 3113 3007 3011
f 3113 3011 3114
f 3114 3011 3013
f 3114 3013 3019
f 3111 3114 3019
f 3111 3019 3138
f 3100 3109 3112
f 3100 3112 3097
f 3097 3112 3115
f 3097 3115 3117
f 3111 3138 3116
f 3111 3116 3115
f 3117 3115 3116
f 3117 3116 3118
f 3098 3117 3118
f 3098 3118 3120
f 3118 3116 3131
f 3118 3131 3119
f 3120 3118 3119
f 3120 3119 3122
f 3120 3122 3123
f 3120 3123 3121
f 3120 3121 3095
f 3120 3095 3098
f 3122 3124 3125
f 3122 3125 3123
f 3122 3119 3126
f 3122 3126 3124
f 3124 3127 3128
f 3124 3128 3125
f 3124 3126 3129
f 3124 3129 3127
f 3127 3028 3031
f 3127 3031 3128
f 3028 3127 3129
f 3028 3129 3026
f 3130 3026 3129
f 3130 3129 3126
f 3125 3128 3036
f 3125 3036 3132
f 3119 3131 3130
f 3119 3130 3126
f 3020 3022 3130
f 3020 3130 3131
f 3116 3138 3020
f 3116 3020 3131
f 3123 3125 3132
f 3123 3132 3133
f 3133 3132 3040
f 3133 3040 3135
f 3134 3133 3135
f 3134 3135 3137
f 3121 3123 3133
f 3121 3133 3134
f 3137 3135 3136
f 3137 3136 3084
f 3135 3040 3042
f 3135 3042 3136
f 3090 3092 3134
f 3090 3134 3137
f 3086 3090 3137
f 3086 3137 3084
f 3044 3080 3136
f 3044 3136 3042
f 3121 3134 3092
f 3121 3092 3095
f 3079 3045 3065
f 3079 3065 3071
f 3074 2913 2915
f 3074 2915 3077
f 2884 2886 3075
f 2884 3075 3072
f 2886 3140 3139
f 2886 3139 3075
f 2911 2913 3074
f 2911 3074 3139
f 3141 2911 3139
f 3141 3139 3140
f 3140 2887 3142
f 3140 3142 3141
f 3141 3142 2899
f 3141 2899 2906
f 3072 3069 2881
f 3072 2881 2884
f 3069 3067 3144
f 3069 3144 2881
f 3143 3145 3144
f 3143 3144 3067
f 3144 3145 2853
f 3144 2853 2882
f 3143 3146 2849
f 3143 2849 3145
f 3063 3061 3146
f 3063 3146 3143
f 3061 2843 2845
f 3061 2845 3146
f 3149 3147 2995
f 3149 2995 2993
f 3148 3147 3149
f 3148 3149 3150
f 3149 2971 2969
f 3149 2969 3150
f 2993 2973 2971
f 2993 2971 3149
f 3150 2969 2966
f 3150 2966 3151
f 3152 3148 3150
f 3152 3150 3151
f 3151 2966 3154
f 3151 3154 3153
f 3156 3152 3151
f 3156 3151 3153
f 3153 3154 3328
f 3153 3328 3155
f 3155 3157 3156
f 3155 3156 3153
f 3158 3157 3155
f 3158 3155 3160
f 3159 3158 3160
f 3159 3160 3162
f 3160 3161 3163
f 3160 3163 3162
f 3155 3328 3161
f 3155 3161 3160
f 3162 3163 3166
f 3162 3166 3164
f 3167 3159 3162
f 3167 3162 3164
f 3164 3166 3354
f 3164 3354 3165
f 3168 3167 3164
f 3168 3164 3165
f 3169 3168 3165
f 3169 3165 3170
f 3172 3171 3169
f 3172 3169 3170
f 3173 3171 3172
f 3173 3172 3174
f 3177 3175 3173
f 3177 3173 3174
f 3176 3175 3177
f 3176 3177 3179
f 3174 3356 3178
f 3174 3178 3177
f 3177 3178 3181
f 3177 3181 3179
f 3179 3181 3182
f 3179 3182 3180
f 3278 3176 3179
f 3278 3179 3180
f 3181 3183 3184
f 3181 3184 3182
f 3178 3185 3183
f 3178 3183 3181
f 3189 3184 3183
f 3189 3183 3186
f 3183 3185 3188
f 3183 3188 3186
f 3186 3187 3191
f 3186 3191 3189
f 3188 3296 3187
f 3188 3187 3186
f 3280 3184 3189
f 3280 3189 3190
f 3189 3191 3193
f 3189 3193 3190
f 3187 3294 3192
f 3187 3192 3191
f 3191 3192 3195
f 3191 3195 3193
f 3190 3193 3194
f 3190 3194 3284
f 3193 3195 3197
f 3193 3197 3194
f 3196 3198 3197
f 3196 3197 3195
f 3290 3196 3195
f 3290 3195 3192
f 3197 3198 3200
f 3197 3200 3199
f 3194 3197 3199
f 3194 3199 3201
f 3202 3199 3200
f 3202 3200 3204
f 3201 3199 3202
f 3201 3202 3203
f 3203 3202 3205
f 3203 3205 3206
f 3204 3208 3205
f 3204 3205 3202
f 3206 3205 3207
f 3206 3207 3220
f 3208 3210 3207
f 3208 3207 3205
f 3288 3209 3208
f 3288 3208 3204
f 3209 2896 3210
f 3209 3210 3208
f 3212 3207 3210
f 3212 3210 3211
f 3211 3210 2896
f 3211 2896 2894
f 3214 3212 3211
f 3214 3211 3213
f 3213 3211 2894
f 3213 2894 2892
f 3215 3214 3213
f 3215 3213 2870
f 2870 3213 2892
f 2870 2892 2873
f 3214 3216 3219
f 3214 3219 3212
f 3215 3218 3216
f 3215 3216 3214
f 3216 3217 3221
f 3216 3221 3219
f 3218 3257 3217
f 3218 3217 3216
f 3212 3219 3220
f 3212 3220 3207
f 3219 3221 3223
f 3219 3223 3220
f 3260 3222 3221
f 3260 3221 3217
f 3222 3225 3223
f 3222 3223 3221
f 3224 3206 3220
f 3224 3220 3223
f 3223 3225 3226
f 3223 3226 3224
f 3228 3226 3225
f 3228 3225 3227
f 3222 3230 3227
f 3222 3227 3225
f 3268 3228 3227
f 3268 3227 3229
f 3230 3232 3229
f 3230 3229 3227
f 3260 3231 3230
f 3260 3230 3222
f 3231 3233 3232
f 3231 3232 3230
f 3234 3235 3229
f 3234 3229 3232
f 3236 3234 3232
f 3236 3232 3233
f 3237 3236 3233
f 3237 3233 3238
f 3240 3239 3237
f 3240 3237 3238
f 3241 3239 3240
f 3241 3240 3242
f 3243 3241 3242
f 3243 3242 3245
f 3244 3243 3245
f 3244 3245 3246
f 3248 3246 3245
f 3248 3245 3247
f 3242 3250 3247
f 3242 3247 3245
f 2862 3248 3247
f 2862 3247 3249
f 3250 3252 3249
f 3250 3249 3247
f 3240 3251 3250
f 3240 3250 3242
f 3251 3253 3252
f 3251 3252 3250
f 3252 3253 3256
f 3252 3256 3254
f 3249 3252 3254
f 3249 3254 2866
f 2866 3254 3255
f 2866 3255 2868
f 3256 3258 3255
f 3256 3255 3254
f 3256 3253 3259
f 3256 3259 3257
f 3258 3256 3257
f 3258 3257 3218
f 2871 3258 3218
f 2871 3218 3215
f 2871 2868 3255
f 2871 3255 3258
f 3259 3260 3217
f 3259 3217 3257
f 3253 3251 3261
f 3253 3261 3259
f 3259 3261 3231
f 3259 3231 3260
f 3251 3240 3238
f 3251 3238 3261
f 3261 3238 3233
f 3261 3233 3231
f 2858 3262 3246
f 2858 3246 3248
f 3263 3244 3246
f 3263 3246 3262
f 3264 3263 3262
f 3264 3262 2857
f 2851 3265 3264
f 2851 3264 2857
f 3235 3266 3268
f 3235 3268 3229
f 3266 3267 3269
f 3266 3269 3268
f 3269 3270 3228
f 3269 3228 3268
f 3269 3267 3274
f 3269 3274 3271
f 3271 3273 3270
f 3271 3270 3269
f 3274 3275 3272
f 3274 3272 3271
f 3272 3281 3273
f 3272 3273 3271
f 3275 3276 3277
f 3275 3277 3272
f 3276 3278 3180
f 3276 3180 3277
f 3180 3182 3279
f 3180 3279 3277
f 3277 3279 3281
f 3277 3281 3272
f 3182 3184 3280
f 3182 3280 3279
f 3279 3280 3282
f 3279 3282 3281
f 3281 3282 3283
f 3281 3283 3273
f 3283 3282 3284
f 3283 3284 3285
f 3282 3280 3190
f 3282 3190 3284
f 3284 3194 3201
f 3284 3201 3285
f 3285 3201 3203
f 3285 3203 3286
f 3286 3287 3283
f 3286 3283 3285
f 3286 3203 3206
f 3286 3206 3224
f 3226 3287 3286
f 3226 3286 3224
f 3273 3283 3287
f 3273 3287 3270
f 3270 3287 3226
f 3270 3226 3228
f 2897 3209 3288
f 2897 3288 3289
f 3289 3288 3198
f 3289 3198 3196
f 3288 3204 3200
f 3288 3200 3198
f 2901 3289 3196
f 2901 3196 3290
f 2901 3290 3291
f 2901 3291 2903
f 3192 3294 3291
f 3192 3291 3290
f 3305 3292 3291
f 3305 3291 3293
f 2905 2903 3291
f 2905 3291 3292
f 3295 3293 3291
f 3295 3291 3294
f 3296 3295 3294
f 3296 3294 3187
f 3293 3295 3297
f 3293 3297 3300
f 3298 3297 3295
f 3298 3295 3296
f 3359 3299 3297
f 3359 3297 3298
f 3300 3297 3299
f 3300 3299 3301
f 3305 3293 3300
f 3305 3300 3302
f 3302 3300 3301
f 3302 3301 3304
f 3336 3303 3302
f 3336 3302 3304
f 3303 3306 3305
f 3303 3305 3302
f 3292 3305 3306
f 3292 3306 3307
f 3307 3306 3308
f 3307 3308 3311
f 3309 3308 3306
f 3309 3306 3303
f 3310 3308 3309
f 3310 3309 3313
f 3311 3308 3310
f 3311 3310 2925
f 3312 3311 2925
f 3312 2925 2918
f 2908 3307 3311
f 2908 3311 3312
f 2924 3310 3313
f 2924 3313 3315
f 3315 3313 3314
f 3315 3314 3316
f 3313 3309 3335
f 3313 3335 3314
f 3317 3315 3316
f 3317 3316 3319
f 2927 2924 3315
f 2927 3315 3317
f 2929 2927 3317
f 2929 3317 3318
f 3318 3317 3319
f 3318 3319 2961
f 2962 3319 3316
f 2962 3316 3322
f 3321 2929 3318
f 3321 3318 3320
f 3320 3318 2961
f 3320 2961 2955
f 2939 3321 3320
f 2939 3320 2954
f 3322 3316 3314
f 3322 3314 3323
f 3324 3322 3323
f 3324 3323 3325
f 2964 2962 3322
f 2964 3322 3324
f 3327 3326 3324
f 3327 3324 3325
f 3324 3326 2967
f 3324 2967 2964
f 3154 2967 3326
f 3154 3326 3328
f 3328 3326 3327
f 3328 3327 3161
f 3331 3329 3327
f 3331 3327 3325
f 3161 3327 3329
f 3161 3329 3163
f 3330 3329 3331
f 3330 3331 3332
f 3163 3329 3330
f 3163 3330 3166
f 3331 3333 3334
f 3331 3334 3332
f 3325 3323 3333
f 3325 3333 3331
f 3333 3335 3336
f 3333 3336 3334
f 3323 3314 3335
f 3323 3335 3333
f 3335 3309 3303
f 3335 3303 3336
f 3334 3336 3304
f 3334 3304 3337
f 3332 3334 3337
f 3332 3337 3338
f 3338 3337 3339
f 3338 3339 3340
f 3337 3304 3301
f 3337 3301 3339
f 3340 3339 3341
f 3340 3341 3343
f 3339 3301 3299
f 3339 3299 3341
f 3343 3341 3342
f 3343 3342 3345
f 3299 3359 3342
f 3299 3342 3341
f 3343 3344 3353
f 3343 3353 3340
f 3343 3345 3347
f 3343 3347 3344
f 3346 3345 3342
f 3346 3342 3359
f 3345 3346 3348
f 3345 3348 3347
f 3348 3350 3349
f 3348 3349 3347
f 3344 3347 3349
f 3344 3349 3351
f 3172 3351 3349
f 3172 3349 3350
f 3352 3353 3344
f 3352 3344 3351
f 3170 3352 3351
f 3170 3351 3172
f 3354 3355 3353
f 3354 3353 3352
f 3165 3354 3352
f 3165 3352 3170
f 3166 3330 3355
f 3166 3355 3354
f 3353 3355 3338
f 3353 3338 3340
f 3355 3330 3332
f 3355 3332 3338
f 3172 3350 3356
f 3172 3356 3174
f 3350 3348 3357
f 3350 3357 3356
f 3356 3357 3185
f 3356 3185 3178
f 3188 3185 3357
f 3188 3357 3358
f 3357 3348 3346
f 3357 3346 3358
f 3358 3298 3296
f 3358 3296 3188
f 3346 3359 3298
f 3346 3298 3358
f 2905 3292 3307
f 2905 3307 2908
f 2853 2855 2879
f 2853 2879 2882
f 3363 3360 3361
f 3363 3361 3364
f 3361 3360 3362
f 3361 3362 3505
f 3366 3365 3363
f 3366 3363 3364
f 3367 3365 3366
f 3367 3366 3368
f 3369 3367 3368
f 3369 3368 3370
f 3371 3369 3370
f 3371 3370 3373
f 3372 3371 3373
f 3372 3373 3375
f 3370 3495 3374
f 3370 3374 3373
f 3373 3374 3377
f 3373 3377 3375
f 3378 3376 3375
f 3378 3375 3377
f 4340 3372 3375
f 4340 3375 3376
f 3374 3381 3379
f 3374 3379 3377
f 3380 3378 3377
f 3380 3377 3379
f 3380 3379 3382
f 3380 3382 3385
f 3379 3381 3383
f 3379 3383 3382
f 3383 3492 3384
f 3383 3384 3382
f 3387 3385 3382
f 3387 3382 3384
f 3386 4339 3380
f 3386 3380 3385
f 3389 3386 3385
f 3389 3385 3387
f 3391 3389 3387
f 3391 3387 3388
f 3388 3387 3384
f 3388 3384 3479
f 3386 3389 3390
f 3386 3390 3396
f 3391 3393 3390
f 3391 3390 3389
f 3469 3392 3391
f 3469 3391 3388
f 3392 3394 3393
f 3392 3393 3391
f 3394 3398 3395
f 3394 3395 3393
f 3395 3396 3390
f 3395 3390 3393
f 3396 3395 3397
f 3396 3397 4338
f 3400 3397 3395
f 3400 3395 3398
f 3471 3399 3398
f 3471 3398 3394
f 3399 3402 3400
f 3399 3400 3398
f 3402 3404 3401
f 3402 3401 3400
f 3400 3401 4336
f 3400 4336 3397
f 3404 3402 3403
f 3404 3403 3406
f 3403 3402 3399
f 3403 3399 3474
f 3404 3405 4333
f 3404 4333 3401
f 3405 3404 3406
f 3405 3406 3408
f 3406 3403 3476
f 3406 3476 3407
f 3408 3406 3407
f 3408 3407 3410
f 3409 4330 3405
f 3409 3405 3408
f 3411 3409 3408
f 3411 3408 3410
f 3415 3411 3410
f 3415 3410 3412
f 3410 3407 3413
f 3410 3413 3412
f 3412 3413 3423
f 3412 3423 3414
f 3416 3415 3412
f 3416 3412 3414
f 3417 3416 3414
f 3417 3414 3419
f 3418 3417 3419
f 3418 3419 3420
f 3422 3420 3419
f 3422 3419 3421
f 3421 3419 3414
f 3421 3414 3423
f 3426 3422 3421
f 3426 3421 3424
f 3424 3421 3423
f 3424 3423 3427
f 3426 3424 3425
f 3426 3425 4233
f 3424 3427 3429
f 3424 3429 3425
f 3413 3428 3427
f 3413 3427 3423
f 3427 3428 3430
f 3427 3430 3429
f 3430 3432 3431
f 3430 3431 3429
f 3433 3425 3429
f 3433 3429 3431
f 3432 3435 3434
f 3432 3434 3431
f 3436 3433 3431
f 3436 3431 3434
f 3438 3437 3434
f 3438 3434 3435
f 3437 3439 3436
f 3437 3436 3434
f 3442 3440 3437
f 3442 3437 3438
f 3440 3441 3439
f 3440 3439 3437
f 3444 3441 3440
f 3444 3440 3443
f 3443 3440 3442
f 3443 3442 3446
f 4267 3444 3443
f 4267 3443 3445
f 3445 3443 3446
f 3445 3446 3448
f 3446 3442 3464
f 3446 3464 3447
f 3448 3446 3447
f 3448 3447 3449
f 3451 3445 3448
f 3451 3448 3450
f 3450 3448 3449
f 3450 3449 3453
f 4265 3451 3450
f 4265 3450 3452
f 3452 3450 3453
f 3452 3453 3454
f 3453 3455 3456
f 3453 3456 3454
f 3449 3458 3455
f 3449 3455 3453
f 3455 3457 4288
f 3455 4288 3456
f 3458 3459 3457
f 3458 3457 3455
f 3449 3447 3460
f 3449 3460 3458
f 3458 3460 3461
f 3458 3461 3459
f 3460 3462 3463
f 3460 3463 3461
f 3447 3464 3462
f 3447 3462 3460
f 3463 3462 3465
f 3463 3465 3468
f 3462 3464 3466
f 3462 3466 3465
f 3465 3466 3477
f 3465 3477 3467
f 3468 3465 3467
f 3468 3467 3470
f 3463 3468 3469
f 3463 3469 3478
f 3468 3470 3392
f 3468 3392 3469
f 3471 3470 3467
f 3471 3467 3472
f 3470 3471 3394
f 3470 3394 3392
f 3399 3471 3472
f 3399 3472 3474
f 3472 3467 3477
f 3472 3477 3473
f 3474 3472 3473
f 3474 3473 3475
f 3476 3403 3474
f 3476 3474 3475
f 3475 3473 3432
f 3475 3432 3430
f 3428 3476 3475
f 3428 3475 3430
f 3407 3476 3428
f 3407 3428 3413
f 3473 3477 3435
f 3473 3435 3432
f 3466 3438 3435
f 3466 3435 3477
f 3478 3469 3388
f 3478 3388 3479
f 3478 3479 3481
f 3478 3481 3480
f 3463 3478 3480
f 3463 3480 3461
f 3480 3481 3483
f 3480 3483 3482
f 3461 3480 3482
f 3461 3482 3459
f 3482 3483 3486
f 3482 3486 3484
f 3459 3482 3484
f 3459 3484 3457
f 3457 3484 3485
f 3457 3485 4288
f 3484 3486 3487
f 3484 3487 3485
f 3486 3488 3489
f 3486 3489 3487
f 3483 3491 3488
f 3483 3488 3486
f 3488 3490 4295
f 3488 4295 3489
f 3491 3493 3490
f 3491 3490 3488
f 3491 3483 3481
f 3491 3481 3492
f 3493 3491 3492
f 3493 3492 3383
f 3494 3496 3490
f 3494 3490 3493
f 3381 3494 3493
f 3381 3493 3383
f 3495 3494 3381
f 3495 3381 3374
f 3494 3495 3498
f 3494 3498 3496
f 3496 3497 4295
f 3496 4295 3490
f 3496 3498 3499
f 3496 3499 3497
f 3498 3368 3366
f 3498 3366 3499
f 3495 3370 3368
f 3495 3368 3498
f 3497 3499 3500
f 3497 3500 3501
f 3499 3366 3364
f 3499 3364 3500
f 3500 3364 3361
f 3500 3361 3502
f 3501 3500 3502
f 3501 3502 3503
f 3502 3361 3505
f 3502 3505 3504
f 3503 3502 3504
f 3503 3504 3506
f 3504 3505 3508
f 3504 3508 3507
f 3506 3504 3507
f 3506 3507 3509
f 3508 3512 3510
f 3508 3510 3507
f 3509 3507 3510
f 3509 3510 3511
f 3514 3511 3510
f 3514 3510 3512
f 3512 3508 3551
f 3512 3551 3513
f 3514 3512 3513
f 3514 3513 3516
f 3511 3514 3515
f 3511 3515 4327
f 3515 3514 3516
f 3515 3516 3517
f 3516 3518 3519
f 3516 3519 3517
f 3516 3513 3520
f 3516 3520 3518
f 3519 3518 3521
f 3519 3521 3522
f 3518 3520 3523
f 3518 3523 3521
f 3521 3524 3527
f 3521 3527 3522
f 3521 3523 3525
f 3521 3525 3524
f 3524 3525 3538
f 3524 3538 3526
f 3524 3526 3529
f 3524 3529 3527
f 4322 3522 3527
f 4322 3527 3528
f 3528 3527 3529
f 3528 3529 3530
f 3526 3534 3531
f 3526 3531 3529
f 3530 3529 3531
f 3530 3531 3532
f 3532 3531 3533
f 3532 3533 3815
f 3531 3534 3535
f 3531 3535 3533
f 3534 3536 3537
f 3534 3537 3535
f 3526 3538 3536
f 3526 3536 3534
f 3536 3539 3541
f 3536 3541 3537
f 3538 3542 3539
f 3538 3539 3536
f 3543 3540 3539
f 3543 3539 3542
f 3539 3540 3553
f 3539 3553 3541
f 3546 3543 3542
f 3546 3542 3544
f 3525 3544 3542
f 3525 3542 3538
f 3523 3545 3544
f 3523 3544 3525
f 3547 3546 3544
f 3547 3544 3545
f 3549 3548 3547
f 3549 3547 3545
f 3550 3548 3549
f 3550 3549 3551
f 3508 3552 3550
f 3508 3550 3551
f 3362 3552 3508
f 3362 3508 3505
f 3513 3551 3549
f 3513 3549 3520
f 3520 3549 3545
f 3520 3545 3523
f 3537 3541 3554
f 3537 3554 3555
f 3553 3557 3554
f 3553 3554 3541
f 3555 3554 3556
f 3555 3556 3810
f 3554 3557 3558
f 3554 3558 3556
f 3558 3559 3560
f 3558 3560 3556
f 3559 3561 3563
f 3559 3563 3560
f 3561 3562 3565
f 3561 3565 3563
f 3808 3560 3563
f 3808 3563 3564
f 3564 3563 3565
f 3564 3565 3567
f 3562 4329 3566
f 3562 3566 3565
f 3567 3565 3566
f 3567 3566 3569
f 3804 3564 3567
f 3804 3567 3568
f 3568 3567 3569
f 3568 3569 3571
f 3569 3566 3607
f 3569 3607 3570
f 3571 3569 3570
f 3571 3570 3573
f 3568 3571 3572
f 3568 3572 3800
f 3571 3573 3575
f 3571 3575 3572
f 3573 3570 3605
f 3573 3605 3574
f 3575 3573 3574
f 3575 3574 3577
f 3576 3575 3577
f 3576 3577 3578
f 3795 3572 3575
f 3795 3575 3576
f 3578 3577 3579
f 3578 3579 3580
f 3574 3581 3579
f 3574 3579 3577
f 3580 3579 3582
f 3580 3582 3584
f 3579 3581 3583
f 3579 3583 3582
f 3583 3586 3585
f 3583 3585 3582
f 3584 3582 3585
f 3584 3585 3587
f 3588 3585 3586
f 3588 3586 3589
f 3585 3588 3590
f 3585 3590 3587
f 3591 3588 3589
f 3591 3589 3594
f 3591 3592 3590
f 3591 3590 3588
f 3593 3733 3592
f 3593 3592 3591
f 3591 3594 3595
f 3591 3595 3593
f 3598 3595 3594
f 3598 3594 3596
f 3594 3589 3599
f 3594 3599 3596
f 3597 3596 3599
f 3597 3599 3600
f 3615 3598 3596
f 3615 3596 3597
f 3586 3600 3599
f 3586 3599 3589
f 3601 3602 3597
f 3601 3597 3600
f 3583 3601 3600
f 3583 3600 3586
f 3581 3603 3601
f 3581 3601 3583
f 3603 3604 3602
f 3603 3602 3601
f 3574 3605 3603
f 3574 3603 3581
f 3605 3606 3604
f 3605 3604 3603
f 3570 3607 3606
f 3570 3606 3605
f 3608 3610 3604
f 3608 3604 3606
f 3607 3609 3608
f 3607 3608 3606
f 3604 3610 3611
f 3604 3611 3602
f 3611 3612 3597
f 3611 3597 3602
f 3612 3613 3615
f 3612 3615 3597
f 3613 3614 3616
f 3613 3616 3615
f 3616 3617 3598
f 3616 3598 3615
f 3618 3619 3617
f 3618 3617 3616
f 3616 3614 3621
f 3616 3621 3618
f 3620 3739 3619
f 3620 3619 3618
f 3621 3622 3620
f 3621 3620 3618
f 3620 3622 3623
f 3620 3623 3624
f 3623 3625 3626
f 3623 3626 3624
f 3625 3627 3628
f 3625 3628 3626
f 3627 3629 3630
f 3627 3630 3628
f 3630 3629 3631
f 3630 3631 3632
f 3631 3633 3634
f 3631 3634 3632
f 3634 3633 3635
f 3634 3635 3636
f 3635 3637 3638
f 3635 3638 3636
f 3638 3637 3639
f 3638 3639 3640
f 3639 3641 3642
f 3639 3642 3640
f 3642 3641 3643
f 3642 3643 3644
f 3643 3645 3646
f 3643 3646 3644
f 3646 3645 3647
f 3646 3647 3648
f 3647 3649 3650
f 3647 3650 3648
f 3649 3651 3653
f 3649 3653 3650
f 3651 3652 3655
f 3651 3655 3653
f 3655 3656 3654
f 3655 3654 3653
f 3653 3654 3671
f 3653 3671 3650
f 3657 3660 3656
f 3657 3656 3655
f 3652 3658 3657
f 3652 3657 3655
f 3658 4278 3659
f 3658 3659 3657
f 3659 3661 3660
f 3659 3660 3657
f 3661 3664 3662
f 3661 3662 3660
f 3660 3662 3665
f 3660 3665 3656
f 3665 3662 3663
f 3665 3663 3666
f 3662 3664 3933
f 3662 3933 3663
f 3667 3665 3666
f 3667 3666 3668
f 3656 3665 3667
f 3656 3667 3654
f 3669 3667 3668
f 3669 3668 3672
f 3654 3667 3669
f 3654 3669 3671
f 3670 3669 3672
f 3670 3672 3674
f 3671 3669 3670
f 3671 3670 3777
f 3668 3927 3673
f 3668 3673 3672
f 3672 3673 3676
f 3672 3676 3674
f 3675 3771 3670
f 3675 3670 3674
f 3674 3676 3677
f 3674 3677 3675
f 3676 3678 3681
f 3676 3681 3677
f 3673 3680 3678
f 3673 3678 3676
f 3681 3678 3679
f 3681 3679 3683
f 3680 3921 3679
f 3680 3679 3678
f 3681 3683 3685
f 3681 3685 3682
f 3677 3681 3682
f 3677 3682 3773
f 3684 3683 3679
f 3684 3679 3924
f 3684 3686 3685
f 3684 3685 3683
f 3687 3682 3685
f 3687 3685 3686
f 3687 3686 3688
f 3687 3688 3690
f 3684 3689 3688
f 3684 3688 3686
f 3693 3692 3688
f 3693 3688 3689
f 3778 3690 3688
f 3778 3688 3691
f 3695 3691 3688
f 3695 3688 3692
f 3693 3844 3694
f 3693 3694 3692
f 3692 3694 3697
f 3692 3697 3695
f 3695 3696 3780
f 3695 3780 3691
f 3697 3699 3696
f 3697 3696 3695
f 3694 3839 3698
f 3694 3698 3697
f 3698 3700 3699
f 3698 3699 3697
f 3700 3703 3701
f 3700 3701 3699
f 3699 3701 3702
f 3699 3702 3696
f 3705 3702 3701
f 3705 3701 3704
f 3704 3701 3703
f 3704 3703 3707
f 3755 3705 3704
f 3755 3704 3706
f 3706 3704 3707
f 3706 3707 3708
f 3708 3707 3709
f 3708 3709 3711
f 3707 3703 3712
f 3707 3712 3709
f 3709 3712 3714
f 3709 3714 3710
f 3711 3709 3710
f 3711 3710 3745
f 3703 3700 3713
f 3703 3713 3712
f 3712 3713 3716
f 3712 3716 3714
f 3710 3714 3715
f 3710 3715 3781
f 3714 3716 3718
f 3714 3718 3715
f 3713 3840 3717
f 3713 3717 3716
f 3716 3717 3719
f 3716 3719 3718
f 3715 3718 3720
f 3715 3720 3721
f 3718 3719 3722
f 3718 3722 3720
f 3721 3720 3723
f 3721 3723 3727
f 3722 3725 3723
f 3722 3723 3720
f 3788 3724 3723
f 3788 3723 3726
f 3729 3727 3723
f 3729 3723 3724
f 4328 3726 3723
f 4328 3723 3725
f 3728 3727 3729
f 3728 3729 3731
f 3782 3721 3727
f 3782 3727 3728
f 3784 3730 3729
f 3784 3729 3724
f 3731 3729 3730
f 3731 3730 3733
f 3734 3728 3731
f 3734 3731 3732
f 3732 3731 3733
f 3732 3733 3593
f 3733 3730 3783
f 3733 3783 3592
f 3595 3735 3732
f 3595 3732 3593
f 3732 3735 3736
f 3732 3736 3734
f 3617 3735 3595
f 3617 3595 3598
f 3619 3736 3735
f 3619 3735 3617
f 3739 3737 3736
f 3739 3736 3619
f 3736 3737 3738
f 3736 3738 3734
f 3738 3737 3740
f 3738 3740 3741
f 3742 3740 3737
f 3742 3737 3739
f 3740 3743 3745
f 3740 3745 3741
f 3746 3743 3740
f 3746 3740 3742
f 3747 3744 3743
f 3747 3743 3746
f 3745 3743 3744
f 3745 3744 3711
f 3628 3747 3746
f 3628 3746 3626
f 3626 3746 3742
f 3626 3742 3624
f 3630 3748 3747
f 3630 3747 3628
f 3748 3750 3744
f 3748 3744 3747
f 3632 3749 3748
f 3632 3748 3630
f 3749 3751 3750
f 3749 3750 3748
f 3708 3750 3751
f 3708 3751 3706
f 3744 3750 3708
f 3744 3708 3711
f 3751 3752 3755
f 3751 3755 3706
f 3753 3752 3751
f 3753 3751 3749
f 3765 3754 3752
f 3765 3752 3753
f 3755 3752 3754
f 3755 3754 3756
f 3756 3757 3705
f 3756 3705 3755
f 3758 3759 3757
f 3758 3757 3756
f 3754 3761 3758
f 3754 3758 3756
f 3760 3775 3759
f 3760 3759 3758
f 3758 3761 3762
f 3758 3762 3760
f 3764 3762 3761
f 3764 3761 3763
f 3763 3761 3754
f 3763 3754 3765
f 3638 3763 3765
f 3638 3765 3636
f 3640 3764 3763
f 3640 3763 3638
f 3636 3765 3753
f 3636 3753 3634
f 3766 3768 3762
f 3766 3762 3764
f 3642 3766 3764
f 3642 3764 3640
f 3767 3770 3768
f 3767 3768 3766
f 3644 3767 3766
f 3644 3766 3642
f 3762 3768 3769
f 3762 3769 3760
f 3769 3768 3770
f 3769 3770 3772
f 3770 3771 3675
f 3770 3675 3772
f 3776 3771 3770
f 3776 3770 3767
f 3675 3677 3773
f 3675 3773 3772
f 3772 3773 3774
f 3772 3774 3769
f 3773 3682 3687
f 3773 3687 3774
f 3769 3774 3775
f 3769 3775 3760
f 3774 3687 3690
f 3774 3690 3775
f 3775 3690 3778
f 3775 3778 3759
f 3777 3670 3771
f 3777 3771 3776
f 3646 3776 3767
f 3646 3767 3644
f 3648 3777 3776
f 3648 3776 3646
f 3650 3671 3777
f 3650 3777 3648
f 3759 3778 3779
f 3759 3779 3757
f 3778 3691 3780
f 3778 3780 3779
f 3702 3779 3780
f 3702 3780 3696
f 3757 3779 3702
f 3757 3702 3705
f 3634 3753 3749
f 3634 3749 3632
f 3745 3710 3781
f 3745 3781 3741
f 3624 3742 3739
f 3624 3739 3620
f 3741 3781 3782
f 3741 3782 3738
f 3781 3715 3721
f 3781 3721 3782
f 3738 3782 3728
f 3738 3728 3734
f 3785 3783 3730
f 3785 3730 3784
f 3787 3785 3784
f 3787 3784 3786
f 3786 3784 3724
f 3786 3724 3788
f 3789 3791 3787
f 3789 3787 3786
f 3726 3789 3786
f 3726 3786 3788
f 4328 3790 3789
f 4328 3789 3726
f 3790 3792 3791
f 3790 3791 3789
f 3792 3576 3578
f 3792 3578 3791
f 3791 3578 3580
f 3791 3580 3787
f 3794 3793 3792
f 3794 3792 3790
f 3793 3795 3576
f 3793 3576 3792
f 3797 3796 3793
f 3797 3793 3794
f 3796 3799 3795
f 3796 3795 3793
f 3823 3798 3796
f 3823 3796 3797
f 3798 3801 3799
f 3798 3799 3796
f 3799 3800 3572
f 3799 3572 3795
f 3801 3803 3800
f 3801 3800 3799
f 3818 3802 3801
f 3818 3801 3798
f 3802 3805 3803
f 3802 3803 3801
f 3807 3804 3803
f 3807 3803 3805
f 3804 3568 3800
f 3804 3800 3803
f 3816 3806 3805
f 3816 3805 3802
f 3809 3807 3805
f 3809 3805 3806
f 3809 3810 3808
f 3809 3808 3807
f 3807 3808 3564
f 3807 3564 3804
f 3812 3811 3809
f 3812 3809 3806
f 3811 3555 3810
f 3811 3810 3809
f 3535 3537 3555
f 3535 3555 3811
f 3535 3811 3812
f 3535 3812 3533
f 3815 3533 3812
f 3815 3812 3813
f 3813 3812 3806
f 3813 3806 3816
f 4317 3815 3813
f 4317 3813 3814
f 3814 3813 3816
f 3814 3816 3817
f 3817 3816 3802
f 3817 3802 3818
f 3819 3817 3818
f 3819 3818 3822
f 3820 3814 3817
f 3820 3817 3819
f 3876 3820 3819
f 3876 3819 3821
f 3821 3819 3822
f 3821 3822 3824
f 3822 3818 3798
f 3822 3798 3823
f 3824 3822 3823
f 3824 3823 3826
f 3821 3824 3825
f 3821 3825 3874
f 3825 3824 3826
f 3825 3826 3827
f 3827 3826 3828
f 3827 3828 3830
f 3826 3823 3797
f 3826 3797 3828
f 3828 3797 3794
f 3828 3794 3829
f 3828 3829 3832
f 3828 3832 3830
f 3870 3827 3830
f 3870 3830 3831
f 3830 3832 3833
f 3830 3833 3831
f 3829 4328 3725
f 3829 3725 3832
f 3832 3725 3722
f 3832 3722 3833
f 3834 3833 3722
f 3834 3722 3719
f 3835 3831 3833
f 3835 3833 3834
f 3837 3835 3834
f 3837 3834 3836
f 3836 3834 3719
f 3836 3719 3717
f 3838 3836 3717
f 3838 3717 3840
f 3841 3837 3836
f 3841 3836 3838
f 3839 3838 3840
f 3839 3840 3698
f 3843 3841 3838
f 3843 3838 3839
f 3842 3868 3837
f 3842 3837 3841
f 3845 3842 3841
f 3845 3841 3843
f 3844 3843 3839
f 3844 3839 3694
f 3847 3845 3843
f 3847 3843 3844
f 3846 3862 3842
f 3846 3842 3845
f 3848 3846 3845
f 3848 3845 3847
f 3851 3848 3847
f 3851 3847 3849
f 3849 3847 3844
f 3849 3844 3693
f 3850 3849 3693
f 3850 3693 3689
f 3852 3851 3849
f 3852 3849 3850
f 3854 3853 3851
f 3854 3851 3852
f 3853 3856 3848
f 3853 3848 3851
f 3901 3855 3853
f 3901 3853 3854
f 3855 3857 3856
f 3855 3856 3853
f 3856 3858 3846
f 3856 3846 3848
f 3857 3859 3858
f 3857 3858 3856
f 3859 3861 3860
f 3859 3860 3858
f 3858 3860 3862
f 3858 3862 3846
f 3861 3864 3863
f 3861 3863 3860
f 3860 3863 3866
f 3860 3866 3862
f 3864 3885 3865
f 3864 3865 3863
f 3863 3865 3867
f 3863 3867 3866
f 3862 3866 3868
f 3862 3868 3842
f 3866 3867 3869
f 3866 3869 3868
f 3868 3869 3835
f 3868 3835 3837
f 3869 3870 3831
f 3869 3831 3835
f 3867 3871 3870
f 3867 3870 3869
f 3871 3825 3827
f 3871 3827 3870
f 3865 3872 3871
f 3865 3871 3867
f 3874 3825 3871
f 3874 3871 3872
f 3885 3873 3872
f 3885 3872 3865
f 3875 3874 3872
f 3875 3872 3873
f 3876 3821 3874
f 3876 3874 3875
f 3873 3880 3877
f 3873 3877 3875
f 3875 3877 3879
f 3875 3879 3876
f 3880 3881 3878
f 3880 3878 3877
f 3877 3878 4311
f 3877 4311 3879
f 3881 3880 3882
f 3881 3882 3883
f 3880 3873 3885
f 3880 3885 3882
f 3883 3882 3884
f 3883 3884 3887
f 3882 3885 3864
f 3882 3864 3884
f 3889 3887 3884
f 3889 3884 3886
f 3886 3884 3864
f 3886 3864 3861
f 3888 4281 3883
f 3888 3883 3887
f 3889 3890 3888
f 3889 3888 3887
f 3891 3889 3886
f 3891 3886 3892
f 3891 3893 3890
f 3891 3890 3889
f 3892 3897 3894
f 3892 3894 3891
f 3895 3893 3891
f 3895 3891 3894
f 4037 3895 3894
f 4037 3894 3896
f 3897 3898 3896
f 3897 3896 3894
f 3859 3857 3897
f 3859 3897 3892
f 3857 3855 3898
f 3857 3898 3897
f 3901 3899 3898
f 3901 3898 3855
f 3899 3900 3896
f 3899 3896 3898
f 3902 3904 3900
f 3902 3900 3899
f 3903 3902 3899
f 3903 3899 3901
f 3903 3908 3905
f 3903 3905 3902
f 3902 3905 3906
f 3902 3906 3904
f 3905 3907 4013
f 3905 4013 3906
f 3908 3910 3907
f 3908 3907 3905
f 3908 3909 3911
f 3908 3911 3910
f 3903 3925 3909
f 3903 3909 3908
f 3912 3910 3911
f 3912 3911 3915
f 3913 3907 3910
f 3913 3910 3912
f 4015 3913 3912
f 4015 3912 3914
f 3914 3912 3915
f 3914 3915 3916
f 3915 3911 3920
f 3915 3920 3917
f 3916 3915 3917
f 3916 3917 3918
f 3918 3917 3919
f 3918 3919 3926
f 3920 3921 3919
f 3920 3919 3917
f 3920 3922 3679
f 3920 3679 3921
f 3909 3922 3920
f 3909 3920 3911
f 3923 3924 3679
f 3923 3679 3922
f 3925 3923 3922
f 3925 3922 3909
f 3923 3852 3850
f 3923 3850 3924
f 3925 3854 3852
f 3925 3852 3923
f 3903 3901 3854
f 3903 3854 3925
f 3924 3850 3689
f 3924 3689 3684
f 3680 3926 3919
f 3680 3919 3921
f 3927 3926 3680
f 3927 3680 3673
f 3928 3918 3926
f 3928 3926 3927
f 3666 3928 3927
f 3666 3927 3668
f 3929 3930 3918
f 3929 3918 3928
f 3663 3929 3928
f 3663 3928 3666
f 3931 3932 3930
f 3931 3930 3929
f 3933 3931 3929
f 3933 3929 3663
f 3934 3936 3932
f 3934 3932 3931
f 3937 3934 3931
f 3937 3931 3933
f 3935 4031 3936
f 3935 3936 3934
f 3939 3935 3934
f 3939 3934 3937
f 3933 3664 3938
f 3933 3938 3937
f 3938 3941 3939
f 3938 3939 3937
f 3940 4273 3935
f 3940 3935 3939
f 3939 3941 3943
f 3939 3943 3940
f 3945 3943 3941
f 3945 3941 3942
f 3942 3941 3938
f 3942 3938 4280
f 3943 3944 4274
f 3943 4274 3940
f 3946 3944 3943
f 3946 3943 3945
f 3950 3946 3945
f 3950 3945 3947
f 3947 3945 3942
f 3947 3942 3948
f 3948 4276 3949
f 3948 3949 3947
f 3949 3952 3950
f 3949 3950 3947
f 3953 3950 3951
f 3953 3951 3956
f 3952 4126 3951
f 3952 3951 3950
f 3950 3953 3955
f 3950 3955 3946
f 3954 4275 3955
f 3954 3955 3953
f 3954 3953 3956
f 3954 3956 3958
f 3956 3951 4123
f 3956 4123 3957
f 3958 3956 3957
f 3958 3957 3959
f 3958 3959 3962
f 3958 3962 3960
f 3963 3954 3958
f 3963 3958 3960
f 3961 3960 3962
f 3961 3962 3973
f 3965 3963 3960
f 3965 3960 3961
f 3963 3964 4275
f 3963 4275 3954
f 3963 3965 3966
f 3963 3966 3964
f 3967 3968 3966
f 3967 3966 3965
f 3967 3965 3961
f 3967 3961 3970
f 3968 3967 3969
f 3968 3969 4273
f 3970 3971 3969
f 3970 3969 3967
f 3972 3975 3971
f 3972 3971 3970
f 3970 3961 3973
f 3970 3973 3972
f 3972 3973 4129
f 3972 4129 3974
f 3972 3974 3977
f 3972 3977 3975
f 3975 3976 4023
f 3975 4023 3971
f 3975 3977 3978
f 3975 3978 3976
f 3977 3979 3981
f 3977 3981 3978
f 3974 3980 3979
f 3974 3979 3977
f 3983 3982 3979
f 3983 3979 3980
f 3982 3984 3981
f 3982 3981 3979
f 3987 3985 3982
f 3987 3982 3983
f 3985 3986 3984
f 3985 3984 3982
f 3988 3991 3986
f 3988 3986 3985
f 3989 3988 3985
f 3989 3985 3987
f 4148 3990 3988
f 4148 3988 3989
f 3990 3992 3991
f 3990 3991 3988
f 3992 3994 3993
f 3992 3993 3991
f 3991 3993 3995
f 3991 3995 3986
f 3994 3998 3996
f 3994 3996 3993
f 3993 3996 3997
f 3993 3997 3995
f 3997 3996 3999
f 3997 3999 4000
f 3996 3998 4001
f 3996 4001 3999
f 4000 3999 4002
f 4000 4002 4005
f 3999 4001 4003
f 3999 4003 4002
f 4002 4003 4056
f 4002 4056 4004
f 4005 4002 4004
f 4005 4004 4007
f 4030 4000 4005
f 4030 4005 4006
f 4005 4007 4009
f 4005 4009 4006
f 4007 4004 4272
f 4007 4272 4008
f 4007 4008 4010
f 4007 4010 4009
f 4009 4010 4013
f 4009 4013 4011
f 4006 4009 4011
f 4006 4011 4012
f 4012 4011 3913
f 4012 3913 4015
f 4011 4013 3907
f 4011 3907 3913
f 4013 4010 4032
f 4013 4032 3906
f 4014 4030 4006
f 4014 4006 4012
f 4014 4012 4015
f 4014 4015 4016
f 4016 4015 3914
f 4016 3914 4018
f 4028 4014 4016
f 4028 4016 4017
f 4017 4016 4018
f 4017 4018 4019
f 4019 4018 4020
f 4019 4020 4021
f 4018 3914 3916
f 4018 3916 4020
f 4021 4020 3930
f 4021 3930 3932
f 4020 3916 3918
f 4020 3918 3930
f 4022 4021 3932
f 4022 3932 3936
f 4024 4019 4021
f 4024 4021 4022
f 3976 4024 4022
f 3976 4022 4023
f 4023 4022 3936
f 4023 3936 4031
f 4025 4017 4019
f 4025 4019 4024
f 3978 4025 4024
f 3978 4024 3976
f 3981 4026 4025
f 3981 4025 3978
f 4026 4028 4017
f 4026 4017 4025
f 3984 4027 4026
f 3984 4026 3981
f 4027 4029 4028
f 4027 4028 4026
f 4028 4029 4030
f 4028 4030 4014
f 4029 3997 4000
f 4029 4000 4030
f 3995 3997 4029
f 3995 4029 4027
f 3986 3995 4027
f 3986 4027 3984
f 3971 4023 4031
f 3971 4031 3969
f 4273 3969 4031
f 4273 4031 3935
f 4010 4008 4033
f 4010 4033 4032
f 4032 4033 4035
f 4032 4035 4034
f 3906 4032 4034
f 3906 4034 3904
f 4036 4034 4035
f 4036 4035 4038
f 3900 3904 4034
f 3900 4034 4036
f 3896 3900 4036
f 3896 4036 4037
f 4037 4036 4038
f 4037 4038 4039
f 4040 4041 4039
f 4040 4039 4038
f 4043 4040 4038
f 4043 4038 4035
f 4042 4258 4041
f 4042 4041 4040
f 4045 4042 4040
f 4045 4040 4043
f 4033 4044 4043
f 4033 4043 4035
f 4044 4047 4045
f 4044 4045 4043
f 4042 4045 4046
f 4042 4046 4259
f 4046 4045 4047
f 4046 4047 4049
f 4272 4048 4047
f 4272 4047 4044
f 4049 4047 4048
f 4049 4048 4051
f 4220 4046 4049
f 4220 4049 4050
f 4050 4049 4051
f 4050 4051 4052
f 4051 4053 4055
f 4051 4055 4052
f 4048 4056 4053
f 4048 4053 4051
f 4056 4003 4054
f 4056 4054 4053
f 4053 4054 4057
f 4053 4057 4055
f 4004 4056 4048
f 4004 4048 4272
f 4055 4057 4061
f 4055 4061 4058
f 4052 4055 4058
f 4052 4058 4059
f 4059 4058 4060
f 4059 4060 4213
f 4058 4061 4062
f 4058 4062 4060
f 4061 4063 4065
f 4061 4065 4062
f 4057 4064 4063
f 4057 4063 4061
f 4064 4069 4066
f 4064 4066 4063
f 4063 4066 4067
f 4063 4067 4065
f 4269 4067 4066
f 4269 4066 4068
f 4068 4066 4069
f 4068 4069 4071
f 4069 4070 4073
f 4069 4073 4071
f 4271 4070 4069
f 4271 4069 4064
f 4080 4068 4071
f 4080 4071 4072
f 4071 4073 4074
f 4071 4074 4072
f 4073 3994 3992
f 4073 3992 4074
f 4070 3998 3994
f 4070 3994 4073
f 3990 4075 4074
f 3990 4074 3992
f 4075 4077 4072
f 4075 4072 4074
f 4076 4078 4077
f 4076 4077 4075
f 4148 4076 4075
f 4148 4075 3990
f 4082 4079 4077
f 4082 4077 4078
f 4079 4080 4072
f 4079 4072 4077
f 4081 4270 4080
f 4081 4080 4079
f 4084 4081 4079
f 4084 4079 4082
f 4078 4147 4083
f 4078 4083 4082
f 4082 4083 4086
f 4082 4086 4084
f 4084 4085 4162
f 4084 4162 4081
f 4084 4086 4087
f 4084 4087 4085
f 4088 4089 4087
f 4088 4087 4086
f 4083 4090 4088
f 4083 4088 4086
f 4089 4088 4091
f 4089 4091 4093
f 4094 4091 4088
f 4094 4088 4090
f 4091 4092 4156
f 4091 4156 4093
f 4094 4096 4092
f 4094 4092 4091
f 4095 4098 4096
f 4095 4096 4094
f 4146 4095 4094
f 4146 4094 4090
f 4096 4097 4152
f 4096 4152 4092
f 4098 4100 4097
f 4098 4097 4096
f 4141 4099 4098
f 4141 4098 4095
f 4099 4101 4100
f 4099 4100 4098
f 4104 4102 4100
f 4104 4100 4101
f 4100 4102 4103
f 4100 4103 4097
f 4105 4104 4101
f 4105 4101 4106
f 4107 4105 4106
f 4107 4106 4108
f 4110 4109 4107
f 4110 4107 4108
f 4111 4109 4110
f 4111 4110 4113
f 4114 4112 4111
f 4114 4111 4113
f 4113 4115 4118
f 4113 4118 4114
f 4110 4116 4115
f 4110 4115 4113
f 4116 4136 4117
f 4116 4117 4115
f 4115 4117 4119
f 4115 4119 4118
f 4121 4120 4118
f 4121 4118 4119
f 4120 4122 4114
f 4120 4114 4118
f 3959 3957 4120
f 3959 4120 4121
f 3957 4123 4122
f 3957 4122 4120
f 4124 4112 4114
f 4124 4114 4122
f 4125 4124 4122
f 4125 4122 4123
f 4126 4125 4123
f 4126 4123 3951
f 4121 4119 4128
f 4121 4128 4127
f 3959 4121 4127
f 3959 4127 3962
f 4129 4127 4128
f 4129 4128 4130
f 3973 3962 4127
f 3973 4127 4129
f 3974 4129 4130
f 3974 4130 3980
f 4131 3983 3980
f 4131 3980 4130
f 4133 4131 4130
f 4133 4130 4128
f 4132 3987 3983
f 4132 3983 4131
f 4134 4132 4131
f 4134 4131 4133
f 4117 4136 4134
f 4117 4134 4133
f 4128 4119 4117
f 4128 4117 4133
f 4132 4134 4135
f 4132 4135 4149
f 4134 4136 4137
f 4134 4137 4135
f 4136 4116 4139
f 4136 4139 4137
f 4137 4138 4142
f 4137 4142 4135
f 4137 4139 4140
f 4137 4140 4138
f 4116 4110 4108
f 4116 4108 4139
f 4139 4108 4106
f 4139 4106 4140
f 4138 4140 4099
f 4138 4099 4141
f 4140 4106 4101
f 4140 4101 4099
f 4142 4138 4141
f 4142 4141 4144
f 4143 4142 4144
f 4143 4144 4145
f 4149 4135 4142
f 4149 4142 4143
f 4145 4144 4146
f 4145 4146 4147
f 4141 4095 4146
f 4141 4146 4144
f 4147 4146 4090
f 4147 4090 4083
f 4076 4145 4147
f 4076 4147 4078
f 4148 4143 4145
f 4148 4145 4076
f 3989 4149 4143
f 3989 4143 4148
f 3987 4132 4149
f 3987 4149 3989
f 4103 4150 4152
f 4103 4152 4097
f 4152 4150 4151
f 4152 4151 4153
f 4152 4154 4156
f 4152 4156 4092
f 4154 4152 4153
f 4154 4153 4155
f 4157 4154 4155
f 4157 4155 4159
f 4157 4093 4156
f 4157 4156 4154
f 4158 4089 4093
f 4158 4093 4157
f 4158 4157 4159
f 4158 4159 4161
f 4159 4155 4171
f 4159 4171 4160
f 4159 4160 4163
f 4159 4163 4161
f 4085 4158 4161
f 4085 4161 4162
f 4162 4161 4163
f 4162 4163 4164
f 4164 4163 4165
f 4164 4165 4167
f 4163 4160 4168
f 4163 4168 4165
f 4168 4169 4166
f 4168 4166 4165
f 4167 4165 4166
f 4167 4166 4209
f 4168 4170 4172
f 4168 4172 4169
f 4160 4171 4170
f 4160 4170 4168
f 4171 4174 4173
f 4171 4173 4170
f 4170 4173 4176
f 4170 4176 4172
f 4174 4268 4175
f 4174 4175 4173
f 4175 4178 4176
f 4175 4176 4173
f 4177 4211 4172
f 4177 4172 4176
f 4176 4178 4179
f 4176 4179 4177
f 4179 4180 4182
f 4179 4182 4177
f 4182 4180 4181
f 4182 4181 4184
f 4184 4185 4183
f 4184 4183 4182
f 4182 4183 4211
f 4182 4211 4177
f 4186 4187 4185
f 4186 4185 4184
f 4181 4188 4186
f 4181 4186 4184
f 4189 4192 4187
f 4189 4187 4186
f 4186 4188 4190
f 4186 4190 4189
f 4190 4245 4191
f 4190 4191 4189
f 4191 4193 4192
f 4191 4192 4189
f 4192 4194 4195
f 4192 4195 4187
f 4193 4196 4194
f 4193 4194 4192
f 4200 4195 4194
f 4200 4194 4197
f 4194 4196 4198
f 4194 4198 4197
f 4198 4217 4199
f 4198 4199 4197
f 4197 4199 4201
f 4197 4201 4200
f 4200 4201 4205
f 4200 4205 4202
f 4203 4195 4200
f 4203 4200 4202
f 4204 4212 4203
f 4204 4203 4202
f 4202 4205 4206
f 4202 4206 4204
f 4201 4213 4060
f 4201 4060 4205
f 4205 4060 4062
f 4205 4062 4206
f 4206 4062 4065
f 4206 4065 4207
f 4204 4206 4207
f 4204 4207 4208
f 4207 4065 4067
f 4207 4067 4209
f 4208 4207 4209
f 4208 4209 4166
f 4269 4167 4209
f 4269 4209 4067
f 4210 4212 4204
f 4210 4204 4208
f 4166 4169 4210
f 4166 4210 4208
f 4183 4212 4210
f 4183 4210 4211
f 4211 4210 4169
f 4211 4169 4172
f 4185 4203 4212
f 4185 4212 4183
f 4187 4195 4203
f 4187 4203 4185
f 4199 4214 4213
f 4199 4213 4201
f 4215 4059 4213
f 4215 4213 4214
f 4219 4215 4214
f 4219 4214 4216
f 4217 4216 4214
f 4217 4214 4199
f 4249 4218 4216
f 4249 4216 4217
f 4221 4219 4216
f 4221 4216 4218
f 4220 4050 4215
f 4220 4215 4219
f 4222 4220 4219
f 4222 4219 4221
f 4225 4222 4221
f 4225 4221 4223
f 4223 4221 4218
f 4223 4218 4226
f 4228 4224 4223
f 4228 4223 4226
f 4224 4252 4225
f 4224 4225 4223
f 4227 4226 4218
f 4227 4218 4249
f 4226 4227 4230
f 4226 4230 4228
f 4228 4230 4232
f 4228 4232 4229
f 4229 4250 4224
f 4229 4224 4228
f 4227 4234 4231
f 4227 4231 4230
f 4230 4231 4233
f 4230 4233 4232
f 4229 4232 3433
f 4229 3433 3436
f 4232 4233 3425
f 4232 3425 3433
f 4235 3426 4233
f 4235 4233 4231
f 4234 4236 4235
f 4234 4235 4231
f 4236 4239 4237
f 4236 4237 4235
f 4235 4237 3422
f 4235 3422 3426
f 4237 4238 3420
f 4237 3420 3422
f 4239 4241 4238
f 4239 4238 4237
f 4239 4236 4247
f 4239 4247 4240
f 4241 4239 4240
f 4241 4240 4243
f 4241 4242 4246
f 4241 4246 4238
f 4244 4242 4241
f 4244 4241 4243
f 4243 4240 4193
f 4243 4193 4191
f 4245 4244 4243
f 4245 4243 4191
f 4246 3418 3420
f 4246 3420 4238
f 4240 4247 4196
f 4240 4196 4193
f 4196 4247 4248
f 4196 4248 4198
f 4247 4236 4234
f 4247 4234 4248
f 4234 4227 4249
f 4234 4249 4248
f 4248 4249 4217
f 4248 4217 4198
f 3439 4250 4229
f 3439 4229 3436
f 3441 4251 4250
f 3441 4250 3439
f 4250 4251 4252
f 4250 4252 4224
f 4253 4255 4252
f 4253 4252 4251
f 4253 4251 3441
f 4253 3441 3444
f 4254 4253 3444
f 4254 3444 4267
f 4254 4256 4255
f 4254 4255 4253
f 4256 4258 4257
f 4256 4257 4255
f 4255 4257 4225
f 4255 4225 4252
f 4258 4042 4259
f 4258 4259 4257
f 4257 4259 4222
f 4257 4222 4225
f 4259 4046 4220
f 4259 4220 4222
f 4256 4260 4041
f 4256 4041 4258
f 4254 4261 4260
f 4254 4260 4256
f 4261 4263 4262
f 4261 4262 4260
f 4260 4262 4039
f 4260 4039 4041
f 4039 4262 3895
f 4039 3895 4037
f 4262 4263 3893
f 4262 3893 3895
f 4261 4266 4264
f 4261 4264 4263
f 3893 4263 4264
f 3893 4264 3890
f 3890 4264 4265
f 3890 4265 3888
f 4266 3451 4265
f 4266 4265 4264
f 4254 4267 4266
f 4254 4266 4261
f 4267 3445 3451
f 4267 3451 4266
f 4265 3452 4281
f 4265 4281 3888
f 4050 4052 4059
f 4050 4059 4215
f 4151 4268 4174
f 4151 4174 4153
f 4155 4153 4174
f 4155 4174 4171
f 4270 4164 4167
f 4270 4167 4269
f 4270 4269 4068
f 4270 4068 4080
f 4081 4162 4164
f 4081 4164 4270
f 4158 4085 4087
f 4158 4087 4089
f 4001 3998 4070
f 4001 4070 4271
f 4003 4001 4271
f 4003 4271 4054
f 4054 4271 4064
f 4054 4064 4057
f 4008 4272 4044
f 4008 4044 4033
f 4274 3968 4273
f 4274 4273 3940
f 4274 3964 3966
f 4274 3966 3968
f 3964 4274 3944
f 3964 3944 4275
f 3944 3946 3955
f 3944 3955 4275
f 4277 4276 3948
f 4277 3948 4279
f 4278 4277 4279
f 4278 4279 3659
f 4279 4280 3661
f 4279 3661 3659
f 3948 3942 4280
f 3948 4280 4279
f 4280 3938 3664
f 4280 3664 3661
f 3892 3886 3861
f 3892 3861 3859
f 4281 4282 3881
f 4281 3881 3883
f 3452 3454 4282
f 3452 4282 4281
f 4283 4282 3454
f 4283 3454 3456
f 4284 3881 4282
f 4284 4282 4283
f 4286 4284 4283
f 4286 4283 4285
f 4285 4283 3456
f 4285 3456 4288
f 4287 4289 4286
f 4287 4286 4285
f 3485 4287 4285
f 3485 4285 4288
f 4290 4291 4289
f 4290 4289 4287
f 3487 4290 4287
f 3487 4287 3485
f 4290 4292 4293
f 4290 4293 4291
f 3487 3489 4292
f 3487 4292 4290
f 3489 4295 4294
f 3489 4294 4292
f 4292 4294 4296
f 4292 4296 4293
f 4295 3497 3501
f 4295 3501 4294
f 3501 3503 4296
f 3501 4296 4294
f 4293 4296 4297
f 4293 4297 4299
f 4296 3503 3506
f 4296 3506 4297
f 3506 3509 4298
f 3506 4298 4297
f 4299 4297 4298
f 4299 4298 4300
f 4291 4293 4299
f 4291 4299 4301
f 4301 4299 4300
f 4301 4300 4302
f 4302 4304 4303
f 4302 4303 4301
f 4291 4301 4303
f 4291 4303 4289
f 4286 4289 4303
f 4286 4303 4306
f 4321 4305 4303
f 4321 4303 4304
f 4307 4306 4303
f 4307 4303 4305
f 4307 4309 4308
f 4307 4308 4306
f 4286 4306 4308
f 4286 4308 4284
f 4313 4310 4308
f 4313 4308 4309
f 4311 3878 4308
f 4311 4308 4310
f 3881 4284 4308
f 3881 4308 3878
f 4311 4310 4312
f 4311 4312 3879
f 4313 4314 4312
f 4313 4312 4310
f 4313 4309 4315
f 4313 4315 4314
f 4316 4317 4312
f 4316 4312 4314
f 4316 4314 4315
f 4316 4315 4318
f 4318 3530 3532
f 4318 3532 4316
f 4316 3532 3815
f 4316 3815 4317
f 4319 4318 4315
f 4319 4315 4320
f 4319 3528 3530
f 4319 3530 4318
f 4320 4322 3528
f 4320 3528 4319
f 4321 4323 4322
f 4321 4322 4320
f 4321 4320 4315
f 4321 4315 4305
f 4323 3519 3522
f 4323 3522 4322
f 4324 3517 3519
f 4324 3519 4323
f 4304 4324 4323
f 4304 4323 4321
f 4325 3515 3517
f 4325 3517 4324
f 4302 4325 4324
f 4302 4324 4304
f 4302 4300 4326
f 4302 4326 4325
f 3515 4325 4326
f 3515 4326 4327
f 4298 4327 4326
f 4298 4326 4300
f 3509 3511 4327
f 3509 4327 4298
f 3814 3820 4312
f 3814 4312 4317
f 4307 4305 4315
f 4307 4315 4309
f 3876 3879 4312
f 3876 4312 3820
f 3700 3698 3840
f 3700 3840 3713
f 3829 3794 3790
f 3829 3790 4328
f 3810 3556 3560
f 3810 3560 3808
f 3787 3580 3584
f 3787 3584 3785
f 3785 3584 3587
f 3785 3587 3783
f 3783 3587 3590
f 3783 3590 3592
f 4329 3609 3607
f 4329 3607 3566
f 3492 3481 3479
f 3492 3479 3384
f 3464 3442 3438
f 3464 3438 3466
f 3405 4330 4331
f 3405 4331 4333
f 4331 4332 4334
f 4331 4334 4333
f 3401 4333 4334
f 3401 4334 4336
f 4335 4334 3376
f 4335 3376 3378
f 4334 4335 4337
f 4334 4337 4336
f 4334 4332 4340
f 4334 4340 3376
f 3397 4336 4337
f 3397 4337 4338
f 4339 4338 4337
f 4339 4337 4335
f 3386 3396 4338
f 3386 4338 4339
f 4339 4335 3378
f 4339 3378 3380
f 4341 4342 4404
f 4341 4404 4343
f 4345 4344 4341
f 4345 4341 4343
f 4348 4346 4344
f 4348 4344 4345
f 4346 4348 4349
f 4346 4349 4347
f 4349 4350 4352
f 4349 4352 4347
f 4353 4352 4350
f 4353 4350 4351
f 4353 4351 4356
f 4353 4356 4354
f 4354 4356 4357
f 4354 4357 4355
f 4358 4360 4355
f 4358 4355 4357
f 4361 4360 4358
f 4361 4358 4359
f 4362 4361 4359
f 4362 4359 4364
f 4363 4362 4364
f 4363 4364 4365
f 4366 4368 4363
f 4366 4363 4365
f 4367 4369 4368
f 4367 4368 4366
f 4372 4370 4369
f 4372 4369 4367
f 4373 4371 4370
f 4373 4370 4372
f 4374 4376 4371
f 4374 4371 4373
f 4375 4377 4376
f 4375 4376 4374
f 4380 4378 4377
f 4380 4377 4375
f 4378 4380 4381
f 4378 4381 4379
f 4379 4381 4382
f 4379 4382 4383
f 4383 4382 4384
f 4383 4384 4386
f 4386 4384 4385
f 4386 4385 4387
f 4387 4385 4390
f 4387 4390 4388
f 4390 4391 4389
f 4390 4389 4388
f 4391 4392 4394
f 4391 4394 4389
f 4394 4392 4393
f 4394 4393 4395
f 4396 4395 4393
f 4396 4393 4398
f 4396 4398 4399
f 4396 4399 4397
f 4397 4399 4400
f 4397 4400 4402
f 4402 4400 4401
f 4402 4401 4403
f 4404 4342 4403
f 4404 4403 4401
f 4406 4453 4407
f 4406 4407 4405
f 4405 4407 4409
f 4405 4409 4408
f 4408 4409 4411
f 4408 4411 4410
f 4410 4411 4413
f 4410 4413 4412
f 4412 4413 4415
f 4412 4415 4414
f 4414 4415 4417
f 4414 4417 4416
f 4416 4417 4420
f 4416 4420 4418
f 4418 4420 4421
f 4418 4421 4419
f 4420 4422 4425
f 4420 4425 4421
f 4417 4424 4422
f 4417 4422 4420
f 4422 4423 4426
f 4422 4426 4425
f 4424 4472 4423
f 4424 4423 4422
f 4425 4426 4430
f 4425 4430 4427
f 4421 4425 4427
f 4421 4427 4429
f 4429 4427 4428
f 4429 4428 4440
f 4427 4430 4432
f 4427 4432 4428
f 4426 4473 4431
f 4426 4431 4430
f 4430 4431 4433
f 4430 4433 4432
f 4432 4433 4435
f 4432 4435 4434
f 4428 4432 4434
f 4428 4434 4437
f 4483 4436 4434
f 4483 4434 4435
f 4436 4438 4437
f 4436 4437 4434
f 4439 4437 4438
f 4439 4438 4442
f 4440 4428 4437
f 4440 4437 4439
f 4484 4440 4439
f 4484 4439 4441
f 4441 4439 4442
f 4441 4442 4443
f 4442 4438 4446
f 4442 4446 4444
f 4443 4442 4444
f 4443 4444 4445
f 4445 4444 4447
f 4445 4447 4448
f 4444 4446 4449
f 4444 4449 4447
f 4448 4447 4450
f 4448 4450 4452
f 4447 4449 4451
f 4447 4451 4450
f 4450 4451 4454
f 4450 4454 4453
f 4452 4450 4453
f 4452 4453 4406
f 4453 4454 4456
f 4453 4456 4407
f 4455 4454 4451
f 4455 4451 4478
f 4457 4456 4454
f 4457 4454 4455
f 4459 4458 4456
f 4459 4456 4457
f 4407 4456 4458
f 4407 4458 4409
f 4409 4458 4460
f 4409 4460 4411
f 4461 4460 4458
f 4461 4458 4459
f 4464 4462 4460
f 4464 4460 4461
f 4411 4460 4462
f 4411 4462 4413
f 4413 4462 4463
f 4413 4463 4415
f 4465 4463 4462
f 4465 4462 4464
f 4469 4465 4464
f 4469 4464 4466
f 4466 4464 4461
f 4466 4461 4468
f 4468 4474 4467
f 4468 4467 4466
f 4469 4466 4467
f 4469 4467 4470
f 4465 4469 4470
f 4465 4470 4472
f 4471 4470 4467
f 4471 4467 4473
f 4472 4470 4471
f 4472 4471 4423
f 4463 4465 4472
f 4463 4472 4424
f 4423 4471 4473
f 4423 4473 4426
f 4431 4473 4467
f 4431 4467 4433
f 4468 4461 4459
f 4468 4459 4474
f 4475 4476 4467
f 4475 4467 4474
f 4474 4459 4457
f 4474 4457 4475
f 4475 4457 4455
f 4475 4455 4476
f 4477 4479 4467
f 4477 4467 4476
f 4476 4455 4478
f 4476 4478 4477
f 4477 4478 4481
f 4477 4481 4479
f 4480 4483 4467
f 4480 4467 4479
f 4479 4481 4482
f 4479 4482 4480
f 4478 4451 4449
f 4478 4449 4481
f 4481 4449 4446
f 4481 4446 4482
f 4480 4482 4436
f 4480 4436 4483
f 4482 4446 4438
f 4482 4438 4436
f 4435 4433 4467
f 4435 4467 4483
f 4415 4463 4424
f 4415 4424 4417
f 4485 4429 4440
f 4485 4440 4484
f 4419 4421 4429
f 4419 4429 4485
f 4487 4563 4488
f 4487 4488 4486
f 4486 4488 4490
f 4486 4490 4489
f 4489 4490 4492
f 4489 4492 4491
f 4491 4492 4494
f 4491 4494 4493
f 4493 4494 4496
f 4493 4496 4495
f 4495 4496 4498
f 4495 4498 4497
f 4497 4498 4500
f 4497 4500 4499
f 4499 4500 4502
f 4499 4502 4501
f 4501 4502 4504
f 4501 4504 4503
f 4503 4504 4506
f 4503 4506 4505
f 4505 4506 4508
f 4505 4508 4507
f 4507 4508 4510
f 4507 4510 4509
f 4509 4510 4513
f 4509 4513 4511
f 4511 4513 4514
f 4511 4514 4512
f 4510 4516 4515
f 4510 4515 4513
f 4513 4515 4517
f 4513 4517 4514
f 4518 4515 4516
f 4518 4516 4519
f 4515 4518 4521
f 4515 4521 4517
f 4520 4518 4519
f 4520 4519 4561
f 4518 4520 4523
f 4518 4523 4521
f 4521 4523 4525
f 4521 4525 4522
f 4517 4521 4522
f 4517 4522 4564
f 4520 4561 4524
f 4520 4524 4523
f 4525 4523 4524
f 4525 4524 4526
f 4522 4525 4526
f 4522 4526 4528
f 4527 4526 4524
f 4527 4524 4562
f 4528 4526 4527
f 4528 4527 4530
f 4564 4522 4528
f 4564 4528 4529
f 4529 4528 4530
f 4529 4530 4532
f 4530 4527 4562
f 4530 4562 4531
f 4532 4530 4531
f 4532 4531 4533
f 4563 4529 4532
f 4563 4532 4488
f 4488 4532 4533
f 4488 4533 4490
f 4490 4533 4534
f 4490 4534 4492
f 4533 4531 4536
f 4533 4536 4534
f 4492 4534 4535
f 4492 4535 4494
f 4534 4536 4538
f 4534 4538 4535
f 4536 4537 4539
f 4536 4539 4538
f 4531 4562 4537
f 4531 4537 4536
f 4538 4539 4542
f 4538 4542 4540
f 4535 4538 4540
f 4535 4540 4541
f 4541 4540 4543
f 4541 4543 4544
f 4540 4542 4545
f 4540 4545 4543
f 4544 4543 4546
f 4544 4546 4547
f 4543 4545 4548
f 4543 4548 4546
f 4549 4552 4547
f 4549 4547 4546
f 4551 4549 4546
f 4551 4546 4548
f 4550 4553 4552
f 4550 4552 4549
f 4559 4550 4549
f 4559 4549 4551
f 4500 4547 4552
f 4500 4552 4502
f 4502 4552 4553
f 4502 4553 4504
f 4504 4553 4554
f 4504 4554 4506
f 4556 4554 4553
f 4556 4553 4550
f 4506 4554 4555
f 4506 4555 4508
f 4557 4555 4554
f 4557 4554 4556
f 4560 4557 4556
f 4560 4556 4558
f 4558 4556 4550
f 4558 4550 4559
f 4559 4551 4524
f 4559 4524 4558
f 4560 4558 4524
f 4560 4524 4561
f 4561 4519 4557
f 4561 4557 4560
f 4519 4516 4555
f 4519 4555 4557
f 4508 4555 4516
f 4508 4516 4510
f 4548 4545 4524
f 4548 4524 4551
f 4498 4544 4547
f 4498 4547 4500
f 4542 4539 4524
f 4542 4524 4545
f 4496 4541 4544
f 4496 4544 4498
f 4494 4535 4541
f 4494 4541 4496
f 4537 4562 4524
f 4537 4524 4539
f 4565 4564 4529
f 4565 4529 4563
f 4514 4517 4564
f 4514 4564 4565
f 4566 4565 4563
f 4566 4563 4487
f 4512 4514 4565
f 4512 4565 4566
